WP_055960999.1	iYO844.BSU27010	55.0	340	153	0	8	347	10	349	3.59e-134	385
WP_055960999.1	iEK1008.Rv3045	51.2	344	168	0	4	347	3	346	3.81e-123	357
WP_055961014.1	iEK1008.Rv2236c	53.7	300	136	1	5	304	10	306	3.85e-94	281
WP_055961035.1	iEK1008.Rv2849c	71.5	207	56	1	1	204	1	207	1.00e-112	320
WP_055961054.1	iJN1463.PP_4828	60.0	210	80	2	9	218	3	208	1.86e-74	223
WP_055961054.1	iEK1008.Rv2065	52.9	210	95	2	9	218	3	208	8.17e-66	201
WP_055961058.1	iEK1008.Rv2064	40.7	280	153	5	13	292	7	273	6.00e-49	166
WP_055961131.1	iCN718.ABAYE_RS01085	31.3	275	180	5	7	275	3	274	7.61e-32	119
WP_055961131.1	iCN718.ABAYE_RS13105	31.6	288	173	8	7	277	3	283	1.73e-31	118
WP_055961131.1	iLJ478.TM1724	33.2	229	145	4	8	236	3	223	1.14e-29	112
WP_055961131.1	iAF987.Gmet_1531	36.1	191	119	3	8	198	4	191	3.32e-29	111
WP_055961150.1	iEK1008.Rv3628	67.1	158	52	0	1	158	1	158	1.51e-77	227
WP_055961161.1	iJN1463.PP_2008	31.9	345	211	11	15	355	24	348	3.86e-34	134
WP_055961164.1	iEK1008.Rv3141	57.3	321	131	4	1	317	1	319	2.75e-112	328
WP_055961191.1	iML1515.b2472	27.1	225	126	8	3	220	4	197	4.00e-07	51.6
WP_055961191.1	iSbBS512_1146.SbBS512_E2843	27.1	225	126	8	3	220	4	197	4.00e-07	51.6
WP_055961191.1	iSDY_1059.SDY_2656	27.1	225	126	8	3	220	4	197	4.00e-07	51.6
WP_055961191.1	iSF_1195.SF2514	27.1	225	126	8	3	220	4	197	4.00e-07	51.6
WP_055961191.1	iSSON_1240.SSON_2552	26.7	225	127	8	3	220	4	197	9.36e-07	50.4
WP_055961191.1	STM_v1_0.STM2483	26.1	161	101	4	3	163	4	146	1.65e-06	49.7
WP_055961191.1	iYL1228.KPN_02805	26.1	161	101	4	3	163	4	146	2.19e-06	49.3
WP_055961191.1	iJN1463.PP_1525	30.8	182	103	10	1	177	7	170	9.12e-06	47.4
WP_055961195.1	iEK1008.Rv0254c	54.1	181	75	4	1	180	1	174	7.10e-52	163
WP_055961225.1	iJN1463.PP_5066	35.1	481	285	8	1	466	18	486	1.37e-65	222
WP_055961381.1	STM_v1_0.STM3560	50.0	232	114	2	1	230	5	236	2.24e-70	214
WP_055961381.1	iSbBS512_1146.SbBS512_E3868	48.9	233	115	2	1	230	9	240	8.30e-69	211
WP_055961381.1	iSSON_1240.SSON_3692	48.9	233	115	2	1	230	9	240	8.30e-69	211
WP_055961381.1	iML1515.b3454	48.9	233	115	2	1	230	5	236	1.04e-68	210
WP_055961381.1	iSF_1195.SF3472	48.9	233	115	2	1	230	5	236	1.47e-68	210
WP_055961381.1	iLJ478.TM1139	44.6	233	126	1	1	230	5	237	1.57e-68	210
WP_055961381.1	iYL1228.KPN_03816	48.9	233	115	2	1	230	5	236	2.95e-68	209
WP_055961381.1	iSDY_1059.SDY_3603	48.5	233	116	2	1	230	9	240	9.51e-68	208
WP_055961381.1	iPC815.YPO3804	47.4	232	120	1	1	230	1	232	4.23e-67	206
WP_055961381.1	iAF987.Gmet_1819	46.6	238	119	3	1	230	1	238	5.28e-66	204
WP_055961381.1	iJN1463.PP_4863	46.6	232	122	1	1	230	5	236	3.23e-65	201
WP_055961381.1	iJN1463.PP_1137	47.0	232	121	1	1	230	1	232	5.54e-65	201
WP_055961384.1	iJN1463.PP_1138	43.7	254	141	2	1	252	1	254	3.48e-69	214
WP_055961384.1	iAF987.Gmet_1820	41.4	249	145	1	5	252	1	249	2.73e-67	209
WP_055961384.1	iLJ478.TM1138	40.4	270	140	3	5	253	11	280	4.36e-66	207
WP_055961384.1	iYL1228.KPN_03817	40.9	254	148	2	1	252	1	254	3.30e-64	201
WP_055961384.1	iSSON_1240.SSON_3693	40.6	254	149	2	1	252	1	254	1.87e-63	199
WP_055961384.1	iML1515.b3455	40.6	254	149	2	1	252	1	254	2.64e-63	199
WP_055961384.1	iSbBS512_1146.SbBS512_E3867	40.6	254	149	2	1	252	1	254	2.64e-63	199
WP_055961384.1	iSF_1195.SF3473	40.6	254	149	2	1	252	1	254	2.64e-63	199
WP_055961384.1	STM_v1_0.STM3561	40.6	254	149	2	1	252	1	254	7.48e-63	197
WP_055961384.1	iSDY_1059.SDY_3604	40.2	254	150	2	1	252	1	254	7.48e-63	197
WP_055961384.1	iPC815.YPO3805	41.6	250	144	2	5	252	6	255	1.20e-61	194
WP_055961483.1	iCN718.ABAYE_RS09965	33.3	192	123	2	7	193	3	194	1.00e-18	83.6
WP_055961483.1	iYL1228.KPN_01091	29.8	188	131	1	9	195	3	190	5.18e-18	81.3
WP_055961483.1	iYL1228.KPN_02546	32.3	186	125	1	10	194	6	191	2.47e-17	79.3
WP_055961483.1	STM_v1_0.STM1195	29.0	193	136	1	9	200	3	195	2.56e-17	79.3
WP_055961483.1	iML1515.b1093	28.0	193	138	1	9	200	3	195	6.64e-17	78.2
WP_055961483.1	iSbBS512_1146.SbBS512_E2231	28.0	193	138	1	9	200	3	195	6.64e-17	78.2
WP_055961483.1	iSF_1195.SF1097	28.0	193	138	1	9	200	3	195	6.64e-17	78.2
WP_055961483.1	iSSON_1240.SSON_1113	28.0	193	138	1	9	200	3	195	6.64e-17	78.2
WP_055961483.1	iJN1463.PP_2214	30.6	216	133	4	12	214	6	217	1.08e-16	77.8
WP_055961483.1	iCN900.CD630_11820	28.6	234	154	4	10	231	5	237	1.35e-16	77.4
WP_055961483.1	iSDY_1059.SDY_2057	28.0	193	138	1	9	200	3	195	1.25e-16	77.4
WP_055961483.1	iCN900.CD630_26790	30.8	195	129	3	12	201	5	198	3.98e-16	76.3
WP_055961483.1	iPC815.YPO1599	29.8	188	131	1	9	195	3	190	3.24e-16	76.3
WP_055961508.1	iAF987.Gmet_2619	40.2	488	256	11	10	465	11	494	1.11e-99	308
WP_055961508.1	iSynCJ816.SGL_RS06375	37.6	489	274	9	10	469	21	507	4.96e-90	283
WP_055961508.1	iEK1008.Rv1121	37.6	463	263	8	12	466	11	455	4.20e-90	281
WP_055961508.1	iJN1463.PP_5351	39.0	485	260	12	10	467	9	484	2.20e-88	278
WP_055961557.1	iML1515.b2374	24.7	441	256	13	7	400	5	416	1.24e-15	77.8
WP_055961557.1	iSDY_1059.SDY_2572	24.7	441	256	13	7	400	5	416	1.24e-15	77.8
WP_055961557.1	iSF_1195.SF2441	24.7	441	256	13	7	400	5	416	1.24e-15	77.8
WP_055961557.1	iSSON_1240.SSON_2465	24.7	441	256	13	7	400	5	416	1.24e-15	77.8
WP_055961557.1	iSbBS512_1146.SbBS512_E2743	24.5	441	257	13	7	400	5	416	2.98e-15	76.6
WP_055961557.1	iML1515.b2371	23.8	344	240	7	12	347	15	344	1.11e-13	71.6
WP_055961589.1	iEK1008.Rv3274c	31.4	376	248	6	3	369	13	387	1.67e-56	189
WP_055961589.1	iCN900.CD630_10540	30.0	363	246	4	12	366	11	373	2.89e-54	183
WP_055961589.1	iAT_PLT_636.35	34.2	363	231	4	12	366	41	403	3.51e-53	181
WP_055961589.1	iYO844.BSU37170	32.1	377	248	4	1	369	1	377	2.25e-53	181
WP_055961589.1	iYO844.BSU24150	30.7	375	252	5	5	371	3	377	4.43e-53	180
WP_055961589.1	iJN1463.PP_4064	32.3	378	248	4	1	370	6	383	5.37e-53	180
WP_055961589.1	iCHOv1.100774097	33.0	358	232	4	20	369	49	406	3.91e-51	176
WP_055961589.1	iMM1415.11409	33.0	355	230	4	20	366	49	403	3.91e-51	176
WP_055961589.1	iCHOv1.100759847	30.8	386	244	6	5	375	41	418	1.87e-50	174
WP_055961589.1	iAT_PLT_636.36	31.8	374	246	5	4	369	56	428	8.82e-50	172
WP_055961589.1	iYO844.BSU18260	30.6	379	252	5	1	369	1	378	5.44e-50	172
WP_055961589.1	iJN1463.PP_2216	30.8	370	248	4	8	369	6	375	4.84e-50	172
WP_055961589.1	iAF987.Gmet_3307	31.3	380	242	8	3	369	2	375	1.49e-49	171
WP_055961666.1	iML1515.b3697	25.3	273	178	5	6	260	4	268	1.96e-19	84.7
WP_055961666.1	iML1515.b3826	26.8	261	182	5	6	258	3	262	3.39e-18	81.3
WP_055961666.1	iSbBS512_1146.SbBS512_E4293	27.1	262	180	6	6	258	3	262	6.47e-18	80.5
WP_055961666.1	iSDY_1059.SDY_3917	27.1	262	180	6	6	258	3	262	6.47e-18	80.5
WP_055961666.1	iSF_1195.SF3904	26.7	262	181	6	6	258	3	262	8.93e-18	80.1
WP_055961666.1	iSSON_1240.SSON_4000	26.7	262	181	6	6	258	3	262	1.60e-16	76.6
WP_055961676.1	iAF987.Gmet_1819	47.8	245	115	4	1	238	1	239	1.03e-65	204
WP_055961676.1	iLJ478.TM1139	46.5	230	116	2	10	237	13	237	1.61e-65	203
WP_055961676.1	iML1515.b3454	50.7	221	103	2	18	237	21	236	1.97e-63	198
WP_055961676.1	iSSON_1240.SSON_3692	50.7	221	103	2	18	237	25	240	2.22e-63	198
WP_055961676.1	iSF_1195.SF3472	50.7	221	103	2	18	237	21	236	5.57e-63	197
WP_055961676.1	iSbBS512_1146.SbBS512_E3868	50.2	221	104	2	18	237	25	240	1.26e-62	196
WP_055961676.1	iJN1463.PP_1137	48.5	239	114	4	1	237	1	232	1.40e-62	196
WP_055961676.1	iSDY_1059.SDY_3603	50.2	221	104	2	18	237	25	240	2.53e-62	195
WP_055961676.1	STM_v1_0.STM3560	50.2	221	104	2	18	237	21	236	4.48e-62	194
WP_055961676.1	iYL1228.KPN_03816	49.8	221	105	2	18	237	21	236	6.34e-62	194
WP_055961676.1	iPC815.YPO3804	50.2	221	104	3	18	237	17	232	9.02e-61	191
WP_055961716.1	iEK1008.Rv0046c	79.8	361	68	1	4	364	12	367	1.83e-207	573
WP_055961757.1	iCN718.ABAYE_RS14125	44.6	294	157	3	17	305	10	302	9.39e-69	220
WP_055961757.1	iCHOv1.100689202	39.1	304	179	5	9	307	50	352	4.01e-61	201
WP_055961757.1	iMM1415.14660	39.1	304	179	5	9	307	233	535	1.09e-59	201
WP_055961757.1	iAT_PLT_636.2744	39.1	304	179	5	9	307	228	530	2.42e-59	200
WP_055961775.1	iEK1008.Rv1001	56.8	398	163	4	5	396	6	400	1.84e-144	416
WP_055961851.1	iJN1463.PP_3740	32.0	169	110	3	47	213	35	200	3.05e-10	62.0
WP_055962090.1	iSynCJ816.SGL_RS08610	31.8	66	44	1	92	156	31	96	2.17e-04	40.0
WP_055962097.1	iAF987.Gmet_0928	31.0	448	254	15	66	485	179	599	3.59e-35	138
WP_055962097.1	iJN1463.PP_4807	34.1	399	211	16	119	487	231	607	4.23e-33	132
WP_055962119.1	iNF517.LLMG_RS03890	24.5	184	129	3	50	230	47	223	4.72e-05	43.1
WP_055962119.1	iYS854.USA300HOU_RS07520	25.0	172	115	4	56	223	55	216	6.21e-05	42.7
WP_055962119.1	iSynCJ816.SGL_RS03195	28.6	199	121	7	13	204	18	202	6.12e-05	42.7
WP_055962119.1	iML1515.b1519	35.6	104	56	5	56	159	37	129	3.81e-04	40.4
WP_055962119.1	iSbBS512_1146.SbBS512_E1690	35.6	104	56	5	56	159	28	120	3.68e-04	40.4
WP_055962125.1	iEK1008.Rv2936	45.3	309	164	2	4	307	7	315	9.87e-82	250
WP_055962143.1	iAF987.Gmet_1601	32.7	196	117	5	1	193	1	184	3.61e-17	78.6
WP_055962143.1	iCN718.ABAYE_RS14190	27.9	197	124	5	3	193	7	191	2.30e-14	70.9
WP_055962150.1	iYS854.USA300HOU_RS06130	26.4	276	188	6	6	275	9	275	2.27e-18	85.1
WP_055962254.1	iJN1463.PP_2125	34.5	238	145	4	70	305	74	302	1.82e-26	105
WP_055962254.1	iYS854.USA300HOU_RS10305	29.8	238	161	3	57	290	47	282	3.86e-26	105
WP_055962254.1	iEK1008.Rv2252	33.3	261	160	8	50	303	54	307	3.17e-23	97.1
WP_055962392.1	iML1515.b3001	54.1	364	140	5	18	375	3	345	7.15e-128	370
WP_055962392.1	iSF_1195.SF3047	54.1	364	140	5	18	375	3	345	1.01e-127	370
WP_055962392.1	iSSON_1240.SSON_3145	53.8	364	141	5	18	375	3	345	4.09e-127	369
WP_055962392.1	iSbBS512_1146.SbBS512_E3430	53.6	364	142	5	18	375	3	345	2.34e-126	367
WP_055962392.1	iYL1228.KPN_02741	53.8	333	132	3	28	358	1	313	9.02e-117	341
WP_055962458.1	iLB1027_lipid.PHATRDRAFT_39949	34.8	92	47	3	122	200	170	261	1.77e-04	42.0
WP_055962495.1	iEK1008.Rv2259	75.1	362	89	1	1	362	1	361	1.75e-195	542
WP_055962578.1	iEK1008.Rv1076	34.6	240	140	6	141	371	66	297	4.53e-32	123
WP_055962578.1	iEK1008.Rv3487c	33.2	241	148	6	141	374	16	250	2.69e-29	115
WP_055962602.1	iEK1008.Rv0971c	49.6	240	113	2	14	247	18	255	8.43e-56	179
WP_055962632.1	iAF987.Gmet_0069	34.7	147	87	4	3	143	5	148	1.39e-20	87.8
WP_055962638.1	iMM1415.11431	33.3	144	91	3	12	154	13	152	1.91e-19	79.7
WP_055962664.1	iML1515.b2789	21.2	378	259	8	18	361	36	408	6.48e-11	63.5
WP_055962664.1	iSbBS512_1146.SbBS512_E3084	21.2	378	259	8	18	361	26	398	6.32e-11	63.5
WP_055962664.1	STM_v1_0.STM2962	20.6	378	261	8	18	361	36	408	2.03e-10	62.0
WP_055962664.1	iSSON_1240.SSON_2946	20.9	378	260	8	18	361	36	408	2.68e-10	61.6
WP_055962664.1	iYL1228.KPN_03132	21.2	378	259	8	18	361	36	408	4.73e-10	60.8
WP_055962664.1	iJN1463.PP_3600	21.1	394	266	7	18	381	28	406	8.41e-10	60.1
WP_055962664.1	iSF_1195.SF4387	27.9	165	116	1	8	169	45	209	1.96e-09	58.9
WP_055962664.1	iHN637.CLJU_RS06685	20.9	358	268	7	18	362	41	396	2.50e-09	58.5
WP_055962664.1	iML1515.b4356	27.9	165	116	1	8	169	45	209	2.61e-09	58.5
WP_055962731.1	iML1515.b2165	46.1	297	158	1	5	299	11	307	4.88e-80	244
WP_055962763.1	iYS854.USA300HOU_RS05365	30.6	180	111	5	23	198	11	180	9.43e-14	66.6
WP_055962769.1	iJN1463.PP_4817	52.3	132	59	3	16	144	14	144	8.98e-38	125
WP_055962772.1	iJN1463.PP_2437	57.7	404	166	3	1	404	6	404	7.41e-167	473
WP_055962772.1	iCHOv1.100763073	56.2	402	170	4	3	402	372	769	5.14e-152	448
WP_055962772.1	iEK1008.Rv0154c	57.1	387	160	3	15	401	11	391	1.21e-155	444
WP_055962772.1	iMM1415.102632	54.3	407	180	4	3	407	372	774	1.83e-149	442
WP_055962777.1	iYL1228.KPN_02546	29.6	233	142	7	3	231	5	219	1.02e-12	65.9
WP_055962777.1	iAF987.Gmet_1601	31.5	200	123	5	1	195	1	191	8.15e-11	60.5
WP_055962777.1	iLJ478.TM1724	27.9	201	133	5	1	197	1	193	8.15e-11	60.5
WP_055962777.1	iYL1228.KPN_01091	26.5	234	153	6	1	230	1	219	2.01e-10	59.3
WP_055962914.1	iEK1008.Rv3498c	31.5	333	221	3	2	330	10	339	1.27e-48	166
WP_055962918.1	iEK1008.Rv3497c	36.9	314	196	2	9	321	4	316	2.52e-61	199
WP_055962922.1	iEK1008.Rv3496c	32.8	308	200	2	3	308	15	317	8.64e-38	139
WP_055962953.1	iEK1008.Rv0468	53.9	282	130	0	3	284	5	286	9.81e-98	288
WP_055962959.1	iEK1008.Rv3106	40.4	463	254	11	3	454	2	453	1.26e-92	287
WP_055962968.1	iEK1008.Rv2936	37.2	223	131	5	7	220	8	230	1.31e-37	135
WP_055962968.1	iYO844.BSU02750	36.9	222	128	5	6	215	1	222	1.57e-35	127
WP_055963076.1	iEK1008.Rv3560c	37.6	343	199	8	48	385	47	379	8.60e-61	200
WP_055963076.1	iEK1008.Rv1934c	34.8	394	239	9	8	385	8	399	2.39e-59	197
WP_055963076.1	iEK1008.Rv3504	31.9	408	242	11	1	385	1	395	8.59e-57	190
WP_055963076.1	iEK1008.Rv3573c	35.0	360	212	8	30	385	368	709	3.66e-51	181
WP_055963076.1	iEK1008.Rv3543c	33.2	394	230	9	1	379	1	376	2.96e-53	181
WP_055963153.1	iEK1008.Rv3709c	66.1	425	140	2	1	425	1	421	8.87e-189	530
WP_055963181.1	iAF987.Gmet_1671	29.0	556	340	13	78	628	44	549	1.01e-46	176
WP_055963181.1	iJN1463.PP_4683	28.4	560	342	16	88	630	156	673	9.60e-46	174
WP_055963209.1	STM_v1_0.STM1511	38.7	248	145	4	16	257	2	248	3.13e-44	149
WP_055963209.1	iYL1228.KPN_01590	38.5	247	145	5	16	256	2	247	1.27e-43	147
WP_055963209.1	iJN1463.PP_4862	39.9	238	133	5	19	248	7	242	2.05e-43	147
WP_055963209.1	iSF_1195.SF1556	37.7	247	147	5	16	256	2	247	2.13e-41	142
WP_055963209.1	iSbBS512_1146.SbBS512_E1701	37.7	247	147	5	16	256	2	247	4.22e-41	141
WP_055963209.1	iSDY_1059.SDY_1586	37.7	247	147	5	16	256	2	247	4.22e-41	141
WP_055963209.1	iML1515.b1539	37.7	247	147	5	16	256	2	247	5.95e-41	140
WP_055963209.1	iSSON_1240.SSON_1589	37.7	247	147	5	16	256	2	247	5.95e-41	140
WP_055963209.1	iMM904.YMR226C	36.4	261	151	6	9	256	8	266	1.37e-40	140
WP_055963234.1	iAF987.Gmet_0043	25.4	232	159	4	148	369	40	267	1.98e-14	74.3
WP_055963259.1	iSSON_1240.SSON_0711	57.3	337	142	2	1	336	1	336	1.46e-142	406
WP_055963259.1	iML1515.b0759	57.3	337	142	2	1	336	1	336	2.08e-142	405
WP_055963259.1	iSbBS512_1146.SbBS512_E0680	57.3	337	142	2	1	336	1	336	2.08e-142	405
WP_055963259.1	STM_v1_0.STM0776	57.9	337	140	2	1	336	1	336	2.95e-142	405
WP_055963259.1	iYO844.BSU38860	59.1	337	135	3	1	336	1	335	6.14e-142	404
WP_055963259.1	iSF_1195.SF0545	57.0	337	143	2	1	336	1	336	1.19e-141	404
WP_055963259.1	iSDY_1059.SDY_0706	57.0	337	143	2	1	336	1	336	1.69e-141	403
WP_055963259.1	iYL1228.KPN_00773	56.4	337	145	2	1	336	1	336	5.59e-140	399
WP_055963259.1	iPC815.YPO1139	57.0	337	143	2	1	336	1	336	2.62e-138	395
WP_055963259.1	iCN900.CD630_27140	53.8	338	153	3	1	337	1	336	9.83e-131	376
WP_055963259.1	iCHOv1.100759306	55.5	344	145	3	2	338	20	362	2.84e-129	373
WP_055963259.1	iMM1415.74246	55.2	344	146	3	2	338	3	345	2.26e-129	373
WP_055963279.1	iJN1463.PP_2765	59.1	359	142	2	5	363	2	355	4.15e-156	443
WP_055963281.1	iEK1008.Rv3567c	34.4	128	82	1	14	139	11	138	4.15e-19	79.3
WP_055963307.1	iJN1463.PP_4288	36.2	127	72	2	16	138	7	128	2.20e-13	64.7
WP_055963307.1	iSbBS512_1146.SbBS512_E0439	36.2	127	73	3	17	140	7	128	1.42e-11	59.7
WP_055963307.1	iSDY_1059.SDY_0397	36.2	127	73	3	17	140	7	128	1.42e-11	59.7
WP_055963307.1	iSF_1195.SF0444	36.2	127	73	3	17	140	7	128	1.42e-11	59.7
WP_055963307.1	iCN718.ABAYE_RS01170	33.9	127	77	4	16	138	9	132	2.23e-11	59.3
WP_055963307.1	iML1515.b0505	36.2	127	73	3	17	140	7	128	3.81e-11	58.5
WP_055963331.1	iEK1008.Rv2988c	60.7	458	175	3	4	457	10	466	4.45e-194	547
WP_055963331.1	iPC815.YPO0531	57.6	467	194	2	4	467	10	475	1.24e-189	536
WP_055963331.1	STM_v1_0.STM0111	57.7	466	193	2	1	463	1	465	1.01e-188	533
WP_055963331.1	iYL1228.KPN_00078	56.9	466	197	2	1	463	1	465	3.33e-187	530
WP_055963331.1	iSSON_1240.SSON_0079	56.7	466	198	2	1	463	1	465	1.35e-186	528
WP_055963331.1	iML1515.b0072	56.7	466	198	2	1	463	1	465	1.91e-186	528
WP_055963331.1	iSbBS512_1146.SbBS512_E0066	56.7	466	198	2	1	463	1	465	1.91e-186	528
WP_055963331.1	iSDY_1059.SDY_0099	56.7	466	198	2	1	463	1	465	3.84e-186	527
WP_055963331.1	iSF_1195.SF0067	56.4	466	199	2	1	463	1	465	1.55e-185	525
WP_055963331.1	iJN1463.PP_1985	55.1	474	204	4	4	469	5	477	1.62e-180	513
WP_055963331.1	iCN718.ABAYE_RS16700	55.8	468	195	6	4	461	5	470	7.83e-180	511
WP_055963331.1	iYO844.BSU28260	54.1	471	211	3	1	468	2	470	4.49e-179	509
WP_055963334.1	iJN1463.PP_3515	35.6	686	421	11	4	676	6	683	8.83e-116	362
WP_055963337.1	iJN1463.PP_3941	46.1	204	107	2	7	207	9	212	3.29e-59	184
WP_055963350.1	iPC815.YPO2499	29.3	317	203	6	28	334	22	327	6.80e-27	108
WP_055963350.1	iML1515.b4086	29.2	291	205	1	44	334	34	323	8.80e-27	107
WP_055963350.1	iYL1228.KPN_04155	31.5	295	195	4	39	329	23	314	1.12e-26	107
WP_055963350.1	iYO844.BSU35950	30.1	306	197	5	34	331	20	316	3.00e-26	106
WP_055963350.1	iML1515.b1514	31.6	291	195	4	39	329	14	300	1.08e-25	105
WP_055963350.1	iML1515.b3750	31.5	295	195	4	39	329	23	314	1.48e-25	104
WP_055963350.1	iHN637.CLJU_RS00625	30.4	313	204	6	31	338	17	320	2.11e-25	103
WP_055963350.1	iSF_1195.SF1584	31.6	291	195	4	39	329	14	300	5.35e-25	103
WP_055963350.1	iPC815.YPO0411	31.3	262	177	3	39	300	14	272	1.15e-24	102
WP_055963350.1	iYL1228.KPN_03932	26.1	380	220	4	20	338	13	392	1.26e-23	100
WP_055963350.1	STM_v1_0.STM3883	29.5	295	201	4	39	329	23	314	2.50e-23	98.2
WP_055963377.1	iSynCJ816.SGL_RS16150	38.5	309	182	4	12	319	11	312	6.19e-66	210
WP_055963422.1	iYO844.BSU35950	37.5	296	182	3	27	321	21	314	2.03e-45	157
WP_055963422.1	iLJ478.TM0112	34.0	312	201	4	23	332	8	316	4.96e-45	155
WP_055963422.1	iYL1228.KPN_04155	32.6	301	198	4	24	321	16	314	5.84e-44	153
WP_055963422.1	iCN900.CD630_15880	32.3	303	202	3	28	330	13	312	7.26e-44	152
WP_055963422.1	STM_v1_0.STM3883	34.2	301	193	4	24	321	16	314	8.19e-44	152
WP_055963422.1	iML1515.b3750	32.2	301	199	4	24	321	16	314	4.44e-43	150
WP_055963422.1	iHN637.CLJU_RS00625	34.7	311	189	4	27	332	21	322	3.53e-42	148
WP_055963422.1	iPC815.YPO2499	32.2	311	205	4	22	329	23	330	4.60e-40	143
WP_055963431.1	iYO844.BSU15910	37.4	243	146	4	8	245	5	246	1.19e-40	140
WP_055963431.1	iYL1228.KPN_01091	37.1	237	147	2	7	242	5	240	5.33e-38	133
WP_055963431.1	iAF987.Gmet_1601	39.7	242	141	3	5	242	3	243	1.56e-37	132
WP_055963431.1	iEK1008.Rv1928c	36.3	245	147	6	5	242	9	251	2.13e-36	129
WP_055963431.1	iML1515.b1093	36.3	237	149	2	7	242	5	240	6.34e-36	127
WP_055963431.1	iSbBS512_1146.SbBS512_E2231	36.3	237	149	2	7	242	5	240	6.34e-36	127
WP_055963431.1	iSF_1195.SF1097	36.3	237	149	2	7	242	5	240	6.34e-36	127
WP_055963431.1	iSSON_1240.SSON_1113	36.3	237	149	2	7	242	5	240	6.34e-36	127
WP_055963431.1	iLJ478.TM1724	36.0	250	145	5	5	245	3	246	9.37e-36	127
WP_055963431.1	STM_v1_0.STM1195	35.9	237	150	2	7	242	5	240	1.25e-35	127
WP_055963431.1	iSDY_1059.SDY_2057	36.3	237	149	2	7	242	5	240	1.25e-35	127
WP_055963431.1	iNF517.LLMG_RS08950	35.7	238	147	4	8	242	6	240	2.41e-35	126
WP_055963452.1	iEK1008.Rv0134	35.0	100	64	1	5	103	23	122	2.91e-09	56.2
WP_055963452.1	iAF987.Gmet_0843	24.9	265	181	8	5	260	12	267	3.73e-08	52.8
WP_055963452.1	iJN1463.PP_1380	36.6	82	52	0	11	92	17	98	6.45e-08	52.0
WP_055963467.1	iJN1463.PP_5273	30.4	427	264	14	28	436	10	421	2.11e-33	130
WP_055963467.1	iJN1463.PP_3146	33.1	396	233	16	28	407	9	388	7.60e-33	129
WP_055963467.1	iJN1463.PP_4020	31.7	397	214	17	41	410	25	391	1.37e-29	119
WP_055963473.1	iEK1008.Rv3032	31.0	439	240	19	1	420	1	395	1.61e-24	104
WP_055963473.1	iEK1008.Rv1212c	31.1	334	196	11	100	415	65	382	2.61e-23	100
WP_055963476.1	iSynCJ816.SGL_RS15350	33.3	108	59	3	16	119	74	172	5.80e-08	52.0
WP_055963476.1	iMM904.YML008C	26.6	139	86	3	18	155	124	247	1.30e-07	51.2
WP_055963476.1	iLB1027_lipid.PHATRDRAFT_20470	29.5	112	62	4	16	121	86	186	2.06e-07	50.4
WP_055963476.1	iJN1463.PP_1765	33.3	102	61	2	16	117	50	144	3.45e-07	49.3
WP_055963476.1	iSynCJ816.SGL_RS11800	30.5	164	93	6	15	167	95	248	9.05e-07	48.5
WP_055963551.1	iEK1008.Rv2006	34.3	213	120	7	20	221	280	483	2.25e-16	78.6
WP_055963597.1	iCHOv1.100768126	27.3	333	152	9	9	260	30	353	1.03e-20	90.5
WP_055963597.1	iMM1415.56720	25.0	328	166	7	9	260	29	352	1.39e-20	90.1
WP_055963600.1	iCN718.ABAYE_RS12290	36.4	291	173	4	5	287	231	517	8.53e-43	153
WP_055963658.1	iEK1008.Rv1731	50.7	479	235	1	26	503	26	504	1.50e-157	458
WP_055963707.1	iAF692.Mbar_A3203	26.3	327	197	9	2	287	3	326	1.19e-20	91.7
WP_055963773.1	iJN1463.PP_3073	39.9	188	110	2	7	192	3	189	5.55e-28	107
WP_055963773.1	iLJ478.TM1724	35.6	225	133	3	6	218	2	226	2.38e-27	105
WP_055963773.1	iSynCJ816.SGL_RS12965	33.0	230	142	2	7	227	3	229	4.50e-26	102
WP_055963773.1	iYL1228.KPN_02061	35.6	188	117	2	13	196	6	193	3.11e-25	100
WP_055963773.1	iCHOv1.100769825	40.2	189	105	4	7	193	5	187	9.19e-25	99.0
WP_055963773.1	iHN637.CLJU_RS17225	34.9	192	121	1	7	194	6	197	3.91e-24	97.4
WP_055963789.1	iML1515.b1008	40.0	185	110	1	15	199	9	192	5.66e-41	137
WP_055963789.1	iSDY_1059.SDY_0983	39.5	185	111	1	15	199	9	192	1.60e-40	136
WP_055963789.1	iSF_1195.SF1011	39.5	185	111	1	15	199	9	192	1.60e-40	136
WP_055963789.1	iSSON_1240.SSON_1026	39.5	185	111	1	15	199	9	192	6.38e-40	134
WP_055963798.1	iEK1008.Rv3758c	52.0	294	116	1	1	269	1	294	1.45e-93	280
WP_055963801.1	iEK1008.Rv3759c	44.0	293	159	3	12	300	18	309	1.42e-68	215
WP_055963831.1	iYS854.USA300HOU_RS03410	46.9	96	49	2	3	96	11	106	1.20e-14	65.1
WP_055963838.1	iYO844.BSU31630	39.5	438	255	4	1	435	1	431	2.40e-92	290
WP_055963841.1	iYO844.BSU31620	42.6	101	51	3	9	102	3	103	1.46e-16	70.1
WP_055963852.1	iEK1008.Rv3609c	71.0	183	52	1	4	185	17	199	1.47e-84	248
WP_055963858.1	iEK1008.Rv3607c	46.6	118	63	0	8	125	3	120	2.62e-31	107
WP_055963884.1	iEK1008.Rv3601c	76.2	122	29	0	1	122	1	122	2.00e-59	180
WP_055963888.1	iAF987.Gmet_1986	42.0	257	142	4	3	257	2	253	2.55e-65	203
WP_055963888.1	iCN900.CD630_35550	43.2	257	140	4	3	257	2	254	3.72e-65	203
WP_055963888.1	iHN637.CLJU_RS20455	42.6	258	143	4	3	257	2	257	8.45e-62	194
WP_055963909.1	iCN900.CD630_20200	43.8	877	405	9	3	809	4	862	2.66e-235	681
WP_055963945.1	iYO844.BSU33370	50.0	44	22	0	9	52	8	51	2.80e-07	44.7
WP_055963945.1	iCN900.CD630_08680	43.5	46	26	0	8	53	7	52	9.87e-07	43.1
WP_055963949.1	iEK1008.Rv0501	41.3	315	176	3	3	311	24	335	3.47e-74	233
WP_055963961.1	iEK1008.Rv0505c	61.1	234	91	0	36	269	116	349	1.04e-93	281
WP_055963966.1	iAF987.Gmet_3233	32.4	426	276	6	1	421	1	419	1.40e-62	208
WP_055963969.1	iEK1008.Rv0510	60.0	305	115	3	14	313	2	304	1.11e-107	316
WP_055963977.1	iEK1008.Rv0524	63.1	445	140	4	7	432	18	457	1.60e-178	507
WP_055963980.1	iEK1008.Rv2228c	28.8	163	113	3	9	168	169	331	6.94e-11	60.5
WP_055963980.1	STM_v1_0.STM4585	26.3	194	109	7	7	181	4	182	8.78e-10	56.2
WP_055963980.1	iSbBS512_1146.SbBS512_E4944	26.9	193	109	8	7	181	4	182	8.78e-10	56.2
WP_055964010.1	iEK1008.Rv0534c	55.9	290	127	1	7	296	2	290	1.71e-92	275
WP_055964017.1	iLB1027_lipid.PHATRDRAFT_42659	26.1	222	118	9	1	192	42	247	1.97e-09	55.8
WP_055964025.1	iJN1463.PP_5011	43.1	232	123	3	8	230	25	256	1.11e-56	180
WP_055964025.1	iCN718.ABAYE_RS17020	43.5	232	122	4	7	229	83	314	1.16e-55	179
WP_055964025.1	iPC815.YPO3781	42.0	226	122	3	13	229	25	250	1.57e-52	169
WP_055964025.1	iYL1228.KPN_04329	40.7	226	125	3	13	229	25	250	6.27e-52	168
WP_055964025.1	iML1515.b3833	40.7	226	125	3	13	229	25	250	8.86e-52	167
WP_055964025.1	iSbBS512_1146.SbBS512_E4305	40.7	226	125	3	13	229	25	250	8.86e-52	167
WP_055964025.1	iSDY_1059.SDY_3910	40.7	226	125	3	13	229	25	250	8.86e-52	167
WP_055964025.1	iSF_1195.SF3911	40.7	226	125	3	13	229	25	250	8.86e-52	167
WP_055964025.1	iSSON_1240.SSON_4008	40.7	226	125	3	13	229	25	250	8.86e-52	167
WP_055964025.1	STM_v1_0.STM3970	39.8	226	127	3	13	229	25	250	2.50e-51	166
WP_055964037.1	iEK1008.Rv3145	53.5	127	50	1	1	118	1	127	7.05e-41	131
WP_055964040.1	iEK1008.Rv3146	76.6	184	43	0	1	184	1	184	1.48e-99	285
WP_055964060.1	iEK1008.Rv3153	69.3	176	52	1	2	177	18	191	9.70e-75	223
WP_055964098.1	iCN718.ABAYE_RS14345	73.0	304	81	1	1	303	1	304	1.30e-159	447
WP_055964104.1	iYO844.BSU35960	26.5	219	145	8	69	279	39	249	1.43e-06	48.9
WP_055964133.1	iSSON_1240.SSON_1696	55.0	340	141	2	7	342	2	333	1.84e-117	342
WP_055964133.1	iML1515.b1441	55.0	340	141	2	7	342	2	333	2.61e-117	342
WP_055964133.1	iYL1228.KPN_01927	55.0	340	141	3	7	342	2	333	2.61e-117	342
WP_055964133.1	iJN1463.PP_1484	54.7	338	145	2	9	342	4	337	3.66e-116	339
WP_055964133.1	iSDY_1059.SDY_1733	54.1	340	144	2	7	342	2	333	3.45e-115	337
WP_055964136.1	iML1515.b1440	42.1	363	191	5	39	391	26	379	2.56e-93	284
WP_055964136.1	iSDY_1059.SDY_1734	42.1	363	191	5	39	391	26	379	2.56e-93	284
WP_055964136.1	iSSON_1240.SSON_1697	42.1	363	191	5	39	391	26	379	2.56e-93	284
WP_055964136.1	iYL1228.KPN_01928	39.8	362	199	6	40	391	27	379	3.29e-85	263
WP_055964139.1	iML1515.b1443	53.5	245	111	3	20	263	19	261	5.50e-74	226
WP_055964139.1	iYL1228.KPN_01925	53.8	234	105	3	20	252	19	250	1.77e-73	225
WP_055964139.1	iSSON_1240.SSON_1694	52.7	245	113	3	20	263	19	261	1.01e-71	220
WP_055964152.1	iEK1008.Rv0482	50.4	355	154	6	3	341	21	369	6.71e-91	276
WP_055964179.1	iAF987.Gmet_0069	33.9	124	76	3	5	123	1	123	1.85e-11	62.4
WP_055964208.1	iEK1008.Rv3500c	48.1	268	139	0	9	276	13	280	1.94e-83	251
WP_055964211.1	iEK1008.Rv3499c	31.0	290	200	0	8	297	6	295	3.74e-35	135
WP_055964213.1	iEK1008.Rv3498c	29.9	324	224	2	11	334	11	331	9.27e-45	157
WP_055964215.1	iEK1008.Rv3497c	35.0	306	196	1	5	310	10	312	5.98e-57	187
WP_055964224.1	iEK1008.Rv3494c	31.8	324	198	6	1	323	1	302	4.84e-34	132
WP_055964252.1	iAT_PLT_636.137872	42.0	440	238	8	6	439	39	467	3.25e-103	314
WP_055964264.1	iSynCJ816.SGL_RS10925	70.5	404	107	5	1	397	1	399	9.50e-202	561
WP_055964348.1	iMM1415.15368	37.8	217	123	5	1	205	1	217	5.11e-35	125
WP_055964348.1	iCHOv1.100756872	38.0	205	117	4	11	205	14	218	5.63e-34	122
WP_055964348.1	iLB1027_lipid.PHATRDRAFT_12588	38.5	205	116	4	11	205	1	205	1.32e-32	116
WP_055964348.1	iAT_PLT_636.3162	35.5	217	128	5	1	205	1	217	9.29e-31	114
WP_055964416.1	iJN1463.PP_1380	27.2	254	171	9	91	343	20	260	1.36e-10	60.8
WP_055964416.1	iJN1463.PP_0553	26.9	249	137	11	96	330	135	352	4.55e-10	60.1
WP_055964450.1	iEK1008.Rv0458	75.5	507	124	0	1	507	1	507	8.21e-286	783
WP_055964450.1	iCN718.ABAYE_RS07685	69.2	504	152	1	4	507	3	503	2.32e-256	708
WP_055964492.1	iEK1008.Rv0270	40.1	534	307	6	2	526	28	557	3.73e-128	385
WP_055964492.1	iEK1008.Rv1427c	40.3	523	299	5	11	526	13	529	3.47e-128	384
WP_055964509.1	iML1515.b1400	45.5	143	78	0	7	149	7	149	1.04e-17	76.3
WP_055964509.1	iJN1463.PP_3285	33.1	154	103	0	7	160	7	160	4.40e-16	72.0
WP_055964513.1	iEK1008.Rv0884c	63.4	369	134	1	1	369	9	376	5.89e-164	463
WP_055964527.1	iML1515.b2918	48.2	282	145	1	14	294	17	298	5.15e-76	236
WP_055964527.1	iCHOv1.100772148	42.2	329	179	3	4	321	88	416	1.97e-70	224
WP_055964527.1	iMM1415.109136	42.8	332	173	4	4	321	83	411	2.44e-70	224
WP_055964555.1	iEK1008.Rv2443	65.4	434	148	1	3	434	11	444	3.53e-188	532
WP_055964559.1	iCN900.CD630_34910	31.4	299	199	3	5	299	1	297	6.83e-49	164
WP_055964634.1	iCHOv1.100757665	34.9	166	95	4	10	164	6	169	7.07e-25	94.0
WP_055964634.1	iMM1415.69215	31.6	187	94	4	10	163	6	191	1.07e-22	89.0
WP_055964668.1	iEK1008.Rv1082	54.3	289	124	3	4	289	3	286	1.12e-105	308
WP_055964688.1	iEK1008.Rv1086	49.4	255	124	4	3	253	8	261	3.97e-83	249
WP_055964729.1	iEK1008.Rv1099c	65.8	325	111	0	9	333	27	351	1.54e-149	424
WP_055964732.1	iEK1008.Rv1857	48.1	243	123	2	15	254	19	261	7.57e-65	202
WP_055964735.1	iAF692.Mbar_A1305	34.3	67	44	0	59	125	285	351	5.89e-05	40.8
WP_055964747.1	iEK1008.Rv1110	69.8	305	92	0	16	320	28	332	2.45e-145	412
WP_055964773.1	iJN1463.PP_4893	45.2	62	34	0	4	65	200	261	2.28e-07	52.0
WP_055964773.1	iML1515.b4173	41.9	62	36	0	4	65	199	260	2.18e-06	48.9
WP_055964802.1	iYO844.BSU19350	29.0	259	167	6	12	264	42	289	1.06e-24	100
WP_055964802.1	iLB1027_lipid.PHATRDRAFT_3046	27.5	265	184	3	14	274	42	302	2.33e-22	94.4
WP_055964831.1	iJN1463.PP_1625	50.7	73	36	0	1	73	1	73	1.86e-26	94.0
WP_055964833.1	iSynCJ816.SGL_RS13490	29.1	381	245	8	5	365	11	386	3.28e-45	159
WP_055964846.1	iEK1008.Rv2780	64.7	371	131	0	1	371	1	371	3.56e-167	471
WP_055964857.1	iYO844.BSU04360	24.9	329	201	14	14	316	17	325	5.91e-08	54.3
WP_055964857.1	iEK1008.Rv0924c	24.0	391	256	14	22	397	26	390	5.67e-07	51.2
WP_055964857.1	iHN637.CLJU_RS16930	20.7	309	218	10	32	324	40	337	1.01e-06	50.4
WP_055964865.1	iEK1008.Rv3302c	59.0	561	222	2	6	566	19	571	1.33e-219	621
WP_055964877.1	iML1515.b0624	33.3	117	72	3	34	148	4	116	4.70e-09	52.0
WP_055964887.1	iYO844.BSU23960	27.4	248	130	5	5	236	1	214	3.12e-18	84.0
WP_055964887.1	iJN1463.PP_4150	23.9	503	276	16	16	476	19	456	4.56e-17	84.0
WP_055964887.1	iCN900.CD630_07520	27.8	248	129	6	5	236	1	214	4.23e-18	83.6
WP_055964887.1	iLJ478.TM0115	21.7	558	307	17	5	516	14	487	1.02e-16	82.8
WP_055964887.1	iJN1463.PP_0240	30.7	238	108	5	6	233	17	207	2.38e-17	82.0
WP_055964887.1	iJN1463.PP_2416	32.6	230	108	9	20	236	26	221	6.99e-17	80.5
WP_055964887.1	iYO844.BSU02860	28.0	250	134	9	5	240	3	220	5.51e-17	80.1
WP_055964887.1	iYL1228.KPN_00969	33.6	238	101	9	6	233	12	202	8.70e-17	80.1
WP_055964887.1	iYO844.BSU27430	27.2	268	145	6	5	256	1	234	9.11e-17	79.7
WP_055964887.1	iYL1228.KPN_04424	29.1	244	125	5	6	236	4	212	1.10e-15	78.6
WP_055964887.1	iYL1228.KPN_00838	28.2	248	128	6	5	236	1	214	2.18e-16	78.6
WP_055964887.1	iSynCJ816.SGL_RS17160	28.9	242	124	6	8	236	5	211	1.30e-15	78.2
WP_055964887.1	iAF987.Gmet_0492	30.0	213	122	4	323	512	5	213	5.22e-16	77.8
WP_055964887.1	iNF517.LLMG_RS09720	27.1	247	130	5	6	236	7	219	4.50e-16	77.8
WP_055964887.1	STM_v1_0.STM0828	28.6	248	127	6	5	236	1	214	4.00e-16	77.8
WP_055964887.1	iPC815.YPO3012	29.1	244	129	7	6	236	3	215	1.87e-15	77.8
WP_055964887.1	iPC815.YPO2060	29.4	221	112	5	5	221	4	184	4.89e-16	77.8
WP_055964887.1	STM_v1_0.STM4230	28.6	245	125	5	6	236	4	212	2.62e-15	77.4
WP_055964887.1	iEK1008.Rv2397c	30.1	246	124	7	4	236	3	213	3.02e-15	77.0
WP_055964887.1	iSDY_1059.SDY_0787	28.2	248	128	6	5	236	1	214	9.90e-16	76.6
WP_055964887.1	iAF987.Gmet_1903	30.5	249	119	8	6	236	3	215	5.04e-15	76.3
WP_055964887.1	iSSON_1240.SSON_2511	24.9	245	138	4	6	236	3	215	6.07e-15	76.3
WP_055964887.1	iPC815.YPO1332	30.9	204	122	6	314	501	10	210	6.64e-15	76.3
WP_055964887.1	iML1515.b4035	27.8	248	123	6	6	236	4	212	8.49e-15	75.9
WP_055964887.1	iML1515.b0809	28.2	248	128	6	5	236	1	214	1.81e-15	75.9
WP_055964887.1	iSbBS512_1146.SbBS512_E2539	28.2	248	128	6	5	236	1	214	1.81e-15	75.9
WP_055964887.1	iSF_1195.SF4170	27.8	248	123	6	6	236	4	212	8.49e-15	75.9
WP_055964887.1	iSSON_1240.SSON_4213	27.8	248	123	6	6	236	4	212	8.49e-15	75.9
WP_055964887.1	iSSON_1240.SSON_0789	28.2	248	128	6	5	236	1	214	1.81e-15	75.9
WP_055964893.1	iAF692.Mbar_A2079	43.5	46	26	0	20	65	12	57	1.30e-04	38.1
WP_055964906.1	iEK1008.Rv1074c	73.4	406	106	2	1	405	1	405	1.97e-202	563
WP_055964921.1	iEK1008.Rv3761c	43.9	353	165	10	5	341	8	343	5.65e-80	247
WP_055964958.1	iEK1008.Rv0267	45.7	506	210	8	19	516	12	460	8.58e-133	393
WP_055964976.1	iHN637.CLJU_RS16810	31.6	225	139	5	41	255	19	238	7.97e-15	73.6
WP_055964976.1	iLJ478.TM0583	28.8	226	152	4	41	259	13	236	3.53e-14	71.6
WP_055964980.1	iCHOv1.100763471	33.2	307	191	4	7	313	51	343	7.65e-48	165
WP_055964980.1	iMM1415.67883	33.2	307	191	4	7	313	90	382	1.78e-47	165
WP_055964980.1	iAF987.Gmet_1431	33.7	306	190	4	7	312	2	294	1.73e-46	159
WP_055964980.1	iSynCJ816.SGL_RS09825	30.7	319	207	4	7	325	2	306	2.19e-46	159
WP_055964980.1	iJN1463.PP_0501	38.5	265	151	5	9	269	7	263	3.88e-43	150
WP_055965020.1	iYO844.BSU39720	25.9	263	182	5	14	266	11	270	1.51e-19	86.3
WP_055965040.1	iLJ478.TM0114	26.5	260	171	7	35	282	32	283	2.21e-14	72.4
WP_055965043.1	iLJ478.TM0955	28.5	344	212	5	12	341	8	331	2.72e-32	122
WP_055965043.1	iLJ478.TM0112	29.8	322	204	5	25	341	12	316	4.02e-31	119
WP_055965043.1	iSbBS512_1146.SbBS512_E4853	28.1	299	203	5	30	326	12	300	1.38e-30	118
WP_055965043.1	iML1515.b4231	29.3	266	178	4	62	326	45	301	5.19e-30	116
WP_055965043.1	iSSON_1240.SSON_4412	29.3	266	178	4	62	326	37	293	4.49e-30	116
WP_055965043.1	iYL1228.KPN_04625	29.2	267	177	5	62	326	45	301	3.66e-28	111
WP_055965069.1	iAF987.Gmet_1601	33.2	244	154	3	4	246	3	238	3.64e-29	110
WP_055965069.1	iLJ478.TM1724	31.6	250	158	4	3	249	2	241	1.40e-28	108
WP_055965069.1	iCN718.ABAYE_RS09965	30.2	252	169	3	4	249	5	255	2.71e-28	108
WP_055965069.1	iEK1008.Rv1483	32.4	244	147	4	6	249	15	240	2.29e-25	100
WP_055965069.1	iEK1008.Rv1350	32.0	244	158	3	4	247	5	240	3.19e-25	99.8
WP_055965069.1	iYS854.USA300HOU_RS06185	31.8	239	153	4	10	246	6	236	3.00e-25	99.8
WP_055965075.1	iAT_PLT_636.4905	36.8	106	58	5	117	216	256	358	6.53e-06	48.1
WP_055965075.1	iMM1415.18195	36.8	106	58	5	117	216	256	358	6.53e-06	48.1
WP_055965088.1	iEK1008.Rv2447c	50.1	455	206	4	7	440	29	483	6.61e-133	391
WP_055965104.1	iEK1008.Rv1236	51.1	278	133	1	26	303	21	295	2.23e-88	266
WP_055965112.1	iEK1008.Rv2445c	57.5	134	56	1	1	133	1	134	6.16e-48	150
WP_055965112.1	iAF692.Mbar_A3385	55.4	130	58	0	3	132	2	131	8.16e-44	140
WP_055965143.1	iML1515.b4173	27.9	201	110	8	151	343	186	359	2.34e-06	49.7
WP_055965209.1	iMM1415.94181	39.0	282	155	6	8	279	10	284	2.11e-58	190
WP_055965209.1	iCHOv1.100767837	38.8	278	154	5	12	279	13	284	3.27e-57	187
WP_055965218.1	iEK1008.Rv3782	30.4	194	113	5	12	194	9	191	1.74e-08	54.7
WP_055965224.1	iYO844.BSU31100	36.0	417	262	3	13	429	16	427	3.64e-75	241
WP_055965227.1	iYS854.USA300HOU_RS05420	38.3	201	121	3	14	212	6	205	2.46e-42	142
WP_055965227.1	iCN900.CD630_06970	38.2	207	127	1	14	219	5	211	1.06e-41	140
WP_055965227.1	iYO844.BSU31090	33.5	212	140	1	10	220	6	217	1.29e-39	135
WP_055965227.1	iYO844.BSU14510	33.8	207	136	1	15	220	7	213	1.40e-38	132
WP_055965236.1	iCN718.ABAYE_RS10950	31.7	145	94	2	26	166	29	172	1.55e-21	86.3
WP_055965263.1	iEK1008.Rv0684	24.6	499	238	12	16	394	8	488	1.33e-25	111
WP_055965263.1	iSynCJ816.SGL_RS17200	25.3	495	226	16	22	394	9	481	2.82e-23	104
WP_055965263.1	iSynCJ816.SGL_RS10930	26.2	493	223	15	21	394	10	480	3.54e-22	100
WP_055965272.1	iEK1008.Rv2187	36.3	598	357	10	19	609	17	597	1.32e-114	354
WP_055965297.1	iML1515.b1103	41.8	110	59	3	4	109	3	111	1.50e-24	89.7
WP_055965307.1	iPC815.YPO2871	27.2	103	65	3	217	316	105	200	6.55e-04	41.6
WP_055965315.1	iAF987.Gmet_2729	42.0	81	47	0	2	82	5	85	1.05e-15	65.5
WP_055965315.1	iML1515.b0968	43.4	76	42	1	8	82	10	85	1.18e-14	62.8
WP_055965315.1	iSDY_1059.SDY_0943	43.4	76	42	1	8	82	10	85	1.18e-14	62.8
WP_055965315.1	iSSON_1240.SSON_0973	43.4	76	42	1	8	82	10	85	1.18e-14	62.8
WP_055965315.1	iSbBS512_1146.SbBS512_E2346	42.9	77	42	1	8	84	10	84	1.67e-14	62.4
WP_055965315.1	iSF_1195.SF0969	42.1	76	43	1	8	82	10	85	1.67e-14	62.4
WP_055965337.1	iAF692.Mbar_A1776	24.8	214	129	7	87	283	123	321	5.66e-04	41.2
WP_055965348.1	iCN900.CD630_07980	24.1	410	265	9	4	406	2	372	3.82e-17	82.8
WP_055965372.1	iEK1008.Rv2361c	67.0	230	76	0	35	264	67	296	8.15e-113	326
WP_055965380.1	STM_v1_0.STM1101	39.7	209	122	2	55	259	218	426	3.30e-45	156
WP_055965380.1	iYL1228.KPN_04788	41.9	198	111	2	65	258	49	246	3.08e-46	154
WP_055965380.1	iSbBS512_1146.SbBS512_E4890	42.2	206	115	2	58	259	221	426	1.77e-44	154
WP_055965380.1	iSSON_1240.SSON_4499	42.2	206	115	2	58	259	221	426	1.77e-44	154
WP_055965380.1	iSF_1195.SF4384	41.7	206	116	2	58	259	221	426	6.80e-44	153
WP_055965380.1	iCHOv1.100766004	38.0	200	118	2	62	255	17	216	1.92e-45	151
WP_055965413.1	iEK1008.Rv2987c	62.8	199	70	1	1	199	1	195	1.85e-86	253
WP_055965428.1	iEK1008.Rv2982c	55.4	327	145	1	5	331	9	334	5.37e-116	338
WP_055965431.1	iEK1008.Rv2981c	52.1	374	140	8	17	362	10	372	1.47e-107	319
WP_055965445.1	iYS854.USA300HOU_RS06160	27.3	542	353	10	19	531	19	548	1.39e-46	170
WP_055965453.1	iCN718.ABAYE_RS13845	37.5	136	81	2	3	137	6	138	2.95e-17	75.1
WP_055965456.1	iHN637.CLJU_RS06240	55.8	147	64	1	1	146	1	147	1.27e-54	169
WP_055965456.1	iEK1008.Rv2965c	57.2	152	65	0	1	152	1	152	1.64e-54	169
WP_055965456.1	iCN900.CD630_25580	50.3	151	74	1	3	152	7	157	2.86e-51	160
WP_055965456.1	iYO844.BSU15020	51.6	153	73	1	5	156	6	158	3.58e-51	160
WP_055965456.1	iSynCJ816.SGL_RS15225	52.3	149	70	1	5	152	4	152	9.61e-51	159
WP_055965456.1	iAF987.Gmet_1759	49.7	155	77	1	5	158	7	161	1.54e-50	159
WP_055965456.1	iYS854.USA300HOU_RS05615	50.0	156	77	1	2	156	4	159	8.06e-50	157
WP_055965456.1	iLJ478.TM0741	52.3	153	72	1	3	154	2	154	4.77e-49	155
WP_055965456.1	iCN718.ABAYE_RS14785	49.7	153	76	1	2	153	4	156	2.05e-48	153
WP_055965471.1	iPC815.YPO0490	30.4	135	87	4	8	138	6	137	1.04e-04	42.4
WP_055965481.1	iEK1008.Rv1082	29.7	175	90	8	18	169	5	169	3.18e-09	55.8
WP_055965498.1	iPC815.YPO3964	35.2	506	312	7	1	501	1	495	6.89e-93	291
WP_055965501.1	iNF517.LLMG_RS04065	33.8	302	186	7	19	312	11	306	4.21e-34	126
WP_055965501.1	iLJ478.TM0112	32.8	311	191	7	10	312	8	308	1.29e-31	120
WP_055965504.1	iJN1463.PP_0382	35.0	240	151	5	8	244	1	238	4.07e-32	119
WP_055965515.1	iCN718.ABAYE_RS08940	45.0	565	303	5	16	575	13	574	2.18e-150	444
WP_055965544.1	iEK1008.Rv2228c	45.8	382	178	7	7	386	2	356	1.11e-96	292
WP_055965550.1	iAM_Pv461.PVX_094985	45.2	281	145	3	9	280	156	436	7.70e-79	245
WP_055965550.1	iAM_Pf480.PF3D7_1015300	46.3	281	142	3	9	280	217	497	5.16e-78	245
WP_055965550.1	iAM_Pc455.PCYB_082510	44.8	281	146	3	9	280	153	433	5.64e-78	244
WP_055965550.1	iAM_Pb448.PBANKA_121370	44.1	279	149	3	9	280	183	461	1.43e-75	238
WP_055965561.1	iEK1008.Rv2222c	68.0	440	139	1	1	438	1	440	2.28e-219	609
WP_055965599.1	iEK1008.Rv0684	26.0	488	317	9	7	463	6	480	2.88e-40	154
WP_055965599.1	iSynCJ816.SGL_RS10930	26.0	481	309	12	13	463	9	472	4.96e-40	154
WP_055965612.1	iYS854.USA300HOU_RS06130	35.3	255	157	2	5	255	6	256	1.48e-41	158
WP_055965621.1	iEK1008.Rv1322A	25.7	140	89	4	7	142	21	149	7.58e-04	37.4
WP_055965632.1	iEK1008.Rv2220	68.9	472	143	1	6	473	7	478	2.73e-247	682
WP_055965646.1	iYO844.BSU02750	34.4	224	138	4	1	215	1	224	2.89e-36	129
WP_055965646.1	iCN900.CD630_09000	31.0	245	156	5	1	234	1	243	9.47e-35	129
WP_055965646.1	iML1515.b3201	32.2	239	149	6	2	231	4	238	7.05e-36	128
WP_055965646.1	iSbBS512_1146.SbBS512_E3569	32.2	239	149	6	2	231	4	238	7.05e-36	128
WP_055965646.1	iSDY_1059.SDY_3382	32.2	239	149	6	2	231	4	238	7.05e-36	128
WP_055965646.1	iSF_1195.SF3241	32.2	239	149	6	2	231	4	238	7.05e-36	128
WP_055965646.1	iSSON_1240.SSON_3349	32.2	239	149	6	2	231	4	238	7.05e-36	128
WP_055965646.1	iCN900.CD630_16140	30.4	217	147	2	4	216	27	243	7.16e-34	124
WP_055965646.1	iYO844.BSU33730	31.6	231	150	4	1	223	1	231	7.33e-32	121
WP_055965646.1	iAF987.Gmet_1282	30.0	230	153	3	7	230	15	242	2.68e-32	119
WP_055965646.1	iYS854.USA300HOU_RS13270	33.8	216	133	5	1	207	1	215	5.60e-31	119
WP_055965679.1	iYS854.USA300HOU_RS04660	42.3	104	60	0	26	129	4	107	7.08e-22	83.6
WP_055965679.1	iML1515.b2528	41.9	105	60	1	26	130	3	106	1.17e-20	80.1
WP_055965679.1	iSbBS512_1146.SbBS512_E2903	41.9	105	60	1	26	130	5	108	1.24e-20	80.1
WP_055965679.1	iSDY_1059.SDY_2724	41.9	105	60	1	26	130	3	106	1.17e-20	80.1
WP_055965679.1	iSF_1195.SF2575	41.9	105	60	1	26	130	3	106	1.17e-20	80.1
WP_055965679.1	iSSON_1240.SSON_2610	41.9	105	60	1	26	130	3	106	1.17e-20	80.1
WP_055965679.1	iJN1463.PP_0844	38.1	105	64	1	26	130	3	106	4.70e-20	78.6
WP_055965681.1	iEK1008.Rv2202c	52.3	327	151	3	1	325	1	324	5.00e-105	310
WP_055965683.1	iEK1008.Rv2200c	32.1	299	146	6	9	254	40	334	6.40e-45	155
WP_055965685.1	iEK1008.Rv3043c	72.3	528	145	1	22	548	25	552	1.77e-288	795
WP_055965689.1	iEK1008.Rv2196	51.5	458	219	2	25	481	21	476	4.68e-167	485
WP_055965691.1	iEK1008.Rv2195	30.0	337	203	5	39	342	89	425	4.64e-46	162
WP_055965714.1	iLJ478.TM1469	34.0	312	191	6	7	311	7	310	7.32e-43	150
WP_055965714.1	iHN637.CLJU_RS10220	32.4	318	202	4	1	312	1	311	4.14e-42	148
WP_055965714.1	iNF517.LLMG_RS11535	34.3	321	198	5	1	312	1	317	3.60e-40	143
WP_055965714.1	iYO844.BSU24850	32.3	313	197	6	8	313	8	312	1.02e-37	137
WP_055965721.1	iEK1008.Rv2182c	55.2	221	99	0	1	221	1	221	6.86e-87	258
WP_055965723.1	iEK1008.Rv3010c	55.6	347	148	4	1	345	1	343	6.88e-122	354
WP_055965727.1	iEK1008.Rv2178c	55.3	434	185	4	3	432	34	462	1.55e-167	478
WP_055965727.1	iJN1463.PP_1866	52.0	429	205	1	5	432	17	445	5.52e-162	463
WP_055965727.1	iLB1027_lipid.PHATRDRAFT_24353	49.4	431	216	1	5	433	63	493	1.05e-159	459
WP_055965727.1	iIT341.HP0134	49.4	431	213	2	5	432	18	446	1.51e-149	432
WP_055965729.1	iYS854.USA300HOU_RS06130	26.8	705	434	11	9	682	1	654	1.38e-72	247
WP_055965747.1	iAF987.Gmet_0406	35.4	559	343	7	19	575	21	563	2.71e-89	289
WP_055965747.1	iEK1008.Rv2163c	33.3	597	362	8	10	581	87	672	4.49e-89	289
WP_055965751.1	iEK1008.Rv2156c	49.6	355	174	2	4	354	4	357	2.47e-118	346
WP_055965755.1	iJN1463.PP_1336	38.6	352	196	6	42	382	32	374	1.68e-58	196
WP_055965779.1	iNF517.LLMG_RS07670	36.3	300	187	2	15	314	3	298	7.60e-57	185
WP_055965779.1	iSF_1195.SF2653	35.8	310	183	6	17	315	10	314	4.75e-51	171
WP_055965779.1	iSSON_1240.SSON_2720	35.8	310	183	6	17	315	10	314	4.75e-51	171
WP_055965779.1	iSbBS512_1146.SbBS512_E2975	35.8	310	183	6	17	315	10	314	9.41e-51	170
WP_055965779.1	iCN900.CD630_25960	34.4	291	185	4	26	314	17	303	2.03e-50	169
WP_055965779.1	STM_v1_0.STM2662	35.5	310	184	6	17	315	10	314	1.44e-49	167
WP_055965783.1	iEK1008.Rv0337c	74.8	400	101	0	8	407	30	429	6.22e-222	613
WP_055965787.1	iEK1008.Rv2938	22.6	186	143	1	32	217	52	236	8.12e-10	57.8
WP_055965809.1	iEK1008.Rv1603	63.9	241	83	1	5	241	4	244	1.20e-104	302
WP_055965817.1	iEK1008.Rv1605	73.2	257	68	1	2	258	12	267	2.34e-125	356
WP_055965821.1	iSDY_1059.SDY_1025	32.7	557	353	10	43	590	654	1197	2.62e-56	205
WP_055965821.1	STM_v1_0.STM2774	32.3	561	364	9	43	597	657	1207	1.17e-55	203
WP_055965821.1	iJN1463.PP_4935	33.7	490	302	11	113	592	114	590	4.58e-57	202
WP_055965821.1	iAF987.Gmet_2349	31.6	465	298	8	136	591	113	566	9.32e-56	197
WP_055965821.1	iPC815.YPO1395	28.6	563	386	11	35	591	24	576	2.58e-52	188
WP_055965832.1	iML1515.b2047	30.8	201	112	6	4	196	274	455	9.85e-16	75.5
WP_055965832.1	STM_v1_0.STM2082	28.5	200	130	5	4	199	280	470	2.29e-13	68.6
WP_055965843.1	iEK1008.Rv1611	63.6	261	95	0	2	262	5	265	2.70e-104	303
WP_055965846.1	iEK1008.Rv1612	67.9	399	124	2	2	396	9	407	1.65e-191	536
WP_055965855.1	iEK1008.Rv3858c	64.3	493	168	5	1	491	1	487	1.95e-219	613
WP_055965857.1	iEK1008.Rv1617	57.1	468	200	1	2	469	3	469	1.68e-175	501
WP_055965865.1	iSynCJ816.SGL_RS14915	26.8	399	255	12	45	418	63	449	4.71e-25	106
WP_055965867.1	iSynCJ816.SGL_RS07665	53.4	234	105	2	36	267	4	235	4.89e-79	238
WP_055965869.1	iSynCJ816.SGL_RS14000	49.8	249	122	2	27	273	18	265	8.55e-75	229
WP_055965870.1	iSynCJ816.SGL_RS12165	33.2	389	180	12	1	328	1	370	1.11e-45	159
WP_055965872.1	iSynCJ816.SGL_RS11390	35.6	281	173	4	159	439	9	281	7.70e-47	162
WP_055965883.1	iEK1008.Rv3791	49.2	254	124	4	1	250	2	254	2.75e-70	216
WP_055965904.1	iHN637.CLJU_RS10465	37.0	335	208	2	36	367	302	636	4.28e-73	242
WP_055965920.1	iEK1008.Rv1079	75.8	388	93	1	1	388	1	387	1.04e-212	588
WP_055965922.1	iEK1008.Rv1077	79.8	455	92	0	1	455	1	455	1.05e-267	733
WP_055965932.1	iYO844.BSU38280	30.6	206	139	2	6	207	224	429	2.68e-17	80.9
WP_055965939.1	iEK1008.Rv2678c	53.3	347	147	3	12	344	10	355	2.23e-122	356
WP_055965944.1	iYS854.USA300HOU_RS03070	22.2	216	139	7	31	223	26	235	2.79e-11	61.2
WP_055966039.1	iAF987.Gmet_0798	35.9	145	83	2	3	145	5	141	2.13e-15	71.2
WP_055966039.1	iYL1228.KPN_04320	32.6	141	90	2	4	144	6	141	4.01e-13	65.1
WP_055966039.1	iPC815.YPO3831	32.8	177	111	3	4	180	6	174	4.01e-13	65.1
WP_055966039.1	iML1515.b3824	32.6	141	90	2	4	144	6	141	7.68e-13	64.3
WP_055966039.1	iSbBS512_1146.SbBS512_E4291	32.6	141	90	2	4	144	6	141	7.68e-13	64.3
WP_055966152.1	iMM904.YDL100C	22.7	295	182	9	1	281	12	274	1.99e-06	48.9
WP_055966169.1	iSynCJ816.SGL_RS07980	55.6	403	171	4	8	405	14	413	2.60e-148	427
WP_055966179.1	iEK1008.Rv3410c	54.0	372	163	4	4	367	2	373	5.75e-127	369
WP_055966179.1	iSynCJ816.SGL_RS08785	50.8	366	178	2	4	368	3	367	4.84e-121	354
WP_055966198.1	iEK1008.Rv3624c	61.1	180	64	1	11	184	36	215	1.52e-71	215
WP_055966220.1	iEK1008.Rv3155	72.4	87	24	0	2	88	12	98	1.66e-37	120
WP_055966233.1	iJN1463.PP_0958	37.7	244	152	0	5	248	9	252	4.64e-60	192
WP_055966238.1	iEK1008.Rv0733	52.5	181	80	2	1	181	6	180	6.24e-55	171
WP_055966240.1	iSynCJ816.SGL_RS14930	44.8	250	115	5	1	241	40	275	4.58e-59	188
WP_055966240.1	iSynCJ816.SGL_RS14865	42.1	242	132	3	1	241	16	250	8.43e-56	179
WP_055966240.1	iSynCJ816.SGL_RS16015	42.1	242	137	3	1	241	33	272	2.45e-54	176
WP_055966326.1	iML1515.b0624	36.8	87	48	2	10	90	12	97	6.05e-05	39.3
WP_055966367.1	iEK1008.Rv2421c	68.8	192	55	2	1	188	1	191	9.78e-90	262
WP_055966370.1	iYO844.BSU03070	28.3	494	350	4	12	505	17	506	1.53e-54	191
WP_055966391.1	iEK1008.Rv3809c	64.2	380	127	6	3	377	9	384	4.23e-172	485
WP_055966407.1	iEK1008.Rv2988c	72.6	464	126	1	3	465	9	472	1.01e-248	686
WP_055966410.1	iJN1463.PP_4594	37.6	338	184	6	44	354	53	390	2.78e-58	193
WP_055966410.1	iNF517.LLMG_RS10955	37.0	319	188	6	43	351	45	360	1.93e-57	190
WP_055966410.1	iYO844.BSU11880	35.2	341	194	5	40	354	45	384	5.96e-56	187
WP_055966410.1	iHN637.CLJU_RS11995	37.0	335	184	5	43	351	43	376	1.82e-55	185
WP_055966410.1	iMM904.YAL012W	34.7	360	199	7	26	351	32	389	1.39e-54	183
WP_055966410.1	iLB1027_lipid.PHATRDRAFT_15917	35.1	342	189	6	43	351	40	381	3.67e-54	182
WP_055966410.1	iEK1008.Rv1079	38.6	373	199	8	9	351	15	387	6.58e-54	181
WP_055966410.1	iNF517.LLMG_RS08915	36.7	335	185	5	43	351	44	377	7.61e-54	181
WP_055966410.1	iAF987.Gmet_0699	36.6	336	186	6	40	349	40	374	5.96e-52	176
WP_055966410.1	iYO844.BSU27250	36.1	338	189	6	43	354	43	379	1.68e-51	175
WP_055966474.1	iEK1008.Rv2194	40.0	265	150	3	7	267	20	279	3.09e-58	187
WP_055966478.1	iEK1008.Rv2193	56.3	192	72	2	1	192	24	203	2.18e-65	199
WP_055966499.1	iEK1008.Rv2936	47.7	304	155	3	9	308	12	315	2.65e-80	247
WP_055966517.1	iAF692.Mbar_A1602	25.3	324	209	12	5	328	5	295	9.41e-11	62.8
WP_055966517.1	iAF692.Mbar_A3422	23.4	325	227	9	3	324	1	306	1.74e-09	58.9
WP_055966545.1	iJN1463.PP_1494	35.3	102	60	3	7	103	20	120	9.56e-07	48.1
WP_055966545.1	iEK1008.Rv0386	36.2	58	36	1	145	201	1019	1076	5.87e-06	46.2
WP_055966574.1	iYO844.BSU24150	37.9	385	226	6	10	392	3	376	1.48e-81	254
WP_055966574.1	iYO844.BSU18260	36.9	388	229	6	10	393	5	380	2.15e-81	254
WP_055966574.1	iAF987.Gmet_1715	37.0	387	227	6	10	392	5	378	2.60e-79	248
WP_055966574.1	iAT_PLT_636.34	39.3	387	226	4	11	396	46	424	1.18e-76	243
WP_055966574.1	iMM1415.11364	39.4	388	226	4	10	396	41	420	1.05e-76	243
WP_055966574.1	iCN900.CD630_03990	38.8	384	222	6	12	393	5	377	6.05e-77	242
WP_055966574.1	iCHOv1.100763159	39.4	388	226	4	10	396	41	420	5.85e-76	241
WP_055966574.1	iYO844.BSU37170	35.2	383	237	5	10	391	5	377	1.41e-75	239
WP_055966574.1	iJN1463.PP_2216	35.0	383	238	5	10	391	3	375	3.54e-75	238
WP_055966574.1	iCN900.CD630_10540	36.8	372	222	7	24	393	18	378	3.03e-74	235
WP_055966587.1	iEK1008.Rv3214	44.6	177	94	3	5	177	8	184	4.76e-46	150
WP_055966602.1	iJN1463.PP_2794	34.7	190	113	5	3	187	15	198	6.58e-19	82.8
WP_055966602.1	iMM1415.15487	27.8	245	160	6	4	242	47	280	2.32e-17	79.3
WP_055966602.1	iAF987.Gmet_1601	32.2	183	120	2	4	183	8	189	1.48e-17	79.0
WP_055966602.1	iCHOv1.100751291	30.5	190	119	5	4	184	53	238	8.84e-17	77.8
WP_055966602.1	iIS312.TCDM_03694	33.0	191	118	4	3	183	37	227	1.12e-16	77.8
WP_055966605.1	iCN900.CD630_07170	48.9	47	24	0	8	54	5	51	6.92e-05	42.7
WP_055966605.1	iHN637.CLJU_RS18545	45.3	53	29	0	8	60	7	59	1.68e-04	41.6
WP_055966605.1	iHN637.CLJU_RS02400	38.5	65	29	2	11	64	9	73	4.20e-04	40.4
WP_055966622.1	iEK1008.Rv3206c	64.2	391	131	3	4	390	7	392	6.90e-177	497
WP_055966669.1	iEK1008.Rv3119	49.6	129	63	2	11	138	17	144	1.17e-31	109
WP_055966669.1	iEK1008.Rv0866	45.7	140	75	1	1	139	1	140	2.81e-31	108
WP_055966684.1	iAF987.Gmet_0843	31.7	265	170	8	9	271	10	265	5.44e-24	97.4
WP_055966704.1	iNF517.LLMG_RS04865	41.4	336	189	5	12	343	12	343	8.82e-76	236
WP_055966720.1	iJN1463.PP_0553	31.1	283	161	9	6	281	113	368	4.33e-27	107
WP_055966728.1	iJN1463.PP_3947	39.7	156	88	3	5	160	6	155	6.80e-33	114
WP_055966762.1	iSynCJ816.SGL_RS02245	27.6	214	148	5	4	213	227	437	1.12e-13	69.7
WP_055966762.1	iLJ478.TM1374	30.0	200	132	5	4	202	3	195	2.48e-14	69.3
WP_055966842.1	iYO844.BSU29220	58.4	375	152	4	26	396	16	390	3.32e-140	405
WP_055966842.1	iSynCJ816.SGL_RS02305	55.4	381	163	3	17	395	86	461	6.29e-138	401
WP_055966842.1	iYS854.USA300HOU_RS09025	54.4	386	170	5	17	396	5	390	9.08e-135	391
WP_055966842.1	iHN637.CLJU_RS15045	53.5	376	170	4	22	392	10	385	1.88e-133	387
WP_055966842.1	iHN637.CLJU_RS12495	53.6	375	169	4	22	391	10	384	4.46e-133	386
WP_055966842.1	iHN637.CLJU_RS02030	55.1	381	168	3	20	397	11	391	2.40e-132	385
WP_055966842.1	iAF692.Mbar_A3045	53.2	387	173	6	21	399	37	423	1.41e-130	381
WP_055966842.1	iHN637.CLJU_RS18940	52.7	376	174	4	26	397	16	391	1.90e-126	370
WP_055966847.1	iEK1008.Rv3777	25.2	330	210	9	16	322	13	328	4.12e-18	83.2
WP_055966853.1	iEK1008.Rv1621c	31.4	194	104	8	41	209	337	526	4.11e-04	40.8
WP_055966853.1	iEK1008.Rv0073	25.8	194	112	6	40	205	28	217	6.07e-04	40.0
WP_055966863.1	iCN718.ABAYE_RS14125	52.3	405	184	6	1	398	1	403	3.80e-141	410
WP_055966917.1	iEK1008.Rv1294	58.6	435	171	3	9	436	6	438	2.19e-156	449
WP_055966919.1	iLJ478.TM0546	59.9	324	130	0	7	330	4	327	9.68e-133	382
WP_055966919.1	iEK1008.Rv1295	61.3	341	129	3	3	341	10	349	3.38e-131	379
WP_055966919.1	iSynCJ816.SGL_RS10720	54.7	351	155	2	5	353	34	382	2.47e-121	354
WP_055966919.1	iYS854.USA300HOU_RS06755	53.0	345	153	3	5	341	4	347	1.76e-119	348
WP_055966921.1	iEK1008.Rv1296	46.7	259	129	3	16	266	19	276	3.51e-65	206
WP_055966935.1	iCN718.ABAYE_RS11095	55.9	161	70	1	1	160	1	161	1.01e-67	202
WP_055966935.1	iSynCJ816.SGL_RS11045	57.4	162	63	1	3	158	8	169	7.57e-67	200
WP_055966935.1	iJN1463.PP_1874	59.7	149	59	1	12	159	13	161	6.29e-62	187
WP_055966935.1	iNF517.LLMG_RS05525	51.3	154	75	0	5	158	4	157	1.25e-60	184
WP_055966944.1	iEK1008.Rv3500c	38.9	257	157	0	23	279	24	280	2.53e-60	192
WP_055966958.1	iEK1008.Rv3496c	30.2	298	201	3	8	298	12	309	1.32e-34	131
WP_055966982.1	iNF517.LLMG_RS09765	46.9	64	34	0	4	67	7	70	9.08e-11	51.6
WP_055966982.1	iYS854.USA300HOU_RS11385	48.3	60	31	0	6	65	6	65	8.31e-09	46.6
WP_055966985.1	iEK1008.Rv1306	25.4	169	120	2	1	164	4	171	2.83e-06	45.1
WP_055966988.1	iEK1008.Rv1307	34.2	243	156	1	26	264	202	444	2.49e-32	122
WP_055966996.1	iEK1008.Rv1310	69.4	484	135	4	1	475	1	480	6.29e-231	642
WP_055966996.1	iYO844.BSU36810	64.0	467	164	2	13	476	4	469	4.91e-208	583
WP_055966996.1	iYS854.USA300HOU_RS11360	64.9	462	157	3	13	472	4	462	1.79e-207	582
WP_055966996.1	iNF517.LLMG_RS09735	64.9	462	158	3	13	472	4	463	3.47e-207	581
WP_055966999.1	iEK1008.Rv1311	39.0	118	66	3	6	121	4	117	7.92e-17	70.5
WP_055967005.1	iCN718.ABAYE_RS03570	36.6	194	96	5	4	184	5	184	1.01e-27	102
WP_055967005.1	STM_v1_0.STM2050	39.7	174	99	4	7	179	3	171	1.78e-23	94.7
WP_055967008.1	iML1515.b2917	38.2	639	372	9	9	639	71	694	4.59e-126	389
WP_055967008.1	iSSON_1240.SSON_3068	38.2	639	372	9	9	639	71	694	4.59e-126	389
WP_055967008.1	iSF_1195.SF2902	38.0	639	373	9	9	639	71	694	3.57e-125	387
WP_055967008.1	iEK1008.Rv1493	37.6	643	377	6	8	639	97	726	6.05e-122	379
WP_055967017.1	iYS854.USA300HOU_RS10275	36.7	147	93	0	1	147	1	147	7.80e-26	96.7
WP_055967040.1	iEK1008.Rv3141	24.4	312	177	7	113	414	55	317	8.25e-16	77.8
WP_055967040.1	iYL1228.KPN_01853	26.2	305	186	10	116	414	55	326	1.33e-14	74.3
WP_055967040.1	iEK1008.Rv3777	21.7	350	197	7	65	401	26	311	4.04e-14	72.8
WP_055967040.1	iJN1463.PP_0072	25.2	349	190	10	66	405	26	312	7.09e-14	72.0
WP_055967042.1	iEK1008.Rv1322A	60.7	135	53	0	20	154	17	151	1.03e-55	171
WP_055967055.1	iEK1008.Rv1323	69.5	387	117	1	5	391	1	386	6.14e-181	508
WP_055967057.1	iML1515.b2918	36.1	294	178	3	8	294	7	297	1.56e-46	159
WP_055967057.1	iCHOv1.100772148	34.8	330	197	3	8	319	88	417	6.43e-43	152
WP_055967057.1	iMM1415.109136	34.5	330	192	4	11	319	86	412	6.04e-42	149
WP_055967092.1	iJN1463.PP_0881	34.7	331	189	3	4	307	4	334	3.59e-54	179
WP_055967092.1	iYL1228.KPN_03898	32.9	334	194	3	4	307	4	337	1.52e-53	177
WP_055967092.1	STM_v1_0.STM3629	32.3	334	196	3	4	307	4	337	8.42e-53	176
WP_055967092.1	iML1515.b3543	32.3	334	196	3	4	307	4	337	2.35e-52	174
WP_055967092.1	iSDY_1059.SDY_4566	32.3	334	196	3	4	307	4	337	2.35e-52	174
WP_055967092.1	iSSON_1240.SSON_3847	32.3	334	196	3	4	307	4	337	2.35e-52	174
WP_055967092.1	iSF_1195.SF3578	32.3	334	196	3	4	307	4	337	3.30e-52	174
WP_055967092.1	iSF_1195.SF3495	37.5	307	185	4	4	306	4	307	1.90e-51	171
WP_055967092.1	iML1515.b3477	37.5	307	185	4	4	306	4	307	5.29e-51	170
WP_055967092.1	iSbBS512_1146.SbBS512_E3844	37.5	307	185	4	4	306	4	307	5.29e-51	170
WP_055967092.1	iSSON_1240.SSON_3715	37.5	307	185	4	4	306	4	307	5.29e-51	170
WP_055967092.1	iSF_1195.SF0781	34.7	311	193	4	1	307	1	305	1.68e-50	169
WP_055967092.1	iML1515.b0831	34.7	308	191	4	4	307	4	305	2.37e-50	168
WP_055967092.1	iSDY_1059.SDY_0756	34.7	308	191	4	4	307	4	305	2.37e-50	168
WP_055967092.1	iSDY_1059.SDY_3632	37.1	307	186	4	4	306	4	307	4.12e-50	168
WP_055967092.1	iLJ478.TM1747	35.6	312	187	4	7	306	30	339	8.16e-50	168
WP_055967092.1	iSSON_1240.SSON_0813	35.1	308	190	4	4	307	4	305	6.62e-50	167
WP_055967092.1	STM_v1_0.STM0850	35.1	308	190	4	4	307	4	305	2.60e-49	166
WP_055967092.1	iSbBS512_1146.SbBS512_E2517	34.4	308	192	4	4	307	4	305	3.66e-49	165
WP_055967092.1	iYL1228.KPN_00864	35.1	308	190	4	4	307	4	305	1.43e-48	164
WP_055967092.1	iYL1228.KPN_03851	35.6	306	192	3	4	306	4	307	6.89e-48	162
WP_055967095.1	iML1515.b0832	33.6	304	184	5	28	326	12	302	6.31e-44	152
WP_055967095.1	iSbBS512_1146.SbBS512_E2516	33.6	304	184	5	28	326	12	302	6.31e-44	152
WP_055967095.1	iSSON_1240.SSON_0814	33.6	304	184	5	28	326	12	302	6.31e-44	152
WP_055967095.1	iSDY_1059.SDY_0755	32.9	304	186	5	28	326	12	302	1.33e-42	149
WP_055967095.1	iYO844.BSU12940	35.0	294	177	6	36	327	39	320	3.94e-42	148
WP_055967095.1	iSF_1195.SF0782	33.9	304	183	5	28	326	12	302	7.23e-42	147
WP_055967095.1	STM_v1_0.STM0851	35.3	289	171	4	41	326	27	302	1.01e-41	146
WP_055967095.1	iYL1228.KPN_00865	31.8	289	181	4	41	326	13	288	2.12e-40	142
WP_055967111.1	iSynCJ816.SGL_RS14875	30.6	108	65	4	39	142	26	127	3.96e-04	39.3
WP_055967123.1	iEK1008.Rv3025c	59.3	388	154	2	14	401	3	386	3.27e-150	430
WP_055967141.1	iYS854.USA300HOU_RS10325	35.8	95	61	0	5	99	4	98	1.49e-14	63.2
WP_055967141.1	iAF987.Gmet_0076	37.0	92	58	0	5	96	3	94	7.49e-14	61.2
WP_055967176.1	iEK1008.Rv3003c	69.2	582	170	4	13	592	38	612	4.86e-288	796
WP_055967178.1	iEK1008.Rv3002c	67.3	159	52	0	5	163	6	164	1.05e-68	206
WP_055967181.1	iEK1008.Rv3001c	63.6	324	118	0	4	327	1	324	2.84e-149	423
WP_055967181.1	iYS854.USA300HOU_RS11075	60.9	330	128	1	1	330	1	329	1.75e-143	408
WP_055967181.1	iSynCJ816.SGL_RS17215	60.6	327	129	0	1	327	18	344	4.67e-142	405
WP_055967181.1	iHN637.CLJU_RS10005	56.8	331	143	0	3	333	5	335	2.45e-139	398
WP_055967181.1	iHN637.CLJU_RS10010	56.8	331	143	0	3	333	5	335	2.45e-139	398
WP_055967181.1	iLJ478.TM0550	58.7	327	135	0	1	327	1	327	6.75e-139	397
WP_055967181.1	iJN1463.PP_4678	59.7	325	131	0	3	327	2	326	4.80e-137	392
WP_055967181.1	iCN718.ABAYE_RS16130	58.1	329	138	0	3	331	2	330	1.94e-136	390
WP_055967181.1	iYO844.BSU28290	59.9	322	128	1	1	322	1	321	4.22e-134	385
WP_055967181.1	iNF517.LLMG_RS06475	57.6	330	139	1	4	333	5	333	3.21e-133	382
WP_055967184.1	iCN900.CD630_36640	25.4	280	190	8	136	404	67	338	5.26e-17	82.4
WP_055967191.1	iEK1008.Rv2995c	69.7	346	91	4	7	352	3	334	1.61e-155	440
WP_055967214.1	iYO844.BSU30760	41.3	196	112	2	5	199	3	196	5.21e-39	135
WP_055967214.1	iAF987.Gmet_0492	39.0	241	129	7	8	234	8	244	6.64e-38	133
WP_055967214.1	iSynCJ816.SGL_RS04625	35.5	220	138	3	1	219	18	234	2.07e-37	132
WP_055967214.1	iYS854.USA300HOU_RS08305	38.3	201	118	4	4	200	9	207	1.61e-36	129
WP_055967214.1	iSDY_1059.SDY_1456	36.3	226	141	3	1	224	2	226	6.73e-35	125
WP_055967214.1	iSF_1195.SF1364	36.3	226	141	3	1	224	2	226	6.73e-35	125
WP_055967214.1	iSSON_1240.SSON_1751	36.3	226	141	3	1	224	2	226	6.73e-35	125
WP_055967214.1	iSbBS512_1146.SbBS512_E1611	36.3	226	141	3	1	224	2	226	1.32e-34	125
WP_055967214.1	iJN1463.PP_0118	38.2	220	107	5	1	214	1	197	4.74e-34	123
WP_055967214.1	iPC815.YPO2440	35.3	224	142	3	3	224	8	230	1.14e-33	123
WP_055967317.1	iEK1008.Rv2920c	45.2	438	204	8	4	415	14	441	5.29e-113	339
WP_055967340.1	iAF987.Gmet_1350	44.1	111	62	0	190	300	87	197	2.00e-19	85.1
WP_055967340.1	iAF987.Gmet_3012	45.8	107	57	1	192	297	28	134	4.57e-19	83.2
WP_055967386.1	iEK1008.Rv2936	39.8	226	126	5	2	219	8	231	7.93e-36	131
WP_055967386.1	iCN900.CD630_16140	35.9	206	128	3	14	215	37	242	5.96e-32	119
WP_055967420.1	iML1515.b3590	35.0	217	123	9	417	626	2	207	1.87e-16	83.6
WP_055967420.1	iCN900.CD630_24930	29.9	241	152	9	417	649	5	236	2.31e-15	80.1
WP_055967446.1	iHN637.CLJU_RS10465	43.1	72	36	2	654	724	562	629	3.45e-08	56.6
WP_055967452.1	iEK1008.Rv2773c	55.9	245	106	1	3	247	2	244	1.43e-85	254
WP_055967461.1	iSSON_1240.SSON_2826	30.8	159	105	2	6	159	8	166	6.56e-07	48.5
WP_055967461.1	iML1515.b2682	30.8	159	105	2	6	159	8	166	8.86e-07	48.1
WP_055967461.1	iSF_1195.SF2709	30.2	159	106	2	6	159	8	166	2.18e-06	47.0
WP_055967461.1	iSbBS512_1146.SbBS512_E3194	30.8	146	96	2	19	159	21	166	2.94e-06	46.6
WP_055967461.1	iSDY_1059.SDY_2877	30.8	146	96	2	19	159	21	166	2.94e-06	46.6
WP_055967469.1	iML1515.b2827	66.7	270	84	1	1	270	1	264	1.94e-138	390
WP_055967469.1	iSSON_1240.SSON_2984	66.7	270	84	1	1	270	1	264	1.94e-138	390
WP_055967469.1	iSF_1195.SF2837	66.3	270	85	1	1	270	1	264	2.76e-138	389
WP_055967469.1	iSDY_1059.SDY_3044	66.3	270	85	1	1	270	1	264	7.89e-138	388
WP_055967469.1	iYL1228.KPN_03236	67.0	270	83	1	1	270	1	264	1.59e-137	387
WP_055967469.1	iSbBS512_1146.SbBS512_E3035	66.3	270	85	1	1	270	1	264	3.21e-137	387
WP_055967469.1	STM_v1_0.STM3001	65.9	270	86	1	1	270	1	264	9.17e-137	385
WP_055967469.1	iPC815.YPO0783	65.6	270	87	1	1	270	1	264	2.50e-134	379
WP_055967469.1	iEK1008.Rv2764c	64.8	270	88	2	1	270	1	263	4.39e-130	369
WP_055967469.1	iYO844.BSU21820	61.1	270	99	1	1	270	1	264	1.17e-125	357
WP_055967498.1	iEK1008.Rv2746c	47.8	178	86	1	20	197	28	198	1.20e-45	150
WP_055967528.1	iYO844.BSU27450	36.4	209	126	2	4	209	6	210	6.85e-35	122
WP_055967528.1	iML1515.b1918	37.2	199	124	1	11	209	15	212	1.93e-32	116
WP_055967586.1	iML1515.b4173	41.4	403	219	6	59	456	9	399	1.30e-81	258
WP_055967586.1	iJN1463.PP_4893	42.7	363	194	6	59	418	10	361	1.61e-73	238
WP_055967740.1	iJN1463.PP_1674	67.5	212	69	0	1	212	1	212	4.79e-104	299
WP_055967763.1	iPC815.YPO3953	47.0	164	81	4	7	167	6	166	1.32e-40	134
WP_055967763.1	iSbBS512_1146.SbBS512_E3888	41.1	163	92	3	8	168	12	172	3.96e-36	123
WP_055967763.1	iML1515.b3437	41.1	163	92	3	8	168	12	172	5.60e-36	122
WP_055967763.1	iYL1228.KPN_03801	41.4	162	91	3	8	167	27	186	1.23e-35	122
WP_055967763.1	iSF_1195.SF3459	41.0	161	91	3	10	168	1	159	1.10e-35	121
WP_055967763.1	STM_v1_0.STM3542	41.4	162	91	3	8	167	12	171	2.37e-35	121
WP_055967828.1	iEK1008.Rv1284	31.7	167	104	3	1	163	1	161	5.15e-23	89.0
WP_055967847.1	iCHOv1.100755684	30.8	117	68	5	142	246	131	246	1.26e-05	46.6
WP_055967847.1	iCHOv1.100774971	37.1	62	39	0	192	253	230	291	1.87e-04	43.1
WP_055967847.1	iMM1415.56703	31.6	76	52	0	178	253	220	295	2.73e-04	42.7
WP_055967848.1	STM_v1_0.STM1750	36.7	199	111	5	1	196	1	187	1.12e-34	122
WP_055967848.1	iSbBS512_1146.SbBS512_E1403	35.4	209	120	5	1	206	1	197	1.58e-34	121
WP_055967848.1	iML1515.b1238	34.9	209	121	5	1	206	1	197	4.42e-34	120
WP_055967848.1	iSF_1195.SF1238	34.9	209	121	5	1	206	1	197	1.75e-33	119
WP_055967848.1	iSSON_1240.SSON_1941	34.9	209	121	5	1	206	1	197	1.75e-33	119
WP_055967848.1	iSDY_1059.SDY_1290	34.9	209	121	5	1	206	1	197	4.89e-33	117
WP_055967848.1	iPC815.YPO2176	35.7	213	117	6	1	210	1	196	3.03e-32	115
WP_055967848.1	iNF517.LLMG_RS02890	34.3	198	113	5	1	195	1	184	1.98e-31	113
WP_055967875.1	iEK1008.Rv2697c	61.3	150	53	1	4	148	5	154	4.32e-56	172
WP_055967886.1	iEK1008.Rv2692	57.3	218	93	0	1	218	1	218	3.19e-88	259
WP_055967888.1	iEK1008.Rv2691	50.7	219	108	0	1	219	1	219	5.26e-74	223
WP_055967907.1	iSF_1195.SF3610	35.5	307	189	5	39	342	27	327	5.11e-49	167
WP_055967907.1	iPC815.YPO4037	34.5	310	193	6	39	344	27	330	1.03e-48	166
WP_055967907.1	iML1515.b3566	34.9	307	191	5	39	342	27	327	1.98e-48	166
WP_055967907.1	iYL1228.KPN_03930	34.2	310	194	6	39	344	9	312	7.86e-46	158
WP_055967907.1	iSbBS512_1146.SbBS512_E3956	35.2	307	183	7	39	342	39	332	7.47e-45	156
WP_055967910.1	iPC815.YPO3964	37.9	248	152	1	1	248	1	246	4.71e-52	176
WP_055967910.1	iML1515.b3749	40.7	236	137	3	6	240	4	237	5.21e-47	162
WP_055967910.1	STM_v1_0.STM3882	40.3	236	138	3	6	240	4	237	3.85e-46	160
WP_055967913.1	iYL1228.KPN_03932	33.5	388	244	6	37	422	17	392	1.84e-46	164
WP_055967913.1	iML1515.b3568	33.3	378	238	6	46	422	28	392	1.35e-45	162
WP_055967913.1	iSbBS512_1146.SbBS512_E3954	33.3	378	238	6	46	422	28	392	1.35e-45	162
WP_055967913.1	iSF_1195.SF3612	33.3	378	238	6	46	422	28	392	1.35e-45	162
WP_055967913.1	iPC815.YPO4035	33.9	378	236	6	46	422	29	393	3.75e-45	160
WP_055967924.1	iPC815.YPO4039	32.7	444	260	16	3	419	1	432	6.31e-38	144
WP_055967924.1	iYL1228.KPN_02542	31.8	447	264	15	3	419	1	436	6.11e-37	141
WP_055967924.1	iML1515.b3564	31.8	447	260	14	3	419	1	432	1.02e-35	137
WP_055967924.1	iSF_1195.SF3608	32.0	447	259	14	3	419	1	432	1.02e-35	137
WP_055967924.1	iSSON_1240.SSON_3821	32.1	414	237	13	3	387	1	399	1.07e-35	137
WP_055967924.1	iYL1228.KPN_03928	31.2	458	270	14	3	430	1	443	6.77e-35	135
WP_055967924.1	STM_v1_0.STM3660	31.9	414	238	14	3	387	1	399	2.39e-34	134
WP_055967940.1	iPC815.YPO3141	46.5	297	138	7	1	287	1	286	1.07e-79	242
WP_055967940.1	iYL1228.KPN_00415	44.6	289	153	3	1	286	1	285	1.44e-77	237
WP_055967940.1	iSDY_1059.SDY_0389	45.7	291	143	6	1	284	1	283	9.03e-76	232
WP_055967940.1	iML1515.b0452	44.6	294	142	6	1	284	1	283	1.81e-75	231
WP_055967940.1	iSSON_1240.SSON_0440	44.6	294	142	6	1	284	1	283	1.81e-75	231
WP_055967940.1	iSbBS512_1146.SbBS512_E0379	44.2	294	143	6	1	284	1	283	5.13e-75	230
WP_055967940.1	iJN1463.PP_4762	43.4	290	157	3	1	287	1	286	7.97e-75	230
WP_055967940.1	iEK1008.Rv2605c	47.7	279	134	5	11	287	6	274	1.76e-74	229
WP_055967940.1	STM_v1_0.STM0464	45.6	287	149	4	1	284	1	283	2.06e-74	229
WP_055967940.1	iSF_1195.SF0397	44.2	294	143	6	1	284	1	283	4.12e-74	228
WP_055967947.1	iCN718.ABAYE_RS07935	50.3	469	205	6	1	447	1	463	9.01e-138	403
WP_055967966.1	iEK1008.Rv3518c	32.1	324	195	8	116	425	79	391	1.66e-33	129
WP_055967996.1	iEK1008.Rv1437	56.6	408	164	5	1	401	1	402	7.19e-139	402
WP_055967996.1	iLJ478.TM0689	52.6	390	176	4	13	398	7	391	4.04e-126	378
WP_055967996.1	iSynCJ816.SGL_RS11980	51.2	406	186	5	1	402	1	398	9.42e-129	376
WP_055967996.1	iYO844.BSU33930	49.6	387	189	3	16	401	10	391	2.15e-123	362
WP_055967999.1	iEK1008.Rv1438	65.7	254	85	1	1	254	1	252	1.06e-114	329
WP_055968015.1	iEK1008.Rv1447c	66.8	503	166	1	9	510	12	514	6.41e-255	705
WP_055968058.1	iYS854.USA300HOU_RS04535	61.5	460	176	1	15	474	7	465	3.83e-211	590
WP_055968063.1	iYS854.USA300HOU_RS04515	60.6	246	90	3	2	245	3	243	5.51e-98	286
WP_055968068.1	iYS854.USA300HOU_RS04530	38.7	137	82	1	7	143	6	140	4.08e-29	103
WP_055968076.1	iJN1463.PP_0240	33.3	204	123	5	324	517	15	215	2.45e-21	93.6
WP_055968076.1	iYO844.BSU33160	34.0	197	106	4	326	498	1	197	1.17e-18	88.2
WP_055968076.1	iAF692.Mbar_A1219	33.3	180	93	5	343	498	22	198	2.27e-18	87.4
WP_055968076.1	iLJ478.TM0124	29.7	232	121	6	2	229	4	197	4.63e-19	86.3
WP_055968076.1	iPC815.YPO3627	33.5	203	122	5	324	516	11	210	1.99e-18	85.1
WP_055968076.1	iSDY_1059.SDY_1145	32.5	209	128	5	329	531	8	209	1.92e-18	84.7
WP_055968076.1	iML1515.b1858	32.5	209	128	5	329	531	8	209	2.60e-18	84.3
WP_055968076.1	iSbBS512_1146.SbBS512_E0954	32.5	209	128	5	329	531	8	209	2.60e-18	84.3
WP_055968076.1	iSF_1195.SF1867	32.5	209	128	5	329	531	8	209	2.60e-18	84.3
WP_055968076.1	iSSON_1240.SSON_1283	32.5	209	128	5	329	531	8	209	2.60e-18	84.3
WP_055968082.1	iEK1008.Rv0869c	58.0	331	134	2	3	328	30	360	5.61e-128	369
WP_055968095.1	iEK1008.Rv3042c	50.1	399	186	4	15	409	7	396	1.34e-115	343
WP_055968117.1	iCN718.ABAYE_RS10295	67.8	407	125	2	2	408	1	401	3.41e-191	535
WP_055968154.1	iEK1008.Rv3702c	31.7	123	73	5	1	121	1	114	3.20e-08	53.1
WP_055968186.1	iEK1008.Rv1239c	42.0	333	178	5	2	319	34	366	2.47e-81	250
WP_055968220.1	iAT_PLT_636.4905	43.5	209	97	6	213	412	211	407	7.83e-38	148
WP_055968220.1	iMM1415.18195	43.5	209	97	6	213	412	211	407	7.83e-38	148
WP_055968323.1	iEK1008.Rv1286	55.2	415	181	3	13	425	3	414	1.80e-149	437
WP_055968325.1	iEK1008.Rv2847c	45.5	404	193	5	2	389	5	397	3.27e-95	290
WP_055968350.1	iSynCJ816.SGL_RS08610	34.2	73	47	1	66	137	30	102	1.32e-07	48.9
WP_055968352.1	iYS854.USA300HOU_RS04375	45.9	122	66	0	2	123	3	124	1.78e-42	135
WP_055968352.1	iYL1228.KPN_03340	48.8	123	62	1	2	123	4	126	5.26e-40	129
WP_055968352.1	iPC815.YPO0906	48.8	123	62	1	2	123	4	126	1.03e-39	129
WP_055968352.1	iML1515.b2904	48.8	123	62	1	2	123	4	126	1.50e-39	128
WP_055968352.1	iSbBS512_1146.SbBS512_E3325	48.8	123	62	1	2	123	4	126	1.50e-39	128
WP_055968352.1	iSF_1195.SF2890	48.8	123	62	1	2	123	4	126	1.50e-39	128
WP_055968352.1	iSSON_1240.SSON_3057	48.8	123	62	1	2	123	4	126	1.50e-39	128
WP_055968352.1	STM_v1_0.STM3054	48.8	123	62	1	2	123	4	126	3.02e-39	127
WP_055968352.1	iSDY_1059.SDY_3177	48.8	123	62	1	2	123	4	126	4.29e-39	127
WP_055968352.1	iEK1008.Rv1826	47.7	130	61	2	2	124	4	133	4.05e-38	125
WP_055968357.1	iHN637.CLJU_RS05215	35.2	88	50	2	133	213	108	195	4.08e-05	43.5
WP_055968361.1	iEK1008.Rv3846	67.3	199	65	0	1	199	1	199	4.51e-100	288
WP_055968363.1	iYO844.BSU03950	28.3	159	104	4	171	321	270	426	2.34e-07	53.5
WP_055968371.1	iYO844.BSU40340	52.0	402	190	1	1	402	1	399	2.12e-152	436
WP_055968371.1	iYS854.USA300HOU_RS04745	50.4	393	192	1	10	402	7	396	4.49e-143	412
WP_055968380.1	iAF987.Gmet_0697	31.5	219	146	4	9	225	7	223	5.90e-24	96.7
WP_055968391.1	iAF987.Gmet_2863	31.4	223	136	7	21	238	24	234	5.11e-20	87.0
WP_055968391.1	iJN1463.PP_0382	26.4	261	169	8	13	269	14	255	9.10e-18	80.5
WP_055968394.1	iYO844.BSU26640	26.7	404	229	10	7	408	6	344	4.12e-40	145
WP_055968398.1	iJN1463.PP_0382	33.8	272	148	11	14	278	14	260	1.10e-20	88.6
WP_055968398.1	iAF987.Gmet_2863	30.5	210	126	6	35	239	37	231	3.48e-18	82.0
WP_055968413.1	iAF987.Gmet_2444	32.6	138	84	5	187	324	20	148	2.49e-07	52.8
WP_055968413.1	iSynCJ816.SGL_RS05125	30.5	167	106	7	17	178	21	182	2.95e-06	49.3
WP_055968417.1	iEK1008.Rv1712	49.5	212	102	2	3	210	5	215	1.98e-46	153
WP_055968421.1	iCN900.CD630_20500	38.5	231	140	1	9	237	1	231	3.08e-59	187
WP_055968421.1	iYS854.USA300HOU_RS07985	40.4	230	133	3	10	237	7	234	1.57e-55	177
WP_055968421.1	iNF517.LLMG_RS06045	39.9	238	139	3	9	244	1	236	1.05e-54	175
WP_055968427.1	iSynCJ816.SGL_RS17655	29.2	192	114	9	36	217	8	187	9.16e-07	48.9
WP_055968429.1	iCN900.CD630_12200	32.9	161	102	4	26	186	9	163	2.96e-17	75.5
WP_055968429.1	iYO844.BSU23610	30.5	167	112	2	26	192	10	172	4.77e-17	75.1
WP_055968429.1	iYS854.USA300HOU_RS08015	33.1	157	99	2	30	186	13	163	4.31e-17	75.1
WP_055968429.1	iAF987.Gmet_0048	39.5	152	84	4	36	185	13	158	1.47e-15	70.9
WP_055968431.1	iEK1008.Rv1699	72.6	552	145	2	7	553	9	559	4.90e-287	791
WP_055968469.1	iEK1008.Rv0217c	38.8	237	133	4	62	297	72	297	1.41e-39	140
WP_055968522.1	iCN900.CD630_12790	40.7	361	211	3	2	359	6	366	2.75e-88	271
WP_055968522.1	iAF987.Gmet_0872	41.9	353	203	2	1	351	2	354	1.31e-78	246
WP_055968532.1	iHN637.CLJU_RS15670	34.8	250	162	1	5	254	2	250	7.92e-41	141
WP_055968532.1	iYO844.BSU02870	32.4	275	185	1	2	275	1	275	7.03e-39	137
WP_055968532.1	iYS854.USA300HOU_RS08300	34.0	259	162	2	4	254	5	262	8.95e-38	134
WP_055968532.1	iAF987.Gmet_0493	35.6	267	159	3	2	258	4	267	1.42e-35	128
WP_055968544.1	iEK1008.Rv2868c	81.3	379	70	1	1	378	1	379	4.81e-214	591
WP_055968550.1	iAF987.Gmet_0069	35.3	119	73	2	4	118	5	123	9.37e-18	79.7
WP_055968550.1	iAF987.Gmet_1914	33.9	115	76	0	1	115	1	115	6.84e-15	72.4
WP_055968568.1	iYS854.USA300HOU_RS13570	35.5	420	261	4	32	446	26	440	5.94e-66	218
WP_055968568.1	STM_v1_0.STM3541	34.6	416	260	5	32	444	25	431	1.14e-63	212
WP_055968568.1	iML1515.b4476	34.6	416	260	5	32	444	25	431	1.60e-63	211
WP_055968568.1	iSDY_1059.SDY_3587	34.6	416	260	5	32	444	25	431	1.60e-63	211
WP_055968568.1	iYO844.BSU40070	32.4	438	287	5	14	446	3	436	2.36e-63	211
WP_055968568.1	iJN1463.PP_3417	34.8	419	258	4	32	445	29	437	2.47e-63	211
WP_055968568.1	iSbBS512_1146.SbBS512_E3889	34.4	416	261	5	32	444	25	431	8.65e-63	209
WP_055968568.1	iSF_1195.SF3458	34.4	416	261	5	32	444	4	410	5.16e-63	209
WP_055968568.1	STM_v1_0.STM4482	34.7	415	260	4	32	445	21	425	2.01e-62	208
WP_055968568.1	iSSON_1240.SSON_3678	34.4	416	261	5	32	444	25	431	2.38e-62	208
WP_055968568.1	iYL1228.KPN_03800	34.1	417	263	5	33	446	1	408	2.69e-61	205
WP_055968568.1	iHN637.CLJU_RS00300	33.1	420	273	4	32	446	21	437	2.04e-60	203
WP_055968568.1	iPC815.YPO3954	33.6	435	274	6	14	445	3	425	3.07e-60	202
WP_055968568.1	iSSON_1240.SSON_4450	33.7	415	264	4	32	445	21	425	9.09e-59	199
WP_055968568.1	iML1515.b4265	33.7	415	264	4	32	445	21	425	1.27e-58	198
WP_055968568.1	iML1515.b3415	32.8	433	280	5	14	445	3	425	6.66e-58	196
WP_055968568.1	iSbBS512_1146.SbBS512_E3796	32.8	433	280	5	14	445	3	425	6.66e-58	196
WP_055968568.1	iSF_1195.SF3438	32.8	433	280	5	14	445	3	425	6.66e-58	196
WP_055968594.1	iEK1008.Rv1451	50.2	283	136	2	18	300	22	299	5.71e-89	267
WP_055968598.1	iML1515.b2540	36.7	98	60	2	15	111	5	101	2.21e-14	63.5
WP_055968598.1	iSSON_1240.SSON_2622	36.7	98	60	2	15	111	5	101	2.21e-14	63.5
WP_055968618.1	iEK1008.Rv0317c	44.6	249	128	4	13	256	10	253	1.14e-55	179
WP_055968656.1	iEK1008.Rv2899c	58.4	255	101	1	22	271	21	275	1.98e-89	266
WP_055968700.1	iEK1008.Rv1201c	57.5	313	123	3	6	310	7	317	3.04e-110	322
WP_055968717.1	iYL1228.KPN_02814	46.9	143	76	0	3	145	2	144	7.45e-42	136
WP_055968717.1	iML1515.b2480	46.1	141	76	0	5	145	4	144	3.01e-41	135
WP_055968717.1	iSbBS512_1146.SbBS512_E2852	46.1	141	76	0	5	145	4	144	3.01e-41	135
WP_055968717.1	iSDY_1059.SDY_2669	46.1	141	76	0	5	145	4	144	3.01e-41	135
WP_055968717.1	iSF_1195.SF2523	46.1	141	76	0	5	145	4	144	3.01e-41	135
WP_055968717.1	iSSON_1240.SSON_2561	46.1	141	76	0	5	145	4	144	3.01e-41	135
WP_055968717.1	iPC815.YPO3064	45.5	145	79	0	1	145	1	145	4.39e-41	134
WP_055968730.1	iEK1008.Rv1338	64.7	252	89	0	4	255	6	257	2.13e-103	301
WP_055968732.1	iYO844.BSU03590	58.0	250	101	1	10	259	1	246	1.02e-98	288
WP_055968732.1	iML1515.b1917	56.5	248	104	2	11	257	4	248	1.25e-90	268
WP_055968732.1	iJN1463.PP_0225	55.6	248	108	1	10	257	1	246	1.77e-88	262
WP_055968735.1	iEK1008.Rv1336	70.3	323	89	1	1	316	1	323	1.29e-162	455
WP_055968788.1	iSynCJ816.SGL_RS08415	38.6	88	53	1	6	93	9	95	2.01e-16	67.8
WP_055968788.1	iMM1415.13180	38.5	78	44	2	19	93	24	100	6.96e-16	66.6
WP_055968788.1	iCHOv1.100767749	37.2	78	45	2	19	93	41	117	2.96e-15	65.5
WP_055968807.1	iYO844.BSU35950	42.9	308	169	4	36	341	17	319	2.00e-58	191
WP_055968807.1	STM_v1_0.STM3883	40.8	306	164	6	44	341	23	319	4.24e-57	187
WP_055968807.1	iYL1228.KPN_04155	40.5	306	165	6	44	341	23	319	1.18e-56	186
WP_055968807.1	iML1515.b3750	40.2	306	166	6	44	341	23	319	3.31e-56	185
WP_055968807.1	iCN900.CD630_03020	39.0	300	176	5	39	336	24	318	4.86e-55	182
WP_055968807.1	iNF517.LLMG_RS04065	38.5	301	178	3	40	338	10	305	1.61e-54	181
WP_055968807.1	iCN900.CD630_15880	39.6	303	168	6	39	336	11	303	3.78e-53	177
WP_055968807.1	iHN637.CLJU_RS00625	37.8	296	178	3	41	336	22	311	3.82e-51	172
WP_055968809.1	iLJ478.TM0958	26.4	280	193	4	66	340	44	315	3.59e-23	97.8
WP_055968809.1	iML1515.b4227	31.5	213	138	5	53	259	24	234	6.31e-23	97.1
WP_055968809.1	iSbBS512_1146.SbBS512_E4856	31.5	213	138	5	53	259	24	234	6.31e-23	97.1
WP_055968809.1	iPC815.YPO3908	31.9	213	137	5	53	259	24	234	2.25e-22	95.5
WP_055968809.1	iYL1228.KPN_04622	32.4	213	136	5	53	259	10	220	2.51e-22	95.1
WP_055968809.1	iSSON_1240.SSON_4409	31.5	213	138	5	53	259	24	234	5.83e-22	94.4
WP_055968809.1	iYO844.BSU35960	29.9	221	141	6	88	301	72	285	2.36e-21	92.4
WP_055968809.1	iNF517.LLMG_RS04070	26.6	293	201	7	48	340	44	322	4.20e-21	92.0
WP_055968809.1	iJN1463.PP_2454	25.8	267	183	5	75	334	59	317	9.07e-20	88.2
WP_055968826.1	iYO844.BSU18800	47.6	271	134	2	30	300	40	302	4.13e-76	234
WP_055968855.1	iEK1008.Rv1425	32.8	458	291	9	1	445	1	454	3.62e-56	192
WP_055968855.1	iEK1008.Rv3130c	32.4	454	289	8	1	446	1	444	2.10e-55	191
WP_055968855.1	iEK1008.Rv3234c	40.8	260	140	5	3	248	4	263	6.22e-51	173
WP_055968881.1	iAF987.Gmet_0069	33.5	179	91	5	11	162	5	182	1.34e-19	85.1
WP_055968881.1	iAF987.Gmet_1706	38.7	119	66	3	10	124	2	117	6.98e-18	80.5
WP_055968881.1	iAF987.Gmet_2999	34.5	116	73	1	11	123	10	125	1.58e-16	77.0
WP_055968883.1	iEK1008.Rv3248c	66.5	481	156	3	1	480	19	495	7.11e-230	639
WP_055968907.1	iYO844.BSU35710	25.5	259	186	2	26	277	4	262	8.24e-17	78.2
WP_055968907.1	iYS854.USA300HOU_RS03455	24.7	243	166	5	40	277	18	248	7.04e-16	75.5
WP_055968914.1	iYS854.USA300HOU_RS12505	22.7	238	132	6	177	402	61	258	1.33e-12	68.2
WP_055968927.1	iEK1008.Rv3275c	69.3	153	47	0	5	157	8	160	1.40e-64	195
WP_055968930.1	iEK1008.Rv2212	36.4	291	173	7	27	313	69	351	1.38e-36	135
WP_055968939.1	iEK1008.Rv3280	67.1	538	167	4	4	532	12	548	1.96e-251	698
WP_055968947.1	iEK1008.Rv2500c	58.9	384	152	2	10	390	13	393	3.04e-155	442
WP_055968976.1	iAF987.Gmet_0069	25.0	92	69	0	217	308	150	241	1.64e-05	45.8
WP_055969034.1	iJN1463.PP_5315	60.0	55	22	0	1	55	1	55	3.32e-27	92.0
WP_055969034.1	iCN718.ABAYE_RS05795	61.1	54	21	0	1	54	1	54	1.08e-21	85.1
WP_055969034.1	iJN1463.PP_5371	57.4	54	23	0	1	54	1	54	2.08e-21	84.3
WP_055969037.1	iCN718.ABAYE_RS10300	45.1	388	189	3	16	393	22	395	1.13e-115	343
WP_055969087.1	iEK1008.Rv0865	54.5	156	70	1	11	166	4	158	1.73e-48	154
WP_055969111.1	iML1515.b3291	33.8	133	73	4	1	123	3	130	3.30e-13	61.6
WP_055969122.1	iML1515.b0675	45.1	246	129	3	9	253	7	247	3.60e-71	218
WP_055969195.1	iEK1008.Rv0889c	67.5	357	114	2	10	365	11	366	4.28e-171	481
WP_055969240.1	iEK1008.Rv3313c	64.5	358	122	3	4	359	6	360	2.11e-149	425
WP_055969251.1	iYL1228.KPN_04156	39.9	303	169	5	5	305	4	295	1.30e-56	185
WP_055969251.1	STM_v1_0.STM3884	39.6	303	170	5	5	305	4	295	2.85e-55	181
WP_055969251.1	iML1515.b3751	39.6	303	170	5	5	305	4	295	1.58e-54	179
WP_055969269.1	iJN1463.PP_4842	38.1	105	63	1	188	290	320	424	1.57e-04	43.5
WP_055969276.1	iML1515.b2149	35.3	498	313	3	14	508	7	498	9.99e-105	322
WP_055969276.1	iSF_1195.SF2234	35.3	498	313	3	14	508	7	498	9.99e-105	322
WP_055969276.1	iSSON_1240.SSON_2205	35.3	498	313	3	14	508	7	498	9.99e-105	322
WP_055969276.1	STM_v1_0.STM2189	34.4	500	319	3	12	508	5	498	6.17e-103	318
WP_055969276.1	iPC815.YPO1508	35.0	494	312	3	18	508	11	498	7.56e-101	312
WP_055969276.1	iYL1228.KPN_02587	33.9	489	314	3	23	508	1	483	3.34e-98	305
WP_055969276.1	iML1515.b3749	36.5	501	305	4	18	514	2	493	1.24e-97	304
WP_055969276.1	STM_v1_0.STM3882	36.4	508	296	6	18	514	2	493	1.51e-95	298
WP_055969276.1	iHN637.CLJU_RS00620	33.1	508	321	6	18	517	3	499	1.57e-94	296
WP_055969276.1	iYL1228.KPN_04154	35.7	501	309	4	18	514	2	493	2.34e-94	295
WP_055969276.1	iPC815.YPO3964	35.1	502	313	5	20	517	6	498	2.76e-94	295
WP_055969276.1	iPC815.YPO2256	36.0	491	302	5	21	507	20	502	1.31e-92	291
WP_055969276.1	iPC815.YPO0958	36.1	479	291	4	21	494	6	474	9.53e-93	291
WP_055969276.1	iCN900.CD630_03010	32.7	486	315	4	18	499	3	480	1.50e-92	291
WP_055969294.1	iAF987.Gmet_2396	67.4	638	206	1	21	658	2	637	0.0	883
WP_055969297.1	iAF987.Gmet_2397	27.5	229	135	8	13	231	6	213	5.35e-11	60.1
WP_055969308.1	iLB1027_lipid.PHATRDRAFT_3267	36.5	233	137	3	5	226	2	234	1.82e-39	139
WP_055969308.1	iSbBS512_1146.SbBS512_E2986	32.2	276	179	5	5	274	105	378	3.99e-37	135
WP_055969308.1	iSSON_1240.SSON_2750	32.2	276	179	5	5	274	105	378	5.56e-37	134
WP_055969308.1	iML1515.b2599	32.2	276	179	5	5	274	105	378	7.76e-37	134
WP_055969308.1	iSF_1195.SF2659	32.2	276	179	5	5	274	105	378	7.76e-37	134
WP_055969308.1	iSDY_1059.SDY_2767	32.2	276	179	5	5	274	105	378	4.10e-36	132
WP_055969308.1	STM_v1_0.STM2667	30.9	275	184	3	5	274	105	378	5.71e-36	132
WP_055969308.1	iYL1228.KPN_02920	30.5	275	185	3	5	274	105	378	1.55e-35	130
WP_055969311.1	iYL1228.KPN_01583	26.0	154	100	5	18	168	7	149	3.77e-04	40.8
WP_055969311.1	iML1515.b1584	26.8	153	100	6	18	168	7	149	5.08e-04	40.4
WP_055969311.1	STM_v1_0.STM1502	25.3	158	104	5	14	168	3	149	5.08e-04	40.4
WP_055969324.1	iEK1008.Rv2399c	49.6	250	125	1	32	281	30	278	1.39e-72	224
WP_055969327.1	iSynCJ816.SGL_RS17155	49.8	263	131	1	14	276	12	273	8.99e-81	244
WP_055969327.1	iEK1008.Rv2398c	46.5	260	138	1	16	275	9	267	8.07e-73	224
WP_055969330.1	iEK1008.Rv2397c	62.5	323	107	3	2	312	4	324	3.73e-131	377
WP_055969330.1	iSynCJ816.SGL_RS17160	53.6	336	131	2	1	314	1	333	9.46e-118	343
WP_055969343.1	iJN1463.PP_4012	64.3	737	261	1	2	736	5	741	0.0	918
WP_055969343.1	iAF987.Gmet_1359	60.2	736	291	1	3	736	5	740	6.59e-310	863
WP_055969365.1	iEK1008.Rv0957	65.2	523	172	5	4	523	8	523	1.77e-224	629
WP_055969366.1	iEK1008.Rv0956	60.3	204	79	2	5	208	8	209	4.73e-77	230
WP_055969374.1	iEK1008.Rv0952	80.1	297	57	1	1	295	4	300	3.47e-162	452
WP_055969383.1	iYS854.USA300HOU_RS01445	42.5	106	54	3	155	254	210	314	6.33e-15	72.8
WP_055969392.1	iAF987.Gmet_2619	41.7	484	251	10	3	457	10	491	8.67e-114	344
WP_055969392.1	iSynCJ816.SGL_RS06375	38.8	497	258	13	3	462	20	507	6.19e-107	327
WP_055969392.1	iJN1463.PP_5351	39.1	488	250	11	1	457	6	477	5.37e-105	321
WP_055969392.1	iLJ478.TM1155	39.1	489	256	14	1	462	21	494	8.29e-104	318
WP_055969402.1	iEK1008.Rv2287	28.1	576	318	14	14	561	26	533	7.14e-31	126
WP_055969405.1	iEK1008.Rv0386	41.7	60	35	0	166	225	1025	1084	1.18e-06	48.5
WP_055969405.1	iJN1463.PP_1494	31.5	111	73	2	19	127	20	129	2.00e-06	47.4
WP_055969451.1	iSynCJ816.SGL_RS15525	40.6	69	40	1	11	78	14	82	1.13e-12	57.4
WP_055969451.1	iYO844.BSU06460	40.5	79	47	0	1	79	1	79	5.44e-12	55.5
WP_055969451.1	iNF517.LLMG_RS04955	35.9	78	50	0	1	78	1	78	8.47e-12	55.1
WP_055969477.1	iJN1463.PP_2125	32.6	273	158	11	36	299	48	303	3.15e-17	80.1
WP_055969482.1	iEK1008.Rv0363c	71.1	342	96	1	1	339	1	342	2.34e-169	474
WP_055969488.1	iPC815.YPO0045	63.7	212	77	0	1	212	1	212	1.62e-92	269
WP_055969488.1	iYL1228.KPN_03983	61.8	212	81	0	1	212	1	212	8.73e-92	267
WP_055969488.1	iJN1463.PP_5291	62.7	212	79	0	1	212	1	212	1.76e-91	266
WP_055969488.1	STM_v1_0.STM3733	61.3	212	82	0	1	212	1	212	5.03e-91	265
WP_055969488.1	iSbBS512_1146.SbBS512_E4067	60.8	212	83	0	1	212	1	212	4.11e-90	263
WP_055969488.1	iSF_1195.SF3681	60.4	212	84	0	1	212	1	212	2.36e-89	261
WP_055969488.1	iML1515.b3642	60.4	212	84	0	1	212	1	212	3.36e-89	261
WP_055969488.1	iSDY_1059.SDY_4073	59.9	212	85	0	1	212	1	212	3.89e-88	258
WP_055969488.1	iSSON_1240.SSON_3764	59.4	212	86	0	1	212	1	212	1.58e-87	256
WP_055969609.1	iAF692.Mbar_A0186	43.9	720	329	14	30	745	12	660	7.30e-162	485
WP_055969609.1	iAF987.Gmet_3239	41.9	730	347	13	31	748	14	678	8.35e-158	475
WP_055969644.1	iEK1008.Rv0505c	32.8	259	164	5	6	262	123	373	7.44e-26	104
WP_055969713.1	iSynCJ816.SGL_RS08060	38.0	192	95	3	36	219	36	211	7.60e-30	110
WP_055969713.1	iAF987.Gmet_2439	38.8	188	113	2	33	218	33	220	2.21e-28	107
WP_055969713.1	iPC815.YPO2514	35.8	218	126	8	18	224	12	226	2.39e-28	107
WP_055969713.1	iSDY_1059.SDY_0787	35.7	213	123	7	18	219	12	221	6.58e-28	105
WP_055969713.1	iSSON_1240.SSON_0789	35.7	213	123	7	18	219	12	221	6.58e-28	105
WP_055969713.1	STM_v1_0.STM0828	35.2	216	126	7	18	222	12	224	9.23e-28	105
WP_055969713.1	iYL1228.KPN_00838	34.7	213	125	7	18	219	12	221	1.29e-27	105
WP_055969713.1	iML1515.b0809	35.2	213	124	7	18	219	12	221	3.56e-27	103
WP_055969713.1	iSbBS512_1146.SbBS512_E2539	35.2	213	124	7	18	219	12	221	3.56e-27	103
WP_055969713.1	iYS854.USA300HOU_RS12035	34.2	196	123	3	23	212	25	220	9.09e-27	103
WP_055969713.1	iML1515.b0652	34.0	215	126	6	18	220	12	222	1.00e-26	102
WP_055969713.1	iSSON_1240.SSON_0606	34.0	215	126	6	18	220	12	222	1.00e-26	102
WP_055969713.1	iSF_1195.SF0629	34.0	215	126	6	18	220	12	222	2.75e-26	101
WP_055969713.1	iJN1463.PP_3597	34.3	213	126	7	18	219	31	240	5.69e-26	101
WP_055969713.1	iSF_1195.SF0760	34.7	213	125	7	18	219	12	221	3.77e-26	101
WP_055969713.1	iYL1228.KPN_00678	34.0	215	126	6	18	220	12	222	7.55e-26	100
WP_055969727.1	iYO844.BSU38240	30.7	522	315	13	1	491	1	506	1.73e-50	179
WP_055969731.1	iYO844.BSU38240	54.4	517	218	6	24	539	8	507	1.74e-162	471
WP_055970000.1	iAF987.Gmet_0068	38.1	168	90	8	48	208	29	189	2.78e-19	82.0
WP_055970000.1	iML1515.b1813	40.1	167	87	6	51	211	30	189	3.72e-19	81.6
WP_055970093.1	iCN900.CD630_07980	25.1	402	265	5	4	400	2	372	2.36e-25	107
WP_055970099.1	iEK1008.Rv0904c	56.4	479	195	6	9	480	3	474	3.43e-158	457
WP_055970105.1	iEK1008.Rv2970c	46.5	325	162	8	15	329	33	355	1.75e-77	242
WP_055970123.1	iEK1008.Rv0820	71.8	259	72	1	1	259	1	258	5.91e-131	370
WP_055970125.1	iAF987.Gmet_3131	48.9	333	152	6	1	329	2	320	4.38e-91	275
WP_055970125.1	iHN637.CLJU_RS06110	48.6	329	151	5	5	328	5	320	1.94e-86	263
WP_055970125.1	iYO844.BSU12840	44.2	337	173	6	1	333	1	326	3.75e-84	257
WP_055970125.1	iEK1008.Rv0545c	47.6	347	157	7	1	338	1	331	4.56e-83	257
WP_055970181.1	iCN718.ABAYE_RS12465	30.7	179	116	4	9	180	11	188	1.07e-18	80.5
WP_055970181.1	iMM1415.69156	31.7	164	107	2	43	202	94	256	1.98e-16	75.1
WP_055970181.1	iCHOv1.100762102	31.1	164	108	2	43	202	94	256	7.25e-16	73.6
WP_055970206.1	iHN637.CLJU_RS10220	30.2	315	206	4	77	379	2	314	2.19e-40	145
WP_055970206.1	iYO844.BSU24850	30.2	301	194	5	84	371	9	306	6.37e-39	141
WP_055970206.1	iLJ478.TM1469	30.5	318	195	5	81	380	6	315	3.15e-36	134
WP_055970226.1	iEK1008.Rv3274c	63.1	377	138	1	1	376	12	388	7.85e-164	464
WP_055970268.1	iEK1008.Rv3315c	63.3	109	40	0	4	112	20	128	5.77e-46	145
WP_055970352.1	iEK1008.Rv1656	59.9	307	123	0	1	307	1	307	9.71e-128	366
WP_055970354.1	iEK1008.Rv1653	54.8	400	168	3	3	400	16	404	4.86e-118	348
WP_055970358.1	iML1515.b3172	68.2	425	133	2	1	425	1	423	2.60e-210	588
WP_055970358.1	iSbBS512_1146.SbBS512_E3599	68.2	425	133	2	1	425	1	423	2.60e-210	588
WP_055970358.1	iSF_1195.SF3213	68.2	425	133	2	1	425	1	423	2.60e-210	588
WP_055970358.1	iSSON_1240.SSON_3320	68.2	425	133	2	1	425	1	423	2.60e-210	588
WP_055970358.1	iSDY_1059.SDY_3351	68.0	425	134	2	1	425	1	423	1.50e-209	586
WP_055970358.1	iYL1228.KPN_03580	66.8	425	139	2	1	425	1	423	5.40e-205	574
WP_055970358.1	iPC815.YPO1570	66.0	424	142	2	1	424	1	422	2.38e-203	570
WP_055970358.1	iCN718.ABAYE_RS13220	62.4	442	160	3	4	445	7	442	7.43e-198	556
WP_055970361.1	iHN637.CLJU_RS16970	44.6	323	171	2	41	363	23	337	6.63e-101	301
WP_055970361.1	iCN900.CD630_06990	44.4	340	181	2	24	363	8	339	2.29e-99	297
WP_055970361.1	iJN1463.PP_2469	46.7	336	170	3	28	363	11	337	3.13e-99	297
WP_055970361.1	iCN718.ABAYE_RS15760	47.3	336	157	5	28	363	10	325	1.16e-93	282
WP_055970361.1	iAF987.Gmet_1415	44.3	336	178	3	28	363	12	338	1.69e-93	282
WP_055970361.1	iSynCJ816.SGL_RS14135	43.6	346	175	3	18	363	6	331	1.59e-89	272
WP_055970380.1	iEK1008.Rv2121c	54.4	283	128	1	1	282	1	283	3.80e-101	296
WP_055970382.1	iEK1008.Rv2122c	65.5	87	30	0	1	87	7	93	8.26e-34	111
WP_055970385.1	iEK1008.Rv1416	55.2	154	67	2	3	155	4	156	1.07e-47	151
WP_055970387.1	iEK1008.Rv1415	60.0	410	160	2	13	420	3	410	1.24e-170	484
WP_055970389.1	iEK1008.Rv1412	60.1	213	69	4	1	213	1	197	6.63e-77	229
WP_055970398.1	iPC815.YPO0241	39.7	295	176	1	1	293	5	299	3.07e-63	202
WP_055970398.1	iSSON_1240.SSON_3428	38.6	295	179	2	1	293	5	299	8.64e-63	201
WP_055970398.1	iSDY_1059.SDY_3464	38.6	295	179	2	1	293	5	299	1.22e-62	200
WP_055970398.1	iSF_1195.SF3319	38.3	295	180	2	1	293	5	299	1.72e-62	200
WP_055970398.1	iSbBS512_1146.SbBS512_E3672	38.6	295	179	2	1	293	5	299	4.84e-62	199
WP_055970398.1	STM_v1_0.STM3407	37.6	295	182	2	1	293	5	299	2.14e-60	194
WP_055970398.1	iAF987.Gmet_3339	35.8	307	195	2	1	306	4	309	2.13e-59	192
WP_055970398.1	iYO844.BSU15730	36.0	308	194	3	2	306	3	310	3.55e-59	191
WP_055970398.1	iYL1228.KPN_03688	37.3	295	183	2	1	293	5	299	6.69e-59	191
WP_055970398.1	iJN1463.PP_0067	39.5	294	176	2	1	293	1	293	1.16e-58	190
WP_055970400.1	iEK1008.Rv1392	68.3	398	117	4	3	392	6	402	1.38e-180	507
WP_055970400.1	iYO844.BSU30550	62.8	392	139	5	3	390	6	394	8.46e-162	459
WP_055970411.1	iEK1008.Rv1384	67.5	1118	330	10	1	1098	1	1105	0.0	1422
WP_055970414.1	iEK1008.Rv1381	56.7	427	183	2	3	427	2	428	1.20e-161	462
WP_055970416.1	iEK1008.Rv1380	59.9	327	113	5	2	321	4	319	3.52e-127	365
WP_055970418.1	iCN900.CD630_25950	56.4	172	69	3	24	192	7	175	5.77e-61	187
WP_055970418.1	iAF987.Gmet_1768	55.2	172	75	2	23	193	7	177	7.91e-59	182
WP_055970425.1	iJN1463.PP_0870	34.3	274	173	4	52	320	37	308	2.31e-45	156
WP_055970425.1	iIT341.HP0818	33.0	279	180	4	43	320	281	553	3.84e-41	150
WP_055970425.1	iCN900.CD630_09010	33.8	272	173	5	52	321	251	517	4.34e-38	141
WP_055970425.1	STM_v1_0.STM2165	36.7	286	161	9	51	322	26	305	1.44e-39	140
WP_055970427.1	iYS854.USA300HOU_RS03905	36.7	210	129	1	2	211	3	208	5.22e-32	120
WP_055970427.1	iYO844.BSU33720	35.5	211	132	1	4	214	5	211	1.75e-32	116
WP_055970427.1	iCN900.CD630_09010	36.0	197	122	1	17	213	20	212	1.97e-30	116
WP_055970427.1	iYO844.BSU33820	34.4	209	133	1	6	214	7	211	5.86e-30	110
WP_055970437.1	iEK1008.Rv2539c	41.9	167	96	1	1	166	1	167	3.26e-35	120
WP_055970439.1	iEK1008.Rv2540c	66.8	385	128	0	1	385	1	385	2.67e-179	504
WP_055970441.1	iML1515.b0543	27.0	100	73	0	3	102	4	103	1.51e-08	48.1
WP_055970441.1	iML1515.b1600	30.1	93	59	1	9	101	17	103	3.67e-08	47.4
WP_055970441.1	iSbBS512_1146.SbBS512_E1786	30.1	93	59	1	9	101	17	103	3.67e-08	47.4
WP_055970441.1	iSDY_1059.SDY_1553	30.1	93	59	1	9	101	17	103	3.67e-08	47.4
WP_055970441.1	iSF_1195.SF1621	30.1	93	59	1	9	101	17	103	3.67e-08	47.4
WP_055970441.1	iSSON_1240.SSON_1560	30.1	93	59	1	9	101	17	103	3.67e-08	47.4
WP_055970467.1	iLB1027_lipid.PHATRDRAFT_16944	28.5	477	251	22	6	442	5	431	2.45e-28	116
WP_055970467.1	iMM904.YPR033C	27.8	410	214	17	6	372	60	430	3.03e-26	111
WP_055970469.1	iEK1008.Rv2581c	43.9	230	120	3	1	229	1	222	1.28e-64	199
WP_055970475.1	iSynCJ816.SGL_RS09235	40.0	170	100	1	7	174	3	172	7.78e-39	130
WP_055970475.1	iPC815.YPO3123	56.3	112	49	0	11	122	19	130	2.71e-37	126
WP_055970475.1	iHN637.CLJU_RS16620	39.6	164	99	0	11	174	7	170	3.55e-37	125
WP_055970475.1	iCN900.CD630_27450	39.0	164	100	0	11	174	7	170	1.34e-36	124
WP_055970475.1	iNF517.LLMG_RS03160	37.8	164	102	0	11	174	7	170	7.62e-36	122
WP_055970475.1	iYS854.USA300HOU_RS08700	37.2	164	103	0	11	174	7	170	1.14e-35	122
WP_055970475.1	iYL1228.KPN_00451	53.6	112	52	0	11	122	15	126	4.38e-35	120
WP_055970475.1	iML1515.b0469	53.6	112	52	0	11	122	15	126	6.19e-35	120
WP_055970475.1	iSbBS512_1146.SbBS512_E0401	53.6	112	52	0	11	122	15	126	6.19e-35	120
WP_055970475.1	iSDY_1059.SDY_0450	53.6	112	52	0	11	122	15	126	6.19e-35	120
WP_055970475.1	iSSON_1240.SSON_0456	53.6	112	52	0	11	122	15	126	6.19e-35	120
WP_055970475.1	iMM1415.11821	41.3	167	95	1	11	174	13	179	1.14e-34	119
WP_055970475.1	iSF_1195.SF0414	52.7	112	53	0	11	122	15	126	3.50e-34	118
WP_055970475.1	iCHOv1.100765665	40.7	167	96	1	11	174	13	179	9.10e-34	117
WP_055970521.1	iEK1008.Rv2612c	39.9	213	113	3	6	209	9	215	1.08e-39	135
WP_055970532.1	iYS854.USA300HOU_RS14110	25.5	243	152	7	53	274	52	286	1.74e-09	59.7
WP_055970538.1	iEK1008.Rv3409c	58.6	565	215	8	4	552	5	566	1.28e-220	623
WP_055970569.1	iEK1008.Rv2393	36.0	236	141	5	3	237	45	271	5.19e-27	105
WP_055970575.1	iEK1008.Rv1655	58.2	376	153	2	1	374	20	393	1.22e-142	410
WP_055970591.1	iEK1008.Rv2583c	60.6	746	289	4	1	744	45	787	0.0	901
WP_056551809.1	iEK1008.Rv2228c	47.0	83	42	2	2	83	165	246	6.06e-09	52.8
WP_056551809.1	iSbBS512_1146.SbBS512_E4944	32.5	83	55	1	1	83	1	82	1.28e-08	51.2
WP_056551809.1	iSF_1195.SF4427	32.5	83	55	1	1	83	1	82	1.28e-08	51.2
WP_056551809.1	iSSON_1240.SSON_4545	32.5	83	55	1	1	83	1	82	1.28e-08	51.2
WP_056551809.1	iSynCJ816.SGL_RS02245	37.6	85	51	2	3	86	226	309	2.98e-08	50.8
WP_056551809.1	iSDY_1059.SDY_4656	28.9	97	61	2	1	90	1	96	3.34e-08	50.1
WP_056551822.1	iJN1463.PP_2416	51.4	220	106	1	17	236	26	244	8.56e-59	187
WP_056552025.1	iPC815.YPO3908	51.4	290	131	4	37	322	24	307	2.86e-85	259
WP_056552025.1	iYL1228.KPN_04622	47.5	297	146	4	37	329	10	300	4.93e-80	245
WP_056552025.1	iML1515.b4227	47.5	297	146	4	37	329	24	314	8.60e-79	243
WP_056552025.1	iSbBS512_1146.SbBS512_E4856	47.5	297	146	4	37	329	24	314	1.22e-78	242
WP_056552025.1	iSSON_1240.SSON_4409	47.5	297	146	4	37	329	24	314	3.44e-78	241
WP_056552030.1	iYS854.USA300HOU_RS11405	50.2	209	100	1	3	211	4	208	8.09e-65	199
WP_056552030.1	iYO844.BSU36890	49.3	209	102	1	3	211	4	208	1.15e-64	198
WP_056552030.1	iEK1008.Rv3309c	51.0	210	98	2	1	210	1	205	2.49e-63	195
WP_056552030.1	iLJ478.TM0721	51.2	205	96	1	5	209	6	206	2.65e-63	195
WP_056552030.1	iHN637.CLJU_RS01135	48.0	204	102	1	8	211	9	208	1.23e-61	191
WP_056552030.1	iNF517.LLMG_RS10940	47.4	209	104	2	5	211	6	210	2.62e-61	190
WP_056552030.1	iCN900.CD630_34790	46.3	205	106	1	7	211	8	208	9.92e-61	188
WP_056552030.1	iJN1463.PP_0746	46.6	204	105	1	8	211	8	207	2.32e-57	180
WP_056552066.1	iYS854.USA300HOU_RS07115	51.9	54	26	0	120	173	166	219	6.40e-12	63.2
WP_056552066.1	iYS854.USA300HOU_RS13870	47.7	65	33	1	120	184	130	193	4.78e-11	60.1
WP_056552066.1	iYL1228.KPN_00440	43.1	72	39	1	105	176	116	185	3.71e-10	57.4
WP_056552191.1	iCN900.CD630_21240	30.3	152	100	3	157	306	159	306	3.71e-12	65.5
WP_056552197.1	iYL1228.KPN_00516	31.1	318	180	10	2	299	5	303	2.49e-27	107
WP_056552215.1	iEK1008.Rv1334	66.2	142	43	1	1	142	10	146	2.60e-58	177
WP_056552228.1	iEK1008.Rv2043c	57.2	180	76	1	7	185	3	182	5.75e-68	205
WP_056552254.1	iCHOv1.100761937	29.5	271	172	5	14	269	78	344	7.29e-34	125
WP_056552262.1	iJN1463.PP_0220	43.8	217	121	1	2	217	33	249	7.75e-53	174
WP_056552262.1	iJN1463.PP_0114	43.0	221	122	3	1	217	1	221	3.21e-50	166
WP_056552262.1	iYO844.BSU32750	39.6	222	131	2	1	219	1	222	2.27e-48	161
WP_056552262.1	iYS854.USA300HOU_RS02325	40.9	220	127	2	1	217	1	220	1.38e-46	157
WP_056552268.1	iAF692.Mbar_A1138	30.3	208	121	6	20	227	2	185	5.11e-14	72.0
WP_056552268.1	STM_v1_0.STM4433	31.7	183	106	5	51	227	26	195	2.17e-12	67.4
WP_056552268.1	STM_v1_0.STM4425	31.6	136	90	2	53	187	30	163	9.11e-12	65.5
WP_056552383.1	iMM1415.66248	30.2	222	132	6	23	225	67	284	2.21e-15	76.3
WP_056552383.1	iCHOv1.100769679	29.4	218	139	6	23	225	56	273	6.57e-15	74.7
WP_056552383.1	iLB1027_lipid.PHATRDRAFT_19705	26.3	205	147	2	25	225	5	209	6.13e-15	73.6
WP_056552413.1	iEK1008.Rv3279c	46.1	267	127	9	14	271	8	266	1.29e-55	179
WP_056552414.1	iML1515.b3248	35.3	190	120	2	1	189	1	188	1.08e-23	92.8
WP_056552414.1	iJN1463.PP_0936	33.3	198	130	2	1	197	1	197	1.41e-21	87.4
WP_056552465.1	iMM904.YDL095W	23.8	240	168	4	18	256	56	281	5.74e-10	61.6
WP_056552465.1	iMM904.YOR321W	26.0	227	145	8	13	232	59	269	1.68e-09	60.1
WP_056552465.1	iMM904.YAL023C	25.4	228	155	5	13	237	66	281	2.04e-08	56.6
WP_056552602.1	iAF987.Gmet_2395	61.1	244	94	1	1	243	7	250	6.80e-102	296
WP_056552685.1	iYO844.BSU10270	41.5	530	276	9	3	522	2	507	1.37e-119	361
WP_056552695.1	iEK1008.Rv0357c	61.4	430	165	1	1	429	1	430	1.13e-193	543
WP_056552700.1	iMM1415.211389	29.3	157	83	6	267	395	231	387	6.11e-09	57.4
WP_056552700.1	iCHOv1.100768542	27.6	163	78	6	267	395	230	386	1.07e-08	56.6
WP_056552700.1	iAT_PLT_636.6821	30.0	160	83	8	265	395	234	393	4.43e-08	54.7
WP_056552797.1	iLB1027_lipid.PHATRDRAFT_45434	44.1	322	162	6	3	317	16	326	9.79e-84	256
WP_056553036.1	iEK1008.Rv2465c	67.6	148	48	0	1	148	4	151	3.61e-66	198
WP_056553059.1	iSynCJ816.SGL_RS11800	33.8	130	78	3	36	164	72	194	2.09e-08	53.1
WP_056553071.1	iCN718.ABAYE_RS14915	42.4	250	133	3	1	249	1	240	5.13e-58	184
WP_056553071.1	iAF987.Gmet_1601	42.4	250	136	2	1	249	1	243	6.97e-56	179
WP_056553071.1	iYO844.BSU15910	44.0	248	130	4	4	249	3	243	8.88e-54	173
WP_056553071.1	iYS854.USA300HOU_RS06185	44.9	247	125	4	6	249	3	241	1.18e-53	173
WP_056553071.1	iSynCJ816.SGL_RS07245	46.8	248	117	6	6	249	7	243	2.91e-52	169
WP_056553148.1	iAF987.Gmet_2999	38.4	112	66	1	4	112	10	121	1.06e-16	77.4
WP_056553148.1	iAF987.Gmet_1706	36.8	117	69	2	4	117	3	117	2.89e-16	75.9
WP_056553214.1	iEK1008.Rv3592	42.3	104	48	2	1	102	1	94	9.51e-22	82.4
WP_056553237.1	iEK1008.Rv1631	32.1	156	78	6	34	162	213	367	3.93e-09	55.1
WP_056553378.1	iEK1008.Rv1023	73.2	425	113	1	1	424	1	425	6.27e-217	602
WP_056553391.1	iEK1008.Rv1493	72.7	732	184	5	6	721	10	741	0.0	1003
WP_056553414.1	iLB1027_lipid.PHATRDRAFT_14444	25.8	163	98	5	1	140	7	169	1.43e-08	50.8
WP_056553472.1	iAF987.Gmet_1884	47.2	123	56	3	4	117	2	124	9.93e-23	85.5
WP_056553477.1	iEK1008.Rv3436c	63.2	627	217	6	1	616	1	624	2.71e-275	765
WP_056553530.1	iEK1008.Rv1858	67.8	230	74	0	1	230	7	236	3.87e-96	282
WP_056553592.1	iAF987.Gmet_1671	30.4	593	370	13	72	658	44	599	2.50e-58	209
WP_056553592.1	iAF987.Gmet_0354	27.7	784	385	18	26	658	20	772	9.82e-56	204
WP_056553613.1	iLJ478.TM1138	39.6	270	144	3	19	269	9	278	1.14e-66	209
WP_056553613.1	iAF987.Gmet_1820	39.8	251	150	1	21	271	1	250	1.88e-62	197
WP_056553613.1	iJN1463.PP_1138	36.1	249	159	0	21	269	5	253	2.78e-60	192
WP_056553613.1	iPC815.YPO3805	37.1	251	158	0	19	269	4	254	2.78e-60	192
WP_056553633.1	iEK1008.Rv3777	54.6	328	141	3	1	323	4	328	2.48e-110	323
WP_056553639.1	iCN900.CD630_04870	30.3	271	167	8	2	260	5	265	1.25e-21	90.9
WP_056553639.1	iCHOv1.100756446	31.3	246	146	8	27	260	77	311	3.42e-21	90.5
WP_056553639.1	iJN1463.PP_3846	32.3	257	149	8	1	248	1	241	8.12e-20	85.9
WP_056553639.1	iAF987.Gmet_0710	29.4	228	132	7	56	261	62	282	2.97e-19	84.7
WP_056553713.1	iLB1027_lipid.PHATRDRAFT_44482	28.4	81	56	1	110	188	363	443	2.47e-06	47.0
WP_056553713.1	iCHOv1.100768542	31.5	73	48	1	120	190	328	400	5.88e-06	45.8
WP_056553713.1	iAT_PLT_636.6821	31.5	73	48	1	120	190	335	407	7.93e-06	45.4
WP_056553713.1	iMM1415.211389	31.5	73	48	1	120	190	329	401	7.91e-06	45.4
WP_056553816.1	iYO844.BSU32000	29.9	184	122	3	6	187	13	191	6.03e-10	57.4
WP_056553851.1	iAF692.Mbar_A0964	30.3	89	56	3	35	120	58	143	1.53e-06	45.4
WP_056553936.1	iEK1008.Rv3497c	30.7	179	120	2	10	186	16	192	7.29e-20	88.6
WP_056553954.1	iCN718.ABAYE_RS18820	29.3	208	124	5	39	230	38	238	8.85e-09	54.7
WP_056554006.1	iYS854.USA300HOU_RS11010	26.6	353	203	17	68	402	5	319	3.08e-06	48.5
WP_056554019.1	iAF987.Gmet_1988	52.4	271	129	0	7	277	4	274	1.59e-93	277
WP_056554019.1	iHN637.CLJU_RS12010	47.0	268	142	0	7	274	6	273	1.92e-84	254
WP_056554059.1	iEK1008.Rv0189c	79.7	561	108	3	18	572	15	575	2.13e-310	850
WP_056554126.1	iJN1463.PP_1645	39.8	118	67	2	1	116	1	116	2.39e-19	76.6
WP_056554150.1	iEK1008.Rv2881c	44.0	282	145	2	21	289	24	305	4.76e-65	206
WP_056554174.1	iEK1008.Rv2870c	55.8	412	158	7	2	411	12	401	9.00e-130	379
WP_056554197.1	iYS854.USA300HOU_RS06130	28.6	203	134	6	21	217	13	210	1.81e-19	87.8
WP_056554421.1	iYO844.BSU26640	28.2	177	121	2	177	353	5	175	1.41e-14	75.1
WP_056554421.1	iCN718.ABAYE_RS02690	24.7	361	230	12	173	512	4	343	2.84e-12	68.9
WP_056554473.1	iEK1008.Rv1485	46.0	352	157	10	6	349	3	329	4.91e-87	265
WP_056554490.1	iNF517.LLMG_RS11535	32.9	258	151	5	148	385	64	319	1.35e-28	114
WP_056554490.1	iAF987.Gmet_1639	31.9	251	147	6	152	383	70	315	1.12e-25	105
WP_056554490.1	iSynCJ816.SGL_RS12595	29.6	247	169	3	143	388	79	321	4.18e-25	104
WP_056554491.1	iHN637.CLJU_RS10220	28.6	283	163	5	118	374	45	314	1.05e-22	97.1
WP_056554491.1	iNF517.LLMG_RS11535	28.6	252	164	3	137	372	67	318	1.11e-22	97.1
WP_056554530.1	iEK1008.Rv1436	71.2	340	91	4	1	334	1	339	9.20e-162	454
WP_056554536.1	iEK1008.Rv1445c	41.3	240	128	5	12	239	7	245	4.88e-44	148
WP_056554606.1	iCN718.ABAYE_RS12975	33.4	347	188	8	1	311	1	340	5.03e-45	156
WP_056554606.1	iYO844.BSU09530	31.5	298	190	4	1	292	1	290	1.46e-42	149
WP_056554643.1	iEK1008.Rv2252	45.1	293	155	3	3	289	14	306	1.22e-73	228
WP_056554748.1	iAM_Pb448.PBANKA_071570	31.7	82	54	2	97	177	242	322	9.77e-04	38.9
WP_056554777.1	iEK1008.Rv1695	52.8	305	133	2	2	296	3	306	4.70e-102	301
WP_056554783.1	iEK1008.Rv1692	44.0	325	172	5	14	333	8	327	1.06e-69	221
WP_056554967.1	iEK1008.Rv1652	56.3	352	136	6	7	352	13	352	2.42e-121	353
WP_056554976.1	iAF987.Gmet_0043	26.7	236	155	10	120	343	41	270	2.54e-08	55.1
WP_056555014.1	iYO844.BSU33820	42.0	200	114	1	63	262	13	210	1.30e-39	136
WP_056555014.1	iYS854.USA300HOU_RS13265	42.0	200	114	1	63	262	10	207	1.55e-39	136
WP_056555014.1	iYS854.USA300HOU_RS03905	45.0	189	102	1	63	251	13	199	7.03e-37	135
WP_056555014.1	iYO844.BSU33720	43.0	200	112	1	63	262	13	210	3.64e-39	135
WP_056555048.1	iJN1463.PP_1213	49.1	584	266	9	1	565	1	572	5.82e-186	536
WP_056555048.1	iCN718.ABAYE_RS03490	48.7	596	271	11	1	575	1	582	6.87e-185	533
WP_056555048.1	iAF987.Gmet_1357	47.8	586	280	7	3	572	10	585	1.09e-181	525
WP_056555048.1	iYL1228.KPN_02380	48.3	598	274	11	2	578	1	584	3.34e-178	516
WP_056555048.1	iSynCJ816.SGL_RS08775	47.7	598	278	11	2	575	1	587	1.74e-176	512
WP_056555048.1	iPC815.YPO2053	47.3	596	283	7	2	578	1	584	1.36e-175	510
WP_056555048.1	iSbBS512_1146.SbBS512_E1106	47.0	596	285	8	2	578	1	584	2.38e-174	506
WP_056555048.1	iSDY_1059.SDY_1153	47.0	596	285	8	2	578	1	584	2.38e-174	506
WP_056555048.1	iSSON_1240.SSON_1275	47.0	596	285	8	2	578	1	584	3.37e-174	506
WP_056555048.1	STM_v1_0.STM1901	47.6	582	272	9	2	563	1	569	5.42e-173	503
WP_056555048.1	iSF_1195.SF1876	46.8	596	286	8	2	578	1	584	7.68e-173	503
WP_056555048.1	iYS854.USA300HOU_RS08675	46.3	588	288	9	3	572	4	581	1.06e-169	494
WP_056555068.1	iEK1008.Rv2604c	55.7	210	76	3	1	207	1	196	2.25e-70	212
WP_056555114.1	iJN1463.PP_5182	37.6	455	271	8	1	452	1	445	2.71e-98	302
WP_056555114.1	iJN1463.PP_2180	38.7	444	258	9	12	452	12	444	4.63e-96	296
WP_056555114.1	iJN1463.PP_4421	37.3	458	268	10	9	454	10	460	3.69e-88	276
WP_056555114.1	iAF987.Gmet_1580	40.0	385	226	3	18	398	16	399	9.09e-87	272
WP_056555118.1	iCN718.ABAYE_RS13050	38.3	475	280	6	6	470	25	496	2.27e-101	312
WP_056555118.1	iCN718.ABAYE_RS13085	36.5	485	281	7	6	473	26	500	2.76e-100	309
WP_056555188.1	iPC815.YPO3964	35.4	240	150	2	22	261	6	240	1.14e-46	163
WP_056555188.1	iPC815.YPO3907	37.8	241	143	3	22	261	4	238	1.00e-44	157
WP_056555188.1	iYO844.BSU35940	34.9	241	149	3	23	261	3	237	1.88e-43	154
WP_056555188.1	iML1515.b4485	35.7	263	162	4	22	283	9	265	7.85e-43	152
WP_056555188.1	iSF_1195.SF4262	35.7	263	162	4	22	283	9	265	7.85e-43	152
WP_056555188.1	iYL1228.KPN_04623	34.4	262	167	2	22	283	9	265	4.08e-42	150
WP_056555188.1	iSSON_1240.SSON_4410	34.4	262	167	2	22	283	9	265	5.68e-42	150
WP_056555345.1	iAF987.Gmet_2444	44.4	54	29	1	11	64	27	79	1.29e-04	43.1
WP_056555439.1	iYS854.USA300HOU_RS06195	40.6	64	37	1	10	72	6	69	4.73e-06	43.5
WP_056555439.1	iLB1027_lipid.PHATRDRAFT_31440	31.6	76	51	1	4	78	48	123	1.15e-04	40.8
WP_056555465.1	iLJ478.TM1253	42.9	599	310	10	1	590	1	576	1.27e-144	430
WP_056555465.1	iPC815.YPO2912	41.7	590	278	9	4	586	5	535	1.33e-134	403
WP_056555465.1	iCN718.ABAYE_RS14710	40.9	587	296	8	1	586	1	537	3.07e-133	399
WP_056555550.1	iEK1008.Rv2211c	57.0	372	147	4	2	371	18	378	1.95e-134	388
WP_056555584.1	iEK1008.Rv2187	50.2	592	268	6	22	595	17	599	4.90e-179	519
WP_056555653.1	iEK1008.Rv1602	59.7	206	75	3	13	217	5	203	1.54e-85	251
WP_056555731.1	iEK1008.Rv2671	38.4	232	115	7	8	214	29	257	2.21e-37	130
WP_056555733.1	iAF987.Gmet_1092	40.1	272	141	4	15	272	25	288	7.61e-57	184
WP_056555813.1	iJN1463.PP_4935	30.2	586	358	11	18	579	30	588	2.58e-59	207
WP_056555813.1	iPC815.YPO1395	29.2	565	370	11	30	579	26	575	2.30e-56	199
WP_056555813.1	iPC815.YPO3144	31.1	482	304	9	107	579	109	571	6.77e-56	198
WP_056555813.1	STM_v1_0.STM0984	29.7	495	326	8	93	579	95	575	1.61e-55	197
WP_056555813.1	iAF987.Gmet_2349	28.7	579	366	10	20	581	19	567	2.53e-55	196
WP_056555813.1	iYL1228.KPN_00941	28.9	568	368	12	30	579	26	575	5.88e-55	195
WP_056555813.1	iML1515.b0914	29.1	495	329	8	93	579	95	575	1.08e-53	192
WP_056555813.1	iSbBS512_1146.SbBS512_E2410	29.1	495	329	8	93	579	95	575	1.08e-53	192
WP_056555813.1	iSDY_1059.SDY_2344	29.1	495	329	8	93	579	95	575	1.08e-53	192
WP_056555813.1	iSF_1195.SF0910	29.1	495	329	8	93	579	95	575	2.83e-53	191
WP_056555813.1	iSSON_1240.SSON_0916	29.1	495	329	8	93	579	95	575	2.83e-53	191
WP_056555816.1	iEK1008.Rv3859c	63.8	1529	509	13	2	1498	3	1518	0.0	1865
WP_056555865.1	iEK1008.Rv3495c	35.3	303	189	4	13	308	3	305	1.03e-42	155
WP_056555917.1	iEK1008.Rv2139	57.3	323	117	6	16	329	14	324	1.86e-108	320
WP_056555928.1	iEK1008.Rv2589	72.6	442	112	2	9	441	6	447	1.97e-222	617
WP_056555984.1	iYL1228.KPN_00409	62.9	340	125	1	10	348	4	343	1.02e-157	446
WP_056556016.1	iYO844.BSU29710	42.9	326	180	2	18	337	6	331	9.95e-86	265
WP_056556019.1	iEK1008.Rv0500	44.9	285	134	2	12	273	6	290	1.25e-57	186
WP_056556076.1	iAF987.Gmet_0495	44.4	135	73	2	27	160	7	140	6.77e-30	107
WP_056556076.1	iYL1228.KPN_00142	45.2	135	72	2	27	160	6	139	1.25e-29	106
WP_056556076.1	iSSON_1240.SSON_0154	43.8	137	75	2	25	160	4	139	2.78e-28	103
WP_056556076.1	iYS854.USA300HOU_RS02645	42.3	130	74	1	24	153	3	131	2.70e-28	103
WP_056556076.1	iML1515.b0142	43.8	137	75	2	25	160	4	139	3.92e-28	102
WP_056556076.1	iSDY_1059.SDY_0158	43.8	137	75	2	25	160	4	139	3.92e-28	102
WP_056556076.1	STM_v1_0.STM0183	42.9	133	74	2	25	156	4	135	5.53e-28	102
WP_056556076.1	iSF_1195.SF0134	43.1	137	76	2	25	160	4	139	2.19e-27	100
WP_056556076.1	iSynCJ816.SGL_RS02755	39.6	154	90	2	25	177	16	167	1.09e-26	100
WP_056556076.1	iPC815.YPO3400	39.9	153	90	2	27	178	6	157	4.36e-27	100
WP_056556076.1	iYO844.BSU00790	44.2	129	71	1	25	153	5	132	7.59e-27	99.8
WP_056556076.1	iSbBS512_1146.SbBS512_E0133	43.1	137	76	2	25	160	4	139	6.16e-27	99.8
WP_056556076.1	iCN900.CD630_14520	37.8	135	83	1	22	156	1	134	1.55e-26	99.0
WP_056556076.1	iEK1008.Rv3606c	39.3	150	76	4	24	163	3	147	5.08e-26	98.2
WP_056556110.1	iLJ478.TM1169	31.4	258	150	4	1	255	1	234	2.59e-25	99.8
WP_056556165.1	iEK1008.Rv3396c	71.7	512	142	2	8	519	17	525	1.84e-259	717
WP_056556185.1	iEK1008.Rv3411c	64.5	498	171	4	6	502	37	529	3.57e-220	617
WP_056556215.1	iNF517.LLMG_RS01735	36.5	249	152	4	26	270	14	260	9.06e-46	156
WP_056556215.1	iYS854.USA300HOU_RS02335	35.2	230	147	2	47	274	20	249	7.05e-43	148
WP_056556215.1	iNF517.LLMG_RS01730	34.0	235	149	4	51	281	38	270	2.63e-40	142
WP_056556297.1	iML1515.b4086	28.6	297	211	1	33	329	31	326	7.76e-36	132
WP_056556297.1	iPC815.YPO2499	32.1	293	196	3	34	326	38	327	6.44e-32	121
WP_056556312.1	iCN900.CD630_15820	42.7	403	227	3	20	419	17	418	3.39e-108	325
WP_056556314.1	iAF987.Gmet_1601	40.2	256	141	3	11	266	3	246	2.24e-46	155
WP_056556314.1	iYS854.USA300HOU_RS06185	37.7	252	144	4	16	266	5	244	1.67e-45	152
WP_056556314.1	iHN637.CLJU_RS20765	37.0	254	147	3	14	266	7	248	2.07e-44	150
WP_056556319.1	iEK1008.Rv0374c	47.1	155	76	1	14	168	3	151	2.53e-44	143
WP_056556319.1	iAF987.Gmet_2135	46.1	154	76	1	14	167	16	162	1.18e-42	139
WP_056556319.1	iCN900.CD630_20880	43.3	157	82	1	14	170	4	153	1.61e-39	131
WP_056556489.1	iMM1415.80911	32.7	565	323	12	80	616	107	642	1.01e-70	241
WP_056556489.1	iCHOv1.100767060	41.0	361	205	4	80	432	209	569	1.22e-69	241
WP_056556489.1	iMM1415.11430	33.3	511	320	9	122	629	129	621	2.08e-66	229
WP_056556489.1	iCHOv1.100689199	32.3	511	325	8	122	629	129	621	3.90e-65	226
WP_056556537.1	iHN637.CLJU_RS05480	29.6	142	88	6	75	208	44	181	4.21e-07	50.1
WP_056556579.1	STM_v1_0.STM0659	36.6	489	288	8	4	485	7	480	1.10e-92	296
WP_056556579.1	iSSON_1240.SSON_0604	38.4	466	257	10	4	458	7	453	6.37e-90	288
WP_056556579.1	iML1515.b0650	38.2	466	258	10	4	458	7	453	1.76e-89	287
WP_056556579.1	iSbBS512_1146.SbBS512_E0599	37.8	465	259	10	5	458	8	453	3.70e-88	284
WP_056556620.1	iSynCJ816.SGL_RS14865	38.5	252	148	2	3	253	5	250	4.42e-51	167
WP_056556620.1	iSynCJ816.SGL_RS16015	36.3	245	154	2	10	253	29	272	7.00e-49	162
WP_056556664.1	iEK1008.Rv0535	58.4	262	100	4	6	263	8	264	3.44e-104	303
WP_056556749.1	iYO844.BSU19710	32.1	411	257	7	13	414	23	420	4.26e-57	193
WP_056556941.1	iEK1008.Rv3817	30.0	160	84	6	80	236	73	207	3.25e-08	53.1
WP_056557083.1	iCN718.ABAYE_RS04670	49.1	342	161	5	33	362	25	365	7.82e-102	305
WP_056572770.1	iML1515.b2542	29.7	347	203	11	1	321	1	332	4.67e-27	110
WP_056572770.1	iSSON_1240.SSON_2624	29.7	347	203	11	1	321	1	332	2.26e-26	108
WP_056572770.1	iYS854.USA300HOU_RS12975	29.9	281	180	7	1	266	1	279	1.50e-25	108
WP_056572773.1	iAF987.Gmet_3492	37.9	58	33	2	4	61	6	60	1.07e-05	38.5
WP_056572773.1	iAF987.Gmet_0148	33.9	59	35	2	3	61	5	59	3.44e-05	37.0
WP_056572776.1	iYL1228.KPN_04788	35.6	177	101	5	80	252	52	219	3.45e-22	93.2
WP_056572776.1	STM_v1_0.STM1101	34.0	191	111	6	67	252	218	398	5.27e-19	86.7
WP_056572776.1	iSbBS512_1146.SbBS512_E4890	32.8	174	110	4	80	252	231	398	2.40e-18	84.7
WP_056572776.1	iSF_1195.SF4384	32.8	174	110	4	80	252	231	398	2.40e-18	84.7
WP_056572776.1	iSSON_1240.SSON_4499	32.8	174	110	4	80	252	231	398	2.40e-18	84.7
WP_056572822.1	iYS854.USA300HOU_RS13885	40.3	62	36	1	32	92	6	67	1.08e-09	49.7
WP_056572827.1	iEK1008.Rv0930	44.1	288	153	5	67	351	16	298	1.05e-70	223
WP_056572830.1	iEK1008.Rv0929	43.7	302	156	5	16	305	18	317	7.45e-63	201
WP_056572830.1	iAF987.Gmet_2702	41.3	300	151	7	21	306	19	307	7.77e-58	188
WP_056572830.1	iSynCJ816.SGL_RS14195	40.2	296	167	4	21	310	23	314	1.15e-56	185
WP_056572832.1	iEK1008.Rv0932c	36.9	325	193	7	46	362	49	369	1.22e-47	165
WP_056572832.1	iEK1008.Rv0928	37.2	328	188	6	45	362	50	369	6.93e-46	160
WP_056572832.1	iSynCJ816.SGL_RS14200	36.8	329	174	8	45	358	61	370	7.44e-43	152
WP_056572835.1	iMM1415.66401	36.4	99	54	4	7	99	3	98	2.05e-07	49.3
WP_056572835.1	iCHOv1.100769146	31.5	130	79	5	7	130	22	147	3.76e-07	48.9
WP_056572835.1	iAM_Pf480.PF3D7_0520600	31.3	80	51	2	43	119	44	122	8.86e-06	44.7
WP_056572842.1	iEK1008.Rv0819	38.5	296	150	8	2	266	17	311	5.07e-49	164
WP_056572845.1	iML1515.b2371	33.7	407	226	9	3	400	6	377	5.14e-69	222
WP_056572863.1	iMM904.YGR209C	25.4	71	51	1	58	126	7	77	1.77e-04	38.5
WP_056572868.1	iEK1008.Rv3117	69.6	257	78	0	1	257	20	276	2.01e-139	392
WP_056572868.1	iEK1008.Rv0815c	69.6	257	78	0	1	257	20	276	2.01e-139	392
WP_056572871.1	iYS854.USA300HOU_RS12505	31.6	247	134	8	28	264	5	226	2.31e-18	84.3
WP_056572883.1	iEK1008.Rv3255c	35.4	407	230	8	1	379	1	402	2.64e-65	213
WP_056572883.1	iYL1228.KPN_01515	35.7	401	223	11	1	379	1	388	2.42e-61	202
WP_056572883.1	iSbBS512_1146.SbBS512_E1799	35.3	402	223	12	1	379	1	388	3.87e-59	196
WP_056572883.1	iSDY_1059.SDY_1829	35.3	402	223	12	1	379	1	388	3.87e-59	196
WP_056572883.1	iSSON_1240.SSON_1547	35.3	402	223	12	1	379	1	388	3.87e-59	196
WP_056572883.1	iML1515.b1613	35.3	402	223	12	1	379	1	388	5.43e-59	196
WP_056572883.1	iSF_1195.SF1636	35.3	402	223	12	1	379	1	388	5.43e-59	196
WP_056572886.1	iAF987.Gmet_1104	37.3	362	210	8	14	368	1	352	4.10e-61	200
WP_056572898.1	iAF692.Mbar_A2310	31.9	47	32	0	98	144	3	49	5.08e-05	40.4
WP_056572898.1	iJN1463.PP_0510	50.0	26	13	0	98	123	28	53	7.47e-04	39.3
WP_056572908.1	iYS854.USA300HOU_RS12355	31.0	184	121	3	19	199	1	181	6.88e-15	69.3
WP_056572908.1	iHN637.CLJU_RS12040	30.2	179	112	4	17	194	6	172	9.17e-14	66.2
WP_056572916.1	iSynCJ816.SGL_RS14835	29.7	145	81	4	51	183	218	353	7.29e-05	43.1
WP_056572932.1	iSynCJ816.SGL_RS11800	33.8	222	127	9	21	234	50	259	7.24e-18	81.6
WP_056572932.1	iLB1027_lipid.PHATRDRAFT_20470	26.7	288	185	10	10	284	31	305	1.36e-17	80.9
WP_056572935.1	iEK1008.Rv0099	27.4	503	256	19	15	456	68	522	1.90e-14	75.1
WP_056572935.1	STM_v1_0.STM2305	29.4	269	144	11	143	392	139	380	3.62e-14	73.9
WP_056572935.1	iEK1008.Rv0119	27.1	402	234	13	64	411	73	469	1.79e-13	72.0
WP_056572935.1	iYO844.BSU30790	24.4	430	283	14	5	405	9	425	2.19e-13	71.6
WP_056572935.1	iEK1008.Rv3089	27.1	450	278	13	4	412	7	447	2.20e-12	68.6
WP_056572935.1	iJN1463.PP_2795	26.3	520	295	21	5	454	26	527	2.38e-12	68.6
WP_056572996.1	iAF987.Gmet_2318	40.6	202	111	1	1	193	5	206	3.19e-46	151
WP_056572996.1	iYL1228.KPN_01096	43.7	206	108	5	1	199	6	210	3.22e-45	149
WP_056572996.1	iYO844.BSU00280	36.6	202	123	1	1	197	6	207	7.98e-43	142
WP_056572996.1	iML1515.b1098	42.6	204	109	5	1	197	6	208	1.85e-41	139
WP_056572996.1	iSbBS512_1146.SbBS512_E2226	42.6	204	109	5	1	197	6	208	1.85e-41	139
WP_056572996.1	iSDY_1059.SDY_2052	42.6	204	109	5	1	197	6	208	1.85e-41	139
WP_056572996.1	iSF_1195.SF1102	42.6	204	109	5	1	197	6	208	1.85e-41	139
WP_056572996.1	iSSON_1240.SSON_1118	42.6	204	109	5	1	197	6	208	1.85e-41	139
WP_056572996.1	iPC815.YPO1605	42.6	202	110	4	1	197	6	206	1.01e-40	137
WP_056573013.1	iYO844.BSU03070	25.1	414	292	7	9	417	12	412	4.34e-29	119
WP_056573037.1	iCHOv1.100766362	29.9	134	63	6	143	254	287	411	3.61e-04	41.2
WP_056573037.1	iMM1415.73166	29.1	134	64	6	143	254	287	411	3.61e-04	41.2
WP_056573065.1	iAT_PLT_636.2184	43.1	415	196	11	1	383	6	412	4.18e-100	303
WP_056573065.1	iMM1415.14085	41.2	410	211	8	1	383	6	412	3.01e-97	295
WP_056573065.1	iCN718.ABAYE_RS00895	42.2	384	198	6	1	360	11	394	3.90e-93	285
WP_056573065.1	iJN1463.PP_4620	44.0	391	185	10	6	364	19	407	4.24e-91	280
WP_056573073.1	iAT_PLT_636.3242	42.8	369	186	4	46	398	21	380	1.65e-99	301
WP_056573073.1	iMM1415.15445	43.4	371	181	5	46	398	21	380	2.33e-99	300
WP_056573073.1	iCHOv1.100768220	43.7	371	180	5	46	398	21	380	6.58e-99	299
WP_056573076.1	iEK1008.Rv0858c	55.5	389	165	4	6	387	4	391	1.38e-140	405
WP_056573079.1	iEK1008.Rv0772	56.3	428	172	3	1	419	1	422	1.69e-148	427
WP_056573082.1	iEK1008.Rv0777	70.2	473	140	1	4	476	1	472	8.17e-220	613
WP_056573089.1	iAF987.Gmet_3011	32.6	282	183	4	6	282	7	286	2.17e-31	117
WP_056573089.1	iYO844.BSU07990	32.2	283	186	4	1	278	1	282	2.28e-29	112
WP_056573089.1	STM_v1_0.STM3248	30.8	286	193	3	1	282	3	287	2.88e-27	107
WP_056573107.1	iAF987.Gmet_1914	36.3	113	68	2	17	127	3	113	1.45e-10	60.5
WP_056573107.1	iAF987.Gmet_1919	35.8	120	65	3	19	132	6	119	1.18e-10	60.5
WP_056573110.1	iCN718.ABAYE_RS13930	29.7	390	228	12	29	408	76	429	4.19e-39	147
WP_056573110.1	iJN1463.PP_1304	28.8	386	246	8	29	412	76	434	9.57e-38	144
WP_056573110.1	iYL1228.KPN_03113	28.4	380	244	7	29	408	79	430	3.26e-38	144
WP_056573110.1	iSynCJ816.SGL_RS10925	28.6	392	226	11	32	413	50	397	4.54e-37	139
WP_056573110.1	iEK1008.Rv1286	26.9	402	261	9	15	410	40	414	2.61e-34	134
WP_056573113.1	iYO844.BSU03070	23.8	378	272	6	19	389	51	419	1.94e-24	105
WP_056573118.1	iEK1008.Rv1400c	35.4	206	129	3	66	268	80	284	1.67e-25	103
WP_056573118.1	iEK1008.Rv0217c	33.1	242	147	3	36	277	45	271	4.59e-25	101
WP_056573118.1	iEK1008.Rv1399c	34.4	212	134	2	73	279	83	294	8.09e-24	98.6
WP_056573118.1	iEK1008.Rv2970c	29.3	283	174	7	6	279	85	350	7.52e-22	94.0
WP_056573121.1	iCN718.ABAYE_RS14020	21.7	267	191	7	6	263	71	328	4.66e-09	55.8
WP_056573121.1	iJN1463.PP_0553	34.2	117	69	3	9	124	127	236	1.62e-08	54.3
WP_056573121.1	iEK1008.Rv0134	25.9	239	155	8	42	264	62	294	1.05e-07	51.6
WP_056573121.1	iEK1008.Rv3203	33.3	147	91	4	39	184	2	142	9.07e-08	51.2
WP_056573124.1	iCN900.CD630_31950	32.8	844	450	20	11	778	4	806	4.25e-118	375
WP_056573130.1	iML1515.b4093	41.8	67	39	0	520	586	78	144	2.42e-07	50.1
WP_056573133.1	iYL1228.KPN_01542	27.3	238	147	9	11	237	3	225	8.10e-04	39.7
WP_056573150.1	iEK1008.Rv3696c	63.1	501	180	4	6	502	16	515	3.75e-225	629
WP_056573172.1	iEK1008.Rv1285	67.3	309	95	2	4	312	30	332	2.19e-143	407
WP_056573181.1	iEK1008.Rv3203	35.3	102	53	3	79	179	20	109	1.09e-05	44.7
WP_056573205.1	iEK1008.Rv2610c	31.0	393	218	16	1	364	1	369	3.99e-16	78.6
WP_056573211.1	iAF692.Mbar_A0131	29.5	281	181	8	201	465	44	323	6.86e-22	95.9
WP_056573214.1	iML1515.b0628	25.1	175	110	6	125	292	97	257	3.90e-04	41.6
WP_056573214.1	iSbBS512_1146.SbBS512_E0542	25.1	175	110	6	125	292	97	257	3.90e-04	41.6
WP_056573214.1	iSDY_1059.SDY_0550	25.1	175	110	6	125	292	97	257	3.90e-04	41.6
WP_056573214.1	iSF_1195.SF0653	25.1	175	110	6	125	292	97	257	3.90e-04	41.6
WP_056573214.1	iSSON_1240.SSON_0582	25.1	175	110	6	125	292	97	257	3.90e-04	41.6
WP_056573226.1	iYO844.BSU22610	28.3	360	230	8	8	343	9	364	3.53e-26	107
WP_056573226.1	iJN1463.PP_1770	35.0	274	137	7	8	254	17	276	3.91e-25	106
WP_056573226.1	iAF987.Gmet_0863	33.7	246	140	7	9	236	9	249	2.88e-23	97.4
WP_056573226.1	iEK1008.Rv3754	32.2	208	140	1	58	265	47	253	5.09e-23	97.1
WP_056573233.1	iCN900.CD630_12150	31.4	338	231	1	33	369	17	354	1.30e-58	194
WP_056573243.1	iLJ478.TM1429	54.0	226	96	4	1	223	9	229	5.83e-75	226
WP_056573264.1	iPC815.YPO0565	39.2	51	31	0	30	80	18	68	2.41e-07	47.0
WP_056573264.1	iAF987.Gmet_0988	38.2	68	35	2	45	112	47	107	1.24e-06	45.4
WP_056573264.1	iYL1228.KPN_00103	35.4	65	40	1	17	81	7	69	9.22e-07	45.4
WP_056573264.1	iSSON_1240.SSON_2312	32.3	99	50	4	11	106	12	96	4.00e-06	43.9
WP_056573264.1	iML1515.b2251	31.3	99	51	4	11	106	12	96	1.05e-05	42.7
WP_056573264.1	iPC815.YPO2167	42.9	63	35	1	18	80	4	65	8.71e-06	42.7
WP_056573264.1	STM_v1_0.STM2295	32.7	101	47	4	11	106	12	96	1.45e-05	42.4
WP_056573277.1	iJN1463.PP_2488	45.4	456	236	4	4	447	3	457	9.39e-127	375
WP_056573277.1	iYL1228.KPN_04772	44.2	452	239	3	4	444	3	452	4.41e-123	365
WP_056573277.1	iSynCJ816.SGL_RS12900	42.4	451	246	5	5	444	4	451	1.44e-112	338
WP_056573277.1	iEK1008.Rv0234c	42.9	452	245	4	5	444	58	508	1.62e-111	337
WP_056573278.1	iML1515.b2661	47.1	469	243	4	20	485	14	480	3.47e-137	404
WP_056573278.1	iSSON_1240.SSON_2805	47.1	469	243	4	20	485	14	480	6.94e-137	403
WP_056573278.1	iJN1463.PP_0213	47.2	468	240	5	21	485	15	478	4.20e-135	398
WP_056573278.1	iYL1228.KPN_00256	46.1	469	248	4	20	485	14	480	8.17e-133	392
WP_056573278.1	iMM1415.214579	47.8	469	238	5	20	483	52	518	1.69e-131	390
WP_056573278.1	STM_v1_0.STM2791	45.5	468	252	3	20	485	14	480	6.55e-132	390
WP_056573278.1	iCN718.ABAYE_RS11770	43.6	450	252	2	34	482	29	477	2.38e-127	379
WP_056573278.1	iAT_PLT_636.7915	45.7	481	243	6	20	483	64	543	1.33e-125	376
WP_056573278.1	iAF987.Gmet_3395	44.3	460	254	2	27	485	23	481	3.33e-124	370
WP_056573281.1	iYO844.BSU03070	26.6	384	264	9	37	411	42	416	3.17e-28	117
WP_056573284.1	iCHOv1.100773401	40.9	193	100	3	9	189	9	199	3.44e-31	117
WP_056573284.1	iMM1415.235033	39.4	193	103	3	9	189	9	199	1.06e-29	113
WP_056573284.1	iMM1415.15485	40.1	252	128	7	7	238	5	253	3.27e-27	107
WP_056573284.1	iCHOv1.100750866	39.3	257	127	8	5	238	3	253	5.23e-27	106
WP_056573286.1	iYL1228.KPN_02743	27.2	394	260	10	22	402	11	390	4.98e-26	108
WP_056573286.1	iPC815.YPO2982	26.6	410	285	10	17	419	8	408	4.16e-25	105
WP_056573286.1	STM_v1_0.STM2408	26.5	396	264	10	30	412	19	400	8.04e-25	105
WP_056573286.1	iSF_1195.SF2457	25.8	391	273	8	30	412	19	400	1.26e-23	101
WP_056573286.1	iML1515.b2392	26.8	396	263	10	30	412	19	400	1.71e-23	101
WP_056573286.1	iSbBS512_1146.SbBS512_E2760	26.8	396	263	10	30	412	19	400	1.71e-23	101
WP_056573286.1	iSSON_1240.SSON_2484	26.8	396	263	10	30	412	19	400	1.71e-23	101
WP_056573286.1	iSDY_1059.SDY_2588	27.0	400	257	11	30	412	19	400	2.32e-23	100
WP_056573286.1	iYO844.BSU04360	25.6	407	269	12	24	412	25	415	4.80e-23	100
WP_056573300.1	iJN1463.PP_1765	30.8	107	56	2	22	110	11	117	1.42e-05	43.9
WP_056573300.1	iSbBS512_1146.SbBS512_E2607	31.6	95	48	3	13	90	8	102	2.69e-05	43.1
WP_056573300.1	iSF_1195.SF2312	31.6	95	48	3	13	90	8	102	2.69e-05	43.1
WP_056573300.1	iSSON_1240.SSON_2290	31.6	95	48	3	13	90	8	102	2.69e-05	43.1
WP_056573300.1	iCN718.ABAYE_RS19010	35.1	74	35	1	22	82	13	86	3.59e-05	42.7
WP_056573300.1	iYL1228.KPN_02641	33.3	84	41	2	22	90	19	102	4.95e-05	42.4
WP_056573300.1	iML1515.b2232	30.9	94	48	3	14	90	9	102	1.21e-04	41.2
WP_056573300.1	iSDY_1059.SDY_2424	30.9	94	48	3	14	90	9	102	1.21e-04	41.2
WP_056573300.1	STM_v1_0.STM2276	32.1	84	42	2	22	90	19	102	1.65e-04	40.8
WP_056573303.1	iEK1008.Rv0562	53.4	324	150	1	4	326	10	333	7.89e-102	302
WP_056573309.1	iEK1008.Rv3156	59.5	629	243	4	6	629	11	632	9.86e-245	689
WP_056573313.1	iEK1008.Rv3154	52.0	225	104	1	4	228	21	241	1.17e-63	199
WP_056573316.1	iEK1008.Rv3152	58.4	406	156	7	5	407	4	399	7.11e-155	443
WP_056573319.1	iEK1008.Rv3151	58.0	811	312	9	14	815	15	805	7.46e-305	856
WP_056573326.1	iEK1008.Rv3149	61.3	204	78	1	18	220	43	246	1.70e-85	256
WP_056573334.1	iCHOv1.100772204	41.5	542	298	9	1	528	41	577	4.34e-125	378
WP_056573334.1	iMM1415.218865	41.7	542	297	7	1	528	38	574	1.12e-124	377
WP_056573334.1	iML1515.b0311	39.3	535	308	9	6	528	3	532	7.09e-112	343
WP_056573337.1	iEK1008.Rv0555	40.7	570	265	13	6	522	4	553	3.83e-100	312
WP_056573355.1	iAF987.Gmet_0798	36.2	207	126	1	3	209	2	202	2.69e-28	105
WP_056573355.1	iAF692.Mbar_A2583	34.3	210	131	2	1	208	1	205	4.31e-27	102
WP_056573359.1	iAF987.Gmet_0880	31.8	311	195	6	2	304	5	306	5.00e-31	121
WP_056573373.1	iSynCJ816.SGL_RS06545	45.6	496	259	6	14	500	11	504	5.28e-133	394
WP_056573373.1	iNF517.LLMG_RS01995	44.5	483	263	5	16	495	1	481	3.26e-133	394
WP_056573373.1	iYS854.USA300HOU_RS02655	42.9	499	271	7	10	500	3	495	4.87e-127	379
WP_056573373.1	iLB1027_lipid.PHATRDRAFT_32202	43.1	483	262	8	28	500	3	482	7.35e-121	362
WP_056573386.1	iEK1008.Rv3602c	55.1	254	109	3	21	273	33	282	1.43e-78	240
WP_056573386.1	iAF987.Gmet_1643	51.3	279	117	6	5	273	7	276	2.79e-72	223
WP_056573386.1	iML1515.b0133	48.5	274	135	4	9	278	11	282	1.44e-69	216
WP_056573388.1	iCN900.CD630_15140	25.7	222	160	4	36	252	9	230	2.67e-09	57.0
WP_056573391.1	iYO844.BSU35550	38.0	100	61	1	27	125	6	105	1.86e-15	75.9
WP_056573391.1	iML1515.b1022	37.8	98	58	2	27	122	75	171	7.44e-14	73.2
WP_056573391.1	iYS854.USA300HOU_RS01340	28.3	205	135	6	30	230	5	201	1.03e-13	73.2
WP_056573391.1	iYO844.BSU35680	32.5	126	80	3	30	150	11	136	3.18e-13	72.0
WP_056573391.1	iSbBS512_1146.SbBS512_E4050	31.2	93	64	0	27	119	6	98	3.88e-13	70.1
WP_056573391.1	iSSON_1240.SSON_3782	31.2	93	64	0	27	119	6	98	3.88e-13	70.1
WP_056573394.1	iEK1008.Rv1559	61.3	416	152	5	18	431	21	429	2.88e-159	456
WP_056573409.1	iJN1463.PP_2230	35.7	941	550	22	11	921	34	949	1.77e-123	398
WP_056573414.1	iYO844.BSU35720	38.7	393	219	7	694	1072	359	743	2.33e-78	272
WP_056573414.1	iYS854.USA300HOU_RS01320	38.8	374	219	6	706	1072	18	388	8.21e-81	268
WP_056573417.1	iJN1463.PP_5365	39.8	407	205	10	25	425	48	420	1.78e-80	254
WP_056573417.1	iAF987.Gmet_2187	38.8	433	242	11	7	430	15	433	4.05e-77	246
WP_056573420.1	iCHOv1.100769920	24.4	377	241	13	90	444	141	495	2.62e-22	99.0
WP_056573420.1	iMM1415.74754	24.1	377	242	13	90	444	155	509	3.92e-21	95.5
WP_056573426.1	iPC815.YPO2984	36.4	253	147	6	5	248	6	253	2.16e-45	159
WP_056573426.1	iYO844.BSU00920	38.4	258	132	9	5	240	8	260	1.00e-44	157
WP_056573426.1	iSynCJ816.SGL_RS14665	39.8	256	135	8	5	242	6	260	1.95e-44	156
WP_056573426.1	iAF987.Gmet_1736	36.6	257	139	7	5	246	7	254	2.81e-44	155
WP_056573426.1	iML1515.b2400	35.6	253	149	6	5	248	6	253	8.80e-42	149
WP_056573426.1	iSbBS512_1146.SbBS512_E2779	35.6	253	149	6	5	248	6	253	8.80e-42	149
WP_056573426.1	iSF_1195.SF2462	35.6	253	149	6	5	248	6	253	8.80e-42	149
WP_056573426.1	iSSON_1240.SSON_2491	35.6	253	149	6	5	248	6	253	8.80e-42	149
WP_056573426.1	iMM904.YOL033W	35.5	259	151	5	5	247	48	306	3.04e-41	149
WP_056573426.1	STM_v1_0.STM2415	35.6	253	149	6	5	248	6	253	1.23e-41	149
WP_056573426.1	iYL1228.KPN_02750	35.2	253	150	6	5	248	6	253	9.06e-41	146
WP_056573426.1	iSDY_1059.SDY_2600	35.2	250	154	5	5	248	6	253	8.92e-41	146
WP_056573426.1	iYS854.USA300HOU_RS02780	32.5	308	175	11	5	281	8	313	1.51e-39	143
WP_056573428.1	iYL1228.KPN_01542	31.0	245	160	5	22	266	12	247	1.37e-21	90.5
WP_056573431.1	iMM1415.12583	25.8	97	64	2	53	141	72	168	1.07e-04	40.8
WP_056573431.1	iCHOv1.100760315	25.3	95	63	2	55	141	2	96	3.53e-04	38.5
WP_056573444.1	iIS312.TCDM_03694	34.2	196	114	7	12	199	39	227	3.56e-17	79.7
WP_056573453.1	iEK1008.Rv3823c	31.5	273	173	6	86	354	152	414	6.20e-22	100
WP_056573453.1	iEK1008.Rv0202c	24.9	477	320	8	207	652	235	704	1.61e-20	96.3
WP_056573455.1	iEK1008.Rv0809	55.5	337	148	1	15	351	19	353	1.82e-131	380
WP_056573466.1	iAF987.Gmet_2246	36.7	498	299	6	31	520	24	513	6.80e-84	269
WP_056573466.1	iEK1008.Rv0166	36.4	506	296	10	22	517	40	529	5.19e-82	265
WP_056573471.1	iEK1008.Rv0803	66.8	753	244	4	12	758	2	754	0.0	987
WP_056573475.1	iCN718.ABAYE_RS14180	34.7	331	206	5	3	327	4	330	1.48e-48	169
WP_056573475.1	iML1515.b2542	33.4	407	248	10	3	398	6	400	1.38e-48	169
WP_056573475.1	iSSON_1240.SSON_2624	33.4	407	248	10	3	398	6	400	7.37e-48	167
WP_056573480.1	iSDY_1059.SDY_0018	43.5	382	204	5	26	401	10	385	6.78e-90	277
WP_056573480.1	iSbBS512_1146.SbBS512_E0019	43.5	382	204	5	26	401	10	385	9.57e-90	276
WP_056573480.1	iSSON_1240.SSON_0021	43.5	382	204	5	26	401	10	385	9.57e-90	276
WP_056573480.1	iSF_1195.SF0016	43.7	382	203	5	26	401	10	385	2.70e-89	275
WP_056573480.1	iML1515.b0019	43.7	382	203	5	26	401	10	385	3.81e-89	275
WP_056573480.1	STM_v1_0.STM0039	43.2	380	204	5	26	399	10	383	5.38e-89	275
WP_056573480.1	iYL1228.KPN_00016	41.5	386	214	5	26	405	14	393	1.65e-86	268
WP_056573480.1	iPC815.YPO0470	41.1	389	214	9	17	398	2	382	2.74e-81	255
WP_056573488.1	iEK1008.Rv1120c	48.3	145	74	1	55	199	7	150	3.59e-37	129
WP_056573491.1	iEK1008.Rv1319c	42.0	505	290	3	15	516	30	534	3.33e-111	340
WP_056573491.1	iEK1008.Rv1318c	42.9	504	286	2	15	516	30	533	7.89e-111	339
WP_056573491.1	iEK1008.Rv1320c	42.5	506	285	4	15	516	30	533	7.70e-105	325
WP_056573494.1	iEK1008.Rv3409c	60.3	572	215	5	4	563	4	575	2.40e-241	675
WP_056573499.1	iYS854.USA300HOU_RS01820	40.3	253	143	4	125	372	33	282	1.15e-50	171
WP_056573502.1	iAF987.Gmet_1706	35.2	125	76	2	9	130	3	125	1.67e-16	76.6
WP_056573502.1	iAF987.Gmet_1919	30.3	155	103	2	8	161	4	154	1.58e-14	71.2
WP_056573502.1	iAF987.Gmet_2999	32.8	122	77	2	9	125	10	131	4.19e-14	70.1
WP_056573502.1	iAF987.Gmet_1914	35.2	105	67	1	9	112	4	108	9.76e-14	69.3
WP_056573527.1	iJN1463.PP_0114	46.4	323	163	4	3	322	1	316	1.94e-86	264
WP_056573527.1	iYO844.BSU32750	43.7	334	182	5	3	334	1	330	4.68e-86	263
WP_056573527.1	iPC815.YPO1073	44.7	333	175	4	3	332	1	327	4.50e-84	258
WP_056573527.1	iYL1228.KPN_00213	43.0	344	172	5	3	334	1	332	6.36e-84	258
WP_056573527.1	iYS854.USA300HOU_RS02325	42.3	336	179	4	3	331	1	328	1.20e-83	257
WP_056573527.1	STM_v1_0.STM0247	44.3	332	175	6	3	329	1	327	8.10e-82	252
WP_056573527.1	iML1515.b0199	42.8	341	177	6	3	334	1	332	2.57e-80	248
WP_056573527.1	iSbBS512_1146.SbBS512_E0193	42.8	341	177	6	3	334	1	332	2.57e-80	248
WP_056573527.1	iSDY_1059.SDY_0218	42.8	341	177	6	3	334	1	332	2.57e-80	248
WP_056573527.1	iSSON_1240.SSON_0213	42.8	341	177	6	3	334	1	332	2.57e-80	248
WP_056573527.1	iSF_1195.SF0190	43.3	344	171	6	3	334	1	332	1.45e-79	246
WP_056573527.1	iJN1463.PP_0220	44.9	321	165	4	2	319	31	342	8.86e-79	245
WP_056573542.1	iCHOv1.100761441	37.7	353	206	6	14	358	126	472	5.10e-72	238
WP_056573542.1	iMM1415.20397	36.3	353	211	6	14	358	126	472	1.15e-68	229
WP_056573542.1	iLB1027_lipid.PHATRDRAFT_15730	34.2	386	240	7	12	392	18	394	1.41e-66	220
WP_056573547.1	iEK1008.Rv1207	66.3	288	93	1	5	288	31	318	4.07e-122	351
WP_056573574.1	iEK1008.Rv3761c	37.6	338	198	7	10	340	10	341	5.85e-56	186
WP_056573576.1	iYL1228.KPN_01475	35.7	258	157	4	15	265	5	260	5.95e-42	144
WP_056573576.1	iAF987.Gmet_2224	37.3	268	136	7	15	264	6	259	9.50e-40	138
WP_056573576.1	iML1515.b1394	34.2	257	160	4	15	264	5	259	5.97e-38	134
WP_056573576.1	iEK1008.Rv1070c	36.2	254	155	4	14	264	5	254	2.89e-37	132
WP_056573579.1	iLJ478.TM0958	28.4	236	150	6	21	243	88	317	1.02e-10	60.5
WP_056573579.1	iML1515.b3751	25.0	212	146	4	12	217	75	279	4.52e-09	55.5
WP_056573579.1	STM_v1_0.STM3884	25.5	212	145	4	12	217	75	279	4.52e-09	55.5
WP_056573579.1	iYO844.BSU35960	24.7	223	141	5	7	217	81	288	8.54e-09	54.7
WP_056573579.1	iYL1228.KPN_04156	25.0	212	146	4	12	217	75	279	8.23e-09	54.7
WP_056573582.1	iAF987.Gmet_1531	32.5	191	124	4	3	191	4	191	1.17e-23	94.0
WP_056573582.1	STM_v1_0.STM1195	29.9	201	134	3	1	200	1	195	2.26e-21	87.8
WP_056573582.1	iYL1228.KPN_01091	28.6	192	132	2	1	191	1	188	1.67e-20	85.5
WP_056573582.1	iML1515.b1093	29.4	201	135	3	1	200	1	195	3.25e-20	84.7
WP_056573582.1	iSbBS512_1146.SbBS512_E2231	29.4	201	135	3	1	200	1	195	3.25e-20	84.7
WP_056573582.1	iSF_1195.SF1097	29.4	201	135	3	1	200	1	195	3.25e-20	84.7
WP_056573582.1	iSSON_1240.SSON_1113	29.4	201	135	3	1	200	1	195	3.25e-20	84.7
WP_056573585.1	iJN1463.PP_2051	59.1	396	155	2	8	402	4	393	1.15e-145	419
WP_056573591.1	iYS854.USA300HOU_RS04825	42.2	64	36	1	10	72	25	88	4.24e-07	43.9
WP_056573591.1	iJN1463.PP_3275	41.3	75	43	1	9	83	40	113	8.35e-06	41.6
WP_056573603.1	iPC815.YPO0958	31.4	500	321	7	9	503	6	488	1.91e-84	270
WP_056573603.1	iNF517.LLMG_RS04060	29.7	499	334	6	9	505	3	486	3.13e-84	269
WP_056573603.1	iYO844.BSU35940	30.0	500	328	8	9	503	3	485	1.47e-81	262
WP_056573603.1	iHN637.CLJU_RS00620	29.0	511	343	8	7	512	4	499	1.01e-79	257
WP_056573603.1	iLJ478.TM0115	33.3	507	311	10	8	505	14	502	3.43e-79	256
WP_056573603.1	iLJ478.TM0956	32.5	514	319	10	8	508	12	510	1.43e-78	255
WP_056573603.1	iML1515.b3567	32.0	519	323	10	6	510	2	504	2.19e-78	254
WP_056573603.1	iSbBS512_1146.SbBS512_E3955	31.8	519	324	10	6	510	2	504	2.19e-78	254
WP_056573603.1	iML1515.b4485	32.8	488	314	4	8	493	9	484	1.20e-77	252
WP_056573603.1	iSF_1195.SF3611	31.8	519	324	10	6	510	2	504	1.67e-77	252
WP_056573603.1	iSSON_1240.SSON_4410	32.8	488	314	4	8	493	9	484	3.32e-77	251
WP_056573603.1	iCN900.CD630_03010	28.7	502	335	8	8	503	5	489	7.05e-77	250
WP_056573603.1	iPC815.YPO3964	32.1	498	322	6	8	503	6	489	1.10e-76	249
WP_056573603.1	iPC815.YPO3907	31.8	500	327	4	8	505	4	491	1.16e-76	249
WP_056573603.1	iSF_1195.SF4262	32.6	488	315	4	8	493	9	484	1.81e-76	249
WP_056573603.1	iYL1228.KPN_04623	32.8	488	314	4	8	493	9	484	3.55e-76	248
WP_056573603.1	iML1515.b4087	31.2	516	323	11	1	501	1	499	6.41e-76	248
WP_056573603.1	iML1515.b2149	30.8	490	319	7	5	489	10	484	5.80e-76	248
WP_056573603.1	STM_v1_0.STM2189	31.0	490	318	7	5	489	10	484	5.80e-76	248
WP_056573603.1	iSF_1195.SF2234	30.8	490	319	7	5	489	10	484	5.80e-76	248
WP_056573603.1	iSSON_1240.SSON_2205	30.8	490	319	7	5	489	10	484	5.80e-76	248
WP_056573603.1	iML1515.b3749	31.3	502	319	9	7	501	3	485	7.65e-75	244
WP_056573603.1	STM_v1_0.STM3882	31.1	502	320	9	7	501	3	485	1.50e-74	244
WP_056573603.1	iYL1228.KPN_04154	31.2	507	322	9	7	508	3	487	2.11e-74	243
WP_056573603.1	iYL1228.KPN_03931	31.9	520	318	11	8	510	4	504	2.84e-74	243
WP_056573603.1	iYL1228.KPN_02587	30.3	495	325	8	14	503	4	483	2.30e-74	243
WP_056573609.1	iJN1463.PP_0310	28.7	575	374	11	12	574	6	556	9.22e-73	247
WP_056573621.1	iEK1008.Rv0375c	29.9	254	154	7	17	259	4	244	2.21e-18	82.4
WP_056573625.1	iCHOv1.100760306	35.9	437	264	8	3	429	38	468	3.30e-74	239
WP_056573628.1	iCN900.CD630_19930	35.1	74	47	1	29	102	27	99	3.43e-08	47.8
WP_056573635.1	iYO844.BSU04520	23.4	389	236	12	30	393	13	364	8.29e-16	78.2
WP_056573638.1	iJN1463.PP_0238	48.1	374	169	3	1	371	1	352	4.04e-110	327
WP_056573638.1	iYO844.BSU08860	49.6	365	159	4	7	368	5	347	3.79e-109	324
WP_056573638.1	iYL1228.KPN_00971	48.5	371	166	4	1	368	1	349	2.04e-107	320
WP_056573638.1	iPC815.YPO3625	49.3	371	163	4	1	368	1	349	2.11e-107	320
WP_056573638.1	iML1515.b0935	47.7	371	169	4	1	368	1	349	6.03e-104	311
WP_056573638.1	iSF_1195.SF0934	47.7	373	166	5	1	368	1	349	1.94e-102	307
WP_056573645.1	iAF987.Gmet_0057	44.0	491	253	8	1	475	1	485	3.92e-121	362
WP_056573645.1	iSSON_1240.SSON_0492	44.3	474	243	10	3	472	2	458	6.86e-113	340
WP_056573645.1	STM_v1_0.STM0537	43.6	472	249	9	3	472	2	458	9.69e-113	340
WP_056573645.1	iSbBS512_1146.SbBS512_E0448	43.9	474	245	9	3	472	2	458	1.37e-112	340
WP_056573645.1	iYL1228.KPN_00482	43.6	475	245	8	3	472	2	458	1.93e-112	339
WP_056573645.1	iSF_1195.SF0457	43.9	474	245	9	3	472	2	458	7.71e-112	338
WP_056573645.1	iSDY_1059.SDY_0278	43.5	474	247	9	3	472	2	458	4.88e-110	333
WP_056573645.1	iPC815.YPO3073	42.7	475	249	8	3	472	2	458	2.75e-109	331
WP_056573645.1	iJN1463.PP_2905	42.1	475	254	9	3	474	2	458	7.51e-109	330
WP_056573648.1	iEK1008.Rv3581c	62.9	151	55	1	7	157	6	155	3.41e-56	173
WP_056573655.1	iLJ478.TM1724	41.2	245	138	2	9	248	3	246	2.84e-45	151
WP_056573655.1	iYL1228.KPN_01091	40.4	240	140	3	11	248	5	243	3.33e-43	146
WP_056573655.1	iML1515.b1093	38.3	240	145	2	11	248	5	243	8.11e-41	140
WP_056573655.1	iSbBS512_1146.SbBS512_E2231	38.3	240	145	2	11	248	5	243	8.11e-41	140
WP_056573655.1	iSF_1195.SF1097	38.3	240	145	2	11	248	5	243	8.11e-41	140
WP_056573655.1	iSSON_1240.SSON_1113	38.3	240	145	2	11	248	5	243	8.11e-41	140
WP_056573655.1	iSDY_1059.SDY_2057	38.3	240	145	2	11	248	5	243	1.61e-40	139
WP_056573655.1	STM_v1_0.STM1195	38.3	240	145	2	11	248	5	243	3.20e-40	138
WP_056573656.1	iLJ478.TM1724	38.1	247	144	4	6	250	7	246	1.62e-42	144
WP_056573656.1	iSynCJ816.SGL_RS07245	36.0	250	148	6	4	250	6	246	3.30e-42	144
WP_056573656.1	iYO844.BSU03930	36.0	247	151	4	6	249	9	251	1.14e-39	137
WP_056573656.1	iYO844.BSU15910	35.8	246	150	4	7	250	7	246	7.77e-40	137
WP_056573656.1	iLB1027_lipid.PHATRDRAFT_13073	34.5	252	156	5	3	250	5	251	1.85e-39	137
WP_056573656.1	iHN637.CLJU_RS20765	36.1	249	145	5	7	250	9	248	2.29e-39	136
WP_056573656.1	iYS854.USA300HOU_RS06185	35.2	244	150	4	7	248	5	242	5.76e-39	135
WP_056573656.1	iSDY_1059.SDY_2057	36.2	246	143	7	6	248	7	241	3.19e-38	133
WP_056573656.1	iML1515.b1093	36.2	246	143	7	6	248	7	241	8.89e-38	132
WP_056573656.1	iSbBS512_1146.SbBS512_E2231	36.2	246	143	7	6	248	7	241	8.89e-38	132
WP_056573656.1	iSF_1195.SF1097	36.2	246	143	7	6	248	7	241	8.89e-38	132
WP_056573656.1	iSSON_1240.SSON_1113	36.2	246	143	7	6	248	7	241	8.89e-38	132
WP_056573656.1	iYL1228.KPN_01091	36.2	246	143	7	6	248	7	241	1.76e-37	131
WP_056573656.1	STM_v1_0.STM1195	35.8	246	144	7	6	248	7	241	3.49e-37	130
WP_056573658.1	iEK1008.Rv1902c	26.4	311	198	7	23	329	9	292	9.80e-13	69.3
WP_056573658.1	iJN1463.PP_3165	24.2	393	247	11	40	409	35	399	1.36e-11	65.9
WP_056573664.1	iEK1008.Rv0489	63.6	247	88	1	2	248	4	248	1.07e-107	310
WP_056573664.1	iMM904.YKL152C	60.2	244	96	1	5	248	4	246	5.94e-102	296
WP_056573680.1	iCN900.CD630_27420	27.6	185	107	4	26	189	12	190	1.44e-15	72.8
WP_056573685.1	iMM904.YDL100C	26.9	171	101	8	10	163	23	186	6.31e-05	43.9
WP_056573709.1	iEK1008.Rv1005c	42.9	401	206	8	29	422	64	448	2.37e-68	234
WP_056573709.1	iPC815.YPO1773	39.2	393	221	6	35	418	70	453	1.57e-66	229
WP_056573709.1	iSF_1195.SF1416	39.8	405	224	9	12	409	52	443	2.35e-64	223
WP_056573709.1	STM_v1_0.STM1824	39.9	371	214	5	43	409	79	444	6.31e-64	222
WP_056573709.1	iSbBS512_1146.SbBS512_E2073	40.8	346	194	3	71	409	102	443	8.47e-64	221
WP_056573709.1	iYL1228.KPN_02328	39.7	385	220	7	32	409	62	441	1.11e-63	221
WP_056573709.1	iSSON_1240.SSON_1348	38.8	405	228	8	12	409	52	443	1.61e-63	221
WP_056573709.1	iSDY_1059.SDY_1718	40.5	346	195	3	71	409	102	443	4.20e-63	219
WP_056573709.1	iML1515.b1812	40.5	346	195	3	71	409	102	443	5.78e-63	219
WP_056573733.1	iML1515.b3003	50.9	279	133	4	5	282	16	291	5.16e-84	253
WP_056573739.1	iEK1008.Rv3505	29.3	379	243	8	1	363	1	370	1.97e-32	124
WP_056573739.1	iAF987.Gmet_2198	28.8	371	243	7	1	353	1	368	4.09e-32	124
WP_056573745.1	iYO844.BSU02750	33.5	218	143	2	4	220	8	224	2.28e-30	114
WP_056573745.1	iEK1008.Rv2936	30.1	289	183	5	14	290	22	303	6.59e-27	107
WP_056573773.1	iJN1463.PP_2514	34.1	126	78	2	34	156	56	179	4.79e-09	53.1
WP_056573786.1	iYO844.BSU33180	30.9	97	64	3	3	96	45	141	1.08e-04	42.4
WP_056573789.1	iEK1008.Rv1854c	39.5	390	219	9	10	385	13	399	3.52e-71	229
WP_056573789.1	iSynCJ816.SGL_RS08135	36.2	390	228	5	10	383	8	392	8.71e-71	228
WP_056573789.1	iEK1008.Rv0392c	37.8	392	223	9	11	385	14	401	4.95e-69	224
WP_056573798.1	iNF517.LLMG_RS01990	21.3	277	190	9	3	260	13	280	2.72e-06	47.8
WP_056573828.1	iEK1008.Rv3494c	26.8	325	230	5	7	324	7	330	9.17e-24	102
WP_056573855.1	iEK1008.Rv0092	31.5	289	184	3	137	411	362	650	1.85e-19	91.3
WP_056573855.1	iEK1008.Rv0103c	31.0	368	210	8	137	461	365	731	1.74e-17	85.1
WP_056573869.1	iCN900.CD630_19470	44.5	220	121	1	12	231	9	227	1.56e-61	193
WP_056573883.1	iYO844.BSU39780	33.8	302	188	6	12	311	9	300	3.54e-44	153
WP_056573883.1	iLB1027_lipid.PHATRDRAFT_44546	32.0	319	183	7	17	332	18	305	3.51e-41	145
WP_056573907.1	iEK1008.Rv0634c	29.3	198	100	9	30	225	44	203	1.26e-06	47.8
WP_056573907.1	iCN900.CD630_27420	27.4	175	93	7	55	227	48	190	3.70e-05	43.1
WP_056573913.1	iYL1228.KPN_00516	34.1	252	125	11	35	264	27	259	3.33e-16	77.0
WP_056573920.1	iCHOv1.100689420	26.0	223	132	8	10	206	35	250	6.64e-09	54.3
WP_056573925.1	iSynCJ816.SGL_RS11365	40.3	129	73	3	14	139	4	131	5.62e-26	94.7
WP_056573925.1	iAF987.Gmet_0521	41.2	136	65	6	14	139	5	135	2.91e-22	85.5
WP_056573933.1	iSynCJ816.SGL_RS13165	33.4	458	272	7	25	464	26	468	3.39e-64	214
WP_056573933.1	iAT_PLT_636.4129	31.7	458	287	9	24	466	7	453	2.32e-59	203
WP_056573933.1	iMM1415.109731	29.9	471	305	9	24	475	7	471	1.70e-58	201
WP_056573933.1	iCHOv1.100760815	31.1	454	305	7	19	466	387	838	7.72e-55	196
WP_056573933.1	iMM1415.17161	30.8	454	306	7	19	466	11	462	5.39e-56	194
WP_056573936.1	iYO844.BSU37170	42.8	376	211	4	11	385	5	377	1.44e-84	261
WP_056573936.1	iYO844.BSU24150	39.9	376	222	4	11	385	3	375	5.02e-79	247
WP_056573936.1	iAF987.Gmet_3306	41.8	378	213	4	11	385	4	377	5.16e-79	247
WP_056573936.1	iCN900.CD630_10540	40.6	367	214	4	20	385	13	376	2.73e-78	245
WP_056573936.1	iJN1463.PP_2216	40.3	377	219	5	11	385	3	375	2.50e-78	245
WP_056573936.1	iAT_PLT_636.34	38.7	375	224	4	12	383	46	417	1.61e-76	242
WP_056573936.1	iCHOv1.100763159	39.1	376	223	4	11	383	41	413	4.04e-76	241
WP_056573936.1	iCHOv1.100774097	38.7	359	216	4	25	382	48	403	2.73e-74	236
WP_056573952.1	iEK1008.Rv2486	40.2	249	128	4	4	240	7	246	2.73e-45	152
WP_056573977.1	iEK1008.Rv3913	33.3	336	189	6	234	569	16	316	2.64e-38	143
WP_056573980.1	iEK1008.Rv3772	48.3	354	163	8	7	351	6	348	3.97e-87	266
WP_056573993.1	iYL1228.KPN_00842	29.2	271	161	11	43	304	41	289	4.28e-09	56.2
WP_056574022.1	iIS312.TCDM_00278	39.3	435	253	4	2	432	97	524	6.90e-91	285
WP_056574039.1	iAF987.Gmet_2721	28.4	176	120	5	2	175	326	497	2.12e-11	66.2
WP_056574053.1	iSbBS512_1146.SbBS512_E0208	32.7	168	98	5	24	189	11	165	2.47e-17	77.4
WP_056574053.1	iSSON_1240.SSON_0226	32.7	168	98	5	24	189	11	165	2.47e-17	77.4
WP_056574053.1	iML1515.b0212	32.7	168	98	5	24	189	11	165	4.74e-17	76.6
WP_056574053.1	iJN1463.PP_4144	33.5	173	95	7	24	189	12	171	5.31e-17	76.6
WP_056574053.1	iSDY_1059.SDY_0231	32.7	168	98	5	24	189	11	165	4.74e-17	76.6
WP_056574053.1	iYL1228.KPN_00227	31.2	173	94	5	24	189	11	165	1.26e-16	75.5
WP_056574053.1	iSF_1195.SF0198	31.5	168	100	5	24	189	11	165	4.65e-16	73.9
WP_056574053.1	iEK1008.Rv2581c	32.3	164	90	4	56	198	49	212	8.36e-16	72.8
WP_056574053.1	STM_v1_0.STM0261	31.0	168	101	5	24	189	11	165	1.23e-15	72.8
WP_056574066.1	iYO844.BSU03950	29.4	109	74	2	12	117	12	120	6.55e-07	48.1
WP_056574083.1	iCN900.CD630_07170	40.6	64	33	1	43	106	8	66	3.08e-05	44.3
WP_056574083.1	iHN637.CLJU_RS11570	25.2	266	150	9	43	289	9	244	3.30e-05	44.3
WP_056574083.1	iAF692.Mbar_A0171	40.0	60	26	1	43	92	9	68	3.33e-04	41.2
WP_056574083.1	iHN637.CLJU_RS02400	32.9	76	32	2	43	108	9	75	4.44e-04	40.8
WP_056574083.1	iAF987.Gmet_0662	35.7	70	38	3	43	107	9	76	8.32e-04	40.0
WP_056574083.1	iSynCJ816.SGL_RS17655	41.0	39	23	0	43	81	8	46	8.25e-04	40.0
WP_056574102.1	iCN900.CD630_36640	27.5	193	127	3	149	328	70	262	6.79e-12	66.6
WP_056574111.1	iEK1008.Rv2895c	31.9	273	154	10	15	272	6	261	6.29e-27	105
WP_056574111.1	iML1515.b3070	32.2	261	144	10	16	270	18	251	9.56e-27	104
WP_056574159.1	iML1515.b3885	26.5	151	97	6	52	194	42	186	6.96e-06	44.7
WP_056574161.1	iYO844.BSU04520	27.5	356	230	12	24	370	28	364	8.06e-11	62.8
WP_056574173.1	iCN900.CD630_04310	27.1	498	330	6	2	498	5	470	1.16e-47	172
WP_056574194.1	iYO844.BSU25790	52.0	344	164	1	13	355	3	346	1.67e-121	353
WP_056574194.1	iAF987.Gmet_0520	52.5	341	162	0	8	348	3	343	6.20e-115	337
WP_056574199.1	iYO844.BSU14600	33.5	469	271	6	3	463	4	439	1.80e-62	209
WP_056574199.1	iYS854.USA300HOU_RS05465	34.4	474	248	10	3	463	4	427	1.42e-61	206
WP_056574231.1	iAF987.Gmet_2465	25.5	443	272	15	20	443	10	413	8.33e-28	115
WP_056574235.1	iSynCJ816.SGL_RS06105	33.1	139	88	1	270	408	139	272	6.97e-13	69.7
WP_056574235.1	iYS854.USA300HOU_RS05000	30.2	139	92	2	266	404	133	266	1.60e-11	65.5
WP_056574239.1	iEK1008.Rv1472	38.3	94	51	1	51	137	108	201	2.69e-07	49.3
WP_056574239.1	iCHOv1.100774025	34.4	96	55	2	57	145	124	218	1.02e-05	44.7
WP_056574239.1	iAT_PLT_636.549	33.3	99	58	2	54	145	136	233	1.05e-05	44.7
WP_056574239.1	iMM1415.11992	34.4	96	55	2	57	145	143	237	1.06e-05	44.7
WP_056574252.1	iEK1008.Rv1202	55.1	352	155	2	3	351	1	352	1.89e-126	366
WP_056574255.1	iNF517.LLMG_RS08950	27.7	195	123	5	1	182	1	190	1.36e-09	56.2
WP_056574255.1	iJN1463.PP_2794	33.3	195	114	5	7	190	15	204	9.42e-09	53.9
WP_056574258.1	iCN718.ABAYE_RS11380	28.5	242	142	6	4	218	8	245	2.91e-19	82.8
WP_056574258.1	iEK1008.Rv1483	31.9	232	130	8	5	216	19	242	2.92e-16	74.7
WP_056574267.1	iHN637.CLJU_RS15035	29.9	274	156	7	52	319	28	271	2.88e-25	103
WP_056574267.1	iHN637.CLJU_RS12480	29.9	274	156	7	52	319	28	271	2.88e-25	103
WP_056574267.1	STM_v1_0.STM0622	28.9	287	170	6	52	333	37	294	2.06e-24	100
WP_056574267.1	iML1515.b0616	28.6	287	171	6	52	333	37	294	3.92e-24	100
WP_056574267.1	iSbBS512_1146.SbBS512_E0530	28.6	287	171	6	52	333	37	294	3.92e-24	100
WP_056574267.1	iSSON_1240.SSON_0568	28.6	287	171	6	52	333	42	299	4.26e-24	100
WP_056574267.1	iHN637.CLJU_RS19980	27.2	312	190	7	28	334	6	285	6.09e-24	99.4
WP_056574267.1	iSF_1195.SF0533	28.6	287	171	6	52	333	37	294	1.03e-23	99.0
WP_056574269.1	iML1515.b0376	27.4	164	103	3	48	204	83	237	1.57e-10	61.2
WP_056574277.1	iAF987.Gmet_1875	47.3	188	94	2	18	205	4	186	4.43e-47	153
WP_056574277.1	iJN1463.PP_5100	45.5	191	94	4	18	206	7	189	1.73e-41	139
WP_056574280.1	iCN900.CD630_33080	51.3	236	115	0	3	238	2	237	4.98e-80	246
WP_056574283.1	iAF987.Gmet_2848	43.1	311	170	4	4	309	5	313	4.74e-73	228
WP_056574283.1	iIT341.HP0742	39.2	309	187	1	1	309	10	317	4.79e-71	223
WP_056574283.1	iSynCJ816.SGL_RS15555	40.6	308	177	4	6	309	24	329	9.63e-71	222
WP_056574283.1	iYO844.BSU00510	38.7	310	187	2	2	309	8	316	5.86e-69	217
WP_056574283.1	iYS854.USA300HOU_RS02560	39.6	313	177	4	6	310	13	321	5.23e-68	215
WP_056574283.1	iMM904.YBL068W	40.5	321	182	4	1	318	11	325	1.70e-67	214
WP_056574283.1	iHN637.CLJU_RS20580	38.9	314	186	3	2	310	6	318	2.77e-67	213
WP_056574283.1	iCN900.CD630_35140	37.6	311	189	3	3	309	7	316	5.06e-67	212
WP_056574283.1	iCHOv1.100767893	38.5	317	189	3	1	312	1	316	1.34e-64	206
WP_056574283.1	iMM1415.110639	38.5	317	189	3	1	312	1	316	2.66e-64	205
WP_056574283.1	iEK1008.Rv1017c	37.6	319	186	6	2	311	10	324	4.72e-64	205
WP_056574288.1	STM_v1_0.STM2232	27.0	555	314	17	13	562	7	475	7.05e-37	146
WP_056574288.1	iYS854.USA300HOU_RS13930	33.5	367	208	11	16	372	21	361	1.28e-35	142
WP_056574313.1	iEK1008.Rv1400c	37.5	312	179	6	12	318	18	318	1.50e-51	172
WP_056574313.1	iEK1008.Rv1399c	40.6	271	154	3	52	318	50	317	8.09e-51	170
WP_056574339.1	iML1515.b1856	36.0	111	67	1	308	418	303	409	8.62e-13	69.3
WP_056574342.1	iPC815.YPO3964	45.3	481	254	7	8	483	5	481	1.30e-123	371
WP_056574342.1	iCN900.CD630_03010	39.0	490	294	5	9	496	5	491	2.06e-118	357
WP_056574342.1	iHN637.CLJU_RS00620	41.4	478	268	6	9	480	5	476	7.24e-118	356
WP_056574342.1	iYO844.BSU35940	40.7	472	276	4	10	480	3	471	6.01e-115	348
WP_056574342.1	iLJ478.TM0956	44.1	483	254	8	9	479	12	490	1.49e-114	348
WP_056574342.1	iSbBS512_1146.SbBS512_E1024	40.2	487	285	4	5	487	3	487	2.64e-113	344
WP_056574342.1	iML1515.b1900	40.2	487	285	4	5	487	3	487	3.73e-113	344
WP_056574342.1	iSDY_1059.SDY_1121	40.2	487	285	4	5	487	3	487	3.73e-113	344
WP_056574342.1	iPC815.YPO0958	39.6	495	295	4	10	503	6	497	3.21e-113	344
WP_056574342.1	iLJ478.TM0115	41.3	479	271	6	9	480	14	489	1.20e-112	343
WP_056574342.1	iSSON_1240.SSON_1218	40.0	487	286	4	5	487	3	487	2.09e-112	342
WP_056574342.1	iNF517.LLMG_RS04060	40.0	472	278	5	10	480	3	470	1.15e-111	340
WP_056574342.1	iSSON_1240.SSON_4410	38.4	503	304	4	1	500	1	500	1.16e-110	337
WP_056574342.1	iPC815.YPO2256	40.5	474	279	3	8	480	18	489	2.30e-110	337
WP_056574342.1	iML1515.b3749	42.2	474	268	6	9	480	4	473	2.38e-110	337
WP_056574342.1	iML1515.b4485	38.4	503	304	4	1	500	1	500	3.27e-110	336
WP_056574342.1	iYL1228.KPN_04623	39.0	495	296	4	9	500	9	500	1.30e-109	335
WP_056574349.1	STM_v1_0.STM0194	35.1	632	370	10	78	697	82	685	5.28e-76	257
WP_056574349.1	iSF_1195.SF0145	35.1	624	381	9	78	697	57	660	2.28e-75	255
WP_056574349.1	iSbBS512_1146.SbBS512_E0145	35.4	625	378	11	78	697	57	660	3.17e-75	254
WP_056574349.1	iML1515.b0153	35.1	624	381	9	78	697	57	660	6.12e-75	254
WP_056574349.1	iSSON_1240.SSON_0165	35.2	625	379	11	78	697	57	660	1.18e-74	253
WP_056574349.1	iSDY_1059.SDY_0169	35.0	625	380	11	78	697	57	660	3.17e-74	252
WP_056574349.1	iPC815.YPO3390	35.0	637	365	16	78	697	61	665	1.28e-71	245
WP_056574349.1	iYL1228.KPN_00168	33.7	620	395	6	78	697	57	660	5.94e-71	243
WP_056574366.1	iAF987.Gmet_1706	36.1	119	72	2	13	129	1	117	6.75e-19	83.6
WP_056574382.1	iEK1008.Rv3257c	55.9	449	188	6	8	451	11	454	8.20e-156	449
WP_056574391.1	iEK1008.Rv3265c	26.6	244	142	6	26	241	2	236	2.19e-14	74.7
WP_056574397.1	iNF517.LLMG_RS08170	42.6	197	111	2	64	259	46	241	2.95e-47	163
WP_056574397.1	iYO844.BSU35700	43.1	197	112	0	64	260	38	234	1.35e-45	159
WP_056574397.1	iYS854.USA300HOU_RS03450	36.0	236	146	1	25	260	5	235	3.10e-43	147
WP_056574400.1	iYO844.BSU35680	24.1	303	219	8	166	465	523	817	7.01e-23	102
WP_056574404.1	iYS854.USA300HOU_RS06935	34.6	208	121	7	140	341	95	293	2.15e-22	96.3
WP_056574421.1	iEK1008.Rv3303c	53.6	463	200	4	1	448	2	464	4.47e-154	446
WP_056574424.1	iAF987.Gmet_0043	24.0	246	166	5	344	586	39	266	1.94e-09	60.1
WP_056574430.1	iAF987.Gmet_2999	35.0	120	74	2	3	119	5	123	6.19e-15	74.7
WP_056574430.1	iAF987.Gmet_1706	37.7	114	66	2	12	122	6	117	1.57e-14	73.2
WP_056574439.1	iAF987.Gmet_3529	30.0	317	192	7	6	320	2	290	4.60e-22	97.4
WP_056574442.1	iEK1008.Rv0294	43.7	254	134	4	3	251	2	251	5.92e-62	195
WP_056574442.1	iSDY_1059.SDY_1625	38.3	253	148	4	3	253	4	250	3.36e-56	180
WP_056574442.1	iML1515.b1519	37.9	253	149	4	3	253	4	250	4.75e-56	179
WP_056574442.1	iSF_1195.SF1576	37.9	253	149	4	3	253	4	250	1.90e-55	178
WP_056574446.1	iEK1008.Rv1263	38.4	453	268	8	1	445	1	450	2.02e-67	222
WP_056574449.1	iYS854.USA300HOU_RS01050	21.7	534	316	14	26	502	20	508	4.68e-20	93.6
WP_056574449.1	iSDY_1059.SDY_1145	34.2	193	116	5	296	484	4	189	1.87e-20	90.9
WP_056574449.1	iML1515.b1858	34.2	193	116	5	296	484	4	189	3.43e-20	90.1
WP_056574449.1	iSSON_1240.SSON_1283	34.2	193	116	5	296	484	4	189	3.43e-20	90.1
WP_056574449.1	iSF_1195.SF1867	34.2	193	116	5	296	484	4	189	1.16e-19	88.6
WP_056574449.1	iSbBS512_1146.SbBS512_E0954	33.7	193	117	5	296	484	4	189	1.57e-19	88.2
WP_056574449.1	iPC815.YPO2060	34.2	193	116	5	296	484	4	189	1.60e-19	88.2
WP_056574449.1	iYL1228.KPN_02373	33.5	194	118	5	295	484	3	189	2.82e-19	87.4
WP_056574449.1	iYS854.USA300HOU_RS08305	30.7	241	147	8	296	519	10	247	6.33e-19	86.7
WP_056574449.1	iCN900.CD630_04310	23.0	501	299	17	30	494	21	470	8.74e-18	86.3
WP_056574451.1	iEK1008.Rv1011	48.7	304	148	2	3	306	5	300	3.72e-82	250
WP_056574453.1	iAF987.Gmet_2321	47.3	520	256	5	2	520	4	506	1.24e-163	473
WP_056574453.1	iYO844.BSU00380	45.5	530	271	8	2	522	7	527	4.32e-154	454
WP_056574453.1	iHN637.CLJU_RS00840	45.0	520	268	5	2	519	5	508	7.74e-147	435
WP_056574453.1	iYS854.USA300HOU_RS02505	43.0	533	275	9	2	519	5	523	1.29e-145	432
WP_056574453.1	iLJ478.TM1085	44.3	526	267	8	1	519	1	507	2.49e-144	428
WP_056574463.1	iML1515.b2542	33.3	409	254	8	9	413	7	400	1.76e-53	182
WP_056574463.1	iSSON_1240.SSON_2624	33.3	409	254	8	9	413	7	400	9.45e-53	181
WP_056574471.1	iSynCJ816.SGL_RS07320	47.8	46	24	0	445	490	104	149	2.90e-09	56.2
WP_056574471.1	iSynCJ816.SGL_RS10620	35.7	70	45	0	420	489	48	117	8.75e-08	50.8
WP_056574474.1	iYS854.USA300HOU_RS14375	28.8	163	103	6	21	174	4	162	1.44e-07	49.3
WP_056574474.1	iJN1463.PP_3941	28.0	168	102	7	21	176	24	184	4.72e-07	48.1
WP_056574474.1	iYO844.BSU31760	28.3	191	110	5	21	193	2	183	9.13e-07	47.0
WP_056574480.1	iJN1463.PP_3253	30.7	238	158	3	46	280	45	278	4.02e-19	87.4
WP_056574486.1	iEK1008.Rv0992c	40.0	195	106	5	8	196	5	194	2.95e-26	99.4
WP_056574499.1	iML1515.b0837	30.7	375	230	15	29	392	15	370	9.52e-26	106
WP_056574499.1	iSbBS512_1146.SbBS512_E2507	30.4	375	231	15	29	392	15	370	3.35e-25	105
WP_056574499.1	iSSON_1240.SSON_0820	30.4	375	231	15	29	392	15	370	4.59e-25	104
WP_056574499.1	iYL1228.KPN_00869	29.2	367	227	13	37	391	22	367	2.60e-23	99.8
WP_056574514.1	iAF987.Gmet_0177	33.5	465	285	11	3	454	5	458	5.99e-59	200
WP_056574514.1	iCN900.CD630_07230	29.7	455	306	10	6	453	3	450	5.86e-55	189
WP_056574514.1	iHN637.CLJU_RS18515	31.1	456	299	10	6	453	3	451	1.18e-52	183
WP_056574523.1	iSSON_1240.SSON_1199	30.6	284	168	10	45	313	48	317	3.09e-23	97.4
WP_056574523.1	iSDY_1059.SDY_1098	30.9	288	162	11	45	313	80	349	3.13e-22	95.1
WP_056574523.1	iML1515.b1919	30.9	288	162	11	45	313	48	317	2.90e-22	94.7
WP_056574523.1	iSF_1195.SF1962	30.9	288	162	11	45	313	80	349	4.29e-22	94.7
WP_056574523.1	iSbBS512_1146.SbBS512_E1047	30.6	288	163	11	45	313	48	317	1.43e-21	92.8
WP_056574531.1	iJN1463.PP_5365	34.7	415	227	6	17	427	46	420	8.70e-75	239
WP_056574531.1	iAF987.Gmet_2187	35.5	445	247	11	4	435	18	435	6.33e-73	235
WP_056574553.1	iYO844.BSU35720	33.9	345	218	8	818	1153	400	743	4.72e-50	190
WP_056574553.1	iYS854.USA300HOU_RS01320	33.7	365	223	11	802	1153	30	388	1.77e-46	171
WP_056574563.1	STM_v1_0.STM3165	50.9	269	127	3	6	271	7	273	5.07e-89	265
WP_056574563.1	iPC815.YPO0676	50.9	269	127	3	6	271	7	273	6.21e-88	262
WP_056574563.1	iML1515.b3012	48.7	269	133	3	6	271	7	273	5.41e-86	257
WP_056574563.1	iYO844.BSU33400	47.8	268	136	3	6	271	9	274	3.19e-85	255
WP_056574563.1	iSbBS512_1146.SbBS512_E3440	48.3	269	134	3	6	271	7	273	4.38e-85	255
WP_056574563.1	iYL1228.KPN_03432	48.3	271	131	4	6	271	7	273	8.16e-83	249
WP_056574563.1	iYS854.USA300HOU_RS09485	45.5	268	140	3	10	271	8	275	5.25e-79	239
WP_056574570.1	iEK1008.Rv3307	63.2	258	95	0	5	262	10	267	7.45e-102	297
WP_056574573.1	iEK1008.Rv3308	42.2	535	275	8	10	526	6	524	2.24e-119	362
WP_056574579.1	iCN718.ABAYE_RS09695	31.5	569	306	16	39	551	51	591	9.08e-66	229
WP_056574579.1	iJN1463.PP_1414	30.1	569	313	18	20	548	18	541	9.76e-59	208
WP_056574585.1	iYL1228.KPN_04156	27.1	221	151	5	58	273	28	243	5.76e-15	73.9
WP_056574585.1	iYO844.BSU35960	29.4	262	159	11	44	290	23	273	8.54e-15	73.6
WP_056574585.1	iML1515.b3751	26.7	221	152	4	58	273	28	243	2.64e-14	72.0
WP_056574585.1	STM_v1_0.STM3884	26.2	221	153	4	58	273	28	243	6.57e-14	70.9
WP_056574588.1	iYL1228.KPN_04157	42.8	304	172	2	5	307	4	306	7.01e-54	178
WP_056574588.1	iJN1463.PP_2458	42.7	295	160	4	9	298	5	295	1.12e-53	177
WP_056574588.1	iML1515.b3752	43.2	301	167	4	9	307	7	305	1.06e-52	175
WP_056574588.1	iSSON_1240.SSON_3922	43.2	301	167	4	9	307	7	305	1.06e-52	175
WP_056574588.1	iSF_1195.SF3835	42.9	301	168	4	9	307	12	310	3.37e-52	174
WP_056574588.1	iSbBS512_1146.SbBS512_E4167	42.9	301	168	4	9	307	7	305	4.16e-52	173
WP_056574588.1	STM_v1_0.STM3885	41.3	305	175	4	5	307	3	305	9.02e-51	170
WP_056574588.1	iPC815.YPO0008	40.0	300	178	2	9	307	6	304	8.79e-51	170
WP_056574588.1	iSDY_1059.SDY_3995	42.5	301	169	4	9	307	7	305	1.39e-49	167
WP_056574591.1	iML1515.b3748	44.2	138	71	1	3	134	2	139	1.15e-33	114
WP_056574591.1	iYL1228.KPN_04153	42.8	138	73	1	3	134	2	139	1.87e-32	111
WP_056574591.1	iYO844.BSU35930	41.7	132	75	1	3	134	2	131	2.99e-32	110
WP_056574591.1	iPC815.YPO0007	42.0	138	74	1	3	134	2	139	2.15e-31	108
WP_056574591.1	STM_v1_0.STM3881	42.0	138	74	1	3	134	2	139	3.04e-31	108
WP_056574591.1	iYS854.USA300HOU_RS01405	40.3	134	77	3	3	134	2	134	1.06e-30	106
WP_056574591.1	iJN1463.PP_2459	44.7	132	72	1	3	134	2	132	2.31e-29	103
WP_056574594.1	iCHOv1.100750675	44.7	291	150	3	43	322	20	310	2.82e-68	216
WP_056574597.1	iYO844.BSU19310	47.1	465	235	4	24	477	21	485	3.56e-136	401
WP_056574597.1	iMM904.YER073W	46.9	465	234	5	25	478	46	508	2.35e-129	385
WP_056574597.1	iMM904.YOR374W	46.7	445	226	5	42	476	65	508	1.88e-122	367
WP_056574599.1	iMM1415.107747	31.3	256	171	4	3	253	415	670	1.50e-24	103
WP_056574599.1	iCHOv1.100762089	30.5	256	173	4	3	253	415	670	6.78e-24	101
WP_056574599.1	iYL1228.KPN_00585	30.2	245	166	3	11	253	5	246	1.58e-22	96.7
WP_056574602.1	iJN1463.PP_4817	48.9	141	70	2	9	147	8	148	3.39e-38	127
WP_056574605.1	iEK1008.Rv3314c	65.3	403	139	1	13	415	6	407	6.66e-167	475
WP_056574607.1	iNF517.LLMG_RS04065	25.6	301	186	9	49	336	29	304	2.27e-09	57.8
WP_056574607.1	iML1515.b4086	24.5	298	153	7	49	314	44	301	4.37e-08	53.9
WP_056574610.1	iSynCJ816.SGL_RS15740	38.7	380	225	7	11	385	8	384	2.85e-79	248
WP_056574622.1	iEK1008.Rv0620	44.1	367	189	6	6	368	4	358	1.91e-80	250
WP_056574625.1	iYO844.BSU03070	27.7	368	257	6	22	386	18	379	2.70e-46	168
WP_056574628.1	iEK1008.Rv2400c	41.6	305	154	5	35	336	57	340	8.46e-67	214
WP_056574632.1	STM_v1_0.STM1522	27.7	343	246	2	25	366	15	356	7.99e-31	121
WP_056574632.1	iSbBS512_1146.SbBS512_E1677	26.2	344	250	2	25	366	15	356	1.92e-29	117
WP_056574632.1	iML1515.b1528	25.9	344	251	2	25	366	15	356	3.63e-29	117
WP_056574632.1	iSSON_1240.SSON_1600	25.9	344	251	2	25	366	15	356	3.63e-29	117
WP_056574632.1	iSF_1195.SF1566	25.9	344	251	2	25	366	15	356	2.98e-29	116
WP_056574632.1	iJN1463.PP_2428	26.6	369	268	3	25	392	30	396	3.49e-27	111
WP_056574637.1	iJN1463.PP_0481	51.8	475	214	7	27	496	6	470	9.25e-169	486
WP_056574637.1	iYO844.BSU08820	52.2	477	213	7	27	498	7	473	8.57e-168	483
WP_056574637.1	iAF692.Mbar_A0814	52.1	472	219	7	27	496	11	477	2.18e-163	473
WP_056574637.1	iIT341.HP0875	50.4	470	220	7	27	489	9	472	8.77e-163	471
WP_056574637.1	iYS854.USA300HOU_RS06785	49.4	478	219	8	31	496	13	479	3.57e-154	449
WP_056574637.1	iAT_PLT_636.847	49.1	475	234	7	27	499	28	496	5.91e-153	447
WP_056574640.1	iEK1008.Rv1240	82.2	326	58	0	3	328	4	329	3.40e-188	521
WP_056574654.1	iEK1008.Rv3356c	69.0	281	86	1	1	281	1	280	7.17e-133	377
WP_056574667.1	iEK1008.Rv2936	35.7	227	136	5	2	220	8	232	1.26e-31	120
WP_056574667.1	iCN900.CD630_16140	33.5	212	135	3	14	220	37	247	4.84e-29	111
WP_056574667.1	iJN1463.PP_2668	36.9	214	127	5	4	211	6	217	1.72e-28	109
WP_056574675.1	iCN718.ABAYE_RS04670	45.7	328	160	6	13	325	39	363	4.84e-89	272
WP_056574678.1	iJN1463.PP_0544	62.4	476	170	4	7	476	9	481	2.09e-196	554
WP_056574682.1	iJN1463.PP_0542	47.2	250	122	5	12	253	9	256	1.39e-56	182
WP_056574682.1	iCN718.ABAYE_RS07670	42.5	247	132	4	7	245	10	254	1.88e-50	166
WP_056574691.1	iSynCJ816.SGL_RS06270	23.6	326	224	6	37	349	57	370	8.61e-10	59.3
WP_056574694.1	iEK1008.Rv0924c	57.1	403	173	0	3	405	25	427	1.35e-127	374
WP_056574725.1	iML1515.b0588	41.1	246	138	3	1	243	13	254	3.01e-58	186
WP_056574725.1	iSDY_1059.SDY_0519	41.1	246	138	3	1	243	13	254	3.01e-58	186
WP_056574725.1	iSF_1195.SF0502	41.1	246	138	3	1	243	13	254	3.01e-58	186
WP_056574725.1	iSbBS512_1146.SbBS512_E0489	40.3	243	144	1	1	243	13	254	6.01e-58	185
WP_056574725.1	iYL1228.KPN_00606	40.7	243	137	3	1	240	13	251	9.78e-58	184
WP_056574725.1	iSynCJ816.SGL_RS01940	40.9	252	142	3	5	253	19	266	1.55e-57	184
WP_056574725.1	iSSON_1240.SSON_0539	40.7	246	139	3	1	243	13	254	4.78e-57	183
WP_056574725.1	STM_v1_0.STM0590	41.1	246	138	3	1	243	13	254	7.80e-57	182
WP_056574725.1	iYO844.BSU07490	39.6	240	144	1	1	240	9	247	1.31e-55	179
WP_056574725.1	iML1515.b4287	41.2	243	141	2	1	243	8	248	1.91e-55	178
WP_056574725.1	iSSON_1240.SSON_4459	41.2	243	141	2	1	243	8	248	1.91e-55	178
WP_056574725.1	iYS854.USA300HOU_RS03500	39.2	240	145	1	4	243	12	250	3.59e-52	170
WP_056574725.1	iYO844.BSU33290	37.2	239	149	1	4	242	12	249	2.25e-51	168
WP_056574737.1	iEK1008.Rv1018c	53.7	460	209	1	1	456	20	479	6.73e-159	458
WP_056574742.1	iIS312.TCDM_02411	40.0	440	249	5	1	427	19	456	4.88e-96	296
WP_056574745.1	iSynCJ816.SGL_RS10830	47.2	216	113	1	3	217	15	230	4.16e-63	195
WP_056574745.1	iJN1463.PP_1129	50.2	211	102	3	10	217	5	215	9.74e-61	189
WP_056574753.1	iJN1463.PP_1803	28.7	338	179	13	5	311	7	313	2.15e-16	78.2
WP_056574753.1	iMM1415.18194	25.2	325	220	10	6	311	31	351	9.87e-16	76.6
WP_056574753.1	iCHOv1.100764429	25.8	326	217	13	6	311	27	347	7.95e-15	73.9
WP_056574769.1	iEK1008.Rv2070c	50.6	243	111	5	2	242	4	239	1.31e-57	183
WP_056574772.1	iEK1008.Rv2208	43.1	167	90	2	80	246	74	235	2.27e-25	100
WP_056574778.1	iEK1008.Rv2850c	51.0	674	276	9	5	673	4	628	2.21e-182	531
WP_056574780.1	iJN1463.PP_4830	46.3	402	211	4	8	407	5	403	2.87e-102	308
WP_056574780.1	iEK1008.Rv2072c	44.1	404	202	6	8	403	2	389	2.55e-91	280
WP_056574783.1	iEK1008.Rv2071c	49.8	245	121	2	1	243	1	245	1.01e-61	194
WP_056574786.1	iEK1008.Rv2066	54.1	488	204	4	3	486	5	476	2.24e-158	459
WP_056574789.1	iJN1463.PP_2418	36.0	303	184	5	40	333	53	354	2.53e-55	184
WP_056574798.1	iJN1463.PP_3763	43.3	245	128	6	7	243	6	247	1.15e-52	170
WP_056574817.1	iML1515.b1394	43.9	230	121	2	11	235	5	231	4.10e-52	170
WP_056574817.1	iJN1463.PP_3283	42.8	229	125	2	11	235	6	232	1.19e-51	169
WP_056574817.1	iYL1228.KPN_01475	41.7	230	126	2	11	235	5	231	1.41e-46	155
WP_056574820.1	iJN1463.PP_2214	58.6	249	97	5	9	253	9	255	9.99e-82	245
WP_056574820.1	iEK1008.Rv1144	58.1	246	100	2	8	253	8	250	1.38e-80	242
WP_056574820.1	iMM1415.15108	53.4	249	112	2	8	252	13	261	3.16e-74	226
WP_056574820.1	iCN718.ABAYE_RS07455	50.0	262	116	6	1	253	1	256	2.18e-73	224
WP_056574820.1	iCHOv1.100757689	52.6	249	114	2	8	252	13	261	1.03e-72	222
WP_056574822.1	iML1515.b1794	29.4	262	169	6	63	312	72	329	8.98e-20	88.2
WP_056574822.1	iJN1463.PP_1144	32.1	165	104	1	156	312	280	444	3.63e-17	82.0
WP_056574822.1	iJN1463.PP_1761	35.6	163	94	4	169	320	400	562	1.23e-16	80.5
WP_056574828.1	iAF987.Gmet_0363	36.0	178	96	6	26	198	47	211	8.06e-17	77.0
WP_056574828.1	iSynCJ816.SGL_RS12400	35.6	135	77	3	37	170	48	173	3.11e-14	69.7
WP_056574831.1	iEK1008.Rv3617	31.8	311	163	8	15	279	11	318	3.43e-36	131
WP_056574842.1	iEK1008.Rv3627c	34.0	418	242	11	70	470	59	459	1.73e-40	150
WP_056574859.1	iYS854.USA300HOU_RS00630	23.7	494	341	14	29	506	30	503	9.96e-29	120
WP_056574862.1	iEK1008.Rv1347c	28.9	121	80	2	66	186	96	210	2.46e-05	43.1
WP_056574883.1	iLJ478.TM0024	26.0	258	163	8	202	443	212	457	8.25e-14	73.2
WP_056574924.1	iEK1008.Rv0202c	29.4	705	462	13	39	715	19	715	5.48e-64	229
WP_056574944.1	iPC815.YPO3758	24.8	129	92	3	22	146	84	211	7.41e-05	42.4
WP_056574944.1	iNF517.LLMG_RS05370	24.0	154	98	4	25	162	84	234	7.70e-04	39.3
WP_056574953.1	iEK1008.Rv1399c	37.3	126	63	6	144	262	58	174	8.81e-09	56.2
WP_056574960.1	iJN1463.PP_2764	33.9	165	107	1	3	165	55	219	4.68e-24	94.7
WP_056574962.1	iAF692.Mbar_A1961	37.5	379	224	8	5	379	44	413	1.90e-70	226
WP_056574962.1	iLJ478.TM0554	36.6	377	229	7	10	379	44	417	5.89e-70	225
WP_056574962.1	iAF692.Mbar_A2167	35.0	380	240	6	5	379	54	431	5.59e-67	218
WP_056574962.1	iHN637.CLJU_RS04465	36.2	373	231	5	13	380	50	420	4.71e-66	215
WP_056574962.1	iAF987.Gmet_1268	34.9	381	230	7	13	378	48	425	1.80e-63	208
WP_056574962.1	iCN900.CD630_09900	35.7	381	233	8	10	380	47	425	3.38e-63	207
WP_056574969.1	iSynCJ816.SGL_RS11390	31.7	284	190	3	4	287	3	282	2.43e-35	128
WP_056574969.1	iPC815.YPO3807	31.0	306	174	7	6	288	10	301	7.74e-35	127
WP_056574969.1	iJN1463.PP_4866	30.0	297	194	6	3	288	4	297	1.94e-34	126
WP_056574969.1	iYL1228.KPN_03819	31.4	296	186	6	6	288	10	301	5.78e-34	125
WP_056574969.1	iLJ478.TM1136	31.6	301	174	4	6	288	6	292	1.82e-33	124
WP_056574969.1	iJN1463.PP_1140	29.7	303	182	7	6	288	9	300	1.15e-32	122
WP_056574969.1	iML1515.b3457	29.2	298	190	7	6	288	10	301	1.63e-32	121
WP_056574969.1	iSbBS512_1146.SbBS512_E3865	29.2	298	190	7	6	288	10	301	1.63e-32	121
WP_056574969.1	iSSON_1240.SSON_3695	29.2	298	190	7	6	288	10	301	1.63e-32	121
WP_056574969.1	STM_v1_0.STM3563	30.7	296	188	7	6	288	10	301	2.28e-32	121
WP_056574969.1	iSF_1195.SF3475	29.2	298	190	7	6	288	10	301	2.28e-32	121
WP_056574971.1	iLJ478.TM1135	27.4	285	190	7	36	308	19	298	1.24e-11	65.1
WP_056574972.1	iYO844.BSU28790	50.6	553	261	6	8	554	3	549	6.24e-181	521
WP_056574975.1	STM_v1_0.STM3884	27.3	176	117	5	149	316	108	280	9.36e-11	61.6
WP_056574975.1	iYL1228.KPN_04156	27.2	191	128	6	149	331	108	295	1.69e-10	60.8
WP_056574975.1	iML1515.b3751	26.7	191	129	5	149	331	108	295	3.05e-10	60.1
WP_056574978.1	iML1515.b4231	51.3	306	148	1	23	327	4	309	5.20e-90	272
WP_056574978.1	iSbBS512_1146.SbBS512_E4853	51.0	306	148	2	23	327	4	308	1.15e-88	268
WP_056574978.1	iYL1228.KPN_04625	50.7	306	150	1	23	327	4	309	4.90e-88	267
WP_056574978.1	iSSON_1240.SSON_4412	51.3	300	141	2	33	327	2	301	3.70e-88	267
WP_056574983.1	iYL1228.KPN_01526	63.1	518	180	6	1	516	6	514	2.35e-196	556
WP_056574983.1	iPC815.YPO2303	61.4	516	189	4	1	515	1	507	1.66e-192	546
WP_056574983.1	STM_v1_0.STM1479	61.2	520	185	6	1	515	1	508	2.81e-191	543
WP_056574983.1	iSSON_1240.SSON_1557	60.3	516	197	4	1	515	1	509	9.54e-190	540
WP_056574983.1	iSF_1195.SF1624	60.3	516	197	4	1	515	6	514	2.28e-189	539
WP_056574983.1	iML1515.b1603	60.3	516	197	4	1	515	1	509	2.72e-189	538
WP_056574983.1	iSDY_1059.SDY_1550	60.1	516	198	4	1	515	1	509	5.46e-189	538
WP_056574983.1	iSbBS512_1146.SbBS512_E1789	60.1	516	198	4	1	515	1	509	1.56e-188	536
WP_056574993.1	iEK1008.Rv0548c	71.1	304	79	2	11	314	20	314	1.10e-151	427
WP_056575018.1	iMM904.YBR293W	24.6	350	243	10	65	397	2	347	2.10e-09	59.3
WP_056575044.1	iEK1008.Rv1350	70.2	245	73	0	2	246	3	247	2.78e-109	314
WP_056575049.1	iJN1463.PP_1377	44.3	411	208	5	1	401	1	400	2.98e-97	295
WP_056575049.1	iYL1228.KPN_01478	46.8	412	197	8	1	401	1	401	3.11e-94	288
WP_056575049.1	iML1515.b1397	44.9	412	205	9	1	401	1	401	6.21e-94	287
WP_056575049.1	iJN1463.PP_3754	44.6	397	209	4	6	401	8	394	7.98e-93	284
WP_056575049.1	iJN1463.PP_3280	46.0	409	201	7	3	401	8	406	2.57e-91	280
WP_056575049.1	iCN718.ABAYE_RS11935	44.3	411	209	8	1	401	1	401	1.81e-90	278
WP_056575049.1	iML1515.b2224	44.0	402	215	5	1	401	1	393	5.68e-90	276
WP_056575049.1	iSSON_1240.SSON_2283	44.0	402	215	5	1	401	1	393	8.02e-90	276
WP_056575049.1	iCN718.ABAYE_RS11665	41.6	413	216	7	1	401	1	400	3.12e-88	272
WP_056575049.1	iAF987.Gmet_2058	41.9	413	214	8	1	401	1	399	4.66e-87	269
WP_056575049.1	iYL1228.KPN_01540	44.6	406	214	8	1	401	2	401	6.97e-87	269
WP_056575050.1	iJN1463.PP_4817	45.7	140	74	2	13	150	9	148	3.19e-33	114
WP_056575052.1	iLJ478.TM1376	40.1	339	176	6	2	326	5	330	1.51e-77	243
WP_056575052.1	iLJ478.TM0421	36.6	361	213	4	3	358	4	353	2.58e-76	239
WP_056575052.1	iJN1463.PP_3817	37.2	355	211	3	3	351	15	363	1.93e-72	230
WP_056575052.1	iSSON_1240.SSON_1696	39.6	356	182	7	3	354	5	331	2.59e-70	223
WP_056575052.1	iML1515.b1441	39.6	356	182	7	3	354	5	331	3.65e-70	223
WP_056575052.1	iSynCJ816.SGL_RS17160	39.0	349	192	7	1	346	1	331	2.42e-69	221
WP_056575052.1	iJN1463.PP_0411	40.6	303	168	4	13	310	26	321	8.20e-69	221
WP_056575052.1	iYL1228.KPN_01927	40.7	334	167	5	3	333	5	310	5.71e-69	220
WP_056575052.1	iSDY_1059.SDY_1733	39.0	356	184	7	3	354	5	331	8.06e-69	219
WP_056575054.1	iYL1228.KPN_02493	66.5	388	130	0	1	388	1	388	9.42e-190	530
WP_056575054.1	iSbBS512_1146.SbBS512_E1203	65.7	388	133	0	1	388	1	388	1.80e-187	524
WP_056575054.1	iML1515.b2028	64.4	388	138	0	1	388	1	388	2.17e-181	508
WP_056575054.1	STM_v1_0.STM2080	64.2	388	139	0	1	388	1	388	6.20e-181	507
WP_056575054.1	iSSON_1240.SSON_2099	64.4	388	138	0	1	388	1	388	8.80e-181	507
WP_056575054.1	iSDY_1059.SDY_2213	63.9	388	140	0	1	388	1	388	1.45e-179	504
WP_056575070.1	iEK1008.Rv0334	68.5	286	90	0	1	286	1	286	1.96e-141	399
WP_056575070.1	iML1515.b3789	64.3	286	101	1	1	285	1	286	2.20e-132	376
WP_056575070.1	iSbBS512_1146.SbBS512_E4132	64.3	286	101	1	1	285	1	286	2.20e-132	376
WP_056575070.1	iSF_1195.SF3863	64.3	286	101	1	1	285	1	286	2.20e-132	376
WP_056575070.1	iSDY_1059.SDY_3959	64.0	286	102	1	1	285	1	286	2.55e-131	374
WP_056575070.1	iSSON_1240.SSON_3961	64.0	286	102	1	1	285	1	286	2.55e-131	374
WP_056575070.1	iSF_1195.SF2102	63.1	287	105	1	2	287	5	291	8.15e-130	370
WP_056575070.1	iYL1228.KPN_04289	62.9	286	105	1	1	285	2	287	5.03e-129	368
WP_056575070.1	iPC815.YPO3861	62.6	286	106	1	1	285	1	286	4.86e-129	368
WP_056575070.1	iSbBS512_1146.SbBS512_E1194	62.0	287	108	1	2	287	5	291	1.55e-127	364
WP_056575070.1	iSDY_1059.SDY_2206	62.4	287	107	1	2	287	5	291	3.13e-127	363
WP_056575070.1	iML1515.b2039	63.0	284	104	1	2	284	5	288	3.75e-126	360
WP_056575081.1	iEK1008.Rv0486	30.8	221	122	11	134	336	231	438	4.59e-07	51.2
WP_056575081.1	iEK1008.Rv3032	31.3	179	98	8	153	322	206	368	7.33e-07	50.4
WP_056575081.1	iJN1463.PP_4943	31.4	172	99	7	168	337	202	356	2.81e-06	48.5
WP_056575099.1	iNF517.LLMG_RS03735	41.1	421	235	6	1	412	1	417	2.58e-92	284
WP_056575099.1	iYS854.USA300HOU_RS00045	38.6	430	249	7	1	418	1	427	1.68e-91	282
WP_056575099.1	iLJ478.TM1379	40.4	423	238	6	1	412	1	420	4.82e-90	278
WP_056575099.1	iAF987.Gmet_3528	38.8	420	245	8	1	412	1	416	8.89e-87	270
WP_056575099.1	iAF692.Mbar_A0541	37.5	421	253	6	1	416	28	443	3.33e-84	264
WP_056575099.1	iCN900.CD630_00140	38.5	421	247	7	1	412	1	418	1.35e-82	259
WP_056575099.1	iCN718.ABAYE_RS04335	37.3	421	251	7	1	412	1	417	2.69e-82	258
WP_056575099.1	iYL1228.KPN_00925	39.8	427	237	10	1	411	1	423	2.57e-81	256
WP_056575103.1	iEK1008.Rv2187	32.9	602	381	10	6	606	18	597	2.91e-93	298
WP_056575103.1	iCHOv1.100754767	30.8	616	384	14	19	606	113	714	4.41e-87	285
WP_056575103.1	iLB1027_lipid.PHATRDRAFT_45510	29.8	625	365	14	31	607	65	663	1.40e-85	280
WP_056575103.1	iEK1008.Rv1550	37.0	440	268	7	172	609	122	554	2.72e-82	269
WP_056575109.1	iPC815.YPO3806	29.4	347	207	4	30	364	85	405	8.95e-33	126
WP_056575109.1	iML1515.b3456	29.7	347	206	4	30	364	85	405	1.63e-32	125
WP_056575109.1	iYL1228.KPN_03818	29.1	347	208	4	30	364	85	405	2.25e-32	125
WP_056575109.1	iJN1463.PP_1139	29.3	348	208	5	29	364	85	406	2.04e-32	125
WP_056575109.1	STM_v1_0.STM3562	29.1	347	208	4	30	364	85	405	3.11e-32	125
WP_056575109.1	iSF_1195.SF3474	29.7	347	206	4	30	364	85	405	4.29e-32	124
WP_056575109.1	iSbBS512_1146.SbBS512_E3866	29.4	347	207	4	30	364	85	405	5.91e-32	124
WP_056575109.1	iSDY_1059.SDY_3605	29.4	347	207	4	30	364	85	405	5.91e-32	124
WP_056575109.1	iSSON_1240.SSON_3694	29.4	347	207	4	30	364	85	405	8.16e-32	124
WP_056575109.1	iJN1463.PP_4865	29.0	341	198	7	41	367	112	422	3.13e-30	119
WP_056575117.1	iML1515.b3070	28.5	253	152	10	12	257	21	251	5.71e-17	78.6
WP_056575119.1	iYS854.USA300HOU_RS12240	26.6	429	210	10	11	371	6	397	7.85e-29	115
WP_056575125.1	iJN1463.PP_0591	34.9	315	195	4	21	331	4	312	5.99e-48	164
WP_056575125.1	iCN718.ABAYE_RS15440	35.4	297	185	4	25	316	6	300	2.99e-44	154
WP_056575125.1	STM_v1_0.STM1463	33.1	323	209	4	25	342	6	326	1.27e-42	150
WP_056575125.1	iSF_1195.SF1648	34.2	298	191	3	25	318	6	302	1.27e-42	150
WP_056575125.1	iML1515.b1623	33.9	298	192	3	25	318	6	302	6.84e-42	148
WP_056575125.1	iSSON_1240.SSON_1535	33.9	298	192	3	25	318	6	302	6.84e-42	148
WP_056575125.1	iSDY_1059.SDY_1846	33.9	298	192	3	25	318	6	302	9.56e-42	148
WP_056575125.1	iYL1228.KPN_01958	33.0	303	188	5	25	318	6	302	1.34e-41	147
WP_056575127.1	iEK1008.Rv1563c	44.4	779	388	14	6	762	7	762	1.28e-192	566
WP_056575128.1	iSF_1195.SF3047	35.5	321	196	7	1	313	13	330	1.68e-55	184
WP_056575128.1	iSSON_1240.SSON_3145	35.5	321	196	7	1	313	13	330	1.68e-55	184
WP_056575128.1	iML1515.b3001	35.5	321	196	7	1	313	13	330	3.32e-55	183
WP_056575128.1	iSbBS512_1146.SbBS512_E3430	35.5	321	196	7	1	313	13	330	4.67e-55	182
WP_056575129.1	iEK1008.Rv1562c	52.2	554	254	4	5	553	6	553	2.16e-208	592
WP_056575144.1	iJN1463.PP_2239	35.5	107	45	4	88	185	75	166	4.26e-05	44.3
WP_056575144.1	iSF_1195.SF0764	30.2	222	131	9	88	305	74	275	7.53e-04	40.4
WP_056575147.1	iSynCJ816.SGL_RS18325	28.1	231	152	5	10	229	14	241	5.26e-19	87.8
WP_056575152.1	iSynCJ816.SGL_RS16540	23.8	509	303	24	4	461	9	483	2.37e-07	52.8
WP_056575153.1	iJN1463.PP_4067	44.7	629	294	11	4	590	6	622	1.35e-151	451
WP_056575153.1	iAF987.Gmet_3292	42.9	644	298	11	6	590	4	636	1.65e-148	444
WP_056575153.1	iCN718.ABAYE_RS11585	47.6	473	222	6	7	464	5	466	2.64e-136	412
WP_056575158.1	iCN718.ABAYE_RS15890	38.6	254	151	4	14	266	12	261	1.63e-53	174
WP_056575161.1	iPC815.YPO3172	35.7	112	67	3	76	186	67	174	5.29e-09	53.1
WP_056575164.1	iJN1463.PP_4029	29.4	119	68	3	22	135	143	250	1.33e-08	52.0
WP_056575165.1	iAM_Pc455.PCYB_031480	28.0	161	110	4	22	177	81	240	7.13e-07	48.5
WP_056575165.1	iAM_Pv461.PVX_000890	28.0	161	110	3	22	177	72	231	7.00e-07	48.5
WP_056575165.1	iAM_Pb448.PBANKA_100470	27.0	152	105	3	31	177	81	231	2.99e-06	46.6
WP_056575188.1	iCN718.ABAYE_RS07190	52.2	228	109	0	1	228	1	228	1.41e-80	241
WP_056575188.1	iCN900.CD630_22540	48.0	229	116	1	1	229	1	226	6.80e-78	233
WP_056575188.1	iHN637.CLJU_RS14520	48.0	229	118	1	1	228	1	229	6.34e-74	223
WP_056575194.1	iJN1463.PP_1803	28.0	264	152	12	5	237	7	263	3.91e-10	60.8
WP_056575194.1	iEK1008.Rv1106c	25.8	271	151	11	5	233	18	280	2.02e-08	55.8
WP_056575209.1	iML1515.b1850	43.1	202	114	1	2	202	7	208	6.89e-45	148
WP_056575209.1	iSbBS512_1146.SbBS512_E2125	43.1	202	114	1	2	202	7	208	6.89e-45	148
WP_056575209.1	iSDY_1059.SDY_1136	43.1	202	114	1	2	202	7	208	6.89e-45	148
WP_056575209.1	iSF_1195.SF1860	43.1	202	114	1	2	202	7	208	6.89e-45	148
WP_056575209.1	iSSON_1240.SSON_1298	43.1	202	114	1	2	202	7	208	6.89e-45	148
WP_056575209.1	STM_v1_0.STM1884	42.6	202	115	1	2	202	7	208	5.50e-44	145
WP_056575209.1	iYL1228.KPN_02365	41.2	199	115	2	6	202	11	209	4.95e-42	140
WP_056575209.1	iPC815.YPO2067	41.6	202	117	1	2	202	7	208	6.99e-42	140
WP_056575212.1	STM_v1_0.STM2977	23.2	380	246	14	74	422	76	440	4.56e-14	73.6
WP_056575212.1	iML1515.b2803	22.9	454	298	16	3	422	5	440	1.86e-12	68.6
WP_056575212.1	iYL1228.KPN_03154	22.6	452	302	15	3	422	5	440	4.36e-12	67.4
WP_056575212.1	iSSON_1240.SSON_2960	22.7	454	299	16	3	422	15	450	7.87e-12	66.6
WP_056575228.1	iLJ478.TM0115	39.4	482	275	9	18	492	19	490	1.57e-98	306
WP_056575228.1	iPC815.YPO3964	36.9	480	290	7	14	491	7	475	1.75e-93	293
WP_056575228.1	iPC815.YPO0958	36.6	481	290	9	21	498	13	481	1.97e-93	293
WP_056575228.1	iYL1228.KPN_04623	38.3	483	283	8	18	496	14	485	3.76e-90	284
WP_056575228.1	iLJ478.TM0956	36.3	493	277	11	21	494	20	494	1.39e-89	283
WP_056575228.1	iSSON_1240.SSON_4410	38.6	485	279	9	18	496	14	485	1.05e-89	283
WP_056575228.1	iML1515.b4485	37.8	481	288	7	18	496	14	485	8.15e-89	281
WP_056575228.1	iSF_1195.SF4262	37.8	481	288	7	18	496	14	485	1.15e-88	280
WP_056575228.1	iYL1228.KPN_04154	36.9	490	280	9	12	491	3	473	2.54e-87	277
WP_056575240.1	iYO844.BSU39420	34.9	209	136	0	11	219	3	211	2.65e-33	119
WP_056575240.1	iHN637.CLJU_RS08910	32.5	209	141	0	11	219	3	211	1.64e-32	117
WP_056575240.1	iYS854.USA300HOU_RS11540	34.1	208	136	1	12	219	4	210	5.33e-32	115
WP_056575240.1	iYS854.USA300HOU_RS00730	34.1	205	134	1	15	219	7	210	1.06e-31	115
WP_056575240.1	iSynCJ816.SGL_RS07490	36.2	207	129	2	11	217	9	212	1.83e-30	112
WP_056575240.1	iNF517.LLMG_RS05390	31.6	209	142	1	11	219	3	210	1.76e-29	109
WP_056575248.1	iYS854.USA300HOU_RS01685	26.5	219	149	4	22	238	16	224	9.85e-19	83.6
WP_056575251.1	iLJ478.TM0116	30.2	440	296	7	3	434	2	438	3.06e-53	186
WP_056575251.1	iCN900.CD630_30650	29.6	460	303	7	3	444	2	458	6.47e-51	181
WP_056575251.1	iPC815.YPO4039	32.0	435	284	8	6	434	3	431	1.86e-48	173
WP_056575251.1	iML1515.b3564	30.6	434	291	7	6	434	3	431	3.57e-48	172
WP_056575251.1	STM_v1_0.STM3660	30.3	442	282	8	6	434	3	431	3.57e-48	172
WP_056575251.1	iSF_1195.SF3608	30.6	434	291	7	6	434	3	431	3.57e-48	172
WP_056575251.1	iYO844.BSU17610	30.0	444	299	7	5	440	4	443	8.79e-47	169
WP_056575253.1	iCN900.CD630_30740	38.6	285	169	3	1	281	1	283	9.99e-54	176
WP_056575253.1	STM_v1_0.STM3253	36.1	288	169	3	1	279	1	282	2.37e-50	167
WP_056575253.1	iYL1228.KPN_03543	36.4	283	175	2	1	279	1	282	8.10e-48	160
WP_056575253.1	iCN900.CD630_34480	37.1	259	159	2	1	256	1	258	3.11e-47	159
WP_056575258.1	iLJ478.TM1401	37.4	246	146	4	66	303	59	304	7.93e-43	149
WP_056575258.1	iEK1008.Rv2996c	37.7	260	153	4	41	291	32	291	4.48e-38	140
WP_056575260.1	iML1515.b0588	55.9	256	113	0	17	272	8	263	8.99e-103	300
WP_056575260.1	iSDY_1059.SDY_0519	55.9	256	113	0	17	272	8	263	8.99e-103	300
WP_056575260.1	iSbBS512_1146.SbBS512_E0489	55.5	256	114	0	17	272	8	263	5.16e-102	298
WP_056575260.1	iSF_1195.SF0502	55.5	256	114	0	17	272	8	263	7.31e-102	298
WP_056575260.1	iSSON_1240.SSON_0539	55.5	256	114	0	17	272	8	263	1.47e-101	297
WP_056575260.1	STM_v1_0.STM0590	55.5	256	114	0	17	272	8	263	1.55e-99	292
WP_056575260.1	iSynCJ816.SGL_RS01940	53.7	257	119	0	17	273	10	266	2.51e-99	291
WP_056575260.1	iYL1228.KPN_00606	54.3	256	117	0	17	272	8	263	7.20e-98	288
WP_056575260.1	iYO844.BSU07490	51.2	254	124	0	16	269	3	256	5.09e-91	270
WP_056575273.1	iCN718.ABAYE_RS03690	64.8	378	130	3	1	378	27	401	2.98e-177	498
WP_056575273.1	iEK1008.Rv0859	65.9	378	128	1	1	378	27	403	2.61e-176	496
WP_056575273.1	iAF987.Gmet_2197	64.3	378	132	3	1	378	28	402	4.95e-169	477
WP_056575276.1	iEK1008.Rv1143	50.5	366	166	5	7	366	2	358	5.09e-118	346
WP_056575276.1	iEK1008.Rv0855	51.5	344	155	5	8	346	5	341	4.09e-109	323
WP_056575286.1	iNF517.LLMG_RS09915	52.3	243	111	1	1	243	5	242	2.35e-78	236
WP_056575286.1	iYS854.USA300HOU_RS09925	49.8	243	117	1	1	243	3	240	4.12e-76	230
WP_056575286.1	iCN900.CD630_07520	47.3	243	123	1	1	243	1	238	5.09e-74	224
WP_056575286.1	iYO844.BSU03590	49.4	243	122	1	1	243	1	242	1.28e-73	224
WP_056575286.1	iYO844.BSU27430	47.3	243	123	1	1	243	1	238	8.82e-73	221
WP_056575286.1	iSynCJ816.SGL_RS08035	48.2	249	121	2	1	246	8	251	1.71e-72	221
WP_056575286.1	iNF517.LLMG_RS09720	47.5	242	122	1	2	243	7	243	1.68e-71	218
WP_056575286.1	iML1515.b1917	49.6	244	122	1	2	244	4	247	5.24e-71	217
WP_056575286.1	iJN1463.PP_0283	47.4	251	124	2	2	245	8	257	1.06e-69	214
WP_056575286.1	iYO844.BSU23960	47.3	243	123	1	1	243	1	238	8.78e-70	214
WP_056575286.1	iJN1463.PP_3597	48.1	243	121	1	1	243	20	257	2.32e-69	213
WP_056575318.1	STM_v1_0.STM1221	28.9	235	131	8	21	250	42	245	1.88e-18	82.4
WP_056575324.1	iYS854.USA300HOU_RS14360	28.2	252	157	8	88	332	78	312	1.05e-20	90.5
WP_056575324.1	iNF517.LLMG_RS08975	27.1	247	165	8	88	331	80	314	7.22e-20	88.2
WP_056575332.1	iML1515.b4093	36.5	85	54	0	55	139	49	133	2.77e-04	38.9
WP_056575344.1	iJN1463.PP_0553	28.4	275	151	8	19	276	120	365	9.20e-17	79.0
WP_056575350.1	iYO844.BSU33180	22.5	293	172	12	9	287	59	310	2.09e-04	42.0
WP_056575350.1	iPC815.YPO3385	30.0	100	58	3	6	93	27	126	6.04e-04	40.4
WP_056575353.1	iNF517.LLMG_RS09290	43.1	181	97	2	8	182	24	204	8.57e-43	142
WP_056575366.1	iAM_Pc455.PCYB_147430	25.5	184	117	5	12	179	67	246	2.87e-13	68.2
WP_056575366.1	iAM_Pv461.PVX_101390	27.1	155	95	4	39	179	276	426	1.04e-12	67.0
WP_056575366.1	iAM_Pb448.PBANKA_146280	27.1	155	95	4	39	179	227	377	1.06e-11	63.9
WP_056575369.1	iAF987.Gmet_2235	33.5	397	192	10	1	382	1	340	2.02e-59	195
WP_056575380.1	iYO844.BSU37170	47.3	372	194	2	9	378	6	377	1.25e-106	318
WP_056575380.1	iYO844.BSU24150	43.3	372	209	2	9	378	4	375	2.52e-95	289
WP_056575398.1	iEK1008.Rv2505c	65.0	531	183	2	4	533	11	539	4.69e-249	692
WP_056575403.1	iAF987.Gmet_3524	52.9	140	65	1	1	140	16	154	2.53e-44	142
WP_056575403.1	iYO844.BSU00180	45.3	139	75	1	1	139	8	145	3.77e-39	129
WP_056575405.1	iYO844.BSU03070	27.2	419	284	11	27	439	12	415	4.55e-34	134
WP_056575422.1	iEK1008.Rv3464	70.2	325	95	2	5	328	4	327	1.23e-172	482
WP_056575434.1	iPC815.YPO0126	33.2	587	328	12	101	635	102	676	3.69e-89	291
WP_056575434.1	iJN1463.PP_4052	33.6	660	387	15	9	626	6	656	6.57e-86	283
WP_056575434.1	STM_v1_0.STM3513	32.4	683	387	16	8	635	7	669	4.12e-81	270
WP_056575434.1	iYL1228.KPN_03786	32.3	601	343	11	102	651	101	688	1.24e-80	269
WP_056575434.1	iSDY_1059.SDY_3660	32.8	589	324	14	102	635	100	671	6.09e-80	267
WP_056575434.1	iSF_1195.SF3439	32.9	589	323	15	102	635	100	671	8.48e-80	266
WP_056575434.1	iSbBS512_1146.SbBS512_E3797	32.9	589	323	15	102	635	100	671	2.29e-79	265
WP_056575434.1	iML1515.b3416	32.9	589	323	15	102	635	100	671	3.19e-79	265
WP_056575434.1	iSSON_1240.SSON_3548	32.6	589	325	14	102	635	100	671	8.60e-79	264
WP_056575468.1	iJN1463.PP_4688	44.2	283	152	1	54	330	62	344	1.82e-62	202
WP_056575474.1	iCN900.CD630_01030	28.5	246	169	5	3	247	4	243	2.71e-27	105
WP_056575474.1	iNF517.LLMG_RS02350	31.0	248	166	5	2	247	3	247	4.69e-27	105
WP_056575474.1	iAF692.Mbar_A1332	31.2	253	143	6	1	247	1	228	2.56e-23	95.5
WP_056575489.1	iEK1008.Rv3441c	56.5	446	188	2	1	442	1	444	4.14e-158	454
WP_056575490.1	iEK1008.Rv1092c	58.3	314	120	4	4	313	6	312	1.74e-116	338
WP_056575490.1	iSDY_1059.SDY_3754	51.4	311	145	3	5	312	9	316	5.00e-107	314
WP_056575490.1	iML1515.b3974	51.1	311	146	3	5	312	9	316	8.14e-106	311
WP_056575490.1	STM_v1_0.STM4139	50.5	309	151	2	5	312	9	316	8.14e-106	311
WP_056575490.1	iSSON_1240.SSON_4147	51.1	311	146	3	5	312	9	316	8.14e-106	311
WP_056575490.1	iSF_1195.SF4052	51.1	311	146	3	5	312	1	308	1.78e-105	310
WP_056575490.1	iSbBS512_1146.SbBS512_E4462	50.8	311	147	3	5	312	9	316	6.60e-105	308
WP_056575493.1	iML1515.b4167	30.1	419	259	9	48	441	64	473	6.24e-27	113
WP_056575498.1	iEK1008.Rv3423c	47.2	369	190	4	6	370	36	403	4.75e-92	281
WP_056575507.1	iYO844.BSU09540	32.4	179	108	6	3	180	25	191	1.52e-18	80.1
WP_056575507.1	iEK1008.Rv2182c	29.8	188	115	6	1	180	25	203	1.33e-17	78.6
WP_056575507.1	iSynCJ816.SGL_RS12400	32.7	165	102	4	1	162	48	206	9.24e-17	75.9
WP_056575507.1	iAF987.Gmet_0363	31.4	159	101	3	1	156	58	211	2.00e-15	72.4
WP_056575510.1	iJN1463.PP_5137	29.4	289	183	5	2	272	8	293	2.53e-25	103
WP_056575510.1	iML1515.b3201	29.4	235	157	5	1	226	1	235	2.56e-25	101
WP_056575510.1	iEK1008.Rv2936	28.5	316	196	8	1	292	6	315	1.30e-24	101
WP_056575510.1	iSbBS512_1146.SbBS512_E3569	29.4	235	157	5	1	226	1	235	2.56e-25	101
WP_056575510.1	iSDY_1059.SDY_3382	29.4	235	157	5	1	226	1	235	2.56e-25	101
WP_056575510.1	iSF_1195.SF3241	29.4	235	157	5	1	226	1	235	2.56e-25	101
WP_056575510.1	iSSON_1240.SSON_3349	29.4	235	157	5	1	226	1	235	2.56e-25	101
WP_056575510.1	iJN1463.PP_2668	32.5	228	145	6	1	220	1	227	1.06e-24	99.8
WP_056575510.1	iYO844.BSU02750	31.0	210	134	6	17	217	19	226	2.05e-24	99.0
WP_056575510.1	iCN900.CD630_35300	29.6	216	146	3	1	210	1	216	6.12e-23	96.7
WP_056575510.1	iAF987.Gmet_1903	36.0	214	125	5	4	206	3	215	7.17e-23	96.7
WP_056575510.1	iJN1463.PP_0953	30.3	221	141	5	1	210	1	219	2.55e-23	95.9
WP_056575510.1	STM_v1_0.STM2163	30.7	238	136	7	3	217	1	232	9.27e-23	95.9
WP_056575510.1	iEK1008.Rv2397c	33.8	216	125	5	11	214	12	221	5.31e-22	94.4
WP_056575510.1	iPC815.YPO3012	32.1	237	139	6	4	229	3	228	8.33e-22	94.0
WP_056575510.1	iAF987.Gmet_1282	30.6	216	142	3	3	210	9	224	2.00e-22	93.6
WP_056575510.1	iJN1463.PP_3817	28.8	222	152	3	3	218	14	235	1.38e-21	93.6
WP_056575530.1	iLJ478.TM0024	27.8	223	125	8	97	304	256	457	6.76e-19	86.7
WP_056575532.1	iCHOv1.100751193	24.8	125	83	2	23	136	6	130	1.19e-06	49.3
WP_056575535.1	STM_v1_0.STM2082	44.2	197	105	2	453	645	280	475	2.44e-40	153
WP_056575535.1	iML1515.b2047	46.8	188	81	4	457	636	278	454	6.31e-37	143
WP_056575544.1	iYO844.BSU06370	38.6	472	247	10	5	469	1	436	4.86e-84	265
WP_056575544.1	iJN1463.PP_4653	38.4	466	243	9	4	467	1	424	3.30e-78	250
WP_056575544.1	iYO844.BSU29990	37.0	465	244	10	9	465	2	425	1.71e-74	240
WP_056575549.1	iAF987.Gmet_2399	37.9	211	96	5	16	192	11	220	4.70e-35	124
WP_056575549.1	iHN637.CLJU_RS20535	39.1	169	97	3	13	176	229	396	8.85e-32	119
WP_056575549.1	iML1515.b2781	41.4	181	92	4	16	183	7	186	1.08e-32	117
WP_056575549.1	iSbBS512_1146.SbBS512_E3092	41.4	181	92	4	16	183	7	186	1.08e-32	117
WP_056575549.1	iSF_1195.SF2796	41.4	181	92	4	16	183	7	186	1.08e-32	117
WP_056575549.1	iSSON_1240.SSON_2938	41.4	181	92	4	16	183	7	186	1.08e-32	117
WP_056575549.1	iSDY_1059.SDY_2998	40.9	181	93	4	16	183	7	186	1.52e-32	117
WP_056575549.1	iLJ478.TM0913	36.2	210	98	5	15	193	10	214	3.85e-31	113
WP_056575567.1	iYO844.BSU39780	26.2	279	162	7	36	283	41	306	3.92e-25	101
WP_056575567.1	iEK1008.Rv2298	31.5	295	155	10	11	275	12	289	3.26e-23	96.7
WP_056575573.1	iYO844.BSU03070	26.2	447	301	7	38	483	23	441	4.27e-37	143
WP_056575583.1	iCN718.ABAYE_RS00700	44.0	416	216	6	16	415	16	430	8.40e-98	298
WP_056575583.1	iML1515.b1006	42.8	418	216	7	4	404	8	419	1.31e-96	296
WP_056575583.1	iSSON_1240.SSON_1024	42.8	418	216	7	4	404	30	441	3.53e-96	295
WP_056575583.1	iSF_1195.SF1009	42.6	418	217	7	4	404	30	441	9.93e-96	294
WP_056575583.1	iYL1228.KPN_01032	42.3	407	219	5	19	410	20	425	3.90e-95	292
WP_056575583.1	iSDY_1059.SDY_0981	42.1	418	219	7	4	404	30	441	1.24e-93	289
WP_056575598.1	iCN718.ABAYE_RS13105	51.3	271	127	1	1	266	1	271	1.10e-87	262
WP_056575598.1	iCN718.ABAYE_RS01085	48.5	266	131	2	1	260	1	266	1.62e-80	243
WP_056575606.1	iML1515.b1601	23.8	303	212	5	37	334	29	317	2.48e-04	42.4
WP_056575616.1	iEK1008.Rv1236	33.7	258	164	4	74	324	23	280	8.50e-35	129
WP_056575619.1	iEK1008.Rv1237	28.4	261	179	5	60	313	4	263	9.89e-22	92.4
WP_056575627.1	iEK1008.Rv1098c	65.4	457	153	4	8	462	10	463	8.70e-198	556
WP_056575629.1	iIS312.TCDM_00874	63.0	548	191	6	2	546	13	551	4.14e-242	676
WP_056575629.1	iML1515.b4122	63.2	546	190	4	1	546	1	535	2.14e-240	672
WP_056575629.1	iPC815.YPO3335	63.0	546	191	3	1	546	1	535	6.81e-239	668
WP_056575629.1	STM_v1_0.STM4300	61.4	546	200	3	1	546	1	535	7.67e-236	660
WP_056575629.1	iML1515.b1612	62.3	546	195	4	1	546	1	535	4.40e-235	658
WP_056575629.1	iSbBS512_1146.SbBS512_E1798	62.3	546	195	4	1	546	1	535	8.86e-235	657
WP_056575629.1	iSSON_1240.SSON_1548	62.3	546	195	4	1	546	1	535	8.86e-235	657
WP_056575629.1	iSF_1195.SF1635	62.1	546	196	4	1	546	1	535	1.26e-234	657
WP_056575629.1	iSDY_1059.SDY_1828	62.1	546	196	4	1	546	1	535	2.53e-234	656
WP_056575629.1	STM_v1_0.STM1468	60.2	565	210	5	1	561	1	554	1.58e-233	655
WP_056575629.1	iYL1228.KPN_01516	60.3	546	206	3	1	546	1	535	2.38e-232	651
WP_056575629.1	iIS312.TCDM_06503	61.4	549	198	5	2	547	25	562	1.43e-230	647
WP_056575629.1	iLB1027_lipid.PHATRDRAFT_19708	63.7	504	176	3	44	546	65	562	8.80e-230	645
WP_056575629.1	iAF987.Gmet_2570	58.1	546	219	3	1	546	1	536	7.84e-217	612
WP_056575632.1	iEK1008.Rv2601	34.7	167	95	6	4	165	262	419	1.43e-09	56.6
WP_056575634.1	iEK1008.Rv0911	27.6	123	72	4	5	113	128	247	4.50e-05	40.8
WP_056575637.1	iEK1008.Rv0646c	41.3	288	163	3	15	296	13	300	5.17e-62	198
WP_056575640.1	iLB1027_lipid.PHATRDRAFT_20470	28.7	195	126	8	13	201	21	208	6.97e-09	55.1
WP_056575645.1	iYO844.BSU18410	39.6	565	313	12	47	605	43	585	1.86e-98	311
WP_056575652.1	iYL1228.KPN_02641	33.0	109	71	2	47	155	51	157	5.54e-06	46.2
WP_056575652.1	STM_v1_0.STM2276	32.1	109	72	2	47	155	51	157	2.43e-05	44.3
WP_056575652.1	iML1515.b2232	32.1	109	72	2	47	155	51	157	1.04e-04	42.4
WP_056575652.1	iSbBS512_1146.SbBS512_E2607	32.1	109	72	2	47	155	51	157	1.04e-04	42.4
WP_056575652.1	iSDY_1059.SDY_2424	32.1	109	72	2	47	155	51	157	1.04e-04	42.4
WP_056575652.1	iSF_1195.SF2312	32.1	109	72	2	47	155	51	157	1.04e-04	42.4
WP_056575652.1	iSSON_1240.SSON_2290	32.1	109	72	2	47	155	51	157	1.04e-04	42.4
WP_056575682.1	iJN1463.PP_2416	37.3	217	119	6	17	225	23	230	1.74e-18	85.1
WP_056575682.1	iAF987.Gmet_2439	30.9	233	116	7	8	216	3	214	8.38e-16	77.0
WP_056575689.1	iEK1008.Rv1170	40.7	312	150	6	7	303	6	297	1.36e-57	187
WP_056575692.1	iEK1008.Rv3567c	40.6	160	91	2	1	159	1	157	1.45e-37	127
WP_056575701.1	iEK1008.Rv1029	51.7	563	253	6	9	552	7	569	1.32e-166	484
WP_056575701.1	iSSON_1240.SSON_0649	51.4	555	259	6	7	552	5	557	1.66e-158	463
WP_056575701.1	iPC815.YPO2692	50.5	552	264	5	6	549	4	554	7.81e-158	462
WP_056575701.1	iML1515.b0698	50.9	554	263	5	7	552	5	557	2.66e-157	460
WP_056575701.1	iYL1228.KPN_00717	51.7	551	257	5	7	549	5	554	6.46e-156	457
WP_056575701.1	iAF987.Gmet_2433	48.1	574	257	5	15	552	13	581	2.17e-155	456
WP_056575701.1	STM_v1_0.STM0706	52.0	552	254	6	7	549	5	554	5.88e-154	452
WP_056575707.1	iSynCJ816.SGL_RS08885	39.9	373	214	3	2	373	6	369	1.87e-76	252
WP_056575718.1	iYO844.BSU39780	28.6	308	174	11	18	313	33	306	2.00e-20	89.4
WP_056575718.1	iCN718.ABAYE_RS12975	25.2	349	206	11	1	314	11	339	3.86e-19	86.3
WP_056575718.1	iCHOv1.100751755	37.2	156	80	3	7	162	20	157	1.06e-17	82.0
WP_056575718.1	iYO844.BSU09530	33.9	180	101	4	1	176	11	176	3.42e-17	80.5
WP_056575729.1	iLJ478.TM1724	35.3	249	151	5	3	245	2	246	1.23e-32	119
WP_056575729.1	iNF517.LLMG_RS08260	36.3	251	143	7	7	243	3	250	2.18e-31	115
WP_056575729.1	iEK1008.Rv1928c	37.7	247	144	7	4	242	7	251	2.28e-31	115
WP_056575729.1	iHN637.CLJU_RS20765	32.9	243	158	4	7	245	7	248	1.05e-30	114
WP_056575729.1	iAF987.Gmet_1601	36.5	249	146	7	4	245	3	246	1.01e-30	114
WP_056575729.1	iNF517.LLMG_RS08950	35.4	243	144	6	7	243	6	241	9.39e-31	114
WP_056575729.1	iYO844.BSU15910	32.5	249	157	5	4	245	2	246	3.90e-30	112
WP_056575729.1	iYL1228.KPN_01091	34.1	246	153	5	4	245	3	243	1.44e-29	110
WP_056575729.1	iHN637.CLJU_RS17225	31.7	243	161	3	7	245	9	250	4.53e-29	109
WP_056575729.1	STM_v1_0.STM1195	33.7	246	154	5	4	245	3	243	7.79e-29	108
WP_056575729.1	iML1515.b1093	34.1	246	153	5	4	245	3	243	1.09e-28	108
WP_056575729.1	iSbBS512_1146.SbBS512_E2231	34.1	246	153	5	4	245	3	243	1.09e-28	108
WP_056575729.1	iSDY_1059.SDY_2057	34.1	246	153	5	4	245	3	243	1.09e-28	108
WP_056575729.1	iSF_1195.SF1097	34.1	246	153	5	4	245	3	243	1.09e-28	108
WP_056575729.1	iSSON_1240.SSON_1113	34.1	246	153	5	4	245	3	243	1.09e-28	108
WP_056575729.1	iSynCJ816.SGL_RS07245	31.6	250	162	5	1	245	1	246	1.63e-28	108
WP_056575729.1	iCN900.CD630_11820	32.1	246	162	4	4	245	4	248	3.35e-28	107
WP_056575729.1	iAF987.Gmet_1694	33.6	247	154	5	4	244	3	245	3.07e-28	107
WP_056575732.1	iEK1008.Rv2524c	57.9	3089	1183	41	22	3039	23	3068	0.0	3172
WP_056575741.1	iML1515.b0808	31.1	212	146	0	81	292	505	716	2.78e-25	105
WP_056575743.1	iJN1463.PP_3253	31.5	349	215	9	14	352	8	342	4.42e-41	148
WP_056575746.1	iEK1008.Rv2393	33.9	236	140	7	3	227	46	276	7.60e-15	71.6
WP_056575752.1	iEK1008.Rv0253	53.5	101	44	3	17	115	14	113	1.94e-24	89.7
WP_056575752.1	iJN1463.PP_1706	47.8	92	47	1	16	106	17	108	1.52e-21	82.4
WP_056575754.1	iEK1008.Rv0252	59.7	844	312	10	6	835	16	845	0.0	945
WP_056575754.1	iJN1463.PP_1705	56.0	841	354	8	2	836	9	839	3.10e-312	878
WP_056575755.1	iYO844.BSU03320	31.5	496	306	10	2	484	5	479	2.41e-56	200
WP_056575755.1	iCN718.ABAYE_RS08070	31.2	474	300	10	1	458	1	464	6.63e-53	191
WP_056575755.1	iYS854.USA300HOU_RS12975	30.4	470	307	10	2	462	5	463	3.39e-50	183
WP_056575755.1	iSDY_1059.SDY_3527	32.5	477	289	13	1	458	4	466	8.41e-50	182
WP_056575755.1	STM_v1_0.STM3474	32.6	478	287	14	1	458	4	466	1.15e-49	182
WP_056575755.1	iYL1228.KPN_03752	32.6	476	290	12	1	458	4	466	2.90e-49	181
WP_056575758.1	iYO844.BSU03310	40.8	696	391	7	12	697	23	707	5.83e-176	520
WP_056575762.1	iEK1008.Rv1400c	36.9	274	146	9	14	269	29	293	1.88e-36	132
WP_056575762.1	iEK1008.Rv1399c	37.5	251	124	9	40	269	54	292	3.60e-36	131
WP_056575774.1	iAT_PLT_636.4129	47.3	55	28	1	3	56	6	60	5.31e-04	41.2
WP_056575774.1	iMM1415.109731	43.6	55	30	1	3	56	6	60	9.34e-04	40.4
WP_056575777.1	iJN1463.PP_0920	48.0	354	176	4	1	353	1	347	7.77e-95	286
WP_056575777.1	iJN1463.PP_3173	45.3	364	179	8	4	353	3	360	1.70e-89	273
WP_056575777.1	iJN1463.PP_2486	42.1	373	187	9	4	354	6	371	6.41e-86	264
WP_056575786.1	iEK1008.Rv0132c	33.9	121	64	6	25	140	59	168	6.28e-05	43.9
WP_056575799.1	iJN1463.PP_0597	57.1	494	206	5	5	494	4	495	4.59e-192	544
WP_056575799.1	iCN718.ABAYE_RS06910	54.1	479	217	3	5	481	28	505	1.44e-179	513
WP_056575799.1	iEK1008.Rv0753c	54.2	507	219	4	1	494	1	507	1.45e-176	505
WP_056575799.1	iYL1228.KPN_04670	53.1	484	222	3	3	481	2	485	2.46e-175	502
WP_056575799.1	STM_v1_0.STM4421	53.8	483	218	3	4	481	3	485	2.00e-174	499
WP_056575802.1	iYL1228.KPN_04674	46.7	632	303	9	6	612	5	627	9.83e-170	498
WP_056575802.1	iYO844.BSU39730	42.9	632	331	6	6	619	6	625	8.87e-154	457
WP_056575805.1	iYO844.BSU39750	35.7	252	143	9	43	289	31	268	1.74e-32	120
WP_056575808.1	iYL1228.KPN_04673	35.2	341	187	5	6	328	9	333	1.66e-45	163
WP_056575811.1	iYL1228.KPN_04675	40.9	335	185	5	5	328	29	361	1.42e-70	223
WP_056575811.1	iYO844.BSU39700	35.3	334	206	4	5	328	3	336	1.95e-62	201
WP_056575817.1	iYO844.BSU39700	29.3	331	219	8	5	329	3	324	7.25e-26	105
WP_056575817.1	iYL1228.KPN_04675	32.0	322	205	8	5	321	29	341	6.44e-25	103
WP_056575817.1	STM_v1_0.STM4433	31.5	273	178	6	61	327	60	329	3.19e-24	100
WP_056575817.1	iYL1228.KPN_00507	31.7	331	218	7	6	332	5	331	5.63e-24	100
WP_056575817.1	STM_v1_0.STM4425	28.6	329	219	9	5	327	3	321	1.00e-22	96.7
WP_056575819.1	STM_v1_0.STM0518	35.3	119	76	1	120	238	123	240	3.13e-18	81.3
WP_056575819.1	iCHOv1.100774763	33.3	129	85	1	111	238	34	162	2.44e-17	77.4
WP_056575819.1	iML1515.b0508	33.6	119	78	1	120	238	123	240	1.39e-15	73.9
WP_056575819.1	iSSON_1240.SSON_0503	33.6	119	78	1	120	238	123	240	1.88e-15	73.9
WP_056575829.1	iAM_Pc455.PCYB_041150	30.6	160	102	3	4	154	7	166	9.11e-11	62.8
WP_056575829.1	iAM_Pv461.PVX_002600	30.6	160	102	2	4	154	7	166	1.72e-10	62.0
WP_056575832.1	iAF692.Mbar_A1976	35.2	778	431	21	6	775	4	716	1.97e-139	435
WP_056575844.1	iEK1008.Rv1235	28.8	458	269	11	23	437	24	467	7.15e-46	164
WP_056575847.1	iEK1008.Rv2471	49.6	562	239	6	3	564	28	545	1.45e-186	535
WP_056576015.1	iJN1463.PP_0970	36.4	376	229	5	14	384	49	419	2.80e-52	180
WP_056576017.1	iEK1008.Rv2439c	51.8	361	168	3	3	362	13	368	1.06e-102	307
WP_056576020.1	iEK1008.Rv2427c	57.2	414	166	1	1	414	11	413	3.89e-144	416
WP_056576025.1	iSbBS512_1146.SbBS512_E4944	36.8	182	102	6	5	180	4	178	1.03e-19	83.2
WP_056576025.1	iSF_1195.SF4427	36.8	182	102	6	5	180	4	178	1.03e-19	83.2
WP_056576025.1	iSSON_1240.SSON_4545	36.8	182	102	6	5	180	4	178	1.03e-19	83.2
WP_056576025.1	iSDY_1059.SDY_4656	36.3	182	103	6	5	180	4	178	3.91e-19	81.6
WP_056576025.1	iYL1228.KPN_04850	33.8	216	128	7	5	212	4	212	2.88e-18	79.3
WP_056576025.1	STM_v1_0.STM4585	33.7	202	117	7	5	200	4	194	2.88e-18	79.3
WP_056576073.1	iMM1415.246787	28.7	477	295	13	29	469	23	490	7.00e-48	177
WP_056576073.1	iCHOv1.100770888	28.5	478	295	13	29	469	27	494	4.78e-47	174
WP_056576073.1	iMM1415.230612	29.2	476	308	12	28	479	32	502	1.05e-44	168
WP_056576073.1	iCHOv1.100767281	27.4	471	306	14	29	469	28	492	2.92e-44	166
WP_056576073.1	iMM1415.20537	27.9	491	315	15	12	469	8	492	3.01e-44	166
WP_056576073.1	iAT_PLT_636.6523	28.5	474	297	13	29	469	28	492	1.21e-42	162
WP_056576073.1	iMM1415.233836	27.4	468	305	12	29	469	28	487	2.43e-42	161
WP_056576076.1	iNF517.LLMG_RS08750	46.5	911	394	16	26	933	8	828	8.88e-272	777
WP_056576076.1	iYS854.USA300HOU_RS09335	45.5	912	377	16	25	932	7	802	1.03e-266	763
WP_056576084.1	iCHOv1.100753207	37.7	77	46	1	7	81	55	131	6.73e-05	44.7
WP_056576084.1	iAF987.Gmet_3551	27.0	185	114	6	7	181	4	177	6.42e-05	44.7
WP_056576084.1	iJN1463.PP_0383	31.9	91	58	2	6	93	47	136	9.18e-05	44.3
WP_056576084.1	iAT_PLT_636.4129	48.9	45	23	0	1	45	1	45	1.56e-04	43.5
WP_056576084.1	iMM1415.109731	46.7	45	24	0	1	45	1	45	1.56e-04	43.5
WP_056576084.1	iAT_PLT_636.4128	43.3	60	29	2	6	62	15	72	2.73e-04	42.7
WP_056576084.1	iLB1027_lipid.PHATRDRAFT_51868	51.3	39	19	0	3	41	77	115	3.85e-04	42.4
WP_056576084.1	iSynCJ816.SGL_RS08440	40.0	65	38	1	7	70	3	67	3.45e-04	42.4
WP_056576084.1	iMM904.YMR020W	39.7	68	34	3	4	64	8	75	6.22e-04	41.6
WP_056576084.1	iCHOv1.100760815	45.8	59	29	2	6	62	391	448	9.61e-04	41.2
WP_056576084.1	iMM1415.17161	45.8	59	29	2	6	62	15	72	8.33e-04	41.2
WP_056576089.1	iAF987.Gmet_0302	32.0	169	83	6	1	163	1	143	3.46e-13	64.3
WP_056576092.1	iEK1008.Rv2388c	52.2	370	175	2	25	394	6	373	1.27e-125	367
WP_056576100.1	iYS854.USA300HOU_RS05715	34.5	226	142	2	97	322	332	551	3.70e-36	137
WP_056576107.1	iSbBS512_1146.SbBS512_E2456	60.9	225	84	1	11	231	3	227	1.62e-80	240
WP_056576107.1	iYL1228.KPN_00909	59.1	225	88	1	11	231	3	227	9.28e-80	238
WP_056576107.1	iML1515.b0875	60.4	225	85	1	11	231	3	227	1.32e-79	238
WP_056576107.1	iSF_1195.SF0832	60.4	225	85	1	11	231	3	227	1.32e-79	238
WP_056576112.1	iEK1008.Rv1193	58.4	462	181	5	18	474	15	470	1.27e-175	501
WP_056576120.1	iJN1463.PP_5258	68.5	495	151	4	11	504	5	495	5.96e-226	630
WP_056576120.1	iEK1008.Rv3293	62.2	498	180	3	9	504	2	493	3.75e-207	583
WP_056576136.1	iYO844.BSU00920	39.1	499	283	8	17	512	1	481	1.74e-116	352
WP_056576136.1	iLJ478.TM1351	39.0	495	271	7	23	515	2	467	1.96e-105	323
WP_056576159.1	iEK1008.Rv2977c	51.1	311	141	5	20	326	18	321	2.91e-80	247
WP_056576170.1	iEK1008.Rv2344c	48.3	418	200	7	4	407	8	423	1.54e-109	328
WP_056576179.1	iNF517.LLMG_RS04065	29.4	286	186	3	25	303	29	305	7.30e-27	107
WP_056576179.1	iCN900.CD630_15880	27.6	304	205	4	15	314	21	313	1.40e-24	100
WP_056576188.1	iML1515.b2660	42.2	393	224	2	4	393	2	394	1.26e-102	310
WP_056576188.1	iJN1463.PP_2910	41.4	391	227	1	4	392	2	392	9.63e-98	297
WP_056576213.1	iJN1463.PP_0553	30.6	255	157	5	25	279	132	366	7.24e-20	88.6
WP_056576213.1	iEK1008.Rv3569c	29.4	265	167	8	23	278	34	287	1.32e-18	84.0
WP_056576215.1	iPC815.YPO3064	37.2	137	74	3	3	133	5	135	1.30e-21	84.7
WP_056576215.1	iYL1228.KPN_02814	33.6	137	79	3	3	133	4	134	8.61e-19	77.4
WP_056576220.1	iYS854.USA300HOU_RS07595	28.5	361	232	7	25	384	15	350	3.91e-34	135
WP_056576231.1	iJN1463.PP_2734	42.4	354	197	5	45	394	19	369	2.20e-79	249
WP_056576234.1	iAM_Pf480.PF3D7_1435300	53.5	43	19	1	10	51	2657	2699	2.26e-04	43.5
WP_056576234.1	iAM_Pc455.PCYB_132360	58.3	36	14	1	17	51	2500	2535	2.97e-04	43.1
WP_056576234.1	iAM_Pv461.PVX_084770	58.3	36	14	1	17	51	2577	2612	2.98e-04	43.1
WP_056576237.1	iJN1463.PP_0316	27.8	345	223	6	41	361	24	366	1.01e-24	103
WP_056576258.1	iML1515.b0837	40.9	342	191	8	50	384	32	369	6.25e-78	244
WP_056576258.1	iSbBS512_1146.SbBS512_E2507	40.9	342	191	8	50	384	32	369	8.83e-78	244
WP_056576258.1	iSSON_1240.SSON_0820	40.6	342	192	8	50	384	32	369	3.50e-77	242
WP_056576258.1	iYL1228.KPN_00869	39.2	337	194	7	55	384	35	367	9.67e-70	223
WP_056576261.1	iCHOv1.100759877	38.7	300	151	5	21	310	34	310	4.49e-49	166
WP_056576261.1	iCHOv1.100757118	38.3	298	153	6	25	306	44	326	1.16e-46	160
WP_056576261.1	iMM1415.105014	39.0	300	148	7	25	306	44	326	1.16e-46	160
WP_056576261.1	iCHOv1.100759583	39.6	293	158	5	21	310	35	311	8.04e-46	157
WP_056576261.1	iMM1415.77974	38.6	293	161	5	21	310	35	311	8.66e-45	154
WP_056576261.1	iMM1415.17252	37.5	293	164	5	21	310	34	310	4.73e-44	152
WP_056576280.1	iAM_Pb448.PBANKA_091170	30.4	293	148	10	161	441	678	926	6.95e-20	93.2
WP_056576280.1	iAM_Pv461.PVX_092460	31.1	296	164	11	150	441	850	1109	9.67e-20	92.8
WP_056576280.1	iAM_Pc455.PCYB_094280	30.7	296	165	11	150	441	695	954	6.68e-19	90.1
WP_056576280.1	iAM_Pf480.PF3D7_1136900	30.3	294	169	8	150	441	716	975	1.21e-18	89.4
WP_056576292.1	iJN1463.PP_1494	33.3	123	73	3	2	119	14	132	4.37e-09	55.1
WP_056576292.1	iEK1008.Rv0386	37.8	82	50	1	123	204	996	1076	9.36e-08	51.6
WP_056576292.1	iAF987.Gmet_0069	29.8	114	78	1	8	119	5	118	2.78e-07	49.7
WP_056576299.1	iLB1027_lipid.PHATRDRAFT_51454	38.7	163	83	4	38	189	1	157	1.45e-29	108
WP_056576308.1	iEK1008.Rv2215	54.5	648	190	10	1	640	1	551	3.35e-160	471
WP_056576320.1	iEK1008.Rv2205c	40.9	372	183	8	1	361	1	346	4.02e-63	205
WP_056576320.1	iJN1463.PP_3178	40.5	375	210	6	1	364	1	373	1.40e-62	204
WP_056576320.1	iCN718.ABAYE_RS04775	39.6	346	197	5	1	336	1	344	1.16e-58	194
WP_056576320.1	iYL1228.KPN_03536	36.9	374	223	6	1	363	1	372	1.73e-56	188
WP_056576320.1	STM_v1_0.STM2959	36.9	347	207	5	1	337	1	345	9.21e-56	186
WP_056576324.1	iEK1008.Rv2192c	48.8	344	165	3	2	337	23	363	4.84e-93	281
WP_056576329.1	iNF517.LLMG_RS11535	36.5	312	189	4	13	317	7	316	2.73e-52	175
WP_056576334.1	iEK1008.Rv3203	36.3	91	43	4	58	142	6	87	2.14e-04	41.2
WP_056576342.1	iYS854.USA300HOU_RS13915	25.3	281	179	7	4	264	5	274	1.03e-16	81.6
WP_056576344.1	iNF517.LLMG_RS08455	38.4	318	183	3	12	327	4	310	1.22e-68	216
WP_056576347.1	iEK1008.Rv2157c	41.8	505	233	12	1	449	1	500	3.63e-84	267
WP_056576347.1	iSbBS512_1146.SbBS512_E0079	37.3	456	272	11	1	450	1	448	9.44e-75	241
WP_056576347.1	iSSON_1240.SSON_0094	37.3	456	272	11	1	450	1	448	9.44e-75	241
WP_056576350.1	iEK1008.Rv2155c	48.1	497	198	12	24	484	12	484	3.42e-118	355
WP_056576353.1	iEK1008.Rv2153c	55.4	363	151	3	4	355	39	401	3.21e-120	353
WP_056576357.1	iEK1008.Rv2152c	45.4	489	227	13	12	474	7	481	1.46e-101	312
WP_056576363.1	iCN900.CD630_26230	31.6	231	143	5	10	233	10	232	8.87e-24	95.1
WP_056576366.1	iMM904.YBL076C	36.9	1047	577	25	23	1026	10	1015	6.67e-220	657
WP_056576366.1	iLB1027_lipid.PHATRDRAFT_29824	36.5	1071	585	24	15	1019	2	1043	2.12e-209	634
WP_056576366.1	iHN637.CLJU_RS00920	34.8	1046	629	19	17	1051	5	1008	7.85e-207	622
WP_056576366.1	iIS312.TCDM_03509	35.1	1054	594	27	23	1032	96	1103	3.80e-195	596
WP_056576375.1	iEK1008.Rv1599	60.9	432	162	2	1	425	1	432	3.10e-160	459
WP_056576378.1	iEK1008.Rv1600	53.6	360	163	3	5	363	11	367	1.22e-128	373
WP_056576381.1	iEK1008.Rv1601	60.9	202	76	2	2	200	9	210	1.91e-84	248
WP_056576387.1	iEK1008.Rv1606	66.4	110	37	0	3	112	2	111	1.03e-47	148
WP_056576403.1	iEK1008.Rv1613	59.4	261	100	1	2	262	10	264	3.87e-100	293
WP_056576406.1	STM_v1_0.STM3002	25.1	275	178	7	20	270	15	285	1.25e-14	72.0
WP_056576421.1	iEK1008.Rv3806c	54.1	279	122	4	9	282	15	292	1.06e-84	256
WP_056576426.1	iEK1008.Rv3032	26.2	393	251	11	1	358	1	389	7.98e-22	95.5
WP_056576426.1	iEK1008.Rv2188c	29.5	370	237	12	14	361	13	380	8.47e-20	89.4
WP_056576437.1	iAM_Pb448.PBANKA_083310	26.6	477	281	10	4	417	9	479	6.80e-35	134
WP_056576437.1	iAM_Pv461.PVX_087090	26.4	530	266	13	9	417	14	540	8.79e-32	126
WP_056576437.1	iAM_Pc455.PCYB_073980	27.0	497	263	13	9	417	14	498	1.38e-30	122
WP_056576440.1	iEK1008.Rv1631	49.7	189	95	0	3	191	2	190	5.87e-49	163
WP_056576440.1	iAF987.Gmet_3026	49.0	192	96	1	3	192	2	193	6.04e-48	155
WP_056576457.1	iYO844.BSU39780	32.7	318	194	7	3	310	1	308	4.35e-45	155
WP_056576457.1	iCN718.ABAYE_RS12975	33.1	323	180	8	6	294	4	324	8.37e-44	153
WP_056576463.1	iEK1008.Rv2674	60.2	128	51	0	12	139	6	133	4.62e-58	176
WP_056576483.1	iHN637.CLJU_RS03010	35.0	80	52	0	44	123	192	271	1.71e-10	57.0
WP_056576499.1	iLJ478.TM0356	45.6	395	214	1	1	394	1	395	7.70e-102	307
WP_056576499.1	iAF987.Gmet_3072	44.4	390	215	2	7	394	7	396	8.99e-101	304
WP_056576509.1	iEK1008.Rv2724c	48.0	342	173	2	3	342	9	347	4.38e-112	330
WP_056576515.1	iEK1008.Rv2467	49.7	862	392	13	5	835	5	855	2.56e-270	771
WP_056576532.1	iEK1008.Rv3710	56.8	607	210	7	1	560	41	642	1.13e-227	643
WP_056576532.1	iJN1463.PP_1025	56.8	560	221	8	2	559	7	547	2.78e-214	606
WP_056576535.1	iEK1008.Rv2241	64.8	895	306	6	5	896	1	889	0.0	1166
WP_056576560.1	iYS854.USA300HOU_RS08720	39.6	391	192	3	19	409	18	364	4.11e-93	285
WP_056576583.1	iEK1008.Rv3199c	36.7	294	160	9	11	281	19	309	3.13e-38	136
WP_056576586.1	iEK1008.Rv3229c	52.8	377	174	1	1	373	1	377	5.86e-144	415
WP_056576592.1	iYS854.USA300HOU_RS06130	31.3	268	178	3	1	262	5	272	7.79e-38	146
WP_056576603.1	iNF517.LLMG_RS03835	43.5	124	68	1	64	185	58	181	3.57e-17	75.5
WP_056576603.1	iYO844.BSU40850	32.6	144	93	2	46	185	39	182	1.02e-15	71.2
WP_056576603.1	iML1515.b0459	40.9	137	77	2	51	185	47	181	3.79e-15	69.7
WP_056576603.1	iSDY_1059.SDY_0460	40.9	137	77	2	51	185	47	181	3.79e-15	69.7
WP_056576603.1	iSSON_1240.SSON_0446	40.9	137	77	2	51	185	47	181	3.79e-15	69.7
WP_056576603.1	iNF517.LLMG_RS08595	30.0	120	84	0	66	185	39	158	3.36e-15	69.3
WP_056576610.1	iJN1463.PP_1494	30.2	106	73	1	2	107	17	121	1.88e-05	44.3
WP_056576610.1	iAF987.Gmet_0069	30.6	111	69	4	1	107	1	107	1.92e-04	41.2
WP_056576616.1	iEK1008.Rv2936	37.8	222	130	4	16	231	24	243	5.11e-32	120
WP_056576616.1	iCN900.CD630_16140	33.6	211	136	3	14	220	37	247	1.92e-30	115
WP_056576622.1	iEK1008.Rv3097c	31.1	190	102	6	69	252	219	385	3.61e-12	66.2
WP_056576622.1	iEK1008.Rv1400c	31.9	232	137	10	86	300	87	314	3.42e-11	62.8
WP_056576628.1	iJN1463.PP_0316	28.2	326	190	9	79	369	51	367	1.50e-19	88.6
WP_056576629.1	iYL1228.KPN_01467	29.5	640	417	10	3	621	124	750	1.51e-86	286
WP_056576629.1	iCN718.ABAYE_RS08870	29.5	648	412	15	3	623	127	756	2.74e-86	285
WP_056576635.1	iEK1008.Rv0202c	35.1	559	331	11	177	726	181	716	1.29e-66	237
WP_056576638.1	iEK1008.Rv0021c	29.4	231	141	6	14	238	16	230	2.14e-12	66.6
WP_056576638.1	iEK1008.Rv1533	28.9	228	144	7	101	314	139	362	2.17e-11	63.9
WP_056576638.1	iCN900.CD630_11800	22.6	266	185	4	14	272	13	264	3.02e-10	60.1
WP_056576646.1	iEK1008.Rv3227	53.2	425	187	5	7	424	4	423	1.10e-134	394
WP_056576653.1	iEK1008.Rv1349	30.6	435	274	9	168	586	149	571	6.55e-40	153
WP_056576653.1	iPC815.YPO3144	27.3	539	370	6	54	580	44	572	1.20e-39	153
WP_056576653.1	iPC815.YPO1913	27.3	488	342	4	108	586	99	582	1.22e-36	144
WP_056576653.1	iAF987.Gmet_2349	26.6	488	339	9	104	580	87	566	1.41e-35	140
WP_056576653.1	iEK1008.Rv1348	28.8	497	309	10	108	580	366	841	7.33e-35	140
WP_056576653.1	STM_v1_0.STM2774	29.8	467	295	9	133	580	749	1201	1.00e-34	140
WP_056576657.1	iEK1008.Rv1349	30.1	312	201	5	269	567	248	555	1.13e-28	120
WP_056576657.1	iAF987.Gmet_2634	30.6	392	256	5	178	557	166	553	2.62e-28	119
WP_056576657.1	iSDY_1059.SDY_1025	29.6	541	343	12	62	574	47	577	4.00e-27	116
WP_056576657.1	iJN1463.PP_4935	27.4	405	257	9	187	567	188	579	3.18e-26	112
WP_056576657.1	iYL1228.KPN_00941	24.8	400	292	2	177	567	167	566	6.94e-26	111
WP_056576657.1	STM_v1_0.STM2774	29.1	539	347	11	62	574	47	576	2.05e-24	108
WP_056576679.1	iAF987.Gmet_0782	25.2	230	150	6	143	353	476	702	2.92e-07	52.0
WP_056576679.1	iYL1228.KPN_02455	23.6	203	144	2	162	353	377	579	2.70e-07	52.0
WP_056576679.1	iJN1463.PP_3435	25.0	120	88	1	237	354	368	487	3.39e-07	51.6
WP_056576679.1	iJN1463.PP_0914	28.8	111	79	0	243	353	550	660	2.71e-06	48.9
WP_056576679.1	iAF987.Gmet_2629	24.8	105	79	0	245	349	677	781	8.74e-06	47.4
WP_056576683.1	iEK1008.Rv3518c	31.0	378	250	4	69	440	21	393	9.88e-46	162
WP_056576683.1	iEK1008.Rv3545c	32.8	296	186	6	124	415	116	402	7.35e-41	150
WP_056576686.1	iYS854.USA300HOU_RS03230	41.0	558	313	8	4	554	5	553	6.58e-131	392
WP_056576686.1	iAF987.Gmet_1434	40.9	569	309	9	4	554	10	569	2.35e-123	374
WP_056576689.1	iEK1008.Rv1293	59.8	448	163	5	30	468	7	446	4.84e-177	503
WP_056576696.1	iCN900.CD630_02510	26.3	262	173	8	385	635	151	403	1.29e-05	47.8
WP_056576705.1	iEK1008.Rv3498c	33.3	198	132	0	2	199	10	207	2.70e-26	106
WP_056576708.1	iEK1008.Rv3495c	23.5	323	235	5	10	320	7	329	1.12e-12	68.6
WP_056576711.1	iEK1008.Rv1308	68.0	544	172	2	1	544	1	542	3.75e-260	721
WP_056576714.1	iEK1008.Rv1309	50.8	309	143	4	1	305	1	304	9.08e-89	267
WP_056576720.1	iCN900.CD630_10580	43.9	278	155	1	121	397	2	279	1.04e-73	231
WP_056576720.1	iEK1008.Rv0468	44.3	282	154	3	119	397	5	286	2.98e-68	217
WP_056576720.1	iMM1415.15107	45.2	294	133	6	122	397	30	313	3.85e-67	215
WP_056576720.1	iAF987.Gmet_2072	43.2	280	158	1	119	397	2	281	4.96e-65	208
WP_056576731.1	iYL1228.KPN_00103	35.4	65	38	1	146	206	3	67	1.94e-07	48.9
WP_056576731.1	iPC815.YPO0565	36.9	65	37	1	149	209	6	70	1.20e-06	46.6
WP_056576731.1	iPC815.YPO2167	36.1	72	39	3	148	214	4	73	1.64e-06	46.2
WP_056576731.1	iAF987.Gmet_1170	32.3	99	45	3	156	237	12	105	2.63e-06	45.8
WP_056576731.1	STM_v1_0.STM0137	33.9	59	35	1	146	200	3	61	3.22e-06	45.4
WP_056576731.1	iML1515.b0099	34.4	61	36	1	146	202	3	63	4.24e-06	45.1
WP_056576731.1	iSbBS512_1146.SbBS512_E0093	34.4	61	36	1	146	202	3	63	4.24e-06	45.1
WP_056576731.1	iSDY_1059.SDY_0129	34.4	61	36	1	146	202	3	63	4.47e-06	45.1
WP_056576731.1	iSF_1195.SF0096	34.4	61	36	1	146	202	3	63	4.24e-06	45.1
WP_056576731.1	iSSON_1240.SSON_0107	34.4	61	36	1	146	202	3	63	4.24e-06	45.1
WP_056576743.1	iEK1008.Rv3029c	44.7	266	141	2	1	260	1	266	1.09e-72	223
WP_056576745.1	iEK1008.Rv3028c	53.2	325	135	6	1	315	1	318	2.03e-89	269
WP_056576748.1	iYO844.BSU12960	27.2	478	311	19	64	525	77	533	6.46e-35	137
WP_056576751.1	STM_v1_0.STM0848	42.0	564	313	7	16	572	12	568	1.37e-133	403
WP_056576751.1	iSSON_1240.SSON_0811	42.5	565	309	6	16	572	1	557	1.97e-133	402
WP_056576751.1	iML1515.b0829	42.5	565	309	6	16	572	12	568	3.86e-133	402
WP_056576751.1	iYL1228.KPN_00862	42.8	570	297	9	16	572	12	565	3.43e-133	402
WP_056576751.1	iSbBS512_1146.SbBS512_E2519	42.5	565	309	6	16	572	12	568	3.86e-133	402
WP_056576751.1	iSDY_1059.SDY_0758	42.3	565	310	6	16	572	1	557	5.55e-133	401
WP_056576751.1	iSF_1195.SF0779	42.3	565	310	6	16	572	1	557	1.56e-132	400
WP_056576751.1	iJN1463.PP_4150	42.6	561	285	7	12	570	2	527	4.07e-130	391
WP_056576751.1	iEK1008.Rv1281c	41.8	607	299	12	15	572	3	604	9.53e-128	387
WP_056576751.1	iYS854.USA300HOU_RS01050	38.6	560	302	8	16	571	4	525	7.74e-120	364
WP_056576751.1	iML1515.b2180	40.5	558	295	7	14	568	3	526	1.50e-119	363
WP_056576763.1	iEK1008.Rv1595	47.5	505	239	11	4	493	12	505	2.54e-109	335
WP_056576763.1	iSynCJ816.SGL_RS17230	43.0	539	255	12	4	497	8	539	1.08e-101	316
WP_056576771.1	iML1515.b2411	35.8	758	362	12	34	776	22	669	1.09e-129	402
WP_056576771.1	iSDY_1059.SDY_2608	35.6	758	363	12	34	776	22	669	1.09e-129	402
WP_056576771.1	iYL1228.KPN_02758	35.7	759	365	12	34	778	22	671	2.16e-129	401
WP_056576771.1	iSSON_1240.SSON_2500	35.6	758	363	12	34	776	22	669	8.44e-129	399
WP_056576771.1	iSF_1195.SF2466	35.4	758	365	12	34	776	22	669	3.30e-128	398
WP_056576771.1	STM_v1_0.STM2427	35.5	758	364	13	34	776	22	669	8.25e-125	389
WP_056576783.1	iSynCJ816.SGL_RS07160	54.7	470	206	3	16	485	11	473	2.23e-169	486
WP_056576783.1	iAF987.Gmet_0075	52.3	482	219	5	3	482	2	474	1.40e-155	451
WP_056576783.1	iJN1463.PP_0931	53.3	471	212	4	6	476	3	465	1.05e-154	449
WP_056576786.1	iAF987.Gmet_0073	44.2	495	252	6	23	511	3	479	1.56e-132	392
WP_056576792.1	iAF987.Gmet_0843	26.2	279	175	10	24	293	14	270	1.23e-07	51.6
WP_056576792.1	iSynCJ816.SGL_RS04775	28.4	141	85	5	31	157	25	163	3.28e-06	47.4
WP_056576792.1	iEK1008.Rv1900c	31.8	110	66	2	29	129	27	136	6.32e-06	47.0
WP_056576807.1	iAF987.Gmet_1601	30.9	94	61	2	136	228	3	93	3.43e-04	42.0
WP_056576807.1	iAF987.Gmet_1694	31.9	91	60	1	135	225	2	90	4.55e-04	41.6
WP_056576813.1	iEK1008.Rv2210c	58.5	349	141	2	18	362	18	366	1.49e-144	413
WP_056576816.1	iJN1463.PP_5338	60.4	455	179	1	20	473	12	466	1.39e-182	519
WP_056576816.1	iIT341.HP0649	57.0	463	197	1	20	482	2	462	3.49e-173	494
WP_056576816.1	iYL1228.KPN_04529	55.3	459	204	1	20	477	6	464	7.41e-165	474
WP_056576816.1	iML1515.b4139	55.1	459	205	1	20	477	6	464	1.49e-164	473
WP_056576816.1	iSbBS512_1146.SbBS512_E4668	55.1	459	205	1	20	477	6	464	1.49e-164	473
WP_056576816.1	iSDY_1059.SDY_4444	55.1	459	205	1	20	477	21	479	2.47e-164	473
WP_056576816.1	iSF_1195.SF4293	55.1	459	205	1	20	477	21	479	2.47e-164	473
WP_056576816.1	iSSON_1240.SSON_4322	55.1	459	205	1	20	477	21	479	2.47e-164	473
WP_056576825.1	iYO844.BSU02850	34.8	322	182	6	11	323	10	312	6.63e-49	166
WP_056576825.1	iAF987.Gmet_0491	32.7	336	183	7	10	328	8	317	3.62e-43	150
WP_056576827.1	iEK1008.Rv2357c	72.4	457	124	1	5	461	8	462	3.42e-253	696
WP_056576843.1	iPC815.YPO2958	34.6	350	212	7	1	345	1	338	1.07e-58	192
WP_056576843.1	iJN1463.PP_4881	31.6	329	219	4	20	345	11	336	3.41e-56	186
WP_056576846.1	iAF987.Gmet_1919	26.7	180	121	4	7	177	5	182	2.94e-08	52.4
WP_056576853.1	iEK1008.Rv1623c	48.7	491	227	8	1	472	1	485	2.37e-152	442
WP_056576853.1	iYO844.BSU38760	46.2	465	236	5	1	464	1	452	6.54e-148	430
WP_056576856.1	iEK1008.Rv1622c	52.4	336	154	2	1	330	1	336	8.32e-109	321
WP_056576859.1	iAF987.Gmet_2634	40.1	441	240	7	108	535	115	544	1.27e-80	263
WP_056576859.1	iEK1008.Rv1621c	39.5	456	262	8	90	539	73	520	9.30e-73	241
WP_056576859.1	iYL1228.KPN_00919	36.2	544	313	12	8	528	13	545	5.24e-72	240
WP_056576870.1	iAF987.Gmet_2349	30.3	561	389	1	6	566	7	565	5.04e-70	235
WP_056576870.1	iPC815.YPO1395	27.6	562	396	5	10	566	20	575	5.02e-65	222
WP_056576870.1	STM_v1_0.STM2774	29.2	558	363	11	28	567	35	578	4.43e-62	221
WP_056576870.1	iSDY_1059.SDY_1025	29.6	571	370	11	14	567	24	579	1.49e-61	220
WP_056576870.1	STM_v1_0.STM0984	25.8	558	411	2	10	566	20	575	3.64e-61	212
WP_056576873.1	iEK1008.Rv0675	63.6	253	90	2	3	255	2	252	1.69e-99	291
WP_056576884.1	iAF692.Mbar_A1776	27.5	182	101	6	202	357	14	190	3.60e-05	46.2
WP_056576884.1	iSynCJ816.SGL_RS02940	24.9	181	110	5	202	357	17	196	1.42e-04	44.3
WP_056576884.1	iSynCJ816.SGL_RS04915	33.3	66	44	0	292	357	133	198	1.81e-04	43.5
WP_056576884.1	iEK1008.Rv2850c	32.9	70	47	0	288	357	84	153	3.17e-04	43.1
WP_056576906.1	iEK1008.Rv0905	49.4	251	110	5	1	243	1	242	1.08e-65	203
WP_056576909.1	iMM1415.105014	28.8	316	196	10	25	321	27	332	2.30e-20	89.7
WP_056576909.1	iMM1415.17252	26.5	287	200	5	42	324	36	315	1.10e-18	84.7
WP_056576909.1	iCHOv1.100757118	27.1	299	191	8	42	321	42	332	3.39e-18	83.6
WP_056576909.1	iCHOv1.100759877	27.4	292	191	7	42	324	36	315	2.80e-18	83.6
WP_056576933.1	iEK1008.Rv2793c	52.6	289	130	3	5	292	7	289	5.39e-87	261
WP_056576936.1	iYO844.BSU36590	31.7	372	229	6	58	410	117	482	1.45e-56	192
WP_056576936.1	iAF987.Gmet_0065	34.9	358	209	8	52	393	111	460	7.76e-53	182
WP_056576936.1	iCN900.CD630_01920	29.6	372	223	7	55	400	128	486	5.96e-52	181
WP_056576936.1	iYS854.USA300HOU_RS11270	32.7	349	218	4	59	392	130	476	1.55e-51	179
WP_056576936.1	iAF987.Gmet_3078	32.4	361	216	6	60	400	34	386	2.70e-52	179
WP_056576939.1	iEK1008.Rv1320c	40.3	77	44	2	173	248	251	326	2.07e-04	43.5
WP_056576942.1	iCN718.ABAYE_RS08330	35.1	404	247	6	5	401	4	399	3.22e-72	231
WP_056576951.1	iJN1463.PP_5132	49.6	139	65	1	8	141	9	147	5.64e-42	137
WP_056576951.1	iAF987.Gmet_2947	51.4	148	64	4	7	149	4	148	9.64e-41	134
WP_056576954.1	iJN1463.PP_1761	38.4	440	266	4	541	976	376	814	2.85e-80	278
WP_056576954.1	iJN1463.PP_1144	38.7	429	257	5	550	977	280	703	8.46e-74	258
WP_056576962.1	iEK1008.Rv2753c	52.7	294	135	4	9	301	9	299	4.01e-90	270
WP_056576967.1	iML1515.b2700	37.0	146	91	1	9	153	12	157	3.60e-18	76.6
WP_056576978.1	iNF517.LLMG_RS09715	32.8	204	127	2	66	259	509	712	8.62e-23	97.8
WP_056576978.1	iJN1463.PP_1069	28.9	204	135	1	66	259	17	220	8.04e-24	96.3
WP_056576978.1	iPC815.YPO2613	27.3	209	141	1	64	261	16	224	4.29e-23	94.4
WP_056576978.1	iYL1228.KPN_00679	28.2	209	139	1	64	261	16	224	3.11e-22	92.0
WP_056576978.1	iCN718.ABAYE_RS10975	29.6	213	138	3	58	259	9	220	4.41e-22	91.7
WP_056576978.1	iNF517.LLMG_RS09920	28.8	208	135	2	58	252	7	214	1.26e-21	90.5
WP_056576978.1	iJN1463.PP_1299	39.9	148	83	2	67	208	157	304	1.76e-20	89.7
WP_056576978.1	iJN1463.PP_4426	31.0	210	125	4	65	259	10	214	3.81e-21	89.0
WP_056576996.1	iEK1008.Rv0202c	29.7	730	443	19	19	706	15	716	4.73e-58	216
WP_056577010.1	iEK1008.Rv2726c	46.5	284	130	8	5	272	3	280	7.47e-61	194
WP_056577020.1	iCN718.ABAYE_RS07665	26.8	220	147	6	31	241	23	237	2.90e-14	69.7
WP_056577027.1	iHN637.CLJU_RS03365	34.0	1039	532	20	40	974	25	1013	1.09e-177	543
WP_056577042.1	iCHOv1.100769832	41.5	106	52	1	12	107	38	143	1.54e-18	75.5
WP_056577072.1	iLJ478.TM0514	33.0	100	65	1	20	119	255	352	8.54e-09	52.8
WP_056577072.1	iAF987.Gmet_1354	31.7	104	69	1	16	119	250	351	2.91e-08	51.2
WP_056577075.1	iML1515.b0314	50.5	660	317	5	21	678	12	663	5.35e-224	640
WP_056577075.1	iYL1228.KPN_00587	53.1	625	279	6	58	678	49	663	3.05e-223	638
WP_056577075.1	iPC815.YPO1168	48.9	675	321	6	11	679	4	660	3.98e-220	630
WP_056577075.1	iCN718.ABAYE_RS14280	47.9	666	332	7	16	678	19	672	4.15e-213	612
WP_056577078.1	iYS854.USA300HOU_RS14155	64.1	554	189	4	2	551	6	553	1.00e-261	727
WP_056577081.1	iYO844.BSU31060	56.0	491	210	1	3	493	4	488	2.82e-195	553
WP_056577081.1	iYS854.USA300HOU_RS14160	50.3	489	237	1	5	493	12	494	1.73e-175	503
WP_056577087.1	iAF692.Mbar_A1202	25.7	304	164	11	74	349	43	312	1.41e-20	91.3
WP_056577090.1	iML1515.b2582	41.1	95	55	1	4	97	38	132	6.15e-22	84.3
WP_056577090.1	iSbBS512_1146.SbBS512_E2954	41.1	95	55	1	4	97	38	132	6.15e-22	84.3
WP_056577090.1	iSDY_1059.SDY_2825	41.1	95	55	1	4	97	38	132	6.15e-22	84.3
WP_056577090.1	iSF_1195.SF2644	41.1	95	55	1	4	97	38	132	6.15e-22	84.3
WP_056577090.1	iSSON_1240.SSON_2708	41.1	95	55	1	4	97	38	132	6.15e-22	84.3
WP_056577090.1	STM_v1_0.STM2649	41.1	95	55	1	4	97	38	132	1.23e-21	83.6
WP_056577090.1	iYL1228.KPN_02905	38.9	95	57	1	4	97	38	132	5.77e-20	79.3
WP_056577090.1	iPC815.YPO3270	37.9	95	58	1	4	97	38	132	5.03e-19	77.0
WP_056577100.1	iYS854.USA300HOU_RS03755	26.5	181	120	3	26	199	3	177	1.23e-06	50.1
WP_056577134.1	iCN718.ABAYE_RS13380	42.0	207	104	4	7	213	10	200	1.87e-40	136
WP_056577134.1	iML1515.b2923	40.8	206	106	3	7	211	8	198	8.97e-38	130
WP_056577134.1	iSDY_1059.SDY_3159	41.7	206	104	4	7	211	8	198	2.52e-37	129
WP_056577134.1	iSSON_1240.SSON_3075	41.3	206	105	4	7	211	8	198	5.02e-37	128
WP_056577134.1	iSbBS512_1146.SbBS512_E3348	41.3	206	105	4	7	211	8	198	9.99e-37	127
WP_056577134.1	iSF_1195.SF2908	41.3	206	105	4	7	211	8	198	9.99e-37	127
WP_056577134.1	STM_v1_0.STM3066	40.4	203	105	4	7	208	8	195	1.99e-36	126
WP_056577150.1	iJN1463.PP_4903	39.6	255	131	9	94	343	100	336	1.41e-35	132
WP_056577150.1	STM_v1_0.STM4349	34.4	279	157	9	72	342	81	341	3.59e-31	120
WP_056577156.1	iSynCJ816.SGL_RS09640	33.6	238	145	5	54	280	61	296	1.48e-25	102
WP_056577172.1	iSynCJ816.SGL_RS11140	48.4	521	250	5	1	504	15	533	1.40e-156	456
WP_056577172.1	iLJ478.TM0552	47.7	520	255	5	1	505	10	527	9.58e-155	451
WP_056577208.1	iLB1027_lipid.PHATRDRAFT_9896	39.3	506	276	10	34	516	17	514	1.55e-85	273
WP_056577221.1	iCN718.ABAYE_RS00850	39.7	292	173	3	8	299	6	294	6.34e-62	198
WP_056577221.1	iSDY_1059.SDY_2667	39.6	288	172	2	9	296	1	286	6.85e-60	192
WP_056577221.1	iSbBS512_1146.SbBS512_E2850	39.6	288	172	2	9	296	1	286	1.93e-59	191
WP_056577221.1	iSSON_1240.SSON_2559	39.6	288	172	2	9	296	1	286	1.93e-59	191
WP_056577221.1	iML1515.b2478	39.2	288	173	2	9	296	1	286	5.42e-59	190
WP_056577221.1	iSF_1195.SF2521	39.2	288	173	2	9	296	1	286	5.42e-59	190
WP_056577221.1	iYL1228.KPN_02812	38.5	288	175	2	9	296	1	286	1.20e-57	187
WP_056577221.1	iJN1463.PP_1237	38.6	298	177	4	9	303	1	295	3.67e-57	186
WP_056577221.1	iYO844.BSU16770	37.5	269	166	2	17	285	10	276	2.51e-56	183
WP_056577221.1	iAF987.Gmet_0211	38.2	288	174	4	9	296	1	284	3.55e-56	183
WP_056577221.1	iLJ478.TM1521	38.9	283	167	4	17	296	9	288	5.60e-56	182
WP_056577221.1	iAF692.Mbar_A1150	37.9	285	171	5	9	292	1	280	1.02e-55	182
WP_056577221.1	STM_v1_0.STM2489	37.2	288	179	2	9	296	1	286	2.95e-55	181
WP_056577221.1	iPC815.YPO3062	38.1	278	169	3	9	285	1	276	3.04e-55	181
WP_056577248.1	iIT341.HP0056	33.0	1147	696	23	41	1128	33	1166	8.12e-161	508
WP_056577261.1	iLJ478.TM1667	31.0	303	188	8	11	293	43	344	1.84e-27	112
WP_056577261.1	iYO844.BSU17600	30.0	307	193	7	11	297	50	354	1.06e-25	107
WP_056577261.1	iLB1027_lipid.PHATRDRAFT_30786	28.8	347	221	9	11	333	45	389	5.82e-24	102
WP_056577261.1	iCN900.CD630_30640	27.0	307	203	7	11	297	43	348	1.07e-23	101
WP_056577269.1	iEK1008.Rv3538	27.9	197	111	8	49	228	33	215	1.76e-09	56.2
WP_056577283.1	iEK1008.Rv2320c	24.0	430	293	10	14	431	31	438	3.58e-24	104
WP_056577283.1	iHN637.CLJU_RS10530	25.4	417	269	15	28	431	35	422	1.49e-23	102
WP_056577285.1	iCN900.CD630_27420	28.6	192	111	5	34	206	14	198	6.96e-16	72.8
WP_056577288.1	iSynCJ816.SGL_RS10125	28.6	392	184	13	58	369	85	460	1.33e-18	88.6
WP_056577291.1	iEK1008.Rv1448c	56.9	367	152	2	2	362	5	371	4.01e-135	389
WP_056577294.1	iEK1008.Rv1449c	63.5	693	234	6	10	695	19	699	3.44e-317	879
WP_056577316.1	iYS854.USA300HOU_RS04520	25.4	307	210	9	92	387	136	434	2.13e-18	86.3
WP_056577322.1	iYL1228.KPN_00166	29.1	247	161	5	3	244	10	247	1.12e-25	101
WP_056577322.1	iYL1228.KPN_00606	29.4	238	164	3	8	245	11	244	8.04e-25	99.4
WP_056577322.1	iSF_1195.SF0143	28.7	247	162	5	3	244	10	247	1.59e-24	98.6
WP_056577322.1	iSSON_1240.SSON_0163	28.7	247	162	5	3	244	10	247	1.59e-24	98.6
WP_056577322.1	iJN1463.PP_2416	32.4	247	142	8	16	253	23	253	2.09e-24	98.2
WP_056577322.1	iSDY_1059.SDY_0167	28.7	247	162	5	3	244	10	247	2.21e-24	98.2
WP_056577322.1	iML1515.b0588	30.6	248	156	5	8	245	3	244	3.44e-24	97.8
WP_056577322.1	iSbBS512_1146.SbBS512_E0489	30.6	248	156	5	8	245	3	244	3.44e-24	97.8
WP_056577322.1	iSDY_1059.SDY_0519	30.6	248	156	5	8	245	3	244	3.44e-24	97.8
WP_056577322.1	iSF_1195.SF0502	30.6	248	156	5	8	245	3	244	3.44e-24	97.8
WP_056577322.1	iYO844.BSU30760	31.8	242	154	5	6	246	5	236	4.48e-24	97.1
WP_056577322.1	iML1515.b0151	28.3	247	163	5	3	244	10	247	5.97e-24	97.1
WP_056577322.1	iSbBS512_1146.SbBS512_E0143	28.3	247	163	5	3	244	10	247	5.97e-24	97.1
WP_056577322.1	iJN1463.PP_0825	36.1	233	127	10	13	232	15	238	8.93e-24	96.7
WP_056577322.1	iPC815.YPO3392	27.0	248	167	5	2	244	8	246	8.15e-24	96.7
WP_056577322.1	iSynCJ816.SGL_RS01940	28.6	248	167	4	10	253	15	256	1.22e-23	96.3
WP_056577322.1	iSSON_1240.SSON_0539	30.2	248	157	5	8	245	3	244	4.80e-23	94.7
WP_056577322.1	STM_v1_0.STM0192	29.1	247	161	5	3	244	10	247	8.34e-23	94.0
WP_056577322.1	STM_v1_0.STM0590	28.9	246	163	3	8	245	3	244	1.14e-22	93.6
WP_056577322.1	iYL1228.KPN_00779	32.2	239	140	5	35	267	30	252	5.67e-22	93.2
WP_056577322.1	iPC815.YPO1352	30.9	230	145	4	4	227	2	223	1.05e-22	93.2
WP_056577322.1	iYL1228.KPN_00065	31.0	248	127	7	20	244	4	230	1.22e-22	92.8
WP_056577322.1	iYO844.BSU03820	26.7	247	175	4	6	252	3	243	2.45e-22	92.4
WP_056577322.1	iYL1228.KPN_02565	31.3	246	158	6	6	248	3	240	9.34e-22	92.0
WP_056577322.1	iSynCJ816.SGL_RS04625	35.2	193	110	6	19	208	37	217	6.40e-22	92.0
WP_056577322.1	iSF_1195.SF0061	30.5	243	118	7	20	236	4	221	3.23e-22	91.7
WP_056577334.1	iCHOv1.100751291	34.8	184	114	3	8	187	53	234	8.49e-23	94.7
WP_056577334.1	iMM1415.15487	34.6	182	111	3	8	185	47	224	2.73e-21	90.5
WP_056577334.1	iCN718.ABAYE_RS14915	35.4	195	114	5	1	191	1	187	2.71e-21	89.4
WP_056577334.1	iJN1463.PP_3073	32.8	189	120	2	1	187	1	184	6.48e-21	88.6
WP_056577337.1	iLJ478.TM0024	31.3	230	128	8	13	232	252	461	3.59e-21	91.3
WP_056577342.1	iYL1228.KPN_02805	27.7	372	190	19	81	434	61	371	1.21e-15	77.8
WP_056577342.1	iML1515.b2472	27.9	366	197	19	81	434	61	371	3.00e-14	73.6
WP_056577342.1	iSbBS512_1146.SbBS512_E2843	27.9	366	197	19	81	434	61	371	3.00e-14	73.6
WP_056577342.1	iSF_1195.SF2514	27.9	366	197	19	81	434	61	371	3.00e-14	73.6
WP_056577342.1	iSSON_1240.SSON_2552	27.9	366	197	19	81	434	61	371	3.00e-14	73.6
WP_056577342.1	iSDY_1059.SDY_2656	27.9	366	197	19	81	434	61	371	5.36e-14	72.8
WP_056577342.1	STM_v1_0.STM2483	27.4	372	191	20	81	434	61	371	9.58e-14	72.0
WP_056577342.1	iPC815.YPO3053	26.8	373	192	18	81	434	61	371	2.29e-13	70.9
WP_056577345.1	iEK1008.Rv2136c	50.4	270	130	3	7	273	7	275	2.84e-80	243
WP_056577350.1	iEK1008.Rv2130c	51.9	418	184	5	1	405	1	414	1.17e-140	407
WP_056577358.1	iYO844.BSU09240	30.6	216	130	7	6	208	4	212	4.49e-18	79.0
WP_056577358.1	iML1515.b2293	35.3	184	101	6	8	182	7	181	4.18e-18	79.0
WP_056577358.1	iML1515.b1727	30.4	214	138	5	6	213	9	217	2.43e-17	77.0
WP_056577358.1	iYL1228.KPN_03756	31.0	197	110	5	7	177	10	206	5.13e-15	71.2
WP_056577363.1	iCN718.ABAYE_RS09345	37.9	58	35	1	60	117	89	145	3.15e-04	38.5
WP_056577367.1	iSynCJ816.SGL_RS12975	33.4	368	236	5	1	363	32	395	1.02e-59	198
WP_056577367.1	iLB1027_lipid.PHATRDRAFT_50356	34.7	389	230	11	23	389	88	474	5.73e-55	188
WP_056577374.1	iYO844.BSU09530	28.1	331	224	5	1	326	1	322	6.71e-28	110
WP_056577374.1	iYO844.BSU39780	26.8	321	216	6	1	314	1	309	4.59e-27	107
WP_056577383.1	iYS854.USA300HOU_RS08170	36.5	233	145	3	127	358	122	352	7.38e-38	138
WP_056577386.1	iEK1008.Rv2051c	33.1	514	299	14	8	483	26	532	5.89e-63	219
WP_056577393.1	iYO844.BSU03070	34.1	135	89	0	39	173	42	176	9.43e-22	98.6
WP_056577429.1	iEK1008.Rv2391	62.7	560	199	3	5	560	10	563	3.31e-256	712
WP_056577484.1	iAF692.Mbar_A0576	31.3	268	172	7	4	261	7	272	3.17e-23	95.9
WP_056577487.1	iAF987.Gmet_0902	28.5	410	265	9	2	409	3	386	9.78e-49	170
WP_056577490.1	iAF987.Gmet_1411	46.8	602	292	8	37	636	47	622	4.46e-190	551
WP_056577490.1	iSynCJ816.SGL_RS15335	43.6	622	320	6	48	659	1	601	9.66e-173	505
WP_056577490.1	iLJ478.TM0740	42.5	623	329	9	39	658	36	632	8.17e-170	499
WP_056577490.1	iCN900.CD630_05740	41.7	628	338	10	36	661	35	636	3.16e-169	498
WP_056577494.1	iEK1008.Rv0886	49.8	564	246	12	1	545	1	546	2.73e-154	453
WP_056577522.1	iCN718.ABAYE_RS04585	23.8	349	213	12	47	366	44	368	1.23e-14	76.3
WP_056577529.1	iYL1228.KPN_03029	40.3	895	487	18	3	882	5	867	6.39e-192	572
WP_056577529.1	STM_v1_0.STM2827	39.8	895	492	17	3	882	5	867	1.14e-189	566
WP_056577529.1	iSDY_1059.SDY_2893	40.0	895	490	18	3	882	5	867	6.38e-189	565
WP_056577529.1	iSF_1195.SF2720	39.8	895	492	18	3	882	5	867	1.27e-188	564
WP_056577529.1	iSSON_1240.SSON_2841	39.9	895	491	18	3	882	5	867	1.27e-188	564
WP_056577529.1	iSbBS512_1146.SbBS512_E3180	39.9	895	491	18	3	882	5	867	1.79e-188	563
WP_056577529.1	iAF987.Gmet_0201	40.2	874	496	10	5	870	5	859	5.56e-187	560
WP_056577529.1	iCN900.CD630_12820	39.3	892	514	13	5	890	8	878	9.49e-186	556
WP_056577529.1	iJN1463.PP_4474	39.1	897	502	14	1	883	1	867	7.11e-184	551
WP_056577529.1	iLJ478.TM1396	39.1	877	491	16	1	869	4	845	1.32e-177	535
WP_056577529.1	iPC815.YPO3305	39.3	896	495	19	3	882	5	867	1.87e-177	535
WP_056577529.1	iSynCJ816.SGL_RS11990	38.8	872	503	12	5	871	12	857	4.33e-176	531
WP_056577531.1	iCN900.CD630_12260	29.3	331	218	5	38	361	10	331	6.54e-36	134
WP_056577537.1	iEK1008.Rv2538c	50.1	365	166	6	5	368	10	359	6.25e-106	315
WP_056577540.1	iYS854.USA300HOU_RS08170	34.8	336	215	3	17	351	3	335	1.65e-62	203
WP_056577565.1	iEK1008.Rv1391	60.2	402	152	4	13	407	10	410	9.02e-147	423
WP_056577576.1	iEK1008.Rv1408	56.7	217	94	0	5	221	13	229	1.08e-84	250
WP_056577579.1	iEK1008.Rv1409	46.9	326	166	5	13	335	11	332	1.40e-79	246
WP_056577579.1	iML1515.b0414	41.8	340	162	9	30	335	23	360	2.80e-71	226
WP_056577579.1	iPC815.YPO3183	42.1	342	162	9	30	337	24	363	1.65e-70	224
WP_056577579.1	iSSON_1240.SSON_0391	41.8	340	162	9	30	335	23	360	4.39e-70	223
WP_056577579.1	iYL1228.KPN_00366	43.3	349	162	10	21	335	14	360	8.73e-70	222
WP_056577585.1	iAF987.Gmet_1416	33.7	832	487	22	1	818	1	781	9.43e-120	380
WP_056577585.1	iYS854.USA300HOU_RS05695	31.8	852	514	19	1	837	1	800	3.82e-110	355
WP_056577585.1	iSynCJ816.SGL_RS11275	33.8	851	468	24	1	818	1	789	1.37e-108	351
WP_056577585.1	iSF_1195.SF1518	32.9	821	491	18	7	819	7	775	3.79e-107	347
WP_056577585.1	iYL1228.KPN_02175	33.5	826	479	22	7	819	7	775	1.03e-106	346
WP_056577585.1	iSSON_1240.SSON_1445	32.8	821	492	18	7	819	7	775	1.44e-106	345
WP_056577585.1	STM_v1_0.STM1338	33.0	822	489	19	7	819	7	775	1.48e-105	343
WP_056577589.1	iJN1463.PP_4219	34.2	600	334	19	39	592	521	1105	1.10e-58	223
WP_056577589.1	iEK1008.Rv2380c	34.0	582	347	16	19	571	437	1010	7.10e-57	216
WP_056577589.1	STM_v1_0.STM0588	33.3	598	347	19	19	570	453	1044	2.81e-55	211
WP_056577589.1	iYL1228.KPN_00605	34.5	614	332	24	4	568	456	1048	1.13e-54	209
WP_056577589.1	iSbBS512_1146.SbBS512_E0488	32.5	597	350	20	20	569	453	1043	9.33e-53	202
WP_056577589.1	iJN1463.PP_4221	33.2	557	320	15	27	544	509	1052	3.05e-52	202
WP_056577589.1	iML1515.b0586	32.5	597	350	20	20	569	453	1043	2.14e-52	201
WP_056577589.1	iSSON_1240.SSON_0537	32.7	597	349	20	20	569	453	1043	2.14e-52	201
WP_056577590.1	iSynCJ816.SGL_RS17040	26.5	438	289	10	16	428	23	452	8.44e-36	140
WP_056577596.1	iJN1463.PP_1418	30.2	298	202	3	52	343	27	324	8.18e-38	137
WP_056577596.1	STM_v1_0.STM2786	29.0	297	206	3	53	344	28	324	3.22e-35	130
WP_056580201.1	iAF987.Gmet_1914	35.8	106	66	2	1	106	1	104	4.57e-08	52.4
WP_056580201.1	iAF987.Gmet_1919	34.7	72	47	0	35	106	34	105	7.81e-07	48.5
WP_056580971.1	iEK1008.Rv3111	52.2	138	65	1	1	137	19	156	1.75e-36	122
WP_056580971.1	iJN1463.PP_1292	52.1	140	66	1	1	139	13	152	3.34e-36	121
WP_056580971.1	iAF987.Gmet_1037	50.4	141	68	1	1	139	14	154	1.22e-34	117
WP_056580971.1	iML1515.b0783	52.5	141	65	1	1	139	15	155	1.43e-33	115
WP_056580971.1	iSbBS512_1146.SbBS512_E2569	52.5	141	65	1	1	139	15	155	1.43e-33	115
WP_056580971.1	iSDY_1059.SDY_0823	52.5	141	65	1	1	139	15	155	1.43e-33	115
WP_056580971.1	iSF_1195.SF0733	52.5	141	65	1	1	139	15	155	1.43e-33	115
WP_056580971.1	iYS854.USA300HOU_RS12315	45.1	144	74	1	1	139	15	158	4.41e-33	114
WP_056580971.1	iSSON_1240.SSON_0762	51.8	141	66	1	1	139	15	155	5.74e-33	113
WP_082480121.1	iYO844.BSU30070	43.3	497	263	6	23	514	8	490	4.83e-138	410
WP_082480121.1	iYS854.USA300HOU_RS06865	39.2	492	286	6	23	510	17	499	1.50e-122	371
WP_082480158.1	iCN900.CD630_31950	32.1	848	469	15	27	812	4	806	1.94e-124	392
WP_082480174.1	iEK1008.Rv2984	58.8	696	260	7	11	683	47	738	4.40e-272	765
WP_082480201.1	iEK1008.Rv0214	31.5	482	270	12	33	459	59	535	1.97e-55	193
WP_082480204.1	iEK1008.Rv2182c	37.4	155	87	5	44	189	25	178	6.29e-18	79.7
WP_082480204.1	iAF987.Gmet_0363	35.7	154	95	3	40	189	54	207	3.39e-15	72.0
WP_082480214.1	iEK1008.Rv2392	60.5	190	75	0	84	273	63	252	8.30e-81	243
WP_082480230.1	iEK1008.Rv3496c	35.1	296	190	2	9	303	15	309	3.38e-54	182
WP_082480234.1	iCN718.ABAYE_RS13035	29.1	330	228	3	4	332	7	331	4.51e-32	122
WP_082480234.1	STM_v1_0.STM1463	30.6	304	204	5	6	305	5	305	8.88e-32	121
WP_082480234.1	iSbBS512_1146.SbBS512_E1811	29.6	304	207	5	6	305	5	305	6.35e-30	116
WP_082480234.1	iSF_1195.SF1648	29.6	304	207	5	6	305	5	305	2.35e-29	114
WP_082480234.1	iSSON_1240.SSON_1535	29.6	304	207	5	6	305	5	305	2.35e-29	114
WP_082480234.1	iML1515.b1623	29.6	304	207	5	6	305	5	305	4.51e-29	114
WP_082480234.1	iSDY_1059.SDY_1846	29.6	304	207	5	6	305	5	305	6.26e-29	113
WP_082480234.1	iJN1463.PP_0591	29.0	307	214	2	7	313	8	310	6.20e-28	110
WP_082480241.1	iEK1008.Rv3147	63.4	227	74	2	75	296	14	236	3.46e-101	295
WP_082480248.1	iLB1027_lipid.PHATRDRAFT_20445	36.1	510	287	12	26	505	2	502	9.26e-78	253
WP_082480248.1	iAF692.Mbar_A2387	35.6	463	280	10	24	474	20	476	2.64e-75	245
WP_082480248.1	iCN718.ABAYE_RS14730	34.1	457	285	8	25	472	28	477	1.89e-71	235
WP_082480248.1	iEK1008.Rv1731	36.3	455	278	7	33	478	34	485	2.39e-70	233
WP_082480248.1	iJN1463.PP_0213	34.3	464	287	10	20	474	22	476	1.98e-69	229
WP_082480248.1	iYO844.BSU03910	36.0	461	270	10	30	475	9	459	3.47e-69	228
WP_082480250.1	iEK1008.Rv0553	55.9	311	132	3	1	310	15	321	1.25e-100	298
WP_082480253.1	STM_v1_0.STM2649	28.4	102	67	3	64	164	42	138	8.82e-07	46.2
WP_082480253.1	iML1515.b2582	27.3	99	66	3	64	161	42	135	2.30e-06	45.1
WP_082480253.1	iSbBS512_1146.SbBS512_E2954	27.3	99	66	3	64	161	42	135	2.30e-06	45.1
WP_082480253.1	iSDY_1059.SDY_2825	27.3	99	66	3	64	161	42	135	2.30e-06	45.1
WP_082480253.1	iSF_1195.SF2644	27.3	99	66	3	64	161	42	135	2.30e-06	45.1
WP_082480253.1	iSSON_1240.SSON_2708	27.3	99	66	3	64	161	42	135	2.30e-06	45.1
WP_082480253.1	iYL1228.KPN_02905	25.0	88	62	2	77	164	55	138	2.99e-05	42.0
WP_082480258.1	iEK1008.Rv0511	48.0	552	234	8	33	535	5	552	1.66e-148	437
WP_082480269.1	iEK1008.Rv3756c	54.5	209	95	0	1	209	1	209	1.95e-68	210
WP_082480275.1	iYO844.BSU24080	48.1	343	174	2	8	350	10	348	3.28e-100	300
WP_082480291.1	iSynCJ816.SGL_RS10660	31.1	457	290	8	6	453	9	449	1.74e-44	162
WP_082480305.1	iYO844.BSU03070	22.1	402	303	4	39	439	20	412	5.88e-31	125
WP_082480308.1	iCHOv1.100753544	33.4	335	167	10	31	353	3	293	9.86e-43	150
WP_082480314.1	iPC815.YPO3964	40.4	495	291	3	21	514	7	498	5.00e-114	346
WP_082480314.1	iNF517.LLMG_RS04060	38.7	493	295	4	21	511	3	490	3.55e-113	343
WP_082480314.1	iML1515.b3749	38.6	500	287	4	21	511	5	493	6.58e-113	343
WP_082480314.1	iYL1228.KPN_04154	38.4	500	288	4	21	511	5	493	1.31e-112	342
WP_082480314.1	STM_v1_0.STM3882	37.4	500	293	4	21	511	5	493	9.17e-110	335
WP_082480314.1	iLJ478.TM0115	37.9	506	300	5	21	516	15	516	6.38e-109	333
WP_082480314.1	iYO844.BSU35940	36.9	493	305	4	21	511	3	491	8.05e-109	332
WP_082480314.1	iHN637.CLJU_RS00620	37.5	499	306	3	19	514	4	499	3.82e-108	331
WP_082480314.1	iML1515.b2149	38.3	491	297	4	21	508	14	501	2.30e-105	324
WP_082480314.1	iSF_1195.SF2234	38.3	491	297	4	21	508	14	501	2.30e-105	324
WP_082480314.1	iSSON_1240.SSON_2205	38.3	491	297	4	21	508	14	501	2.30e-105	324
WP_082480314.1	iYL1228.KPN_02587	37.6	489	299	3	23	508	1	486	9.19e-104	319
WP_082480314.1	STM_v1_0.STM2189	37.2	500	308	4	12	508	5	501	2.01e-103	319
WP_082480314.1	iPC815.YPO0958	37.8	474	289	3	21	492	6	475	9.14e-103	317
WP_082480314.1	iLJ478.TM0956	38.3	496	292	7	21	505	13	505	1.58e-100	312
WP_082480320.1	iML1515.b1004	26.3	205	120	8	6	191	4	196	1.97e-09	55.1
WP_082480320.1	iAF987.Gmet_0771	27.6	214	112	7	6	191	3	201	3.92e-09	54.3
WP_082480327.1	iJN1463.PP_3282	40.3	283	152	5	19	288	10	288	6.63e-53	180
WP_082480329.1	iPC815.YPO3964	34.5	496	303	8	18	505	9	490	1.49e-83	268
WP_082480329.1	iNF517.LLMG_RS04060	33.5	498	316	7	18	513	5	489	1.40e-83	267
WP_082480329.1	iPC815.YPO0958	31.5	489	321	7	21	505	11	489	2.78e-81	261
WP_082480329.1	iML1515.b4485	34.1	481	301	8	20	494	14	484	3.09e-75	246
WP_082480329.1	iSSON_1240.SSON_4410	34.1	481	301	8	20	494	14	484	6.07e-75	245
WP_082480329.1	iLJ478.TM0115	33.0	485	307	9	19	494	18	493	9.96e-75	245
WP_082480329.1	iPC815.YPO3907	32.0	503	314	9	18	508	7	493	5.84e-74	242
WP_082480331.1	iJN1463.PP_3514	32.0	568	353	18	7	550	4	562	2.04e-57	202
WP_082480335.1	iEK1008.Rv1538c	47.3	296	136	8	1	290	12	293	7.21e-56	182
WP_082480356.1	iCN900.CD630_20200	51.5	859	405	6	1	853	1	853	5.16e-286	812
WP_082480360.1	iEK1008.Rv3500c	44.7	266	144	1	37	302	18	280	4.42e-73	226
WP_082480373.1	iEK1008.Rv2497c	43.9	369	190	5	15	377	4	361	2.24e-90	276
WP_082480375.1	iAF987.Gmet_0043	30.7	153	93	4	357	496	114	266	2.35e-12	68.9
WP_082480377.1	iEK1008.Rv0975c	58.9	382	154	2	3	384	2	380	2.71e-153	437
WP_082480379.1	iJN1463.PP_2794	35.7	196	107	8	6	196	17	198	1.05e-14	71.2
WP_082480379.1	iEK1008.Rv1928c	30.8	201	132	4	6	204	15	210	1.99e-14	70.5
WP_082480379.1	iYS854.USA300HOU_RS06185	29.2	202	136	4	1	201	1	196	1.60e-13	67.8
WP_082480398.1	iEK1008.Rv3501c	48.7	232	119	0	2	233	20	251	6.17e-74	224
WP_082480404.1	iEK1008.Rv0512	66.5	316	104	1	1	314	10	325	5.27e-140	398
WP_082480422.1	iYO844.BSU32510	24.8	375	216	8	12	382	12	324	1.00e-20	92.0
WP_082480424.1	iCHOv1.100774376	40.2	264	151	3	9	266	169	431	2.23e-59	196
WP_082480424.1	iMM1415.18478	39.8	264	152	3	9	266	140	402	3.54e-58	192
WP_082480424.1	iCHOv1.100760127	38.6	267	157	3	6	266	184	449	2.33e-53	180
WP_082480424.1	iMM1415.21823	38.2	267	158	3	6	266	183	448	4.48e-53	179
WP_082480424.1	iAT_PLT_636.7166	38.7	266	156	3	10	269	128	392	1.16e-52	177
WP_082480424.1	iCHOv1.100767923	38.7	266	156	3	10	269	128	392	1.62e-52	177
WP_082480424.1	iAT_PLT_636.7054	37.8	267	159	3	6	266	182	447	6.47e-52	176
WP_082480430.1	iEK1008.Rv3501c	51.1	237	116	0	3	239	11	247	2.22e-79	239
WP_082480454.1	iML1515.b3781	50.0	100	46	1	2	101	8	103	4.53e-31	105
WP_082480454.1	STM_v1_0.STM3915	50.0	100	46	1	2	101	8	103	4.53e-31	105
WP_082480454.1	iSbBS512_1146.SbBS512_E4140	50.0	100	46	1	2	101	8	103	4.53e-31	105
WP_082480454.1	iSDY_1059.SDY_3968	50.0	100	46	1	2	101	26	121	7.58e-31	105
WP_082480454.1	iSF_1195.SF3854	50.0	100	46	1	2	101	26	121	7.58e-31	105
WP_082480454.1	iSSON_1240.SSON_3952	50.0	100	46	1	2	101	26	121	7.58e-31	105
WP_082480454.1	iYL1228.KPN_04282	50.0	100	46	1	2	101	8	103	1.84e-30	103
WP_082480454.1	iJN1463.PP_5215	45.0	100	55	0	2	101	9	108	6.08e-29	100
WP_082480454.1	iYS854.USA300HOU_RS05725	46.0	100	52	1	2	101	6	103	5.27e-29	100
WP_082480454.1	iPC815.YPO3868	50.5	93	46	0	2	94	8	100	4.82e-28	97.8
WP_082480457.1	iEK1008.Rv3734c	54.9	463	198	3	1	462	1	453	5.55e-171	488
WP_082480457.1	iEK1008.Rv3740c	52.6	460	204	4	4	462	1	447	6.86e-158	454
WP_082480489.1	iEK1008.Rv0438c	45.5	398	207	3	37	428	3	396	2.91e-97	297
WP_082480494.1	iAM_Pf480.PF3D7_0507500	28.5	298	156	7	109	361	336	621	6.52e-17	82.4
WP_082480494.1	iAM_Pb448.PBANKA_110710	27.4	296	161	6	109	361	250	534	5.93e-16	79.3
WP_082480494.1	iAM_Pb448.PBANKA_091170	32.5	234	128	7	144	358	701	923	2.57e-14	74.7
WP_082480519.1	iNF517.LLMG_RS04060	42.1	492	280	3	1	491	1	488	2.34e-128	382
WP_082480519.1	iYO844.BSU35940	41.4	490	281	4	1	488	1	486	6.18e-126	375
WP_082480519.1	iPC815.YPO3964	41.5	492	274	5	3	488	7	490	9.71e-123	368
WP_082480519.1	iHN637.CLJU_RS00620	41.1	492	284	5	3	491	6	494	8.54e-122	365
WP_082480519.1	STM_v1_0.STM3882	40.4	497	280	4	3	492	5	492	2.04e-120	362
WP_082480519.1	iML1515.b3749	39.8	497	283	4	3	492	5	492	9.17e-119	357
WP_082480519.1	iCN900.CD630_03010	37.6	492	300	5	3	491	6	493	1.95e-118	357
WP_082480519.1	iLJ478.TM0956	41.0	502	280	7	3	492	13	510	1.13e-116	353
WP_082480519.1	iYL1228.KPN_04154	39.2	497	286	4	3	492	5	492	1.16e-116	352
WP_082480528.1	iEK1008.Rv2900c	59.1	739	287	4	1	730	45	777	4.36e-315	879
WP_082480578.1	iPC815.YPO3660	57.9	140	59	0	9	148	7	146	6.60e-52	161
WP_082480578.1	iAF987.Gmet_0981	52.5	141	67	0	9	149	3	143	1.18e-47	150
WP_082480578.1	iJN1463.PP_2407	52.4	143	68	0	9	151	5	147	2.30e-47	150
WP_082480580.1	iEK1008.Rv0672	61.3	537	202	3	23	559	9	539	2.33e-225	633
WP_082480582.1	iJN1463.PP_4213	26.3	376	211	12	40	356	78	446	8.42e-29	115
WP_082480584.1	iYO844.BSU24120	35.7	244	144	7	1	238	14	250	3.86e-34	125
WP_082480587.1	iML1515.b4485	48.5	491	246	2	28	516	14	499	7.88e-154	449
WP_082480587.1	iYL1228.KPN_04623	48.3	491	247	2	28	516	14	499	1.58e-153	449
WP_082480587.1	iPC815.YPO3907	49.5	491	241	2	28	516	9	494	5.55e-153	447
WP_082480587.1	iSSON_1240.SSON_4410	48.5	491	246	2	28	516	14	499	1.80e-152	446
WP_082480587.1	iSF_1195.SF4262	47.9	491	249	2	28	516	14	499	2.32e-150	441
WP_082480599.1	iJN1463.PP_1505	38.1	925	501	19	38	947	8	875	8.29e-163	499
WP_082480599.1	iSynCJ816.SGL_RS11290	34.1	1042	541	24	27	947	18	1034	6.22e-160	496
WP_082480599.1	iSDY_1059.SDY_3791	34.5	934	542	16	32	947	2	883	6.71e-151	468
WP_082480599.1	iML1515.b3956	34.5	934	542	16	32	947	2	883	1.32e-150	467
WP_082480599.1	iSbBS512_1146.SbBS512_E4442	34.5	934	542	16	32	947	2	883	1.32e-150	467
WP_082480599.1	iSF_1195.SF4033	34.5	934	542	16	32	947	2	883	1.32e-150	467
WP_082480599.1	iSSON_1240.SSON_4129	34.5	934	542	16	32	947	2	883	1.86e-150	467
WP_082480599.1	STM_v1_0.STM4119	34.4	936	540	16	32	947	2	883	5.13e-150	466
WP_082480599.1	iPC815.YPO3929	34.6	926	547	16	32	947	2	878	4.22e-146	455
WP_082480599.1	iYL1228.KPN_04245	34.0	934	546	18	32	947	10	891	4.53e-145	453
WP_082480599.1	iAF987.Gmet_0304	35.9	950	519	23	38	947	32	931	1.89e-143	450
WP_082480600.1	iAF987.Gmet_2224	31.9	251	164	3	15	260	12	260	4.17e-27	105
WP_082480600.1	iYL1228.KPN_01475	33.6	253	156	4	15	259	11	259	4.62e-25	99.8
WP_082480600.1	iEK1008.Rv1142c	33.2	259	166	3	3	259	12	265	5.18e-25	99.8
WP_082480600.1	iYL1228.KPN_01474	33.3	255	162	3	9	260	4	253	7.83e-25	99.0
WP_082480600.1	iML1515.b1394	32.3	251	158	3	17	259	13	259	2.46e-23	95.1
WP_082480600.1	iML1515.b1393	33.1	254	164	2	9	260	4	253	2.16e-23	95.1
WP_082480601.1	iEK1008.Rv2498c	37.9	261	146	8	10	259	11	266	9.89e-32	118
WP_082480613.1	iJN1463.PP_0601	26.1	403	262	10	60	454	14	388	2.58e-16	81.6
WP_082480613.1	iSynCJ816.SGL_RS14090	25.0	428	294	10	38	460	3	408	7.61e-14	73.9
WP_082480616.1	iEK1008.Rv3401	40.6	808	445	11	29	834	1	775	6.14e-187	555
WP_082480624.1	iJN1463.PP_2872	39.8	289	169	1	1	289	1	284	6.27e-61	195
WP_082480624.1	iYL1228.KPN_01622	41.2	296	161	4	1	289	1	290	4.93e-55	180
WP_082480627.1	iYS854.USA300HOU_RS13340	36.0	486	269	8	43	489	31	513	1.73e-82	265
WP_082480631.1	iEK1008.Rv0018c	42.9	361	180	7	3	356	5	346	3.16e-71	233
WP_082480635.1	iEK1008.Rv1142c	43.5	248	129	5	20	256	21	268	1.04e-46	156
WP_082480635.1	iEK1008.Rv1141c	41.7	264	137	5	3	255	10	267	2.28e-45	152
WP_082480638.1	iEK1008.Rv2039c	33.7	270	174	4	6	274	15	280	2.33e-39	138
WP_082480642.1	iCN718.ABAYE_RS05910	36.8	391	229	8	22	398	4	390	7.13e-70	226
WP_082480657.1	iJN1463.PP_2476	53.6	308	141	2	1	307	38	344	1.72e-108	318
WP_082480657.1	iML1515.b1449	54.2	310	137	3	1	307	38	345	1.33e-105	311
WP_082480660.1	iJN1463.PP_4687	45.0	249	130	2	6	249	1	247	3.65e-57	183
WP_082480660.1	iSbBS512_1146.SbBS512_E0143	40.6	244	142	2	3	243	8	251	2.18e-52	171
WP_082480660.1	iSF_1195.SF0143	40.2	244	143	2	3	243	8	251	4.35e-52	170
WP_082480660.1	iSSON_1240.SSON_0163	40.2	244	143	2	3	243	8	251	4.35e-52	170
WP_082480660.1	STM_v1_0.STM0192	41.2	245	139	3	3	243	8	251	6.14e-52	170
WP_082480660.1	iML1515.b4287	44.8	230	125	1	17	244	13	242	6.52e-52	169
WP_082480660.1	iSDY_1059.SDY_0167	40.2	244	143	2	3	243	8	251	8.66e-52	169
WP_082480660.1	iSSON_1240.SSON_4459	44.8	230	125	1	17	244	13	242	6.52e-52	169
WP_082480660.1	iML1515.b0151	40.2	244	143	2	3	243	8	251	1.73e-51	169
WP_082480660.1	iYL1228.KPN_00166	41.0	244	141	2	3	243	8	251	2.44e-51	168
WP_082480662.1	iLB1027_lipid.PHATRDRAFT_12331	24.1	174	118	5	172	336	53	221	7.23e-07	50.4
WP_082480663.1	iEK1008.Rv0896	51.0	431	204	5	13	439	4	431	8.25e-147	424
WP_082480663.1	iCN718.ABAYE_RS04410	52.7	406	187	5	25	428	15	417	1.85e-146	423
WP_082480663.1	iJN1463.PP_4194	51.8	417	190	5	29	439	17	428	6.64e-143	414
WP_082480663.1	iML1515.b0720	49.0	408	202	5	29	433	17	421	5.75e-141	409
WP_082480663.1	STM_v1_0.STM0730	48.1	422	208	6	24	439	11	427	5.75e-141	409
WP_082480663.1	iSbBS512_1146.SbBS512_E0638	49.0	408	202	5	29	433	17	421	5.75e-141	409
WP_082480663.1	iSSON_1240.SSON_0671	49.0	408	202	5	29	433	17	421	5.75e-141	409
WP_082480663.1	iSDY_1059.SDY_0658	49.0	408	202	5	29	433	17	421	3.28e-140	407
WP_082480663.1	iSF_1195.SF0577	48.6	416	207	6	22	433	9	421	3.28e-140	407
WP_082480663.1	iPC815.YPO1108	51.6	384	182	3	53	433	38	420	1.81e-139	405
WP_082480663.1	iYL1228.KPN_00727	47.8	410	204	5	29	433	17	421	3.76e-139	405
WP_082480669.1	iJN1463.PP_3376	32.1	265	168	9	54	308	57	319	6.60e-23	96.3
WP_082480669.1	iEK1008.Rv2996c	32.2	286	175	10	33	309	39	314	6.85e-21	92.4
WP_082480669.1	iEK1008.Rv0728c	34.1	211	122	6	98	300	111	312	1.75e-21	92.4
WP_082480669.1	iLJ478.TM1401	30.6	232	151	7	61	286	65	292	2.53e-21	91.7
WP_082480679.1	iEK1008.Rv1238	34.0	406	245	5	1	402	1	387	1.34e-64	211
WP_082480679.1	iPC815.YPO3793	41.7	290	163	3	1	287	1	287	7.82e-64	208
WP_082480679.1	iSbBS512_1146.SbBS512_E3873	42.2	287	160	4	1	284	1	284	1.17e-62	205
WP_082480679.1	iML1515.b3450	42.2	287	160	4	1	284	1	284	1.64e-62	204
WP_082480679.1	iYL1228.KPN_03810	34.2	404	214	6	1	401	1	355	3.84e-60	198
WP_082480679.1	STM_v1_0.STM3554	34.1	405	215	6	1	402	1	356	4.17e-59	196
WP_082480682.1	iSynCJ816.SGL_RS15345	23.9	573	352	21	26	548	2	540	7.87e-17	83.2
WP_082480683.1	iLJ478.TM0716	42.2	469	249	4	53	506	36	497	1.20e-119	361
WP_082480683.1	iEK1008.Rv3280	44.0	475	245	6	53	507	58	531	1.29e-118	359
WP_082480683.1	iYO844.BSU23920	41.9	461	258	2	53	507	34	490	2.11e-118	357
WP_082480683.1	iCHOv1.100759926	42.9	469	249	3	53	510	65	525	4.32e-114	347
WP_082480683.1	iMM1415.66904	44.4	430	231	2	81	510	66	487	7.71e-111	338
WP_082480683.1	iAT_PLT_636.5096	40.9	489	250	4	53	510	65	545	5.17e-108	332
WP_082480683.1	iEK1008.Rv3799c	42.7	454	252	5	51	497	42	494	2.80e-107	329
WP_082480683.1	iLB1027_lipid.PHATRDRAFT_45886	40.9	455	250	4	53	497	109	554	4.17e-106	328
WP_082480689.1	iEK1008.Rv3823c	42.1	228	110	6	471	684	821	1040	2.49e-28	121
WP_082480689.1	iEK1008.Rv0202c	26.5	720	449	23	12	678	9	701	6.85e-28	120
WP_082480696.1	iMM1415.12764	31.3	386	253	5	34	415	43	420	1.87e-47	168
WP_082480696.1	iCHOv1.100773134	30.7	375	248	5	45	415	1	367	1.26e-43	156
WP_082480700.1	iEK1008.Rv2182c	29.7	202	120	7	23	210	13	206	3.18e-16	75.9
WP_082480724.1	iYS854.USA300HOU_RS13930	22.7	343	208	15	32	347	47	359	2.74e-06	48.9
WP_082480748.1	iEK1008.Rv0214	34.0	470	247	17	15	430	66	526	2.34e-50	178
WP_082480748.1	iEK1008.Rv0166	31.6	475	261	12	14	435	62	525	2.13e-47	170
WP_082480753.1	iMM904.YGL119W	27.7	393	253	14	71	448	119	495	1.42e-27	114
WP_082480759.1	iJN1463.PP_3219	24.2	322	187	13	80	362	52	355	7.95e-04	40.8
WP_082480763.1	iLJ478.TM1415	32.3	223	135	6	43	263	14	222	4.97e-22	92.0
WP_082480763.1	iAF987.Gmet_0697	31.5	238	145	7	33	263	29	255	2.24e-21	90.9
WP_082480763.1	iLB1027_lipid.PHATRDRAFT_18323	32.9	231	134	8	47	263	58	281	4.30e-19	85.1
WP_082480763.1	iSynCJ816.SGL_RS08510	28.7	265	168	9	11	263	11	266	1.56e-18	83.2
WP_082480766.1	iML1515.b4337	30.5	131	85	2	67	191	50	180	1.13e-07	53.5
WP_082480766.1	iPC815.YPO4048	26.4	121	89	0	81	201	74	194	4.36e-06	48.5
WP_082480767.1	iEK1008.Rv3501c	47.2	218	115	0	54	271	28	245	6.77e-58	185
WP_082480768.1	iEK1008.Rv3494c	26.1	364	255	5	8	357	7	370	1.55e-27	113
WP_082480769.1	iIT341.HP0828	29.5	244	142	8	29	267	6	224	4.01e-19	83.2
WP_082480769.1	iMM904.Q0085	26.9	227	154	7	40	264	40	256	2.57e-18	81.6
WP_082480769.1	iNF517.LLMG_RS09760	31.5	251	143	11	28	268	6	237	4.76e-18	80.5
WP_082480769.1	iAF987.Gmet_3359	31.1	228	126	9	41	268	33	229	4.02e-17	77.8
WP_082480771.1	iEK1008.Rv1327c	27.6	664	356	18	4	547	17	675	4.76e-50	183
WP_082480771.1	iJN1463.PP_4060	25.8	592	350	12	1	511	17	600	6.36e-45	168
WP_082480772.1	iEK1008.Rv1070c	46.0	250	126	4	2	248	5	248	2.33e-61	193
WP_082480772.1	iEK1008.Rv3039c	44.2	240	129	1	1	235	1	240	3.41e-60	190
WP_082480772.1	iCN900.CD630_08000	41.9	246	140	3	5	248	7	251	1.47e-57	184
WP_082480772.1	iJN1463.PP_2217	43.5	246	136	3	3	247	4	247	1.35e-57	184
WP_082480772.1	iLB1027_lipid.PHATRDRAFT_55192	43.3	238	132	3	12	248	25	260	3.83e-57	183
WP_082480772.1	iAF987.Gmet_2071	41.2	260	149	3	2	259	3	260	2.35e-56	181
WP_082480772.1	iMM1415.93747	42.6	237	133	2	13	248	47	281	1.74e-54	177
WP_082480772.1	iCHOv1.100754654	42.2	237	134	2	13	248	47	281	1.38e-53	174
WP_082480773.1	iYO844.BSU27850	45.7	370	179	3	62	427	14	365	1.70e-110	329
WP_082480779.1	iEK1008.Rv2920c	57.3	438	162	5	2	414	11	448	9.84e-157	451
WP_082480790.1	iAM_Pc455.PCYB_113330	32.6	193	111	5	423	604	340	524	6.90e-21	99.0
WP_082480799.1	iEK1008.Rv1820	47.5	552	271	9	23	569	8	545	6.64e-154	452
WP_082480810.1	iEK1008.Rv1160	35.1	151	61	6	1	135	1	130	5.65e-16	69.3
WP_082480810.1	iPC815.YPO2167	34.1	126	79	2	11	136	4	125	2.56e-14	64.7
WP_082480821.1	iCN718.ABAYE_RS07930	71.0	431	118	4	47	474	95	521	3.68e-204	575
WP_082480821.1	iEK1008.Rv0243	63.8	437	150	3	44	474	5	439	6.33e-185	523
WP_082480827.1	iSDY_1059.SDY_0522	24.3	346	252	4	29	374	16	351	2.43e-08	55.5
WP_082480827.1	iML1515.b0591	24.3	346	252	4	29	374	16	351	9.99e-08	53.5
WP_082480827.1	iSSON_1240.SSON_0542	24.3	346	252	4	29	374	16	351	9.99e-08	53.5
WP_082480827.1	iSbBS512_1146.SbBS512_E0493	24.6	346	251	4	29	374	16	351	1.33e-07	53.1
WP_082480827.1	iYL1228.KPN_00609	26.2	206	148	2	29	234	16	217	9.50e-07	50.4
WP_082480829.1	iEK1008.Rv2701c	48.9	276	118	7	7	264	4	274	3.62e-58	187
WP_082480831.1	iAM_Pc455.PCYB_071570	33.1	154	99	2	7	159	81	231	2.75e-21	86.7
WP_082480831.1	iAM_Pb448.PBANKA_080930	29.6	169	115	2	1	168	70	235	3.51e-21	86.3
WP_082480831.1	iYO844.BSU15720	38.3	133	75	3	8	140	21	146	2.72e-21	84.7
WP_082480831.1	iAM_Pv461.PVX_098840	33.1	154	99	2	7	159	26	176	5.34e-20	82.0
WP_082480831.1	iAM_Pf480.PF3D7_0907900	31.0	158	99	3	6	159	80	231	4.16e-19	80.9
WP_082480834.1	iEK1008.Rv2051c	56.6	251	105	3	1	249	616	864	8.35e-83	265
WP_082480845.1	iEK1008.Rv1389	50.8	191	92	2	2	190	12	202	5.30e-60	186
WP_082480847.1	iEK1008.Rv1654	64.3	283	101	0	35	317	12	294	1.29e-127	366
WP_082480849.1	iEK1008.Rv1659	67.1	453	148	1	19	471	3	454	3.02e-213	596
WP_082480850.1	iAF987.Gmet_1914	30.9	110	74	2	1	110	1	108	1.38e-11	62.8
WP_082480852.1	STM_v1_0.STM2788	36.4	492	309	2	6	493	9	500	1.34e-104	321
WP_082480852.1	iJN1463.PP_1416	37.8	484	294	3	6	485	9	489	8.05e-93	291
WP_082480853.1	iMM904.YDR305C	31.9	94	62	2	27	119	24	116	5.47e-09	52.8
WP_082480856.1	iEK1008.Rv1385	53.1	260	118	4	3	261	4	260	1.11e-74	228
WP_082481966.1	iEK1008.Rv1238	54.6	390	170	4	1	384	1	389	4.07e-131	381
WP_156364641.1	iEK1008.Rv1076	39.0	295	169	5	45	333	3	292	4.54e-58	190
WP_156364659.1	iEK1008.Rv3285	62.1	560	205	3	5	557	12	571	1.10e-235	663
WP_156364663.1	STM_v1_0.STM0776	33.3	135	74	5	1	124	1	130	1.61e-07	51.6
WP_156364663.1	iYL1228.KPN_00773	31.1	135	77	5	1	124	1	130	3.85e-07	50.4
WP_156364663.1	iSDY_1059.SDY_0706	31.1	135	77	5	1	124	1	130	1.64e-06	48.5
WP_156364663.1	iML1515.b0759	31.1	135	77	5	1	124	1	130	2.92e-06	47.8
WP_156364663.1	iSbBS512_1146.SbBS512_E0680	31.1	135	77	5	1	124	1	130	2.92e-06	47.8
WP_156364663.1	iSSON_1240.SSON_0711	31.1	135	77	5	1	124	1	130	2.92e-06	47.8
WP_156364673.1	iJN1463.PP_1943	49.5	285	137	3	5	288	7	285	1.97e-90	270
WP_156364673.1	iYO844.BSU13110	46.3	283	145	3	7	287	22	299	1.07e-85	258
WP_156364673.1	iJN1463.PP_0327	47.5	284	144	1	4	287	7	285	6.60e-86	258
WP_156364673.1	iJN1463.PP_1367	47.4	287	141	4	4	287	3	282	1.06e-81	247
WP_156364673.1	iSynCJ816.SGL_RS13830	47.2	286	144	3	4	288	5	284	1.09e-81	247
WP_156364696.1	iYL1228.KPN_02922	35.1	74	48	0	1	74	8	81	1.33e-06	43.9
WP_156364696.1	STM_v1_0.STM2669	33.8	74	49	0	1	74	8	81	2.48e-06	43.1
WP_156364696.1	iYL1228.KPN_02920	32.9	76	51	0	1	76	10	85	3.40e-06	42.7
WP_156364696.1	iSF_1195.SF2660	33.8	74	49	0	1	74	8	81	3.39e-06	42.7
WP_156364696.1	iML1515.b2599	31.7	82	56	0	1	82	10	91	4.65e-06	42.4
WP_156364696.1	iSbBS512_1146.SbBS512_E2986	31.7	82	56	0	1	82	10	91	4.65e-06	42.4
WP_156364696.1	iSF_1195.SF2659	31.7	82	56	0	1	82	10	91	4.65e-06	42.4
WP_156364696.1	iSSON_1240.SSON_2750	31.7	82	56	0	1	82	10	91	4.65e-06	42.4
WP_156364696.1	iML1515.b2600	33.8	74	49	0	1	74	8	81	6.34e-06	42.0
WP_156364696.1	iSbBS512_1146.SbBS512_E2987	33.8	74	49	0	1	74	8	81	6.34e-06	42.0
WP_156364696.1	iSSON_1240.SSON_2751	33.8	74	49	0	1	74	8	81	6.34e-06	42.0
WP_156364696.1	iPC815.YPO3285	32.4	74	50	0	1	74	8	81	4.15e-05	39.7
WP_156364740.1	iJN1463.PP_0316	29.7	320	187	7	71	356	48	363	1.87e-29	116
WP_156364784.1	iEK1008.Rv1475c	69.1	939	269	6	2	923	6	940	0.0	1300
WP_156364845.1	iEK1008.Rv1908c	66.8	730	230	6	9	729	14	740	0.0	993
WP_156364845.1	iJN1463.PP_3668	62.6	737	234	9	31	729	19	751	0.0	910
WP_156364867.1	iJN1463.PP_4423	26.4	284	191	6	47	315	48	328	8.21e-19	85.1
WP_156366728.1	iAF692.Mbar_A0034	34.6	344	199	6	26	345	3	344	1.38e-59	196
WP_156366728.1	iJN1463.PP_1799	35.6	343	194	5	28	348	15	352	2.40e-59	195
WP_156366728.1	iSynCJ816.SGL_RS01905	35.4	325	201	4	26	342	5	328	6.23e-58	191
WP_156366728.1	iAF987.Gmet_1488	33.3	339	198	6	28	342	4	338	4.06e-55	184
WP_156366728.1	iAF987.Gmet_1311	33.7	338	199	6	28	342	4	339	7.56e-55	183
WP_156366728.1	iLB1027_lipid.PHATRDRAFT_25417	34.8	348	194	8	24	342	5	348	8.80e-54	181
WP_156366734.1	iYO844.BSU35720	36.8	378	228	6	714	1082	368	743	5.44e-71	251
WP_156366734.1	iYS854.USA300HOU_RS01320	37.6	378	219	11	716	1082	17	388	2.83e-72	245
WP_156366743.1	iLJ478.TM0108	30.3	132	77	2	77	202	4	126	9.35e-14	68.6
WP_156366743.1	iEK1008.Rv1315	33.1	124	80	1	79	202	7	127	4.29e-13	66.6
WP_156366743.1	iHN637.CLJU_RS01205	26.2	130	91	2	75	202	2	128	6.66e-12	63.2
WP_156366743.1	iYS854.USA300HOU_RS11465	24.6	126	92	1	77	202	6	128	6.66e-12	63.2
WP_156366743.1	iML1515.b3189	31.5	130	77	3	77	202	4	125	1.22e-11	62.4
WP_156366743.1	STM_v1_0.STM3307	31.0	129	79	2	77	202	4	125	1.22e-11	62.4
WP_156366743.1	iSbBS512_1146.SbBS512_E3581	31.5	130	77	3	77	202	4	125	1.22e-11	62.4
WP_156366743.1	iSDY_1059.SDY_3370	31.5	130	77	3	77	202	4	125	1.22e-11	62.4
WP_156366743.1	iSF_1195.SF3229	31.5	130	77	3	77	202	4	125	1.22e-11	62.4
WP_156366743.1	iSSON_1240.SSON_3337	31.5	130	77	3	77	202	4	125	1.22e-11	62.4
WP_156366758.1	iML1515.b2033	33.0	100	57	4	144	235	87	184	5.80e-08	51.2
WP_156366761.1	iYO844.BSU24120	35.0	260	168	1	43	302	19	277	1.06e-48	164
WP_156366761.1	iAF987.Gmet_1122	36.4	275	167	3	37	306	6	277	1.76e-47	161
WP_156366761.1	STM_v1_0.STM0368	37.6	255	156	2	37	288	5	259	2.48e-44	153
WP_156366761.1	iJN1463.PP_2334	36.3	259	162	2	33	288	2	260	9.90e-44	151
WP_156366772.1	iYL1228.KPN_01870	31.6	206	107	9	334	526	134	318	3.71e-10	61.2
WP_156366772.1	iJN1463.PP_3274	30.4	207	120	8	333	525	35	231	9.72e-10	60.1
WP_156366772.1	iEK1008.Rv3571	27.9	208	117	10	328	523	46	232	1.26e-08	56.6
WP_156366776.1	iEK1008.Rv3499c	27.8	342	228	6	21	351	17	350	2.22e-27	112
WP_156366800.1	iEK1008.Rv0536	58.4	346	140	3	1	344	1	344	3.15e-128	370
WP_156366811.1	iAF987.Gmet_0043	27.0	241	155	8	252	477	33	267	1.31e-08	57.0
WP_156366822.1	iJN1463.PP_1803	26.4	299	176	13	4	271	6	291	9.13e-07	49.3
WP_156366822.1	iEK1008.Rv1106c	35.7	115	61	2	4	108	17	128	3.24e-06	47.8
WP_156366825.1	iYO844.BSU35720	33.3	330	210	6	863	1182	415	744	1.25e-45	176
WP_156366825.1	iYS854.USA300HOU_RS01320	33.7	332	204	8	864	1182	61	389	3.36e-46	171
WP_156366826.1	iLJ478.TM1751	19.0	290	174	11	120	391	42	288	3.84e-04	42.0
WP_156366829.1	iEK1008.Rv0386	40.6	64	38	0	399	462	1021	1084	1.09e-05	48.1
WP_156366857.1	iHN637.CLJU_RS05215	27.7	202	127	6	55	246	43	235	2.10e-11	61.6
WP_156366863.1	iEK1008.Rv0222	52.3	243	115	1	736	978	20	261	5.39e-71	236
WP_156366869.1	iMM1415.13121	26.1	372	225	10	13	361	156	500	1.08e-25	107
WP_156366869.1	iCHOv1.100766524	26.8	358	219	7	3	331	120	463	5.74e-24	102
WP_156366869.1	iCHOv1.100762189	25.5	372	227	10	13	361	156	500	2.62e-23	100
WP_156366869.1	iMM1415.13113	26.7	363	229	7	3	339	120	471	3.54e-23	100
WP_156366869.1	iMM1415.100041375	27.1	358	219	10	3	331	71	415	1.25e-22	98.2
WP_156366869.1	iMM1415.13116	27.8	345	201	10	13	332	138	459	1.59e-22	98.2
WP_156366869.1	iCHOv1.100761725	33.0	212	101	6	174	360	313	508	3.15e-22	97.4
WP_156366869.1	iCHOv1.100767921	27.0	397	226	11	1	361	128	496	4.03e-22	97.1
WP_156366870.1	iCN718.ABAYE_RS05590	38.9	458	261	4	19	463	43	494	1.88e-105	323
WP_156366874.1	iYS854.USA300HOU_RS06130	35.8	274	168	3	10	282	5	271	7.69e-53	187
WP_156366876.1	iSynCJ816.SGL_RS06280	42.2	90	42	4	94	180	16	98	3.86e-11	57.8
WP_156366877.1	iMM1415.211389	32.0	147	76	6	5	132	348	489	7.66e-14	68.2
WP_156366877.1	iCHOv1.100768542	32.7	147	75	6	5	132	347	488	1.41e-13	67.4
WP_156366877.1	iAT_PLT_636.6821	32.0	147	76	6	5	132	354	495	2.62e-13	66.6
WP_156366895.1	iEK1008.Rv1235	27.6	442	252	13	14	394	17	451	4.10e-20	91.7
WP_156366909.1	iYO844.BSU24060	41.5	472	251	11	23	472	5	473	7.28e-108	328
WP_156366909.1	iYO844.BSU14610	38.5	460	269	8	24	472	11	467	1.75e-98	303
WP_156366915.1	iAF987.Gmet_1431	56.7	30	13	0	1	30	1	30	5.57e-05	39.3
WP_156366915.1	iAF987.Gmet_1486	37.3	75	44	2	1	73	1	74	1.05e-04	38.5
WP_156366915.1	iYL1228.KPN_00773	31.9	72	42	1	1	65	1	72	1.44e-04	38.1
WP_156366915.1	iEK1008.Rv1106c	36.5	74	41	2	2	73	16	85	1.99e-04	37.7
WP_156366915.1	STM_v1_0.STM0776	30.9	81	47	2	1	72	1	81	2.69e-04	37.4
WP_156366915.1	iML1515.b0759	30.9	81	47	2	1	72	1	81	3.68e-04	37.0
WP_156366915.1	iSbBS512_1146.SbBS512_E0680	30.9	81	47	2	1	72	1	81	3.68e-04	37.0
WP_156366915.1	iSDY_1059.SDY_0706	30.9	81	47	2	1	72	1	81	3.68e-04	37.0
WP_156366915.1	iSF_1195.SF0545	30.9	81	47	2	1	72	1	81	3.68e-04	37.0
WP_156366915.1	iSSON_1240.SSON_0711	30.9	81	47	2	1	72	1	81	3.68e-04	37.0
WP_156366915.1	iYL1228.KPN_02491	51.6	31	15	0	1	31	1	31	6.93e-04	36.2
WP_156366915.1	iYL1228.KPN_02497	51.6	31	15	0	1	31	1	31	6.93e-04	36.2
WP_156366915.1	iCHOv1.100763471	51.7	29	14	0	2	30	51	79	9.56e-04	35.8
WP_156366915.1	iMM1415.67883	51.7	29	14	0	2	30	90	118	9.65e-04	35.8
WP_156366927.1	iAF987.Gmet_0069	33.9	127	77	3	3	127	4	125	1.41e-11	59.7
WP_156366949.1	iJN1463.PP_3597	58.9	241	99	0	1	241	20	260	8.01e-99	288
WP_156366949.1	iJN1463.PP_1300	61.4	241	93	0	1	241	14	254	3.07e-97	284
WP_156366949.1	iYO844.BSU27430	58.3	242	101	0	1	242	1	242	8.30e-97	282
WP_156366949.1	iML1515.b0652	59.3	241	98	0	1	241	1	241	7.57e-95	277
WP_156366949.1	iSSON_1240.SSON_0606	59.3	241	98	0	1	241	1	241	7.57e-95	277
WP_156366949.1	iYL1228.KPN_00678	58.9	241	99	0	1	241	1	241	2.16e-94	276
WP_156366949.1	iSF_1195.SF0629	59.3	241	98	0	1	241	1	241	2.16e-94	276
WP_156366949.1	iPC815.YPO2612	59.3	241	98	0	1	241	2	242	6.38e-94	275
WP_156366949.1	iCN900.CD630_07520	54.6	240	109	0	1	240	1	240	3.23e-91	268
WP_156366949.1	iPC815.YPO2514	56.5	239	104	0	1	239	1	239	2.63e-90	266
WP_156366950.1	iNF517.LLMG_RS05835	31.7	230	144	5	91	311	91	316	5.45e-24	99.4
WP_156366950.1	iJN1463.PP_4431	32.8	229	149	3	88	311	90	318	4.46e-23	97.1
WP_156366952.1	iEK1008.Rv3518c	29.1	416	257	13	38	439	7	398	8.84e-36	135
WP_162237275.1	iYO844.BSU03950	31.7	101	65	2	21	117	18	118	7.09e-07	47.8
WP_162237282.1	iML1515.b2254	29.2	113	69	4	29	136	8	114	5.20e-04	40.8
WP_162237282.1	iSF_1195.SF2333	29.2	113	69	4	29	136	8	114	5.20e-04	40.8
WP_162237282.1	iSSON_1240.SSON_2315	29.2	113	69	4	29	136	8	114	5.20e-04	40.8
WP_162237284.1	iYL1228.KPN_04156	24.6	232	158	9	8	230	17	240	4.86e-10	58.9
WP_162237284.1	iML1515.b3751	25.0	232	157	8	8	230	17	240	6.55e-10	58.5
WP_162237284.1	STM_v1_0.STM3884	24.6	232	158	8	8	230	17	240	8.83e-10	58.2
WP_162237285.1	iEK1008.Rv0166	31.4	385	246	7	25	396	40	419	3.76e-42	155
WP_162237288.1	iEK1008.Rv0373c	44.4	189	88	2	7	192	618	792	5.74e-39	141
WP_162237289.1	iEK1008.Rv0373c	33.3	336	210	7	3	327	239	571	1.61e-45	164
WP_162237303.1	STM_v1_0.STM0832	34.0	238	129	11	38	273	64	275	1.10e-14	72.4
WP_162237303.1	iSF_1195.SF0764	31.7	246	141	10	38	279	64	286	2.04e-14	71.6
WP_162237303.1	iML1515.b0813	31.3	246	142	10	38	279	64	286	7.00e-14	70.1
WP_162237303.1	iSbBS512_1146.SbBS512_E2535	31.3	246	142	10	38	279	64	286	7.00e-14	70.1
WP_162237303.1	iSSON_1240.SSON_0793	31.3	246	142	10	38	279	64	286	7.00e-14	70.1
WP_162237303.1	iJN1463.PP_2239	28.5	228	143	6	55	281	80	288	3.25e-13	68.2
WP_162237303.1	iYL1228.KPN_00842	29.2	240	143	10	38	272	64	281	1.50e-12	66.2
WP_162237305.1	iEK1008.Rv3913	62.9	310	114	1	10	319	14	322	6.64e-129	371
WP_162237317.1	iMM1415.77974	43.7	199	101	4	11	201	37	232	4.69e-35	128
WP_162237317.1	iCHOv1.100757118	40.8	218	108	5	7	206	38	252	2.58e-34	127
WP_162237317.1	iCHOv1.100759877	43.3	203	104	4	13	207	38	237	1.37e-32	122
WP_162237317.1	iCHOv1.100759583	42.7	199	103	4	11	201	37	232	1.92e-32	121
WP_162237317.1	iMM1415.105014	39.4	218	111	5	7	206	38	252	1.43e-31	119
WP_162237317.1	iMM1415.17252	42.6	202	105	4	13	206	38	236	1.41e-31	119
WP_162237320.1	iAF987.Gmet_1298	41.7	115	67	0	162	276	174	288	1.45e-18	84.7
WP_162237320.1	iJN1463.PP_4405	37.6	149	84	1	171	310	175	323	1.04e-17	82.0
WP_162237324.1	iEK1008.Rv0127	44.0	459	233	9	25	470	5	452	1.15e-107	327
WP_162237330.1	iYL1228.KPN_04155	39.8	279	162	2	33	306	26	303	7.34e-49	165
WP_162237330.1	iML1515.b3750	40.1	279	161	3	33	306	26	303	2.87e-48	163
WP_162237330.1	STM_v1_0.STM3883	40.1	279	161	3	33	306	26	303	2.87e-48	163
WP_162237330.1	iCN900.CD630_15880	37.9	285	175	2	22	305	8	291	3.87e-47	160
WP_162237330.1	iPC815.YPO2499	39.7	277	160	3	36	306	36	311	1.17e-45	157
WP_162237330.1	iYO844.BSU35950	38.7	274	164	3	35	305	30	302	1.35e-45	156
WP_162237330.1	iNF517.LLMG_RS04065	35.0	277	176	2	33	306	17	292	6.39e-44	152
WP_162237331.1	iCN900.CD630_03000	29.5	258	166	10	2	255	55	300	5.86e-12	64.7
WP_162237331.1	iLJ478.TM0114	28.5	249	163	10	1	245	43	280	8.56e-12	64.3
WP_162237333.1	iCHOv1.100771827	48.8	166	80	2	5	170	202	362	3.73e-42	144
WP_162237347.1	iEK1008.Rv1237	54.8	239	103	2	21	259	19	252	5.32e-85	254
WP_162237359.1	iEK1008.Rv1620c	34.0	521	309	11	18	517	33	539	9.81e-46	169
WP_162237359.1	iAF987.Gmet_2633	33.2	530	318	14	16	523	21	536	1.05e-43	162
WP_162237360.1	iEK1008.Rv0499	34.1	135	76	5	21	143	155	288	3.66e-06	44.7
WP_162237366.1	iYS854.USA300HOU_RS06130	33.5	263	155	6	88	338	9	263	2.79e-30	125
WP_164468832.1	iML1515.b3750	48.2	299	150	2	14	307	19	317	2.08e-75	234
WP_164468832.1	iYL1228.KPN_04155	45.7	317	159	4	4	307	1	317	2.08e-75	234
WP_164468832.1	STM_v1_0.STM3883	46.4	317	157	4	4	307	1	317	1.66e-74	232
WP_164468832.1	iYO844.BSU35950	47.4	291	150	2	21	308	28	318	6.80e-74	231
WP_164468832.1	iNF517.LLMG_RS04065	42.9	310	170	4	1	307	1	306	5.19e-74	231
WP_164468832.1	iPC815.YPO2499	45.6	294	154	3	20	307	32	325	2.43e-73	229
WP_164468832.1	iCN900.CD630_03020	41.7	307	176	2	4	307	15	321	1.15e-71	225
WP_164468832.1	iPC815.YPO2257	40.1	292	172	2	18	308	51	340	1.63e-66	213
WP_200914343.1	iLJ478.TM0211	23.7	346	193	13	19	308	2	332	5.37e-06	47.4
WP_200914344.1	iEK1008.Rv0073	33.3	105	58	2	1	103	206	300	4.53e-10	58.2
WP_200914344.1	iEK1008.Rv2564	40.0	70	42	0	34	103	231	300	2.76e-09	55.8
WP_200914345.1	iEK1008.Rv3667	63.9	640	221	6	27	658	12	649	6.87e-296	821
WP_200914347.1	iAM_Pf480.PF3D7_0922900	47.6	126	66	0	6	131	174	299	9.86e-34	119
WP_200914347.1	iSynCJ816.SGL_RS07245	44.7	132	69	2	1	131	116	244	6.65e-33	115
WP_200914347.1	iYO844.BSU15910	43.5	131	74	0	1	131	114	244	9.17e-33	115
WP_200914347.1	iHN637.CLJU_RS17225	46.6	131	70	0	1	131	118	248	2.82e-32	114
WP_200914347.1	iAM_Pv461.PVX_099555	42.1	126	73	0	6	131	173	298	1.60e-31	113
WP_200914347.1	iLJ478.TM1724	44.3	131	73	0	1	131	114	244	7.21e-32	112
WP_200914347.1	iAM_Pb448.PBANKA_082380	42.2	128	74	0	6	133	173	300	4.43e-31	112
WP_200914347.1	iHN637.CLJU_RS20765	44.3	131	73	0	1	131	116	246	4.20e-31	110
WP_200914347.1	iJN1463.PP_1914	44.0	125	70	0	7	131	120	244	2.23e-30	108
WP_200914347.1	STM_v1_0.STM1195	43.2	125	71	0	7	131	117	241	3.01e-30	108
WP_200914347.1	iML1515.b1093	43.2	125	71	0	7	131	117	241	4.24e-30	108
WP_200914347.1	iSbBS512_1146.SbBS512_E2231	43.2	125	71	0	7	131	117	241	4.24e-30	108
WP_200914347.1	iSDY_1059.SDY_2057	43.2	125	71	0	7	131	117	241	4.24e-30	108
WP_200914347.1	iSF_1195.SF1097	43.2	125	71	0	7	131	117	241	4.24e-30	108
WP_200914347.1	iSSON_1240.SSON_1113	43.2	125	71	0	7	131	117	241	4.24e-30	108
WP_200914347.1	iYL1228.KPN_01091	43.2	125	71	0	7	131	117	241	8.42e-30	107
WP_200914353.1	iAF987.Gmet_1148	41.1	416	226	8	3	412	5	407	3.05e-89	277
WP_200914358.1	iCHOv1.100764768	27.0	356	201	12	44	380	186	501	2.82e-27	112
WP_200914358.1	iCHOv1.100751269	27.3	337	200	10	38	363	194	496	1.09e-26	110
WP_200914358.1	iMM1415.13076	26.5	336	204	8	38	363	194	496	1.11e-26	110
WP_200914358.1	iMM1415.72082	26.3	358	214	11	37	380	169	490	1.20e-24	104
WP_200914358.1	iCHOv1.100772751	26.4	333	192	13	33	351	178	471	7.87e-24	102
WP_200914358.1	iMM1415.13078	26.0	319	186	11	35	338	195	478	2.73e-23	101
WP_200914366.1	iEK1008.Rv3300c	54.4	248	109	3	4	251	46	289	1.34e-79	241
WP_200914371.1	iEK1008.Rv0542c	43.7	327	147	9	20	326	31	340	5.94e-62	201
WP_200914372.1	iYO844.BSU10270	31.5	520	324	10	43	548	7	508	1.83e-76	250
WP_200914372.1	iML1515.b1805	33.3	498	296	10	84	554	68	556	2.11e-68	230
WP_200914372.1	iSDY_1059.SDY_1709	33.3	498	296	10	84	554	68	556	2.11e-68	230
WP_200914372.1	iSSON_1240.SSON_1356	33.3	498	296	10	84	554	68	556	2.11e-68	230
WP_200914372.1	iSbBS512_1146.SbBS512_E2065	33.1	498	297	10	84	554	68	556	7.98e-68	229
WP_200914372.1	iSF_1195.SF1423	33.1	498	297	10	84	554	90	578	1.28e-67	229
WP_200914372.1	iPC815.YPO2074	32.7	495	291	10	84	548	68	550	1.59e-67	228
WP_200914372.1	iYL1228.KPN_02322	32.9	498	298	10	84	554	79	567	2.74e-67	228
WP_200914372.1	iEK1008.Rv3089	33.2	485	300	10	67	548	31	494	1.14e-67	227
WP_200914372.1	STM_v1_0.STM1818	33.2	500	294	12	84	554	68	556	8.18e-67	226
WP_200914374.1	iYS854.USA300HOU_RS03405	39.1	64	39	0	17	80	22	85	6.03e-09	48.5
WP_200914375.1	iMM1415.13121	24.1	427	303	8	13	425	68	487	4.85e-32	127
WP_200914375.1	iCHOv1.100767921	29.2	370	208	11	78	406	118	474	1.75e-31	125
WP_200914375.1	iCHOv1.100768783	28.5	393	240	10	78	436	120	505	3.31e-31	125
WP_200914375.1	iCHOv1.100762189	23.6	423	310	7	13	425	68	487	7.90e-31	124
WP_200914375.1	iCHOv1.100767149	29.5	363	216	9	78	406	121	477	1.15e-30	123
WP_200914375.1	iCHOv1.100768211	28.8	368	210	12	79	406	116	471	2.01e-30	122
WP_200914375.1	iMM1415.13117	28.5	396	242	12	78	439	120	508	1.33e-29	120
WP_200914377.1	iAF987.Gmet_0043	27.7	202	135	5	158	348	66	267	1.28e-12	69.7
WP_200914381.1	iEK1008.Rv0886	52.3	153	67	2	1	147	1	153	4.39e-32	119
WP_200914383.1	iJN1463.PP_2476	42.9	331	183	3	6	331	9	338	8.68e-75	233
WP_200914383.1	iML1515.b1449	41.6	334	185	6	6	332	9	339	7.11e-74	231
WP_200914384.1	iYO844.BSU10270	35.4	415	240	6	1	391	3	413	2.06e-74	239
WP_200914400.1	iJN1463.PP_4210	24.4	205	143	2	387	586	457	654	8.54e-04	42.0
WP_200914401.1	iCN718.ABAYE_RS09965	39.8	88	52	1	8	94	7	94	4.17e-11	57.4
WP_200914401.1	iML1515.b1619	42.7	89	50	1	9	96	12	100	4.01e-11	57.4
WP_200914401.1	iCN718.ABAYE_RS13055	41.4	87	49	1	11	95	16	102	4.23e-10	54.7
WP_200914401.1	iAF987.Gmet_1601	45.9	85	45	1	11	94	8	92	1.31e-09	53.1
WP_200914401.1	iEK1008.Rv3502c	39.2	97	54	1	3	94	15	111	2.28e-09	52.8
WP_200914401.1	iJN1463.PP_2794	39.2	102	58	2	9	110	14	111	1.90e-09	52.8
WP_200914401.1	iCN718.ABAYE_RS13080	39.1	87	51	1	11	95	17	103	3.91e-09	52.0
WP_200914402.1	iYL1228.KPN_01091	48.0	98	50	1	1	98	144	240	4.64e-19	78.2
WP_200914402.1	STM_v1_0.STM1195	45.9	98	52	1	1	98	144	240	2.49e-18	76.3
WP_200914402.1	iML1515.b1093	43.9	98	54	1	1	98	144	240	3.64e-17	73.2
WP_200914402.1	iSbBS512_1146.SbBS512_E2231	43.9	98	54	1	1	98	144	240	3.64e-17	73.2
WP_200914402.1	iSDY_1059.SDY_2057	43.9	98	54	1	1	98	144	240	3.64e-17	73.2
WP_200914402.1	iSF_1195.SF1097	43.9	98	54	1	1	98	144	240	3.64e-17	73.2
WP_200914402.1	iSSON_1240.SSON_1113	43.9	98	54	1	1	98	144	240	3.64e-17	73.2
WP_200914402.1	iAM_Pv461.PVX_099555	39.8	98	58	1	1	98	201	297	2.49e-16	71.6
WP_200914402.1	iLJ478.TM1724	40.8	98	57	1	1	98	147	243	2.77e-16	70.9
WP_200914404.1	iEK1008.Rv0768	43.5	306	169	3	1	302	179	484	2.52e-64	209
WP_200914404.1	iEK1008.Rv0223c	40.1	304	179	2	1	302	176	478	2.61e-63	207
WP_200914404.1	iEK1008.Rv2858c	42.4	302	168	3	2	302	151	447	4.88e-63	205
WP_200914404.1	iYO844.BSU19310	39.3	303	183	1	1	302	187	489	6.62e-62	203
WP_200914404.1	iYO844.BSU31060	40.5	309	179	3	1	304	170	478	1.17e-61	202
WP_200914404.1	iAT_PLT_636.216	40.8	304	178	2	1	302	189	492	4.39e-60	199
WP_200914404.1	iJN1463.PP_3463	40.3	303	179	2	1	302	192	493	4.03e-60	199
WP_200914404.1	iYS854.USA300HOU_RS11455	39.7	305	179	3	2	302	167	470	2.51e-60	199
WP_200914404.1	iMM1415.19378	39.1	304	183	2	1	302	206	509	1.23e-59	198
WP_200914404.1	iCHOv1.100772304	38.8	304	184	2	1	302	110	413	2.05e-60	197
WP_200914404.1	iCHOv1.100761706	40.1	304	180	2	1	302	189	492	3.34e-59	196
WP_200914404.1	iCHOv1.100762089	39.9	306	180	4	1	302	593	898	1.46e-56	195
WP_200914404.1	iCHOv1.100768227	40.5	304	179	2	1	302	200	503	1.15e-58	195
WP_200914404.1	iMM1415.56847	40.5	304	179	2	1	302	200	503	1.15e-58	195
WP_200914404.1	iCHOv1.100768367	40.1	304	180	2	1	302	216	519	4.35e-58	194
WP_200914404.1	iCHOv1.100768654	39.8	304	181	2	1	302	186	489	3.35e-58	194
WP_200914404.1	iAT_PLT_636.220	39.7	305	180	3	1	302	200	503	2.40e-57	192
WP_200914404.1	iMM1415.11668	39.8	304	181	2	1	302	189	492	2.70e-57	191
WP_200914404.1	iAF692.Mbar_A2387	37.9	306	185	3	2	302	171	476	6.31e-57	190
WP_200914404.1	iMM1415.107747	39.2	306	182	4	1	302	593	898	2.30e-54	189
WP_200914405.1	iJN1463.PP_3357	43.1	109	58	3	6	112	6	112	5.52e-13	64.3
WP_200914406.1	iAM_Pc455.PCYB_132130	22.7	748	490	19	13	681	36	774	8.23e-42	163
WP_200914406.1	iAM_Pv461.PVX_084660	24.2	749	478	23	13	681	35	773	6.27e-39	154
WP_200914410.1	iCN718.ABAYE_RS13055	33.6	107	71	0	2	108	158	264	9.64e-12	59.7
WP_200914410.1	iCN718.ABAYE_RS13080	31.8	107	73	0	2	108	159	265	3.24e-10	55.5
WP_200914411.1	iLJ478.TM1724	37.5	88	55	0	7	94	5	92	2.20e-09	52.4
WP_200914411.1	iJN1463.PP_2794	45.7	92	40	3	7	95	13	97	1.56e-08	50.1
WP_200914411.1	iCN718.ABAYE_RS13105	35.2	91	57	2	12	101	11	100	4.38e-08	48.9
WP_200914411.1	iEK1008.Rv1350	30.8	107	73	1	1	107	1	106	7.42e-08	48.1
WP_200914411.1	iCN718.ABAYE_RS01085	34.4	96	52	4	12	101	11	101	1.11e-07	47.8
WP_200914432.1	iJN1463.PP_2805	49.4	466	230	4	1	462	9	472	1.92e-164	474
WP_200914432.1	iCN718.ABAYE_RS02690	46.7	478	250	4	2	475	3	479	7.17e-159	459
WP_200914436.1	iEK1008.Rv3276c	50.5	386	177	5	3	379	16	396	5.14e-110	328
WP_200914439.1	iSbBS512_1146.SbBS512_E0493	29.0	372	254	6	12	381	7	370	8.24e-23	99.4
WP_200914439.1	iML1515.b0591	28.5	372	256	6	12	381	7	370	2.77e-22	97.8
WP_200914439.1	iSSON_1240.SSON_0542	28.5	372	256	6	12	381	7	370	2.77e-22	97.8
WP_200914439.1	iYL1228.KPN_00609	27.9	398	268	10	12	399	7	395	6.70e-22	96.7
WP_200914439.1	iSDY_1059.SDY_0522	28.5	372	256	6	12	381	7	370	6.87e-22	96.7
WP_200914439.1	STM_v1_0.STM0593	26.9	372	262	6	12	381	7	370	6.13e-20	90.9
WP_200914444.1	iEK1008.Rv2848c	50.7	456	205	8	7	452	6	451	3.23e-116	360
WP_200914446.1	iLJ478.TM0070	34.3	70	46	0	268	337	47	116	2.25e-07	51.6
WP_200914448.1	iEK1008.Rv2294	44.3	192	83	3	2	174	217	403	2.30e-36	129
WP_200914449.1	iAF692.Mbar_A0244	32.9	152	97	3	15	166	5	151	4.16e-19	79.3
WP_200914449.1	iHN637.CLJU_RS04470	27.8	144	104	0	23	166	9	152	1.13e-18	78.2
WP_200914449.1	iCN900.CD630_09910	26.6	154	113	0	23	176	10	163	1.66e-17	75.1
WP_200914450.1	iJN1463.PP_1139	43.8	48	26	1	6	53	365	411	2.22e-05	40.0
WP_200914450.1	iJN1463.PP_4865	39.2	51	30	1	6	56	378	427	3.77e-04	36.6
WP_200914451.1	iYL1228.KPN_04624	51.4	327	146	3	9	329	13	332	1.10e-88	269
WP_200914451.1	iPC815.YPO3906	52.0	306	141	1	18	323	28	327	2.93e-88	268
WP_200914451.1	iSbBS512_1146.SbBS512_E4854	50.5	327	150	3	1	322	6	325	7.08e-87	265
WP_200914451.1	iML1515.b4230	51.8	328	144	5	1	322	6	325	1.42e-86	264
WP_200914451.1	iSSON_1240.SSON_4411	53.6	306	134	3	18	322	27	325	1.13e-85	261
WP_200914451.1	iSF_1195.SF4261	53.3	306	135	3	18	322	27	325	6.42e-85	259
WP_200914457.1	iCN900.CD630_21960	36.2	185	116	2	191	374	512	695	2.76e-29	119
WP_200914461.1	iSynCJ816.SGL_RS16525	34.1	126	77	2	192	316	181	301	1.25e-12	67.8
WP_200914461.1	iEK1008.Rv2252	32.0	122	81	2	195	315	62	182	4.39e-12	65.5
WP_200914461.1	iAF987.Gmet_2741	33.6	131	83	2	186	315	44	171	1.71e-11	63.5
WP_200914461.1	iJN1463.PP_2125	37.8	119	66	3	196	312	66	178	1.95e-11	63.5
WP_200914466.1	iEK1008.Rv3777	31.9	235	134	9	10	232	13	233	6.09e-18	82.4
WP_200914466.1	iMM904.YBR145W	33.2	208	112	5	6	189	16	220	7.52e-18	82.4
WP_200914466.1	iJN1463.PP_0072	30.8	321	174	17	1	288	5	310	7.11e-17	79.3
WP_200914466.1	iAT_PLT_636.284273	34.1	223	130	10	16	232	54	265	2.63e-16	78.2
WP_200914466.1	iEK1008.Rv1912c	34.9	241	131	13	1	232	4	227	1.95e-16	78.2
WP_200914466.1	iEK1008.Rv2048c	31.9	310	160	14	22	301	1383	1671	9.19e-15	74.7
WP_200914472.1	iCN718.ABAYE_RS14020	36.2	94	58	2	6	98	70	162	7.67e-10	58.2
WP_200914472.1	iJN1463.PP_0553	27.1	247	125	7	14	235	131	347	2.01e-09	57.0
WP_200914473.1	iEK1008.Rv2040c	32.2	304	193	5	14	316	1	292	4.14e-45	155
WP_200914474.1	iCHOv1.100771827	42.2	128	71	2	6	131	18	144	3.56e-20	84.0
WP_200914475.1	iNF517.LLMG_RS02035	39.1	46	28	0	69	114	69	114	1.74e-05	41.6
WP_200914492.1	iJN1463.PP_4689	31.4	261	164	8	97	352	35	285	5.45e-20	88.6
WP_200914499.1	STM_v1_0.STM0055	43.8	64	36	0	11	74	527	590	8.48e-11	55.8
WP_200914499.1	STM_v1_0.STM3352	43.8	64	36	0	11	74	527	590	8.48e-11	55.8
WP_200914500.1	iCN718.ABAYE_RS04585	34.0	527	276	17	31	503	45	553	6.24e-78	255
WP_200914504.1	iEK1008.Rv2895c	45.7	282	131	9	5	271	4	278	2.50e-66	207
WP_200914505.1	iCN900.CD630_00470	33.5	230	146	5	9	237	5	228	3.80e-31	119
WP_200914505.1	iHN637.CLJU_RS20335	34.5	229	144	5	6	232	4	228	4.41e-31	119
WP_200914505.1	iAF987.Gmet_0060	34.8	230	139	6	8	232	5	228	5.88e-29	113
WP_200914505.1	iSynCJ816.SGL_RS11415	31.6	228	152	3	9	236	4	227	7.31e-28	110
WP_200914505.1	iYS854.USA300HOU_RS01325	29.9	241	151	7	8	237	4	237	2.30e-27	109
WP_200914508.1	iLJ478.TM1724	39.6	245	136	6	2	241	9	246	1.68e-42	144
WP_200914508.1	iYS854.USA300HOU_RS06185	35.2	244	145	5	2	239	6	242	1.53e-39	136
WP_200914508.1	iHN637.CLJU_RS20765	35.6	247	144	6	2	241	10	248	1.87e-38	134
WP_200914508.1	iPC815.YPO1599	36.1	241	143	5	2	239	9	241	9.33e-38	132
WP_200914509.1	iLB1027_lipid.PHATRDRAFT_12757	44.6	325	170	5	12	327	15	338	7.96e-83	254
WP_200914514.1	iML1515.b1655	39.3	112	59	4	179	281	142	253	2.93e-17	79.3
WP_200914523.1	iYS854.USA300HOU_RS04580	45.6	296	158	2	13	305	8	303	3.92e-88	265
WP_200914523.1	iJN1463.PP_4800	44.0	284	156	2	13	293	51	334	2.03e-85	259
WP_200914523.1	iML1515.b0628	42.7	293	161	4	1	286	19	311	4.12e-78	240
WP_200914523.1	iSDY_1059.SDY_0550	42.7	293	161	4	1	286	19	311	4.12e-78	240
WP_200914523.1	iSF_1195.SF0653	42.7	293	161	4	1	286	19	311	4.12e-78	240
WP_200914523.1	iSSON_1240.SSON_0582	42.7	293	161	4	1	286	19	311	4.12e-78	240
WP_200914529.1	iEK1008.Rv3775	22.3	345	199	11	163	479	86	389	7.31e-08	54.3
WP_200914529.1	iML1515.b0376	28.4	215	119	8	171	379	84	269	1.14e-06	50.4
WP_200914531.1	iLJ478.TM0716	32.3	504	322	9	1	493	1	496	4.46e-68	227
WP_200914535.1	iPC815.YPO2960	50.9	230	109	2	22	247	13	242	1.12e-63	205
WP_200914535.1	iJN1463.PP_1078	46.4	233	123	1	13	243	7	239	9.19e-61	198
WP_200914535.1	iSynCJ816.SGL_RS10355	39.7	307	162	5	27	310	35	341	1.78e-60	197
WP_200914535.1	iEK1008.Rv2397c	45.2	241	122	2	13	247	5	241	4.59e-56	185
WP_200914535.1	iPC815.YPO1332	39.4	289	146	6	13	276	20	304	8.87e-56	185
WP_200914536.1	iEK1008.Rv0386	40.9	66	39	0	142	207	1013	1078	1.24e-07	51.2
WP_200914549.1	iEK1008.Rv2883c	67.2	232	75	1	12	243	29	259	1.05e-108	314
WP_200914554.1	iJN1463.PP_1205	43.1	591	301	13	2	581	4	570	3.39e-143	426
WP_200914554.1	iSynCJ816.SGL_RS09270	41.7	607	310	12	1	578	3	594	9.16e-143	426
WP_200914554.1	iSbBS512_1146.SbBS512_E0188	43.2	584	302	15	2	576	4	566	2.81e-139	416
WP_200914554.1	iSF_1195.SF0185	43.2	584	302	15	2	576	4	566	2.81e-139	416
WP_200914554.1	iSSON_1240.SSON_0208	43.2	584	302	15	2	576	4	566	2.81e-139	416
WP_200914554.1	iCN718.ABAYE_RS03855	42.6	584	301	13	2	575	4	563	5.44e-139	415
WP_200914554.1	iSDY_1059.SDY_0213	43.0	582	306	14	2	576	4	566	5.62e-139	415
WP_200914554.1	STM_v1_0.STM0242	42.5	583	307	12	2	576	4	566	1.12e-138	414
WP_200914554.1	iAF987.Gmet_1354	42.0	584	309	12	2	579	4	563	4.20e-138	412
WP_200914554.1	iYL1228.KPN_00208	42.6	584	305	15	2	576	4	566	4.47e-138	412
WP_200914554.1	iYS854.USA300HOU_RS06365	40.2	574	320	10	2	573	4	556	2.15e-137	410
WP_200914554.1	iCN900.CD630_00490	40.6	584	316	10	1	578	3	561	1.09e-135	406
WP_200914554.1	iPC815.YPO1068	40.0	580	326	11	2	576	4	566	4.46e-132	397
WP_200914554.1	iNF517.LLMG_RS12095	36.9	637	321	11	2	581	4	616	1.82e-127	387
WP_200914554.1	iLJ478.TM0514	39.7	567	307	9	1	559	3	542	1.61e-127	385
WP_200914559.1	iYL1228.KPN_04788	33.3	234	144	4	29	260	25	248	2.20e-36	129
WP_200914559.1	STM_v1_0.STM1101	32.6	258	154	6	14	261	181	428	9.37e-33	123
WP_200914559.1	iSF_1195.SF4384	33.2	256	155	6	14	261	181	428	2.50e-32	122
WP_200914559.1	iSSON_1240.SSON_4499	32.8	256	156	6	14	261	181	428	3.40e-31	119
WP_200914559.1	iSbBS512_1146.SbBS512_E4890	32.9	237	145	4	31	261	200	428	9.04e-31	118
WP_200914562.1	iJN1463.PP_3737	39.1	297	174	5	13	302	20	316	2.69e-63	202
WP_200914565.1	iEK1008.Rv2936	33.8	234	150	2	16	244	20	253	6.92e-38	136
WP_200914565.1	iCHOv1.100761226	38.8	209	121	3	12	214	907	1114	3.36e-31	123
WP_200914565.1	iMM1415.11303	38.8	209	121	3	12	214	907	1114	3.35e-31	123
WP_200914578.1	iEK1008.Rv1383	61.1	373	134	4	19	384	4	372	5.82e-156	444
WP_235492844.1	iEK1008.Rv3032	29.7	357	200	14	10	321	1	351	4.09e-15	75.9
WP_235492844.1	iAF692.Mbar_A3140	23.5	357	242	10	6	354	5	338	2.07e-13	70.9
WP_235492851.1	iAM_Pb448.PBANKA_071570	46.4	140	70	3	93	229	187	324	1.88e-33	123
WP_235492851.1	iAM_Pc455.PCYB_052680	46.4	140	70	3	93	229	188	325	4.78e-33	122
WP_235492851.1	iAM_Pf480.PF3D7_0413700	46.2	143	72	3	93	232	179	319	4.36e-33	122
WP_235492851.1	iAM_Pv461.PVX_089645	45.7	140	71	3	93	229	213	350	1.44e-32	121
WP_235492860.1	iAF987.Gmet_1919	32.0	100	67	1	10	109	5	103	5.22e-11	60.8
WP_235492866.1	iEK1008.Rv3518c	32.7	379	241	3	22	397	25	392	1.81e-54	184
WP_235492913.1	iYO844.BSU35740	31.8	129	79	3	15	142	8	128	2.87e-12	59.7
WP_235492913.1	iAM_Pf480.PF3D7_1347700	44.0	75	41	1	5	78	403	477	5.75e-11	58.9
WP_235492913.1	iAM_Pc455.PCYB_121600	44.2	77	41	2	4	78	489	565	2.74e-10	57.0
WP_235492913.1	iAM_Pv461.PVX_083280	44.2	77	41	2	4	78	435	511	2.71e-10	57.0
WP_235492913.1	iLB1027_lipid.PHATRDRAFT_40163	39.1	92	50	2	15	101	3	93	3.27e-10	56.6
WP_235492913.1	iAM_Pb448.PBANKA_136050	42.7	75	42	1	5	78	391	465	6.72e-10	55.8
WP_235492913.1	iAF987.Gmet_0922	34.1	135	79	6	12	139	356	487	8.90e-10	55.5
WP_235492915.1	iSynCJ816.SGL_RS17085	38.7	266	149	6	28	286	8	266	1.50e-44	160
WP_235492957.1	iAM_Pv461.PVX_084660	26.6	751	461	17	198	873	35	770	2.72e-66	239
WP_235492957.1	iAM_Pc455.PCYB_132130	25.2	751	472	16	198	873	36	771	1.85e-64	234
WP_235492957.1	iAM_Pf480.PF3D7_1437700	24.5	751	496	14	198	887	36	776	3.61e-62	227
WP_235492957.1	iAM_Pb448.PBANKA_061110	24.6	740	482	18	198	873	35	762	3.97e-59	218
WP_235492961.1	iYS854.USA300HOU_RS13590	40.1	182	108	1	38	219	48	228	3.24e-46	154
WP_235492961.1	iYS854.USA300HOU_RS04985	35.2	193	123	1	28	220	4	194	4.12e-42	142
WP_235492964.1	iEK1008.Rv3139	55.2	431	187	3	10	435	39	468	3.55e-153	442
WP_235492973.1	iEK1008.Rv1822	46.3	177	95	0	3	179	7	183	1.40e-49	159
WP_235492976.1	iAF987.Gmet_1092	32.7	202	125	1	75	265	72	273	7.56e-29	111
WP_235492984.1	iYS854.USA300HOU_RS04825	40.9	93	50	2	1	91	13	102	8.50e-18	71.2
WP_235492988.1	iEK1008.Rv1832	62.3	932	328	9	1	921	22	941	0.0	1078
WP_235492988.1	iJN1463.PP_0988	57.0	931	381	6	1	920	26	948	0.0	1013
WP_235493019.1	iEK1008.Rv0464c	41.3	179	96	2	19	189	10	187	4.09e-39	132
WP_235493023.1	iEK1008.Rv3790	48.3	453	228	3	2	449	9	460	2.56e-142	414
WP_235493025.1	iYS854.USA300HOU_RS07520	44.2	52	29	0	94	145	103	154	1.38e-05	44.7
WP_235493025.1	iSynCJ816.SGL_RS11800	45.2	42	23	0	99	140	150	191	2.40e-05	44.3
WP_235493025.1	iLB1027_lipid.PHATRDRAFT_20470	30.4	92	57	3	55	140	94	184	4.31e-05	43.5
WP_235493025.1	iNF517.LLMG_RS03890	42.0	50	29	0	96	145	105	154	2.03e-04	41.2
WP_235493030.1	iYS854.USA300HOU_RS07285	28.4	278	193	3	3	278	6	279	8.56e-30	113
WP_235493035.1	iAF987.Gmet_0069	30.1	93	62	1	21	110	28	120	6.00e-08	51.2
WP_235493035.1	iAF987.Gmet_1914	32.0	100	66	2	1	99	6	104	3.23e-07	49.3
WP_235493042.1	iSynCJ816.SGL_RS02305	51.9	453	213	1	2	454	9	456	1.53e-151	438
WP_235493046.1	iIT341.HP1552	34.2	418	259	5	23	427	19	433	3.53e-67	225
WP_235493046.1	iYL1228.KPN_00016	38.2	398	207	8	31	422	21	385	1.91e-62	211
WP_235493046.1	iJN1463.PP_3958	36.8	400	240	4	31	417	33	432	2.23e-61	210
WP_235493046.1	iSDY_1059.SDY_0018	37.6	394	207	8	31	418	17	377	4.55e-60	204
WP_235493046.1	STM_v1_0.STM0039	37.1	399	212	8	31	423	17	382	6.34e-60	204
WP_235493046.1	iML1515.b0019	37.3	394	208	8	31	418	17	377	8.84e-60	204
WP_235493046.1	iSbBS512_1146.SbBS512_E0019	37.3	394	208	8	31	418	17	377	8.84e-60	204
WP_235493046.1	iSSON_1240.SSON_0021	37.3	394	208	8	31	418	17	377	8.84e-60	204
WP_235493047.1	iEK1008.Rv3608c	62.8	261	96	1	16	275	7	267	2.73e-102	300
WP_235493048.1	iEK1008.Rv3757c	48.5	198	102	0	18	215	18	215	1.98e-52	168
WP_235493091.1	iSynCJ816.SGL_RS01935	39.5	314	182	4	30	337	32	343	1.22e-52	177
WP_235493091.1	iML1515.b0589	42.6	282	156	5	66	343	50	329	1.88e-49	168
WP_235493091.1	iSbBS512_1146.SbBS512_E0491	42.0	281	159	4	66	343	50	329	2.63e-49	167
WP_235493091.1	iSDY_1059.SDY_0520	42.6	282	156	5	66	343	50	329	2.63e-49	167
WP_235493091.1	iSSON_1240.SSON_0540	42.0	281	159	4	66	343	50	329	2.63e-49	167
WP_235493091.1	iSF_1195.SF0503	41.6	281	160	4	66	343	50	329	3.98e-48	164
WP_235493091.1	iYL1228.KPN_00607	41.8	311	158	10	45	343	30	329	4.27e-47	162
WP_235493094.1	iJN1463.PP_0398	39.0	77	46	1	20	95	22	98	1.02e-11	56.2
WP_235493094.1	iSynCJ816.SGL_RS18145	34.6	78	50	1	21	97	81	158	1.55e-10	54.3
WP_235493094.1	iEK1008.Rv3206c	40.5	84	47	3	19	99	304	387	9.40e-10	53.5
WP_235493100.1	iYL1228.KPN_04526	26.9	186	123	4	8	184	204	385	5.72e-09	55.5
WP_235493100.1	iSSON_1240.SSON_4319	24.7	186	127	4	8	184	170	351	1.37e-08	54.3
WP_235493100.1	STM_v1_0.STM4323	25.3	186	126	4	8	184	173	354	1.84e-08	53.9
WP_235493100.1	iML1515.b4136	24.7	186	127	4	8	184	170	351	3.32e-08	53.1
WP_235493100.1	iSbBS512_1146.SbBS512_E4665	24.7	186	127	4	8	184	170	351	3.32e-08	53.1
WP_235493100.1	iSDY_1059.SDY_4441	24.7	186	127	4	8	184	170	351	3.32e-08	53.1
WP_235493100.1	iSF_1195.SF4290	24.7	186	127	4	8	184	170	351	3.32e-08	53.1
WP_235493100.1	iJN1463.PP_0561	29.0	214	125	8	11	213	178	375	4.52e-08	52.8
WP_235493101.1	iJN1463.PP_1478	53.6	343	148	5	1	341	24	357	6.36e-120	350
WP_235493103.1	iEK1008.Rv0125	34.0	282	173	6	13	289	77	350	1.44e-32	122
WP_235497325.1	iYL1228.KPN_02122	28.4	514	314	13	14	487	18	517	7.93e-46	168
WP_235497325.1	iSSON_1240.SSON_0297	29.0	389	268	5	12	400	16	396	7.45e-45	165
WP_235497325.1	iML1515.b0347	28.5	389	270	5	12	400	16	396	5.06e-44	163
WP_235497329.1	iAF692.Mbar_A0818	45.5	596	312	6	2	587	235	827	1.59e-144	439
WP_235497329.1	iYS854.USA300HOU_RS00390	42.0	598	332	6	1	587	92	685	1.85e-134	408
WP_235497330.1	iEK1008.Rv1843c	67.9	321	94	3	1	320	167	479	6.44e-138	399
WP_235497331.1	iEK1008.Rv1843c	58.7	143	59	0	1	143	2	144	1.13e-50	167
WP_235497336.1	iCHOv1.100751269	41.7	84	47	1	62	145	41	122	1.40e-13	67.4
WP_235497336.1	iCHOv1.100755851	39.3	84	49	1	62	145	38	119	1.49e-12	64.3
WP_235497336.1	iCHOv1.100765891	43.4	76	42	1	66	141	34	108	3.99e-12	63.2
WP_235497336.1	iCHOv1.100759241	38.6	88	51	2	66	153	52	136	6.00e-12	62.4
WP_235497336.1	iMM1415.13077	38.1	84	50	1	62	145	38	119	1.01e-11	62.0
WP_235497336.1	iMM1415.13076	38.1	84	50	1	62	145	41	122	1.38e-11	61.6
WP_235497340.1	iPC815.YPO2167	44.2	77	36	3	13	85	1	74	2.93e-08	48.9
WP_235497342.1	iJN1463.PP_3745	31.1	469	266	10	45	505	50	469	3.47e-47	176
WP_235497342.1	iML1515.b2979	29.9	468	273	9	45	505	50	469	1.59e-43	165
WP_235497342.1	iJN1463.PP_4737	25.8	939	560	34	31	915	22	877	1.50e-41	164
WP_235497343.1	iAF987.Gmet_0043	32.9	70	43	1	21	86	197	266	8.18e-07	44.7
WP_235497345.1	iYL1228.KPN_01926	39.7	239	128	2	19	242	8	245	2.98e-45	153
WP_235497345.1	iML1515.b1442	39.4	249	125	4	12	242	9	249	1.01e-43	149
WP_235497348.1	iEK1008.Rv3158	50.6	470	198	6	16	466	5	459	9.04e-133	393
WP_235497349.1	iEK1008.Rv3157	56.7	263	114	0	1	263	271	533	2.19e-101	306
WP_235497351.1	iYL1228.KPN_00314	39.2	186	107	3	10	194	98	278	4.45e-39	135
WP_235497351.1	iML1515.b0368	38.7	186	108	3	10	194	98	278	6.85e-38	132
WP_235497351.1	iSSON_1240.SSON_0346	38.7	186	108	3	10	194	98	278	1.36e-37	131
WP_235497351.1	iSF_1195.SF0250	38.7	186	108	3	10	194	98	278	1.91e-37	131
WP_235497351.1	iSDY_1059.SDY_0502	38.2	186	109	3	10	194	98	278	2.69e-37	130
WP_235497351.1	iJN1463.PP_0230	39.9	188	103	4	10	194	96	276	1.40e-35	126
WP_235497351.1	iCN718.ABAYE_RS11215	38.2	186	109	3	10	194	100	280	2.17e-34	123
WP_235497354.1	iEK1008.Rv0808	62.8	223	69	4	1	217	45	259	1.08e-86	265
WP_235497356.1	iSF_1195.SF0727	32.7	107	70	1	7	113	33	137	1.23e-08	52.4
WP_235497356.1	iSbBS512_1146.SbBS512_E2575	34.0	94	60	1	20	113	46	137	2.29e-08	51.6
WP_235497356.1	iSSON_1240.SSON_0756	34.0	94	60	1	20	113	46	137	2.29e-08	51.6
WP_235497357.1	iYO844.BSU38260	43.4	364	183	9	48	408	59	402	8.63e-88	272
WP_235497357.1	iYS854.USA300HOU_RS01825	41.8	419	214	10	8	420	14	408	3.93e-87	270
WP_235497358.1	iCN718.ABAYE_RS12290	48.0	123	63	1	62	183	78	200	2.85e-31	118
WP_235497359.1	iYS854.USA300HOU_RS02330	41.2	148	87	0	10	157	10	157	9.19e-32	112
WP_235497362.1	iEK1008.Rv3490	64.2	212	68	1	5	208	20	231	5.76e-98	293
WP_235497363.1	iML1515.b4120	29.1	79	51	1	30	103	27	105	1.17e-05	42.4
WP_235497363.1	iSF_1195.SF4103	29.1	79	51	1	30	103	23	101	1.17e-05	42.4
WP_235497363.1	iML1515.b3876	27.1	96	68	1	9	102	14	109	1.59e-05	42.0
WP_235497363.1	STM_v1_0.STM0042	35.2	91	59	0	11	101	21	111	2.17e-05	41.6
WP_235497363.1	STM_v1_0.STM4299	27.1	70	51	0	30	99	27	96	5.52e-05	40.4
WP_235497368.1	iCN900.CD630_25770	37.1	170	102	2	22	191	81	245	1.92e-35	124
WP_235497368.1	iLJ478.TM1724	43.2	169	91	2	23	191	83	246	8.54e-34	120
WP_235497369.1	iML1515.b3751	24.0	196	129	7	1	192	100	279	2.14e-06	47.4
WP_235497369.1	STM_v1_0.STM3884	24.0	196	129	7	1	192	100	279	5.18e-06	46.2
WP_235497369.1	iYL1228.KPN_04156	23.5	196	130	6	1	192	100	279	2.26e-05	44.3
WP_235497372.1	iYO844.BSU03070	28.9	305	215	1	32	336	20	322	1.76e-42	154
WP_235497373.1	iEK1008.Rv3708c	74.1	317	79	2	1	317	28	341	3.43e-152	430
WP_235497374.1	iCN900.CD630_10540	50.0	230	114	1	5	233	143	372	7.45e-73	226
WP_235497374.1	iAT_PLT_636.35	48.5	233	119	1	2	233	170	402	8.27e-68	214
WP_235497374.1	iYO844.BSU37170	48.1	235	121	1	2	235	141	375	4.87e-68	214
WP_235497374.1	iCHOv1.100774097	48.5	233	119	1	2	233	170	402	1.65e-67	213
WP_235497374.1	iMM1415.11409	48.1	233	120	1	2	233	170	402	2.32e-67	213
WP_235497374.1	iYO844.BSU24150	50.4	228	112	1	9	235	146	373	3.86e-67	211
WP_235497374.1	iYO844.BSU18260	47.7	237	122	1	1	235	140	376	3.52e-65	206
WP_235497374.1	iEK1008.Rv3274c	44.2	240	128	3	1	236	149	386	8.87e-65	206
WP_235497374.1	iAF987.Gmet_3307	44.9	234	129	0	2	235	140	373	1.40e-64	205
WP_235497375.1	iEK1008.Rv2500c	42.7	110	63	0	5	114	13	122	7.06e-24	93.6
WP_235497375.1	iYO844.BSU24150	34.5	110	72	0	5	114	3	112	1.14e-21	87.4
WP_235497375.1	iJN1463.PP_0158	41.2	114	67	0	1	114	15	128	1.73e-21	87.0
WP_235497377.1	iEK1008.Rv3737	35.0	371	225	6	1	359	86	452	3.32e-51	179
WP_235497378.1	iAF987.Gmet_1574	34.8	112	70	2	11	121	6	115	6.97e-15	67.8
WP_235497379.1	iLB1027_lipid.PHATRDRAFT_51830	38.5	143	68	5	2	144	50	172	3.54e-16	73.9
WP_235497379.1	iAF987.Gmet_3251	37.8	143	63	5	2	144	80	196	7.45e-15	70.1
WP_235497380.1	iAF987.Gmet_3251	38.1	323	184	7	1	315	236	550	5.17e-57	192
WP_235497380.1	iML1515.b2917	38.8	307	180	7	1	303	232	534	6.77e-51	178
WP_235497380.1	iSSON_1240.SSON_3068	38.8	307	180	7	1	303	232	534	6.77e-51	178
WP_235497380.1	iSF_1195.SF2902	38.4	307	181	7	1	303	232	534	6.48e-50	176
WP_235497383.1	iJN1463.PP_3553	34.4	407	238	11	10	401	23	415	3.78e-54	187
WP_235497383.1	iJN1463.PP_2795	32.5	415	247	8	3	401	18	415	1.21e-50	178
WP_235497387.1	iSynCJ816.SGL_RS15160	35.7	474	284	8	1	467	1	460	2.05e-78	251
WP_235497387.1	iEK1008.Rv1263	39.3	466	260	11	9	468	11	459	1.72e-74	241
WP_235497388.1	iYS854.USA300HOU_RS14570	26.6	451	282	7	1	406	23	469	1.15e-29	121
WP_235497389.1	iYO844.BSU12360	24.8	250	176	3	32	271	32	279	1.51e-09	58.9
WP_235497389.1	iJN1463.PP_1710	29.9	134	94	0	3	136	25	158	1.16e-08	56.2
WP_235497392.1	iEK1008.Rv0321	73.9	134	35	0	1	134	53	186	9.28e-67	200
WP_235497394.1	iJN1463.PP_1924	27.4	146	102	2	18	159	17	162	1.33e-08	51.6
WP_235497394.1	iML1515.b1448	27.9	122	83	1	44	165	43	159	2.95e-08	50.4
WP_235497394.1	iJN1463.PP_4846	25.8	155	102	3	17	165	14	161	5.24e-07	47.0
WP_235497398.1	iCHOv1.100759583	37.1	116	73	0	11	126	37	152	3.16e-21	86.3
WP_235497398.1	iCHOv1.100759877	37.1	116	73	0	11	126	36	151	2.29e-20	84.0
WP_235497398.1	iMM1415.77974	36.2	116	74	0	11	126	37	152	2.29e-20	84.0
WP_235497398.1	iMM1415.17252	37.9	116	72	0	11	126	36	151	4.41e-20	83.2
WP_235497398.1	iMM1415.105014	40.3	124	64	1	13	126	44	167	1.01e-19	82.4
WP_235497398.1	iCHOv1.100757118	40.3	124	64	1	13	126	44	167	7.15e-19	80.1
WP_235497399.1	iEK1008.Rv0972c	63.0	276	101	1	1	276	114	388	3.80e-116	338
WP_235497400.1	iJN1463.PP_4067	43.4	539	268	13	1	524	104	620	1.68e-102	322
WP_235497400.1	iAF987.Gmet_3292	42.1	549	279	13	1	524	100	634	1.56e-100	318
WP_235497400.1	iCN718.ABAYE_RS02960	39.1	539	290	11	1	524	101	616	2.42e-91	293
WP_235497400.1	iAT_PLT_636.56922	36.1	551	314	11	1	524	147	686	1.10e-89	291
WP_235497400.1	iEK1008.Rv3285	37.2	546	237	12	1	524	110	571	8.37e-91	290
WP_235497401.1	iJN1463.PP_4065	50.8	388	186	3	1	385	150	535	9.65e-127	375
WP_235497401.1	iMM1415.78038	47.9	388	197	3	1	385	178	563	2.37e-117	352
WP_235497401.1	iCHOv1.100756739	47.9	388	197	3	1	385	178	563	4.74e-117	351
WP_235497401.1	iAF987.Gmet_3290	47.2	388	200	3	1	385	150	535	9.39e-116	347
WP_235497401.1	iAT_PLT_636.64087	46.4	388	203	3	1	385	178	563	3.00e-115	346
WP_235497402.1	iEK1008.Rv3341	56.8	340	138	3	1	332	25	363	3.96e-128	371
WP_235497403.1	iEK1008.Rv0070c	73.1	264	70	1	1	263	71	334	6.10e-135	387
WP_235497403.1	iEK1008.Rv1093	70.1	264	77	2	1	263	68	330	8.46e-123	356
WP_235497404.1	iEK1008.Rv0386	33.3	57	38	0	40	96	1027	1083	8.91e-06	42.4
WP_235497405.1	iML1515.b1487	29.1	230	140	7	35	252	32	250	1.50e-17	81.6
WP_235497405.1	iSbBS512_1146.SbBS512_E1750	28.7	230	141	7	35	252	32	250	1.67e-16	78.6
WP_235497405.1	iSSON_1240.SSON_1637	28.7	230	141	7	35	252	32	250	2.25e-16	78.2
WP_235497406.1	iJN1463.PP_0881	52.4	63	30	0	2	64	271	333	6.43e-14	63.5
WP_235497406.1	iML1515.b3543	47.6	63	33	0	2	64	274	336	3.18e-13	61.6
WP_235497406.1	iYL1228.KPN_03898	47.6	63	33	0	2	64	274	336	3.18e-13	61.6
WP_235497406.1	STM_v1_0.STM3629	47.6	63	33	0	2	64	274	336	3.18e-13	61.6
WP_235497406.1	iSDY_1059.SDY_4566	47.6	63	33	0	2	64	274	336	3.18e-13	61.6
WP_235497406.1	iSF_1195.SF3578	47.6	63	33	0	2	64	274	336	3.18e-13	61.6
WP_235497406.1	iSSON_1240.SSON_3847	47.6	63	33	0	2	64	274	336	3.18e-13	61.6
WP_235497407.1	iJN1463.PP_0026	42.1	171	99	0	2	172	120	290	3.05e-36	127
WP_235497408.1	STM_v1_0.STM0758	49.1	57	29	0	21	77	20	76	4.39e-07	45.1
WP_235497408.1	iML1515.b0752	49.1	57	29	0	21	77	20	76	3.95e-06	42.4
WP_235497408.1	iSbBS512_1146.SbBS512_E0672	49.1	57	29	0	21	77	20	76	3.95e-06	42.4
WP_235497408.1	iSDY_1059.SDY_0696	49.1	57	29	0	21	77	20	76	3.95e-06	42.4
WP_235497408.1	iSF_1195.SF0552	49.1	57	29	0	21	77	20	76	3.95e-06	42.4
WP_235497408.1	iSSON_1240.SSON_0704	49.1	57	29	0	21	77	20	76	3.95e-06	42.4
WP_235497408.1	iYL1228.KPN_00756	47.3	55	29	0	21	75	20	74	5.40e-06	42.0
WP_235497413.1	iEK1008.Rv3148	65.5	412	139	1	4	415	32	440	3.56e-202	564
WP_235497414.1	iYO844.BSU30830	31.8	403	240	8	29	399	67	466	3.93e-52	180
WP_235497414.1	iEK1008.Rv3215	37.3	359	189	8	57	399	30	368	3.83e-49	170
WP_235497418.1	iEK1008.Rv0486	58.0	407	161	3	1	405	49	447	1.63e-154	445
WP_235497419.1	iSynCJ816.SGL_RS10930	41.9	86	41	2	7	90	10	88	3.08e-11	57.4
WP_235497419.1	iEK1008.Rv0684	39.5	86	43	2	7	90	13	91	2.00e-10	55.1
WP_235497419.1	iSynCJ816.SGL_RS17200	38.8	85	43	2	8	90	9	86	5.11e-10	53.9
WP_235497420.1	iJN1463.PP_3071	42.7	457	252	5	9	458	3	456	1.16e-112	345
WP_235497421.1	iJN1463.PP_3970	41.8	373	189	9	1	361	32	388	5.15e-81	252
WP_235497421.1	iYO844.BSU26970	39.6	366	197	9	1	361	32	378	6.56e-73	231
WP_235497422.1	iCHOv1.100759583	41.4	198	112	3	1	197	44	238	1.30e-34	124
WP_235497422.1	iMM1415.77974	41.1	197	112	3	1	196	44	237	5.05e-34	122
WP_235497422.1	iCHOv1.100757118	37.9	219	115	6	1	201	49	264	1.48e-32	119
WP_235497422.1	iMM1415.105014	37.9	219	115	6	1	201	49	264	3.05e-31	115
WP_235497422.1	iCHOv1.100759877	39.4	198	116	3	1	197	43	237	4.31e-31	115
WP_235497422.1	iMM1415.17252	39.1	197	116	3	1	196	43	236	4.31e-31	115
WP_235497422.1	iCHOv1.100759393	44.3	167	88	4	32	196	3	166	1.12e-30	112
WP_235497423.1	iEK1008.Rv3561	49.3	67	34	0	1	67	438	504	8.74e-16	69.7
WP_235497425.1	iAF987.Gmet_0069	35.2	88	55	2	21	107	33	119	2.11e-04	40.0
WP_235497427.1	iAF987.Gmet_0685	37.9	280	138	5	6	285	217	460	1.53e-54	186
WP_235497427.1	iAF987.Gmet_2255	43.1	225	110	3	61	285	253	459	2.79e-52	180
WP_235497427.1	iAF987.Gmet_2065	43.0	228	107	4	61	285	256	463	1.46e-50	176
WP_235497427.1	iAF987.Gmet_2267	34.8	282	152	6	6	285	245	496	9.77e-48	168
WP_235497428.1	iSynCJ816.SGL_RS11365	33.0	112	71	3	1	109	17	127	6.64e-11	55.1
WP_235497430.1	iLB1027_lipid.PHATRDRAFT_17238	27.3	447	256	19	3	426	442	842	4.49e-19	89.7
WP_235497430.1	iEK1008.Rv0013	34.4	192	108	6	243	424	2	185	1.91e-17	80.9
WP_235497431.1	iAT_PLT_636.5095	64.2	53	18	1	5	57	66	117	7.22e-14	63.2
WP_235497431.1	iCN718.ABAYE_RS11585	62.5	56	20	1	1	56	1	55	9.86e-14	62.8
WP_235497431.1	iCHOv1.100765530	62.3	53	19	1	5	57	61	112	9.87e-14	62.8
WP_235497431.1	iMM1415.110821	60.4	53	20	1	5	57	62	113	2.52e-13	61.6
WP_235497431.1	iAF692.Mbar_A1587	57.9	57	23	1	1	57	1	56	1.20e-12	59.7
WP_235497431.1	iJN1463.PP_5347	53.6	56	25	1	1	56	1	55	5.71e-12	57.8
WP_235497431.1	iAF987.Gmet_3292	60.8	51	20	0	1	51	1	51	7.86e-12	57.4
WP_235497432.1	iEK1008.Rv3340	85.7	35	5	0	5	39	16	50	2.66e-15	66.2
WP_235497432.1	iHN637.CLJU_RS03265	78.8	33	7	0	7	39	9	41	1.55e-13	61.2
WP_235497434.1	iAF987.Gmet_2071	31.6	174	117	1	22	195	88	259	6.54e-24	94.7
WP_235497434.1	iEK1008.Rv1070c	35.8	165	96	3	26	185	89	248	2.46e-22	90.5
WP_235497434.1	iCN900.CD630_10570	32.9	149	100	0	37	185	108	256	3.95e-22	90.1
WP_235497434.1	iLB1027_lipid.PHATRDRAFT_55192	34.0	153	101	0	33	185	108	260	4.22e-22	90.1
WP_235497434.1	iML1515.b1393	31.8	170	116	0	16	185	77	246	1.81e-20	85.5
WP_235497434.1	iAF987.Gmet_1716	33.9	168	107	3	30	196	96	260	1.97e-20	85.5
WP_235497435.1	STM_v1_0.STM3629	34.9	192	119	3	1	189	62	250	1.16e-29	111
WP_235497435.1	iYL1228.KPN_03898	35.9	192	111	3	4	189	65	250	2.26e-29	110
WP_235497435.1	iML1515.b3543	33.9	192	121	3	1	189	62	250	8.58e-29	108
WP_235497435.1	iSDY_1059.SDY_4566	33.9	192	121	3	1	189	62	250	8.58e-29	108
WP_235497435.1	iSF_1195.SF3578	33.9	192	121	3	1	189	62	250	8.58e-29	108
WP_235497435.1	iSSON_1240.SSON_3847	33.9	192	121	3	1	189	62	250	8.58e-29	108
WP_235497435.1	iPC815.YPO4002	34.9	189	117	3	4	189	65	250	5.76e-29	108
WP_235497435.1	iJN1463.PP_0881	34.4	189	117	3	3	189	64	247	1.68e-26	102
WP_235497436.1	iYO844.BSU12950	49.4	259	116	2	217	474	4	248	2.86e-74	236
WP_235497436.1	iEK1008.Rv1281c	53.3	255	103	3	217	470	4	243	1.22e-70	235
WP_235497436.1	iLJ478.TM1064	49.6	258	120	1	217	474	4	251	5.71e-73	233
WP_235497436.1	STM_v1_0.STM3627	47.5	259	122	1	216	474	2	246	8.33e-71	227
WP_235497436.1	iYS854.USA300HOU_RS04900	47.5	259	121	2	217	474	5	249	3.07e-70	227
WP_235497436.1	iSSON_1240.SSON_3849	46.7	259	124	1	216	474	2	246	2.54e-69	223
WP_235497436.1	iML1515.b3541	46.7	259	124	1	216	474	2	246	9.97e-69	222
WP_235497436.1	iSF_1195.SF3576	46.7	259	124	1	216	474	2	246	9.97e-69	222
WP_235497436.1	iYL1228.KPN_03896	46.3	259	125	1	216	474	2	246	1.40e-68	221
WP_235497436.1	iSDY_1059.SDY_4564	45.9	259	126	1	216	474	2	246	7.73e-68	219
WP_235497436.1	iPC815.YPO4000	45.6	259	127	1	216	474	2	246	1.06e-67	219
WP_235497436.1	STM_v1_0.STM0848	48.6	257	124	2	217	473	12	260	4.90e-64	218
WP_235497436.1	iSbBS512_1146.SbBS512_E2519	47.3	258	128	2	217	474	12	261	1.84e-63	216
WP_235497436.1	iLJ478.TM0058	49.0	259	120	2	217	473	4	252	1.87e-66	216
WP_235497436.1	iSDY_1059.SDY_0758	46.9	258	129	2	217	474	1	250	2.92e-63	215
WP_235497436.1	iML1515.b0829	46.9	258	129	2	217	474	12	261	4.98e-63	215
WP_235497436.1	iSSON_1240.SSON_0811	46.9	258	129	2	217	474	1	250	4.07e-63	215
WP_235497437.1	iML1515.b0829	52.2	224	107	0	1	224	356	579	1.79e-66	215
WP_235497437.1	iSbBS512_1146.SbBS512_E2519	52.2	224	107	0	1	224	356	579	1.79e-66	215
WP_235497437.1	iSSON_1240.SSON_0811	52.2	224	107	0	1	224	345	568	1.46e-66	215
WP_235497437.1	iSDY_1059.SDY_0758	52.2	224	107	0	1	224	345	568	2.05e-66	215
WP_235497437.1	iSF_1195.SF0779	51.8	224	108	0	1	224	345	568	8.37e-65	211
WP_235497437.1	iYL1228.KPN_00862	50.0	224	112	0	1	224	353	576	1.33e-64	210
WP_235497437.1	STM_v1_0.STM0848	52.0	225	106	2	1	224	356	579	1.50e-63	207
WP_235497437.1	iJN1463.PP_0878	49.3	225	112	1	1	223	46	270	1.18e-65	205
WP_235497439.1	iCN718.ABAYE_RS08240	64.5	31	11	0	1	31	226	256	9.80e-07	42.0
WP_235497439.1	iIS312.TCDM_05799	60.0	30	12	0	1	30	331	360	2.54e-06	40.8
WP_235497439.1	iML1515.b0175	58.8	34	14	0	1	34	240	273	8.91e-06	39.3
WP_235497439.1	iYL1228.KPN_00188	58.8	34	14	0	1	34	215	248	8.87e-06	39.3
WP_235497439.1	STM_v1_0.STM0222	58.8	34	14	0	1	34	240	273	8.91e-06	39.3
WP_235497439.1	iSbBS512_1146.SbBS512_E0168	58.8	34	14	0	1	34	240	273	8.91e-06	39.3
WP_235497439.1	iSDY_1059.SDY_0191	58.8	34	14	0	1	34	204	237	8.82e-06	39.3
WP_235497439.1	iSF_1195.SF0165	58.8	34	14	0	1	34	204	237	8.82e-06	39.3
WP_235497439.1	iSSON_1240.SSON_0187	58.8	34	14	0	1	34	204	237	8.82e-06	39.3
WP_235497439.1	iPC815.YPO1050	58.8	34	14	0	1	34	240	273	8.91e-06	39.3
WP_235497440.1	iEK1008.Rv1122	53.3	60	28	0	2	61	76	135	3.63e-17	72.4
WP_235497440.1	iJN1463.PP_4043	49.2	59	30	0	3	61	76	134	3.09e-15	67.0
WP_235497444.1	iML1515.b1985	26.3	312	192	9	5	291	178	476	3.61e-07	50.8
WP_235497446.1	iSynCJ816.SGL_RS07090	33.3	469	289	10	46	490	44	512	2.35e-58	201
WP_235497446.1	iYO844.BSU03600	48.1	216	111	1	283	497	17	232	9.25e-55	183
WP_235497448.1	iYO844.BSU03070	27.3	355	245	6	6	348	9	362	1.30e-35	137
WP_235497449.1	iYO844.BSU07520	28.2	287	184	9	31	316	35	300	4.71e-17	80.1
WP_235497451.1	iYS854.USA300HOU_RS12800	51.7	476	230	0	19	494	8	483	1.97e-177	507
WP_235497451.1	iJN1463.PP_1251	50.3	479	233	3	20	495	12	488	7.18e-166	479
WP_235497451.1	iJN1463.PP_0751	51.1	485	234	3	20	502	8	491	2.51e-165	477
WP_235497451.1	iJN1463.PP_2925	48.9	479	239	4	20	495	32	507	9.86e-164	474
WP_235497451.1	iSbBS512_1146.SbBS512_E0730	50.1	487	240	2	19	502	32	518	7.55e-163	472
WP_235497451.1	iSSON_1240.SSON_2268	49.9	487	241	2	19	502	32	518	2.14e-162	471
WP_235497451.1	iML1515.b2210	49.7	487	242	2	19	502	32	518	6.08e-162	470
WP_235497451.1	iSDY_1059.SDY_0866	49.7	487	242	2	19	502	32	518	1.22e-161	469
WP_235497451.1	iYS854.USA300HOU_RS14130	47.7	486	251	3	20	502	8	493	2.45e-159	461
WP_235497454.1	iEK1008.Rv0951	58.1	186	78	0	1	186	1	186	4.01e-62	196
WP_235497456.1	iJN1463.PP_0543	69.0	448	130	3	16	462	7	446	3.33e-213	596
WP_235497456.1	iCN718.ABAYE_RS07675	64.1	435	146	3	22	455	12	437	1.55e-191	541
WP_235497459.1	iML1515.b0616	34.9	218	136	3	1	213	20	236	9.41e-29	108
WP_235497459.1	iSbBS512_1146.SbBS512_E0530	34.9	218	136	3	1	213	20	236	9.41e-29	108
WP_235497459.1	iSF_1195.SF0533	34.9	218	136	3	1	213	20	236	9.41e-29	108
WP_235497459.1	iSSON_1240.SSON_0568	34.9	218	136	3	1	213	25	241	1.03e-28	108
WP_235497459.1	iHN637.CLJU_RS15035	34.8	221	132	4	1	213	11	227	3.47e-28	107
WP_235497459.1	STM_v1_0.STM0622	34.4	218	137	3	1	213	20	236	3.59e-28	107
WP_235497459.1	iHN637.CLJU_RS12480	34.8	221	132	4	1	213	11	227	4.85e-28	107
WP_235497460.1	iEK1008.Rv1330c	61.0	420	148	5	1	411	31	443	4.98e-148	427
WP_235497461.1	iEK1008.Rv1017c	67.3	208	68	0	1	208	13	220	3.31e-99	290
WP_235497462.1	iAM_Pv461.PVX_085660	27.7	184	125	3	20	202	82	258	5.96e-17	79.7
WP_235497465.1	iEK1008.Rv0255c	67.9	418	126	3	1	415	81	493	3.17e-190	536
WP_235497466.1	iJN1463.PP_2417	47.9	328	169	1	35	360	11	338	1.94e-85	261
WP_235497478.1	iEK1008.Rv2207	52.4	336	158	1	20	355	7	340	1.46e-95	288
WP_235497479.1	iEK1008.Rv2062c	54.2	384	170	4	4	387	6	383	1.72e-125	389
WP_235497482.1	iEK1008.Rv2062c	69.3	783	230	4	5	778	412	1193	0.0	1115
WP_235497491.1	iHN637.CLJU_RS10530	24.6	386	265	4	16	386	21	395	7.55e-26	108
WP_235497491.1	iHN637.CLJU_RS02325	23.6	390	270	5	16	389	21	398	1.03e-25	107
WP_235497491.1	iHN637.CLJU_RS02330	25.0	364	245	5	12	359	17	368	2.62e-25	106
WP_235497493.1	iEK1008.Rv1257c	47.2	352	180	4	11	358	6	355	1.17e-82	258
WP_235497501.1	iPC815.YPO2253	54.4	423	192	1	1	422	76	498	8.14e-165	472
WP_235497501.1	iYL1228.KPN_00061	53.2	421	196	1	1	420	76	496	1.75e-161	464
WP_235497501.1	iSSON_1240.SSON_0068	53.2	421	196	1	1	420	76	496	2.48e-161	463
WP_235497501.1	iYO844.BSU28800	52.6	422	198	1	1	422	75	494	3.07e-161	463
WP_235497501.1	STM_v1_0.STM0102	53.0	421	197	1	1	420	76	496	4.98e-161	462
WP_235497501.1	iML1515.b0062	53.0	421	197	1	1	420	76	496	7.05e-161	462
WP_235497501.1	iSDY_1059.SDY_0089	53.0	421	197	1	1	420	76	496	1.42e-160	461
WP_235497501.1	iSbBS512_1146.SbBS512_E0054	53.0	421	197	1	1	420	76	496	8.09e-160	459
WP_235497501.1	iLJ478.TM0276	52.2	425	193	2	1	422	76	493	9.93e-155	446
WP_235497504.1	iLJ478.TM0283	38.1	139	84	1	1	139	117	253	1.66e-30	109
WP_235497504.1	iCN900.CD630_00450	37.0	135	83	1	5	139	82	214	1.21e-28	103
WP_235497512.1	iAM_Pc455.PCYB_113330	29.7	138	96	1	407	543	1216	1353	4.45e-11	65.9
WP_235497516.1	STM_v1_0.STM0426	30.5	190	125	3	35	217	76	265	3.90e-13	66.2
WP_235497516.1	iJN1463.PP_3816	25.8	209	150	2	8	213	58	264	7.62e-13	65.5
WP_235497519.1	iEK1008.Rv0211	44.6	213	112	3	8	218	368	576	4.84e-57	191
WP_235497521.1	iCN718.ABAYE_RS04630	38.9	337	177	10	13	326	1	331	4.67e-63	210
WP_235497521.1	iAF987.Gmet_2638	45.5	264	135	6	71	328	70	330	1.11e-60	204
WP_235497521.1	iEK1008.Rv0211	37.7	334	190	8	8	329	9	336	1.43e-56	192
WP_235497526.1	iLB1027_lipid.PHATRDRAFT_29488	43.5	85	43	1	1	80	378	462	1.08e-16	73.2
WP_235497526.1	iMM1415.76267	40.7	81	48	0	1	81	357	437	1.15e-14	67.4
WP_235497528.1	iEK1008.Rv3400	52.0	127	58	1	2	125	136	262	5.11e-29	105
WP_235497531.1	iEK1008.Rv1564c	67.2	500	154	3	1	495	225	719	2.34e-249	698
WP_235497533.1	iEK1008.Rv1327c	57.2	435	162	3	4	416	17	449	8.64e-163	474
WP_235497536.1	iEK1008.Rv1326c	70.8	397	116	0	10	406	108	504	1.92e-215	608
WP_235497544.1	iAF987.Gmet_3293	50.0	298	142	2	24	318	3	296	1.95e-96	287
WP_235497544.1	iMM1415.15356	47.3	294	154	1	24	317	29	321	9.42e-88	265
WP_235497544.1	iMM1415.208982	45.1	295	161	1	23	317	43	336	4.68e-87	264
WP_235497544.1	iCHOv1.100763147	45.1	295	161	1	23	317	43	336	1.88e-86	263
WP_235497544.1	iJN1463.PP_3540	47.6	296	154	1	24	319	3	297	5.37e-86	260
WP_235497547.1	iAF987.Gmet_3290	68.2	534	149	4	9	541	22	535	3.55e-258	715
WP_235497547.1	iJN1463.PP_4065	66.0	536	161	3	7	541	20	535	4.40e-247	687
WP_235497547.1	iMM1415.78038	63.5	534	175	5	9	541	49	563	1.19e-234	657
WP_235497547.1	iCHOv1.100756739	63.1	534	177	5	9	541	49	563	1.38e-233	654
WP_235497552.1	iEK1008.Rv2173	42.2	322	171	4	247	556	34	352	1.64e-60	203
WP_235497552.1	iYL1228.KPN_03317	50.9	169	83	0	16	184	6	174	3.13e-55	184
WP_235497553.1	iYS854.USA300HOU_RS13900	28.1	327	211	7	4	319	3	316	1.16e-36	137
WP_235497555.1	iYS854.USA300HOU_RS13900	33.9	127	76	3	1	119	368	494	1.00e-13	65.9
WP_235497558.1	iMM1415.13079	29.8	141	81	5	148	276	338	472	1.67e-04	42.7
WP_235497563.1	iSynCJ816.SGL_RS11330	37.5	80	39	2	32	111	3	71	1.57e-06	47.0
WP_235497563.1	iCHOv1.100753207	48.3	58	30	0	11	68	34	91	1.31e-05	44.3
WP_235497563.1	iSynCJ816.SGL_RS08440	35.8	81	41	2	32	112	3	72	1.28e-05	44.3
WP_235497563.1	iLB1027_lipid.PHATRDRAFT_55102	42.9	70	29	2	32	101	74	132	1.82e-05	43.9
WP_235497563.1	iLB1027_lipid.PHATRDRAFT_45243	44.9	49	27	0	23	71	51	99	6.02e-05	42.4
WP_235497566.1	iEK1008.Rv2938	34.7	72	45	2	48	118	204	274	5.69e-05	40.4
WP_235497571.1	iYS854.USA300HOU_RS03775	28.6	290	195	4	6	294	2	280	1.07e-28	112
WP_235497571.1	iYO844.BSU14390	30.0	290	191	5	6	294	2	280	1.01e-27	109
WP_235497571.1	iJN1463.PP_0794	32.7	281	180	4	12	291	10	282	6.41e-27	107
WP_235497573.1	iML1515.b0590	56.0	75	32	1	4	78	257	330	2.29e-20	82.0
WP_235497573.1	STM_v1_0.STM0592	56.0	75	32	1	4	78	257	330	2.31e-20	82.0
WP_235497573.1	iSbBS512_1146.SbBS512_E0492	56.0	75	32	1	4	78	257	330	2.29e-20	82.0
WP_235497573.1	iSDY_1059.SDY_0521	56.0	75	32	1	4	78	257	330	2.29e-20	82.0
WP_235497573.1	iSF_1195.SF0504	56.0	75	32	1	4	78	261	334	2.37e-20	82.0
WP_235497573.1	iSSON_1240.SSON_0541	56.0	75	32	1	4	78	257	330	2.29e-20	82.0
WP_235497573.1	iYL1228.KPN_00608	59.7	72	28	1	4	75	257	327	8.54e-20	80.5
WP_235497573.1	iSynCJ816.SGL_RS01930	55.6	72	32	0	4	75	268	339	1.75e-19	79.7
WP_235497573.1	iYO844.BSU08450	43.1	72	41	0	4	75	257	328	4.21e-18	75.9
WP_235497575.1	iSynCJ816.SGL_RS01930	42.8	215	118	3	34	247	32	242	1.85e-46	157
WP_235497575.1	iYL1228.KPN_00608	45.1	215	115	3	34	247	19	231	2.15e-46	157
WP_235497575.1	iSSON_1240.SSON_0541	43.7	215	118	3	34	247	19	231	1.77e-44	152
WP_235497575.1	iYO844.BSU08450	39.7	214	128	1	34	247	19	231	3.42e-44	151
WP_235497575.1	iML1515.b0590	43.7	215	118	3	34	247	19	231	4.93e-44	150
WP_235497575.1	iSbBS512_1146.SbBS512_E0492	43.7	215	118	3	34	247	19	231	4.93e-44	150
WP_235497575.1	iSF_1195.SF0504	43.7	215	118	3	34	247	23	235	5.40e-44	150
WP_235497575.1	iSDY_1059.SDY_0521	43.7	215	118	3	34	247	19	231	6.93e-44	150
WP_235497575.1	STM_v1_0.STM0592	43.7	215	118	3	34	247	19	231	9.97e-44	150
WP_235497577.1	iEK1008.Rv2724c	62.8	325	121	0	2	326	8	332	1.53e-150	427
WP_235497580.1	iML1515.b3751	28.3	230	149	6	70	292	27	247	2.20e-10	60.5
WP_235497580.1	iYL1228.KPN_04156	27.8	230	150	6	70	292	27	247	2.95e-10	60.1
WP_235497580.1	iYO844.BSU35960	25.2	206	143	5	86	285	49	249	1.01e-09	58.5
WP_235497580.1	STM_v1_0.STM3884	27.4	230	151	6	70	292	27	247	9.59e-10	58.5
WP_235497582.1	iEK1008.Rv2038c	45.6	79	36	2	3	77	273	348	3.27e-14	65.5
WP_235497584.1	iJN1463.PP_2008	52.4	330	135	5	2	325	380	693	1.46e-98	305
WP_235497586.1	iCN718.ABAYE_RS02190	52.8	299	141	0	1	299	111	409	8.73e-101	301
WP_235497586.1	iSDY_1059.SDY_3169	51.2	301	144	2	1	299	110	409	1.82e-97	292
WP_235497586.1	iML1515.b2913	51.2	301	144	2	1	299	110	409	7.30e-97	291
WP_235497586.1	iSF_1195.SF2898	51.2	301	144	2	1	299	110	409	7.30e-97	291
WP_235497586.1	iSSON_1240.SSON_3065	51.2	301	144	2	1	299	110	409	7.30e-97	291
WP_235497586.1	iSbBS512_1146.SbBS512_E3333	51.2	301	144	2	1	299	110	409	4.14e-96	289
WP_235497586.1	iYL1228.KPN_03348	50.5	301	146	2	1	299	110	409	3.32e-95	286
WP_235497586.1	STM_v1_0.STM3062	50.5	301	146	3	1	299	110	409	7.55e-94	283
WP_235497586.1	iPC815.YPO0914	49.8	305	145	4	1	299	110	412	3.31e-93	281
WP_235497586.1	iJN1463.PP_5155	49.7	300	149	2	1	299	110	408	2.14e-90	274
WP_235497588.1	iEK1008.Rv0092	54.9	472	203	2	2	463	269	740	7.98e-148	439
WP_235497588.1	iEK1008.Rv0103c	53.0	481	210	4	2	466	272	752	1.07e-139	418
WP_235497592.1	iMM1415.18670	57.7	156	66	0	2	157	469	624	4.09e-54	184
WP_235497592.1	iCHOv1.100682535	55.8	156	69	0	2	157	472	627	6.63e-53	180
WP_235497592.1	iAF987.Gmet_2349	55.9	161	71	0	2	162	410	570	2.68e-50	169
WP_235497592.1	STM_v1_0.STM0984	54.9	162	72	1	2	162	419	580	2.28e-49	167
WP_235497594.1	iSSON_1240.SSON_2805	56.8	125	54	0	1	125	357	481	2.55e-43	147
WP_235497594.1	iML1515.b2661	56.8	125	54	0	1	125	357	481	3.56e-43	147
WP_235497594.1	STM_v1_0.STM2791	57.6	125	53	0	1	125	357	481	3.56e-43	147
WP_235497594.1	iJN1463.PP_0213	55.7	122	52	1	1	122	357	476	2.66e-41	142
WP_235497594.1	iCN718.ABAYE_RS01570	60.7	122	48	0	1	122	355	476	5.33e-41	141
WP_235497594.1	iYO844.BSU03910	60.3	116	46	0	10	125	346	461	7.83e-41	140
WP_235497594.1	iYL1228.KPN_00256	58.1	117	49	0	9	125	365	481	2.81e-40	139
WP_235497594.1	iAF987.Gmet_3395	53.8	119	55	0	9	127	366	484	1.52e-39	137
WP_235497594.1	iCN718.ABAYE_RS11770	54.7	117	53	0	11	127	367	483	4.24e-38	133
WP_235497595.1	iPC815.YPO3807	44.7	76	35	1	22	97	240	308	3.92e-14	65.5
WP_235497595.1	iML1515.b3457	44.7	76	35	1	22	97	240	308	1.03e-13	64.3
WP_235497595.1	iYL1228.KPN_03819	44.7	76	35	1	22	97	240	308	1.03e-13	64.3
WP_235497595.1	iSbBS512_1146.SbBS512_E3865	44.7	76	35	1	22	97	240	308	1.03e-13	64.3
WP_235497595.1	iSF_1195.SF3475	44.7	76	35	1	22	97	240	308	1.03e-13	64.3
WP_235497595.1	iSSON_1240.SSON_3695	44.7	76	35	1	22	97	240	308	1.03e-13	64.3
WP_235497595.1	STM_v1_0.STM3563	43.4	76	36	1	22	97	240	308	1.42e-13	63.9
WP_235497598.1	iEK1008.Rv1326c	57.3	157	66	1	1	156	574	730	7.83e-56	186
WP_235497602.1	iML1515.b0089	28.9	228	145	6	120	343	90	304	5.43e-15	75.1
WP_235497602.1	iJN1463.PP_1336	26.3	270	176	8	80	342	29	282	5.54e-14	72.0
WP_235497604.1	iHN637.CLJU_RS02325	38.1	268	131	4	1	260	38	278	3.43e-50	171
WP_235497604.1	iCHOv1.100689176	39.6	278	139	7	2	259	46	314	1.52e-48	169
WP_235497604.1	iHN637.CLJU_RS10530	37.2	266	132	4	1	258	38	276	1.85e-49	169
WP_235497604.1	iMM1415.11987	38.4	271	144	5	2	258	46	307	3.73e-47	165
WP_235497604.1	iHN637.CLJU_RS02330	36.6	268	135	4	1	260	38	278	2.11e-47	163
WP_235497604.1	iAT_PLT_636.6541	38.3	274	147	5	2	258	46	314	3.94e-46	162
WP_235497604.1	iMM1415.11989	39.8	274	141	7	2	258	46	312	9.31e-46	161
WP_235497604.1	iMM1415.11988	36.2	279	146	5	2	258	69	337	1.13e-44	159
WP_235497604.1	iYS854.USA300HOU_RS14110	39.1	274	140	6	1	264	41	297	2.04e-45	158
WP_235497604.1	iCHOv1.100771829	37.9	280	138	5	2	258	49	315	1.81e-44	158
WP_235497604.1	iCHOv1.100772617	35.8	279	147	5	2	258	48	316	3.44e-44	157
WP_235497606.1	iMM1415.226413	34.9	436	249	11	5	426	1424	1838	1.13e-71	245
WP_235497606.1	iCHOv1.100766856	35.2	440	242	12	5	426	1419	1833	2.40e-70	241
WP_235497606.1	iNF517.LLMG_RS01005	35.1	436	254	13	4	426	51	470	4.89e-72	234
WP_235497606.1	iYS854.USA300HOU_RS11865	33.0	436	262	12	6	427	45	464	3.58e-69	226
WP_235497608.1	iJN1463.PP_0227	30.5	118	76	3	5	121	150	262	1.15e-05	42.7
WP_235497610.1	iEK1008.Rv0092	48.9	223	101	5	1	217	23	238	5.34e-50	172
WP_235497620.1	iEK1008.Rv1492	41.8	486	247	14	30	502	18	480	6.10e-77	253
WP_235497629.1	iCHOv1.100766856	37.0	476	259	13	14	461	1372	1834	1.63e-82	278
WP_235497629.1	iMM1415.226413	37.5	475	258	14	14	461	1377	1839	1.39e-81	275
WP_235497629.1	iNF517.LLMG_RS01005	36.0	481	255	11	17	461	8	471	2.65e-87	275
WP_235497632.1	iYO844.BSU03070	30.8	91	61	1	50	140	52	140	4.86e-05	45.1
WP_235497632.1	iJN1463.PP_1376	28.2	206	132	6	38	231	57	258	4.55e-05	45.1
WP_235497632.1	iYL1228.KPN_02116	31.7	120	73	3	2	116	5	120	1.73e-04	43.1
WP_235497632.1	iML1515.b0353	34.5	84	47	2	37	116	42	121	2.31e-04	42.7
WP_235497632.1	iSSON_1240.SSON_0332	34.5	84	47	2	37	116	57	136	2.36e-04	42.7
WP_235497636.1	iJN1463.PP_0336	57.6	99	42	0	1	99	115	213	1.26e-35	120
WP_235497636.1	STM_v1_0.STM4408	57.0	100	42	1	1	99	107	206	2.20e-34	117
WP_235497636.1	iPC815.YPO3525	57.0	100	42	1	1	99	107	206	3.12e-34	116
WP_235497636.1	iML1515.b4219	55.0	100	44	1	1	99	107	206	7.95e-32	110
WP_235497636.1	iSbBS512_1146.SbBS512_E4863	55.0	100	44	1	1	99	107	206	7.95e-32	110
WP_235497636.1	iSF_1195.SF4268	55.0	100	44	1	1	99	107	206	7.95e-32	110
WP_235497636.1	iSSON_1240.SSON_4404	55.0	100	44	1	1	99	107	206	7.95e-32	110
WP_235497636.1	iSDY_1059.SDY_4456	54.0	100	45	1	1	99	107	206	1.12e-31	110
WP_235497640.1	iEK1008.Rv1859	46.9	360	175	5	3	349	4	360	4.36e-86	264
WP_235497646.1	iEK1008.Rv2523c	51.5	134	56	1	43	176	3	127	1.71e-43	140
WP_235497648.1	iAF987.Gmet_3235	28.3	272	167	10	5	268	255	506	8.59e-08	53.5
WP_235497652.1	STM_v1_0.STM4433	23.3	386	206	12	5	370	3	318	1.38e-13	70.9
WP_235497652.1	iYL1228.KPN_00507	30.3	198	119	6	7	204	5	183	6.08e-12	65.9
WP_235497652.1	iAF692.Mbar_A1138	28.5	200	118	7	6	204	2	177	1.69e-11	64.3
WP_235497658.1	iEK1008.Rv2888c	46.8	449	228	7	5	448	24	466	2.79e-106	323
WP_235497665.1	iEK1008.Rv3229c	45.4	282	150	2	1	282	80	357	9.78e-87	266
WP_235497667.1	iML1515.b2430	28.5	200	125	7	28	213	49	244	5.94e-11	63.9
WP_235497667.1	iSynCJ816.SGL_RS12260	27.9	154	91	4	61	204	75	218	5.20e-10	60.8
WP_235497669.1	iSynCJ816.SGL_RS09430	37.2	446	267	8	46	485	53	491	1.25e-80	258
WP_235497669.1	iJN1463.PP_0980	43.2	375	204	6	115	487	130	497	6.02e-79	254
WP_235497671.1	iEK1008.Rv2173	43.0	335	169	9	1	318	23	352	1.97e-64	206
WP_235497673.1	iJN1463.PP_4977	41.5	275	155	2	2	274	22	292	1.50e-68	214
WP_235497673.1	iCN718.ABAYE_RS06150	40.2	271	154	4	1	269	7	271	1.06e-61	196
WP_235497675.1	iEK1008.Rv2158c	50.0	506	234	10	14	503	27	529	4.74e-136	403
WP_235497688.1	iML1515.b4219	47.7	86	38	2	7	92	6	84	4.03e-22	85.1
WP_235497688.1	iSF_1195.SF4268	47.7	86	38	2	7	92	6	84	4.03e-22	85.1
WP_235497688.1	iSSON_1240.SSON_4404	47.7	86	38	2	7	92	6	84	4.03e-22	85.1
WP_235497688.1	iSbBS512_1146.SbBS512_E4863	47.7	86	38	2	7	92	6	84	7.99e-22	84.3
WP_235497688.1	iYL1228.KPN_04615	47.7	86	38	2	7	92	26	104	3.23e-21	83.2
WP_235497688.1	iSDY_1059.SDY_4456	46.5	86	39	2	7	92	6	84	3.14e-21	82.8
WP_235497688.1	iJN1463.PP_0336	48.3	87	39	3	7	92	11	92	2.92e-20	80.5
WP_235497688.1	STM_v1_0.STM4408	45.3	86	40	2	7	92	6	84	1.88e-19	78.2
WP_235497692.1	iEK1008.Rv1030	65.5	649	210	4	1	636	56	703	2.74e-259	729
WP_235497692.1	iJN1463.PP_4160	61.2	647	232	6	1	639	46	681	1.75e-241	683
WP_235497692.1	iPC815.YPO2691	60.5	663	225	8	1	639	36	685	3.28e-240	680
WP_235497692.1	iYL1228.KPN_00716	59.8	655	232	7	1	637	36	677	6.15e-239	676
WP_235497692.1	iSSON_1240.SSON_0648	59.5	655	234	7	1	637	36	677	2.48e-238	675
WP_235497692.1	iML1515.b0697	59.8	655	232	8	1	637	36	677	2.01e-237	672
WP_235497692.1	STM_v1_0.STM0705	59.8	655	232	7	1	637	36	677	2.31e-236	670
WP_235497692.1	iSynCJ816.SGL_RS08870	58.0	653	243	9	1	637	51	688	1.85e-232	660
WP_235497692.1	iCN900.CD630_15920	57.4	653	254	7	1	639	36	678	1.78e-231	657
WP_235497694.1	iEK1008.Rv1031	51.4	185	84	4	7	186	3	186	1.38e-47	153
WP_235497698.1	iEK1008.Rv2225	61.5	244	94	0	1	244	38	281	4.27e-102	297
WP_235497700.1	iSynCJ816.SGL_RS16080	34.8	69	43	1	1	67	6	74	2.73e-06	44.7
WP_235497710.1	iSDY_1059.SDY_2742	29.7	212	131	6	41	235	181	391	1.54e-12	65.9
WP_235497710.1	iYL1228.KPN_02877	27.2	213	135	5	41	235	181	391	3.82e-12	64.7
WP_235497710.1	iML1515.b2552	29.2	212	132	6	41	235	181	391	5.16e-12	64.3
WP_235497710.1	iSbBS512_1146.SbBS512_E2917	29.2	212	132	6	41	235	181	391	5.16e-12	64.3
WP_235497710.1	iSSON_1240.SSON_2635	29.2	212	132	6	41	235	181	391	5.16e-12	64.3
WP_235497710.1	iSF_1195.SF2599	29.2	212	132	6	41	235	181	391	6.97e-12	63.9
WP_235497710.1	STM_v1_0.STM2556	31.1	212	128	6	41	235	181	391	9.42e-12	63.5
WP_235497710.1	iYS854.USA300HOU_RS01235	26.8	198	130	5	46	234	182	373	7.48e-11	60.8
WP_235497710.1	iYL1228.KPN_01870	31.1	119	79	1	18	136	109	224	9.02e-11	60.5
WP_235497715.1	iJN1463.PP_3948	24.4	669	433	21	25	648	118	758	3.03e-23	105
WP_235497717.1	iYO844.BSU32510	27.7	343	203	11	22	356	20	325	1.50e-15	76.6
WP_235497724.1	iEK1008.Rv3229c	46.8	282	146	1	1	278	80	361	1.11e-95	288
WP_235497729.1	iEK1008.Rv1248c	57.7	1137	443	14	126	1237	107	1230	0.0	1263
WP_235497731.1	iSF_1195.SF2709	26.5	200	130	5	7	192	13	209	2.70e-09	55.8
WP_235497731.1	iSbBS512_1146.SbBS512_E3194	26.5	200	130	5	7	192	13	209	3.66e-09	55.5
WP_235497731.1	iSDY_1059.SDY_2877	26.5	200	130	5	7	192	13	209	3.66e-09	55.5
WP_235497731.1	iSSON_1240.SSON_2826	26.5	200	130	5	7	192	13	209	3.66e-09	55.5
WP_235497731.1	iML1515.b2682	26.5	200	130	5	7	192	13	209	4.96e-09	55.1
WP_235497733.1	iEK1008.Rv1302	47.9	217	105	3	1	216	181	390	1.12e-52	174
WP_235497742.1	iJN1463.PP_4882	37.3	483	300	2	25	506	33	513	1.68e-73	241
WP_235497742.1	iPC815.YPO2959	39.5	428	251	1	84	511	97	516	1.31e-68	229
WP_235497744.1	iAF987.Gmet_2349	33.4	521	347	0	112	632	51	571	1.58e-84	275
WP_235497744.1	iYL1228.KPN_00941	31.8	569	365	8	75	631	23	580	5.06e-79	261
WP_235497744.1	STM_v1_0.STM0984	31.3	569	368	8	75	631	23	580	2.79e-77	256
WP_235497744.1	iML1515.b0914	31.5	569	367	8	75	631	23	580	1.06e-76	255
WP_235497744.1	iSbBS512_1146.SbBS512_E2410	31.5	569	367	8	75	631	23	580	1.06e-76	255
WP_235497744.1	iSDY_1059.SDY_2344	31.5	569	367	8	75	631	23	580	1.06e-76	255
WP_235497744.1	iSF_1195.SF0910	31.5	569	367	8	75	631	23	580	1.48e-76	254
WP_235497744.1	iSSON_1240.SSON_0916	31.5	569	367	8	75	631	23	580	1.48e-76	254
WP_235497751.1	iEK1008.Rv2786c	41.4	314	159	6	21	320	26	328	2.65e-64	206
WP_235497756.1	iYO844.BSU27440	33.5	227	147	4	47	271	39	263	3.39e-33	122
WP_235497758.1	iEK1008.Rv2320c	29.8	329	204	6	3	304	31	359	1.92e-19	89.7
WP_235497763.1	iCN718.ABAYE_RS04585	32.8	475	234	15	71	479	45	500	6.15e-69	233
WP_235497764.1	iEK1008.Rv2682c	64.2	447	158	2	3	448	1	446	8.91e-206	582
WP_235497765.1	iCN900.CD630_31950	39.8	571	310	6	41	586	245	806	3.24e-136	416
WP_235497766.1	iEK1008.Rv1456c	33.7	303	165	9	19	296	4	295	1.94e-34	127
WP_235497767.1	iYL1228.KPN_01091	32.1	212	131	5	6	204	8	219	4.80e-21	87.8
WP_235497767.1	iML1515.b0493	36.9	179	103	5	7	177	19	195	2.73e-20	86.3
WP_235497767.1	iML1515.b1093	32.3	192	122	4	6	189	8	199	3.50e-20	85.5
WP_235497767.1	iSbBS512_1146.SbBS512_E2231	32.3	192	122	4	6	189	8	199	3.50e-20	85.5
WP_235497767.1	iSF_1195.SF1097	32.3	192	122	4	6	189	8	199	3.50e-20	85.5
WP_235497767.1	iSSON_1240.SSON_1113	32.3	192	122	4	6	189	8	199	3.50e-20	85.5
WP_235497767.1	iSDY_1059.SDY_2057	32.3	192	122	4	6	189	8	199	6.77e-20	84.7
WP_235497767.1	STM_v1_0.STM1195	31.8	192	123	4	6	189	8	199	2.53e-19	83.2
WP_235497767.1	iCHOv1.100773401	37.7	183	101	6	7	176	9	191	1.62e-17	79.3
WP_235497769.1	iSynCJ816.SGL_RS09640	33.9	221	132	7	10	218	50	268	2.20e-19	84.7
WP_235497771.1	iEK1008.Rv1464	54.9	412	181	3	8	419	9	415	1.15e-155	446
WP_235497772.1	iSSON_1240.SSON_4190	61.8	1216	450	7	1	1213	23	1227	0.0	1484
WP_235497772.1	iML1515.b4019	61.8	1216	451	7	1	1213	23	1227	0.0	1483
WP_235497772.1	iJN1463.PP_2375	62.4	1218	440	9	1	1210	26	1233	0.0	1476
WP_235497772.1	iSF_1195.SF4085	61.4	1216	455	7	1	1213	23	1227	0.0	1476
WP_235497772.1	iSDY_1059.SDY_4322	61.5	1213	453	7	1	1210	23	1224	0.0	1475
WP_235497772.1	iYL1228.KPN_04399	61.3	1216	456	7	1	1213	23	1227	0.0	1467
WP_235497772.1	iPC815.YPO3722	60.9	1216	461	8	1	1213	28	1231	0.0	1451
WP_235497772.1	iCN718.ABAYE_RS14075	59.8	1216	467	13	1	1208	22	1223	0.0	1403
WP_235497776.1	iEK1008.Rv2552c	39.1	256	132	7	1	244	10	253	3.19e-33	121
WP_235497780.1	iEK1008.Rv1689	59.7	419	164	4	6	419	3	421	1.49e-165	471
WP_235497782.1	iEK1008.Rv2606c	84.8	282	43	0	1	282	18	299	2.23e-167	465
