WP_012368955.1	iYO844.BSU00510	73.8	313	80	1	6	318	7	317	1.12e-162	455
WP_012368955.1	iYS854.USA300HOU_RS02560	71.0	310	89	1	9	317	11	320	2.85e-152	429
WP_012370658.1	iYO844.BSU22550	82.1	224	39	1	1	223	1	224	1.29e-133	374
WP_012371023.1	iYO844.BSU13900	66.3	86	29	0	2	87	3	88	1.06e-35	115
WP_012371023.1	iYS854.USA300HOU_RS05395	61.6	86	33	0	2	87	3	88	2.05e-33	110
WP_012371023.1	iNF517.LLMG_RS00670	60.0	85	34	0	3	87	4	88	3.39e-32	107
WP_012371159.1	iHN637.CLJU_RS10465	44.9	78	42	1	5	82	476	552	8.10e-13	63.5
WP_016404085.1	iYO844.BSU25020	71.0	200	57	1	4	202	3	202	2.62e-104	298
WP_016404085.1	iYS854.USA300HOU_RS08290	64.8	199	68	1	4	202	3	199	1.85e-94	273
WP_017474135.1	iJN1463.PP_5139	44.9	588	317	6	123	706	165	749	1.04e-162	486
WP_017474135.1	iML1515.b3469	39.0	698	402	13	15	706	51	730	6.77e-149	450
WP_017474135.1	iSDY_1059.SDY_3620	39.0	698	402	13	15	706	51	730	9.55e-149	450
WP_017474135.1	iSF_1195.SF3487	38.7	698	404	13	15	706	51	730	1.90e-148	449
WP_017474135.1	iSSON_1240.SSON_3707	38.7	698	404	13	15	706	51	730	1.90e-148	449
WP_017474135.1	iSbBS512_1146.SbBS512_E3853	38.5	698	405	13	15	706	51	730	1.06e-147	447
WP_017474135.1	iSynCJ816.SGL_RS16085	42.0	591	331	5	126	706	53	641	2.80e-145	438
WP_023466533.1	iYO844.BSU00380	66.0	659	211	3	4	650	7	664	3.66e-318	877
WP_023466533.1	iYS854.USA300HOU_RS02505	64.3	663	218	6	1	650	1	657	2.88e-306	847
WP_023466542.1	iYO844.BSU00460	64.0	286	103	0	1	286	1	286	1.01e-136	387
WP_023466544.1	iCN900.CD630_35170	42.6	258	147	1	1	258	1	257	6.64e-72	222
WP_023466548.1	iYO844.BSU00500	61.3	445	172	0	4	448	5	449	9.61e-196	550
WP_023466548.1	iYS854.USA300HOU_RS02555	58.4	449	187	0	1	449	1	449	7.67e-184	520
WP_023466554.1	iHN637.CLJU_RS20535	43.6	482	253	9	5	471	2	479	5.55e-124	369
WP_023466558.1	iHN637.CLJU_RS10465	52.1	71	33	1	5	74	562	632	5.78e-13	65.5
WP_023466560.1	iYO844.BSU00680	72.9	177	48	0	3	179	2	178	2.73e-91	263
WP_023466561.1	iAT_PLT_636.4905	38.1	218	109	6	186	384	242	452	3.92e-30	126
WP_023466561.1	iMM1415.18195	38.1	218	109	6	186	384	242	452	3.92e-30	126
WP_023466565.1	iYO844.BSU00730	73.9	307	80	0	1	307	2	308	2.82e-162	454
WP_023466569.1	iYO844.BSU00760	36.8	277	166	4	3	270	2	278	6.54e-58	186
WP_023466572.1	iYO844.BSU00780	59.7	119	48	0	1	119	1	119	6.81e-50	154
WP_023466573.1	iYO844.BSU00790	51.0	157	67	2	4	160	5	151	9.79e-38	127
WP_023466573.1	iYS854.USA300HOU_RS02645	50.3	147	73	0	1	147	1	147	2.14e-37	125
WP_023466573.1	iCN900.CD630_14520	42.7	164	92	1	1	164	1	162	2.09e-34	118
WP_023466573.1	iHN637.CLJU_RS03130	40.8	152	90	0	4	155	122	273	1.69e-32	116
WP_023466575.1	iYO844.BSU15540	24.1	245	149	8	24	246	53	282	4.17e-09	56.6
WP_023466595.1	iYO844.BSU00920	68.8	478	149	0	3	480	4	481	1.70e-242	671
WP_023466595.1	iYS854.USA300HOU_RS02780	64.2	477	171	0	4	480	5	481	8.79e-224	624
WP_023466597.1	iYO844.BSU00930	67.5	203	65	1	4	205	6	208	8.47e-92	268
WP_023466597.1	iYS854.USA300HOU_RS02785	64.3	199	70	1	1	198	4	202	4.71e-86	253
WP_023466627.1	iSynCJ816.SGL_RS10925	69.3	400	117	3	1	395	1	399	4.36e-202	561
WP_023466643.1	iYO844.BSU01370	71.4	213	61	0	1	213	1	213	2.55e-111	317
WP_023466643.1	iYS854.USA300HOU_RS12070	63.2	212	78	0	1	212	1	212	4.35e-100	288
WP_023466644.1	iSynCJ816.SGL_RS14930	52.2	251	104	3	5	246	32	275	1.42e-86	258
WP_023466644.1	iSynCJ816.SGL_RS14865	51.5	241	116	1	8	247	11	251	5.14e-78	235
WP_023466650.1	iCN900.CD630_01000	45.8	277	147	2	1	275	1	276	1.34e-85	256
WP_023466653.1	iYS854.USA300HOU_RS12020	42.6	244	138	1	3	244	2	245	2.26e-65	203
WP_023466653.1	iNF517.LLMG_RS02350	45.3	247	130	4	1	242	1	247	3.37e-64	200
WP_023466657.1	iHN637.CLJU_RS11570	28.0	218	121	10	107	304	8	209	5.59e-04	40.8
WP_023466667.1	iYO844.BSU01770	72.4	449	123	1	1	449	1	448	4.70e-235	649
WP_023466669.1	iYO844.BSU01780	69.2	601	181	3	1	598	1	600	1.95e-281	779
WP_023466669.1	iYS854.USA300HOU_RS11625	65.0	602	206	4	1	598	1	601	1.35e-267	744
WP_023466677.1	iCN900.CD630_36320	27.8	158	104	4	5	157	2	154	7.97e-13	63.2
WP_023466727.1	iYS854.USA300HOU_RS04360	26.7	165	112	4	1	163	1	158	1.19e-10	57.4
WP_023466743.1	iYO844.BSU09300	57.9	539	226	1	2	539	6	544	2.39e-223	628
WP_023466744.1	iAF987.Gmet_2352	36.0	139	83	4	2	137	5	140	6.33e-11	62.0
WP_023466748.1	STM_v1_0.STM0758	25.5	204	120	7	16	215	22	197	4.32e-05	44.3
WP_023466749.1	iYO844.BSU03930	68.2	261	83	0	1	261	1	261	6.11e-132	373
WP_023466757.1	iYO844.BSU22070	60.9	192	75	0	1	192	1	192	1.53e-78	232
WP_023466757.1	iNF517.LLMG_RS06820	55.9	188	83	0	1	188	1	188	1.90e-70	212
WP_023466762.1	iEK1008.Rv3206c	35.1	94	58	2	3	93	288	381	9.89e-11	56.2
WP_023466762.1	iEK1008.Rv3116	32.3	93	60	2	4	93	286	378	7.79e-09	50.8
WP_023466772.1	iAF987.Gmet_1919	34.5	110	69	2	4	111	6	114	1.13e-10	60.1
WP_023466777.1	iPC815.YPO2559	27.0	163	108	4	4	160	2	159	1.89e-09	56.6
WP_023466787.1	iAM_Pb448.PBANKA_145350	28.5	274	155	7	9	244	317	587	1.27e-21	97.4
WP_023466787.1	iAM_Pf480.PF3D7_1239000	28.5	274	155	8	9	244	356	626	5.65e-19	89.4
WP_023466787.1	iAM_Pv461.PVX_100900	26.9	275	158	7	9	244	331	601	1.31e-18	88.2
WP_023466789.1	iYO844.BSU39410	68.5	390	122	1	1	389	1	390	5.14e-175	493
WP_023466799.1	iYO844.BSU37500	79.4	272	56	0	6	277	3	274	3.33e-163	453
WP_023466808.1	iYS854.USA300HOU_RS13885	50.7	67	31	1	1	65	1	67	7.51e-16	64.3
WP_023466816.1	iYO844.BSU03910	54.0	459	211	0	17	475	3	461	1.12e-181	516
WP_023466816.1	STM_v1_0.STM2791	54.2	476	214	2	1	475	9	481	2.79e-177	505
WP_023466816.1	iML1515.b2661	54.0	476	215	2	1	475	9	481	6.44e-176	502
WP_023466816.1	iSSON_1240.SSON_2805	54.0	476	215	2	1	475	9	481	2.60e-175	500
WP_023466816.1	iJN1463.PP_0213	54.1	475	212	3	1	474	9	478	3.21e-173	495
WP_023466816.1	iYL1228.KPN_00256	53.4	476	218	2	1	475	9	481	4.88e-173	494
WP_023466816.1	iAF987.Gmet_3395	51.5	482	222	3	1	477	10	484	1.71e-171	491
WP_023466816.1	iCN718.ABAYE_RS14730	51.6	473	225	2	4	475	13	482	4.03e-162	467
WP_023466830.1	iML1515.b0624	33.9	121	79	1	6	126	8	127	2.02e-10	54.3
WP_023466838.1	iAF987.Gmet_1170	35.2	88	52	2	112	194	6	93	3.00e-06	45.4
WP_023466838.1	iSynCJ816.SGL_RS16030	29.2	144	80	8	99	225	193	331	2.21e-05	44.7
WP_023466838.1	iYL1228.KPN_00103	29.2	106	62	3	116	208	11	116	4.36e-05	42.0
WP_023466847.1	iYO844.BSU03950	29.7	111	73	3	8	114	11	120	5.58e-07	48.1
WP_023466912.1	iYO844.BSU28740	34.1	287	179	7	9	292	33	312	1.59e-41	145
WP_023466912.1	iYO844.BSU06980	32.6	288	186	6	1	286	15	296	1.86e-37	134
WP_023466923.1	iMM904.YLR043C	28.0	100	72	0	1	100	1	100	1.88e-12	58.2
WP_023466923.1	iAM_Pf480.PF3D7_1457200	28.6	91	65	0	1	91	1	91	2.16e-11	55.5
WP_023466923.1	iAM_Pv461.PVX_117605	27.5	91	66	0	1	91	1	91	3.04e-11	55.1
WP_023466923.1	iAM_Pc455.PCYB_125790	27.5	91	66	0	1	91	1	91	4.29e-11	54.7
WP_023466924.1	iCN900.CD630_35200	38.8	273	164	3	19	288	15	287	1.38e-51	171
WP_023466924.1	iAF987.Gmet_0858	29.2	284	199	2	7	288	5	288	1.15e-46	158
WP_023466941.1	iNF517.LLMG_RS08890	41.0	78	46	0	21	98	466	543	1.95e-13	63.9
WP_023466947.1	iCN900.CD630_21660	55.6	322	133	2	46	366	7	319	1.61e-127	368
WP_023466966.1	iCN900.CD630_21940	28.1	399	268	8	1	383	2	397	4.88e-43	154
WP_023466966.1	iHN637.CLJU_RS10220	28.9	308	207	4	83	378	4	311	4.74e-38	139
WP_023466970.1	iEK1008.Rv1237	36.9	225	138	4	40	261	50	273	2.47e-36	129
WP_023466970.1	iCN900.CD630_34150	26.8	276	184	3	2	261	13	286	5.87e-32	118
WP_023466990.1	iML1515.b1388	45.6	305	156	3	13	317	1	295	7.31e-95	283
WP_023466990.1	iYL1228.KPN_01469	45.6	305	156	3	13	317	1	295	4.76e-93	278
WP_023466990.1	iJN1463.PP_3278	44.8	297	156	3	22	317	26	315	9.47e-90	271
WP_023466991.1	iML1515.b1389	30.9	81	55	1	1	80	1	81	1.87e-05	40.0
WP_023466991.1	iYL1228.KPN_01470	29.6	81	56	1	1	80	1	81	2.62e-05	39.7
WP_023466991.1	iJN1463.PP_3277	35.9	78	49	1	9	85	7	84	1.36e-04	37.7
WP_023466997.1	iMM1415.93747	43.1	255	138	3	5	253	34	287	6.68e-66	206
WP_023466997.1	iCHOv1.100754654	42.7	255	139	3	5	253	34	287	2.67e-65	204
WP_023466997.1	iEK1008.Rv1070c	42.7	253	143	1	3	253	2	254	1.40e-65	204
WP_023466997.1	iJN1463.PP_2217	44.2	242	133	1	14	253	13	254	1.59e-64	201
WP_023466997.1	iCN718.ABAYE_RS18690	44.5	254	139	1	5	256	4	257	9.04e-64	199
WP_023466997.1	iLB1027_lipid.PHATRDRAFT_55192	43.2	241	135	1	15	253	26	266	3.68e-63	198
WP_023466997.1	iAT_PLT_636.1892	40.4	245	142	2	15	256	47	290	8.70e-61	193
WP_023466997.1	iCN718.ABAYE_RS11650	40.2	244	144	1	12	253	16	259	3.46e-59	188
WP_023467010.1	iYO844.BSU21690	64.5	169	60	0	2	170	6	174	3.37e-76	225
WP_023467010.1	iYS854.USA300HOU_RS07280	56.8	169	73	0	2	170	4	172	1.92e-68	205
WP_023467016.1	iML1515.b1600	26.3	99	73	0	3	101	5	103	7.45e-08	46.6
WP_023467016.1	iSbBS512_1146.SbBS512_E1786	26.3	99	73	0	3	101	5	103	7.45e-08	46.6
WP_023467016.1	iSDY_1059.SDY_1553	26.3	99	73	0	3	101	5	103	7.45e-08	46.6
WP_023467016.1	iSF_1195.SF1621	26.3	99	73	0	3	101	5	103	7.45e-08	46.6
WP_023467016.1	iSSON_1240.SSON_1560	26.3	99	73	0	3	101	5	103	7.45e-08	46.6
WP_023467019.1	iSynCJ816.SGL_RS11025	33.1	305	184	9	22	314	44	340	1.31e-34	130
WP_023467019.1	iLJ478.TM0423	29.5	322	207	8	9	314	11	328	6.51e-34	127
WP_023467019.1	iML1515.b3945	34.5	220	137	3	52	265	64	282	1.30e-31	121
WP_023467019.1	iSbBS512_1146.SbBS512_E4432	34.5	220	137	3	52	265	64	282	1.30e-31	121
WP_023467019.1	iSDY_1059.SDY_3780	34.5	220	137	3	52	265	77	295	3.09e-31	120
WP_023467019.1	iSSON_1240.SSON_4119	34.5	220	137	3	52	265	77	295	3.09e-31	120
WP_023467019.1	iYL1228.KPN_04241	30.4	250	167	3	22	265	34	282	2.45e-30	118
WP_023467019.1	STM_v1_0.STM4108	33.6	220	139	3	52	265	64	282	3.39e-30	117
WP_023467024.1	iYO844.BSU31150	61.1	275	106	1	1	275	1	274	1.29e-115	333
WP_023467024.1	iYS854.USA300HOU_RS03695	57.1	280	114	3	1	274	1	280	9.13e-105	306
WP_023467025.1	iCN900.CD630_10870	29.3	263	160	9	15	264	12	261	2.21e-14	70.9
WP_023467025.1	STM_v1_0.STM3190	31.2	260	158	9	7	262	2	244	2.92e-12	64.7
WP_023467031.1	iJN1463.PP_4846	29.3	157	110	1	3	158	5	161	7.42e-16	70.5
WP_023467032.1	iYO844.BSU13620	64.4	174	61	1	1	173	1	174	8.40e-80	234
WP_023467033.1	iYO844.BSU13610	63.7	201	72	1	6	205	7	207	1.74e-86	253
WP_023467041.1	iYO844.BSU13550	53.3	338	157	1	6	342	9	346	7.83e-117	342
WP_023467063.1	iYO844.BSU03200	37.4	302	186	1	5	303	2	303	2.96e-71	222
WP_023467065.1	iYO844.BSU06420	75.3	158	39	0	6	163	5	162	1.58e-79	232
WP_023467068.1	iYO844.BSU06450	63.8	229	83	0	4	232	9	237	4.18e-102	295
WP_023467068.1	iYS854.USA300HOU_RS05310	56.4	227	99	0	4	230	4	230	7.11e-92	269
WP_023467068.1	iNF517.LLMG_RS04950	57.7	227	95	1	4	230	7	232	2.17e-91	268
WP_023467069.1	iYO844.BSU06460	48.1	81	40	1	1	79	1	81	1.07e-19	75.1
WP_023467069.1	iSynCJ816.SGL_RS15525	51.9	81	32	3	8	81	11	91	1.72e-17	69.7
WP_023467070.1	iYO844.BSU06470	69.5	226	69	0	1	226	1	226	4.27e-113	322
WP_023467070.1	iNF517.LLMG_RS04960	66.5	218	72	1	1	217	1	218	1.84e-102	295
WP_023467073.1	iYO844.BSU06510	56.0	182	80	0	2	183	3	184	2.31e-65	199
WP_023467077.1	iAF987.Gmet_2201	30.1	584	375	13	20	578	10	585	9.22e-66	224
WP_023467099.1	iYO844.BSU14830	49.7	304	145	3	7	309	8	304	2.16e-98	291
WP_023467101.1	iML1515.b1985	21.8	440	309	9	20	440	48	471	3.20e-09	58.5
WP_023467102.1	iYS854.USA300HOU_RS06925	34.1	857	527	11	5	845	6	840	3.20e-151	464
WP_023467103.1	iYS854.USA300HOU_RS03790	43.3	390	200	7	3	375	5	390	7.44e-97	293
WP_023467103.1	iYO844.BSU35010	44.4	381	199	6	3	372	6	384	1.32e-92	283
WP_023467104.1	iNF517.LLMG_RS04735	47.5	236	122	1	1	236	1	234	8.39e-71	216
WP_023467104.1	iYO844.BSU35020	48.1	241	117	4	1	234	1	240	2.97e-70	215
WP_023467104.1	iYO844.BSU02360	48.4	244	116	6	1	235	1	243	1.57e-66	206
WP_023467109.1	iAF692.Mbar_A1361	30.7	244	143	10	28	249	536	775	2.60e-15	77.4
WP_023467109.1	iAF692.Mbar_A2092	27.7	202	127	4	21	203	21	222	5.81e-15	73.6
WP_023467111.1	iCN718.ABAYE_RS03670	38.8	121	69	2	18	138	19	134	2.78e-20	80.5
WP_023467113.1	iYO844.BSU29450	66.3	398	132	2	1	396	1	398	1.61e-190	533
WP_023467113.1	iYS854.USA300HOU_RS04770	63.6	393	142	1	3	394	2	394	4.98e-189	529
WP_023467113.1	iNF517.LLMG_RS00750	63.0	395	145	1	1	394	1	395	2.67e-178	501
WP_023467114.1	iYO844.BSU29440	60.0	457	181	1	1	455	1	457	1.22e-194	548
WP_023467114.1	iNF517.LLMG_RS00755	57.9	454	189	1	3	454	4	457	1.18e-184	522
WP_023467114.1	iYS854.USA300HOU_RS04765	56.5	455	196	2	3	455	4	458	1.84e-176	501
WP_023467116.1	iYS854.USA300HOU_RS07095	46.5	396	212	0	4	399	6	401	4.08e-113	336
WP_023467116.1	iLJ478.TM1518	46.6	397	211	1	4	399	5	401	3.28e-112	333
WP_023467116.1	iCN900.CD630_20540	44.9	401	208	7	4	399	5	397	1.65e-100	303
WP_023467119.1	iCN900.CD630_32230	45.1	275	151	0	1	275	2	276	1.17e-76	235
WP_023467119.1	iCN900.CD630_32250	46.0	276	149	0	1	276	2	277	2.50e-76	234
WP_023467119.1	iAF987.Gmet_0211	45.0	289	158	1	1	289	1	288	1.26e-72	224
WP_023467119.1	iYS854.USA300HOU_RS07105	43.7	293	155	4	1	289	4	290	2.66e-70	219
WP_023467119.1	iYO844.BSU16770	44.6	285	157	1	2	285	3	287	3.66e-69	216
WP_023467119.1	iHN637.CLJU_RS02100	39.6	275	165	1	1	275	3	276	1.13e-68	214
WP_023467119.1	iHN637.CLJU_RS17040	40.4	275	163	1	1	275	3	276	9.04e-68	212
WP_023467119.1	iAF692.Mbar_A1150	42.2	287	163	2	1	286	1	285	8.52e-68	212
WP_023467121.1	iYS854.USA300HOU_RS07110	46.5	243	122	5	1	238	1	240	2.60e-64	200
WP_023467121.1	iCN900.CD630_32260	47.8	201	104	1	39	238	47	247	8.89e-62	194
WP_023467121.1	iHN637.CLJU_RS17035	44.7	246	127	5	1	238	2	246	9.47e-59	186
WP_023467124.1	iCN718.ABAYE_RS03435	43.0	298	166	2	11	304	10	307	1.69e-84	256
WP_023467134.1	iYS854.USA300HOU_RS04910	38.5	494	299	4	50	539	42	534	5.42e-117	356
WP_023467135.1	iCN900.CD630_32700	43.2	155	78	4	10	162	8	154	7.58e-22	89.4
WP_023467138.1	iYO844.BSU40340	76.5	395	92	1	1	394	4	398	3.28e-229	630
WP_023467138.1	iYS854.USA300HOU_RS04745	73.6	394	103	1	1	393	1	394	9.15e-214	591
WP_023467148.1	iAF987.Gmet_2999	34.7	118	74	1	2	116	8	125	2.41e-17	79.0
WP_023467149.1	iHN637.CLJU_RS17500	23.8	168	114	4	4	158	3	169	1.81e-07	48.9
WP_023467149.1	iCN900.CD630_18140	25.9	162	106	4	3	150	4	165	9.86e-07	47.0
WP_023467149.1	iSynCJ816.SGL_RS02245	40.3	62	31	1	2	57	3	64	1.68e-06	47.0
WP_023467150.1	iYS854.USA300HOU_RS13915	43.3	501	263	8	1	489	1	492	4.44e-135	399
WP_023467157.1	iPC815.YPO0490	34.2	76	49	1	1	75	1	76	1.59e-06	47.8
WP_023467157.1	STM_v1_0.STM0088	32.9	76	50	1	1	75	1	76	9.13e-06	45.4
WP_023467170.1	iYO844.BSU38830	49.0	480	241	3	15	492	8	485	5.72e-159	459
WP_023467176.1	iAF692.Mbar_A2079	24.0	150	98	6	199	338	38	181	4.65e-04	40.8
WP_023467184.1	iML1515.b1856	38.0	108	55	2	370	477	314	409	3.85e-16	80.1
WP_023467186.1	iML1515.b1856	40.6	106	57	2	316	421	314	413	1.18e-15	78.2
WP_023467186.1	iAF987.Gmet_3012	39.4	109	62	2	309	416	43	148	1.61e-14	71.6
WP_023467188.1	iCN900.CD630_15990	51.6	256	120	3	5	257	9	263	1.28e-85	256
WP_023467188.1	iHN637.CLJU_RS16285	53.8	266	118	4	1	263	1	264	7.47e-83	249
WP_023467197.1	iYO844.BSU38060	41.6	255	149	0	3	257	2	256	5.48e-70	216
WP_023467208.1	iYO844.BSU38110	51.4	249	120	1	1	248	1	249	1.82e-79	239
WP_023467211.1	iLB1027_lipid.PHATRDRAFT_30690	25.3	166	98	5	4	153	47	202	4.50e-05	43.5
WP_023467212.1	iMM904.YGR209C	35.9	78	43	3	73	149	23	94	7.06e-05	40.0
WP_023467212.1	iYS854.USA300HOU_RS05725	24.6	122	65	4	60	178	5	102	9.13e-04	37.0
WP_023467215.1	iYO844.BSU09680	47.7	432	222	2	18	446	22	452	2.52e-132	389
WP_023467220.1	iLJ478.TM1784	36.3	245	132	5	3	232	22	257	6.33e-38	134
WP_023467220.1	iYO844.BSU11210	34.8	250	155	3	1	242	1	250	4.17e-36	128
WP_023467221.1	iYO844.BSU11220	51.9	374	178	1	1	372	1	374	5.22e-131	380
WP_023467223.1	iYO844.BSU11230	45.5	358	175	6	5	350	3	352	8.57e-99	296
WP_023467226.1	iYO844.BSU11250	51.5	301	144	1	8	308	12	310	3.11e-100	296
WP_023467226.1	iEK1008.Rv1656	48.8	303	154	1	7	308	2	304	1.70e-99	294
WP_023467226.1	iSynCJ816.SGL_RS16800	50.3	302	146	2	8	309	9	306	1.76e-99	294
WP_023467226.1	iAF987.Gmet_0205	48.2	303	152	2	8	308	3	302	2.43e-98	291
WP_023467226.1	iCN718.ABAYE_RS08200	45.8	306	155	3	7	309	3	300	1.22e-91	274
WP_023467231.1	iNF517.LLMG_RS08030	59.6	554	224	0	5	558	1	554	4.92e-239	668
WP_023467231.1	iYS854.USA300HOU_RS09195	57.7	553	230	2	7	558	5	554	4.63e-237	663
WP_023467231.1	iHN637.CLJU_RS18540	55.7	557	244	3	4	558	2	557	1.16e-223	629
WP_023467231.1	iCN900.CD630_07180	56.2	555	240	3	6	558	4	557	6.25e-221	622
WP_023467232.1	iYO844.BSU30280	33.3	291	192	2	5	294	12	301	5.00e-48	162
WP_023467232.1	iCN900.CD630_25490	31.2	292	196	4	2	290	11	300	2.88e-43	149
WP_023467232.1	iEK1008.Rv2040c	31.7	293	193	4	9	295	4	295	2.76e-42	147
WP_023467233.1	iYO844.BSU30290	37.7	265	163	2	32	295	12	275	4.21e-56	182
WP_023467236.1	iNF517.LLMG_RS09290	25.9	185	126	4	29	204	30	212	3.03e-11	60.1
WP_023467237.1	iJN1463.PP_5066	41.1	491	266	8	6	486	25	502	1.14e-100	313
WP_023467238.1	iYO844.BSU30270	25.1	275	174	11	42	298	31	291	1.49e-11	65.5
WP_023467238.1	iJN1463.PP_1015	27.9	215	137	7	78	280	67	275	8.32e-11	63.2
WP_023467238.1	iYO844.BSU34610	27.9	341	194	15	16	337	16	323	7.88e-10	60.1
WP_023467243.1	iAF987.Gmet_1919	28.3	138	96	1	3	140	5	139	4.80e-11	61.2
WP_023467244.1	iYO844.BSU19630	66.7	234	77	1	1	234	1	233	3.73e-108	310
WP_023467248.1	iYO844.BSU35720	44.3	368	201	3	30	394	378	744	6.02e-113	346
WP_023467248.1	iYS854.USA300HOU_RS01320	41.7	384	218	5	14	394	9	389	1.13e-106	319
WP_023467250.1	iYO844.BSU35740	77.8	126	28	0	1	126	1	126	5.64e-73	213
WP_023467250.1	iYS854.USA300HOU_RS03470	73.0	126	34	0	1	126	1	126	2.33e-68	201
WP_023467254.1	iMM904.Q0250	32.5	77	52	0	79	155	163	239	1.76e-09	54.3
WP_023467254.1	iJN1463.PP_0103	34.7	72	47	0	83	154	170	241	1.82e-07	48.9
WP_023467255.1	iYO844.BSU14900	25.2	412	254	14	67	454	66	447	1.93e-18	88.6
WP_023467255.1	iAF987.Gmet_0249	26.8	448	270	17	67	491	74	486	3.69e-18	87.4
WP_023467255.1	iSynCJ816.SGL_RS05545	25.9	478	308	14	67	528	69	516	8.88e-18	86.3
WP_023467255.1	iEK1008.Rv3043c	24.7	481	298	16	43	496	54	497	3.67e-16	81.3
WP_023467255.1	iSynCJ816.SGL_RS09075	24.6	509	312	17	21	500	27	492	4.54e-16	80.9
WP_023467255.1	iYO844.BSU38160	23.9	497	320	17	24	495	51	514	7.34e-16	80.5
WP_023467256.1	iEK1008.Rv0386	40.0	60	35	1	138	197	1018	1076	9.38e-06	45.4
WP_023467256.1	iJN1463.PP_1494	31.3	115	76	2	4	116	20	133	1.67e-05	44.3
WP_023467263.1	iYS854.USA300HOU_RS01155	51.1	237	109	2	1	230	1	237	6.47e-83	247
WP_023467263.1	iPC815.YPO1381	50.4	236	115	1	4	237	3	238	1.47e-82	246
WP_023467263.1	iML1515.b0902	49.2	236	118	1	4	237	5	240	8.98e-82	244
WP_023467263.1	iSbBS512_1146.SbBS512_E2426	49.2	236	118	1	4	237	14	249	1.20e-81	244
WP_023467263.1	iSDY_1059.SDY_2359	49.2	236	118	1	4	237	5	240	8.98e-82	244
WP_023467263.1	iSF_1195.SF0897	49.2	236	118	1	4	237	5	240	8.98e-82	244
WP_023467263.1	iSSON_1240.SSON_0903	49.2	236	118	1	4	237	5	240	8.98e-82	244
WP_023467263.1	iYL1228.KPN_00930	49.2	236	118	1	4	237	5	240	1.81e-81	243
WP_023467263.1	STM_v1_0.STM0970	48.3	236	120	1	4	237	33	268	6.30e-81	243
WP_023467269.1	iAF987.Gmet_2629	41.5	183	101	2	431	607	364	546	7.56e-33	134
WP_023467269.1	iAF987.Gmet_0987	43.6	179	95	2	435	607	343	521	1.70e-32	133
WP_023467269.1	iAF987.Gmet_0782	39.6	187	107	3	427	607	276	462	1.99e-31	129
WP_023467269.1	iJN1463.PP_3581	36.2	196	117	4	417	607	230	422	5.56e-31	128
WP_023467269.1	iAF987.Gmet_0957	40.9	193	105	5	428	611	170	362	1.03e-30	127
WP_023467269.1	iAF987.Gmet_3085	38.8	183	105	2	432	607	439	621	2.63e-30	126
WP_023467271.1	iHN637.CLJU_RS03245	38.4	216	126	4	5	216	9	221	1.44e-45	151
WP_023467284.1	iYO844.BSU38490	51.9	289	138	1	7	295	21	308	7.10e-94	280
WP_023467284.1	iYS854.USA300HOU_RS05180	48.2	299	146	3	4	295	10	306	5.33e-86	259
WP_023467286.1	iSynCJ816.SGL_RS14875	53.1	32	15	0	30	61	36	67	7.00e-04	37.4
WP_023467288.1	iYO844.BSU13850	55.2	618	268	5	19	631	24	637	3.07e-214	612
WP_023467289.1	iYL1228.KPN_01622	27.6	315	181	15	5	300	1	287	9.29e-16	75.9
WP_023467289.1	STM_v1_0.STM1517	26.8	299	186	13	15	300	10	288	1.28e-13	69.7
WP_023467299.1	iAF987.Gmet_1706	39.6	139	71	5	7	139	3	134	1.82e-18	82.0
WP_023467299.1	iAF987.Gmet_0069	37.0	119	70	2	7	120	5	123	2.13e-17	79.0
WP_023467299.1	iAF987.Gmet_1919	30.5	151	103	2	7	156	5	154	9.06e-16	74.7
WP_023467317.1	iYS854.USA300HOU_RS09920	52.5	354	167	1	1	354	6	358	8.00e-128	372
WP_023467323.1	iAF987.Gmet_1671	31.9	524	295	15	78	571	71	562	1.95e-60	212
WP_023467323.1	iHN637.CLJU_RS16730	29.4	568	344	17	77	591	83	646	4.51e-57	204
WP_023467323.1	iNF517.LLMG_RS11990	29.7	565	350	18	30	565	76	622	4.16e-54	196
WP_023467329.1	iYO844.BSU09310	61.0	577	223	1	1	577	1	575	2.57e-250	699
WP_023467332.1	iJN1463.PP_0226	43.7	213	118	1	1	211	2	214	7.82e-48	156
WP_023467333.1	iYO844.BSU03610	47.0	270	126	6	1	255	1	268	1.37e-64	202
WP_023467340.1	iYO844.BSU24740	32.6	264	168	4	46	301	52	313	7.34e-41	144
WP_023467346.1	iML1515.b1103	36.9	103	64	1	4	105	3	105	5.05e-16	68.9
WP_023467346.1	iMM904.YDR305C	30.2	126	72	3	16	125	23	148	2.63e-13	63.9
WP_023467350.1	iCN900.CD630_16140	29.2	219	153	1	18	236	40	256	4.78e-31	115
WP_023467350.1	iML1515.b3201	28.3	237	162	3	3	236	4	235	5.58e-31	114
WP_023467350.1	iSbBS512_1146.SbBS512_E3569	28.3	237	162	3	3	236	4	235	5.58e-31	114
WP_023467350.1	iSDY_1059.SDY_3382	28.3	237	162	3	3	236	4	235	5.58e-31	114
WP_023467350.1	iSF_1195.SF3241	28.3	237	162	3	3	236	4	235	5.58e-31	114
WP_023467350.1	iSSON_1240.SSON_3349	28.3	237	162	3	3	236	4	235	5.58e-31	114
WP_023467350.1	iMM1415.11303	31.4	226	153	1	2	225	1888	2113	1.06e-27	110
WP_023467350.1	iYO844.BSU02750	28.4	204	145	1	18	220	21	224	1.85e-29	110
WP_023467350.1	iPC815.YPO2612	31.7	218	145	2	1	214	1	218	9.15e-29	108
WP_023467350.1	iAF987.Gmet_1282	29.0	217	152	1	1	215	8	224	1.96e-28	107
WP_023467350.1	iCHOv1.100761226	30.5	226	155	1	2	225	1913	2138	1.67e-26	107
WP_023467350.1	iSF_1195.SF0629	31.8	217	144	2	2	214	1	217	9.50e-28	105
WP_023467350.1	iML1515.b0652	31.8	217	144	2	2	214	1	217	1.33e-27	105
WP_023467350.1	iEK1008.Rv2936	30.2	215	150	0	11	225	18	232	7.23e-27	105
WP_023467350.1	iSSON_1240.SSON_0606	31.8	217	144	2	2	214	1	217	1.33e-27	105
WP_023467350.1	iJN1463.PP_0953	25.9	232	151	3	3	222	4	226	5.12e-27	103
WP_023467352.1	iSynCJ816.SGL_RS15695	42.8	411	213	7	9	408	87	486	1.40e-94	293
WP_023467352.1	iLJ478.TM0402	41.3	414	212	9	9	408	30	426	1.31e-85	268
WP_023467354.1	iYO844.BSU10120	70.1	341	100	2	5	343	7	347	9.75e-178	496
WP_023467355.1	iYO844.BSU10130	65.1	307	104	3	2	306	4	309	6.02e-147	415
WP_023467357.1	iYO844.BSU36590	51.5	474	218	4	18	483	13	482	1.88e-161	465
WP_023467357.1	iYS854.USA300HOU_RS11270	48.5	474	238	3	15	483	22	494	2.41e-157	455
WP_023467358.1	iML1515.b3697	29.8	289	172	7	5	287	3	266	4.13e-24	98.2
WP_023467358.1	iYL1228.KPN_00408	27.5	273	170	6	6	277	3	248	3.06e-23	95.9
WP_023467358.1	iSbBS512_1146.SbBS512_E0687	24.4	283	192	4	6	285	4	267	1.47e-20	88.6
WP_023467365.1	iJN1463.PP_0129	36.2	196	112	4	339	521	444	639	1.86e-22	100
WP_023467365.1	iAF987.Gmet_2629	40.2	164	89	5	364	520	379	540	5.58e-22	99.8
WP_023467365.1	iJN1463.PP_4670	32.2	227	139	8	314	526	184	409	9.01e-22	97.4
WP_023467365.1	iAF987.Gmet_3085	37.3	166	94	4	364	521	453	616	4.36e-21	97.1
WP_023467365.1	iAF987.Gmet_0700	36.8	182	100	6	355	525	377	554	4.07e-21	97.1
WP_023467365.1	iJN1463.PP_1144	31.2	189	124	2	343	525	260	448	3.80e-21	97.1
WP_023467365.1	iAF987.Gmet_0782	35.4	175	104	4	362	527	289	463	1.16e-20	95.5
WP_023467365.1	iAF987.Gmet_1706	34.9	186	111	4	343	521	123	305	4.27e-21	94.0
WP_023467365.1	iJN1463.PP_3581	35.3	170	102	3	358	521	250	417	3.41e-20	94.0
WP_023467365.1	iAF987.Gmet_0987	33.3	168	102	4	361	521	352	516	1.57e-19	92.0
WP_023467365.1	iML1515.b1285	33.5	167	105	4	364	526	230	394	2.36e-19	91.3
WP_023467367.1	iYO844.BSU02750	37.3	217	125	6	1	208	1	215	1.51e-40	141
WP_023467370.1	iYS854.USA300HOU_RS06535	40.6	180	107	0	1	180	1	180	6.76e-53	166
WP_023467371.1	iYO844.BSU09280	59.9	272	109	0	1	272	1	272	1.74e-121	347
WP_023467373.1	iYO844.BSU09300	65.4	549	185	2	1	544	1	549	8.00e-260	721
WP_023467373.1	iYS854.USA300HOU_RS06550	62.3	546	201	4	6	546	3	548	4.80e-240	671
WP_023467375.1	iYS854.USA300HOU_RS05100	55.3	329	146	1	1	329	1	328	4.20e-130	374
WP_023467379.1	iYO844.BSU22480	65.6	131	45	0	1	131	1	131	1.02e-60	183
WP_023467379.1	iCN900.CD630_11530	57.1	133	57	0	1	133	1	133	1.52e-55	170
WP_023467381.1	iAF987.Gmet_2999	38.9	113	66	2	4	113	10	122	1.55e-15	73.9
WP_023467381.1	iAF987.Gmet_1706	34.5	113	69	3	4	113	3	113	1.23e-15	73.9
WP_023467382.1	iAF987.Gmet_0043	20.4	221	156	7	234	435	39	258	4.49e-04	42.4
WP_023467390.1	iAF987.Gmet_1914	29.9	107	73	1	1	107	1	105	1.07e-11	60.1
WP_023467393.1	iSDY_1059.SDY_1625	30.8	91	59	2	153	241	19	107	1.98e-05	45.1
WP_023467393.1	iSF_1195.SF1576	30.8	91	59	2	153	241	19	107	1.98e-05	45.1
WP_023467395.1	iYS854.USA300HOU_RS13900	30.8	509	309	17	1	477	1	498	3.32e-54	189
WP_023467406.1	iSynCJ816.SGL_RS08250	39.6	407	219	8	136	518	17	420	7.66e-95	299
WP_023467408.1	iYO844.BSU34150	55.3	430	176	5	20	448	3	417	6.63e-163	465
WP_023467409.1	iYS854.USA300HOU_RS01105	56.1	278	119	3	2	277	3	279	5.97e-100	293
WP_023467409.1	iYO844.BSU34140	52.7	279	130	2	1	277	5	283	2.97e-96	284
WP_023467409.1	iYO844.BSU34590	53.7	272	123	2	7	277	9	278	8.26e-90	267
WP_023467414.1	iML1515.b3697	32.6	291	149	9	1	266	1	269	3.44e-33	121
WP_023467417.1	iAM_Pb448.PBANKA_136520	25.8	93	66	2	54	144	37	128	1.63e-04	40.0
WP_023467417.1	iAM_Pc455.PCYB_121130	24.4	127	90	4	20	143	4	127	2.24e-04	39.7
WP_023467417.1	iAM_Pv461.PVX_083515	27.2	92	64	2	54	143	37	127	2.24e-04	39.7
WP_023467417.1	iAM_Pf480.PF3D7_1352500	28.3	92	63	2	54	143	37	127	4.12e-04	38.9
WP_023467417.1	iYS854.USA300HOU_RS05725	27.1	96	67	2	51	144	6	100	2.79e-04	38.1
WP_023467417.1	iPC815.YPO3868	23.6	89	66	1	58	144	16	104	5.68e-04	37.4
WP_023467420.1	iLB1027_lipid.PHATRDRAFT_6288	25.7	144	97	4	5	139	23	165	2.70e-05	42.7
WP_023467425.1	iYO844.BSU25640	43.3	187	103	2	2	187	3	187	1.78e-50	160
WP_023467435.1	iSynCJ816.SGL_RS17200	25.2	519	253	12	14	411	9	513	5.11e-26	112
WP_023467435.1	iEK1008.Rv0684	24.9	506	242	14	1	384	1	490	8.19e-23	102
WP_023467441.1	STM_v1_0.STM0659	34.8	491	289	9	5	482	8	480	2.36e-83	271
WP_023467441.1	iSbBS512_1146.SbBS512_E0599	35.0	469	264	9	5	455	8	453	1.31e-80	264
WP_023467441.1	iML1515.b0650	34.8	469	265	9	5	455	8	453	2.58e-80	263
WP_023467441.1	iSSON_1240.SSON_0604	34.8	469	265	9	5	455	8	453	3.60e-80	263
WP_023467446.1	iCN900.CD630_20500	35.9	234	140	5	1	224	1	234	2.00e-41	140
WP_023467446.1	iNF517.LLMG_RS06045	33.3	240	150	6	1	231	1	239	3.08e-37	130
WP_023467449.1	iYO844.BSU39420	69.8	215	63	2	1	214	1	214	8.25e-92	268
WP_023467449.1	iYS854.USA300HOU_RS11540	62.9	221	81	1	1	221	1	220	2.70e-87	256
WP_023467449.1	iHN637.CLJU_RS08910	65.9	214	71	2	1	213	1	213	8.96e-87	255
WP_023467449.1	iYS854.USA300HOU_RS00730	62.0	221	83	1	1	221	1	220	1.27e-85	252
WP_023467449.1	iNF517.LLMG_RS05390	59.3	221	89	1	1	221	1	220	3.94e-82	243
WP_023467452.1	iML1515.b1856	45.5	88	45	1	306	393	314	398	7.68e-18	84.7
WP_023467453.1	iLJ478.TM1724	34.6	237	150	2	9	241	9	244	7.99e-45	150
WP_023467453.1	iYO844.BSU15910	36.0	242	149	3	5	241	4	244	3.89e-42	143
WP_023467453.1	iSynCJ816.SGL_RS07245	36.8	239	147	4	6	241	7	244	5.64e-42	143
WP_023467453.1	iPC815.YPO2539	34.4	244	151	3	5	241	9	250	5.31e-41	140
WP_023467453.1	iYO844.BSU03930	34.7	245	153	3	6	243	8	252	1.39e-39	137
WP_023467453.1	iAF987.Gmet_1531	33.9	239	152	3	6	240	7	243	1.02e-39	137
WP_023467453.1	iEK1008.Rv1928c	34.7	239	151	3	9	242	15	253	4.68e-39	135
WP_023467453.1	STM_v1_0.STM4483	32.1	243	156	3	6	241	10	250	4.56e-39	135
WP_023467453.1	iML1515.b2842	31.5	241	157	2	6	240	11	249	6.26e-39	135
WP_023467454.1	iHN637.CLJU_RS03010	42.5	40	23	0	81	120	219	258	2.38e-05	42.4
WP_023467466.1	iYS854.USA300HOU_RS00870	58.1	420	167	5	1	417	1	414	2.39e-175	496
WP_023467470.1	iYO844.BSU35700	56.8	257	108	2	4	259	5	259	5.49e-100	301
WP_023467476.1	iJN1463.PP_1280	42.1	487	255	11	1	462	1	485	2.09e-112	339
WP_023467480.1	iYS854.USA300HOU_RS12505	33.3	288	175	7	25	298	16	300	9.85e-41	143
WP_023467497.1	iYO844.BSU25310	42.9	112	64	0	1	112	10	121	4.27e-23	86.3
WP_023467497.1	iHN637.CLJU_RS03985	38.8	103	63	0	8	110	10	112	4.23e-20	81.3
WP_023467497.1	iCN900.CD630_24390	40.8	103	61	0	8	110	14	116	9.35e-20	80.5
WP_023467498.1	iYO844.BSU25300	61.1	131	51	0	1	131	1	131	3.74e-55	168
WP_023467500.1	iML1515.b3409	24.0	154	111	5	11	161	6	156	1.82e-05	45.8
WP_023467500.1	iCN900.CD630_32740	25.8	159	109	6	11	168	4	154	2.31e-05	45.4
WP_023467500.1	iAF692.Mbar_A0589	30.3	119	78	4	11	128	3	117	2.30e-05	45.4
WP_023467500.1	iSbBS512_1146.SbBS512_E3790	24.0	154	111	5	11	161	6	156	2.42e-05	45.4
WP_023467500.1	iSDY_1059.SDY_3667	24.0	154	111	5	11	161	6	156	2.42e-05	45.4
WP_023467500.1	iSF_1195.SF3428	24.0	154	111	5	11	161	6	156	2.42e-05	45.4
WP_023467500.1	STM_v1_0.STM3506	23.4	154	112	5	11	161	6	156	3.21e-05	45.1
WP_023467500.1	iYL1228.KPN_03779	22.7	154	113	5	11	161	6	156	4.27e-05	44.7
WP_023467500.1	iSynCJ816.SGL_RS05125	24.2	182	130	4	11	188	21	198	5.33e-05	44.3
WP_023467500.1	iAF987.Gmet_2444	40.4	57	33	1	11	67	24	79	1.27e-04	43.1
WP_023467500.1	iPC815.YPO0132	21.8	165	125	3	11	173	6	168	1.75e-04	42.7
WP_023467513.1	iYO844.BSU22540	41.2	85	45	3	28	109	167	249	4.53e-13	62.8
WP_023467517.1	iYO844.BSU25160	65.8	313	105	1	1	313	1	311	7.14e-141	400
WP_023467526.1	iYS854.USA300HOU_RS08305	43.4	249	138	3	3	250	8	254	1.47e-59	189
WP_023467526.1	iAF987.Gmet_0492	43.2	220	123	2	1	219	1	219	2.87e-58	185
WP_023467526.1	iNF517.LLMG_RS12030	40.5	220	125	3	6	221	4	221	2.99e-55	177
WP_023467526.1	iYO844.BSU02860	41.9	217	123	2	5	220	3	217	2.23e-54	174
WP_023467527.1	iYS854.USA300HOU_RS08300	50.9	273	133	1	1	273	1	272	2.94e-85	256
WP_023467533.1	iYO844.BSU25070	81.6	364	67	0	3	366	5	368	9.15e-206	569
WP_023467536.1	STM_v1_0.STM1963	44.0	495	263	4	3	485	2	494	5.29e-144	421
WP_023467536.1	iML1515.b1927	44.2	495	262	5	3	485	2	494	1.10e-143	421
WP_023467536.1	iSF_1195.SF1970	44.2	495	262	5	3	485	2	494	1.10e-143	421
WP_023467536.1	iSSON_1240.SSON_1983	44.2	495	262	5	3	485	2	494	1.10e-143	421
WP_023467536.1	iSbBS512_1146.SbBS512_E1057	44.0	495	263	5	3	485	2	494	2.19e-143	420
WP_023467536.1	iSDY_1059.SDY_1088	44.0	495	263	5	3	485	2	494	6.23e-143	419
WP_023467536.1	iYL1228.KPN_02419	42.6	495	270	5	3	485	2	494	7.37e-139	408
WP_023467537.1	iNF517.LLMG_RS01845	30.7	688	417	23	15	667	34	696	6.21e-73	249
WP_023467539.1	iYS854.USA300HOU_RS07065	61.3	310	117	1	4	313	2	308	1.19e-125	361
WP_023467540.1	iYS854.USA300HOU_RS07060	53.2	295	133	1	13	302	11	305	2.31e-97	288
WP_023467541.1	iYS854.USA300HOU_RS07055	77.0	248	57	0	29	276	36	283	3.93e-144	405
WP_023467545.1	iYS854.USA300HOU_RS08275	33.7	178	109	5	1	173	1	174	8.60e-27	99.8
WP_023467545.1	iAF987.Gmet_1179	35.3	173	110	1	9	179	11	183	1.71e-25	96.7
WP_023467547.1	iYO844.BSU03050	54.9	308	139	0	7	314	6	313	4.23e-123	355
WP_023467547.1	iYS854.USA300HOU_RS01245	51.1	307	149	1	6	312	5	310	1.24e-111	326
WP_023467548.1	iML1515.b1448	40.0	60	34	2	91	149	85	143	1.07e-04	40.4
WP_023467551.1	iYO844.BSU24850	52.1	315	147	2	3	315	5	317	7.03e-104	306
WP_023467552.1	iYS854.USA300HOU_RS03880	39.7	614	357	11	29	636	14	620	1.33e-143	431
WP_023467554.1	iEK1008.Rv0634c	36.6	194	95	7	23	202	41	220	1.17e-31	114
WP_023467554.1	iCN900.CD630_27420	34.4	186	119	2	20	205	22	204	1.25e-29	108
WP_023467554.1	iEK1008.Rv2581c	33.0	221	130	5	1	205	1	219	5.63e-29	107
WP_023467556.1	iPC815.YPO3070	30.7	101	68	2	4	102	3	103	9.89e-12	57.4
WP_023467564.1	iCN718.ABAYE_RS02010	38.3	149	84	3	1	141	18	166	2.42e-22	87.8
WP_023467564.1	iNF517.LLMG_RS09635	37.5	144	84	3	4	143	3	144	2.55e-22	87.0
WP_023467564.1	iYS854.USA300HOU_RS08210	37.1	116	69	2	2	113	6	121	2.65e-21	84.7
WP_023467564.1	iLJ478.TM0348	34.3	137	82	5	3	133	2	136	2.03e-19	83.6
WP_023467564.1	iAF987.Gmet_0977	35.5	166	93	6	4	158	15	177	1.78e-19	80.1
WP_023467570.1	iYS854.USA300HOU_RS08185	49.3	272	138	0	1	272	1	272	2.80e-97	286
WP_023467572.1	iCN900.CD630_26910	54.2	166	76	0	8	173	7	172	1.05e-57	178
WP_023467572.1	iHN637.CLJU_RS20465	46.2	171	92	0	5	175	8	178	5.55e-54	169
WP_023467575.1	iJN1463.PP_2407	56.8	132	54	2	3	131	5	136	3.89e-45	144
WP_023467575.1	iAF987.Gmet_0981	54.3	138	60	2	1	135	1	138	1.14e-44	143
WP_023467575.1	iSynCJ816.SGL_RS06095	56.2	137	57	2	2	135	6	142	2.44e-44	142
WP_023467575.1	iJN1463.PP_0560	56.6	136	55	2	3	134	4	139	1.93e-43	140
WP_023467575.1	iPC815.YPO3660	52.6	135	61	2	3	134	7	141	3.76e-43	139
WP_023467576.1	iYS854.USA300HOU_RS08170	43.6	351	197	1	4	354	3	352	1.54e-102	305
WP_023467578.1	iYS854.USA300HOU_RS08160	45.5	154	78	2	1	148	1	154	1.90e-39	130
WP_023467579.1	iYO844.BSU24340	65.4	442	152	1	1	441	2	443	1.56e-212	592
WP_023467579.1	iYS854.USA300HOU_RS08155	63.7	443	160	1	1	442	1	443	3.69e-204	571
WP_023467581.1	iYO844.BSU24310	61.4	277	106	1	2	277	3	279	1.37e-116	335
WP_023467581.1	iAF987.Gmet_1162	58.3	278	115	1	1	277	1	278	9.40e-108	313
WP_023467584.1	iYO844.BSU24280	52.3	285	132	2	8	289	13	296	9.92e-91	271
WP_023467585.1	iYO844.BSU24270	63.6	623	224	3	1	620	1	623	1.42e-292	810
WP_023467591.1	iAF987.Gmet_3085	27.3	128	86	3	99	219	204	331	1.83e-05	47.4
WP_023467593.1	iYO844.BSU24080	71.5	362	103	0	12	373	3	364	2.55e-187	522
WP_023467594.1	iYO844.BSU24060	61.1	473	183	1	1	472	1	473	4.93e-204	573
WP_023467595.1	iYO844.BSU24050	66.7	324	100	2	12	331	9	328	5.42e-150	424
WP_023467596.1	iYO844.BSU24040	76.5	327	77	0	1	327	1	327	6.42e-190	525
WP_023467597.1	iYO844.BSU24030	62.4	425	143	6	1	415	1	418	7.43e-166	472
WP_023467602.1	iNF517.LLMG_RS05280	67.5	397	129	0	1	397	1	397	5.27e-202	561
WP_023467602.1	iYS854.USA300HOU_RS06985	66.7	387	128	1	5	391	8	393	5.22e-191	534
WP_023467602.1	iAF987.Gmet_2482	63.0	389	144	0	6	394	4	392	1.65e-185	520
WP_023467602.1	iHN637.CLJU_RS07900	61.3	385	149	0	10	394	3	387	9.22e-184	515
WP_023467602.1	iYO844.BSU22640	61.0	395	153	1	3	397	2	395	8.47e-182	510
WP_023467602.1	iCN718.ABAYE_RS03585	61.1	391	151	1	1	390	8	398	9.51e-181	508
WP_023467625.1	iYS854.USA300HOU_RS12485	28.7	157	95	4	211	354	42	194	1.90e-10	59.7
WP_023467628.1	iPC815.YPO3230	28.6	196	107	7	5	179	10	193	2.16e-10	61.6
WP_023467628.1	iCN718.ABAYE_RS06480	29.3	174	99	5	5	166	12	173	6.76e-10	60.1
WP_023467628.1	iAF692.Mbar_A3039	28.7	174	103	4	5	166	6	170	9.25e-10	59.7
WP_023467628.1	STM_v1_0.STM0316	28.2	174	101	5	5	166	10	171	1.59e-09	58.9
WP_023467628.1	iCN900.CD630_07080	30.8	172	95	6	7	166	13	172	2.10e-09	58.5
WP_023467628.1	iSSON_1240.SSON_0279	27.6	174	102	5	5	166	10	171	6.58e-09	57.0
WP_023467628.1	iSbBS512_1146.SbBS512_E0234	27.6	174	102	5	5	166	10	171	8.74e-09	56.6
WP_023467628.1	iSDY_1059.SDY_0480	27.6	174	102	5	5	166	10	171	8.74e-09	56.6
WP_023467628.1	iSF_1195.SF0285	27.6	174	102	5	5	166	10	171	8.74e-09	56.6
WP_023467628.1	iML1515.b0237	27.6	174	102	5	5	166	10	171	1.16e-08	56.2
WP_023467637.1	iCHOv1.100751291	31.6	187	122	3	1	183	48	232	7.42e-25	100
WP_023467637.1	iMM904.YMR226C	34.5	194	120	6	3	190	13	205	4.75e-24	97.4
WP_023467637.1	iCN718.ABAYE_RS13105	31.4	258	155	6	3	240	6	261	2.39e-23	95.9
WP_023467637.1	iSynCJ816.SGL_RS12965	30.2	245	169	2	1	243	3	247	2.13e-23	95.5
WP_023467637.1	iCN718.ABAYE_RS13055	31.2	202	137	2	6	206	16	216	7.76e-23	94.4
WP_023467637.1	iMM1415.15487	34.4	180	114	2	6	183	47	224	1.71e-22	94.0
WP_023467637.1	iML1515.b0493	33.5	200	121	3	1	197	13	203	4.92e-22	92.0
WP_023467637.1	iCN718.ABAYE_RS14915	31.1	190	127	1	3	192	5	190	4.34e-22	91.7
WP_023467637.1	iML1515.b1539	33.0	179	115	2	7	184	4	178	9.04e-22	90.9
WP_023467637.1	iSSON_1240.SSON_1589	33.0	179	115	2	7	184	4	178	9.04e-22	90.9
WP_023467637.1	iYL1228.KPN_01590	33.1	181	112	3	7	184	4	178	1.28e-21	90.5
WP_023467652.1	STM_v1_0.STM1963	44.0	489	262	4	32	510	3	489	1.39e-140	414
WP_023467652.1	iSDY_1059.SDY_1088	43.4	489	265	5	32	510	3	489	1.05e-137	406
WP_023467652.1	iSSON_1240.SSON_1983	43.4	489	265	5	32	510	3	489	1.49e-137	406
WP_023467652.1	iML1515.b1927	43.1	489	266	5	32	510	3	489	1.19e-136	404
WP_023467652.1	iSbBS512_1146.SbBS512_E1057	43.1	489	266	5	32	510	3	489	1.69e-136	403
WP_023467652.1	iSF_1195.SF1970	43.1	489	266	5	32	510	3	489	1.35e-135	401
WP_023467652.1	iYL1228.KPN_02419	43.3	490	264	6	32	510	3	489	1.23e-133	396
WP_023467657.1	iAF987.Gmet_0069	37.9	95	59	0	44	138	44	138	4.39e-13	68.9
WP_023467657.1	iAF987.Gmet_2999	31.2	125	82	1	2	126	9	129	8.25e-12	65.5
WP_023467658.1	iCN900.CD630_21220	43.9	287	160	1	5	290	4	290	1.66e-77	238
WP_023467668.1	iMM904.YDL142C	33.0	106	67	3	43	147	86	188	2.20e-05	43.5
WP_023467669.1	iCN900.CD630_23770	24.6	142	95	4	12	153	13	142	3.05e-09	53.5
WP_023467672.1	iML1515.b1967	29.0	162	102	5	59	210	114	272	5.66e-15	71.6
WP_023467673.1	iYO844.BSU39780	29.1	289	180	6	3	268	16	302	2.61e-27	107
WP_023467674.1	iYS854.USA300HOU_RS08015	56.2	169	74	0	1	169	3	171	3.58e-62	189
WP_023467681.1	iJN1463.PP_4799	34.9	281	156	7	40	320	45	298	3.79e-35	129
WP_023467688.1	iYS854.USA300HOU_RS07985	51.5	239	114	2	1	238	5	242	2.20e-78	236
WP_023467688.1	iNF517.LLMG_RS06045	50.9	232	112	2	3	233	2	232	3.35e-71	218
WP_023467689.1	iAF692.Mbar_A2310	27.8	97	45	3	84	180	2	73	4.14e-04	37.7
WP_023467692.1	iAF987.Gmet_2999	36.2	116	71	1	7	119	10	125	3.05e-15	73.6
WP_023467692.1	iAF987.Gmet_1706	36.4	118	70	2	6	120	2	117	2.16e-14	70.9
WP_023467693.1	iAF987.Gmet_0043	25.4	232	160	6	347	568	39	267	2.10e-15	79.0
WP_023467697.1	iYS854.USA300HOU_RS06450	32.5	234	155	2	1	233	1	232	3.58e-31	114
WP_023467697.1	iML1515.b1093	30.3	231	158	1	4	231	9	239	7.32e-29	108
WP_023467697.1	iSbBS512_1146.SbBS512_E2231	30.3	231	158	1	4	231	9	239	7.32e-29	108
WP_023467697.1	iSF_1195.SF1097	30.3	231	158	1	4	231	9	239	7.32e-29	108
WP_023467697.1	iSSON_1240.SSON_1113	30.3	231	158	1	4	231	9	239	7.32e-29	108
WP_023467697.1	iSDY_1059.SDY_2057	30.3	231	158	1	4	231	9	239	1.03e-28	108
WP_023467697.1	STM_v1_0.STM1195	30.9	233	154	3	4	231	9	239	1.44e-28	107
WP_023467697.1	iYL1228.KPN_01091	29.4	231	160	1	4	231	9	239	5.89e-27	103
WP_023467697.1	iNF517.LLMG_RS08950	31.4	236	151	5	3	231	8	239	5.77e-27	103
WP_023467700.1	iYO844.BSU16920	53.0	183	86	0	2	184	3	185	2.07e-68	206
WP_023467707.1	iAF692.Mbar_A2215	42.8	269	149	4	1	268	1	265	3.76e-74	228
WP_023467707.1	iLJ478.TM1165	39.5	243	144	1	15	257	13	252	7.03e-66	207
WP_023467708.1	iYO844.BSU16990	60.8	342	134	0	17	358	6	347	6.63e-152	431
WP_023467723.1	iYO844.BSU03070	22.5	417	320	3	3	418	5	419	3.85e-27	114
WP_023467730.1	iYO844.BSU14400	57.5	643	250	7	1	628	1	635	1.53e-230	653
WP_023467730.1	iHN637.CLJU_RS10110	54.6	635	271	6	1	625	1	628	1.24e-213	610
WP_023467742.1	iAF987.Gmet_2349	33.4	566	376	1	3	568	5	569	1.00e-99	313
WP_023467742.1	iJN1463.PP_4935	37.2	500	300	5	71	564	97	588	4.76e-94	299
WP_023467742.1	iYL1228.KPN_00941	36.9	520	311	7	52	564	66	575	9.15e-92	293
WP_023467742.1	STM_v1_0.STM0984	36.9	520	311	7	52	564	66	575	1.80e-91	292
WP_023467742.1	iML1515.b0914	36.6	519	314	6	52	564	66	575	3.56e-91	291
WP_023467742.1	iSbBS512_1146.SbBS512_E2410	36.6	519	314	6	52	564	66	575	3.56e-91	291
WP_023467742.1	iSDY_1059.SDY_2344	36.6	519	314	6	52	564	66	575	3.56e-91	291
WP_023467742.1	iSF_1195.SF0910	36.6	519	314	6	52	564	66	575	9.84e-91	290
WP_023467742.1	iSSON_1240.SSON_0916	36.6	519	314	6	52	564	66	575	1.38e-90	290
WP_023467742.1	iPC815.YPO1395	36.3	543	329	7	28	564	44	575	2.72e-90	289
WP_023467748.1	iCN900.CD630_16140	37.4	206	125	2	20	222	40	244	1.90e-39	139
WP_023467748.1	iYO844.BSU02750	38.0	208	124	3	20	223	21	227	2.36e-39	138
WP_023467748.1	iYO844.BSU33830	30.4	273	182	5	5	271	2	272	7.12e-36	132
WP_023467748.1	iLJ478.TM0421	34.4	224	143	3	3	223	2	224	6.90e-35	129
WP_023467748.1	iYO844.BSU33730	29.3	273	182	6	7	271	4	273	2.76e-34	128
WP_023467759.1	iYO844.BSU17460	78.6	439	92	2	7	445	5	441	5.90e-262	717
WP_023467759.1	iYS854.USA300HOU_RS06590	75.1	445	109	2	1	445	1	443	4.51e-255	700
WP_023467762.1	iSbBS512_1146.SbBS512_E3194	31.6	237	148	7	2	231	12	241	5.00e-23	93.2
WP_023467762.1	iSDY_1059.SDY_2877	31.6	237	148	7	2	231	12	241	5.00e-23	93.2
WP_023467762.1	iSSON_1240.SSON_2826	31.6	237	148	7	2	231	12	241	5.00e-23	93.2
WP_023467762.1	iML1515.b2682	31.6	237	148	7	2	231	12	241	6.98e-23	92.8
WP_023467762.1	iSF_1195.SF2709	31.2	237	149	7	2	231	12	241	1.90e-22	91.7
WP_023467763.1	iYS854.USA300HOU_RS03515	57.1	319	135	1	1	319	2	318	2.22e-119	346
WP_023467768.1	iYO844.BSU09280	64.9	231	80	1	1	230	1	231	1.33e-105	305
WP_023467768.1	iLJ478.TM1429	60.3	234	92	1	1	233	1	234	1.36e-98	286
WP_023467774.1	iYO844.BSU17890	64.8	664	225	5	7	661	1	664	8.47e-309	854
WP_023467774.1	iYS854.USA300HOU_RS06830	58.6	659	263	6	11	661	6	662	4.72e-278	776
WP_023467775.1	iPC815.YPO1395	29.3	570	376	11	11	563	13	572	1.50e-69	234
WP_023467775.1	STM_v1_0.STM0984	30.6	516	343	8	61	570	73	579	4.06e-69	233
WP_023467775.1	iAF987.Gmet_2349	29.2	517	360	4	57	570	56	569	4.47e-69	233
WP_023467775.1	iML1515.b0914	30.2	516	345	8	61	570	73	579	1.53e-68	232
WP_023467775.1	iSbBS512_1146.SbBS512_E2410	30.2	516	345	8	61	570	73	579	1.53e-68	232
WP_023467775.1	iSDY_1059.SDY_2344	30.2	516	345	8	61	570	73	579	1.53e-68	232
WP_023467775.1	iSF_1195.SF0910	30.2	516	345	8	61	570	73	579	1.53e-68	232
WP_023467775.1	iSSON_1240.SSON_0916	30.2	516	345	8	61	570	73	579	2.13e-68	231
WP_023467775.1	iYL1228.KPN_00941	30.8	516	342	8	61	570	73	579	8.04e-68	230
WP_023467775.1	iJN1463.PP_4935	29.7	559	376	8	18	563	31	585	1.22e-61	214
WP_023467780.1	iPC815.YPO0345	25.7	206	122	11	5	192	195	387	8.90e-05	42.7
WP_023467780.1	iJN1463.PP_4235	25.0	184	122	7	4	179	160	335	2.81e-04	41.2
WP_023467788.1	iMM1415.214084	27.8	205	142	3	39	241	126	326	3.09e-12	67.8
WP_023467788.1	iAT_PLT_636.6571	27.3	205	143	3	39	241	123	323	1.27e-11	65.9
WP_023467797.1	iYO844.BSU18000	70.4	908	266	3	2	908	4	909	0.0	1291
WP_023467797.1	iYS854.USA300HOU_RS06870	67.6	896	286	3	13	907	9	901	0.0	1222
WP_023467801.1	iYS854.USA300HOU_RS06875	43.8	130	73	0	5	134	7	136	2.24e-42	137
WP_023467809.1	iAF987.Gmet_0043	30.4	230	145	6	323	541	41	266	4.98e-18	87.0
WP_023467810.1	iAF987.Gmet_0957	29.6	423	283	8	157	571	199	614	2.74e-48	177
WP_023467810.1	iAF987.Gmet_0987	29.9	425	280	8	157	572	364	779	1.99e-46	174
WP_023467810.1	iYL1228.KPN_02455	30.4	395	253	9	180	569	217	594	1.01e-43	164
WP_023467810.1	iJN1463.PP_3581	30.0	427	282	5	155	573	264	681	2.82e-43	164
WP_023467810.1	iAF987.Gmet_2629	27.4	464	295	9	134	579	366	805	2.67e-42	162
WP_023467810.1	iAF987.Gmet_3085	27.6	395	280	4	178	572	491	879	1.50e-41	160
WP_023467832.1	iYS854.USA300HOU_RS00880	33.7	104	61	2	1	98	1	102	5.03e-10	52.0
WP_023467837.1	iCN900.CD630_10620	37.7	53	33	0	8	60	4	56	1.18e-04	36.6
WP_023467837.1	iHN637.CLJU_RS06285	39.6	53	31	1	8	60	5	56	1.73e-04	36.2
WP_023467840.1	iML1515.b3945	51.5	363	174	2	3	364	2	363	9.85e-114	335
WP_023467840.1	iSbBS512_1146.SbBS512_E4432	51.2	363	175	2	3	364	2	363	3.96e-113	333
WP_023467840.1	iYL1228.KPN_04241	51.8	363	173	2	3	364	2	363	5.61e-113	333
WP_023467840.1	iSDY_1059.SDY_3780	51.2	363	175	2	3	364	15	376	2.44e-112	332
WP_023467840.1	STM_v1_0.STM4108	51.0	363	176	2	3	364	2	363	9.09e-112	330
WP_023467840.1	iSSON_1240.SSON_4119	51.0	363	176	2	3	364	15	376	3.94e-111	329
WP_023467840.1	iHN637.CLJU_RS13095	49.6	361	180	2	4	363	3	362	3.86e-107	318
WP_023467840.1	iYL1228.KPN_03494	49.2	364	183	2	4	366	3	365	1.17e-106	317
WP_023467894.1	iNF517.LLMG_RS09290	36.3	201	111	4	4	194	7	200	5.98e-34	119
WP_023467904.1	iEK1008.Rv1631	22.1	190	123	3	6	170	213	402	1.96e-07	49.3
WP_023468015.1	iSF_1195.SF3495	43.5	308	174	0	4	311	4	311	3.99e-85	258
WP_023468015.1	iML1515.b3477	43.2	308	175	0	4	311	4	311	1.60e-84	256
WP_023468015.1	iSbBS512_1146.SbBS512_E3844	43.2	308	175	0	4	311	4	311	1.60e-84	256
WP_023468015.1	iSSON_1240.SSON_3715	43.2	308	175	0	4	311	4	311	1.60e-84	256
WP_023468015.1	iSDY_1059.SDY_3632	42.9	308	176	0	4	311	4	311	6.43e-84	255
WP_023468015.1	iYL1228.KPN_03851	42.6	305	175	0	4	308	4	308	7.31e-83	252
WP_023468015.1	iJN1463.PP_3343	40.4	307	183	0	4	310	4	310	2.08e-79	243
WP_023468038.1	iSynCJ816.SGL_RS05525	35.1	131	74	4	3	131	4	125	9.06e-14	64.3
WP_023468045.1	iCN900.CD630_26110	24.9	169	107	3	33	182	33	200	2.85e-09	55.1
WP_023468045.1	iIT341.HP0089	24.4	201	136	5	2	187	5	204	1.55e-07	50.1
WP_023468078.1	STM_v1_0.STM3225	63.9	385	139	0	9	393	15	399	2.75e-161	460
WP_023468078.1	iJN1463.PP_2443	64.1	390	140	0	4	393	5	394	1.07e-160	458
WP_023468078.1	iPC815.YPO0584	64.3	381	136	0	11	391	20	400	1.19e-159	456
WP_023468078.1	iYL1228.KPN_03517	63.4	385	141	0	9	393	16	400	1.08e-158	453
WP_023468078.1	iML1515.b3089	62.9	383	142	0	11	393	17	399	5.58e-156	446
WP_023468078.1	iSbBS512_1146.SbBS512_E3525	62.9	383	142	0	11	393	17	399	5.58e-156	446
WP_023468078.1	iSSON_1240.SSON_3242	62.9	383	142	0	11	393	17	399	5.58e-156	446
WP_023468078.1	iSF_1195.SF3129	62.9	383	142	0	11	393	17	399	1.12e-155	446
WP_023468078.1	iSDY_1059.SDY_3274	62.9	383	142	0	11	393	17	399	2.25e-155	445
WP_023468140.1	iML1515.b1518	25.6	78	58	0	5	82	5	82	3.42e-04	36.2
WP_023468141.1	iML1515.b1967	34.4	131	79	3	87	213	144	271	2.83e-14	69.7
WP_023468141.1	iYS854.USA300HOU_RS02895	23.8	193	133	4	38	217	92	283	6.30e-12	63.2
WP_023468154.1	iAF987.Gmet_0069	38.1	168	97	3	191	354	137	301	1.70e-25	104
WP_023468154.1	iML1515.b1025	35.8	179	103	4	186	358	272	444	9.05e-23	98.6
WP_023468154.1	iSDY_1059.SDY_1050	33.5	185	112	2	174	358	383	556	1.43e-22	98.6
WP_023468154.1	iJN1463.PP_1494	39.4	170	95	4	191	354	165	332	9.90e-23	97.1
WP_023468154.1	iJN1463.PP_0129	34.8	184	111	4	177	356	466	644	1.79e-21	95.5
WP_023468154.1	iML1515.b1490	38.8	160	90	2	199	354	298	453	1.99e-21	94.7
WP_023468154.1	iAF987.Gmet_2425	38.3	162	95	3	195	354	186	344	8.16e-22	94.7
WP_023468185.1	iJN1463.PP_1494	43.5	161	88	2	217	374	173	333	2.20e-33	126
WP_023468185.1	iAF987.Gmet_2721	43.2	162	89	3	214	373	503	663	5.13e-30	121
WP_023468185.1	iAF987.Gmet_2425	43.2	162	86	4	214	373	187	344	2.87e-30	118
WP_023468185.1	iAF987.Gmet_1298	40.7	162	93	3	214	373	184	344	2.76e-29	115
WP_023468230.1	iYO844.BSU05810	67.0	100	30	1	1	97	1	100	7.21e-42	132
WP_023468232.1	iYO844.BSU05830	67.2	427	139	1	8	434	2	427	3.20e-211	588
WP_023468233.1	iNF517.LLMG_RS01005	34.9	487	277	8	12	472	5	477	4.93e-93	290
WP_023468233.1	iCN900.CD630_08180	37.8	476	260	13	16	470	5	465	9.45e-87	273
WP_023468233.1	iYS854.USA300HOU_RS11865	34.2	477	271	12	17	467	6	465	1.03e-82	263
WP_023468255.1	iCN900.CD630_24200	28.0	182	109	5	52	216	50	226	2.52e-09	57.8
WP_023468282.1	iSbBS512_1146.SbBS512_E4052	25.0	152	94	7	17	154	34	179	3.37e-04	40.0
WP_023468286.1	iCN900.CD630_25880	35.0	183	111	5	3	180	6	185	8.42e-28	103
WP_023468286.1	iLJ478.TM1689	34.8	184	110	4	1	178	1	180	1.24e-27	102
WP_023468286.1	iIT341.HP0321	36.4	176	108	4	5	177	7	181	1.71e-27	102
WP_023468286.1	iJN1463.PP_5296	36.4	176	108	3	2	174	5	179	4.77e-27	101
WP_023468286.1	iCN718.ABAYE_RS02090	35.5	183	114	4	1	180	1	182	1.55e-25	97.4
WP_023468304.1	iCHOv1.100757118	33.3	294	174	8	5	287	48	330	1.04e-35	130
WP_023468304.1	iMM1415.105014	34.0	294	172	9	5	287	48	330	5.72e-34	125
WP_023468309.1	iYS854.USA300HOU_RS01820	49.0	247	120	3	31	271	38	284	1.27e-73	226
WP_023468326.1	iAF692.Mbar_A1776	27.8	209	117	8	86	273	126	321	1.00e-05	46.6
WP_023468374.1	iMM904.YMR226C	34.6	246	151	6	5	241	14	258	2.39e-36	129
WP_023468374.1	iCN718.ABAYE_RS09965	38.2	191	116	2	2	191	5	194	1.60e-35	126
WP_023468374.1	iLJ478.TM1724	34.5	194	126	1	2	195	3	195	3.35e-34	122
WP_023468374.1	iCN718.ABAYE_RS13105	37.4	190	118	1	3	191	5	194	3.14e-33	121
WP_023468374.1	iYO844.BSU15910	34.7	199	128	2	1	198	1	198	3.64e-33	120
WP_023468374.1	iSynCJ816.SGL_RS07245	33.6	223	146	2	5	226	7	228	7.93e-32	116
WP_023468376.1	iCN900.CD630_19470	44.3	219	119	2	6	222	11	228	7.82e-61	190
WP_023468376.1	iJN1463.PP_4210	44.7	215	116	3	12	224	13	226	5.98e-53	180
WP_023468376.1	iYO844.BSU30420	42.4	203	116	1	20	221	21	223	1.87e-54	174
WP_023468378.1	iAF987.Gmet_1917	30.9	165	103	4	118	271	247	411	8.00e-16	76.6
WP_023468378.1	iAF987.Gmet_0987	27.4	266	165	10	25	268	250	509	7.11e-15	74.3
WP_023468378.1	iJN1463.PP_4405	27.8	259	135	10	64	271	66	323	5.85e-15	73.6
WP_023468378.1	iAF987.Gmet_3085	26.8	265	166	10	30	271	353	612	1.80e-14	73.2
WP_023468378.1	iML1515.b1341	26.3	262	168	7	37	275	145	404	9.46e-14	70.5
WP_023468378.1	iML1515.b1285	27.5	171	104	5	122	275	222	389	3.12e-13	69.3
WP_023468378.1	iAF987.Gmet_1298	31.8	151	84	4	140	271	187	337	1.88e-13	69.3
WP_023468400.1	iCN900.CD630_19470	42.6	216	123	1	6	220	13	228	4.70e-52	167
WP_023468400.1	iJN1463.PP_0114	41.0	222	127	3	3	221	2	222	5.88e-48	160
WP_023468400.1	iYO844.BSU30420	40.9	220	127	2	1	217	2	221	2.09e-48	158
WP_023468405.1	iIT341.HP0860	36.4	140	78	2	1	129	1	140	6.49e-23	89.4
WP_023468405.1	iSynCJ816.SGL_RS15280	35.3	156	79	4	5	144	12	161	8.31e-22	87.0
WP_023468405.1	iPC815.YPO1074	36.1	155	81	4	3	139	4	158	5.48e-21	84.7
WP_023468405.1	iAF987.Gmet_0923	33.5	155	86	3	6	143	10	164	3.26e-20	82.8
WP_023468405.1	iYL1228.KPN_00214	36.8	155	80	5	3	139	21	175	1.64e-19	81.3
WP_023468478.1	iYO844.BSU03910	54.2	459	207	1	16	471	3	461	1.76e-176	502
WP_023468478.1	STM_v1_0.STM2791	53.7	471	216	1	3	471	11	481	2.01e-175	500
WP_023468478.1	iYL1228.KPN_00256	53.3	471	218	1	3	471	11	481	3.28e-174	497
WP_023468478.1	iSSON_1240.SSON_2805	53.7	471	216	1	3	471	11	481	4.66e-174	497
WP_023468478.1	iJN1463.PP_0213	53.6	470	214	2	3	470	11	478	6.16e-174	496
WP_023468478.1	iML1515.b2661	53.3	471	218	1	3	471	11	481	1.08e-172	493
WP_023468478.1	iCN718.ABAYE_RS11770	50.3	471	232	1	3	471	11	481	2.22e-165	475
WP_023468478.1	iCN718.ABAYE_RS14730	51.0	471	229	1	3	471	12	482	9.60e-164	471
WP_023468478.1	iAF987.Gmet_3395	52.2	467	221	1	7	471	16	482	2.29e-162	467
WP_023468478.1	iMM1415.214579	50.7	471	228	2	5	471	51	521	1.10e-159	462
WP_023468479.1	iSF_1195.SF2114	33.0	91	52	4	41	124	43	131	1.84e-05	42.0
WP_023468479.1	iSSON_1240.SSON_2104	33.0	91	52	4	41	124	44	132	2.56e-05	41.6
WP_023468479.1	iPC815.YPO2167	28.1	114	52	5	33	127	5	107	6.33e-05	40.0
WP_023468479.1	iNF517.LLMG_RS10755	36.6	71	34	3	21	87	13	76	1.40e-04	39.7
WP_023468479.1	iML1515.b2051	31.5	89	52	4	41	122	43	129	2.35e-04	38.9
WP_023468479.1	iAF987.Gmet_1790	25.9	85	56	2	42	126	50	127	3.09e-04	38.5
WP_023468479.1	iAF987.Gmet_1170	28.8	104	60	5	31	128	15	110	3.56e-04	38.1
WP_023468480.1	iYO844.BSU33420	36.2	683	402	12	1	666	1	666	1.14e-123	382
WP_023468483.1	iYO844.BSU09850	77.5	404	90	1	1	404	1	403	8.35e-209	579
WP_023468484.1	iYS854.USA300HOU_RS05420	29.8	84	55	2	76	159	138	217	1.16e-05	43.5
WP_023468484.1	iAF692.Mbar_A0669	33.3	84	50	3	79	160	579	658	3.32e-05	42.7
WP_023468496.1	iYS854.USA300HOU_RS03005	62.0	460	174	1	1	459	1	460	5.49e-203	569
WP_023468519.1	iYO844.BSU08000	45.1	319	168	3	1	315	1	316	1.18e-91	275
WP_023468534.1	iSynCJ816.SGL_RS08250	38.6	440	227	13	142	550	24	451	1.21e-95	301
WP_023468540.1	iYO844.BSU31620	63.7	113	41	0	1	113	1	113	5.01e-48	149
WP_023468540.1	iYS854.USA300HOU_RS04710	60.6	109	43	0	5	113	1	109	3.31e-43	136
WP_023468541.1	iYO844.BSU31630	53.3	490	229	0	3	492	3	492	1.99e-169	486
WP_023468541.1	iYS854.USA300HOU_RS04705	49.5	493	247	1	3	493	5	497	9.91e-161	464
WP_023468542.1	iYO844.BSU31640	58.9	158	65	0	1	158	1	158	1.70e-60	184
WP_023468544.1	iYO844.BSU31660	56.0	109	48	0	1	109	1	109	2.96e-33	112
WP_023468550.1	iYS854.USA300HOU_RS09930	42.3	201	116	0	10	210	280	480	6.19e-50	168
WP_023468550.1	iYL1228.KPN_00839	45.9	205	110	1	7	210	11	215	1.84e-50	162
WP_023468550.1	STM_v1_0.STM0829	44.9	205	112	1	7	210	11	215	5.91e-49	159
WP_023468550.1	iPC815.YPO2513	43.1	204	116	0	7	210	11	214	1.63e-48	157
WP_023468550.1	iSbBS512_1146.SbBS512_E2538	44.9	205	112	1	7	210	11	215	3.35e-48	157
WP_023468550.1	iML1515.b0810	44.4	205	113	1	7	210	11	215	4.74e-48	156
WP_023468550.1	iSDY_1059.SDY_0786	44.4	205	113	1	7	210	11	215	4.74e-48	156
WP_023468550.1	iSF_1195.SF0761	44.4	205	113	1	7	210	11	215	4.74e-48	156
WP_023468550.1	iSSON_1240.SSON_0790	44.4	205	113	1	7	210	11	215	4.74e-48	156
WP_023468551.1	iNF517.LLMG_RS09715	38.1	239	146	2	17	254	243	480	6.56e-49	171
WP_023468551.1	iYL1228.KPN_00840	42.9	233	129	3	18	249	9	238	4.66e-52	169
WP_023468551.1	iML1515.b0811	42.9	233	129	3	18	249	9	238	2.62e-51	167
WP_023468551.1	iSF_1195.SF0762	42.9	233	129	3	18	249	9	238	2.62e-51	167
WP_023468551.1	iSSON_1240.SSON_0791	42.9	233	129	3	18	249	9	238	2.62e-51	167
WP_023468551.1	iSDY_1059.SDY_0785	42.9	233	129	3	18	249	9	238	5.24e-51	166
WP_023468551.1	STM_v1_0.STM0830	42.5	233	130	3	18	249	9	238	1.04e-50	166
WP_023468551.1	iSbBS512_1146.SbBS512_E2537	45.2	217	115	3	34	249	25	238	2.94e-50	164
WP_023468551.1	iPC815.YPO2512	45.1	213	112	3	38	249	29	237	1.27e-48	160
WP_023468560.1	iNF517.LLMG_RS00150	46.0	137	70	1	5	137	1	137	3.38e-39	129
WP_023468560.1	iYS854.USA300HOU_RS11640	46.9	130	69	0	8	137	6	135	1.72e-34	117
WP_023468561.1	iYO844.BSU03981	63.2	468	164	1	10	469	10	477	1.77e-208	584
WP_023468561.1	iYL1228.KPN_03942	61.5	468	177	3	11	475	5	472	5.23e-189	541
WP_023468561.1	STM_v1_0.STM3685	61.5	465	176	3	11	472	5	469	1.64e-188	540
WP_023468561.1	iML1515.b3599	61.7	465	175	3	11	472	5	469	6.39e-188	538
WP_023468561.1	iSbBS512_1146.SbBS512_E4016	61.5	465	176	3	11	472	5	469	2.58e-187	536
WP_023468561.1	iSF_1195.SF3633	61.5	465	176	3	11	472	5	469	2.58e-187	536
WP_023468561.1	iSSON_1240.SSON_3809	61.5	465	176	3	11	472	5	469	2.58e-187	536
WP_023468563.1	iYS854.USA300HOU_RS11630	31.5	92	61	2	2	91	417	508	1.16e-09	53.1
WP_023468563.1	iYO844.BSU03981	33.3	87	57	1	6	91	392	478	4.00e-09	51.6
WP_023468563.1	iML1515.b2933	44.6	56	31	0	6	61	373	428	6.60e-08	48.1
WP_023468566.1	iYO844.BSU03610	37.4	281	150	9	1	268	1	268	2.88e-39	137
WP_023468567.1	iJN1463.PP_0226	48.6	208	107	0	13	220	7	214	4.20e-58	182
WP_023468567.1	iML1515.b1918	44.5	211	117	0	13	223	6	216	2.83e-53	170
WP_023468567.1	iYO844.BSU03600	42.3	215	122	2	13	225	18	232	1.30e-51	166
WP_023468568.1	iAF987.Gmet_0700	36.2	442	267	6	182	611	381	819	4.93e-83	277
WP_023468568.1	iJN1463.PP_0914	35.1	447	274	5	179	609	236	682	4.41e-82	271
WP_023468568.1	iAF987.Gmet_2629	34.9	421	261	6	194	602	381	800	9.70e-80	268
WP_023468568.1	iAF987.Gmet_0957	35.5	425	259	7	194	604	191	614	1.91e-78	260
WP_023468568.1	iAF987.Gmet_3085	34.9	433	269	4	191	610	452	884	1.62e-75	258
WP_023468569.1	iYO844.BSU19230	43.1	209	118	1	1	209	1	208	1.46e-61	190
WP_023468576.1	iCN900.CD630_27330	37.4	385	234	5	5	384	4	386	1.76e-95	290
WP_023468576.1	iCN900.CD630_26960	35.9	396	242	7	1	386	1	394	5.77e-87	268
WP_023468577.1	iYO844.BSU06660	63.1	483	176	1	6	486	7	489	5.55e-212	594
WP_023468577.1	iHN637.CLJU_RS10075	62.3	477	179	1	10	485	11	487	4.87e-210	589
WP_023468577.1	iYO844.BSU03220	63.3	469	172	0	15	483	1	469	3.77e-210	589
WP_023468593.1	iAF692.Mbar_A0853	32.1	165	86	2	14	178	10	148	2.58e-18	77.4
WP_023468593.1	iYS854.USA300HOU_RS08470	30.0	180	88	4	6	183	2	145	6.63e-17	73.6
WP_023468596.1	iCHOv1.100765478	28.5	393	231	10	6	349	54	445	9.27e-28	115
WP_023468596.1	iMM1415.240332	27.4	387	213	11	2	330	37	413	1.70e-27	115
WP_023468596.1	iAT_PLT_636.6532	26.9	405	247	8	6	363	82	484	3.02e-27	114
WP_023468596.1	iMM1415.243616	26.7	405	230	10	6	354	48	441	1.32e-26	112
WP_023468596.1	iMM1415.15567	26.8	403	244	9	6	361	82	480	2.40e-26	111
WP_023468596.1	iCHOv1.100760370	27.4	368	224	8	4	330	45	410	5.32e-26	110
WP_023468596.1	iAT_PLT_636.6539	26.6	398	234	13	6	351	39	430	5.57e-26	110
WP_023468596.1	iMM1415.232333	27.4	368	224	8	4	330	45	410	5.32e-26	110
WP_023468596.1	iMM1415.14411	27.8	396	236	12	6	354	53	445	5.78e-26	110
WP_023468596.1	iCHOv1.100752445	27.5	396	237	12	6	354	49	441	1.03e-25	109
WP_023468596.1	iCHOv1.100754706	26.6	403	245	8	6	361	82	480	3.40e-25	108
WP_023468596.1	iMM1415.13162	25.8	376	225	7	6	330	63	435	3.31e-25	108
WP_023468596.1	iMM1415.104245	24.1	523	304	13	2	446	208	715	7.83e-25	107
WP_023468596.1	iCHOv1.100761450	24.5	523	302	13	2	446	185	692	3.30e-24	105
WP_023468596.1	iMM1415.14412	25.7	381	216	11	6	330	46	415	2.55e-24	105
WP_023468596.1	iAT_PLT_636.6534	26.2	424	208	13	2	330	118	531	4.26e-24	105
WP_023468596.1	iCHOv1.100774471	27.8	428	240	19	2	368	27	446	4.79e-24	104
WP_023468598.1	iYS854.USA300HOU_RS03905	55.7	506	221	2	1	505	1	504	3.93e-182	520
WP_023468602.1	iAF987.Gmet_0068	33.9	180	87	7	25	197	34	188	1.76e-21	87.0
WP_023468604.1	iSSON_1240.SSON_0297	25.7	525	351	14	1	502	12	520	9.86e-33	131
WP_023468604.1	iML1515.b0347	25.5	525	352	14	1	502	12	520	8.23e-32	128
WP_023468604.1	iYL1228.KPN_02122	30.2	351	207	9	6	335	17	350	1.51e-31	127
WP_023468622.1	iYO844.BSU22420	52.0	277	127	3	1	271	1	277	2.75e-92	274
WP_023468622.1	iLJ478.TM1077	51.3	279	123	4	1	269	1	276	1.04e-85	257
WP_023468623.1	iYO844.BSU22430	61.2	276	107	0	1	276	1	276	2.80e-115	332
WP_023468624.1	iYO844.BSU22440	41.0	322	185	3	1	317	1	322	1.86e-80	247
WP_023468639.1	iYO844.BSU22730	58.1	136	57	0	1	136	2	137	3.54e-55	169
WP_023468639.1	iSynCJ816.SGL_RS12365	56.9	137	59	0	1	137	1	137	1.44e-54	167
WP_023468639.1	iYS854.USA300HOU_RS07510	57.2	138	59	0	1	138	1	138	1.17e-53	165
WP_023468639.1	iAT_PLT_636.4832	56.3	135	59	0	2	136	22	156	5.11e-52	162
WP_023468639.1	iMM1415.79059	58.8	131	54	0	2	132	22	152	2.93e-51	160
WP_023468639.1	iEK1008.Rv2445c	58.6	133	54	1	2	133	3	135	3.00e-51	159
WP_023468639.1	iAF692.Mbar_A3385	55.1	136	61	0	1	136	1	136	9.07e-51	158
WP_023468639.1	iAM_Pv461.PVX_115285	52.9	136	64	0	1	136	1	136	2.59e-50	157
WP_023468639.1	iCHOv1.100765914	53.3	135	63	0	2	136	5	139	5.73e-50	156
WP_023468639.1	iAM_Pb448.PBANKA_114240	52.9	136	64	0	1	136	1	136	5.22e-50	156
WP_023468639.1	iAM_Pc455.PCYB_111400	53.7	136	63	0	1	136	1	136	5.22e-50	156
WP_023468639.1	iAM_Pf480.PF3D7_1366500	52.2	136	65	0	1	136	1	136	7.41e-50	155
WP_023468639.1	iAT_PLT_636.4830	52.6	135	64	0	2	136	30	164	2.48e-49	155
WP_023468639.1	iMM1415.18102	51.9	135	65	0	2	136	5	139	2.32e-49	154
WP_023468639.1	iMM1415.18103	52.2	136	65	0	1	136	4	139	3.29e-49	154
WP_023468639.1	iAT_PLT_636.4831	51.5	136	66	0	1	136	4	139	4.67e-49	154
WP_023468639.1	iCHOv1.100765627	50.7	136	67	0	1	136	4	139	6.63e-49	153
WP_023468640.1	iYO844.BSU22740	42.3	319	184	0	1	319	29	347	2.39e-91	275
WP_023468641.1	iYS854.USA300HOU_RS07520	61.0	231	88	1	4	234	5	233	2.54e-103	298
WP_023468641.1	iYO844.BSU22750	64.6	229	81	0	6	234	5	233	1.06e-100	291
WP_023468642.1	iYO844.BSU22760	30.2	116	71	4	23	129	24	138	7.04e-07	47.8
WP_023468645.1	iYO844.BSU22830	59.6	339	137	0	1	339	1	339	2.14e-137	393
WP_023468646.1	iAF987.Gmet_2444	37.6	125	72	3	177	301	23	141	1.54e-09	59.7
WP_023468648.1	iCN900.CD630_18170	33.0	194	123	3	12	199	5	197	5.91e-34	119
WP_023468649.1	iYO844.BSU22890	56.4	220	96	0	1	220	1	220	5.03e-82	243
WP_023468652.1	iYS854.USA300HOU_RS07575	50.6	322	158	1	1	321	1	322	2.94e-102	302
WP_023468652.1	iNF517.LLMG_RS09135	49.5	307	153	2	1	306	1	306	1.07e-94	283
WP_023468653.1	iYS854.USA300HOU_RS07580	55.6	322	137	2	2	321	4	321	6.07e-125	360
WP_023468654.1	iYO844.BSU22960	81.3	412	74	1	13	421	16	427	1.41e-251	689
WP_023468654.1	iYS854.USA300HOU_RS04750	76.2	408	97	0	13	420	6	413	2.08e-236	650
WP_023468654.1	iYO844.BSU37790	77.3	409	93	0	13	421	16	424	1.42e-234	646
WP_023468655.1	iAF987.Gmet_0415	49.3	296	143	3	2	296	10	299	1.21e-82	261
WP_023468657.1	iCN900.CD630_35960	23.0	161	116	4	121	277	620	776	3.17e-07	51.2
WP_023468661.1	iAF987.Gmet_0148	34.3	67	36	2	1	67	1	59	6.90e-07	42.0
WP_023468673.1	iYO844.BSU15180	44.0	491	271	3	1	487	1	491	8.40e-138	405
WP_023468674.1	iAM_Pv461.PVX_087035	24.1	403	272	7	15	384	27	428	3.33e-27	112
WP_023468674.1	iAM_Pc455.PCYB_074100	28.2	177	127	0	27	203	31	207	3.72e-26	109
WP_023468674.1	iAM_Pf480.PF3D7_0933600	25.0	308	202	4	27	308	66	370	8.22e-26	108
WP_023468674.1	iMM1415.22273	27.4	197	142	1	7	203	53	248	6.73e-25	105
WP_023468674.1	iAT_PLT_636.7384	26.9	197	143	1	7	203	53	248	9.12e-25	105
WP_023468674.1	iAM_Pb448.PBANKA_083440	27.7	177	128	0	27	203	60	236	1.02e-23	102
WP_023468680.1	iSynCJ816.SGL_RS10925	36.4	228	120	7	232	434	18	245	6.03e-21	95.5
WP_023468680.1	iML1515.b3590	34.0	212	127	8	228	432	2	207	6.21e-19	90.9
WP_023468686.1	iYS854.USA300HOU_RS06365	59.6	567	226	3	1	565	1	566	1.23e-234	658
WP_023468689.1	iYO844.BSU16540	44.0	257	139	3	1	255	4	257	1.03e-64	202
WP_023468690.1	iYO844.BSU16530	55.6	239	106	0	8	246	22	260	3.62e-91	269
WP_023468690.1	iYS854.USA300HOU_RS06350	52.1	242	116	0	5	246	12	253	7.95e-87	258
WP_023468690.1	iSynCJ816.SGL_RS16700	51.7	232	112	0	15	246	18	249	1.69e-84	251
WP_023468692.1	iYO844.BSU16510	81.9	237	43	0	2	238	3	239	1.64e-137	385
WP_023468692.1	iYS854.USA300HOU_RS06340	73.8	233	61	0	4	236	6	238	4.12e-124	351
WP_023468708.1	iAF987.Gmet_1919	38.0	108	66	1	5	112	5	111	1.70e-15	70.5
WP_023468726.1	iCN900.CD630_20200	33.7	92	49	4	8	94	568	652	4.88e-04	42.4
WP_023468729.1	iSynCJ816.SGL_RS13580	54.0	435	184	5	4	425	7	438	4.01e-154	444
WP_023468731.1	iYO844.BSU16100	77.1	301	68	1	1	301	1	300	4.04e-167	465
WP_023468731.1	iYS854.USA300HOU_RS06270	72.3	300	82	1	1	300	1	299	2.78e-156	438
WP_023468732.1	iYO844.BSU16090	73.5	385	102	0	1	385	1	385	2.63e-202	561
WP_023468732.1	iYS854.USA300HOU_RS06265	70.7	386	113	0	1	386	1	386	5.88e-195	543
WP_023468752.1	iYS854.USA300HOU_RS06170	43.6	181	101	1	1	181	6	185	3.38e-40	134
WP_023468754.1	iYO844.BSU15860	76.2	290	67	1	1	290	1	288	8.38e-144	406
WP_023468755.1	iYO844.BSU15850	60.8	212	83	0	1	212	1	212	8.32e-91	265
WP_023468759.1	iYO844.BSU40330	64.0	447	161	0	2	448	10	456	6.17e-204	572
WP_023468759.1	iYO844.BSU37760	54.9	448	201	1	2	448	7	454	4.92e-182	516
WP_023468763.1	iYS854.USA300HOU_RS06135	43.5	292	159	5	12	301	4	291	3.14e-67	211
WP_023468769.1	iYO844.BSU15700	57.1	373	156	2	1	369	1	373	2.41e-133	387
WP_023468776.1	iML1515.b4192	33.3	81	47	2	129	203	212	291	2.09e-06	47.4
WP_023468776.1	iSDY_1059.SDY_4361	33.3	81	47	2	129	203	189	268	2.01e-06	47.4
WP_023468776.1	iSF_1195.SF4347	33.3	81	47	2	129	203	214	293	2.10e-06	47.4
WP_023468776.1	iSSON_1240.SSON_4374	33.3	81	47	2	129	203	214	293	2.10e-06	47.4
WP_023468776.1	iSbBS512_1146.SbBS512_E4722	35.6	73	40	2	129	195	212	283	5.07e-06	46.2
WP_023468776.1	iYL1228.KPN_04585	32.1	81	48	2	129	203	212	291	1.23e-05	45.1
WP_023468776.1	STM_v1_0.STM4382	30.9	81	49	2	129	203	212	291	2.21e-05	44.3
WP_023468778.1	iAF987.Gmet_3253	28.3	113	61	4	8	119	6	99	6.46e-05	40.4
WP_023468778.1	iCN718.ABAYE_RS05715	26.8	142	80	6	9	149	5	123	1.21e-04	39.7
WP_023468783.1	iYO844.BSU15540	66.6	299	100	0	5	303	2	300	1.19e-144	409
WP_023468783.1	iNF517.LLMG_RS05615	65.2	299	100	3	1	295	1	299	3.46e-132	377
WP_023468784.1	iYO844.BSU15530	47.8	255	119	7	2	243	3	256	1.08e-73	224
WP_023468788.1	iYS854.USA300HOU_RS06030	57.6	288	118	3	9	293	3	289	9.93e-111	322
WP_023468788.1	iYO844.BSU15490	53.7	300	136	2	8	306	2	299	1.17e-104	307
WP_023468792.1	STM_v1_0.STM0047	29.7	145	95	3	2	142	12	153	7.87e-17	72.8
WP_023468805.1	iYO844.BSU15190	57.6	311	123	4	7	313	9	314	5.15e-113	330
WP_023468805.1	iYS854.USA300HOU_RS05940	50.8	313	151	2	5	315	3	314	1.73e-100	298
WP_023468816.1	iYO844.BSU15020	63.4	161	59	0	1	161	1	161	1.79e-71	212
WP_023468816.1	iYS854.USA300HOU_RS05615	61.3	155	60	0	4	158	5	159	5.19e-66	198
WP_023468817.1	iCN718.ABAYE_RS13845	30.6	160	103	4	1	157	5	159	7.21e-15	68.9
WP_023468823.1	iIS312.TCDM_05651	28.9	149	90	6	63	201	122	264	3.07e-08	52.0
WP_023468824.1	iYS854.USA300HOU_RS05575	57.3	150	62	1	4	153	6	153	3.36e-53	165
WP_023468826.1	iYO844.BSU14920	42.4	92	53	0	18	109	18	109	5.89e-16	67.4
WP_023468827.1	iYO844.BSU14910	67.3	196	62	2	14	208	12	206	2.83e-83	245
WP_023468829.1	iYO844.BSU14890	46.4	349	155	9	13	337	8	348	2.64e-93	281
WP_023468830.1	iYO844.BSU14880	49.2	303	145	4	8	310	11	304	5.90e-87	262
WP_023468831.1	iYO844.BSU14870	42.0	293	156	6	1	281	1	291	1.19e-57	187
WP_023468831.1	iYS854.USA300HOU_RS05565	37.5	288	170	5	2	281	57	342	2.17e-50	169
WP_023468842.1	iSynCJ816.SGL_RS17200	25.7	490	246	12	10	397	9	482	5.44e-33	134
WP_023468842.1	iEK1008.Rv0684	26.4	489	248	12	9	397	13	489	2.38e-32	132
WP_023468842.1	iSynCJ816.SGL_RS10930	27.0	485	245	12	9	397	10	481	5.60e-29	122
WP_023468850.1	iYO844.BSU14600	66.4	447	123	5	4	430	3	442	1.50e-186	525
WP_023468850.1	iYS854.USA300HOU_RS05465	63.3	439	138	5	4	430	3	430	3.92e-174	493
WP_023468851.1	iYO844.BSU14590	77.5	325	73	0	1	325	1	325	8.29e-185	512
WP_023468851.1	iYS854.USA300HOU_RS05460	72.9	325	88	0	1	325	1	325	4.37e-173	482
WP_023468852.1	iYO844.BSU14580	72.0	347	96	1	15	360	25	371	9.40e-181	505
WP_023468852.1	iYS854.USA300HOU_RS05455	68.0	359	114	1	3	360	12	370	8.50e-172	482
WP_023468856.1	iML1515.b3697	25.9	266	184	4	5	257	4	269	5.27e-22	91.7
WP_023468857.1	iYO844.BSU14510	64.7	221	78	0	1	221	1	221	7.71e-97	281
WP_023468857.1	iYS854.USA300HOU_RS05420	63.6	217	79	0	1	217	1	217	2.02e-94	275
WP_023468858.1	iYS854.USA300HOU_RS05415	53.6	334	155	0	6	339	6	339	8.17e-121	351
WP_023468859.1	iYS854.USA300HOU_RS05410	52.3	449	207	3	4	450	2	445	1.48e-161	464
WP_023468869.1	iYS854.USA300HOU_RS00270	24.6	167	119	4	18	183	3	163	4.94e-11	58.2
WP_023468869.1	STM_v1_0.STM1502	26.8	153	107	2	18	170	9	156	9.52e-11	57.8
WP_023468869.1	iML1515.b1584	26.1	153	108	2	18	170	9	156	2.52e-10	56.6
WP_023468869.1	iYL1228.KPN_01583	26.8	153	107	2	18	170	9	156	4.82e-10	55.8
WP_023468872.1	iYO844.BSU29600	41.1	418	241	4	5	419	8	423	8.86e-95	292
WP_023468872.1	iML1515.b0401	37.2	435	267	5	3	436	6	435	1.75e-86	270
WP_023468872.1	iSbBS512_1146.SbBS512_E0320	37.2	435	267	5	3	436	6	435	1.75e-86	270
WP_023468872.1	iSDY_1059.SDY_0336	37.2	435	267	5	3	436	6	435	1.75e-86	270
WP_023468872.1	iSSON_1240.SSON_0378	37.2	435	267	5	3	436	6	435	1.75e-86	270
WP_023468872.1	iSF_1195.SF0338	37.2	435	267	5	3	436	6	435	4.90e-86	269
WP_023468872.1	STM_v1_0.STM0399	38.0	418	253	5	3	419	6	418	6.91e-86	269
WP_023468872.1	iJN1463.PP_4184	39.5	418	247	5	3	419	5	417	9.20e-86	268
WP_023468872.1	iYL1228.KPN_00342	38.2	421	248	6	3	419	6	418	2.73e-85	267
WP_023468872.1	iYO844.BSU26690	40.6	421	243	6	10	426	13	430	8.69e-84	263
WP_023468875.1	iYS854.USA300HOU_RS07240	34.1	123	77	3	62	182	63	183	5.21e-12	62.0
WP_023468879.1	iYO844.BSU11720	61.9	252	95	1	6	256	4	255	9.87e-101	293
WP_023468879.1	iYS854.USA300HOU_RS05010	57.7	253	106	1	6	257	3	255	3.11e-94	277
WP_023468881.1	iNF517.LLMG_RS01970	43.0	272	148	6	26	292	20	289	2.46e-59	191
WP_023468882.1	iYO844.BSU11610	57.8	263	109	2	1	262	1	262	7.66e-112	322
WP_023468882.1	iYS854.USA300HOU_RS04990	56.6	267	113	3	1	265	1	266	2.03e-105	306
WP_023468887.1	iCN900.CD630_01920	45.6	478	235	6	46	503	24	496	1.51e-148	434
WP_023468888.1	iLJ478.TM1724	31.1	241	157	5	5	239	9	246	1.66e-29	110
WP_023468892.1	iYS854.USA300HOU_RS04905	65.3	308	99	1	1	308	1	300	1.42e-138	394
WP_023468893.1	iYS854.USA300HOU_RS04900	65.9	334	114	0	2	335	3	336	2.47e-151	430
WP_023468894.1	iYS854.USA300HOU_RS04895	53.7	313	139	2	34	343	47	356	1.73e-117	343
WP_023468895.1	iYS854.USA300HOU_RS04890	52.3	308	146	1	1	308	1	307	4.22e-105	308
WP_023468896.1	iYS854.USA300HOU_RS04910	38.9	537	312	9	10	536	8	538	1.68e-113	347
WP_023468899.1	iYS854.USA300HOU_RS04910	37.9	507	310	4	44	545	33	539	3.45e-122	370
WP_023468901.1	iYO844.BSU11340	61.7	413	157	1	1	412	1	413	6.33e-186	522
WP_023468901.1	iYS854.USA300HOU_RS04880	60.0	410	163	1	4	412	5	414	2.29e-174	493
WP_023468902.1	iYO844.BSU11330	50.6	312	152	2	1	310	1	312	1.48e-100	297
WP_023468902.1	iCN900.CD630_11790	48.1	324	152	2	2	309	4	327	1.46e-91	275
WP_023468902.1	iYS854.USA300HOU_RS04875	48.2	313	159	3	1	310	1	313	3.64e-91	273
WP_023468903.1	iYO844.BSU27270	58.7	230	95	0	1	230	1	230	4.29e-94	275
WP_023468903.1	iML1515.b0159	56.3	231	100	1	1	231	1	230	2.32e-84	250
WP_023468903.1	STM_v1_0.STM0207	55.8	231	101	1	1	231	1	230	2.32e-84	250
WP_023468903.1	iSbBS512_1146.SbBS512_E0151	56.3	231	100	1	1	231	1	230	2.32e-84	250
WP_023468903.1	iSDY_1059.SDY_0175	56.3	231	100	1	1	231	1	230	2.32e-84	250
WP_023468903.1	iSF_1195.SF0151	56.3	231	100	1	1	231	1	230	2.32e-84	250
WP_023468903.1	iSSON_1240.SSON_0171	56.3	231	100	1	1	231	1	230	2.32e-84	250
WP_023468905.1	iYO844.BSU27330	68.9	209	65	0	2	210	3	211	2.42e-103	296
WP_023468906.1	iCN718.ABAYE_RS12870	29.9	174	101	4	34	204	34	189	8.25e-22	88.2
WP_023468920.1	iCN900.CD630_17030	36.1	144	87	3	25	166	89	229	5.86e-18	80.5
WP_023468920.1	iAF692.Mbar_A1238	33.1	139	92	1	4	142	8	145	1.15e-17	79.3
WP_023468920.1	iSDY_1059.SDY_0761	32.8	137	89	2	16	152	25	158	2.26e-17	78.6
WP_023468920.1	iAF987.Gmet_1043	32.4	139	93	1	4	142	48	185	4.79e-17	78.2
WP_023468920.1	iML1515.b0826	32.8	137	89	2	16	152	25	158	8.24e-17	77.0
WP_023468920.1	iSbBS512_1146.SbBS512_E2522	32.8	137	89	2	16	152	25	158	8.24e-17	77.0
WP_023468920.1	iSF_1195.SF0776	32.1	137	90	2	16	152	25	158	1.14e-16	76.6
WP_023468920.1	iSDY_1059.SDY_3734	30.9	136	93	1	12	147	12	146	2.82e-16	75.5
WP_023468920.1	iSF_1195.SF4064	30.9	136	93	1	12	147	18	152	3.07e-16	75.5
WP_023468920.1	iSSON_1240.SSON_0808	32.8	137	89	2	16	152	25	158	4.12e-16	75.1
WP_023468920.1	iML1515.b3992	30.1	136	94	1	12	147	18	152	1.11e-15	73.9
WP_023468920.1	STM_v1_0.STM4162	30.0	150	99	3	3	147	4	152	2.13e-15	73.2
WP_023468920.1	iSSON_1240.SSON_4165	30.1	136	94	1	12	147	12	146	1.94e-15	73.2
WP_023468924.1	iYS854.USA300HOU_RS08675	62.2	585	218	2	1	582	1	585	3.83e-254	709
WP_023468924.1	iCN900.CD630_27390	56.6	585	251	3	4	586	9	592	1.31e-229	647
WP_023468924.1	iAF987.Gmet_1357	56.4	587	251	4	4	587	10	594	1.37e-226	639
WP_023468925.1	iYS854.USA300HOU_RS08680	57.2	416	176	2	1	415	2	416	1.33e-178	504
WP_023468927.1	iYO844.BSU27600	65.9	734	245	3	1	730	1	733	0.0	967
WP_023468928.1	iYO844.BSU27610	65.3	170	59	0	1	170	1	170	2.65e-82	240
WP_023468928.1	iYS854.USA300HOU_RS08700	63.4	172	63	0	1	172	1	172	3.30e-81	237
WP_023468938.1	iYO844.BSU27860	49.8	275	134	3	1	272	1	274	3.89e-81	246
WP_023468940.1	iAF987.Gmet_0872	32.6	384	221	8	1	359	2	372	4.53e-49	169
WP_023468940.1	iYL1228.KPN_02862	31.0	371	238	8	2	356	5	373	1.67e-46	162
WP_023468940.1	STM_v1_0.STM2543	31.0	374	234	9	2	356	5	373	3.26e-46	162
WP_023468940.1	iCN900.CD630_12790	29.6	368	246	6	2	356	6	373	2.09e-45	159
WP_023468940.1	iAF987.Gmet_0992	30.6	366	239	8	2	353	4	368	2.58e-45	159
WP_023468940.1	iPC815.YPO2896	31.2	372	238	8	2	357	10	379	3.75e-45	159
WP_023468940.1	iML1515.b2530	30.7	374	235	9	2	356	5	373	4.73e-45	159
WP_023468940.1	iSbBS512_1146.SbBS512_E2905	30.7	374	235	9	2	356	5	373	4.73e-45	159
WP_023468940.1	iSDY_1059.SDY_2726	30.7	374	235	9	2	356	13	381	5.57e-45	159
WP_023468940.1	iSF_1195.SF2577	30.7	374	235	9	2	356	5	373	4.73e-45	159
WP_023468940.1	iSSON_1240.SSON_2612	30.7	374	235	9	2	356	13	381	5.57e-45	159
WP_023468940.1	iLB1027_lipid.PHATRDRAFT_34119	31.0	374	224	12	7	356	2	365	4.52e-44	156
WP_023468943.1	iAF692.Mbar_A1452	30.1	93	59	3	161	250	8	97	1.05e-04	44.3
WP_023468943.1	iYL1228.KPN_03779	28.4	95	62	3	161	250	6	99	2.50e-04	43.1
WP_023468943.1	iSSON_1240.SSON_3540	27.4	95	63	3	161	250	6	99	7.57e-04	41.6
WP_023468943.1	iSbBS512_1146.SbBS512_E3790	27.4	95	63	3	161	250	6	99	9.98e-04	41.2
WP_023468943.1	iSDY_1059.SDY_3667	27.4	95	63	3	161	250	6	99	9.98e-04	41.2
WP_023468943.1	iSF_1195.SF3428	27.4	95	63	3	161	250	6	99	9.98e-04	41.2
WP_023468951.1	iML1515.b0650	29.3	181	103	5	9	169	8	183	1.29e-06	49.7
WP_023468951.1	STM_v1_0.STM0659	25.6	215	136	6	9	201	8	220	1.29e-06	49.7
WP_023468951.1	iSbBS512_1146.SbBS512_E0599	29.3	181	103	5	9	169	8	183	1.29e-06	49.7
WP_023468951.1	iSSON_1240.SSON_0604	29.3	181	103	5	9	169	8	183	1.29e-06	49.7
WP_023468970.1	iYS854.USA300HOU_RS08835	62.5	325	118	2	4	326	1	323	2.64e-149	422
WP_023468970.1	iYO844.BSU28130	62.2	320	119	1	6	325	5	322	3.00e-141	402
WP_023468970.1	iAF987.Gmet_0189	58.3	319	131	1	8	326	7	323	8.60e-134	383
WP_023468970.1	iSynCJ816.SGL_RS09590	60.4	323	122	2	8	326	6	326	7.51e-133	380
WP_023468972.1	iYO844.BSU28150	54.9	308	139	0	1	308	2	309	2.06e-114	332
WP_023468972.1	iYS854.USA300HOU_RS08845	51.6	304	147	0	1	304	1	304	2.77e-108	317
WP_023468975.1	iML1515.b4173	20.5	176	124	3	23	193	197	361	2.86e-04	40.4
WP_023468977.1	iCN900.CD630_20200	24.7	340	172	13	75	399	577	847	4.20e-07	52.0
WP_023468982.1	iJN1463.PP_5100	51.3	193	88	5	2	191	6	195	5.45e-51	162
WP_023468982.1	iAF987.Gmet_1875	49.7	191	95	1	3	192	4	194	1.46e-50	161
WP_023468982.1	iSbBS512_1146.SbBS512_E3386	50.3	189	90	3	2	187	3	190	2.13e-50	161
WP_023468982.1	iSF_1195.SF2945	50.3	189	90	3	2	187	3	190	2.13e-50	161
WP_023468982.1	iSSON_1240.SSON_3108	50.3	189	90	3	2	187	3	190	4.27e-50	160
WP_023468982.1	iYL1228.KPN_03388	48.2	193	96	3	2	191	3	194	4.87e-49	157
WP_023468982.1	iSDY_1059.SDY_3118	49.2	189	92	3	2	187	3	190	1.38e-48	156
WP_023468982.1	iML1515.b2954	48.1	189	94	3	2	187	3	190	5.55e-48	155
WP_023468982.1	STM_v1_0.STM3103	48.7	189	93	3	2	187	3	190	5.55e-48	155
WP_023468982.1	iPC815.YPO0945	48.1	187	93	3	2	185	3	188	1.27e-46	151
WP_023468982.1	iCN900.CD630_33080	45.5	191	102	2	2	190	252	442	2.75e-42	147
WP_023468984.1	iYO844.BSU28390	52.1	265	125	2	1	263	2	266	9.15e-93	274
WP_023468984.1	iNF517.LLMG_RS06010	51.4	251	121	1	2	252	3	252	2.53e-87	260
WP_023468984.1	iYS854.USA300HOU_RS05755	50.0	262	130	1	1	261	1	262	6.11e-87	259
WP_023468985.1	iYS854.USA300HOU_RS06875	28.9	142	87	5	24	151	7	148	5.52e-08	48.9
WP_023468986.1	iYO844.BSU28430	79.0	248	52	0	11	258	4	251	1.07e-155	433
WP_023468986.1	iYS854.USA300HOU_RS05750	73.9	253	66	0	6	258	15	267	1.61e-145	408
WP_023468987.1	iYO844.BSU28440	78.0	582	126	1	1	580	1	582	0.0	945
WP_023468987.1	iYS854.USA300HOU_RS05745	76.2	584	137	1	1	582	1	584	0.0	905
WP_023468994.1	iYS854.USA300HOU_RS05725	56.4	101	43	1	1	100	1	101	1.01e-38	124
WP_023468996.1	iLB1027_lipid.PHATRDRAFT_17860	34.5	261	159	5	1	257	1	253	2.36e-41	142
WP_023468996.1	iJN1463.PP_4202	35.8	260	153	5	1	257	1	249	6.52e-40	138
WP_023468996.1	iAF987.Gmet_3300	32.4	262	167	5	1	257	1	257	4.54e-39	136
WP_023468996.1	iAF987.Gmet_2153	34.7	262	161	5	1	257	1	257	5.40e-37	130
WP_023468996.1	iAT_PLT_636.2109	35.3	255	157	5	1	251	4	254	3.87e-36	128
WP_023468996.1	iAF987.Gmet_1713	34.6	263	160	6	1	257	1	257	5.86e-36	128
WP_023469007.1	iYO844.BSU15180	34.2	480	306	6	15	486	15	492	1.48e-90	284
WP_023469007.1	iHN637.CLJU_RS05190	34.0	486	304	7	3	479	2	479	3.34e-85	270
WP_023469009.1	iYL1228.KPN_02116	25.2	131	87	2	249	376	54	176	1.77e-05	46.2
WP_023469009.1	iPC815.YPO3016	30.2	96	63	2	260	355	87	178	4.71e-05	45.1
WP_023469009.1	STM_v1_0.STM3338	27.7	94	64	2	262	355	76	165	2.49e-04	42.7
WP_023469017.1	iYO844.BSU38630	53.0	485	216	4	3	477	32	514	1.89e-176	506
WP_023469017.1	iYO844.BSU08820	49.4	482	241	3	1	481	1	480	1.98e-165	476
WP_023469024.1	iYO844.BSU29010	75.4	122	29	1	1	122	1	121	1.24e-66	197
WP_023469025.1	iYO844.BSU29020	65.7	335	115	0	1	335	1	335	3.67e-160	451
WP_023469026.1	iYO844.BSU29060	43.9	187	103	1	3	187	5	191	3.63e-47	153
WP_023469026.1	iYS854.USA300HOU_RS08945	43.4	189	104	3	3	189	5	192	9.05e-42	139
WP_023469029.1	iAF987.Gmet_0043	29.3	232	157	3	352	577	39	269	6.65e-22	99.4
WP_023469032.1	iYO844.BSU26970	61.1	380	145	2	1	379	1	378	2.86e-172	484
WP_023469034.1	iYO844.BSU29130	85.0	420	63	0	5	424	3	422	9.41e-266	725
WP_023469034.1	iYS854.USA300HOU_RS08980	76.7	421	98	0	4	424	1	421	1.90e-237	653
WP_023469035.1	iYO844.BSU29140	63.9	371	133	1	1	370	1	371	7.98e-166	468
WP_023469035.1	iYS854.USA300HOU_RS08985	58.3	367	152	1	5	370	6	372	6.88e-148	422
WP_023469039.1	iYO844.BSU29200	69.1	307	95	0	4	310	7	313	2.34e-143	406
WP_023469039.1	iYS854.USA300HOU_RS09015	62.7	311	116	0	1	311	1	311	2.43e-133	380
WP_023469040.1	iYS854.USA300HOU_RS09020	58.9	280	113	2	4	281	5	284	4.25e-111	322
WP_023469040.1	iYO844.BSU29210	56.9	281	120	1	1	280	2	282	2.55e-106	310
WP_023469046.1	iHN637.CLJU_RS05135	27.4	175	115	2	73	246	138	301	1.57e-12	68.9
WP_023469048.1	iYL1228.KPN_01091	35.3	241	144	4	4	236	8	244	2.21e-34	123
WP_023469048.1	iML1515.b1093	34.3	242	145	5	4	236	8	244	8.63e-34	121
WP_023469048.1	iSbBS512_1146.SbBS512_E2231	34.3	242	145	5	4	236	8	244	8.63e-34	121
WP_023469048.1	iSF_1195.SF1097	34.3	242	145	5	4	236	8	244	8.63e-34	121
WP_023469048.1	iSSON_1240.SSON_1113	34.3	242	145	5	4	236	8	244	8.63e-34	121
WP_023469048.1	iSDY_1059.SDY_2057	34.3	242	145	5	4	236	8	244	1.21e-33	121
WP_023469048.1	STM_v1_0.STM1195	34.7	242	144	5	4	236	8	244	4.74e-33	119
WP_023469048.1	iYS854.USA300HOU_RS06185	33.1	245	146	5	2	233	3	242	1.31e-32	118
WP_023469048.1	iHN637.CLJU_RS20765	32.1	243	147	5	4	233	9	246	1.56e-31	115
WP_023469048.1	iEK1008.Rv1483	30.1	239	157	5	2	237	16	247	1.63e-30	113
WP_023469051.1	iYO844.BSU29470	70.1	394	116	2	1	394	1	392	3.29e-205	570
WP_023469051.1	iYS854.USA300HOU_RS09075	64.4	396	139	2	4	398	5	399	1.72e-187	525
WP_023469054.1	iNF517.LLMG_RS01965	33.7	243	145	7	35	271	38	270	4.26e-37	132
WP_023469054.1	iYO844.BSU11610	34.3	242	141	6	37	271	32	262	5.32e-36	129
WP_023469054.1	iYS854.USA300HOU_RS04990	30.9	246	155	6	32	271	27	263	6.13e-35	126
WP_023469064.1	iYO844.BSU29690	62.1	206	78	0	4	209	5	210	4.27e-93	270
WP_023469068.1	iYL1228.KPN_04156	24.4	303	189	11	37	320	4	285	5.40e-13	68.2
WP_023469068.1	STM_v1_0.STM3884	23.9	293	199	9	37	318	4	283	2.64e-11	63.2
WP_023469068.1	iYO844.BSU35960	24.1	291	179	11	59	329	34	302	3.79e-11	62.8
WP_023469068.1	iML1515.b3751	24.6	293	197	10	37	318	4	283	8.67e-11	61.6
WP_023469069.1	iYO844.BSU29750	65.8	348	119	0	4	351	3	350	2.52e-161	455
WP_023469069.1	iYS854.USA300HOU_RS09225	60.1	346	137	1	7	351	5	350	3.77e-145	414
WP_023469073.1	iYS854.USA300HOU_RS11550	44.9	136	74	1	10	144	11	146	1.37e-34	117
WP_023469075.1	iYO844.BSU29790	60.2	430	171	0	1	430	1	430	3.40e-195	547
WP_023469075.1	iYS854.USA300HOU_RS09245	60.9	427	167	0	1	427	1	427	5.14e-191	536
WP_023469079.1	iMM904.YLR043C	27.4	95	67	2	5	97	6	100	2.01e-10	52.8
WP_023469079.1	iIT341.HP1458	33.3	60	39	1	24	82	25	84	8.12e-10	51.2
WP_023469079.1	iPC815.YPO3868	33.3	99	60	3	6	100	9	105	4.90e-09	49.3
WP_023469081.1	iCN900.CD630_22560	46.8	340	169	4	3	336	15	348	3.79e-84	258
WP_023469096.1	iLB1027_lipid.PHATRDRAFT_42659	28.0	207	106	9	3	178	45	239	5.15e-10	57.4
WP_023469097.1	iCN900.CD630_04050	57.3	234	99	1	2	235	6	238	6.71e-90	265
WP_023469104.1	iYO844.BSU12360	24.0	412	279	13	3	390	6	407	3.34e-06	48.5
WP_023469112.1	iAF987.Gmet_0988	31.1	106	65	4	30	129	27	130	2.74e-05	41.6
WP_023469112.1	iPC815.YPO0565	59.4	32	13	0	43	74	28	59	2.84e-05	41.2
WP_023469112.1	iCN718.ABAYE_RS13345	31.5	108	67	3	25	127	123	228	9.36e-05	40.8
WP_023469112.1	STM_v1_0.STM1301	41.5	65	33	2	28	87	8	72	8.54e-05	40.0
WP_023469112.1	iAF987.Gmet_1790	64.0	25	9	0	48	72	51	75	1.41e-04	39.7
WP_023469112.1	iPC815.YPO2167	44.3	61	29	2	28	83	5	65	1.42e-04	39.3
WP_023469112.1	iSF_1195.SF4068	39.7	58	31	1	30	83	132	189	4.39e-04	38.9
WP_023469112.1	iML1515.b0099	56.3	32	14	0	43	74	28	59	2.74e-04	38.5
WP_023469112.1	STM_v1_0.STM0137	56.3	32	14	0	43	74	28	59	2.81e-04	38.5
WP_023469112.1	iSbBS512_1146.SbBS512_E0093	56.3	32	14	0	43	74	28	59	2.74e-04	38.5
WP_023469112.1	iSDY_1059.SDY_0129	56.3	32	14	0	43	74	28	59	2.85e-04	38.5
WP_023469112.1	iSF_1195.SF0096	56.3	32	14	0	43	74	28	59	2.74e-04	38.5
WP_023469112.1	iSSON_1240.SSON_0107	56.3	32	14	0	43	74	28	59	2.74e-04	38.5
WP_023469112.1	iML1515.b3996	37.9	58	32	1	30	83	132	189	8.05e-04	38.1
WP_023469112.1	iSbBS512_1146.SbBS512_E4487	37.9	58	32	1	30	83	132	189	8.05e-04	38.1
WP_023469112.1	iSDY_1059.SDY_3730	37.9	58	32	1	30	83	132	189	8.05e-04	38.1
WP_023469112.1	iSSON_1240.SSON_4169	37.9	58	32	1	30	83	132	189	8.05e-04	38.1
WP_023469112.1	iAF987.Gmet_1170	46.8	47	20	1	31	72	10	56	5.73e-04	37.7
WP_023469112.1	STM_v1_0.STM2295	43.5	46	16	1	32	77	27	62	5.99e-04	37.7
WP_023469113.1	iYO844.BSU31350	70.2	449	134	0	1	449	1	449	1.41e-236	653
WP_023469113.1	iCN900.CD630_32850	67.3	449	147	0	1	449	1	449	3.33e-230	637
WP_023469113.1	iYS854.USA300HOU_RS04775	63.6	448	158	1	1	448	1	443	8.23e-213	593
WP_023469114.1	iML1515.b3011	38.3	371	218	8	1	367	1	364	1.24e-79	249
WP_023469114.1	iJN1463.PP_2492	37.8	362	216	7	1	360	1	355	3.29e-79	248
WP_023469115.1	iSynCJ816.SGL_RS18250	31.7	328	214	5	24	347	23	344	6.47e-55	182
WP_023469115.1	iIT341.HP0364	30.7	319	212	6	21	337	22	333	2.12e-51	173
WP_023469116.1	iYS854.USA300HOU_RS14220	22.5	111	84	1	5	113	91	201	3.63e-06	45.4
WP_023469116.1	iMM904.YJR137C	28.0	93	65	1	5	95	684	776	1.34e-05	43.9
WP_023469118.1	iLB1027_lipid.PHATRDRAFT_16693	31.0	84	49	2	1	75	8	91	7.31e-05	38.5
WP_023469128.1	iYO844.BSU13910	68.3	568	180	0	3	570	2	569	2.44e-273	756
WP_023469128.1	iYS854.USA300HOU_RS05400	62.5	568	212	1	1	567	1	568	1.04e-253	707
WP_023469129.1	iYO844.BSU03070	52.8	500	225	3	1	489	1	500	4.48e-178	509
WP_023469131.1	iYO844.BSU13890	65.6	518	162	4	1	502	1	518	4.25e-237	667
WP_023469131.1	iCN900.CD630_26670	63.3	510	181	4	3	507	2	510	4.02e-219	614
WP_023469131.1	iYS854.USA300HOU_RS01000	62.2	500	187	2	1	498	1	500	2.67e-216	613
WP_023469131.1	iYS854.USA300HOU_RS13765	62.5	514	178	3	1	499	1	514	5.49e-215	610
WP_023469135.1	iYO844.BSU32110	61.6	323	123	1	5	326	8	330	4.06e-144	409
WP_023469144.1	iYS854.USA300HOU_RS04600	52.8	250	118	0	4	253	5	254	7.76e-85	253
WP_023469150.1	iYS854.USA300HOU_RS04580	78.2	289	63	0	5	293	7	295	6.62e-168	467
WP_023469154.1	iYS854.USA300HOU_RS04535	82.2	465	83	0	1	465	1	465	3.28e-287	783
WP_023469155.1	iYS854.USA300HOU_RS04530	63.9	147	49	3	1	144	1	146	4.54e-63	189
WP_023469158.1	iYS854.USA300HOU_RS04515	72.3	249	69	0	3	251	2	250	2.66e-131	371
WP_023469160.1	iYO844.BSU32730	54.9	275	117	6	5	276	3	273	1.67e-88	264
WP_023469160.1	iYS854.USA300HOU_RS04415	52.6	272	125	4	5	274	2	271	2.30e-88	263
WP_023469161.1	iYO844.BSU32740	55.0	218	98	0	4	221	5	222	3.27e-74	223
WP_023469161.1	iJN1463.PP_0113	50.9	220	108	0	2	221	4	223	4.48e-67	205
WP_023469162.1	iYO844.BSU32750	61.4	337	130	0	1	337	1	337	3.74e-144	410
WP_023469163.1	iYO844.BSU27250	64.1	376	134	1	1	376	1	375	1.69e-171	483
WP_023469163.1	iYS854.USA300HOU_RS02320	61.6	380	146	0	1	380	1	380	2.28e-162	460
WP_023469163.1	iNF517.LLMG_RS08915	60.1	373	148	1	4	376	5	376	7.24e-154	438
WP_023469163.1	iIT341.HP0106	57.8	377	158	1	1	377	1	376	1.03e-153	438
WP_023469164.1	iYO844.BSU27260	55.6	302	131	3	2	300	3	304	7.36e-108	315
WP_023469164.1	iIT341.HP0107	53.9	304	135	4	1	299	2	305	2.33e-101	299
WP_023469165.1	iYS854.USA300HOU_RS11520	60.8	153	59	1	3	154	1	153	1.01e-62	189
WP_023469165.1	iIT341.HP0105	58.1	148	61	1	6	152	1	148	8.74e-58	176
WP_023469169.1	iPC815.YPO3070	29.8	104	69	3	3	104	2	103	7.64e-08	47.0
WP_023469178.1	iYO844.BSU03200	52.2	301	144	0	4	304	2	302	7.28e-114	330
WP_023469183.1	iCN718.ABAYE_RS01735	61.8	251	94	2	1	249	1	251	4.30e-108	311
WP_023469183.1	iJN1463.PP_0293	55.9	254	106	3	2	249	3	256	9.13e-99	288
WP_023469183.1	iAF987.Gmet_0389	56.7	252	106	3	1	249	1	252	1.66e-98	287
WP_023469183.1	iHN637.CLJU_RS05755	55.6	252	109	2	1	249	1	252	1.10e-96	283
WP_023469185.1	iCN900.CD630_15510	46.0	198	94	2	1	185	1	198	5.68e-56	175
WP_023469185.1	iHN637.CLJU_RS05740	46.0	202	95	4	1	188	1	202	1.18e-55	174
WP_023469185.1	iYS854.USA300HOU_RS14525	46.2	186	93	4	1	182	1	183	1.99e-54	171
WP_023469185.1	iNF517.LLMG_RS06550	43.7	197	98	3	2	185	4	200	7.69e-54	170
WP_023469189.1	iHN637.CLJU_RS05725	44.3	201	107	3	1	196	7	207	8.89e-51	163
WP_023469194.1	iYS854.USA300HOU_RS02990	60.7	201	78	1	1	201	1	200	1.22e-78	234
WP_023469196.1	STM_v1_0.STM1502	36.2	105	64	2	57	160	60	162	2.54e-11	58.9
WP_023469196.1	iML1515.b1584	34.3	105	66	2	57	160	60	162	1.31e-10	57.0
WP_023469213.1	iYO844.BSU33900	78.1	430	94	0	1	430	1	430	4.57e-244	671
WP_023469213.1	iYS854.USA300HOU_RS04205	75.1	434	104	3	1	430	1	434	2.26e-224	621
WP_023469213.1	iNF517.LLMG_RS03215	73.9	433	110	3	1	430	1	433	3.09e-224	620
WP_023469213.1	iCN900.CD630_31700	72.8	430	117	0	1	430	1	430	1.07e-221	614
WP_023469213.1	iAF987.Gmet_2372	71.9	431	118	2	1	430	1	429	1.20e-220	611
WP_023469215.1	iYO844.BSU33920	64.9	248	87	0	1	248	1	248	1.10e-113	326
WP_023469217.1	iCN900.CD630_31740	78.4	334	71	1	3	335	2	335	8.29e-190	525
WP_023469217.1	iYS854.USA300HOU_RS04185	75.0	336	83	1	1	335	1	336	1.06e-183	510
WP_023469217.1	iNF517.LLMG_RS12755	75.3	336	82	1	1	335	1	336	2.14e-176	491
WP_023469225.1	iYO844.BSU34790	72.0	311	87	0	4	314	2	312	9.57e-169	471
WP_023469225.1	iYS854.USA300HOU_RS04135	70.9	302	88	0	9	310	6	307	7.23e-158	443
WP_023469230.1	STM_v1_0.STM3002	31.1	273	165	9	9	260	9	279	3.06e-23	95.9
WP_023469231.1	iYS854.USA300HOU_RS04115	60.7	298	117	0	7	304	4	301	5.07e-127	364
WP_023469240.1	iPC815.YPO1073	41.3	223	127	2	1	219	1	223	1.56e-52	172
WP_023469240.1	iYO844.BSU32750	39.7	224	131	2	1	220	1	224	2.09e-52	172
WP_023469240.1	iSbBS512_1146.SbBS512_E0193	40.4	223	129	2	1	219	1	223	1.73e-51	169
WP_023469240.1	iSSON_1240.SSON_0213	40.4	223	129	2	1	219	1	223	1.73e-51	169
WP_023469240.1	iML1515.b0199	39.9	223	130	2	1	219	1	223	2.43e-51	169
WP_023469240.1	iIT341.HP1576	39.2	217	131	1	1	216	2	218	2.30e-51	169
WP_023469240.1	iYL1228.KPN_00213	39.9	223	130	2	1	219	1	223	3.43e-51	169
WP_023469240.1	STM_v1_0.STM0247	40.4	223	129	2	1	219	1	223	3.43e-51	169
WP_023469240.1	iSDY_1059.SDY_0218	39.9	223	130	2	1	219	1	223	3.43e-51	169
WP_023469240.1	iSF_1195.SF0190	39.9	223	130	2	1	219	1	223	1.35e-50	167
WP_023469240.1	iJN1463.PP_0220	39.8	216	128	2	7	220	38	253	9.89e-50	166
WP_023469240.1	iYO844.BSU23960	38.8	219	131	3	1	218	1	217	3.07e-49	160
WP_023469240.1	iCN900.CD630_14890	36.9	217	135	2	1	216	1	216	7.50e-48	159
WP_023469240.1	iCN900.CD630_07520	38.4	219	132	3	1	218	1	217	1.23e-48	159
WP_023469240.1	iNF517.LLMG_RS01625	38.8	227	130	2	1	218	1	227	2.05e-48	159
WP_023469240.1	iYS854.USA300HOU_RS04405	37.7	220	133	2	1	216	1	220	4.79e-47	158
WP_023469240.1	iML1515.b0809	39.4	221	127	4	1	218	1	217	4.89e-48	157
WP_023469240.1	iSbBS512_1146.SbBS512_E2539	39.4	221	127	4	1	218	1	217	4.89e-48	157
WP_023469240.1	iSDY_1059.SDY_0787	39.4	221	127	4	1	218	1	217	4.89e-48	157
WP_023469240.1	iSSON_1240.SSON_0789	39.4	221	127	4	1	218	1	217	4.89e-48	157
WP_023469240.1	iPC815.YPO2514	38.4	219	132	3	1	218	1	217	6.91e-48	157
WP_023469240.1	iYL1228.KPN_00838	38.9	221	128	4	1	218	1	217	1.38e-47	156
WP_023469240.1	iJN1463.PP_0114	38.5	221	131	3	1	216	1	221	2.30e-46	156
WP_023469240.1	iYS854.USA300HOU_RS09925	35.0	217	138	3	1	216	3	217	2.06e-47	156
WP_023469240.1	STM_v1_0.STM0828	38.9	221	128	4	1	218	1	217	3.89e-47	155
WP_023469241.1	iYO844.BSU22540	38.2	76	42	4	49	121	178	251	9.66e-09	51.2
WP_023469284.1	iCHOv1.100765125	28.3	237	130	13	56	268	134	354	7.36e-10	58.9
WP_023469286.1	iSynCJ816.SGL_RS16655	50.4	268	129	2	7	271	3	269	1.18e-89	266
WP_023469297.1	iYS854.USA300HOU_RS04050	39.6	283	165	5	3	280	2	283	2.05e-64	203
WP_023469298.1	iAF987.Gmet_3476	26.6	143	94	3	6	147	10	142	6.88e-08	52.0
WP_023469298.1	iAF987.Gmet_1914	20.5	219	167	3	7	223	3	216	5.57e-07	49.3
WP_023469301.1	iYS854.USA300HOU_RS05255	33.5	322	201	6	17	328	4	322	6.99e-49	168
WP_023469304.1	iYO844.BSU35530	49.4	350	166	6	5	347	12	357	1.09e-104	311
WP_023469304.1	iYS854.USA300HOU_RS04040	42.9	336	192	0	8	343	9	344	4.01e-95	286
WP_023469308.1	iCN900.CD630_21890	52.4	212	101	0	5	216	2	213	5.86e-73	220
WP_023469308.1	iYO844.BSU34550	51.4	210	102	0	5	214	1	210	2.37e-67	206
WP_023469311.1	iCHOv1.100756174	29.9	201	127	6	34	226	52	246	3.43e-10	58.5
WP_023469311.1	iMM1415.18476	29.9	201	127	6	34	226	8	202	2.38e-10	58.5
WP_023469316.1	iCN900.CD630_16140	32.0	222	145	2	3	218	26	247	4.14e-34	124
WP_023469316.1	iYO844.BSU02750	32.2	227	143	4	1	216	1	227	2.04e-33	122
WP_023469316.1	iYO844.BSU33730	29.2	274	184	4	1	264	1	274	5.93e-31	119
WP_023469316.1	iYO844.BSU33830	30.1	286	165	8	1	264	1	273	1.56e-30	117
WP_023469316.1	iJN1463.PP_3817	30.8	214	142	3	1	208	14	227	2.23e-30	117
WP_023469316.1	iCN900.CD630_32150	30.7	212	137	4	1	202	4	215	2.68e-31	117
WP_023469316.1	iJN1463.PP_0953	28.6	224	151	2	2	216	4	227	1.08e-30	115
WP_023469316.1	iAF987.Gmet_1282	29.6	216	144	1	1	208	9	224	2.39e-30	114
WP_023469316.1	iYS854.USA300HOU_RS13270	29.3	215	142	4	1	205	1	215	1.13e-28	113
WP_023469316.1	iML1515.b3201	28.5	235	159	2	2	227	4	238	8.13e-30	112
WP_023469316.1	iSbBS512_1146.SbBS512_E3569	28.5	235	159	2	2	227	4	238	8.13e-30	112
WP_023469316.1	iSDY_1059.SDY_3382	28.5	235	159	2	2	227	4	238	8.13e-30	112
WP_023469316.1	iSF_1195.SF3241	28.5	235	159	2	2	227	4	238	8.13e-30	112
WP_023469316.1	iSSON_1240.SSON_3349	28.5	235	159	2	2	227	4	238	8.13e-30	112
WP_023469316.1	iYS854.USA300HOU_RS03900	30.7	212	137	4	1	202	1	212	4.53e-29	112
WP_023469321.1	iCN900.CD630_19470	37.6	218	134	2	2	217	10	227	2.02e-48	159
WP_023469321.1	iYO844.BSU30420	40.3	221	126	3	1	215	1	221	8.78e-48	157
WP_023469321.1	iJN1463.PP_4210	38.6	228	138	1	1	226	5	232	1.06e-42	153
WP_023469321.1	iJN1463.PP_3597	38.7	235	133	6	1	233	20	245	5.95e-43	146
WP_023469321.1	iYS854.USA300HOU_RS02325	37.3	220	134	4	1	217	1	219	4.25e-42	146
WP_023469321.1	iEK1008.Rv0073	36.8	209	132	0	11	219	14	222	4.66e-42	145
WP_023469321.1	iJN1463.PP_0114	38.4	224	127	6	1	217	1	220	5.22e-42	145
WP_023469321.1	iJN1463.PP_0220	35.7	221	136	5	7	223	38	256	1.52e-41	145
WP_023469321.1	iYO844.BSU23960	41.6	219	121	5	1	217	1	214	1.38e-42	144
WP_023469323.1	iAF987.Gmet_2999	25.7	183	122	3	4	183	10	181	2.18e-14	70.9
WP_023469329.1	iAF987.Gmet_2293	29.1	110	65	3	18	125	103	201	2.82e-06	45.1
WP_023469329.1	iLJ478.TM1347	25.2	111	71	4	18	126	98	198	4.44e-05	41.6
WP_023469333.1	iYS854.USA300HOU_RS10305	51.0	298	142	1	1	298	1	294	1.65e-104	308
WP_023469335.1	iYS854.USA300HOU_RS10320	62.6	473	173	4	1	469	1	473	2.48e-206	579
WP_023469335.1	iNF517.LLMG_RS00935	59.5	474	190	2	1	472	1	474	6.74e-192	543
WP_023469336.1	iYS854.USA300HOU_RS10325	46.3	95	51	0	1	95	1	95	5.49e-24	87.0
WP_023469336.1	iAF987.Gmet_0076	47.9	94	49	0	3	96	2	95	9.06e-22	81.3
WP_023469342.1	iJN1463.PP_1235	53.3	137	64	0	6	142	12	148	1.92e-47	150
WP_023469343.1	iYS854.USA300HOU_RS04910	37.9	512	311	6	42	547	29	539	5.01e-116	354
WP_023469343.1	iYO844.BSU12960	36.1	546	341	8	1	544	7	546	3.33e-106	328
WP_023469348.1	iYS854.USA300HOU_RS05500	52.2	356	166	3	1	354	1	354	1.45e-137	395
WP_023469348.1	iNF517.LLMG_RS06715	50.7	357	173	3	1	356	1	355	3.20e-126	366
WP_023469351.1	iYS854.USA300HOU_RS05485	67.9	358	115	0	6	363	4	361	2.32e-178	499
WP_023469351.1	iNF517.LLMG_RS06730	67.6	358	114	1	5	360	4	361	2.80e-175	493
WP_023469353.1	iYS854.USA300HOU_RS07285	30.6	271	187	1	6	275	7	277	4.66e-41	142
WP_023469356.1	iJN1463.PP_3581	35.0	685	405	15	7	662	2	675	3.00e-105	335
WP_023469356.1	iJN1463.PP_1144	30.9	698	440	10	5	667	18	708	3.93e-94	307
WP_023469362.1	iML1515.b0212	28.7	143	76	5	25	167	17	133	8.49e-05	42.4
WP_023469362.1	iSbBS512_1146.SbBS512_E0208	28.7	143	76	5	25	167	17	133	8.49e-05	42.4
WP_023469362.1	iSDY_1059.SDY_0231	28.7	143	76	5	25	167	17	133	8.49e-05	42.4
WP_023469362.1	iSSON_1240.SSON_0226	28.7	143	76	5	25	167	17	133	8.49e-05	42.4
WP_023469362.1	iSF_1195.SF0198	28.0	143	77	5	25	167	17	133	2.76e-04	40.8
WP_023469362.1	iYL1228.KPN_00227	33.9	109	49	5	59	167	48	133	6.66e-04	39.7
WP_023469362.1	iEK1008.Rv0634c	28.6	161	88	7	50	205	58	196	6.31e-04	39.7
WP_023469365.1	iYO844.BSU32750	49.3	341	168	1	1	336	1	341	1.25e-104	310
WP_023469365.1	iSbBS512_1146.SbBS512_E0193	47.4	340	172	2	1	333	1	340	1.05e-98	295
WP_023469365.1	iSSON_1240.SSON_0213	47.4	340	172	2	1	333	1	340	1.05e-98	295
WP_023469365.1	iML1515.b0199	47.4	340	172	2	1	333	1	340	1.48e-98	294
WP_023469365.1	iSDY_1059.SDY_0218	47.1	340	173	2	1	333	1	340	2.10e-98	294
WP_023469365.1	iPC815.YPO1073	47.1	340	173	1	1	333	1	340	8.43e-98	292
WP_023469365.1	STM_v1_0.STM0247	45.9	340	177	2	1	333	1	340	3.39e-97	291
WP_023469365.1	iSF_1195.SF0190	46.8	340	174	2	1	333	1	340	3.39e-97	291
WP_023469365.1	iYL1228.KPN_00213	45.3	340	179	1	1	333	1	340	1.93e-96	289
WP_023469365.1	iJN1463.PP_0114	46.6	337	175	4	1	334	1	335	2.75e-94	283
WP_023469366.1	iYS854.USA300HOU_RS02330	54.6	205	93	0	12	216	10	214	3.90e-62	192
WP_023469366.1	iJN1463.PP_0219	48.0	221	108	1	1	221	1	214	4.38e-60	187
WP_023469374.1	iSynCJ816.SGL_RS08885	48.2	357	177	5	3	358	20	369	1.09e-103	309
WP_023469375.1	iYS854.USA300HOU_RS11205	41.6	185	92	4	1	172	4	185	1.12e-38	130
WP_023469387.1	iJN1463.PP_4803	38.1	181	101	4	194	372	62	233	1.13e-21	95.5
WP_023469387.1	iHN637.CLJU_RS07045	35.3	215	123	7	186	390	90	298	2.61e-19	87.8
WP_023469389.1	iYS854.USA300HOU_RS12505	36.0	303	185	5	5	298	5	307	1.60e-58	189
WP_023469395.1	iAF987.Gmet_1994	60.3	426	167	2	23	447	5	429	7.58e-176	498
WP_023469395.1	iCN718.ABAYE_RS18925	56.4	420	181	2	19	437	1	419	2.85e-162	464
WP_023469400.1	iCN718.ABAYE_RS18875	46.0	430	220	5	148	569	147	572	1.81e-114	355
WP_023469400.1	iJN1463.PP_1805	44.5	434	212	5	152	559	189	619	6.59e-111	347
WP_023469416.1	iYO844.BSU35710	43.2	273	148	2	2	267	1	273	1.88e-75	230
WP_023469417.1	iYO844.BSU07840	41.2	546	258	19	181	698	667	1177	4.36e-99	333
WP_023469419.1	iSynCJ816.SGL_RS10130	27.7	260	164	7	43	290	60	307	1.32e-20	90.9
WP_023469433.1	iYS854.USA300HOU_RS13545	80.7	285	54	1	1	285	1	284	7.82e-160	446
WP_023469433.1	iYO844.BSU35670	72.3	285	78	1	1	285	1	284	2.24e-146	412
WP_023469436.1	iYS854.USA300HOU_RS01130	70.7	457	134	0	1	457	1	457	6.02e-236	653
WP_023469477.1	iYO844.BSU36370	74.8	139	35	0	1	139	1	139	2.63e-72	212
WP_023469477.1	iYS854.USA300HOU_RS11335	66.4	140	47	0	1	140	4	143	1.15e-67	201
WP_023469489.1	iYS854.USA300HOU_RS00620	27.6	388	272	3	3	384	6	390	2.11e-35	134
WP_023469490.1	iML1515.b0650	28.2	195	120	4	6	182	8	200	4.73e-06	47.8
WP_023469490.1	iSSON_1240.SSON_0604	28.2	195	120	4	6	182	8	200	4.73e-06	47.8
WP_023469490.1	iSbBS512_1146.SbBS512_E0599	28.2	195	120	4	6	182	8	200	6.28e-06	47.4
WP_023469490.1	STM_v1_0.STM0659	27.7	195	121	6	6	182	8	200	4.56e-05	44.7
WP_023469491.1	iYO844.BSU36760	75.0	428	105	1	1	428	1	426	3.47e-225	623
WP_023469494.1	iYO844.BSU36810	83.1	467	77	2	7	471	3	469	3.96e-278	760
WP_023469494.1	iYS854.USA300HOU_RS11360	81.5	464	81	4	8	469	4	464	2.40e-262	720
WP_023469494.1	iNF517.LLMG_RS09735	77.1	467	101	3	8	471	4	467	4.44e-253	697
WP_023469495.1	iYO844.BSU36820	55.4	285	123	2	1	281	1	285	6.36e-103	301
WP_023469496.1	iYO844.BSU36830	79.3	498	103	0	1	498	1	498	3.95e-286	783
WP_023469496.1	iYS854.USA300HOU_RS11370	75.7	498	121	0	1	498	1	498	2.65e-270	743
WP_023469497.1	iYO844.BSU36840	37.4	171	106	1	5	174	6	176	3.28e-32	113
WP_023469498.1	iYO844.BSU36850	49.6	137	67	1	36	172	31	165	6.29e-12	60.5
WP_023469499.1	iYS854.USA300HOU_RS11385	71.2	66	19	0	1	66	1	66	5.07e-24	85.1
WP_023469499.1	iYO844.BSU36860	74.2	66	17	0	1	66	1	66	7.20e-24	84.7
WP_023469504.1	iYO844.BSU36890	73.2	209	56	0	1	209	1	209	4.56e-113	321
WP_023469504.1	iYS854.USA300HOU_RS11405	72.7	209	57	0	1	209	1	209	1.77e-110	314
WP_023469504.1	iCN900.CD630_34790	69.4	209	64	0	1	209	1	209	1.13e-106	305
WP_023469504.1	iNF517.LLMG_RS10940	69.7	211	62	1	1	209	1	211	4.94e-106	303
WP_023469504.1	iHN637.CLJU_RS01135	67.0	209	69	0	1	209	1	209	3.60e-103	296
WP_023469510.1	iYO844.BSU36900	74.5	412	105	0	6	417	1	412	1.81e-225	622
WP_023469510.1	iYS854.USA300HOU_RS11410	71.5	411	116	1	6	415	1	411	1.32e-210	585
WP_023469510.1	iAF987.Gmet_1605	70.2	413	123	0	6	418	1	413	1.08e-205	572
WP_023469513.1	iMM1415.11431	26.5	132	89	3	1	124	4	135	1.13e-06	45.8
WP_023469513.1	iCHOv1.100773599	26.8	127	85	3	6	124	9	135	1.45e-05	42.7
WP_023469515.1	iIT341.HP0381	33.6	277	166	9	1	271	1	265	3.37e-29	111
WP_023469515.1	iSynCJ816.SGL_RS09640	35.1	282	163	9	10	275	18	295	2.84e-27	107
WP_023469525.1	iYO844.BSU30450	30.3	290	198	3	1	286	1	290	7.94e-45	153
WP_023469540.1	iYS854.USA300HOU_RS02335	41.6	274	153	4	1	270	1	271	6.83e-67	209
WP_023469540.1	iCN718.ABAYE_RS07245	38.7	282	159	5	1	268	1	282	1.27e-60	193
WP_023469541.1	iYS854.USA300HOU_RS02330	60.7	206	81	0	11	216	14	219	1.48e-80	239
WP_023469541.1	iCN718.ABAYE_RS07235	60.9	202	79	0	10	211	28	229	5.94e-73	220
WP_023469548.1	iML1515.b2175	38.7	111	67	1	108	217	67	177	1.18e-14	69.3
WP_023469549.1	iCN718.ABAYE_RS13055	36.7	180	110	2	2	178	15	193	9.89e-27	104
WP_023469549.1	iCN718.ABAYE_RS13080	35.0	180	113	2	2	178	16	194	1.44e-25	101
WP_023469549.1	iSynCJ816.SGL_RS12965	32.1	243	154	7	4	241	9	245	5.53e-24	96.7
WP_023469551.1	iYO844.BSU37100	50.2	416	204	2	1	413	1	416	3.19e-139	404
WP_023469552.1	iYO844.BSU37110	68.1	213	66	2	1	212	1	212	1.94e-93	271
WP_023469552.1	iHN637.CLJU_RS19520	65.2	210	72	1	1	210	1	209	3.53e-92	268
WP_023469552.1	iAF987.Gmet_0497	62.3	212	79	1	1	212	1	211	7.14e-87	255
WP_023469552.1	iCN900.CD630_23290	61.1	211	81	1	1	211	1	210	2.92e-84	248
WP_023469552.1	iLJ478.TM0295	56.6	212	91	1	1	212	1	211	3.12e-84	248
WP_023469553.1	iYS854.USA300HOU_RS11470	74.0	285	73	1	1	284	1	285	8.47e-151	422
WP_023469553.1	iYO844.BSU37120	74.4	285	72	1	1	284	1	285	1.28e-147	414
WP_023469556.1	iNF517.LLMG_RS02240	40.2	435	246	3	10	434	8	438	1.20e-109	330
WP_023469556.1	iCN900.CD630_01370	36.9	428	256	4	1	423	1	419	6.71e-100	305
WP_023469561.1	iYO844.BSU37150	76.0	529	127	0	1	529	1	529	1.77e-307	840
WP_023469561.1	iYS854.USA300HOU_RS11480	71.1	530	152	1	1	529	1	530	1.23e-284	782
WP_023469572.1	iYO844.BSU31322	35.5	76	46	2	26	99	20	94	1.18e-04	39.3
WP_023469574.1	iYO844.BSU13300	52.7	423	199	1	28	449	29	451	1.20e-135	397
WP_023469576.1	iNF517.LLMG_RS05775	57.7	272	115	0	3	274	5	276	5.21e-102	298
WP_023469582.1	iML1515.b1004	37.6	202	112	5	5	199	3	197	1.06e-31	113
WP_023469582.1	iAF987.Gmet_0771	34.7	202	124	4	4	198	1	201	1.47e-29	108
WP_023469593.1	iYS854.USA300HOU_RS12835	44.5	337	187	0	8	344	3	339	1.33e-103	308
WP_023469597.1	iYS854.USA300HOU_RS03510	43.1	334	190	0	1	334	1	334	1.41e-94	284
WP_023469611.1	iAF692.Mbar_A2894	31.1	103	68	2	93	192	111	213	9.86e-07	47.8
WP_023469611.1	iJN1463.PP_1764	31.6	79	54	0	113	191	108	186	1.34e-05	44.3
WP_023469611.1	iML1515.b3385	24.4	123	90	2	96	215	113	235	3.76e-05	43.1
WP_023469611.1	iSbBS512_1146.SbBS512_E3762	24.4	123	90	2	96	215	113	235	3.76e-05	43.1
WP_023469611.1	iSDY_1059.SDY_3694	24.4	123	90	2	96	215	113	235	3.76e-05	43.1
WP_023469611.1	iSF_1195.SF3403	24.4	123	90	2	96	215	113	235	3.76e-05	43.1
WP_023469611.1	iSSON_1240.SSON_3516	24.4	123	90	2	96	215	113	235	3.76e-05	43.1
WP_023469617.1	iAF987.Gmet_0988	35.0	103	59	3	32	134	36	130	3.55e-12	60.1
WP_023469617.1	iSynCJ816.SGL_RS05525	36.0	125	69	6	9	131	10	125	5.01e-11	57.0
WP_023469617.1	iCN718.ABAYE_RS13345	34.0	94	52	2	40	133	146	229	1.64e-09	54.3
WP_023469625.1	iYO844.BSU04640	49.0	363	175	7	2	356	7	367	1.89e-110	327
WP_023469630.1	iSynCJ816.SGL_RS08415	37.3	83	52	0	3	85	6	88	4.10e-14	61.6
WP_023469640.1	iYO844.BSU33400	53.2	267	124	1	5	270	10	276	4.17e-100	293
WP_023469640.1	iML1515.b3012	53.0	268	118	4	5	267	8	272	5.72e-100	293
WP_023469640.1	iSbBS512_1146.SbBS512_E3440	53.0	268	118	4	5	267	8	272	3.28e-99	291
WP_023469640.1	STM_v1_0.STM3165	51.5	268	122	4	5	267	8	272	1.01e-95	282
WP_023469640.1	iYO844.BSU29050	52.2	272	125	2	4	270	9	280	1.37e-94	279
WP_023469640.1	iYL1228.KPN_03432	50.7	268	124	4	5	267	8	272	2.69e-93	276
WP_023469640.1	iHN637.CLJU_RS08755	52.1	263	125	1	6	268	10	271	2.57e-92	273
WP_023469640.1	iSF_1195.SF3057	54.0	235	101	3	38	267	1	233	6.47e-90	266
WP_023469640.1	iSDY_1059.SDY_3061	53.6	235	102	3	38	267	1	233	1.30e-89	265
WP_023469649.1	iCHOv1.100689420	25.7	214	142	6	5	204	35	245	1.40e-09	56.6
WP_023469649.1	iYL1228.KPN_03846	24.7	231	128	10	2	208	9	217	2.74e-08	53.1
WP_023469651.1	iYO844.BSU38280	27.1	240	158	7	3	235	220	449	7.69e-18	83.2
WP_023469665.1	iYS854.USA300HOU_RS04740	39.9	378	209	7	4	371	6	375	7.22e-83	256
WP_023469674.1	iNF517.LLMG_RS11185	42.1	121	64	2	10	129	5	120	1.16e-25	93.6
WP_023469677.1	iNF517.LLMG_RS11600	54.0	565	254	3	1	560	1	564	4.04e-211	598
WP_023469678.1	iAF987.Gmet_0069	43.1	174	91	4	380	550	131	299	2.17e-26	109
WP_023469683.1	iYO844.BSU38240	74.0	508	131	1	1	507	1	508	1.07e-250	694
WP_023469685.1	iCN900.CD630_22760	41.9	449	247	3	2	449	5	440	1.09e-120	359
WP_023469685.1	iIT341.HP0942	44.3	449	238	6	2	449	6	443	2.77e-114	343
WP_023469701.1	iHN637.CLJU_RS18515	31.4	456	290	8	5	447	2	447	4.50e-64	214
WP_023469701.1	iSDY_1059.SDY_0146	32.8	460	288	8	5	451	8	459	8.79e-64	213
WP_023469701.1	iML1515.b0116	32.8	460	288	8	5	451	8	459	1.23e-63	213
WP_023469701.1	iSbBS512_1146.SbBS512_E0109	32.8	460	288	8	5	451	8	459	1.23e-63	213
WP_023469701.1	iSF_1195.SF0113	32.8	460	288	8	5	451	8	459	1.23e-63	213
WP_023469701.1	iSSON_1240.SSON_0124	32.8	460	288	8	5	451	8	459	1.23e-63	213
WP_023469701.1	iYO844.BSU14610	33.3	460	279	12	7	450	13	460	3.07e-63	212
WP_023469701.1	STM_v1_0.STM0154	32.4	460	290	8	5	451	8	459	6.61e-63	211
WP_023469701.1	iYL1228.KPN_00120	32.2	460	291	8	5	451	8	459	1.29e-62	210
WP_023469701.1	iPC815.YPO3417	33.0	466	279	11	5	451	9	460	1.32e-62	210
WP_023469701.1	iCN900.CD630_07230	31.7	442	288	9	5	438	2	437	1.00e-61	207
WP_023469701.1	iAF987.Gmet_2764	30.5	475	291	7	2	448	4	467	5.56e-61	206
WP_023469701.1	iLB1027_lipid.PHATRDRAFT_26432	32.5	464	297	12	2	451	33	494	1.87e-59	202
WP_023469701.1	iYS854.USA300HOU_RS05470	33.0	457	281	12	7	449	13	458	9.23e-60	202
WP_023469701.1	iYO844.BSU24060	29.6	469	297	12	4	448	5	464	2.07e-59	202
WP_023469701.1	iAF987.Gmet_1896	32.6	451	278	11	1	438	1	438	2.44e-59	201
WP_023469701.1	iYO844.BSU08090	30.8	425	279	10	6	421	3	421	7.97e-58	197
WP_023469701.1	iYS854.USA300HOU_RS03105	31.5	451	273	14	1	438	1	428	1.07e-56	194
WP_023469703.1	iAF987.Gmet_0043	30.1	229	147	5	240	457	40	266	2.27e-19	90.5
WP_023469704.1	iAF987.Gmet_1706	39.2	125	71	3	3	125	2	123	1.22e-16	77.0
WP_023469706.1	iML1515.b3697	36.7	270	169	1	1	268	1	270	4.77e-51	168
WP_023469708.1	iYS854.USA300HOU_RS03445	35.7	235	146	3	7	237	14	247	1.71e-43	147
WP_023469708.1	iYO844.BSU35750	33.1	239	156	3	2	237	1	238	2.00e-42	144
WP_023469709.1	iYS854.USA300HOU_RS01080	47.6	208	106	2	1	205	1	208	6.09e-61	189
WP_023469716.1	iYO844.BSU18480	29.7	263	177	4	2	256	18	280	1.26e-31	117
WP_023469719.1	iYO844.BSU12840	73.3	333	88	1	1	332	1	333	2.04e-173	484
WP_023469720.1	iYO844.BSU38020	65.2	270	93	1	1	270	1	269	3.78e-119	341
WP_023469722.1	iYS854.USA300HOU_RS02975	52.1	217	101	1	1	214	1	217	8.65e-73	219
WP_023469723.1	iYS854.USA300HOU_RS03845	69.0	213	66	0	1	213	5	217	2.93e-112	320
WP_023469724.1	iLJ478.TM0038	40.5	121	69	2	26	146	1	118	4.97e-25	92.4
WP_023469725.1	iYS854.USA300HOU_RS03835	50.0	240	105	4	9	238	3	237	4.91e-74	224
WP_023469726.1	iYS854.USA300HOU_RS03935	73.6	159	42	0	4	162	8	166	1.38e-92	265
WP_023469728.1	iYO844.BSU13890	32.8	567	301	16	9	553	6	514	1.27e-76	255
WP_023469728.1	iYS854.USA300HOU_RS01255	33.2	558	307	14	9	554	5	508	1.34e-77	253
WP_023469728.1	iCN900.CD630_26670	34.2	558	292	15	9	553	5	500	7.34e-77	251
WP_023469728.1	iYS854.USA300HOU_RS01000	32.7	556	296	15	9	550	6	497	6.84e-74	248
WP_023469728.1	iYS854.USA300HOU_RS13765	34.2	553	303	14	9	549	6	509	3.02e-71	241
WP_023469728.1	iYO844.BSU02350	33.3	547	279	15	8	550	5	469	2.71e-71	239
WP_023469730.1	iYO844.BSU38050	68.1	455	141	2	1	455	1	451	3.70e-214	598
WP_023469735.1	iYS854.USA300HOU_RS03930	49.9	489	240	3	13	497	14	501	6.19e-158	457
WP_023469741.1	iLJ478.TM0124	31.1	225	107	8	1	219	1	183	7.03e-20	88.6
WP_023469741.1	iLJ478.TM1063	29.5	261	142	9	1	242	1	238	8.30e-19	87.4
WP_023469741.1	iAF987.Gmet_0492	27.5	255	148	5	1	247	3	228	8.02e-19	85.9
WP_023469741.1	iAF692.Mbar_A1219	28.6	241	144	6	1	237	1	217	1.59e-17	84.7
WP_023469741.1	iYO844.BSU33160	26.4	235	147	4	4	234	1	213	3.52e-17	83.6
WP_023469741.1	iSynCJ816.SGL_RS17160	27.8	252	130	7	1	239	1	213	8.09e-17	81.6
WP_023469741.1	iML1515.b1858	25.4	264	132	6	2	250	3	216	3.80e-17	80.9
WP_023469741.1	iSbBS512_1146.SbBS512_E0954	25.4	264	132	6	2	250	3	216	3.80e-17	80.9
WP_023469741.1	iSSON_1240.SSON_1283	25.4	264	132	6	2	250	3	216	3.80e-17	80.9
WP_023469741.1	iSynCJ816.SGL_RS04625	25.9	247	135	9	3	233	22	236	6.83e-17	80.9
WP_023469741.1	iML1515.b3749	21.6	542	288	13	2	496	3	454	4.41e-16	80.5
WP_023469741.1	iSbBS512_1146.SbBS512_E3841	23.7	274	142	7	1	243	1	238	9.16e-17	80.1
WP_023469741.1	iSDY_1059.SDY_3635	23.7	274	142	7	1	243	1	238	9.16e-17	80.1
WP_023469749.1	iYS854.USA300HOU_RS07595	22.4	340	239	9	19	349	9	332	4.75e-12	67.0
WP_023469751.1	iCN718.ABAYE_RS05715	35.2	54	34	1	8	60	5	58	9.65e-04	38.5
WP_023469769.1	iAF987.Gmet_1790	41.5	123	71	1	3	125	21	142	4.81e-28	100
WP_023469778.1	iCN900.CD630_04310	22.5	551	325	18	2	527	5	478	6.61e-19	89.4
WP_023469778.1	iYS854.USA300HOU_RS08305	27.1	240	126	6	4	226	13	220	6.97e-19	86.3
WP_023469782.1	iAF692.Mbar_A3203	25.1	191	126	5	72	246	90	279	5.61e-04	40.8
WP_023469783.1	iJN1463.PP_2765	34.6	356	208	7	1	342	5	349	4.38e-59	194
WP_023469790.1	iSynCJ816.SGL_RS08770	31.6	206	129	7	8	211	2	197	1.28e-21	87.8
WP_023469801.1	iYS854.USA300HOU_RS13400	57.2	229	98	0	41	269	7	235	2.83e-98	287
WP_023469808.1	iYL1228.KPN_00310	49.3	304	148	2	6	303	5	308	1.15e-98	292
WP_023469808.1	iML1515.b0261	48.4	304	151	2	6	303	5	308	6.59e-98	290
WP_023469809.1	iYO844.BSU02400	64.7	459	161	1	2	459	7	465	1.23e-211	592
WP_023469809.1	iML1515.b0260	62.2	455	169	1	8	462	11	462	4.10e-202	567
WP_023469809.1	iYL1228.KPN_00309	60.9	448	175	0	5	452	10	457	5.54e-198	557
WP_023469815.1	iJN1463.PP_2439	70.1	187	56	0	1	187	1	187	2.25e-100	287
WP_023469815.1	iML1515.b0605	65.2	187	65	0	1	187	1	187	1.96e-94	272
WP_023469815.1	STM_v1_0.STM0608	65.8	187	64	0	1	187	1	187	2.78e-94	271
WP_023469819.1	iYS854.USA300HOU_RS12800	62.9	491	181	1	1	490	1	491	3.81e-226	630
WP_023469822.1	iHN637.CLJU_RS04100	56.3	448	195	1	2	448	3	450	2.37e-184	521
WP_023469844.1	iAF987.Gmet_2999	36.2	116	71	1	6	118	10	125	6.11e-16	75.5
WP_023469844.1	iAF987.Gmet_1706	35.7	115	67	3	5	115	2	113	7.07e-14	69.3
WP_023469845.1	iYO844.BSU40420	71.4	427	122	0	1	427	1	427	6.51e-230	635
WP_023469845.1	iNF517.LLMG_RS11055	70.1	428	127	1	1	427	1	428	1.52e-228	631
WP_023469845.1	iYS854.USA300HOU_RS00085	66.5	427	143	0	1	427	1	427	2.72e-214	595
WP_023469852.1	iML1515.b4173	43.5	62	35	0	4	65	199	260	1.26e-06	49.7
WP_023469852.1	iSynCJ816.SGL_RS05125	37.5	88	36	3	8	93	24	94	1.91e-05	46.2
WP_023469852.1	iJN1463.PP_4893	52.4	42	20	0	7	48	203	244	2.16e-05	45.8
WP_023469854.1	iML1515.b0808	28.7	216	152	2	70	283	501	716	3.14e-22	96.7
WP_023469872.1	iYS854.USA300HOU_RS02730	75.2	290	72	0	6	295	6	295	1.40e-154	433
WP_023469872.1	iYO844.BSU00110	75.7	292	71	0	4	295	3	294	1.91e-154	432
WP_023469875.1	iAF987.Gmet_3528	62.9	423	155	2	1	423	1	421	5.98e-185	520
WP_023469875.1	iNF517.LLMG_RS03735	60.2	425	166	3	1	424	1	423	2.88e-178	503
WP_023469875.1	iCN900.CD630_00140	59.3	418	170	0	1	418	1	418	2.55e-174	493
WP_023469875.1	iHN637.CLJU_RS00085	55.9	426	186	1	1	424	1	426	1.34e-167	476
WP_023469877.1	iYO844.BSU00140	68.9	206	64	0	7	212	2	207	1.19e-107	308
WP_023469877.1	iYS854.USA300HOU_RS02920	62.2	217	82	0	9	225	4	220	3.97e-102	294
WP_023469878.1	iYO844.BSU00150	51.0	198	97	0	2	199	6	203	5.21e-74	222
WP_023469879.1	iYO844.BSU00180	63.8	160	58	0	1	160	1	160	1.61e-73	217
WP_023469885.1	iYO844.BSU06490	67.8	459	146	2	1	458	1	458	3.28e-223	621
WP_023469886.1	iYO844.BSU30800	85.1	269	40	0	6	274	3	271	1.93e-173	479
WP_023469886.1	iYS854.USA300HOU_RS05200	83.3	269	45	0	6	274	5	273	2.82e-171	473
WP_026827645.1	iYS854.USA300HOU_RS04640	83.6	73	12	0	7	79	8	80	7.71e-39	123
WP_029340774.1	iYO844.BSU14180	57.2	236	100	1	1	235	1	236	1.17e-55	177
WP_029340774.1	iCN900.CD630_32270	61.1	234	90	1	3	235	4	237	1.24e-55	177
WP_029340774.1	iHN637.CLJU_RS17065	55.0	231	104	0	3	233	7	237	5.64e-54	173
WP_029340774.1	iYS854.USA300HOU_RS07115	49.4	231	116	1	6	235	7	237	2.32e-53	171
WP_029340774.1	iLJ478.TM1519	57.6	231	98	0	5	235	5	235	1.36e-51	167
WP_029340778.1	iCN900.CD630_09000	58.7	373	153	1	1	372	1	373	2.33e-158	449
WP_029340779.1	iCN900.CD630_09010	52.2	523	238	4	4	525	6	517	1.46e-183	525
WP_029340800.1	iCN900.CD630_22560	26.4	345	229	6	3	339	22	349	1.08e-25	105
WP_029340887.1	iML1515.b2166	27.6	261	186	2	4	264	7	264	6.44e-21	90.5
WP_029340919.1	iCN900.CD630_08840	49.5	479	236	3	1	476	1	476	5.80e-165	474
WP_029340919.1	iYO844.BSU30950	48.8	482	242	4	1	481	1	478	5.38e-164	472
WP_029340919.1	iNF517.LLMG_RS09370	46.5	482	250	6	1	478	1	478	3.56e-148	431
WP_029341022.1	iYO844.BSU35710	38.9	275	159	2	1	266	1	275	4.93e-64	201
WP_029341022.1	iYS854.USA300HOU_RS03455	37.6	271	163	4	1	266	1	270	3.91e-59	188
WP_029341033.1	iAM_Pf480.PF3D7_0420200	44.8	58	23	2	10	67	199	247	5.68e-04	38.9
WP_029341034.1	iCN900.CD630_24330	69.4	288	88	0	1	288	1	288	3.21e-155	434
WP_029341034.1	iNF517.LLMG_RS07455	69.1	288	89	0	4	291	9	296	8.63e-152	427
WP_029341034.1	iAF987.Gmet_2942	66.0	288	98	0	1	288	1	288	2.41e-145	409
WP_029341034.1	iCN718.ABAYE_RS02360	63.6	291	102	1	2	288	10	300	1.67e-139	396
WP_029341034.1	iJN1463.PP_0061	64.0	289	100	1	2	286	10	298	3.91e-138	392
WP_029341130.1	iYO844.BSU23980	45.8	260	124	6	1	252	1	251	6.14e-66	205
WP_029341157.1	iAF692.Mbar_A1776	25.9	189	124	7	97	277	141	321	5.70e-05	44.3
WP_029341181.1	iYO844.BSU23490	67.8	258	83	0	10	267	10	267	6.41e-127	361
WP_029341181.1	iCN900.CD630_12240	62.9	264	98	0	7	270	7	270	2.14e-120	344
WP_029341191.1	iCN718.ABAYE_RS03570	39.5	167	87	4	2	156	7	171	2.62e-29	106
WP_029341191.1	STM_v1_0.STM2050	38.6	176	99	3	1	167	1	176	5.16e-27	103
WP_029341191.1	iCHOv1.100751940	39.9	173	84	6	2	157	51	220	1.17e-27	103
WP_029341536.1	iYO844.BSU38570	57.1	91	39	0	2	92	12	102	2.13e-26	93.6
WP_029341924.1	iYO844.BSU31650	61.7	94	36	0	1	94	1	94	5.32e-32	107
WP_029341994.1	iYO844.BSU22410	70.1	127	38	0	1	127	1	127	4.19e-58	175
WP_029342028.1	iSbBS512_1146.SbBS512_E4854	26.3	293	184	8	45	329	52	320	6.84e-16	77.4
WP_029342028.1	iML1515.b4230	25.9	293	185	8	45	329	52	320	2.28e-15	75.9
WP_029342028.1	iSF_1195.SF4261	25.9	293	185	8	45	329	52	320	2.28e-15	75.9
WP_029342028.1	iSSON_1240.SSON_4411	26.3	293	184	9	45	329	52	320	1.02e-14	73.9
WP_029342028.1	iYL1228.KPN_04624	25.8	295	183	8	45	329	52	320	6.11e-14	71.6
WP_029342029.1	iYO844.BSU35940	36.8	505	298	9	5	502	3	493	2.22e-99	308
WP_029342029.1	iNF517.LLMG_RS04060	37.5	499	302	4	5	502	3	492	1.70e-98	305
WP_029342029.1	iHN637.CLJU_RS00620	35.0	505	313	5	2	501	3	497	5.53e-95	296
WP_029342029.1	iLJ478.TM0115	34.7	510	316	6	4	504	14	515	1.09e-93	294
WP_029342029.1	iLJ478.TM0956	36.3	496	308	7	2	491	10	503	2.35e-93	293
WP_029342029.1	iCN900.CD630_03010	32.9	505	333	2	4	508	5	503	3.23e-91	287
WP_029342029.1	iML1515.b2149	33.1	493	325	3	2	494	11	498	2.73e-90	285
WP_029342029.1	iSF_1195.SF2234	33.1	493	325	3	2	494	11	498	2.73e-90	285
WP_029342029.1	iSSON_1240.SSON_2205	33.1	493	325	3	2	494	11	498	2.73e-90	285
WP_029342029.1	STM_v1_0.STM2189	33.1	493	325	3	2	494	11	498	1.07e-89	283
WP_029342029.1	iPC815.YPO1508	32.7	493	327	3	2	494	11	498	4.58e-88	279
WP_029342029.1	iPC815.YPO3964	34.1	510	322	5	4	508	6	506	6.62e-88	278
WP_029342035.1	iYS854.USA300HOU_RS12240	51.3	419	189	5	8	419	6	416	3.23e-138	401
WP_029342095.1	iHN637.CLJU_RS06285	55.7	70	31	0	6	75	2	71	3.23e-19	73.6
WP_029342095.1	iYS854.USA300HOU_RS06195	54.5	66	30	0	10	75	7	72	2.64e-18	71.2
WP_029342095.1	iJN1463.PP_1915	51.5	66	32	0	10	75	8	73	3.14e-17	68.6
WP_029342095.1	iCN900.CD630_10620	52.9	68	31	1	10	76	5	72	1.67e-16	66.6
WP_029342106.1	iYO844.BSU15790	58.9	214	87	1	1	213	1	214	1.02e-85	252
WP_029342106.1	iAF987.Gmet_0067	56.9	216	93	0	1	216	1	216	9.54e-85	250
WP_029342106.1	iYS854.USA300HOU_RS06140	52.6	213	101	0	1	213	1	213	2.50e-83	246
WP_029342106.1	iSynCJ816.SGL_RS09950	57.0	214	90	1	2	213	5	218	6.01e-83	246
WP_029342106.1	iCN900.CD630_25750	54.3	219	99	1	1	218	1	219	1.36e-82	244
WP_029342106.1	iNF517.LLMG_RS11000	58.8	199	82	0	3	201	4	202	1.23e-82	244
WP_029342162.1	iYO844.BSU14900	67.8	605	194	1	8	612	13	616	2.47e-303	837
WP_029342176.1	iYO844.BSU14610	72.1	470	131	0	1	470	1	470	3.30e-243	672
WP_029342176.1	iYS854.USA300HOU_RS05470	67.9	467	149	1	1	467	1	466	1.13e-219	612
WP_029342180.1	iNF517.LLMG_RS02790	44.9	187	89	1	1	173	16	202	1.11e-48	156
WP_029342245.1	iYS854.USA300HOU_RS08720	78.5	377	81	0	5	381	3	379	2.06e-231	634
WP_029342255.1	iHN637.CLJU_RS18510	24.0	246	159	8	1	225	1	239	4.57e-04	40.4
WP_029342294.1	iYO844.BSU28450	55.2	201	90	0	1	201	1	201	2.66e-86	253
WP_029342414.1	iYS854.USA300HOU_RS04660	55.3	114	50	1	4	116	6	119	7.47e-38	123
WP_029342415.1	iYS854.USA300HOU_RS07610	45.4	183	97	2	1	183	1	180	9.31e-46	148
WP_029342420.1	iYL1228.KPN_04001	48.3	329	155	3	1	316	1	327	7.40e-97	289
WP_029342420.1	STM_v1_0.STM4085	48.3	329	155	3	1	316	1	327	3.40e-95	285
WP_029342420.1	iML1515.b3925	47.4	329	158	3	1	316	1	327	7.77e-94	281
WP_029342420.1	iSbBS512_1146.SbBS512_E4407	47.4	329	158	3	1	316	1	327	7.77e-94	281
WP_029342420.1	iSDY_1059.SDY_3819	47.4	329	158	3	1	316	1	327	7.77e-94	281
WP_029342420.1	iSF_1195.SF4003	47.4	329	158	3	1	316	1	327	7.77e-94	281
WP_029342420.1	iSSON_1240.SSON_4094	47.4	329	158	3	1	316	1	327	7.77e-94	281
WP_029342420.1	iEK1008.Rv1099c	44.4	315	172	3	2	315	30	342	3.42e-85	260
WP_029342437.1	iYS854.USA300HOU_RS04375	68.5	124	39	0	4	127	3	126	7.82e-56	169
WP_029342578.1	iYO844.BSU37780	67.8	513	165	0	2	514	3	515	9.49e-256	707
WP_029342587.1	iNF517.LLMG_RS06720	59.5	257	103	1	2	258	3	258	9.76e-98	286
WP_029342588.1	iNF517.LLMG_RS06725	59.6	260	104	1	5	263	2	261	1.33e-102	299
WP_029342588.1	iYS854.USA300HOU_RS05490	53.6	265	123	0	2	266	1	265	4.32e-92	272
WP_029342737.1	iYO844.BSU36800	52.4	105	49	1	1	105	1	104	3.43e-32	110
WP_029342737.1	iYS854.USA300HOU_RS11355	46.2	130	67	3	1	129	1	128	1.09e-28	101
WP_029342752.1	iYO844.BSU36920	69.4	147	44	1	1	146	1	147	2.06e-70	208
WP_029342784.1	iAF987.Gmet_1919	33.6	107	71	0	1	107	1	107	9.43e-12	60.1
WP_029342784.1	iAF987.Gmet_1914	30.1	113	79	0	4	116	3	115	9.09e-11	57.4
WP_029342805.1	iYS854.USA300HOU_RS03420	48.3	302	150	2	4	299	3	304	2.57e-103	304
WP_029342805.1	iNF517.LLMG_RS05780	46.1	308	158	4	5	305	9	315	8.21e-96	285
WP_029342826.1	iYS854.USA300HOU_RS01050	22.6	593	293	20	3	523	4	502	6.61e-20	93.2
WP_029342826.1	iLJ478.TM0115	23.0	587	313	19	1	541	12	505	6.33e-20	93.2
WP_029342826.1	iCN900.CD630_04310	24.0	551	315	19	4	527	5	478	9.67e-20	92.4
WP_029342826.1	iML1515.b2180	24.1	565	322	20	3	523	5	506	1.16e-19	92.4
WP_029342826.1	iJN1463.PP_4150	25.7	569	306	24	3	523	6	505	2.67e-18	88.2
WP_029342826.1	iSynCJ816.SGL_RS04625	31.3	246	119	10	6	240	25	231	1.05e-18	86.7
WP_029342897.1	iYO844.BSU31930	75.1	370	91	1	1	370	1	369	5.43e-190	529
WP_029343026.1	iSynCJ816.SGL_RS13580	35.0	103	66	1	291	392	271	373	2.22e-05	47.0
WP_029343029.1	iYO844.BSU00090	75.9	486	117	0	1	486	1	486	2.75e-265	729
WP_029343029.1	iYS854.USA300HOU_RS02065	71.5	488	136	2	1	486	1	487	2.23e-250	691
WP_029343079.1	iYO844.BSU00910	73.9	157	41	0	1	157	1	157	1.91e-83	242
WP_029343079.1	iAF987.Gmet_0059	68.6	156	49	0	2	157	1	156	3.09e-75	221
WP_029343079.1	iCN900.CD630_00480	64.3	154	55	0	2	155	1	154	5.83e-74	218
WP_029343435.1	iAF987.Gmet_1706	32.7	156	94	4	4	150	3	156	3.01e-14	70.1
WP_029343435.1	iAF987.Gmet_0069	28.7	164	104	5	2	154	3	164	3.86e-14	69.7
WP_029343435.1	iAF987.Gmet_2999	36.8	114	68	2	4	113	10	123	6.76e-14	69.3
WP_029343435.1	iAF987.Gmet_1919	36.9	103	63	2	3	103	4	106	1.40e-12	65.5
WP_029343438.1	iML1515.b1856	45.5	88	45	1	130	217	314	398	2.20e-15	74.3
WP_035395443.1	iNF517.LLMG_RS10000	25.7	171	103	6	338	501	2	155	1.65e-04	43.9
WP_035395489.1	iYO844.BSU23860	57.8	465	195	1	2	465	3	467	1.46e-190	538
WP_035395489.1	iYL1228.KPN_02499	55.9	465	203	2	2	465	3	466	5.81e-185	524
WP_035395489.1	STM_v1_0.STM2081	56.6	465	200	2	2	465	3	466	5.81e-185	524
WP_035395489.1	iSF_1195.SF2091	56.3	465	201	2	2	465	3	466	1.17e-184	523
WP_035395489.1	iSSON_1240.SSON_2100	56.3	465	201	2	2	465	3	466	1.17e-184	523
WP_035395489.1	iML1515.b2029	56.3	465	201	2	2	465	3	466	3.33e-184	522
WP_035395489.1	iSDY_1059.SDY_2212	56.1	465	202	2	2	465	3	466	6.70e-184	521
WP_035395489.1	iSbBS512_1146.SbBS512_E1202	55.9	465	203	2	2	465	3	466	3.84e-183	519
WP_035395489.1	iPC815.YPO1541	56.4	466	200	3	2	465	3	467	3.23e-182	517
WP_035395489.1	iYS854.USA300HOU_RS08075	54.7	466	209	2	1	465	1	465	1.11e-177	505
WP_035395489.1	iNF517.LLMG_RS03045	53.6	466	214	1	2	465	3	468	1.69e-170	487
WP_035395513.1	iCN900.CD630_16550	34.0	509	298	10	8	488	42	540	2.34e-77	253
WP_035395571.1	iAF987.Gmet_0043	24.1	224	152	7	181	387	44	266	4.13e-07	51.6
WP_035395573.1	iAF987.Gmet_1706	32.8	119	76	2	1	117	1	117	3.26e-12	64.3
WP_035395573.1	iAF987.Gmet_1914	32.1	106	72	0	2	107	3	108	1.49e-11	62.8
WP_035395573.1	iAF987.Gmet_0069	27.7	137	84	4	30	156	34	165	2.26e-10	58.9
WP_035395598.1	iYO844.BSU31100	43.6	436	240	4	28	463	16	445	2.04e-108	328
WP_035395624.1	iML1515.b1985	23.2	293	205	8	41	320	65	350	1.09e-09	60.1
WP_035395630.1	iAF987.Gmet_1706	42.5	120	64	3	5	121	3	120	4.75e-18	80.9
WP_035395630.1	iAF987.Gmet_2999	40.3	119	68	2	2	117	7	125	1.09e-16	77.4
WP_035395634.1	iYL1228.KPN_00440	65.7	181	61	1	3	183	4	183	7.44e-82	240
WP_035395634.1	iML1515.b0459	66.5	182	60	1	2	183	3	183	1.14e-77	229
WP_035395634.1	iSDY_1059.SDY_0460	66.5	182	60	1	2	183	3	183	1.14e-77	229
WP_035395634.1	iSSON_1240.SSON_0446	66.5	182	60	1	2	183	3	183	1.14e-77	229
WP_035395634.1	STM_v1_0.STM0472	65.7	181	61	1	3	183	4	183	6.59e-77	227
WP_035395634.1	iSbBS512_1146.SbBS512_E0391	64.3	182	64	1	2	183	3	183	5.11e-74	220
WP_035395637.1	iNF517.LLMG_RS02085	38.6	446	267	7	1	440	1	445	1.07e-101	310
WP_035395644.1	iCHOv1.100755684	22.5	236	137	3	204	405	22	245	2.19e-07	52.8
WP_035395644.1	iMM1415.18605	25.6	199	126	5	231	409	215	411	4.06e-07	52.4
WP_035395644.1	iMM1415.56703	23.4	235	153	6	251	472	136	356	5.08e-06	48.9
WP_035395647.1	iAF987.Gmet_2330	36.8	326	177	8	5	301	6	331	1.33e-52	175
WP_035395647.1	iSbBS512_1146.SbBS512_E1204	34.3	332	186	7	1	302	1	330	4.96e-52	173
WP_035395647.1	iYL1228.KPN_02492	35.2	335	179	9	1	302	1	330	2.99e-50	169
WP_035395779.1	iYS854.USA300HOU_RS11875	35.6	87	56	0	14	100	11	97	4.68e-15	65.1
WP_035395779.1	iYO844.BSU05820	35.4	96	61	1	8	102	9	104	1.75e-13	61.2
WP_035395779.1	iNF517.LLMG_RS02230	38.6	83	51	0	13	95	17	99	4.00e-13	60.5
WP_035395779.1	iYO844.BSU38570	34.3	99	65	0	13	111	9	107	4.93e-13	60.1
WP_035395794.1	iEK1008.Rv1099c	53.5	314	144	2	2	314	30	342	9.97e-110	323
WP_035395815.1	iYO844.BSU23270	44.3	210	111	2	1	204	1	210	1.96e-55	175
WP_035395818.1	iYO844.BSU23260	60.8	395	145	5	4	388	2	396	3.83e-160	455
WP_035395818.1	iHN637.CLJU_RS10830	56.7	395	163	5	4	390	5	399	2.68e-151	433
WP_035395821.1	iYS854.USA300HOU_RS09385	71.7	152	43	0	1	152	1	152	1.86e-71	211
WP_035395821.1	iCN900.CD630_16970	63.8	152	55	0	1	152	1	152	2.09e-70	208
WP_035395821.1	iYO844.BSU23250	66.7	150	50	0	2	151	3	152	4.36e-70	207
WP_035395821.1	iHN637.CLJU_RS10825	65.8	149	51	0	2	150	3	151	7.72e-66	197
WP_035395821.1	iNF517.LLMG_RS07695	61.5	148	57	0	2	149	3	150	1.87e-64	193
WP_035395839.1	iYO844.BSU05740	74.2	449	113	2	4	449	6	454	3.67e-238	658
WP_035395950.1	iYO844.BSU37060	64.4	194	69	0	1	194	1	194	2.25e-90	263
WP_035395950.1	iYS854.USA300HOU_RS11440	64.8	182	64	0	8	189	8	189	5.62e-80	236
WP_035396020.1	iNF517.LLMG_RS12140	26.4	277	167	9	144	404	72	327	1.82e-09	59.3
WP_035396020.1	iYO844.BSU35590	22.3	292	182	8	144	426	92	347	6.21e-08	54.3
WP_035396020.1	iYS854.USA300HOU_RS02960	30.4	168	105	4	284	449	322	479	1.32e-07	53.5
WP_035396028.1	iYO844.BSU38860	61.9	336	126	1	1	334	1	336	8.93e-153	432
WP_035396028.1	iCN900.CD630_27140	59.1	337	136	1	1	335	1	337	5.74e-146	414
WP_035396040.1	iYO844.BSU35700	52.7	239	104	1	26	255	16	254	7.98e-85	264
WP_035396040.1	iYS854.USA300HOU_RS03450	51.6	250	120	1	4	253	5	253	3.91e-82	249
WP_035396040.1	iNF517.LLMG_RS08170	41.8	337	172	4	4	317	11	346	4.37e-78	245
WP_035396083.1	iIT341.HP0071	28.7	181	100	4	6	157	6	186	7.25e-10	55.8
WP_035396120.1	iYO844.BSU13580	54.0	387	177	1	4	389	3	389	4.39e-149	427
WP_035396151.1	iYS854.USA300HOU_RS10315	58.9	475	194	1	1	475	1	474	1.41e-197	556
WP_035396161.1	iYS854.USA300HOU_RS07270	54.6	163	71	2	5	165	3	164	1.48e-53	167
WP_035396161.1	iYS854.USA300HOU_RS01000	56.5	147	63	1	18	164	535	680	2.97e-48	165
WP_035396294.1	iCN718.ABAYE_RS17405	28.0	211	141	3	5	206	12	220	3.51e-19	82.0
WP_035396294.1	STM_v1_0.STM3482	28.6	231	137	5	2	206	7	235	2.12e-16	75.1
WP_035396304.1	iYO844.BSU33930	70.9	395	113	2	1	394	1	394	2.84e-194	541
WP_035396308.1	iEK1008.Rv0824c	33.9	274	162	8	10	270	14	281	2.71e-38	137
WP_035396343.1	iNF517.LLMG_RS06580	28.0	289	155	10	22	262	21	304	7.41e-17	78.6
WP_035396348.1	iAF692.Mbar_A1310	52.1	192	90	2	1	191	1	191	1.34e-66	202
WP_035396348.1	iHN637.CLJU_RS05735	50.0	194	94	2	1	191	1	194	1.20e-65	199
WP_035396348.1	iAF987.Gmet_0386	52.3	193	89	2	2	191	3	195	4.69e-63	193
WP_035396348.1	iYO844.BSU34900	51.5	194	91	2	1	191	1	194	1.49e-61	189
WP_035396348.1	iNF517.LLMG_RS06560	48.7	199	94	5	1	191	1	199	1.63e-59	184
WP_035396348.1	iCN900.CD630_15500	45.3	192	104	1	1	191	1	192	3.73e-59	183
WP_035396350.1	iYO844.BSU34880	40.6	234	134	3	3	231	6	239	2.30e-57	182
WP_035396350.1	iCN900.CD630_15520	37.7	236	145	2	1	234	1	236	5.61e-57	181
WP_035396350.1	iSynCJ816.SGL_RS17225	39.2	237	139	3	1	232	1	237	3.60e-56	179
WP_035396350.1	iHN637.CLJU_RS05745	36.0	236	149	2	1	234	1	236	1.20e-52	169
WP_035396350.1	iNF517.LLMG_RS06545	37.8	233	141	4	1	229	1	233	2.20e-52	169
WP_035396350.1	iAF987.Gmet_0388	38.6	236	140	3	1	231	1	236	1.17e-51	167
WP_035396350.1	iCN718.ABAYE_RS01765	38.6	233	139	4	1	229	1	233	6.43e-51	165
WP_035396370.1	iYO844.BSU32820	65.5	594	205	0	1	594	1	594	2.48e-284	786
WP_035396386.1	iYS854.USA300HOU_RS04575	35.6	452	246	9	1	421	1	438	8.08e-82	258
WP_035396406.1	iSbBS512_1146.SbBS512_E4050	31.3	192	117	8	2	184	6	191	6.84e-11	61.2
WP_035396406.1	iSSON_1240.SSON_3782	31.3	192	117	8	2	184	6	191	6.84e-11	61.2
WP_035396409.1	iAF987.Gmet_2417	30.4	391	257	5	5	388	8	390	5.48e-55	187
WP_035396433.1	iHN637.CLJU_RS11915	22.6	261	178	8	94	339	68	319	4.94e-07	50.4
WP_035396467.1	STM_v1_0.STM0691	27.5	189	106	7	1	165	1	182	3.07e-06	48.9
WP_035396467.1	iLJ478.TM0869	27.6	163	63	7	2	164	18	125	2.17e-05	45.8
WP_035396467.1	iAF692.Mbar_A1604	28.3	138	77	3	1	135	1	119	7.99e-05	44.3
WP_035396467.1	iAF692.Mbar_A2898	32.3	65	29	1	1	65	1	50	6.60e-05	44.3
WP_035396538.1	iYO844.BSU00760	32.1	78	49	2	50	124	196	272	3.82e-04	39.3
WP_035396547.1	iHN637.CLJU_RS06465	28.6	297	197	6	9	293	10	303	1.09e-29	114
WP_035396564.1	iYS854.USA300HOU_RS05690	63.8	334	120	1	8	340	10	343	4.06e-158	446
WP_035396564.1	iNF517.LLMG_RS11030	61.2	343	129	2	1	340	3	344	7.25e-150	425
WP_035396567.1	iYS854.USA300HOU_RS05695	45.7	799	420	10	1	790	1	794	1.02e-221	643
WP_035396571.1	iYS854.USA300HOU_RS05715	48.4	558	284	3	3	558	2	557	3.31e-176	509
WP_035396576.1	iYO844.BSU28560	56.8	548	232	3	5	548	7	553	2.90e-219	618
WP_035396582.1	iHN637.CLJU_RS19400	41.2	323	179	6	6	317	11	333	1.59e-72	227
WP_035396582.1	iCN900.CD630_10560	39.1	325	188	5	1	315	1	325	1.12e-66	212
WP_035396582.1	iAF987.Gmet_0684	37.4	321	192	4	6	317	116	436	2.94e-64	209
WP_035396637.1	iJN1463.PP_0936	48.1	185	90	4	7	186	4	187	1.59e-44	146
WP_035396637.1	iML1515.b3248	42.9	182	100	1	7	184	4	185	6.23e-40	134
WP_035396676.1	iYS854.USA300HOU_RS04985	63.1	195	72	0	5	199	3	197	8.34e-85	249
WP_035396676.1	iCN900.CD630_03450	57.1	203	85	1	1	203	1	201	5.41e-77	232
WP_035396676.1	iNF517.LLMG_RS01960	60.1	198	78	1	5	202	3	199	3.00e-77	231
WP_035396680.1	iML1515.b0089	28.7	383	240	11	11	383	44	403	1.38e-31	123
WP_035396680.1	iJN1463.PP_1336	27.5	357	214	12	49	389	61	388	2.74e-29	117
WP_035396687.1	iCN718.ABAYE_RS14020	33.3	102	64	2	3	100	79	180	6.92e-07	48.9
WP_035396687.1	iLB1027_lipid.PHATRDRAFT_54974	31.3	99	55	4	6	92	161	258	6.47e-06	46.2
WP_035396697.1	iYO844.BSU14630	62.0	490	186	0	6	495	1	490	2.46e-216	605
WP_035396699.1	iYO844.BSU14670	51.5	235	114	0	11	245	15	249	3.43e-79	239
WP_035396712.1	iNF517.LLMG_RS08455	61.5	312	117	2	2	311	3	313	6.19e-129	369
WP_035396718.1	iYO844.BSU15220	51.2	365	168	5	1	359	1	361	3.32e-127	369
WP_035396726.1	iYS854.USA300HOU_RS06015	59.2	287	115	2	17	302	17	302	1.76e-120	347
WP_035396726.1	iNF517.LLMG_RS07670	56.4	287	123	2	17	302	14	299	1.12e-110	322
WP_035396734.1	iYS854.USA300HOU_RS06050	48.4	223	113	2	6	227	7	228	7.95e-65	200
WP_035396734.1	iNF517.LLMG_RS05620	45.7	232	120	3	2	227	4	235	5.91e-61	191
WP_035396734.1	iYO844.BSU15550	45.5	233	122	2	2	229	4	236	1.63e-58	184
WP_035396748.1	iYS854.USA300HOU_RS06125	31.5	241	160	4	1	236	2	242	1.84e-34	123
WP_035396754.1	iYS854.USA300HOU_RS06145	34.2	184	105	6	29	197	27	209	3.86e-18	78.6
WP_035396754.1	iNF517.LLMG_RS10075	32.2	208	118	7	4	195	3	203	1.97e-17	76.6
WP_035396761.1	iYO844.BSU15900	43.6	305	167	3	1	301	1	304	8.64e-75	231
WP_035396761.1	iYS854.USA300HOU_RS06180	42.8	306	166	6	1	301	1	302	3.85e-68	214
WP_035396763.1	iYS854.USA300HOU_RS06185	66.0	244	82	1	1	243	1	244	2.20e-102	296
WP_035396763.1	iYO844.BSU15910	60.3	242	95	1	3	243	5	246	1.32e-94	277
WP_035396763.1	iHN637.CLJU_RS20765	55.8	242	106	1	3	243	7	248	4.37e-91	268
WP_035396772.1	iCN900.CD630_02510	58.9	418	171	1	18	435	21	437	2.48e-169	482
WP_035396793.1	iHN637.CLJU_RS10465	49.3	69	33	2	628	695	482	549	1.04e-10	64.7
WP_035396804.1	iLJ478.TM0112	31.1	122	80	3	159	278	168	287	5.64e-06	47.0
WP_035396804.1	iYO844.BSU35950	33.0	115	69	4	160	271	177	286	1.02e-05	46.2
WP_035396804.1	iLJ478.TM1137	30.8	91	59	2	174	260	197	287	6.19e-05	43.9
WP_035396818.1	iYO844.BSU22710	57.7	390	159	3	1	384	1	390	8.41e-147	421
WP_035396818.1	iYS854.USA300HOU_RS07500	56.9	378	159	3	1	374	1	378	9.05e-146	418
WP_035396830.1	iYO844.BSU22560	63.4	161	58	1	7	167	6	165	5.89e-75	221
WP_035396868.1	iYS854.USA300HOU_RS10305	30.7	231	156	3	5	232	7	236	8.73e-28	108
WP_035396870.1	iAF987.Gmet_1706	38.1	118	69	2	4	119	2	117	2.06e-17	79.3
WP_035396893.1	iYO844.BSU15200	47.3	448	229	5	1	441	1	448	1.74e-129	381
WP_035396893.1	iYS854.USA300HOU_RS05945	43.1	432	243	3	8	437	9	439	1.66e-118	353
WP_035396893.1	iNF517.LLMG_RS04655	46.0	439	233	4	5	439	6	444	7.51e-117	349
WP_035396895.1	iCN900.CD630_25950	62.3	175	66	0	1	175	2	176	3.71e-73	217
WP_035396898.1	iYO844.BSU15730	55.3	309	132	3	1	305	7	313	1.47e-119	345
WP_035396901.1	iCN900.CD630_14790	34.8	89	53	4	120	205	2	88	8.49e-04	40.4
WP_035396944.1	iAF987.Gmet_2947	50.7	140	69	0	1	140	2	141	4.31e-47	150
WP_035396944.1	iCN718.ABAYE_RS16490	47.8	157	75	3	2	151	8	164	2.55e-45	145
WP_035396944.1	iPC815.YPO0486	47.4	152	78	2	1	151	2	152	2.57e-43	140
WP_035396944.1	iYO844.BSU21810	44.7	159	87	1	1	158	1	159	1.51e-41	136
WP_035397012.1	iHN637.CLJU_RS15095	46.1	388	205	3	1	385	1	387	2.46e-123	361
WP_035397034.1	iAF692.Mbar_A0211	24.8	351	224	11	52	376	16	352	4.25e-16	79.7
WP_035397071.1	iML1515.b1584	23.7	156	112	3	19	173	7	156	3.77e-10	56.2
WP_035397071.1	STM_v1_0.STM1502	25.5	145	101	3	18	161	6	144	5.20e-10	55.8
WP_035397071.1	iYL1228.KPN_01583	25.0	144	101	3	19	161	7	144	4.95e-09	53.1
WP_035397160.1	iSbBS512_1146.SbBS512_E1611	28.1	221	138	7	3	208	9	223	3.03e-17	78.2
WP_035397160.1	iSDY_1059.SDY_1456	28.1	221	138	7	3	208	9	223	3.03e-17	78.2
WP_035397160.1	iSF_1195.SF1364	28.1	221	138	7	3	208	9	223	3.03e-17	78.2
WP_035397160.1	iSSON_1240.SSON_1751	28.1	221	138	7	3	208	9	223	3.03e-17	78.2
WP_035397160.1	iSSON_1240.SSON_0789	26.6	207	136	3	16	209	16	219	6.77e-17	76.6
WP_035397160.1	iYL1228.KPN_00838	26.1	207	137	3	16	209	16	219	1.80e-16	75.5
WP_035397160.1	iML1515.b0809	26.1	207	137	3	16	209	16	219	3.44e-16	74.7
WP_035397160.1	iSbBS512_1146.SbBS512_E2539	26.1	207	137	3	16	209	16	219	3.44e-16	74.7
WP_035397160.1	iPC815.YPO2440	29.4	211	135	5	3	201	13	221	9.41e-16	74.3
WP_035397160.1	iSDY_1059.SDY_0787	26.1	207	137	3	16	209	16	219	6.57e-16	73.9
WP_035397160.1	iSF_1195.SF0760	26.1	207	137	3	16	209	16	219	9.08e-16	73.6
WP_035397160.1	iPC815.YPO2060	32.1	187	117	3	16	201	19	196	1.07e-15	73.6
WP_035397160.1	iPC815.YPO2514	26.4	208	135	4	16	209	16	219	1.26e-15	73.2
WP_035397160.1	iAF987.Gmet_2439	26.0	219	141	5	3	208	8	218	2.82e-15	72.4
WP_035397160.1	STM_v1_0.STM0828	27.3	209	130	6	16	208	16	218	2.40e-15	72.4
WP_035397160.1	iAF692.Mbar_A1172	26.7	221	148	6	3	211	4	222	8.04e-15	71.2
WP_035397160.1	iYO844.BSU30760	27.7	213	143	6	3	206	6	216	1.37e-14	70.5
WP_035397365.1	iCN900.CD630_31890	27.4	95	61	1	53	147	66	152	2.71e-05	42.4
WP_035397622.1	iYO844.BSU32000	31.0	168	114	1	9	174	13	180	8.98e-12	62.4
WP_035397622.1	iHN637.CLJU_RS20765	25.3	186	135	3	4	186	6	190	4.69e-10	57.4
WP_035397622.1	STM_v1_0.STM0598	27.2	169	111	2	3	169	7	165	8.93e-10	56.6
WP_035397624.1	iML1515.b0046	44.9	156	84	2	4	159	3	156	4.40e-37	125
WP_035397645.1	iYL1228.KPN_00609	27.5	178	121	2	45	220	55	226	2.02e-07	52.4
WP_035397645.1	iYS854.USA300HOU_RS11805	26.6	173	124	2	15	185	8	179	1.42e-06	49.7
WP_035397903.1	iYO844.BSU01680	51.7	449	209	3	7	454	10	451	4.04e-147	427
WP_035397903.1	iNF517.LLMG_RS07195	46.5	477	229	9	1	455	1	473	1.13e-131	394
WP_035397903.1	iYS854.USA300HOU_RS01015	45.6	476	236	7	1	453	1	476	1.65e-132	390
WP_035397916.1	iNF517.LLMG_RS05525	52.6	154	73	0	5	158	4	157	3.63e-57	175
WP_035397916.1	iYS854.USA300HOU_RS06570	50.6	158	78	0	1	158	1	158	4.10e-54	167
WP_035397916.1	iYO844.BSU21900	48.7	150	76	1	3	151	2	151	7.16e-53	164
WP_035397916.1	iMM904.YIR037W	49.0	155	78	1	1	154	1	155	2.59e-51	160
WP_035397916.1	iMM904.YBR244W	49.0	155	78	1	5	158	6	160	1.44e-50	159
WP_035397930.1	iAM_Pb448.PBANKA_091170	34.3	230	124	7	110	313	695	923	9.62e-25	107
WP_035397930.1	iAM_Pc455.PCYB_094280	34.5	229	125	7	110	313	723	951	1.00e-22	101
WP_035397930.1	iAM_Pv461.PVX_092460	34.6	234	118	7	110	313	878	1106	1.87e-22	100
WP_035397930.1	iAM_Pf480.PF3D7_1136900	32.3	232	132	8	110	316	744	975	2.49e-21	97.1
WP_035397969.1	iCN900.CD630_22130	55.2	181	81	0	1	181	1	181	1.82e-75	224
WP_035397971.1	iPC815.YPO3854	54.5	444	198	1	6	449	10	449	9.21e-173	492
WP_035397971.1	iHN637.CLJU_RS08795	52.8	447	206	1	1	447	1	442	1.02e-167	479
WP_035398051.1	iYO844.BSU26690	68.3	429	136	0	1	429	1	429	5.28e-205	573
WP_035398057.1	iYO844.BSU38980	74.3	210	54	0	1	210	1	210	9.96e-110	313
WP_035398062.1	iJN1463.PP_3074	54.0	478	204	3	1	478	1	462	1.20e-156	452
WP_035398091.1	iYS854.USA300HOU_RS06885	40.4	203	104	3	4	195	3	199	9.79e-41	137
WP_035398093.1	iSynCJ816.SGL_RS16185	43.2	132	71	3	199	328	168	297	7.90e-21	90.9
WP_035398100.1	iSbBS512_1146.SbBS512_E4722	24.2	207	126	9	152	337	110	306	7.68e-05	43.9
WP_035398100.1	iML1515.b4192	23.7	207	127	9	152	337	110	306	1.36e-04	43.1
WP_035398100.1	iSF_1195.SF4347	23.7	207	127	9	152	337	112	308	1.36e-04	43.1
WP_035398100.1	iSSON_1240.SSON_4374	23.7	207	127	9	152	337	112	308	1.36e-04	43.1
WP_035398100.1	iYL1228.KPN_04585	23.7	207	127	9	152	337	110	306	3.17e-04	42.0
WP_035398100.1	iCHOv1.100689391	32.3	93	58	2	99	191	137	224	5.28e-04	41.6
WP_035398100.1	STM_v1_0.STM4382	23.2	207	128	9	152	337	110	306	5.60e-04	41.2
WP_035398104.1	iEK1008.Rv0684	26.9	479	312	9	7	456	8	477	2.79e-45	169
WP_035398104.1	iSynCJ816.SGL_RS10930	27.4	475	306	11	9	456	7	469	3.69e-43	162
WP_035398112.1	iPC815.YPO3144	42.1	572	322	4	11	580	11	575	8.67e-131	395
WP_035398125.1	iYO844.BSU09290	77.7	493	110	0	5	497	4	496	2.25e-297	811
WP_035398125.1	iYS854.USA300HOU_RS06545	73.9	494	129	0	4	497	3	496	9.97e-283	774
WP_035398129.1	iSF_1195.SF1202	39.8	206	112	3	1	195	1	205	1.52e-40	136
WP_035398129.1	iML1515.b1199	39.8	206	112	3	1	195	1	205	2.14e-40	136
WP_035398129.1	iSbBS512_1146.SbBS512_E1358	39.8	206	112	3	1	195	1	205	2.14e-40	136
WP_035398129.1	iNF517.LLMG_RS01350	41.6	185	102	2	14	198	13	191	1.83e-40	135
WP_035398129.1	iYL1228.KPN_03496	39.3	206	113	4	1	195	1	205	6.04e-37	127
WP_035398129.1	iYS854.USA300HOU_RS03520	40.5	185	103	3	8	191	6	184	7.80e-37	126
WP_035398132.1	iAF987.Gmet_0148	31.6	57	36	1	12	65	5	61	3.90e-05	37.4
WP_035398132.1	iAF987.Gmet_3492	32.7	55	33	2	15	65	8	62	1.94e-04	35.8
WP_035398134.1	iJN1463.PP_1308	29.2	212	118	8	70	276	70	254	1.28e-08	56.2
WP_035398151.1	iML1515.b3915	21.5	303	204	6	12	307	10	285	7.29e-05	43.5
WP_035398151.1	iSDY_1059.SDY_3832	21.5	303	204	6	12	307	10	285	7.29e-05	43.5
WP_035398151.1	iYL1228.KPN_00756	21.8	266	182	6	13	275	19	261	1.01e-04	43.1
WP_035398151.1	iSF_1195.SF3993	21.1	303	205	6	12	307	10	285	9.72e-05	43.1
WP_035398151.1	iSSON_1240.SSON_4084	21.1	303	205	6	12	307	10	285	9.72e-05	43.1
WP_035398151.1	iSbBS512_1146.SbBS512_E4394	21.3	301	207	7	12	307	10	285	3.07e-04	41.6
WP_035398151.1	STM_v1_0.STM0758	26.2	103	76	0	13	115	19	121	5.61e-04	40.8
WP_035398162.1	iYO844.BSU14390	52.1	303	145	0	1	303	1	303	1.77e-102	301
WP_035398162.1	iHN637.CLJU_RS10115	46.6	305	157	2	1	303	1	301	3.75e-91	273
WP_035398191.1	iML1515.b2700	39.0	141	85	1	254	393	9	149	2.73e-17	78.6
WP_035398198.1	iNF517.LLMG_RS04960	26.0	104	57	4	33	130	20	109	7.27e-04	38.5
WP_035398237.1	iYO844.BSU03070	33.5	489	314	3	3	480	12	500	7.64e-88	278
WP_035398246.1	iCHOv1.100753128	38.6	241	145	3	7	246	65	303	1.51e-45	155
WP_035398246.1	iCHOv1.100759323	38.5	244	146	3	7	249	71	311	4.31e-43	148
WP_035398267.1	iYS854.USA300HOU_RS10305	37.1	294	185	0	3	296	4	297	3.10e-60	194
WP_035398273.1	iNF517.LLMG_RS05270	42.9	191	95	7	4	184	3	189	5.83e-35	125
WP_035398275.1	iNF517.LLMG_RS05265	54.2	201	89	2	44	242	48	247	8.18e-57	182
WP_035398275.1	iYS854.USA300HOU_RS06975	41.3	259	147	2	1	255	1	258	1.16e-55	179
WP_035398275.1	iSynCJ816.SGL_RS16890	47.2	214	107	2	45	252	80	293	1.73e-51	169
WP_035398275.1	iAF987.Gmet_2494	41.2	262	142	2	2	252	6	266	4.88e-50	164
WP_035398277.1	iNF517.LLMG_RS05245	49.8	329	164	1	1	328	1	329	8.80e-96	287
WP_035398277.1	iHN637.CLJU_RS07885	42.2	329	189	1	1	328	2	330	1.69e-85	261
WP_035398277.1	iAF987.Gmet_2495	44.9	350	176	3	1	334	2	350	5.05e-85	260
WP_035398386.1	iEK1008.Rv2188c	25.9	286	183	10	118	383	77	353	1.03e-04	43.9
WP_035398389.1	STM_v1_0.STM2276	32.1	134	66	4	14	143	43	155	3.22e-10	59.3
WP_035398389.1	iML1515.b2232	31.8	132	65	4	14	141	43	153	1.42e-09	57.4
WP_035398389.1	iYL1228.KPN_02641	31.3	134	67	5	14	143	43	155	1.45e-09	57.4
WP_035398389.1	iSbBS512_1146.SbBS512_E2607	31.8	132	65	4	14	141	43	153	1.42e-09	57.4
WP_035398389.1	iSDY_1059.SDY_2424	31.8	132	65	4	14	141	43	153	1.42e-09	57.4
WP_035398389.1	iSF_1195.SF2312	31.8	132	65	4	14	141	43	153	1.42e-09	57.4
WP_035398389.1	iSSON_1240.SSON_2290	31.8	132	65	4	14	141	43	153	1.42e-09	57.4
WP_035398389.1	iMM1415.230027	34.9	106	66	2	43	146	148	252	3.02e-08	54.3
WP_035398389.1	iJN1463.PP_1765	31.0	113	74	3	33	143	36	146	1.44e-08	54.3
WP_035398397.1	iML1515.b3385	22.9	231	151	4	4	208	10	239	2.23e-10	58.2
WP_035398397.1	iSF_1195.SF3403	22.9	231	151	4	4	208	10	239	2.23e-10	58.2
WP_035398397.1	iYL1228.KPN_03756	22.7	207	134	3	4	185	10	215	1.27e-08	53.1
WP_035398397.1	iSynCJ816.SGL_RS06975	21.9	210	152	7	4	208	6	208	1.86e-08	52.4
WP_035398399.1	iNF517.LLMG_RS09290	24.0	192	131	5	6	182	9	200	5.64e-12	61.6
WP_035398421.1	iYO844.BSU25660	44.2	260	131	5	3	248	5	264	3.53e-64	201
WP_035398437.1	iYL1228.KPN_01475	41.7	254	143	1	9	257	9	262	3.58e-61	193
WP_035398437.1	iJN1463.PP_3283	41.4	256	145	2	7	257	8	263	2.36e-59	188
WP_035398437.1	iML1515.b1394	40.2	254	147	1	9	257	9	262	2.59e-58	186
WP_035398437.1	iCN718.ABAYE_RS11945	39.1	253	149	2	10	257	11	263	3.04e-54	175
WP_035398449.1	iYS854.USA300HOU_RS13900	32.2	497	325	9	4	490	2	496	3.91e-80	258
WP_035398451.1	iAF987.Gmet_0043	27.7	249	164	5	604	837	19	266	2.97e-14	76.3
WP_035398465.1	iYS854.USA300HOU_RS10990	47.8	492	249	5	1	487	1	489	4.16e-162	468
WP_035398489.1	iJN1463.PP_5118	39.9	273	153	6	3	264	2	274	8.00e-61	193
WP_035398698.1	iYO844.BSU23970	52.8	218	103	0	1	218	1	218	1.95e-74	224
WP_035398785.1	iSynCJ816.SGL_RS14865	40.3	243	139	5	7	247	12	250	3.39e-53	172
WP_035398785.1	iSynCJ816.SGL_RS16015	35.6	247	150	5	7	247	29	272	2.41e-49	163
WP_035398788.1	iYS854.USA300HOU_RS07595	24.8	375	248	12	19	375	9	367	2.86e-16	80.9
WP_035398791.1	iAF987.Gmet_0987	34.6	182	110	3	419	591	341	522	2.05e-22	101
WP_035398791.1	iAF987.Gmet_0700	32.7	202	119	4	407	591	355	556	2.80e-22	101
WP_035398791.1	iJN1463.PP_1761	28.9	291	159	7	344	594	279	561	2.87e-22	101
WP_035398791.1	iAF987.Gmet_0782	35.8	176	104	4	420	586	283	458	3.34e-22	100
WP_035398791.1	iAF987.Gmet_3085	36.2	185	106	5	421	594	442	625	7.06e-22	100
WP_035398791.1	iAF987.Gmet_2629	35.1	185	107	4	421	594	368	550	2.50e-20	95.1
WP_035398791.1	iYL1228.KPN_02455	35.1	185	107	6	420	592	162	345	1.72e-20	95.1
WP_035398791.1	iAF987.Gmet_0957	37.1	178	102	6	424	591	181	358	2.39e-19	91.7
WP_035398803.1	iCN900.CD630_22060	46.6	438	232	2	10	446	3	439	1.53e-147	428
WP_035398803.1	iYS854.USA300HOU_RS10435	48.4	436	222	2	9	441	3	438	1.03e-146	426
WP_035398803.1	iMM1415.11671	44.7	447	243	3	18	460	9	455	1.56e-130	385
WP_035398809.1	iCN900.CD630_26950	53.0	317	146	3	10	324	18	333	6.04e-105	310
WP_035398809.1	iYL1228.KPN_04149	48.4	320	153	4	11	318	9	328	2.61e-95	285
WP_035398822.1	iYO844.BSU11200	48.8	400	202	2	6	405	10	406	2.07e-121	357
WP_035398822.1	iNF517.LLMG_RS08830	50.4	393	190	3	11	403	7	394	2.42e-120	354
WP_035398822.1	iYS854.USA300HOU_RS00965	47.2	394	207	1	12	405	21	413	9.52e-111	330
WP_035398835.1	iYS854.USA300HOU_RS03995	58.5	301	125	0	1	301	2	302	6.99e-122	351
WP_035398847.1	iHN637.CLJU_RS16295	43.0	193	106	4	1	189	1	193	1.22e-49	160
WP_035398847.1	iCN900.CD630_16010	44.6	186	100	3	7	189	13	198	5.58e-44	145
WP_035398902.1	iAF987.Gmet_1991	25.5	141	100	4	230	365	196	336	1.26e-05	47.4
WP_035398909.1	iYO844.BSU07700	55.5	499	171	5	1	499	1	448	8.30e-173	494
WP_035398962.1	iYO844.BSU06520	64.8	508	176	2	2	506	5	512	2.71e-226	632
WP_035398968.1	iYO844.BSU06480	68.1	736	231	3	7	738	6	741	0.0	993
WP_035398971.1	iYO844.BSU06430	49.9	357	174	4	4	356	12	367	1.15e-109	325
WP_035398981.1	iYO844.BSU06370	62.0	442	156	2	1	433	1	439	2.41e-176	499
WP_035398993.1	iYO844.BSU13560	52.5	379	176	3	3	377	9	387	1.63e-129	377
WP_035399007.1	iSynCJ816.SGL_RS17805	41.1	367	211	3	16	378	27	392	4.73e-94	287
WP_035399007.1	iYS854.USA300HOU_RS02885	37.8	368	228	1	6	373	5	371	1.82e-90	277
WP_035399007.1	iSynCJ816.SGL_RS15740	37.3	370	228	3	14	380	12	380	5.45e-87	268
WP_035399020.1	iJN1463.PP_3285	34.9	166	108	0	6	171	7	172	7.93e-32	113
WP_035399031.1	iJN1463.PP_3275	36.6	153	85	4	13	158	28	175	1.08e-28	103
WP_035399031.1	iYL1228.KPN_01472	32.7	150	92	3	13	158	19	163	8.86e-28	101
WP_035399053.1	iYO844.BSU30270	20.9	401	288	9	21	415	16	393	1.16e-10	62.8
WP_035399053.1	iHN637.CLJU_RS00965	25.2	246	157	11	122	360	121	346	2.59e-09	58.5
WP_035399082.1	iAF987.Gmet_2349	33.1	496	329	2	75	569	78	571	2.81e-75	249
WP_035399082.1	iJN1463.PP_4935	32.3	498	333	3	74	570	101	595	6.55e-70	236
WP_035399082.1	iPC815.YPO1395	28.9	561	397	2	11	570	23	582	4.28e-70	236
WP_035399082.1	iYL1228.KPN_00941	28.7	544	386	2	28	570	40	582	2.31e-68	231
WP_035399082.1	STM_v1_0.STM0984	29.0	544	384	2	28	570	40	582	2.35e-67	228
WP_035399101.1	iCN900.CD630_15590	39.2	283	159	5	4	274	6	287	1.90e-54	177
WP_035399134.1	iJN1463.PP_1761	42.9	163	87	3	201	358	397	558	2.03e-29	119
WP_035399134.1	iAF987.Gmet_0069	42.0	162	87	3	200	355	141	301	1.07e-30	118
WP_035399134.1	iAF987.Gmet_2721	37.6	170	100	3	198	361	500	669	1.75e-26	110
WP_035399134.1	iSDY_1059.SDY_1050	39.2	189	106	5	173	355	367	552	1.73e-26	110
WP_035399134.1	iJN1463.PP_0129	39.0	164	93	3	197	355	481	642	7.36e-26	108
WP_035399134.1	iSbBS512_1146.SbBS512_E1077	38.6	189	107	5	173	355	367	552	1.07e-25	107
WP_035399166.1	iYO844.BSU07830	46.8	218	113	3	7	222	5	221	5.58e-68	207
WP_035399166.1	iYS854.USA300HOU_RS13680	46.8	216	112	2	8	222	6	219	3.62e-64	198
WP_035399175.1	iYS854.USA300HOU_RS07285	25.4	276	192	5	4	274	6	272	5.38e-24	97.8
WP_035399175.1	iYS854.USA300HOU_RS04050	26.5	283	197	8	2	278	3	280	8.73e-24	97.4
WP_035399180.1	iJN1463.PP_3588	25.1	358	259	4	20	376	20	369	1.44e-25	106
WP_035399184.1	iYS854.USA300HOU_RS02970	50.9	293	136	5	8	298	6	292	5.39e-90	269
WP_035399222.1	iAF987.Gmet_1548	34.6	81	53	0	81	161	225	305	1.05e-07	51.2
WP_035399263.1	iYO844.BSU30070	52.0	502	219	8	9	504	5	490	4.79e-163	472
WP_035399263.1	iYS854.USA300HOU_RS06865	46.9	510	251	6	2	504	7	503	1.75e-145	428
WP_035399298.1	iCN900.CD630_32740	24.7	166	112	6	43	202	2	160	1.46e-06	49.7
WP_035399298.1	iIT341.HP0687	27.0	163	107	8	41	197	2	158	1.04e-05	47.0
WP_035399348.1	iCN900.CD630_01020	45.4	240	130	1	3	242	7	245	5.44e-66	206
WP_035399348.1	iYS854.USA300HOU_RS12025	40.8	260	154	0	1	260	5	264	2.55e-64	201
WP_035399500.1	iCN900.CD630_35550	55.3	255	112	1	1	253	1	255	1.26e-104	303
WP_035399500.1	iAF987.Gmet_1986	54.3	254	115	1	1	253	1	254	7.67e-101	293
WP_035399500.1	iHN637.CLJU_RS20455	55.0	258	111	1	1	253	1	258	2.73e-97	285
WP_035405944.1	iYO844.BSU34910	46.8	406	207	5	8	404	17	422	6.90e-106	318
WP_035405944.1	iAF987.Gmet_0384	47.6	401	202	5	11	403	27	427	6.56e-103	311
WP_035405944.1	iHN637.CLJU_RS05730	47.0	404	206	4	8	403	29	432	6.96e-102	308
WP_035405944.1	iJN1463.PP_0966	47.1	395	197	5	17	403	43	433	4.35e-99	301
WP_035405944.1	iCN718.ABAYE_RS15595	46.3	395	204	4	17	403	33	427	4.83e-98	298
WP_035405944.1	iNF517.LLMG_RS06565	43.0	405	223	4	9	405	25	429	1.63e-94	290
WP_035405944.1	iAF692.Mbar_A3507	42.0	398	225	3	12	403	29	426	2.18e-94	289
WP_041254998.1	iMM1415.23945	25.6	320	184	13	4	309	34	313	2.44e-12	66.2
WP_041254998.1	iEK1008.Rv0183	25.9	282	177	7	26	306	29	279	8.12e-12	64.3
WP_041254998.1	iCHOv1.100767455	25.8	299	159	13	26	306	51	304	2.73e-10	60.1
WP_041255026.1	iYO844.BSU24090	51.2	293	141	1	1	293	1	291	2.89e-95	283
WP_041255102.1	iYO844.BSU05820	47.6	105	55	0	1	105	4	108	2.85e-29	101
WP_041255110.1	iYS854.USA300HOU_RS01825	45.2	407	205	8	11	411	14	408	1.51e-110	330
WP_041255110.1	iYO844.BSU38260	43.0	419	209	12	8	410	9	413	7.03e-105	316
WP_041255253.1	iML1515.b0624	35.9	92	53	2	1	87	4	94	3.74e-13	60.8
WP_041255311.1	iYO844.BSU23960	70.4	240	71	0	1	240	1	240	1.84e-118	337
WP_041255311.1	iCN900.CD630_07520	66.3	240	81	0	1	240	1	240	2.74e-113	324
WP_041255311.1	iNF517.LLMG_RS09720	66.5	239	80	0	2	240	7	245	7.73e-110	315
WP_047390543.1	iCN900.CD630_36480	47.5	99	48	2	3	97	4	102	6.48e-22	82.0
WP_047390543.1	iCN900.CD630_28840	47.5	99	48	2	3	97	4	102	4.26e-20	77.4
WP_047390543.1	iYO844.BSU38590	48.0	98	47	2	1	94	1	98	4.76e-19	74.7
WP_047392189.1	iYS854.USA300HOU_RS08055	59.8	547	215	3	1	546	1	543	1.17e-248	692
WP_047393656.1	iCN900.CD630_20200	27.4	234	128	10	6	203	155	382	1.55e-04	43.9
WP_047394971.1	iYS854.USA300HOU_RS10340	54.6	659	295	3	2	657	3	660	2.41e-245	693
WP_050677058.1	iYO844.BSU30450	31.0	216	141	3	1	209	1	215	2.30e-27	105
WP_050677142.1	iEK1008.Rv0684	61.4	692	260	5	7	692	10	700	3.97e-304	845
WP_050677142.1	iSynCJ816.SGL_RS10930	59.5	692	277	3	1	692	1	689	1.88e-297	827
WP_050677301.1	iYS854.USA300HOU_RS03080	50.6	249	120	2	27	272	2	250	1.21e-77	235
WP_050677311.1	iYO844.BSU30530	64.5	451	154	2	2	447	3	452	1.94e-211	590
WP_050677314.1	STM_v1_0.STM3972	29.9	378	250	5	62	430	69	440	1.04e-44	165
WP_050677314.1	iSbBS512_1146.SbBS512_E4307	29.1	412	274	6	62	461	69	474	1.04e-44	165
WP_050677314.1	iSDY_1059.SDY_3908	29.1	412	274	6	62	461	69	474	1.04e-44	165
WP_050677314.1	iSF_1195.SF3913	29.1	412	274	6	62	461	69	474	1.04e-44	165
WP_050677314.1	iSSON_1240.SSON_4010	29.1	412	274	6	62	461	69	474	1.04e-44	165
WP_050677314.1	iYL1228.KPN_04331	29.1	375	257	4	62	430	69	440	7.05e-44	163
WP_050677314.1	iPC815.YPO3779	29.4	374	256	3	62	430	69	439	3.78e-41	155
WP_050677314.1	iJN1463.PP_5013	27.6	381	261	5	57	429	67	440	1.15e-39	151
WP_050677406.1	iYO844.BSU33040	71.7	460	130	0	1	460	1	460	3.73e-241	666
WP_050677526.1	iYO844.BSU15480	52.3	432	199	3	1	426	1	431	1.02e-152	439
WP_050677617.1	iYO844.BSU28170	55.6	421	187	0	1	421	1	421	6.93e-163	466
WP_050678013.1	iMM904.YLR011W	33.1	142	74	3	4	126	1	140	3.12e-17	75.1
WP_050678094.1	iAF987.Gmet_3253	38.8	129	77	1	2	130	4	130	3.25e-30	105
WP_050678341.1	iYS854.USA300HOU_RS03525	44.2	120	67	0	1	120	1	120	8.68e-29	100
WP_050678475.1	STM_v1_0.STM4585	34.0	162	98	2	1	154	1	161	1.23e-20	85.1
WP_050678475.1	iSbBS512_1146.SbBS512_E4944	34.0	162	98	2	1	154	1	161	2.60e-18	79.0
WP_050678475.1	iSF_1195.SF4427	34.0	162	98	2	1	154	1	161	2.60e-18	79.0
WP_050678475.1	iSSON_1240.SSON_4545	34.0	162	98	2	1	154	1	161	2.60e-18	79.0
WP_050678475.1	iCN900.CD630_18140	31.0	200	125	6	6	193	7	205	9.50e-18	77.4
WP_050678475.1	iSDY_1059.SDY_4656	33.3	162	99	2	1	154	1	161	9.85e-18	77.4
WP_050678475.1	iYL1228.KPN_04850	32.7	162	100	2	1	154	1	161	1.92e-17	76.6
WP_050678478.1	iYO844.BSU31760	65.9	179	55	2	2	174	3	181	3.51e-82	240
WP_050678689.1	iLJ478.TM0958	22.1	290	192	9	56	317	27	310	7.68e-09	55.8
WP_050678840.1	iAF692.Mbar_A0818	56.4	659	273	4	19	667	173	827	1.51e-249	710
WP_050678842.1	iAF987.Gmet_1919	35.9	117	75	0	4	120	5	121	8.65e-19	83.2
WP_050678842.1	iAF987.Gmet_1914	35.2	105	68	0	1	105	1	105	5.14e-16	75.9
WP_050678843.1	iAF987.Gmet_1991	25.7	218	143	5	225	429	196	407	5.73e-11	64.3
WP_050678843.1	iAF987.Gmet_0043	26.1	211	137	6	225	418	41	249	2.02e-10	62.4
WP_050678866.1	iYO844.BSU10220	58.4	416	173	0	5	420	2	417	1.14e-168	479
WP_050678866.1	iHN637.CLJU_RS10210	57.8	419	176	1	1	418	1	419	1.47e-161	462
WP_050678866.1	iPC815.YPO0254	54.6	425	185	3	5	421	2	426	2.40e-150	433
WP_050678866.1	iCN718.ABAYE_RS16630	55.2	422	181	3	5	418	2	423	2.42e-150	433
WP_050678989.1	iYO844.BSU13500	47.8	452	230	1	8	459	4	449	1.47e-138	405
WP_050678993.1	iYS854.USA300HOU_RS01685	24.8	262	178	5	19	277	17	262	7.92e-20	86.3
WP_051353615.1	iYO844.BSU06360	74.7	506	128	0	1	506	8	513	2.68e-290	794
WP_051353615.1	iYS854.USA300HOU_RS02070	70.8	506	147	1	1	506	9	513	4.89e-272	748
WP_051353615.1	iNF517.LLMG_RS05125	67.1	505	166	0	2	506	9	513	8.82e-261	719
WP_051353617.1	iYO844.BSU02290	40.6	234	139	0	4	237	7	240	1.44e-55	179
WP_051353619.1	iAF987.Gmet_1919	28.3	99	62	1	14	103	16	114	4.34e-08	52.4
WP_052017100.1	iYS854.USA300HOU_RS07420	37.6	635	358	13	64	666	55	683	1.26e-116	371
WP_052017117.1	iPC815.YPO0156	29.7	192	122	5	2	187	7	191	3.74e-12	63.2
WP_052017117.1	iCHOv1.100764540	27.4	237	146	8	2	214	6	240	6.12e-12	62.8
WP_052017117.1	iAF692.Mbar_A2894	42.6	68	39	0	126	193	149	216	2.82e-11	60.8
WP_052017145.1	iAF692.Mbar_A1202	24.9	281	171	9	79	333	61	327	3.49e-13	69.3
WP_052017155.1	iSbBS512_1146.SbBS512_E0687	25.8	264	192	1	2	261	4	267	4.40e-20	87.0
WP_052017155.1	iML1515.b0766	27.0	274	176	3	2	261	4	267	1.16e-19	85.9
WP_052017155.1	iSF_1195.SF0538	25.8	264	192	1	2	261	4	267	2.21e-19	85.1
WP_052017155.1	iML1515.b3697	28.1	281	163	6	1	261	3	264	2.96e-19	84.7
WP_052017155.1	iML1515.b3826	29.9	244	155	6	5	242	6	239	2.64e-18	82.0
WP_052017155.1	iSbBS512_1146.SbBS512_E4293	29.5	244	156	6	5	242	6	239	9.53e-18	80.5
WP_052017155.1	iSF_1195.SF3904	29.8	245	154	6	5	242	6	239	9.53e-18	80.5
WP_052017155.1	iSSON_1240.SSON_4000	29.5	244	156	6	5	242	6	239	9.53e-18	80.5
WP_052017155.1	iSDY_1059.SDY_3917	29.1	244	157	6	5	242	6	239	4.70e-17	78.6
WP_052017187.1	iAF987.Gmet_0069	36.2	163	97	2	201	356	141	303	3.16e-21	92.4
WP_052017187.1	iAF987.Gmet_3085	34.5	165	101	3	200	357	458	622	2.32e-19	89.4
WP_052017187.1	iJN1463.PP_0129	35.8	159	91	3	202	352	485	640	1.95e-19	89.4
WP_052017187.1	iAF987.Gmet_2425	36.9	157	94	2	201	352	186	342	9.78e-19	85.9
WP_052017187.1	iML1515.b1535	37.2	156	91	3	202	352	129	282	1.29e-18	84.7
WP_052017187.1	iAF987.Gmet_1706	34.8	164	99	4	201	357	149	311	1.82e-18	84.7
WP_052017187.1	iJN1463.PP_1761	34.5	165	102	2	199	357	394	558	1.37e-17	84.0
WP_052017187.1	iAF987.Gmet_2721	36.3	160	94	4	201	352	502	661	1.66e-17	83.6
WP_052017187.1	iAF987.Gmet_0957	34.1	164	101	3	201	357	195	358	1.58e-17	83.6
WP_053451839.1	iYO844.BSU06980	33.4	290	186	7	7	291	12	299	7.57e-46	156
WP_053451839.1	iEK1008.Rv2040c	31.7	281	189	3	19	296	14	294	9.22e-45	153
WP_053451839.1	iEK1008.Rv2316	30.4	289	194	4	11	297	6	289	5.53e-44	151
WP_053451839.1	iCN900.CD630_34160	30.5	279	191	3	17	293	8	285	4.51e-42	146
WP_053451839.1	iCN900.CD630_25490	31.2	269	181	3	31	296	37	304	1.85e-41	145
WP_053451839.1	iEK1008.Rv2835c	32.6	267	176	4	30	293	35	300	2.47e-41	144
WP_053451843.1	STM_v1_0.STM4388	63.3	229	82	1	4	232	2	228	3.42e-109	313
WP_053451843.1	iYL1228.KPN_04591	63.8	229	81	1	4	232	2	228	2.80e-108	310
WP_053451843.1	iSF_1195.SF4353	63.8	229	81	1	4	232	2	228	1.87e-106	306
WP_053451843.1	iSF_1195.SF0056	63.8	229	82	1	4	231	3	231	2.95e-106	305
WP_053451843.1	STM_v1_0.STM0101	64.8	227	79	1	6	231	5	231	4.18e-106	305
WP_053451843.1	iML1515.b0061	64.3	227	80	1	6	231	5	231	5.94e-106	305
WP_053451843.1	iML1515.b4198	63.8	229	81	1	4	232	2	228	5.36e-106	305
WP_053451843.1	iCN900.CD630_22780	64.3	227	78	2	6	232	5	228	7.60e-106	304
WP_053451843.1	iYL1228.KPN_00060	63.9	227	81	1	6	231	5	231	8.43e-106	304
WP_053451843.1	iSDY_1059.SDY_4367	63.3	229	82	1	4	232	2	228	7.60e-106	304
WP_053451843.1	iSbBS512_1146.SbBS512_E4728	63.3	229	82	1	4	232	2	228	1.08e-105	304
WP_053451843.1	iSSON_1240.SSON_4380	63.3	229	82	1	4	232	2	228	1.08e-105	304
WP_053451843.1	iSDY_1059.SDY_0088	64.3	227	80	1	6	231	5	231	1.70e-105	303
WP_053451843.1	iSSON_1240.SSON_0067	63.9	227	81	1	6	231	5	231	1.70e-105	303
WP_053451843.1	iSbBS512_1146.SbBS512_E0053	63.4	227	82	1	6	231	5	231	2.80e-104	300
WP_053451843.1	iPC815.YPO3326	64.5	228	80	1	5	231	4	231	1.13e-103	299
WP_053451843.1	iYO844.BSU28780	64.6	226	78	1	6	231	5	228	4.30e-103	297
WP_053451843.1	iHN637.CLJU_RS00590	63.3	226	83	0	6	231	5	230	1.41e-102	296
WP_053451843.1	iML1515.b3583	62.7	228	84	1	5	231	4	231	3.08e-101	293
WP_053451843.1	STM_v1_0.STM3677	62.7	228	84	1	5	231	4	231	4.37e-101	292
WP_053451885.1	iCHOv1.100764593	56.7	30	12	1	122	151	46	74	1.73e-05	42.7
WP_053452449.1	iYO844.BSU37490	72.1	290	81	0	1	290	1	290	7.81e-161	448
WP_053452453.1	iYS854.USA300HOU_RS13880	54.3	725	299	13	3	699	72	792	4.30e-235	674
WP_053452453.1	iYO844.BSU33500	50.1	732	330	15	1	699	71	800	3.09e-216	625
WP_053452454.1	iSynCJ816.SGL_RS09150	48.0	542	271	6	1	536	4	540	3.00e-164	477
WP_053452454.1	iHN637.CLJU_RS19160	45.3	545	286	6	1	538	11	550	5.40e-161	469
WP_053452455.1	iYL1228.KPN_01142	26.0	150	102	3	1	145	1	146	6.44e-08	48.5
WP_053452455.1	iSF_1195.SF4068	33.9	109	61	4	8	113	131	231	2.91e-07	47.8
WP_053452455.1	iML1515.b3996	33.0	109	62	4	8	113	131	231	5.42e-07	47.0
WP_053452455.1	iSbBS512_1146.SbBS512_E4487	33.0	109	62	4	8	113	131	231	5.42e-07	47.0
WP_053452455.1	iSSON_1240.SSON_4169	33.0	109	62	4	8	113	131	231	5.42e-07	47.0
WP_053452455.1	iPC815.YPO2167	37.7	61	36	1	7	65	4	64	1.65e-07	47.0
WP_053452455.1	iNF517.LLMG_RS10755	34.1	91	53	3	8	92	13	102	4.29e-07	46.6
WP_053452455.1	STM_v1_0.STM4166	33.0	109	62	4	8	113	131	231	1.01e-06	46.2
WP_053452455.1	iPC815.YPO0565	36.2	69	41	1	6	71	5	73	3.21e-07	46.2
WP_053452455.1	STM_v1_0.STM1235	25.0	128	92	2	1	128	1	124	1.24e-06	45.1
WP_053452455.1	iSDY_1059.SDY_3730	33.0	103	58	4	8	107	131	225	2.56e-06	45.1
WP_053452455.1	iYL1228.KPN_00103	41.9	62	33	1	6	64	5	66	1.24e-06	44.7
WP_053452455.1	iAF987.Gmet_0988	32.2	90	59	1	3	92	21	108	2.29e-06	44.3
WP_053452455.1	iSbBS512_1146.SbBS512_E1312	24.0	150	105	3	1	145	1	146	3.29e-06	43.9
WP_053452456.1	iYO844.BSU05740	42.5	449	230	9	3	432	6	445	7.37e-102	311
WP_053452456.1	iYO844.BSU09410	40.4	451	240	10	13	444	21	461	1.77e-96	297
WP_053452456.1	iAF692.Mbar_A1231	39.4	469	242	11	10	440	19	483	2.00e-88	280
WP_053452457.1	iAF987.Gmet_0685	36.9	647	351	12	49	684	41	641	2.88e-126	389
WP_053452457.1	iAF987.Gmet_2065	35.8	668	351	17	48	695	44	653	6.09e-121	375
WP_053452457.1	iAF987.Gmet_2255	35.1	650	374	14	49	695	45	649	6.01e-116	362
WP_053452460.1	iYS854.USA300HOU_RS04050	25.7	284	203	6	3	282	2	281	1.71e-28	110
WP_053452460.1	iYS854.USA300HOU_RS07285	29.3	280	191	5	1	279	1	274	7.52e-28	108
WP_053452462.1	iJN1463.PP_0072	32.8	241	150	4	2	235	3	238	8.54e-28	109
WP_053452462.1	iEK1008.Rv1912c	31.6	234	154	3	1	233	1	229	3.66e-27	108
WP_053452465.1	iYS854.USA300HOU_RS13675	40.2	234	135	4	14	246	16	245	9.73e-52	170
WP_053452470.1	iYS854.USA300HOU_RS13930	39.0	590	336	11	10	588	17	593	1.89e-131	397
WP_053452472.1	iAF987.Gmet_1706	35.7	143	87	3	4	143	3	143	1.29e-17	79.7
WP_053452483.1	iCN900.CD630_16140	26.9	208	136	2	17	208	40	247	6.16e-21	87.8
WP_053452483.1	iYO844.BSU30760	32.5	194	110	4	14	189	16	206	2.54e-20	85.9
WP_053452483.1	iPC815.YPO2440	28.7	202	124	4	10	191	20	221	5.09e-20	85.9
WP_053452483.1	iSynCJ816.SGL_RS07665	30.8	208	128	4	8	199	12	219	3.00e-19	82.8
WP_053452483.1	iYO844.BSU02750	25.0	208	137	3	17	206	21	227	2.39e-18	80.5
WP_053452483.1	iML1515.b3201	25.2	210	138	3	13	203	15	224	2.20e-18	80.5
WP_053452483.1	STM_v1_0.STM2862	28.0	200	124	3	10	189	15	214	3.56e-18	80.5
WP_053452483.1	iSbBS512_1146.SbBS512_E3569	25.2	210	138	3	13	203	15	224	2.20e-18	80.5
WP_053452483.1	iSDY_1059.SDY_3382	25.2	210	138	3	13	203	15	224	2.20e-18	80.5
WP_053452483.1	iSF_1195.SF3241	25.2	210	138	3	13	203	15	224	2.20e-18	80.5
WP_053452483.1	iSSON_1240.SSON_3349	25.2	210	138	3	13	203	15	224	2.20e-18	80.5
WP_053452483.1	iPC815.YPO3907	28.2	227	139	4	1	203	1	227	1.40e-17	80.5
WP_053452483.1	iSDY_1059.SDY_1456	25.8	233	146	5	13	225	19	244	9.67e-18	79.3
WP_053452483.1	iSF_1195.SF1364	25.8	233	146	5	13	225	19	244	9.67e-18	79.3
WP_053452483.1	iSSON_1240.SSON_1751	25.8	233	146	5	13	225	19	244	9.67e-18	79.3
WP_053452483.1	iPC815.YPO3392	26.4	208	131	4	13	198	22	229	8.33e-18	79.3
WP_053452495.1	STM_v1_0.STM3884	26.0	269	175	9	76	330	38	296	4.25e-15	74.3
WP_053452495.1	iYL1228.KPN_04156	25.9	266	179	9	76	330	38	296	7.82e-15	73.6
WP_053452495.1	iML1515.b3751	26.0	269	175	9	76	330	38	296	1.06e-14	73.2
WP_053452495.1	iYO844.BSU35960	27.0	281	180	11	57	326	35	301	2.38e-13	69.3
WP_055966269.1	iAM_Pb448.PBANKA_091170	32.7	294	171	12	4	282	673	954	2.96e-26	108
WP_055966269.1	iAM_Pf480.PF3D7_1136900	30.5	262	157	10	4	250	722	973	6.21e-25	104
WP_055966269.1	iAM_Pc455.PCYB_094280	30.3	261	159	9	4	250	701	952	4.18e-23	99.0
WP_055966285.1	iYO844.BSU02750	34.5	220	132	6	9	221	10	224	5.33e-35	126
WP_055966285.1	iCN900.CD630_14890	33.9	233	148	4	1	228	1	232	1.55e-33	124
WP_055966323.1	iSynCJ816.SGL_RS17655	26.1	272	155	14	4	258	3	245	2.88e-08	53.1
WP_055966364.1	iYO844.BSU30450	30.3	221	146	3	1	214	1	220	2.11e-29	110
WP_055966371.1	iHN637.CLJU_RS20765	38.8	250	142	4	3	249	7	248	7.91e-49	160
WP_055966373.1	iJN1463.PP_3219	25.9	251	146	10	38	286	29	241	5.13e-09	57.4
WP_055966381.1	iAF987.Gmet_2629	41.7	175	89	4	154	318	381	552	2.39e-24	103
WP_055966381.1	iAF987.Gmet_0782	38.8	170	91	5	154	313	297	463	2.06e-22	97.4
WP_055966381.1	iJN1463.PP_3581	37.6	178	91	6	154	318	258	428	5.37e-21	93.2
WP_055966389.1	iAF987.Gmet_2425	37.3	166	101	2	199	362	184	348	9.38e-27	108
WP_055966389.1	iJN1463.PP_0129	37.1	186	106	5	177	358	464	642	2.40e-25	107
WP_055966389.1	iAF987.Gmet_0069	37.2	164	94	4	201	358	141	301	4.76e-26	105
WP_055966389.1	iSDY_1059.SDY_1050	35.2	162	99	2	205	361	395	555	2.93e-24	103
WP_055966389.1	iPC815.YPO0425	38.3	162	94	4	200	358	218	376	3.31e-24	102
WP_055966389.1	iAF987.Gmet_2721	39.1	169	95	4	199	361	500	666	5.40e-23	100
WP_055966389.1	iSbBS512_1146.SbBS512_E1077	34.0	162	101	2	205	361	395	555	1.95e-22	98.2
WP_055966405.1	iYO844.BSU30450	30.3	221	146	3	1	214	1	220	6.04e-28	107
WP_055966515.1	iAM_Pb448.PBANKA_110680	29.7	155	88	3	57	190	262	416	8.06e-14	69.7
WP_055966528.1	iAF987.Gmet_2721	37.4	195	102	6	334	509	470	663	6.14e-27	114
WP_055966528.1	iML1515.b1341	39.9	168	94	3	347	509	242	407	7.25e-26	109
WP_055966528.1	iPC815.YPO0425	32.4	185	117	3	331	510	196	377	1.90e-25	107
WP_055966528.1	iAF987.Gmet_0069	40.1	162	89	4	357	510	141	302	2.79e-25	105
WP_055966528.1	iAF987.Gmet_1298	34.4	192	112	4	331	509	154	344	7.10e-25	105
WP_055966528.1	iML1515.b1025	33.7	166	103	3	351	509	275	440	7.36e-24	103
WP_055966528.1	iAF987.Gmet_0043	35.4	178	103	3	346	511	400	577	1.51e-23	103
WP_055966547.1	iYO844.BSU10170	56.3	323	141	0	3	325	1	323	2.69e-127	366
WP_055966551.1	iYO844.BSU00770	57.9	254	106	1	2	255	25	277	1.41e-100	294
WP_055966551.1	iHN637.CLJU_RS03115	57.1	254	108	1	2	255	18	270	3.05e-94	278
WP_055966554.1	iAF987.Gmet_2496	68.6	188	58	1	1	187	1	188	9.28e-95	273
WP_055966554.1	iYO844.BSU00750	65.6	186	63	1	1	185	1	186	4.47e-87	254
WP_055966554.1	iJN1463.PP_0420	62.2	193	67	1	1	187	1	193	1.42e-86	253
WP_055966554.1	iCN718.ABAYE_RS06050	60.4	192	70	2	1	186	1	192	7.38e-86	251
WP_055966557.1	iYO844.BSU00740	46.9	456	238	2	7	458	9	464	1.94e-131	387
WP_055966562.1	iYS854.USA300HOU_RS09315	23.8	533	354	15	4	489	5	532	1.74e-19	91.3
WP_055966564.1	iAM_Pv461.PVX_101390	29.5	244	151	7	50	289	275	501	1.42e-25	105
WP_055966564.1	iAM_Pc455.PCYB_147430	29.9	244	151	7	50	289	95	322	7.26e-26	104
WP_055966564.1	iAM_Pb448.PBANKA_146280	29.0	241	153	5	50	289	226	449	1.30e-24	102
WP_055966564.1	iAM_Pf480.PF3D7_1249900	30.7	199	127	4	49	244	389	579	3.36e-23	99.0
WP_055966569.1	iCN718.ABAYE_RS04340	25.3	178	122	5	2	169	206	382	7.34e-04	40.4
WP_055966572.1	iYO844.BSU00280	45.5	202	104	2	1	198	1	200	1.40e-50	162
WP_055966572.1	iAF987.Gmet_2318	41.1	209	117	1	3	205	2	210	3.34e-47	154
WP_055966572.1	iNF517.LLMG_RS02125	40.8	201	117	1	1	199	1	201	1.02e-44	147
WP_055966576.1	iYO844.BSU00270	38.5	486	264	12	6	468	4	477	4.84e-90	282
WP_055966580.1	iYO844.BSU06440	78.4	430	93	0	1	430	1	430	1.15e-249	685
WP_055966580.1	iNF517.LLMG_RS04040	73.5	427	113	0	1	427	2	428	4.05e-229	633
WP_055966580.1	iYS854.USA300HOU_RS10360	72.6	430	118	0	1	430	1	430	1.56e-226	626
WP_055966583.1	iYO844.BSU06500	55.8	342	150	1	1	341	1	342	9.43e-135	387
WP_055966583.1	iYS854.USA300HOU_RS05335	55.3	340	150	1	1	340	1	338	2.54e-131	378
WP_055966583.1	iNF517.LLMG_RS05020	55.7	332	139	3	5	335	6	330	5.20e-125	362
WP_055966586.1	iYO844.BSU06530	54.1	423	189	5	1	419	1	422	8.68e-144	416
WP_055966586.1	STM_v1_0.STM4175	52.6	426	186	10	1	413	1	423	7.93e-131	383
WP_055966586.1	iNF517.LLMG_RS05075	49.9	419	200	6	1	415	1	413	2.67e-130	381
WP_055966586.1	iSSON_1240.SSON_4178	52.3	426	187	10	1	413	1	423	2.08e-128	377
WP_055966586.1	iYL1228.KPN_04387	53.1	426	184	10	1	413	1	423	3.14e-128	376
WP_055966586.1	iSF_1195.SF4077	52.6	426	186	10	1	413	1	423	5.89e-128	375
WP_055966589.1	iSynCJ816.SGL_RS17805	46.2	383	199	5	8	384	20	401	5.02e-110	328
WP_055966589.1	iYS854.USA300HOU_RS02885	45.2	367	196	2	16	379	16	380	2.14e-108	323
WP_055966595.1	iCN900.CD630_20200	57.8	863	355	4	1	856	1	861	0.0	949
WP_055966597.1	iYS854.USA300HOU_RS07100	56.3	323	138	2	1	322	1	321	3.28e-120	348
WP_055966597.1	iHN637.CLJU_RS17045	54.7	320	143	2	3	320	4	323	1.28e-117	342
WP_055966597.1	iCN900.CD630_32240	53.1	324	150	2	3	324	5	328	1.52e-109	322
WP_055966600.1	iYS854.USA300HOU_RS11180	33.1	362	217	9	9	351	13	368	1.22e-51	175
WP_055966600.1	iYS854.USA300HOU_RS07125	33.1	344	216	9	9	342	7	346	5.63e-51	173
WP_055966603.1	iYO844.BSU23380	46.0	422	225	2	10	429	11	431	1.82e-123	365
WP_055966603.1	iHN637.CLJU_RS18870	41.4	430	248	3	1	429	3	429	9.73e-116	345
WP_055966607.1	iAF692.Mbar_A0408	31.7	240	115	10	29	230	2	230	7.06e-13	67.0
WP_055966609.1	iJN1463.PP_3285	30.9	162	112	0	3	164	4	165	1.72e-23	91.7
WP_055966612.1	iYO844.BSU14520	45.9	567	301	5	13	575	13	577	2.67e-165	482
WP_055966617.1	iAF987.Gmet_3085	29.5	679	460	11	3	668	207	879	3.55e-93	308
WP_055966617.1	iAF987.Gmet_0957	35.6	433	271	5	237	662	178	609	3.00e-87	285
WP_055966617.1	iAF987.Gmet_0987	32.3	526	344	6	152	668	257	779	4.88e-84	281
WP_055966617.1	iAF987.Gmet_2629	35.0	468	290	7	212	670	343	805	8.15e-84	281
WP_055966617.1	iAF987.Gmet_0700	32.1	532	356	3	144	670	284	815	2.98e-83	279
WP_055966621.1	iSynCJ816.SGL_RS08770	31.7	189	125	2	6	194	1	185	3.44e-20	84.0
WP_055966624.1	iSynCJ816.SGL_RS16185	32.5	228	131	7	44	253	75	297	5.28e-23	95.5
WP_055966627.1	iAF987.Gmet_3509	25.5	1092	697	25	4	1042	5	1033	1.21e-72	261
WP_055966631.1	iMM904.YMR272C	32.7	147	90	3	41	183	229	370	1.57e-10	59.3
WP_055966633.1	iJN1463.PP_0072	39.9	328	184	8	2	321	3	325	2.57e-55	182
WP_055966641.1	iCN900.CD630_33570	32.4	179	105	5	4	169	2	177	1.98e-15	70.1
WP_055966644.1	iCN900.CD630_16000	47.5	236	122	2	9	242	12	247	1.09e-56	181
WP_055966650.1	iCN718.ABAYE_RS12375	29.8	94	64	2	36	128	20	112	6.42e-04	37.7
WP_055966653.1	iYS854.USA300HOU_RS12505	29.2	257	163	6	159	404	59	307	1.67e-25	105
WP_055966654.1	iYO844.BSU11190	45.1	346	184	4	1	342	1	344	3.74e-93	281
WP_055966657.1	iYO844.BSU11240	51.6	903	420	7	7	896	10	908	1.68e-312	891
WP_055966657.1	iYO844.BSU15520	50.9	910	429	7	3	898	6	911	4.82e-309	884
WP_055966657.1	iNF517.LLMG_RS05530	49.8	911	437	5	3	898	6	911	1.70e-299	859
WP_055966657.1	iHN637.CLJU_RS12420	48.3	913	444	5	5	898	8	911	9.28e-292	840
WP_055966657.1	iYS854.USA300HOU_RS06045	47.9	933	471	5	3	924	6	934	2.94e-290	835
WP_055966657.1	iHN637.CLJU_RS02155	48.4	912	448	6	5	898	8	914	1.90e-288	831
WP_055966657.1	iCN900.CD630_35880	48.4	909	452	5	5	898	8	914	1.95e-285	823
WP_055966657.1	iCN900.CD630_35900	48.2	909	454	5	5	898	8	914	3.11e-284	820
WP_055966657.1	iAF692.Mbar_A2374	47.5	914	455	10	3	898	6	912	8.75e-282	814
WP_055966659.1	iYO844.BSU29990	56.6	433	183	3	1	429	1	432	2.97e-154	443
WP_055966661.1	iJN1463.PP_4903	34.3	300	179	7	14	305	42	331	8.66e-47	161
WP_055966666.1	iML1515.b2422	27.3	242	145	6	5	231	2	227	7.53e-18	85.1
WP_055966666.1	iSDY_1059.SDY_2618	27.3	242	145	6	5	231	2	227	7.53e-18	85.1
WP_055966666.1	iSSON_1240.SSON_2511	27.3	242	145	6	5	231	2	227	7.53e-18	85.1
WP_055966666.1	iML1515.b2180	24.5	568	312	21	1	517	1	502	3.47e-17	84.3
WP_055966666.1	iYL1228.KPN_02373	29.7	219	125	5	3	216	2	196	2.82e-18	84.3
WP_055966666.1	iYL1228.KPN_02770	28.2	227	132	6	5	216	2	212	2.41e-17	83.6
WP_055966666.1	iSbBS512_1146.SbBS512_E2794	27.9	226	132	6	5	215	2	211	4.36e-17	82.8
WP_055966666.1	iSDY_1059.SDY_1145	29.4	218	125	6	3	215	2	195	3.23e-17	81.3
WP_055966666.1	iML1515.b1858	29.4	218	125	6	3	215	2	195	4.37e-17	80.9
WP_055966666.1	iSSON_1240.SSON_1283	29.4	218	125	6	3	215	2	195	4.37e-17	80.9
WP_055966666.1	iSbBS512_1146.SbBS512_E0954	29.4	218	125	6	3	215	2	195	5.91e-17	80.5
WP_055966666.1	STM_v1_0.STM2441	27.3	227	134	6	5	216	2	212	6.04e-16	79.3
WP_055966666.1	iPC815.YPO3805	28.1	224	138	5	6	211	7	225	3.86e-16	78.2
WP_055966666.1	iSF_1195.SF1867	28.9	218	126	6	3	215	2	195	4.89e-16	77.8
WP_055966666.1	iPC815.YPO2060	29.4	180	117	4	328	500	4	180	9.08e-16	77.0
WP_055966666.1	iPC815.YPO3012	26.9	216	149	3	5	216	2	212	4.55e-15	76.6
WP_055966668.1	iYS854.USA300HOU_RS01150	69.4	743	224	1	7	749	10	749	0.0	1050
WP_055966668.1	iCN900.CD630_07590	67.7	746	233	3	7	749	2	742	0.0	1020
WP_055966668.1	STM_v1_0.STM0973	64.6	749	253	4	7	745	10	756	0.0	965
WP_055966668.1	iYL1228.KPN_00931	64.3	747	259	3	7	745	10	756	0.0	961
WP_055966668.1	iML1515.b0903	63.6	753	262	4	7	749	10	760	0.0	960
WP_055966668.1	iSSON_1240.SSON_0904	63.6	753	262	4	7	749	10	760	0.0	960
WP_055966668.1	iSbBS512_1146.SbBS512_E2425	63.5	753	263	4	7	749	10	760	0.0	959
WP_055966668.1	iSDY_1059.SDY_2358	63.3	753	264	4	7	749	10	760	0.0	959
WP_055966668.1	iSF_1195.SF0898	63.3	753	264	4	7	749	10	760	0.0	959
WP_055966668.1	STM_v1_0.STM3241	63.8	746	262	4	8	745	15	760	0.0	951
WP_055966668.1	iPC815.YPO1383	63.3	750	267	3	8	749	11	760	0.0	950
WP_055966668.1	iML1515.b3114	63.2	750	268	4	8	749	15	764	0.0	949
WP_055966668.1	iSF_1195.SF3154	63.2	750	268	4	8	749	15	764	0.0	949
WP_055966668.1	iSSON_1240.SSON_3271	63.2	750	268	4	8	749	15	764	0.0	949
WP_055966668.1	iSbBS512_1146.SbBS512_E3243	63.1	750	269	4	8	749	15	764	0.0	949
WP_055966668.1	iSDY_1059.SDY_3306	63.1	750	269	4	8	749	15	764	0.0	946
WP_055966670.1	iJN1463.PP_4150	22.8	565	319	19	2	515	6	504	1.57e-19	92.0
WP_055966673.1	iYO844.BSU30780	35.9	345	208	5	3	337	2	343	4.23e-63	205
WP_055966676.1	iYO844.BSU30790	42.3	482	240	9	4	456	8	480	5.11e-115	346
WP_055966678.1	iSF_1195.SF2342	29.9	261	166	8	1	255	1	250	7.42e-21	88.2
WP_055966678.1	iSDY_1059.SDY_2459	30.3	261	165	8	1	255	1	250	2.75e-20	86.7
WP_055966678.1	iML1515.b2263	29.5	261	167	8	1	255	1	250	9.98e-19	82.4
WP_055966678.1	iSbBS512_1146.SbBS512_E2642	29.9	261	166	8	1	255	1	250	9.98e-19	82.4
WP_055966678.1	iSSON_1240.SSON_2324	29.1	261	168	8	1	255	1	250	3.66e-18	80.9
WP_055966685.1	iYO844.BSU30820	44.0	575	285	16	2	545	6	574	8.43e-131	393
WP_055966688.1	iYO844.BSU30830	34.6	456	272	7	15	448	16	467	9.52e-84	265
WP_055966691.1	STM_v1_0.STM3338	28.3	145	90	6	200	339	23	158	2.64e-06	48.9
WP_055966699.1	iML1515.b1771	28.7	209	124	9	7	190	7	215	9.38e-14	70.1
WP_055966699.1	iSF_1195.SF3047	26.1	333	183	15	1	281	13	334	1.06e-13	70.1
WP_055966699.1	iML1515.b3001	26.1	333	183	15	1	281	13	334	2.62e-13	68.9
WP_055966699.1	iSSON_1240.SSON_3145	25.8	333	184	15	1	281	13	334	3.54e-13	68.6
WP_055966699.1	iSbBS512_1146.SbBS512_E3430	25.8	333	184	15	1	281	13	334	6.45e-13	67.8
WP_055966705.1	iAF987.Gmet_0043	27.9	247	168	5	216	454	22	266	3.09e-19	90.1
WP_055966708.1	iYS854.USA300HOU_RS03790	42.9	70	33	2	2	64	3	72	1.34e-08	55.8
WP_055966708.1	iHN637.CLJU_RS07515	22.1	402	247	20	2	348	5	395	6.28e-08	53.9
WP_055966708.1	iCN900.CD630_20830	43.2	74	35	4	1	73	1	68	8.35e-08	53.5
WP_055966708.1	iYO844.BSU14520	39.7	63	33	2	2	63	20	78	2.95e-07	52.0
WP_055966708.1	iYO844.BSU15500	32.2	118	56	3	1	118	1	94	2.48e-07	52.0
WP_055966708.1	iEK1008.Rv1381	44.4	63	32	1	1	63	1	60	3.30e-07	51.6
WP_055966711.1	iJN1463.PP_0501	25.0	284	164	13	3	256	6	270	6.50e-07	49.7
WP_055966711.1	iCHOv1.100763471	24.5	265	156	12	3	240	52	299	3.29e-06	47.8
WP_055966711.1	iMM1415.67883	24.5	265	156	12	3	240	91	338	3.49e-06	47.8
WP_055966711.1	iAF692.Mbar_A1122	24.5	237	142	7	3	215	7	230	5.09e-06	47.0
WP_055966714.1	STM_v1_0.STM0984	30.1	574	378	12	4	566	13	574	1.24e-67	229
WP_055966714.1	iJN1463.PP_4935	31.3	563	366	10	20	565	28	586	3.63e-67	228
WP_055966714.1	iYL1228.KPN_00941	29.5	573	383	10	4	566	13	574	9.06e-67	227
WP_055966714.1	iSF_1195.SF0910	29.1	573	385	10	4	566	13	574	1.78e-65	223
WP_055966714.1	iML1515.b0914	29.1	573	385	10	4	566	13	574	2.48e-65	223
WP_055966714.1	iSbBS512_1146.SbBS512_E2410	29.1	573	385	10	4	566	13	574	2.48e-65	223
WP_055966714.1	iSDY_1059.SDY_2344	29.1	573	385	10	4	566	13	574	2.48e-65	223
WP_055966714.1	iSSON_1240.SSON_0916	29.1	573	385	10	4	566	13	574	2.48e-65	223
WP_055966714.1	iPC815.YPO1395	28.2	571	393	7	4	566	13	574	2.48e-65	223
WP_055966716.1	iPC815.YPO3144	39.5	516	308	3	161	676	64	575	1.41e-109	343
WP_055966719.1	iYO844.BSU08710	72.1	420	117	0	13	432	8	427	6.45e-228	630
WP_055966719.1	iYS854.USA300HOU_RS10110	68.6	423	133	0	10	432	6	428	2.02e-217	603
WP_055966722.1	iAF987.Gmet_2349	35.8	525	331	3	49	571	49	569	3.50e-110	340
WP_055966745.1	iCHOv1.100754659	30.4	263	159	7	10	251	144	403	4.81e-23	99.0
WP_055966745.1	iMM1415.76722	29.3	270	165	9	5	251	138	404	1.23e-20	92.0
WP_055966745.1	iCHOv1.100752172	29.3	270	165	9	5	251	138	404	1.66e-20	91.7
WP_055966748.1	iCN900.CD630_20200	45.6	867	379	14	5	796	5	853	1.39e-237	686
WP_055966751.1	iYO844.BSU00900	53.6	222	99	3	5	222	2	223	6.04e-71	216
WP_055966755.1	iYS854.USA300HOU_RS02790	62.5	467	172	2	1	465	1	466	2.17e-208	583
WP_055966768.1	iCN900.CD630_01010	47.1	274	142	3	1	272	1	273	9.93e-80	242
WP_055966768.1	iYS854.USA300HOU_RS12030	42.9	273	155	1	1	272	1	273	7.52e-79	240
WP_055966781.1	iAT_PLT_636.645	34.7	196	120	5	2	195	5	194	4.96e-25	96.7
WP_055966781.1	iMM1415.233016	34.7	196	120	4	2	195	5	194	1.37e-24	95.5
WP_055966781.1	iCHOv1.100768929	35.2	193	117	4	2	192	5	191	2.07e-23	92.4
WP_055966798.1	iAF987.Gmet_0043	28.8	229	155	4	615	836	39	266	4.64e-16	82.0
WP_055966811.1	iYO844.BSU40550	70.2	305	91	0	1	305	1	305	7.01e-146	412
WP_055966817.1	iYL1228.KPN_01583	32.4	142	92	3	9	149	6	144	1.56e-14	67.8
WP_055966817.1	iPC815.YPO2830	30.3	165	111	3	11	174	8	169	3.86e-14	66.6
WP_055966817.1	iML1515.b1584	30.6	144	96	3	7	149	4	144	1.59e-13	65.1
WP_055966817.1	iNF517.LLMG_RS04495	34.2	117	75	1	62	178	62	176	1.46e-12	62.4
WP_055966817.1	STM_v1_0.STM1502	30.1	143	96	3	8	149	5	144	4.32e-12	61.2
WP_055966820.1	iCN718.ABAYE_RS03665	34.1	355	218	9	4	352	23	367	5.33e-51	176
WP_055966821.1	iLJ478.TM0809	29.7	347	202	8	44	386	1	309	1.03e-43	162
WP_055966824.1	iYO844.BSU11650	50.9	228	106	2	1	222	1	228	2.76e-81	242
WP_055966828.1	iSynCJ816.SGL_RS09035	29.2	240	135	5	6	238	4	215	3.22e-20	89.4
WP_055966828.1	iSDY_1059.SDY_1145	30.2	225	98	5	3	216	4	180	3.26e-18	84.3
WP_055966828.1	iML1515.b1858	30.2	225	98	5	3	216	4	180	4.41e-18	84.0
WP_055966828.1	iSSON_1240.SSON_1283	30.2	225	98	5	3	216	4	180	4.41e-18	84.0
WP_055966828.1	iPC815.YPO2060	26.9	197	137	3	331	521	3	198	8.23e-18	83.2
WP_055966828.1	iSF_1195.SF1867	30.2	225	98	5	3	216	4	180	1.48e-17	82.4
WP_055966828.1	iSF_1195.SF0809	28.7	223	120	6	3	217	46	237	9.43e-17	82.4
WP_055966828.1	iSbBS512_1146.SbBS512_E0954	29.8	225	99	5	3	216	4	180	2.00e-17	82.0
WP_055966828.1	iML1515.b0855	28.7	223	120	6	3	217	19	210	1.36e-16	81.6
WP_055966828.1	iJN1463.PP_2416	30.8	214	109	6	12	216	20	203	3.27e-17	81.6
WP_055966828.1	iSbBS512_1146.SbBS512_E2476	28.7	223	120	6	3	217	19	210	1.36e-16	81.6
WP_055966828.1	iSDY_1059.SDY_0740	28.7	223	120	6	3	217	19	210	1.36e-16	81.6
WP_055966828.1	iSSON_1240.SSON_0840	28.7	223	120	6	3	217	46	237	1.68e-16	81.6
WP_055966828.1	iAF987.Gmet_0492	31.8	220	125	5	332	526	5	224	3.99e-17	81.3
WP_055966828.1	iPC815.YPO1332	27.9	219	127	4	3	217	19	210	1.82e-16	81.3
WP_055966828.1	iML1515.b2306	31.8	239	132	9	9	235	11	230	7.43e-17	80.5
WP_055966828.1	iYL1228.KPN_00886	28.3	223	121	6	3	217	35	226	3.69e-16	80.5
WP_055966828.1	iSbBS512_1146.SbBS512_E2684	31.8	239	132	9	9	235	11	230	7.43e-17	80.5
WP_055966828.1	iSDY_1059.SDY_2505	31.8	239	132	9	9	235	11	230	7.43e-17	80.5
WP_055966828.1	iSF_1195.SF2382	31.8	239	132	9	9	235	11	230	7.43e-17	80.5
WP_055966828.1	iSSON_1240.SSON_2364	31.8	239	132	9	9	235	11	230	7.43e-17	80.5
WP_055966831.1	iAF987.Gmet_3012	35.4	113	67	2	110	219	29	138	2.51e-14	68.9
WP_055966833.1	iYS854.USA300HOU_RS00160	33.3	670	416	16	3	656	6	660	8.86e-114	355
WP_055966839.1	iNF517.LLMG_RS05285	44.7	237	127	2	12	246	9	243	9.06e-66	204
WP_055966841.1	iHN637.CLJU_RS07880	55.9	186	79	3	1	183	1	186	1.83e-72	217
WP_055966841.1	iLJ478.TM0141	52.1	188	86	2	2	185	47	234	1.04e-62	203
WP_055966841.1	iSynCJ816.SGL_RS13880	51.8	193	84	3	1	184	1	193	2.46e-64	196
WP_055966843.1	iHN637.CLJU_RS07875	46.0	467	222	7	12	462	23	475	4.34e-127	377
WP_055966843.1	iNF517.LLMG_RS05235	44.3	458	238	7	13	462	6	454	2.76e-120	358
WP_055966843.1	iAF987.Gmet_2497	44.4	462	240	8	13	461	24	481	3.77e-115	347
WP_055966846.1	iCN900.CD630_01130	57.1	352	149	1	4	353	6	357	5.48e-143	409
WP_055966846.1	iYO844.BSU24070	57.5	353	148	1	3	353	8	360	2.55e-142	407
WP_055966861.1	iYS854.USA300HOU_RS08195	68.1	477	152	0	6	482	8	484	6.34e-239	662
WP_055966861.1	iHN637.CLJU_RS11880	64.7	479	169	0	6	484	7	485	6.03e-231	642
WP_055966861.1	iCN900.CD630_16580	62.9	475	176	0	5	479	6	480	4.66e-228	635
WP_055966865.1	iYS854.USA300HOU_RS08200	57.1	448	187	4	1	445	1	446	2.52e-169	483
WP_055966867.1	iYS854.USA300HOU_RS08205	50.3	350	168	6	6	349	5	354	4.52e-111	328
WP_055966884.1	iEK1008.Rv3031	28.8	510	292	15	4	479	10	482	3.29e-47	175
WP_055966887.1	iYS854.USA300HOU_RS07070	41.0	300	172	4	4	302	1	296	1.74e-70	221
WP_055966890.1	iCN900.CD630_17290	40.1	539	314	5	6	540	1	534	9.56e-122	368
WP_055966890.1	iCN900.CD630_32860	37.9	541	329	3	6	542	1	538	7.50e-109	335
WP_055966898.1	iJN1463.PP_0914	27.1	457	307	10	168	608	244	690	1.85e-44	168
WP_055966898.1	iAF987.Gmet_0782	31.5	375	243	9	241	608	365	732	6.11e-42	161
WP_055966898.1	iJN1463.PP_1144	27.5	444	306	6	170	602	276	714	1.24e-41	160
WP_055966898.1	iAF987.Gmet_3085	28.5	438	288	10	179	600	455	883	3.83e-41	159
WP_055966898.1	iAF987.Gmet_0957	32.0	253	170	2	348	600	369	619	5.44e-39	151
WP_055966901.1	iML1515.b4167	29.8	480	308	14	13	474	29	497	2.62e-39	148
WP_055966903.1	iAF987.Gmet_0880	24.5	461	326	8	2	450	3	453	9.13e-32	127
WP_055966906.1	iSynCJ816.SGL_RS15845	47.0	683	331	8	6	662	16	693	1.84e-195	570
WP_055966910.1	iYO844.BSU35960	26.7	270	190	3	27	296	30	291	1.83e-28	111
WP_055966910.1	iYL1228.KPN_04622	28.8	281	185	7	37	307	12	287	6.67e-28	109
WP_055966910.1	iML1515.b4227	27.4	281	189	7	37	307	26	301	4.31e-26	105
WP_055966910.1	iSbBS512_1146.SbBS512_E4856	27.4	281	189	7	37	307	26	301	4.31e-26	105
WP_055966910.1	iSSON_1240.SSON_4409	27.5	280	188	7	38	307	27	301	1.14e-25	103
WP_055966910.1	iNF517.LLMG_RS04070	25.7	272	195	4	37	308	51	315	2.31e-24	100
WP_055966910.1	iPC815.YPO3908	27.7	278	179	5	36	300	25	293	2.11e-24	100
WP_055966920.1	iCN900.CD630_24320	41.3	671	385	6	4	669	5	671	3.00e-169	500
WP_055966920.1	iNF517.LLMG_RS07450	41.4	690	377	10	1	683	1	670	1.19e-164	488
WP_055966926.1	iYO844.BSU10220	38.2	406	234	5	4	402	9	404	5.91e-78	247
WP_055966926.1	iCN718.ABAYE_RS16630	37.2	409	242	6	4	402	9	412	1.52e-74	238
WP_055966926.1	iYL1228.KPN_04480	36.3	416	248	7	1	402	1	413	2.51e-71	230
WP_055966926.1	iJN1463.PP_0137	36.1	416	247	8	1	402	1	411	1.58e-70	228
WP_055966926.1	iSbBS512_1146.SbBS512_E4598	36.4	409	245	6	4	402	9	412	1.95e-70	228
WP_055966926.1	iSSON_1240.SSON_4258	36.4	409	245	6	4	402	9	412	1.95e-70	228
WP_055966926.1	iML1515.b4077	36.4	409	245	6	4	402	9	412	3.85e-70	227
WP_055966926.1	iPC815.YPO0254	35.3	411	247	6	4	402	9	412	3.95e-70	227
WP_055966926.1	iYS854.USA300HOU_RS12895	35.4	410	240	6	6	402	13	410	3.95e-70	227
WP_055966926.1	iHN637.CLJU_RS10210	36.4	407	240	7	4	402	13	408	7.81e-70	226
WP_055966926.1	STM_v1_0.STM4283	36.7	409	244	6	4	402	9	412	7.41e-70	226
WP_055966926.1	iSF_1195.SF4137	36.2	409	246	6	4	402	9	412	2.97e-69	225
WP_055966929.1	iLJ478.TM1845	38.2	854	454	22	151	968	25	840	2.25e-182	549
WP_055966936.1	iYS854.USA300HOU_RS11400	57.9	363	148	4	1	360	1	361	5.60e-144	412
WP_055966936.1	iYO844.BSU35660	60.2	362	139	4	3	361	5	364	1.34e-143	411
WP_055966936.1	iCN900.CD630_10330	55.1	365	158	4	3	363	5	367	7.84e-134	386
WP_055966936.1	iYS854.USA300HOU_RS00875	54.0	363	162	4	1	360	1	361	9.94e-129	374
WP_055966940.1	iYO844.BSU35550	29.9	107	70	3	544	650	2	103	1.70e-06	50.1
WP_055966942.1	iML1515.b1449	46.5	333	172	2	4	330	9	341	1.21e-101	302
WP_055966942.1	iJN1463.PP_2476	46.8	333	171	2	4	330	9	341	3.82e-100	298
WP_055966945.1	iCN900.CD630_22560	27.1	255	167	7	108	350	101	348	3.02e-11	63.5
WP_055966948.1	iMM904.YBR034C	41.8	67	37	2	171	236	51	116	3.34e-05	44.7
WP_055966950.1	iYO844.BSU25500	51.5	379	179	3	3	377	1	378	4.91e-135	390
WP_055966955.1	iJN1463.PP_1765	25.5	204	111	8	23	221	37	204	6.51e-07	48.5
WP_055966955.1	iNF517.LLMG_RS03890	28.2	156	87	7	32	168	47	196	1.74e-06	47.4
WP_055966959.1	iYS854.USA300HOU_RS09415	25.7	439	304	10	15	446	2	425	1.96e-20	92.8
WP_055966959.1	iYO844.BSU05340	22.8	439	313	9	18	446	6	428	7.25e-18	85.1
WP_055966962.1	iYO844.BSU14520	24.3	173	105	7	14	177	39	194	7.47e-04	41.2
WP_055966965.1	iYO844.BSU34570	53.2	750	333	5	2	746	4	740	3.04e-280	789
WP_055966965.1	iCN900.CD630_21880	52.4	757	341	6	1	747	1	748	1.06e-276	780
WP_055966965.1	iNF517.LLMG_RS03850	53.7	758	326	10	1	752	4	742	3.71e-272	768
WP_055966968.1	iSynCJ816.SGL_RS08250	28.6	448	247	16	28	422	27	454	2.96e-44	162
WP_055966968.1	iLJ478.TM1835	29.5	386	225	12	55	424	58	412	8.53e-39	147
WP_055966971.1	iYO844.BSU09850	28.4	345	222	7	35	364	47	381	1.93e-26	108
WP_055966974.1	iML1515.b1985	24.7	429	318	3	15	438	48	476	8.98e-34	132
WP_055966981.1	iML1515.b1022	30.1	143	91	4	24	164	69	204	1.51e-04	43.1
WP_055966984.1	iYS854.USA300HOU_RS13915	30.0	494	325	10	2	482	3	488	3.53e-67	223
WP_055966984.1	iYS854.USA300HOU_RS13900	29.2	510	314	14	4	483	3	495	2.02e-59	203
WP_055966987.1	iSynCJ816.SGL_RS08445	38.1	289	155	5	5	274	16	299	1.16e-52	173
WP_055967000.1	iYO844.BSU10270	55.6	513	218	4	2	509	1	508	8.25e-194	550
WP_055967003.1	iML1515.b3003	42.9	259	146	2	34	290	32	290	4.02e-64	203
WP_055967009.1	iYO844.BSU09290	78.6	496	106	0	1	496	1	496	6.04e-301	820
WP_055967009.1	iYS854.USA300HOU_RS06545	72.2	496	138	0	1	496	1	496	1.15e-273	751
WP_055967014.1	iML1515.b3291	48.5	132	61	1	3	127	5	136	9.13e-34	114
WP_055967016.1	iYO844.BSU10140	43.7	462	244	9	4	455	6	461	5.74e-119	356
WP_055967023.1	iJN1463.PP_1478	47.0	355	168	4	5	340	4	357	5.48e-101	301
WP_055967026.1	iYS854.USA300HOU_RS01090	64.2	363	127	2	1	363	1	360	3.97e-159	450
WP_055967028.1	iYO844.BSU09530	26.6	305	183	7	13	288	14	306	3.05e-22	94.4
WP_055967028.1	iYL1228.KPN_02741	29.2	295	169	10	10	273	11	296	1.64e-20	89.4
WP_055967030.1	iYO844.BSU30940	55.9	808	342	4	1	805	1	797	2.07e-319	892
WP_055967030.1	iCN900.CD630_08850	52.2	802	372	6	5	800	13	809	7.29e-296	833
WP_055967030.1	iNF517.LLMG_RS09365	51.4	802	377	6	5	803	5	796	8.58e-289	814
WP_055967033.1	iYO844.BSU30960	37.3	362	189	7	5	362	6	333	1.30e-70	224
WP_055967036.1	iYO844.BSU30970	57.4	376	159	1	3	377	2	377	1.25e-156	445
WP_055967036.1	iCN900.CD630_08820	54.9	368	165	1	3	369	2	369	1.69e-148	425
WP_055967060.1	iAF987.Gmet_0069	28.0	118	80	3	173	287	3	118	1.29e-09	57.8
WP_055967063.1	iCN900.CD630_05800	55.2	473	212	0	7	479	12	484	8.17e-183	520
WP_055967069.1	iJN1463.PP_4862	37.4	203	115	5	7	197	4	206	1.67e-25	100
WP_055967069.1	iCHOv1.100774340	32.6	187	107	3	6	176	56	239	3.82e-24	98.6
WP_055967069.1	iMM1415.71911	33.7	187	105	3	6	176	56	239	5.28e-24	98.2
WP_055967069.1	iCHOv1.100751291	34.0	194	110	4	3	181	48	238	2.43e-23	95.9
WP_055967069.1	iMM904.YMR226C	32.4	241	143	8	2	223	10	249	8.43e-23	93.6
WP_055967069.1	iSynCJ816.SGL_RS12965	30.2	255	158	6	1	242	1	248	1.42e-22	92.8
WP_055967069.1	iSDY_1059.SDY_1586	35.5	183	110	4	8	182	3	185	1.61e-22	92.4
WP_055967069.1	iYL1228.KPN_01590	36.1	183	109	4	8	182	3	185	3.18e-22	91.7
WP_055967069.1	STM_v1_0.STM1511	34.4	183	112	4	8	182	3	185	3.12e-22	91.7
WP_055967069.1	iSF_1195.SF1556	35.0	183	111	4	8	182	3	185	3.12e-22	91.7
WP_055967069.1	iSbBS512_1146.SbBS512_E1701	35.0	183	111	4	8	182	3	185	4.34e-22	91.3
WP_055967069.1	iML1515.b1539	35.0	183	111	4	8	182	3	185	6.04e-22	90.9
WP_055967069.1	iSSON_1240.SSON_1589	35.0	183	111	4	8	182	3	185	6.04e-22	90.9
WP_055967072.1	iJN1463.PP_3147	26.3	228	121	11	132	336	100	303	1.67e-05	46.2
WP_055967078.1	iJN1463.PP_5137	44.3	228	121	2	2	223	9	236	2.73e-57	187
WP_055967078.1	iCN900.CD630_35300	43.2	229	122	2	5	225	6	234	4.19e-54	178
WP_055967078.1	iSynCJ816.SGL_RS17160	44.3	228	119	2	1	220	1	228	1.54e-53	177
WP_055967078.1	iCN900.CD630_35270	42.8	229	123	3	5	225	6	234	1.17e-53	177
WP_055967078.1	iJN1463.PP_1722	46.3	218	111	3	3	214	4	221	2.43e-52	174
WP_055967078.1	iYS854.USA300HOU_RS05485	42.3	215	118	2	3	211	5	219	5.83e-52	174
WP_055967078.1	iPC815.YPO3012	46.6	221	108	1	1	211	1	221	5.69e-52	174
WP_055967078.1	iYL1228.KPN_02770	46.6	221	108	1	1	211	1	221	1.15e-51	173
WP_055967078.1	iML1515.b2422	46.6	221	108	1	1	211	1	221	4.62e-51	171
WP_055967078.1	iSDY_1059.SDY_2618	46.6	221	108	1	1	211	1	221	4.62e-51	171
WP_055967078.1	iEK1008.Rv2397c	44.2	215	114	2	3	211	5	219	4.62e-51	171
WP_055967078.1	iSSON_1240.SSON_2511	46.2	221	109	1	1	211	1	221	6.49e-51	171
WP_055967078.1	iAF987.Gmet_1903	44.3	221	113	2	1	211	1	221	5.33e-51	171
WP_055967078.1	STM_v1_0.STM2441	45.7	221	110	1	1	211	1	221	9.13e-51	171
WP_055967078.1	iSDY_1059.SDY_2026	42.1	216	117	2	3	211	18	232	4.83e-50	169
WP_055967078.1	iSbBS512_1146.SbBS512_E2794	46.2	221	109	1	1	211	1	221	5.01e-50	169
WP_055967084.1	iYO844.BSU23500	73.7	391	101	2	2	390	3	393	1.22e-208	578
WP_055967084.1	iHN637.CLJU_RS08920	67.1	389	125	3	5	390	4	392	9.05e-192	535
WP_055967087.1	iYO844.BSU39400	62.7	432	160	1	1	432	1	431	2.58e-176	499
WP_055967087.1	iHN637.CLJU_RS08925	60.3	433	169	2	1	432	1	431	2.27e-172	489
WP_055967087.1	iYS854.USA300HOU_RS11530	57.2	432	184	1	1	432	1	431	6.57e-167	475
WP_055967103.1	iAF692.Mbar_A2214	33.8	577	367	9	4	573	2	570	3.30e-102	320
WP_055967103.1	iLJ478.TM1164	35.0	572	348	7	5	573	4	554	4.20e-102	319
WP_055967107.1	iYO844.BSU17000	64.2	388	139	0	3	390	5	392	3.18e-173	488
WP_055967113.1	iSynCJ816.SGL_RS16540	24.7	498	348	11	5	484	10	498	8.20e-23	100
WP_055967131.1	iAF987.Gmet_0043	26.1	230	160	4	448	669	39	266	4.39e-13	72.0
WP_055967134.1	iCN900.CD630_01080	45.8	661	285	11	13	600	122	782	2.47e-185	542
WP_055967138.1	iYL1228.KPN_04645	32.7	147	87	4	8	144	7	151	2.16e-22	87.0
WP_055967138.1	iPC815.YPO3455	35.7	143	80	4	12	144	1	141	1.68e-22	87.0
WP_055967138.1	STM_v1_0.STM4451	32.7	153	91	3	2	144	1	151	8.54e-22	85.5
WP_055967138.1	iML1515.b4237	31.3	147	89	4	8	144	7	151	1.87e-20	82.0
WP_055967138.1	iSbBS512_1146.SbBS512_E4847	31.3	147	89	4	8	144	7	151	1.87e-20	82.0
WP_055967138.1	iSDY_1059.SDY_4256	31.3	147	89	4	8	144	7	151	1.87e-20	82.0
WP_055967138.1	iSF_1195.SF4253	31.3	147	89	4	8	144	7	151	2.64e-20	81.6
WP_055967138.1	iSSON_1240.SSON_4418	31.3	147	89	4	8	144	7	151	2.64e-20	81.6
WP_055967140.1	iYO844.BSU01580	55.7	472	207	2	6	476	8	478	2.80e-169	485
WP_055967146.1	iYL1228.KPN_04788	36.4	239	139	6	37	273	16	243	2.40e-39	137
WP_055967146.1	iSbBS512_1146.SbBS512_E4890	36.7	210	123	4	66	273	221	422	1.31e-35	131
WP_055967146.1	iSF_1195.SF4384	36.7	210	123	4	66	273	221	422	1.31e-35	131
WP_055967146.1	iSSON_1240.SSON_4499	36.7	210	123	4	66	273	221	422	1.31e-35	131
WP_055967146.1	STM_v1_0.STM1101	36.2	213	126	4	63	273	218	422	2.54e-35	130
WP_055967146.1	iCHOv1.100766004	36.0	211	123	4	68	274	15	217	3.67e-36	128
WP_055967147.1	iJN1463.PP_4490	27.5	280	155	3	21	297	18	252	6.69e-29	115
WP_055967150.1	iSbBS512_1146.SbBS512_E0493	24.8	351	240	9	6	352	20	350	6.59e-06	47.8
WP_055967150.1	iML1515.b0591	24.5	351	241	9	6	352	20	350	8.74e-06	47.4
WP_055967150.1	iSSON_1240.SSON_0542	24.5	351	241	9	6	352	20	350	8.74e-06	47.4
WP_055967150.1	iSF_1195.SF0505	24.8	351	234	9	6	352	20	344	3.53e-05	45.4
WP_055967150.1	iSDY_1059.SDY_0522	24.2	310	222	8	6	311	20	320	1.10e-04	43.9
WP_055967156.1	iML1515.b1655	32.8	116	70	4	360	472	150	260	4.65e-09	57.0
WP_055967162.1	iCN718.ABAYE_RS05910	31.1	425	277	7	3	411	5	429	1.01e-68	223
WP_055967165.1	iEK1008.Rv0125	28.8	264	168	8	87	346	75	322	4.81e-21	92.8
WP_055967172.1	iML1515.b4173	39.0	382	220	2	22	394	25	402	1.97e-76	243
WP_055967172.1	iJN1463.PP_4893	44.7	302	163	1	22	323	26	323	1.05e-70	228
WP_055967183.1	iJN1463.PP_4799	34.4	317	169	10	118	424	9	296	5.00e-32	123
WP_055967187.1	iNF517.LLMG_RS06815	22.8	403	275	11	9	388	22	411	7.84e-16	78.6
WP_055967187.1	iCN900.CD630_20910	25.7	338	215	9	9	321	28	354	1.48e-15	77.8
WP_055967187.1	iHN637.CLJU_RS07415	21.5	410	292	8	8	396	33	433	2.58e-14	73.9
WP_055967197.1	iYO844.BSU13960	51.2	283	137	1	2	283	3	285	3.83e-92	274
WP_055967216.1	iAF692.Mbar_A3172	37.9	219	133	2	5	220	12	230	2.47e-41	140
WP_055967216.1	iNF517.LLMG_RS12615	36.0	222	139	3	3	221	2	223	6.01e-37	129
WP_055967216.1	iPC815.YPO0915	38.7	212	121	4	3	212	4	208	2.86e-36	127
WP_055967221.1	iYO844.BSU02750	33.9	221	136	6	1	213	1	219	2.44e-31	116
WP_055967221.1	iCN900.CD630_17760	35.2	213	134	4	1	209	1	213	1.97e-31	116
WP_055967221.1	iML1515.b3201	32.4	216	142	3	7	218	9	224	4.26e-31	115
WP_055967221.1	iSbBS512_1146.SbBS512_E3569	32.4	216	142	3	7	218	9	224	4.26e-31	115
WP_055967221.1	iSDY_1059.SDY_3382	32.4	216	142	3	7	218	9	224	4.26e-31	115
WP_055967221.1	iSF_1195.SF3241	32.4	216	142	3	7	218	9	224	4.26e-31	115
WP_055967221.1	iSSON_1240.SSON_3349	32.4	216	142	3	7	218	9	224	4.26e-31	115
WP_055967221.1	iCN900.CD630_16140	34.1	220	135	7	7	219	27	243	1.47e-29	112
WP_055967221.1	iCN900.CD630_07520	31.4	223	148	3	1	218	1	223	3.30e-29	110
WP_055967221.1	iYS854.USA300HOU_RS02325	32.6	230	141	6	1	218	1	228	3.31e-28	110
WP_055967221.1	iJN1463.PP_0114	35.2	230	136	6	1	218	1	229	4.17e-28	110
WP_055967221.1	iYL1228.KPN_00838	31.6	225	145	6	1	218	1	223	9.02e-29	109
WP_055967221.1	iYO844.BSU32750	32.8	229	142	5	1	218	1	228	8.85e-28	109
WP_055967221.1	STM_v1_0.STM0828	30.4	224	149	5	1	218	1	223	3.44e-28	108
WP_055967221.1	iAF692.Mbar_A2262	29.9	211	138	4	13	215	17	225	1.25e-27	107
WP_055967221.1	iAF692.Mbar_A1172	31.4	223	143	5	1	215	1	221	1.02e-27	107
WP_055967221.1	iJN1463.PP_0953	32.9	216	141	3	2	213	4	219	6.88e-28	107
WP_055967221.1	iML1515.b0809	31.2	221	145	6	1	215	1	220	1.31e-27	106
WP_055967221.1	iSbBS512_1146.SbBS512_E2539	31.2	221	145	6	1	215	1	220	1.31e-27	106
WP_055967221.1	iSSON_1240.SSON_0789	31.2	221	145	6	1	215	1	220	1.83e-27	106
WP_055967221.1	iYS854.USA300HOU_RS08305	31.9	238	149	7	1	229	10	243	2.88e-27	106
WP_055967221.1	iCN900.CD630_14890	32.7	226	142	5	1	218	1	224	1.70e-26	105
WP_055967221.1	iLJ478.TM1376	31.6	225	139	6	2	218	6	223	3.40e-26	105
WP_055967227.1	iAF987.Gmet_0069	39.7	174	104	1	188	360	132	305	8.31e-28	110
WP_055967227.1	iJN1463.PP_1144	32.6	181	121	1	189	369	281	460	5.32e-26	109
WP_055967227.1	iJN1463.PP_0129	38.4	172	99	3	188	356	475	642	6.29e-26	108
WP_055967227.1	iAF987.Gmet_0987	33.9	186	123	0	180	365	343	528	1.44e-24	105
WP_055967227.1	iJN1463.PP_1761	35.1	194	125	1	179	371	378	571	3.63e-24	103
WP_055967227.1	iSDY_1059.SDY_1629	35.5	166	100	2	197	358	302	464	2.65e-24	103
WP_055967227.1	iAF987.Gmet_0840	39.0	177	79	3	201	356	241	409	2.54e-24	102
WP_055967227.1	iAF987.Gmet_2425	40.2	164	95	3	194	356	183	344	1.28e-24	102
WP_055967227.1	iML1515.b1341	37.2	191	114	3	168	357	223	408	1.62e-23	100
WP_055967227.1	iAF987.Gmet_0957	36.4	173	101	5	194	361	192	360	4.36e-23	100
WP_055967230.1	iYO844.BSU38990	72.2	230	64	0	4	233	2	231	1.37e-120	342
WP_055967230.1	iAF987.Gmet_3296	72.2	227	63	0	5	231	2	228	5.49e-118	335
WP_055967230.1	iCN718.ABAYE_RS09810	67.0	227	74	1	5	230	3	229	5.08e-108	310
WP_055967230.1	iJN1463.PP_3122	64.8	227	79	1	5	231	6	231	1.92e-107	308
WP_055967233.1	iCN900.CD630_26790	62.0	258	98	0	1	258	1	258	1.73e-106	308
WP_055967233.1	iCN718.ABAYE_RS09790	58.5	258	107	0	1	258	4	261	3.97e-101	295
WP_055967235.1	iJN1463.PP_4636	61.2	389	151	0	5	393	4	392	2.92e-158	450
WP_055967235.1	iYS854.USA300HOU_RS01880	60.9	391	152	1	5	395	4	393	3.28e-155	442
WP_055967235.1	iML1515.b2224	60.9	391	151	2	6	395	5	394	4.88e-150	429
WP_055967235.1	iYL1228.KPN_02055	58.5	390	161	1	5	393	4	393	4.72e-150	429
WP_055967235.1	iCN900.CD630_26760	57.6	389	165	0	5	393	4	392	3.70e-149	427
WP_055967235.1	iSSON_1240.SSON_2283	60.6	391	152	2	6	395	5	394	3.97e-149	427
WP_055967235.1	iCN900.CD630_10590	57.3	389	165	1	5	393	4	391	2.05e-148	425
WP_055967244.1	iYS854.USA300HOU_RS00625	30.5	463	278	16	113	546	117	564	5.22e-40	153
WP_055967247.1	iYS854.USA300HOU_RS00630	28.3	526	330	17	6	488	34	555	4.70e-52	187
WP_055967250.1	iYO844.BSU10360	26.0	334	218	8	87	391	135	468	5.34e-23	100
WP_055967250.1	iYO844.BSU10270	29.2	336	196	10	98	391	172	507	8.53e-23	99.8
WP_055967262.1	iAF987.Gmet_1854	37.8	111	64	2	115	223	273	380	1.14e-13	69.3
WP_055967262.1	iAF987.Gmet_1350	41.8	91	50	1	136	226	110	197	1.25e-12	65.1
WP_055967262.1	iAF987.Gmet_3012	35.1	111	66	2	118	225	29	136	7.09e-13	65.1
WP_055967265.1	iPC815.YPO2167	39.1	64	33	3	18	77	7	68	7.22e-06	42.7
WP_055967265.1	iYL1228.KPN_01211	31.7	63	39	1	18	76	12	74	2.09e-04	38.9
WP_055967265.1	STM_v1_0.STM1301	34.3	70	43	1	10	76	3	72	2.09e-04	38.9
WP_055967265.1	iSynCJ816.SGL_RS14875	39.7	58	29	1	26	83	25	76	3.25e-04	38.5
WP_055967268.1	iML1515.b3003	47.4	270	140	2	22	289	24	293	1.66e-73	227
WP_055967275.1	iYO844.BSU30450	30.9	220	145	2	1	213	1	220	7.86e-29	109
WP_055967292.1	iYL1228.KPN_01628	30.1	382	255	6	12	389	12	385	3.76e-35	133
WP_055967292.1	iJN1463.PP_2428	28.2	380	267	2	11	389	26	400	8.37e-35	132
WP_055967292.1	iSbBS512_1146.SbBS512_E1677	26.9	379	271	3	12	389	12	385	1.27e-33	129
WP_055967292.1	iML1515.b1528	26.6	379	272	3	12	389	12	385	2.43e-33	128
WP_055967292.1	iSSON_1240.SSON_1600	26.6	379	272	3	12	389	12	385	2.43e-33	128
WP_055967292.1	STM_v1_0.STM1522	26.2	382	270	3	12	389	12	385	8.42e-32	124
WP_055967292.1	iSF_1195.SF1566	26.5	347	249	3	12	357	12	353	3.35e-31	121
WP_055967295.1	iJN1463.PP_2145	33.1	293	190	5	70	361	9	296	2.54e-42	151
WP_055967295.1	iCN718.ABAYE_RS16285	33.3	279	174	6	70	342	5	277	7.97e-38	139
WP_055967295.1	iPC815.YPO1615	33.9	274	172	5	72	340	6	275	1.68e-37	138
WP_055967295.1	iLJ478.TM0809	31.2	266	170	6	84	345	21	277	5.37e-36	137
WP_055967297.1	iAF987.Gmet_2935	37.7	159	95	4	31	185	37	195	1.99e-23	92.4
WP_055967300.1	iYO844.BSU11670	31.7	347	196	6	5	313	8	351	6.05e-41	145
WP_055967304.1	iCN900.CD630_17021	35.5	62	40	0	5	66	3	64	7.68e-10	48.9
WP_055967304.1	iAF987.Gmet_2933	37.9	66	40	1	1	66	1	65	7.85e-10	48.9
WP_055967304.1	iAF987.Gmet_1567	31.9	69	44	2	1	66	1	69	2.51e-09	47.8
WP_055967304.1	iJN1463.PP_5105	33.3	66	44	0	1	66	27	92	1.16e-08	46.6
WP_055967307.1	iAF987.Gmet_2934	54.0	252	116	0	2	253	8	259	1.71e-91	270
WP_055967310.1	iYS854.USA300HOU_RS12325	45.0	333	180	2	3	335	5	334	3.07e-87	265
WP_055967325.1	iAT_PLT_636.4905	28.7	188	113	7	111	278	243	429	3.57e-16	79.7
WP_055967325.1	iMM1415.18195	28.7	188	113	7	111	278	243	429	3.57e-16	79.7
WP_055967337.1	iYO844.BSU05340	68.2	425	134	1	9	432	5	429	8.54e-195	546
WP_055967337.1	iYS854.USA300HOU_RS09415	59.9	426	170	1	10	434	5	430	3.21e-174	494
WP_055967341.1	iNF517.LLMG_RS08890	38.0	550	329	7	2	549	4	543	8.08e-124	374
WP_055967350.1	iLB1027_lipid.PHATRDRAFT_42659	31.1	135	77	5	65	189	118	246	2.60e-06	46.6
WP_055967353.1	iJN1463.PP_0227	28.4	201	142	2	4	204	6	204	2.42e-19	84.7
WP_055967353.1	iYS854.USA300HOU_RS09930	29.6	196	128	4	7	196	9	200	2.11e-17	81.3
WP_055967353.1	iYO844.BSU23980	28.4	229	147	8	37	258	32	250	1.92e-17	79.3
WP_055967353.1	iYO844.BSU03610	25.0	272	175	6	4	258	2	261	2.15e-16	76.6
WP_055967356.1	iYO844.BSU03610	26.8	224	152	4	41	261	47	261	1.46e-18	82.4
WP_055967356.1	iJN1463.PP_0227	25.7	257	175	5	7	261	15	257	4.99e-18	80.9
WP_055967356.1	iYO844.BSU23980	25.9	263	180	7	1	261	1	250	6.03e-18	80.5
WP_055967372.1	iYS854.USA300HOU_RS00795	61.4	845	321	3	21	862	24	866	0.0	1025
WP_055967379.1	iYO844.BSU07840	46.3	635	307	16	34	657	43	654	4.15e-164	516
WP_055967385.1	iJN1463.PP_2998	31.4	315	191	8	1	310	1	295	3.25e-35	130
WP_055967393.1	iYO844.BSU36590	40.9	489	264	5	28	507	10	482	4.13e-115	348
WP_055967393.1	iYO844.BSU37240	38.7	460	269	5	50	507	52	500	6.89e-106	325
WP_055967393.1	iYS854.USA300HOU_RS11270	40.1	471	263	6	46	507	34	494	4.55e-105	322
WP_055967393.1	iCN900.CD630_01920	36.3	482	277	4	46	507	25	496	1.86e-101	313
WP_055967396.1	iYL1228.KPN_00852	26.7	434	269	13	259	657	319	738	3.94e-33	136
WP_055967396.1	iCHOv1.100770033	23.8	509	314	15	184	636	327	817	2.46e-30	128
WP_055967396.1	iML1515.b3656	24.3	441	286	13	184	594	248	670	7.09e-29	123
WP_055967425.1	iYO844.BSU26600	32.2	59	40	0	95	153	77	135	1.75e-04	39.7
WP_055967431.1	iJN1463.PP_2239	28.5	274	166	9	7	270	17	270	3.88e-13	68.2
WP_055967434.1	iAF692.Mbar_A1507	35.9	337	201	6	1	334	5	329	2.97e-55	193
WP_055967463.1	iYO844.BSU09440	52.1	359	172	0	6	364	5	363	2.41e-136	392
WP_055967468.1	iCN900.CD630_16490	48.4	250	129	0	1	250	1	250	7.32e-85	253
WP_055967468.1	iYO844.BSU03820	44.4	250	139	0	1	250	1	250	4.62e-76	230
WP_055967468.1	iYS854.USA300HOU_RS03980	46.9	239	127	0	1	239	1	239	2.73e-75	228
WP_055967471.1	iCN900.CD630_16480	32.5	320	207	1	34	353	7	317	6.02e-50	169
WP_055967471.1	iYO844.BSU03810	33.0	312	204	1	42	353	7	313	1.10e-49	168
WP_055967474.1	iYO844.BSU03830	28.7	327	200	12	14	330	14	317	1.99e-25	103
WP_055967474.1	iCN900.CD630_16500	25.1	335	223	12	5	328	3	320	5.01e-23	97.1
WP_055967477.1	iJN1463.PP_3581	38.4	172	94	4	154	316	258	426	3.91e-27	111
WP_055967477.1	iAF987.Gmet_2629	41.2	170	87	4	154	313	381	547	6.46e-26	107
WP_055967477.1	iAF987.Gmet_0782	37.8	172	90	6	154	313	297	463	2.28e-24	103
WP_055967477.1	iML1515.b1794	28.4	328	192	11	12	309	17	331	3.01e-24	100
WP_055967482.1	iSF_1195.SF3494	41.7	496	286	3	39	533	26	519	2.54e-138	410
WP_055967482.1	iSSON_1240.SSON_3714	41.7	496	286	3	39	533	26	519	1.02e-137	408
WP_055967482.1	iML1515.b3476	41.5	496	287	3	39	533	26	519	4.06e-137	407
WP_055967482.1	iSbBS512_1146.SbBS512_E3845	41.5	496	287	3	39	533	26	519	4.06e-137	407
WP_055967482.1	iSDY_1059.SDY_3631	40.9	496	290	3	39	533	26	519	2.93e-134	399
WP_055967482.1	iJN1463.PP_3342	41.2	497	280	4	41	536	36	521	8.51e-125	375
WP_055967485.1	iLJ478.TM0058	46.7	261	130	3	7	258	1	261	1.61e-73	227
WP_055967485.1	iSDY_1059.SDY_0758	44.4	259	135	3	10	259	1	259	6.15e-65	213
WP_055967485.1	iSbBS512_1146.SbBS512_E2519	44.0	259	136	3	10	259	12	270	1.47e-64	212
WP_055967485.1	iML1515.b0829	44.0	259	136	3	10	259	12	270	2.87e-64	211
WP_055967485.1	iSSON_1240.SSON_0811	44.0	259	136	3	10	259	1	259	2.36e-64	211
WP_055967485.1	iYL1228.KPN_00862	43.5	260	137	3	10	259	12	271	1.02e-63	209
WP_055967485.1	iSF_1195.SF0779	44.0	259	136	3	10	259	1	259	9.05e-64	209
WP_055967485.1	iLJ478.TM1064	46.0	239	125	1	24	258	21	259	1.93e-66	209
WP_055967485.1	STM_v1_0.STM0848	43.6	259	137	4	10	259	12	270	2.24e-62	206
WP_055967485.1	iYL1228.KPN_03896	41.7	252	144	1	10	258	3	254	7.51e-65	205
WP_055967485.1	iML1515.b3541	41.7	252	144	1	10	258	3	254	1.06e-64	204
WP_055967485.1	STM_v1_0.STM3627	41.7	252	144	1	10	258	3	254	1.06e-64	204
WP_055967485.1	iSF_1195.SF3576	41.7	252	144	1	10	258	3	254	1.06e-64	204
WP_055967487.1	iSDY_1059.SDY_3635	42.4	231	125	2	1	223	1	231	2.28e-54	176
WP_055967487.1	iML1515.b3480	42.4	231	125	2	1	223	1	231	1.28e-53	174
WP_055967487.1	iYL1228.KPN_03854	44.1	227	119	2	1	223	1	223	1.11e-53	174
WP_055967487.1	iSbBS512_1146.SbBS512_E3841	42.0	231	126	2	1	223	1	231	1.81e-53	174
WP_055967487.1	iSSON_1240.SSON_3718	42.0	231	126	2	1	223	1	231	1.81e-53	174
WP_055967487.1	iJN1463.PP_3346	42.6	263	142	3	1	255	1	262	4.15e-53	173
WP_055967487.1	iSF_1195.SF3498	41.7	230	126	2	1	222	1	230	4.03e-52	170
WP_055967487.1	iYS854.USA300HOU_RS01050	39.4	226	132	2	3	223	276	501	7.58e-47	163
WP_055967491.1	iYO844.BSU02750	33.5	194	123	3	19	206	23	216	4.89e-34	124
WP_055967491.1	iYL1228.KPN_00312	33.2	205	135	1	1	203	1	205	1.00e-30	115
WP_055967491.1	iEK1008.Rv2936	35.2	196	122	2	17	207	25	220	4.67e-30	115
WP_055967491.1	iNF517.LLMG_RS08555	34.3	216	125	4	1	203	1	212	7.78e-30	114
WP_055967491.1	iSbBS512_1146.SbBS512_E0279	33.2	205	135	1	1	203	1	205	2.73e-30	114
WP_055967491.1	iML1515.b0366	32.7	205	136	1	1	203	1	205	7.47e-30	113
WP_055967491.1	iSSON_1240.SSON_0344	32.7	205	136	1	1	203	1	205	7.47e-30	113
WP_055967491.1	iCN900.CD630_16140	34.7	196	123	3	17	207	40	235	1.27e-29	112
WP_055967491.1	iSDY_1059.SDY_0504	32.7	205	136	1	1	203	1	205	1.04e-29	112
WP_055967494.1	iCN900.CD630_34040	47.2	36	19	0	39	74	32	67	1.43e-04	37.7
WP_055967502.1	iPC815.YPO2448	42.2	374	210	3	4	376	3	371	4.15e-102	306
WP_055967502.1	iYL1228.KPN_01071	42.1	373	210	3	4	375	3	370	4.45e-99	298
WP_055967502.1	STM_v1_0.STM1160	40.8	373	215	3	4	375	3	370	5.19e-95	288
WP_055967502.1	iSDY_1059.SDY_2096	40.5	375	216	4	4	376	3	372	1.18e-93	284
WP_055967502.1	iML1515.b1059	40.8	375	215	4	4	376	3	372	1.66e-93	284
WP_055967502.1	iSbBS512_1146.SbBS512_E2268	40.8	375	215	4	4	376	3	372	9.41e-93	282
WP_055967502.1	iSF_1195.SF1066	40.8	375	215	4	4	376	3	372	1.33e-92	281
WP_055967502.1	iSSON_1240.SSON_1079	40.5	375	216	4	4	376	3	372	5.32e-92	280
WP_055967513.1	iYS854.USA300HOU_RS00270	28.7	108	77	0	73	180	56	163	4.25e-12	61.2
WP_055967516.1	iHN637.CLJU_RS00920	41.7	997	562	9	9	991	10	1001	4.29e-283	817
WP_055967520.1	STM_v1_0.STM3884	24.3	226	148	9	60	271	27	243	2.92e-07	50.8
WP_055967520.1	iML1515.b3751	24.3	226	148	9	60	271	27	243	5.23e-07	50.1
WP_055967520.1	iYL1228.KPN_04156	23.5	226	150	9	60	271	27	243	9.35e-07	49.3
WP_055967541.1	iYO844.BSU11240	24.4	225	130	6	124	314	682	900	3.45e-08	55.5
WP_055967541.1	iCHOv1.100689232	24.2	231	161	8	94	320	1029	1249	4.72e-07	52.0
WP_055967660.1	iYO844.BSU02290	37.9	256	153	2	3	254	7	260	1.98e-52	171
WP_055967664.1	iML1515.b2578	36.4	187	119	0	5	191	8	194	3.04e-31	112
WP_055967664.1	iSbBS512_1146.SbBS512_E2958	36.4	187	119	0	5	191	8	194	3.04e-31	112
WP_055967664.1	iSF_1195.SF2640	36.4	187	119	0	5	191	8	194	3.04e-31	112
WP_055967664.1	iSSON_1240.SSON_2704	36.4	187	119	0	5	191	8	194	3.04e-31	112
WP_055967664.1	STM_v1_0.STM2645	35.3	187	121	0	5	191	8	194	1.04e-28	105
WP_055967664.1	iYL1228.KPN_00233	36.6	186	118	0	5	190	8	193	4.22e-28	103
WP_055967687.1	iYO844.BSU02750	34.7	193	121	3	21	208	23	215	3.52e-31	114
WP_055967687.1	iYS854.USA300HOU_RS05485	29.0	217	144	3	3	212	4	217	4.78e-29	110
WP_055967687.1	iCN900.CD630_10240	27.1	218	147	3	3	212	5	218	2.78e-26	103
WP_055967690.1	iEK1008.Rv0407	25.3	249	169	7	15	256	2	240	2.84e-11	63.2
WP_055967693.1	STM_v1_0.STM1522	33.9	360	213	5	19	368	13	357	2.64e-47	166
WP_055967693.1	iSbBS512_1146.SbBS512_E1677	34.0	353	222	6	19	368	13	357	3.81e-46	162
WP_055967693.1	iML1515.b1528	34.0	353	222	6	19	368	13	357	5.32e-46	162
WP_055967693.1	iSSON_1240.SSON_1600	34.0	353	222	6	19	368	13	357	5.32e-46	162
WP_055967693.1	iSF_1195.SF1566	33.7	353	223	6	19	368	13	357	3.48e-46	162
WP_055967693.1	iYL1228.KPN_01628	31.0	381	238	6	19	389	13	378	4.38e-43	154
WP_055967693.1	iJN1463.PP_2428	29.3	400	267	5	4	396	10	400	1.03e-41	151
WP_055967710.1	iEK1008.Rv1912c	29.9	254	154	7	1	250	1	234	2.79e-23	97.4
WP_055967722.1	iCN900.CD630_28810	35.7	224	135	4	4	221	2	222	1.30e-36	128
WP_055967723.1	iYO844.BSU38580	38.6	425	233	7	3	413	11	421	8.99e-93	287
WP_055967723.1	iYO844.BSU38390	37.0	449	251	8	3	437	11	441	7.74e-89	276
WP_055967723.1	iCN900.CD630_28830	36.9	445	248	11	1	428	8	436	5.33e-84	264
WP_055967726.1	iYO844.BSU38560	53.7	432	199	1	3	433	5	436	6.59e-171	486
WP_055967726.1	iCN900.CD630_28820	52.0	431	206	1	3	433	5	434	2.04e-163	467
WP_055967735.1	iAF987.Gmet_0987	34.5	293	187	3	319	610	224	512	1.03e-36	146
WP_055967735.1	iAF987.Gmet_2629	33.5	263	147	4	356	617	309	544	4.86e-34	138
WP_055967735.1	iAF987.Gmet_3085	33.5	263	171	3	361	620	361	622	7.43e-34	137
WP_055967735.1	iAF987.Gmet_0700	33.5	266	172	4	359	622	296	558	1.15e-32	134
WP_055967768.1	STM_v1_0.STM1517	22.8	272	186	7	4	263	8	267	3.55e-04	41.2
WP_055967770.1	iML1515.b1584	32.1	78	52	1	68	145	66	142	6.38e-05	41.2
WP_055967770.1	iYL1228.KPN_01583	31.9	91	60	2	55	145	54	142	1.19e-04	40.4
WP_055967770.1	iNF517.LLMG_RS04495	31.9	69	47	0	97	165	97	165	2.11e-04	39.7
WP_055967770.1	STM_v1_0.STM1502	30.8	78	53	1	68	145	66	142	2.20e-04	39.7
WP_055967774.1	iML1515.b0493	33.2	265	165	4	4	267	15	268	8.47e-36	128
WP_055967783.1	iEK1008.Rv3777	27.6	341	196	11	20	341	18	326	1.23e-27	110
WP_055967789.1	iML1515.b1250	38.8	67	38	2	32	98	157	220	4.14e-07	46.6
WP_055967789.1	iSbBS512_1146.SbBS512_E1419	38.8	67	38	2	32	98	157	220	4.14e-07	46.6
WP_055967789.1	iSDY_1059.SDY_1308	38.8	67	38	2	32	98	157	220	4.14e-07	46.6
WP_055967789.1	iSF_1195.SF1251	38.8	67	38	2	32	98	157	220	4.14e-07	46.6
WP_055967789.1	iSSON_1240.SSON_1930	38.8	67	38	2	32	98	157	220	4.14e-07	46.6
WP_055967789.1	iPC815.YPO2675	30.4	69	45	2	30	98	152	217	3.59e-06	43.9
WP_055967802.1	iEK1008.Rv1938	27.0	115	83	1	21	134	25	139	4.87e-07	50.1
WP_055967809.1	iYO844.BSU02750	34.6	217	130	4	17	225	19	231	5.44e-38	134
WP_055967809.1	iJN1463.PP_0114	34.8	210	126	4	19	218	21	229	5.01e-33	123
WP_055967809.1	iYO844.BSU32750	31.6	228	148	3	10	229	12	239	2.11e-32	122
WP_055967816.1	iCN900.CD630_16140	33.3	207	136	2	41	247	39	243	2.48e-35	129
WP_055967816.1	iYO844.BSU02750	29.8	218	152	1	32	249	11	227	3.43e-33	122
WP_055967833.1	iLB1027_lipid.PHATRDRAFT_30690	22.7	207	138	6	5	200	48	243	6.34e-04	39.7
WP_055967844.1	iCN718.ABAYE_RS03670	33.3	75	46	2	100	174	66	136	7.89e-04	37.7
WP_055967849.1	iHN637.CLJU_RS01055	25.0	332	238	5	15	336	13	343	1.26e-29	117
WP_055967849.1	iCN900.CD630_00190	25.9	374	231	11	1	333	1	369	6.27e-27	110
WP_055967852.1	iMM904.YLR308W	30.5	128	83	3	40	165	120	243	2.04e-11	62.0
WP_055967854.1	iJN1463.PP_0129	41.2	170	90	4	186	348	476	642	2.47e-26	110
WP_055967854.1	iAF987.Gmet_2425	41.0	173	84	6	187	348	179	344	5.20e-26	106
WP_055967854.1	iML1515.b1490	34.5	171	105	3	186	351	288	456	5.87e-25	105
WP_055967854.1	iML1515.b1025	35.9	206	119	6	158	353	243	445	4.77e-24	102
WP_055967854.1	iJN1463.PP_1761	38.3	167	88	5	198	354	400	561	3.76e-23	100
WP_055967859.1	iNF517.LLMG_RS10755	36.9	157	86	5	10	159	11	161	1.31e-21	85.5
WP_055967874.1	iLB1027_lipid.PHATRDRAFT_50097	33.0	279	145	5	42	293	26	289	4.37e-38	139
WP_055967881.1	iMM904.YMR226C	33.8	213	130	7	2	207	14	222	2.11e-20	87.0
WP_055967900.1	iSynCJ816.SGL_RS15350	27.2	151	107	3	5	154	30	178	9.49e-08	50.8
WP_055967903.1	iYO844.BSU26650	64.2	307	106	1	1	307	1	303	3.00e-138	393
WP_055967909.1	iEK1008.Rv3266c	28.0	118	80	2	69	182	88	204	5.93e-04	40.0
WP_055967911.1	iYS854.USA300HOU_RS01235	35.7	387	227	9	1	372	1	380	9.71e-68	218
WP_055967911.1	iJN1463.PP_0808	37.9	391	221	10	1	370	1	390	6.17e-65	211
WP_055967911.1	iPC815.YPO2908	35.9	396	221	12	1	367	1	392	3.78e-64	209
WP_055967911.1	iYL1228.KPN_02877	36.6	399	214	14	1	367	1	392	1.05e-63	208
WP_055967911.1	iSSON_1240.SSON_2635	36.5	397	217	13	1	367	1	392	9.60e-61	200
WP_055967911.1	iML1515.b2552	36.5	400	213	15	1	367	1	392	7.40e-60	198
WP_055967911.1	iSbBS512_1146.SbBS512_E2917	36.5	400	213	15	1	367	1	392	7.40e-60	198
WP_055967911.1	iSF_1195.SF2599	36.5	400	213	15	1	367	1	392	7.40e-60	198
WP_055967914.1	iYS854.USA300HOU_RS13375	26.6	143	84	5	172	294	87	228	2.82e-06	49.7
WP_055967933.1	iPC815.YPO0565	58.3	36	15	0	27	62	31	66	2.88e-07	46.6
WP_055967933.1	iYL1228.KPN_01211	40.0	55	30	1	27	81	33	84	2.41e-06	44.3
WP_055967933.1	STM_v1_0.STM1301	40.6	64	31	2	22	81	22	82	2.41e-06	44.3
WP_055967933.1	iML1515.b1759	39.1	64	32	2	22	81	21	81	6.11e-06	43.1
WP_055967935.1	iSSON_1240.SSON_1662	29.6	159	105	4	17	170	19	175	1.66e-09	56.6
WP_055967935.1	iYL1228.KPN_01884	28.2	156	109	3	18	170	20	175	3.03e-09	55.8
WP_055967935.1	STM_v1_0.STM1582	31.7	139	89	3	14	148	16	152	5.54e-09	55.1
WP_055967935.1	iML1515.b1463	28.9	159	106	4	17	170	19	175	1.37e-08	53.9
WP_055967938.1	iYO844.BSU07520	45.9	305	156	4	10	306	12	315	3.82e-89	268
WP_055967948.1	iYO844.BSU02750	34.3	210	126	5	19	220	21	226	1.04e-32	120
WP_055967948.1	iMM1415.11303	32.6	233	152	3	4	231	1889	2121	3.87e-28	114
WP_055967948.1	iCHOv1.100761226	32.2	233	153	3	4	231	1914	2146	1.76e-27	112
WP_055967948.1	iYO844.BSU32750	30.3	244	158	4	12	243	14	257	4.00e-28	110
WP_055967948.1	iML1515.b3201	29.9	234	155	4	1	226	1	233	2.99e-28	108
WP_055967948.1	iSbBS512_1146.SbBS512_E3569	29.9	234	155	4	1	226	1	233	2.99e-28	108
WP_055967948.1	iSDY_1059.SDY_3382	29.9	234	155	4	1	226	1	233	2.99e-28	108
WP_055967948.1	iSF_1195.SF3241	29.9	234	155	4	1	226	1	233	2.99e-28	108
WP_055967948.1	iSSON_1240.SSON_3349	29.9	234	155	4	1	226	1	233	2.99e-28	108
WP_055967968.1	iYO844.BSU12020	45.9	279	136	4	2	272	3	274	6.50e-79	251
WP_055967968.1	iYO844.BSU35790	42.5	315	164	8	4	306	5	314	1.68e-70	229
WP_055967985.1	iYL1228.KPN_01116	35.4	113	65	3	127	232	59	170	2.59e-11	63.2
WP_055967995.1	iNF517.LLMG_RS04495	25.0	120	78	3	72	185	65	178	8.33e-05	41.2
WP_055968000.1	iEK1008.Rv2435c	34.9	83	50	2	176	254	426	508	8.44e-04	42.0
WP_055968005.1	iAF692.Mbar_A3183	34.7	98	49	3	4	86	3	100	3.62e-04	38.9
WP_055968023.1	iJN1463.PP_4846	32.7	98	66	0	56	153	64	161	4.06e-07	47.0
WP_055968034.1	iYO844.BSU26600	43.1	51	28	1	106	155	90	140	2.74e-05	42.0
WP_055968037.1	iCN718.ABAYE_RS09345	25.7	105	68	3	44	138	67	171	7.80e-04	37.4
WP_055968053.1	iCN718.ABAYE_RS19015	28.6	185	120	4	2	175	1	184	2.42e-11	60.5
WP_055968053.1	iYS854.USA300HOU_RS03000	24.0	183	130	4	4	177	5	187	1.26e-09	55.5
WP_055968056.1	iYO844.BSU26590	54.7	382	166	2	11	385	15	396	8.84e-139	401
WP_055968062.1	iAF987.Gmet_3085	38.7	432	252	6	320	739	455	885	2.78e-84	286
WP_055968062.1	iAF987.Gmet_0987	39.2	426	249	5	324	739	360	785	2.01e-84	284
WP_055968062.1	iAF987.Gmet_0957	38.3	423	248	7	324	734	195	616	4.84e-85	281
WP_055968062.1	iAF987.Gmet_0700	40.1	429	247	5	320	738	390	818	4.35e-81	275
WP_055968062.1	iAF987.Gmet_2629	36.7	430	259	5	324	742	385	812	3.02e-79	270
WP_055968062.1	iYL1228.KPN_02455	40.4	418	231	10	321	727	181	591	1.14e-79	266
WP_055968062.1	iAF987.Gmet_0782	35.6	436	259	9	320	739	297	726	1.65e-77	264
WP_055968062.1	iJN1463.PP_0914	35.2	435	264	6	319	739	254	684	1.87e-76	260
WP_055968062.1	iJN1463.PP_3581	37.3	434	259	7	320	742	258	689	2.70e-76	259
WP_055968104.1	iJN1463.PP_5066	42.6	467	258	8	7	469	26	486	2.17e-97	305
WP_055968107.1	iAF692.Mbar_A1138	31.6	136	85	3	57	191	52	180	6.13e-10	59.3
WP_055968107.1	STM_v1_0.STM4433	28.4	141	90	5	61	196	59	193	4.05e-08	53.9
WP_055968112.1	iYO844.BSU38280	26.3	452	300	10	112	541	25	465	5.08e-47	171
WP_055968128.1	iYL1228.KPN_01590	35.8	240	143	4	6	238	3	238	1.32e-37	131
WP_055968128.1	iSDY_1059.SDY_1586	36.0	242	140	5	6	238	3	238	1.00e-36	129
WP_055968128.1	iSF_1195.SF1556	35.3	241	143	4	6	238	3	238	1.00e-36	129
WP_055968128.1	iML1515.b1539	35.3	241	143	4	6	238	3	238	1.99e-36	128
WP_055968128.1	iSSON_1240.SSON_1589	35.3	241	143	4	6	238	3	238	1.99e-36	128
WP_055968128.1	iSbBS512_1146.SbBS512_E1701	35.3	241	143	4	6	238	3	238	3.94e-36	127
WP_055968128.1	STM_v1_0.STM1511	33.6	241	147	4	6	238	3	238	1.10e-35	126
WP_055968128.1	iJN1463.PP_4862	33.1	245	151	7	3	238	2	242	3.84e-34	122
WP_055968142.1	iAM_Pc455.PCYB_113330	36.2	138	86	1	716	851	1216	1353	5.88e-18	89.4
WP_055968144.1	iAF987.Gmet_3020	29.9	177	114	4	1	167	1	177	4.67e-13	63.9
WP_055968144.1	iJN1463.PP_0391	30.6	170	108	3	6	167	7	174	6.02e-12	60.8
WP_055968148.1	iMM904.YFL030W	33.8	145	84	4	229	361	66	210	3.38e-12	67.8
WP_055968148.1	iHN637.CLJU_RS00465	24.7	215	152	5	177	381	6	220	2.87e-10	61.6
WP_055968153.1	iYS854.USA300HOU_RS05365	31.2	186	107	5	5	180	6	180	1.63e-13	65.5
WP_055968156.1	iYS854.USA300HOU_RS05360	34.0	474	288	9	1	466	1	457	4.47e-75	244
WP_055968159.1	iLB1027_lipid.PHATRDRAFT_48952	26.2	367	204	13	41	341	1	366	1.27e-19	89.7
WP_055968162.1	iAF987.Gmet_0843	32.5	268	171	6	4	266	3	265	1.16e-36	130
WP_055968191.1	iML1515.b1985	21.9	311	224	8	14	310	45	350	2.84e-04	42.7
WP_055968194.1	iSbBS512_1146.SbBS512_E1416	37.7	239	129	5	4	225	11	246	1.97e-46	157
WP_055968194.1	iML1515.b1247	37.7	239	129	5	4	225	11	246	3.90e-46	156
WP_055968194.1	iSDY_1059.SDY_1305	37.7	239	129	5	4	225	11	246	3.90e-46	156
WP_055968194.1	iSF_1195.SF1248	37.7	239	129	5	4	225	11	246	3.90e-46	156
WP_055968194.1	iSSON_1240.SSON_1933	37.7	239	129	5	4	225	11	246	7.72e-46	155
WP_055968194.1	iYL1228.KPN_02193	38.1	210	123	2	20	225	40	246	1.53e-45	154
WP_055968194.1	STM_v1_0.STM1742	38.6	210	122	2	20	225	40	246	5.98e-45	153
WP_055968194.1	iSbBS512_1146.SbBS512_E1746	40.4	208	111	2	20	227	32	226	6.35e-45	152
WP_055968194.1	iSDY_1059.SDY_3635	34.7	236	133	4	4	224	3	232	2.53e-44	149
WP_055968194.1	iML1515.b1483	39.9	208	112	2	20	227	32	226	9.79e-44	149
WP_055968194.1	iSbBS512_1146.SbBS512_E3841	36.4	214	124	3	17	224	25	232	9.99e-44	148
WP_055968194.1	iML1515.b3480	36.4	214	124	3	17	224	25	232	1.41e-43	147
WP_055968194.1	iSSON_1240.SSON_3718	36.4	214	124	3	17	224	25	232	1.41e-43	147
WP_055968194.1	iSF_1195.SF3498	36.0	214	125	3	17	224	25	232	2.80e-43	147
WP_055968194.1	iML1515.b3540	38.4	211	118	3	20	224	38	242	3.87e-42	145
WP_055968194.1	iSF_1195.SF3575	38.4	211	118	3	20	224	38	242	3.87e-42	145
WP_055968194.1	iSSON_1240.SSON_3850	38.4	211	118	3	20	224	38	242	3.87e-42	145
WP_055968194.1	STM_v1_0.STM3626	36.8	209	124	2	20	224	38	242	1.61e-41	144
WP_055968194.1	iPC815.YPO3999	37.8	209	122	2	20	224	59	263	3.55e-41	144
WP_055968194.1	iYL1228.KPN_03895	37.3	209	123	2	20	224	38	242	3.18e-41	143
WP_055968194.1	iSDY_1059.SDY_4563	37.9	211	119	3	20	224	38	242	8.23e-41	142
WP_055968194.1	iLJ478.TM1750	37.4	235	135	4	1	227	10	240	1.42e-40	141
WP_055968197.1	iML1515.b3479	36.3	240	144	5	2	232	5	244	1.90e-37	131
WP_055968197.1	iSDY_1059.SDY_3634	35.8	240	145	5	2	232	5	244	1.05e-36	129
WP_055968197.1	iSF_1195.SF3497	35.8	240	145	5	2	232	5	244	1.48e-36	129
WP_055968197.1	iSbBS512_1146.SbBS512_E3842	35.4	240	146	4	2	232	5	244	4.10e-36	128
WP_055968197.1	iSSON_1240.SSON_3717	35.4	240	146	4	2	232	5	244	4.10e-36	128
WP_055968197.1	iYL1228.KPN_03853	34.0	241	148	5	2	232	5	244	2.64e-33	120
WP_055968206.1	iYS854.USA300HOU_RS01220	35.2	460	281	8	42	497	16	462	3.32e-83	265
WP_055968207.1	iLJ478.TM1724	37.8	249	148	3	1	248	1	243	3.47e-44	149
WP_055968207.1	iAF987.Gmet_1601	36.9	249	150	3	1	248	1	243	1.60e-38	134
WP_055968218.1	iEK1008.Rv0132c	35.8	120	65	5	24	135	55	170	3.60e-08	53.9
WP_055968224.1	iAF987.Gmet_0843	25.1	219	135	8	25	216	42	258	2.84e-07	49.7
WP_055968227.1	iCN718.ABAYE_RS14020	28.1	114	76	2	13	120	70	183	7.50e-09	55.5
WP_055968244.1	iAF987.Gmet_0043	36.6	101	57	2	337	430	165	265	5.12e-12	67.4
WP_055968246.1	iAF987.Gmet_1919	27.2	158	110	1	3	160	4	156	4.74e-14	69.7
WP_055968246.1	iAF987.Gmet_1706	29.5	112	79	0	4	115	3	114	3.14e-12	64.3
WP_055968246.1	iAF987.Gmet_0069	32.5	120	77	2	3	118	4	123	4.07e-12	63.9
WP_055968247.1	iJN1463.PP_4210	32.9	392	241	10	4	378	265	651	3.70e-46	167
WP_055968249.1	iJN1463.PP_4210	52.1	219	104	1	3	220	5	223	1.99e-65	213
WP_055968256.1	iSynCJ816.SGL_RS14875	34.8	92	53	3	22	107	24	114	2.55e-10	54.7
WP_055968256.1	iPC815.YPO2167	31.7	101	62	2	13	106	6	106	1.30e-09	52.4
WP_055968268.1	iCN900.CD630_16140	33.2	223	145	3	18	236	40	262	3.58e-37	130
WP_055968268.1	iML1515.b1917	32.4	247	149	5	3	232	4	249	1.81e-33	120
WP_055968268.1	iYO844.BSU02750	28.3	219	151	5	18	231	21	238	2.31e-33	120
WP_055968268.1	iMM1415.11303	34.0	197	127	2	14	207	1902	2098	4.19e-31	120
WP_055968268.1	iEK1008.Rv2936	34.4	215	136	3	1	210	6	220	1.42e-32	120
WP_055968278.1	iYO844.BSU07830	50.9	218	104	3	11	226	5	221	6.65e-75	225
WP_055968278.1	iYS854.USA300HOU_RS13680	48.8	217	106	4	12	226	6	219	2.87e-69	211
WP_055968288.1	iSynCJ816.SGL_RS14390	25.0	192	120	7	4	177	5	190	4.39e-06	45.1
WP_055968296.1	iCN900.CD630_18140	31.2	199	136	1	3	201	4	201	1.60e-32	116
WP_055968296.1	iSbBS512_1146.SbBS512_E4944	33.3	213	126	5	1	203	1	207	4.81e-28	104
WP_055968296.1	iSF_1195.SF4427	33.3	213	126	5	1	203	1	207	4.81e-28	104
WP_055968296.1	iSSON_1240.SSON_4545	33.3	213	126	5	1	203	1	207	4.81e-28	104
WP_055968298.1	iEK1008.Rv1399c	33.5	221	133	5	43	254	66	281	3.39e-24	99.4
WP_055968298.1	iEK1008.Rv0217c	32.2	236	143	5	35	265	48	271	4.68e-22	93.2
WP_055968298.1	iEK1008.Rv2970c	29.9	241	159	6	33	265	110	348	4.05e-21	91.7
WP_055968304.1	iJN1463.PP_0072	34.2	322	195	7	8	319	9	323	1.60e-34	128
WP_055968314.1	iCN900.CD630_19470	47.6	225	113	2	2	224	7	228	2.80e-63	197
WP_055968314.1	iYO844.BSU30420	43.7	222	120	2	4	221	1	221	1.33e-56	180
WP_055968316.1	iLJ478.TM0846	35.2	125	71	4	12	134	6	122	2.63e-15	67.4
WP_055968316.1	iYO844.BSU25300	34.9	126	68	5	15	134	5	122	1.23e-13	63.2
WP_055968320.1	iYL1228.KPN_02565	37.2	207	122	3	17	217	19	223	1.06e-35	128
WP_055968320.1	iJN1463.PP_2774	39.6	202	115	3	23	217	63	264	9.33e-33	124
WP_055968320.1	iNF517.LLMG_RS05325	34.1	214	130	4	15	219	44	255	1.56e-33	124
WP_055968320.1	iCN900.CD630_14890	35.9	209	128	3	14	216	16	224	6.89e-34	123
WP_055968320.1	iAF692.Mbar_A2376	36.2	213	125	5	15	218	46	256	9.55e-33	123
WP_055968320.1	iCN900.CD630_09000	34.5	200	125	3	14	207	16	215	3.76e-33	122
WP_055968320.1	iYS854.USA300HOU_RS05485	35.7	207	118	4	13	211	18	217	2.98e-33	122
WP_055968320.1	iYO844.BSU23960	37.2	223	132	6	14	229	16	237	4.41e-34	122
WP_055968320.1	iYO844.BSU24950	34.7	222	127	6	13	219	27	245	1.41e-33	121
WP_055968320.1	iYO844.BSU03590	34.5	226	136	6	14	228	16	240	1.46e-33	120
WP_055968320.1	iCN900.CD630_07520	38.4	224	128	6	13	228	15	236	1.23e-33	120
WP_055968320.1	iML1515.b1917	36.1	233	131	7	12	229	16	245	8.58e-33	119
WP_055968320.1	iYS854.USA300HOU_RS09925	36.9	222	132	6	14	228	18	238	7.09e-33	119
WP_055968320.1	iYO844.BSU29340	35.7	227	135	5	13	229	15	240	2.09e-32	118
WP_055968320.1	iNF517.LLMG_RS06730	36.0	222	125	7	2	211	4	220	7.49e-31	117
WP_055968320.1	iLJ478.TM1261	34.1	229	134	6	18	231	23	249	3.42e-32	117
WP_055968320.1	iYO844.BSU33830	33.3	207	134	4	15	217	18	224	5.61e-31	117
WP_055968320.1	iIT341.HP1171	34.9	229	139	7	10	229	13	240	4.48e-32	117
WP_055968320.1	iJN1463.PP_0114	36.8	201	118	4	24	216	30	229	2.69e-31	117
WP_055968320.1	iPC815.YPO2647	36.0	203	123	4	24	219	53	255	1.97e-30	115
WP_055968320.1	iNF517.LLMG_RS09915	34.2	222	138	5	14	228	20	240	1.59e-31	115
WP_055968320.1	STM_v1_0.STM2163	34.4	221	140	4	12	227	14	234	7.12e-31	115
WP_055968320.1	iPC815.YPO1073	35.2	210	130	3	15	218	21	230	1.17e-30	115
WP_055968326.1	iYL1228.KPN_02492	27.6	156	97	3	9	148	4	159	2.60e-07	50.8
WP_055968326.1	iAF692.Mbar_A1122	28.9	142	90	4	5	135	4	145	2.49e-07	50.8
WP_055968326.1	iAF692.Mbar_A0036	29.1	179	109	7	5	168	4	179	5.92e-07	49.7
WP_055968326.1	iAF987.Gmet_2329	31.2	189	113	8	7	182	2	186	1.46e-06	48.5
WP_055968326.1	iAF987.Gmet_1486	30.5	151	96	4	8	151	3	151	6.28e-06	46.6
WP_055968326.1	iEK1008.Rv3468c	26.3	179	105	7	9	171	39	206	6.76e-06	46.6
WP_055968330.1	STM_v1_0.STM0235	37.6	93	55	3	1	91	4	95	1.72e-08	49.3
WP_055968342.1	iML1515.b1430	27.7	101	72	1	59	158	29	129	1.09e-04	41.6
WP_055968351.1	iYO844.BSU22140	39.8	249	141	5	5	249	7	250	1.73e-47	157
WP_055968351.1	iML1515.b2842	37.1	251	154	2	1	249	1	249	1.68e-47	157
WP_055968351.1	iYO844.BSU15910	36.0	247	154	3	8	252	2	246	7.76e-47	155
WP_055968351.1	iPC815.YPO2539	35.9	248	158	1	6	252	5	252	1.93e-46	155
WP_055968351.1	STM_v1_0.STM4483	34.7	248	161	1	6	252	5	252	2.14e-45	152
WP_055968351.1	iSSON_1240.SSON_4451	34.7	248	161	1	6	252	5	252	6.01e-45	151
WP_055968351.1	iML1515.b4266	34.7	248	161	1	6	252	5	252	8.48e-45	150
WP_055968351.1	iAM_Pv461.PVX_099555	34.3	239	154	2	14	251	63	299	1.55e-43	149
WP_055968351.1	iEK1008.Rv1928c	36.8	253	153	3	3	251	4	253	1.92e-43	147
WP_055968351.1	iAM_Pf480.PF3D7_0922900	34.2	243	157	2	10	251	60	300	8.74e-43	147
WP_055968351.1	iLJ478.TM1724	37.1	248	149	3	8	252	3	246	8.40e-43	145
WP_055968354.1	iSynCJ816.SGL_RS07245	27.5	207	129	4	1	204	4	192	1.16e-11	62.8
WP_055968354.1	iAF987.Gmet_1601	26.4	201	130	4	4	203	6	189	2.14e-11	62.0
WP_055968354.1	iHN637.CLJU_RS20765	28.3	205	130	4	1	204	4	192	4.05e-11	61.2
WP_055968354.1	iLB1027_lipid.PHATRDRAFT_13073	23.3	202	140	4	4	204	7	194	1.67e-09	56.6
WP_055968354.1	iJN1463.PP_3164	25.9	201	115	5	4	199	8	179	1.67e-09	56.6
WP_055968362.1	iYS854.USA300HOU_RS11805	22.3	296	211	7	52	336	49	336	7.47e-05	44.3
WP_055968362.1	iYO844.BSU26590	21.9	219	152	6	49	257	56	265	1.75e-04	43.1
WP_055968366.1	iYO844.BSU40110	82.3	479	84	1	1	478	1	479	1.37e-306	833
WP_055968368.1	iSSON_1240.SSON_3912	38.6	635	365	7	9	630	3	625	2.24e-129	394
WP_055968368.1	iML1515.b3722	38.4	636	365	8	9	630	3	625	6.28e-129	392
WP_055968368.1	iSF_1195.SF3733	38.1	635	368	6	9	630	3	625	4.28e-126	385
WP_055968368.1	iCN900.CD630_08160	37.2	634	374	8	6	629	2	621	2.15e-119	368
WP_055968368.1	iCN900.CD630_31250	34.8	632	390	7	1	615	1	627	2.30e-116	360
WP_055968385.1	iAF987.Gmet_0043	26.6	252	163	7	512	744	19	267	3.10e-13	72.8
WP_055968389.1	iLJ478.TM0475	22.9	144	102	2	9	145	44	185	9.90e-12	60.8
WP_055968389.1	iYS854.USA300HOU_RS10420	42.0	69	40	0	80	148	89	157	2.48e-11	59.3
WP_055968389.1	STM_v1_0.STM0597	30.6	124	81	1	33	151	56	179	1.68e-10	58.2
WP_055968389.1	iML1515.b1011	35.5	62	40	0	80	141	118	179	1.04e-09	55.5
WP_055968389.1	iSSON_1240.SSON_1030	35.5	62	40	0	80	141	132	193	1.17e-09	55.5
WP_055968390.1	STM_v1_0.STM1731	31.0	258	157	7	1	254	1	241	5.71e-31	117
WP_055968397.1	iAF987.Gmet_1601	32.9	243	153	5	6	244	7	243	2.62e-23	94.4
WP_055968397.1	iSynCJ816.SGL_RS07245	30.7	241	160	5	6	244	8	243	7.38e-22	90.5
WP_055968397.1	iCN718.ABAYE_RS14915	31.2	247	155	8	3	244	4	240	9.72e-22	90.1
WP_055968397.1	iYO844.BSU15910	28.9	242	163	5	7	244	7	243	1.42e-20	87.0
WP_055968397.1	iHN637.CLJU_RS20765	30.0	243	159	7	7	244	9	245	2.04e-20	86.7
WP_055968397.1	iYS854.USA300HOU_RS06185	30.6	248	161	6	1	244	1	241	1.90e-20	86.7
WP_055968399.1	iAF987.Gmet_0988	31.5	124	77	3	22	144	26	142	3.54e-11	57.4
WP_055968404.1	iSSON_1240.SSON_4504	21.3	333	207	12	1	287	5	328	1.74e-08	54.7
WP_055968404.1	iYO844.BSU06240	28.8	212	113	7	12	193	19	222	2.33e-08	54.3
WP_055968404.1	iML1515.b4358	21.4	332	206	12	2	287	1	323	2.29e-08	54.3
WP_055968404.1	iSbBS512_1146.SbBS512_E4898	21.1	332	207	12	2	287	1	323	1.75e-07	51.6
WP_055968404.1	iJN1463.PP_3606	27.2	184	108	7	12	188	24	188	3.97e-07	50.4
WP_055968410.1	iAF987.Gmet_1825	23.9	410	262	14	53	437	16	400	1.01e-14	75.5
WP_055968410.1	iAF692.Mbar_A2986	22.9	363	227	11	60	390	29	370	2.40e-14	74.3
WP_055968410.1	iAF692.Mbar_A0211	22.4	348	236	10	52	376	16	352	7.54e-14	72.8
WP_055968410.1	iAF692.Mbar_A2872	21.9	392	253	12	50	412	13	380	1.33e-13	72.0
WP_055968416.1	iJN1463.PP_0612	29.0	366	244	7	5	365	6	360	4.74e-33	126
WP_055968420.1	iEK1008.Rv3701c	40.2	306	176	4	17	317	18	321	1.04e-65	209
WP_055968422.1	iEK1008.Rv3703c	31.5	311	182	8	137	426	125	425	1.52e-35	135
WP_055968424.1	iYO844.BSU32130	82.2	325	58	0	1	325	1	325	6.79e-194	535
WP_055968424.1	iYS854.USA300HOU_RS06800	76.7	322	75	0	4	325	3	324	1.16e-180	501
WP_055968424.1	iIT341.HP0854	76.2	323	77	0	4	326	5	327	2.92e-179	498
WP_055968426.1	iYL1228.KPN_01211	39.7	63	34	1	24	82	10	72	2.96e-06	44.3
WP_055968426.1	iPC815.YPO2167	39.7	63	34	1	24	82	5	67	1.28e-05	42.4
WP_055968426.1	STM_v1_0.STM1235	38.2	55	32	1	24	76	8	62	2.47e-05	42.0
WP_055968426.1	iPC815.YPO0565	39.0	59	31	1	27	80	10	68	2.44e-05	41.6
WP_055968426.1	iML1515.b1134	32.2	59	38	1	24	80	8	66	8.76e-05	40.4
WP_055968426.1	iSbBS512_1146.SbBS512_E1312	32.2	59	38	1	24	80	8	66	8.76e-05	40.4
WP_055968426.1	iSDY_1059.SDY_2018	32.2	59	38	1	24	80	8	66	8.76e-05	40.4
WP_055968426.1	iSF_1195.SF1153	32.2	59	38	1	24	80	8	66	8.76e-05	40.4
WP_055968426.1	iSSON_1240.SSON_1152	32.2	59	38	1	24	80	8	66	8.76e-05	40.4
WP_055968426.1	iSSON_1240.SSON_2312	30.4	92	56	4	24	107	7	98	7.62e-05	40.4
WP_055968426.1	STM_v1_0.STM4166	36.5	63	38	1	22	82	129	191	2.13e-04	40.0
WP_055968426.1	iSF_1195.SF0096	30.1	113	69	2	27	134	10	117	8.93e-05	40.0
WP_055968428.1	iYS854.USA300HOU_RS00270	25.2	111	76	2	69	176	56	162	4.30e-07	47.4
WP_055968428.1	iPC815.YPO2830	29.9	77	54	0	98	174	90	166	1.20e-05	43.5
WP_055968434.1	iCN718.ABAYE_RS04905	47.7	354	180	2	1	349	1	354	3.67e-110	325
WP_055968434.1	iYO844.BSU10020	47.0	351	182	3	5	351	6	356	4.43e-106	315
WP_055968434.1	iJN1463.PP_1768	47.3	353	181	3	4	351	6	358	2.17e-104	310
WP_055968439.1	iYO844.BSU31600	58.0	792	331	1	1	792	1	790	2.21e-310	869
WP_055968439.1	iYS854.USA300HOU_RS04720	53.2	795	365	3	1	795	1	788	3.28e-282	797
WP_055968441.1	iYO844.BSU31610	58.2	141	59	0	6	146	3	143	3.62e-58	177
WP_055968443.1	iYO844.BSU19360	66.8	419	133	4	2	418	3	417	4.01e-170	482
WP_055968445.1	iYO844.BSU19370	58.0	931	379	6	9	929	13	941	0.0	1106
WP_055968449.1	STM_v1_0.STM1800	22.0	286	169	8	63	334	52	297	9.67e-10	58.5
WP_055968451.1	iCN718.ABAYE_RS07685	70.4	506	147	1	1	506	1	503	1.59e-270	744
WP_055968451.1	iSF_1195.SF3626	70.1	501	150	0	6	506	42	542	7.34e-267	736
WP_055968451.1	iSbBS512_1146.SbBS512_E4003	70.1	501	150	0	6	506	12	512	4.93e-267	735
WP_055968451.1	STM_v1_0.STM3680	70.3	501	149	0	6	506	12	512	9.94e-267	734
WP_055968451.1	iJN1463.PP_0545	69.4	506	155	0	1	506	1	506	1.61e-266	734
WP_055968451.1	iML1515.b3588	69.9	501	151	0	6	506	12	512	5.73e-266	733
WP_055968451.1	iEK1008.Rv0458	69.1	505	156	0	2	506	3	507	1.12e-264	729
WP_055968451.1	iJN1463.PP_2680	69.6	506	154	0	1	506	1	506	1.25e-263	726
WP_055968451.1	iYL1228.KPN_02991	65.2	506	176	0	1	506	1	506	1.16e-247	686
WP_055968453.1	iYO844.BSU03990	48.3	373	183	2	1	367	1	369	3.42e-113	334
WP_055968453.1	iYL1228.KPN_03943	44.5	382	199	5	1	371	1	380	6.75e-102	306
WP_055968456.1	iYS854.USA300HOU_RS11635	23.6	717	480	19	7	667	6	710	2.24e-39	154
WP_055968458.1	iYO844.BSU18440	57.1	480	201	3	7	481	7	486	1.89e-190	540
WP_055968460.1	iYO844.BSU18450	56.0	1505	635	10	1	1481	1	1502	0.0	1634
WP_055968466.1	iYO844.BSU34560	54.6	557	241	6	4	550	3	557	8.03e-229	642
WP_055968466.1	iYO844.BSU07810	53.4	556	244	5	5	552	8	556	9.40e-223	627
WP_055968466.1	iNF517.LLMG_RS03830	54.3	551	223	6	1	548	1	525	1.03e-209	593
WP_055968468.1	iYO844.BSU21820	74.6	264	67	0	1	264	1	264	9.53e-156	433
WP_055968468.1	iML1515.b2827	67.8	264	85	0	1	264	1	264	3.97e-141	396
WP_055968468.1	iSSON_1240.SSON_2984	67.8	264	85	0	1	264	1	264	3.97e-141	396
WP_055968468.1	STM_v1_0.STM3001	67.4	264	86	0	1	264	1	264	5.63e-141	396
WP_055968468.1	iSF_1195.SF2837	67.4	264	86	0	1	264	1	264	5.63e-141	396
WP_055968468.1	iYL1228.KPN_03236	67.8	264	85	0	1	264	1	264	3.25e-140	394
WP_055968468.1	iSbBS512_1146.SbBS512_E3035	67.4	264	86	0	1	264	1	264	6.55e-140	393
WP_055968468.1	iSDY_1059.SDY_3044	67.0	264	87	0	1	264	1	264	9.30e-140	393
WP_055968470.1	iAF987.Gmet_0069	35.0	234	136	5	171	389	79	311	4.71e-31	122
WP_055968474.1	iJN1463.PP_4639	35.6	317	197	4	5	314	3	319	2.66e-57	187
WP_055968474.1	iML1515.b4352	35.4	311	195	5	3	309	2	310	3.42e-53	176
WP_055968486.1	iAF987.Gmet_1188	48.6	35	18	0	272	306	33	67	3.96e-05	44.3
WP_055968486.1	iML1515.b0211	40.0	45	27	0	178	222	340	384	8.37e-04	40.4
WP_055968486.1	iSynCJ816.SGL_RS16185	31.4	102	60	4	30	127	173	268	8.97e-04	40.0
WP_055968507.1	iML1515.b1856	34.8	112	59	4	505	616	312	409	5.31e-06	48.9
WP_055968507.1	iAF987.Gmet_1350	36.5	96	53	3	507	602	110	197	1.39e-05	46.6
WP_055968601.1	iYO844.BSU22370	60.9	391	152	1	2	391	3	393	5.50e-170	480
WP_055968603.1	iYS854.USA300HOU_RS07460	48.8	373	190	1	5	377	3	374	1.68e-120	353
WP_055968607.1	iYO844.BSU22540	62.5	253	92	2	1	253	1	250	1.44e-115	331
WP_055968609.1	iYO844.BSU22600	50.2	420	195	6	3	412	9	424	5.32e-128	375
WP_055968609.1	iNF517.LLMG_RS09640	46.7	424	207	7	2	412	9	426	6.14e-114	340
WP_055968611.1	iYO844.BSU22700	44.8	326	166	7	9	323	10	332	1.09e-79	247
WP_055968613.1	iHN637.CLJU_RS10465	39.5	344	203	3	7	345	293	636	7.33e-80	256
WP_055968627.1	iYO844.BSU16670	47.1	308	157	3	1	303	1	307	1.39e-95	285
WP_055968631.1	iYO844.BSU16550	59.6	381	153	1	1	380	1	381	2.28e-152	434
WP_055968645.1	iYS854.USA300HOU_RS06175	53.1	318	143	3	3	319	4	316	5.33e-104	307
WP_055968645.1	iCN900.CD630_11780	47.0	328	167	2	1	324	1	325	1.14e-95	286
WP_055968645.1	iHN637.CLJU_RS06280	47.2	326	164	3	1	322	1	322	3.09e-92	278
WP_055968647.1	iYS854.USA300HOU_RS06130	33.0	667	408	12	4	638	3	662	2.56e-96	309
WP_055968652.1	iJN1463.PP_0072	29.9	324	205	10	7	319	10	322	3.00e-30	116
WP_055968652.1	iEK1008.Rv3825c	28.3	304	202	7	25	319	1451	1747	1.09e-26	110
WP_055968653.1	iYO844.BSU15520	67.4	1069	347	1	1	1068	1	1069	0.0	1418
WP_055968653.1	iYS854.USA300HOU_RS06045	64.3	1053	374	2	1	1052	1	1052	0.0	1318
WP_055968655.1	iYO844.BSU15510	59.8	351	139	1	3	353	2	350	7.98e-150	426
WP_055968655.1	iYS854.USA300HOU_RS06040	56.3	352	154	0	3	354	4	355	7.71e-141	404
WP_055968655.1	iNF517.LLMG_RS04565	52.4	351	166	1	1	351	1	350	1.64e-135	390
WP_055968657.1	iYS854.USA300HOU_RS06035	59.0	420	167	3	5	419	4	423	1.62e-172	489
WP_055968657.1	iYO844.BSU15500	59.1	411	164	3	12	418	13	423	1.43e-169	481
WP_055968659.1	iYS854.USA300HOU_RS05995	60.0	919	357	5	1	911	1	916	0.0	1147
WP_055968659.1	iNF517.LLMG_RS10255	57.4	922	375	7	1	908	1	918	0.0	1065
WP_055968660.1	iCN900.CD630_26230	46.0	224	115	4	2	220	6	228	1.91e-59	186
WP_055968662.1	iYS854.USA300HOU_RS05935	34.4	715	449	13	4	708	8	712	1.21e-128	398
WP_055968667.1	iYS854.USA300HOU_RS05915	32.4	435	278	7	81	499	82	516	2.00e-64	218
WP_055968669.1	iYO844.BSU15110	33.1	290	165	9	1	263	1	288	1.57e-34	125
WP_055968671.1	iYO844.BSU14860	66.5	1141	378	3	4	1142	6	1144	0.0	1519
WP_055968671.1	iYS854.USA300HOU_RS05560	61.6	1145	436	3	1	1142	1	1144	0.0	1386
WP_055968672.1	iML1515.b0089	31.6	393	228	8	23	407	55	414	5.08e-43	155
WP_055968674.1	iYO844.BSU14190	49.6	371	184	2	1	369	3	372	3.42e-131	380
WP_055968678.1	iYO844.BSU03130	59.0	271	110	1	1	271	3	272	3.33e-106	308
WP_055968678.1	STM_v1_0.STM1310	59.0	273	109	3	1	271	3	274	1.99e-103	301
WP_055968678.1	iYL1228.KPN_01228	58.2	273	111	3	1	271	3	274	8.06e-103	300
WP_055968678.1	iNF517.LLMG_RS07415	57.9	273	112	3	1	271	3	274	6.34e-102	298
WP_055968678.1	iSSON_1240.SSON_1418	57.1	273	114	3	1	271	3	274	2.65e-101	296
WP_055968678.1	iSDY_1059.SDY_1540	56.8	273	115	3	1	271	3	274	3.76e-101	296
WP_055968678.1	iSF_1195.SF1486	57.1	273	114	3	1	271	3	274	7.57e-101	295
WP_055968678.1	iML1515.b1740	57.1	273	114	3	1	271	3	274	1.07e-100	295
WP_055968678.1	iSbBS512_1146.SbBS512_E1984	56.8	273	115	3	1	271	3	274	8.73e-100	292
WP_055968680.1	iYS854.USA300HOU_RS04050	30.6	281	188	6	3	280	2	278	7.73e-36	129
WP_055968686.1	iYS854.USA300HOU_RS04940	57.4	329	139	1	1	328	1	329	2.00e-134	385
WP_055968690.1	iCN900.CD630_12260	35.8	352	194	10	27	369	10	338	5.71e-52	176
WP_055968692.1	iYS854.USA300HOU_RS08615	57.4	878	370	4	4	879	1	876	0.0	974
WP_055968693.1	iYS854.USA300HOU_RS08635	50.3	356	172	2	3	356	4	356	6.48e-119	349
WP_055968693.1	iCN900.CD630_12790	46.2	379	195	4	3	375	7	382	3.71e-109	325
WP_055968699.1	iYS854.USA300HOU_RS08725	64.1	340	122	0	1	340	1	340	7.78e-162	455
WP_055968703.1	iYO844.BSU27850	65.4	353	122	0	11	363	14	366	1.05e-168	474
WP_055968705.1	iYO844.BSU27870	42.2	438	233	9	8	428	3	437	1.70e-96	301
WP_055968723.1	iYO844.BSU28080	38.8	423	233	9	5	402	6	427	8.94e-85	265
WP_055968723.1	iNF517.LLMG_RS06760	37.4	420	239	10	5	402	4	421	1.68e-77	246
WP_055968723.1	iYS854.USA300HOU_RS08805	39.5	410	231	9	8	401	7	415	1.01e-74	238
WP_055968728.1	iYO844.BSU28120	70.9	422	123	0	9	430	6	427	3.16e-220	610
WP_055968728.1	iYS854.USA300HOU_RS08830	68.9	415	129	0	8	422	4	418	1.50e-208	581
WP_055968729.1	iSynCJ816.SGL_RS12770	36.7	109	61	2	49	150	331	438	1.62e-11	62.8
WP_055968731.1	iSynCJ816.SGL_RS13900	24.0	288	211	4	63	350	78	357	2.45e-10	61.2
WP_055968734.1	iCN900.CD630_33080	62.9	232	86	0	6	237	7	238	1.53e-96	289
WP_055968737.1	iAF692.Mbar_A0570	38.0	450	252	7	4	434	5	446	5.05e-98	300
WP_055968747.1	iYS854.USA300HOU_RS08915	63.8	643	227	4	1	641	1	639	9.17e-306	845
WP_055968751.1	iYO844.BSU29120	74.4	309	79	0	2	310	3	311	4.72e-166	463
WP_055968754.1	iYO844.BSU29180	60.2	583	224	5	1	580	1	578	5.96e-234	657
WP_055968754.1	iYS854.USA300HOU_RS09005	56.9	583	243	5	1	580	1	578	1.51e-219	621
WP_055968754.1	iCN900.CD630_33940	53.3	582	263	6	1	580	5	579	3.60e-208	592
WP_055968759.1	iYS854.USA300HOU_RS08170	37.9	261	160	1	101	361	91	349	1.12e-57	191
WP_055968766.1	iJN1463.PP_1877	59.7	144	56	1	15	158	14	155	9.02e-57	174
WP_055968766.1	iML1515.b1832	60.7	140	53	1	11	150	3	140	1.53e-51	161
WP_055968770.1	iYS854.USA300HOU_RS12355	38.2	178	105	3	1	173	1	178	1.45e-27	101
WP_055968772.1	iYS854.USA300HOU_RS09175	57.3	415	174	3	3	414	5	419	1.51e-167	476
WP_055968777.1	iYS854.USA300HOU_RS09200	71.5	568	158	3	1	566	3	568	8.61e-307	841
WP_055968777.1	iYO844.BSU29680	69.1	570	173	3	1	567	3	572	3.47e-300	824
WP_055968779.1	iYO844.BSU29700	42.7	211	120	1	1	210	1	211	2.04e-55	175
WP_055968781.1	iYO844.BSU29710	56.7	386	165	2	1	385	1	385	5.45e-160	454
WP_055968790.1	iYS854.USA300HOU_RS09255	54.5	198	88	2	1	198	1	196	2.02e-67	204
WP_055968796.1	iYO844.BSU36010	62.0	548	204	4	8	553	7	552	1.70e-239	670
WP_055968799.1	iYO844.BSU36000	49.8	231	116	0	7	237	22	252	3.41e-78	235
WP_055968802.1	iPC815.YPO2904	25.8	360	246	11	13	362	13	361	1.77e-12	67.8
WP_055968804.1	iYS854.USA300HOU_RS09300	44.1	465	254	6	4	463	2	465	5.08e-127	376
WP_055968806.1	iYS854.USA300HOU_RS09315	37.6	534	320	5	18	540	8	539	1.61e-102	319
WP_055968808.1	iYS854.USA300HOU_RS09335	69.4	803	243	1	1	800	1	803	0.0	1205
WP_055968808.1	iNF517.LLMG_RS08750	63.7	833	262	6	1	799	1	827	0.0	1097
WP_055968810.1	iYO844.BSU09240	31.0	213	132	4	4	208	3	208	1.13e-19	83.2
WP_055968819.1	iYO844.BSU30550	81.0	394	75	0	5	398	4	397	1.32e-226	624
WP_055968819.1	iYS854.USA300HOU_RS09495	75.9	395	94	1	5	399	4	397	2.17e-208	578
WP_055968819.1	iCN900.CD630_01300	71.4	395	112	1	4	398	1	394	1.31e-202	563
WP_055968823.1	iYO844.BSU31400	60.3	380	151	0	4	383	5	384	3.20e-168	475
WP_055968830.1	iCN900.CD630_13000	38.3	426	246	6	57	467	59	482	5.14e-86	271
WP_055968830.1	iSF_1195.SF4229	35.6	477	265	10	19	466	30	493	8.89e-82	261
WP_055968830.1	iSbBS512_1146.SbBS512_E4821	35.6	477	265	10	19	466	30	493	3.47e-81	259
WP_055968830.1	iSDY_1059.SDY_4284	35.6	477	265	10	19	466	30	493	3.47e-81	259
WP_055968830.1	iML1515.b4260	35.4	477	266	10	19	466	30	493	4.88e-81	259
WP_055968830.1	iSSON_1240.SSON_4445	35.4	477	266	10	19	466	30	493	4.88e-81	259
WP_055968830.1	STM_v1_0.STM4477	35.4	477	266	10	19	466	30	493	1.91e-80	258
WP_055968830.1	iSynCJ816.SGL_RS09430	34.7	458	282	8	20	466	36	487	1.56e-79	255
WP_055968830.1	iYL1228.KPN_04665	35.5	479	263	11	19	466	30	493	2.91e-79	254
WP_055968830.1	iJN1463.PP_0980	35.2	449	269	7	36	466	47	491	4.92e-79	254
WP_055968830.1	iPC815.YPO3441	34.8	480	265	11	19	466	30	493	5.74e-79	254
WP_055968830.1	iCN718.ABAYE_RS17615	37.7	414	239	7	63	466	70	474	6.58e-79	253
WP_055968832.1	iYO844.BSU13890	62.4	686	236	8	1	678	1	672	3.12e-291	812
WP_055968834.1	iYO844.BSU32100	54.3	403	182	2	1	403	3	403	4.40e-153	438
WP_055968842.1	iYO844.BSU32200	56.3	352	148	3	1	347	1	351	5.99e-137	393
WP_055968849.1	iYS854.USA300HOU_RS04525	58.9	399	162	1	11	407	18	416	1.53e-176	498
WP_055968851.1	iYS854.USA300HOU_RS04520	44.5	436	229	6	1	425	1	434	4.26e-120	356
WP_055968852.1	iYS854.USA300HOU_RS03755	24.3	391	267	13	16	396	10	381	1.23e-13	71.6
WP_055968856.1	iYO844.BSU32830	69.2	390	119	1	1	389	1	390	2.58e-185	519
WP_055968858.1	iYO844.BSU32840	59.3	792	316	3	15	805	3	789	0.0	929
WP_055968860.1	iAF692.Mbar_A3635	37.8	82	42	3	43	116	34	114	6.77e-08	51.2
WP_055968868.1	iCN900.CD630_15490	31.6	301	190	8	29	315	48	346	7.03e-41	145
WP_055968868.1	iYS854.USA300HOU_RS14535	30.6	320	194	7	13	312	12	323	3.31e-37	135
WP_055968870.1	iCN900.CD630_07370	42.6	251	143	1	7	256	3	253	2.36e-76	232
WP_055968870.1	iYO844.BSU29620	40.8	262	152	1	3	261	1	262	4.91e-70	216
WP_055968874.1	iYS854.USA300HOU_RS02995	38.0	179	106	2	5	182	8	182	2.78e-35	121
WP_055968888.1	iYO844.BSU35960	53.3	302	140	1	1	302	1	301	1.20e-105	310
WP_055968888.1	iYL1228.KPN_04156	54.7	296	128	2	9	303	3	293	4.75e-98	290
WP_055968888.1	iML1515.b3751	54.1	296	130	2	9	303	3	293	7.74e-97	287
WP_055968888.1	STM_v1_0.STM3884	54.4	296	129	2	9	303	3	293	2.20e-96	286
WP_055968894.1	iYO844.BSU35940	62.4	492	184	1	1	491	1	492	5.05e-211	592
WP_055968894.1	iNF517.LLMG_RS04060	57.6	491	208	0	1	491	1	491	9.62e-199	561
WP_055968897.1	iYO844.BSU35930	55.7	131	56	1	1	129	1	131	1.55e-45	144
WP_055968897.1	STM_v1_0.STM3881	51.1	139	58	2	1	129	1	139	4.10e-40	130
WP_055968899.1	iYO844.BSU35920	54.0	291	130	3	1	289	1	289	4.69e-94	279
WP_055968899.1	iCN900.CD630_02990	50.0	290	144	1	1	289	1	290	1.02e-88	266
WP_055968909.1	iYO844.BSU33910	60.5	514	200	2	1	514	1	511	4.50e-227	634
WP_055968909.1	iYS854.USA300HOU_RS04200	59.5	513	197	5	1	512	1	503	2.76e-212	597
WP_055968929.1	iCN900.CD630_31950	34.1	960	449	17	7	938	3	806	1.17e-164	501
WP_055968938.1	iAF987.Gmet_1350	43.6	117	61	3	330	445	86	198	1.18e-18	84.7
WP_055968938.1	iML1515.b1856	38.5	130	76	2	328	456	287	413	1.47e-16	81.3
WP_055968938.1	iAF987.Gmet_3012	40.5	116	64	3	330	443	24	136	2.13e-17	80.1
WP_055968945.1	iAF692.Mbar_A0587	34.6	78	43	3	53	130	56	125	4.41e-04	38.5
WP_055968951.1	iLB1027_lipid.PHATRDRAFT_9984	30.6	108	71	3	52	157	56	161	9.79e-04	39.3
WP_055968956.1	iAF987.Gmet_2629	41.1	207	110	3	382	576	340	546	2.15e-34	138
WP_055968968.1	iMM1415.94181	33.7	344	202	8	13	343	20	350	1.67e-50	171
WP_055968968.1	iCHOv1.100767837	33.2	343	205	7	13	343	20	350	2.68e-48	166
WP_055968974.1	iAF987.Gmet_1275	35.7	115	68	2	1	113	1	111	8.03e-13	65.9
WP_055968977.1	iAF987.Gmet_0886	43.4	387	217	2	9	393	1	387	9.22e-107	319
WP_055968980.1	iCN718.ABAYE_RS18875	31.9	323	189	9	4	306	283	594	1.48e-40	149
WP_055968980.1	iJN1463.PP_1805	31.4	303	170	7	5	270	322	623	7.04e-36	136
WP_055968992.1	iYS854.USA300HOU_RS04910	34.8	537	310	11	3	501	6	540	2.42e-87	278
WP_055969005.1	iAF987.Gmet_0043	25.1	235	152	7	202	419	36	263	3.40e-06	48.9
WP_055969009.1	iAF987.Gmet_1706	25.5	188	129	4	1	179	1	186	3.34e-11	61.2
WP_055969009.1	iAF987.Gmet_1919	25.3	150	106	3	3	146	5	154	3.40e-09	55.5
WP_055969016.1	iAF987.Gmet_0700	39.1	445	263	5	387	824	377	820	4.29e-91	307
WP_055969016.1	iAF987.Gmet_0957	37.4	425	260	3	398	816	189	613	3.24e-91	302
WP_055969016.1	iAF987.Gmet_0782	34.9	504	311	7	338	835	240	732	3.64e-90	302
WP_055969016.1	iAF987.Gmet_3085	32.5	501	330	3	329	822	384	883	7.02e-88	300
WP_055969016.1	iAF987.Gmet_2629	31.4	586	380	9	258	827	232	811	8.20e-83	284
WP_055969016.1	iAF987.Gmet_0987	34.7	487	311	4	342	822	298	783	3.34e-82	282
WP_055969033.1	iJN1463.PP_2556	27.3	374	223	11	6	333	20	390	2.80e-20	91.7
WP_055969033.1	iAF987.Gmet_2731	34.0	156	100	2	227	380	15	169	2.55e-20	87.0
WP_055969043.1	iYO844.BSU35620	32.0	172	114	1	338	506	322	493	4.23e-21	95.9
WP_055969043.1	iHN637.CLJU_RS00915	35.4	189	112	5	330	508	132	320	6.12e-21	95.9
WP_055969057.1	iCN900.CD630_19470	42.1	216	124	1	5	219	10	225	2.39e-55	177
WP_055969057.1	iYO844.BSU30420	44.7	199	109	1	24	221	25	223	3.00e-51	166
WP_055969057.1	iJN1463.PP_4210	41.6	202	118	0	18	219	20	221	1.74e-47	166
WP_055969057.1	iJN1463.PP_0114	37.9	235	138	5	4	235	1	230	2.18e-48	162
WP_055969057.1	iSDY_1059.SDY_0218	38.1	223	135	3	4	224	1	222	1.04e-47	160
WP_055969057.1	STM_v1_0.STM0247	38.1	223	135	3	4	224	1	222	1.46e-47	160
WP_055969057.1	iSbBS512_1146.SbBS512_E0193	38.1	223	135	3	4	224	1	222	2.05e-47	160
WP_055969057.1	iSSON_1240.SSON_0213	38.1	223	135	3	4	224	1	222	2.05e-47	160
WP_055969057.1	iML1515.b0199	37.7	223	136	3	4	224	1	222	2.88e-47	159
WP_055969060.1	iAF987.Gmet_3085	32.6	608	359	15	340	913	288	878	8.57e-80	277
WP_055969060.1	iAF987.Gmet_0957	36.1	435	261	6	494	914	184	615	8.06e-79	268
WP_055969060.1	iAF987.Gmet_2629	35.8	433	267	5	491	913	371	802	2.03e-75	263
WP_055969060.1	iAF987.Gmet_0700	31.0	604	387	10	324	909	217	808	2.28e-73	258
WP_055969060.1	iAF987.Gmet_0782	35.7	437	265	7	491	914	287	720	6.84e-73	254
WP_055969060.1	iJN1463.PP_3581	36.6	424	260	5	500	914	257	680	1.13e-72	253
WP_055969060.1	iAF987.Gmet_0987	28.4	570	384	7	363	913	214	778	5.84e-71	250
WP_055969064.1	iYO844.BSU04360	50.0	388	191	3	16	400	33	420	2.71e-121	358
WP_055969064.1	iEK1008.Rv0924c	49.6	389	191	3	17	401	36	423	4.41e-118	350
WP_055969064.1	STM_v1_0.STM2408	46.1	388	205	3	17	402	22	407	1.08e-109	328
WP_055969064.1	iML1515.b2392	45.6	388	207	3	17	402	22	407	1.19e-108	325
WP_055969064.1	iSbBS512_1146.SbBS512_E2760	45.6	388	207	3	17	402	22	407	1.19e-108	325
WP_055969064.1	iSSON_1240.SSON_2484	45.6	388	207	3	17	402	22	407	1.19e-108	325
WP_055969064.1	iYL1228.KPN_02743	45.9	392	208	3	13	402	18	407	2.46e-108	324
WP_055969064.1	iSDY_1059.SDY_2588	45.4	388	208	3	17	402	22	407	6.74e-108	323
WP_055969064.1	iSF_1195.SF2457	45.1	388	209	3	17	402	22	407	1.35e-107	322
WP_055969073.1	iAF987.Gmet_2425	38.7	222	126	4	337	556	133	346	9.47e-34	131
WP_055969073.1	iAF987.Gmet_1298	35.2	236	129	8	328	554	124	344	3.79e-29	118
WP_055969082.1	iCHOv1.100752401	34.2	284	147	9	11	266	14	285	7.94e-40	139
WP_055969085.1	iYO844.BSU34560	44.0	554	273	12	6	525	5	555	1.58e-154	452
WP_055969085.1	iYS854.USA300HOU_RS08055	45.1	546	280	9	1	527	1	545	1.52e-154	452
WP_055969085.1	iNF517.LLMG_RS03830	44.4	531	267	8	1	519	1	515	4.39e-152	445
WP_055969085.1	iYL1228.KPN_04651	42.4	542	286	6	6	525	8	545	1.90e-150	442
WP_055969085.1	iSbBS512_1146.SbBS512_E4844	43.2	542	282	7	6	525	8	545	5.39e-150	441
WP_055969085.1	iSF_1195.SF4251	43.2	542	282	7	6	525	8	545	7.63e-150	440
WP_055969085.1	iML1515.b4239	43.2	542	282	7	6	525	8	545	1.53e-149	439
WP_055969085.1	iSSON_1240.SSON_4420	43.0	542	283	7	6	525	8	545	6.12e-149	438
WP_055969085.1	iSDY_1059.SDY_4258	42.6	542	285	7	6	525	8	545	4.90e-148	436
WP_055969085.1	STM_v1_0.STM4453	41.1	538	299	5	6	525	7	544	3.80e-147	433
WP_055969085.1	iYO844.BSU07810	42.5	550	288	10	6	529	9	556	2.21e-143	424
WP_055969085.1	iYS854.USA300HOU_RS02395	42.1	504	276	7	2	491	3	504	7.79e-143	422
WP_055969085.1	iPC815.YPO3696	41.6	543	291	9	6	524	8	548	2.99e-139	413
WP_055969088.1	iCN900.CD630_14910	39.5	261	151	4	8	267	7	261	1.07e-52	172
WP_055969088.1	iNF517.LLMG_RS01735	39.0	246	143	5	30	269	37	281	1.21e-47	159
WP_055969088.1	iJN1463.PP_0112	38.0	237	144	3	32	267	20	254	8.43e-47	156
WP_055969098.1	iYO844.BSU35780	48.5	305	121	10	820	1121	608	879	8.64e-69	248
WP_055969101.1	iCN900.CD630_15920	65.7	668	219	4	27	685	9	675	1.84e-290	809
WP_055969101.1	iHN637.CLJU_RS19475	64.5	667	229	2	27	685	11	677	1.23e-286	800
WP_055969104.1	iSynCJ816.SGL_RS08865	44.7	552	291	4	4	542	3	553	3.25e-153	449
WP_055969104.1	iCN900.CD630_15910	43.7	561	297	7	3	546	4	562	4.06e-150	442
WP_055969104.1	iHN637.CLJU_RS19480	43.6	560	290	8	7	546	4	557	6.83e-144	426
WP_055969107.1	iNF517.LLMG_RS05525	55.8	154	66	2	4	156	5	157	1.71e-60	184
WP_055969107.1	iJN1463.PP_1874	56.8	148	63	1	10	156	13	160	8.90e-57	174
WP_055969107.1	iCN718.ABAYE_RS11095	54.7	148	66	1	10	156	12	159	2.85e-55	171
WP_055969107.1	iYO844.BSU21900	52.7	150	70	1	10	158	11	160	6.43e-54	167
WP_055969110.1	iCN900.CD630_30840	32.4	355	216	7	1	333	1	353	4.24e-43	153
WP_055969110.1	iHN637.CLJU_RS13885	33.8	328	199	8	4	314	8	334	1.06e-42	152
WP_055969110.1	iHN637.CLJU_RS18905	31.7	325	202	9	1	308	1	322	2.96e-38	140
WP_055969110.1	iSF_1195.SF3161	31.5	333	206	7	1	314	28	357	5.35e-38	140
WP_055969110.1	iML1515.b3124	31.5	333	206	7	1	314	1	330	4.54e-38	139
WP_055969110.1	iSDY_1059.SDY_3318	31.2	333	207	7	1	314	28	357	1.44e-37	139
WP_055969110.1	STM_v1_0.STM3247	31.2	324	207	7	1	308	1	324	1.22e-37	138
WP_055969113.1	iYO844.BSU35720	39.4	386	227	4	766	1145	359	743	2.41e-85	293
WP_055969113.1	iYS854.USA300HOU_RS01320	41.5	381	202	9	777	1145	17	388	9.42e-86	283
WP_055969115.1	iYL1228.KPN_00507	38.2	131	66	4	55	172	57	185	1.11e-13	70.1
WP_055969124.1	STM_v1_0.STM2082	36.5	203	99	4	1	180	279	474	4.93e-28	109
WP_055969124.1	iML1515.b2047	34.8	181	108	3	1	171	273	453	1.43e-25	102
WP_055969127.1	iEK1008.Rv3032	27.4	241	165	5	132	368	158	392	8.57e-20	89.7
WP_055969129.1	iAF987.Gmet_1825	29.5	352	200	12	50	371	14	347	8.88e-20	90.9
WP_055969129.1	iAF692.Mbar_A2986	28.1	349	215	11	59	384	29	364	4.04e-18	85.9
WP_055969131.1	iYL1228.KPN_02492	55.6	331	146	1	7	336	4	334	2.13e-140	400
WP_055969131.1	iSbBS512_1146.SbBS512_E1204	56.2	331	144	1	7	336	4	334	3.50e-139	397
WP_055969131.1	iAF987.Gmet_2330	55.3	333	147	2	4	334	2	334	3.53e-137	392
WP_055969168.1	iML1515.b1025	39.6	169	92	3	173	334	275	440	5.56e-30	118
WP_055969168.1	iAF987.Gmet_2425	43.2	169	89	4	177	341	184	349	1.94e-30	118
WP_055969168.1	iJN1463.PP_0129	42.9	170	92	3	169	334	474	642	2.50e-29	118
WP_055969168.1	iPC815.YPO0425	40.2	169	93	4	174	337	214	379	6.35e-29	114
WP_055969168.1	iAF987.Gmet_0069	39.0	177	103	3	165	336	127	303	4.91e-29	113
WP_055969168.1	iJN1463.PP_1761	42.0	162	88	3	180	336	397	557	5.24e-27	111
WP_055969168.1	iAF987.Gmet_1914	38.9	157	91	2	183	334	296	452	1.17e-26	109
WP_055969168.1	iML1515.b1490	35.9	167	103	2	174	336	289	455	5.61e-26	107
WP_055969168.1	iML1515.b1341	39.9	178	92	4	166	337	242	410	4.80e-26	107
WP_055969171.1	iYO844.BSU35730	23.1	516	345	16	3	486	20	515	7.11e-33	132
WP_055969171.1	iYS854.USA300HOU_RS02960	26.9	376	244	12	99	458	96	456	4.73e-31	125
WP_055969174.1	iJN1463.PP_2448	23.4	414	255	11	7	387	6	390	2.98e-19	89.7
WP_055969174.1	iSDY_1059.SDY_1943	24.6	395	271	11	9	387	6	389	7.10e-19	88.6
WP_055969174.1	iSF_1195.SF1306	24.6	395	271	11	9	387	6	389	1.27e-18	87.8
WP_055969174.1	iJN1463.PP_5273	26.3	410	255	13	10	392	10	399	4.17e-18	86.3
WP_055969174.1	iJN1463.PP_3146	25.2	373	254	12	10	366	10	373	5.60e-18	85.9
WP_055969174.1	iML1515.b1301	24.3	395	272	11	9	387	6	389	7.26e-18	85.5
WP_055969174.1	iSSON_1240.SSON_1839	24.3	395	272	11	9	387	6	389	7.26e-18	85.5
WP_055969174.1	iYL1228.KPN_01017	24.6	402	260	12	10	387	7	389	1.73e-17	84.3
WP_055969174.1	iSbBS512_1146.SbBS512_E1537	24.1	395	273	11	9	387	6	389	1.75e-16	81.3
WP_055969177.1	iJN1463.PP_5135	24.7	267	177	9	66	320	54	308	5.87e-11	62.4
WP_055969186.1	iAF987.Gmet_1919	29.3	181	127	1	3	183	5	184	2.63e-17	79.0
WP_055969189.1	iAF987.Gmet_1659	22.9	214	143	5	16	218	18	220	3.07e-09	55.5
WP_055969261.1	iYO844.BSU35580	43.2	440	219	11	2	410	3	442	3.37e-93	287
WP_055969261.1	iCN900.CD630_27710	39.7	431	231	9	1	402	1	431	8.82e-92	283
WP_055969261.1	iAF987.Gmet_1430	39.6	449	230	12	1	408	1	449	1.80e-83	262
WP_055969273.1	iAF987.Gmet_0043	27.4	252	159	6	603	834	19	266	2.84e-17	85.9
WP_055969275.1	iAF987.Gmet_3011	35.1	288	174	4	2	280	3	286	1.86e-46	157
WP_055969284.1	iYO844.BSU36870	54.3	230	97	3	23	247	18	244	9.16e-81	242
WP_055969284.1	iYS854.USA300HOU_RS11390	45.6	252	122	5	1	247	1	242	1.83e-72	221
WP_055969288.1	iYO844.BSU35660	68.8	365	113	1	3	366	4	368	2.50e-180	505
WP_055969295.1	iJN1463.PP_4210	41.8	220	117	3	1	210	5	223	1.46e-43	154
WP_055969295.1	iYO844.BSU30420	38.0	221	124	2	1	208	1	221	9.27e-45	148
WP_055969295.1	iEK1008.Rv0073	41.9	191	105	3	17	202	23	212	3.52e-42	144
WP_055969295.1	iCN900.CD630_19470	37.5	200	120	1	16	210	28	227	1.52e-42	142
WP_055969298.1	iEK1008.Rv0072	24.1	348	232	12	12	339	13	348	4.00e-08	53.9
WP_055969302.1	iAF987.Gmet_0043	26.3	251	161	7	214	446	21	265	1.63e-10	62.8
WP_055969305.1	iAF987.Gmet_2999	32.0	122	78	2	3	119	10	131	1.51e-09	56.6
WP_055969305.1	iAF987.Gmet_1706	33.3	120	73	3	1	116	1	117	8.39e-09	54.3
WP_055969315.1	iYO844.BSU07800	53.1	458	210	3	9	462	8	464	4.10e-164	471
WP_055969318.1	iYO844.BSU07810	59.6	547	208	5	7	541	9	554	3.98e-253	704
WP_055969318.1	iYL1228.KPN_04651	56.4	539	230	1	7	540	8	546	8.84e-233	652
WP_055969318.1	iSF_1195.SF4251	55.3	544	238	1	7	545	8	551	3.58e-232	650
WP_055969318.1	iML1515.b4239	55.3	544	238	1	7	545	8	551	5.07e-232	650
WP_055969318.1	iSbBS512_1146.SbBS512_E4844	55.1	544	239	1	7	545	8	551	2.91e-231	648
WP_055969318.1	iSSON_1240.SSON_4420	55.1	544	239	1	7	545	8	551	2.91e-231	648
WP_055969318.1	iSDY_1059.SDY_4258	55.1	544	239	1	7	545	8	551	8.31e-231	647
WP_055969318.1	STM_v1_0.STM4453	55.1	539	237	1	7	540	7	545	6.53e-230	644
WP_055969320.1	iCN900.CD630_22760	50.3	447	212	5	7	446	5	448	3.58e-144	419
WP_055969320.1	iAF692.Mbar_A2656	48.6	420	205	5	39	448	2	420	2.86e-128	377
WP_055969322.1	iSDY_1059.SDY_0320	41.6	361	176	9	5	333	7	364	2.52e-77	241
WP_055969322.1	iAF987.Gmet_1624	44.3	323	161	3	5	311	9	328	5.49e-77	240
WP_055969322.1	iSbBS512_1146.SbBS512_E0335	41.3	361	177	9	5	333	7	364	7.10e-77	240
WP_055969322.1	iYO844.BSU23280	41.3	351	184	6	5	334	6	355	1.68e-76	239
WP_055969322.1	iSSON_1240.SSON_0391	41.3	361	177	9	5	333	7	364	2.00e-76	239
WP_055969322.1	iML1515.b0414	40.5	358	184	7	5	333	7	364	2.82e-76	238
WP_055969322.1	iSF_1195.SF0351	41.0	361	178	9	5	333	7	364	5.63e-76	238
WP_055969322.1	iYL1228.KPN_00366	42.3	359	178	8	5	334	7	365	2.24e-75	236
WP_055969322.1	STM_v1_0.STM0416	39.7	363	184	8	5	336	7	365	8.77e-72	227
WP_055969322.1	iYS854.USA300HOU_RS09400	37.6	346	201	6	5	338	1	343	6.94e-71	224
WP_055969322.1	iCN718.ABAYE_RS17645	39.8	352	193	7	5	340	11	359	1.64e-70	223
WP_055969322.1	iHN637.CLJU_RS10840	41.5	318	170	4	5	306	11	328	6.27e-70	222
WP_055969322.1	iPC815.YPO3183	39.3	359	185	7	5	333	8	363	5.77e-70	222
WP_055969326.1	iML1515.b1337	34.6	306	173	7	13	297	8	307	9.37e-39	144
WP_055969329.1	iSbBS512_1146.SbBS512_E0193	52.7	338	157	1	1	335	1	338	5.01e-116	339
WP_055969329.1	iSDY_1059.SDY_0218	52.7	338	157	1	1	335	1	338	5.01e-116	339
WP_055969329.1	iSSON_1240.SSON_0213	52.7	338	157	1	1	335	1	338	5.01e-116	339
WP_055969329.1	iML1515.b0199	52.4	338	158	1	1	335	1	338	7.10e-116	338
WP_055969329.1	iSF_1195.SF0190	52.4	338	158	1	1	335	1	338	4.06e-115	337
WP_055969329.1	iYL1228.KPN_00213	52.4	338	158	1	1	335	1	338	1.16e-114	335
WP_055969329.1	STM_v1_0.STM0247	52.4	338	158	1	1	335	1	338	6.60e-114	333
WP_055969329.1	iYO844.BSU32750	49.7	336	168	1	1	335	1	336	1.88e-110	325
WP_055969329.1	iPC815.YPO1073	50.6	338	164	1	1	335	1	338	2.84e-110	324
WP_055969329.1	iYS854.USA300HOU_RS02325	50.0	340	167	2	1	337	1	340	1.14e-106	315
WP_055969329.1	iJN1463.PP_0114	52.8	320	148	2	1	319	1	318	1.07e-105	312
WP_055969335.1	iNF517.LLMG_RS09290	25.9	189	133	2	4	187	1	187	5.82e-16	73.2
WP_055969338.1	iYS854.USA300HOU_RS11360	24.7	259	179	9	166	412	125	379	6.54e-07	51.2
WP_055969338.1	iYO844.BSU36810	24.3	218	154	6	167	376	131	345	4.65e-06	48.5
WP_055969341.1	iNF517.LLMG_RS01005	45.2	473	247	6	4	468	10	478	7.66e-143	417
WP_055969344.1	iCN900.CD630_36480	50.5	101	50	0	1	101	1	101	7.69e-31	104
WP_055969344.1	iCN900.CD630_28840	49.5	99	50	0	1	99	1	99	1.03e-28	99.4
WP_055969344.1	iYO844.BSU38590	49.0	100	51	0	2	101	1	100	9.47e-27	94.4
WP_055969349.1	iJN1463.PP_5185	30.4	102	69	2	29	129	305	405	1.11e-05	43.5
WP_055969357.1	iAF987.Gmet_2352	30.2	189	116	5	4	191	5	178	4.30e-11	62.8
WP_055969357.1	STM_v1_0.STM4433	23.6	259	175	8	1	244	1	251	2.24e-09	57.8
WP_055969361.1	iMM1415.15485	34.4	285	161	9	4	271	6	281	5.32e-31	117
WP_055969361.1	iCHOv1.100750866	34.7	285	160	9	4	271	6	281	1.16e-30	116
WP_055969361.1	iMM1415.235033	33.7	291	162	8	2	272	6	285	9.04e-30	114
WP_055969361.1	iCHOv1.100773401	33.3	288	167	9	2	272	6	285	1.17e-28	110
WP_055969363.1	iAF987.Gmet_0700	38.5	182	107	2	331	507	370	551	1.32e-27	117
WP_055969363.1	iAF987.Gmet_0782	35.6	180	112	1	337	512	284	463	3.78e-25	109
WP_055969363.1	iML1515.b1285	29.3	276	184	6	244	511	122	394	1.40e-24	107
WP_055969363.1	iJN1463.PP_3581	36.4	187	107	5	342	520	250	432	1.49e-24	107
WP_055969370.1	iYO844.BSU30760	50.6	233	115	0	1	233	1	233	3.89e-83	248
WP_055969375.1	iJN1463.PP_0072	32.1	246	147	8	42	281	37	268	5.94e-17	80.1
WP_055969378.1	iAF987.Gmet_0043	26.8	250	164	6	573	805	19	266	3.00e-15	79.3
WP_055969381.1	iYS854.USA300HOU_RS03880	32.8	506	312	12	60	545	77	574	1.25e-75	253
WP_055969387.1	iAT_PLT_636.4905	30.6	160	96	5	115	259	247	406	1.19e-13	72.0
WP_055969387.1	iMM1415.18195	30.6	160	96	5	115	259	247	406	1.19e-13	72.0
WP_055969397.1	iYO844.BSU33290	63.1	263	97	0	1	263	1	263	5.52e-121	345
WP_055969397.1	iYS854.USA300HOU_RS03500	59.8	261	105	0	1	261	1	261	9.18e-119	340
WP_055969397.1	iCN900.CD630_28750	59.6	255	103	0	6	260	6	260	1.40e-114	329
WP_055969400.1	iYS854.USA300HOU_RS12365	37.9	306	181	5	1	303	1	300	1.31e-63	202
WP_055969400.1	iYO844.BSU33320	40.3	300	167	9	10	299	15	312	1.89e-60	194
WP_055969400.1	iYS854.USA300HOU_RS10890	35.7	305	186	6	3	302	2	301	8.18e-56	182
WP_055969403.1	iYS854.USA300HOU_RS03505	46.4	321	167	3	12	331	17	333	3.01e-92	278
WP_055969403.1	iYO844.BSU33310	43.2	322	182	1	10	330	61	382	8.24e-88	268
WP_055969414.1	iAM_Pv461.PVX_092460	48.2	56	24	1	546	601	1057	1107	8.61e-06	50.1
WP_055969414.1	iAM_Pf480.PF3D7_1136900	48.2	56	24	1	546	601	923	973	1.12e-05	49.7
WP_055969414.1	iAM_Pc455.PCYB_094280	46.4	56	25	1	546	601	902	952	3.25e-05	48.1
WP_055969414.1	iAM_Pb448.PBANKA_110710	51.3	39	19	0	564	602	495	533	7.91e-05	46.6
WP_055969417.1	iML1515.b0684	38.6	114	66	3	5	116	6	117	3.45e-14	65.9
WP_055969417.1	iYL1228.KPN_00707	38.8	116	67	3	3	116	4	117	3.45e-14	65.9
WP_055969417.1	iSbBS512_1146.SbBS512_E0566	38.6	114	66	3	5	116	45	156	6.46e-14	65.9
WP_055969417.1	iSDY_1059.SDY_0624	38.6	114	66	3	5	116	6	117	3.45e-14	65.9
WP_055969417.1	iSSON_1240.SSON_0638	38.6	114	66	3	5	116	6	117	3.45e-14	65.9
WP_055969417.1	STM_v1_0.STM0694	38.6	114	66	3	5	116	6	117	4.83e-14	65.5
WP_055969417.1	iSF_1195.SF0609	37.9	116	68	3	5	118	6	119	4.83e-14	65.5
WP_055969417.1	iPC815.YPO2635	37.1	116	69	3	3	116	4	117	9.28e-14	64.7
WP_055969434.1	iJN1463.PP_4639	28.9	353	206	11	3	345	2	319	5.81e-32	122
WP_055969434.1	iML1515.b4352	29.6	355	196	14	1	343	1	313	2.67e-30	117
WP_055969441.1	iYS854.USA300HOU_RS01010	56.3	293	128	0	2	294	1	293	3.16e-106	310
WP_055969441.1	iSbBS512_1146.SbBS512_E2800	52.9	293	138	0	2	294	3	295	1.12e-96	286
WP_055969441.1	iSF_1195.SF2481	52.9	293	138	0	2	294	3	295	1.58e-96	286
WP_055969441.1	iSDY_1059.SDY_2624	52.6	293	139	0	2	294	3	295	2.24e-96	285
WP_055969441.1	iML1515.b2428	52.7	292	138	0	3	294	4	295	6.38e-96	284
WP_055969441.1	iSSON_1240.SSON_2517	52.2	293	140	0	2	294	3	295	6.38e-96	284
WP_055969444.1	iYS854.USA300HOU_RS03970	34.8	310	196	1	23	326	9	318	9.48e-68	214
WP_055969444.1	iYO844.BSU03800	37.9	306	182	2	27	325	9	313	2.18e-67	213
WP_055969444.1	iJN1463.PP_2594	39.4	312	181	3	22	326	3	313	9.90e-65	206
WP_055969447.1	iJN1463.PP_3344	48.4	250	128	1	17	265	24	273	1.62e-76	233
WP_055969447.1	iYL1228.KPN_03852	43.7	254	143	0	12	265	13	266	3.54e-69	214
WP_055969447.1	iAF692.Mbar_A0470	45.0	240	132	0	23	262	45	284	8.42e-68	211
WP_055969534.1	iMM1415.23923	28.2	142	97	4	239	376	194	334	2.42e-05	46.2
WP_055969536.1	iYO844.BSU00120	50.0	188	92	2	1	186	2	189	3.54e-60	186
WP_055969536.1	iYS854.USA300HOU_RS02735	51.1	184	88	1	1	184	1	182	8.49e-59	182
WP_055969539.1	iJN1463.PP_4803	34.2	339	195	7	23	353	31	349	4.28e-43	154
WP_055969544.1	iHN637.CLJU_RS10465	44.6	65	33	2	639	702	483	545	1.05e-08	58.2
WP_055969547.1	iYO844.BSU04620	55.1	118	51	1	1	116	1	118	2.13e-40	130
WP_055969547.1	iYS854.USA300HOU_RS11185	51.7	118	53	3	1	116	1	116	6.65e-39	126
WP_055969553.1	iYO844.BSU31750	45.0	473	258	2	5	477	10	480	9.44e-135	397
WP_055969553.1	iYS854.USA300HOU_RS10390	45.9	468	245	5	5	469	8	470	7.05e-126	375
WP_055969553.1	iCN900.CD630_35430	42.7	473	264	3	4	473	2	470	2.40e-123	368
WP_055969553.1	iNF517.LLMG_RS07425	42.8	474	267	4	5	477	9	479	1.05e-122	367
WP_055969556.1	iYO844.BSU02850	33.0	324	188	4	17	336	17	315	5.26e-46	158
WP_055969556.1	iYS854.USA300HOU_RS13005	36.5	340	187	8	1	336	7	321	2.58e-41	150
WP_055969558.1	iYS854.USA300HOU_RS12590	51.3	429	206	2	8	433	8	436	3.55e-138	402
WP_055969563.1	iYO844.BSU02420	55.8	473	197	6	1	471	1	463	8.20e-164	471
WP_055969563.1	iCN900.CD630_16960	55.5	476	196	8	12	481	18	483	3.37e-159	459
WP_055969563.1	iYO844.BSU18120	52.2	477	215	7	1	477	1	464	4.15e-153	443
WP_055969563.1	iYS854.USA300HOU_RS06905	54.9	470	196	9	13	475	20	480	7.72e-151	438
WP_055969565.1	iNF517.LLMG_RS08890	52.4	546	255	3	2	547	4	544	9.95e-190	552
WP_055969577.1	iML1515.b3003	64.8	293	103	0	1	293	1	293	1.22e-138	392
WP_055969583.1	iEK1008.Rv0202c	31.4	558	331	8	154	687	174	703	2.06e-62	224
WP_055969583.1	iEK1008.Rv0206c	29.7	731	430	15	27	692	28	739	1.51e-61	221
WP_055969587.1	iCN900.CD630_26790	66.1	257	87	0	5	261	2	258	2.21e-117	336
WP_055969587.1	iCN718.ABAYE_RS09790	67.0	261	86	0	1	261	1	261	2.84e-116	333
WP_055969599.1	iMM904.YMR013C	30.4	125	75	6	85	204	390	507	6.98e-05	42.7
WP_055969601.1	iAF987.Gmet_0043	29.6	250	159	6	471	704	19	267	1.78e-19	92.4
WP_055969603.1	iAF987.Gmet_2727	34.5	110	67	2	128	237	291	395	9.21e-12	63.9
WP_055969605.1	iML1515.b2175	34.3	105	64	3	114	214	78	181	1.17e-06	47.0
WP_055969611.1	iYL1228.KPN_00516	38.5	312	181	5	2	310	4	307	3.61e-54	178
WP_055969611.1	iCN900.CD630_18060	33.9	316	196	6	2	306	3	316	1.70e-52	174
WP_055969611.1	iYO844.BSU06170	36.8	315	186	7	2	306	5	316	8.04e-49	165
WP_055969624.1	iAF987.Gmet_0018	44.4	207	105	2	278	484	268	464	1.63e-47	171
WP_055969624.1	iAF987.Gmet_0849	46.9	192	98	2	298	489	489	676	1.22e-45	169
WP_055969624.1	iAF987.Gmet_2559	41.2	204	109	3	300	495	340	540	1.56e-42	158
WP_055969626.1	iML1515.b3253	41.1	326	182	4	7	327	3	323	3.37e-76	236
WP_055969626.1	iYS854.USA300HOU_RS12825	39.0	326	196	3	4	326	18	343	2.19e-74	232
WP_055969638.1	iCN900.CD630_31000	38.6	458	278	2	11	465	10	467	6.62e-108	327
WP_055969656.1	STM_v1_0.STM1288	56.6	281	122	0	16	296	5	285	2.16e-111	323
WP_055969656.1	iYL1228.KPN_01195	55.3	282	126	0	15	296	13	294	1.11e-108	317
WP_055969656.1	iML1515.b1781	52.8	284	134	0	13	296	1	284	4.93e-105	307
WP_055969656.1	iSSON_1240.SSON_1381	51.8	284	137	0	13	296	1	284	7.54e-102	299
WP_055969656.1	iSDY_1059.SDY_1486	51.8	284	136	1	13	296	1	283	1.94e-99	293
WP_055969659.1	iYO844.BSU39780	64.5	310	107	2	3	310	2	310	2.79e-138	393
WP_055969668.1	iJN1463.PP_0072	26.2	301	208	4	8	302	9	301	8.79e-21	90.9
WP_055969668.1	iEK1008.Rv2933	24.7	328	228	7	6	326	1463	1778	2.60e-18	85.9
WP_055969684.1	iAF987.Gmet_0988	43.2	81	42	2	15	92	35	114	2.08e-07	46.6
WP_055969693.1	iSynCJ816.SGL_RS08770	32.0	206	128	7	8	211	2	197	1.21e-22	90.5
WP_055969703.1	iYO844.BSU02750	37.4	211	125	3	15	218	19	229	2.43e-34	124
WP_055969711.1	iCHOv1.100754792	35.9	680	366	15	2	619	365	1036	1.04e-115	370
WP_055969717.1	iYS854.USA300HOU_RS10880	30.7	384	202	9	21	363	24	384	5.44e-45	159
WP_055969723.1	iYS854.USA300HOU_RS03755	25.4	181	130	3	30	207	5	183	8.60e-08	53.5
WP_055969726.1	iYO844.BSU29700	28.0	143	82	2	7	148	7	129	1.21e-10	57.0
WP_055969729.1	iAF987.Gmet_2643	28.4	282	193	5	1	278	1	277	1.83e-25	102
WP_055969732.1	iYO844.BSU40060	71.0	510	147	1	1	509	1	510	1.17e-274	755
WP_055969735.1	iYO844.BSU40070	83.3	448	75	0	1	448	1	448	1.39e-254	699
WP_055969738.1	iJN1463.PP_2440	59.0	510	201	4	7	508	6	515	7.19e-205	578
WP_055969738.1	iML1515.b0606	55.9	513	216	5	6	508	5	517	8.74e-194	550
WP_055969738.1	STM_v1_0.STM0609	54.8	513	222	5	6	508	5	517	1.53e-189	539
WP_055969745.1	iYO844.BSU35690	29.5	244	143	8	27	255	3	232	1.86e-16	81.3
WP_055969751.1	iSDY_1059.SDY_4656	29.5	183	109	6	1	164	1	182	3.55e-14	67.4
WP_055969751.1	iSF_1195.SF4427	29.5	183	109	6	1	164	1	182	1.32e-13	65.9
WP_055969751.1	iSSON_1240.SSON_4545	29.5	183	109	6	1	164	1	182	1.32e-13	65.9
WP_055969751.1	iSbBS512_1146.SbBS512_E4944	29.2	161	97	4	1	144	1	161	9.42e-13	63.5
WP_055969751.1	STM_v1_0.STM4585	27.4	208	120	7	1	178	1	207	2.51e-12	62.4
WP_055969760.1	iYS854.USA300HOU_RS13340	56.1	492	211	4	25	516	27	513	4.22e-197	560
WP_055969765.1	iLJ478.TM0025	35.9	396	224	11	6	383	320	703	7.18e-60	217
WP_055969780.1	iEK1008.Rv0125	27.1	310	203	10	122	426	63	354	2.83e-20	91.3
WP_055969786.1	iAF987.Gmet_0043	27.3	238	148	5	384	606	39	266	1.96e-12	69.7
WP_055969797.1	iAF987.Gmet_1991	51.7	60	29	0	208	267	667	726	2.95e-10	61.2
WP_055969797.1	iAF987.Gmet_0849	43.5	69	38	1	193	261	577	644	3.75e-09	57.8
WP_055969797.1	iAF987.Gmet_2559	48.3	58	30	0	215	272	455	512	4.46e-09	57.4
WP_055969800.1	iEK1008.Rv2485c	26.7	262	166	11	37	282	127	378	9.11e-14	71.2
WP_055969800.1	iEK1008.Rv1426c	26.0	235	143	7	69	286	173	393	1.64e-13	70.5
WP_055969800.1	iEK1008.Rv2284	25.1	275	168	10	51	302	155	414	3.03e-13	69.7
WP_055969816.1	iYO844.BSU40320	43.1	290	162	2	3	292	5	291	7.23e-73	226
WP_055969816.1	iYS854.USA300HOU_RS11670	38.6	290	173	3	3	289	7	294	2.26e-64	204
WP_055969825.1	iCN718.ABAYE_RS11380	26.7	180	98	8	4	154	9	183	1.90e-06	46.6
WP_055969832.1	iCHOv1.100753207	51.2	43	21	0	4	46	53	95	1.94e-05	45.8
WP_055969832.1	iEK1008.Rv3858c	29.9	77	44	1	1	77	142	208	1.37e-04	43.1
WP_055969832.1	iAM_Pc455.PCYB_132360	53.8	39	18	0	2	40	2497	2535	1.84e-04	43.1
WP_055969832.1	iAM_Pf480.PF3D7_1435300	51.3	39	19	0	2	40	2661	2699	2.44e-04	42.7
WP_055969832.1	iAM_Pv461.PVX_084770	51.3	39	19	0	2	40	2574	2612	4.26e-04	42.0
WP_055969832.1	iAF987.Gmet_3426	52.5	40	19	0	4	43	141	180	4.68e-04	41.6
WP_055969832.1	iYS854.USA300HOU_RS13900	43.1	51	29	0	5	55	2	52	4.28e-04	41.6
WP_055969837.1	iAF987.Gmet_1092	41.1	285	160	3	5	281	14	298	5.35e-74	228
WP_055969843.1	iYL1228.KPN_04830	33.2	217	140	3	6	221	6	218	1.53e-34	122
WP_055969843.1	iSDY_1059.SDY_4633	32.7	217	141	3	6	221	6	218	3.03e-34	122
WP_055969843.1	iML1515.b4374	32.7	217	141	3	6	221	6	218	6.01e-34	121
WP_055969843.1	iSSON_1240.SSON_4524	32.3	217	142	3	6	221	6	218	2.36e-33	119
WP_055969843.1	iSbBS512_1146.SbBS512_E4917	32.3	217	142	3	6	221	6	218	9.25e-33	118
WP_055969843.1	iSF_1195.SF4405	31.8	217	143	3	6	221	6	218	1.83e-32	117
WP_055969843.1	iPC815.YPO2295	31.6	228	147	4	1	225	1	222	1.79e-32	117
WP_055969848.1	iJN1463.PP_4846	24.8	157	113	2	3	154	5	161	1.65e-10	56.2
WP_055969848.1	iML1515.b1448	23.3	159	117	2	1	154	1	159	2.33e-10	55.8
WP_055969851.1	iPC815.YPO3064	28.7	101	71	1	43	143	5	104	1.43e-09	54.7
WP_055969854.1	iEK1008.Rv3032	29.0	221	150	6	139	354	162	380	4.29e-13	69.7
WP_055969860.1	iNF517.LLMG_RS09325	32.6	555	361	8	22	572	23	568	7.43e-88	283
WP_055969860.1	iAF987.Gmet_2634	33.2	530	343	5	22	547	31	553	1.66e-86	279
WP_055969860.1	STM_v1_0.STM0957	31.0	552	370	5	23	566	32	580	6.15e-82	267
WP_055969860.1	iML1515.b0887	31.2	545	358	7	23	556	32	570	6.82e-80	262
WP_055969860.1	iSDY_1059.SDY_2374	31.0	545	359	7	23	556	32	570	2.62e-79	260
WP_055969860.1	iSF_1195.SF0846	30.8	545	360	7	23	556	32	570	7.16e-79	259
WP_055969860.1	iSbBS512_1146.SbBS512_E2442	30.6	545	361	7	23	556	32	570	1.05e-77	256
WP_055969860.1	iSSON_1240.SSON_0888	30.6	545	361	7	23	556	32	570	1.47e-77	256
WP_055969862.1	iSbBS512_1146.SbBS512_E2443	31.8	579	367	10	1	559	1	571	2.02e-73	244
WP_055969862.1	iSF_1195.SF0845	32.1	579	365	11	1	559	1	571	2.02e-73	244
WP_055969862.1	iSSON_1240.SSON_0887	32.1	579	365	11	1	559	1	571	2.02e-73	244
WP_055969862.1	iML1515.b0886	32.0	579	366	11	1	559	1	571	5.51e-73	243
WP_055969862.1	iSDY_1059.SDY_2375	31.8	579	367	11	1	559	1	571	2.93e-72	241
WP_055969862.1	iYL1228.KPN_00918	31.5	574	375	8	1	559	1	571	7.97e-72	240
WP_055969862.1	STM_v1_0.STM0956	32.1	577	368	9	1	559	1	571	3.30e-68	230
WP_055969867.1	iCHOv1.100768126	28.6	336	166	11	18	279	38	373	1.75e-26	106
WP_055969867.1	iMM1415.56720	28.2	337	166	12	18	279	37	372	2.10e-24	100
WP_055969869.1	iCN718.ABAYE_RS08335	49.7	443	217	6	7	445	14	454	4.57e-137	401
WP_055969872.1	iMM904.YLR231C	39.2	413	214	10	34	409	38	450	8.82e-86	268
WP_055969885.1	iYO844.BSU26590	39.3	389	231	2	4	388	7	394	2.01e-96	293
WP_055969888.1	iYS854.USA300HOU_RS03755	22.8	171	131	1	73	243	3	172	2.39e-06	49.7
WP_055969897.1	iML1515.b2156	68.0	488	155	1	6	492	2	489	3.78e-248	686
WP_055969897.1	iSbBS512_1146.SbBS512_E0810	68.0	488	155	1	6	492	2	489	3.78e-248	686
WP_055969897.1	iSDY_1059.SDY_2110	68.0	488	155	1	6	492	2	489	3.78e-248	686
WP_055969897.1	iSF_1195.SF2241	68.1	486	154	1	8	492	4	489	2.18e-247	684
WP_055969897.1	iSSON_1240.SSON_2212	68.1	486	154	1	8	492	4	489	2.18e-247	684
WP_055969897.1	STM_v1_0.STM2200	68.8	481	149	1	9	488	5	485	8.84e-247	682
WP_055969897.1	iYL1228.KPN_02594	67.4	484	157	1	6	488	2	485	1.69e-244	677
WP_055969900.1	iCN900.CD630_21660	60.4	313	123	1	4	315	7	319	9.84e-140	397
WP_055969905.1	iHN637.CLJU_RS02325	43.8	473	260	4	1	473	1	467	7.93e-140	409
WP_055969905.1	iHN637.CLJU_RS10530	46.2	461	242	4	1	461	1	455	1.59e-139	409
WP_055969905.1	iHN637.CLJU_RS02330	44.2	462	252	4	1	462	1	456	3.25e-134	395
WP_055969908.1	iHN637.CLJU_RS20765	27.5	178	128	1	2	178	7	184	1.38e-16	75.5
WP_055969908.1	iCN718.ABAYE_RS09790	28.8	198	119	4	2	184	8	198	3.16e-16	74.7
WP_055969908.1	iCN900.CD630_26790	27.7	213	146	3	2	213	5	210	1.06e-14	70.5
WP_055969914.1	iYS854.USA300HOU_RS03070	57.5	247	104	1	13	258	3	249	4.36e-105	304
WP_055969917.1	iYO844.BSU37660	67.0	321	105	1	3	323	4	323	6.64e-147	416
WP_055969917.1	iNF517.LLMG_RS03945	65.0	326	110	2	1	323	1	325	1.15e-143	408
WP_055969920.1	iYO844.BSU22060	55.6	417	185	0	7	423	7	423	9.09e-156	447
WP_055969920.1	iYO844.BSU32440	52.8	417	196	1	11	427	13	428	2.53e-138	402
WP_055969929.1	iYS854.USA300HOU_RS14570	43.7	567	313	5	4	565	5	570	6.89e-153	450
WP_055969932.1	iYS854.USA300HOU_RS14565	45.7	269	145	1	6	273	7	275	1.48e-76	233
WP_055969945.1	iCHOv1.100768929	23.9	205	134	6	4	201	6	195	1.77e-13	66.2
WP_055969945.1	iMM1415.233016	24.2	194	125	6	4	190	6	184	1.77e-13	66.2
WP_055969945.1	iAT_PLT_636.645	23.2	194	127	6	4	190	6	184	1.71e-12	63.5
WP_055969952.1	iCN718.ABAYE_RS01710	33.0	100	60	4	1	96	1	97	5.52e-05	42.0
WP_055969955.1	iYO844.BSU03070	24.8	403	295	4	19	417	18	416	3.89e-29	120
WP_055969963.1	iCN718.ABAYE_RS03975	24.5	388	261	12	22	398	6	372	5.22e-19	89.7
WP_055969982.1	iAF987.Gmet_1170	32.9	79	52	1	11	89	10	87	3.90e-09	51.2
WP_055969982.1	iYL1228.KPN_00103	36.9	84	51	2	10	92	9	91	1.84e-08	49.3
WP_055969982.1	iPC815.YPO0565	41.0	78	44	2	10	86	9	85	4.85e-08	48.1
WP_055969982.1	iSbBS512_1146.SbBS512_E0093	37.5	80	46	3	10	87	9	86	2.62e-07	46.2
WP_055969986.1	iSynCJ816.SGL_RS08655	23.3	176	128	4	22	190	28	203	1.71e-04	41.2
WP_055969988.1	iEK1008.Rv2435c	29.5	346	205	8	95	403	193	536	4.16e-29	123
WP_055969998.1	iNF517.LLMG_RS01005	34.8	468	269	10	3	438	9	472	1.03e-80	257
WP_055969998.1	iYS854.USA300HOU_RS11865	34.6	471	257	14	6	438	8	465	8.35e-77	246
WP_055970001.1	iLJ478.TM0024	35.3	456	267	14	13	461	191	625	1.59e-73	251
WP_055970008.1	iAF987.Gmet_2349	34.3	583	366	4	34	613	3	571	2.76e-99	313
WP_055970008.1	iYL1228.KPN_00941	31.7	599	385	7	23	614	1	582	6.60e-91	292
WP_055970008.1	iML1515.b0914	32.7	584	377	6	34	614	12	582	1.94e-89	288
WP_055970008.1	iSbBS512_1146.SbBS512_E2410	32.7	584	377	6	34	614	12	582	1.94e-89	288
WP_055970008.1	iSDY_1059.SDY_2344	32.7	584	377	6	34	614	12	582	1.94e-89	288
WP_055970008.1	iPC815.YPO1395	32.1	599	383	7	23	614	1	582	2.72e-89	288
WP_055970008.1	iSF_1195.SF0910	32.7	584	377	6	34	614	12	582	5.35e-89	287
WP_055970008.1	iSSON_1240.SSON_0916	32.7	584	377	6	34	614	12	582	5.35e-89	287
WP_055970008.1	STM_v1_0.STM0984	32.1	588	375	7	34	614	12	582	1.05e-88	286
WP_055970031.1	iAF692.Mbar_A0291	27.8	324	203	8	50	372	43	336	1.39e-30	119
WP_055970034.1	iLJ478.TM0282	38.0	329	176	11	22	330	36	356	2.19e-65	209
WP_055970037.1	iYO844.BSU28510	67.2	491	158	1	18	508	5	492	5.46e-265	729
WP_055970040.1	iYO844.BSU28800	60.9	494	192	1	1	494	1	493	8.69e-228	635
WP_055970040.1	iLJ478.TM0276	56.2	495	211	2	1	493	1	491	1.29e-205	578
WP_055970043.1	iYO844.BSU28790	64.2	548	195	1	4	551	3	549	1.38e-262	728
WP_055970051.1	iEK1008.Rv2041c	27.5	422	269	17	15	419	17	418	1.96e-28	116
WP_055970054.1	iYO844.BSU35960	24.7	288	175	13	67	336	17	280	7.23e-07	50.1
WP_055970063.1	iAM_Pc455.PCYB_094280	27.3	311	157	10	114	417	706	954	4.06e-11	65.1
WP_055970063.1	iAM_Pv461.PVX_092460	27.0	311	158	10	114	417	861	1109	9.66e-11	63.9
WP_055970066.1	iJN1463.PP_4935	31.4	497	324	7	215	702	101	589	1.50e-60	214
WP_055970066.1	iPC815.YPO1395	29.0	520	362	4	187	701	58	575	9.62e-55	197
WP_055970066.1	iSF_1195.SF0910	28.8	514	351	7	198	702	69	576	1.67e-53	194
WP_055970066.1	iSSON_1240.SSON_0916	28.8	514	351	7	198	702	69	576	1.67e-53	194
WP_055970066.1	iML1515.b0914	28.8	514	351	7	198	702	69	576	2.29e-53	193
WP_055970066.1	iSbBS512_1146.SbBS512_E2410	28.8	514	351	7	198	702	69	576	2.29e-53	193
WP_055970066.1	iSDY_1059.SDY_2344	28.8	514	351	7	198	702	69	576	2.29e-53	193
WP_055970072.1	iAF987.Gmet_1815	28.3	145	91	3	10	154	12	143	1.28e-12	64.7
WP_055970095.1	iAF987.Gmet_0988	35.1	114	66	3	31	144	36	141	9.70e-15	66.6
WP_055970100.1	iSynCJ816.SGL_RS18145	41.9	86	50	0	34	119	70	155	1.94e-15	67.8
WP_055970100.1	iEK1008.Rv3116	43.0	93	50	2	29	118	286	378	2.00e-13	64.7
WP_055970100.1	iEK1008.Rv3206c	35.5	93	57	2	29	118	289	381	2.45e-12	61.6
WP_055970103.1	iSynCJ816.SGL_RS18145	39.3	84	42	1	85	168	67	141	7.58e-11	57.8
WP_055970103.1	iEK1008.Rv3116	37.6	85	46	3	101	180	296	378	5.50e-09	54.3
WP_055970103.1	iSDY_1059.SDY_1936	41.3	75	42	1	109	181	24	98	8.75e-10	53.5
WP_055970103.1	iSF_1195.SF1313	41.3	75	42	1	109	181	35	109	1.11e-09	53.5
WP_055970103.1	iML1515.b1308	41.3	75	42	1	109	181	24	98	1.22e-09	53.1
WP_055970103.1	iSbBS512_1146.SbBS512_E1544	41.3	75	42	1	109	181	24	98	1.22e-09	53.1
WP_055970103.1	iSSON_1240.SSON_1832	41.3	75	42	1	109	181	24	98	1.22e-09	53.1
WP_055970103.1	STM_v1_0.STM1686	43.8	64	32	2	109	169	24	86	2.36e-09	52.4
WP_055970106.1	iSynCJ816.SGL_RS08475	32.3	155	95	5	145	297	26	172	2.58e-15	74.3
WP_055970106.1	iCN718.ABAYE_RS09945	32.6	175	107	6	126	297	5	171	1.18e-14	72.4
WP_055970109.1	iAM_Pc455.PCYB_103410	28.1	288	160	5	414	656	311	596	1.67e-20	96.7
WP_055970109.1	iAM_Pb448.PBANKA_110710	25.3	411	240	12	301	661	163	556	4.48e-20	95.1
WP_055970109.1	iAM_Pv461.PVX_097935	27.6	333	162	8	414	701	296	594	8.33e-20	94.4
WP_055970112.1	iAF987.Gmet_0043	25.7	249	169	5	606	839	19	266	2.03e-16	83.2
WP_055970116.1	iAF987.Gmet_0957	36.9	206	125	2	305	509	161	362	7.98e-33	132
WP_055970116.1	iAF987.Gmet_1706	36.9	187	118	0	326	512	132	318	1.07e-33	129
WP_055970116.1	iJN1463.PP_3581	36.3	190	120	1	322	511	241	429	2.01e-31	128
WP_055970116.1	iAF987.Gmet_0782	38.4	172	106	0	338	509	296	467	9.72e-31	126
WP_055970116.1	iML1515.b1285	38.5	174	104	2	336	509	229	399	1.06e-30	125
WP_055970116.1	iAF987.Gmet_0987	37.9	174	108	0	336	509	353	526	2.58e-30	125
WP_055970116.1	iAF987.Gmet_0700	38.8	165	101	0	338	502	389	553	1.15e-29	123
WP_055970116.1	iAF987.Gmet_2629	36.5	167	106	0	336	502	378	544	2.10e-28	119
WP_055970118.1	iEK1008.Rv3823c	21.4	933	591	18	77	880	115	1034	3.84e-39	157
WP_055970127.1	iYO844.BSU30280	28.0	293	208	2	28	320	11	300	1.62e-41	145
WP_055970127.1	iEK1008.Rv2040c	31.3	284	189	4	34	314	7	287	6.58e-39	139
WP_055970127.1	iEK1008.Rv2835c	33.0	276	182	2	43	317	26	299	1.38e-38	138
WP_055970127.1	iCN900.CD630_34160	29.9	278	193	1	40	317	9	284	7.53e-38	135
WP_055970127.1	iCN900.CD630_25490	31.3	294	196	4	29	320	13	302	1.53e-37	135
WP_055970129.1	iLJ478.TM1195	36.8	642	368	13	3	630	2	619	5.76e-130	397
WP_055970131.1	iYL1228.KPN_04203	35.3	501	303	7	170	660	159	648	1.42e-93	305
WP_055970131.1	iPC815.YPO1581	35.5	499	307	8	170	661	160	650	1.46e-93	305
WP_055970133.1	iNF517.LLMG_RS11210	54.9	386	171	2	6	388	14	399	6.21e-143	411
WP_055970133.1	iYO844.BSU38200	52.1	388	183	2	4	388	3	390	6.96e-135	390
WP_055970135.1	iHN637.CLJU_RS10655	57.2	327	139	1	1	327	1	326	5.17e-139	396
WP_055970135.1	iNF517.LLMG_RS11200	59.6	327	131	1	1	327	1	326	1.38e-138	395
WP_055970138.1	iYO844.BSU38190	45.7	506	259	6	3	494	5	508	8.86e-148	432
WP_055970138.1	iNF517.LLMG_RS11205	45.3	490	262	4	5	491	7	493	2.20e-143	420
WP_055970140.1	iLJ478.TM0282	39.9	333	180	8	14	332	28	354	5.14e-64	206
WP_055970140.1	iCN718.ABAYE_RS14110	38.0	334	187	9	18	332	47	379	2.20e-62	202
WP_055970146.1	iYO844.BSU14610	34.5	469	292	7	1	455	1	468	2.42e-85	269
WP_055970146.1	iYS854.USA300HOU_RS05470	33.9	466	296	5	1	454	1	466	3.54e-84	266
WP_055970146.1	iYO844.BSU08090	36.4	464	265	11	12	454	3	457	3.57e-77	248
WP_055970149.1	iYO844.BSU14590	53.3	323	151	0	10	332	3	325	7.06e-124	358
WP_055970149.1	iAF987.Gmet_2510	51.7	323	151	1	10	332	3	320	1.29e-120	349
WP_055970149.1	iYS854.USA300HOU_RS05460	49.2	323	164	0	10	332	3	325	2.70e-116	338
WP_055970153.1	iEK1008.Rv2497c	45.3	344	175	6	6	341	19	357	3.46e-84	259
WP_055970153.1	iAF987.Gmet_2509	44.1	306	162	3	42	341	47	349	4.46e-81	250
WP_055970153.1	iYS854.USA300HOU_RS05455	40.5	343	200	3	5	343	22	364	5.40e-78	243
WP_055970155.1	iYO844.BSU24080	47.1	344	176	2	15	358	7	344	1.23e-100	302
WP_055970158.1	iAF987.Gmet_1825	49.3	436	203	5	2	423	4	435	3.48e-145	420
WP_055970158.1	iJN1463.PP_3279	50.8	427	197	5	7	423	16	439	9.16e-144	416
WP_055970158.1	iYL1228.KPN_01479	51.1	425	194	6	7	420	11	432	2.29e-136	397
WP_055970158.1	iML1515.b1398	50.2	426	198	6	7	421	11	433	4.45e-136	397
WP_055970158.1	iAF987.Gmet_1818	46.7	424	217	3	6	420	8	431	1.11e-135	395
WP_055970158.1	iAF692.Mbar_A0211	47.2	424	213	5	7	420	10	432	2.12e-133	390
WP_055970158.1	iCN718.ABAYE_RS11930	48.8	416	203	6	11	420	15	426	4.13e-132	386
WP_055970161.1	iML1515.b1390	28.7	251	151	4	9	249	4	236	3.79e-20	86.3
WP_055970164.1	iYO844.BSU19310	43.2	472	263	2	18	488	22	489	1.02e-137	406
WP_055970164.1	iMM904.YER073W	44.2	471	258	3	18	488	46	511	1.53e-129	386
WP_055970164.1	iMM1415.11669	44.5	474	256	4	18	488	41	510	8.36e-129	384
WP_055970164.1	iJN1463.PP_3463	44.2	477	254	4	20	489	23	494	5.93e-129	384
WP_055970164.1	iMM904.YPL061W	42.2	476	263	6	18	488	28	496	1.66e-126	377
WP_055970164.1	iYO844.BSU31060	41.0	480	280	2	18	496	5	482	1.94e-125	374
WP_055970164.1	iYS854.USA300HOU_RS14160	41.9	482	279	1	20	500	13	494	2.34e-125	374
WP_055970164.1	iYL1228.KPN_04787	41.3	487	276	5	20	502	8	488	7.28e-125	373
WP_055970164.1	STM_v1_0.STM1102	41.1	487	277	5	20	502	8	488	4.11e-124	371
WP_055970164.1	iSbBS512_1146.SbBS512_E4889	41.1	487	277	5	20	502	8	488	5.81e-124	370
WP_055970164.1	iMM1415.11668	43.7	474	260	4	18	488	23	492	1.74e-123	370
WP_055970164.1	iMM1415.19378	42.8	474	264	4	18	488	40	509	2.94e-123	370
WP_055970164.1	iMM904.YOR374W	40.3	471	277	1	18	488	47	513	3.04e-123	370
WP_055970164.1	iCHOv1.100768367	42.7	475	265	4	18	489	50	520	1.13e-122	369
WP_055970164.1	iSSON_1240.SSON_4498	40.9	487	278	5	20	502	8	488	4.64e-123	368
WP_055970164.1	iCHOv1.100768654	42.8	474	264	4	18	488	20	489	1.27e-122	367
WP_055970164.1	iCHOv1.100768227	42.3	485	271	5	7	488	25	503	1.10e-121	365
WP_055970164.1	iSF_1195.SF4383	40.9	487	278	5	20	502	8	488	5.23e-122	365
WP_055970167.1	iYO844.BSU24160	45.6	281	151	2	2	281	3	282	1.37e-80	244
WP_055970167.1	iJN1463.PP_3755	43.1	281	158	2	2	281	3	282	5.15e-74	228
WP_055970167.1	iAF987.Gmet_2072	43.6	282	157	2	1	281	1	281	1.14e-72	224
WP_055970170.1	iML1515.b1397	58.4	401	163	3	1	398	1	400	5.06e-153	437
WP_055970170.1	iCN718.ABAYE_RS08700	57.4	401	167	3	1	398	3	402	2.19e-152	436
WP_055970170.1	iCN718.ABAYE_RS08895	57.1	401	168	3	1	398	1	400	3.22e-152	436
WP_055970170.1	iJN1463.PP_3280	59.6	396	156	3	6	398	11	405	2.80e-151	433
WP_055970170.1	iAF987.Gmet_2058	55.5	400	174	4	1	398	1	398	1.79e-150	431
WP_055970170.1	iCN718.ABAYE_RS11935	58.2	402	162	4	1	398	1	400	7.49e-148	424
WP_055970170.1	iYL1228.KPN_01478	57.4	401	167	3	1	398	1	400	2.06e-147	423
WP_055970170.1	iYL1228.KPN_01540	58.9	401	160	4	1	398	2	400	5.88e-147	422
WP_055970170.1	iJN1463.PP_1377	55.4	401	174	4	1	398	1	399	2.00e-142	410
WP_055970173.1	iYO844.BSU18220	48.2	247	127	1	9	254	13	259	2.57e-68	211
WP_055970173.1	iMM1415.11992	46.1	258	133	3	3	254	56	313	1.34e-61	196
WP_055970176.1	iCN900.CD630_11800	42.0	307	167	5	1	301	1	302	1.21e-68	216
WP_055970176.1	iHN637.CLJU_RS20775	41.8	304	169	4	6	305	8	307	2.64e-65	207
WP_055970176.1	iLJ478.TM0800	39.3	305	178	4	4	305	7	307	3.50e-63	202
WP_055970186.1	iML1515.b1518	33.3	57	38	0	18	74	16	72	1.83e-04	37.0
WP_055970192.1	iML1515.b1600	27.9	111	75	2	1	108	1	109	1.30e-05	40.8
WP_055970192.1	iSbBS512_1146.SbBS512_E1786	27.9	111	75	2	1	108	1	109	1.30e-05	40.8
WP_055970192.1	iSDY_1059.SDY_1553	27.9	111	75	2	1	108	1	109	1.30e-05	40.8
WP_055970192.1	iSF_1195.SF1621	27.9	111	75	2	1	108	1	109	1.30e-05	40.8
WP_055970192.1	iSSON_1240.SSON_1560	27.9	111	75	2	1	108	1	109	1.30e-05	40.8
WP_055970197.1	iYO844.BSU33400	56.6	267	112	3	4	269	9	272	3.68e-106	308
WP_055970197.1	iHN637.CLJU_RS08755	54.9	264	115	2	6	269	10	269	3.22e-103	301
WP_055970197.1	iYS854.USA300HOU_RS03800	51.1	264	129	0	6	269	8	271	6.26e-103	300
WP_055970197.1	iYO844.BSU29050	56.1	271	111	4	5	270	10	277	9.18e-103	300
WP_055970200.1	iYL1228.KPN_02455	29.2	253	170	5	67	312	343	593	2.42e-25	105
WP_055970200.1	iPC815.YPO3996	28.9	239	159	5	85	316	482	716	1.43e-23	100
WP_055970200.1	iML1515.b2503	27.2	301	195	9	21	312	447	732	1.18e-22	98.2
WP_055970212.1	iYO844.BSU13600	50.5	208	102	1	5	212	8	214	1.62e-74	224
WP_055970214.1	iYO844.BSU13590	52.3	400	184	2	1	393	1	400	5.03e-135	392
WP_055970217.1	iHN637.CLJU_RS00620	40.1	494	292	3	8	499	6	497	1.45e-124	372
WP_055970217.1	iPC815.YPO0958	41.1	491	283	3	8	496	6	492	7.42e-119	358
WP_055970217.1	iYO844.BSU35940	38.5	494	298	5	8	499	3	492	3.49e-115	348
WP_055970217.1	iML1515.b3749	39.0	492	296	3	8	498	5	493	9.94e-114	345
WP_055970217.1	iPC815.YPO3964	39.9	494	289	4	8	498	7	495	1.68e-113	344
WP_055970217.1	iLJ478.TM0956	40.2	497	283	7	8	493	13	506	5.40e-113	343
WP_055970217.1	iYL1228.KPN_04154	38.2	492	300	3	8	498	5	493	1.11e-112	342
WP_055970217.1	iML1515.b2149	38.9	501	294	6	2	496	8	502	1.83e-112	342
WP_055970217.1	iSF_1195.SF2234	38.9	501	294	6	2	496	8	502	1.83e-112	342
WP_055970217.1	iSSON_1240.SSON_2205	38.9	501	294	6	2	496	8	502	1.83e-112	342
WP_055970217.1	iNF517.LLMG_RS04060	37.5	493	303	4	8	499	3	491	2.39e-112	341
WP_055970217.1	STM_v1_0.STM3882	38.6	492	298	3	8	498	5	493	4.42e-112	340
WP_055970217.1	iCN900.CD630_03010	38.1	499	302	5	4	499	2	496	1.48e-110	337
WP_055970217.1	iLJ478.TM0115	38.8	500	294	7	8	498	15	511	3.45e-110	336
WP_055970220.1	iPC815.YPO2499	39.0	287	166	4	44	330	51	328	8.59e-51	171
WP_055970220.1	iCN900.CD630_15880	32.9	313	199	4	22	334	10	311	4.50e-46	158
WP_055970220.1	iCN900.CD630_03020	33.7	315	197	2	21	333	23	327	1.84e-45	157
WP_055970220.1	iYL1228.KPN_04155	33.7	303	196	3	21	323	16	313	1.08e-44	155
WP_055970237.1	iAF987.Gmet_0043	24.6	248	171	4	604	836	20	266	1.07e-12	71.2
WP_055970243.1	iAF987.Gmet_0987	32.4	293	182	3	325	609	228	512	4.61e-34	138
WP_055970243.1	iAF987.Gmet_0700	32.5	265	176	3	358	621	296	558	4.81e-31	129
WP_055970243.1	iAF987.Gmet_3085	32.5	265	175	4	359	620	360	623	9.59e-31	128
WP_055970243.1	iAF987.Gmet_2629	29.6	291	202	3	332	620	259	548	4.73e-30	125
WP_055970246.1	iAF987.Gmet_3085	38.8	412	245	4	332	736	463	874	8.96e-88	295
WP_055970246.1	iAF987.Gmet_0957	36.5	419	259	5	324	735	191	609	1.02e-84	281
WP_055970246.1	iAF987.Gmet_0987	36.9	434	268	4	324	751	356	789	4.17e-83	280
WP_055970246.1	iAF987.Gmet_0700	38.9	427	255	4	316	736	382	808	1.25e-80	274
WP_058713752.1	iML1515.b0837	35.4	178	100	7	103	265	76	253	8.74e-23	97.8
WP_058713752.1	iSF_1195.SF0787	35.4	178	100	7	103	265	76	253	3.99e-23	97.8
WP_058713752.1	iSbBS512_1146.SbBS512_E2507	35.4	178	100	7	103	265	76	253	1.19e-22	97.4
WP_058713752.1	iSSON_1240.SSON_0820	34.8	178	101	7	103	265	76	253	4.15e-22	95.9
WP_058713752.1	iYL1228.KPN_00869	33.7	193	109	7	104	279	75	265	2.27e-20	90.9
WP_071908837.1	iCHOv1.100774782	36.7	109	61	5	41	141	34	142	6.60e-09	52.4
WP_074668418.1	iYO844.BSU04570	42.4	432	240	5	17	439	23	454	2.37e-109	330
WP_074668418.1	iYS854.USA300HOU_RS11240	42.9	450	239	9	2	436	4	450	1.03e-106	323
WP_074668419.1	iYS854.USA300HOU_RS06055	53.0	198	91	1	1	196	1	198	8.82e-65	198
WP_074668419.1	iYO844.BSU15560	52.0	198	93	1	5	200	11	208	4.35e-63	194
WP_074668419.1	iNF517.LLMG_RS07605	49.3	201	100	1	5	203	7	207	6.52e-61	189
WP_075642530.1	iYS854.USA300HOU_RS07595	35.5	442	261	9	4	440	5	427	5.47e-80	255
WP_081637442.1	iYO844.BSU28730	36.4	261	160	4	50	306	22	280	2.41e-46	157
WP_082486906.1	iSSON_1240.SSON_0131	35.4	489	240	12	75	498	34	511	1.59e-77	251
WP_082486906.1	iML1515.b0123	35.4	489	240	12	75	498	34	511	6.18e-77	250
WP_082486906.1	iSbBS512_1146.SbBS512_E0116	35.4	489	240	12	75	498	47	524	8.53e-77	250
WP_082486906.1	iSDY_1059.SDY_0030	35.4	489	240	12	75	498	34	511	3.36e-76	248
WP_082486906.1	iSF_1195.SF0119	35.2	489	241	12	75	498	34	511	3.36e-76	248
WP_082486906.1	STM_v1_0.STM0168	33.6	509	242	13	75	498	34	531	8.18e-75	245
WP_082486906.1	iYL1228.KPN_00131	33.6	503	246	12	75	498	34	527	1.46e-74	244
WP_082486908.1	iJN1463.PP_5139	34.7	337	206	8	1	326	61	394	2.32e-55	191
WP_082486908.1	iPC815.YPO3820	33.4	338	208	6	1	327	91	422	3.57e-51	180
WP_082486908.1	iSDY_1059.SDY_3620	34.0	341	198	5	1	327	57	384	2.99e-50	177
WP_082486908.1	iML1515.b3469	34.1	343	195	7	1	327	57	384	7.83e-50	176
WP_082486908.1	iSF_1195.SF3487	33.5	343	197	7	1	327	57	384	2.82e-49	174
WP_082486908.1	iSSON_1240.SSON_3707	33.5	343	197	7	1	327	57	384	2.82e-49	174
WP_082486908.1	iSbBS512_1146.SbBS512_E3853	33.5	343	197	7	1	327	57	384	3.89e-49	174
WP_082486989.1	iAF987.Gmet_2349	32.5	572	375	4	7	570	2	570	4.18e-89	286
WP_082486989.1	iPC815.YPO1395	33.7	578	371	7	2	570	6	580	6.31e-87	280
WP_082486989.1	STM_v1_0.STM0984	32.6	580	375	8	2	570	6	580	2.44e-86	279
WP_082486989.1	iML1515.b0914	32.5	578	378	7	2	570	6	580	1.32e-85	277
WP_082486989.1	iSbBS512_1146.SbBS512_E2410	32.5	578	378	7	2	570	6	580	1.32e-85	277
WP_082486989.1	iSDY_1059.SDY_2344	32.5	578	378	7	2	570	6	580	1.32e-85	277
WP_082486989.1	iSF_1195.SF0910	32.5	578	378	7	2	570	6	580	1.32e-85	277
WP_082486989.1	iSSON_1240.SSON_0916	32.5	578	378	7	2	570	6	580	1.32e-85	277
WP_082486989.1	iYL1228.KPN_00941	33.2	581	370	10	2	570	6	580	1.06e-83	272
WP_082486989.1	iJN1463.PP_4935	32.5	581	373	5	2	565	10	588	1.07e-79	262
WP_082487063.1	iYS854.USA300HOU_RS05355	29.0	176	120	3	69	239	74	249	4.49e-18	80.5
WP_082487066.1	iYL1228.KPN_03851	38.5	283	170	2	23	303	24	304	1.56e-54	179
WP_082487066.1	iSDY_1059.SDY_3632	37.4	281	176	0	23	303	24	304	2.20e-54	179
WP_082487066.1	iML1515.b3477	37.0	281	177	0	23	303	24	304	8.66e-54	177
WP_082487066.1	iSbBS512_1146.SbBS512_E3844	37.0	281	177	0	23	303	24	304	8.66e-54	177
WP_082487066.1	iSSON_1240.SSON_3715	37.0	281	177	0	23	303	24	304	8.66e-54	177
WP_082487066.1	iSF_1195.SF3495	36.7	281	178	0	23	303	24	304	6.76e-53	175
WP_082487066.1	iAF692.Mbar_A0469	33.9	289	191	0	6	294	7	295	6.51e-52	172
WP_082487066.1	iJN1463.PP_3343	38.3	269	162	2	23	289	24	290	7.23e-52	172
WP_082487066.1	STM_v1_0.STM0850	33.3	303	199	1	1	303	2	301	7.23e-50	167
WP_082487066.1	iYL1228.KPN_00864	32.3	303	202	1	1	303	2	301	5.61e-49	165
WP_082487066.1	iSF_1195.SF0781	32.0	303	203	1	1	303	2	301	7.90e-49	164
WP_082487066.1	iSSON_1240.SSON_0813	31.7	303	204	1	1	303	2	301	1.56e-48	164
WP_082487066.1	iML1515.b0831	31.7	303	204	1	1	303	2	301	8.61e-48	162
WP_082487066.1	iSDY_1059.SDY_0756	31.7	303	204	1	1	303	2	301	8.61e-48	162
WP_082487090.1	iNF517.LLMG_RS10755	45.7	46	24	1	19	63	22	67	2.20e-06	44.7
WP_082487090.1	iYL1228.KPN_00103	36.7	60	36	1	36	95	36	93	4.62e-05	40.4
WP_082487174.1	iYO844.BSU35720	53.5	374	174	0	324	697	370	743	1.26e-140	429
WP_082487279.1	iCN900.CD630_12120	30.1	123	84	2	11	133	12	132	1.15e-14	66.2
WP_082487305.1	iLJ478.TM0282	36.7	338	193	9	17	340	24	354	1.06e-58	192
WP_082487305.1	iCN718.ABAYE_RS14110	34.1	355	207	8	4	338	30	377	1.21e-56	188
WP_082487305.1	iNF517.LLMG_RS11215	35.3	346	199	9	2	336	3	334	6.91e-55	182
WP_082487314.1	iYO844.BSU06990	35.2	281	176	3	4	279	17	296	2.26e-53	175
WP_082487314.1	iEK1008.Rv2039c	36.0	253	158	2	28	280	32	280	5.05e-51	168
WP_082487314.1	iCN900.CD630_34150	37.1	275	170	3	5	279	15	286	1.18e-50	167
WP_082487326.1	iYS854.USA300HOU_RS10395	51.2	328	153	4	12	337	35	357	2.50e-112	330
WP_082487326.1	iAT_PLT_636.4843	47.5	316	157	4	4	311	165	479	5.30e-98	313
WP_082487326.1	iCHOv1.100760062	49.1	316	152	4	4	311	165	479	9.47e-98	312
WP_082487326.1	iMM1415.18126	48.4	316	154	4	4	311	159	473	8.82e-98	312
WP_082487326.1	iCHOv1.100758127	48.4	316	154	4	4	311	380	694	3.98e-96	311
WP_082487326.1	iMM1415.18125	48.1	316	155	4	4	311	380	694	1.98e-95	309
WP_082487326.1	iAT_PLT_636.4846	48.1	316	155	4	4	311	149	463	1.14e-94	305
WP_082487326.1	iMM1415.18127	47.8	316	156	4	4	311	148	462	7.96e-94	302
WP_082487326.1	iCHOv1.100769961	46.8	316	159	4	4	311	148	462	1.95e-92	298
WP_087682563.1	iYS854.USA300HOU_RS02655	71.7	492	137	1	2	491	4	495	3.91e-261	719
WP_156357190.1	iAF987.Gmet_3085	40.3	422	243	5	331	744	463	883	6.44e-89	298
WP_156357190.1	iAF987.Gmet_0987	39.2	426	251	5	316	735	351	774	2.15e-84	284
WP_156357190.1	iAF987.Gmet_0957	35.5	439	274	6	314	744	182	619	2.84e-81	271
WP_156357212.1	iJN1463.PP_4799	26.8	272	165	5	56	323	60	301	6.61e-24	99.4
WP_156357214.1	iYO844.BSU07500	47.9	315	162	1	4	316	15	329	4.84e-95	284
WP_156357214.1	iYS854.USA300HOU_RS11775	46.2	316	169	1	2	317	8	322	1.95e-86	262
WP_156357219.1	iAF987.Gmet_2351	37.2	317	176	9	18	328	21	320	1.49e-50	173
WP_162236809.1	iYS854.USA300HOU_RS04910	28.0	503	311	14	15	475	47	540	9.78e-42	155
WP_174316006.1	iAF692.Mbar_A0675	25.6	215	148	6	14	218	18	230	2.57e-07	49.7
WP_174316042.1	iIT341.HP1071	39.2	194	108	4	24	209	10	201	3.45e-37	130
WP_174316042.1	iAF987.Gmet_1264	43.4	173	92	2	23	189	19	191	2.55e-35	126
WP_174316042.1	iHN637.CLJU_RS01425	39.2	171	98	3	20	187	3	170	1.66e-33	119
WP_174316741.1	iYO844.BSU34160	43.3	402	221	3	17	415	19	416	5.55e-107	322
WP_174316765.1	iYO844.BSU23960	67.1	240	79	0	1	240	1	240	8.62e-110	315
WP_174316765.1	iCN900.CD630_07520	62.5	240	90	0	1	240	1	240	2.02e-108	311
WP_174316765.1	iNF517.LLMG_RS09720	64.9	239	84	0	2	240	7	245	3.64e-108	311
WP_174316765.1	iYS854.USA300HOU_RS09925	62.9	240	89	0	1	240	3	242	1.18e-105	305
WP_174316765.1	iYO844.BSU27430	61.3	240	93	0	1	240	1	240	2.13e-101	294
WP_174316765.1	iNF517.LLMG_RS09915	63.3	240	88	0	1	240	5	244	6.50e-101	293
WP_174316766.1	iYS854.USA300HOU_RS07440	70.8	428	123	2	2	429	5	430	1.70e-227	629
WP_174316772.1	iYO844.BSU15680	67.0	203	67	0	2	204	1	203	5.24e-96	277
WP_174316772.1	iYS854.USA300HOU_RS06075	62.5	200	75	0	1	200	1	200	3.15e-86	253
WP_174514746.1	iAF987.Gmet_2444	27.2	162	110	4	221	377	21	179	3.14e-06	49.3
WP_193748176.1	iAF987.Gmet_1888	43.0	242	134	1	12	253	11	248	2.56e-63	199
WP_193748193.1	iYO844.BSU30560	63.5	521	182	4	7	522	9	526	3.25e-235	656
WP_193748193.1	iYS854.USA300HOU_RS09500	60.1	516	203	2	7	519	11	526	9.99e-228	637
WP_200934658.1	iJN1463.PP_1002	46.9	469	240	3	6	465	7	475	2.52e-134	395
WP_200934658.1	iYS854.USA300HOU_RS14310	46.7	471	241	3	3	464	5	474	5.93e-133	392
WP_200934658.1	iJN1463.PP_1003	45.1	470	249	2	5	465	6	475	9.23e-132	389
WP_200934658.1	iYS854.USA300HOU_RS00320	44.7	472	251	3	2	464	1	471	1.97e-130	385
WP_200934664.1	iYS854.USA300HOU_RS08810	64.6	874	308	1	6	878	1	874	0.0	1227
WP_200934666.1	iYO844.BSU35950	69.0	306	95	0	14	319	17	322	1.39e-136	389
WP_200934667.1	iYO844.BSU03220	56.9	476	197	3	12	487	1	468	3.42e-184	523
WP_200934667.1	iYO844.BSU06660	54.2	485	216	2	7	491	11	489	1.42e-175	502
WP_200934669.1	iYS854.USA300HOU_RS12210	43.6	287	154	4	1	282	4	287	5.76e-73	225
WP_200934670.1	iAF987.Gmet_2511	38.8	405	221	5	3	403	4	385	3.04e-82	256
WP_217448980.1	iYO844.BSU29190	67.5	305	98	1	1	305	16	319	2.38e-147	416
WP_217448980.1	iCN900.CD630_33950	61.0	305	118	1	1	305	16	319	1.53e-131	376
WP_217448987.1	iIT341.HP0680	38.9	777	391	10	22	735	19	774	2.01e-163	491
WP_230088757.1	iYS854.USA300HOU_RS07595	21.5	349	238	15	48	394	23	337	3.62e-05	46.6
WP_230088827.1	iSynCJ816.SGL_RS18145	34.1	82	54	0	15	96	73	154	6.00e-11	55.5
WP_230088827.1	iEK1008.Rv3206c	34.1	85	54	1	19	101	302	386	6.53e-09	51.2
WP_231681756.1	iYS854.USA300HOU_RS04985	25.6	164	110	4	45	205	41	195	4.09e-11	61.6
WP_231681756.1	iCN900.CD630_03450	26.7	161	106	4	45	203	43	193	4.84e-10	59.3
WP_231681756.1	iNF517.LLMG_RS01960	24.5	163	112	3	45	205	41	194	6.98e-10	58.2
WP_231884665.1	iYS854.USA300HOU_RS06160	53.1	546	244	5	1	544	13	548	5.20e-191	545
WP_235147617.1	iYS854.USA300HOU_RS05255	29.4	347	203	12	16	351	6	321	1.17e-32	125
WP_235147617.1	iYS854.USA300HOU_RS12505	28.2	323	196	10	16	332	6	298	1.01e-29	115
WP_235147642.1	iYO844.BSU31322	25.2	305	217	5	2	299	6	306	2.30e-24	100
WP_235147669.1	iYO844.BSU02130	62.0	284	103	3	6	286	11	292	1.52e-121	349
WP_235504807.1	iAF987.Gmet_0885	30.7	313	198	7	7	313	4	303	1.04e-39	141
WP_235504807.1	iEK1008.Rv1500	30.9	275	182	6	42	313	30	299	4.81e-35	129
WP_235515853.1	iCN900.CD630_25770	38.7	75	44	2	25	97	155	229	3.54e-06	43.1
WP_235515855.1	iYS854.USA300HOU_RS03755	28.7	122	77	3	9	128	11	124	9.46e-05	40.4
WP_235515855.1	iHN637.CLJU_RS06685	24.1	145	95	6	3	134	232	374	1.31e-04	40.0
WP_235515855.1	iYO844.BSU26590	27.6	116	76	2	8	122	17	125	2.39e-04	39.3
WP_235515855.1	iMM904.YEL069C	26.8	123	86	2	6	127	73	192	2.53e-04	39.3
WP_235515855.1	iMM904.YNR072W	26.8	123	86	2	6	127	73	192	2.53e-04	39.3
WP_235515855.1	iAT_PLT_636.66035	30.4	92	60	2	46	134	69	159	6.22e-04	38.1
WP_235515855.1	iHN637.CLJU_RS11675	25.0	88	66	0	38	125	276	363	8.24e-04	37.7
WP_235515858.1	iAF692.Mbar_A0408	27.9	226	124	7	3	194	8	228	1.31e-13	67.0
WP_235515858.1	iMM904.YLR308W	29.8	161	102	4	15	170	123	277	2.22e-12	64.3
WP_235515859.1	iYO844.BSU35760	33.7	273	162	5	76	339	84	346	5.20e-39	142
WP_235515860.1	iNF517.LLMG_RS08555	27.9	129	90	2	47	172	113	241	1.14e-09	58.2
WP_235515860.1	iAF987.Gmet_2439	25.1	231	107	8	147	317	7	231	1.15e-08	54.7
WP_235515860.1	iCN900.CD630_32150	34.8	89	57	1	66	153	137	225	1.56e-08	54.3
WP_235515860.1	STM_v1_0.STM0783	33.3	93	62	0	26	118	87	179	2.54e-08	54.3
WP_235515860.1	iSbBS512_1146.SbBS512_E0686	29.3	116	81	1	26	140	87	202	4.54e-08	53.5
WP_235515860.1	iSDY_1059.SDY_0712	29.3	116	81	1	26	140	87	202	4.54e-08	53.5
WP_235515860.1	iJN1463.PP_0232	31.6	114	73	3	47	155	112	225	5.45e-08	52.8
WP_235515860.1	iML1515.b0765	28.4	116	82	1	26	140	87	202	1.08e-07	52.4
WP_235515860.1	iSF_1195.SF0539	28.4	116	82	1	26	140	87	202	1.08e-07	52.4
WP_235515860.1	iSSON_1240.SSON_0717	28.4	116	82	1	26	140	87	202	1.08e-07	52.4
WP_235515864.1	iAF987.Gmet_2530	21.9	484	283	15	11	419	27	490	2.30e-11	65.1
WP_235515867.1	iEK1008.Rv2936	44.3	307	157	5	15	308	10	315	6.59e-69	217
WP_235515868.1	iSynCJ816.SGL_RS14875	28.8	125	77	5	51	172	1	116	3.34e-08	50.4
WP_235515868.1	iSynCJ816.SGL_RS05525	27.7	112	78	2	74	184	28	137	3.10e-07	47.8
WP_235515868.1	iAF987.Gmet_0988	24.3	111	78	3	62	172	23	127	2.15e-06	45.4
WP_235515876.1	iYS854.USA300HOU_RS10435	47.7	449	231	2	13	459	3	449	3.19e-148	430
WP_235515876.1	iSynCJ816.SGL_RS15360	46.8	453	238	3	17	469	7	456	3.21e-142	415
WP_235515876.1	iCN900.CD630_22060	43.6	452	252	2	15	466	4	452	1.02e-137	403
WP_235515879.1	iNF517.LLMG_RS00415	35.8	240	138	5	2	232	38	270	6.20e-32	117
WP_235515879.1	iYS854.USA300HOU_RS09130	31.9	235	148	4	5	232	14	243	4.39e-30	112
WP_235515883.1	iYS854.USA300HOU_RS07025	40.9	149	88	0	1	149	104	252	4.87e-36	126
WP_235515884.1	iSynCJ816.SGL_RS12260	25.2	298	182	8	49	318	85	369	7.38e-13	68.6
WP_235515916.1	iYS854.USA300HOU_RS04975	36.7	188	109	2	9	190	6	189	4.89e-27	101
WP_235515935.1	iLJ478.TM1845	36.6	640	385	11	106	731	207	839	1.74e-125	394
WP_235515939.1	iNF517.LLMG_RS10225	50.0	42	21	0	126	167	209	250	6.91e-06	44.7
WP_235515941.1	iJN1463.PP_3581	30.4	763	440	10	14	770	10	687	1.88e-95	311
WP_235515941.1	iAF987.Gmet_3085	36.6	443	267	3	335	767	445	883	3.59e-86	291
WP_235515941.1	iAF987.Gmet_0782	35.8	450	272	5	333	771	285	728	1.08e-85	286
WP_235515941.1	iAF987.Gmet_2629	35.8	439	276	3	335	768	371	808	1.10e-84	286
WP_235515943.1	iAM_Pb448.PBANKA_110710	27.0	337	188	6	210	501	251	574	1.87e-23	103
WP_235515943.1	iAM_Pf480.PF3D7_0507500	27.9	301	167	6	250	503	366	663	2.97e-21	97.1
WP_235515944.1	iAF987.Gmet_3085	30.4	516	346	5	315	822	376	886	9.55e-81	280
WP_235515948.1	iYO844.BSU07510	53.8	277	127	1	29	305	53	328	2.80e-92	277
WP_235515948.1	iYS854.USA300HOU_RS11780	43.5	308	171	3	3	308	35	341	1.22e-82	253
WP_235515949.1	iSynCJ816.SGL_RS13165	28.1	253	168	8	28	273	216	461	3.83e-15	74.7
WP_235515950.1	iYS854.USA300HOU_RS06405	42.6	282	157	2	1	277	14	295	5.91e-73	226
WP_235515950.1	iNF517.LLMG_RS07220	44.9	247	133	2	2	246	18	263	1.60e-64	205
WP_235515951.1	iHN637.CLJU_RS16730	30.0	644	379	20	4	624	49	643	1.29e-64	229
WP_235515951.1	iAF987.Gmet_0354	29.7	718	380	20	10	628	66	757	2.04e-59	215
WP_235515953.1	iLJ478.TM1845	41.8	613	327	11	14	607	214	815	3.97e-145	442
WP_235515955.1	iAF987.Gmet_3509	27.4	753	489	19	90	808	301	1029	6.06e-54	202
WP_235515957.1	iEK1008.Rv2970c	35.1	328	190	9	39	356	60	374	5.40e-43	152
WP_235515957.1	iEK1008.Rv1399c	35.8	265	150	4	95	353	65	315	1.18e-41	147
WP_235515959.1	iJN1463.PP_1494	43.2	169	86	5	194	353	167	334	1.58e-30	118
WP_235515959.1	iML1515.b1341	41.1	175	92	4	180	350	239	406	9.82e-30	117
WP_235515959.1	iAF987.Gmet_0069	44.0	175	88	5	182	350	130	300	7.59e-30	116
WP_235515959.1	iAF987.Gmet_2425	41.3	167	81	3	194	350	184	343	2.79e-28	112
WP_235515959.1	iAF987.Gmet_1914	42.4	158	80	3	200	349	296	450	6.84e-27	110
WP_235515959.1	iJN1463.PP_1761	39.4	180	100	4	180	354	383	558	1.19e-25	108
WP_235515959.1	iML1515.b1490	34.6	185	115	3	178	358	278	460	1.13e-25	107
WP_235515961.1	iYS854.USA300HOU_RS11805	31.8	132	87	2	16	145	25	155	1.39e-09	58.9
WP_235515963.1	iHN637.CLJU_RS10530	48.3	443	224	3	8	450	19	456	4.80e-134	394
WP_235515963.1	iHN637.CLJU_RS02325	44.7	445	241	2	3	447	14	453	3.81e-125	371
WP_235515963.1	iHN637.CLJU_RS02330	44.1	447	245	2	1	447	12	453	2.96e-122	363
