WP_056862025.1	iYO844.BSU04520	24.7	369	243	9	25	382	20	364	6.21e-14	72.4
WP_056862051.1	iEK1008.Rv0018c	36.2	243	144	5	10	252	8	239	2.21e-30	118
WP_056862065.1	iSynCJ816.SGL_RS10925	71.5	404	103	5	1	397	1	399	9.07e-207	573
WP_056862091.1	iHN637.CLJU_RS20110	44.8	212	90	2	1	185	1	212	2.28e-55	174
WP_056862091.1	iEK1008.Rv0733	50.8	185	85	2	1	185	1	179	2.14e-55	173
WP_056862091.1	iAF692.Mbar_A0086	43.0	207	92	1	1	181	1	207	1.67e-49	159
WP_056862091.1	iYS854.USA300HOU_RS12070	42.3	215	97	2	1	188	1	215	6.72e-49	157
WP_056862091.1	iYO844.BSU01370	40.9	215	100	1	1	188	1	215	1.01e-48	157
WP_056862100.1	iJN1463.PP_2998	28.4	310	177	11	8	293	5	293	3.70e-11	62.8
WP_056862104.1	iAF692.Mbar_A1332	31.8	261	144	5	1	258	1	230	1.39e-27	107
WP_056862104.1	iNF517.LLMG_RS02350	32.7	257	159	6	2	256	3	247	3.89e-26	102
WP_056862104.1	iYS854.USA300HOU_RS12020	30.0	263	168	6	1	262	1	248	5.30e-24	97.4
WP_056862106.1	iJN1463.PP_4867	25.8	198	142	2	52	246	29	224	4.39e-11	63.9
WP_056862107.1	iAF987.Gmet_1822	33.1	296	187	5	2	292	5	294	1.88e-34	126
WP_056862116.1	iEK1008.Rv3560c	37.9	385	218	9	10	383	5	379	8.66e-68	218
WP_056862131.1	iEK1008.Rv1077	66.5	469	143	5	1	466	1	458	1.90e-214	598
WP_056862141.1	iEK1008.Rv0958	70.9	454	129	1	9	462	9	459	1.51e-227	631
WP_056862154.1	iML1515.b0875	60.9	220	80	3	25	238	4	223	1.62e-78	236
WP_056862154.1	iSF_1195.SF0832	60.9	220	80	3	25	238	4	223	1.62e-78	236
WP_056862154.1	iYL1228.KPN_00909	60.0	220	82	3	25	238	4	223	2.29e-78	236
WP_056862154.1	iSbBS512_1146.SbBS512_E2456	60.5	220	81	3	25	238	4	223	2.63e-77	233
WP_056862154.1	iSynCJ816.SGL_RS08525	57.5	228	79	5	28	238	6	232	3.31e-74	226
WP_056862154.1	iSDY_1059.SDY_2388	58.0	219	80	3	25	231	4	222	5.34e-73	222
WP_056862154.1	iJN1463.PP_4282	55.9	220	93	2	25	240	6	225	1.17e-70	216
WP_056862177.1	iEK1008.Rv1079	66.8	382	126	1	6	387	8	388	3.98e-179	503
WP_056862186.1	iSynCJ816.SGL_RS16640	38.1	412	243	5	47	456	19	420	1.45e-91	283
WP_056862187.1	iSynCJ816.SGL_RS16650	52.3	283	118	5	40	318	28	297	1.28e-99	295
WP_056862190.1	iYL1228.KPN_00440	41.1	180	105	1	17	196	5	183	1.51e-45	148
WP_056862190.1	iYO844.BSU40850	42.1	183	105	1	14	196	3	184	1.98e-42	140
WP_056862190.1	iNF517.LLMG_RS03835	49.2	179	91	0	18	196	5	183	6.46e-42	139
WP_056862190.1	iML1515.b0459	45.6	180	97	1	17	196	5	183	6.18e-41	136
WP_056862190.1	iSDY_1059.SDY_0460	45.6	180	97	1	17	196	5	183	6.18e-41	136
WP_056862190.1	iSSON_1240.SSON_0446	45.6	180	97	1	17	196	5	183	6.18e-41	136
WP_056862190.1	iCN900.CD630_08720	42.2	180	104	0	17	196	4	183	9.25e-41	136
WP_056862199.1	iAF987.Gmet_3293	35.3	295	174	3	7	289	5	294	1.03e-54	180
WP_056862199.1	iCN718.ABAYE_RS11835	36.5	296	176	4	13	307	12	296	3.12e-54	179
WP_056862199.1	iJN1463.PP_3540	38.3	264	158	2	9	272	7	265	1.05e-51	172
WP_056862199.1	iYO844.BSU18230	33.3	291	185	4	9	299	7	288	3.52e-49	165
WP_056862199.1	iMM1415.15356	35.4	263	165	2	9	271	33	290	6.88e-49	165
WP_056862199.1	iCN718.ABAYE_RS11590	33.6	286	185	2	9	294	5	285	5.55e-48	162
WP_056862274.1	iJN1463.PP_1625	48.6	74	38	0	1	74	1	74	3.89e-26	93.2
WP_056862284.1	iAM_Pv461.PVX_089645	50.0	146	66	4	94	235	213	355	5.77e-34	125
WP_056862284.1	iAM_Pf480.PF3D7_0413700	52.5	141	60	4	94	230	179	316	4.68e-34	124
WP_056862284.1	iAM_Pb448.PBANKA_071570	46.2	145	73	3	94	235	187	329	2.95e-33	122
WP_056862284.1	iAM_Pc455.PCYB_052680	49.3	146	67	4	94	235	188	330	3.84e-33	122
WP_056862289.1	iEK1008.Rv0125	34.3	300	176	7	175	464	61	349	3.01e-29	117
WP_056862290.1	iCN900.CD630_08680	39.6	48	27	1	7	54	7	52	4.52e-05	39.3
WP_056862290.1	iYO844.BSU33370	41.3	46	25	1	8	53	8	51	2.97e-04	37.0
WP_056862306.1	iEK1008.Rv3002c	68.4	158	50	0	10	167	7	164	1.12e-67	203
WP_056862309.1	iCN718.ABAYE_RS02155	31.4	140	74	5	86	217	44	169	1.02e-06	49.3
WP_056862310.1	iEK1008.Rv2996c	55.5	528	235	0	1	528	1	528	7.67e-179	513
WP_056862313.1	iEK1008.Rv2210c	52.7	366	164	4	1	361	6	367	9.02e-133	383
WP_056862337.1	iEK1008.Rv2987c	62.2	201	72	1	1	201	1	197	9.90e-87	253
WP_056862341.1	iEK1008.Rv2982c	57.6	328	138	1	10	337	8	334	5.41e-120	348
WP_056862349.1	iYS854.USA300HOU_RS06160	30.3	535	348	9	32	555	28	548	1.61e-60	209
WP_056862368.1	iJN1463.PP_3417	47.5	442	229	3	24	463	10	450	1.29e-127	377
WP_056862381.1	iEK1008.Rv2850c	27.0	163	100	5	202	360	6	153	1.07e-04	44.7
WP_056862385.1	iEK1008.Rv2883c	65.5	235	80	1	1	235	27	260	2.01e-105	305
WP_056862387.1	iEK1008.Rv2881c	37.7	289	158	3	15	290	23	302	5.76e-51	169
WP_056862389.1	iEK1008.Rv3696c	54.2	502	225	3	2	498	13	514	4.36e-183	523
WP_056862389.1	iLJ478.TM1430	51.5	480	227	3	5	482	3	478	2.26e-169	486
WP_056862389.1	iCN718.ABAYE_RS04620	49.7	499	244	3	5	500	8	502	1.66e-166	480
WP_056862389.1	iYL1228.KPN_04011	49.8	496	242	3	5	497	6	497	3.45e-166	479
WP_056862389.1	iAF987.Gmet_1676	49.6	498	245	3	4	499	2	495	2.52e-164	474
WP_056862390.1	iEK1008.Rv3302c	60.0	565	219	2	3	567	16	573	1.58e-226	638
WP_056862401.1	iJN1463.PP_5182	38.9	427	241	9	33	455	36	446	2.97e-94	291
WP_056862401.1	iJN1463.PP_2180	39.3	427	238	10	33	455	36	445	4.52e-93	288
WP_056862401.1	iJN1463.PP_4421	38.7	445	247	11	25	456	29	460	3.69e-88	276
WP_056862401.1	iAF987.Gmet_1580	36.5	457	268	9	8	455	9	452	4.35e-84	265
WP_056862403.1	iJN1463.PP_1481	51.5	472	225	3	7	475	4	474	1.09e-169	486
WP_056862403.1	iYL1228.KPN_01924	50.4	470	229	3	9	475	12	480	1.28e-162	468
WP_056862403.1	iSSON_1240.SSON_1693	50.2	470	230	3	9	475	6	474	5.76e-162	466
WP_056862403.1	iML1515.b1444	49.8	470	232	3	9	475	6	474	9.36e-161	463
WP_056862403.1	iSF_1195.SF1774	49.8	470	232	3	9	475	6	474	3.77e-160	461
WP_056862403.1	STM_v1_0.STM1597	49.0	473	237	3	6	475	10	481	1.10e-158	458
WP_056862403.1	iSDY_1059.SDY_1730	49.6	470	233	3	9	475	6	474	3.50e-158	456
WP_056862403.1	iJN1463.PP_2801	49.8	470	232	3	9	475	6	474	2.29e-156	452
WP_056862409.1	iEK1008.Rv2868c	82.3	367	65	0	4	370	3	369	1.07e-210	582
WP_056862421.1	iNF517.LLMG_RS00670	35.0	80	51	1	1	80	1	79	1.48e-08	47.0
WP_056862421.1	iYO844.BSU13900	35.0	80	51	1	1	80	1	79	8.32e-08	45.1
WP_056862421.1	iYS854.USA300HOU_RS05395	30.8	78	53	1	1	78	1	77	2.34e-07	43.9
WP_056862430.1	iCN900.CD630_04900	33.1	341	206	11	1	333	1	327	4.27e-46	160
WP_056862430.1	iYS854.USA300HOU_RS01290	31.1	328	211	6	26	352	28	341	1.68e-45	158
WP_056862430.1	iYO844.BSU06150	29.6	358	231	10	1	352	9	351	2.05e-42	150
WP_056862430.1	iCN900.CD630_23240	27.6	348	229	10	1	341	1	332	1.03e-41	148
WP_056862443.1	iML1515.b2528	43.4	106	59	1	15	120	2	106	1.39e-24	89.7
WP_056862443.1	iSbBS512_1146.SbBS512_E2903	43.4	106	59	1	15	120	4	108	1.47e-24	89.7
WP_056862443.1	iSDY_1059.SDY_2724	43.4	106	59	1	15	120	2	106	1.39e-24	89.7
WP_056862443.1	iSF_1195.SF2575	43.4	106	59	1	15	120	2	106	1.39e-24	89.7
WP_056862443.1	iSSON_1240.SSON_2610	43.4	106	59	1	15	120	2	106	1.39e-24	89.7
WP_056862443.1	iYS854.USA300HOU_RS04660	41.9	105	61	0	15	119	3	107	7.75e-24	88.2
WP_056862443.1	iJN1463.PP_0844	37.7	106	65	1	15	120	2	106	2.95e-21	81.3
WP_056862445.1	iEK1008.Rv3025c	35.1	385	227	9	12	378	3	382	1.42e-40	147
WP_056862445.1	iCN900.CD630_12790	28.8	382	252	8	12	379	7	382	2.96e-36	135
WP_056862450.1	iEK1008.Rv2196	49.2	530	232	6	32	548	22	527	5.78e-172	498
WP_056862470.1	iEK1008.Rv2187	54.2	602	267	6	1	597	1	598	1.01e-212	605
WP_056862476.1	iEK1008.Rv2182c	59.9	222	89	0	1	222	1	222	2.44e-95	279
WP_056862479.1	iEK1008.Rv0386	42.1	57	33	0	155	211	1025	1081	4.77e-05	43.5
WP_056862483.1	iEK1008.Rv3010c	55.2	344	151	3	1	342	1	343	3.30e-119	347
WP_056862484.1	iEK1008.Rv2178c	56.3	432	180	4	16	443	35	461	5.97e-168	479
WP_056862484.1	iJN1463.PP_1866	54.1	429	196	1	17	444	17	445	2.27e-164	470
WP_056862484.1	iLB1027_lipid.PHATRDRAFT_24353	50.6	429	210	1	17	443	63	491	7.50e-158	455
WP_056862485.1	iLJ478.TM1744	48.6	333	159	4	1	323	1	331	3.75e-89	270
WP_056862498.1	iNF517.LLMG_RS08455	37.9	319	186	2	5	321	4	312	9.50e-62	199
WP_056862500.1	iEK1008.Rv2163c	34.2	594	345	13	23	585	87	665	2.09e-90	293
WP_056862502.1	iJN1463.PP_2765	26.9	234	134	7	36	268	32	229	2.24e-13	70.9
WP_056862502.1	iJN1463.PP_3219	24.5	326	206	9	55	379	29	315	1.75e-11	65.1
WP_056862505.1	iEK1008.Rv2155c	45.9	514	222	15	7	497	2	482	1.20e-107	328
WP_056862513.1	iNF517.LLMG_RS07670	36.1	291	181	3	20	310	14	299	1.82e-49	166
WP_056862513.1	iYS854.USA300HOU_RS06015	36.4	302	167	5	18	309	15	301	9.40e-47	159
WP_056862513.1	iSbBS512_1146.SbBS512_E2975	37.1	310	178	7	11	309	10	313	2.23e-46	159
WP_056862513.1	iSF_1195.SF2653	37.1	310	178	7	11	309	10	313	2.23e-46	159
WP_056862513.1	iSSON_1240.SSON_2720	37.1	310	178	7	11	309	10	313	2.23e-46	159
WP_056862513.1	iCN900.CD630_25960	35.9	281	173	5	20	298	17	292	9.69e-46	156
WP_056862513.1	iSDY_1059.SDY_2837	36.5	310	180	7	11	309	10	313	1.31e-44	154
WP_056862522.1	iEK1008.Rv1603	65.6	241	79	1	5	241	4	244	2.46e-107	309
WP_056862523.1	iEK1008.Rv1605	71.8	255	68	1	3	253	13	267	4.71e-119	340
WP_056862528.1	iEK1008.Rv1611	46.1	254	137	0	2	255	5	258	2.94e-63	199
WP_056862531.1	iEK1008.Rv1617	57.3	473	196	1	2	474	3	469	1.23e-178	509
WP_056862534.1	iAF987.Gmet_0069	28.3	120	78	3	13	126	3	120	7.95e-07	48.1
WP_056862534.1	iAF987.Gmet_1919	30.0	120	78	3	14	130	4	120	1.14e-06	47.8
WP_056862534.1	iAF987.Gmet_1914	28.3	106	74	2	15	119	4	108	1.03e-05	45.1
WP_056862534.1	iAF987.Gmet_1706	31.0	116	74	3	15	127	3	115	2.15e-05	43.9
WP_056862538.1	iSynCJ816.SGL_RS07665	53.4	232	108	0	23	254	4	235	4.08e-82	246
WP_056862541.1	iSynCJ816.SGL_RS14915	29.1	422	264	12	2	403	19	425	2.14e-27	113
WP_056862554.1	iHN637.CLJU_RS10465	37.0	335	208	2	41	372	302	636	5.84e-72	239
WP_056862556.1	iEK1008.Rv1631	51.1	188	92	0	1	188	2	189	1.72e-51	170
WP_056862556.1	iYO844.BSU29060	45.7	188	100	1	3	188	5	192	3.66e-48	155
WP_056862590.1	iEK1008.Rv2697c	64.4	146	47	1	6	146	5	150	5.17e-59	179
WP_056862594.1	iEK1008.Rv2691	51.1	219	107	0	1	219	1	219	6.47e-75	225
WP_056862623.1	iSynCJ816.SGL_RS11925	58.9	693	284	1	33	724	31	723	2.25e-293	820
WP_056862687.1	iJN1463.PP_4800	43.3	291	161	3	11	297	37	327	1.35e-83	255
WP_056862687.1	iYS854.USA300HOU_RS04580	44.8	286	155	2	24	306	8	293	8.88e-82	249
WP_056862687.1	iML1515.b0628	42.8	299	160	5	8	297	15	311	2.92e-81	248
WP_056862687.1	iSDY_1059.SDY_0550	42.8	299	160	5	8	297	15	311	2.92e-81	248
WP_056862687.1	iSF_1195.SF0653	42.8	299	160	5	8	297	15	311	2.92e-81	248
WP_056862687.1	iSSON_1240.SSON_0582	42.8	299	160	5	8	297	15	311	2.92e-81	248
WP_056862687.1	iSbBS512_1146.SbBS512_E0542	42.5	299	161	5	8	297	15	311	2.35e-80	246
WP_056862695.1	iJN1463.PP_0980	36.8	487	277	12	23	493	19	490	2.63e-65	219
WP_056862695.1	iSynCJ816.SGL_RS09430	36.2	459	265	10	47	493	44	486	8.96e-65	217
WP_056862697.1	iML1515.b2827	66.3	270	85	2	1	270	1	264	7.89e-138	388
WP_056862697.1	iSSON_1240.SSON_2984	66.3	270	85	2	1	270	1	264	7.89e-138	388
WP_056862697.1	iSF_1195.SF2837	65.9	270	86	2	1	270	1	264	1.12e-137	388
WP_056862697.1	iYL1228.KPN_03236	66.7	270	84	2	1	270	1	264	2.26e-137	387
WP_056862697.1	iSDY_1059.SDY_3044	65.9	270	86	2	1	270	1	264	3.21e-137	387
WP_056862697.1	iSbBS512_1146.SbBS512_E3035	65.9	270	86	2	1	270	1	264	1.30e-136	385
WP_056862697.1	STM_v1_0.STM3001	65.9	270	86	2	1	270	1	264	1.85e-136	385
WP_056862697.1	iPC815.YPO0783	66.3	270	85	2	1	270	1	264	1.24e-134	380
WP_056862697.1	iEK1008.Rv2764c	63.3	270	92	3	1	270	1	263	7.24e-129	365
WP_056862704.1	iJN1463.PP_1418	31.1	283	183	3	32	307	34	311	3.85e-34	127
WP_056862722.1	iAF692.Mbar_A0913	32.2	149	94	5	7	150	2	148	3.75e-16	72.4
WP_056862722.1	iAF692.Mbar_A3178	33.6	137	84	4	18	150	5	138	2.13e-14	67.4
WP_056862724.1	iEK1008.Rv2393	34.7	236	144	5	3	237	45	271	4.90e-24	97.1
WP_056862725.1	iEK1008.Rv2392	51.0	249	105	1	16	247	4	252	1.98e-87	259
WP_056862732.1	iEK1008.Rv2443	63.4	437	156	2	9	442	14	449	2.52e-179	510
WP_056862736.1	iML1515.b0543	40.7	54	32	0	13	66	14	67	1.26e-06	43.1
WP_056862745.1	iEK1008.Rv2606c	83.4	302	46	1	3	304	2	299	3.04e-173	481
WP_056862769.1	iYL1228.KPN_00865	34.2	301	166	5	41	340	17	286	1.06e-34	128
WP_056862769.1	iSbBS512_1146.SbBS512_E2516	33.2	307	175	6	34	340	24	300	2.89e-33	124
WP_056862769.1	iSF_1195.SF0782	35.2	307	169	6	34	340	24	300	2.89e-33	124
WP_056862769.1	iSSON_1240.SSON_0814	33.2	307	175	6	34	340	24	300	2.89e-33	124
WP_056862769.1	iML1515.b0832	32.9	307	176	6	34	340	24	300	4.03e-33	124
WP_056862769.1	iSDY_1059.SDY_0755	32.6	307	177	6	34	340	24	300	2.94e-32	122
WP_056862769.1	STM_v1_0.STM0851	34.7	311	165	7	34	340	24	300	8.01e-31	118
WP_056862770.1	iYO844.BSU12960	23.3	493	297	21	113	577	104	543	1.20e-11	67.0
WP_056862771.1	STM_v1_0.STM1743	51.6	314	147	3	1	314	1	309	5.08e-102	304
WP_056862771.1	iSDY_1059.SDY_1304	50.6	328	150	5	6	329	5	324	5.42e-102	304
WP_056862771.1	iSF_1195.SF1247	50.6	328	150	5	6	329	5	324	5.42e-102	304
WP_056862771.1	iSSON_1240.SSON_1934	50.6	328	150	5	6	329	5	324	7.68e-102	303
WP_056862771.1	iSbBS512_1146.SbBS512_E1415	50.6	328	150	5	6	329	5	324	1.54e-101	303
WP_056862771.1	iYO844.BSU12950	51.8	334	145	6	18	346	2	324	1.16e-100	300
WP_056862771.1	iYL1228.KPN_02194	52.4	307	140	3	6	310	5	307	1.24e-100	300
WP_056862771.1	iML1515.b1246	50.3	328	151	5	6	329	5	324	3.52e-100	299
WP_056862771.1	iLJ478.TM1064	53.0	298	135	3	20	313	4	300	2.99e-100	299
WP_056862771.1	iLJ478.TM1749	49.5	327	158	3	20	346	4	323	6.55e-100	298
WP_056862771.1	iEK1008.Rv1281c	52.9	310	140	3	19	327	3	307	2.90e-92	288
WP_056862771.1	STM_v1_0.STM3627	49.8	321	154	3	20	340	3	316	8.61e-96	288
WP_056862771.1	iYL1228.KPN_03896	48.9	321	157	3	20	340	3	316	6.93e-95	285
WP_056862771.1	iPC815.YPO4000	49.8	321	153	3	20	340	3	315	6.71e-95	285
WP_056862771.1	iML1515.b3541	48.6	321	158	3	20	340	3	316	8.96e-93	280
WP_056862771.1	iSF_1195.SF3576	48.6	321	158	3	20	340	3	316	8.96e-93	280
WP_056862771.1	iYS854.USA300HOU_RS04900	51.4	288	139	1	18	304	3	290	2.54e-92	280
WP_056862771.1	iSSON_1240.SSON_3849	48.6	321	158	3	20	340	3	316	2.54e-92	279
WP_056862771.1	iSDY_1059.SDY_4564	48.3	321	159	3	20	340	3	316	5.78e-91	275
WP_056862771.1	iLJ478.TM0058	48.3	323	154	6	18	331	2	320	6.56e-91	275
WP_056862779.1	iEK1008.Rv2537c	54.3	138	62	1	3	140	6	142	9.92e-47	148
WP_056862790.1	iEK1008.Rv1384	68.7	1122	320	11	1	1104	1	1109	0.0	1452
WP_056862807.1	iEK1008.Rv1412	57.2	201	78	3	1	197	1	197	1.17e-67	206
WP_056862807.1	iNF517.LLMG_RS07705	47.3	201	98	2	1	199	1	195	1.37e-59	186
WP_056862808.1	iPC815.YPO1128	23.6	225	138	4	9	208	10	225	3.25e-09	55.1
WP_056862808.1	STM_v1_0.STM0757	25.1	231	137	5	9	213	10	230	1.72e-07	50.1
WP_056862808.1	iYL1228.KPN_00755	23.9	230	141	4	9	213	10	230	2.33e-07	49.7
WP_056862810.1	iEK1008.Rv2122c	66.7	87	29	0	1	87	7	93	2.47e-35	115
WP_056862822.1	iEK1008.Rv1654	64.8	287	101	0	14	300	8	294	3.33e-129	369
WP_056862825.1	iML1515.b3172	68.4	424	133	1	1	424	1	423	2.17e-216	603
WP_056862825.1	iSF_1195.SF3213	68.4	424	133	1	1	424	1	423	2.17e-216	603
WP_056862825.1	iSSON_1240.SSON_3320	68.4	424	133	1	1	424	1	423	2.17e-216	603
WP_056862825.1	iSbBS512_1146.SbBS512_E3599	68.2	424	134	1	1	424	1	423	1.25e-215	601
WP_056862825.1	iSDY_1059.SDY_3351	68.2	424	134	1	1	424	1	423	1.25e-215	601
WP_056862825.1	iYL1228.KPN_03580	67.8	428	137	1	1	428	1	427	9.64e-213	594
WP_056862825.1	iCN718.ABAYE_RS13220	64.5	442	152	2	4	445	7	443	7.43e-210	587
WP_056862825.1	iPC815.YPO1570	67.1	423	138	1	1	423	1	422	1.41e-209	586
WP_056862837.1	iEK1008.Rv0684	69.4	686	207	1	1	686	19	701	0.0	968
WP_056862876.1	iMM1415.69156	32.4	170	110	2	46	211	94	262	3.47e-20	85.5
WP_056862876.1	iCHOv1.100762102	31.8	170	111	2	46	211	94	262	1.30e-19	84.0
WP_056862876.1	iCN718.ABAYE_RS12465	27.6	192	131	4	12	196	11	201	4.87e-18	79.0
WP_056862899.1	iEK1008.Rv2920c	51.4	459	170	9	1	424	18	458	8.15e-131	385
WP_056862921.1	iEK1008.Rv2202c	53.4	305	142	0	1	305	15	319	4.59e-107	314
WP_056862923.1	iEK1008.Rv2194	39.1	258	148	3	2	257	30	280	1.08e-55	180
WP_056862943.1	iSF_1195.SF0910	32.0	585	385	10	1	581	1	576	6.33e-79	259
WP_056862943.1	iSSON_1240.SSON_0916	32.0	585	385	10	1	581	1	576	6.33e-79	259
WP_056862943.1	iML1515.b0914	32.0	585	385	10	1	581	1	576	8.86e-79	259
WP_056862943.1	STM_v1_0.STM0984	31.9	586	384	12	1	581	1	576	8.86e-79	259
WP_056862943.1	iSbBS512_1146.SbBS512_E2410	32.0	585	385	10	1	581	1	576	8.86e-79	259
WP_056862943.1	iSDY_1059.SDY_2344	32.0	585	385	10	1	581	1	576	8.86e-79	259
WP_056862943.1	iYL1228.KPN_00941	31.6	585	387	10	1	581	1	576	1.81e-77	256
WP_056862943.1	iPC815.YPO1395	31.3	584	390	8	1	581	1	576	2.94e-73	244
WP_056862944.1	iEK1008.Rv1606	70.6	109	32	0	3	111	2	110	3.28e-53	162
WP_056862988.1	iSbBS512_1146.SbBS512_E1419	24.9	193	138	2	57	245	175	364	8.77e-13	68.6
WP_056862988.1	iSF_1195.SF1251	24.9	193	138	2	57	245	175	364	1.17e-12	68.2
WP_056862988.1	iML1515.b1250	24.9	193	138	2	57	245	175	364	1.57e-12	67.8
WP_056862988.1	iSSON_1240.SSON_1930	24.9	193	138	2	57	245	175	364	1.57e-12	67.8
WP_056862988.1	iSDY_1059.SDY_1308	24.9	193	138	2	57	245	175	364	2.10e-12	67.4
WP_056862989.1	iEK1008.Rv2583c	62.6	752	268	6	1	748	45	787	0.0	892
WP_056862993.1	iEK1008.Rv2539c	46.9	147	77	1	2	147	12	158	7.79e-35	119
WP_056862999.1	iEK1008.Rv1389	52.5	179	84	1	1	178	23	201	8.64e-58	180
WP_056863024.1	iAF692.Mbar_A3140	27.8	356	226	10	5	352	9	341	2.28e-22	97.4
WP_056863024.1	iEK1008.Rv3032	33.3	369	199	17	5	330	1	365	4.87e-21	93.2
WP_056863026.1	iAF987.Gmet_1601	34.5	174	114	0	11	184	6	179	1.84e-19	85.9
WP_056863026.1	iCN718.ABAYE_RS09965	30.3	175	121	1	11	184	8	182	1.16e-18	84.0
WP_056863026.1	iYL1228.KPN_02061	29.6	206	137	4	11	211	3	205	9.76e-18	81.3
WP_056863026.1	iCN900.CD630_11820	30.0	170	118	1	9	177	5	174	1.08e-16	78.2
WP_056863035.1	iLJ478.TM1724	30.4	257	156	5	2	254	6	243	3.01e-16	75.5
WP_056863038.1	iEK1008.Rv0166	36.8	511	294	11	13	506	36	534	9.70e-80	258
WP_056863038.1	iAF987.Gmet_2246	34.3	508	303	14	17	503	15	512	1.28e-71	236
WP_056863040.1	iEK1008.Rv0222	51.4	245	117	2	7	250	16	259	2.87e-70	216
WP_056863044.1	iEK1008.Rv0456c	33.5	281	180	4	2	280	5	280	1.12e-38	138
WP_056863047.1	iLJ478.TM1724	40.6	249	140	5	8	252	2	246	1.15e-45	152
WP_056863047.1	iEK1008.Rv1928c	37.8	254	152	4	1	250	1	252	9.08e-44	148
WP_056863047.1	iYO844.BSU15910	36.4	247	152	4	9	252	2	246	3.97e-43	146
WP_056863047.1	iAF987.Gmet_1601	37.9	243	147	3	9	249	3	243	1.74e-41	142
WP_056863049.1	iPC815.YPO2499	30.1	272	188	2	34	304	52	322	7.96e-27	107
WP_056863049.1	iML1515.b4086	24.8	298	221	3	11	306	24	320	4.70e-24	100
WP_056863050.1	iEK1008.Rv3086	59.5	368	149	0	1	368	1	368	8.28e-160	452
WP_056863053.1	iYO844.BSU39780	29.8	309	174	9	14	292	11	306	4.73e-25	101
WP_056863053.1	iYL1228.KPN_01195	30.6	281	166	9	16	292	24	279	5.01e-25	101
WP_056863053.1	iYO844.BSU09530	35.3	167	86	5	14	173	11	162	2.17e-22	94.7
WP_056863061.1	iJN1463.PP_2514	34.1	123	80	1	46	167	58	180	1.02e-08	52.4
WP_056863083.1	iYL1228.KPN_04282	44.0	50	24	2	64	111	15	62	1.55e-04	39.3
WP_056863097.1	iYO844.BSU37170	48.1	372	191	2	9	378	6	377	1.42e-113	336
WP_056863097.1	iYO844.BSU24150	44.6	372	204	2	9	378	4	375	2.08e-102	307
WP_056863109.1	iEK1008.Rv0548c	75.3	295	73	0	11	305	20	314	1.82e-164	459
WP_056863120.1	iEK1008.Rv0156	56.2	89	37	1	9	95	9	97	5.43e-25	90.5
WP_056863146.1	iJN1463.PP_5066	36.9	482	280	9	1	469	16	486	2.73e-70	234
WP_056863160.1	iEK1008.Rv3709c	66.7	424	138	2	1	424	1	421	1.28e-190	535
WP_056863161.1	iEK1008.Rv3708c	69.4	346	104	1	3	348	2	345	1.23e-157	445
WP_056863166.1	iMM904.YDL100C	23.8	261	151	9	17	238	23	274	2.20e-07	51.6
WP_056863167.1	iYO844.BSU04360	27.2	316	184	12	23	312	34	329	1.49e-09	59.3
WP_056863167.1	iHN637.CLJU_RS16930	20.1	304	225	7	21	312	40	337	3.57e-09	58.2
WP_056863168.1	iJN1463.PP_0795	46.1	503	221	9	3	500	120	577	7.83e-88	280
WP_056863168.1	STM_v1_0.STM2204	45.5	484	211	11	3	479	105	542	1.23e-84	271
WP_056863168.1	iYL1228.KPN_02598	40.9	482	235	9	3	479	106	542	7.07e-84	270
WP_056863168.1	iHN637.CLJU_RS10110	40.0	492	237	10	3	483	176	620	3.77e-82	267
WP_056863168.1	iPC815.YPO1300	43.1	490	220	9	3	483	112	551	3.10e-82	265
WP_056863168.1	iML1515.b2167	44.4	482	219	9	3	479	106	543	4.04e-82	265
WP_056863168.1	iSbBS512_1146.SbBS512_E0796	44.4	482	219	9	3	479	106	543	7.95e-82	264
WP_056863168.1	iSSON_1240.SSON_2223	44.4	482	219	9	3	479	106	543	7.95e-82	264
WP_056863168.1	iSDY_1059.SDY_2315	43.6	486	217	9	3	479	106	543	1.12e-81	264
WP_056863168.1	iSF_1195.SF2252	44.2	482	220	9	3	479	106	543	2.20e-81	263
WP_056863168.1	iYO844.BSU14400	39.5	489	262	7	3	488	172	629	3.38e-79	259
WP_056863168.1	iNF517.LLMG_RS07900	39.6	497	253	11	2	483	162	626	3.31e-79	259
WP_056863171.1	iEK1008.Rv0073	41.4	70	41	0	32	101	231	300	5.24e-11	60.8
WP_056863171.1	iEK1008.Rv2564	40.0	70	42	0	32	101	231	300	2.39e-10	58.9
WP_056863173.1	iML1515.b1813	36.5	170	89	6	33	193	30	189	1.11e-16	75.1
WP_056863173.1	iAF987.Gmet_0068	33.7	178	109	6	17	190	17	189	1.58e-14	69.3
WP_056863178.1	iYO844.BSU38240	52.3	533	226	7	9	540	7	512	1.08e-163	474
WP_056863198.1	iYO844.BSU34660	24.2	91	69	0	5	95	422	512	6.49e-04	37.4
WP_056863208.1	iJN1463.PP_0328	67.0	403	123	3	1	401	1	395	1.14e-180	508
WP_056863217.1	iJN1463.PP_3277	72.2	90	25	0	9	98	4	93	4.09e-46	142
WP_056863217.1	iML1515.b1389	70.0	90	27	0	9	98	6	95	2.93e-44	138
WP_056863217.1	iYL1228.KPN_01470	68.9	90	28	0	9	98	6	95	8.41e-44	137
WP_056863224.1	iJN1463.PP_0169	31.3	224	131	6	33	234	55	277	1.61e-25	101
WP_056863224.1	iJN1463.PP_0230	28.0	271	175	4	3	254	6	275	1.52e-25	101
WP_056863224.1	iML1515.b0368	27.6	261	169	4	9	250	14	273	2.36e-25	100
WP_056863224.1	iCN718.ABAYE_RS11215	26.7	270	176	6	1	250	8	275	3.91e-25	100
WP_056863224.1	iSDY_1059.SDY_0502	27.9	233	151	3	34	250	42	273	2.39e-24	98.2
WP_056863224.1	iSSON_1240.SSON_0346	27.2	261	170	4	9	250	14	273	2.39e-24	98.2
WP_056863224.1	iSF_1195.SF0250	27.2	261	170	4	9	250	14	273	4.62e-24	97.4
WP_056863224.1	iYL1228.KPN_00314	28.9	263	163	5	9	250	14	273	2.40e-23	95.5
WP_056863235.1	iYO844.BSU31322	45.7	35	19	0	50	84	47	81	8.62e-04	38.9
WP_056863245.1	iEK1008.Rv1170	33.1	148	62	5	42	159	7	147	4.05e-06	48.1
WP_056863264.1	iEK1008.Rv0386	35.7	56	36	0	147	202	1021	1076	2.85e-04	41.2
WP_056863276.1	iAF987.Gmet_2134	27.7	278	148	7	25	301	28	253	1.13e-15	75.9
WP_056863281.1	iEK1008.Rv1320c	45.3	508	271	4	16	519	31	535	1.11e-110	340
WP_056863281.1	iEK1008.Rv1318c	43.0	519	289	4	8	520	19	536	2.08e-110	338
WP_056863281.1	iEK1008.Rv1319c	43.8	505	280	4	16	517	31	534	1.70e-107	330
WP_056863302.1	STM_v1_0.STM0659	36.9	477	280	8	4	474	7	468	9.17e-88	283
WP_056863302.1	iML1515.b0650	37.8	466	260	10	4	458	7	453	1.67e-87	282
WP_056863302.1	iSSON_1240.SSON_0604	37.8	466	260	10	4	458	7	453	1.67e-87	282
WP_056863302.1	iSbBS512_1146.SbBS512_E0599	37.4	468	257	10	5	458	8	453	9.60e-86	278
WP_056863316.1	iEK1008.Rv0363c	72.0	343	96	0	1	343	1	343	3.70e-174	486
WP_056863322.1	iAF692.Mbar_A1507	27.2	559	343	13	15	564	5	508	1.20e-55	196
WP_056863336.1	iYO844.BSU06460	42.5	80	46	0	1	80	1	80	1.26e-11	54.7
WP_056863336.1	iSynCJ816.SGL_RS15525	39.1	69	41	1	11	78	14	82	2.39e-10	51.6
WP_056863350.1	iJN1463.PP_3947	40.4	146	84	2	8	153	9	151	1.04e-33	115
WP_056863350.1	iHN637.CLJU_RS11605	39.1	156	90	3	1	155	2	153	3.28e-29	104
WP_056863352.1	iEK1008.Rv0808	65.3	510	162	6	8	508	11	514	1.96e-234	654
WP_056863353.1	iEK1008.Rv0809	59.5	351	135	2	7	357	19	362	1.05e-139	400
WP_056863376.1	iCN900.CD630_26790	35.3	258	154	3	6	251	2	258	7.51e-35	125
WP_056863376.1	iSynCJ816.SGL_RS07245	40.0	240	136	6	11	247	9	243	1.60e-34	124
WP_056863376.1	iAF987.Gmet_1601	39.5	238	141	3	11	247	8	243	2.37e-33	120
WP_056863376.1	iJN1463.PP_3073	36.6	254	147	4	9	251	6	256	3.01e-33	120
WP_056863376.1	iLJ478.TM1724	37.1	240	142	4	12	247	9	243	3.33e-33	120
WP_056863376.1	iCN718.ABAYE_RS09790	33.2	253	156	3	11	251	10	261	1.31e-32	119
WP_056863376.1	iYL1228.KPN_02061	36.4	250	144	5	11	247	5	252	2.30e-32	118
WP_056863376.1	iYL1228.KPN_01091	37.4	238	143	4	11	247	8	240	6.74e-32	117
WP_056863376.1	iML1515.b1619	35.0	240	153	3	9	247	12	249	9.30e-31	114
WP_056863376.1	iYO844.BSU15910	35.7	244	153	4	6	247	2	243	1.49e-30	113
WP_056863376.1	iMM1415.14979	36.0	247	146	5	11	247	12	256	2.00e-30	113
WP_056863386.1	iEK1008.Rv1854c	63.1	447	160	4	4	448	2	445	7.54e-191	540
WP_056863386.1	iEK1008.Rv0392c	60.1	446	173	4	17	458	13	457	4.56e-179	510
WP_056863398.1	iEK1008.Rv2181	36.8	361	173	15	44	362	45	392	1.58e-45	161
WP_056863401.1	iEK1008.Rv0103c	49.9	767	335	17	18	769	17	749	2.07e-192	565
WP_056863401.1	iEK1008.Rv0092	48.6	769	353	11	7	769	8	740	6.18e-191	561
WP_056863401.1	iYO844.BSU33500	43.1	765	382	13	17	767	74	799	2.36e-174	520
WP_056863403.1	iEK1008.Rv0928	34.7	369	221	10	14	374	13	369	2.00e-42	151
WP_056863403.1	iEK1008.Rv0932c	34.4	369	224	11	14	375	13	370	1.09e-40	147
WP_056863404.1	iEK1008.Rv0930	48.3	288	138	6	76	360	26	305	3.84e-74	231
WP_056863405.1	iEK1008.Rv0820	69.9	259	77	1	1	259	1	258	6.54e-128	362
WP_056863411.1	iEK1008.Rv0684	27.8	478	293	11	13	455	14	474	8.56e-42	159
WP_056863411.1	iSynCJ816.SGL_RS10930	27.2	493	316	12	13	475	11	490	5.04e-41	156
WP_056863412.1	iAF987.Gmet_3131	47.8	324	160	6	1	320	2	320	2.43e-91	275
WP_056863412.1	iYO844.BSU12840	41.3	334	192	3	1	331	1	333	2.96e-84	257
WP_056863412.1	iHN637.CLJU_RS06110	44.6	327	174	4	3	326	5	327	2.79e-84	257
WP_056863412.1	iEK1008.Rv0545c	44.7	340	176	6	1	334	3	336	5.69e-82	254
WP_056863430.1	iEK1008.Rv1286	64.0	411	147	1	18	427	4	414	4.74e-180	515
WP_056863431.1	iEK1008.Rv1285	66.3	297	99	1	8	304	37	332	1.58e-136	389
WP_056863437.1	iHN637.CLJU_RS02610	50.0	108	53	1	8	114	351	458	2.27e-30	112
WP_056863437.1	iJN1463.PP_1776	47.3	110	58	0	8	117	371	480	7.13e-30	110
WP_056863437.1	iAF987.Gmet_2471	46.3	108	58	0	7	114	6	113	2.04e-32	110
WP_056863437.1	iSynCJ816.SGL_RS14110	46.8	109	58	0	6	114	19	127	5.01e-31	106
WP_056863437.1	iAF692.Mbar_A3140	45.9	109	59	0	6	114	349	457	4.10e-28	105
WP_056863441.1	iSynCJ816.SGL_RS10570	24.5	249	182	4	34	279	93	338	2.19e-12	68.2
WP_056863454.1	iYS854.USA300HOU_RS05410	34.8	425	268	5	21	437	7	430	2.79e-78	250
WP_056863454.1	iCN718.ABAYE_RS11260	37.7	416	242	10	21	424	11	421	9.67e-76	244
WP_056863454.1	iYO844.BSU30710	33.9	439	272	9	21	448	7	438	9.89e-76	243
WP_056863454.1	iJN1463.PP_4651	34.8	443	278	8	21	454	10	450	1.48e-68	226
WP_056863463.1	iEK1008.Rv0684	26.6	508	259	11	10	424	13	499	1.99e-33	135
WP_056863463.1	iSynCJ816.SGL_RS10930	27.5	495	246	14	10	414	10	481	4.71e-31	128
WP_056863465.1	iEK1008.Rv1155	39.0	118	65	4	27	139	22	137	1.86e-20	81.6
WP_056863471.1	iAF987.Gmet_2999	31.9	116	76	1	4	116	10	125	5.95e-15	72.4
WP_056863471.1	iAF987.Gmet_1706	32.2	118	75	2	3	117	2	117	3.14e-14	70.1
WP_056863471.1	iAF987.Gmet_0069	33.9	127	78	4	4	124	5	131	3.55e-13	67.0
WP_056863471.1	iAF987.Gmet_1919	30.2	116	80	1	4	118	5	120	1.45e-12	65.5
WP_056863483.1	iCN900.CD630_07650	50.4	119	59	0	4	122	3	121	5.60e-40	129
WP_056863483.1	iML1515.b2703	48.7	115	57	2	7	120	4	117	3.22e-35	122
WP_056863483.1	iYL1228.KPN_03038	50.0	116	56	2	7	121	4	118	3.70e-35	122
WP_056863483.1	iSbBS512_1146.SbBS512_E3174	48.7	115	57	2	7	120	4	117	3.22e-35	122
WP_056863483.1	STM_v1_0.STM2833	47.8	115	58	2	7	120	4	117	1.36e-34	121
WP_056863483.1	iSSON_1240.SSON_2847	47.8	115	58	2	7	120	4	117	2.49e-34	120
WP_056863485.1	iHN637.CLJU_RS11915	29.1	306	211	3	16	319	22	323	7.43e-39	139
WP_056863487.1	iCN900.CD630_00370	54.5	323	147	0	16	338	4	326	1.18e-115	337
WP_056863507.1	iEK1008.Rv2006	33.6	232	125	9	10	228	268	483	7.75e-14	71.2
WP_056863518.1	iEK1008.Rv3556c	47.3	389	194	4	1	381	1	386	4.73e-114	337
WP_056863570.1	iEK1008.Rv0357c	62.5	427	156	2	1	427	1	423	1.07e-196	551
WP_056863582.1	iLJ478.TM0317	37.1	62	39	0	6	67	20	81	3.87e-07	44.7
WP_056863582.1	iYO844.BSU33510	37.7	61	37	1	9	68	8	68	3.50e-07	42.4
WP_056863582.1	iYL1228.KPN_00464	41.5	65	34	1	1	65	19	79	3.50e-06	42.0
WP_056863582.1	iYS854.USA300HOU_RS13885	51.4	37	18	0	9	45	8	44	6.88e-07	41.6
WP_056863637.1	iMM904.YDR305C	30.3	99	66	2	29	124	36	134	3.00e-08	50.1
WP_056863637.1	iML1515.b1103	27.7	101	68	3	7	103	6	105	1.69e-07	46.6
WP_056863638.1	iCN718.ABAYE_RS14915	44.2	242	127	2	7	247	6	240	1.40e-63	198
WP_056863638.1	iYL1228.KPN_01091	44.9	245	127	2	4	247	3	240	1.28e-61	193
WP_056863638.1	iAF987.Gmet_1531	46.3	259	123	4	1	253	1	249	2.11e-61	193
WP_056863638.1	iLJ478.TM1724	43.8	256	125	4	3	250	2	246	8.77e-60	189
WP_056863638.1	iML1515.b1093	43.7	245	130	3	4	247	3	240	9.37e-59	186
WP_056863638.1	iSbBS512_1146.SbBS512_E2231	43.7	245	130	3	4	247	3	240	9.37e-59	186
WP_056863638.1	iSF_1195.SF1097	43.7	245	130	3	4	247	3	240	9.37e-59	186
WP_056863638.1	iSSON_1240.SSON_1113	43.7	245	130	3	4	247	3	240	9.37e-59	186
WP_056863638.1	iSDY_1059.SDY_2057	43.7	245	130	3	4	247	3	240	1.33e-58	186
WP_056863638.1	STM_v1_0.STM1195	43.7	245	130	3	4	247	3	240	2.65e-58	185
WP_056863638.1	iPC815.YPO1599	42.4	245	133	3	4	247	3	240	2.12e-57	182
WP_056863638.1	iCN900.CD630_11820	45.8	253	123	6	4	250	4	248	4.93e-57	182
WP_056863638.1	iYS854.USA300HOU_RS06185	45.5	244	121	4	9	247	5	241	1.20e-56	181
WP_056863638.1	iYO844.BSU15910	40.5	252	138	4	4	250	2	246	2.55e-56	180
WP_056863638.1	iAF987.Gmet_1601	43.5	248	129	3	4	247	3	243	5.10e-56	179
WP_056863647.1	iAT_PLT_636.3242	44.9	361	196	2	52	409	21	381	2.59e-98	298
WP_056863647.1	iMM1415.15445	44.6	363	194	3	52	409	21	381	3.30e-96	293
WP_056863647.1	iCHOv1.100768220	44.8	364	192	3	52	409	21	381	5.26e-95	290
WP_056863652.1	iSDY_1059.SDY_0785	37.6	226	133	5	44	265	26	247	1.01e-37	132
WP_056863652.1	STM_v1_0.STM0830	37.1	229	136	6	41	265	23	247	2.01e-37	132
WP_056863652.1	iML1515.b0811	36.7	229	137	5	41	265	23	247	2.82e-37	131
WP_056863652.1	iSSON_1240.SSON_0791	36.7	229	137	5	41	265	23	247	2.82e-37	131
WP_056863652.1	iPC815.YPO2512	37.1	229	135	6	41	265	23	246	7.65e-37	130
WP_056863652.1	iSbBS512_1146.SbBS512_E2537	36.7	229	137	5	41	265	23	247	1.10e-36	130
WP_056863652.1	iYL1228.KPN_00840	36.9	225	134	6	45	265	27	247	2.18e-36	129
WP_056863652.1	iSF_1195.SF0762	36.2	229	138	5	41	265	23	247	2.18e-36	129
WP_056863662.1	iEK1008.Rv1336	72.0	321	83	1	2	315	3	323	3.72e-164	459
WP_056863668.1	iCN900.CD630_33080	53.6	239	110	1	1	239	1	238	2.48e-83	255
WP_056863670.1	iCN718.ABAYE_RS10950	33.8	148	91	3	30	172	27	172	4.84e-22	87.8
WP_056863671.1	iPC815.YPO3064	46.1	141	76	0	10	150	5	145	3.11e-42	137
WP_056863671.1	iML1515.b2480	45.4	141	77	0	10	150	4	144	2.45e-41	135
WP_056863671.1	iYL1228.KPN_02814	45.5	143	78	0	8	150	2	144	2.45e-41	135
WP_056863671.1	iSbBS512_1146.SbBS512_E2852	45.4	141	77	0	10	150	4	144	2.45e-41	135
WP_056863671.1	iSDY_1059.SDY_2669	45.4	141	77	0	10	150	4	144	2.45e-41	135
WP_056863671.1	iSF_1195.SF2523	45.4	141	77	0	10	150	4	144	2.45e-41	135
WP_056863671.1	iSSON_1240.SSON_2561	45.4	141	77	0	10	150	4	144	2.45e-41	135
WP_056863672.1	iAF987.Gmet_2441	35.3	215	138	1	1	214	1	215	3.33e-29	111
WP_056863674.1	iAF987.Gmet_2439	49.4	239	121	0	1	239	1	239	1.64e-79	239
WP_056863687.1	iPC815.YPO3172	33.3	108	65	4	63	168	56	158	5.26e-06	44.7
WP_056863687.1	iLJ478.TM1245	35.5	76	44	1	60	130	28	103	8.06e-06	44.3
WP_056863687.1	iAF692.Mbar_A2755	37.8	82	45	2	74	149	42	123	1.21e-05	43.9
WP_056863687.1	iYS854.USA300HOU_RS05320	36.8	68	38	1	68	130	35	102	3.93e-05	42.4
WP_056863687.1	iNF517.LLMG_RS04960	34.2	79	39	2	74	139	42	120	7.32e-05	41.6
WP_056863687.1	iYO844.BSU06470	38.5	65	35	1	68	127	36	100	9.95e-05	41.2
WP_056863692.1	iSynCJ816.SGL_RS15345	23.9	570	344	21	13	531	5	535	8.02e-13	70.5
WP_056863723.1	iCN900.CD630_07520	28.0	246	127	6	5	234	1	212	2.74e-19	87.0
WP_056863723.1	iJN1463.PP_0240	29.8	238	116	5	9	236	20	216	5.87e-17	80.9
WP_056863723.1	iYO844.BSU02860	26.3	247	136	8	7	239	5	219	7.47e-17	79.7
WP_056863723.1	iJN1463.PP_4150	25.8	372	192	11	141	476	133	456	1.02e-15	79.7
WP_056863723.1	iLJ478.TM0115	21.5	559	309	18	5	517	14	488	1.73e-15	79.0
WP_056863746.1	iAT_PLT_636.4905	36.8	106	58	5	120	219	256	358	3.81e-06	48.9
WP_056863746.1	iMM1415.18195	36.8	106	58	5	120	219	256	358	3.81e-06	48.9
WP_056863746.1	iCN900.CD630_20200	25.0	340	173	13	71	396	573	844	4.81e-05	45.4
WP_056863748.1	iEK1008.Rv2447c	49.4	453	210	4	19	452	29	481	2.48e-130	386
WP_056863751.1	STM_v1_0.STM0659	21.8	358	244	9	10	338	8	358	5.24e-06	47.8
WP_056863751.1	iML1515.b0650	25.8	178	111	4	10	168	8	183	6.61e-05	44.3
WP_056863751.1	iSbBS512_1146.SbBS512_E0599	25.8	178	111	4	10	168	8	183	6.61e-05	44.3
WP_056863751.1	iSSON_1240.SSON_0604	25.8	178	111	4	10	168	8	183	6.61e-05	44.3
WP_056863753.1	iEK1008.Rv1607	59.7	365	139	2	9	373	4	360	3.14e-124	362
WP_056863760.1	iML1515.b4173	31.8	179	96	7	161	329	197	359	8.64e-10	60.5
WP_056863765.1	iYO844.BSU03070	25.7	443	295	9	17	458	7	416	4.65e-33	132
WP_056863767.1	iYS854.USA300HOU_RS10325	41.8	98	57	0	1	98	1	98	6.63e-21	79.3
WP_056863767.1	iAF987.Gmet_0076	38.7	93	57	0	3	95	2	94	2.19e-18	72.8
WP_056863769.1	iAF987.Gmet_0073	42.8	493	258	5	20	506	3	477	3.17e-128	381
WP_056863769.1	iSynCJ816.SGL_RS10865	39.8	485	284	4	20	502	10	488	1.09e-118	357
WP_056863769.1	iLJ478.TM1273	39.6	477	274	5	20	494	3	467	2.32e-114	346
WP_056863773.1	iCN900.CD630_04310	26.4	493	333	8	2	491	5	470	7.68e-45	164
WP_056863775.1	iAF987.Gmet_0843	28.6	241	149	9	67	303	47	268	7.00e-09	55.5
WP_056863775.1	iYL1228.KPN_01542	33.0	103	62	3	34	135	10	106	1.61e-07	51.2
WP_056863775.1	iJN1463.PP_0553	34.2	120	67	4	24	139	119	230	6.04e-07	50.1
WP_056863777.1	iYL1228.KPN_00842	43.5	269	148	2	15	280	13	280	5.88e-57	184
WP_056863777.1	iJN1463.PP_2239	39.4	279	163	4	15	289	14	290	4.52e-53	174
WP_056863777.1	STM_v1_0.STM0832	42.2	270	150	4	15	280	13	280	4.52e-53	174
WP_056863777.1	iSF_1195.SF0764	41.6	274	154	4	15	284	13	284	9.93e-52	171
WP_056863777.1	iML1515.b0813	41.2	274	155	4	15	284	13	284	1.40e-51	171
WP_056863777.1	iSbBS512_1146.SbBS512_E2535	41.2	274	155	4	15	284	13	284	1.40e-51	171
WP_056863777.1	iSSON_1240.SSON_0793	41.2	274	155	4	15	284	13	284	1.40e-51	171
WP_056863781.1	iEK1008.Rv1017c	67.5	317	103	0	7	323	10	326	3.37e-151	427
WP_056863792.1	iEK1008.Rv2131c	55.0	242	95	6	27	258	26	263	4.76e-75	229
WP_056863803.1	iCN718.ABAYE_RS04410	51.7	414	189	7	13	421	15	422	1.97e-150	433
WP_056863803.1	iJN1463.PP_4194	51.8	415	193	5	17	427	17	428	1.01e-146	424
WP_056863803.1	iEK1008.Rv0896	50.4	419	203	4	13	427	14	431	2.01e-144	418
WP_056863803.1	iPC815.YPO1108	52.6	384	178	3	41	421	38	420	4.83e-144	417
WP_056863803.1	iYL1228.KPN_00727	49.3	408	201	5	17	421	17	421	7.08e-144	416
WP_056863803.1	iML1515.b0720	49.4	413	201	6	12	421	14	421	2.85e-143	415
WP_056863803.1	STM_v1_0.STM0730	48.8	414	206	5	17	427	17	427	2.85e-143	415
WP_056863803.1	iSbBS512_1146.SbBS512_E0638	49.4	413	201	6	12	421	14	421	2.85e-143	415
WP_056863803.1	iSSON_1240.SSON_0671	49.4	413	201	6	12	421	14	421	2.85e-143	415
WP_056863803.1	iSDY_1059.SDY_0658	49.4	413	201	6	12	421	14	421	1.63e-142	413
WP_056863803.1	iSF_1195.SF0577	49.2	413	202	6	12	421	14	421	1.63e-142	413
WP_056863806.1	iAF987.Gmet_1884	44.7	123	59	4	3	116	2	124	1.59e-18	74.7
WP_056863806.1	iPC815.YPO2929	37.3	126	70	3	1	117	1	126	1.00e-16	70.1
WP_056863806.1	STM_v1_0.STM2577	37.3	126	70	3	1	117	1	126	5.64e-16	68.2
WP_056863806.1	iML1515.b2563	36.5	126	71	3	1	117	1	126	1.12e-15	67.4
WP_056863807.1	iLB1027_lipid.PHATRDRAFT_41686	34.9	413	260	6	47	451	15	426	8.82e-69	224
WP_056863807.1	iLB1027_lipid.PHATRDRAFT_8945	34.5	411	256	8	51	450	4	412	7.98e-64	211
WP_056863807.1	iJN1463.PP_5182	33.4	416	263	7	45	448	34	447	1.87e-60	203
WP_056863821.1	iEK1008.Rv3411c	64.7	498	170	4	4	500	37	529	1.19e-215	605
WP_056863822.1	iEK1008.Rv3410c	53.7	374	163	4	4	368	2	374	2.32e-126	367
WP_056863822.1	iSynCJ816.SGL_RS08785	52.3	365	172	2	4	367	3	366	6.86e-121	354
WP_056863823.1	iEK1008.Rv1731	48.5	480	247	0	58	537	35	514	3.16e-155	453
WP_056863827.1	iEK1008.Rv0650	34.2	295	186	5	104	390	6	300	1.19e-33	127
WP_056863827.1	iAF987.Gmet_1639	32.4	278	156	7	103	355	10	280	9.27e-31	119
WP_056863827.1	iHN637.CLJU_RS10220	27.0	307	205	5	101	389	6	311	8.15e-30	117
WP_056863829.1	iLJ478.TM0115	37.6	242	144	2	15	250	14	254	2.29e-48	167
WP_056863829.1	iPC815.YPO3964	37.7	236	146	1	15	250	6	240	2.01e-45	159
WP_056863829.1	iLJ478.TM0956	38.8	242	144	3	13	252	10	249	5.03e-43	153
WP_056863829.1	iPC815.YPO3907	38.1	215	132	1	15	229	4	217	6.61e-43	152
WP_056863830.1	iML1515.b3568	33.2	379	238	7	38	410	22	391	2.79e-46	163
WP_056863830.1	iSbBS512_1146.SbBS512_E3954	33.2	379	238	7	38	410	22	391	2.79e-46	163
WP_056863830.1	iSF_1195.SF3612	33.2	379	238	7	38	410	22	391	2.79e-46	163
WP_056863830.1	iYL1228.KPN_03932	34.3	394	228	11	31	410	15	391	5.44e-46	162
WP_056863830.1	iPC815.YPO4035	31.7	379	246	6	37	410	22	392	8.21e-43	154
WP_056863833.1	STM_v1_0.STM2232	29.9	355	219	9	4	357	5	330	3.35e-32	132
WP_056863833.1	iYS854.USA300HOU_RS13930	29.3	368	225	11	4	357	16	362	5.86e-31	128
WP_056863841.1	iEK1008.Rv0951	69.0	387	119	1	1	386	1	387	5.43e-174	489
WP_056863842.1	iEK1008.Rv0952	75.8	302	71	1	1	302	4	303	1.34e-158	444
WP_056863850.1	iEK1008.Rv1240	85.4	329	47	1	1	328	1	329	1.02e-189	525
WP_056863855.1	iJN1463.PP_2647	29.3	270	187	3	19	286	24	291	3.89e-21	94.4
WP_056863855.1	iYL1228.KPN_01628	27.4	259	187	1	19	277	13	270	1.63e-20	92.4
WP_056863855.1	iJN1463.PP_2428	26.6	383	274	7	19	399	28	405	7.84e-20	90.5
WP_056863855.1	STM_v1_0.STM1522	25.4	378	276	5	19	393	13	387	3.19e-19	88.6
WP_056863857.1	iPC815.YPO0157	51.3	339	161	3	13	349	8	344	3.16e-110	325
WP_056863857.1	iYL1228.KPN_03755	51.8	332	156	3	20	349	3	332	5.61e-108	318
WP_056863857.1	STM_v1_0.STM3481	51.8	332	156	3	20	349	3	332	5.61e-108	318
WP_056863857.1	iSSON_1240.SSON_3515	51.5	332	157	3	20	349	3	332	7.95e-108	318
WP_056863857.1	iSDY_1059.SDY_3695	51.5	332	157	3	20	349	3	332	1.13e-107	318
WP_056863857.1	iSF_1195.SF3402	51.5	332	157	3	20	349	3	332	1.13e-107	318
WP_056863857.1	iSbBS512_1146.SbBS512_E3761	51.2	332	158	3	20	349	3	332	4.54e-107	316
WP_056863857.1	iCN900.CD630_26100	47.9	326	167	3	23	348	7	329	6.39e-99	295
WP_056863861.1	iAF987.Gmet_2395	56.9	239	102	1	1	238	7	245	1.48e-93	275
WP_056863862.1	iAF987.Gmet_2396	65.5	644	211	4	29	669	2	637	6.42e-310	856
WP_056863863.1	iAF987.Gmet_2397	29.8	225	140	6	15	232	6	219	5.76e-23	92.4
WP_056863872.1	iEK1008.Rv3315c	62.9	124	46	0	17	140	5	128	1.02e-49	155
WP_056863875.1	iJN1463.PP_4817	51.7	143	63	4	9	147	8	148	1.32e-39	130
WP_056863876.1	iEK1008.Rv3313c	68.8	356	107	2	13	364	5	360	1.56e-163	461
WP_056863880.1	iYO844.BSU19310	31.1	254	165	5	7	256	16	263	1.48e-27	110
WP_056863880.1	iMM1415.107747	30.9	262	166	8	4	256	415	670	9.86e-25	103
WP_056863880.1	iCHOv1.100762089	29.7	263	170	8	3	256	414	670	1.50e-23	100
WP_056863891.1	iEK1008.Rv3307	60.9	261	102	0	4	264	7	267	4.90e-103	300
WP_056863892.1	iCHOv1.100774679	32.4	139	89	2	3	136	18	156	7.63e-16	70.5
WP_056863893.1	iEK1008.Rv0462	65.1	467	158	2	3	468	2	464	8.90e-213	594
WP_056863894.1	iEK1008.Rv3303c	57.8	469	183	4	6	465	2	464	1.85e-170	488
WP_056863912.1	iEK1008.Rv2212	31.0	281	190	2	5	285	61	337	8.15e-32	121
WP_056863914.1	iEK1008.Rv3274c	63.7	380	138	0	4	383	9	388	4.94e-169	477
WP_056863925.1	iJN1463.PP_0026	42.9	294	165	2	1	294	1	291	2.85e-62	199
WP_056863939.1	iJN1463.PP_2048	38.8	578	321	9	16	580	9	566	6.25e-103	323
WP_056863939.1	iAF987.Gmet_2211	35.4	554	339	5	11	558	5	545	6.31e-98	311
WP_056863939.1	iAF987.Gmet_2270	35.7	552	339	6	11	557	5	545	5.58e-95	303
WP_056863939.1	iJN1463.PP_0368	34.2	549	340	5	42	580	37	574	2.44e-92	296
WP_056863941.1	iYS854.USA300HOU_RS11550	26.0	123	89	2	39	160	25	146	2.49e-10	55.8
WP_056863942.1	iML1515.b1394	35.7	272	153	6	12	280	10	262	8.37e-40	139
WP_056863942.1	iYL1228.KPN_01475	34.8	282	158	8	4	280	2	262	4.59e-39	137
WP_056863942.1	iAF987.Gmet_2224	35.2	273	144	6	13	277	12	259	8.62e-39	136
WP_056863942.1	iCN718.ABAYE_RS11945	35.4	280	164	4	1	280	1	263	1.83e-38	135
WP_056863942.1	iAF987.Gmet_2057	36.3	273	150	9	14	280	24	278	1.17e-35	129
WP_056863942.1	iAF987.Gmet_2212	33.3	279	164	6	1	277	1	259	1.13e-35	128
WP_056863946.1	iEK1008.Rv3809c	69.0	390	115	2	10	393	9	398	2.88e-198	552
WP_056863947.1	iYO844.BSU35700	44.5	200	110	1	43	242	36	234	3.62e-53	179
WP_056863947.1	iNF517.LLMG_RS08170	42.6	216	119	4	43	254	44	258	6.04e-51	172
WP_056863947.1	iJN1463.PP_1779	44.0	184	103	0	49	232	43	226	3.20e-49	166
WP_056863950.1	iAF987.Gmet_1104	39.0	362	200	7	19	369	1	352	3.00e-61	200
WP_056863958.1	iEK1008.Rv3257c	62.8	441	152	7	7	442	5	438	9.26e-178	505
WP_056863962.1	iEK1008.Rv3248c	66.9	486	152	3	1	486	19	495	2.13e-235	654
WP_056863963.1	iAF987.Gmet_1706	37.8	119	67	3	15	129	2	117	8.71e-19	83.2
WP_056863963.1	iAF987.Gmet_2999	30.2	116	78	1	16	128	10	125	3.42e-16	76.3
WP_056863968.1	iAF987.Gmet_1914	30.0	130	89	2	13	142	3	130	3.33e-09	55.8
WP_056863974.1	iYS854.USA300HOU_RS04825	33.8	80	53	0	1	80	1	80	2.12e-07	48.5
WP_056863987.1	iCN900.CD630_03990	39.0	382	223	4	12	392	5	377	1.25e-85	265
WP_056863987.1	iYO844.BSU18260	36.4	387	231	5	10	392	5	380	5.42e-82	255
WP_056863987.1	iYO844.BSU24150	36.3	383	234	4	10	391	3	376	2.95e-81	253
WP_056863987.1	iAF987.Gmet_1715	36.8	383	232	4	10	391	5	378	2.95e-81	253
WP_056863987.1	iJN1463.PP_2216	34.5	380	239	4	10	388	3	373	1.64e-79	249
WP_056863987.1	iMM1415.11364	38.5	387	230	3	10	395	41	420	4.80e-78	246
WP_056863987.1	iCHOv1.100763159	38.2	387	231	3	10	395	41	420	3.76e-77	244
WP_056863987.1	iAT_PLT_636.34	38.3	386	230	3	11	395	46	424	4.20e-77	244
WP_056863987.1	iCN900.CD630_10540	35.8	371	228	4	23	392	17	378	3.13e-77	243
WP_056863987.1	iIS312.TCDM_14107	38.9	383	218	5	10	391	31	398	1.20e-76	242
WP_056864001.1	iEK1008.Rv3206c	58.4	404	153	4	2	405	4	392	2.82e-163	463
WP_056864001.1	iEK1008.Rv3116	55.8	396	155	5	9	401	7	385	2.43e-156	446
WP_056864015.1	iYS854.USA300HOU_RS05715	29.8	235	155	3	107	341	332	556	1.35e-32	127
WP_056864017.1	iEK1008.Rv0866	45.5	134	72	1	9	141	7	140	1.32e-32	112
WP_056864045.1	iYO844.BSU34190	40.1	609	295	7	4	592	5	563	4.39e-124	377
WP_056864045.1	iJN1463.PP_4735	39.0	603	303	8	2	591	4	554	3.97e-113	348
WP_056864045.1	iML1515.b3603	38.1	603	308	8	1	592	3	551	2.11e-111	343
WP_056864045.1	iSbBS512_1146.SbBS512_E4029	38.1	603	308	8	1	592	3	551	2.11e-111	343
WP_056864045.1	iSDY_1059.SDY_4036	38.1	603	308	8	1	592	3	551	2.11e-111	343
WP_056864045.1	iSSON_1240.SSON_3802	38.1	603	308	8	1	592	3	551	2.11e-111	343
WP_056864045.1	iML1515.b2975	39.7	602	301	9	4	591	6	559	7.64e-111	342
WP_056864045.1	iSF_1195.SF3642	38.0	603	309	8	1	592	3	551	1.17e-110	342
WP_056864045.1	STM_v1_0.STM3692	37.1	604	313	8	1	592	3	551	3.27e-110	340
WP_056864081.1	iLJ478.TM1415	31.8	223	132	7	50	266	14	222	6.30e-19	83.6
WP_056864081.1	iSynCJ816.SGL_RS08510	32.5	228	137	9	50	266	45	266	7.63e-18	81.3
WP_056864081.1	iIS312.TCDM_05171	32.6	236	141	9	16	241	16	243	9.53e-18	81.3
WP_056864081.1	iAF987.Gmet_0697	31.0	229	148	6	44	267	33	256	3.36e-17	79.3
WP_056864096.1	iSynCJ816.SGL_RS02305	57.6	382	154	3	30	409	86	461	1.49e-139	406
WP_056864096.1	iYO844.BSU29220	57.7	376	154	5	39	410	16	390	2.17e-131	383
WP_056864096.1	iHN637.CLJU_RS02030	55.6	376	163	4	39	411	17	391	6.84e-130	379
WP_056864096.1	iYS854.USA300HOU_RS09025	53.7	387	172	6	30	410	5	390	8.26e-126	369
WP_056864096.1	iAF692.Mbar_A3045	54.5	380	166	6	38	411	43	421	5.98e-125	367
WP_056864097.1	iEK1008.Rv3141	29.9	321	191	11	17	319	14	318	2.52e-17	80.9
WP_056864097.1	iEK1008.Rv3777	24.5	323	207	7	22	321	19	327	6.55e-15	73.9
WP_056864098.1	iYL1228.KPN_02546	31.4	229	149	7	7	228	12	239	2.89e-14	69.3
WP_056864098.1	iML1515.b0596	33.5	176	113	2	53	224	50	225	1.04e-12	65.1
WP_056864098.1	iSDY_1059.SDY_0527	33.5	176	113	2	53	224	50	225	1.04e-12	65.1
WP_056864098.1	iSF_1195.SF0510	33.0	176	114	2	53	224	50	225	2.67e-12	63.9
WP_056864098.1	iSSON_1240.SSON_0547	32.4	222	140	5	7	224	10	225	2.67e-12	63.9
WP_056864098.1	iYL1228.KPN_01590	29.9	234	149	7	6	226	4	235	6.96e-12	62.8
WP_056864109.1	iEK1008.Rv1294	60.3	441	166	3	1	435	1	438	3.44e-160	459
WP_056864113.1	iAF987.Gmet_0043	26.8	235	151	4	279	500	41	267	7.95e-13	70.5
WP_056864118.1	iEK1008.Rv1302	42.3	381	207	7	1	377	30	401	8.01e-76	239
WP_056864121.1	iYS854.USA300HOU_RS11385	53.4	58	27	0	10	67	8	65	1.82e-12	55.8
WP_056864123.1	iEK1008.Rv1307	34.3	277	173	5	1	269	169	444	4.84e-29	114
WP_056864124.1	iEK1008.Rv1308	67.5	541	173	2	1	541	1	538	9.94e-256	710
WP_056864125.1	iEK1008.Rv1309	50.2	309	141	3	1	301	1	304	2.63e-92	276
WP_056864126.1	iEK1008.Rv1310	71.0	466	131	2	12	476	16	478	7.75e-233	647
WP_056864126.1	iYO844.BSU36810	63.8	467	165	2	17	480	4	469	6.06e-210	588
WP_056864126.1	iYS854.USA300HOU_RS11360	65.2	460	159	1	17	476	4	462	3.13e-209	586
WP_056864127.1	iEK1008.Rv1311	42.3	123	59	4	8	127	4	117	2.49e-17	72.0
WP_056864165.1	iEK1008.Rv1564c	49.4	726	333	9	15	730	19	720	6.04e-244	694
WP_056864167.1	iEK1008.Rv3029c	44.0	268	142	4	2	265	3	266	8.76e-68	210
WP_056864187.1	iEK1008.Rv0684	24.4	496	234	15	17	392	13	487	2.20e-23	104
WP_056864187.1	iSynCJ816.SGL_RS17200	24.8	496	228	15	18	392	9	480	2.45e-20	95.1
WP_056864197.1	iEK1008.Rv2187	36.1	595	363	10	16	606	17	598	7.57e-116	357
WP_056864199.1	iEK1008.Rv2388c	51.7	385	171	5	28	411	4	374	2.07e-123	362
WP_056864226.1	iEK1008.Rv2357c	72.0	464	128	1	1	464	1	462	3.48e-256	704
WP_056864240.1	iSbBS512_1146.SbBS512_E3430	37.5	325	179	12	1	310	13	328	1.54e-48	165
WP_056864240.1	iSF_1195.SF3047	37.2	325	180	12	1	310	13	328	3.03e-48	164
WP_056864240.1	iSSON_1240.SSON_3145	37.2	325	180	12	1	310	13	328	3.03e-48	164
WP_056864240.1	iML1515.b3001	36.9	325	181	12	1	310	13	328	2.32e-47	162
WP_056864240.1	iYO844.BSU39780	33.0	315	190	6	1	307	1	302	7.36e-47	160
WP_056864240.1	iYO844.BSU09530	32.3	319	198	5	1	312	1	308	8.25e-43	150
WP_056864248.1	iHN637.CLJU_RS06285	41.8	67	39	0	11	77	6	72	1.90e-16	66.6
WP_056864248.1	iCN900.CD630_10620	44.1	68	37	1	11	77	5	72	2.09e-15	63.9
WP_056864248.1	iYS854.USA300HOU_RS06195	51.6	64	31	0	13	76	9	72	2.20e-15	63.9
WP_056864249.1	iEK1008.Rv0533c	50.3	332	165	0	5	336	2	333	2.10e-101	301
WP_056864264.1	iAF987.Gmet_1914	33.6	119	79	0	1	119	1	119	2.01e-16	77.0
WP_056864283.1	STM_v1_0.STM0776	57.5	339	143	1	1	339	1	338	5.04e-142	405
WP_056864283.1	iPC815.YPO1139	58.5	340	138	2	1	339	1	338	3.35e-140	400
WP_056864283.1	iYL1228.KPN_00773	56.6	339	146	1	1	339	1	338	1.36e-139	399
WP_056864283.1	iSbBS512_1146.SbBS512_E0680	55.8	339	149	1	1	339	1	338	3.87e-139	397
WP_056864283.1	iSSON_1240.SSON_0711	55.8	339	149	1	1	339	1	338	3.87e-139	397
WP_056864283.1	iML1515.b0759	55.8	339	149	1	1	339	1	338	5.49e-139	397
WP_056864283.1	iSF_1195.SF0545	55.5	339	150	1	1	339	1	338	3.16e-138	395
WP_056864283.1	iSDY_1059.SDY_0706	55.5	339	150	1	1	339	1	338	4.48e-138	395
WP_056864283.1	iYO844.BSU38860	55.5	337	148	2	1	337	1	335	3.34e-133	382
WP_056864283.1	iCN900.CD630_27140	54.1	340	152	3	1	339	1	337	1.03e-131	379
WP_056864283.1	iMM1415.74246	54.4	342	149	2	2	337	3	343	3.35e-130	375
WP_056864283.1	iCHOv1.100759306	53.8	342	151	2	2	337	20	360	1.12e-127	369
WP_056864296.1	iPC815.YPO3141	43.2	285	152	4	1	277	1	283	6.32e-75	230
WP_056864296.1	iEK1008.Rv2605c	46.9	271	135	4	11	277	6	271	7.66e-75	229
WP_056864296.1	iYL1228.KPN_00415	43.0	284	154	2	1	277	1	283	1.69e-72	224
WP_056864296.1	iSDY_1059.SDY_0389	42.4	288	150	3	1	277	1	283	2.32e-72	223
WP_056864296.1	iML1515.b0452	42.4	288	150	3	1	277	1	283	9.29e-72	222
WP_056864296.1	iSbBS512_1146.SbBS512_E0379	42.7	288	149	3	1	277	1	283	9.29e-72	222
WP_056864296.1	iSSON_1240.SSON_0440	42.4	288	150	3	1	277	1	283	9.29e-72	222
WP_056864296.1	STM_v1_0.STM0464	42.0	288	151	3	1	277	1	283	2.63e-71	221
WP_056864296.1	iSF_1195.SF0397	42.0	288	151	3	1	277	1	283	2.11e-70	218
WP_056864307.1	iMM904.YML059C	26.2	107	68	2	34	129	969	1075	2.22e-04	41.6
WP_056864320.1	iAF987.Gmet_1914	31.8	107	71	1	1	107	1	105	9.73e-12	60.1
WP_056864320.1	iAF987.Gmet_2999	29.3	116	82	0	4	119	10	125	2.04e-10	56.2
WP_056864320.1	iAF987.Gmet_1706	32.5	120	67	5	3	116	2	113	2.64e-10	55.8
WP_056864325.1	iCN900.CD630_25410	29.8	409	273	8	17	416	53	456	9.20e-43	156
WP_056864325.1	iJN1463.PP_0137	28.7	422	274	10	16	418	11	424	1.22e-41	152
WP_056864325.1	iYS854.USA300HOU_RS12895	29.2	380	248	6	47	412	42	414	3.25e-40	148
WP_056864325.1	iHN637.CLJU_RS10210	28.9	384	248	7	43	412	40	412	7.31e-38	142
WP_056864331.1	iCN900.CD630_31950	32.0	975	459	14	4	945	3	806	3.19e-161	494
WP_056864335.1	iEK1008.Rv1436	70.3	340	91	5	1	331	1	339	4.29e-164	460
WP_056864350.1	iML1515.b2540	38.3	107	59	3	1	106	1	101	5.95e-17	70.1
WP_056864350.1	iSSON_1240.SSON_2622	38.3	107	59	3	1	106	1	101	5.95e-17	70.1
WP_056864351.1	iYS854.USA300HOU_RS04515	58.5	246	95	3	2	245	3	243	3.31e-94	276
WP_056864353.1	iYS854.USA300HOU_RS04530	45.3	137	73	1	5	141	6	140	1.43e-36	122
WP_056864368.1	iSynCJ816.SGL_RS08660	44.4	338	183	4	159	496	487	819	4.41e-75	255
WP_056864373.1	iEK1008.Rv3042c	53.6	392	173	5	9	393	7	396	5.21e-125	367
WP_056864374.1	iML1515.b0588	28.6	238	160	4	10	244	13	243	6.16e-25	99.8
WP_056864374.1	iSDY_1059.SDY_0519	28.6	238	160	4	10	244	13	243	6.16e-25	99.8
WP_056864374.1	iSF_1195.SF0502	28.6	238	160	4	10	244	13	243	6.16e-25	99.8
WP_056864374.1	iYL1228.KPN_00606	28.1	242	164	4	10	248	13	247	2.03e-24	98.2
WP_056864374.1	iSbBS512_1146.SbBS512_E0489	28.2	238	161	4	10	244	13	243	3.22e-24	97.8
WP_056864374.1	iSSON_1240.SSON_0539	28.2	238	161	4	10	244	13	243	8.67e-24	96.7
WP_056864374.1	iAF692.Mbar_A0995	33.2	217	119	6	1	208	1	200	8.78e-24	96.3
WP_056864374.1	iAF692.Mbar_A2262	28.3	244	168	4	15	257	16	253	3.13e-23	95.1
WP_056864374.1	STM_v1_0.STM0590	27.7	238	162	4	10	244	13	243	7.66e-22	91.3
WP_056864374.1	iSbBS512_1146.SbBS512_E1611	31.1	244	142	7	9	242	11	238	9.23e-22	91.3
WP_056864374.1	iSSON_1240.SSON_1751	31.0	255	150	7	9	253	11	249	9.23e-22	91.3
WP_056864374.1	iYO844.BSU30760	28.8	250	155	6	5	247	4	237	8.29e-22	90.9
WP_056864374.1	iSDY_1059.SDY_1456	31.1	244	142	7	9	242	11	238	1.77e-21	90.5
WP_056864374.1	iSF_1195.SF1364	31.1	244	142	7	9	242	11	238	1.77e-21	90.5
WP_056864400.1	iEK1008.Rv1908c	63.7	716	249	7	54	763	29	739	0.0	925
WP_056864400.1	iJN1463.PP_3668	61.5	735	244	8	64	763	20	750	0.0	901
WP_056864400.1	iSynCJ816.SGL_RS09095	58.0	742	278	11	30	763	11	726	6.34e-302	843
WP_056864400.1	STM_v1_0.STM4106	60.5	704	262	7	64	763	34	725	1.52e-299	837
WP_056864400.1	iML1515.b3942	60.3	703	265	7	64	763	34	725	4.34e-299	836
WP_056864400.1	iYL1228.KPN_01819	61.0	702	262	7	64	763	34	725	9.70e-298	832
WP_056864400.1	iSSON_1240.SSON_4116	60.0	703	267	7	64	763	34	725	1.00e-297	832
WP_056864405.1	iYO844.BSU09530	32.6	310	194	7	1	304	1	301	4.04e-40	142
WP_056864405.1	iCN718.ABAYE_RS12975	32.9	340	186	8	1	305	1	333	8.36e-40	142
WP_056864405.1	iYL1228.KPN_02741	35.5	296	181	6	1	290	1	292	1.16e-39	141
WP_056864405.1	iML1515.b3001	35.9	301	177	7	1	290	13	308	6.12e-38	137
WP_056864405.1	iSF_1195.SF3047	35.5	301	178	7	1	290	13	308	2.33e-37	135
WP_056864405.1	iSSON_1240.SSON_3145	35.5	301	178	7	1	290	13	308	2.33e-37	135
WP_056864405.1	iSbBS512_1146.SbBS512_E3430	34.9	301	180	7	1	290	13	308	1.73e-36	133
WP_056864406.1	iEK1008.Rv2136c	50.5	273	129	3	6	274	5	275	1.71e-85	256
WP_056864430.1	iYO844.BSU19690	27.6	370	228	8	31	400	12	341	4.82e-36	139
WP_056864430.1	iAF692.Mbar_A0670	29.0	365	215	13	39	400	5	328	1.85e-35	136
WP_056864434.1	iEK1008.Rv2051c	57.7	234	97	2	8	239	611	844	4.92e-73	239
WP_056864437.1	iNF517.LLMG_RS04865	47.2	335	169	5	12	341	12	343	5.59e-96	288
WP_056864471.1	iEK1008.Rv2899c	43.4	251	130	6	37	281	16	260	1.33e-46	157
WP_056864472.1	iYO844.BSU27010	65.5	345	117	1	4	348	7	349	1.40e-160	452
WP_056864472.1	iEK1008.Rv3045	61.5	348	132	1	1	348	1	346	5.95e-147	418
WP_056864474.1	iMM1415.64580	26.8	198	118	7	22	194	595	790	2.49e-08	53.9
WP_056864474.1	iMM1415.83398	25.1	203	115	8	22	194	596	791	6.22e-07	49.7
WP_056864482.1	iSynCJ816.SGL_RS08610	32.9	76	49	2	103	176	32	107	1.21e-06	47.0
WP_056864482.1	iSynCJ816.SGL_RS05320	34.4	90	54	2	84	168	43	132	2.74e-06	46.2
WP_056864483.1	iYL1228.KPN_03340	56.0	125	53	1	3	127	5	127	1.27e-48	151
WP_056864483.1	iML1515.b2904	55.2	125	54	1	3	127	5	127	2.57e-48	150
WP_056864483.1	STM_v1_0.STM3054	55.2	125	54	1	3	127	5	127	2.57e-48	150
WP_056864483.1	iSbBS512_1146.SbBS512_E3325	55.2	125	54	1	3	127	5	127	2.57e-48	150
WP_056864483.1	iSF_1195.SF2890	55.2	125	54	1	3	127	5	127	2.57e-48	150
WP_056864483.1	iSSON_1240.SSON_3057	55.2	125	54	1	3	127	5	127	2.57e-48	150
WP_056864483.1	iSDY_1059.SDY_3177	55.2	125	54	1	3	127	5	127	3.64e-48	150
WP_056864483.1	iEK1008.Rv1826	56.2	130	49	3	3	126	5	132	4.93e-47	147
WP_056864483.1	iPC815.YPO0906	50.4	125	60	1	3	127	5	127	1.29e-43	139
WP_056864521.1	iEK1008.Rv1699	70.5	550	156	2	7	551	9	557	4.88e-281	776
WP_056864525.1	iEK1008.Rv1695	51.5	305	144	2	10	311	3	306	2.45e-100	297
WP_056864531.1	iYO844.BSU32750	40.5	222	129	2	1	219	1	222	2.64e-50	166
WP_056864531.1	iJN1463.PP_0220	42.4	217	124	1	2	217	33	249	1.44e-49	165
WP_056864531.1	iYS854.USA300HOU_RS02325	41.4	220	126	2	1	217	1	220	1.15e-48	162
WP_056864531.1	iJN1463.PP_0114	41.2	221	126	3	1	217	1	221	1.40e-48	162
WP_056864531.1	iYL1228.KPN_00213	41.8	220	125	2	1	217	1	220	2.39e-48	161
WP_056864531.1	STM_v1_0.STM0247	42.3	220	124	3	1	217	1	220	3.36e-48	161
WP_056864531.1	iML1515.b0199	42.7	220	123	3	1	217	1	220	4.73e-48	160
WP_056864531.1	iSbBS512_1146.SbBS512_E0193	42.3	220	124	3	1	217	1	220	6.66e-48	160
WP_056864531.1	iSSON_1240.SSON_0213	42.3	220	124	3	1	217	1	220	6.66e-48	160
WP_056864531.1	iSDY_1059.SDY_0218	41.8	220	125	3	1	217	1	220	1.32e-47	159
WP_056864531.1	iSF_1195.SF0190	42.3	220	124	3	1	217	1	220	2.62e-47	159
WP_056864531.1	iPC815.YPO1073	40.0	220	129	2	1	217	1	220	2.62e-47	159
WP_056864531.1	iCN900.CD630_19470	41.8	220	123	4	2	217	10	228	7.17e-48	157
WP_056864531.1	iCN900.CD630_14890	40.4	218	127	2	1	217	1	216	1.20e-46	156
WP_056864531.1	iJN1463.PP_2774	41.4	222	125	3	2	218	35	256	2.29e-42	151
WP_056864534.1	iEK1008.Rv1330c	58.7	426	162	3	1	417	23	443	1.12e-144	419
WP_056864586.1	iEK1008.Rv3275c	69.0	155	48	0	1	155	14	168	9.11e-65	195
WP_056864590.1	iEK1008.Rv3782	33.1	308	170	10	9	295	5	297	2.47e-24	99.8
WP_056864692.1	iIT341.HP0648	29.2	435	290	8	74	507	4	421	2.22e-54	188
WP_056864692.1	iCN718.ABAYE_RS15605	29.8	433	276	8	76	503	6	415	4.03e-53	184
WP_056864692.1	iHN637.CLJU_RS01205	27.3	432	296	8	76	507	6	419	4.21e-52	182
WP_056864692.1	iCN900.CD630_01230	28.2	426	286	8	82	507	18	423	2.41e-51	180
WP_056864692.1	iSynCJ816.SGL_RS13460	27.0	434	295	8	72	502	15	429	1.75e-48	172
WP_056864692.1	iYO844.BSU36760	28.9	433	288	9	76	507	6	419	2.34e-48	172
WP_056864692.1	iYS854.USA300HOU_RS11340	29.0	435	287	8	76	507	6	421	2.36e-48	172
WP_056864692.1	iJN1463.PP_0964	27.0	433	292	7	74	502	4	416	4.56e-48	171
WP_056864692.1	STM_v1_0.STM3307	27.8	432	287	7	75	503	5	414	8.43e-48	170
WP_056864711.1	iEK1008.Rv1712	48.9	219	103	5	1	214	8	222	5.88e-45	149
WP_056864711.1	iSynCJ816.SGL_RS10105	44.5	220	111	4	1	213	291	506	2.20e-38	138
WP_056864729.1	iAF987.Gmet_0069	33.6	116	74	3	4	117	6	120	1.03e-12	62.8
WP_056864763.1	iYS854.USA300HOU_RS01730	32.2	143	86	3	5	136	89	231	4.79e-15	70.1
WP_056864767.1	iAT_PLT_636.137872	43.3	420	230	5	6	418	47	465	3.46e-103	313
WP_056864783.1	iEK1008.Rv3500c	48.1	268	139	0	8	275	13	280	1.42e-85	256
WP_056864784.1	iEK1008.Rv3501c	51.6	244	118	0	8	251	4	247	9.12e-82	245
WP_056864804.1	iCHOv1.100774578	31.5	222	144	4	45	259	35	255	2.13e-19	86.7
WP_056864804.1	iMM1415.70750	32.8	189	122	3	45	229	35	222	7.46e-19	85.1
WP_056864804.1	iHN637.CLJU_RS20765	28.1	199	132	4	43	236	7	199	5.77e-18	81.3
WP_056864804.1	iLJ478.TM1724	29.6	203	127	4	43	238	6	199	5.58e-18	81.3
WP_056864804.1	iYO844.BSU15910	28.9	197	129	3	41	232	3	193	1.06e-17	80.5
WP_056864809.1	iEK1008.Rv2400c	47.9	288	136	5	33	317	57	333	2.53e-75	236
WP_056864818.1	iEK1008.Rv3155	75.5	98	24	0	1	98	1	98	5.71e-43	135
WP_056864821.1	iEK1008.Rv3150	72.9	425	108	2	7	424	8	432	2.67e-230	637
WP_056864822.1	iEK1008.Rv3149	59.7	206	77	3	13	217	47	247	1.50e-81	245
WP_056864823.1	iEK1008.Rv3148	66.4	447	142	3	1	446	1	440	6.95e-215	598
WP_056864825.1	iEK1008.Rv3146	78.3	184	40	0	1	184	1	184	2.30e-103	294
WP_056864826.1	iEK1008.Rv3145	64.1	128	37	1	1	119	1	128	4.07e-54	165
WP_056864843.1	iJN1463.PP_4235	28.5	239	131	12	25	238	168	391	5.80e-07	49.7
WP_056864843.1	iPC815.YPO0345	26.5	185	115	5	21	193	197	372	1.41e-06	48.5
WP_056864843.1	iJN1463.PP_0561	28.7	181	110	4	23	192	177	349	6.02e-06	46.6
WP_056864844.1	iAF692.Mbar_A2310	41.4	29	17	0	86	114	13	41	5.56e-04	37.4
WP_056864845.1	iEK1008.Rv2228c	29.5	200	132	6	10	204	169	364	1.77e-08	53.5
WP_056864845.1	iSbBS512_1146.SbBS512_E4944	40.0	80	46	2	8	86	4	82	7.67e-08	50.8
WP_056864845.1	iSF_1195.SF4427	40.0	80	46	2	8	86	4	82	7.67e-08	50.8
WP_056864845.1	iSSON_1240.SSON_4545	40.0	80	46	2	8	86	4	82	7.67e-08	50.8
WP_056864845.1	iSDY_1059.SDY_4656	38.8	80	47	2	8	86	4	82	2.62e-07	49.3
WP_056864845.1	iYL1228.KPN_04850	27.7	159	97	4	8	156	4	154	4.84e-07	48.5
WP_056864850.1	iYO844.BSU28170	33.8	423	276	2	1	419	1	423	3.69e-70	228
WP_056864850.1	iAF987.Gmet_3233	35.2	421	265	4	1	415	1	419	3.37e-64	212
WP_056864857.1	iYO844.BSU33370	47.1	51	27	0	9	59	1	51	2.40e-09	50.8
WP_056864858.1	iYO844.BSU29710	39.8	354	206	3	8	358	4	353	7.06e-84	260
WP_056864862.1	iEK1008.Rv0500	45.3	285	133	3	8	269	6	290	7.06e-65	204
WP_056864862.1	iAF987.Gmet_0899	43.4	258	145	1	13	269	10	267	1.75e-59	189
WP_056864864.1	iAF987.Gmet_0880	29.9	308	205	4	2	304	5	306	4.97e-27	110
WP_056864871.1	iCN900.CD630_20200	44.6	878	390	10	3	808	4	857	4.37e-235	682
WP_056864873.1	iEK1008.Rv1596	55.6	279	117	3	39	313	10	285	6.50e-83	251
WP_056864874.1	iEK1008.Rv3601c	75.4	122	30	0	1	122	1	122	1.20e-58	177
WP_056864879.1	iYL1228.KPN_02567	30.0	290	174	7	55	326	26	304	2.52e-22	94.7
WP_056864879.1	STM_v1_0.STM2165	29.3	294	179	7	49	324	20	302	2.18e-20	89.4
WP_056864883.1	iEK1008.Rv3607c	44.1	118	66	0	6	123	2	119	4.25e-28	99.8
WP_056864883.1	iYO844.BSU00780	41.5	118	68	1	7	123	2	119	6.29e-25	91.3
WP_056864886.1	iEK1008.Rv3624c	57.8	180	70	1	9	182	36	215	6.60e-70	211
WP_056864915.1	iEK1008.Rv0321	70.0	190	57	0	1	190	1	190	8.00e-98	281
WP_056864922.1	iEK1008.Rv0244c	61.1	625	228	6	1	624	1	611	4.55e-263	734
WP_056864988.1	iAF987.Gmet_0069	37.1	124	70	3	10	127	2	123	3.62e-17	78.6
WP_056864989.1	iAF987.Gmet_0043	28.6	196	124	6	279	459	72	266	8.19e-13	70.1
WP_056864990.1	iAF987.Gmet_2619	40.3	496	261	11	3	468	10	500	1.00e-111	339
WP_056864990.1	iJN1463.PP_5351	40.1	481	257	9	4	463	9	479	6.26e-109	331
WP_056864990.1	iJN1463.PP_4042	40.5	494	243	11	4	460	11	490	6.21e-104	319
WP_056864990.1	iSynCJ816.SGL_RS06375	39.2	487	260	10	3	460	20	499	9.69e-102	313
WP_056864990.1	iEK1008.Rv1447c	38.4	492	271	11	4	468	28	514	1.52e-98	305
WP_056865025.1	iJN1463.PP_1803	23.4	265	165	11	4	234	5	265	2.09e-06	48.1
WP_056865031.1	iCN900.CD630_07510	31.9	204	129	4	85	282	21	220	5.68e-27	104
WP_056865031.1	iYS854.USA300HOU_RS09930	37.4	163	99	2	121	282	320	480	2.99e-25	104
WP_056865031.1	iJN1463.PP_0226	37.8	188	106	4	98	282	35	214	1.12e-23	95.9
WP_056865031.1	iYO844.BSU27460	36.7	180	108	3	67	246	3	176	1.43e-23	95.5
WP_056865031.1	iYO844.BSU27450	34.2	187	112	4	99	282	33	211	2.65e-23	94.7
WP_056865046.1	iML1515.b2661	50.2	468	232	1	19	486	14	480	2.47e-158	457
WP_056865046.1	iSSON_1240.SSON_2805	50.0	468	233	1	19	486	14	480	2.00e-157	455
WP_056865046.1	iYL1228.KPN_00256	49.6	468	235	1	19	486	14	480	1.05e-154	448
WP_056865046.1	iJN1463.PP_0213	49.9	467	231	2	20	486	15	478	1.97e-154	447
WP_056865046.1	STM_v1_0.STM2791	49.7	469	231	3	20	486	15	480	1.20e-153	446
WP_056865046.1	iAF987.Gmet_3395	49.7	465	233	1	22	486	18	481	5.02e-148	431
WP_056865092.1	iEK1008.Rv0046c	81.7	356	61	1	4	359	16	367	2.68e-205	567
WP_056865126.1	iAF987.Gmet_0928	31.1	380	219	13	139	496	241	599	7.15e-29	120
WP_056865126.1	iJN1463.PP_4807	31.9	389	207	14	139	496	244	605	9.64e-28	116
WP_056865128.1	iSynCJ816.SGL_RS08610	33.3	66	43	1	88	152	31	96	4.98e-04	38.9
WP_056865138.1	iCN718.ABAYE_RS11095	55.6	160	70	1	1	159	1	160	2.25e-64	194
WP_056865138.1	iNF517.LLMG_RS05525	56.2	153	67	0	6	158	5	157	3.26e-63	191
WP_056865138.1	iJN1463.PP_1874	59.1	159	64	1	3	160	4	162	5.43e-63	190
WP_056865138.1	iSynCJ816.SGL_RS11045	56.8	162	64	2	3	158	8	169	7.88e-62	187
WP_056865138.1	iYO844.BSU21900	51.6	157	75	1	3	158	2	158	1.60e-59	181
WP_056865143.1	iEK1008.Rv2702	50.8	240	116	2	8	246	18	256	3.38e-77	234
WP_056865150.1	iYS854.USA300HOU_RS07595	28.1	327	224	7	36	361	19	335	2.48e-32	130
WP_056865167.1	iEK1008.Rv3206c	41.7	84	45	3	20	99	304	387	6.56e-12	60.1
WP_056865167.1	iEK1008.Rv3116	38.8	80	45	3	18	93	299	378	5.13e-10	54.7
WP_056865184.1	iEK1008.Rv1001	60.8	403	146	3	12	409	7	402	4.88e-161	458
WP_056865186.1	iLB1027_lipid.PHATRDRAFT_3267	41.6	233	125	4	6	227	2	234	1.06e-45	155
WP_056865186.1	iSbBS512_1146.SbBS512_E2986	32.5	280	181	5	2	275	101	378	1.23e-40	144
WP_056865186.1	iSSON_1240.SSON_2750	32.5	280	181	5	2	275	101	378	1.72e-40	144
WP_056865186.1	iML1515.b2599	32.5	280	181	5	2	275	101	378	2.41e-40	143
WP_056865186.1	iSF_1195.SF2659	32.5	280	181	5	2	275	101	378	2.41e-40	143
WP_056865186.1	STM_v1_0.STM2667	31.8	280	183	5	2	275	101	378	6.58e-40	142
WP_056865186.1	iYL1228.KPN_02920	30.8	279	187	3	2	275	101	378	1.29e-39	141
WP_056865186.1	iSDY_1059.SDY_2767	32.5	280	181	5	2	275	101	378	1.29e-39	141
WP_056865191.1	iML1515.b3697	25.6	270	176	7	5	258	4	264	2.64e-11	62.0
WP_056865191.1	iSSON_1240.SSON_4000	28.8	250	142	8	5	235	3	235	4.71e-11	61.2
WP_056865191.1	iSDY_1059.SDY_3917	28.1	249	145	7	5	235	3	235	1.18e-10	60.1
WP_056865191.1	iML1515.b3826	28.4	250	143	8	5	235	3	235	2.95e-10	58.9
WP_056865191.1	iSbBS512_1146.SbBS512_E4293	28.4	250	143	8	5	235	3	235	3.99e-10	58.5
WP_056865191.1	iSF_1195.SF3904	28.4	250	143	8	5	235	3	235	3.99e-10	58.5
WP_056865225.1	iJN1463.PP_0958	36.5	244	155	0	5	248	9	252	1.71e-56	183
WP_056865236.1	iEK1008.Rv0512	64.4	303	106	1	1	301	23	325	4.38e-136	388
WP_056865249.1	iEK1008.Rv3628	66.7	162	54	0	1	162	1	162	8.76e-79	230
WP_056865269.1	iYO844.BSU32410	29.1	491	286	20	4	482	3	443	1.66e-40	150
WP_056865269.1	STM_v1_0.STM0523	27.8	489	300	20	4	482	3	448	6.01e-38	144
WP_056865269.1	iCN900.CD630_20830	26.4	477	290	17	25	484	20	452	2.26e-37	142
WP_056865269.1	iML1515.b0512	28.1	502	282	20	4	482	3	448	2.96e-37	142
WP_056865271.1	iML1515.b2374	29.4	411	265	6	1	388	8	416	1.00e-50	175
WP_056865271.1	iSF_1195.SF2441	29.4	411	265	6	1	388	8	416	1.00e-50	175
WP_056865271.1	iSDY_1059.SDY_2572	29.2	411	266	6	1	388	8	416	2.74e-50	174
WP_056865271.1	iSbBS512_1146.SbBS512_E2743	29.2	411	266	6	1	388	8	416	3.84e-50	173
WP_056865271.1	iSSON_1240.SSON_2465	29.2	411	266	6	1	388	8	416	1.47e-49	172
WP_056865271.1	iML1515.b2371	31.3	329	225	1	1	329	13	340	7.37e-48	166
WP_056865271.1	iAF987.Gmet_1522	30.1	399	262	7	3	388	14	408	3.85e-46	162
WP_056865274.1	iEK1008.Rv2497c	45.2	354	185	2	15	367	18	363	8.60e-95	287
WP_056865277.1	iEK1008.Rv0013	44.7	190	94	6	6	187	3	189	6.80e-35	122
WP_056865277.1	iAF987.Gmet_2496	42.9	184	97	6	9	187	5	185	4.92e-34	119
WP_056865277.1	iSbBS512_1146.SbBS512_E3736	40.8	191	101	7	6	189	2	187	2.62e-33	117
WP_056865277.1	iSDY_1059.SDY_3522	40.7	189	100	7	6	187	2	185	2.62e-33	117
WP_056865277.1	iSF_1195.SF3379	40.8	191	101	7	6	189	2	187	3.70e-33	116
WP_056865277.1	iML1515.b3360	40.7	189	100	7	6	187	2	185	5.22e-33	116
WP_056865277.1	iMM904.YKL211C	35.4	192	113	7	6	190	14	201	9.70e-31	116
WP_056865277.1	STM_v1_0.STM3469	42.6	188	98	7	6	187	2	185	7.38e-33	115
WP_056865277.1	iSSON_1240.SSON_3491	40.7	189	100	7	6	187	2	185	7.38e-33	115
WP_056865277.1	iYS854.USA300HOU_RS03850	39.7	189	103	6	6	187	2	186	9.62e-33	115
WP_056865277.1	iLJ478.TM0141	37.5	192	108	7	6	189	47	234	3.35e-30	115
WP_056865277.1	iPC815.YPO0169	43.6	188	94	7	9	187	5	189	1.64e-32	115
WP_056865277.1	iCN718.ABAYE_RS06050	37.9	190	107	7	9	189	5	192	9.91e-32	113
WP_056865277.1	iSynCJ816.SGL_RS13880	40.6	197	96	10	6	187	2	192	2.08e-31	112
WP_056865327.1	iAF987.Gmet_2999	34.8	112	70	1	1	109	10	121	2.31e-13	67.8
WP_056865327.1	iAF987.Gmet_0069	33.9	115	71	2	1	110	5	119	6.36e-13	66.2
WP_056865327.1	iAF987.Gmet_1706	33.1	118	72	3	1	114	3	117	7.90e-12	63.2
WP_056865734.1	iAM_Pv461.PVX_085660	28.7	188	126	3	32	218	82	262	4.48e-16	77.8
WP_056865736.1	iYL1228.KPN_04154	24.7	482	264	14	1	437	1	428	9.61e-22	98.6
WP_056865736.1	iML1515.b3749	24.3	482	266	15	1	437	1	428	3.00e-20	94.0
WP_056865736.1	iCN900.CD630_04310	22.7	520	312	20	1	480	1	470	4.94e-19	90.1
WP_056865785.1	iEK1008.Rv1213	61.2	322	118	2	8	329	7	321	6.56e-135	392
WP_056865793.1	iJN1463.PP_3253	32.7	248	161	3	52	296	45	289	2.83e-35	132
WP_056865795.1	iCN718.ABAYE_RS13105	46.9	271	137	3	1	266	1	269	3.66e-75	230
WP_056865795.1	iCN718.ABAYE_RS01085	45.8	275	143	2	1	270	1	274	2.46e-71	220
WP_056865806.1	iEK1008.Rv0438c	44.7	403	213	3	7	403	3	401	1.22e-99	302
WP_056865806.1	iEK1008.Rv0994	41.2	420	227	3	7	406	3	422	2.32e-90	279
WP_056865811.1	iEK1008.Rv1144	50.8	256	108	6	8	258	8	250	9.59e-67	207
WP_056865811.1	iMM1415.15108	48.4	258	126	4	3	257	8	261	6.14e-65	202
WP_056865811.1	iCHOv1.100757689	48.6	259	124	5	3	257	8	261	8.68e-65	202
WP_056865811.1	iLB1027_lipid.PHATRDRAFT_41886	44.9	254	130	4	8	257	9	256	5.46e-62	195
WP_056865811.1	iCN718.ABAYE_RS07455	46.6	264	127	7	1	258	1	256	1.24e-60	191
WP_056865811.1	iJN1463.PP_2214	45.8	253	128	4	9	258	9	255	2.40e-60	191
WP_056865835.1	iYO844.BSU32510	27.9	351	208	9	13	357	13	324	1.48e-24	102
WP_056865836.1	iEK1008.Rv0374c	59.1	149	60	1	3	150	2	150	3.85e-62	188
WP_056865838.1	iEK1008.Rv0375c	35.3	275	173	1	14	283	1	275	2.54e-47	159
WP_056865846.1	iAF987.Gmet_1053	48.9	380	194	0	32	411	3	382	3.58e-123	361
WP_056865852.1	iAF987.Gmet_1046	42.0	331	183	5	22	350	17	340	1.38e-70	227
WP_056865852.1	iYL1228.KPN_03491	38.9	337	197	5	24	357	17	347	2.32e-68	221
WP_056865852.1	iCN718.ABAYE_RS07700	40.4	339	193	5	21	357	19	350	2.30e-65	214
WP_056865878.1	iAF987.Gmet_1706	33.8	136	86	1	3	138	2	133	1.11e-15	74.3
WP_056865892.1	iML1515.b0675	45.9	242	127	2	1	242	10	247	9.03e-76	229
WP_056903113.1	iEK1008.Rv0972c	52.0	383	181	3	14	395	8	388	8.23e-127	370
WP_056903115.1	iEK1008.Rv0761c	55.8	373	162	1	1	373	1	370	2.41e-153	436
WP_056903117.1	iEK1008.Rv1400c	36.5	277	152	9	29	288	24	293	6.64e-34	126
WP_056903117.1	iEK1008.Rv1399c	36.2	318	175	9	1	302	1	306	2.46e-33	124
WP_056903117.1	iEK1008.Rv2970c	38.7	282	151	9	18	288	78	348	1.36e-32	124
WP_056903125.1	iAF987.Gmet_0043	26.6	267	174	7	161	411	6	266	7.91e-12	66.6
WP_056903146.1	iYL1228.KPN_01990	31.3	128	76	5	37	156	3	126	3.85e-06	43.9
WP_056903146.1	iCN718.ABAYE_RS05715	30.3	132	64	8	39	154	5	124	4.91e-05	40.8
WP_056903146.1	STM_v1_0.STM1435	32.3	124	76	5	37	154	3	124	5.05e-05	40.8
WP_056903146.1	iSbBS512_1146.SbBS512_E1843	30.5	128	77	5	37	156	3	126	6.95e-05	40.4
WP_056903146.1	iML1515.b1651	30.5	128	77	5	37	156	3	126	9.56e-05	40.0
WP_056903146.1	iSDY_1059.SDY_1877	30.5	128	77	5	37	156	3	126	9.56e-05	40.0
WP_056903146.1	iSF_1195.SF1678	30.5	128	77	5	37	156	3	126	9.56e-05	40.0
WP_056903146.1	iSSON_1240.SSON_1505	30.5	128	77	5	37	156	3	126	9.56e-05	40.0
WP_056903146.1	iPC815.YPO2381	31.2	125	76	4	37	154	3	124	9.56e-05	40.0
WP_056903166.1	STM_v1_0.STM2774	31.1	466	293	10	126	576	749	1201	1.98e-35	142
WP_056903166.1	iEK1008.Rv1349	30.5	426	277	9	161	576	149	565	2.40e-35	140
WP_056903166.1	iPC815.YPO3144	29.9	489	332	7	92	576	91	572	5.55e-35	139
WP_056903166.1	iPC815.YPO1913	28.3	492	323	9	101	576	99	576	7.79e-34	135
WP_056903166.1	iSDY_1059.SDY_1025	29.1	540	352	9	53	576	674	1198	1.14e-32	134
WP_056903166.1	iJN1463.PP_4935	28.9	515	329	10	81	577	95	590	1.15e-32	132
WP_056903166.1	iEK1008.Rv1348	30.1	605	339	17	20	582	285	847	3.63e-31	129
WP_056903171.1	iEK1008.Rv2724c	51.6	380	183	1	2	381	8	386	1.34e-136	394
WP_056903172.1	iEK1008.Rv0157	50.8	478	209	8	6	467	8	475	2.80e-131	387
WP_056903174.1	iYO844.BSU36890	50.0	210	101	1	2	211	3	208	9.98e-66	201
WP_056903174.1	iYS854.USA300HOU_RS11405	49.5	210	102	1	2	211	3	208	2.84e-65	200
WP_056903174.1	iEK1008.Rv3309c	52.9	210	94	2	1	210	1	205	1.53e-64	198
WP_056903174.1	iNF517.LLMG_RS10940	49.8	209	99	2	5	211	6	210	6.99e-64	196
WP_056903174.1	iHN637.CLJU_RS01135	48.5	206	102	1	6	211	7	208	7.53e-63	194
WP_056903174.1	iLJ478.TM0721	49.8	205	99	1	5	209	6	206	1.74e-61	190
WP_056903174.1	iCN900.CD630_34790	47.8	205	103	1	7	211	8	208	9.92e-61	188
WP_056903191.1	iCN900.CD630_20200	28.7	150	77	6	45	190	612	735	9.56e-05	43.5
WP_056903208.1	iAF987.Gmet_1671	28.3	646	371	19	72	702	47	615	2.33e-55	202
WP_056903208.1	iAF987.Gmet_0354	26.7	753	357	18	76	689	74	770	1.78e-52	196
WP_056903208.1	iHN637.CLJU_RS16730	27.0	690	418	23	35	690	24	661	3.98e-51	191
WP_056903208.1	iNF517.LLMG_RS11990	29.0	587	338	19	66	634	96	621	4.90e-51	191
WP_056903208.1	iJN1463.PP_4683	27.9	591	351	16	71	641	148	683	2.62e-48	183
WP_056903216.1	iJN1463.PP_1132	41.6	382	216	4	34	412	9	386	2.21e-84	264
WP_056903216.1	iPC815.YPO0470	40.6	382	219	5	36	414	5	381	2.25e-83	261
WP_056903216.1	STM_v1_0.STM0039	40.2	381	215	5	42	416	10	383	9.14e-81	254
WP_056903216.1	iSDY_1059.SDY_0018	39.9	383	217	5	42	418	10	385	2.56e-80	253
WP_056903216.1	iSbBS512_1146.SbBS512_E0019	39.9	383	217	5	42	418	10	385	3.61e-80	253
WP_056903216.1	iSSON_1240.SSON_0021	39.9	383	217	5	42	418	10	385	3.61e-80	253
WP_056903216.1	iSF_1195.SF0016	39.9	383	217	5	42	418	10	385	1.43e-79	251
WP_056903216.1	iML1515.b0019	39.7	383	218	5	42	418	10	385	2.01e-79	251
WP_056903216.1	iYL1228.KPN_00016	40.4	381	214	6	42	416	14	387	5.39e-78	247
WP_056903217.1	iEK1008.Rv3667	64.2	640	220	3	15	648	11	647	2.10e-297	824
WP_056903220.1	iEK1008.Rv0253	49.0	96	48	1	8	102	10	105	2.30e-24	89.4
WP_056903220.1	STM_v1_0.STM3475	45.5	101	54	1	8	107	4	104	3.27e-22	83.6
WP_056903220.1	iYL1228.KPN_03753	44.6	101	55	1	8	107	4	104	4.63e-22	83.2
WP_056903220.1	iML1515.b3366	43.6	101	56	1	8	107	4	104	1.32e-21	82.0
WP_056903220.1	iSbBS512_1146.SbBS512_E3742	43.6	101	56	1	8	107	4	104	1.32e-21	82.0
WP_056903220.1	iSDY_1059.SDY_3528	43.6	101	56	1	8	107	4	104	1.32e-21	82.0
WP_056903220.1	iSF_1195.SF3385	43.6	101	56	1	8	107	4	104	1.32e-21	82.0
WP_056903220.1	iSSON_1240.SSON_3497	43.6	101	56	1	8	107	4	104	1.32e-21	82.0
WP_056903247.1	iYL1228.KPN_01473	45.2	354	184	6	6	354	4	352	7.00e-91	276
WP_056903247.1	iJN1463.PP_3274	42.7	354	198	4	5	353	3	356	1.22e-86	265
WP_056903247.1	iML1515.b1392	42.9	354	192	6	6	354	4	352	2.07e-84	259
WP_056903250.1	iLB1027_lipid.PHATRDRAFT_8772	33.9	298	189	2	102	393	6	301	2.81e-48	166
WP_056903301.1	iAF987.Gmet_3251	34.5	594	338	16	492	1080	3	550	8.43e-88	293
WP_056903332.1	iYO844.BSU10270	42.0	521	281	10	3	517	2	507	4.78e-116	352
WP_056903332.1	iYO844.BSU28560	37.0	530	312	7	4	517	26	549	5.99e-104	322
WP_056903333.1	iEK1008.Rv0788	67.3	214	69	1	2	215	4	216	2.15e-100	290
WP_056903344.1	iJN1463.PP_3948	24.8	719	472	16	77	760	50	734	5.04e-45	174
WP_056903385.1	iEK1008.Rv1511	72.1	337	94	0	1	337	1	337	1.21e-188	523
WP_056903431.1	iAF987.Gmet_0043	27.3	260	177	5	120	368	8	266	1.41e-18	87.0
WP_056903432.1	iEK1008.Rv0489	71.1	246	70	1	5	250	4	248	6.76e-121	344
WP_056903439.1	iAF987.Gmet_2752	30.0	453	240	9	6	423	5	415	2.66e-35	135
WP_056903450.1	iEK1008.Rv3490	56.4	479	193	2	4	466	21	499	1.74e-196	555
WP_056903462.1	iEK1008.Rv0373c	41.4	782	433	13	21	796	29	791	1.19e-179	536
WP_056903472.1	iCHOv1.100763319	30.4	135	82	3	44	171	332	461	5.47e-04	42.0
WP_056903472.1	iCHOv1.100755842	25.4	189	128	3	64	249	136	314	6.75e-04	41.6
WP_056903486.1	iCN900.CD630_07980	25.9	382	250	5	24	403	22	372	3.78e-26	109
WP_056903546.1	iNF517.LLMG_RS09915	60.3	239	95	0	12	250	6	244	9.50e-101	293
WP_056903546.1	iYS854.USA300HOU_RS09925	59.8	239	96	0	12	250	4	242	1.26e-100	292
WP_056903546.1	iCN900.CD630_07520	58.2	239	100	0	12	250	2	240	3.36e-100	291
WP_056903546.1	iNF517.LLMG_RS09720	60.3	239	95	0	12	250	7	245	1.41e-98	287
WP_056903546.1	iYO844.BSU23960	58.6	239	99	0	12	250	2	240	2.66e-92	271
WP_056903546.1	iSDY_1059.SDY_0787	55.9	238	105	0	12	249	2	239	1.53e-91	269
WP_056903546.1	iSSON_1240.SSON_0789	55.9	238	105	0	12	249	2	239	1.53e-91	269
WP_056903546.1	iML1515.b0809	55.5	238	106	0	12	249	2	239	8.75e-91	267
WP_056903546.1	iSbBS512_1146.SbBS512_E2539	55.5	238	106	0	12	249	2	239	8.75e-91	267
WP_056903546.1	iYO844.BSU27430	55.6	234	104	0	17	250	7	240	2.67e-90	266
WP_056903546.1	iSF_1195.SF0760	55.5	238	106	0	12	249	2	239	2.50e-90	266
WP_056903547.1	iYO844.BSU27450	42.5	207	106	6	60	263	19	215	5.66e-38	132
WP_056903547.1	iYO844.BSU03600	38.3	222	125	5	44	262	18	230	6.47e-34	122
WP_056903547.1	iYO844.BSU23970	36.5	211	127	3	49	259	11	214	4.80e-33	119
WP_056903561.1	iAF987.Gmet_2435	46.6	178	86	4	22	198	15	184	9.60e-40	134
WP_056903561.1	iEK1008.Rv1031	45.5	191	96	2	9	198	3	186	7.64e-39	132
WP_056903562.1	iYO844.BSU06990	32.4	296	186	7	37	324	7	296	1.06e-36	133
WP_056903562.1	iYO844.BSU28730	29.9	274	181	6	55	324	14	280	3.14e-34	126
WP_056903562.1	iEK1008.Rv2039c	32.7	257	161	6	64	319	29	274	1.63e-33	124
WP_056903589.1	iYL1228.KPN_01958	31.5	333	217	5	20	347	4	330	1.97e-43	152
WP_056903589.1	iCN718.ABAYE_RS13035	32.3	331	216	5	18	347	6	329	3.96e-42	149
WP_056903589.1	iJN1463.PP_0591	31.7	312	203	6	18	327	4	307	2.80e-41	146
WP_056903589.1	STM_v1_0.STM1463	36.4	250	153	3	97	346	85	328	6.18e-40	143
WP_056903589.1	iSF_1195.SF1648	31.4	318	207	4	22	334	6	317	6.18e-40	143
WP_056903589.1	iSDY_1059.SDY_1846	31.3	332	189	6	22	334	6	317	1.21e-39	142
WP_056903589.1	iML1515.b1623	31.1	318	208	4	22	334	6	317	4.59e-39	141
WP_056903589.1	iSSON_1240.SSON_1535	31.1	318	208	4	22	334	6	317	4.59e-39	141
WP_056903589.1	iSbBS512_1146.SbBS512_E1811	31.1	318	208	4	22	334	6	317	8.95e-39	140
WP_056903589.1	iCN718.ABAYE_RS15440	32.0	322	200	7	22	334	6	317	4.54e-38	138
WP_056903595.1	iEK1008.Rv1074c	71.0	404	117	0	1	404	1	404	1.81e-207	576
WP_056903606.1	iEK1008.Rv2970c	39.0	269	139	12	26	274	85	348	7.30e-38	137
WP_056903622.1	iEK1008.Rv3025c	61.9	386	143	3	7	390	3	386	7.02e-153	436
WP_056903634.1	iEK1008.Rv1018c	53.5	475	214	2	7	477	6	477	6.97e-162	467
WP_056903665.1	iEK1008.Rv3396c	71.2	527	140	4	4	530	11	525	1.27e-262	726
WP_056903677.1	iEK1008.Rv0956	56.8	199	84	2	3	201	13	209	3.49e-67	204
WP_056903694.1	iEK1008.Rv3314c	65.7	423	142	2	5	427	7	426	3.28e-174	493
WP_056903766.1	iEK1008.Rv3199c	35.5	310	163	10	7	295	16	309	6.20e-38	136
WP_056903812.1	iEK1008.Rv0386	37.9	58	36	0	150	207	1026	1083	4.58e-05	43.5
WP_056903822.1	iJN1463.PP_4903	38.4	271	142	9	68	329	82	336	3.30e-40	144
WP_056903856.1	iEK1008.Rv1322A	60.7	135	53	0	18	152	17	151	4.24e-57	175
WP_056903857.1	iYS854.USA300HOU_RS05725	29.7	101	67	1	52	152	4	100	3.16e-04	39.3
WP_056903897.1	iEK1008.Rv2895c	26.4	273	142	12	8	234	7	266	2.21e-13	68.2
WP_056903900.1	iEK1008.Rv3710	55.9	617	217	7	13	582	34	642	2.78e-227	643
WP_056903900.1	iYL1228.KPN_03016	55.5	564	232	7	21	582	5	551	1.75e-209	594
WP_056903900.1	iJN1463.PP_1025	57.4	564	214	11	21	581	7	547	1.69e-209	594
WP_056903903.1	iAF987.Gmet_0493	35.7	269	166	2	1	266	1	265	4.31e-36	131
WP_056903903.1	iYO844.BSU02870	31.9	270	178	4	4	271	1	266	4.11e-33	124
WP_056903903.1	iYS854.USA300HOU_RS08300	31.5	260	165	3	6	257	5	259	6.70e-33	123
WP_056903903.1	iNF517.LLMG_RS12025	34.7	262	166	2	5	265	3	260	6.23e-33	123
WP_056903930.1	iEK1008.Rv2243	49.5	299	150	1	1	299	1	298	1.46e-78	244
WP_056903931.1	iEK1008.Rv3569c	28.1	274	183	7	11	280	24	287	1.00e-19	87.0
WP_056903931.1	iJN1463.PP_0553	30.5	259	153	6	26	281	132	366	1.53e-18	84.7
WP_056903931.1	iSynCJ816.SGL_RS04775	36.4	107	65	1	24	127	22	128	3.65e-17	79.7
WP_056903939.1	iJN1463.PP_3553	39.0	536	277	11	3	505	16	534	1.59e-101	315
WP_056903939.1	iJN1463.PP_2795	36.8	532	291	10	3	505	18	533	1.37e-94	297
WP_056903945.1	iLJ478.TM0240	33.8	328	203	4	7	331	5	321	1.25e-53	183
WP_056903945.1	iYO844.BSU30970	32.0	328	210	5	3	328	2	318	1.85e-52	179
WP_056903945.1	iCN900.CD630_08820	30.3	333	218	5	3	332	2	323	3.15e-51	176
WP_056903958.1	iEK1008.Rv2222c	64.7	439	154	1	1	438	1	439	3.63e-209	583
WP_056903994.1	iEK1008.Rv1437	57.6	408	155	7	1	401	6	402	1.90e-138	401
WP_056903994.1	iLJ478.TM0689	52.0	398	177	5	9	403	10	396	9.32e-121	364
WP_056903995.1	iEK1008.Rv1438	62.2	251	93	1	1	251	7	255	8.34e-105	304
WP_056904006.1	iCN900.CD630_10570	29.8	238	150	3	12	247	5	227	8.70e-21	88.6
WP_056904006.1	iYL1228.KPN_01474	32.6	236	136	4	17	248	2	218	7.34e-21	88.6
WP_056904006.1	iEK1008.Rv1142c	35.7	224	125	6	27	247	23	230	9.14e-21	88.6
WP_056904006.1	iEK1008.Rv1070c	31.6	234	135	7	21	249	8	221	1.05e-20	88.2
WP_056904006.1	iAF987.Gmet_2212	33.7	202	118	3	19	217	6	194	2.20e-20	87.4
WP_056904006.1	iCN718.ABAYE_RS15890	35.1	191	109	6	17	203	2	181	5.84e-20	86.3
WP_056904006.1	iCN718.ABAYE_RS11580	32.0	231	142	5	19	247	6	223	4.41e-19	84.0
WP_056904006.1	iCN900.CD630_08000	30.8	247	154	3	18	262	6	237	1.05e-18	82.8
WP_056904006.1	iCHOv1.100768055	32.8	232	137	5	27	249	63	284	4.43e-18	82.0
WP_056904006.1	iJN1463.PP_2217	30.4	230	132	5	14	235	1	210	1.90e-18	82.0
WP_056904006.1	iEK1008.Rv0675	34.6	214	113	4	19	226	5	197	1.04e-17	80.1
WP_056904007.1	iYL1228.KPN_00941	32.9	592	372	5	26	615	12	580	2.58e-93	298
WP_056904007.1	STM_v1_0.STM0984	32.8	592	373	5	26	615	12	580	3.62e-93	298
WP_056904007.1	iPC815.YPO1395	32.8	592	373	5	26	615	12	580	2.76e-92	296
WP_056904007.1	iML1515.b0914	33.4	557	346	5	61	615	47	580	5.44e-92	295
WP_056904007.1	iSbBS512_1146.SbBS512_E2410	33.4	557	346	5	61	615	47	580	5.44e-92	295
WP_056904007.1	iSDY_1059.SDY_2344	33.4	557	346	5	61	615	47	580	5.44e-92	295
WP_056904007.1	iSF_1195.SF0910	33.4	557	346	5	61	615	47	580	5.44e-92	295
WP_056904007.1	iSSON_1240.SSON_0916	33.4	557	346	5	61	615	47	580	5.44e-92	295
WP_056904014.1	iSynCJ816.SGL_RS08660	45.7	878	448	9	9	881	1	854	1.00e-257	742
WP_056904015.1	iSynCJ816.SGL_RS08655	31.9	260	166	3	6	263	9	259	4.39e-35	128
WP_056904026.1	iYO844.BSU15720	37.1	151	88	3	22	172	3	146	3.34e-23	90.5
WP_056904026.1	iAM_Pf480.PF3D7_0907900	28.0	168	117	2	25	191	67	231	7.92e-21	86.3
WP_056904026.1	iAM_Pb448.PBANKA_080930	27.1	166	117	2	31	195	68	230	5.36e-20	84.0
WP_056904027.1	iCN718.ABAYE_RS10295	68.7	402	125	1	2	403	1	401	3.14e-195	545
WP_056904027.1	iEK1008.Rv3140	64.2	402	141	1	2	403	3	401	1.80e-175	494
WP_056904047.1	iSynCJ816.SGL_RS02245	25.9	228	157	5	1	220	1	224	1.29e-12	66.2
WP_056904047.1	iLJ478.TM1374	31.3	201	121	9	6	201	5	193	6.78e-13	65.1
WP_056904048.1	iSF_1195.SF3403	33.0	203	100	5	22	195	10	205	5.01e-21	88.2
WP_056904048.1	iML1515.b3385	32.5	203	101	5	22	195	10	205	9.69e-21	87.4
WP_056904048.1	iSSON_1240.SSON_3516	32.5	203	101	5	22	195	10	205	9.69e-21	87.4
WP_056904048.1	iSbBS512_1146.SbBS512_E3762	32.5	203	101	5	22	195	10	205	1.35e-20	87.0
WP_056904048.1	iSDY_1059.SDY_3694	33.0	203	100	6	22	195	10	205	1.35e-19	84.3
WP_056904048.1	iML1515.b1727	31.3	192	113	4	21	201	9	192	1.10e-19	84.0
WP_056904048.1	iYO844.BSU09240	30.1	186	127	3	21	204	4	188	2.05e-19	83.2
WP_056904048.1	STM_v1_0.STM3482	32.7	202	102	5	22	195	10	205	3.60e-19	83.2
WP_056904048.1	iYL1228.KPN_03756	32.0	203	103	5	22	195	10	206	5.07e-19	82.8
WP_056904124.1	iYO844.BSU22690	33.9	124	81	1	1	123	1	124	1.41e-23	88.2
WP_056904184.1	iEK1008.Rv0772	56.4	424	169	5	1	414	1	418	3.84e-139	404
WP_056904238.1	iSynCJ816.SGL_RS17040	26.5	438	290	11	21	437	33	459	8.14e-37	143
WP_056904283.1	iHN637.CLJU_RS11425	27.8	309	180	10	40	334	18	297	2.06e-21	94.4
WP_056904283.1	iYO844.BSU06150	28.6	269	155	8	52	314	37	274	4.94e-21	93.2
WP_056904283.1	iML1515.b4358	29.1	278	159	9	39	313	20	262	3.63e-20	90.5
WP_056904283.1	iSbBS512_1146.SbBS512_E4898	29.1	278	159	9	39	313	20	262	3.63e-20	90.5
WP_056904283.1	iSSON_1240.SSON_4504	29.1	278	159	9	39	313	25	267	3.85e-20	90.5
WP_056904288.1	iHN637.CLJU_RS02325	39.5	481	256	4	8	484	3	452	1.73e-107	327
WP_056904288.1	iHN637.CLJU_RS10530	39.0	484	260	4	8	487	3	455	6.90e-107	326
WP_056904288.1	iHN637.CLJU_RS02330	36.9	488	273	4	8	491	3	459	4.89e-98	303
WP_056904326.1	iCN900.CD630_20500	39.7	237	140	1	9	245	1	234	1.03e-58	186
WP_056904326.1	iYS854.USA300HOU_RS07985	43.6	236	128	3	10	245	7	237	2.05e-57	182
WP_056904326.1	iNF517.LLMG_RS06045	43.0	242	133	3	9	250	1	237	5.48e-56	179
WP_056904334.1	iCN900.CD630_06990	44.9	354	178	2	19	372	3	339	9.63e-101	301
WP_056904334.1	iHN637.CLJU_RS16970	46.0	328	160	2	45	372	27	337	3.62e-100	300
WP_056904334.1	iAF987.Gmet_1415	43.9	358	175	6	19	372	3	338	3.56e-95	287
WP_056904334.1	iJN1463.PP_2469	43.2	354	183	3	19	372	2	337	9.19e-93	281
WP_056904334.1	iYS854.USA300HOU_RS05690	42.3	343	179	3	32	372	18	343	1.46e-89	273
WP_056904334.1	iCN718.ABAYE_RS15760	45.2	352	164	6	21	372	3	325	2.59e-89	271
WP_056904338.1	iEK1008.Rv1416	55.5	155	68	1	3	157	4	157	6.36e-50	157
WP_056904345.1	iEK1008.Rv1392	69.0	400	117	3	3	396	5	403	1.11e-187	525
WP_056904345.1	iCN900.CD630_01300	61.4	399	149	5	1	397	1	396	2.06e-167	474
WP_056904350.1	iEK1008.Rv1383	60.6	381	135	5	7	380	4	376	8.91e-158	448
WP_056904353.1	iEK1008.Rv1380	65.3	314	96	4	3	310	4	310	3.24e-133	382
WP_056904366.1	iAF987.Gmet_0201	40.5	892	500	12	5	885	5	876	7.51e-203	600
WP_056904366.1	iCN900.CD630_12820	39.0	880	510	12	5	877	8	867	5.49e-194	578
WP_056904366.1	iJN1463.PP_4474	40.9	899	481	17	1	881	1	867	6.66e-194	577
WP_056904366.1	iSF_1195.SF2720	39.6	893	494	15	3	880	5	867	1.08e-189	566
WP_056904366.1	iSSON_1240.SSON_2841	39.8	893	493	15	3	880	5	867	1.08e-189	566
WP_056904366.1	iSbBS512_1146.SbBS512_E3180	39.8	893	493	15	3	880	5	867	1.52e-189	566
WP_056904366.1	iSDY_1059.SDY_2893	39.8	893	493	15	3	880	5	867	3.02e-189	565
WP_056904366.1	iYL1228.KPN_03029	39.8	893	493	15	3	880	5	867	2.30e-188	563
WP_056904366.1	iLJ478.TM1396	39.9	894	480	20	1	878	4	856	4.51e-188	562
WP_056904366.1	STM_v1_0.STM2827	39.5	893	495	15	3	880	5	867	1.04e-186	559
WP_056904366.1	iYS854.USA300HOU_RS08615	38.4	893	510	18	1	880	4	869	2.20e-182	548
WP_056904366.1	iSynCJ816.SGL_RS11990	39.2	892	505	15	5	885	12	877	6.34e-182	546
WP_056904366.1	iPC815.YPO3305	38.6	899	503	17	3	884	5	871	6.60e-181	544
WP_056904382.1	iMM1415.66286	28.4	116	75	2	29	137	50	164	7.21e-07	47.4
WP_056904382.1	iCHOv1.100769695	27.6	116	76	2	29	137	50	164	9.85e-07	47.0
WP_056904386.1	iMM904.YDR305C	26.4	91	65	2	64	153	27	116	1.11e-07	49.7
WP_056904411.1	iEK1008.Rv2753c	46.6	290	151	3	15	303	13	299	6.39e-73	226
WP_056904469.1	iPC815.YPO2176	32.9	216	119	5	1	213	1	193	2.54e-30	110
WP_056904469.1	iNF517.LLMG_RS02890	39.2	176	99	5	1	173	1	171	2.98e-30	110
WP_056904469.1	iSbBS512_1146.SbBS512_E1403	31.7	221	125	5	1	218	1	198	6.32e-30	110
WP_056904469.1	STM_v1_0.STM1750	31.2	221	126	5	1	218	1	198	3.48e-29	108
WP_056904469.1	iSDY_1059.SDY_1290	31.2	221	126	5	1	218	1	198	4.89e-29	107
WP_056904469.1	iSF_1195.SF1238	31.2	221	126	5	1	218	1	198	6.87e-29	107
WP_056904469.1	iSSON_1240.SSON_1941	31.2	221	126	5	1	218	1	198	6.87e-29	107
WP_056904469.1	iML1515.b1238	31.2	221	126	5	1	218	1	198	1.36e-28	106
WP_056904478.1	iEK1008.Rv3704c	50.4	383	184	4	32	408	28	410	1.51e-109	329
WP_056904499.1	iSynCJ816.SGL_RS14000	48.8	248	126	1	26	272	18	265	8.55e-75	229
WP_056904503.1	iEK1008.Rv3858c	67.0	491	152	4	1	485	1	487	1.71e-235	654
WP_056904509.1	iEK1008.Rv1602	63.3	207	69	3	1	206	6	206	1.38e-90	264
WP_056904521.1	iEK1008.Rv2153c	56.8	366	137	3	3	352	38	398	1.63e-116	343
WP_056904523.1	iEK1008.Rv2156c	51.1	366	162	6	1	360	1	355	1.50e-111	329
WP_056904531.1	iJN1463.PP_4977	42.6	284	157	2	11	292	12	291	2.02e-73	227
WP_056904557.1	iEK1008.Rv2192c	55.2	339	147	2	3	336	26	364	7.71e-106	314
WP_056904563.1	iYO844.BSU27850	52.3	352	159	4	36	387	25	367	1.88e-125	366
WP_056904617.1	iCN718.ABAYE_RS13845	38.7	124	72	3	3	126	6	125	1.00e-11	60.5
WP_056904620.1	iEK1008.Rv2977c	45.8	312	164	4	23	331	14	323	5.08e-73	228
WP_056904643.1	iEK1008.Rv2995c	69.3	342	96	5	21	361	1	334	3.76e-154	436
WP_056904648.1	iEK1008.Rv3003c	69.8	580	171	3	3	581	36	612	1.71e-297	820
WP_056904701.1	iEK1008.Rv2724c	62.1	377	143	0	6	382	10	386	1.89e-168	475
WP_056904715.1	iEK1008.Rv1110	66.9	329	103	2	2	324	4	332	4.45e-147	417
WP_056904721.1	iEK1008.Rv1099c	69.0	326	101	0	20	345	28	353	2.11e-159	450
WP_056904732.1	iJN1463.PP_0552	30.9	353	228	5	1	339	9	359	2.65e-52	176
WP_056904732.1	iYO844.BSU16990	34.4	337	201	7	14	339	20	347	3.90e-51	172
WP_056904732.1	iYO844.BSU06150	30.2	348	229	7	1	339	9	351	4.87e-50	170
WP_056904750.1	iAF987.Gmet_2863	34.5	255	138	9	33	277	17	252	2.53e-24	99.4
WP_056904750.1	iJN1463.PP_0382	31.3	272	157	9	32	297	14	261	3.31e-22	93.2
WP_056904770.1	iEK1008.Rv1120c	41.4	145	82	2	63	207	8	149	1.91e-27	103
WP_056904780.1	iYS854.USA300HOU_RS03905	37.0	208	127	1	2	209	5	208	1.01e-33	125
WP_056904780.1	iYO844.BSU33720	36.4	209	129	1	4	212	7	211	6.50e-32	115
WP_056904783.1	iCN900.CD630_26270	31.9	72	48	1	13	83	5	76	3.75e-05	40.4
WP_056904792.1	iYO844.BSU15910	36.1	249	149	5	4	246	2	246	4.08e-38	133
WP_056904792.1	iAF987.Gmet_1601	37.9	243	148	3	4	244	3	244	1.60e-37	131
WP_056904792.1	iYL1228.KPN_01091	37.3	241	147	3	5	244	4	241	4.24e-37	130
WP_056904792.1	iYS854.USA300HOU_RS06185	36.6	243	146	4	7	244	3	242	4.64e-36	127
WP_056904792.1	iNF517.LLMG_RS08950	32.8	244	160	3	4	246	3	243	6.36e-36	127
WP_056904792.1	iSynCJ816.SGL_RS07245	35.6	250	153	5	1	246	1	246	1.39e-35	126
WP_056904792.1	STM_v1_0.STM1195	36.9	241	148	3	5	244	4	241	1.82e-35	126
WP_056904792.1	iPC815.YPO1599	36.5	241	149	3	5	244	4	241	5.05e-35	125
WP_056904792.1	iAF987.Gmet_1531	36.3	248	154	4	1	246	1	246	1.13e-34	124
WP_056904792.1	iCN900.CD630_11820	34.6	254	152	6	1	246	1	248	4.40e-34	122
WP_056904792.1	iML1515.b1093	35.7	241	151	3	5	244	4	241	3.90e-34	122
WP_056904792.1	iJN1463.PP_2794	37.4	246	141	7	4	243	11	249	5.08e-34	122
WP_056904792.1	iSbBS512_1146.SbBS512_E2231	35.7	241	151	3	5	244	4	241	3.90e-34	122
WP_056904792.1	iSDY_1059.SDY_2057	35.7	241	151	3	5	244	4	241	3.90e-34	122
WP_056904792.1	iSF_1195.SF1097	35.7	241	151	3	5	244	4	241	3.90e-34	122
WP_056904792.1	iSSON_1240.SSON_1113	35.7	241	151	3	5	244	4	241	3.90e-34	122
WP_056904792.1	iLJ478.TM1724	35.2	247	153	4	4	246	3	246	4.09e-34	122
WP_056904792.1	iHN637.CLJU_RS17225	31.9	248	163	4	3	246	5	250	1.25e-33	121
WP_056904792.1	iAF987.Gmet_1694	37.0	243	146	5	6	244	5	244	1.11e-33	121
WP_056904792.1	iEK1008.Rv1483	35.0	243	146	3	7	248	16	247	3.23e-33	120
WP_056904796.1	iPC815.YPO3804	49.4	233	117	1	1	233	1	232	2.43e-67	207
WP_056904796.1	iYL1228.KPN_03816	48.9	233	118	1	1	233	5	236	2.05e-64	199
WP_056904796.1	STM_v1_0.STM3560	48.5	233	119	1	1	233	5	236	1.66e-63	197
WP_056904796.1	iAF987.Gmet_1819	46.2	238	123	1	1	233	1	238	4.52e-63	196
WP_056904796.1	iSF_1195.SF3472	48.1	233	120	1	1	233	5	236	1.34e-62	195
WP_056904796.1	iSSON_1240.SSON_3692	48.1	233	120	1	1	233	9	240	1.51e-62	195
WP_056904796.1	iML1515.b3454	48.1	233	120	1	1	233	5	236	1.89e-62	194
WP_056904796.1	iSbBS512_1146.SbBS512_E3868	48.1	233	120	1	1	233	9	240	2.14e-62	194
WP_056904796.1	iJN1463.PP_1137	47.6	233	121	1	1	233	1	232	9.52e-62	192
WP_056904796.1	iSDY_1059.SDY_3603	47.6	233	121	1	1	233	9	240	1.72e-61	192
WP_056904796.1	iJN1463.PP_4863	45.1	233	127	1	1	233	5	236	1.27e-60	190
WP_056904837.1	iEK1008.Rv3567c	29.9	154	107	1	12	165	5	157	2.89e-19	80.1
WP_056904840.1	iJN1463.PP_2765	61.1	357	133	2	17	373	3	353	1.95e-155	441
WP_056904877.1	iYL1228.KPN_04772	47.9	451	233	2	4	453	3	452	5.51e-140	409
WP_056904877.1	iJN1463.PP_2488	47.6	452	235	1	4	453	3	454	3.63e-137	402
WP_056904877.1	iEK1008.Rv0234c	46.2	450	240	1	7	454	60	509	1.77e-133	394
WP_056904882.1	iHN637.CLJU_RS03365	34.0	1036	536	20	33	967	25	1013	2.43e-173	531
WP_056904896.1	iEK1008.Rv1011	46.8	299	155	2	2	299	5	300	1.08e-74	231
WP_056904919.1	iEK1008.Rv1656	57.5	306	130	0	1	306	2	307	8.26e-112	326
WP_056904990.1	iEK1008.Rv3696c	77.9	503	111	0	2	504	14	516	9.90e-296	808
WP_056905069.1	iEK1008.Rv3777	57.8	327	132	2	1	324	4	327	2.29e-121	351
WP_056905097.1	iMM1415.105014	30.8	305	187	7	2	288	5	303	1.10e-23	99.0
WP_056905097.1	iCHOv1.100757118	31.5	267	160	6	40	288	42	303	5.43e-23	97.1
WP_056905097.1	iMM1415.17252	28.6	252	173	3	40	288	36	283	6.91e-21	90.9
WP_056905116.1	iAF987.Gmet_0363	33.3	177	105	4	13	183	43	212	1.40e-19	84.3
WP_056905116.1	iYO844.BSU09540	33.1	172	97	6	9	179	11	165	1.37e-19	83.6
WP_056905117.1	iCN900.CD630_36640	36.6	399	247	3	18	414	4	398	2.86e-92	284
WP_056905175.1	iSynCJ816.SGL_RS16080	41.2	68	35	3	13	76	6	72	2.71e-05	44.3
WP_056905176.1	iEK1008.Rv0859	68.3	401	126	1	3	403	4	403	6.10e-191	534
WP_056905176.1	iCN718.ABAYE_RS03690	65.8	403	136	2	1	403	1	401	1.59e-183	515
WP_056905176.1	iAF987.Gmet_2197	65.2	399	137	2	3	401	4	400	9.26e-176	495
WP_056905190.1	iJN1463.PP_3561	26.9	275	182	7	38	303	49	313	6.85e-07	49.7
WP_056905190.1	iCN900.CD630_21240	23.9	314	215	9	4	306	6	306	1.60e-06	48.5
WP_056905248.1	iCHOv1.100759583	43.3	208	106	6	17	220	39	238	2.55e-33	124
WP_056905248.1	iMM1415.77974	43.1	211	106	6	17	222	39	240	2.55e-33	124
WP_056905248.1	iCHOv1.100759877	42.5	207	109	5	17	220	38	237	1.35e-32	122
WP_056905248.1	iMM1415.17252	43.0	200	104	5	17	213	38	230	1.35e-32	122
WP_056905248.1	iMM1415.105014	37.7	215	116	6	17	219	44	252	3.76e-29	113
WP_056905248.1	iCHOv1.100757118	38.6	215	114	8	17	219	44	252	1.40e-28	112
WP_056905286.1	iAT_PLT_636.4905	37.1	232	120	7	189	401	242	466	6.52e-33	135
WP_056905286.1	iMM1415.18195	37.1	232	120	7	189	401	242	466	6.52e-33	135
WP_056905296.1	iSF_1195.SF0727	28.8	125	80	2	16	140	19	134	4.91e-07	48.9
WP_056905296.1	iSbBS512_1146.SbBS512_E2575	28.7	122	84	1	19	140	16	134	8.95e-07	48.1
WP_056905296.1	iSDY_1059.SDY_0829	28.8	125	80	2	16	140	19	134	8.95e-07	48.1
WP_056905296.1	iSSON_1240.SSON_0756	28.7	122	84	1	19	140	16	134	8.95e-07	48.1
WP_056905296.1	iML1515.b0777	27.5	131	85	3	16	145	19	140	5.39e-06	45.8
WP_056905296.1	iAF987.Gmet_1167	24.5	139	95	4	31	162	54	189	1.36e-05	44.7
WP_056905315.1	iEK1008.Rv0534c	54.5	288	126	3	1	288	1	283	3.72e-86	259
WP_056905334.1	iEK1008.Rv0562	48.9	331	169	0	4	334	3	333	1.07e-93	281
WP_056905336.1	iEK1008.Rv2455c	64.3	621	204	4	6	626	24	626	1.62e-282	786
WP_056905344.1	iEK1008.Rv2888c	59.2	471	189	2	2	470	3	472	2.78e-179	510
WP_056905349.1	iEK1008.Rv3497c	30.5	315	216	1	7	321	11	322	6.99e-51	172
WP_056905361.1	iEK1008.Rv0889c	70.3	357	105	1	7	362	11	367	2.42e-183	512
WP_056905378.1	iAF987.Gmet_0069	35.5	107	64	3	3	106	5	109	8.33e-09	51.6
WP_056905378.1	iAF987.Gmet_1914	31.8	110	72	1	2	111	3	109	1.50e-07	48.1
WP_056905378.1	iAF987.Gmet_1706	32.9	73	46	1	1	73	1	70	3.52e-07	47.0
WP_056905448.1	iPC815.YPO0521	29.0	472	294	13	56	506	34	485	8.86e-27	113
WP_056905448.1	iSbBS512_1146.SbBS512_E0059	28.1	469	298	10	56	506	54	501	8.03e-25	107
WP_056905448.1	iSF_1195.SF0062	28.4	469	297	10	56	506	54	501	8.03e-25	107
WP_056905448.1	iML1515.b0067	28.1	469	298	10	56	506	54	501	1.44e-24	107
WP_056905448.1	iSDY_1059.SDY_0094	28.1	469	298	10	56	506	54	501	1.44e-24	107
WP_056905448.1	iSSON_1240.SSON_0073	27.6	468	302	9	56	506	54	501	4.60e-24	105
WP_056905448.1	iYL1228.KPN_00066	27.6	485	309	10	42	506	39	501	1.47e-23	103
WP_056905448.1	STM_v1_0.STM0107	28.1	469	298	10	56	506	54	501	2.62e-23	103
WP_082499869.1	iAF987.Gmet_1821	29.6	267	155	8	72	333	67	305	1.55e-19	88.2
WP_082499869.1	STM_v1_0.STM3562	29.8	339	185	9	22	333	93	405	2.91e-18	85.5
WP_082499869.1	iSF_1195.SF3474	29.0	334	194	9	22	333	93	405	1.73e-17	83.2
WP_082499869.1	iYL1228.KPN_03818	29.6	338	187	9	22	333	93	405	2.32e-17	82.8
WP_082499869.1	iPC815.YPO3806	29.8	295	175	6	55	333	127	405	3.17e-17	82.4
WP_082499869.1	iML1515.b3456	29.0	334	194	9	22	333	93	405	4.20e-17	82.0
WP_082499869.1	iSDY_1059.SDY_3605	29.0	334	194	9	22	333	93	405	5.64e-17	81.6
WP_082499869.1	iSbBS512_1146.SbBS512_E3866	29.0	334	194	9	22	333	93	405	7.58e-17	81.3
WP_082499869.1	iSSON_1240.SSON_3694	29.0	334	194	9	22	333	93	405	1.02e-16	80.9
WP_082499880.1	iLJ478.TM0356	46.2	396	213	0	33	428	2	397	6.69e-112	334
WP_082499880.1	iAF987.Gmet_3072	46.4	392	209	1	38	428	7	398	3.31e-104	314
WP_082499881.1	iSynCJ816.SGL_RS16645	46.2	275	148	0	44	318	2	276	1.89e-76	235
WP_082499884.1	iML1515.b2371	33.0	349	220	3	11	359	9	343	3.97e-58	194
WP_082499901.1	iSynCJ816.SGL_RS08415	29.8	94	60	1	16	109	8	95	1.53e-08	50.8
WP_082499901.1	iMM1415.13180	32.9	76	49	1	36	109	25	100	8.25e-07	46.2
WP_082500045.1	iJN1463.PP_0544	63.6	459	159	3	27	480	23	478	2.38e-192	544
WP_082500094.1	iNF517.LLMG_RS09290	40.8	184	103	2	28	206	6	188	4.50e-44	146
WP_082500122.1	iYL1228.KPN_03037	56.6	166	68	1	29	194	5	166	3.14e-58	181
WP_082500122.1	STM_v1_0.STM2832	53.7	177	78	1	29	205	5	177	3.14e-58	181
WP_082500122.1	iML1515.b2702	53.7	177	78	1	29	205	5	177	1.79e-57	179
WP_082500122.1	iSbBS512_1146.SbBS512_E3175	53.7	177	78	1	29	205	5	177	1.79e-57	179
WP_082500122.1	iSSON_1240.SSON_2846	53.7	177	78	1	29	205	5	177	1.79e-57	179
WP_082500122.1	iCN900.CD630_07640	47.7	176	88	1	26	201	5	176	1.21e-52	167
WP_082500124.1	iSynCJ816.SGL_RS07980	54.6	399	173	4	31	424	18	413	4.47e-144	417
WP_082500185.1	iEK1008.Rv1092c	58.9	314	119	3	28	338	6	312	6.60e-118	342
WP_082500185.1	STM_v1_0.STM4139	52.3	310	143	3	30	337	10	316	1.52e-107	316
WP_082500185.1	iYL1228.KPN_04352	51.6	310	145	3	30	337	12	318	3.26e-107	315
WP_082500185.1	iPC815.YPO3758	51.6	318	146	4	25	337	2	316	6.13e-107	315
WP_082500185.1	iML1515.b3974	51.9	310	144	3	30	337	10	316	8.69e-107	314
WP_082500185.1	iSDY_1059.SDY_3754	51.9	310	144	3	30	337	10	316	8.69e-107	314
WP_082500185.1	iSSON_1240.SSON_4147	51.9	310	144	3	30	337	10	316	8.69e-107	314
WP_082500185.1	iSF_1195.SF4052	51.9	310	144	3	30	337	2	308	1.89e-106	313
WP_082500185.1	iSbBS512_1146.SbBS512_E4462	51.6	310	145	3	30	337	10	316	7.03e-106	312
WP_082500187.1	iAF692.Mbar_A0647	31.4	220	131	5	27	231	7	221	4.62e-13	66.2
WP_082500230.1	iAF987.Gmet_2999	34.5	116	76	0	4	119	10	125	1.90e-15	70.5
WP_082500230.1	iAF987.Gmet_0069	35.0	120	72	2	4	119	5	122	1.34e-13	65.1
WP_082500231.1	iMM904.Q0085	28.3	240	166	6	28	267	22	255	1.00e-17	80.1
WP_082500245.1	iAF987.Gmet_2444	43.6	55	30	1	42	96	26	79	4.83e-04	41.6
WP_082500262.1	iEK1008.Rv3032	27.8	414	261	15	1	400	1	390	8.94e-20	90.5
WP_082500262.1	iEK1008.Rv0486	26.8	447	248	17	2	410	46	451	3.30e-17	83.2
WP_082500274.1	iEK1008.Rv3139	54.1	451	201	5	8	454	20	468	1.12e-146	426
WP_082500277.1	iEK1008.Rv3777	26.7	341	227	9	34	368	3	326	4.22e-18	84.0
WP_082500277.1	iJN1463.PP_0072	34.4	209	122	7	43	250	13	207	7.53e-18	83.2
WP_082500277.1	iEK1008.Rv1662	38.2	173	89	5	44	216	1359	1513	3.75e-15	77.0
WP_082500375.1	iEK1008.Rv3154	56.0	225	95	1	4	228	21	241	7.97e-68	211
WP_082500376.1	iEK1008.Rv3153	60.4	197	64	3	6	196	7	195	8.63e-76	226
WP_082500385.1	iEK1008.Rv3756c	37.3	233	128	2	1	233	1	215	1.05e-32	119
WP_082500468.1	iEK1008.Rv2900c	59.1	760	300	3	9	758	20	778	0.0	900
WP_082502582.1	iEK1008.Rv2850c	33.3	126	74	5	43	162	32	153	2.71e-05	45.4
WP_082502582.1	iAF692.Mbar_A1776	26.6	177	88	4	24	162	18	190	2.00e-04	42.7
WP_082502604.1	iEK1008.Rv1559	61.3	424	147	4	32	453	20	428	1.24e-161	462
WP_082502717.1	iEK1008.Rv0904c	56.3	471	197	4	4	468	3	470	6.78e-156	451
WP_082502737.1	iYS854.USA300HOU_RS03755	25.6	176	128	2	6	179	3	177	5.53e-05	44.7
WP_082502737.1	iJN1463.PP_3588	24.6	199	147	3	2	198	8	205	1.73e-04	43.1
WP_082502737.1	iYO844.BSU03070	28.4	116	81	2	49	162	55	170	7.94e-04	41.2
WP_082502803.1	iNF517.LLMG_RS04865	45.4	335	175	4	13	339	11	345	4.92e-85	260
WP_082502822.1	iCHOv1.100769399	34.2	111	64	3	60	169	108	210	8.06e-07	47.0
WP_082502828.1	iYS854.USA300HOU_RS06935	33.8	160	96	5	64	220	83	235	3.77e-16	77.4
WP_082502842.1	iML1515.b2047	34.5	348	210	6	107	446	116	453	4.23e-45	164
WP_082502854.1	iJN1463.PP_2872	43.5	292	151	2	1	292	1	278	1.35e-63	203
WP_082502854.1	iYL1228.KPN_01622	41.8	294	159	3	1	292	1	284	4.29e-60	194
WP_082503133.1	iML1515.b2682	28.4	162	106	4	41	195	20	178	5.84e-04	40.0
WP_082503133.1	iSbBS512_1146.SbBS512_E3194	28.4	162	106	4	41	195	20	178	5.84e-04	40.0
WP_082503133.1	iSDY_1059.SDY_2877	28.4	162	106	4	41	195	20	178	5.84e-04	40.0
WP_082503133.1	iSSON_1240.SSON_2826	28.4	162	106	4	41	195	20	178	5.84e-04	40.0
WP_082503139.1	iPC815.YPO3953	49.7	159	77	2	1	156	9	167	4.86e-42	138
WP_082503139.1	iJN1463.PP_3416	52.6	152	68	3	1	149	11	161	5.78e-38	128
WP_082503144.1	iSynCJ816.SGL_RS01940	52.9	259	122	0	41	299	7	265	2.12e-97	288
WP_082503144.1	iYL1228.KPN_00606	51.2	260	127	0	41	300	5	264	4.55e-93	277
WP_082503144.1	STM_v1_0.STM0590	51.2	258	126	0	43	300	7	264	2.10e-91	273
WP_082503144.1	iML1515.b0588	50.6	259	128	0	43	301	7	265	4.30e-90	270
WP_082503144.1	iSDY_1059.SDY_0519	50.6	259	128	0	43	301	7	265	4.30e-90	270
WP_082503144.1	iSSON_1240.SSON_0539	50.6	259	128	0	43	301	7	265	6.09e-90	269
WP_082503144.1	iSF_1195.SF0502	50.6	259	128	0	43	301	7	265	8.63e-90	269
WP_082503144.1	iSbBS512_1146.SbBS512_E0489	49.8	259	130	0	43	301	7	265	3.97e-88	265
WP_082503315.1	iLJ478.TM1138	38.4	271	132	2	3	238	11	281	1.20e-56	181
WP_082503315.1	iAF987.Gmet_1820	39.0	249	137	1	3	236	1	249	1.16e-51	167
WP_082503378.1	STM_v1_0.STM1221	35.7	115	61	3	42	145	43	155	1.76e-10	60.1
WP_082503379.1	iYO844.BSU03070	28.5	498	338	6	12	498	17	507	2.01e-51	183
WP_156697698.1	iEK1008.Rv2320c	22.9	433	304	7	13	434	26	439	3.35e-25	107
WP_156697704.1	iSynCJ816.SGL_RS11390	35.7	280	169	6	185	460	9	281	1.94e-36	135
WP_156697704.1	iJN1463.PP_1140	31.8	302	178	9	183	465	11	303	7.31e-32	123
WP_156697747.1	iEK1008.Rv3001c	64.0	325	117	0	1	325	1	325	1.52e-148	421
WP_156697747.1	iLJ478.TM0550	59.2	331	135	0	1	331	4	334	1.34e-140	401
WP_156697747.1	iYS854.USA300HOU_RS11075	60.2	327	129	1	1	327	4	329	5.84e-139	397
WP_156697747.1	iSynCJ816.SGL_RS17215	58.9	326	134	0	1	326	21	346	4.43e-137	392
WP_156697833.1	iEK1008.Rv1338	63.8	254	90	1	8	259	4	257	2.14e-104	304
WP_156697864.1	iAF987.Gmet_0043	31.1	244	139	9	134	364	39	266	1.32e-16	80.9
WP_156697880.1	iYS854.USA300HOU_RS11270	33.1	366	237	3	62	420	130	494	1.14e-58	199
WP_156697880.1	iYS854.USA300HOU_RS06700	33.6	360	225	5	71	420	138	493	2.45e-55	190
WP_156697880.1	iYO844.BSU36590	31.5	365	244	1	62	420	118	482	7.70e-54	186
WP_156697880.1	iAF987.Gmet_3078	34.8	348	212	6	65	402	36	378	3.47e-52	179
WP_156697903.1	iEK1008.Rv3280	68.5	530	161	2	1	525	20	548	9.66e-255	706
WP_156697921.1	iAT_PLT_636.4905	44.2	208	95	7	206	404	211	406	2.35e-37	147
WP_156697921.1	iMM1415.18195	44.2	208	95	7	206	404	211	406	2.35e-37	147
WP_156697944.1	iCN718.ABAYE_RS13380	45.5	191	101	2	8	197	10	198	4.06e-41	137
WP_156697971.1	iEK1008.Rv2967c	45.9	37	20	0	10	46	1062	1098	2.98e-04	37.0
WP_156697971.1	iEK1008.Rv3285	50.0	38	19	0	9	46	534	571	7.47e-04	35.8
WP_156697979.1	iEK1008.Rv3609c	67.9	187	59	1	11	196	13	199	8.44e-84	246
WP_156697984.1	iEK1008.Rv0975c	60.2	369	146	1	1	368	12	380	2.90e-144	413
WP_156718034.1	iEK1008.Rv0777	71.0	472	137	0	4	475	1	472	5.65e-227	631
WP_162242264.1	iIS312.TCDM_05651	34.7	101	64	2	62	161	107	206	4.68e-11	60.5
WP_162242264.1	iIS312.TCDM_00967	33.0	91	54	1	78	161	169	259	4.05e-10	58.2
WP_162242278.1	iEK1008.Rv1239c	44.0	336	174	3	22	346	34	366	1.05e-87	268
WP_162242360.1	iCN900.CD630_07670	25.6	117	87	0	9	125	4	120	2.96e-16	69.3
WP_162242360.1	iYL1228.KPN_03039	32.7	107	71	1	7	113	2	107	8.11e-16	68.2
WP_162242360.1	STM_v1_0.STM2834	32.4	105	70	1	9	113	4	107	1.14e-15	67.8
WP_162242360.1	iSSON_1240.SSON_2848	34.6	107	69	1	7	113	2	107	1.73e-15	67.4
WP_162242360.1	iML1515.b2704	34.6	107	69	1	7	113	2	107	2.44e-15	67.0
WP_162242360.1	iSbBS512_1146.SbBS512_E3173	34.6	107	69	1	7	113	2	107	2.44e-15	67.0
WP_162242360.1	iCN900.CD630_24140	30.8	117	78	2	10	124	3	118	6.09e-15	65.9
WP_165699020.1	iEK1008.Rv1238	53.7	387	171	4	1	380	6	391	4.43e-133	386
WP_165699023.1	iJN1463.PP_0365	40.0	100	54	3	84	181	58	153	6.83e-10	58.2
WP_165699023.1	iAF987.Gmet_0844	32.8	180	96	7	83	257	46	205	1.34e-08	54.3
WP_165699023.1	iYL1228.KPN_04329	39.4	104	55	4	80	177	64	165	1.18e-08	54.3
WP_165699023.1	iML1515.b3833	38.5	104	56	4	80	177	64	165	3.92e-08	52.8
WP_165699023.1	iSbBS512_1146.SbBS512_E4305	38.5	104	56	4	80	177	64	165	3.92e-08	52.8
WP_165699023.1	iSDY_1059.SDY_3910	38.5	104	56	4	80	177	64	165	3.92e-08	52.8
WP_165699023.1	iSF_1195.SF3911	38.5	104	56	4	80	177	64	165	3.92e-08	52.8
WP_165699023.1	iSSON_1240.SSON_4008	38.5	104	56	4	80	177	64	165	3.92e-08	52.8
WP_165699054.1	iJN1463.PP_5215	53.8	93	43	0	4	96	9	101	3.40e-34	113
WP_165699054.1	iML1515.b3781	49.5	103	48	1	4	106	8	106	9.71e-34	112
WP_165699054.1	STM_v1_0.STM3915	49.5	103	48	1	4	106	8	106	9.71e-34	112
WP_165699054.1	iSbBS512_1146.SbBS512_E4140	49.5	103	48	1	4	106	8	106	9.71e-34	112
WP_165699054.1	iSDY_1059.SDY_3968	49.5	103	48	1	4	106	26	124	1.64e-33	112
WP_165699054.1	iSF_1195.SF3854	49.5	103	48	1	4	106	26	124	1.64e-33	112
WP_165699054.1	iSSON_1240.SSON_3952	49.5	103	48	1	4	106	26	124	1.64e-33	112
WP_165699054.1	iYL1228.KPN_04282	49.5	103	48	1	4	106	8	106	5.59e-33	110
WP_165699054.1	iPC815.YPO3868	50.5	93	46	0	4	96	8	100	1.47e-30	104
WP_193660765.1	iSynCJ816.SGL_RS05125	25.1	179	124	5	191	369	11	179	6.20e-08	54.7
WP_193660765.1	iAF987.Gmet_2444	32.9	143	87	6	192	334	15	148	1.95e-07	53.1
WP_193660765.1	iCN900.CD630_14790	28.8	170	107	7	200	369	4	159	3.23e-06	49.3
WP_193660901.1	iEK1008.Rv0869c	59.8	331	129	1	6	332	30	360	6.03e-131	377
WP_193661023.1	iEK1008.Rv2361c	67.2	232	76	0	23	254	65	296	9.44e-116	333
WP_193661111.1	iEK1008.Rv1295	60.9	345	133	2	9	351	5	349	6.42e-134	386
WP_193661111.1	iLJ478.TM0546	59.7	318	128	0	17	334	4	321	8.02e-132	380
WP_193661111.1	iSynCJ816.SGL_RS10720	55.8	351	151	2	14	362	33	381	4.73e-124	362
WP_193661111.1	iYO844.BSU32250	54.6	326	147	1	15	340	2	326	1.31e-121	354
WP_193661202.1	iML1515.b1387	31.6	152	98	3	3	150	527	676	4.83e-11	60.1
WP_193661202.1	iJN1463.PP_3270	30.5	151	99	3	3	149	534	682	1.64e-10	58.5
WP_193661215.1	iJN1463.PP_4471	24.3	267	185	2	152	406	28	289	2.86e-10	61.6
WP_193661215.1	iHN637.CLJU_RS01455	31.1	405	257	5	18	408	17	413	3.33e-10	61.2
WP_193661215.1	iSynCJ816.SGL_RS06105	28.8	139	94	1	271	409	139	272	4.88e-10	60.8
WP_193661215.1	iYS854.USA300HOU_RS05000	26.6	139	97	1	267	405	133	266	4.68e-09	57.8
WP_193661215.1	iCN900.CD630_24360	26.8	142	99	1	268	409	129	265	1.92e-08	55.8
WP_193661250.1	iEK1008.Rv3285	61.7	596	214	5	7	595	12	600	1.17e-243	683
WP_193661368.1	iEK1008.Rv2445c	57.8	135	56	1	1	134	1	135	1.88e-51	159
WP_193661368.1	iAF692.Mbar_A3385	56.2	130	57	0	3	132	2	131	1.08e-48	152
WP_193661385.1	iJN1463.PP_1254	46.1	373	188	5	1	370	1	363	1.88e-105	315
WP_193661385.1	iJN1463.PP_2489	43.0	370	202	3	1	369	1	362	1.62e-96	292
WP_193661711.1	iJN1463.PP_4043	45.3	322	139	6	1	286	1	321	1.18e-90	272
WP_193661711.1	iEK1008.Rv1122	41.4	336	147	4	1	287	1	335	1.12e-80	247
WP_193661793.1	iML1515.b1920	28.7	230	150	7	63	289	41	259	2.09e-13	68.6
WP_193661793.1	iPC815.YPO2512	32.7	168	103	4	124	289	82	241	3.10e-13	67.8
WP_193661793.1	STM_v1_0.STM1954	28.7	230	150	7	63	289	41	259	1.79e-12	65.9
WP_193661795.1	iCN718.ABAYE_RS18570	30.6	144	80	5	58	197	54	181	3.49e-10	59.3
WP_193661795.1	iAF692.Mbar_A2989	28.6	161	108	2	51	211	39	192	3.27e-10	58.2
WP_193661795.1	STM_v1_0.STM2510	30.8	146	82	5	58	197	52	184	9.03e-09	55.1
WP_193661795.1	iSF_1195.SF2553	28.1	146	86	4	58	197	52	184	2.93e-08	53.5
WP_193661842.1	iEK1008.Rv2496c	54.3	322	145	2	3	323	23	343	2.10e-117	342
WP_193662011.1	iEK1008.Rv3499c	29.2	342	240	1	7	346	11	352	4.30e-41	150
WP_193662014.1	iEK1008.Rv3495c	31.7	331	211	6	20	343	7	329	4.94e-33	129
WP_193662121.1	iEK1008.Rv3608c	56.8	259	108	2	1	258	9	264	1.50e-80	244
WP_193662169.1	iJN1463.PP_4893	41.9	62	36	0	4	65	200	261	2.87e-06	48.5
WP_193662169.1	iML1515.b4173	41.9	62	36	0	4	65	199	260	3.77e-06	48.1
WP_193662169.1	iSynCJ816.SGL_RS05125	30.0	110	58	3	5	112	21	113	1.04e-05	47.0
WP_193662169.1	iCN900.CD630_14790	36.1	72	42	2	1	71	1	69	2.54e-05	45.8
WP_193662169.1	iAF987.Gmet_2444	36.9	65	40	1	5	69	24	87	1.01e-04	43.9
WP_193662222.1	iEK1008.Rv1082	59.2	284	115	1	13	295	4	287	8.33e-123	352
WP_193662609.1	iLB1027_lipid.PHATRDRAFT_50806	51.7	300	135	3	6	295	279	578	2.72e-91	282
WP_193662612.1	iYS854.USA300HOU_RS03070	22.1	190	130	5	59	232	58	245	6.86e-14	68.6
WP_193662768.1	iEK1008.Rv3740c	47.9	463	226	4	5	467	1	448	8.20e-135	395
WP_193662768.1	iEK1008.Rv3734c	46.1	462	235	5	7	467	6	454	5.67e-134	394
WP_193663781.1	iEK1008.Rv2074	50.0	128	61	2	11	138	10	134	2.40e-29	103
WP_193663813.1	iEK1008.Rv3111	55.6	153	67	1	8	159	8	160	4.43e-44	142
WP_193663813.1	iJN1463.PP_1292	57.0	151	64	1	8	157	2	152	1.91e-42	138
WP_193664060.1	iYO844.BSU15720	43.9	148	81	1	1	146	1	148	3.29e-34	118
WP_193664638.1	iEK1008.Rv1601	65.2	201	70	0	2	202	10	210	4.44e-93	270
WP_193664664.1	iAF987.Gmet_0415	33.0	97	64	1	52	148	416	511	1.44e-04	42.4
WP_193665218.1	iEK1008.Rv2773c	65.9	246	82	1	1	246	1	244	2.09e-106	307
WP_193665591.1	iJN1463.PP_2125	28.8	260	158	9	51	304	69	307	5.28e-14	70.9
WP_193665591.1	iEK1008.Rv2252	28.8	243	144	9	52	285	67	289	4.94e-12	65.1
WP_193665591.1	iYS854.USA300HOU_RS10305	27.0	244	154	9	56	294	62	286	6.93e-12	64.7
WP_193666166.1	iLJ478.TM1724	34.4	183	113	3	20	197	3	183	1.00e-17	80.1
WP_193666166.1	iCN900.CD630_11820	28.0	193	134	4	20	210	4	193	3.26e-15	73.2
WP_193666166.1	iSynCJ816.SGL_RS07245	30.7	192	130	2	20	210	4	193	3.17e-15	73.2
WP_193666166.1	iSynCJ816.SGL_RS12965	30.9	194	129	3	20	210	3	194	5.10e-15	72.8
WP_193666166.1	iYO844.BSU32000	31.8	173	112	3	20	190	6	174	7.16e-15	72.4
WP_193666166.1	iAF987.Gmet_1601	30.9	191	130	1	20	210	3	191	5.88e-15	72.4
WP_193666243.1	iCN718.ABAYE_RS07190	42.5	228	131	0	1	228	1	228	1.49e-61	192
WP_193666243.1	iCN900.CD630_22540	41.3	225	131	1	1	224	1	225	7.82e-61	190
WP_193666243.1	iHN637.CLJU_RS14520	40.2	229	136	1	1	228	1	229	3.50e-57	181
WP_193666257.1	iEK1008.Rv2671	32.8	235	131	7	14	223	23	255	4.10e-21	88.2
WP_193666267.1	iCHOv1.100769679	30.7	251	158	7	19	253	46	296	4.59e-23	95.5
WP_193666267.1	iMM1415.66248	29.9	254	156	6	19	253	57	307	1.36e-21	91.7
WP_193666278.1	iEK1008.Rv3117	71.4	276	79	0	1	276	1	276	1.14e-149	419
WP_193666278.1	iEK1008.Rv0815c	71.4	276	79	0	1	276	1	276	1.14e-149	419
WP_193666295.1	iAF987.Gmet_0521	43.0	128	61	5	7	124	5	130	1.49e-17	73.2
WP_193666295.1	iSynCJ816.SGL_RS11365	33.1	130	83	3	6	132	3	131	2.39e-17	72.4
WP_193666496.1	iEK1008.Rv2121c	58.0	283	116	1	8	287	1	283	2.10e-104	305
WP_200918912.1	iPC815.YPO3335	63.5	542	191	3	1	542	1	535	7.05e-246	686
WP_200918912.1	iIS312.TCDM_00874	63.5	540	188	5	7	542	17	551	2.68e-245	684
WP_200918912.1	iML1515.b1612	62.5	542	196	5	1	542	1	535	9.20e-242	675
WP_200918912.1	iML1515.b4122	62.2	542	198	4	1	542	1	535	9.20e-242	675
WP_200918912.1	iSbBS512_1146.SbBS512_E1798	62.5	542	196	5	1	542	1	535	1.85e-241	674
WP_200918912.1	iSSON_1240.SSON_1548	62.5	542	196	5	1	542	1	535	1.85e-241	674
WP_200918912.1	STM_v1_0.STM4300	62.0	540	199	4	3	542	2	535	2.63e-241	674
WP_200918912.1	iSF_1195.SF1635	62.4	542	197	5	1	542	1	535	2.63e-241	674
WP_200918912.1	iSDY_1059.SDY_1828	62.4	542	197	5	1	542	1	535	5.29e-241	673
WP_200918912.1	STM_v1_0.STM1468	60.0	567	216	5	1	563	1	560	9.50e-240	671
WP_200918912.1	iYL1228.KPN_01516	60.5	542	207	4	1	542	1	535	2.86e-238	666
WP_200918912.1	iIS312.TCDM_06503	60.7	545	205	3	2	543	24	562	1.52e-232	652
WP_200918912.1	iLB1027_lipid.PHATRDRAFT_19708	61.4	523	195	3	23	544	48	564	3.09e-230	647
WP_200918912.1	iAF987.Gmet_2570	59.3	546	208	7	1	542	1	536	1.27e-220	621
WP_200918930.1	iEK1008.Rv3702c	62.5	216	79	1	1	216	14	227	6.23e-88	258
WP_200918943.1	iEK1008.Rv2540c	68.6	385	121	0	1	385	1	385	9.36e-180	505
WP_200918951.1	iSynCJ816.SGL_RS01930	47.2	307	155	3	13	317	38	339	1.20e-77	240
WP_200918951.1	iYO844.BSU08450	42.6	305	174	1	14	318	26	329	1.44e-70	222
WP_200918956.1	iHN637.CLJU_RS10465	45.8	72	34	2	647	717	562	629	2.16e-09	60.5
WP_200918968.1	iJN1463.PP_3755	40.3	288	146	5	12	285	7	282	1.21e-52	173
WP_200918968.1	iML1515.b1395	39.9	278	162	4	12	285	9	285	8.85e-49	168
WP_200918968.1	iAF987.Gmet_2269	34.5	278	180	1	12	287	19	296	4.31e-50	167
WP_200918968.1	iIS312.TCDM_04758	39.2	283	163	5	12	285	36	318	8.82e-49	164
WP_200918968.1	iAF987.Gmet_2072	35.9	276	173	3	13	285	7	281	2.13e-46	157
WP_200918980.1	iSynCJ816.SGL_RS16030	31.7	123	62	6	8	120	200	310	1.58e-06	45.8
WP_200919044.1	iCHOv1.100771827	43.3	344	185	5	32	372	12	348	3.62e-77	242
WP_200919044.1	iLB1027_lipid.PHATRDRAFT_22568	36.4	343	214	2	46	386	31	371	2.58e-70	225
WP_200919044.1	iEK1008.Rv0694	38.7	364	204	5	34	381	15	375	1.53e-69	223
WP_200919048.1	iEK1008.Rv2188c	39.3	224	121	7	135	344	142	364	2.01e-20	91.3
WP_200919146.1	iEK1008.Rv0505c	59.8	234	94	0	37	270	117	350	2.79e-94	283
WP_200919156.1	iEK1008.Rv3758c	56.0	273	119	1	12	284	1	272	2.32e-98	295
WP_200919156.1	iYO844.BSU33830	55.0	242	107	2	12	253	1	240	5.00e-93	281
WP_200919156.1	iYO844.BSU33730	54.1	242	109	2	12	253	1	240	8.27e-92	278
WP_200919156.1	iJN1463.PP_0868	53.9	258	115	2	12	266	1	257	5.99e-90	273
WP_200920035.1	iAF987.Gmet_3012	40.9	88	52	0	244	331	48	135	1.44e-14	71.2
WP_200920035.1	iYS854.USA300HOU_RS01445	35.3	102	61	3	236	334	201	300	1.75e-12	67.0
WP_200920136.1	iSynCJ816.SGL_RS16080	40.8	49	29	0	36	84	22	70	7.11e-07	47.0
WP_200920153.1	iEK1008.Rv2040c	34.6	289	181	5	32	316	6	290	4.60e-44	152
WP_200920228.1	iML1515.b2232	34.0	97	60	2	63	157	59	153	1.75e-07	50.1
WP_200920228.1	iSbBS512_1146.SbBS512_E2607	34.0	97	60	2	63	157	59	153	1.75e-07	50.1
WP_200920228.1	iSDY_1059.SDY_2424	34.0	97	60	2	63	157	59	153	1.75e-07	50.1
WP_200920228.1	iSF_1195.SF2312	34.0	97	60	2	63	157	59	153	1.75e-07	50.1
WP_200920228.1	iSSON_1240.SSON_2290	34.0	97	60	2	63	157	59	153	1.75e-07	50.1
WP_200920228.1	STM_v1_0.STM2276	33.0	97	61	2	63	157	59	153	5.96e-07	48.5
WP_200920228.1	iPC815.YPO1215	34.3	99	57	3	63	157	59	153	5.96e-07	48.5
WP_200920228.1	iYS854.USA300HOU_RS07520	32.1	106	67	2	66	168	55	158	1.47e-06	47.4
WP_200920228.1	iYO844.BSU22750	31.8	107	70	1	62	165	49	155	1.89e-06	47.0
WP_200920228.1	iYL1228.KPN_02641	33.3	99	58	3	63	157	59	153	3.63e-06	46.2
WP_200920228.1	iNF517.LLMG_RS03890	34.9	109	66	2	64	168	51	158	5.00e-06	45.8
WP_200920230.1	iAF987.Gmet_3262	40.3	211	110	5	118	319	46	249	8.28e-29	111
WP_200920230.1	iAF987.Gmet_1953	52.1	117	55	1	205	320	77	193	3.22e-29	110
WP_227488428.1	iSynCJ816.SGL_RS17655	29.9	127	66	5	25	140	8	122	8.74e-06	45.8
WP_227488428.1	iHN637.CLJU_RS02400	42.6	68	33	3	25	89	9	73	4.81e-05	43.5
WP_227488428.1	iCN900.CD630_07170	26.3	160	97	4	25	164	8	166	1.97e-04	41.6
WP_227488428.1	iHN637.CLJU_RS11570	56.3	32	14	0	25	56	9	40	2.09e-04	41.6
WP_227488428.1	iAF692.Mbar_A0171	40.0	70	40	2	25	93	9	77	2.07e-04	41.6
WP_227488785.1	iEK1008.Rv1188	52.2	318	142	2	4	316	9	321	3.01e-107	315
WP_227489285.1	iLJ478.TM0343	46.4	334	175	1	1	334	5	334	2.17e-96	289
WP_227489285.1	iAF987.Gmet_0024	47.5	335	171	2	1	334	5	335	1.10e-92	280
WP_227489285.1	iCN900.CD630_18320	47.2	318	162	2	18	335	24	335	2.84e-91	276
WP_227489285.1	iAF987.Gmet_0346	46.0	337	171	3	1	329	5	338	7.82e-89	270
WP_227489285.1	iHN637.CLJU_RS14395	42.6	331	185	2	1	330	5	331	5.87e-87	265
WP_227489291.1	iPC815.YPO0091	42.3	267	140	5	2	259	3	264	4.86e-57	184
WP_227489291.1	iHN637.CLJU_RS05835	42.2	263	133	7	5	256	2	256	1.99e-55	179
WP_227489291.1	iJN1463.PP_1076	41.2	267	142	6	5	261	6	267	9.87e-54	175
WP_227489291.1	iYL1228.KPN_04010	39.4	279	152	6	3	272	2	272	3.91e-53	174
WP_227489291.1	iCHOv1.100758981	40.0	265	149	4	1	260	14	273	9.98e-53	173
WP_227489291.1	iML1515.b3927	39.5	266	147	5	3	259	2	262	2.07e-52	172
WP_227489291.1	iSDY_1059.SDY_3817	39.5	266	147	5	3	259	2	262	2.07e-52	172
WP_227489291.1	iSSON_1240.SSON_4096	39.5	266	147	5	3	259	2	262	2.07e-52	172
WP_227489291.1	iSSON_1240.SSON_2057	39.5	276	150	6	5	271	2	269	1.48e-52	172
WP_227489291.1	iYL1228.KPN_03485	40.4	260	141	5	6	256	5	259	2.79e-52	171
WP_227489291.1	iSbBS512_1146.SbBS512_E4409	39.5	266	147	5	3	259	2	262	8.21e-52	170
WP_227489291.1	STM_v1_0.STM4087	39.1	266	148	5	3	259	2	262	1.63e-51	169
WP_227489314.1	iEK1008.Rv2195	30.9	353	200	9	19	339	87	427	5.98e-46	161
WP_227489315.1	iEK1008.Rv3043c	71.8	542	148	2	1	541	32	569	2.16e-299	822
WP_228941062.1	iYO844.BSU28560	37.3	558	327	10	3	546	1	549	7.05e-101	315
WP_228941062.1	iCN718.ABAYE_RS18250	35.2	565	333	10	6	547	2	556	4.93e-93	295
WP_228941062.1	iPC815.YPO2074	36.4	561	326	14	6	547	2	550	2.63e-89	285
WP_228941062.1	iSbBS512_1146.SbBS512_E2065	35.5	564	327	16	6	547	2	550	7.11e-89	284
WP_228941063.1	iEK1008.Rv0154c	66.4	393	132	0	13	405	2	394	8.33e-192	536
WP_228941064.1	iSSON_1240.SSON_3849	37.4	214	129	3	32	242	21	232	1.09e-32	120
WP_228941064.1	iML1515.b3541	36.9	214	130	3	32	242	21	232	8.11e-32	118
WP_228941064.1	iSF_1195.SF3576	36.9	214	130	3	32	242	21	232	8.11e-32	118
WP_228941064.1	iSDY_1059.SDY_4564	36.9	214	130	3	32	242	21	232	1.13e-31	118
WP_228941064.1	iYL1228.KPN_03896	36.9	214	130	3	32	242	21	232	1.58e-31	117
WP_228941064.1	STM_v1_0.STM3627	36.8	209	127	3	37	242	26	232	1.58e-31	117
WP_228941064.1	iJN1463.PP_0879	38.3	230	134	4	18	241	3	230	2.82e-31	117
WP_228941064.1	iYL1228.KPN_03853	40.0	225	124	4	19	242	5	219	1.89e-31	115
WP_228941064.1	iML1515.b1484	38.8	209	124	3	37	242	28	235	1.67e-30	115
WP_228941064.1	iSSON_1240.SSON_1640	38.3	209	125	3	37	242	28	235	3.35e-29	111
WP_228941064.1	iYO844.BSU12950	34.6	234	143	4	18	243	4	235	5.25e-29	111
WP_228941064.1	iPC815.YPO4000	37.1	202	122	3	44	242	33	232	4.51e-29	111
WP_228941064.1	iSbBS512_1146.SbBS512_E1747	38.3	209	125	3	37	242	28	235	6.51e-29	110
WP_228941065.1	STM_v1_0.STM0848	38.7	235	139	2	24	253	339	573	1.88e-41	150
WP_228941065.1	iSDY_1059.SDY_0758	39.6	235	137	3	24	253	328	562	1.71e-41	150
WP_228941065.1	iML1515.b0829	39.1	235	138	2	24	253	339	573	3.57e-41	149
WP_228941065.1	iSbBS512_1146.SbBS512_E2519	39.1	235	138	2	24	253	339	573	3.57e-41	149
WP_228941065.1	iSSON_1240.SSON_0811	39.1	235	138	2	24	253	328	562	3.25e-41	149
WP_228941065.1	iYL1228.KPN_00862	38.8	237	140	2	24	255	336	572	3.27e-40	146
WP_228941065.1	iSF_1195.SF0779	38.7	235	139	2	24	253	328	562	4.26e-40	146
WP_228941065.1	iEK1008.Rv1281c	40.1	237	136	3	24	255	376	611	5.18e-38	140
WP_228941065.1	iLJ478.TM1750	34.1	226	144	2	24	244	32	257	1.23e-39	140
WP_228941065.1	iYL1228.KPN_02193	37.0	235	142	3	24	252	39	273	5.42e-39	138
WP_228941065.1	STM_v1_0.STM1742	36.6	235	143	2	24	252	39	273	7.59e-39	138
WP_228941065.1	iJN1463.PP_3346	39.2	227	132	3	25	246	28	253	5.15e-39	137
WP_228941065.1	iML1515.b1247	36.6	235	143	2	24	252	39	273	2.93e-38	136
WP_228941065.1	iSbBS512_1146.SbBS512_E1416	36.6	238	139	4	24	252	39	273	2.93e-38	136
WP_228941065.1	iSDY_1059.SDY_1305	36.6	235	143	2	24	252	39	273	2.93e-38	136
WP_228941065.1	iSF_1195.SF1248	36.6	235	143	2	24	252	39	273	2.93e-38	136
WP_228941065.1	iSSON_1240.SSON_1933	36.2	235	144	2	24	252	39	273	4.10e-38	136
WP_228941065.1	iYL1228.KPN_03854	37.9	248	143	4	1	243	1	242	1.12e-38	135
WP_228941065.1	iSbBS512_1146.SbBS512_E3841	38.0	234	133	4	1	224	1	232	1.78e-38	135
WP_228941066.1	iSbBS512_1146.SbBS512_E2518	27.5	324	212	9	73	379	62	379	4.17e-15	77.4
WP_228941066.1	iSDY_1059.SDY_0757	27.5	324	212	9	73	379	62	379	4.17e-15	77.4
WP_228941066.1	iML1515.b0830	27.5	324	212	9	73	379	62	379	5.54e-15	77.0
WP_228941066.1	iSF_1195.SF0780	27.5	324	212	9	73	379	62	379	5.54e-15	77.0
WP_228941066.1	iSSON_1240.SSON_0812	27.5	324	212	9	73	379	62	379	5.54e-15	77.0
WP_228941066.1	iYL1228.KPN_00863	29.7	327	201	12	73	379	62	379	5.34e-14	73.9
WP_228941066.1	STM_v1_0.STM0849	29.7	310	189	11	86	375	75	375	2.90e-13	71.6
WP_228941066.1	iJN1463.PP_3342	29.0	262	173	7	71	323	65	322	5.23e-13	70.9
WP_228941067.1	iJN1463.PP_0880	33.5	233	137	6	347	563	60	290	6.02e-20	90.5
WP_228941067.1	iYL1228.KPN_00864	34.2	266	170	5	47	310	42	304	7.88e-20	90.1
WP_228941067.1	iJN1463.PP_3343	33.9	283	159	8	17	286	17	284	9.54e-19	87.0
WP_228941067.1	STM_v1_0.STM0850	32.7	266	174	5	47	310	42	304	1.17e-18	86.7
WP_228941067.1	iML1515.b3477	31.2	266	177	3	42	304	40	302	1.05e-17	84.0
WP_228941067.1	iSbBS512_1146.SbBS512_E3844	31.2	266	177	3	42	304	40	302	1.05e-17	84.0
WP_228941067.1	iSSON_1240.SSON_3715	31.2	266	177	3	42	304	40	302	1.05e-17	84.0
WP_228941067.1	iSDY_1059.SDY_3632	30.8	266	178	3	42	304	40	302	4.63e-17	82.0
WP_228941067.1	iSF_1195.SF3495	30.8	266	178	3	42	304	40	302	6.23e-17	81.6
WP_228941070.1	iCN718.ABAYE_RS04670	48.1	337	163	4	57	382	30	365	2.30e-95	290
WP_228941077.1	iYO844.BSU07840	32.8	622	337	21	33	611	31	614	5.23e-88	298
WP_228941077.1	iYL1228.KPN_04607	32.1	605	339	18	45	608	22	595	5.80e-86	281
WP_228941077.1	iML1515.b4213	32.3	622	335	24	45	617	22	606	6.06e-85	278
WP_228941077.1	iSF_1195.SF4273	32.3	620	338	23	45	617	22	606	3.24e-84	276
WP_228941077.1	STM_v1_0.STM4403	32.6	605	336	20	45	608	22	595	8.84e-84	275
WP_228941077.1	iSSON_1240.SSON_4398	32.3	620	338	23	45	617	22	606	1.24e-83	275
WP_228941077.1	iSDY_1059.SDY_4383	32.4	620	337	23	45	617	24	608	9.62e-83	272
WP_228941078.1	iEK1008.Rv1142c	51.0	253	123	1	10	261	15	267	3.95e-63	198
WP_228941078.1	iEK1008.Rv1141c	47.0	253	133	1	10	261	15	267	1.64e-56	181
WP_228941079.1	iEK1008.Rv2043c	59.1	181	74	0	3	183	2	182	4.52e-71	213
WP_228941081.1	iEK1008.Rv1334	62.9	143	45	1	1	143	10	144	4.24e-56	172
WP_228941082.1	iEK1008.Rv2936	35.1	319	169	12	2	291	8	317	1.71e-31	119
WP_228941082.1	iCN900.CD630_16140	35.0	206	130	3	14	215	37	242	3.29e-30	114
WP_228941082.1	iYO844.BSU02750	32.7	217	135	5	16	224	20	233	3.18e-29	111
WP_228941085.1	iAF987.Gmet_2440	30.9	207	140	3	13	218	20	224	1.63e-18	81.3
WP_228941086.1	iYO844.BSU03070	27.3	392	254	13	50	424	51	428	1.59e-21	97.1
WP_228941088.1	iEK1008.Rv1029	51.8	560	250	6	13	554	12	569	5.88e-170	493
WP_228941088.1	STM_v1_0.STM0706	50.1	507	244	4	54	554	54	557	1.00e-151	446
WP_228941088.1	iSSON_1240.SSON_0649	49.9	507	245	4	54	554	54	557	1.33e-151	446
WP_228941088.1	iYL1228.KPN_00717	50.6	500	242	3	59	554	59	557	2.83e-151	445
WP_228941089.1	iEK1008.Rv2040c	31.3	284	191	4	13	294	5	286	2.97e-38	136
WP_228941090.1	iYO844.BSU28750	25.6	301	206	8	55	342	36	331	1.23e-22	99.4
WP_228941091.1	iYO844.BSU34130	34.4	643	395	13	21	645	16	649	4.46e-107	339
WP_228941092.1	STM_v1_0.STM3884	28.5	228	137	8	58	270	28	244	1.27e-07	52.0
WP_228941092.1	iML1515.b3751	27.2	224	145	7	58	270	28	244	4.05e-07	50.4
WP_228941092.1	iYL1228.KPN_04156	27.6	228	139	8	58	270	28	244	4.05e-07	50.4
WP_228941092.1	iYO844.BSU35960	25.3	225	156	8	58	275	39	258	5.69e-06	47.0
WP_228941097.1	iAF987.Gmet_2999	32.3	130	86	1	10	137	7	136	1.37e-14	71.6
WP_228941097.1	iAF987.Gmet_0069	33.1	139	89	2	13	147	5	143	6.74e-14	69.3
WP_228941097.1	iAF987.Gmet_1706	31.9	119	77	3	11	127	1	117	7.20e-14	69.3
WP_228941097.1	iAF987.Gmet_1914	31.5	108	70	2	12	117	3	108	3.01e-12	65.1
WP_228941098.1	iAF987.Gmet_0043	38.1	118	58	4	396	503	154	266	6.76e-11	64.3
WP_228941099.1	iYO844.BSU40340	51.6	401	191	1	13	413	2	399	5.96e-156	446
WP_228941099.1	iYS854.USA300HOU_RS04745	49.0	384	193	1	30	413	16	396	6.26e-142	410
WP_228941102.1	iCN718.ABAYE_RS13085	39.5	486	278	3	16	494	23	499	2.73e-127	380
WP_228941102.1	iCN718.ABAYE_RS13050	40.7	479	282	2	16	494	22	498	1.44e-126	379
WP_228941103.1	iEK1008.Rv3737	35.8	475	283	7	11	468	48	517	9.51e-61	207
WP_228941111.1	iEK1008.Rv1212c	54.6	403	161	8	1	399	1	385	3.15e-130	379
WP_228941112.1	iJN1463.PP_1478	56.3	355	147	5	4	354	2	352	9.01e-130	375
WP_228941126.1	iYO844.BSU09530	28.7	303	196	7	1	297	1	289	5.22e-27	108
WP_228941126.1	iYO844.BSU39780	27.5	298	199	6	1	294	1	285	1.74e-24	100
WP_228941129.1	iML1515.b2175	38.1	84	52	0	86	169	82	165	1.36e-10	57.4
WP_228941130.1	iCN718.ABAYE_RS04585	23.4	389	211	14	79	415	48	401	1.71e-13	72.8
WP_228941132.1	iEK1008.Rv1239c	41.5	354	179	6	40	384	32	366	7.47e-81	251
WP_228941135.1	iMM1415.56720	28.3	343	168	11	13	280	31	370	6.47e-24	99.8
WP_228941135.1	iCHOv1.100768126	28.3	343	168	11	13	280	32	371	1.23e-23	99.0
WP_228941137.1	iYO844.BSU27010	35.0	337	206	3	11	339	16	347	2.95e-55	183
WP_228941137.1	iEK1008.Rv3045	35.8	321	196	3	27	339	26	344	2.73e-55	183
WP_228941143.1	iCN718.ABAYE_RS04585	37.2	521	243	18	69	533	45	537	8.66e-89	286
WP_228941145.1	iAF987.Gmet_0843	25.1	283	157	10	26	293	20	262	3.24e-05	44.3
WP_228941147.1	iEK1008.Rv1092c	29.7	128	83	1	51	171	92	219	2.39e-08	53.1
WP_228941147.1	iYO844.BSU23760	27.0	115	77	1	51	158	91	205	1.08e-07	51.2
WP_228941148.1	iEK1008.Rv2726c	46.2	288	132	9	10	286	3	278	1.87e-59	191
WP_228941149.1	iYO844.BSU18410	37.9	568	315	11	67	629	43	577	2.30e-97	310
WP_228941149.1	iYL1228.KPN_03807	35.8	567	307	13	71	625	41	562	2.00e-88	286
WP_228941149.1	iML1515.b3447	35.8	567	307	13	71	625	49	570	6.75e-88	285
WP_228941149.1	iSF_1195.SF3464	35.6	567	308	13	71	625	49	570	2.60e-87	283
WP_228941155.1	iEK1008.Rv0294	48.7	271	117	6	15	277	2	258	2.59e-74	227
WP_228941156.1	iMM904.YML059C	25.1	207	105	9	10	197	1373	1548	6.11e-04	41.2
WP_228941158.1	iCHOv1.100761937	27.9	262	163	5	32	280	94	342	8.77e-25	101
WP_228941160.1	iMM904.YGR199W	21.5	233	126	5	50	266	72	263	6.54e-04	42.4
WP_228941161.1	iYS854.USA300HOU_RS13930	29.0	369	229	9	15	377	21	362	4.13e-31	129
WP_228941161.1	STM_v1_0.STM2232	31.6	386	219	11	12	397	7	347	3.23e-30	126
WP_228941164.1	iAM_Pc455.PCYB_113330	29.6	169	117	2	516	683	1186	1353	5.67e-12	69.3
WP_228941165.1	iJN1463.PP_1481	48.6	457	232	3	2	455	17	473	1.41e-139	408
WP_228941165.1	iSSON_1240.SSON_1693	48.3	451	230	3	8	455	23	473	2.59e-137	402
WP_228941165.1	iSF_1195.SF1774	48.3	451	230	3	8	455	23	473	7.36e-137	401
WP_228941165.1	iML1515.b1444	48.1	451	231	3	8	455	23	473	1.47e-136	400
WP_228941165.1	STM_v1_0.STM1597	48.1	451	231	3	8	455	30	480	2.98e-135	397
WP_228941165.1	iSDY_1059.SDY_1730	47.7	451	233	3	8	455	23	473	7.68e-134	394
WP_228941165.1	iYL1228.KPN_01924	48.1	451	231	3	8	455	29	479	1.36e-133	393
WP_228941165.1	iJN1463.PP_2801	48.3	453	231	3	4	453	19	471	6.41e-130	384
WP_228941166.1	iML1515.b0368	36.2	279	168	6	21	293	4	278	1.96e-45	155
WP_228941166.1	iJN1463.PP_0230	36.8	277	167	6	22	293	3	276	1.67e-45	155
WP_228941166.1	iYL1228.KPN_00314	36.3	278	169	5	21	293	4	278	2.75e-45	155
WP_228941166.1	iSDY_1059.SDY_0502	35.8	279	169	6	21	293	4	278	5.44e-45	154
WP_228941166.1	iPC815.YPO0185	36.4	280	168	6	21	294	4	279	5.30e-45	154
WP_228941166.1	iSF_1195.SF0250	36.2	279	168	6	21	293	4	278	1.51e-44	153
WP_228941166.1	iSSON_1240.SSON_0346	35.8	279	169	6	21	293	4	278	4.19e-44	152
WP_228941166.1	iCN718.ABAYE_RS11215	34.5	284	169	8	19	293	5	280	7.17e-40	141
WP_228941169.1	iEK1008.Rv0865	54.5	154	69	1	17	170	6	158	1.39e-48	154
WP_228941170.1	iIS312.TCDM_02411	42.9	455	243	6	10	451	16	466	2.64e-115	347
WP_228941171.1	iEK1008.Rv0992c	44.2	190	90	6	11	191	4	186	6.19e-26	98.6
WP_228941173.1	iML1515.b3291	30.5	128	73	5	5	118	7	132	1.50e-08	49.3
WP_228941175.1	iYS854.USA300HOU_RS12505	28.7	230	145	7	77	304	42	254	5.08e-21	92.4
WP_228941176.1	iAF987.Gmet_1601	32.0	247	155	5	3	240	1	243	5.24e-19	82.8
WP_228941176.1	iAF987.Gmet_1531	30.6	252	161	7	4	247	3	248	5.01e-16	74.7
WP_228941177.1	iAM_Pc455.PCYB_041150	28.5	158	106	2	3	153	2	159	9.50e-14	72.0
WP_228941177.1	iAM_Pv461.PVX_002600	30.2	159	102	3	3	153	2	159	5.82e-13	69.7
WP_228941177.1	iAM_Pf480.PF3D7_0219100	29.0	155	104	3	5	153	4	158	3.83e-12	67.0
WP_228941181.1	iEK1008.Rv2471	52.6	538	227	9	9	536	26	545	3.16e-188	538
WP_228941184.1	iEK1008.Rv0386	42.3	52	30	0	137	188	1027	1078	5.74e-06	45.8
WP_228941184.1	iJN1463.PP_1494	30.9	110	58	2	6	97	24	133	1.05e-05	44.7
WP_228941185.1	iSbBS512_1146.SbBS512_E3386	47.2	178	79	5	11	185	25	190	1.42e-39	133
WP_228941185.1	iSF_1195.SF2945	47.2	178	79	5	11	185	25	190	1.42e-39	133
WP_228941185.1	iSSON_1240.SSON_3108	47.2	178	79	5	11	185	25	190	1.42e-39	133
WP_228941185.1	iYL1228.KPN_03388	44.6	184	92	3	5	185	14	190	8.03e-39	131
WP_228941185.1	iAF987.Gmet_1875	47.4	173	79	4	14	185	28	189	1.56e-38	130
WP_228941185.1	STM_v1_0.STM3103	45.1	173	85	3	16	185	25	190	3.21e-38	130
WP_228941185.1	iSDY_1059.SDY_3118	46.1	178	81	5	11	185	25	190	3.21e-38	130
WP_228941185.1	iML1515.b2954	45.5	178	82	5	11	185	25	190	9.05e-38	129
WP_228941188.1	iEK1008.Rv1030	67.4	666	200	3	1	649	38	703	1.11e-276	774
WP_228941188.1	iJN1463.PP_4160	63.5	655	219	6	7	650	34	679	9.59e-252	709
WP_228941188.1	iPC815.YPO2691	62.4	668	225	6	4	650	21	683	6.30e-251	707
WP_228941188.1	iYL1228.KPN_00716	62.0	663	232	5	4	651	21	678	4.77e-249	702
WP_228941191.1	iML1515.b4173	42.7	403	216	6	33	431	9	400	1.48e-86	271
WP_228941193.1	iSSON_1240.SSON_4482	31.2	263	148	8	244	503	1	233	1.27e-22	97.8
WP_228941200.1	iEK1008.Rv3565	62.7	394	136	5	1	394	1	383	3.02e-167	473
WP_228941209.1	iEK1008.Rv0675	68.8	250	76	2	6	255	5	252	1.09e-105	306
WP_228941210.1	iJN1463.PP_3285	36.7	166	104	1	1	166	1	165	2.24e-27	101
WP_228941211.1	iJN1463.PP_2556	45.1	450	219	8	12	450	16	448	5.42e-98	301
WP_228941216.1	iJN1463.PP_3943	36.3	113	64	3	40	151	20	125	7.61e-08	52.4
WP_228941216.1	iEK1008.Rv3203	42.3	78	41	2	79	156	6	79	1.32e-07	51.2
WP_228941218.1	iML1515.b0308	33.0	97	56	2	149	237	134	229	6.14e-07	48.5
WP_228941218.1	iSbBS512_1146.SbBS512_E0257	33.0	97	56	2	149	237	134	229	8.30e-07	48.1
WP_228941218.1	iSF_1195.SF0258	33.0	97	56	2	149	237	183	278	1.06e-06	48.1
WP_228941218.1	iSSON_1240.SSON_0316	33.0	97	56	2	149	237	134	229	1.12e-06	47.8
WP_228941219.1	iML1515.b0307	40.3	489	255	9	11	494	10	466	2.24e-106	325
WP_228941219.1	iSF_1195.SF0259	40.1	489	256	9	11	494	10	466	1.26e-105	323
WP_228941219.1	iSSON_1240.SSON_0317	40.1	489	256	9	11	494	10	466	2.50e-105	323
WP_228941219.1	iSbBS512_1146.SbBS512_E0258	39.6	487	261	7	11	494	10	466	1.40e-104	321
WP_228941220.1	iYL1228.KPN_04213	42.3	475	251	9	21	489	8	465	3.70e-105	322
WP_228941220.1	iPC815.YPO0330	42.0	486	253	12	21	497	3	468	1.18e-102	316
WP_228941220.1	STM_v1_0.STM4047	41.1	475	257	9	21	489	8	465	2.63e-102	315
WP_228941220.1	iML1515.b3904	39.8	475	263	9	21	489	8	465	3.59e-99	307
WP_228941220.1	iSF_1195.SF3981	39.2	475	266	9	21	489	8	465	1.23e-96	300
WP_228941220.1	iSSON_1240.SSON_4074	39.2	475	266	9	21	489	8	465	1.74e-96	300
WP_228941220.1	iHN637.CLJU_RS20995	35.7	470	290	6	21	489	6	464	1.66e-95	297
WP_228941221.1	iAF987.Gmet_1601	37.8	254	142	5	420	672	6	244	1.77e-29	117
WP_228941221.1	iNF517.LLMG_RS08260	34.3	254	162	3	419	672	2	250	1.81e-28	114
WP_228941221.1	iAF987.Gmet_1531	42.2	180	101	3	420	598	7	184	4.14e-28	113
WP_228941222.1	iLJ478.TM1071	50.0	364	181	1	11	374	7	369	5.49e-129	375
WP_228941224.1	iML1515.b1516	31.4	344	210	6	14	343	9	340	2.49e-47	162
WP_228941225.1	iPC815.YPO0410	33.1	326	192	7	20	336	4	312	2.23e-42	150
WP_228941225.1	iML1515.b1515	34.5	267	165	4	75	335	47	309	3.35e-38	139
WP_228941225.1	iSF_1195.SF1585	34.5	267	165	4	75	335	47	309	3.35e-38	139
WP_228941226.1	iYL1228.KPN_04155	38.7	274	160	3	56	325	48	317	1.78e-45	158
WP_228941226.1	iML1515.b1514	37.1	286	173	3	63	345	46	327	8.09e-45	157
WP_228941226.1	iSF_1195.SF1584	37.1	286	173	3	63	345	46	327	3.10e-44	155
WP_228941226.1	iNF517.LLMG_RS04065	33.5	281	180	5	56	335	39	313	8.35e-44	153
WP_228941226.1	iML1515.b3750	37.2	277	160	4	56	325	48	317	1.42e-43	153
WP_228941226.1	iPC815.YPO0411	35.4	274	173	2	63	336	46	315	1.13e-41	149
WP_228941226.1	iYO844.BSU35950	35.4	271	173	1	56	326	50	318	3.14e-41	147
WP_228941226.1	STM_v1_0.STM3883	35.8	274	168	3	56	325	48	317	3.06e-41	147
WP_228941226.1	iPC815.YPO2499	38.0	266	161	2	62	327	66	327	3.77e-41	147
WP_228941226.1	iSF_1195.SF2233	32.4	296	179	4	56	333	44	336	8.74e-40	143
WP_228941226.1	iML1515.b2148	32.4	296	179	4	56	333	44	336	1.22e-39	143
WP_228941226.1	iSbBS512_1146.SbBS512_E0823	32.4	296	179	4	56	333	44	336	1.22e-39	143
WP_228941226.1	iSSON_1240.SSON_2204	32.4	296	179	4	56	333	44	336	1.22e-39	143
WP_228941226.1	STM_v1_0.STM2188	32.1	296	180	4	56	333	44	336	1.70e-39	142
WP_228941226.1	iYL1228.KPN_02586	32.1	296	180	4	56	333	44	336	2.38e-39	142
WP_228941227.1	iHN637.CLJU_RS00620	43.4	493	277	2	8	498	3	495	2.72e-143	421
WP_228941227.1	STM_v1_0.STM3882	43.8	491	274	2	8	497	2	491	3.09e-137	406
WP_228941227.1	iML1515.b3749	43.6	491	275	2	8	497	2	491	2.47e-136	404
WP_228941227.1	iYO844.BSU35940	43.6	486	274	0	13	498	5	490	2.71e-136	403
WP_228941227.1	iYL1228.KPN_04154	43.6	491	275	2	8	497	2	491	3.96e-135	400
WP_228941227.1	iPC815.YPO3964	45.2	489	266	2	11	498	7	494	1.08e-133	397
WP_228941227.1	iNF517.LLMG_RS04060	42.4	486	279	1	13	498	5	489	8.60e-132	392
WP_228941227.1	iLJ478.TM0956	42.3	503	280	3	8	500	10	512	6.53e-128	383
WP_228941227.1	iPC815.YPO0958	42.7	480	273	2	16	494	11	489	3.48e-127	380
WP_228941230.1	iEK1008.Rv0155	48.9	362	174	5	2	362	10	361	3.14e-88	271
WP_228941233.1	iEK1008.Rv1564c	63.1	685	234	7	3	681	19	690	0.0	895
WP_228941234.1	iEK1008.Rv1563c	45.7	807	381	17	1	798	6	764	3.41e-199	584
WP_228941235.1	iEK1008.Rv1562c	54.8	551	236	5	20	567	4	544	4.43e-213	605
WP_228941236.1	iSDY_1059.SDY_1025	27.0	562	372	9	30	572	652	1194	1.55e-24	108
WP_228941236.1	iAF987.Gmet_2634	33.4	326	202	6	198	511	198	520	1.15e-21	98.6
WP_228941236.1	STM_v1_0.STM2774	25.5	553	392	5	30	572	655	1197	2.33e-21	98.6
WP_228941237.1	STM_v1_0.STM1221	57.6	229	94	2	2	227	42	270	1.65e-86	257
WP_228941244.1	iYO844.BSU26640	31.1	177	116	2	191	367	5	175	2.53e-15	77.4
WP_228941249.1	iJN1463.PP_3071	41.2	651	356	8	9	646	6	642	2.67e-156	464
WP_228941250.1	iJN1463.PP_3537	40.3	392	227	5	9	397	3	390	2.58e-90	277
WP_228941252.1	iAF987.Gmet_0069	40.9	137	76	3	671	805	5	138	1.92e-20	93.6
WP_228941254.1	iYL1228.KPN_01539	62.4	205	69	3	11	214	4	201	8.11e-80	238
WP_228941254.1	iJN1463.PP_3952	58.1	215	81	4	11	224	7	213	4.02e-74	223
WP_228941255.1	iJN1463.PP_3951	68.7	217	68	0	7	223	6	222	2.88e-103	298
WP_228941255.1	iYL1228.KPN_01538	67.9	209	67	0	9	217	8	216	3.49e-101	293
WP_228941256.1	iYL1228.KPN_01540	48.8	400	186	8	19	408	10	400	9.10e-103	310
WP_228941256.1	iYL1228.KPN_01478	48.6	399	185	6	21	408	11	400	2.32e-100	304
WP_228941256.1	iJN1463.PP_3280	47.4	399	194	6	19	408	14	405	2.16e-99	301
WP_228941256.1	iML1515.b1397	48.1	399	187	7	21	408	11	400	5.24e-99	300
WP_228941256.1	iJN1463.PP_1377	46.2	398	199	6	19	408	9	399	2.87e-98	298
WP_228941256.1	iCN718.ABAYE_RS11935	46.1	397	198	7	21	408	11	400	6.15e-95	290
WP_228941256.1	iCN718.ABAYE_RS08895	43.4	408	211	7	15	411	5	403	2.61e-94	288
WP_228941256.1	iCN718.ABAYE_RS08700	43.2	405	210	7	15	408	7	402	2.01e-93	286
WP_228941256.1	iCN718.ABAYE_RS11665	42.4	406	211	7	15	408	5	399	4.24e-92	283
WP_228941256.1	iAF987.Gmet_2058	44.5	400	202	8	19	408	9	398	3.99e-92	283
WP_228941262.1	iJN1463.PP_1381	53.3	120	56	0	339	458	6	125	4.22e-40	140
WP_228941263.1	iJN1463.PP_1379	36.2	373	224	6	13	377	16	382	1.21e-42	154
WP_228941264.1	iJN1463.PP_4655	33.7	196	94	10	21	184	9	200	3.00e-18	78.6
WP_228941265.1	iJN1463.PP_4656	48.4	217	110	1	34	248	18	234	1.77e-69	214
WP_228941266.1	iJN1463.PP_3165	35.0	428	251	8	35	453	16	425	1.11e-59	201
WP_228941266.1	iJN1463.PP_3658	32.1	418	257	8	45	452	26	426	4.66e-52	181
WP_228941270.1	iCHOv1.100753207	36.4	77	47	1	22	96	55	131	5.66e-05	45.1
WP_228941270.1	iAT_PLT_636.4129	52.5	40	19	0	21	60	6	45	2.28e-04	43.1
WP_228941270.1	iMM1415.109731	50.0	42	21	0	19	60	4	45	3.01e-04	42.7
WP_228941270.1	iSynCJ816.SGL_RS08440	42.4	59	33	1	22	79	3	61	2.89e-04	42.7
WP_228941270.1	iLB1027_lipid.PHATRDRAFT_45243	57.9	38	16	0	19	56	57	94	5.52e-04	42.0
WP_228941275.1	iSynCJ816.SGL_RS15345	28.9	554	352	15	5	533	3	539	1.07e-45	168
WP_228941276.1	iSynCJ816.SGL_RS09640	30.1	143	86	6	74	208	131	267	3.69e-06	46.6
WP_228941279.1	iJN1463.PP_2794	30.7	199	123	5	3	191	11	204	2.96e-06	46.6
WP_228941279.1	iAF987.Gmet_1601	28.8	191	128	4	1	183	1	191	5.59e-05	42.7
WP_228941279.1	iEK1008.Rv1928c	27.6	210	136	6	2	196	8	216	7.79e-05	42.4
WP_228941280.1	iEK1008.Rv2458	53.2	299	122	3	3	298	12	295	5.48e-92	275
WP_228941282.1	iJN1463.PP_1494	35.3	133	74	3	18	147	20	143	4.75e-10	58.2
WP_228941282.1	iEK1008.Rv0386	44.8	58	32	0	159	216	1027	1084	6.30e-08	52.4
WP_228941285.1	iCHOv1.100762426	23.7	300	188	12	89	367	110	389	5.00e-07	51.2
WP_228941285.1	iMM1415.15233	24.3	284	174	12	89	351	110	373	8.79e-07	50.4
WP_228941285.1	iAT_PLT_636.3081	32.5	114	67	5	246	351	187	298	1.30e-05	46.6
WP_228941286.1	iEK1008.Rv0126	29.2	425	257	12	131	548	41	428	1.74e-39	153
WP_228941286.1	iAF987.Gmet_3469	27.2	423	256	14	131	543	12	392	6.30e-37	148
WP_228941286.1	iJN1463.PP_4059	27.2	467	268	16	151	585	39	465	5.91e-34	139
WP_228941291.1	iPC815.YPO0958	36.6	497	300	9	17	509	5	490	7.38e-95	298
WP_228941291.1	iNF517.LLMG_RS04060	33.0	476	311	4	18	493	3	470	4.34e-91	288
WP_228941291.1	iJN1463.PP_2455	37.1	493	296	9	22	510	21	503	4.78e-88	281
WP_228941291.1	iYO844.BSU35940	31.8	497	330	5	18	513	3	491	2.89e-88	281
WP_228941291.1	iML1515.b4485	36.6	492	301	8	22	510	14	497	8.10e-86	275
WP_228941291.1	iML1515.b3749	32.5	496	328	4	18	513	5	493	6.39e-85	272
WP_228941291.1	iYL1228.KPN_04623	36.6	492	301	8	22	510	14	497	8.73e-85	272
WP_228941291.1	iML1515.b2149	33.8	479	302	9	18	491	14	482	1.44e-84	271
WP_228941291.1	iSF_1195.SF2234	33.8	479	302	9	18	491	14	482	1.44e-84	271
WP_228941291.1	iSSON_1240.SSON_2205	33.8	479	302	9	18	491	14	482	1.44e-84	271
WP_228941291.1	STM_v1_0.STM3882	32.1	496	330	4	18	513	5	493	3.49e-84	270
WP_228941291.1	iYL1228.KPN_04154	32.1	496	330	4	18	513	5	493	9.65e-84	269
WP_228941291.1	iSSON_1240.SSON_4410	36.0	491	305	7	22	510	14	497	9.40e-84	269
WP_228941291.1	iPC815.YPO3907	37.0	495	303	7	18	510	5	492	1.19e-83	269
WP_228941292.1	iCN718.ABAYE_RS13085	26.3	520	329	14	11	526	23	492	2.71e-48	174
WP_228941292.1	iCN718.ABAYE_RS13050	28.8	424	255	11	11	432	22	400	4.39e-48	174
WP_228941293.1	iEK1008.Rv2505c	33.6	562	313	13	17	561	21	539	7.35e-83	268
WP_228941293.1	iAF987.Gmet_2692	34.3	557	331	9	28	570	13	548	2.30e-82	267
WP_228941293.1	iJN1463.PP_4063	33.5	564	332	13	20	565	16	554	6.17e-80	261
WP_228941293.1	iYO844.BSU18250	32.5	550	342	7	20	560	9	538	6.61e-80	261
WP_228941294.1	iAF987.Gmet_1531	46.1	243	124	1	15	257	8	243	7.02e-56	179
WP_228941294.1	iCN718.ABAYE_RS14915	42.6	244	129	3	15	257	7	240	2.42e-55	177
WP_228941294.1	iYS854.USA300HOU_RS06185	42.2	244	132	3	16	257	5	241	4.35e-50	164
WP_228941294.1	iYO844.BSU15910	41.8	244	133	3	16	257	7	243	9.19e-50	163
WP_228941294.1	iAF987.Gmet_1601	42.2	244	133	3	15	257	7	243	3.65e-49	162
WP_228941295.1	iYS854.USA300HOU_RS11455	46.5	473	242	4	25	491	3	470	1.24e-128	382
WP_228941295.1	iEK1008.Rv0223c	43.2	477	264	4	21	491	3	478	2.05e-127	379
WP_228941295.1	iYO844.BSU31060	44.2	484	241	9	29	493	5	478	7.43e-120	360
WP_228941295.1	iYO844.BSU19310	42.9	469	261	4	29	491	22	489	2.45e-119	358
WP_228941298.1	iAF987.Gmet_1659	33.6	229	125	4	27	239	15	232	1.97e-19	84.0
WP_228941299.1	iEK1008.Rv0694	64.9	393	133	2	19	411	5	392	2.67e-186	523
WP_228941300.1	iEK1008.Rv3109	28.9	187	118	7	58	234	37	218	1.82e-09	58.9
WP_228941303.1	iEK1008.Rv2895c	46.1	254	117	5	19	256	23	272	6.32e-57	183
WP_228941304.1	iAF987.Gmet_0043	28.9	256	153	4	468	722	39	266	6.61e-17	84.3
WP_228941305.1	iAF692.Mbar_A2492	33.1	121	72	5	26	139	11	129	4.70e-07	49.7
WP_228941305.1	iAF692.Mbar_A2039	32.2	118	71	5	27	136	14	130	1.24e-06	48.1
WP_228941306.1	iAF987.Gmet_2999	33.0	115	71	3	4	113	8	121	3.52e-07	47.0
WP_228941306.1	iAF987.Gmet_1914	33.0	106	59	4	6	104	4	104	5.01e-07	46.6
WP_228941307.1	iJN1463.PP_2805	46.9	467	232	3	42	505	18	471	4.29e-152	444
WP_228941307.1	iCN718.ABAYE_RS02690	43.7	469	245	6	42	505	11	465	1.25e-145	427
WP_228941312.1	iSbBS512_1146.SbBS512_E0259	40.0	235	137	2	2	235	7	238	2.46e-55	177
WP_228941312.1	iSSON_1240.SSON_0318	40.0	235	137	2	2	235	7	238	3.47e-55	177
WP_228941312.1	iML1515.b0306	40.9	235	135	2	2	235	7	238	4.91e-55	177
WP_228941312.1	iSF_1195.SF0260	40.0	235	137	2	2	235	7	238	4.91e-55	177
WP_228941313.1	iAF987.Gmet_3524	55.4	139	61	1	1	139	16	153	8.01e-46	146
WP_228941313.1	iYO844.BSU00180	49.7	143	71	1	1	143	8	149	2.58e-42	137
WP_228941314.1	iYL1228.KPN_00409	60.9	343	134	0	21	363	4	346	7.40e-153	434
WP_228941315.1	iJN1463.PP_0552	33.1	344	214	9	13	344	20	359	5.81e-41	146
WP_228941315.1	iCN900.CD630_23240	31.2	346	220	9	8	344	9	345	1.89e-37	137
WP_228941315.1	iEK1008.Rv2259	32.9	346	211	4	14	342	18	359	2.36e-37	137
WP_228941316.1	iJN1463.PP_4943	43.1	65	31	1	283	347	240	298	3.47e-05	46.6
WP_228941316.1	iEK1008.Rv2188c	40.9	127	61	6	236	354	197	317	3.28e-04	43.5
WP_228941322.1	iYS854.USA300HOU_RS06130	36.5	222	139	2	251	470	6	227	3.57e-32	132
WP_228941324.1	iAF987.Gmet_0043	33.7	246	155	5	450	690	24	266	2.37e-25	110
WP_228941327.1	iJN1463.PP_5003	44.8	518	284	2	64	581	44	559	8.78e-152	447
WP_228941327.1	iJN1463.PP_5005	42.1	515	297	1	64	578	44	557	1.67e-146	434
WP_228941328.1	iJN1463.PP_5004	45.9	268	139	3	29	295	7	269	5.99e-76	233
WP_228941329.1	iEK1008.Rv0400c	38.4	385	232	4	57	439	13	394	2.15e-78	248
WP_228941329.1	iAF987.Gmet_2075	37.9	390	230	8	56	439	8	391	2.26e-73	235
WP_228941330.1	iEK1008.Rv1464	32.0	425	230	13	7	399	10	407	9.30e-38	140
WP_228941335.1	iPC815.YPO2421	29.6	307	202	7	21	320	9	308	2.10e-31	120
WP_228941335.1	iAF987.Gmet_0885	28.0	307	218	3	19	325	3	306	5.61e-31	119
WP_228941335.1	iYL1228.KPN_03846	28.3	314	211	7	21	327	9	315	2.77e-28	112
WP_228941335.1	STM_v1_0.STM2298	28.3	307	206	7	21	320	9	308	2.68e-27	109
WP_228941340.1	iYL1228.KPN_03304	25.8	380	255	4	74	444	62	423	5.46e-15	76.3
WP_228941340.1	iJN1463.PP_2717	25.5	424	269	5	40	444	28	423	5.35e-13	70.1
WP_228941340.1	iPC815.YPO3347	25.5	380	256	5	74	444	62	423	7.18e-13	69.7
WP_228941340.1	iSbBS512_1146.SbBS512_E3819	25.1	343	230	3	74	407	62	386	9.56e-13	69.3
WP_228941342.1	iEK1008.Rv1857	41.2	250	142	2	31	278	15	261	1.14e-43	149
WP_228941343.1	iEK1008.Rv1858	46.7	246	126	3	27	270	14	256	3.15e-56	181
WP_228941344.1	iEK1008.Rv1859	43.4	350	156	7	33	342	14	361	4.81e-66	212
WP_228941346.1	iEK1008.Rv0646c	41.1	292	166	2	28	313	9	300	1.94e-66	210
WP_228941347.1	iEK1008.Rv1235	28.8	472	267	12	40	458	12	467	1.58e-48	172
WP_228941348.1	iEK1008.Rv1236	49.1	277	138	1	37	313	22	295	4.67e-85	258
WP_228941349.1	iEK1008.Rv1237	58.1	265	106	2	13	277	15	274	2.18e-101	296
WP_228941350.1	iEK1008.Rv2038c	59.4	360	139	4	1	358	1	355	1.06e-140	403
WP_228941350.1	iEK1008.Rv2832c	58.2	364	141	4	1	358	1	359	1.27e-137	395
WP_228941351.1	iYO844.BSU08790	66.8	536	167	3	32	561	59	589	9.03e-265	736
WP_228941351.1	iEK1008.Rv0423c	65.1	548	149	3	17	562	36	543	2.35e-254	707
WP_228941351.1	iML1515.b3994	62.6	575	159	6	27	562	69	626	3.13e-251	703
WP_228941351.1	STM_v1_0.STM4164	63.0	571	155	6	32	563	74	627	1.80e-250	701
WP_228941351.1	iCN718.ABAYE_RS17505	62.5	560	174	4	32	561	69	622	2.93e-250	700
WP_228941351.1	iSbBS512_1146.SbBS512_E4485	62.3	575	161	6	27	562	69	626	7.27e-250	699
WP_228941351.1	iSSON_1240.SSON_4167	62.3	575	161	6	27	562	69	626	7.27e-250	699
WP_228941351.1	iJN1463.PP_4922	62.9	568	163	6	32	561	66	623	8.65e-250	699
WP_228941351.1	iSF_1195.SF4066	62.3	575	161	6	27	562	69	626	1.46e-249	699
WP_228941351.1	iYL1228.KPN_04376	62.5	571	158	6	32	563	74	627	8.39e-249	697
WP_228941351.1	iSDY_1059.SDY_3732	62.1	575	162	6	27	562	69	626	2.39e-248	696
WP_228941351.1	iPC815.YPO3739	60.0	597	173	7	25	564	82	669	1.12e-246	693
WP_228941352.1	iAF987.Gmet_2935	36.0	200	117	5	20	209	8	206	2.49e-15	72.4
WP_228941353.1	iEK1008.Rv0417	63.2	250	92	0	3	252	2	251	1.07e-94	278
WP_228941354.1	iSynCJ816.SGL_RS14260	28.4	401	201	14	3	367	7	357	5.21e-16	80.5
WP_228941356.1	iLB1027_lipid.PHATRDRAFT_55177	26.5	151	93	5	46	187	64	205	5.38e-04	40.0
WP_228941356.1	iSSON_1240.SSON_0129	24.4	131	88	4	74	202	82	203	5.25e-04	40.0
WP_228941356.1	iML1515.b0121	24.4	131	88	4	74	202	82	203	7.03e-04	39.7
WP_228941356.1	iSDY_1059.SDY_0028	24.4	131	88	4	74	202	82	203	7.03e-04	39.7
WP_228941356.1	iSF_1195.SF0118	24.4	131	88	4	74	202	82	203	9.41e-04	39.3
WP_228941357.1	iCN718.ABAYE_RS11785	44.4	478	259	5	10	484	5	478	3.52e-129	384
WP_228941357.1	iYO844.BSU19310	43.7	485	262	6	7	483	12	493	1.23e-125	375
WP_228941357.1	iYO844.BSU31060	43.9	474	260	4	12	480	5	477	1.51e-122	367
WP_228941357.1	iJN1463.PP_3463	44.1	483	255	6	11	483	20	497	1.50e-121	364
WP_228941357.1	iMM904.YER073W	42.3	473	269	3	12	483	46	515	3.42e-120	362
WP_228941357.1	iYS854.USA300HOU_RS14160	42.4	474	267	5	13	481	12	484	8.28e-118	355
WP_228941357.1	iMM1415.11669	44.0	482	254	7	11	483	40	514	1.32e-116	352
WP_228941357.1	iMM904.YOR374W	40.5	476	274	5	12	483	47	517	3.31e-114	346
WP_228941357.1	iAT_PLT_636.216	41.6	483	266	7	11	484	22	497	2.73e-114	346
WP_228941359.1	iEK1008.Rv2241	26.7	838	494	31	28	791	73	864	3.09e-44	171
WP_228941359.1	iCN718.ABAYE_RS01320	27.1	701	439	25	28	686	71	741	4.16e-42	165
WP_228941362.1	iYO844.BSU35960	24.0	250	155	11	62	293	39	271	4.49e-04	41.2
WP_228941362.1	iNF517.LLMG_RS04070	20.1	309	208	11	7	303	11	292	4.71e-04	41.2
WP_228941363.1	iMM1415.226413	34.3	472	264	16	28	468	913	1369	5.23e-72	247
WP_228941363.1	iCHOv1.100766856	35.7	474	242	16	30	463	1385	1835	5.09e-70	241
WP_228941363.1	iNF517.LLMG_RS01005	34.7	467	252	13	28	457	16	466	8.32e-74	239
WP_228941364.1	iYS854.USA300HOU_RS06130	35.7	255	153	5	9	254	9	261	3.03e-39	148
WP_228941367.1	STM_v1_0.STM2649	42.1	95	54	1	4	97	38	132	3.80e-22	84.7
WP_228941367.1	iML1515.b2582	41.1	95	55	1	4	97	38	132	1.07e-21	83.6
WP_228941367.1	iSbBS512_1146.SbBS512_E2954	41.1	95	55	1	4	97	38	132	1.07e-21	83.6
WP_228941367.1	iSDY_1059.SDY_2825	41.1	95	55	1	4	97	38	132	1.07e-21	83.6
WP_228941367.1	iSF_1195.SF2644	41.1	95	55	1	4	97	38	132	1.07e-21	83.6
WP_228941367.1	iSSON_1240.SSON_2708	41.1	95	55	1	4	97	38	132	1.07e-21	83.6
WP_228941367.1	iJN1463.PP_5069	43.0	93	52	1	5	96	43	135	4.85e-21	82.0
WP_228941367.1	iYL1228.KPN_02905	41.1	95	55	1	4	97	38	132	5.06e-20	79.3
WP_228941367.1	iIT341.HP0824	43.8	96	52	2	4	98	5	99	5.87e-20	78.2
WP_228941367.1	iPC815.YPO3868	41.6	101	57	2	4	102	6	106	6.18e-20	78.2
WP_228941367.1	iML1515.b3781	40.6	101	58	2	4	102	6	106	2.54e-19	76.6
WP_228941367.1	iYL1228.KPN_04282	40.6	101	58	2	4	102	6	106	2.54e-19	76.6
WP_228941367.1	STM_v1_0.STM3915	40.6	101	58	2	4	102	6	106	2.54e-19	76.6
WP_228941367.1	iSbBS512_1146.SbBS512_E4140	40.6	101	58	2	4	102	6	106	2.54e-19	76.6
WP_228941367.1	iSDY_1059.SDY_3968	40.6	101	58	2	4	102	24	124	4.02e-19	76.6
WP_228941367.1	iSF_1195.SF3854	40.6	101	58	2	4	102	24	124	4.02e-19	76.6
WP_228941367.1	iSSON_1240.SSON_3952	40.6	101	58	2	4	102	24	124	4.02e-19	76.6
WP_228941370.1	iAF987.Gmet_1188	45.8	59	32	0	9	67	8	66	1.95e-08	51.6
WP_228941371.1	iEK1008.Rv1288	47.8	46	24	0	451	496	107	152	6.40e-05	45.1
WP_228941373.1	iJN1463.PP_0336	57.5	200	83	2	14	212	18	216	6.07e-73	220
WP_228941373.1	iML1515.b4219	51.7	207	96	3	10	215	9	212	9.54e-70	211
WP_228941373.1	iSbBS512_1146.SbBS512_E4863	51.7	207	96	3	10	215	9	212	9.54e-70	211
WP_228941373.1	iSF_1195.SF4268	51.7	207	96	3	10	215	9	212	9.54e-70	211
WP_228941373.1	iSSON_1240.SSON_4404	51.7	207	96	3	10	215	9	212	9.54e-70	211
WP_228941373.1	iSDY_1059.SDY_4456	51.2	207	97	3	10	215	9	212	1.10e-68	209
WP_228941373.1	STM_v1_0.STM4408	50.7	207	98	3	10	215	9	212	2.21e-68	208
WP_228941373.1	iYL1228.KPN_04615	50.5	210	100	3	7	215	26	232	9.61e-67	204
WP_228941373.1	iPC815.YPO3525	51.0	206	97	3	8	212	7	209	2.92e-66	202
WP_228941374.1	iPC815.YPO2958	52.0	329	153	2	13	336	11	339	2.13e-107	317
WP_228941375.1	iPC815.YPO2959	43.7	504	281	3	8	509	16	518	4.05e-109	334
WP_228941375.1	iJN1463.PP_4882	44.4	493	266	4	21	509	24	512	4.65e-109	334
WP_228941376.1	iPC815.YPO2960	44.5	326	167	7	8	324	4	324	1.32e-74	234
WP_228941376.1	iJN1463.PP_1078	43.0	342	181	7	8	343	7	340	2.02e-69	221
WP_228941377.1	iAF987.Gmet_2020	32.6	282	170	8	120	385	160	437	1.24e-28	120
WP_228941382.1	iAF692.Mbar_A0131	30.9	269	170	8	204	457	44	311	7.01e-22	95.9
WP_228941384.1	iYO844.BSU26640	27.1	399	222	12	10	405	6	338	2.39e-35	133
WP_228941385.1	iAF987.Gmet_2863	33.7	243	145	8	23	259	24	256	1.43e-22	94.0
WP_228941386.1	iEK1008.Rv2610c	29.9	361	191	17	1	331	1	329	3.57e-12	66.6
WP_228941386.1	iJN1463.PP_1801	35.1	185	100	6	189	361	201	377	1.15e-11	65.1
WP_228941387.1	iEK1008.Rv3322c	38.8	98	55	2	41	137	49	142	2.53e-06	46.2
WP_228941389.1	iJN1463.PP_2418	25.7	292	194	11	25	299	50	335	2.10e-12	67.0
WP_228941390.1	iSynCJ816.SGL_RS01940	37.0	262	156	3	8	262	9	268	2.56e-49	163
WP_228941390.1	iYO844.BSU33290	35.9	245	152	2	9	248	4	248	2.00e-45	153
WP_228941390.1	iYO844.BSU07490	38.0	237	142	2	9	240	4	240	3.67e-45	152
WP_228941392.1	iYO844.BSU30290	32.4	253	168	2	24	274	25	276	8.82e-33	120
WP_228941392.1	iEK1008.Rv1237	31.5	254	172	1	23	274	21	274	3.41e-31	116
WP_228941398.1	iMM904.YGL119W	29.9	264	176	4	46	308	113	368	6.99e-27	112
WP_228941403.1	iYO844.BSU18800	48.8	254	129	1	69	322	53	305	3.46e-71	223
WP_228941404.1	iYO844.BSU33180	25.3	296	160	13	2	281	59	309	4.42e-05	43.9
WP_228941404.1	iYL1228.KPN_00173	26.3	224	129	7	2	223	25	214	1.63e-04	42.0
WP_228941413.1	iJN1463.PP_0870	37.2	277	161	5	65	336	37	305	8.70e-52	173
WP_228941414.1	iYS854.USA300HOU_RS03905	48.4	192	94	2	77	268	17	203	9.43e-39	141
WP_228941414.1	iYO844.BSU33820	42.2	192	109	1	81	272	21	210	4.70e-39	135
WP_228941414.1	iYO844.BSU33720	42.7	192	108	1	81	272	21	210	9.33e-39	134
WP_228941414.1	iCN900.CD630_09010	38.4	198	120	1	75	272	17	212	3.54e-34	129
WP_228941415.1	iYO844.BSU33830	46.8	365	184	6	22	379	2	363	3.03e-100	302
WP_228941415.1	iJN1463.PP_0868	51.1	305	143	4	22	323	2	303	1.42e-99	301
WP_228941415.1	iYO844.BSU33730	46.7	366	184	6	22	379	2	364	4.00e-98	297
WP_228941415.1	iYS854.USA300HOU_RS13270	42.3	364	201	5	22	379	2	362	6.63e-89	274
WP_228941415.1	iEK1008.Rv3758c	43.9	367	195	6	22	382	2	363	1.43e-88	272
WP_228941417.1	iJN1463.PP_1765	30.2	106	64	3	37	136	46	147	6.42e-06	45.1
WP_228941417.1	iCN718.ABAYE_RS19010	31.8	107	66	3	35	136	47	151	1.63e-05	43.9
WP_228941417.1	iEK1008.Rv3322c	32.1	134	73	6	11	135	18	142	1.35e-05	43.9
WP_228941418.1	iYO844.BSU15720	35.8	151	89	3	22	172	3	145	1.66e-19	80.5
WP_228941420.1	iCN900.CD630_34910	26.3	300	207	7	5	295	3	297	8.09e-27	106
WP_228941420.1	iAF987.Gmet_0880	31.2	282	181	5	5	277	6	283	1.99e-23	99.8
WP_228941423.1	iEK1008.Rv1098c	60.7	448	174	2	1	447	17	463	6.17e-172	490
WP_228941425.1	iEK1008.Rv1086	56.2	233	100	2	3	233	29	261	1.01e-85	254
WP_228941426.1	iJN1463.PP_2417	40.9	328	187	4	6	330	13	336	7.10e-53	177
WP_228941426.1	iYO844.BSU33170	37.0	330	201	4	9	335	25	350	1.18e-50	171
WP_228941426.1	iAF692.Mbar_A2398	35.9	287	176	5	49	332	79	360	1.77e-47	163
WP_228941428.1	iAF987.Gmet_1919	30.6	98	66	1	4	101	8	103	3.09e-06	46.6
WP_228941428.1	iEK1008.Rv0386	35.1	57	37	0	147	203	1027	1083	4.40e-05	43.5
WP_228941433.1	iEK1008.Rv2467	35.6	879	482	21	26	845	6	859	2.49e-126	400
WP_228941434.1	iML1515.b1449	41.2	330	186	4	10	332	13	341	2.94e-78	242
WP_228941434.1	iJN1463.PP_2476	40.1	334	192	4	6	332	9	341	1.02e-75	236
WP_228941436.1	iCN900.CD630_28190	31.6	342	219	7	7	337	8	345	1.72e-42	151
WP_228941437.1	iML1515.b3012	42.3	267	149	3	10	275	9	271	3.58e-73	225
WP_228941437.1	iSbBS512_1146.SbBS512_E3440	42.3	267	149	3	10	275	9	271	1.02e-72	224
WP_228941437.1	STM_v1_0.STM3165	41.2	267	152	3	10	275	9	271	2.99e-69	215
WP_228941437.1	iYL1228.KPN_03432	42.5	268	147	4	10	275	9	271	5.99e-69	214
WP_228941437.1	iPC815.YPO0676	42.1	273	149	5	6	275	5	271	3.27e-66	207
WP_228941437.1	iSF_1195.SF3057	44.7	235	125	3	42	275	2	232	1.86e-66	206
WP_228941437.1	iSSON_1240.SSON_3155	44.3	235	126	3	42	275	2	232	3.72e-66	206
WP_228941437.1	iSDY_1059.SDY_3061	44.3	235	126	3	42	275	2	232	1.49e-65	204
WP_228941446.1	iYS854.USA300HOU_RS07595	29.4	435	258	8	13	403	4	433	3.34e-49	177
WP_228941450.1	iAF987.Gmet_2094	30.8	172	75	4	11	182	17	144	1.06e-15	70.5
WP_228941450.1	iAF987.Gmet_0302	31.4	169	72	4	11	179	18	142	4.98e-15	68.6
WP_228941454.1	iSDY_1059.SDY_0829	40.3	119	60	3	24	133	18	134	3.62e-11	60.8
WP_228941454.1	iSF_1195.SF0727	38.7	119	62	2	24	133	18	134	3.62e-11	60.8
WP_228941454.1	iSbBS512_1146.SbBS512_E2575	39.5	119	61	3	24	133	18	134	9.23e-11	59.7
WP_228941454.1	iSSON_1240.SSON_0756	39.5	119	61	3	24	133	18	134	9.23e-11	59.7
WP_228941454.1	iJN1463.PP_1765	34.8	132	74	5	16	138	21	149	3.67e-10	57.8
WP_228941454.1	iML1515.b0777	37.0	119	64	2	24	133	18	134	1.10e-09	56.6
WP_228941454.1	iML1515.b2232	33.3	111	71	1	31	138	48	158	1.86e-09	55.8
WP_228941454.1	iSbBS512_1146.SbBS512_E2607	33.3	111	71	1	31	138	48	158	1.86e-09	55.8
WP_228941454.1	iSDY_1059.SDY_2424	33.3	111	71	1	31	138	48	158	1.86e-09	55.8
WP_228941454.1	iSF_1195.SF2312	33.3	111	71	1	31	138	48	158	1.86e-09	55.8
WP_228941454.1	iSSON_1240.SSON_2290	33.3	111	71	1	31	138	48	158	1.86e-09	55.8
WP_228941454.1	iNF517.LLMG_RS03890	32.4	136	83	4	28	155	36	170	2.66e-09	55.5
WP_228941457.1	iJN1463.PP_0382	30.4	204	129	8	31	224	23	223	1.03e-09	57.0
WP_228941460.1	iEK1008.Rv1631	26.8	164	82	5	34	168	213	367	6.29e-08	51.6
WP_228941461.1	iCN718.ABAYE_RS14020	33.7	104	66	2	28	129	77	179	1.09e-11	63.9
WP_228941461.1	iEK1008.Rv0134	26.7	285	169	13	21	278	23	294	3.96e-11	62.0
WP_228941461.1	iEK1008.Rv3203	34.0	144	90	4	55	196	2	142	5.01e-11	60.8
WP_228941465.1	iEK1008.Rv0222	53.0	251	117	1	795	1045	12	261	1.52e-73	243
WP_228941469.1	iEK1008.Rv2051c	35.0	503	269	15	26	497	48	523	2.60e-57	204
WP_228941471.1	iAF987.Gmet_1572	37.8	222	136	2	7	227	10	230	1.15e-32	119
WP_228941471.1	iJN1463.PP_3283	37.0	243	146	4	5	243	8	247	1.44e-30	114
WP_228941471.1	iYL1228.KPN_01474	37.1	221	129	3	9	225	10	224	9.66e-29	108
WP_228941472.1	STM_v1_0.STM0071	29.6	496	308	15	39	497	22	513	1.77e-53	188
WP_228941472.1	iEK1008.Rv2505c	32.1	501	276	18	54	504	53	539	1.12e-51	184
WP_228941472.1	iEK1008.Rv3561	31.8	515	304	14	20	501	4	504	7.44e-51	181
WP_228941472.1	iSSON_1240.SSON_0043	29.9	488	299	14	46	495	34	516	1.36e-50	180
WP_228941472.1	iYO844.BSU10270	29.3	519	313	10	25	501	2	508	8.18e-50	178
WP_228941472.1	iML1515.b0037	29.7	488	300	14	46	495	29	511	4.48e-49	176
WP_228941472.1	iSF_1195.SF0034	29.5	488	301	14	46	495	34	516	4.89e-49	176
WP_228941472.1	iSDY_1059.SDY_0059	29.2	486	305	13	46	495	34	516	1.30e-48	175
WP_228941476.1	iLB1027_lipid.PHATRDRAFT_42659	35.2	128	62	6	69	184	121	239	8.00e-10	57.0
WP_228941483.1	iEK1008.Rv0386	50.0	58	29	0	173	230	1027	1084	4.20e-08	53.1
WP_228941483.1	iJN1463.PP_1494	33.8	139	86	3	13	146	20	157	1.29e-06	48.1
WP_228941486.1	iEK1008.Rv2130c	52.6	418	188	2	1	412	1	414	5.32e-151	433
WP_228941492.1	iCHOv1.100768542	32.9	73	47	1	117	187	328	400	6.98e-07	48.5
WP_228941492.1	iAT_PLT_636.6821	32.9	73	47	1	117	187	335	407	7.01e-07	48.5
WP_228941492.1	iMM1415.211389	32.9	73	47	1	117	187	329	401	9.41e-07	48.1
WP_228941492.1	iLB1027_lipid.PHATRDRAFT_44482	27.6	76	53	1	110	183	366	441	1.40e-05	44.7
WP_228941493.1	iJN1463.PP_3163	26.2	221	154	3	27	244	121	335	1.20e-11	63.2
WP_228941493.1	iYL1228.KPN_02877	26.2	256	161	8	8	242	143	391	2.84e-10	59.3
WP_228941493.1	iSDY_1059.SDY_2742	26.8	239	158	8	18	242	156	391	3.82e-10	58.9
WP_228941493.1	iML1515.b2552	26.4	239	159	8	18	242	156	391	9.33e-10	57.8
WP_228941493.1	iSbBS512_1146.SbBS512_E2917	26.4	239	159	8	18	242	156	391	9.33e-10	57.8
WP_228941493.1	iSSON_1240.SSON_2635	26.4	239	159	8	18	242	156	391	9.33e-10	57.8
WP_228941494.1	iEK1008.Rv1843c	65.7	478	164	0	1	478	2	479	1.17e-214	600
WP_228941496.1	iEK1008.Rv0620	45.7	352	184	3	29	377	2	349	8.50e-75	236
WP_228941499.1	iEK1008.Rv2847c	56.1	396	170	2	7	402	6	397	1.13e-137	400
WP_228941501.1	iJN1463.PP_2764	38.4	172	96	2	2	168	51	217	7.17e-27	102
WP_228941508.1	iJN1463.PP_0481	52.3	474	220	5	16	488	6	474	1.13e-173	497
WP_228941508.1	iAF692.Mbar_A0814	52.2	471	219	5	16	484	11	477	1.27e-171	493
WP_228941508.1	iYO844.BSU08820	51.9	478	216	6	16	488	7	475	7.92e-170	488
WP_228941508.1	iAT_PLT_636.847	52.1	472	219	6	16	485	28	494	9.21e-167	481
WP_228941508.1	iIT341.HP0875	50.2	484	221	7	16	488	9	483	6.61e-164	473
WP_228941508.1	iCHOv1.100773774	50.3	477	220	5	16	485	56	522	1.28e-160	467
WP_228941508.1	iLB1027_lipid.PHATRDRAFT_22418	51.5	482	215	9	20	488	37	512	1.35e-157	459
WP_228941508.1	iYS854.USA300HOU_RS06785	48.5	478	230	9	20	488	13	483	5.46e-155	451
WP_228941514.1	iEK1008.Rv1058	57.5	440	177	2	2	441	109	538	3.25e-184	524
WP_228941516.1	iEK1008.Rv0317c	40.9	252	138	5	2	250	10	253	5.68e-52	169
WP_228941517.1	iEK1008.Rv3375	31.5	496	244	14	1	444	22	473	1.27e-46	167
WP_228941517.1	iAF987.Gmet_0075	29.2	487	275	12	8	443	15	482	5.51e-45	163
WP_228941517.1	iSynCJ816.SGL_RS07160	31.5	486	257	13	13	444	16	479	1.83e-42	156
WP_228941521.1	iJN1463.PP_2375	62.8	1222	431	10	1	1211	26	1234	0.0	1496
WP_228941521.1	iSSON_1240.SSON_4190	61.9	1219	445	8	1	1213	23	1227	0.0	1489
WP_228941521.1	iML1515.b4019	61.8	1219	446	8	1	1213	23	1227	0.0	1488
WP_228941521.1	iPC815.YPO3722	62.2	1217	443	7	1	1213	28	1231	0.0	1484
WP_228941521.1	iSF_1195.SF4085	61.5	1219	449	8	1	1213	23	1227	0.0	1482
WP_228941521.1	iSDY_1059.SDY_4322	61.6	1216	447	8	1	1210	23	1224	0.0	1479
WP_228941521.1	iYL1228.KPN_04399	61.4	1219	451	8	1	1213	23	1227	0.0	1468
WP_228941521.1	iCN718.ABAYE_RS14075	59.7	1217	466	10	1	1208	22	1223	0.0	1407
WP_228941522.1	iCHOv1.100765707	27.1	406	239	13	23	412	36	400	9.71e-30	119
WP_228941522.1	iMM1415.109652	27.2	393	238	11	27	412	44	395	1.25e-29	118
WP_228941523.1	iYO844.BSU30070	46.2	489	258	3	28	516	7	490	9.86e-142	419
WP_228941526.1	iEK1008.Rv3571	30.0	317	190	8	105	401	52	356	5.97e-25	104
WP_228941526.1	iJN1463.PP_0316	26.5	325	201	8	107	401	52	368	1.17e-21	95.1
WP_228941527.1	iEK1008.Rv3229c	48.5	371	185	4	9	377	6	372	8.72e-120	354
WP_228941531.1	iEK1008.Rv1130	25.6	434	279	14	20	430	59	471	2.84e-09	58.9
WP_228941542.1	iHN637.CLJU_RS19980	26.7	307	190	9	2	302	4	281	7.19e-15	73.2
WP_228941542.1	STM_v1_0.STM0060	27.8	306	186	9	4	303	5	281	9.69e-15	72.8
WP_228941542.1	iYL1228.KPN_00036	26.9	308	186	9	4	303	5	281	1.54e-13	69.3
WP_228941542.1	iEK1008.Rv3075c	25.9	286	160	7	1	281	24	262	4.46e-13	68.2
WP_228941542.1	iEK1008.Rv2498c	27.3	304	171	8	6	305	10	267	1.52e-12	66.2
WP_228941543.1	iJN1463.PP_1141	25.3	359	232	11	33	381	26	358	3.14e-15	76.3
WP_228941543.1	iAF987.Gmet_1823	25.8	326	217	9	33	348	28	338	4.45e-15	75.9
WP_228941543.1	iML1515.b3458	23.3	348	233	10	32	370	25	347	5.82e-14	72.4
WP_228941543.1	iSbBS512_1146.SbBS512_E3864	23.3	348	233	10	32	370	25	347	5.82e-14	72.4
WP_228941543.1	iSSON_1240.SSON_3696	23.3	348	233	10	32	370	25	347	5.82e-14	72.4
WP_228941543.1	iJN1463.PP_4867	24.4	373	257	9	15	381	11	364	8.19e-14	72.0
WP_228941543.1	iSDY_1059.SDY_3607	23.3	348	233	10	32	370	25	347	7.80e-14	72.0
WP_228941543.1	iSF_1195.SF3476	23.0	348	234	10	32	370	25	347	1.87e-13	70.9
WP_228941544.1	iJN1463.PP_4842	32.6	291	173	8	62	336	205	488	1.11e-29	118
WP_228941544.1	iJN1463.PP_1140	30.0	293	190	6	58	336	9	300	8.01e-30	115
WP_228941544.1	iPC815.YPO3807	28.8	292	195	3	58	336	10	301	2.14e-27	108
WP_228941544.1	iYL1228.KPN_03819	28.8	292	195	4	58	336	10	301	4.10e-27	108
WP_228941544.1	iSynCJ816.SGL_RS11390	30.7	290	187	5	57	339	4	286	3.77e-27	107
WP_228941544.1	iML1515.b3457	28.3	293	195	4	58	336	10	301	1.51e-26	106
WP_228941544.1	STM_v1_0.STM3563	28.4	292	196	4	58	336	10	301	1.51e-26	106
WP_228941544.1	iSbBS512_1146.SbBS512_E3865	28.3	293	195	4	58	336	10	301	1.51e-26	106
WP_228941544.1	iSSON_1240.SSON_3695	28.3	293	195	4	58	336	10	301	1.51e-26	106
WP_228941545.1	iLJ478.TM1137	27.1	350	213	12	29	352	3	336	1.15e-29	116
WP_228941545.1	iAF987.Gmet_1821	31.4	287	168	9	69	350	43	305	3.20e-27	109
WP_228941545.1	iSF_1195.SF3474	27.1	350	215	10	32	359	83	414	1.08e-25	106
WP_228941545.1	iML1515.b3456	27.1	350	215	10	32	359	83	414	1.47e-25	106
WP_228941545.1	iSDY_1059.SDY_3605	27.1	350	215	10	32	359	83	414	1.47e-25	106
WP_228941545.1	iSbBS512_1146.SbBS512_E3866	26.9	350	216	10	32	359	83	414	2.75e-25	105
WP_228941546.1	iLJ478.TM1139	50.8	236	115	1	22	256	3	238	4.97e-74	225
WP_228941546.1	iPC815.YPO3804	47.0	232	123	0	24	255	1	232	8.08e-69	211
WP_228941546.1	iYL1228.KPN_03816	45.3	234	128	0	22	255	3	236	7.40e-68	209
WP_228941546.1	STM_v1_0.STM3560	44.6	233	129	0	23	255	4	236	2.40e-66	205
WP_228941546.1	iAF987.Gmet_1819	44.1	238	127	2	24	255	1	238	1.32e-65	204
WP_228941546.1	iSSON_1240.SSON_3692	45.3	232	127	0	24	255	9	240	1.55e-65	203
WP_228941546.1	iML1515.b3454	45.3	232	127	0	24	255	5	236	1.93e-65	203
WP_228941546.1	iJN1463.PP_1137	44.8	232	128	0	24	255	1	232	1.71e-65	203
WP_228941547.1	iYL1228.KPN_01874	43.5	92	52	0	1	92	1	92	1.82e-19	77.0
WP_228941549.1	iNF517.LLMG_RS07275	26.6	425	290	12	7	422	60	471	1.75e-29	120
WP_228941550.1	iEK1008.Rv3068c	72.0	550	146	4	1	546	2	547	1.26e-279	770
WP_228941561.1	iYO844.BSU31660	34.6	107	68	1	16	120	3	109	9.46e-12	57.8
WP_228941561.1	iYS854.USA300HOU_RS04690	32.3	99	65	1	29	125	17	115	6.90e-10	52.8
WP_228941561.1	iYS854.USA300HOU_RS03410	34.4	96	61	1	12	105	9	104	1.79e-09	52.4
WP_228941562.1	iYO844.BSU31650	35.0	80	49	1	15	91	10	89	5.88e-08	46.2
WP_228941562.1	iYS854.USA300HOU_RS03405	32.4	74	50	0	13	86	15	88	1.32e-07	45.4
WP_228941563.1	iJN1463.PP_2227	37.5	96	58	2	71	164	56	151	7.29e-07	47.4
WP_228941564.1	iYO844.BSU31630	38.9	450	260	7	9	451	7	448	3.15e-93	294
WP_228941565.1	iYO844.BSU31620	48.8	86	43	1	21	105	18	103	1.40e-18	75.5
WP_228941566.1	iJN1463.PP_2230	35.8	935	524	18	47	939	49	949	1.13e-121	394
WP_228941569.1	iEK1008.Rv2895c	36.4	198	100	8	27	220	17	192	8.29e-19	84.7
WP_228941574.1	iAF987.Gmet_2065	35.8	692	366	14	39	727	37	653	1.19e-127	407
WP_228941574.1	iAF987.Gmet_2255	35.9	702	346	18	40	727	38	649	1.64e-121	391
WP_228941574.1	iAF987.Gmet_0685	33.6	711	389	12	31	735	26	659	2.58e-119	385
WP_228941577.1	iHN637.CLJU_RS10535	45.4	441	235	4	38	477	15	450	7.47e-104	321
WP_228941577.1	iYO844.BSU39350	44.2	446	242	4	34	477	9	449	2.14e-96	301
WP_228941577.1	iYL1228.KPN_00796	43.2	454	245	6	76	526	53	496	3.01e-96	301
WP_228941577.1	iCN718.ABAYE_RS00935	43.4	477	254	8	55	527	31	495	2.62e-95	299
WP_228941577.1	STM_v1_0.STM0791	43.8	457	243	7	76	529	53	498	4.40e-95	298
WP_228941577.1	iJN1463.PP_5032	43.0	479	257	8	55	529	32	498	7.58e-94	295
WP_228941578.1	iYO844.BSU39360	64.9	553	180	4	30	577	8	551	9.37e-247	689
WP_228941578.1	iYS854.USA300HOU_RS12615	58.9	548	219	2	30	576	4	546	7.28e-232	651
WP_228941578.1	iYL1228.KPN_00795	61.5	551	206	2	27	576	8	553	8.15e-231	649
WP_228941578.1	iJN1463.PP_5033	61.6	550	205	2	28	576	10	554	5.55e-230	646
WP_228941578.1	iCN718.ABAYE_RS00930	61.8	550	204	2	28	576	11	555	1.33e-228	643
WP_228941583.1	iHN637.CLJU_RS15035	34.4	282	178	3	17	291	6	287	1.19e-40	142
WP_228941583.1	iHN637.CLJU_RS12480	34.4	282	178	3	17	291	6	287	1.66e-40	142
WP_228941583.1	STM_v1_0.STM0622	37.2	277	167	3	17	286	15	291	1.75e-40	142
WP_228941583.1	iML1515.b0616	36.1	277	170	3	17	286	15	291	3.44e-40	141
WP_228941583.1	iSbBS512_1146.SbBS512_E0530	36.1	277	170	3	17	286	15	291	3.44e-40	141
WP_228941583.1	iSSON_1240.SSON_0568	36.1	277	170	3	17	286	20	296	3.87e-40	141
WP_228941583.1	iSF_1195.SF0533	35.7	277	171	3	17	286	15	291	1.87e-39	139
WP_228941583.1	iYL1228.KPN_00036	32.4	281	182	3	15	288	3	282	1.26e-35	129
WP_228941584.1	iHN637.CLJU_RS19980	28.6	325	183	10	28	346	6	287	3.07e-25	103
WP_228941584.1	iHN637.CLJU_RS15035	28.1	302	169	8	50	344	26	286	1.33e-24	101
WP_228941584.1	iHN637.CLJU_RS12480	28.1	302	169	8	50	344	26	286	1.33e-24	101
WP_228941584.1	iYL1228.KPN_00036	28.7	324	184	9	25	343	2	283	9.70e-23	96.3
WP_228941586.1	iEK1008.Rv3262	24.9	177	111	5	10	172	260	428	5.83e-05	43.1
WP_228941586.1	iJN1463.PP_2490	26.2	195	125	5	11	202	35	213	1.08e-04	42.0
WP_228941587.1	iJN1463.PP_5036	35.4	463	270	11	38	482	2	453	3.78e-62	209
WP_228941588.1	STM_v1_0.STM0787	38.1	388	221	9	2	371	18	404	3.28e-55	186
WP_228941588.1	iYO844.BSU39370	35.5	377	227	6	16	376	37	413	1.76e-54	184
WP_228941588.1	iJN1463.PP_5030	38.4	378	198	9	16	372	23	386	8.39e-54	182
WP_228941588.1	iCN718.ABAYE_RS00945	37.2	384	212	9	16	376	23	400	2.31e-53	181
WP_228941588.1	iCHOv1.100754101	36.8	375	212	7	11	361	34	407	6.64e-50	172
WP_228941588.1	iYL1228.KPN_00792	37.3	378	215	9	2	361	18	391	3.15e-49	170
WP_228941588.1	iYS854.USA300HOU_RS12610	31.1	380	247	5	9	376	28	404	3.68e-49	170
WP_228941591.1	iSynCJ816.SGL_RS17040	28.2	443	271	15	53	464	32	458	5.17e-34	135
WP_228941593.1	iEK1008.Rv3084	32.3	248	158	5	61	303	52	294	2.94e-27	107
WP_228941594.1	iSF_1195.SF0063	27.7	321	210	8	60	373	22	327	4.10e-28	112
WP_228941594.1	iYL1228.KPN_00067	28.4	303	199	7	74	373	40	327	7.83e-28	111
WP_228941594.1	iML1515.b0068	28.4	303	199	7	74	373	40	327	1.49e-27	110
WP_228941594.1	iSDY_1059.SDY_0095	28.4	303	199	7	74	373	40	327	2.06e-27	110
WP_228941594.1	iSSON_1240.SSON_0074	27.4	325	206	7	60	373	22	327	2.84e-27	109
WP_228941594.1	iSbBS512_1146.SbBS512_E0060	27.4	321	211	8	60	373	22	327	3.92e-27	109
WP_228941594.1	STM_v1_0.STM0108	28.2	308	193	9	74	373	40	327	7.04e-26	105
WP_228941595.1	iYL1228.KPN_00886	47.8	249	126	2	1	248	35	280	3.46e-68	219
WP_228941595.1	iPC815.YPO1332	47.0	249	128	2	1	248	19	264	8.84e-68	217
WP_228941595.1	iML1515.b0855	47.6	248	126	2	1	247	19	263	3.49e-67	216
WP_228941595.1	iSbBS512_1146.SbBS512_E2476	47.6	248	126	2	1	247	19	263	3.49e-67	216
WP_228941595.1	iSSON_1240.SSON_0840	47.6	248	126	2	1	247	46	290	7.19e-67	216
WP_228941595.1	iSDY_1059.SDY_0740	47.2	248	127	2	1	247	19	263	4.92e-67	215
WP_228941595.1	iSF_1195.SF0809	47.2	248	127	2	1	247	46	290	2.01e-66	214
WP_228941595.1	STM_v1_0.STM0878	47.7	243	123	2	1	242	19	258	1.38e-66	214
WP_228941595.1	iJN1463.PP_1722	40.3	345	182	7	2	345	4	325	1.37e-63	205
WP_228941596.1	iSbBS512_1146.SbBS512_E2575	31.3	166	103	4	92	253	44	202	6.50e-13	66.2
WP_228941596.1	iSSON_1240.SSON_0756	31.3	166	103	4	92	253	44	202	6.50e-13	66.2
WP_228941596.1	iSDY_1059.SDY_0829	31.3	166	103	4	92	253	44	202	8.89e-13	65.9
WP_228941596.1	iML1515.b0777	30.7	166	104	4	92	253	44	202	7.91e-12	63.2
WP_228941596.1	iSF_1195.SF0727	30.7	166	104	4	92	253	44	202	9.42e-11	60.1
WP_228941597.1	iEK1008.Rv3627c	36.6	366	204	13	125	478	111	460	8.49e-35	135
WP_228941600.1	iPC815.YPO3400	38.2	157	96	1	24	180	3	158	1.48e-28	103
WP_228941600.1	iYS854.USA300HOU_RS02645	40.0	140	82	2	24	163	3	140	1.61e-27	101
WP_228941600.1	STM_v1_0.STM0183	38.0	150	92	1	25	174	4	152	6.54e-27	99.8
WP_228941600.1	iAF987.Gmet_0495	39.6	149	86	4	27	173	7	153	8.66e-25	94.4
WP_228941604.1	iEK1008.Rv3757c	40.7	199	115	1	46	241	15	213	2.06e-38	133
WP_228941605.1	iYO844.BSU35550	37.1	105	65	1	1	104	7	111	9.13e-12	64.3
WP_228941605.1	iEK1008.Rv2957	38.7	119	70	3	1	116	24	142	5.15e-11	62.4
WP_228941605.1	iSbBS512_1146.SbBS512_E4050	29.0	100	71	0	1	100	7	106	1.03e-09	58.9
WP_228941605.1	iSSON_1240.SSON_3782	29.0	100	71	0	1	100	7	106	1.03e-09	58.9
WP_228941605.1	iYS854.USA300HOU_RS01340	25.8	271	178	8	3	269	5	256	2.34e-09	58.5
WP_228941608.1	iCN900.CD630_15140	21.4	187	141	4	91	273	46	230	1.01e-07	52.4
WP_228941609.1	iEK1008.Rv3602c	48.6	278	127	4	55	332	27	288	5.32e-67	213
WP_228941609.1	iJN1463.PP_4700	48.1	297	119	7	47	331	9	282	2.17e-63	202
WP_228941610.1	iEK1008.Rv1595	43.8	537	243	13	36	556	4	497	7.13e-115	352
WP_228941611.1	iAF987.Gmet_1986	41.2	267	141	6	3	268	2	253	9.98e-57	182
WP_228941611.1	iCN900.CD630_35550	39.0	267	148	6	3	268	2	254	1.84e-54	176
WP_228941611.1	iHN637.CLJU_RS20455	39.7	267	149	5	3	268	2	257	2.00e-54	176
WP_228941612.1	iCHOv1.100772070	36.0	308	185	5	5	306	47	348	3.27e-56	185
WP_228941612.1	iCHOv1.100755966	32.7	306	194	5	7	306	251	550	2.09e-49	172
WP_228941613.1	iMM1415.230612	28.5	509	314	14	7	486	27	514	2.78e-47	175
WP_228941613.1	iMM1415.233836	28.8	475	308	12	13	470	28	489	5.84e-44	166
WP_228941613.1	iCHOv1.100758893	28.5	473	312	13	13	470	28	489	1.90e-43	164
WP_228941613.1	iMM1415.246787	27.8	569	369	19	13	551	23	579	1.24e-42	162
WP_228941613.1	iAT_PLT_636.115584	27.9	473	315	13	13	470	28	489	2.40e-42	161
WP_228941613.1	iCHOv1.100770888	27.6	577	360	19	13	551	27	583	4.40e-42	160
WP_228941614.1	iYL1228.KPN_01761	32.5	382	229	5	41	416	59	417	4.88e-40	147
WP_228941614.1	iJN1463.PP_4034	30.4	415	256	6	4	412	26	413	2.04e-38	143
WP_228941614.1	iSF_1195.SF0450	30.2	397	243	6	28	416	12	382	1.80e-37	139
WP_228941614.1	iML1515.b0516	30.2	397	243	6	28	416	38	408	5.53e-37	139
WP_228941614.1	STM_v1_0.STM0527	30.2	411	253	6	14	416	24	408	5.53e-37	139
WP_228941615.1	iMM1415.80911	33.2	572	336	15	79	631	110	654	1.15e-70	241
WP_228941615.1	iCHOv1.100767060	33.2	567	353	13	74	631	207	756	2.64e-69	240
WP_228941620.1	iAF692.Mbar_A0186	45.9	691	328	14	30	715	16	665	2.42e-166	496
WP_228941620.1	iAF987.Gmet_3239	43.8	682	341	10	40	711	27	676	7.11e-163	487
WP_228941621.1	iSynCJ816.SGL_RS09640	33.1	124	70	4	159	269	131	254	1.92e-09	58.5
WP_228941624.1	iAF987.Gmet_2318	42.8	201	106	1	11	202	2	202	6.12e-46	151
WP_228941641.1	iYO844.BSU03070	23.8	382	278	6	45	420	51	425	4.78e-27	114
WP_228941644.1	iNF517.LLMG_RS09975	32.4	327	200	8	25	346	26	336	3.44e-40	144
WP_228941644.1	iYL1228.KPN_01853	33.3	327	193	10	26	346	25	332	2.60e-35	131
WP_228941650.1	iJN1463.PP_3279	63.2	427	150	2	11	432	12	436	2.18e-196	550
WP_228941650.1	iML1515.b1398	61.7	428	160	2	11	434	7	434	2.22e-193	543
WP_228941650.1	iYL1228.KPN_01479	61.7	426	159	2	11	432	7	432	1.25e-190	536
WP_228941650.1	iCN718.ABAYE_RS11930	55.9	424	186	1	11	434	6	428	2.79e-175	496
WP_228941651.1	iJN1463.PP_3278	67.3	303	98	1	9	310	22	324	2.36e-151	427
WP_228941651.1	iYL1228.KPN_01469	64.6	302	107	0	9	310	3	304	2.22e-149	421
WP_228941651.1	iML1515.b1388	63.5	301	110	0	9	309	3	303	7.36e-148	417
WP_228941652.1	iYL1228.KPN_01471	43.5	260	132	3	57	316	7	251	4.22e-52	171
WP_228941652.1	iML1515.b1390	42.1	261	134	5	57	316	4	248	1.33e-49	165
WP_228941652.1	iJN1463.PP_3276	41.4	261	140	3	56	316	5	252	3.27e-48	161
WP_228941653.1	iJN1463.PP_3275	49.7	151	71	1	19	169	30	175	8.53e-49	155
WP_228941653.1	iYL1228.KPN_01472	47.3	150	71	2	20	169	22	163	2.93e-44	143
WP_228941657.1	iYO844.BSU09240	25.9	216	147	4	3	215	4	209	1.18e-11	61.6
WP_228941658.1	iMM1415.69156	35.7	221	125	4	55	273	57	262	1.21e-21	90.9
WP_228941658.1	iCHOv1.100762102	35.3	221	126	4	55	273	57	262	6.21e-21	89.0
WP_228941659.1	iMM904.YJR109C	20.6	214	140	7	150	343	670	873	3.47e-06	49.3
WP_228941660.1	iEK1008.Rv2981c	31.5	343	189	12	40	349	39	368	1.04e-20	91.7
WP_228941660.1	iAF987.Gmet_0415	32.4	241	134	8	105	338	79	297	9.87e-19	87.0
WP_228941663.1	iAF987.Gmet_3085	29.1	148	96	3	199	346	312	450	2.69e-12	70.1
WP_228941665.1	iEK1008.Rv3106	39.0	464	258	10	1	447	1	456	9.42e-91	282
WP_228941665.1	iCHOv1.100773278	36.9	458	263	9	5	444	41	490	6.72e-80	255
WP_228941668.1	iEK1008.Rv0672	63.8	541	196	0	1	541	1	541	2.07e-252	701
WP_228941669.1	iCN718.ABAYE_RS00700	46.6	412	196	6	10	404	16	420	4.75e-102	309
WP_228941669.1	iML1515.b1006	47.6	393	187	5	13	387	14	405	3.74e-101	307
WP_228941669.1	iSSON_1240.SSON_1024	47.6	393	187	5	13	387	36	427	1.02e-100	307
WP_228941669.1	iYL1228.KPN_01032	45.3	408	206	4	15	406	16	422	7.03e-101	306
WP_228941669.1	iSF_1195.SF1009	47.3	393	188	5	13	387	36	427	2.87e-100	306
WP_228941669.1	iSDY_1059.SDY_0981	46.8	393	190	5	13	387	36	427	4.55e-99	303
WP_228941670.1	STM_v1_0.STM3139	25.1	303	185	10	115	390	325	612	7.22e-19	88.6
WP_228941670.1	iML1515.b2988	25.5	380	234	15	42	390	252	613	1.72e-18	87.4
WP_228941670.1	iSbBS512_1146.SbBS512_E3415	25.5	380	234	15	42	390	252	613	1.72e-18	87.4
WP_228941670.1	iSDY_1059.SDY_3085	25.5	380	234	15	42	390	252	613	1.72e-18	87.4
WP_228941670.1	iSF_1195.SF3035	25.5	380	234	15	42	390	252	613	1.72e-18	87.4
WP_228941670.1	iSSON_1240.SSON_3133	25.5	380	234	15	42	390	252	613	1.72e-18	87.4
WP_228941677.1	iJN1463.PP_3970	42.8	404	203	8	1	392	1	388	7.51e-92	281
WP_228941678.1	iAF987.Gmet_2235	28.9	380	205	6	11	379	13	338	6.05e-44	155
WP_228941679.1	iEK1008.Rv2936	33.2	235	151	4	620	849	5	238	2.49e-28	116
WP_228941679.1	iYO844.BSU02750	33.5	212	137	3	637	844	19	230	5.13e-27	110
WP_228941681.1	iML1515.b0844	32.8	265	171	4	18	279	3	263	8.92e-34	123
WP_228941682.1	iEK1008.Rv0386	34.2	79	45	1	108	186	1005	1076	2.01e-05	44.3
WP_228941684.1	iAT_PLT_636.4129	43.3	67	37	1	19	84	7	73	3.12e-07	51.6
WP_228941684.1	iMM1415.109731	41.8	67	38	1	19	84	7	73	5.50e-07	50.8
WP_228941687.1	iEK1008.Rv2936	49.2	323	148	4	2	314	5	321	1.30e-87	266
WP_228941688.1	iJN1463.PP_3283	39.5	261	154	4	2	260	5	263	4.59e-37	131
WP_228941688.1	iYL1228.KPN_01475	37.3	252	153	3	12	260	13	262	2.01e-34	124
WP_228941688.1	iML1515.b1394	36.9	252	154	3	12	260	13	262	1.53e-33	122
WP_228941693.1	iSF_1195.SF2868	28.6	766	456	18	9	698	5	755	6.90e-52	192
WP_228941693.1	iSSON_1240.SSON_3017	28.7	756	448	17	19	698	2	742	1.53e-51	191
WP_228941693.1	iML1515.b2866	28.8	756	447	19	19	698	2	742	1.31e-50	188
WP_228941694.1	iAF987.Gmet_2135	41.2	187	78	5	5	190	16	171	1.63e-36	125
WP_228941696.1	iML1515.b2542	31.3	400	253	10	21	414	6	389	2.90e-36	137
WP_228941696.1	iSSON_1240.SSON_2624	31.3	400	253	10	21	414	6	389	1.46e-35	135
WP_228941697.1	iCHOv1.100757118	40.5	299	149	8	12	292	45	332	7.99e-48	162
WP_228941697.1	iMM1415.105014	41.1	299	147	10	12	292	45	332	1.22e-46	159
WP_228941697.1	iCHOv1.100759583	39.2	293	145	8	15	294	43	315	1.68e-45	155
WP_228941697.1	iCHOv1.100759877	39.6	288	147	8	15	292	42	312	1.68e-45	155
WP_228941697.1	iMM1415.17252	38.5	288	150	8	15	292	42	312	1.40e-43	150
WP_228941697.1	iMM1415.77974	38.1	291	151	8	15	294	43	315	5.84e-42	146
WP_228941699.1	STM_v1_0.STM0206	26.8	194	132	5	14	199	23	214	1.35e-08	53.9
WP_228941699.1	iYL1228.KPN_00173	25.5	196	132	5	14	199	23	214	3.32e-08	52.8
WP_228941699.1	iML1515.b0158	25.9	197	138	5	14	203	23	218	3.63e-07	49.7
WP_228941699.1	iSDY_1059.SDY_0174	25.9	197	138	5	14	203	23	218	3.63e-07	49.7
WP_228941699.1	iSSON_1240.SSON_0170	25.9	197	138	5	14	203	23	218	3.63e-07	49.7
WP_228941699.1	iSF_1195.SF0150	25.9	197	138	5	14	203	23	218	6.58e-07	48.9
WP_228941702.1	iAF987.Gmet_3529	37.2	218	121	4	97	314	59	260	1.12e-23	102
WP_228941706.1	iJN1463.PP_1803	31.7	186	109	9	22	193	6	187	9.98e-07	49.3
WP_228941708.1	iCHOv1.100689391	30.7	88	41	4	13	86	138	219	7.52e-05	43.5
WP_228941710.1	iEK1008.Rv3229c	49.3	353	172	4	3	351	10	359	5.83e-117	345
WP_228941713.1	iCHOv1.100757328	33.3	54	36	0	127	180	145	198	4.75e-05	43.1
WP_228941713.1	iML1515.b3885	27.6	105	73	2	80	183	80	182	2.48e-05	43.1
WP_228941715.1	iYS854.USA300HOU_RS13590	39.8	186	110	2	24	209	45	228	3.47e-45	150
WP_228941715.1	iCN900.CD630_03450	32.1	209	126	2	1	209	1	193	3.92e-41	140
WP_228941715.1	iYS854.USA300HOU_RS04985	35.4	192	121	1	19	210	6	194	2.56e-40	137
WP_228941716.1	iSSON_1240.SSON_2511	30.6	222	129	7	347	554	17	227	1.94e-14	74.7
WP_228941716.1	STM_v1_0.STM2441	30.6	222	129	7	347	554	17	227	3.47e-14	73.9
WP_228941716.1	iML1515.b2422	30.2	222	130	7	347	554	17	227	6.19e-14	73.2
WP_228941716.1	iSDY_1059.SDY_2618	30.2	222	130	7	347	554	17	227	6.19e-14	73.2
WP_228941716.1	iYL1228.KPN_02770	29.7	222	131	7	347	554	17	227	1.10e-13	72.4
WP_228941716.1	iAF987.Gmet_2439	29.3	242	127	7	4	236	6	212	1.48e-13	70.5
WP_228941716.1	iSbBS512_1146.SbBS512_E2794	29.7	222	131	7	347	554	17	227	4.67e-13	70.5
WP_228941716.1	iLJ478.TM0124	26.1	222	115	4	4	219	4	182	1.24e-13	70.5
WP_228941716.1	iAF692.Mbar_A2149	30.1	226	123	8	4	222	4	201	1.25e-12	69.7
WP_228941716.1	STM_v1_0.STM2862	30.3	221	121	8	4	219	8	200	4.81e-13	69.3
WP_228941716.1	iNF517.LLMG_RS09915	29.4	221	125	8	347	551	20	225	5.90e-13	68.6
WP_228941716.1	iJN1463.PP_0118	32.1	234	105	9	4	231	8	193	9.56e-13	68.2
WP_228941717.1	iEK1008.Rv0125	33.1	302	167	10	116	406	58	335	1.46e-27	112
WP_228941718.1	iEK1008.Rv0166	40.5	516	279	12	23	526	30	529	6.27e-100	312
WP_228941719.1	iJN1463.PP_4219	33.9	602	345	19	28	586	508	1099	4.80e-61	231
WP_228941719.1	iEK1008.Rv2380c	34.4	596	342	21	23	584	439	1019	1.10e-60	229
WP_228941721.1	iML1515.b3885	32.7	110	62	3	96	200	84	186	1.30e-06	47.0
WP_228941722.1	iEK1008.Rv3441c	59.6	446	173	5	6	447	2	444	3.87e-155	447
WP_228941723.1	iEK1008.Rv3436c	62.6	625	222	5	1	614	1	624	9.58e-273	759
WP_228941724.1	iJN1463.PP_0597	54.9	497	218	5	8	500	1	495	1.53e-184	525
WP_228941724.1	iCN718.ABAYE_RS06910	52.0	488	231	3	2	487	19	505	5.79e-173	497
WP_228941724.1	iYL1228.KPN_04670	50.1	485	237	2	8	487	1	485	1.60e-167	482
WP_228941724.1	iEK1008.Rv0753c	52.0	506	230	4	11	503	5	510	4.36e-167	481
WP_228941724.1	STM_v1_0.STM4421	49.7	485	239	2	8	487	1	485	6.85e-164	473
WP_228941725.1	iML1515.b4167	30.6	428	244	12	51	439	64	477	2.25e-23	102
WP_228941726.1	iEK1008.Rv3423c	49.6	371	180	4	17	382	37	405	2.89e-99	301
WP_228941727.1	iJN1463.PP_1380	27.2	254	153	10	80	330	17	241	2.34e-06	48.1
WP_228941732.1	iEK1008.Rv2259	69.6	369	102	3	2	370	3	361	3.04e-177	496
WP_228941733.1	iCN900.CD630_27420	31.9	188	115	6	31	208	14	198	3.75e-22	89.4
WP_228941733.1	iEK1008.Rv2581c	34.7	190	104	6	39	208	24	213	1.16e-20	85.9
WP_228941734.1	iAF692.Mbar_A1503	23.6	161	120	2	52	209	14	174	2.58e-05	44.7
WP_228941742.1	iML1515.b3566	37.1	313	181	8	46	352	28	330	6.31e-49	167
WP_228941742.1	iSF_1195.SF3610	36.7	313	182	8	46	352	28	330	1.74e-48	166
WP_228941742.1	iPC815.YPO4037	36.7	313	182	8	46	352	28	330	9.71e-48	164
WP_228941742.1	iSbBS512_1146.SbBS512_E3956	36.4	313	176	8	46	352	40	335	8.14e-47	162
WP_228941742.1	iYL1228.KPN_03930	34.8	313	188	8	46	352	10	312	1.02e-44	155
WP_228941743.1	iEK1008.Rv1173	66.7	851	254	9	18	863	26	852	0.0	1089
WP_228941744.1	iAF692.Mbar_A0254	27.2	250	166	5	1	249	1	235	1.79e-19	87.4
WP_228941745.1	iCN718.ABAYE_RS04670	39.2	329	191	3	20	341	39	365	2.25e-70	224
WP_228941746.1	iHN637.CLJU_RS10530	25.3	356	234	8	32	368	35	377	2.39e-17	84.0
WP_228941746.1	iHN637.CLJU_RS02325	23.2	440	292	12	32	452	35	447	2.38e-16	80.9
WP_228941746.1	iHN637.CLJU_RS02330	25.0	344	229	6	17	344	20	350	1.79e-15	78.2
WP_228941746.1	iEK1008.Rv2320c	26.7	345	224	7	16	341	29	363	1.83e-15	78.2
WP_228941753.1	iEK1008.Rv0957	64.3	526	179	4	3	526	5	523	5.52e-229	640
WP_228941755.1	iEK1008.Rv3356c	70.4	280	83	0	1	280	1	280	3.54e-132	375
WP_228941758.1	iML1515.b0875	48.5	229	110	4	29	254	3	226	1.43e-54	179
WP_228941758.1	iSF_1195.SF0832	48.5	229	110	4	29	254	3	226	1.43e-54	179
WP_228941758.1	iYL1228.KPN_00909	47.1	227	116	3	29	254	3	226	5.63e-54	177
WP_228941758.1	iSbBS512_1146.SbBS512_E2456	48.0	229	111	4	29	254	3	226	2.21e-53	176
WP_228941758.1	iSynCJ816.SGL_RS08525	47.2	233	111	6	29	251	2	232	2.15e-51	171
WP_228941759.1	iJN1463.PP_4012	67.5	735	237	2	4	736	7	741	0.0	966
WP_228941759.1	iAF987.Gmet_1359	62.5	734	271	2	1	730	1	734	0.0	895
WP_228941760.1	iEK1008.Rv1348	33.7	534	306	13	72	579	333	844	2.54e-48	186
WP_228941760.1	iPC815.YPO3144	32.2	482	315	5	95	572	95	568	1.92e-45	174
WP_228941765.1	iSynCJ816.SGL_RS12975	25.0	372	252	6	1	347	32	401	2.90e-28	113
WP_228941766.1	iEK1008.Rv1492	39.3	595	294	19	32	588	15	580	6.97e-78	258
WP_228941767.1	iEK1008.Rv1493	71.5	743	184	4	6	725	10	747	0.0	1014
WP_228941768.1	iMM1415.109136	42.4	335	177	4	5	329	83	411	8.98e-70	223
WP_228941768.1	iCHOv1.100772148	41.8	335	179	4	5	329	88	416	2.03e-69	223
WP_228941768.1	iML1515.b2918	48.2	280	132	4	8	283	7	277	3.82e-69	219
WP_228941769.1	iSynCJ816.SGL_RS15740	40.0	375	216	7	27	396	14	384	5.38e-78	246
WP_228941770.1	iNF517.LLMG_RS04060	37.4	500	296	4	1	495	1	488	6.78e-108	330
WP_228941770.1	iYO844.BSU35940	37.3	482	294	4	1	481	1	475	6.13e-106	325
WP_228941770.1	STM_v1_0.STM3882	38.9	506	276	6	3	495	5	490	8.63e-105	322
WP_228941770.1	iML1515.b3749	38.5	494	295	4	3	495	5	490	1.22e-104	322
WP_228941770.1	iYL1228.KPN_04154	38.4	497	291	5	3	495	5	490	7.53e-103	317
WP_228941770.1	iYL1228.KPN_03931	39.6	497	287	9	3	490	5	497	2.59e-100	311
WP_228941770.1	iPC815.YPO3964	37.0	500	304	6	3	499	7	498	3.07e-100	311
WP_228941770.1	iLJ478.TM0115	38.1	506	292	6	3	496	15	511	1.75e-99	309
WP_228941770.1	iSbBS512_1146.SbBS512_E3955	38.2	497	294	9	3	490	5	497	4.02e-99	308
WP_228941770.1	iML1515.b3567	38.2	497	294	9	3	490	5	497	5.67e-99	308
WP_228941770.1	iSF_1195.SF3611	38.0	497	295	9	3	490	5	497	1.13e-98	307
WP_228941770.1	iHN637.CLJU_RS00620	36.1	496	295	7	3	489	6	488	1.17e-97	304
WP_228941770.1	iLJ478.TM0956	37.7	493	297	6	3	490	13	500	1.28e-96	302
WP_228941770.1	iPC815.YPO2256	36.2	495	307	4	3	495	20	507	1.28e-96	302
WP_228941770.1	iPC815.YPO3907	38.6	492	278	8	3	484	5	482	3.66e-95	297
WP_228941771.1	iYL1228.KPN_04624	29.3	300	171	8	110	393	60	334	2.21e-12	67.4
WP_228941771.1	iSSON_1240.SSON_4411	28.5	295	180	8	110	393	60	334	3.03e-11	63.9
WP_228941771.1	iSbBS512_1146.SbBS512_E4854	26.9	294	186	7	110	393	60	334	1.29e-10	62.0
WP_228941771.1	iML1515.b4230	27.0	296	183	8	110	393	60	334	1.73e-10	61.6
WP_228941771.1	iYL1228.KPN_04155	30.0	250	142	10	141	377	82	311	1.54e-10	61.6
WP_228941771.1	iSF_1195.SF4261	27.0	296	183	8	110	393	60	334	1.73e-10	61.6
WP_228941772.1	iJN1463.PP_4842	29.4	143	92	3	280	421	343	477	2.25e-04	43.1
WP_228941776.1	iEK1008.Rv3409c	60.7	578	217	6	1	571	1	575	9.24e-241	674
WP_228941782.1	iCHOv1.100771604	31.2	77	52	1	157	233	189	264	3.36e-06	46.6
WP_228941783.1	iCN900.CD630_00490	42.2	592	294	13	3	583	1	555	1.43e-136	409
WP_228941783.1	iAF987.Gmet_1354	42.5	574	301	11	3	574	1	547	3.47e-134	403
WP_228941783.1	iSbBS512_1146.SbBS512_E0188	41.1	601	313	15	3	592	1	571	1.43e-127	386
WP_228941783.1	iSF_1195.SF0185	41.1	601	313	15	3	592	1	571	1.43e-127	386
WP_228941783.1	iSSON_1240.SSON_0208	41.1	601	313	15	3	592	1	571	1.43e-127	386
WP_228941783.1	iSynCJ816.SGL_RS09270	40.8	622	313	15	3	593	1	598	5.09e-127	385
WP_228941783.1	iSDY_1059.SDY_0213	40.8	601	315	14	3	592	1	571	2.86e-127	385
WP_228941783.1	iCN718.ABAYE_RS03855	40.5	595	322	12	3	589	1	571	7.80e-127	384
WP_228941783.1	STM_v1_0.STM0242	40.4	597	323	13	3	592	1	571	1.13e-126	384
WP_228941783.1	iYL1228.KPN_00208	40.3	601	318	15	3	592	1	571	3.19e-126	382
WP_228941783.1	iJN1463.PP_1205	39.8	598	324	11	3	592	1	570	3.44e-125	380
WP_228941783.1	iYS854.USA300HOU_RS06365	39.4	584	324	12	3	584	1	556	3.06e-125	380
WP_228941783.1	iNF517.LLMG_RS12095	37.5	638	319	12	3	587	1	611	5.12e-124	378
WP_228941783.1	iLJ478.TM0514	39.1	573	321	8	3	574	1	546	1.81e-123	375
WP_228941788.1	iEK1008.Rv2870c	58.8	371	137	1	4	358	12	382	8.35e-139	400
WP_228941789.1	iEK1008.Rv2589	64.7	439	145	2	21	449	4	442	5.84e-193	543
WP_228941790.1	iAF987.Gmet_0902	32.4	398	252	8	2	396	3	386	3.92e-55	186
WP_228941792.1	iJN1463.PP_3146	33.0	391	226	14	38	417	20	385	1.20e-29	120
WP_228941792.1	iYL1228.KPN_01017	32.4	410	238	16	28	426	7	388	5.32e-29	118
WP_228941792.1	iJN1463.PP_5273	30.9	404	229	16	41	426	23	394	1.41e-28	117
WP_228941793.1	iYL1228.KPN_01130	36.9	244	150	3	47	289	17	257	1.46e-45	154
WP_228941793.1	iML1515.b1124	35.7	244	153	3	47	289	17	257	6.81e-44	150
WP_228941793.1	iSbBS512_1146.SbBS512_E2201	35.7	244	153	3	47	289	17	257	6.81e-44	150
WP_228941793.1	iSF_1195.SF1126	35.7	244	153	3	47	289	17	257	6.81e-44	150
WP_228941793.1	iSSON_1240.SSON_1142	35.7	244	153	3	47	289	17	257	6.81e-44	150
WP_228941793.1	iSDY_1059.SDY_2028	35.7	244	153	3	47	289	17	257	9.58e-44	149
WP_228941793.1	STM_v1_0.STM1223	35.7	244	153	3	47	289	17	257	1.29e-42	146
WP_228941793.1	iCN900.CD630_10260	33.9	236	148	5	49	281	2	232	2.50e-41	142
WP_228941793.1	iML1515.b0857	35.7	238	146	4	38	269	13	249	2.67e-40	141
WP_228941793.1	iSbBS512_1146.SbBS512_E2474	35.7	238	146	4	38	269	13	249	2.67e-40	141
WP_228941793.1	iSDY_1059.SDY_0738	35.7	238	146	4	38	269	13	249	2.67e-40	141
WP_228941793.1	iYL1228.KPN_00888	35.0	240	146	5	36	269	14	249	1.04e-39	139
WP_228941793.1	iSF_1195.SF0811	35.7	238	146	4	38	269	13	249	1.04e-39	139
WP_228941794.1	iYL1228.KPN_01131	36.9	260	161	2	46	304	18	275	3.43e-48	162
WP_228941794.1	STM_v1_0.STM0879	34.7	262	159	3	45	294	38	299	1.56e-47	161
WP_228941794.1	iML1515.b1125	37.2	258	159	2	46	302	8	263	7.32e-48	161
WP_228941794.1	iSDY_1059.SDY_2027	37.2	258	159	2	46	302	8	263	7.32e-48	161
WP_228941794.1	iSF_1195.SF1127	37.2	258	159	2	46	302	8	263	7.32e-48	161
WP_228941794.1	iSSON_1240.SSON_1143	37.2	258	159	2	46	302	8	263	7.32e-48	161
WP_228941794.1	STM_v1_0.STM1225	37.2	258	159	2	46	302	18	273	1.42e-47	160
WP_228941794.1	iPC815.YPO1333	34.8	273	166	3	38	298	35	307	4.78e-47	160
WP_228941794.1	iYL1228.KPN_00887	34.7	262	159	3	45	294	38	299	8.55e-47	159
WP_228941794.1	iSbBS512_1146.SbBS512_E1303	37.2	258	159	2	46	302	18	273	3.96e-47	159
WP_228941794.1	iSDY_1059.SDY_0739	34.4	262	160	3	45	294	38	299	8.55e-47	159
WP_228941794.1	iSbBS512_1146.SbBS512_E2475	34.4	262	160	3	45	294	38	299	3.34e-46	158
WP_228941794.1	iML1515.b0856	34.0	262	161	3	45	294	38	299	9.25e-46	157
WP_228941794.1	iSF_1195.SF0810	34.0	262	161	3	45	294	38	299	9.25e-46	157
WP_228941794.1	iSSON_1240.SSON_0841	33.6	262	162	3	45	294	38	299	1.83e-45	156
WP_228941794.1	iJN1463.PP_5178	32.7	275	173	3	45	307	27	301	2.74e-45	155
WP_228941794.1	iCN900.CD630_10250	35.5	256	157	4	39	293	7	255	8.00e-44	150
WP_228941795.1	iPC815.YPO1332	46.0	359	185	4	30	382	20	375	1.53e-95	290
WP_228941795.1	STM_v1_0.STM0878	44.6	359	190	4	30	382	20	375	2.48e-91	279
WP_228941795.1	iYL1228.KPN_00886	44.6	359	190	4	30	382	36	391	4.54e-90	276
WP_228941795.1	iLJ478.TM1376	41.2	362	206	4	32	387	8	368	2.12e-90	276
WP_228941795.1	iSF_1195.SF0809	44.3	359	191	4	30	382	47	402	1.78e-89	275
WP_228941795.1	iML1515.b0855	44.3	359	191	4	30	382	20	375	1.11e-89	275
WP_228941795.1	iSSON_1240.SSON_0840	44.3	359	191	4	30	382	47	402	2.51e-89	275
WP_228941795.1	iHN637.CLJU_RS10680	56.4	241	103	1	30	268	10	250	2.96e-89	274
WP_228941795.1	iSbBS512_1146.SbBS512_E2476	44.0	359	192	4	30	382	20	375	3.53e-88	271
WP_228941795.1	iSDY_1059.SDY_0740	44.0	359	192	4	30	382	20	375	3.53e-88	271
WP_228941795.1	iCN900.CD630_10240	56.2	242	104	2	30	269	6	247	3.97e-88	270
WP_228941795.1	iJN1463.PP_5179	42.9	366	186	5	30	382	23	378	8.67e-87	268
WP_228941795.1	iYL1228.KPN_01132	45.9	327	171	3	30	353	18	341	9.15e-86	265
WP_228941795.1	iJN1463.PP_1484	42.0	362	180	4	30	386	5	341	1.26e-85	263
WP_228941795.1	iSbBS512_1146.SbBS512_E1304	45.9	327	171	3	30	353	18	341	1.45e-84	262
WP_228941795.1	iSDY_1059.SDY_2026	45.9	327	171	3	30	353	18	341	1.45e-84	262
WP_228941795.1	iSSON_1240.SSON_1144	45.9	327	171	3	30	353	18	341	1.45e-84	262
WP_228941795.1	iML1515.b1126	45.9	327	171	3	30	353	18	341	2.05e-84	261
WP_228941795.1	iSF_1195.SF1128	45.9	327	171	3	30	353	18	341	2.05e-84	261
WP_228941796.1	iCN900.CD630_10270	27.0	315	207	8	58	369	30	324	1.12e-26	108
WP_228941797.1	iJN1463.PP_4020	31.8	384	226	11	3	374	37	396	3.22e-31	123
WP_228941797.1	iJN1463.PP_3146	29.8	383	249	11	3	379	35	403	7.42e-27	111
WP_228941800.1	iYS854.USA300HOU_RS11010	25.8	345	201	13	69	394	4	312	2.44e-09	58.2
WP_228941864.1	iJN1463.PP_1674	41.5	205	117	3	3	207	14	215	1.30e-47	155
WP_228941866.1	iSynCJ816.SGL_RS12975	32.4	373	241	8	3	367	39	408	9.94e-56	187
WP_228941866.1	iLB1027_lipid.PHATRDRAFT_50356	33.8	358	218	7	9	349	79	434	9.62e-49	171
WP_228941870.1	iJN1463.PP_1680	34.2	73	48	0	78	150	85	157	1.59e-05	43.1
WP_228941883.1	iSynCJ816.SGL_RS18145	31.1	61	41	1	23	82	80	140	2.12e-07	46.2
WP_228941883.1	iEK1008.Rv3116	32.9	79	46	4	23	94	302	380	1.34e-05	42.0
WP_228941887.1	iCN718.ABAYE_RS19010	42.6	61	32	2	348	406	53	112	3.62e-04	42.0
WP_228941907.1	iEK1008.Rv3265c	32.3	220	115	9	34	231	25	232	3.20e-13	71.2
WP_228941908.1	iEK1008.Rv3261	55.7	327	135	4	3	325	2	322	3.66e-121	351
WP_228941909.1	iEK1008.Rv3262	54.2	236	93	3	15	240	19	249	1.97e-59	196
WP_228941912.1	iJN1463.PP_1778	24.9	233	147	7	40	254	7	229	1.20e-11	63.5
WP_228941913.1	iEK1008.Rv3808c	37.9	667	353	14	30	681	8	628	6.98e-138	418
WP_228941914.1	iEK1008.Rv3782	30.5	279	162	9	16	277	3	266	1.08e-15	75.9
WP_228941915.1	iYS854.USA300HOU_RS12505	22.3	229	138	6	176	396	61	257	6.34e-09	57.0
WP_228941916.1	iYS854.USA300HOU_RS12505	33.3	183	104	8	162	338	62	232	2.89e-20	90.5
WP_228941916.1	iYS854.USA300HOU_RS06935	33.0	185	103	6	155	334	76	244	3.19e-19	87.8
WP_228941926.1	iEK1008.Rv3279c	42.7	255	123	9	33	281	29	266	3.22e-38	135
WP_228941928.1	iAF987.Gmet_1706	32.4	108	68	2	15	119	6	111	4.79e-12	64.3
WP_228941928.1	iAF987.Gmet_2999	27.0	115	81	1	10	121	8	122	3.71e-10	58.9
WP_228941929.1	iYO844.BSU03070	25.2	408	293	7	31	432	15	416	4.35e-30	122
WP_228941931.1	iJN1463.PP_0936	35.3	201	120	4	5	204	6	197	1.24e-19	82.4
WP_228941931.1	iML1515.b3248	34.6	185	112	2	5	189	6	181	6.12e-18	77.8
WP_228941933.1	iAF987.Gmet_2465	23.9	439	285	9	20	444	10	413	4.15e-25	107
WP_228941934.1	iEK1008.Rv2500c	55.7	404	165	4	1	401	1	393	4.93e-152	435
WP_228941937.1	iEK1008.Rv2967c	70.8	1131	325	2	1	1131	1	1126	0.0	1542
WP_228941944.1	iSynCJ816.SGL_RS03350	35.3	207	131	3	4	208	5	210	1.59e-27	104
WP_228941944.1	iLB1027_lipid.PHATRDRAFT_12588	37.7	215	110	6	4	204	1	205	8.08e-27	101
WP_228941944.1	iAT_PLT_636.3162	33.7	208	128	5	4	204	13	217	1.70e-24	97.4
WP_228941944.1	iSynCJ816.SGL_RS10385	32.4	210	135	4	1	204	1	209	3.25e-24	95.9
WP_228941944.1	iAT_PLT_636.3163	34.0	209	132	5	1	204	84	291	2.67e-23	95.5
WP_228941945.1	iYO844.BSU39780	33.4	305	191	6	26	326	11	307	6.97e-47	160
WP_228941945.1	iYO844.BSU09530	34.4	305	188	7	26	324	11	309	8.47e-41	145
WP_228941947.1	iEK1008.Rv3308	44.4	518	254	9	16	518	6	504	5.84e-122	369
WP_228941948.1	iCHOv1.100750675	44.3	282	142	3	51	322	34	310	3.86e-62	200
WP_228941949.1	iYO844.BSU19310	46.3	471	239	6	21	478	16	485	8.59e-134	395
WP_228941949.1	iMM904.YER073W	45.7	466	237	7	26	478	45	507	9.72e-131	388
WP_228941949.1	iMM1415.19378	44.8	482	247	9	13	478	27	505	4.82e-122	366
WP_228941949.1	iMM904.YOR374W	44.2	471	238	8	26	478	46	509	1.98e-121	364
WP_228941949.1	iMM1415.11669	45.9	468	235	8	27	478	41	506	8.89e-120	360
WP_228941949.1	iYS854.USA300HOU_RS00890	42.9	478	246	8	21	478	9	479	3.40e-119	358
WP_228941949.1	iCHOv1.100768367	44.6	473	234	9	27	478	50	515	1.31e-118	357
WP_228941949.1	iMM1415.72535	45.6	472	231	8	27	478	41	506	1.00e-118	357
WP_228941953.1	STM_v1_0.STM0353	50.7	663	316	4	105	763	95	750	1.19e-195	573
WP_228941953.1	iSynCJ816.SGL_RS05435	50.4	625	295	7	143	760	125	741	1.02e-183	542
WP_228941953.1	iSDY_1059.SDY_0434	47.7	650	326	5	111	759	191	827	3.04e-179	534
WP_228941953.1	STM_v1_0.STM0498	47.7	650	326	5	111	759	190	826	4.17e-179	533
WP_228941953.1	iYO844.BSU33500	45.6	669	342	9	96	760	149	799	6.53e-179	532
WP_228941953.1	iSF_1195.SF0429	47.7	650	326	5	111	759	191	827	3.39e-178	531
WP_228941953.1	iML1515.b0484	47.5	650	327	5	111	759	191	827	2.67e-177	529
WP_228941953.1	iSbBS512_1146.SbBS512_E0419	47.7	650	326	5	111	759	191	827	2.67e-177	529
WP_228941953.1	iSSON_1240.SSON_0473	47.5	650	327	5	111	759	191	827	1.06e-176	527
WP_228941953.1	iYL1228.KPN_00464	45.6	678	352	6	86	759	180	844	2.16e-174	522
WP_228941954.1	iEK1008.Rv3276c	56.2	363	155	1	1	359	31	393	1.60e-129	377
WP_228941955.1	iYO844.BSU03070	28.0	339	231	3	20	349	14	348	1.72e-31	126
WP_228941958.1	iEK1008.Rv0202c	34.6	561	326	14	218	762	181	716	3.44e-54	202
WP_228941960.1	STM_v1_0.STM1884	56.9	188	81	0	35	222	22	209	1.68e-63	196
WP_228941960.1	iPC815.YPO2067	55.3	188	84	0	35	222	22	209	6.77e-63	194
WP_228941960.1	iSDY_1059.SDY_1136	54.0	200	92	0	23	222	10	209	9.59e-63	194
WP_228941960.1	iML1515.b1850	54.0	200	92	0	23	222	10	209	1.93e-62	193
WP_228941960.1	iSbBS512_1146.SbBS512_E2125	54.0	200	92	0	23	222	10	209	1.93e-62	193
WP_228941960.1	iSF_1195.SF1860	54.0	200	92	0	23	222	10	209	1.93e-62	193
WP_228941960.1	iSSON_1240.SSON_1298	54.0	200	92	0	23	222	10	209	1.93e-62	193
WP_228941960.1	iYL1228.KPN_02365	55.0	189	84	1	35	222	22	210	1.16e-58	184
WP_228941961.1	iCN718.ABAYE_RS16325	60.0	627	224	4	20	645	5	605	1.30e-251	707
WP_228941961.1	iJN1463.PP_1010	60.3	627	222	4	19	645	1	600	2.37e-247	696
WP_228941961.1	iPC815.YPO2533	59.6	627	241	4	19	642	3	620	3.51e-241	681
WP_228941961.1	iML1515.b1851	59.5	625	227	5	19	643	1	599	8.66e-239	674
WP_228941961.1	iSF_1195.SF1861	59.5	625	227	5	19	643	1	599	1.74e-238	673
WP_228941961.1	iSDY_1059.SDY_1137	59.4	625	228	5	19	643	1	599	2.47e-238	672
WP_228941961.1	iSbBS512_1146.SbBS512_E2126	59.4	625	228	5	19	643	1	599	7.02e-238	671
WP_228941961.1	STM_v1_0.STM1885	58.9	625	231	5	19	643	1	599	4.02e-237	669
WP_228941961.1	iSSON_1240.SSON_1297	59.2	625	229	5	19	643	1	599	1.62e-236	668
WP_228941961.1	iYL1228.KPN_02366	59.7	618	223	5	26	643	4	595	9.28e-235	663
WP_228941962.1	iJN1463.PP_5351	51.7	493	216	7	34	523	10	483	5.21e-166	479
WP_228941962.1	iJN1463.PP_1022	46.0	500	251	6	27	523	2	485	1.35e-151	442
WP_228941962.1	STM_v1_0.STM1886	45.9	503	254	6	26	525	2	489	7.53e-149	435
WP_228941962.1	iAF987.Gmet_2619	45.9	495	254	8	38	527	16	501	4.25e-148	434
WP_228941963.1	iAF987.Gmet_1639	32.3	251	150	7	189	423	69	315	6.07e-23	98.6
WP_228941963.1	iYO844.BSU24850	28.9	246	161	4	191	423	67	311	1.10e-20	92.0
WP_228941963.1	iLJ478.TM1469	26.9	309	205	6	131	422	6	310	1.04e-20	92.0
WP_228941964.1	iCN718.ABAYE_RS07365	62.4	800	282	4	20	818	3	784	0.0	1011
WP_228941964.1	iJN1463.PP_2082	62.5	792	278	4	28	818	11	784	0.0	1002
WP_228941964.1	iPC815.YPO2409	61.8	803	288	4	16	818	5	788	0.0	996
WP_228941964.1	STM_v1_0.STM1349	61.5	802	290	4	17	818	5	787	0.0	995
WP_228941964.1	iSbBS512_1146.SbBS512_E1905	61.5	802	290	4	17	818	5	787	0.0	995
WP_228941964.1	iYL1228.KPN_02160	61.8	802	287	6	17	818	5	787	0.0	993
WP_228941964.1	iML1515.b1702	61.2	802	292	4	17	818	5	787	0.0	991
WP_228941964.1	iSF_1195.SF1528	61.2	802	292	4	17	818	5	787	0.0	991
WP_228941964.1	iSSON_1240.SSON_1457	61.2	802	292	4	17	818	5	787	0.0	991
WP_228941964.1	iSDY_1059.SDY_1794	61.1	802	293	4	17	818	5	787	0.0	989
WP_228941967.1	iEK1008.Rv3823c	34.9	229	122	6	454	674	825	1034	1.99e-20	96.3
WP_228941967.1	iEK1008.Rv0202c	26.1	471	308	9	238	674	237	701	1.69e-19	93.2
WP_228941969.1	iEK1008.Rv0018c	34.6	454	237	9	1	431	1	417	6.56e-66	220
WP_228941970.1	iML1515.b0089	28.5	376	230	8	83	442	45	397	6.46e-28	114
WP_228941970.1	iJN1463.PP_1336	29.6	371	216	11	92	442	31	376	1.25e-26	110
WP_228941971.1	iYS854.USA300HOU_RS06130	38.3	256	147	2	17	268	9	257	2.75e-45	169
WP_228941972.1	iYS854.USA300HOU_RS06130	27.6	583	374	12	8	555	5	574	6.69e-53	192
WP_228941973.1	iHN637.CLJU_RS05215	23.4	209	136	8	94	292	42	236	1.96e-05	44.7
WP_228941976.1	iMM904.YML059C	23.6	182	123	4	1	182	1388	1553	4.56e-08	53.5
WP_228941990.1	iYL1228.KPN_02428	34.5	203	90	8	6	172	92	287	3.70e-25	107
WP_228941999.1	iAF987.Gmet_0662	48.1	52	25	2	56	107	9	58	2.80e-05	44.7
WP_228941999.1	iHN637.CLJU_RS02400	46.2	39	21	0	56	94	9	47	3.50e-05	44.3
WP_228941999.1	iHN637.CLJU_RS11570	43.6	39	22	0	56	94	9	47	8.45e-05	43.1
WP_228941999.1	iAF692.Mbar_A0171	41.0	39	23	0	56	94	9	47	4.76e-04	40.8
WP_228942002.1	iEK1008.Rv3913	59.5	321	126	3	10	329	15	332	7.41e-121	351
WP_228942004.1	iYS854.USA300HOU_RS06130	24.8	165	118	2	8	166	3	167	4.18e-07	53.1
WP_228942005.1	iJN1463.PP_0601	26.7	405	263	9	61	456	3	382	7.29e-22	99.0
WP_228942005.1	iML1515.b1069	25.9	406	265	9	61	456	3	382	1.27e-20	95.1
WP_228942005.1	iSbBS512_1146.SbBS512_E2257	25.9	406	265	9	61	456	3	382	1.70e-20	94.7
WP_228942005.1	iSDY_1059.SDY_2083	25.9	406	265	9	61	456	3	382	1.70e-20	94.7
WP_228942005.1	iSF_1195.SF1075	25.9	406	265	9	61	456	3	382	1.70e-20	94.7
WP_228942005.1	iSSON_1240.SSON_1089	25.9	406	265	9	61	456	3	382	1.70e-20	94.7
WP_228942007.1	iEK1008.Rv0018c	40.0	240	125	9	162	391	8	238	1.90e-25	107
WP_228942008.1	iAF987.Gmet_0354	28.1	778	375	18	22	651	31	772	1.21e-57	211
WP_228942011.1	iYS854.USA300HOU_RS12240	23.1	438	226	9	15	383	6	401	4.60e-20	90.9
WP_228942013.1	iCN718.ABAYE_RS05795	48.1	52	26	1	6	57	6	56	5.55e-11	55.1
WP_228942013.1	iJN1463.PP_5315	46.3	54	28	1	1	54	1	53	1.74e-12	55.1
WP_228942013.1	iJN1463.PP_5371	48.2	56	26	2	6	59	6	60	2.66e-10	53.1
WP_228942015.1	iSynCJ816.SGL_RS02305	55.4	439	190	2	7	444	19	452	1.32e-154	446
WP_228942021.1	iLB1027_lipid.PHATRDRAFT_51454	41.2	165	78	4	43	198	1	155	2.62e-33	118
WP_228942023.1	STM_v1_0.STM2089	33.8	71	39	2	5	67	8	78	3.56e-04	41.2
WP_228942024.1	iEK1008.Rv2215	53.2	639	208	6	1	639	1	548	1.37e-156	461
WP_228942025.1	iYO844.BSU24060	40.2	473	265	6	8	464	3	473	7.07e-106	322
WP_228942025.1	iYO844.BSU14610	39.0	462	269	10	11	464	11	467	3.74e-95	295
WP_228942026.1	iEK1008.Rv2211c	59.7	372	141	5	25	394	15	379	1.32e-143	412
WP_228942029.1	iAF987.Gmet_2947	43.9	157	72	3	8	159	3	148	1.46e-35	121
WP_228942029.1	iJN1463.PP_5132	42.8	152	76	3	10	157	9	153	1.40e-32	114
WP_228942030.1	iAF987.Gmet_0043	29.8	245	145	7	452	679	32	266	8.35e-18	87.0
WP_228942031.1	iJN1463.PP_2765	33.0	115	71	2	81	190	89	202	6.47e-13	68.2
WP_228942034.1	iAF987.Gmet_1919	33.6	107	69	2	8	114	4	108	3.43e-10	58.5
WP_228942034.1	iAF987.Gmet_1706	31.4	118	75	4	7	122	1	114	2.16e-08	53.1
WP_228942036.1	STM_v1_0.STM2788	41.3	455	264	3	10	461	10	464	1.16e-105	325
WP_228942036.1	iJN1463.PP_1416	37.2	486	302	2	1	483	1	486	6.89e-94	294
WP_228942037.1	iEK1008.Rv2746c	45.3	192	93	1	3	194	14	193	4.65e-45	148
WP_228942039.1	iAF692.Mbar_A1916	25.7	378	240	16	225	592	213	559	1.55e-14	76.3
WP_228942040.1	iJN1463.PP_1628	41.6	154	89	1	8	160	2	155	6.01e-25	94.7
WP_228942044.1	iEK1008.Rv0535	56.6	258	110	2	7	263	8	264	8.39e-99	290
WP_228942045.1	iEK1008.Rv0536	60.4	351	133	3	1	350	1	346	9.95e-134	384
WP_228942047.1	iEK1008.Rv2051c	30.3	208	127	8	11	202	622	827	1.70e-13	68.6
WP_228942050.1	iCHOv1.100768542	27.3	165	80	6	274	404	228	386	3.29e-07	52.0
WP_228942050.1	iMM1415.211389	27.2	158	87	5	275	404	230	387	4.36e-07	51.6
WP_228942050.1	iAT_PLT_636.6821	27.3	165	80	6	274	404	235	393	1.02e-06	50.4
WP_228942052.1	iAF987.Gmet_1706	33.3	117	73	2	4	117	3	117	2.15e-16	76.3
WP_228942052.1	iAF987.Gmet_0069	38.6	114	65	2	4	112	5	118	2.48e-15	73.2
WP_228942052.1	iAF987.Gmet_1919	31.0	116	79	1	4	118	5	120	9.50e-14	68.9
WP_228942053.1	iAF987.Gmet_0043	24.3	259	159	7	153	405	43	270	8.33e-07	50.8
WP_228942055.1	iAF987.Gmet_1092	40.9	242	124	4	44	274	57	290	1.57e-60	194
WP_228942058.1	iEK1008.Rv2391	59.6	550	216	5	21	568	18	563	1.71e-236	663
WP_228942059.1	iYO844.BSU36900	44.6	457	202	5	23	478	8	414	6.96e-123	364
WP_228942059.1	iCN900.CD630_27260	47.2	411	182	4	23	432	9	385	4.33e-121	360
WP_228942059.1	iYL1228.KPN_02876	44.6	460	200	7	19	474	8	416	2.46e-118	353
WP_228942059.1	iLJ478.TM0720	45.7	457	198	8	22	474	8	418	1.36e-117	351
WP_228942059.1	iYS854.USA300HOU_RS11410	47.7	413	180	6	26	436	11	389	1.18e-117	351
WP_228942059.1	STM_v1_0.STM2555	46.7	426	188	5	19	440	8	398	1.97e-117	350
WP_228942059.1	iSynCJ816.SGL_RS04690	46.3	415	187	5	16	428	6	386	1.54e-116	348
WP_228942059.1	iEK1008.Rv1093	44.2	466	203	7	19	478	5	419	2.38e-115	345
WP_228942059.1	iML1515.b2551	47.4	420	182	6	19	434	8	392	5.04e-115	344
WP_228942059.1	iJN1463.PP_0322	45.8	421	191	5	37	454	26	412	5.04e-115	344
WP_228942059.1	iSbBS512_1146.SbBS512_E2916	47.4	420	182	6	19	434	8	392	5.04e-115	344
WP_228942059.1	iSDY_1059.SDY_2741	47.4	420	182	6	19	434	8	392	5.04e-115	344
WP_228942059.1	iSF_1195.SF2598	47.4	420	182	6	19	434	8	392	5.04e-115	344
WP_228942059.1	iSSON_1240.SSON_2634	47.4	420	182	6	19	434	8	392	5.04e-115	344
WP_228942059.1	iAF987.Gmet_1605	43.7	460	208	6	16	474	1	410	9.46e-115	343
WP_228942059.1	iEK1008.Rv0070c	45.0	462	196	8	23	477	12	422	9.37e-112	336
WP_228942059.1	iCN718.ABAYE_RS06300	44.7	459	201	9	19	474	7	415	2.06e-111	335
WP_228942059.1	iJN1463.PP_0671	46.8	417	184	6	19	432	8	389	2.91e-111	335
WP_228942059.1	iHN637.CLJU_RS05640	42.5	449	203	6	28	474	15	410	2.11e-110	332
WP_228942059.1	iPC815.YPO2907	45.1	426	195	5	19	440	8	398	3.28e-110	332
WP_228942064.1	iAF692.Mbar_A0576	30.9	275	173	10	4	263	7	279	1.71e-25	102
WP_228942067.1	iEK1008.Rv0886	49.8	594	245	13	1	572	1	563	2.89e-150	444
WP_228942068.1	iSynCJ816.SGL_RS08510	38.6	114	66	1	42	155	36	145	2.36e-17	79.3
WP_228942068.1	iLJ478.TM1415	27.9	197	131	4	43	239	6	191	1.31e-16	76.6
WP_228942069.1	iEK1008.Rv2612c	41.9	191	103	2	6	191	9	196	1.39e-37	129
WP_228942076.1	iEK1008.Rv2604c	62.3	199	67	3	1	196	1	194	1.15e-75	225
WP_228942080.1	iSynCJ816.SGL_RS09235	49.1	169	85	1	16	184	3	170	6.72e-51	161
WP_228942080.1	iYO844.BSU27610	50.9	169	80	1	16	184	3	168	5.88e-49	156
WP_228942080.1	iNF517.LLMG_RS03160	50.9	165	78	1	20	184	7	168	1.67e-48	155
WP_228942080.1	iCN900.CD630_27450	47.3	169	86	1	16	184	3	168	1.35e-47	152
WP_228942080.1	iPC815.YPO3123	54.4	147	64	1	20	166	19	162	4.53e-47	152
WP_228942080.1	iAF987.Gmet_1422	49.4	172	84	1	14	185	2	170	1.13e-46	150
WP_228942080.1	iML1515.b0469	47.9	167	84	1	16	182	11	174	4.60e-46	149
WP_228942080.1	iSbBS512_1146.SbBS512_E0401	47.9	167	84	1	16	182	11	174	4.60e-46	149
WP_228942080.1	iSDY_1059.SDY_0450	47.9	167	84	1	16	182	11	174	4.60e-46	149
WP_228942080.1	iSF_1195.SF0414	47.9	167	84	1	16	182	11	174	4.60e-46	149
WP_228942080.1	iSSON_1240.SSON_0456	47.9	167	84	1	16	182	11	174	4.60e-46	149
WP_228942080.1	iYS854.USA300HOU_RS08700	47.1	170	87	1	16	185	3	169	9.39e-46	148
WP_228942080.1	iYL1228.KPN_00451	49.1	163	80	1	16	178	11	170	3.71e-45	147
WP_228942080.1	iLJ478.TM1384	49.1	169	83	1	16	184	6	171	7.81e-45	145
WP_228942080.1	STM_v1_0.STM0483	47.6	166	84	1	16	181	11	173	1.49e-44	145
WP_228942082.1	iEK1008.Rv2936	34.5	319	172	6	6	302	12	315	5.83e-51	171
WP_228942084.1	iAF987.Gmet_1411	46.4	608	294	8	19	624	45	622	1.68e-189	549
WP_228942084.1	iCN900.CD630_05740	43.9	633	323	10	19	649	34	636	7.65e-181	527
WP_228942084.1	iLJ478.TM0740	43.1	629	325	9	21	646	34	632	4.29e-172	504
WP_228942092.1	iCN718.ABAYE_RS07930	75.5	428	101	2	2	426	96	522	1.29e-220	615
WP_228942093.1	iCN718.ABAYE_RS07935	54.5	468	184	6	1	444	1	463	1.58e-155	448
WP_228942094.1	iJN1463.PP_4552	35.1	77	46	1	202	274	32	108	2.31e-07	49.3
WP_228942095.1	iYO844.BSU03070	24.5	368	273	3	59	422	50	416	1.10e-16	82.0
WP_228942097.1	iPC815.YPO3141	43.8	283	149	4	12	287	4	283	3.23e-74	228
WP_228942097.1	iML1515.b0452	43.1	283	151	4	12	287	4	283	6.68e-71	220
WP_228942097.1	iSSON_1240.SSON_0440	43.1	283	151	4	12	287	4	283	6.68e-71	220
WP_228942097.1	iSbBS512_1146.SbBS512_E0379	43.1	283	151	4	12	287	4	283	1.34e-70	219
WP_228942097.1	iSF_1195.SF0397	43.1	283	151	4	12	287	4	283	1.34e-70	219
WP_228942097.1	iYL1228.KPN_00415	43.1	283	151	4	12	287	4	283	2.21e-69	216
WP_228942097.1	iSDY_1059.SDY_0389	43.0	279	151	3	15	287	7	283	3.03e-69	216
WP_228942097.1	iEK1008.Rv2605c	46.2	277	138	5	19	291	6	275	7.36e-69	214
WP_228942097.1	STM_v1_0.STM0464	44.0	284	141	6	15	287	7	283	1.71e-68	214
WP_228942099.1	iYO844.BSU11010	27.0	152	94	6	160	310	141	276	2.72e-06	48.5
WP_228942099.1	iSynCJ816.SGL_RS14710	28.9	228	132	9	95	310	96	305	5.61e-06	47.8
WP_228942100.1	iEK1008.Rv2682c	60.3	624	242	4	3	621	1	623	8.55e-261	730
WP_228942104.1	iML1515.b0331	30.5	269	158	10	5	255	6	263	1.03e-12	66.2
WP_228942104.1	iCN718.ABAYE_RS18820	30.9	265	152	10	13	255	8	263	2.55e-12	65.1
WP_228942104.1	iAF987.Gmet_1122	26.1	268	167	7	10	257	13	269	2.31e-11	62.4
WP_228942104.1	iJN1463.PP_2334	31.3	262	148	11	3	246	5	252	1.00e-10	60.5
WP_228942106.1	iAF692.Mbar_A1837	30.6	196	119	5	33	219	2	189	3.32e-21	89.4
WP_228942108.1	iAF987.Gmet_0069	28.9	190	109	4	4	169	5	192	8.87e-18	80.5
WP_228942108.1	iAF987.Gmet_1706	37.5	120	70	2	3	119	2	119	8.08e-16	75.1
WP_228942110.1	iEK1008.Rv2438c	68.8	680	209	3	4	682	1	678	0.0	913
WP_228942112.1	iYL1228.KPN_00869	28.3	364	223	14	83	427	23	367	5.85e-26	107
WP_228942114.1	iAM_Pv461.PVX_094985	45.2	281	145	2	14	285	156	436	2.04e-77	242
WP_228942114.1	iAM_Pc455.PCYB_082510	45.9	279	134	3	20	285	159	433	2.93e-76	240
WP_228942114.1	iAM_Pf480.PF3D7_1015300	45.8	275	140	2	20	285	223	497	2.28e-74	236
WP_228942114.1	iAM_Pb448.PBANKA_121370	44.0	277	140	3	20	285	189	461	1.62e-72	230
WP_228942114.1	iSynCJ816.SGL_RS16015	46.4	252	129	3	40	285	21	272	5.03e-72	222
WP_228942114.1	iSynCJ816.SGL_RS14865	47.9	238	123	1	49	285	13	250	2.61e-72	222
WP_228942120.1	iEK1008.Rv2228c	49.2	366	164	7	11	373	2	348	4.54e-96	291
WP_228942122.1	iEK1008.Rv3592	65.4	104	33	1	1	104	1	101	8.69e-43	135
WP_228942125.1	iYS854.USA300HOU_RS06130	24.3	247	174	5	25	264	16	256	7.04e-19	86.3
WP_228942126.1	iAF987.Gmet_1613	36.8	220	124	5	46	253	608	824	1.93e-34	132
WP_228942128.1	iEK1008.Rv2483c	28.8	229	154	3	541	765	36	259	1.13e-18	90.1
WP_228942131.1	iIS312.TCDM_10705	33.6	140	83	3	35	167	159	295	2.25e-21	88.2
WP_228942131.1	iPC815.YPO3064	35.5	138	80	3	18	149	5	139	1.21e-20	82.8
WP_228942132.1	iEK1008.Rv1427c	47.6	521	265	3	21	536	15	532	1.52e-151	444
WP_228942132.1	iEK1008.Rv0270	48.2	523	260	5	22	535	39	559	1.27e-145	430
WP_228942133.1	iSynCJ816.SGL_RS05665	43.7	414	227	3	10	422	8	416	3.39e-108	325
WP_228942133.1	iEK1008.Rv2245	45.2	414	213	6	11	421	14	416	6.14e-106	319
WP_228942133.1	iEK1008.Rv2246	44.7	414	217	6	11	421	34	438	1.72e-105	318
WP_228942133.1	iYO844.BSU11340	43.5	414	227	3	10	422	5	412	6.32e-105	316
WP_228942133.1	iAF987.Gmet_1603	43.1	411	226	4	10	418	3	407	4.60e-104	314
WP_228942133.1	iJN1463.PP_1916	43.2	412	228	3	8	418	3	409	1.04e-103	313
WP_228942133.1	STM_v1_0.STM1197	45.0	411	219	4	10	418	5	410	9.11e-102	308
WP_228942133.1	iSbBS512_1146.SbBS512_E2229	44.4	410	223	2	10	418	5	410	5.14e-101	306
WP_228942133.1	iYS854.USA300HOU_RS04880	43.8	411	222	4	10	418	6	409	1.50e-100	305
WP_228942133.1	iYL1228.KPN_01093	43.7	410	226	2	10	418	5	410	4.10e-100	304
WP_228942133.1	iCN900.CD630_11840	41.5	414	234	4	10	421	4	411	5.62e-100	303
WP_228942133.1	iHN637.CLJU_RS20760	42.3	409	227	4	10	416	4	405	1.12e-99	303
WP_228942133.1	iML1515.b1095	43.9	410	225	2	10	418	5	410	2.31e-99	302
WP_228942133.1	iSF_1195.SF1099	43.9	410	225	2	10	418	5	410	2.31e-99	302
WP_228942133.1	iSSON_1240.SSON_1115	43.9	410	225	2	10	418	5	410	3.27e-99	301
WP_228942133.1	iSDY_1059.SDY_2055	43.9	410	225	2	10	418	5	410	6.53e-99	301
WP_228942133.1	iPC815.YPO1601	43.8	411	224	4	10	418	5	410	5.20e-98	298
WP_228942134.1	iEK1008.Rv2247	64.8	472	159	3	10	478	6	473	7.48e-207	580
WP_228942138.1	iEK1008.Rv2225	59.9	252	101	0	2	253	30	281	5.57e-102	297
WP_228942140.1	iEK1008.Rv2241	64.8	898	305	6	6	901	1	889	0.0	1154
WP_228942141.1	iYS854.USA300HOU_RS06130	27.7	256	177	5	17	270	358	607	9.90e-21	92.0
WP_228942145.1	iAF987.Gmet_1676	35.0	183	112	4	47	224	38	218	2.33e-20	90.1
WP_228942145.1	iSbBS512_1146.SbBS512_E4408	27.5	178	126	2	47	221	41	218	1.65e-18	84.7
WP_228942145.1	iYO844.BSU09290	28.1	192	128	4	47	232	39	226	2.97e-18	84.0
WP_228942145.1	iYL1228.KPN_04011	27.5	178	126	2	47	221	41	218	5.51e-18	83.2
WP_228942145.1	STM_v1_0.STM4086	27.5	178	126	2	47	221	41	218	1.00e-17	82.4
WP_228942145.1	iML1515.b3926	27.0	178	127	2	47	221	41	218	1.36e-17	82.0
WP_228942145.1	iSDY_1059.SDY_3818	27.0	178	127	2	47	221	41	218	1.36e-17	82.0
WP_228942145.1	iSSON_1240.SSON_4095	27.0	178	127	2	47	221	48	225	1.38e-17	82.0
WP_228942145.1	iLJ478.TM0952	27.0	189	131	3	43	226	33	219	1.80e-17	81.6
WP_228942150.1	iLJ478.TM1469	34.1	320	196	5	16	328	6	317	8.08e-40	142
WP_228942150.1	iHN637.CLJU_RS10220	32.8	314	194	6	17	322	7	311	3.25e-39	140
WP_228942150.1	iEK1008.Rv0650	38.6	316	168	7	15	322	2	299	3.24e-38	137
WP_228942150.1	iAF987.Gmet_1639	31.9	313	204	5	16	323	8	316	1.51e-36	133
WP_228942150.1	iAF987.Gmet_2805	35.9	312	175	8	17	323	6	297	1.21e-35	130
WP_228942150.1	iYO844.BSU24850	31.4	315	201	7	16	323	6	312	3.99e-35	129
WP_228942151.1	iLJ478.TM1469	36.3	311	184	5	6	310	8	310	7.77e-53	175
WP_228942151.1	iYO844.BSU24850	37.5	312	183	5	6	312	8	312	2.05e-50	169
WP_228942151.1	iHN637.CLJU_RS10220	34.6	312	190	4	6	311	8	311	2.72e-46	158
WP_228942152.1	iMM904.YDL100C	26.9	327	202	11	8	307	25	341	9.66e-13	68.6
WP_228942164.1	iEK1008.Rv2193	55.7	192	73	2	1	192	24	203	1.89e-66	202
WP_228942166.1	iEK1008.Rv2200c	36.5	277	129	6	2	231	58	334	8.91e-48	161
WP_228942168.1	iEK1008.Rv2205c	42.2	367	180	6	1	356	1	346	7.52e-69	219
WP_228942168.1	iPC815.YPO3980	41.9	346	188	6	1	333	1	346	4.21e-63	205
WP_228942170.1	iAF987.Gmet_0043	26.4	276	177	8	169	433	6	266	4.61e-10	61.2
WP_228942172.1	iML1515.b3001	37.9	306	178	6	1	298	13	314	2.28e-60	196
WP_228942172.1	iSF_1195.SF3047	37.0	322	190	7	1	313	13	330	6.39e-60	195
WP_228942172.1	iSSON_1240.SSON_3145	37.0	322	190	7	1	313	13	330	6.39e-60	195
WP_228942172.1	iSbBS512_1146.SbBS512_E3430	37.0	322	190	7	1	313	13	330	1.79e-59	194
WP_228942172.1	iYL1228.KPN_02741	37.6	306	171	6	1	296	1	296	2.43e-55	182
WP_228942174.1	iPC815.YPO4068	49.3	661	292	8	14	659	6	638	3.43e-195	564
WP_228942174.1	iML1515.b3599	49.5	657	296	8	12	658	3	633	1.03e-192	558
WP_228942174.1	iSF_1195.SF3633	48.8	656	302	7	12	658	3	633	2.93e-192	556
WP_228942174.1	STM_v1_0.STM3685	48.9	656	301	7	12	658	3	633	4.29e-192	556
WP_228942174.1	iSbBS512_1146.SbBS512_E4016	48.8	656	302	7	12	658	3	633	4.15e-192	556
WP_228942174.1	iSSON_1240.SSON_3809	48.8	656	302	7	12	658	3	633	4.15e-192	556
WP_228942174.1	iYL1228.KPN_03942	49.2	657	298	9	12	658	3	633	1.42e-189	550
WP_228942178.1	iJN1463.PP_0793	39.7	564	309	12	8	554	398	947	9.25e-86	285
WP_228942179.1	iJN1463.PP_0794	35.4	291	175	6	2	289	4	284	2.44e-30	116
WP_228942179.1	STM_v1_0.STM2205	33.9	319	194	8	2	317	5	309	4.44e-28	110
WP_228942179.1	iML1515.b2168	33.5	319	195	8	2	317	5	309	2.28e-27	108
WP_228942179.1	iSDY_1059.SDY_2316	33.5	319	195	8	2	317	5	309	2.28e-27	108
WP_228942179.1	iSF_1195.SF2253	33.5	319	195	8	2	317	5	309	2.28e-27	108
WP_228942179.1	iSbBS512_1146.SbBS512_E0795	33.2	319	196	8	2	317	5	309	3.17e-27	108
WP_228942179.1	iYL1228.KPN_02599	34.4	291	178	7	2	289	5	285	8.43e-27	107
WP_228942179.1	iPC815.YPO1299	34.9	292	175	8	2	289	5	285	4.30e-26	105
WP_228942180.1	iYS854.USA300HOU_RS03780	37.2	145	89	2	1	144	3	146	3.65e-20	86.3
WP_228942180.1	iYO844.BSU14400	33.8	145	94	2	1	144	3	146	1.69e-19	84.3
WP_228942180.1	iNF517.LLMG_RS07900	36.8	144	89	2	1	143	3	145	4.27e-19	83.2
WP_228942181.1	iAT_PLT_636.7384	29.8	423	275	10	18	430	51	461	2.90e-46	166
WP_228942181.1	iMM1415.22273	27.6	410	278	7	18	419	51	449	5.25e-42	154
WP_228942186.1	iEK1008.Rv2505c	60.2	533	210	1	3	535	13	543	4.63e-232	649
WP_228942186.1	iJN1463.PP_4063	54.1	555	234	5	3	538	5	557	1.80e-210	595
WP_228942191.1	iYO844.BSU06370	36.7	461	257	8	17	470	4	436	3.98e-79	253
WP_228942191.1	iML1515.b3714	37.9	457	246	8	14	467	15	436	2.12e-76	246
WP_228942191.1	iSSON_1240.SSON_3558	37.9	457	246	8	14	467	15	436	2.98e-76	245
WP_228942191.1	iML1515.b3664	37.9	454	242	8	17	466	19	436	2.24e-75	243
WP_228942191.1	iSDY_1059.SDY_4199	37.6	457	247	8	14	467	15	436	3.23e-75	243
WP_228942191.1	iSF_1195.SF3746	37.6	457	247	8	14	467	15	436	4.54e-75	242
WP_228942191.1	iJN1463.PP_4653	37.2	457	251	8	14	468	2	424	3.38e-74	239
WP_228942191.1	iSbBS512_1146.SbBS512_E4208	37.2	457	249	8	14	467	15	436	7.46e-73	236
WP_228942191.1	iNF517.LLMG_RS09575	35.2	483	269	10	17	472	4	469	1.65e-71	234
WP_228942191.1	iCN900.CD630_21070	36.4	467	250	10	20	468	16	453	3.35e-70	230
WP_228942193.1	iYS854.USA300HOU_RS11805	23.5	378	278	7	14	388	3	372	4.22e-16	79.3
WP_228942195.1	iAM_Pv461.PVX_092460	34.6	182	100	7	194	360	926	1103	3.24e-07	52.4
WP_228942195.1	iAM_Pc455.PCYB_094280	33.5	182	102	7	194	360	771	948	2.92e-06	49.3
WP_228942195.1	iAM_Pb448.PBANKA_091170	31.3	227	127	10	160	361	699	921	6.72e-06	48.1
WP_228942203.1	STM_v1_0.STM4066	28.8	295	195	5	4	290	6	293	7.55e-19	84.7
WP_228942203.1	iYL1228.KPN_00516	28.7	268	178	8	1	257	1	266	1.87e-16	77.8
WP_228942204.1	iEK1008.Rv3913	35.9	329	189	7	236	562	8	316	3.92e-41	151
WP_228942204.1	iCN900.CD630_23560	33.1	326	192	5	242	561	4	309	8.92e-41	149
WP_228942204.1	iLJ478.TM0869	32.1	312	190	6	244	554	19	309	6.51e-40	147
WP_228942204.1	iAF692.Mbar_A2898	32.1	312	185	7	244	551	3	291	1.77e-37	140
WP_228942207.1	iAF987.Gmet_1820	47.0	249	131	1	21	268	1	249	3.50e-69	214
WP_228942207.1	iJN1463.PP_1138	40.4	250	147	1	21	268	5	254	1.54e-63	200
WP_228942210.1	iEK1008.Rv1399c	46.0	315	157	10	5	311	9	318	1.28e-64	206
WP_228942210.1	iEK1008.Rv1400c	45.8	277	144	4	40	311	44	319	6.53e-62	199
WP_228942210.1	iEK1008.Rv2970c	39.8	319	179	7	3	312	61	375	4.62e-60	196
WP_228942211.1	iYO844.BSU18260	46.3	376	200	1	1	374	1	376	3.53e-110	327
WP_228942211.1	iMM1415.11409	45.6	371	201	1	3	372	32	402	3.27e-105	315
WP_228942211.1	iAT_PLT_636.35	45.8	371	200	1	3	372	32	402	9.26e-105	314
WP_228942211.1	iCHOv1.100774097	45.0	371	203	1	3	372	32	402	1.31e-104	314
WP_228942211.1	iYO844.BSU24150	44.0	373	208	1	3	374	1	373	5.27e-104	311
WP_228942211.1	iYO844.BSU37170	44.8	375	206	1	1	374	1	375	1.49e-103	310
WP_228942211.1	iCN900.CD630_10540	43.7	373	208	2	1	372	1	372	1.16e-102	308
WP_228942211.1	iJN1463.PP_2216	42.6	371	212	1	5	374	3	373	1.24e-98	297
WP_228942213.1	iEK1008.Rv1933c	30.6	373	234	11	1	366	1	355	7.28e-33	125
WP_228942213.1	iAF987.Gmet_2198	29.0	379	250	7	1	366	1	373	2.50e-32	124
WP_228942216.1	iAF987.Gmet_2399	41.2	238	92	9	10	218	4	222	3.07e-40	138
WP_228942217.1	iNF517.LLMG_RS03890	28.4	141	97	1	13	149	8	148	9.76e-12	63.2
WP_228942217.1	iYS854.USA300HOU_RS07520	29.3	140	93	2	13	148	10	147	1.26e-11	62.8
WP_228942217.1	iYO844.BSU22750	26.0	146	104	1	8	149	3	148	3.96e-11	61.2
WP_228942218.1	iEK1008.Rv1023	74.8	424	106	1	1	423	1	424	5.69e-220	609
WP_228942219.1	iAF692.Mbar_A1776	26.1	329	173	13	25	299	13	325	1.95e-04	42.7
WP_228942220.1	iSynCJ816.SGL_RS14930	46.4	237	125	2	1	236	40	275	2.16e-66	207
WP_228942220.1	iSynCJ816.SGL_RS14865	44.1	236	131	1	1	236	16	250	4.33e-65	202
WP_228942229.1	iPC815.YPO3781	27.9	229	139	6	19	241	25	233	1.25e-09	57.0
WP_228942229.1	iML1515.b3833	27.7	231	141	6	17	241	23	233	4.21e-09	55.5
WP_228942229.1	iSbBS512_1146.SbBS512_E4305	27.7	231	141	6	17	241	23	233	4.21e-09	55.5
WP_228942229.1	iSDY_1059.SDY_3910	27.7	231	141	6	17	241	23	233	4.21e-09	55.5
WP_228942229.1	iSF_1195.SF3911	27.7	231	141	6	17	241	23	233	4.21e-09	55.5
WP_228942229.1	iSSON_1240.SSON_4008	27.7	231	141	6	17	241	23	233	4.21e-09	55.5
WP_228942229.1	STM_v1_0.STM3970	26.4	231	144	6	17	241	23	233	3.47e-08	52.8
WP_228942229.1	iYL1228.KPN_04329	26.8	231	143	6	17	241	23	233	6.33e-08	52.0
WP_228942229.1	iJN1463.PP_5011	24.9	249	160	6	19	262	30	256	6.54e-08	52.0
WP_228942230.1	iSynCJ816.SGL_RS08445	37.5	283	156	6	14	281	19	295	1.44e-40	149
WP_228942231.1	iYS854.USA300HOU_RS13900	29.2	500	327	10	4	484	3	494	1.83e-64	217
WP_228942232.1	iYL1228.KPN_03317	51.5	163	77	1	22	184	6	166	4.63e-55	173
WP_228942232.1	iML1515.b2889	52.8	163	75	1	22	184	6	166	2.48e-54	171
WP_228942232.1	iSDY_1059.SDY_3193	52.1	163	76	1	22	184	6	166	7.06e-54	170
WP_228942232.1	iSSON_1240.SSON_3042	52.1	163	76	1	22	184	6	166	7.06e-54	170
WP_228942232.1	iSbBS512_1146.SbBS512_E3308	52.1	163	76	1	22	184	6	166	1.00e-53	169
WP_228942232.1	iSF_1195.SF2875	52.1	163	76	1	22	184	6	166	1.42e-53	169
WP_228942232.1	STM_v1_0.STM3039	49.7	163	80	1	22	184	6	166	3.91e-53	168
WP_228942232.1	iEK1008.Rv1745c	50.3	159	76	2	22	179	14	170	6.45e-49	158
WP_228942234.1	iEK1008.Rv0386	29.8	121	71	2	116	223	964	1083	6.47e-07	49.3
WP_228942238.1	iYO844.BSU39780	30.5	295	171	5	13	275	10	302	5.20e-36	130
WP_228942239.1	iEK1008.Rv1844c	61.4	479	176	3	5	481	11	482	1.87e-209	587
WP_228942245.1	iJN1463.PP_2080	44.2	1609	852	16	35	1632	32	1605	0.0	1228
WP_228942245.1	iEK1008.Rv2476c	44.7	1615	785	31	63	1635	64	1612	0.0	1135
WP_228942246.1	iAF987.Gmet_2349	31.1	563	382	3	29	588	6	565	6.57e-79	259
WP_228942246.1	iYL1228.KPN_00941	32.3	533	348	7	63	588	49	575	3.39e-77	255
WP_228942246.1	STM_v1_0.STM0984	31.5	533	352	7	63	588	49	575	1.34e-75	251
WP_228942246.1	iJN1463.PP_4935	32.4	592	370	11	19	588	5	588	8.00e-75	249
WP_228942246.1	iML1515.b0914	31.1	533	354	7	63	588	49	575	3.78e-74	247
WP_228942246.1	iSbBS512_1146.SbBS512_E2410	31.1	533	354	7	63	588	49	575	3.78e-74	247
WP_228942246.1	iSDY_1059.SDY_2344	31.1	533	354	7	63	588	49	575	3.78e-74	247
WP_228942246.1	iSF_1195.SF0910	31.1	533	354	7	63	588	49	575	1.03e-73	246
WP_228942246.1	iSSON_1240.SSON_0916	31.1	533	354	7	63	588	49	575	1.03e-73	246
WP_228942246.1	iPC815.YPO1395	31.3	533	353	7	63	588	49	575	2.00e-73	245
WP_228942247.1	iAF987.Gmet_2349	34.7	524	340	2	78	601	46	567	1.03e-85	278
WP_228942247.1	iSDY_1059.SDY_1025	34.4	578	365	11	30	602	633	1201	1.11e-74	259
WP_228942248.1	iEK1008.Rv1263	50.2	456	214	7	12	465	11	455	7.12e-128	379
WP_228942254.1	iAF987.Gmet_0043	25.4	402	269	13	394	787	21	399	1.51e-15	80.9
WP_228942255.1	iYS854.USA300HOU_RS06130	39.3	214	130	0	5	218	9	222	3.81e-39	150
WP_228942256.1	iEK1008.Rv1689	56.7	418	177	4	7	421	5	421	6.34e-160	457
WP_228942257.1	iCHOv1.100771827	37.6	346	198	7	6	334	8	352	4.53e-59	194
WP_228942258.1	iSynCJ816.SGL_RS11330	39.5	81	45	3	1	81	5	81	2.76e-05	46.2
WP_228942258.1	iSynCJ816.SGL_RS08440	25.4	481	298	25	1	450	5	455	8.25e-05	44.7
WP_228942259.1	iML1515.b2371	34.1	367	217	7	2	363	30	376	3.26e-58	193
WP_228942260.1	iEK1008.Rv2236c	53.5	241	104	3	4	239	8	245	4.48e-69	214
WP_228942261.1	iEK1008.Rv0254c	59.8	174	66	4	1	172	1	172	1.71e-58	180
WP_228942262.1	iEK1008.Rv2208	37.6	245	138	7	1	241	1	234	7.56e-26	101
WP_228942263.1	iEK1008.Rv2207	54.8	303	131	1	46	348	40	336	1.64e-88	270
WP_228942267.1	iEK1008.Rv2231c	47.2	324	162	6	7	324	24	344	1.94e-73	231
WP_228942268.1	iEK1008.Rv2848c	49.9	453	205	9	3	441	2	446	5.15e-125	370
WP_228942269.1	iEK1008.Rv2849c	68.9	206	61	1	3	205	2	207	8.62e-105	300
WP_228942270.1	iEK1008.Rv2850c	51.0	675	270	9	5	670	4	626	5.65e-182	530
WP_228942271.1	iJN1463.PP_4830	46.5	398	203	6	24	420	5	393	4.75e-99	301
WP_228942272.1	iEK1008.Rv2066	53.3	520	208	4	15	527	5	496	9.18e-160	464
WP_228942273.1	iJN1463.PP_4828	61.2	209	77	2	14	222	4	208	5.00e-73	220
WP_228942274.1	iEK1008.Rv2064	38.3	287	154	7	11	292	5	273	2.32e-44	154
WP_228942278.1	iEK1008.Rv0386	36.0	50	32	0	147	196	1027	1076	3.45e-04	40.8
WP_228942281.1	iEK1008.Rv1912c	30.6	372	193	10	9	353	1	334	1.48e-21	93.6
WP_228942281.1	iEK1008.Rv2933	30.4	359	197	12	10	351	1456	1778	6.54e-18	85.1
WP_228942282.1	iYS854.USA300HOU_RS08170	26.3	262	150	9	197	454	116	338	7.57e-14	72.4
WP_228942285.1	iML1515.b0808	33.0	212	142	0	107	318	505	716	3.12e-31	124
WP_228942286.1	iEK1008.Rv2467	49.0	863	414	9	5	847	5	861	4.18e-258	740
WP_228942290.1	iMM904.YGR264C	32.6	559	344	11	4	556	198	729	2.02e-96	310
WP_228942290.1	iAF692.Mbar_A0543	32.3	592	339	19	4	590	9	543	1.90e-85	280
WP_228942291.1	iEK1008.Rv2465c	54.7	159	68	1	1	159	4	158	4.40e-58	178
WP_228942294.1	iAF692.Mbar_A1976	32.1	819	460	22	30	832	15	753	8.63e-124	394
WP_228942298.1	iEK1008.Rv2071c	49.6	246	121	2	9	253	2	245	1.55e-62	196
WP_228942298.1	iJN1463.PP_3410	46.1	245	124	6	9	251	2	240	1.27e-55	178
WP_228942299.1	iEK1008.Rv1170	40.7	86	44	3	54	133	6	90	7.12e-05	43.1
WP_228942301.1	iEK1008.Rv3032	32.6	236	148	6	138	364	157	390	4.28e-14	72.8
WP_228942304.1	iEK1008.Rv0482	47.8	362	153	9	5	343	21	369	2.70e-82	254
WP_228942306.1	iSF_1195.SF1648	30.7	303	203	5	10	308	6	305	9.76e-29	113
WP_228942306.1	iSbBS512_1146.SbBS512_E1811	30.4	303	204	5	10	308	6	305	1.35e-28	112
WP_228942306.1	iSSON_1240.SSON_1535	30.4	303	204	5	10	308	6	305	4.96e-28	111
WP_228942306.1	iML1515.b1623	30.4	303	204	5	10	308	6	305	9.50e-28	110
WP_228942306.1	iSDY_1059.SDY_1846	30.4	303	204	5	10	308	6	305	1.31e-27	110
WP_228942306.1	STM_v1_0.STM1463	30.8	289	193	5	10	294	6	291	2.51e-27	109
WP_228942306.1	iCN718.ABAYE_RS13035	28.2	333	235	2	1	333	1	329	3.42e-27	108
WP_228942306.1	iYL1228.KPN_01958	29.5	308	202	5	9	308	5	305	4.80e-27	108
WP_228942306.1	iCN718.ABAYE_RS15440	27.6	293	205	4	8	296	4	293	3.08e-25	103
WP_228942308.1	iEK1008.Rv3498c	34.7	320	209	0	13	332	14	333	7.53e-54	180
WP_228942309.1	iEK1008.Rv3496c	27.5	316	228	1	6	321	15	329	1.93e-36	137
WP_228942310.1	iEK1008.Rv3494c	29.9	374	252	5	1	368	1	370	1.54e-34	134
WP_228942316.1	iAF692.Mbar_A3422	28.0	321	204	9	9	322	6	306	1.97e-18	86.3
WP_228942316.1	iAF692.Mbar_A1602	27.8	317	199	10	9	325	8	294	1.71e-18	86.3
WP_228942316.1	iAF692.Mbar_A1604	27.5	320	201	9	9	326	3	293	6.52e-16	78.6
WP_228942317.1	iEK1008.Rv2182c	32.5	169	93	7	25	184	22	178	6.64e-10	57.8
WP_228942317.1	iJN1463.PP_1700	25.6	164	92	6	30	166	486	646	5.47e-08	53.1
WP_228942318.1	iCN718.ABAYE_RS03665	28.3	392	258	12	20	405	28	402	1.28e-37	140
WP_228942320.1	iEK1008.Rv0884c	63.2	372	136	1	1	372	5	375	4.83e-164	463
WP_228942323.1	iSynCJ816.SGL_RS10830	50.9	216	99	1	5	220	22	230	1.89e-67	206
WP_228942323.1	iPC815.YPO2370	47.0	217	108	1	4	220	8	217	5.01e-62	192
WP_228942323.1	iML1515.b1638	48.4	213	103	1	8	220	13	218	7.33e-62	192
WP_228942323.1	iSDY_1059.SDY_1861	48.4	213	103	1	8	220	13	218	7.33e-62	192
WP_228942323.1	iSF_1195.SF1663	48.4	213	103	1	8	220	13	218	7.33e-62	192
WP_228942323.1	iSbBS512_1146.SbBS512_E1830	47.9	213	104	1	8	220	13	218	5.92e-61	189
WP_228942323.1	iSSON_1240.SSON_1518	47.9	213	104	1	8	220	13	218	5.92e-61	189
WP_228942323.1	iYL1228.KPN_01976	47.4	213	105	1	8	220	15	220	2.54e-60	188
WP_228942323.1	STM_v1_0.STM1448	47.4	213	105	1	8	220	13	218	3.38e-60	187
WP_228942323.1	iJN1463.PP_1129	46.8	222	109	2	1	220	1	215	4.36e-60	187
WP_228942325.1	iML1515.b1759	37.1	116	66	2	18	133	6	114	3.74e-15	67.4
WP_228942325.1	iSDY_1059.SDY_1516	36.2	116	67	2	18	133	6	114	8.02e-14	63.9
WP_228942325.1	STM_v1_0.STM1301	34.5	116	69	2	18	133	7	115	2.37e-13	62.8
WP_228942328.1	iAF987.Gmet_2349	36.1	385	243	2	189	573	190	571	2.23e-64	220
WP_228942328.1	iJN1463.PP_4935	32.1	499	319	7	77	567	102	588	9.96e-57	200
WP_228942328.1	STM_v1_0.STM2774	28.5	544	374	9	35	571	46	581	1.01e-54	200
WP_228942333.1	iMM904.YKL182W	47.7	44	23	0	28	71	1553	1596	6.21e-07	47.0
WP_228942333.1	iJN1463.PP_4552	38.2	76	45	1	19	92	23	98	1.06e-06	45.1
WP_228942334.1	STM_v1_0.STM2295	35.0	80	48	2	1	77	18	96	8.81e-09	50.1
WP_228942334.1	iSSON_1240.SSON_2312	35.0	80	48	2	1	77	18	96	1.78e-07	46.6
WP_228942334.1	iPC815.YPO0565	45.5	44	24	0	1	44	18	61	1.45e-07	46.6
WP_228942334.1	iSF_1195.SF2330	37.5	72	41	2	9	77	5	75	1.76e-07	46.2
WP_228942334.1	iML1515.b2251	33.8	80	49	2	1	77	18	96	4.82e-07	45.4
WP_228942335.1	iYO844.BSU28680	28.6	500	297	12	29	521	15	461	6.72e-44	166
WP_228942335.1	iJN1463.PP_3745	28.7	478	273	11	48	515	50	469	4.56e-41	158
WP_228942335.1	iIT341.HP0509	27.2	485	281	12	43	514	29	454	6.75e-39	150
WP_228942336.1	iNF517.LLMG_RS08950	32.0	231	151	5	1	230	17	242	1.37e-22	92.0
WP_228942336.1	iJN1463.PP_2794	34.9	238	132	7	1	228	25	249	4.73e-20	85.5
WP_228942336.1	iSDY_1059.SDY_2057	31.7	230	151	2	1	229	17	241	2.83e-19	83.2
WP_228942337.1	iAF987.Gmet_2349	34.3	522	327	2	106	627	65	570	9.36e-84	274
WP_228942337.1	STM_v1_0.STM0984	32.2	534	333	5	101	627	69	580	3.51e-82	270
WP_228942337.1	iYL1228.KPN_00941	32.5	530	337	5	101	627	69	580	1.34e-81	268
WP_228942337.1	iML1515.b0914	31.8	534	335	5	101	627	69	580	9.97e-81	266
WP_228942337.1	iSbBS512_1146.SbBS512_E2410	31.8	534	335	5	101	627	69	580	9.97e-81	266
WP_228942337.1	iSDY_1059.SDY_2344	31.8	534	335	5	101	627	69	580	9.97e-81	266
WP_228942337.1	iSF_1195.SF0910	31.6	534	336	5	101	627	69	580	2.72e-80	265
WP_228942337.1	iSSON_1240.SSON_0916	31.6	534	336	5	101	627	69	580	2.72e-80	265
WP_228942337.1	iPC815.YPO1395	31.8	529	342	4	101	627	69	580	2.09e-78	260
WP_228942337.1	iJN1463.PP_4935	34.2	535	331	5	92	624	75	590	3.42e-77	257
WP_228942338.1	iCN900.CD630_36640	28.0	186	115	5	153	322	65	247	1.58e-10	62.0
WP_228942342.1	iAF987.Gmet_0928	27.8	623	358	15	18	637	9	542	2.23e-59	211
WP_228942343.1	iML1515.b0089	32.1	380	242	8	36	409	45	414	4.92e-50	174
WP_228942343.1	iJN1463.PP_1336	36.3	369	219	9	31	392	17	376	1.25e-44	159
WP_228942345.1	iJN1463.PP_0970	40.9	362	195	8	13	365	50	401	6.31e-61	202
WP_228942348.1	iEK1008.Rv2439c	51.5	365	167	3	7	363	6	368	2.40e-104	311
WP_228942353.1	iYL1228.KPN_02758	43.4	671	349	7	29	689	22	671	1.06e-160	479
WP_228942353.1	iML1515.b2411	43.0	665	356	6	29	687	22	669	1.85e-155	465
WP_228942353.1	iSSON_1240.SSON_2500	42.9	665	357	6	29	687	22	669	1.03e-154	463
WP_228942353.1	iSDY_1059.SDY_2608	42.9	666	355	7	29	687	22	669	1.46e-154	463
WP_228942353.1	iSF_1195.SF2466	42.9	665	357	6	29	687	22	669	2.91e-154	462
WP_228942353.1	STM_v1_0.STM2427	42.6	665	359	6	29	687	22	669	1.15e-153	461
WP_228942354.1	iAF987.Gmet_0771	38.0	179	98	5	4	173	2	176	9.85e-30	108
WP_228942354.1	iML1515.b1004	37.0	173	96	4	3	169	2	167	2.43e-29	107
WP_228942355.1	iSynCJ816.SGL_RS07160	54.6	474	199	5	24	495	18	477	8.08e-163	470
WP_228942355.1	iAF987.Gmet_0075	54.5	468	199	7	24	491	22	475	1.10e-155	452
WP_228942361.1	iLJ478.TM0305	26.8	164	88	6	205	348	31	182	2.90e-07	52.0
WP_228942365.1	iEK1008.Rv2467	31.5	866	507	17	2	812	5	839	1.04e-105	345
WP_228942368.1	iYS854.USA300HOU_RS06130	32.2	258	161	4	6	256	6	256	5.38e-31	123
WP_228942370.1	iEK1008.Rv2701c	48.1	268	115	5	13	263	8	268	9.13e-53	174
WP_228942371.1	iEK1008.Rv1485	49.7	314	138	7	17	329	3	297	2.64e-89	273
WP_228942375.1	iCHOv1.100774578	30.4	253	158	7	383	621	29	277	6.43e-19	88.2
WP_228942375.1	iMM1415.70750	30.4	253	158	7	383	621	29	277	1.16e-18	87.4
WP_228942375.1	iMM904.YMR226C	31.5	200	131	3	378	572	5	203	4.30e-19	87.4
WP_228942375.1	iLJ478.TM1724	30.7	192	129	3	384	574	3	191	5.34e-19	86.7
WP_228942375.1	iAF987.Gmet_1601	31.1	193	129	3	383	574	2	191	2.43e-18	84.7
WP_228942375.1	iCN718.ABAYE_RS13080	28.7	202	139	3	385	584	13	211	1.14e-16	80.5
WP_228942375.1	iCN718.ABAYE_RS13055	28.9	211	141	4	376	584	7	210	1.12e-16	80.5
WP_228942375.1	iCHOv1.100760372	28.4	225	153	4	384	602	38	260	2.47e-16	80.1
WP_228942375.1	iSynCJ816.SGL_RS07245	28.5	193	135	2	383	574	3	193	9.36e-17	80.1
WP_228942376.1	iEK1008.Rv2291	47.9	263	126	3	46	301	24	282	3.11e-71	221
WP_228942377.1	iAM_Pv461.PVX_084660	26.0	703	424	17	197	822	35	718	6.21e-61	224
WP_228942377.1	iAM_Pc455.PCYB_132130	24.7	705	431	19	197	822	36	719	1.12e-55	208
WP_228942377.1	iAM_Pf480.PF3D7_1437700	23.8	736	471	19	197	862	36	751	8.19e-54	202
WP_228942379.1	iYO844.BSU03070	29.0	155	106	1	13	167	26	176	6.30e-17	83.6
WP_228942381.1	iEK1008.Rv1284	25.3	158	116	2	5	162	5	160	4.42e-17	73.6
WP_228942385.1	iEK1008.Rv3701c	57.4	312	133	0	13	324	8	319	1.72e-112	328
WP_228942386.1	iEK1008.Rv3703c	65.6	422	141	4	38	457	5	424	5.07e-193	542
WP_228942387.1	iYS854.USA300HOU_RS03755	26.9	145	106	0	33	177	10	154	2.86e-09	58.2
WP_228942391.1	iCN718.ABAYE_RS12290	40.2	281	140	6	27	288	239	510	6.96e-41	148
WP_228942392.1	iCN718.ABAYE_RS12290	37.3	201	121	4	14	211	2	200	1.38e-29	114
WP_228942399.1	iYS854.USA300HOU_RS13930	21.6	380	242	12	58	422	21	359	2.79e-05	46.2
WP_228942400.1	iJN1463.PP_0365	37.0	100	57	3	84	177	58	157	8.49e-06	45.8
WP_228942401.1	iEK1008.Rv3032	31.1	206	133	5	204	402	193	396	5.15e-12	67.0
WP_228942401.1	iAF692.Mbar_A1731	25.1	355	230	8	51	385	15	353	1.04e-11	65.9
WP_228942404.1	iYS854.USA300HOU_RS14490	22.5	191	134	4	45	228	73	256	2.78e-04	42.0
WP_228942407.1	iEK1008.Rv2970c	39.2	344	189	8	1	334	40	373	1.22e-56	187
WP_228942407.1	iEK1008.Rv1400c	39.6	275	160	2	60	334	50	318	8.83e-52	173
WP_228942407.1	iEK1008.Rv1399c	43.0	272	140	6	67	334	57	317	1.21e-51	173
WP_228942411.1	iCN718.ABAYE_RS08820	30.8	354	224	8	164	507	19	361	1.72e-29	119
WP_228942422.1	iEK1008.Rv0499	31.9	273	154	5	25	274	26	289	5.96e-26	103
WP_228942424.1	iJN1463.PP_2872	25.5	318	193	10	48	360	6	284	3.15e-05	45.1
WP_228942425.1	iEK1008.Rv1160	44.0	141	64	1	8	148	5	130	7.16e-27	100
WP_228942426.1	iEK1008.Rv1170	38.5	301	171	5	21	317	6	296	4.50e-54	178
WP_228942432.1	iEK1008.Rv1201c	67.0	327	87	6	9	325	2	317	1.80e-137	392
WP_228942435.1	iYO844.BSU01580	53.7	464	207	3	37	500	15	470	4.29e-149	435
WP_228942436.1	iMM904.YBL076C	36.5	1067	569	26	20	1043	10	1010	1.24e-218	655
WP_228942436.1	iIS312.TCDM_03509	36.6	1067	564	27	20	1043	96	1092	5.44e-201	612
WP_228942436.1	iLB1027_lipid.PHATRDRAFT_29824	36.7	1101	567	29	12	1041	2	1043	5.24e-200	610
WP_228942436.1	iHN637.CLJU_RS00920	33.2	1069	620	22	20	1069	11	1004	2.42e-195	593
WP_228942440.1	iEK1008.Rv1202	55.2	355	154	3	11	362	2	354	2.84e-121	354
WP_228942442.1	iJN1463.PP_0980	38.6	453	250	13	61	494	23	466	4.04e-66	222
WP_228942442.1	iSynCJ816.SGL_RS09430	35.3	464	276	14	72	522	35	487	4.02e-63	214
WP_228942442.1	iCN718.ABAYE_RS17615	46.0	285	147	4	213	494	170	450	4.46e-63	213
WP_228942442.1	iSbBS512_1146.SbBS512_E4821	34.1	487	268	12	66	519	28	494	3.91e-61	209
WP_228942442.1	iSDY_1059.SDY_4284	33.9	487	269	12	66	519	28	494	2.87e-60	206
WP_228942442.1	iML1515.b4260	33.7	487	270	12	66	519	28	494	4.00e-60	206
WP_228942442.1	iSSON_1240.SSON_4445	33.7	487	270	12	66	519	28	494	4.00e-60	206
WP_228942442.1	iSF_1195.SF4229	34.4	486	268	12	66	519	28	494	2.92e-59	204
WP_228942442.1	STM_v1_0.STM4477	34.0	462	252	12	66	494	28	469	1.10e-58	202
WP_228942442.1	iPC815.YPO3441	33.4	494	278	12	66	526	28	503	1.53e-58	202
WP_228942442.1	iYL1228.KPN_04665	34.2	462	251	12	66	494	28	469	2.13e-58	201
WP_228942444.1	iSynCJ816.SGL_RS13490	28.6	377	243	8	17	372	15	386	2.33e-37	138
WP_228942444.1	iCN718.ABAYE_RS11080	29.7	357	227	8	39	372	30	385	7.62e-34	129
WP_228942449.1	iEK1008.Rv2267c	26.8	149	83	3	118	260	214	342	5.44e-06	47.0
WP_228942449.1	iEK1008.Rv3529c	22.4	281	169	8	4	256	92	351	7.18e-05	43.5
WP_228942451.1	STM_v1_0.STM2082	44.8	183	92	4	115	291	297	476	2.95e-37	137
WP_228942454.1	iJN1463.PP_3346	33.0	188	94	6	368	526	31	215	4.63e-13	69.3
WP_228942454.1	iJN1463.PP_2416	33.0	218	121	4	15	229	22	217	5.42e-13	68.9
WP_228942454.1	iJN1463.PP_0118	27.8	234	126	5	1	229	1	196	5.07e-13	68.9
WP_228942454.1	iSF_1195.SF2285	31.2	237	125	6	5	236	4	207	4.23e-13	68.2
WP_228942454.1	iJN1463.PP_4210	31.1	225	109	7	19	228	25	218	1.21e-11	67.0
WP_228942454.1	iPC815.YPO2060	31.7	186	119	5	349	528	3	186	3.83e-12	66.2
WP_228942454.1	iML1515.b2201	30.8	237	126	6	5	236	4	207	3.53e-12	65.5
WP_228942454.1	iSbBS512_1146.SbBS512_E0740	30.8	237	126	6	5	236	2	205	3.41e-12	65.5
WP_228942454.1	iSSON_1240.SSON_2259	30.8	237	126	6	5	236	2	205	4.62e-12	65.1
WP_228942454.1	iEK1008.Rv1859	33.0	215	111	10	360	545	10	220	3.41e-11	64.7
WP_228942454.1	STM_v1_0.STM2254	35.1	194	94	5	5	197	2	164	6.26e-12	64.7
WP_228942454.1	iPC815.YPO3392	30.0	247	119	8	2	228	8	220	1.97e-11	64.3
WP_228942454.1	iAF987.Gmet_0492	33.5	179	94	6	368	522	24	201	2.41e-11	63.9
WP_228942454.1	iJN1463.PP_0225	29.3	229	138	5	8	229	5	216	2.29e-11	63.9
WP_228942454.1	iEK1008.Rv2397c	33.5	188	103	5	356	523	10	195	7.32e-11	63.5
WP_228942454.1	iSbBS512_1146.SbBS512_E0954	30.6	183	119	5	352	528	6	186	4.10e-11	63.2
WP_228942454.1	iYO844.BSU02860	28.4	201	106	7	365	533	19	213	4.25e-11	62.8
WP_228942454.1	iJN1463.PP_0240	31.4	229	120	5	5	229	17	212	6.87e-11	62.8
WP_228942454.1	iSynCJ816.SGL_RS01940	29.5	234	131	7	5	228	10	219	6.73e-11	62.8
WP_228942455.1	iAF987.Gmet_2619	41.5	482	244	10	14	463	11	486	6.93e-103	316
WP_228942455.1	iEK1008.Rv1121	38.5	468	255	9	16	472	11	456	2.14e-95	295
WP_228942455.1	iJN1463.PP_5351	38.3	481	270	8	6	466	2	475	1.15e-93	291
WP_228942455.1	iJN1463.PP_4042	38.0	487	262	9	13	466	10	489	3.58e-93	291
WP_228942455.1	iSynCJ816.SGL_RS06375	38.6	484	254	11	14	463	21	495	3.84e-91	286
WP_228942458.1	iYO844.BSU35740	49.2	128	64	1	20	147	2	128	4.21e-38	125
WP_228942460.1	iAF987.Gmet_2161	34.8	112	67	3	14	121	481	590	6.80e-09	52.0
WP_228942461.1	iJN1463.PP_1806	32.7	110	70	3	12	120	206	312	1.08e-06	46.2
WP_228942461.1	iAF692.Mbar_A0964	26.4	91	65	2	31	120	54	143	7.33e-06	43.5
WP_228942464.1	iAF692.Mbar_A0883	31.8	466	252	15	23	457	35	465	2.11e-36	139
WP_228942464.1	iAF987.Gmet_0075	32.2	479	274	15	4	455	21	475	1.46e-34	134
WP_228942465.1	iEK1008.Rv1820	51.0	543	247	7	26	562	13	542	1.76e-166	484
WP_228942468.1	iJN1463.PP_0316	26.7	375	228	12	23	362	5	367	1.88e-19	88.2
WP_228942468.1	iEK1008.Rv3571	27.3	362	204	13	36	360	13	352	5.82e-19	86.7
WP_228942468.1	iYL1228.KPN_01661	27.3	282	175	11	95	363	63	327	1.27e-17	82.4
WP_228942469.1	iEK1008.Rv3229c	45.5	352	185	2	34	378	9	360	9.01e-110	328
WP_228942471.1	iEK1008.Rv1248c	60.4	1135	411	13	153	1259	106	1230	0.0	1307
WP_228942473.1	iYS854.USA300HOU_RS03230	41.3	557	310	8	4	551	5	553	5.88e-137	408
WP_228942473.1	iAF987.Gmet_1434	40.3	571	313	8	5	551	3	569	3.37e-122	370
WP_228942474.1	iEK1008.Rv1296	45.8	260	136	2	13	267	17	276	1.48e-59	192
WP_228942476.1	iEK1008.Rv3227	52.8	422	189	4	2	416	4	422	2.65e-136	397
WP_228942477.1	iEK1008.Rv1293	57.3	440	182	3	10	443	7	446	9.55e-164	468
WP_228942483.1	iSynCJ816.SGL_RS10570	23.7	262	173	7	76	333	113	351	8.48e-04	41.2
WP_228942485.1	iEK1008.Rv0886	44.5	616	258	14	1	602	1	546	6.26e-117	359
WP_228942489.1	iEK1008.Rv2855	49.4	466	223	5	1	461	1	458	8.15e-148	429
WP_228942490.1	iML1515.b0624	34.5	113	66	4	14	118	6	118	2.15e-10	53.9
WP_228942495.1	iEK1008.Rv3761c	48.3	319	154	6	37	348	30	344	1.54e-88	270
WP_228942496.1	iEK1008.Rv1142c	36.6	257	143	6	27	273	19	265	1.90e-26	103
WP_228942496.1	iAF987.Gmet_2224	32.8	256	161	5	25	273	8	259	4.48e-25	100
WP_228942496.1	iJN1463.PP_3283	36.5	263	149	8	22	273	5	260	3.48e-23	95.1
WP_228942497.1	iAF692.Mbar_A0192	27.3	183	124	4	19	196	5	183	3.11e-09	55.1
WP_228942499.1	iEK1008.Rv0407	32.5	338	205	7	3	326	5	333	3.06e-42	149
WP_228942499.1	iEK1008.Rv0132c	31.6	301	186	4	4	296	44	332	2.31e-37	136
WP_228942500.1	iLJ478.TM1724	31.7	259	161	3	5	263	3	245	4.65e-34	123
WP_228942500.1	iCN900.CD630_11820	30.4	263	164	5	3	263	2	247	1.13e-31	117
WP_228942500.1	iAF987.Gmet_1531	31.0	258	161	4	4	261	3	243	4.37e-31	115
WP_228942500.1	iYL1228.KPN_01091	33.2	259	154	3	3	261	1	240	3.89e-31	115
WP_228942500.1	iPC815.YPO1599	31.9	260	156	4	3	261	1	240	1.50e-30	114
WP_228942500.1	STM_v1_0.STM1195	32.8	259	155	3	3	261	1	240	2.95e-30	113
WP_228942500.1	iSDY_1059.SDY_2057	32.0	259	157	3	3	261	1	240	2.95e-30	113
WP_228942500.1	iHN637.CLJU_RS17225	30.6	265	161	5	1	261	2	247	4.74e-30	112
WP_228942500.1	iAF987.Gmet_1601	30.9	259	163	3	3	261	1	243	8.48e-30	112
WP_228942500.1	iLJ478.TM1169	30.9	262	149	5	1	261	1	231	6.89e-30	112
WP_228942501.1	iNF517.LLMG_RS08260	32.1	106	61	2	5	110	6	100	4.00e-08	52.0
WP_228942501.1	iCN718.ABAYE_RS09965	33.8	77	51	0	6	82	12	88	3.48e-07	49.3
WP_228942501.1	iYL1228.KPN_02061	33.7	83	54	1	1	82	1	83	1.13e-06	47.8
WP_228942506.1	iPC815.YPO2167	30.3	76	50	1	40	112	7	82	2.11e-07	48.9
WP_228942506.1	iMM1415.66401	29.9	137	80	5	35	157	3	137	1.02e-06	47.4
WP_228942506.1	iCHOv1.100769146	29.2	137	81	4	35	157	22	156	1.86e-06	47.0
WP_228942507.1	iEK1008.Rv0929	44.0	309	157	7	2	297	19	324	1.82e-64	205
WP_228942507.1	iAF987.Gmet_2702	40.3	303	166	6	6	297	19	317	3.86e-59	191
WP_228942508.1	iYO844.BSU26640	26.2	172	119	3	2	173	5	168	3.39e-11	63.5
WP_228942511.1	iEK1008.Rv2984	57.3	719	270	7	23	708	26	740	2.90e-273	769
WP_228942512.1	iLJ478.TM0024	40.9	252	132	9	72	314	214	457	1.11e-50	177
WP_228942513.1	iEK1008.Rv2970c	43.5	345	167	10	25	352	40	373	4.35e-71	226
WP_228942516.1	iAF987.Gmet_1754	29.2	370	231	9	1	354	10	364	3.47e-28	114
WP_228942516.1	iML1515.b2542	28.6	322	220	6	6	322	18	334	4.24e-28	113
WP_228942516.1	iSSON_1240.SSON_2624	28.6	322	220	6	6	322	18	334	2.06e-27	111
WP_228942518.1	iYO844.BSU25790	52.2	341	163	0	1	341	1	341	1.34e-126	366
WP_228942518.1	iAF987.Gmet_0520	51.3	341	166	0	3	343	8	348	2.50e-120	350
WP_228942520.1	iJN1463.PP_3284	37.1	259	157	3	14	271	4	257	4.32e-40	139
WP_228942520.1	iAF987.Gmet_2057	36.5	255	156	4	23	271	24	278	1.30e-36	130
WP_228942520.1	iEK1008.Rv1070c	35.9	259	159	3	11	268	2	254	2.17e-36	129
WP_228942520.1	iEK1008.Rv2486	42.7	192	103	3	24	214	15	200	8.23e-36	128
WP_228942529.1	iNF517.LLMG_RS08595	27.9	147	106	0	39	185	12	158	8.95e-17	73.6
WP_228942529.1	iML1515.b0459	38.7	137	80	2	51	185	47	181	4.14e-14	67.0
WP_228942529.1	iSDY_1059.SDY_0460	38.7	137	80	2	51	185	47	181	4.14e-14	67.0
WP_228942529.1	iSSON_1240.SSON_0446	38.7	137	80	2	51	185	47	181	4.14e-14	67.0
WP_228942529.1	iNF517.LLMG_RS03835	41.7	132	74	2	56	185	51	181	1.09e-13	66.2
WP_228942531.1	iAF692.Mbar_A1144	28.5	281	145	9	1	258	1	248	2.75e-17	80.1
WP_228942531.1	iJN1463.PP_3129	27.4	303	166	11	1	287	1	265	1.06e-15	75.9
WP_228942539.1	iJN1463.PP_0356	62.5	720	267	3	14	731	3	721	0.0	895
WP_228942539.1	iEK1008.Rv1837c	60.1	724	282	5	15	733	4	725	2.38e-304	849
WP_228942539.1	iCN718.ABAYE_RS10490	57.9	710	294	4	15	723	4	709	4.84e-294	822
WP_228942541.1	iSynCJ816.SGL_RS13765	52.5	476	222	3	26	499	19	492	8.39e-172	493
WP_228942541.1	iJN1463.PP_3745	50.4	468	232	0	17	484	18	485	1.15e-155	452
WP_228942542.1	iSynCJ816.SGL_RS03315	33.6	381	217	10	64	425	71	434	1.01e-38	144
WP_228942543.1	iSynCJ816.SGL_RS04800	50.6	427	204	4	41	460	28	454	2.44e-151	438
WP_228942547.1	iYS854.USA300HOU_RS06935	30.9	175	102	4	88	260	83	240	1.27e-19	88.2
WP_228942547.1	iYS854.USA300HOU_RS12505	31.4	207	122	7	86	288	59	249	2.50e-19	87.0
WP_228942552.1	iJN1463.PP_0601	27.2	371	257	8	19	379	21	388	3.91e-13	71.2
WP_228942552.1	iML1515.b1069	25.9	371	264	7	19	380	21	389	2.80e-12	68.6
WP_228942552.1	iSbBS512_1146.SbBS512_E2257	25.9	371	264	7	19	380	21	389	3.71e-12	68.2
WP_228942552.1	iSDY_1059.SDY_2083	25.9	371	264	7	19	380	21	389	3.71e-12	68.2
WP_228942552.1	iSF_1195.SF1075	25.9	371	264	7	19	380	21	389	3.71e-12	68.2
WP_228942552.1	iSSON_1240.SSON_1089	25.9	371	264	7	19	380	21	389	3.71e-12	68.2
WP_228942554.1	iEK1008.Rv3032	40.3	119	69	2	299	416	276	393	4.36e-11	63.9
WP_228942555.1	iEK1008.Rv2610c	27.5	389	234	17	36	401	1	364	2.95e-09	58.2
WP_228942557.1	iYO844.BSU35600	27.0	185	122	5	202	376	172	353	2.92e-09	58.5
WP_228942559.1	iEK1008.Rv1212c	27.8	399	226	13	20	383	16	387	7.52e-13	68.9
WP_228942559.1	iEK1008.Rv0486	29.5	312	185	10	87	380	149	443	5.52e-12	66.6
WP_228942559.1	iEK1008.Rv3032	27.9	287	187	5	82	363	104	375	4.71e-12	66.6
WP_228942559.1	iLB1027_lipid.PHATRDRAFT_50356	33.3	159	95	5	210	365	277	427	1.82e-11	65.1
WP_228942560.1	iEK1008.Rv0486	34.1	176	99	6	132	298	210	377	1.59e-11	65.1
WP_228942560.1	iJN1463.PP_4943	32.6	193	125	4	135	323	140	331	1.62e-11	64.7
WP_228942562.1	iAF987.Gmet_2094	27.3	143	83	4	27	166	17	141	6.81e-06	44.3
WP_228942568.1	iML1515.b1103	40.2	107	62	1	3	107	4	110	7.20e-25	90.5
WP_228942569.1	iYL1228.KPN_02550	46.2	275	132	3	29	302	7	266	3.17e-59	190
WP_228942569.1	iML1515.b2103	44.7	275	136	3	29	302	7	266	1.12e-56	183
WP_228942569.1	iSbBS512_1146.SbBS512_E1135	44.7	275	136	3	29	302	7	266	1.12e-56	183
WP_228942569.1	iSSON_1240.SSON_2151	44.7	275	136	3	29	302	7	266	1.12e-56	183
WP_228942569.1	iSF_1195.SF2165	44.7	275	136	3	29	302	7	266	2.23e-56	182
WP_228942569.1	iSDY_1059.SDY_2277	44.4	275	137	3	29	302	7	266	8.84e-56	181
WP_228942569.1	iPC815.YPO2859	45.5	275	134	3	29	302	7	266	9.86e-55	178
WP_228942569.1	STM_v1_0.STM2146	44.4	275	137	3	29	302	7	266	5.51e-54	176
WP_228942570.1	iSynCJ816.SGL_RS03970	38.7	194	104	6	43	233	155	336	9.31e-22	91.7
WP_228942571.1	iCHOv1.100769920	24.3	338	212	14	135	453	183	495	3.15e-15	77.4
WP_228942571.1	iMM1415.74754	23.4	338	215	14	135	453	197	509	5.44e-13	70.5
WP_228942572.1	iJN1463.PP_5365	47.4	291	148	4	137	422	130	420	8.50e-80	252
WP_228942572.1	iAF987.Gmet_2187	45.1	297	159	4	134	427	138	433	2.53e-73	236
WP_228942575.1	iEK1008.Rv0386	37.7	61	38	0	145	205	1024	1084	1.32e-04	42.0
WP_228942576.1	iAF987.Gmet_0043	32.2	267	165	6	680	936	11	271	2.40e-20	95.9
WP_228942577.1	iCHOv1.100757328	36.0	111	64	3	20	127	247	353	1.10e-09	58.5
WP_228942577.1	iJN1463.PP_0553	39.8	118	62	4	15	129	117	228	8.38e-10	58.5
WP_228942577.1	iSynCJ816.SGL_RS04775	31.3	115	71	3	15	128	15	122	3.75e-08	53.1
WP_228942578.1	iPC815.YPO3953	44.8	154	84	1	20	172	6	159	2.53e-39	131
WP_228942578.1	iYL1228.KPN_03801	44.4	160	88	1	21	179	27	186	4.53e-37	126
WP_228942578.1	STM_v1_0.STM3542	44.4	160	88	1	21	179	12	171	4.33e-37	126
WP_228942578.1	iSbBS512_1146.SbBS512_E3888	44.1	161	89	1	21	180	12	172	5.79e-37	125
WP_228942578.1	iML1515.b3437	44.1	161	89	1	21	180	12	172	8.19e-37	125
WP_228942578.1	iJN1463.PP_3416	44.0	150	84	0	20	169	8	157	1.30e-36	125
WP_228942578.1	iSDY_1059.SDY_3588	44.0	159	88	1	23	180	1	159	3.20e-36	123
WP_228942578.1	iSSON_1240.SSON_3679	44.0	159	88	1	23	180	1	159	3.20e-36	123
WP_228942578.1	STM_v1_0.STM4485	46.1	152	81	1	21	171	7	158	6.73e-36	123
WP_228942578.1	iML1515.b4268	46.8	141	75	0	21	161	7	147	1.29e-35	122
WP_228942578.1	iSSON_1240.SSON_4453	46.8	141	75	0	21	161	7	147	1.29e-35	122
WP_228942578.1	iSF_1195.SF3459	43.4	159	89	1	23	180	1	159	9.06e-36	122
WP_228942579.1	iYO844.BSU30760	38.5	218	132	1	29	246	4	219	1.61e-41	143
WP_228942579.1	iAF987.Gmet_0492	37.2	239	142	4	37	270	14	249	4.39e-39	137
WP_228942579.1	iYS854.USA300HOU_RS08305	38.8	188	114	1	41	227	23	210	2.73e-38	135
WP_228942580.1	iAF987.Gmet_0491	32.1	305	180	5	42	333	28	318	7.67e-37	134
WP_228942580.1	iYO844.BSU02850	34.0	297	183	6	36	327	24	312	1.58e-35	130
WP_228942582.1	iEK1008.Rv2344c	50.5	408	185	6	14	408	9	412	6.60e-112	335
WP_228942583.1	iJN1463.PP_3376	32.9	295	181	8	27	306	28	320	3.80e-30	115
WP_228942583.1	iNF517.LLMG_RS11240	29.8	258	173	5	55	304	56	313	5.70e-27	107
WP_228942583.1	STM_v1_0.STM3646	32.9	234	141	6	56	276	60	290	1.49e-26	106
WP_228942589.1	iPC815.YPO1358	44.7	568	299	1	3	570	4	556	2.26e-159	467
WP_228942589.1	iML1515.b0871	43.5	568	305	1	3	570	4	555	2.10e-151	446
WP_228942589.1	iSbBS512_1146.SbBS512_E2460	43.5	568	305	1	3	570	4	555	2.97e-151	446
WP_228942589.1	iSSON_1240.SSON_0857	43.5	568	305	1	3	570	4	555	2.97e-151	446
WP_228942589.1	iSF_1195.SF0826	43.1	568	307	1	3	570	4	555	1.68e-150	444
WP_228942589.1	STM_v1_0.STM0935	43.7	568	304	2	3	570	4	555	9.51e-150	442
WP_228942589.1	iSDY_1059.SDY_2392	42.8	568	309	1	3	570	4	555	1.52e-148	439
WP_228942589.1	iYL1228.KPN_00904	41.7	575	305	3	3	570	7	558	1.36e-144	429
WP_228942595.1	iYS854.USA300HOU_RS07285	27.2	217	150	5	5	219	3	213	6.17e-14	70.1
WP_228942597.1	iAF987.Gmet_1601	42.0	245	136	4	19	260	3	244	9.96e-47	155
WP_228942597.1	iLJ478.TM1724	41.1	248	140	4	18	262	2	246	1.98e-46	155
WP_228942597.1	iML1515.b2842	42.5	252	128	8	17	259	6	249	1.34e-45	153
WP_228942597.1	iNF517.LLMG_RS08950	42.5	240	129	6	26	262	10	243	6.32e-44	148
WP_228942597.1	iLB1027_lipid.PHATRDRAFT_13073	42.4	250	134	6	20	262	5	251	8.28e-44	148
WP_228942597.1	iSynCJ816.SGL_RS07245	42.1	252	135	7	16	262	1	246	7.04e-44	148
WP_228942597.1	iYO844.BSU15910	37.9	248	147	5	19	262	2	246	5.38e-43	146
WP_228942597.1	iEK1008.Rv1928c	38.6	254	148	5	13	261	3	253	9.64e-43	145
WP_228942597.1	iYO844.BSU22140	41.6	250	136	7	15	259	6	250	5.73e-41	141
WP_228942597.1	iML1515.b1093	39.8	244	138	5	20	260	4	241	8.74e-41	140
WP_228942597.1	iYL1228.KPN_01091	39.3	244	139	5	20	260	4	241	8.74e-41	140
WP_228942597.1	iJN1463.PP_2794	40.3	248	138	5	16	259	8	249	1.17e-40	140
WP_228942597.1	iSbBS512_1146.SbBS512_E2231	39.8	244	138	5	20	260	4	241	8.74e-41	140
WP_228942597.1	iSF_1195.SF1097	39.8	244	138	5	20	260	4	241	8.74e-41	140
WP_228942597.1	iSSON_1240.SSON_1113	39.8	244	138	5	20	260	4	241	8.74e-41	140
WP_228942600.1	iCN718.ABAYE_RS13050	37.1	485	288	9	23	500	25	499	1.76e-102	316
WP_228942600.1	iCN718.ABAYE_RS13085	36.9	483	288	8	23	498	26	498	2.70e-102	315
WP_228942603.1	STM_v1_0.STM4585	35.2	176	111	3	9	183	4	177	3.65e-18	79.0
WP_228942603.1	iSbBS512_1146.SbBS512_E4944	35.2	176	111	3	9	183	4	177	1.92e-17	77.0
WP_228942603.1	iSF_1195.SF4427	35.2	176	111	3	9	183	4	177	2.67e-17	76.6
WP_228942603.1	iSSON_1240.SSON_4545	35.2	176	111	3	9	183	4	177	2.67e-17	76.6
WP_228942603.1	iSDY_1059.SDY_4656	34.7	176	112	3	9	183	4	177	1.00e-16	75.1
WP_228942604.1	iEK1008.Rv2427c	60.3	408	148	2	35	442	20	413	4.33e-148	427
WP_228942605.1	iEK1008.Rv3028c	53.4	320	144	3	1	317	1	318	4.88e-96	286
WP_228942607.1	iEK1008.Rv1070c	44.8	248	134	2	3	249	4	249	2.33e-61	193
WP_228942607.1	iCN900.CD630_08000	41.0	256	148	2	5	259	7	260	8.16e-60	189
WP_228942607.1	iEK1008.Rv3039c	44.6	240	128	1	1	235	1	240	2.47e-57	183
WP_228942607.1	iCHOv1.100754654	43.7	238	131	2	13	249	47	282	5.53e-56	181
WP_228942607.1	iMM1415.93747	43.7	238	131	2	13	249	47	282	1.56e-55	179
WP_228942607.1	iJN1463.PP_2217	41.5	246	141	2	3	247	4	247	9.67e-55	176
WP_228942607.1	iCN900.CD630_10570	41.1	248	145	1	3	249	10	257	1.72e-54	176
WP_228942608.1	iEK1008.Rv1328	60.7	870	325	6	1	861	1	862	0.0	1019
WP_228942610.1	iEK1008.Rv1327c	51.5	681	287	10	2	655	22	686	3.31e-227	648
WP_228942611.1	iEK1008.Rv0126	70.6	579	159	3	36	605	12	588	0.0	897
WP_228942612.1	iEK1008.Rv0127	39.4	485	234	15	26	495	15	454	3.29e-87	275
WP_228942613.1	iEK1008.Rv1326c	59.2	726	284	6	6	726	10	728	1.05e-316	879
WP_228942614.1	iLB1027_lipid.PHATRDRAFT_54476	40.0	90	52	2	263	351	233	321	3.40e-08	55.1
WP_228942615.1	iSSON_1240.SSON_2312	37.8	90	44	4	112	196	2	84	1.23e-06	46.6
WP_228942615.1	iML1515.b2251	36.7	90	45	4	112	196	2	84	2.29e-06	45.8
WP_228942615.1	STM_v1_0.STM2295	36.7	90	45	4	112	196	2	84	4.26e-06	45.1
WP_228942618.1	iML1515.b2918	39.0	228	132	2	1	221	22	249	8.18e-43	149
WP_228942618.1	iCHOv1.100772148	36.9	271	161	3	32	295	148	415	1.97e-41	147
WP_228942618.1	iMM1415.109136	40.7	214	124	1	32	242	143	356	1.33e-40	145
WP_228942619.1	iEK1008.Rv1323	66.2	388	130	1	13	400	1	387	4.41e-171	483
WP_228942620.1	iEK1008.Rv3777	24.8	307	168	5	58	364	19	262	2.64e-19	88.2
WP_228942620.1	iEK1008.Rv3141	24.9	309	198	7	115	413	33	317	9.27e-18	83.6
WP_228942621.1	iAF987.Gmet_2300	47.1	820	414	8	22	828	11	823	3.52e-266	758
WP_228942621.1	iLJ478.TM0168	46.0	821	423	8	22	828	10	824	3.24e-264	753
WP_228942621.1	iCN900.CD630_25210	44.8	821	426	9	16	828	4	805	5.51e-258	737
WP_228942621.1	iJN1463.PP_4794	44.6	863	406	16	26	827	15	866	1.12e-246	710
WP_228942621.1	iSynCJ816.SGL_RS05615	43.3	880	422	14	13	828	2	868	4.94e-240	693
WP_228942622.1	iEK1008.Rv2421c	68.2	192	56	2	1	188	1	191	1.50e-89	261
WP_228942625.1	iAF987.Gmet_3292	43.0	651	322	14	1	617	1	636	8.48e-137	415
WP_228942625.1	iCN718.ABAYE_RS02960	43.1	633	324	9	3	617	4	618	9.82e-136	411
WP_228942625.1	iJN1463.PP_4067	44.2	650	296	14	2	617	6	622	9.63e-134	406
WP_228942626.1	iEK1008.Rv0972c	63.6	387	141	0	8	394	2	388	1.33e-174	491
WP_228942630.1	iJN1463.PP_5365	35.4	426	226	10	21	435	37	424	7.60e-73	234
WP_228942631.1	iJN1463.PP_2734	38.5	351	196	4	98	445	52	385	3.79e-62	206
WP_228942634.1	iSynCJ816.SGL_RS06280	37.3	118	71	2	107	222	15	131	3.91e-14	66.6
WP_228942635.1	iCHOv1.100768542	30.8	299	150	15	212	467	191	475	2.49e-21	97.1
WP_228942635.1	iAT_PLT_636.6821	29.7	343	177	18	212	505	198	525	3.40e-21	96.7
WP_228942635.1	iMM1415.211389	31.0	342	174	17	212	505	192	519	1.05e-20	95.1
WP_228942636.1	iMM1415.75612	27.9	509	275	17	65	519	38	508	2.01e-39	150
WP_228942637.1	iEK1008.Rv0971c	46.5	245	123	2	18	256	12	254	1.08e-50	166
WP_228942639.1	iLB1027_lipid.PHATRDRAFT_17238	27.9	487	270	19	169	616	387	831	1.28e-27	118
WP_228942640.1	iPC815.YPO3064	32.0	103	67	3	75	175	5	106	2.67e-04	40.0
WP_228942641.1	iSF_1195.SF1416	41.9	258	144	3	1	258	200	451	2.85e-62	202
WP_228942641.1	iSbBS512_1146.SbBS512_E2073	41.9	258	144	3	1	258	200	451	4.01e-62	201
WP_228942641.1	iML1515.b1812	41.5	258	145	3	1	258	200	451	1.12e-61	200
WP_228942641.1	iSSON_1240.SSON_1348	41.5	258	145	3	1	258	200	451	1.12e-61	200
WP_228942641.1	iSDY_1059.SDY_1718	41.5	258	145	3	1	258	200	451	1.57e-61	200
WP_228942641.1	STM_v1_0.STM1824	41.3	259	144	4	1	258	201	452	1.75e-60	197
WP_228942641.1	iJN1463.PP_2329	42.2	258	144	4	1	258	191	443	2.88e-60	196
WP_228942641.1	iHN637.CLJU_RS17715	41.1	258	146	3	1	258	198	449	8.59e-60	195
WP_228942641.1	iYL1228.KPN_02328	41.1	258	146	3	1	258	198	449	3.51e-59	194
WP_228942641.1	iCN900.CD630_14460	38.4	258	153	3	1	258	195	446	1.17e-56	187
WP_228942641.1	iAF987.Gmet_3010	43.8	251	135	4	2	251	129	374	4.02e-55	186
WP_228942641.1	iNF517.LLMG_RS05860	38.9	262	150	4	1	259	174	428	1.46e-54	185
WP_228942641.1	iPC815.YPO1773	40.0	260	150	4	1	260	201	454	2.83e-55	184
WP_228942642.1	iYL1228.KPN_00869	25.4	295	146	11	108	398	27	251	3.60e-11	65.5
WP_228942644.1	iMM1415.11431	37.9	140	83	3	16	153	5	142	1.99e-22	87.8
WP_228942644.1	iCHOv1.100773599	35.7	140	86	3	16	153	5	142	6.63e-20	81.3
WP_228942646.1	iSynCJ816.SGL_RS17085	33.3	264	162	7	22	280	12	266	3.90e-29	116
WP_228942647.1	iEK1008.Rv3772	49.6	355	171	4	3	355	2	350	1.37e-93	283
WP_228942649.1	iAF987.Gmet_0043	28.9	256	153	10	368	600	17	266	2.03e-13	72.8
WP_228942652.1	iJN1463.PP_0026	39.1	274	163	1	37	310	19	288	1.62e-54	179
WP_228942652.1	iML1515.b0752	42.0	276	153	4	37	310	20	290	1.75e-53	177
WP_228942652.1	iSDY_1059.SDY_0696	42.0	276	153	4	37	310	20	290	1.75e-53	177
WP_228942652.1	iSSON_1240.SSON_0704	41.7	276	154	4	37	310	20	290	4.88e-53	176
WP_228942652.1	iSF_1195.SF0552	41.7	276	154	4	37	310	20	290	6.87e-53	176
WP_228942652.1	iSbBS512_1146.SbBS512_E0672	41.7	276	154	4	37	310	20	290	1.36e-52	175
WP_228942652.1	iYL1228.KPN_00756	42.0	269	149	4	44	310	27	290	1.19e-50	170
WP_228942652.1	STM_v1_0.STM0758	40.4	282	160	5	37	315	20	296	3.42e-49	166
WP_228942654.1	iYO844.BSU14600	35.3	504	251	9	10	510	4	435	8.39e-63	211
WP_228942654.1	iYS854.USA300HOU_RS05465	31.5	505	257	10	10	510	4	423	1.45e-58	199
WP_228942657.1	iJN1463.PP_4065	53.0	528	226	8	1	520	22	535	3.58e-174	501
WP_228942657.1	iAF987.Gmet_3290	53.2	509	220	8	18	520	39	535	3.40e-164	476
WP_228942657.1	iAT_PLT_636.64087	50.0	516	239	8	11	520	61	563	6.58e-158	461
WP_228942657.1	iMM1415.78038	50.1	509	237	7	18	520	66	563	1.50e-156	457
WP_228942657.1	iCHOv1.100756739	50.1	509	237	7	18	520	66	563	4.25e-156	456
WP_228942658.1	iYS854.USA300HOU_RS06130	27.1	317	170	7	7	316	9	271	1.20e-20	93.6
WP_228942660.1	iMM1415.75612	33.6	375	210	17	61	414	38	394	1.46e-41	156
WP_228942664.1	iJN1463.PP_2637	35.4	226	123	11	64	275	31	247	1.22e-17	83.2
WP_228942666.1	iJN1463.PP_3588	27.9	147	105	1	32	178	36	181	1.82e-07	52.8
WP_228942667.1	iCHOv1.100757273	31.1	251	163	5	21	263	45	293	4.86e-25	100
WP_228942667.1	iYL1228.KPN_01474	31.6	253	168	5	13	263	3	252	8.86e-23	93.6
WP_228942667.1	iEK1008.Rv3373	33.2	184	117	2	1	179	28	210	7.38e-23	92.8
WP_228942667.1	iMM1415.52430	29.1	251	168	5	21	263	45	293	1.25e-21	91.3
WP_228942669.1	iAF987.Gmet_0043	23.6	258	183	7	292	537	11	266	1.45e-04	44.3
WP_228942670.1	iNF517.LLMG_RS09330	29.4	214	141	5	11	222	15	220	1.26e-12	67.4
WP_228942670.1	iJN1463.PP_4650	25.8	291	199	6	14	297	16	296	1.38e-11	64.3
WP_228942670.1	iSynCJ816.SGL_RS05015	31.8	148	90	5	15	159	23	162	1.38e-11	64.3
WP_228942672.1	iEK1008.Rv1207	53.2	278	126	1	13	286	40	317	7.67e-95	282
WP_228942675.1	iYS854.USA300HOU_RS13930	30.8	351	222	10	13	351	21	362	1.66e-31	130
WP_228942675.1	STM_v1_0.STM2232	30.1	312	185	8	10	314	7	292	1.68e-27	117
WP_228942676.1	iEK1008.Rv3032	29.2	253	167	7	126	371	148	395	1.85e-15	77.0
WP_228942676.1	iEK1008.Rv2610c	31.0	300	182	12	90	374	83	372	3.73e-15	75.9
WP_228942676.1	iSynCJ816.SGL_RS12975	30.8	214	121	5	173	370	197	399	4.61e-13	69.7
WP_228942680.1	iEK1008.Rv2188c	30.3	244	151	7	141	367	133	374	4.72e-16	79.3
WP_228942680.1	iEK1008.Rv0486	30.9	272	155	10	159	409	216	475	7.32e-15	76.3
WP_228942682.1	iMM904.YPR183W	35.3	238	133	7	31	256	6	234	5.61e-27	108
WP_228942698.1	iSynCJ816.SGL_RS03840	46.6	174	88	2	2	175	8	176	6.55e-44	144
WP_228942698.1	iYO844.BSU15600	51.3	152	71	2	1	152	28	176	2.13e-41	138
WP_228942698.1	iEK1008.Rv1286	48.2	164	83	2	2	165	446	607	1.56e-37	136
WP_228942699.1	iEK1008.Rv0819	41.8	294	132	10	4	263	18	306	1.87e-50	167
WP_228942704.1	iEK1008.Rv0134	33.3	129	77	3	36	162	21	142	7.58e-13	67.4
WP_228942705.1	iEK1008.Rv0501	51.9	312	146	1	3	310	24	335	1.36e-103	309
WP_228942706.1	iEK1008.Rv2182c	26.6	154	83	6	183	320	20	159	8.29e-06	46.6
WP_228942706.1	iJN1463.PP_1700	28.2	174	95	7	155	314	452	609	2.39e-05	46.2
WP_228942706.1	iSynCJ816.SGL_RS12400	29.2	154	88	4	174	319	34	174	9.41e-06	46.2
WP_228942706.1	iCN900.CD630_18170	25.0	164	95	7	168	319	5	152	9.78e-06	45.8
WP_228942706.1	iCHOv1.100758206	31.9	144	82	6	183	319	80	214	2.42e-05	45.4
WP_228942706.1	iAT_PLT_636.10554	28.2	142	90	3	183	319	87	221	4.35e-05	44.7
WP_228942706.1	iMM1415.55979	30.6	144	84	6	183	319	80	214	7.66e-05	43.9
WP_228942706.1	iLB1027_lipid.PHATRDRAFT_49462	26.8	97	67	1	226	318	168	264	1.67e-04	43.1
WP_228942709.1	iYO844.BSU10270	30.6	520	315	12	41	552	27	508	8.90e-64	217
WP_228942711.1	iEK1008.Rv0510	57.1	310	116	6	5	305	2	303	2.86e-96	286
WP_228942713.1	iEK1008.Rv0524	58.8	444	160	3	17	441	18	457	1.29e-167	479
WP_228942715.1	iYS854.USA300HOU_RS03755	22.1	136	105	1	31	166	14	148	4.90e-05	45.1
WP_228942716.1	iEK1008.Rv0542c	42.5	325	173	5	27	344	35	352	1.35e-62	203
WP_228942717.1	iEK1008.Rv0555	41.7	581	262	17	17	552	3	551	3.06e-100	313
WP_228942718.1	iEK1008.Rv2287	32.8	537	324	13	9	523	21	542	7.49e-59	206
WP_228942719.1	iEK1008.Rv3518c	27.9	365	239	6	36	398	33	375	5.92e-30	119
WP_228942719.1	iEK1008.Rv3545c	28.2	316	196	8	77	389	116	403	1.16e-28	116
WP_228942722.1	iYO844.BSU30830	37.6	266	160	2	164	425	203	466	2.49e-53	184
WP_228942722.1	iYO844.BSU31990	41.1	263	143	2	167	418	125	386	2.21e-49	172
WP_228942722.1	iEK1008.Rv3215	42.2	256	133	4	183	425	115	368	2.46e-48	169
WP_228942724.1	iYS854.USA300HOU_RS06130	26.4	201	136	6	34	224	10	208	5.98e-11	62.4
WP_228942725.1	STM_v1_0.STM0984	43.0	207	117	1	5	210	347	553	1.30e-41	149
WP_228942725.1	iML1515.b0914	43.0	207	117	1	5	210	347	553	1.80e-41	148
WP_228942725.1	iSbBS512_1146.SbBS512_E2410	43.0	207	117	1	5	210	347	553	1.80e-41	148
WP_228942725.1	iSDY_1059.SDY_2344	43.0	207	117	1	5	210	347	553	1.80e-41	148
WP_228942725.1	iSF_1195.SF0910	43.0	207	117	1	5	210	347	553	1.80e-41	148
WP_228942725.1	iSSON_1240.SSON_0916	43.0	207	117	1	5	210	347	553	2.50e-41	148
WP_228942725.1	iPC815.YPO1395	43.0	207	117	1	5	210	347	553	2.50e-41	148
WP_228942725.1	iYL1228.KPN_00941	42.5	207	118	1	5	210	347	553	9.15e-41	146
WP_228942725.1	iAF987.Gmet_2634	45.3	201	109	1	5	205	346	545	1.15e-40	146
WP_228942725.1	iJN1463.PP_4935	41.1	202	118	1	9	209	364	565	1.05e-39	144
WP_228942725.1	iPC815.YPO1913	39.6	207	124	1	5	210	347	553	6.35e-37	136
WP_228942725.1	iCHOv1.100682535	36.0	211	134	1	1	210	395	605	4.99e-36	134
WP_228942725.1	iMM1415.18670	39.9	208	122	2	5	209	1036	1243	6.79e-36	134
WP_228942726.1	iEK1008.Rv0511	50.4	544	239	9	18	532	10	551	5.21e-149	439
WP_228942727.1	iEK1008.Rv0553	52.1	307	128	6	1	306	22	310	1.16e-81	250
WP_228942734.1	iCHOv1.100756635	25.6	133	91	3	68	192	86	218	1.85e-04	43.5
WP_228942734.1	iMM1415.14466	24.8	133	92	3	68	192	86	218	1.85e-04	43.5
WP_228942736.1	iYO844.BSU03070	22.4	398	300	5	40	434	27	418	1.11e-20	94.7
WP_228942739.1	iAF692.Mbar_A3057	37.6	149	84	3	22	169	10	150	5.81e-26	96.7
WP_228942739.1	iYO844.BSU13170	38.5	148	81	4	22	167	8	147	2.25e-25	95.1
WP_228942742.1	iJN1463.PP_2490	27.4	197	113	6	6	202	27	193	7.11e-07	48.5
WP_228942744.1	iLJ478.TM0809	35.3	204	122	6	215	411	103	303	1.44e-21	96.7
WP_228942744.1	iPC815.YPO1615	37.6	229	127	8	165	385	58	278	1.28e-20	92.4
WP_228942744.1	iCN718.ABAYE_RS16285	33.5	263	165	8	165	422	58	315	5.51e-20	90.5
WP_228942744.1	iJN1463.PP_2145	32.1	287	167	9	122	399	25	292	7.18e-20	90.1
WP_228942744.1	iML1515.b1107	36.7	226	133	7	165	385	58	278	1.39e-19	89.4
WP_228942744.1	iSF_1195.SF1111	36.7	226	133	7	165	385	58	278	2.54e-19	88.6
WP_228942744.1	iSDY_1059.SDY_2043	35.1	225	138	5	165	385	58	278	6.26e-19	87.4
WP_228942746.1	iNF517.LLMG_RS09975	31.0	319	207	6	29	342	26	336	2.78e-41	147
WP_228942746.1	iYO844.BSU16990	29.4	337	219	10	18	344	20	347	4.89e-39	141
WP_228942746.1	iYL1228.KPN_01853	29.1	344	227	8	4	342	1	332	1.47e-38	139
WP_228942746.1	iLB1027_lipid.PHATRDRAFT_52208	29.5	352	232	7	4	344	1	347	7.97e-38	138
WP_228942746.1	iSDY_1059.SDY_1608	28.8	319	208	7	31	342	36	342	3.32e-37	137
WP_228942746.1	iML1515.b1478	29.0	317	210	7	31	342	26	332	4.13e-37	135
WP_228942746.1	iJN1463.PP_3839	29.4	320	213	7	31	346	26	336	5.90e-36	132
WP_228942751.1	iYO844.BSU07990	32.9	280	181	5	25	298	2	280	2.35e-31	118
WP_228942751.1	iAF987.Gmet_3011	32.0	278	185	2	29	302	7	284	1.77e-30	115
WP_228942754.1	iEK1008.Rv1822	49.4	174	88	0	11	184	10	183	1.43e-56	179
WP_228942755.1	iHN637.CLJU_RS05215	40.0	65	37	1	186	248	127	191	5.25e-05	43.5
WP_228942757.1	iEK1008.Rv1832	61.8	970	333	9	1	961	1	941	0.0	1125
WP_228942757.1	iJN1463.PP_0988	58.4	957	383	7	10	962	5	950	0.0	1056
WP_228942757.1	iJN1463.PP_5192	56.1	964	411	7	1	960	1	956	0.0	1043
WP_228942763.1	iAF692.Mbar_A1414	34.9	63	39	2	55	117	5	65	2.36e-04	43.5
WP_228942766.1	iYS854.USA300HOU_RS06130	32.8	204	128	3	13	211	9	208	1.51e-29	118
WP_228942769.1	iML1515.b1985	27.3	407	243	10	7	383	40	423	3.35e-11	64.7
WP_228942771.1	iAF987.Gmet_0833	27.7	542	291	19	76	567	29	519	3.92e-41	160
WP_228942774.1	iCHOv1.100772204	41.0	554	282	13	4	530	43	578	4.96e-123	373
WP_228942774.1	iMM1415.218865	41.3	550	292	9	4	533	40	578	1.28e-122	372
WP_228942774.1	iML1515.b0311	39.8	545	299	10	7	533	3	536	2.63e-114	349
WP_228942774.1	iJN1463.PP_5064	39.8	543	302	10	5	531	3	536	1.35e-113	348
WP_228942774.1	iCN718.ABAYE_RS14300	38.8	544	311	8	5	533	4	540	2.52e-110	339
WP_228942775.1	iLB1027_lipid.PHATRDRAFT_20445	36.7	439	253	10	73	489	38	473	1.02e-74	245
WP_228942775.1	iEK1008.Rv1731	36.0	453	282	5	44	489	34	485	2.23e-69	231
WP_228942777.1	iML1515.b0837	27.1	362	201	14	77	399	25	362	2.58e-23	100
WP_228942777.1	iSbBS512_1146.SbBS512_E2507	27.1	362	201	14	77	399	25	362	2.58e-23	100
WP_228942777.1	iYL1228.KPN_00869	28.8	354	187	15	86	399	32	360	4.67e-23	99.4
WP_228942777.1	iSSON_1240.SSON_0820	26.8	362	202	14	77	399	25	362	1.21e-22	98.2
WP_228942777.1	iSF_1195.SF0787	28.0	275	165	9	77	320	25	297	1.67e-21	94.0
WP_228942783.1	iSbBS512_1146.SbBS512_E0493	25.9	351	242	5	18	367	19	352	2.54e-16	80.1
WP_228942783.1	iML1515.b0591	25.6	351	243	5	18	367	19	352	4.55e-16	79.3
WP_228942783.1	iSSON_1240.SSON_0542	25.6	351	243	5	18	367	19	352	4.55e-16	79.3
WP_228942783.1	iSDY_1059.SDY_0522	25.4	351	244	5	18	367	19	352	8.15e-16	78.6
WP_228942783.1	iSF_1195.SF0505	25.9	351	236	7	18	367	19	346	3.44e-14	73.6
WP_228942784.1	iEK1008.Rv1878	37.6	423	250	7	20	438	13	425	1.97e-62	209
WP_228942788.1	iAF692.Mbar_A0254	26.9	242	144	8	29	265	22	235	1.80e-16	79.0
WP_228942789.1	iAF987.Gmet_1914	29.4	102	70	2	6	107	3	102	6.13e-04	39.7
WP_228942792.1	iEK1008.Rv2936	38.6	223	130	3	33	250	7	227	1.33e-39	142
WP_228942793.1	iAF987.Gmet_1601	39.7	189	110	2	7	191	3	191	8.33e-28	107
WP_228942793.1	iYL1228.KPN_02061	37.6	186	111	3	11	191	4	189	1.10e-25	101
WP_228942793.1	iHN637.CLJU_RS17225	35.3	190	118	2	7	191	6	195	7.13e-25	99.4
WP_228942793.1	iYL1228.KPN_01091	32.2	233	147	3	11	232	7	239	6.31e-25	99.4
WP_228942793.1	iSynCJ816.SGL_RS07245	34.2	225	137	3	7	220	4	228	2.53e-24	97.8
WP_228942794.1	iCHOv1.100762189	23.8	416	308	6	31	438	69	483	1.64e-30	123
WP_228942794.1	iMM1415.13121	24.3	416	306	8	31	438	69	483	2.61e-29	119
WP_228942794.1	iCHOv1.100756748	25.8	403	270	8	39	421	11	404	9.22e-28	114
WP_228942794.1	iCHOv1.100768211	27.1	369	236	7	96	434	116	481	4.64e-27	113
WP_228942794.1	iCHOv1.100767921	27.7	382	227	10	91	434	114	484	8.67e-27	112
WP_228942799.1	iAF987.Gmet_1487	45.0	615	326	7	1	609	1	609	4.56e-161	474
WP_228942799.1	iAF987.Gmet_0104	43.1	617	335	8	1	609	1	609	1.19e-155	460
WP_228942799.1	iAF692.Mbar_A2022	40.6	621	353	5	1	609	1	617	8.80e-146	435
WP_228942799.1	iCN900.CD630_01200	39.5	618	357	6	1	609	1	610	6.33e-144	430
WP_228942800.1	iYS854.USA300HOU_RS07595	21.9	342	244	11	57	390	11	337	1.75e-10	63.2
WP_228942803.1	iJN1463.PP_0553	27.5	255	162	6	14	262	120	357	4.58e-11	62.0
WP_228942804.1	iAF987.Gmet_0043	27.6	243	161	6	699	932	30	266	1.51e-17	87.0
WP_228942805.1	iAF987.Gmet_1706	34.7	101	63	2	8	108	7	104	2.42e-11	58.9
WP_228942808.1	iJN1463.PP_2125	34.0	253	144	7	64	309	66	302	1.44e-23	98.2
WP_228942808.1	iYS854.USA300HOU_RS10305	28.1	235	163	3	62	294	52	282	2.18e-23	97.8
WP_228942808.1	iEK1008.Rv2252	33.5	254	156	8	61	307	60	307	1.37e-22	95.5
WP_228942810.1	iYO844.BSU24080	48.3	344	174	3	41	384	11	350	1.10e-95	290
WP_228942811.1	iAF987.Gmet_0043	28.6	262	172	7	357	612	14	266	2.27e-14	75.9
WP_228942812.1	iCHOv1.100760626	30.7	453	277	13	12	433	6	452	9.83e-40	148
WP_228942815.1	iYL1228.KPN_03264	41.8	91	53	0	30	120	14	104	1.63e-05	47.0
WP_228942815.1	iYL1228.KPN_03376	38.5	91	56	0	30	120	27	117	2.88e-05	46.2
WP_228942815.1	iSF_1195.SF2934	36.3	91	58	0	30	120	14	104	6.55e-05	45.1
WP_228942815.1	iML1515.b2943	36.3	91	58	0	30	120	27	117	1.16e-04	44.3
WP_228942815.1	iSbBS512_1146.SbBS512_E3375	36.3	91	58	0	30	120	27	117	1.16e-04	44.3
WP_228942815.1	iSDY_1059.SDY_3129	36.3	91	58	0	30	120	27	117	1.16e-04	44.3
WP_228942815.1	iSSON_1240.SSON_3097	36.3	91	58	0	30	120	27	117	1.16e-04	44.3
WP_228942815.1	STM_v1_0.STM3091	35.2	91	59	0	30	120	27	117	2.67e-04	43.1
WP_228942818.1	iEK1008.Rv0803	67.2	753	239	5	8	756	2	750	0.0	974
WP_228942822.1	iEK1008.Rv0780	53.9	293	125	5	12	300	3	289	1.66e-102	301
WP_228942824.1	iPC815.YPO0126	35.8	576	319	11	84	609	103	677	9.58e-104	330
WP_228942824.1	iYL1228.KPN_03786	35.7	599	320	12	70	609	81	673	2.58e-103	328
WP_228942824.1	iJN1463.PP_4052	36.3	647	340	18	15	596	14	653	7.97e-98	314
WP_228942824.1	iSF_1195.SF3439	35.1	584	310	14	84	609	100	672	1.97e-95	308
WP_228942824.1	STM_v1_0.STM3513	35.3	578	317	11	84	609	98	670	2.63e-95	307
WP_228942824.1	iSDY_1059.SDY_3660	35.1	584	310	14	84	609	100	672	5.41e-95	306
WP_228942824.1	iML1515.b3416	35.1	584	310	14	84	609	100	672	7.57e-95	306
WP_228942824.1	iSSON_1240.SSON_3548	34.9	584	311	14	84	609	100	672	1.48e-94	305
WP_228942824.1	iSbBS512_1146.SbBS512_E3797	34.8	581	316	12	84	609	100	672	2.91e-94	305
WP_228942825.1	iYO844.BSU03070	26.1	426	280	13	34	448	15	416	1.11e-24	106
WP_228942827.1	iYS854.USA300HOU_RS06130	32.8	265	170	4	12	273	8	267	1.57e-38	144
WP_228942829.1	iJN1463.PP_4862	42.4	238	127	6	27	256	7	242	3.33e-44	149
WP_228942829.1	STM_v1_0.STM1511	38.9	247	144	4	24	264	2	247	6.21e-43	146
WP_228942829.1	iYL1228.KPN_01590	40.2	249	142	5	24	266	2	249	2.51e-42	144
WP_228942829.1	iSF_1195.SF1556	40.1	247	141	5	24	264	2	247	2.45e-42	144
WP_228942829.1	iMM904.YMR226C	40.5	252	135	5	26	264	17	266	7.99e-42	144
WP_228942829.1	iSDY_1059.SDY_1586	40.1	247	141	5	24	264	2	247	4.86e-42	144
WP_228942829.1	iML1515.b1539	38.9	247	144	4	24	264	2	247	6.85e-42	143
WP_228942829.1	iSSON_1240.SSON_1589	38.9	247	144	4	24	264	2	247	6.85e-42	143
WP_228942829.1	iSbBS512_1146.SbBS512_E1701	38.5	247	145	4	24	264	2	247	7.53e-41	140
WP_228942830.1	iAF987.Gmet_2629	33.9	434	259	10	11	434	389	804	1.16e-44	166
WP_228942830.1	iAF987.Gmet_0957	34.2	430	255	10	11	429	199	611	5.66e-45	165
WP_228942830.1	iAF987.Gmet_0700	33.4	431	264	10	11	433	398	813	2.49e-43	162
WP_228942830.1	iAF987.Gmet_0987	32.4	441	263	12	11	437	364	783	3.46e-40	153
WP_228942830.1	iJN1463.PP_1144	33.6	441	262	10	11	439	293	714	4.69e-39	149
WP_228942831.1	iJN1463.PP_2872	27.9	280	180	9	32	301	11	278	2.59e-09	57.0
WP_228942833.1	iYO844.BSU00900	32.0	225	142	3	8	227	5	223	1.75e-27	105
WP_228942833.1	iSynCJ816.SGL_RS11415	33.5	224	137	5	12	229	7	224	3.58e-25	99.4
WP_228942834.1	iCN900.CD630_00360	52.2	301	144	0	23	323	21	321	2.33e-107	315
WP_228942835.1	iPC815.YPO0160	45.2	104	56	1	13	115	3	106	1.28e-23	87.4
WP_228942835.1	iEK1008.Rv0253	49.0	96	48	1	14	108	10	105	5.44e-22	83.6
WP_228942835.1	STM_v1_0.STM3475	42.2	102	58	1	13	113	3	104	8.35e-22	82.8
WP_228942835.1	iML1515.b3366	39.2	102	61	1	13	113	3	104	1.35e-20	79.7
WP_228942835.1	iSbBS512_1146.SbBS512_E3742	39.2	102	61	1	13	113	3	104	1.35e-20	79.7
WP_228942835.1	iSDY_1059.SDY_3528	39.2	102	61	1	13	113	3	104	1.35e-20	79.7
WP_228942835.1	iSSON_1240.SSON_3497	39.2	102	61	1	13	113	3	104	1.35e-20	79.7
WP_228942835.1	iSF_1195.SF3385	39.2	102	61	1	13	113	3	104	1.91e-20	79.3
WP_228942836.1	iCHOv1.100768542	30.0	300	157	14	210	459	179	475	7.48e-21	95.5
WP_228942836.1	iMM1415.211389	30.1	286	153	13	218	459	194	476	5.59e-20	92.8
WP_228942836.1	iAT_PLT_636.6821	28.4	331	180	15	210	486	186	513	1.34e-19	91.7
WP_228942838.1	iSSON_1240.SSON_0492	46.0	472	232	9	3	466	2	458	2.50e-127	377
WP_228942838.1	iAF987.Gmet_0057	43.9	494	241	9	1	468	1	484	1.52e-126	376
WP_228942838.1	iYL1228.KPN_00482	45.5	470	237	8	3	466	2	458	1.41e-126	375
WP_228942838.1	iSbBS512_1146.SbBS512_E0448	45.6	472	234	9	3	466	2	458	5.67e-126	374
WP_228942838.1	iSF_1195.SF0457	45.6	472	234	9	3	466	2	458	3.21e-125	372
WP_228942838.1	iSDY_1059.SDY_0278	45.3	472	235	9	3	466	2	458	5.15e-124	369
WP_228942838.1	STM_v1_0.STM0537	44.8	471	239	9	3	466	2	458	4.13e-123	366
WP_228942838.1	iPC815.YPO3073	44.2	471	242	9	3	466	2	458	2.99e-120	359
WP_228942838.1	iJN1463.PP_2905	44.3	474	243	9	3	470	2	460	1.34e-115	347
WP_228942841.1	iYL1228.KPN_00344	34.0	541	313	10	62	579	54	573	1.99e-90	291
WP_228942841.1	STM_v1_0.STM0401	33.0	551	334	9	33	565	26	559	1.99e-90	291
WP_228942841.1	iSSON_1240.SSON_0380	32.7	566	344	10	33	579	27	574	6.15e-88	285
WP_228942841.1	iML1515.b0403	32.4	561	342	10	33	574	26	568	8.40e-88	285
WP_228942841.1	iSF_1195.SF0340	32.3	561	343	10	33	574	27	569	2.50e-86	281
WP_228942841.1	iPC815.YPO3200	33.3	522	314	8	76	579	65	570	2.38e-82	270
WP_228942844.1	iJN1463.PP_5357	43.2	273	153	1	3	273	7	279	2.95e-68	213
WP_228942844.1	iYL1228.KPN_01974	41.0	283	164	1	3	282	4	286	3.84e-62	197
WP_228942844.1	iPC815.YPO2368	41.5	284	161	3	3	282	4	286	2.16e-61	195
WP_228942844.1	STM_v1_0.STM1450	39.6	283	168	1	3	282	4	286	3.06e-61	195
WP_228942844.1	iSF_1195.SF1661	40.3	283	166	1	3	282	5	287	3.54e-60	192
WP_228942848.1	iSynCJ816.SGL_RS06270	23.8	294	222	2	60	352	84	376	1.88e-14	73.6
WP_228942849.1	iCHOv1.100753544	29.8	349	184	8	16	354	3	300	1.72e-35	130
WP_228942853.1	iEK1008.Rv0486	57.1	417	149	5	1	408	49	444	3.11e-147	426
WP_228942854.1	iEK1008.Rv3581c	58.8	136	55	1	3	138	24	158	1.68e-44	143
WP_228942855.1	iCN718.ABAYE_RS12975	36.0	353	179	9	3	322	2	340	2.29e-50	171
WP_228942855.1	iYO844.BSU09530	38.0	303	168	7	3	301	2	288	7.01e-47	161
WP_228942856.1	iAF987.Gmet_1282	33.8	222	136	5	4	219	8	224	6.64e-31	116
WP_228942856.1	iEK1008.Rv2936	28.2	341	200	5	4	326	6	319	1.44e-29	115
WP_228942856.1	iYO844.BSU02750	31.7	205	135	2	25	224	20	224	5.13e-28	108
WP_228942856.1	iYL1228.KPN_00213	30.9	230	147	5	5	224	1	228	1.63e-26	107
WP_228942856.1	iEK1008.Rv2397c	33.6	214	136	3	16	224	10	222	9.21e-26	105
WP_228942859.1	iEK1008.Rv2220	71.2	472	133	1	6	474	7	478	1.16e-260	716
WP_228942871.1	iJN1463.PP_1494	32.1	106	71	1	2	107	17	121	3.97e-07	49.3
WP_228942873.1	iEK1008.Rv2936	38.4	237	138	4	2	231	8	243	4.99e-33	123
WP_228942873.1	iCN900.CD630_16140	35.8	204	127	3	16	215	39	242	1.43e-29	112
WP_228942883.1	iNF517.LLMG_RS08890	39.2	79	48	0	8	86	455	533	8.09e-11	56.6
WP_228942884.1	iSynCJ816.SGL_RS08475	32.1	218	118	8	41	252	9	202	1.56e-18	84.3
WP_228942886.1	iEK1008.Rv0202c	30.6	715	454	15	60	743	14	717	1.46e-67	240
WP_228942887.1	iEK1008.Rv1600	52.4	357	163	4	4	358	14	365	3.57e-112	332
WP_228942888.1	iEK1008.Rv1599	58.5	441	175	2	1	436	1	438	1.30e-162	465
WP_228942894.1	iEK1008.Rv2152c	48.8	484	221	8	10	472	6	483	2.43e-121	363
WP_228942895.1	iML1515.b0089	36.4	343	212	4	73	411	55	395	3.07e-51	178
WP_228942895.1	iJN1463.PP_1336	34.5	351	224	3	66	411	25	374	9.60e-50	174
WP_228942896.1	iEK1008.Rv2158c	51.9	493	223	9	24	508	36	522	1.88e-140	415
WP_228942903.1	iCN900.CD630_26230	30.7	225	146	4	5	222	11	232	5.02e-23	92.8
WP_228942903.1	iIS312.TCDM_08914	35.7	210	117	9	26	222	35	239	1.37e-19	84.0
WP_228942906.1	iSynCJ816.SGL_RS13165	30.8	464	301	8	6	455	11	468	9.45e-59	199
WP_228942906.1	iAT_PLT_636.4129	33.6	450	288	9	17	457	6	453	1.45e-56	195
WP_228942906.1	iMM1415.109731	32.4	454	288	10	17	457	6	453	7.78e-55	190
WP_228942906.1	iCHOv1.100760815	31.6	450	297	9	17	457	391	838	1.23e-52	189
WP_228942906.1	iMM1415.17161	31.1	450	299	9	17	457	15	462	1.71e-53	187
WP_228942906.1	iAT_PLT_636.4128	30.8	451	297	10	17	456	15	461	6.53e-52	182
WP_228942907.1	iJN1463.PP_1478	32.1	352	201	9	22	355	2	333	1.02e-32	126
WP_228942907.1	iJN1463.PP_2008	30.4	319	203	8	36	352	35	336	3.88e-30	122
WP_228942909.1	iSynCJ816.SGL_RS09640	36.2	218	135	1	76	289	79	296	4.84e-29	112
WP_228942913.1	iCN718.ABAYE_RS03570	38.5	192	95	5	4	184	5	184	1.69e-29	107
WP_228942915.1	iML1515.b2917	38.3	666	375	13	6	664	71	707	5.68e-122	379
WP_228942915.1	iSSON_1240.SSON_3068	38.3	666	375	13	6	664	71	707	5.68e-122	379
WP_228942915.1	iSF_1195.SF2902	38.1	666	376	13	6	664	71	707	4.39e-121	376
WP_228942915.1	iEK1008.Rv1493	36.6	678	390	11	5	670	97	746	1.65e-115	363
WP_228942915.1	iAF987.Gmet_3251	41.7	496	263	6	8	502	77	547	1.75e-111	346
WP_228942915.1	iAT_PLT_636.4594	35.0	646	392	8	6	647	103	724	1.44e-107	342
WP_228942916.1	iYS854.USA300HOU_RS10275	32.7	147	99	0	1	147	1	147	2.93e-18	77.0
WP_228942919.1	iEK1008.Rv1905c	38.5	314	184	4	2	308	6	317	1.19e-54	180
WP_228942922.1	iEK1008.Rv0468	48.7	279	141	2	21	297	8	286	3.16e-74	238
WP_228942922.1	iCN900.CD630_10580	45.2	279	153	0	326	604	2	280	1.58e-72	234
WP_228942922.1	iAF987.Gmet_2072	43.9	278	154	2	21	297	5	281	5.34e-69	224
WP_228942922.1	iAF987.Gmet_1717	44.6	280	155	0	324	603	2	281	1.12e-67	221
WP_228942922.1	iJN1463.PP_3755	43.0	277	158	0	21	297	6	282	1.15e-67	221
WP_228942922.1	iLB1027_lipid.PHATRDRAFT_39681	43.0	291	163	2	11	298	30	320	3.73e-65	216
WP_228942922.1	iYO844.BSU24160	43.0	277	156	2	23	298	8	283	1.50e-65	216
WP_228942924.1	iAF987.Gmet_0043	27.7	249	159	7	171	400	20	266	2.18e-10	62.0
WP_228942925.1	iYL1228.KPN_00842	26.8	298	186	11	25	316	14	285	2.24e-07	51.2
WP_228942925.1	iJN1463.PP_2239	26.3	308	190	11	24	326	16	291	3.00e-07	50.8
WP_228942925.1	STM_v1_0.STM0832	27.5	306	181	13	25	323	16	287	3.00e-07	50.8
WP_228942929.1	iYS854.USA300HOU_RS11370	23.4	222	148	8	313	519	151	365	8.44e-05	45.1
WP_228942929.1	iYO844.BSU36830	26.1	230	132	10	313	519	151	365	2.55e-04	43.5
WP_228942929.1	iNF517.LLMG_RS09745	24.3	222	146	9	313	519	151	365	3.36e-04	43.1
WP_228942932.1	iEK1008.Rv0505c	31.2	260	169	4	1	258	120	371	1.71e-22	94.7
WP_228942933.1	iAF987.Gmet_0844	42.5	106	57	3	40	141	35	140	7.49e-11	61.6
WP_228942934.1	iAF987.Gmet_3476	37.8	127	69	7	10	131	7	128	7.28e-08	52.4
WP_228942934.1	iAF987.Gmet_1919	30.6	121	80	2	13	131	1	119	2.75e-07	50.4
WP_228942936.1	iYO844.BSU38240	31.3	492	299	11	17	490	16	486	1.27e-48	175
WP_228942936.1	iAF987.Gmet_0739	31.8	462	284	11	12	449	85	539	7.02e-47	172
WP_228942936.1	iAF987.Gmet_3031	31.1	514	304	13	2	492	3	489	2.80e-45	166
WP_228942936.1	iAF987.Gmet_3288	30.2	460	286	8	12	445	80	530	4.38e-43	162
WP_228942936.1	iJN1463.PP_1743	29.4	489	295	11	17	481	50	512	1.73e-42	159
WP_228942937.1	iEK1008.Rv2393	32.9	225	133	8	4	220	47	261	8.34e-15	71.6
WP_228942939.1	iAF987.Gmet_3235	27.8	263	173	9	21	280	257	505	2.35e-09	58.5
WP_228942940.1	iEK1008.Rv0252	59.9	847	307	11	7	837	14	843	0.0	927
WP_228942940.1	iCN718.ABAYE_RS08070	54.2	841	362	9	9	837	3	832	3.93e-303	855
WP_228942940.1	iJN1463.PP_1705	55.1	839	360	10	6	838	10	837	1.03e-298	844
WP_228942940.1	iSDY_1059.SDY_3527	52.5	838	379	9	9	838	6	832	7.51e-298	842
WP_228942940.1	iML1515.b3365	52.4	838	380	9	9	838	6	832	8.60e-297	839
WP_228942940.1	iSbBS512_1146.SbBS512_E3741	52.4	838	380	9	9	838	6	832	8.60e-297	839
WP_228942940.1	iSF_1195.SF3384	52.4	838	380	9	9	838	6	832	8.60e-297	839
WP_228942940.1	iSSON_1240.SSON_3496	52.4	838	380	9	9	838	6	832	8.60e-297	839
WP_228942941.1	iJN1463.PP_1705	38.8	492	252	14	4	476	12	473	2.71e-72	244
WP_228942942.1	iEK1008.Rv0267	46.1	473	206	7	40	504	23	454	1.21e-127	380
WP_228942943.1	iEK1008.Rv0125	27.6	156	101	5	231	374	90	245	8.92e-05	43.9
WP_228942946.1	iSynCJ816.SGL_RS08475	30.7	166	104	6	31	191	13	172	1.48e-11	62.4
WP_228942946.1	iJN1463.PP_4144	30.6	124	83	2	34	154	16	139	6.70e-11	60.8
WP_228942946.1	iSDY_1059.SDY_0231	29.2	178	118	6	29	204	10	181	8.46e-11	60.5
WP_228942946.1	iSbBS512_1146.SbBS512_E0208	30.3	155	100	6	29	181	10	158	1.15e-10	60.1
WP_228942946.1	iSSON_1240.SSON_0226	30.3	155	100	6	29	181	10	158	1.15e-10	60.1
WP_228942946.1	iML1515.b0212	30.3	155	100	6	29	181	10	158	2.12e-10	59.3
WP_228942948.1	iMM904.YDL100C	25.5	153	106	4	49	194	37	188	2.90e-06	48.5
WP_228942950.1	iYO844.BSU03310	43.9	659	354	7	17	667	54	704	8.28e-176	518
WP_228942957.1	iEK1008.Rv2678c	56.1	353	139	4	9	346	5	356	3.38e-124	360
WP_228942960.1	iHN637.CLJU_RS19410	28.9	253	155	11	59	300	29	267	7.85e-13	69.3
WP_228942960.1	iLB1027_lipid.PHATRDRAFT_20310	26.0	219	143	6	49	260	71	277	5.28e-11	63.9
WP_228942961.1	iYO844.BSU08860	49.0	355	167	4	8	360	5	347	4.92e-111	329
WP_228942961.1	iPC815.YPO3625	49.6	359	167	3	4	360	3	349	1.20e-110	328
WP_228942961.1	iJN1463.PP_0238	49.9	359	166	5	4	360	3	349	1.36e-109	326
WP_228942961.1	iML1515.b0935	49.3	359	168	3	4	360	3	349	1.87e-109	325
WP_228942961.1	iYL1228.KPN_00971	50.1	359	165	5	4	360	3	349	5.30e-109	324
WP_228942961.1	iSF_1195.SF0934	49.3	359	168	3	4	360	3	349	7.50e-109	324
WP_228942962.1	iJN1463.PP_2764	36.0	150	86	4	6	146	55	203	1.48e-10	57.8
WP_228942962.1	iML1515.b0937	31.1	148	93	3	6	144	2	149	8.75e-10	55.1
WP_228942962.1	iSbBS512_1146.SbBS512_E2381	31.1	148	93	3	6	144	2	149	8.75e-10	55.1
WP_228942962.1	iSSON_1240.SSON_0940	30.4	148	94	3	6	144	2	149	1.67e-09	54.3
WP_228942962.1	iSF_1195.SF0936	30.4	148	94	3	6	144	2	149	2.30e-09	53.9
WP_228942962.1	iSDY_1059.SDY_2319	29.7	148	95	2	6	144	2	149	3.18e-09	53.5
WP_228942963.1	iEK1008.Rv2677c	36.6	478	253	14	6	469	2	443	3.97e-51	179
WP_228942964.1	iLB1027_lipid.PHATRDRAFT_50806	32.7	223	124	8	8	205	10	231	9.21e-28	110
WP_228942965.1	iEK1008.Rv2674	61.1	126	47	2	5	128	6	131	2.05e-52	161
WP_228942966.1	iJN1463.PP_0316	28.1	363	226	6	28	356	6	367	1.38e-35	132
WP_228942967.1	iEK1008.Rv3229c	54.7	371	164	1	1	367	1	371	1.27e-146	422
WP_228942974.1	iCN718.ABAYE_RS02190	54.5	396	179	1	1	395	12	407	2.34e-140	405
WP_228942974.1	iML1515.b2913	51.0	398	191	3	1	395	11	407	9.99e-132	384
WP_228942974.1	iSDY_1059.SDY_3169	51.0	398	191	3	1	395	11	407	9.99e-132	384
WP_228942974.1	iSF_1195.SF2898	51.0	398	191	3	1	395	11	407	9.99e-132	384
WP_228942974.1	iSSON_1240.SSON_3065	51.0	398	191	3	1	395	11	407	9.99e-132	384
WP_228942974.1	iSbBS512_1146.SbBS512_E3333	51.0	398	191	3	1	395	11	407	5.70e-131	382
WP_228942974.1	STM_v1_0.STM3062	50.8	398	192	3	1	395	11	407	2.13e-128	375
WP_228942974.1	iYL1228.KPN_03348	50.3	398	194	3	1	395	11	407	3.01e-128	375
WP_228942974.1	iJN1463.PP_5155	50.9	393	192	1	1	392	11	403	5.85e-128	374
WP_228942976.1	iYS854.USA300HOU_RS07520	33.0	106	64	2	51	153	54	155	6.69e-09	54.3
WP_228942977.1	iAF692.Mbar_A2397	39.4	251	149	2	2	252	3	250	5.17e-51	167
WP_228942977.1	iJN1463.PP_4687	44.1	245	126	4	1	240	1	239	5.17e-51	167
WP_228942977.1	iJN1463.PP_2416	41.3	252	133	3	6	257	16	252	7.02e-50	164
WP_228942977.1	iYL1228.KPN_00166	41.8	232	134	1	7	238	17	247	2.38e-48	160
WP_228942977.1	iPC815.YPO3392	41.4	232	135	1	7	238	16	246	4.61e-48	160
WP_228942977.1	iML1515.b4287	40.0	230	134	2	10	238	11	237	5.64e-47	157
WP_228942977.1	iSF_1195.SF0143	40.5	232	137	1	7	238	17	247	7.42e-47	157
WP_228942977.1	iSSON_1240.SSON_0163	40.5	232	137	1	7	238	17	247	7.42e-47	157
WP_228942977.1	iML1515.b0151	40.5	232	137	1	7	238	17	247	1.05e-46	156
WP_228942977.1	iSDY_1059.SDY_0167	40.5	232	137	1	7	238	17	247	1.05e-46	156
WP_228942977.1	STM_v1_0.STM0192	41.4	232	135	1	7	238	17	247	1.47e-46	156
WP_228942977.1	iSbBS512_1146.SbBS512_E0143	40.5	232	137	1	7	238	17	247	1.47e-46	156
WP_228942977.1	iSSON_1240.SSON_4459	39.6	230	135	2	10	238	11	237	1.58e-46	155
WP_228942977.1	iYS854.USA300HOU_RS03500	38.0	234	144	1	7	240	9	241	1.28e-44	151
WP_228942978.1	iLJ478.TM0080	24.2	293	190	7	42	326	55	323	6.94e-12	65.1
WP_228942979.1	iJN1463.PP_2417	41.8	337	181	9	34	364	8	335	2.09e-62	202
WP_228942984.1	iEK1008.Rv0075	38.7	380	224	8	5	378	9	385	7.00e-71	226
WP_228942984.1	iEK1008.Rv2294	40.4	416	197	12	2	381	6	406	9.53e-69	221
WP_228942985.1	iYO844.BSU03930	30.7	192	124	4	18	208	5	188	1.67e-20	88.2
WP_228942985.1	iNF517.LLMG_RS08950	25.8	252	163	5	21	266	6	239	4.32e-19	84.0
WP_228942985.1	iAF987.Gmet_1601	30.5	243	154	4	18	254	3	236	8.67e-19	83.2
WP_228942985.1	iHN637.CLJU_RS20765	30.9	188	122	3	21	208	7	186	6.17e-18	80.9
WP_228942987.1	iJN1463.PP_2008	56.9	677	280	5	16	684	21	693	4.35e-255	719
WP_228942989.1	iYL1228.KPN_00838	48.1	239	124	0	20	258	1	239	8.16e-77	232
WP_228942989.1	iNF517.LLMG_RS09915	49.6	242	122	0	18	259	3	244	1.32e-76	232
WP_228942989.1	iYS854.USA300HOU_RS09925	47.7	241	126	0	19	259	2	242	9.98e-76	229
WP_228942989.1	iJN1463.PP_3597	50.0	240	120	0	20	259	20	259	5.04e-75	228
WP_228942989.1	iSDY_1059.SDY_0787	47.7	239	125	0	20	258	1	239	2.66e-75	228
WP_228942989.1	iSSON_1240.SSON_0789	47.7	239	125	0	20	258	1	239	2.66e-75	228
WP_228942989.1	iML1515.b0809	47.7	239	125	0	20	258	1	239	3.77e-75	228
WP_228942989.1	iSbBS512_1146.SbBS512_E2539	47.7	239	125	0	20	258	1	239	3.77e-75	228
WP_228942989.1	iCN900.CD630_07520	48.3	234	121	0	26	259	7	240	5.35e-75	228
WP_228942989.1	STM_v1_0.STM0828	47.3	239	126	0	20	258	1	239	1.07e-74	227
WP_228942989.1	iSF_1195.SF0760	47.7	239	125	0	20	258	1	239	1.07e-74	227
WP_228942989.1	iSynCJ816.SGL_RS08035	49.8	243	119	1	19	258	7	249	3.16e-74	226
WP_228942989.1	iYO844.BSU27430	47.0	234	124	0	26	259	7	240	3.73e-73	223
WP_228942989.1	iPC815.YPO2514	47.6	231	121	0	28	258	9	239	1.99e-72	221
WP_228942989.1	iYO844.BSU03590	47.5	244	124	1	20	259	1	244	7.08e-72	220
WP_228942989.1	iSbBS512_1146.SbBS512_E2684	50.0	254	115	2	18	259	3	256	9.69e-72	220
WP_228942989.1	iSF_1195.SF2382	50.0	254	115	2	18	259	3	256	9.69e-72	220
WP_228942989.1	iSSON_1240.SSON_2364	50.0	254	115	2	18	259	3	256	9.69e-72	220
WP_228942989.1	iSDY_1059.SDY_2505	50.0	254	115	2	18	259	3	256	1.37e-71	219
WP_228942989.1	iML1515.b2306	49.6	254	116	2	18	259	3	256	3.90e-71	218
WP_228942989.1	iJN1463.PP_1300	48.0	244	127	0	16	259	10	253	3.55e-71	218
WP_228942989.1	iYO844.BSU23960	45.4	240	131	0	20	259	1	240	9.18e-71	217
WP_228942989.1	iNF517.LLMG_RS09720	46.7	244	130	0	16	259	2	245	1.62e-70	216
WP_228942989.1	STM_v1_0.STM2351	48.0	254	120	2	18	259	4	257	1.84e-69	214
WP_228942989.1	iJN1463.PP_1068	46.3	242	128	1	20	259	13	254	2.45e-69	214
WP_228942989.1	iJN1463.PP_0283	47.4	249	118	2	19	255	6	253	2.53e-69	214
WP_228942989.1	iML1515.b1917	48.2	245	121	1	21	259	4	248	2.88e-69	213
WP_228942989.1	iYL1228.KPN_02696	48.6	251	117	2	21	259	6	256	5.78e-68	210
WP_228942989.1	iPC815.YPO2777	50.0	250	113	4	18	255	11	260	7.40e-68	210
WP_228942989.1	iCN718.ABAYE_RS06340	49.2	242	111	4	26	255	12	253	8.44e-68	210
WP_228942989.1	iML1515.b0652	47.4	232	122	0	28	259	9	240	4.98e-68	210
WP_228942989.1	iSSON_1240.SSON_0606	47.4	232	122	0	28	259	9	240	4.98e-68	210
WP_228942989.1	iSF_1195.SF0629	47.4	232	122	0	28	259	9	240	7.05e-68	209
WP_228942989.1	iJN1463.PP_0225	48.0	246	122	1	20	259	1	246	1.41e-67	209
WP_228942990.1	iJN1463.PP_2805	49.9	481	238	2	24	502	9	488	2.46e-173	497
WP_228942990.1	iCN718.ABAYE_RS02690	49.3	483	235	6	25	501	3	481	7.33e-162	468
WP_228942993.1	iEK1008.Rv0860	63.9	720	250	4	11	725	6	720	5.61e-298	832
WP_228942994.1	iCHOv1.100761226	40.4	188	104	4	16	202	909	1089	1.72e-26	107
WP_228942994.1	iMM1415.11303	38.3	193	101	4	16	202	909	1089	1.07e-25	105
WP_228942994.1	iYO844.BSU02750	32.7	202	129	2	20	220	18	213	4.18e-27	104
WP_228942996.1	iJN1463.PP_2437	57.1	417	161	4	1	417	6	404	2.51e-166	473
WP_228942997.1	iCN718.ABAYE_RS13080	30.3	254	157	5	16	251	18	269	6.57e-25	99.8
WP_228942997.1	iCN718.ABAYE_RS13055	32.1	243	145	5	16	240	17	257	8.98e-25	99.4
WP_228942997.1	iLJ478.TM1724	33.7	187	109	2	16	187	9	195	1.40e-23	95.5
WP_228942997.1	iHN637.CLJU_RS17225	33.0	188	110	2	16	187	12	199	1.10e-22	93.2
WP_228942997.1	iCN900.CD630_26790	29.7	185	115	1	15	184	7	191	1.77e-22	92.8
WP_228942997.1	iSynCJ816.SGL_RS07245	34.0	188	108	2	16	187	10	197	2.01e-22	92.4
WP_228942997.1	iCN718.ABAYE_RS13105	34.9	189	96	5	17	183	11	194	1.02e-21	91.3
WP_228942998.1	iMM1415.102632	32.5	338	208	11	24	348	18	348	1.38e-41	155
WP_228942998.1	iCHOv1.100763073	33.1	338	206	12	24	348	18	348	1.87e-41	154
WP_228942998.1	iEK1008.Rv3761c	34.5	319	183	11	22	326	8	314	2.89e-39	142
WP_228943001.1	iMM904.YMR226C	28.6	220	136	7	3	206	15	229	4.30e-14	69.7
WP_228943001.1	iJN1463.PP_2794	33.0	200	118	6	5	201	17	203	1.64e-12	65.1
WP_228943001.1	iEK1008.Rv1928c	28.2	202	137	4	5	204	15	210	7.79e-12	63.2
WP_228943001.1	iYS854.USA300HOU_RS06185	29.7	195	129	4	3	196	4	191	6.96e-12	63.2
WP_228943005.1	iJN1463.PP_4210	41.8	225	130	1	4	227	5	229	1.57e-47	166
WP_228943005.1	iCN900.CD630_19470	40.5	222	131	1	2	222	7	228	5.15e-48	157
WP_228943005.1	iEK1008.Rv0073	44.5	200	111	0	17	216	16	215	5.06e-44	150
WP_228943009.1	iEK1008.Rv0322	58.2	419	173	1	1	417	19	437	2.50e-163	466
WP_228943010.1	iEK1008.Rv1143	52.0	346	163	2	5	349	2	345	2.48e-123	360
WP_228943010.1	iEK1008.Rv0855	53.8	346	157	2	6	350	5	348	5.53e-122	356
WP_228943014.1	iYO844.BSU26640	25.8	186	130	3	7	190	1	180	1.28e-12	67.8
WP_228943017.1	iCN718.ABAYE_RS04585	32.7	447	221	9	68	448	45	477	2.13e-61	212
WP_228943019.1	iEK1008.Rv2182c	45.6	215	115	2	2	215	3	216	3.84e-61	191
WP_228943024.1	iCHOv1.100751291	32.4	188	118	4	13	193	53	238	1.73e-18	82.8
WP_228943024.1	iML1515.b1093	32.1	184	118	2	13	193	8	187	4.71e-18	80.5
WP_228943024.1	iSbBS512_1146.SbBS512_E2231	32.1	184	118	2	13	193	8	187	4.71e-18	80.5
WP_228943024.1	iSDY_1059.SDY_2057	32.1	184	118	2	13	193	8	187	4.71e-18	80.5
WP_228943024.1	iSF_1195.SF1097	32.1	184	118	2	13	193	8	187	4.71e-18	80.5
WP_228943024.1	iSSON_1240.SSON_1113	32.1	184	118	2	13	193	8	187	4.71e-18	80.5
WP_228943024.1	iCN718.ABAYE_RS09965	33.0	191	123	3	13	199	10	199	1.61e-17	79.3
WP_228943024.1	iYL1228.KPN_01091	31.5	184	119	2	13	193	8	187	6.27e-17	77.4
WP_228943024.1	iSynCJ816.SGL_RS07245	30.0	233	149	4	13	232	9	240	6.56e-17	77.4
WP_228943024.1	iCN718.ABAYE_RS14915	33.7	184	115	2	13	193	8	187	1.65e-16	76.3
WP_228943024.1	iJN1463.PP_2794	31.6	244	155	6	13	252	16	251	6.96e-16	74.7
WP_228943025.1	iAF692.Mbar_A0352	39.1	69	39	2	1	66	1	69	6.85e-07	48.9
WP_228943028.1	iEK1008.Rv3214	47.4	173	86	2	6	173	10	182	9.15e-50	159
WP_228943035.1	iML1515.b0597	46.5	114	59	2	28	140	24	136	2.16e-26	96.3
WP_228943035.1	iML1515.b1686	44.3	122	66	2	20	140	16	136	6.73e-25	92.4
WP_228943039.1	iSynCJ816.SGL_RS12165	33.0	373	174	11	18	328	12	370	3.11e-50	171
WP_228943041.1	iEK1008.Rv3859c	66.8	1536	462	13	12	1514	7	1527	0.0	1979
WP_228943042.1	STM_v1_0.STM3002	25.0	244	157	6	26	249	16	253	8.63e-10	58.5
WP_228943043.1	iEK1008.Rv1612	64.6	412	139	3	1	411	1	406	3.10e-183	516
WP_228943047.1	iEK1008.Rv1613	56.6	249	99	2	1	249	28	267	5.47e-89	264
WP_228943048.1	STM_v1_0.STM2774	36.4	464	284	4	127	584	121	579	2.81e-63	226
WP_228943048.1	iJN1463.PP_4935	31.9	586	363	11	16	582	20	588	4.60e-62	216
WP_228943048.1	iSDY_1059.SDY_1025	35.1	524	323	9	69	583	64	579	1.07e-58	213
WP_228943048.1	iPC815.YPO1395	31.7	567	362	10	31	582	19	575	1.14e-60	211
WP_228943048.1	STM_v1_0.STM0984	34.9	384	242	3	202	582	197	575	2.89e-58	205
WP_228943048.1	iYL1228.KPN_00941	30.4	556	370	8	38	582	26	575	7.65e-58	204
WP_228943050.1	iEK1008.Rv1659	67.2	461	147	2	3	463	2	458	2.80e-217	606
WP_228943051.1	iSynCJ816.SGL_RS05525	33.8	71	41	2	11	80	22	87	4.63e-04	38.1
WP_228943052.1	iEK1008.Rv1655	56.7	386	163	2	7	388	11	396	1.65e-143	413
WP_228943053.1	iEK1008.Rv1653	53.5	391	170	4	3	383	16	404	1.19e-124	365
WP_228943055.1	iEK1008.Rv1652	61.3	344	126	2	7	345	11	352	1.02e-140	402
WP_228943056.1	iAF987.Gmet_1416	35.8	829	483	14	6	824	6	795	3.82e-141	436
WP_228943059.1	iYL1228.KPN_00970	46.7	246	131	0	26	271	7	252	4.42e-72	221
WP_228943059.1	iJN1463.PP_0239	46.6	238	127	0	34	271	16	253	1.89e-71	220
WP_228943059.1	iCN718.ABAYE_RS19055	46.7	240	128	0	34	273	22	261	1.07e-70	218
WP_228943059.1	iSDY_1059.SDY_2323	46.2	238	128	0	34	271	15	252	2.10e-67	209
WP_228943059.1	iYO844.BSU08850	42.2	249	144	0	25	273	24	272	1.77e-66	207
WP_228943059.1	iML1515.b0934	45.8	238	129	0	34	271	15	252	1.69e-66	207
WP_228943059.1	iSSON_1240.SSON_0937	45.8	238	129	0	34	271	15	252	1.69e-66	207
WP_228943059.1	iPC815.YPO3626	43.4	244	138	0	28	271	10	253	1.44e-65	205
WP_228943060.1	iCN718.ABAYE_RS19060	47.3	226	101	4	24	238	26	244	2.25e-63	199
WP_228943060.1	iJN1463.PP_0240	48.3	242	106	5	39	269	24	257	1.43e-62	197
WP_228943060.1	iSSON_1240.SSON_0936	44.5	238	116	4	30	259	12	241	1.68e-57	184
WP_228943060.1	iPC815.YPO3627	47.0	230	106	4	39	259	20	242	2.68e-57	184
WP_228943060.1	iML1515.b0933	44.5	238	116	4	30	259	12	241	2.37e-57	184
WP_228943060.1	iYL1228.KPN_00969	44.9	227	109	4	39	256	19	238	1.00e-56	182
WP_228943060.1	iSF_1195.SF0930	43.7	238	118	4	30	259	12	241	1.89e-56	181
WP_228943061.1	iJN1463.PP_0237	37.7	257	158	1	77	333	54	308	1.85e-49	168
WP_228943061.1	iCN718.ABAYE_RS19045	33.1	287	185	3	50	331	35	319	2.32e-48	165
WP_228943061.1	iSbBS512_1146.SbBS512_E2382	36.0	286	177	3	50	331	35	318	2.06e-47	163
WP_228943061.1	iML1515.b0936	36.0	286	177	3	50	331	21	304	5.63e-47	161
WP_228943061.1	iSF_1195.SF0935	36.0	286	177	3	50	331	35	318	7.96e-47	161
WP_228943061.1	iYL1228.KPN_00972	37.1	278	169	3	58	331	30	305	1.59e-46	160
WP_228943061.1	iSDY_1059.SDY_2320	35.0	286	180	3	50	331	21	304	1.11e-45	158
WP_228943061.1	iSSON_1240.SSON_0939	35.7	286	178	3	50	331	35	318	2.34e-45	157
WP_228943062.1	iYO844.BSU08860	48.8	365	163	3	8	370	5	347	1.10e-107	321
WP_228943062.1	iJN1463.PP_0238	49.3	367	162	4	6	370	5	349	1.52e-106	318
WP_228943062.1	iML1515.b0935	48.5	367	165	4	6	370	5	349	3.36e-105	315
WP_228943062.1	iPC815.YPO3625	48.5	369	162	5	6	370	5	349	4.90e-105	314
WP_228943062.1	iSF_1195.SF0934	48.2	367	166	4	6	370	5	349	2.16e-103	310
WP_228943062.1	iYL1228.KPN_00971	49.0	367	163	4	6	370	5	349	3.06e-103	310
WP_228943065.1	iLJ478.TM0282	30.5	223	132	10	52	255	79	297	2.25e-10	60.5
WP_228943066.1	iEK1008.Rv1415	60.6	416	155	3	34	440	3	418	1.28e-171	488
WP_228943067.1	iEK1008.Rv1408	54.1	218	100	0	2	219	10	227	7.97e-80	238
WP_228943068.1	iYS854.USA300HOU_RS07595	30.9	349	218	8	15	359	3	332	7.08e-43	159
WP_228943069.1	iEK1008.Rv1409	50.5	317	148	3	17	332	29	337	3.67e-88	268
WP_228943077.1	iCN718.ABAYE_RS04630	38.7	618	337	15	13	610	10	605	1.82e-128	390
WP_228943077.1	iEK1008.Rv0211	40.7	592	323	14	8	587	9	584	4.55e-128	389
WP_228943077.1	iAF987.Gmet_2638	40.7	543	301	12	71	607	70	597	3.57e-120	369
WP_228943080.1	iCHOv1.100756446	33.2	268	157	8	9	259	49	311	1.80e-27	107
WP_228943080.1	iJN1463.PP_0382	34.5	261	153	7	11	259	2	256	2.47e-25	100
WP_228943081.1	iML1515.b3857	53.5	43	20	0	21	63	10	52	4.50e-05	42.4
WP_228943081.1	iSbBS512_1146.SbBS512_E4329	53.5	43	20	0	21	63	10	52	4.50e-05	42.4
WP_228943081.1	iSSON_1240.SSON_4029	53.5	43	20	0	21	63	10	52	4.50e-05	42.4
WP_228943081.1	iSDY_1059.SDY_3888	51.2	43	21	0	21	63	10	52	1.12e-04	41.2
WP_228943081.1	iSF_1195.SF3928	51.2	43	21	0	21	63	10	52	2.78e-04	40.0
WP_228943084.1	iHN637.CLJU_RS03010	32.2	87	59	0	45	131	192	278	2.69e-09	53.9
WP_228943087.1	iNF517.LLMG_RS03735	39.1	437	241	6	1	432	1	417	1.11e-90	281
WP_228943087.1	iAF987.Gmet_3528	37.7	435	249	6	1	432	1	416	4.78e-86	269
WP_228943087.1	iCN718.ABAYE_RS04335	37.1	437	250	8	1	432	1	417	4.17e-84	264
WP_228943087.1	iLJ478.TM1379	37.1	442	254	5	1	436	1	424	6.22e-84	263
WP_228943087.1	iYS854.USA300HOU_RS00045	35.1	436	261	5	1	432	1	418	4.16e-82	259
WP_228943088.1	iSynCJ816.SGL_RS16525	27.6	232	148	6	283	504	190	411	5.83e-20	92.0
WP_228943088.1	iEK1008.Rv2252	33.9	177	113	4	278	451	61	236	2.53e-18	85.5
WP_228943089.1	iSynCJ816.SGL_RS08885	40.6	357	204	4	5	359	19	369	3.35e-73	245
WP_228943090.1	iYO844.BSU03070	27.9	409	289	3	27	430	21	428	3.13e-52	185
WP_228943091.1	iAF692.Mbar_A0762	41.7	216	116	4	37	245	36	248	1.37e-34	124
WP_228943094.1	iML1515.b3697	25.1	251	174	5	14	254	21	267	7.81e-09	54.7
WP_228943096.1	iAF987.Gmet_2121	39.1	69	37	3	75	140	73	139	2.15e-07	47.8
WP_228943096.1	iEK1008.Rv2195	44.4	63	32	2	95	154	344	406	4.26e-06	45.1
WP_228943097.1	iCN900.CD630_27420	27.5	211	130	5	32	228	1	202	1.38e-15	72.4
WP_228943097.1	iCHOv1.100772931	31.3	182	113	4	35	214	2	173	2.48e-13	67.4
WP_228943097.1	iMM1415.68977	33.0	185	106	7	35	214	2	173	1.58e-13	67.4
WP_228943097.1	iEK1008.Rv0634c	32.6	190	100	6	41	214	26	203	2.09e-13	67.0
WP_228943098.1	iSynCJ816.SGL_RS14865	39.7	247	142	2	2	247	5	245	3.50e-53	172
WP_228943098.1	iSynCJ816.SGL_RS16015	34.9	252	162	2	4	254	24	274	6.12e-47	157
WP_228943099.1	iEK1008.Rv3567c	47.1	155	80	2	42	196	5	157	2.71e-44	145
WP_228943100.1	iML1515.b1519	44.6	65	33	2	234	296	23	86	1.18e-05	46.2
WP_228943100.1	iSbBS512_1146.SbBS512_E1690	44.6	65	33	2	234	296	14	77	1.11e-05	46.2
WP_228943100.1	iSDY_1059.SDY_1625	46.2	65	32	2	234	296	23	86	1.18e-05	46.2
WP_228943100.1	iSF_1195.SF1576	46.2	65	32	2	234	296	23	86	1.18e-05	46.2
WP_228943100.1	iSF_1195.SF0727	34.0	94	56	2	247	339	46	134	2.13e-04	42.4
WP_228943100.1	iSDY_1059.SDY_0829	34.0	94	56	2	247	339	46	134	2.84e-04	42.0
WP_228943101.1	iEK1008.Rv1257c	46.4	450	233	4	6	454	13	455	9.81e-118	352
WP_228943101.1	iYO844.BSU28680	42.5	449	244	3	3	450	19	454	1.30e-104	318
WP_228943105.1	iEK1008.Rv1426c	45.9	403	195	9	15	405	23	414	5.01e-92	283
WP_228943107.1	iSynCJ816.SGL_RS03195	32.5	151	75	4	10	139	49	193	7.60e-12	62.8
WP_228943107.1	iMM904.YML008C	28.4	162	97	4	8	165	114	260	4.33e-11	61.6
WP_228943108.1	iYO844.BSU32110	41.3	332	178	5	18	344	9	328	6.88e-77	239
WP_228943110.1	iAF987.Gmet_1706	31.7	120	73	3	6	120	2	117	6.02e-16	75.1
WP_228943112.1	iJN1463.PP_2635	27.8	652	282	14	11	637	202	689	7.51e-48	181
WP_228943116.1	iYL1228.KPN_03132	20.9	340	226	7	2	305	76	408	5.45e-07	50.8
WP_228943116.1	iML1515.b2789	20.9	354	209	12	2	305	76	408	9.60e-07	50.1
WP_228943116.1	iSbBS512_1146.SbBS512_E3084	20.9	354	209	12	2	305	66	398	9.47e-07	50.1
WP_228943116.1	iSF_1195.SF2802	19.8	303	190	9	41	305	126	413	1.28e-06	49.7
WP_228943116.1	STM_v1_0.STM2962	19.9	351	216	11	2	305	76	408	2.99e-06	48.5
WP_228943116.1	iSSON_1240.SSON_2946	20.6	354	210	12	2	305	76	408	3.96e-06	48.1
WP_228943118.1	iSynCJ816.SGL_RS09640	35.4	198	119	4	49	238	79	275	2.21e-22	93.6
WP_228943119.1	iCN900.CD630_27420	24.2	227	126	10	15	237	8	192	1.52e-05	45.1
WP_228943121.1	STM_v1_0.STM3165	46.4	274	137	5	6	276	7	273	3.20e-82	248
WP_228943121.1	iML1515.b3012	45.3	274	140	5	6	276	7	273	1.19e-79	241
WP_228943121.1	iYL1228.KPN_03432	44.5	274	142	5	6	276	7	273	3.38e-79	240
WP_228943121.1	iSbBS512_1146.SbBS512_E3440	44.9	274	141	5	6	276	7	273	9.59e-79	239
WP_228943121.1	iPC815.YPO0676	46.2	266	133	5	14	276	15	273	5.82e-78	237
WP_228943125.1	iAF987.Gmet_0069	33.0	94	61	1	4	95	33	126	4.73e-09	51.2
WP_228943127.1	iCN900.CD630_20200	50.1	867	420	6	7	868	4	862	5.12e-274	781
WP_228943130.1	iEK1008.Rv0858c	55.2	386	159	4	9	382	5	388	6.01e-140	404
WP_228943131.1	iAF692.Mbar_A3515	37.7	167	102	2	12	176	19	185	1.34e-27	102
WP_228943139.1	iEK1008.Rv3411c	27.9	154	91	4	1	150	129	266	2.42e-06	46.6
WP_228943139.1	iLJ478.TM1347	27.0	148	90	2	4	149	92	223	4.69e-05	42.7
WP_228943140.1	iAF987.Gmet_0043	33.6	253	145	10	465	699	19	266	1.02e-23	105
WP_228943141.1	iCN900.CD630_31950	32.4	850	446	21	19	786	4	806	3.96e-117	372
WP_228943143.1	iLB1027_lipid.PHATRDRAFT_12757	43.6	358	172	5	1	352	1	334	9.64e-87	265
WP_228943145.1	iEK1008.Rv3545c	31.3	393	221	14	49	419	36	401	3.46e-36	137
WP_228943145.1	iEK1008.Rv3518c	31.7	325	211	4	120	441	73	389	2.41e-34	132
WP_228943150.1	iEK1008.Rv0386	38.0	50	31	0	157	206	1027	1076	9.49e-04	39.7
WP_228943155.1	iAF987.Gmet_1706	36.7	120	67	3	19	133	2	117	4.98e-17	79.0
WP_228943155.1	iAF987.Gmet_0069	36.1	122	73	2	17	133	2	123	1.71e-14	71.6
WP_228943155.1	iAF987.Gmet_1914	35.5	121	76	2	19	138	3	122	3.05e-14	71.6
WP_228943160.1	iCHOv1.100774083	30.7	579	375	12	82	635	118	695	8.13e-77	258
WP_228943162.1	iJN1463.PP_3466	31.8	176	116	2	42	213	21	196	1.75e-16	77.0
WP_228943163.1	iAF987.Gmet_1188	36.7	60	38	0	102	161	8	67	2.19e-04	42.0
WP_228943164.1	iYL1228.KPN_04329	41.3	223	122	2	13	226	25	247	1.21e-51	167
WP_228943164.1	iML1515.b3833	42.2	223	120	2	13	226	25	247	2.42e-51	166
WP_228943164.1	iSbBS512_1146.SbBS512_E4305	42.2	223	120	2	13	226	25	247	2.42e-51	166
WP_228943164.1	iSDY_1059.SDY_3910	42.2	223	120	2	13	226	25	247	2.42e-51	166
WP_228943164.1	iSF_1195.SF3911	42.2	223	120	2	13	226	25	247	2.42e-51	166
WP_228943164.1	iSSON_1240.SSON_4008	42.2	223	120	2	13	226	25	247	2.42e-51	166
WP_228943164.1	iPC815.YPO3781	40.8	223	123	2	13	226	25	247	2.42e-51	166
WP_228943164.1	STM_v1_0.STM3970	42.2	223	120	3	13	226	25	247	2.73e-50	164
WP_228943164.1	iCN718.ABAYE_RS17020	41.7	223	121	3	13	226	89	311	4.28e-49	162
WP_228943164.1	iJN1463.PP_5011	41.3	223	122	3	13	226	30	252	2.50e-49	161
WP_228943165.1	iEK1008.Rv3151	58.5	819	289	16	9	813	15	796	3.21e-298	839
WP_228943166.1	iEK1008.Rv3152	59.5	412	161	5	6	415	1	408	3.66e-162	463
WP_228943167.1	iEK1008.Rv3157	48.6	562	236	11	1	533	1	538	6.76e-162	471
WP_228943168.1	iEK1008.Rv3158	53.4	543	215	8	9	530	6	531	1.05e-164	477
WP_228943170.1	iEK1008.Rv2399c	53.0	251	114	2	39	287	30	278	2.23e-78	239
WP_228943170.1	iCN718.ABAYE_RS05150	42.2	268	148	1	27	287	4	271	4.17e-69	215
WP_228943171.1	iSynCJ816.SGL_RS17155	44.4	259	143	1	15	273	12	269	1.13e-73	226
WP_228943171.1	iEK1008.Rv2398c	45.0	262	143	1	13	274	5	265	3.69e-71	219
WP_228943171.1	iJN1463.PP_5169	43.9	246	135	2	22	265	27	271	2.98e-66	207
WP_228943172.1	iEK1008.Rv2397c	60.8	329	109	2	2	319	4	323	7.50e-128	369
WP_228943172.1	iSynCJ816.SGL_RS17160	54.8	343	122	4	1	321	1	332	2.14e-118	345
WP_228943173.1	iJN1463.PP_3073	30.0	150	96	3	25	168	58	204	8.46e-09	54.7
WP_228943174.1	iEK1008.Rv3147	64.3	210	73	1	1	208	27	236	3.02e-96	279
WP_228943175.1	iEK1008.Rv3156	60.1	621	243	2	24	639	11	631	7.57e-247	694
WP_228943176.1	iEK1008.Rv2454c	68.2	346	102	6	6	350	34	372	2.18e-163	461
WP_228943177.1	iYS854.USA300HOU_RS06130	26.7	247	173	4	28	266	10	256	9.23e-23	98.6
WP_228943178.1	iYS854.USA300HOU_RS00600	33.3	165	98	4	46	210	25	177	6.40e-12	65.5
WP_228943178.1	iSynCJ816.SGL_RS01945	29.0	231	145	7	60	289	39	251	1.90e-11	63.9
WP_228943179.1	iML1515.b0589	33.0	297	195	3	78	373	30	323	5.65e-33	125
WP_228943179.1	iSSON_1240.SSON_0540	32.7	297	196	3	78	373	30	323	5.65e-33	125
WP_228943179.1	iSbBS512_1146.SbBS512_E0491	32.7	297	196	3	78	373	30	323	1.51e-32	124
WP_228943179.1	iSynCJ816.SGL_RS01935	31.7	319	215	3	63	379	32	349	4.15e-32	123
WP_228943179.1	iSDY_1059.SDY_0520	32.3	297	197	3	78	373	30	323	5.58e-32	122
WP_228943179.1	iYL1228.KPN_00607	34.1	314	199	5	63	373	15	323	7.74e-32	122
WP_228943179.1	iSF_1195.SF0503	32.3	297	197	3	78	373	30	323	7.74e-32	122
WP_228943179.1	STM_v1_0.STM0591	31.0	323	218	4	53	373	3	322	7.00e-29	114
WP_228943181.1	iCN900.CD630_36640	27.4	299	201	8	195	481	93	387	1.40e-22	99.4
WP_228943182.1	iPC815.YPO2960	33.2	220	103	7	41	239	22	218	5.73e-19	88.2
WP_228943182.1	iJN1463.PP_2416	38.0	200	111	5	41	235	30	221	9.96e-19	85.9
WP_228943182.1	iSynCJ816.SGL_RS04625	35.2	193	95	5	51	230	52	227	6.94e-18	84.0
WP_228943182.1	iAF987.Gmet_2439	34.1	229	105	8	26	235	13	214	6.97e-18	83.2
WP_228943182.1	iAF987.Gmet_2634	31.7	243	112	8	18	235	340	553	8.14e-16	80.1
WP_228943182.1	iEK1008.Rv2397c	33.9	224	118	8	41	251	23	229	3.81e-16	79.7
WP_228943184.1	iSynCJ816.SGL_RS10890	28.6	339	173	14	4	326	11	296	9.47e-16	76.3
WP_228943184.1	iJN1463.PP_4799	27.4	339	189	14	4	331	12	304	4.86e-15	74.3
WP_228943185.1	iCN718.ABAYE_RS08330	38.9	396	230	6	10	400	11	399	6.47e-86	267
WP_228943189.1	iYS854.USA300HOU_RS12505	27.4	208	133	6	132	338	78	268	2.10e-19	87.8
WP_228943191.1	STM_v1_0.STM1101	40.2	209	117	3	62	266	218	422	5.98e-46	159
WP_228943191.1	iCHOv1.100766004	40.2	204	112	3	69	266	17	216	1.48e-47	157
WP_228943191.1	iYL1228.KPN_04788	42.7	199	106	3	72	266	49	243	7.51e-47	156
WP_228943191.1	iSbBS512_1146.SbBS512_E4890	37.1	267	156	5	4	266	164	422	2.41e-44	154
WP_228943191.1	iSF_1195.SF4384	41.3	206	113	3	65	266	221	422	3.38e-44	154
WP_228943191.1	iSSON_1240.SSON_4499	41.3	206	113	3	65	266	221	422	3.38e-44	154
WP_228943193.1	iCN718.ABAYE_RS05590	36.9	439	253	2	69	489	69	501	2.73e-96	300
WP_228943194.1	iCN718.ABAYE_RS05910	34.1	451	268	7	21	461	5	436	1.78e-81	258
WP_228943195.1	iYS854.USA300HOU_RS00630	23.1	420	289	9	183	579	156	564	4.65e-28	119
WP_228943199.1	iYS854.USA300HOU_RS12370	30.3	231	142	10	61	284	43	261	5.51e-11	63.5
WP_228943199.1	iYO844.BSU04520	24.0	359	247	11	51	405	28	364	1.71e-10	62.0
WP_228943202.1	iYS854.USA300HOU_RS12355	29.9	184	122	3	42	222	2	181	7.49e-19	80.5
WP_228943203.1	iAF987.Gmet_2439	41.6	185	106	2	35	217	35	219	2.88e-30	112
WP_228943203.1	iJN1463.PP_0114	37.0	208	119	6	23	219	21	227	5.78e-26	102
WP_228943203.1	iSynCJ816.SGL_RS14425	34.4	192	123	2	34	224	79	268	2.49e-26	102
WP_228943204.1	iSynCJ816.SGL_RS15160	38.6	458	264	9	10	463	7	451	3.23e-81	259
WP_228943206.1	iJN1463.PP_4138	47.9	121	62	1	14	134	7	126	9.54e-27	100
WP_228943208.1	iSynCJ816.SGL_RS11140	47.6	532	269	6	9	538	10	533	6.60e-149	438
WP_228943208.1	iLJ478.TM0552	46.0	541	264	6	9	539	5	527	2.80e-148	436
WP_228943208.1	iAF987.Gmet_1879	43.3	531	284	5	9	539	6	519	5.63e-137	407
WP_228943210.1	iYO844.BSU00920	36.2	481	293	6	2	477	10	481	9.53e-110	333
WP_228943210.1	iLJ478.TM1351	37.4	484	277	8	2	481	7	468	9.56e-100	307
WP_228943210.1	iAF987.Gmet_1736	37.9	483	266	11	2	480	9	461	1.33e-98	304
WP_228943213.1	iEK1008.Rv2965c	56.4	156	68	0	1	156	1	156	1.55e-53	166
WP_228943213.1	iLJ478.TM0741	51.6	157	75	1	3	158	2	158	1.11e-48	154
WP_228943213.1	iAF987.Gmet_1759	49.7	151	75	1	4	153	6	156	1.93e-47	151
WP_228943215.1	iAF987.Gmet_0415	34.3	309	180	7	9	311	11	302	1.03e-41	152
WP_228943215.1	iYL1228.KPN_00096	33.9	304	194	4	9	311	5	302	1.96e-43	150
WP_228943215.1	STM_v1_0.STM0130	34.5	307	188	6	9	311	5	302	1.07e-42	149
WP_228943215.1	iPC815.YPO0557	31.9	304	200	4	9	311	5	302	2.96e-42	147
WP_228943215.1	iML1515.b0092	32.8	308	192	7	9	311	5	302	9.27e-40	141
WP_228943215.1	iSbBS512_1146.SbBS512_E0085	32.8	308	192	7	9	311	5	302	9.27e-40	141
WP_228943215.1	iSSON_1240.SSON_0100	32.8	308	192	7	9	311	5	302	9.27e-40	141
WP_228943215.1	iSDY_1059.SDY_0122	32.8	308	192	7	9	311	5	302	1.30e-39	140
WP_228943215.1	iSF_1195.SF0089	32.8	308	192	7	9	311	5	302	1.82e-39	140
WP_228943216.1	iEK1008.Rv2981c	51.5	373	151	8	7	358	9	372	2.06e-106	316
WP_228943217.1	iEK1008.Rv2157c	45.3	514	222	7	1	470	1	499	4.16e-106	324
WP_228943218.1	iEK1008.Rv1079	44.4	374	178	7	12	355	14	387	3.53e-77	242
WP_228943219.1	iSynCJ816.SGL_RS12400	35.7	171	101	4	21	191	33	194	1.02e-17	79.0
WP_228943222.1	iEK1008.Rv2988c	72.8	464	125	1	8	470	9	472	1.10e-249	688
WP_228943223.1	iAF987.Gmet_0843	31.3	265	171	9	6	268	10	265	4.96e-26	102
WP_228943224.1	iEK1008.Rv1381	55.6	435	184	3	3	436	2	428	4.27e-153	440
WP_228943225.1	iCN900.CD630_25950	56.8	169	73	0	18	186	7	175	1.74e-63	194
WP_228943225.1	iAF987.Gmet_1768	55.3	159	71	0	18	176	8	166	2.37e-56	176
WP_228943226.1	iJN1463.PP_0072	31.7	319	196	8	2	315	3	304	6.06e-23	97.1
WP_228943226.1	iJN1463.PP_3606	29.4	327	210	7	4	326	5	314	5.97e-23	97.1
WP_228943226.1	iEK1008.Rv3777	29.6	348	209	12	1	335	4	328	6.55e-20	88.6
WP_228943227.1	iCN900.CD630_07230	30.4	464	295	9	9	460	3	450	4.34e-58	197
WP_228943227.1	iHN637.CLJU_RS18515	29.9	468	293	10	9	460	3	451	1.25e-55	191
WP_228943227.1	iYO844.BSU08090	30.0	464	292	11	9	457	3	448	1.67e-55	191
WP_228943227.1	iYO844.BSU24060	29.7	468	305	12	8	458	6	466	3.29e-55	190
WP_228943227.1	iJN1463.PP_5366	30.9	460	302	11	6	456	3	455	1.51e-53	186
WP_228943227.1	STM_v1_0.STM0154	28.2	471	307	13	1	456	1	455	9.53e-52	181
WP_228943227.1	iAF987.Gmet_0177	32.6	460	270	13	8	448	7	445	1.20e-51	181
WP_228943227.1	iYO844.BSU14610	29.2	469	306	12	5	459	8	464	3.30e-51	179
WP_228943227.1	iML1515.b0116	28.0	471	308	13	1	456	1	455	6.94e-51	179
WP_228943227.1	iEK1008.Rv0462	31.0	468	293	14	8	460	5	457	5.67e-51	179
WP_228943227.1	iSbBS512_1146.SbBS512_E0109	28.0	471	308	13	1	456	1	455	6.94e-51	179
WP_228943227.1	iSDY_1059.SDY_0146	28.0	471	308	13	1	456	1	455	6.94e-51	179
WP_228943227.1	iSF_1195.SF0113	28.0	471	308	13	1	456	1	455	6.94e-51	179
WP_228943227.1	iSSON_1240.SSON_0124	28.0	471	308	13	1	456	1	455	6.94e-51	179
WP_228943228.1	iEK1008.Rv2538c	52.2	360	164	3	18	376	7	359	1.77e-110	327
WP_228943230.1	iEK1008.Rv2552c	40.7	275	144	6	2	271	7	267	8.87e-49	162
WP_228943231.1	iCN900.CD630_12260	32.0	269	163	10	155	416	83	338	6.12e-25	104
WP_228943234.1	iLJ478.TM0869	28.0	189	110	6	32	212	16	186	2.54e-09	57.4
WP_228943234.1	iNF517.LLMG_RS08000	24.2	298	182	7	30	306	2	276	4.36e-09	56.6
WP_228943237.1	iAF987.Gmet_0928	28.0	572	313	23	174	671	53	599	2.64e-20	95.1
WP_228943238.1	iEK1008.Rv0386	46.3	54	29	0	894	947	1025	1078	3.48e-04	44.3
WP_228943243.1	iEK1008.Rv2252	36.3	303	174	9	6	302	15	304	2.82e-38	137
WP_228943245.1	iMM1415.226413	38.4	146	87	2	43	185	1437	1582	4.20e-21	96.7
WP_228943245.1	iCHOv1.100766856	36.3	146	90	2	43	185	1432	1577	2.31e-19	91.3
WP_228943246.1	iEK1008.Rv0386	45.9	37	20	0	3	39	1041	1077	2.76e-04	35.4
WP_228943247.1	iCN900.CD630_12150	27.5	331	234	2	41	370	6	331	8.24e-39	143
WP_228943249.1	iYO844.BSU23610	36.8	136	76	3	30	159	17	148	2.10e-22	89.4
WP_228943249.1	iSynCJ816.SGL_RS02230	34.8	132	81	3	55	185	47	174	1.88e-19	81.6
WP_228943249.1	iYS854.USA300HOU_RS08015	34.2	146	91	2	46	191	29	169	3.16e-19	80.9
WP_228943250.1	iEK1008.Rv2780	60.9	371	145	0	1	371	1	371	1.65e-148	424
WP_228943255.1	iJN1463.PP_1770	35.0	260	154	7	23	268	18	276	9.50e-25	105
WP_228943255.1	iYO844.BSU22610	28.0	357	235	8	23	359	10	364	3.10e-25	104
WP_228943256.1	iEK1008.Rv2182c	36.9	160	91	5	74	224	20	178	4.25e-19	84.0
WP_228943257.1	iAF987.Gmet_3244	31.2	372	243	7	82	446	53	418	2.79e-42	154
WP_228943260.1	iYS854.USA300HOU_RS04535	65.9	311	106	0	1	311	155	465	3.55e-149	426
WP_228943261.1	iYS854.USA300HOU_RS04535	26.1	280	200	4	93	367	167	444	3.80e-22	97.4
WP_228943261.1	iML1515.b1681	24.0	384	250	9	37	384	41	418	8.88e-20	90.1
WP_228943261.1	iSSON_1240.SSON_1475	24.0	384	250	9	37	384	41	418	2.18e-19	89.0
WP_228943261.1	iYS854.USA300HOU_RS04520	27.5	316	180	9	97	386	143	435	2.34e-19	89.0
WP_228943261.1	iSF_1195.SF1711	24.0	384	250	9	37	384	41	418	3.97e-19	88.2
WP_228943262.1	iEK1008.Rv1464	50.2	422	201	4	6	427	2	414	2.85e-138	402
WP_228943266.1	iJN1463.PP_0240	33.5	209	116	5	324	517	15	215	1.56e-22	97.1
WP_228943266.1	iPC815.YPO3627	34.5	203	120	5	324	516	11	210	3.39e-21	93.2
WP_228943266.1	iSynCJ816.SGL_RS09035	33.7	208	116	5	329	516	5	210	1.38e-20	90.1
WP_228943267.1	iLJ478.TM1169	31.3	259	146	6	1	254	1	232	1.04e-23	95.5
WP_228943267.1	iYL1228.KPN_01091	31.0	248	156	6	9	254	7	241	1.24e-20	87.4
WP_228943269.1	iEK1008.Rv1484	49.4	267	119	5	2	254	3	267	2.84e-80	242
WP_228943270.1	iYS854.USA300HOU_RS04825	40.9	93	50	2	1	91	13	102	3.09e-20	77.4
WP_228943271.1	iEK1008.Rv1483	58.1	229	96	0	1	229	19	247	1.12e-82	246
WP_228943272.1	iEK1008.Rv1058	63.8	127	46	0	1	127	5	131	4.14e-45	153
WP_228943274.1	iEK1008.Rv0189c	78.9	560	112	3	6	559	16	575	1.49e-309	848
WP_228943275.1	iEK1008.Rv3400	50.8	242	109	6	23	259	25	261	1.67e-57	184
WP_228943277.1	iJN1463.PP_0920	46.9	356	180	4	1	354	1	349	6.97e-98	293
WP_228943277.1	iJN1463.PP_2486	42.1	378	189	10	2	356	4	374	4.17e-89	272
WP_228943278.1	iEK1008.Rv1187	64.4	542	192	1	1	542	1	541	3.03e-247	688
WP_228943280.1	iEK1008.Rv1425	31.7	479	278	11	3	458	2	454	2.10e-60	205
WP_228943280.1	iEK1008.Rv3234c	41.8	261	148	2	1	258	1	260	5.09e-57	191
WP_228943286.1	iEK1008.Rv3401	39.5	769	432	11	11	778	24	760	4.72e-167	503
WP_228943290.1	iEK1008.Rv2936	32.5	317	195	9	8	310	4	315	6.40e-38	137
WP_228943290.1	iCHOv1.100761226	38.3	227	119	5	12	224	899	1118	8.77e-35	134
WP_228943290.1	iMM1415.11303	38.3	227	119	5	12	224	899	1118	8.76e-35	134
WP_228943291.1	iEK1008.Rv1456c	43.6	282	141	10	33	297	28	308	3.06e-47	160
WP_228943292.1	iEK1008.Rv1451	47.4	287	146	2	36	322	22	303	3.15e-88	266
WP_228943293.1	iEK1008.Rv1448c	62.2	365	136	2	5	367	8	372	1.11e-148	424
WP_228943294.1	iSynCJ816.SGL_RS10125	29.3	345	188	10	95	383	121	465	2.34e-16	81.6
WP_228943294.1	iAF987.Gmet_2458	33.8	216	124	6	90	290	116	327	1.21e-14	76.3
WP_228943295.1	iEK1008.Rv1445c	46.1	243	118	5	7	240	5	243	1.41e-58	185
WP_228943297.1	iEK1008.Rv1449c	61.5	672	240	7	2	667	36	694	1.35e-283	792
WP_228943309.1	iML1515.b1856	36.1	133	78	4	262	391	281	409	3.02e-11	64.3
WP_228943312.1	iEK1008.Rv2139	54.0	339	125	10	16	345	12	328	4.40e-93	281
WP_228943313.1	iAF987.Gmet_1842	33.7	243	147	6	53	285	32	270	2.75e-20	88.2
WP_228943314.1	iYO844.BSU15540	37.5	285	163	6	1	276	2	280	9.13e-45	154
WP_228943314.1	iAF987.Gmet_1841	38.2	285	161	5	1	276	6	284	3.07e-44	152
WP_228943315.1	iEK1008.Rv1385	53.8	273	120	6	14	285	4	271	5.31e-74	227
WP_228943318.1	iEK1008.Rv1391	60.0	408	156	5	18	422	10	413	2.53e-144	417
WP_228943331.1	iEK1008.Rv2581c	44.5	229	120	3	1	228	1	223	3.94e-66	204
WP_228943332.1	iLB1027_lipid.PHATRDRAFT_16944	31.7	436	256	20	10	421	5	422	2.98e-35	135
WP_228943333.1	iAF987.Gmet_1357	48.9	591	275	8	3	581	10	585	7.61e-185	533
WP_228943333.1	iSynCJ816.SGL_RS08775	49.5	604	267	12	2	584	1	587	2.34e-182	527
WP_228943333.1	iJN1463.PP_1213	49.0	600	266	11	1	581	1	579	2.54e-182	527
WP_228943333.1	iCN718.ABAYE_RS03490	48.7	602	271	12	1	584	1	582	8.90e-178	515
WP_228943333.1	iYL1228.KPN_02380	48.4	589	266	10	2	572	1	569	2.05e-174	507
WP_228943333.1	iSbBS512_1146.SbBS512_E1106	47.8	588	271	9	2	572	1	569	4.51e-172	501
WP_228943333.1	iSDY_1059.SDY_1153	47.8	588	271	9	2	572	1	569	4.51e-172	501
WP_228943333.1	iSSON_1240.SSON_1275	47.8	588	271	9	2	572	1	569	4.51e-172	501
WP_228943333.1	STM_v1_0.STM1901	47.5	589	271	10	2	572	1	569	5.13e-171	498
WP_228943333.1	iYS854.USA300HOU_RS08675	46.6	592	289	7	3	581	4	581	9.62e-171	497
WP_228943333.1	iSF_1195.SF1876	47.6	588	272	9	2	572	1	569	1.45e-170	497
WP_228943333.1	iPC815.YPO2053	45.1	587	288	7	2	572	1	569	5.53e-167	488
WP_228943333.1	iCN900.CD630_27390	44.9	597	296	10	3	584	9	587	1.83e-164	481
WP_228943334.1	iML1515.b3543	29.8	356	204	4	6	338	4	336	4.46e-41	146
WP_228943334.1	iSDY_1059.SDY_4566	29.8	356	204	4	6	338	4	336	4.46e-41	146
WP_228943334.1	iSSON_1240.SSON_3847	29.8	356	204	4	6	338	4	336	4.46e-41	146
WP_228943334.1	STM_v1_0.STM3629	29.5	356	205	4	6	338	4	336	6.24e-41	145
WP_228943334.1	iSF_1195.SF3578	29.8	356	204	4	6	338	4	336	6.24e-41	145
WP_228943334.1	iML1515.b0831	29.7	333	202	3	6	338	4	304	1.66e-39	141
WP_228943334.1	iSDY_1059.SDY_0756	29.7	333	202	3	6	338	4	304	1.66e-39	141
WP_228943334.1	iSSON_1240.SSON_0813	29.7	333	202	3	6	338	4	304	2.32e-39	140
WP_228943334.1	iYL1228.KPN_03898	29.2	356	206	4	6	338	4	336	6.79e-39	140
WP_228943334.1	iSF_1195.SF0781	29.7	333	202	3	6	338	4	304	3.24e-39	140
WP_228943334.1	iJN1463.PP_0881	32.8	338	182	11	22	338	20	333	1.24e-38	139
WP_228943334.1	iSbBS512_1146.SbBS512_E2517	29.4	333	203	3	6	338	4	304	2.43e-38	138
WP_228943334.1	iYS854.USA300HOU_RS04930	28.6	336	212	3	8	338	6	318	9.11e-38	137
WP_228943334.1	iAF692.Mbar_A0469	29.1	333	201	4	9	338	7	307	9.96e-38	136
WP_228943334.1	iLJ478.TM1747	30.6	353	197	5	1	339	22	340	2.00e-37	136
WP_228943334.1	iYL1228.KPN_00864	29.4	333	203	3	6	338	4	304	2.54e-37	135
WP_228943334.1	iYS854.USA300HOU_RS01055	27.9	333	209	4	6	338	184	485	1.16e-34	132
WP_228943337.1	iLJ478.TM1750	56.4	296	125	2	18	312	30	322	3.11e-115	337
WP_228943337.1	iLJ478.TM1063	52.3	327	139	7	2	316	12	333	3.60e-112	330
WP_228943337.1	iLJ478.TM0057	51.9	322	144	5	2	316	12	329	8.59e-110	324
WP_228943337.1	iJN1463.PP_0878	50.2	295	143	2	18	312	27	317	7.59e-107	316
WP_228943337.1	iPC815.YPO3999	50.5	309	147	3	2	310	42	344	7.01e-106	315
WP_228943337.1	iYL1228.KPN_02193	54.1	294	132	3	18	310	37	328	1.04e-104	311
WP_228943337.1	iSbBS512_1146.SbBS512_E1416	54.1	294	132	3	18	310	37	328	4.18e-104	309
WP_228943337.1	iML1515.b1247	54.1	294	132	3	18	310	37	328	5.93e-104	309
WP_228943337.1	iSF_1195.SF1248	54.1	294	132	3	18	310	37	328	8.39e-104	308
WP_228943337.1	iSF_1195.SF3575	49.5	309	150	3	2	310	21	323	8.39e-104	308
WP_228943337.1	iSDY_1059.SDY_1305	54.1	294	132	3	18	310	37	328	1.68e-103	308
WP_228943337.1	iSSON_1240.SSON_3850	49.5	309	150	3	2	310	21	323	2.38e-103	307
WP_228943337.1	iML1515.b3540	49.5	309	150	3	2	310	21	323	3.37e-103	307
WP_228943337.1	STM_v1_0.STM1742	54.9	295	128	5	18	310	37	328	6.77e-103	306
WP_228943337.1	iSSON_1240.SSON_1933	53.4	294	134	3	18	310	37	328	9.58e-103	306
WP_228943337.1	iYL1228.KPN_03895	49.2	309	151	3	2	310	21	323	4.25e-102	304
WP_228943347.1	iML1515.b1710	39.0	82	31	2	7	69	96	177	3.06e-15	65.9
WP_228943347.1	iSbBS512_1146.SbBS512_E1914	39.0	82	31	2	7	69	96	177	3.06e-15	65.9
WP_228943347.1	iSDY_1059.SDY_1805	39.0	82	31	2	7	69	96	177	3.06e-15	65.9
WP_228943347.1	iSF_1195.SF1521	39.0	82	31	2	7	69	96	177	3.06e-15	65.9
WP_228943347.1	iJN1463.PP_0777	50.8	63	29	1	7	69	95	155	2.83e-15	65.5
WP_228943347.1	iSSON_1240.SSON_1448	37.8	82	32	2	7	69	96	177	1.68e-14	63.9
WP_228943347.1	iSynCJ816.SGL_RS08615	46.4	69	31	1	6	74	92	154	9.92e-15	63.9
WP_228943347.1	STM_v1_0.STM1341	35.4	82	34	2	7	69	96	177	5.00e-13	60.1
WP_228943348.1	iYS854.USA300HOU_RS14480	26.2	244	164	7	280	517	57	290	3.05e-10	62.4
WP_228943348.1	iML1515.b1022	24.6	256	154	6	280	517	85	319	2.93e-08	56.2
WP_228943349.1	STM_v1_0.STM2232	23.2	323	186	11	67	371	13	291	1.87e-04	43.5
WP_228943354.1	iEK1008.Rv3273	46.4	732	360	8	40	758	22	734	7.03e-171	511
WP_228943357.1	iEK1008.Rv3842c	42.5	261	138	4	27	282	12	265	4.63e-58	187
WP_228943359.1	iEK1008.Rv2212	30.1	312	171	8	10	303	53	335	2.22e-22	97.1
WP_228943359.1	iEK1008.Rv1264	29.1	292	198	6	20	310	67	350	2.96e-19	88.2
WP_228943361.1	iEK1008.Rv0217c	35.3	235	133	7	36	259	45	271	8.65e-26	103
WP_228943362.1	iEK1008.Rv3141	52.9	325	146	5	1	321	1	322	1.67e-101	300
WP_228943363.1	iYL1228.KPN_03443	40.0	80	38	2	5	74	2	81	2.43e-07	44.7
WP_228943363.1	STM_v1_0.STM3180	37.5	80	40	2	5	74	2	81	6.77e-07	43.5
WP_228943363.1	iSDY_1059.SDY_3211	38.3	81	38	3	5	74	2	81	1.34e-06	42.7
WP_228943363.1	iML1515.b3029	38.3	81	38	3	5	74	2	81	1.88e-06	42.4
WP_228943363.1	iSbBS512_1146.SbBS512_E3462	38.3	81	38	3	5	74	2	81	1.88e-06	42.4
WP_228943363.1	iSF_1195.SF3069	38.3	81	38	3	5	74	2	81	1.88e-06	42.4
WP_228943363.1	iSSON_1240.SSON_3167	38.3	81	38	3	5	74	2	81	1.88e-06	42.4
WP_228943378.1	iEK1008.Rv0407	33.2	184	105	6	22	194	26	202	4.49e-15	73.9
WP_228943378.1	iAF692.Mbar_A0254	25.7	226	142	6	1	222	1	204	1.45e-14	72.4
WP_228943378.1	iAF692.Mbar_A0420	28.5	214	133	6	22	228	24	224	3.95e-14	71.2
WP_228943383.1	iEK1008.Rv2070c	51.0	243	104	7	2	236	3	238	1.05e-51	167
WP_228943384.1	iEK1008.Rv0255c	70.7	498	119	8	1	475	1	494	9.39e-226	629
WP_228943386.1	iJN1463.PP_3763	41.1	270	129	9	1	264	1	246	5.44e-49	162
WP_228943388.1	iEK1008.Rv2062c	65.4	1201	391	10	3	1194	6	1191	0.0	1550
WP_228943390.1	iHN637.CLJU_RS03465	30.9	81	55	1	144	223	7	87	5.46e-05	43.5
WP_228943394.1	iAF987.Gmet_0043	32.6	270	147	8	415	666	14	266	1.57e-19	92.4
WP_228943398.1	iEK1008.Rv3571	31.1	244	142	9	242	469	15	248	7.36e-15	75.5
WP_228943404.1	iYS854.USA300HOU_RS05255	24.1	174	105	3	322	484	132	289	1.98e-08	56.2
WP_228943404.1	iYS854.USA300HOU_RS12505	20.6	286	173	6	172	450	12	250	2.34e-07	52.4
WP_228943406.1	iYL1228.KPN_04203	44.8	614	329	7	129	734	96	707	2.91e-164	490
WP_228943406.1	iPC815.YPO1581	41.7	605	343	5	138	734	105	707	1.33e-162	486
WP_228943410.1	iAF987.Gmet_0069	32.2	177	94	4	10	160	5	181	2.93e-17	78.6
WP_228943410.1	iAF987.Gmet_1706	30.6	160	98	4	9	165	2	151	3.66e-15	72.8
WP_228943418.1	iAF987.Gmet_3293	49.7	298	146	2	57	354	3	296	2.90e-93	280
WP_228943418.1	iLB1027_lipid.PHATRDRAFT_13643	47.7	298	150	2	57	348	9	306	2.66e-83	255
WP_228943418.1	iJN1463.PP_3540	47.3	298	153	2	56	353	2	295	2.67e-83	254
WP_228943420.1	iJN1463.PP_4067	45.6	652	290	13	5	628	8	622	1.15e-146	441
WP_228943420.1	iAF987.Gmet_3292	43.8	656	314	13	5	628	4	636	4.26e-142	430
WP_228943422.1	iAF987.Gmet_3290	69.5	531	145	1	4	534	22	535	1.87e-270	746
WP_228943422.1	iJN1463.PP_4065	65.5	527	151	4	15	534	33	535	3.01e-243	677
WP_228943428.1	iAM_Pc455.PCYB_113330	30.9	181	119	3	273	448	340	519	7.52e-20	95.1
WP_228943430.1	iYO844.BSU02750	33.8	219	144	1	37	255	14	231	1.90e-42	147
WP_228943430.1	iCN900.CD630_16140	32.2	261	158	5	20	263	1	259	6.98e-40	140
WP_228943434.1	iEK1008.Rv1475c	70.3	949	268	7	3	948	5	942	0.0	1306
WP_228943445.1	iCHOv1.100753226	26.8	239	148	5	138	357	185	415	5.11e-05	45.8
WP_228943445.1	iCHOv1.100761752	26.3	232	143	7	143	357	99	319	4.85e-05	45.8
WP_228943445.1	iCHOv1.100758359	26.4	250	132	10	138	357	151	378	3.47e-04	43.1
WP_228943445.1	iCHOv1.100767525	24.7	243	148	8	135	357	96	323	4.36e-04	42.7
WP_228943445.1	iCHOv1.100772146	28.2	188	103	6	193	363	116	288	4.24e-04	42.7
WP_228943445.1	iCHOv1.100766936	23.9	259	136	8	133	357	188	419	6.12e-04	42.4
WP_228943445.1	iCHOv1.100768523	25.4	232	145	8	143	357	53	273	7.41e-04	42.0
WP_228943451.1	iJN1463.PP_0542	42.9	252	131	4	5	256	12	250	7.81e-43	146
WP_228943451.1	iCN718.ABAYE_RS07670	40.1	252	138	4	3	254	16	254	1.51e-42	145
WP_228943454.1	iJN1463.PP_0543	67.1	447	138	3	10	455	8	446	8.14e-212	592
WP_228943454.1	iCN718.ABAYE_RS07675	63.4	443	154	2	6	448	3	437	1.38e-197	556
WP_228943470.1	iML1515.b3590	35.5	217	122	9	333	542	2	207	6.97e-17	84.7
WP_228943470.1	iCN900.CD630_24930	30.2	235	151	8	333	561	5	232	4.56e-15	79.0
WP_228943474.1	iEK1008.Rv2793c	48.2	299	138	3	6	303	7	289	4.17e-84	254
WP_228943476.1	iEK1008.Rv2786c	47.4	323	153	6	1	308	8	328	3.05e-85	259
WP_228943480.1	iYL1228.KPN_02598	41.1	526	236	13	17	533	91	551	6.06e-91	289
WP_228943480.1	iCN900.CD630_22690	40.7	508	240	11	31	533	181	632	5.52e-90	289
WP_228943480.1	iJN1463.PP_0795	42.2	529	239	15	21	543	109	576	2.09e-88	283
WP_228943480.1	iYO844.BSU12010	40.7	506	248	10	31	533	2	458	6.87e-85	276
WP_228943480.1	STM_v1_0.STM2204	39.5	524	246	13	18	533	91	551	1.17e-85	275
WP_228943480.1	iSSON_1240.SSON_2223	38.6	529	249	14	18	533	87	552	2.71e-83	269
WP_228943480.1	iSbBS512_1146.SbBS512_E0796	38.4	529	250	14	18	533	87	552	1.05e-82	268
WP_228943480.1	iSDY_1059.SDY_2315	37.8	529	253	13	18	533	87	552	2.89e-82	266
WP_228943480.1	iSF_1195.SF2252	38.4	523	250	14	19	533	94	552	2.89e-82	266
WP_228943480.1	iML1515.b2167	38.6	529	249	15	18	533	87	552	4.06e-82	266
WP_228943480.1	iYO844.BSU14400	39.3	504	242	12	31	524	171	620	1.65e-80	264
WP_228943480.1	iNF517.LLMG_RS07900	40.2	513	243	16	32	526	163	629	1.69e-79	261
WP_228943486.1	iYS854.USA300HOU_RS13900	22.5	249	188	1	3	246	2	250	1.49e-20	93.6
WP_228943486.1	iYS854.USA300HOU_RS13915	23.7	494	301	15	4	431	5	488	6.32e-20	91.7
WP_228943487.1	iEK1008.Rv2173	44.6	336	170	5	70	395	21	350	8.87e-73	231
WP_228943489.1	iYS854.USA300HOU_RS06130	35.0	263	163	4	26	287	1	256	1.30e-42	159
WP_228943491.1	iYS854.USA300HOU_RS11010	34.6	81	53	0	134	214	234	314	1.18e-06	48.1
WP_228943506.1	iAF987.Gmet_1770	24.5	212	116	8	4	209	1	174	2.56e-04	43.1
WP_228943510.1	iYL1228.KPN_00756	23.8	273	187	6	90	360	24	277	1.39e-05	46.2
WP_228943510.1	STM_v1_0.STM0758	23.5	268	184	5	87	352	21	269	5.78e-05	44.3
WP_228943510.1	iCN900.CD630_35200	24.5	196	132	4	94	289	19	198	7.35e-05	43.9
WP_228943519.1	iEK1008.Rv1692	40.7	324	162	6	7	314	2	311	5.04e-64	206
WP_228943531.1	iEK1008.Rv2692	59.4	219	89	0	1	219	1	219	1.77e-88	259
WP_228943535.1	iEK1008.Rv1621c	34.0	200	114	6	107	300	327	514	2.74e-11	63.5
WP_228943535.1	iEK1008.Rv1349	28.2	174	121	2	103	275	346	516	7.08e-10	59.3
WP_228943538.1	iAF987.Gmet_1601	35.3	221	131	6	7	221	9	223	1.62e-21	90.1
WP_228943538.1	iYL1228.KPN_02061	31.1	206	137	3	7	212	6	206	7.17e-21	88.6
WP_228943538.1	iLJ478.TM1724	37.7	191	113	3	7	197	9	193	8.34e-21	88.2
WP_228943538.1	iCN718.ABAYE_RS09965	33.9	189	120	2	7	195	11	194	2.80e-19	84.3
WP_228943545.1	iAT_PLT_636.2184	41.6	411	199	11	14	390	12	415	5.92e-90	277
WP_228943545.1	iMM1415.14085	40.6	411	203	10	14	390	12	415	1.18e-89	276
WP_228943545.1	iCN718.ABAYE_RS00895	41.4	411	199	10	14	390	17	419	9.32e-87	269
WP_228943547.1	iEK1008.Rv2174	33.4	458	267	14	5	444	41	478	9.95e-39	147
WP_228943562.1	iCN900.CD630_02510	47.7	415	213	1	43	457	27	437	2.26e-119	355
WP_228943571.1	iYS854.USA300HOU_RS06130	31.6	263	170	5	20	277	10	267	8.24e-29	115
WP_228943581.1	iSDY_1059.SDY_1025	25.1	199	148	1	1	199	790	987	3.46e-09	55.5
WP_228943581.1	STM_v1_0.STM2774	24.9	197	147	1	1	197	793	988	6.32e-09	54.7
