WP_003058049.1	iJN1463.PP_1915	77.9	77	17	0	1	77	1	77	3.89e-34	111
WP_003058049.1	iML1515.b1094	76.6	77	18	0	1	77	1	77	1.12e-33	110
WP_003058049.1	iYL1228.KPN_01092	76.6	77	18	0	1	77	1	77	1.12e-33	110
WP_003058049.1	STM_v1_0.STM1196	76.6	77	18	0	1	77	1	77	1.12e-33	110
WP_003058049.1	iSbBS512_1146.SbBS512_E2230	76.6	77	18	0	1	77	1	77	1.12e-33	110
WP_003058049.1	iSDY_1059.SDY_2056	76.6	77	18	0	1	77	1	77	1.12e-33	110
WP_003058049.1	iSF_1195.SF1098	76.6	77	18	0	1	77	1	77	1.12e-33	110
WP_003058049.1	iSSON_1240.SSON_1114	76.6	77	18	0	1	77	1	77	1.12e-33	110
WP_003058049.1	iPC815.YPO1600	73.1	78	21	0	1	78	1	78	5.31e-32	105
WP_055832914.1	iAF987.Gmet_1568	29.4	143	90	3	365	498	21	161	4.68e-09	57.4
WP_055832914.1	iAF987.Gmet_1043	35.4	99	61	2	373	470	66	162	1.65e-08	55.8
WP_055832914.1	iEK1008.Rv3206c	28.7	136	86	3	366	492	35	168	1.57e-07	53.5
WP_055832960.1	iAF987.Gmet_2135	42.3	168	81	1	88	255	16	167	9.91e-41	138
WP_055832960.1	iHN637.CLJU_RS11605	43.5	161	75	2	87	247	4	148	7.32e-36	125
WP_055832962.1	iML1515.b2867	25.9	301	171	6	6	304	7	257	2.79e-15	74.7
WP_055832962.1	iSF_1195.SF2869	25.9	301	171	6	6	304	7	257	6.99e-15	73.6
WP_055832962.1	iSSON_1240.SSON_3018	25.6	301	172	6	6	304	7	257	4.37e-14	71.2
WP_055832964.1	iAF987.Gmet_2136	29.5	766	482	20	3	729	6	752	2.71e-78	266
WP_055832964.1	iSSON_1240.SSON_3017	29.6	758	478	16	11	729	2	742	1.29e-73	253
WP_055832964.1	iSF_1195.SF2868	29.4	763	483	16	6	729	10	755	3.09e-73	252
WP_055832964.1	iML1515.b2866	29.4	758	479	16	11	729	2	742	1.25e-72	250
WP_055832976.1	iJN1463.PP_3581	38.2	505	298	5	310	810	192	686	3.56e-90	298
WP_055832976.1	iAF987.Gmet_0700	34.6	624	373	11	214	806	196	815	1.30e-86	292
WP_055832976.1	iAF987.Gmet_0957	40.0	440	253	4	372	800	172	611	1.21e-87	290
WP_055832976.1	iJN1463.PP_0914	38.6	453	267	5	369	815	242	689	6.78e-87	290
WP_055832976.1	iAF987.Gmet_0782	40.3	434	253	3	378	806	290	722	3.33e-86	289
WP_055832976.1	iAF987.Gmet_2629	39.5	418	246	4	393	805	389	804	4.79e-85	288
WP_055832976.1	iAF987.Gmet_3085	40.7	425	245	3	386	804	456	879	5.39e-84	286
WP_055832976.1	iAF987.Gmet_0987	37.5	469	274	6	358	815	332	792	9.38e-81	275
WP_055832982.1	iAF692.Mbar_A1338	36.9	160	98	3	6	165	1	157	3.76e-26	97.4
WP_055832982.1	iCN900.CD630_09910	33.8	148	98	0	17	164	12	159	2.16e-25	95.5
WP_055832982.1	iHN637.CLJU_RS04470	32.4	148	100	0	17	164	11	158	2.45e-24	92.8
WP_055832982.1	iLJ478.TM0292	34.2	161	102	4	6	165	2	159	7.21e-24	91.7
WP_055832984.1	STM_v1_0.STM0368	42.0	188	104	3	3	186	5	191	2.62e-35	128
WP_055832984.1	iML1515.b0331	41.0	188	106	3	3	186	5	191	1.03e-34	127
WP_055832984.1	iJN1463.PP_2334	35.0	283	170	6	6	281	9	284	2.95e-33	123
WP_055832984.1	iAF987.Gmet_1122	41.4	181	102	3	3	180	6	185	3.74e-31	117
WP_055832990.1	iLB1027_lipid.PHATRDRAFT_38946	29.3	440	230	12	19	379	43	480	6.73e-37	139
WP_055832990.1	iEK1008.Rv1464	31.6	415	240	12	2	386	8	408	3.50e-33	128
WP_055832992.1	iAF987.Gmet_0043	27.4	248	163	4	433	675	153	388	9.95e-16	80.5
WP_055832994.1	iSynCJ816.SGL_RS03245	43.3	323	167	7	35	349	45	359	3.39e-74	233
WP_055832994.1	iSynCJ816.SGL_RS15495	38.6	321	178	6	37	349	36	345	6.15e-68	216
WP_055832996.1	iSynCJ816.SGL_RS12585	41.9	535	293	8	12	536	19	545	2.89e-105	326
WP_055832996.1	iJN1463.PP_5195	40.9	540	303	7	12	545	9	538	1.38e-93	295
WP_055832997.1	iJN1463.PP_1078	58.2	220	86	2	3	222	5	218	1.87e-78	239
WP_055832999.1	iCHOv1.100772122	22.5	365	253	10	17	372	20	363	7.33e-11	63.5
WP_055832999.1	iMM1415.80879	23.1	364	252	10	17	372	20	363	1.65e-09	59.3
WP_055833009.1	iML1515.b1651	78.4	125	27	0	1	125	1	125	3.75e-65	193
WP_055833009.1	iSDY_1059.SDY_1877	78.4	125	27	0	1	125	1	125	3.75e-65	193
WP_055833009.1	iSF_1195.SF1678	78.4	125	27	0	1	125	1	125	3.75e-65	193
WP_055833009.1	iSSON_1240.SSON_1505	78.4	125	27	0	1	125	1	125	3.75e-65	193
WP_055833009.1	iYL1228.KPN_01990	78.4	125	27	0	1	125	1	125	7.56e-65	192
WP_055833009.1	iSbBS512_1146.SbBS512_E1843	77.6	125	28	0	1	125	1	125	1.07e-64	192
WP_055833009.1	STM_v1_0.STM1435	75.2	125	31	0	1	125	1	125	5.09e-63	188
WP_055833009.1	iPC815.YPO2381	73.6	125	33	0	1	125	1	125	1.46e-62	187
WP_055833011.1	iJN1463.PP_3416	47.5	162	80	1	1	162	11	167	2.23e-40	134
WP_055833018.1	iJN1463.PP_3794	49.8	243	120	1	102	342	39	281	1.20e-68	217
WP_055833018.1	iPC815.YPO1176	48.0	244	125	1	101	342	39	282	1.03e-67	215
WP_055833018.1	STM_v1_0.STM2168	43.9	262	145	1	83	342	17	278	2.51e-63	204
WP_055833018.1	iSSON_1240.SSON_2191	44.5	263	142	3	83	342	20	281	3.34e-63	203
WP_055833018.1	iML1515.b2134	45.2	252	135	2	93	342	28	278	4.33e-63	203
WP_055833018.1	iSDY_1059.SDY_2154	45.2	252	135	2	93	342	31	281	4.72e-63	203
WP_055833018.1	iSF_1195.SF2219	45.2	252	135	2	93	342	28	278	4.33e-63	203
WP_055833018.1	iSbBS512_1146.SbBS512_E0838	44.5	263	142	3	83	342	20	281	6.65e-63	202
WP_055833018.1	iYL1228.KPN_02573	44.8	248	134	2	97	342	33	279	2.03e-62	201
WP_055833019.1	iJN1463.PP_1025	59.1	553	217	4	1	551	3	548	1.71e-236	662
WP_055833019.1	iCN718.ABAYE_RS16380	56.9	548	227	5	1	545	2	543	2.22e-219	619
WP_055833019.1	iYL1228.KPN_03016	54.7	547	242	2	1	544	1	544	2.86e-213	603
WP_055833021.1	iJN1463.PP_4677	49.4	253	104	3	12	250	28	270	4.75e-73	225
WP_055833021.1	iAF987.Gmet_1264	45.8	253	127	3	23	273	13	257	8.89e-65	203
WP_055833026.1	iCN718.ABAYE_RS16130	70.1	338	101	0	1	338	1	338	3.31e-172	481
WP_055833026.1	iJN1463.PP_4678	69.2	338	104	0	1	338	1	338	1.34e-171	479
WP_055833026.1	iAF987.Gmet_1262	64.5	338	120	0	1	338	1	338	6.92e-160	450
WP_055833033.1	iJN1463.PP_4679	66.9	163	54	0	1	163	1	163	7.01e-74	218
WP_055833033.1	iCN718.ABAYE_RS16135	61.3	163	63	0	1	163	1	163	8.56e-68	202
WP_055833036.1	iJN1463.PP_4680	60.0	572	223	5	35	603	4	572	4.31e-249	696
WP_055833036.1	iCN718.ABAYE_RS16140	58.8	566	227	5	35	597	4	566	6.41e-234	658
WP_055833036.1	iSSON_1240.SSON_0084	57.4	573	236	6	35	603	4	572	6.00e-232	653
WP_055833036.1	iYL1228.KPN_00082	57.9	573	233	6	35	603	4	572	8.51e-232	652
WP_055833036.1	iML1515.b0077	57.4	573	236	6	35	603	4	572	2.43e-231	651
WP_055833036.1	iSF_1195.SF0072	56.7	578	242	6	30	603	27	600	2.62e-230	650
WP_055833036.1	iSDY_1059.SDY_0107	57.2	573	237	6	35	603	4	572	5.62e-230	648
WP_055833059.1	iCN718.ABAYE_RS18235	56.9	174	75	0	1	174	1	174	9.26e-74	219
WP_055833059.1	iML1515.b4226	59.3	177	69	1	1	177	1	174	9.07e-72	214
WP_055833059.1	iSbBS512_1146.SbBS512_E4858	59.3	177	69	1	1	177	1	174	9.07e-72	214
WP_055833059.1	iSDY_1059.SDY_4462	59.3	177	69	1	1	177	1	174	9.07e-72	214
WP_055833059.1	iSSON_1240.SSON_4408	59.3	177	69	1	1	177	1	174	9.07e-72	214
WP_055833059.1	iYL1228.KPN_04621	59.9	177	68	1	1	177	1	174	1.83e-71	213
WP_055833059.1	STM_v1_0.STM4414	62.0	166	63	0	1	166	1	166	2.59e-71	213
WP_055833059.1	iPC815.YPO3521	58.0	174	73	0	1	174	1	174	3.56e-71	212
WP_055833059.1	iSF_1195.SF4264	58.8	177	70	1	1	177	1	174	7.41e-71	211
WP_055833059.1	iJN1463.PP_0538	52.9	174	82	0	1	174	1	174	3.91e-68	204
WP_055833062.1	iCN900.CD630_10870	31.8	264	163	9	37	287	2	261	1.06e-16	77.8
WP_055833065.1	iJN1463.PP_0946	68.3	202	60	1	1	202	8	205	1.63e-101	291
WP_055833065.1	iYO844.BSU25020	64.3	207	68	3	1	206	1	202	1.01e-93	271
WP_055833069.1	iYS854.USA300HOU_RS12285	43.8	352	181	6	38	388	5	340	2.74e-98	295
WP_055833086.1	iJN1463.PP_4144	52.3	260	117	4	3	259	4	259	1.36e-79	240
WP_055833089.1	iML1515.b0211	32.9	417	251	8	64	469	49	447	1.85e-61	208
WP_055833114.1	iCN718.ABAYE_RS13010	63.0	422	148	3	1	419	1	417	1.02e-173	492
WP_055833114.1	iJN1463.PP_4473	62.6	420	143	3	1	420	1	406	4.92e-173	489
WP_055833114.1	iAF987.Gmet_1880	59.7	417	153	4	1	417	1	402	1.20e-157	450
WP_055833119.1	iJN1463.PP_1607	62.6	310	116	0	6	315	5	314	1.45e-138	394
WP_055833119.1	iPC815.YPO1060	62.3	313	115	1	6	315	5	317	1.93e-137	392
WP_055833119.1	iYL1228.KPN_00198	63.3	313	112	1	6	315	5	317	1.57e-136	389
WP_055833119.1	iML1515.b0185	62.3	313	115	1	6	315	5	317	1.28e-135	387
WP_055833119.1	STM_v1_0.STM0232	62.0	313	116	1	6	315	5	317	1.28e-135	387
WP_055833119.1	iSbBS512_1146.SbBS512_E0178	62.3	313	115	1	6	315	5	317	1.28e-135	387
WP_055833119.1	iSDY_1059.SDY_0201	62.3	313	115	1	6	315	5	317	1.28e-135	387
WP_055833119.1	iSF_1195.SF0175	62.3	313	115	1	6	315	5	317	1.28e-135	387
WP_055833119.1	iSSON_1240.SSON_0197	62.0	313	116	1	6	315	5	317	5.20e-135	385
WP_055833119.1	iAF987.Gmet_1216	56.5	317	137	1	1	317	1	316	4.29e-124	358
WP_055833122.1	iJN1463.PP_2905	56.4	461	187	5	3	455	2	456	4.03e-169	483
WP_055833122.1	iSSON_1240.SSON_0492	54.5	466	190	5	3	455	2	458	6.79e-163	467
WP_055833122.1	STM_v1_0.STM0537	54.3	462	197	4	3	455	2	458	1.36e-162	466
WP_055833122.1	iSbBS512_1146.SbBS512_E0448	54.3	466	191	5	3	455	2	458	5.51e-162	465
WP_055833122.1	iYL1228.KPN_00482	53.9	462	199	4	3	455	2	458	1.57e-161	464
WP_055833122.1	iSF_1195.SF0457	54.3	466	191	5	3	455	2	458	3.15e-161	463
WP_055833122.1	iSDY_1059.SDY_0278	54.1	466	192	5	3	455	2	458	1.03e-159	459
WP_055833122.1	iPC815.YPO3073	54.2	463	196	5	3	455	2	458	1.18e-158	456
WP_055833122.1	iCN718.ABAYE_RS12525	51.0	469	207	6	5	455	6	469	9.40e-156	449
WP_055833122.1	iAF987.Gmet_0057	48.5	491	210	7	1	456	1	483	2.61e-153	444
WP_055833133.1	iJN1463.PP_2902	44.7	217	113	5	27	237	6	221	4.16e-46	154
WP_055833133.1	iSSON_1240.SSON_0494	40.7	214	120	4	27	234	7	219	9.84e-41	140
WP_055833133.1	iSbBS512_1146.SbBS512_E0450	40.7	214	120	4	27	234	7	219	1.39e-40	139
WP_055833133.1	iSF_1195.SF0455	40.7	214	120	4	27	234	7	219	1.39e-40	139
WP_055833133.1	iML1515.b0524	40.7	214	120	4	27	234	7	219	1.95e-40	139
WP_055833144.1	iJN1463.PP_1381	46.1	128	65	1	10	137	3	126	1.87e-38	126
WP_055833147.1	iJN1463.PP_1379	41.6	358	209	0	2	359	3	360	8.25e-74	236
WP_055833153.1	iAF987.Gmet_0058	53.6	591	223	11	28	616	9	550	5.19e-214	607
WP_055833153.1	iCN718.ABAYE_RS07660	50.9	591	233	11	29	616	34	570	7.82e-209	595
WP_055833153.1	iJN1463.PP_2904	51.5	613	240	12	12	617	4	566	2.55e-205	585
WP_055833153.1	iSbBS512_1146.SbBS512_E0570	50.1	595	247	8	25	618	6	551	4.84e-197	564
WP_055833153.1	iSF_1195.SF0613	50.3	595	246	8	25	618	6	551	6.86e-197	563
WP_055833153.1	iSDY_1059.SDY_0614	50.1	595	247	8	25	618	6	551	9.72e-197	563
WP_055833153.1	iSSON_1240.SSON_0634	50.1	595	247	8	25	618	6	551	9.72e-197	563
WP_055833153.1	iYL1228.KPN_00701	49.8	596	248	9	25	618	6	552	5.74e-196	561
WP_055833153.1	STM_v1_0.STM0686	50.1	595	248	8	25	618	6	552	1.63e-195	560
WP_055833153.1	iPC815.YPO2630	49.4	593	250	9	25	616	6	549	5.62e-191	548
WP_055833156.1	iAF987.Gmet_2349	36.8	590	347	7	36	624	7	571	1.25e-94	301
WP_055833161.1	iYO844.BSU23610	38.2	173	105	1	20	190	4	176	4.10e-38	130
WP_055833161.1	iCN900.CD630_12200	35.8	173	111	0	20	192	3	175	2.38e-35	122
WP_055833166.1	iAF987.Gmet_3342	33.7	498	299	9	1	488	6	482	7.03e-83	264
WP_055833166.1	iSynCJ816.SGL_RS02610	34.3	467	275	12	8	463	15	460	1.90e-72	238
WP_055833169.1	iAF987.Gmet_3343	45.9	490	259	5	4	489	7	494	2.01e-151	441
WP_055833172.1	iAF987.Gmet_3344	40.6	710	328	18	13	679	8	666	8.48e-159	473
WP_055833172.1	iSynCJ816.SGL_RS15190	41.5	680	351	18	13	668	11	667	1.51e-140	426
WP_055833175.1	iAF987.Gmet_3345	46.9	98	51	1	4	101	3	99	2.41e-24	88.2
WP_055833177.1	iAF987.Gmet_3346	32.2	171	110	3	3	172	1	166	1.20e-18	79.3
WP_055833184.1	iAF987.Gmet_0161	46.8	329	150	5	28	347	11	323	5.82e-95	285
WP_055833184.1	iAF987.Gmet_3348	42.8	339	160	3	29	347	17	341	4.15e-91	276
WP_055833187.1	iCHOv1.100754223	38.7	646	336	16	1	630	31	632	1.40e-118	372
WP_055833187.1	iAT_PLT_636.4719	38.0	648	338	16	1	630	45	646	5.99e-117	368
WP_055833187.1	iMM1415.227197	38.0	645	342	15	1	630	31	632	1.15e-116	367
WP_055833190.1	iCHOv1.100757245	46.1	447	213	5	17	459	30	452	2.52e-135	397
WP_055833190.1	iAT_PLT_636.4723	46.0	446	213	5	17	458	30	451	1.43e-134	395
WP_055833190.1	iMM1415.17995	46.2	446	212	5	17	458	30	451	2.03e-134	395
WP_055833190.1	iEK1008.Rv3150	46.2	433	201	4	33	458	18	425	2.59e-130	384
WP_055833190.1	iLJ478.TM0228	44.7	421	207	3	38	457	124	519	1.25e-122	368
WP_055833191.1	iCHOv1.100757242	40.3	149	88	1	25	173	85	232	2.82e-38	131
WP_055833191.1	iMM1415.72900	39.6	149	89	1	25	173	66	213	9.86e-38	129
WP_055833191.1	iAT_PLT_636.4729	39.6	149	89	1	25	173	67	214	2.01e-37	129
WP_055833195.1	iAT_PLT_636.4720	59.4	414	141	2	4	417	77	463	4.19e-183	517
WP_055833195.1	iCHOv1.100768067	59.4	414	141	2	4	417	77	463	1.20e-182	516
WP_055833195.1	iMM1415.226646	59.2	414	142	2	4	417	77	463	1.70e-182	515
WP_055833198.1	iAT_PLT_636.4722	45.4	152	75	2	36	187	83	226	1.58e-42	143
WP_055833198.1	iCHOv1.100761333	44.1	152	77	2	36	187	82	225	2.42e-41	140
WP_055833201.1	iLB1027_lipid.PHATRDRAFT_41645	86.0	136	18	1	17	152	21	155	6.72e-88	253
WP_055833201.1	iMM1415.75406	79.0	143	29	1	11	153	73	214	1.57e-85	249
WP_055833201.1	iCHOv1.100766693	78.3	143	30	1	11	153	68	209	7.64e-85	248
WP_055833204.1	iAF987.Gmet_3355	43.6	117	66	0	3	119	2	118	8.37e-33	110
WP_055833209.1	STM_v1_0.STM4081	50.2	245	119	3	7	248	5	249	7.50e-65	202
WP_055833209.1	iPC815.YPO0085	49.8	245	120	3	7	248	5	249	1.50e-64	201
WP_055833209.1	iJN1463.PP_4715	50.4	252	114	5	4	248	2	249	6.08e-63	197
WP_055833209.1	iML1515.b3919	48.6	245	123	3	7	248	5	249	1.94e-62	196
WP_055833209.1	iYL1228.KPN_04005	49.8	243	119	3	9	248	1	243	1.62e-62	196
WP_055833209.1	iSbBS512_1146.SbBS512_E4399	48.6	245	123	3	7	248	5	249	1.94e-62	196
WP_055833209.1	iSDY_1059.SDY_3826	48.6	245	123	3	7	248	5	249	1.94e-62	196
WP_055833209.1	iSF_1195.SF3997	48.6	245	123	3	7	248	5	249	1.94e-62	196
WP_055833209.1	iSSON_1240.SSON_4088	48.6	245	123	3	7	248	5	249	1.94e-62	196
WP_055833211.1	iEK1008.Rv3777	46.7	330	170	2	1	327	1	327	1.48e-92	278
WP_055833214.1	iHN637.CLJU_RS10465	44.0	75	41	1	623	696	562	636	8.68e-12	68.2
WP_055833230.1	iSynCJ816.SGL_RS06595	36.8	389	231	9	49	424	55	441	6.20e-81	256
WP_055833233.1	iSynCJ816.SGL_RS16585	53.8	260	119	1	7	266	20	278	6.32e-99	290
WP_055833233.1	iSynCJ816.SGL_RS06580	52.9	259	121	1	8	266	16	273	2.13e-96	286
WP_055833233.1	iSynCJ816.SGL_RS16580	55.8	267	109	4	10	272	4	265	4.34e-88	275
WP_055833233.1	iSynCJ816.SGL_RS06585	54.9	264	116	3	10	272	4	265	1.17e-84	266
WP_055833236.1	iJN1463.PP_2092	41.8	392	227	1	6	396	12	403	1.91e-98	299
WP_055833236.1	iYO844.BSU03330	39.1	399	234	3	9	403	8	401	2.04e-89	275
WP_055833240.1	iYO844.BSU18800	43.0	258	142	2	39	296	53	305	7.05e-66	208
WP_055833244.1	iJN1463.PP_2590	42.4	679	378	9	58	728	98	771	6.51e-166	496
WP_055833248.1	iYS854.USA300HOU_RS06130	26.8	183	128	4	347	525	83	263	3.20e-15	78.6
WP_055833258.1	iYO844.BSU03300	53.7	794	356	4	7	800	3	784	4.60e-304	854
WP_055833260.1	iYO844.BSU03290	34.7	98	57	2	7	101	11	104	5.53e-19	76.3
WP_055833260.1	iYS854.USA300HOU_RS12970	37.5	88	53	1	14	101	17	102	5.90e-18	73.6
WP_055833261.1	iCN718.ABAYE_RS08080	38.0	959	507	21	4	932	19	919	6.84e-185	558
WP_055833261.1	iSynCJ816.SGL_RS06575	40.9	731	387	9	4	718	10	711	1.98e-171	516
WP_055833264.1	iAF692.Mbar_A3624	32.8	192	110	7	3	184	1	183	3.00e-13	69.3
WP_055833264.1	iEK1008.Rv2192c	27.1	273	187	5	18	280	38	308	1.06e-11	64.7
WP_055833277.1	iLB1027_lipid.PHATRDRAFT_10852	28.0	150	92	7	203	339	21	167	1.22e-04	42.0
WP_055833277.1	iSynCJ816.SGL_RS04070	26.8	224	144	9	131	343	3	217	2.37e-04	42.0
WP_055833279.1	iEK1008.Rv3537	43.8	48	27	0	1	48	3	50	4.85e-04	42.0
WP_055833279.1	iMM1415.26462	42.9	49	28	0	2	50	41	89	8.28e-04	41.2
WP_055833282.1	iML1515.b0197	48.7	273	132	4	1	270	1	268	1.41e-72	223
WP_055833282.1	STM_v1_0.STM0245	48.4	273	133	4	1	270	1	268	2.00e-72	223
WP_055833282.1	iSbBS512_1146.SbBS512_E0191	48.7	273	132	4	1	270	1	268	2.83e-72	222
WP_055833282.1	iSF_1195.SF0188	48.7	273	132	4	1	270	1	268	2.83e-72	222
WP_055833282.1	iSSON_1240.SSON_0211	48.7	273	132	4	1	270	1	268	2.83e-72	222
WP_055833282.1	iSDY_1059.SDY_0216	48.4	273	133	4	1	270	1	268	8.03e-72	221
WP_055833282.1	iYL1228.KPN_00211	46.9	273	137	4	1	270	1	268	1.47e-69	215
WP_055833296.1	iAF987.Gmet_1092	32.3	229	138	3	66	277	57	285	1.70e-30	116
WP_055833298.1	iCN900.CD630_32700	40.7	145	72	4	19	155	3	141	2.10e-25	96.7
WP_055833305.1	iJN1463.PP_4011	76.3	418	99	0	1	418	1	418	3.04e-236	650
WP_055833305.1	iCN718.ABAYE_RS05425	71.5	418	117	1	1	418	1	416	2.04e-220	610
WP_055833305.1	iPC815.YPO1641	71.2	413	119	0	6	418	5	417	8.01e-220	608
WP_055833305.1	iSbBS512_1146.SbBS512_E1315	71.2	413	118	1	6	418	5	416	1.10e-219	608
WP_055833305.1	iSSON_1240.SSON_1154	71.2	413	118	1	6	418	5	416	1.10e-219	608
WP_055833305.1	iML1515.b1136	70.9	413	119	1	6	418	5	416	6.32e-219	606
WP_055833305.1	iSF_1195.SF1155	71.2	413	118	1	6	418	5	416	6.32e-219	606
WP_055833305.1	iYL1228.KPN_01144	72.2	413	114	1	6	418	5	416	1.81e-218	605
WP_055833305.1	iSDY_1059.SDY_2016	70.9	413	119	1	6	418	5	416	1.81e-218	605
WP_055833305.1	STM_v1_0.STM1238	71.2	413	118	1	6	418	5	416	6.00e-217	601
WP_055833317.1	STM_v1_0.STM3159	33.9	115	60	3	97	199	105	215	8.95e-07	47.8
WP_055833317.1	iJN1463.PP_5306	35.2	105	53	2	97	190	185	285	3.79e-06	46.2
WP_055833317.1	iPC815.YPO0682	35.7	98	48	2	104	190	221	314	7.25e-06	45.4
WP_055833317.1	iYL1228.KPN_03426	33.0	115	61	3	97	199	100	210	1.32e-05	44.3
WP_055833317.1	iML1515.b3006	32.2	115	62	3	97	199	105	215	1.83e-05	43.9
WP_055833317.1	iSbBS512_1146.SbBS512_E3434	32.2	115	62	3	97	199	105	215	1.83e-05	43.9
WP_055833317.1	iSDY_1059.SDY_3067	32.2	115	62	3	97	199	105	215	1.83e-05	43.9
WP_055833317.1	iSF_1195.SF3051	32.2	115	62	3	97	199	105	215	1.83e-05	43.9
WP_055833317.1	iSSON_1240.SSON_3149	32.2	115	62	3	97	199	105	215	1.83e-05	43.9
WP_055833320.1	iPC815.YPO0683	31.1	119	78	2	7	125	12	126	2.60e-10	54.7
WP_055833320.1	iJN1463.PP_5307	33.3	117	75	2	9	125	14	127	1.40e-08	50.1
WP_055833320.1	iML1515.b3005	26.6	128	90	2	12	139	17	140	1.92e-08	49.7
WP_055833320.1	iSbBS512_1146.SbBS512_E3433	26.6	128	90	2	12	139	17	140	1.92e-08	49.7
WP_055833320.1	iSF_1195.SF3050	26.6	128	90	2	12	139	17	140	1.92e-08	49.7
WP_055833320.1	iSSON_1240.SSON_3148	26.6	128	90	2	12	139	17	140	1.92e-08	49.7
WP_055833320.1	STM_v1_0.STM3158	27.3	128	89	2	12	139	17	140	2.68e-08	49.3
WP_055833323.1	iSDY_1059.SDY_2343	42.2	296	156	8	15	303	6	293	7.44e-57	187
WP_055833323.1	iYL1228.KPN_00942	43.9	296	146	10	15	301	6	290	9.92e-57	187
WP_055833323.1	STM_v1_0.STM0985	43.8	304	135	11	15	301	6	290	3.79e-56	185
WP_055833323.1	iML1515.b0915	42.9	294	153	8	15	301	6	291	8.15e-56	184
WP_055833323.1	iSF_1195.SF0911	42.9	294	153	8	15	301	6	291	8.15e-56	184
WP_055833323.1	iSSON_1240.SSON_0917	42.9	294	153	8	15	301	6	291	8.15e-56	184
WP_055833323.1	iSbBS512_1146.SbBS512_E2409	43.0	293	154	8	15	301	6	291	3.20e-55	183
WP_055833323.1	iPC815.YPO1396	43.1	295	150	9	15	301	6	290	4.13e-52	175
WP_055833323.1	iJN1463.PP_1900	39.9	316	143	11	9	301	6	297	1.34e-51	174
WP_055833326.1	iJN1463.PP_1506	68.1	216	68	1	1	216	1	215	3.93e-97	281
WP_055833326.1	iPC815.YPO3118	67.6	210	63	2	1	209	1	206	1.09e-91	267
WP_055833326.1	iCN718.ABAYE_RS13825	61.0	210	81	1	1	210	1	209	8.07e-90	263
WP_055833326.1	STM_v1_0.STM0488	64.7	215	70	3	1	214	1	210	2.09e-89	261
WP_055833326.1	iSSON_1240.SSON_0461	65.6	209	67	2	1	208	1	205	2.96e-89	261
WP_055833326.1	iSF_1195.SF0419	65.1	209	68	2	1	208	1	205	4.20e-89	261
WP_055833326.1	iML1515.b0474	65.1	209	68	2	1	208	1	205	5.96e-89	260
WP_055833326.1	iYL1228.KPN_00456	64.4	208	71	1	1	208	1	205	5.96e-89	260
WP_055833326.1	iSbBS512_1146.SbBS512_E0406	65.1	209	68	2	1	208	1	205	5.96e-89	260
WP_055833326.1	iSDY_1059.SDY_0445	64.6	209	69	2	1	208	1	205	6.91e-88	258
WP_055833330.1	iYO844.BSU23070	32.0	275	170	5	51	322	44	304	1.07e-34	132
WP_055833330.1	iLJ478.TM1401	35.2	250	145	4	50	296	47	282	4.76e-35	129
WP_055833330.1	iAF692.Mbar_A1431	34.8	270	162	5	28	296	22	278	1.84e-33	129
WP_055833330.1	iSynCJ816.SGL_RS08600	30.7	306	189	6	28	322	12	305	3.57e-33	128
WP_055833330.1	iAF987.Gmet_2378	32.0	284	172	7	51	327	46	315	1.78e-31	123
WP_055833330.1	iLJ478.TM0327	33.3	267	163	6	70	333	63	317	1.49e-32	123
WP_055833330.1	iEK1008.Rv2996c	33.6	247	151	4	51	296	47	281	5.69e-31	122
WP_055833330.1	iJN1463.PP_0762	32.1	293	182	8	39	327	42	321	1.34e-31	120
WP_055833330.1	iCHOv1.100774394	30.2	295	191	6	39	331	40	321	2.83e-30	120
WP_055833330.1	iMM1415.236539	30.2	295	191	6	39	331	40	321	2.83e-30	120
WP_055833336.1	iCN718.ABAYE_RS11660	47.4	502	256	4	9	506	9	506	5.46e-147	430
WP_055833338.1	iYL1228.KPN_01475	33.2	259	170	2	1	256	1	259	7.49e-34	122
WP_055833338.1	iML1515.b1393	32.7	257	166	2	3	257	2	253	1.25e-33	122
WP_055833338.1	iJN1463.PP_3283	34.1	246	157	4	16	257	17	261	4.17e-33	120
WP_055833338.1	iML1515.b1394	32.9	246	162	2	14	256	14	259	8.57e-32	117
WP_055833338.1	iYL1228.KPN_01474	34.5	258	160	4	3	257	2	253	7.30e-32	117
WP_055833338.1	STM_v1_0.STM0070	35.9	223	137	4	1	221	1	219	8.90e-31	114
WP_055833338.1	iML1515.b0036	35.9	223	137	4	1	221	1	219	1.25e-30	114
WP_055833338.1	iSF_1195.SF0033	35.9	223	137	4	1	221	37	255	2.65e-30	114
WP_055833338.1	iAF987.Gmet_1572	31.7	249	161	4	12	256	13	256	4.59e-30	112
WP_055833338.1	iSSON_1240.SSON_0042	35.4	223	138	4	1	221	37	255	1.97e-29	112
WP_055833338.1	iCN718.ABAYE_RS11950	32.5	243	157	3	14	254	15	252	2.37e-29	110
WP_055833346.1	iMM1415.102632	40.8	353	196	5	15	362	12	356	3.38e-81	263
WP_055833346.1	iCHOv1.100763073	39.9	353	199	5	15	362	12	356	5.10e-79	257
WP_055833481.1	iML1515.b2361	29.6	196	115	7	3	198	2	174	5.23e-15	69.7
WP_055833484.1	iSynCJ816.SGL_RS13525	26.3	209	124	7	16	213	5	194	3.10e-07	53.1
WP_055833492.1	iCN718.ABAYE_RS17455	54.5	299	130	3	7	303	3	297	9.30e-95	282
WP_055833492.1	iJN1463.PP_0186	54.5	297	129	4	10	304	8	300	1.58e-92	276
WP_055833492.1	iYL1228.KPN_04304	59.1	259	104	2	8	264	6	264	1.03e-90	272
WP_055833492.1	iPC815.YPO3849	57.6	257	107	1	10	264	8	264	7.03e-86	259
WP_055833492.1	STM_v1_0.STM3938	56.8	259	110	1	8	264	11	269	1.17e-85	259
WP_055833492.1	iML1515.b3805	56.0	259	112	1	8	264	6	264	5.66e-85	257
WP_055833492.1	iSSON_1240.SSON_3977	56.0	259	112	1	8	264	13	271	9.98e-85	257
WP_055833492.1	iSbBS512_1146.SbBS512_E4264	55.6	259	113	1	8	264	13	271	4.01e-84	255
WP_055833492.1	iSDY_1059.SDY_3941	55.6	259	113	1	8	264	13	271	4.01e-84	255
WP_055833492.1	iSF_1195.SF3877	55.6	259	113	1	8	264	6	264	1.29e-83	254
WP_055833495.1	iAF987.Gmet_3235	30.6	222	120	7	3	216	262	457	6.40e-07	49.7
WP_055833495.1	iJN1463.PP_0187	31.5	184	101	7	2	181	5	167	3.73e-07	49.7
WP_055833498.1	iSbBS512_1146.SbBS512_E4262	27.0	237	154	4	125	361	134	351	7.62e-10	59.7
WP_055833498.1	iSDY_1059.SDY_3943	25.9	247	144	4	125	361	134	351	7.10e-10	59.7
WP_055833498.1	iSSON_1240.SSON_3975	27.0	237	154	4	125	361	134	351	7.33e-10	59.7
WP_055833498.1	iSF_1195.SF3875	27.0	237	154	4	125	361	134	351	9.77e-10	59.3
WP_055833498.1	iPC815.YPO3851	26.5	204	128	4	125	325	133	317	1.19e-08	55.8
WP_055833498.1	STM_v1_0.STM3936	23.9	247	149	4	125	361	134	351	2.92e-08	54.7
WP_055833498.1	iYL1228.KPN_04302	26.5	204	128	3	125	325	135	319	3.92e-08	54.3
WP_055833505.1	iCN718.ABAYE_RS04250	49.6	990	417	15	17	967	10	956	0.0	964
WP_055833505.1	iJN1463.PP_0977	50.4	990	407	18	17	967	1	945	0.0	942
WP_055833505.1	iPC815.YPO3443	49.6	986	412	18	16	960	14	955	0.0	931
WP_055833505.1	iYL1228.KPN_04663	49.3	987	411	18	17	960	1	941	0.0	922
WP_055833505.1	iSF_1195.SF4231	49.0	987	414	18	17	960	1	941	0.0	910
WP_055833505.1	iSSON_1240.SSON_4443	49.0	987	414	18	17	960	1	941	0.0	910
WP_055833505.1	iSbBS512_1146.SbBS512_E4823	49.0	987	414	18	17	960	1	941	0.0	909
WP_055833505.1	iSDY_1059.SDY_4282	49.0	987	414	18	17	960	1	941	0.0	908
WP_055833505.1	STM_v1_0.STM4475	48.2	987	422	17	17	960	1	941	1.02e-316	897
WP_055833508.1	iAF987.Gmet_1159	53.4	283	131	1	7	289	2	283	2.39e-105	308
WP_055833508.1	iCN900.CD630_34880	51.2	285	138	1	7	291	4	287	5.61e-101	298
WP_055833508.1	iHN637.CLJU_RS16855	52.4	286	131	2	8	291	3	285	1.34e-100	297
WP_055833508.1	iCN900.CD630_27150	49.8	283	139	2	8	289	5	285	5.92e-96	285
WP_055833508.1	iYO844.BSU35670	49.1	287	143	2	6	291	2	286	4.01e-94	280
WP_055833508.1	iJN1463.PP_3821	51.5	266	124	3	8	270	2	265	5.25e-94	279
WP_055833508.1	iYS854.USA300HOU_RS13545	50.0	286	142	1	6	291	2	286	7.06e-94	279
WP_055833508.1	iAF692.Mbar_A1121	48.9	284	144	1	8	291	3	285	2.52e-93	278
WP_055833508.1	iIT341.HP0646	50.6	265	128	2	8	270	2	265	1.74e-93	278
WP_055833513.1	iEK1008.Rv3199c	32.1	112	72	2	18	128	147	255	7.12e-13	65.1
WP_055833517.1	iJN1463.PP_1654	65.4	298	99	1	1	298	3	296	1.50e-137	390
WP_055833517.1	iYL1228.KPN_02769	63.6	294	103	1	5	298	3	292	9.74e-130	370
WP_055833517.1	STM_v1_0.STM2440	62.9	294	105	1	5	298	3	292	1.38e-129	370
WP_055833517.1	iSbBS512_1146.SbBS512_E2793	62.6	294	106	1	5	298	3	292	7.95e-129	368
WP_055833517.1	iSSON_1240.SSON_2510	62.6	294	106	1	5	298	3	292	7.95e-129	368
WP_055833517.1	iSDY_1059.SDY_2617	62.6	294	106	1	5	298	3	292	1.13e-128	368
WP_055833517.1	iML1515.b2421	62.2	294	107	1	5	298	3	292	2.27e-128	367
WP_055833517.1	iSF_1195.SF2476	61.9	294	108	1	5	298	3	292	3.73e-127	364
WP_055833517.1	iPC815.YPO3011	62.2	294	107	1	5	298	3	292	8.43e-126	360
WP_055833517.1	iCN718.ABAYE_RS15880	60.8	293	108	2	6	298	15	300	5.98e-124	356
WP_055833531.1	iPC815.YPO3094	53.8	554	243	4	1	552	1	543	9.95e-173	500
WP_055833534.1	iAM_Pf480.PF3D7_0922900	40.7	241	143	0	3	243	59	299	6.79e-62	196
WP_055833534.1	iYL1228.KPN_01091	44.4	243	132	1	3	245	4	243	1.01e-61	193
WP_055833534.1	STM_v1_0.STM1195	44.9	243	131	2	3	245	4	243	2.86e-61	192
WP_055833534.1	iSDY_1059.SDY_2057	44.0	243	133	1	3	245	4	243	8.11e-61	191
WP_055833534.1	iPC815.YPO1599	44.3	244	131	2	3	245	4	243	1.15e-60	191
WP_055833534.1	iML1515.b1093	44.0	243	133	1	3	245	4	243	1.62e-60	190
WP_055833534.1	iSbBS512_1146.SbBS512_E2231	44.0	243	133	1	3	245	4	243	1.62e-60	190
WP_055833534.1	iSF_1195.SF1097	44.0	243	133	1	3	245	4	243	1.62e-60	190
WP_055833534.1	iSSON_1240.SSON_1113	44.0	243	133	1	3	245	4	243	1.62e-60	190
WP_055833534.1	iCN718.ABAYE_RS14915	42.8	243	136	1	3	245	4	243	2.61e-59	187
WP_055833534.1	iLJ478.TM1724	42.6	242	139	0	2	243	3	244	5.55e-59	186
WP_055833534.1	iAM_Pv461.PVX_099555	41.0	239	141	0	5	243	60	298	3.76e-58	186
WP_055833534.1	iYS854.USA300HOU_RS06185	40.8	240	141	1	7	245	5	244	5.93e-58	184
WP_055833534.1	iAM_Pb448.PBANKA_082380	40.2	241	144	0	3	243	58	298	4.22e-57	183
WP_055833534.1	iAF987.Gmet_1601	41.8	244	142	0	2	245	3	246	2.52e-57	182
WP_055833534.1	iHN637.CLJU_RS20765	41.1	246	144	1	1	245	3	248	6.05e-56	179
WP_055833534.1	iCN900.CD630_11820	40.9	242	142	1	5	245	7	248	8.81e-56	178
WP_055833534.1	iYO844.BSU15910	38.6	246	150	1	1	245	1	246	1.61e-55	177
WP_055833539.1	iJN1463.PP_4636	64.3	392	140	0	1	392	1	392	2.25e-178	501
WP_055833542.1	iJN1463.PP_5005	37.7	496	293	8	81	573	75	557	3.55e-99	311
WP_055833542.1	iJN1463.PP_5003	36.2	497	302	7	82	576	76	559	1.35e-98	310
WP_055833554.1	iCHOv1.100766004	44.1	204	110	2	27	230	17	216	4.77e-53	170
WP_055833573.1	STM_v1_0.STM0849	28.2	482	301	13	74	538	40	493	7.24e-43	160
WP_055833573.1	iYL1228.KPN_00863	29.8	490	283	16	74	538	40	493	4.49e-41	155
WP_055833573.1	iML1515.b0830	27.6	486	299	13	74	538	40	493	6.75e-39	149
WP_055833573.1	iSbBS512_1146.SbBS512_E2518	27.6	486	299	13	74	538	40	493	6.75e-39	149
WP_055833573.1	iSDY_1059.SDY_0757	27.6	486	299	13	74	538	40	493	6.75e-39	149
WP_055833573.1	iSF_1195.SF0780	27.4	486	300	13	74	538	40	493	1.72e-38	147
WP_055833573.1	iSSON_1240.SSON_0812	27.4	486	300	13	74	538	40	493	1.72e-38	147
WP_055833576.1	iJN1463.PP_0881	41.8	335	178	4	4	323	1	333	1.77e-65	209
WP_055833576.1	iYL1228.KPN_03898	38.3	337	190	3	4	323	1	336	8.16e-61	197
WP_055833576.1	STM_v1_0.STM3629	37.7	337	192	3	4	323	1	336	8.16e-61	197
WP_055833576.1	iML1515.b3543	37.4	337	193	3	4	323	1	336	9.01e-60	194
WP_055833576.1	iSDY_1059.SDY_4566	37.4	337	193	3	4	323	1	336	9.01e-60	194
WP_055833576.1	iSSON_1240.SSON_3847	37.4	337	193	3	4	323	1	336	9.01e-60	194
WP_055833576.1	iSF_1195.SF3578	37.1	337	194	3	4	323	1	336	3.55e-59	193
WP_055833576.1	iYL1228.KPN_00864	39.7	320	177	3	4	323	1	304	2.23e-58	190
WP_055833579.1	iJN1463.PP_0880	38.7	269	159	3	11	273	39	307	1.66e-49	165
WP_055833579.1	iYO844.BSU12940	39.5	220	131	2	55	272	101	320	1.91e-43	150
WP_055833579.1	iYS854.USA300HOU_RS04895	39.3	219	132	1	55	272	138	356	8.55e-43	149
WP_055833582.1	iYS854.USA300HOU_RS12370	23.1	355	236	10	48	390	37	366	1.61e-12	68.2
WP_055833585.1	iYO844.BSU08860	25.7	335	203	8	87	417	55	347	2.52e-16	80.1
WP_055833593.1	iYO844.BSU04520	22.7	366	257	8	42	401	19	364	7.32e-13	69.3
WP_055833597.1	iYS854.USA300HOU_RS12370	22.1	375	262	8	12	378	19	371	1.52e-11	65.1
WP_055833605.1	iCN718.ABAYE_RS15425	83.2	398	67	0	2	399	7	404	7.40e-250	683
WP_055833605.1	iJN1463.PP_0158	84.5	394	56	1	6	399	4	392	1.69e-245	671
WP_055833612.1	STM_v1_0.STM2093	37.4	340	194	10	1	339	1	322	2.93e-66	211
WP_055833624.1	STM_v1_0.STM3730	47.4	401	201	5	1	396	2	397	1.66e-99	301
WP_055833624.1	iML1515.b3639	46.6	401	204	5	1	396	1	396	1.02e-97	297
WP_055833624.1	iSDY_1059.SDY_4069	46.4	401	205	5	1	396	25	420	5.98e-97	296
WP_055833624.1	iSF_1195.SF3678	46.6	401	204	5	1	396	25	420	5.98e-97	296
WP_055833624.1	iSSON_1240.SSON_3767	46.4	401	205	5	1	396	25	420	8.45e-97	295
WP_055833624.1	iPC815.YPO0048	47.4	399	197	7	3	396	4	394	7.68e-97	295
WP_055833624.1	iJN1463.PP_5285	48.2	398	192	8	6	397	7	396	5.94e-96	292
WP_055833624.1	iSbBS512_1146.SbBS512_E4064	46.1	401	206	5	1	396	1	396	9.19e-96	292
WP_055833624.1	iYL1228.KPN_03979	46.8	402	200	7	1	396	2	395	1.78e-95	291
WP_055833624.1	iCN718.ABAYE_RS03170	45.1	412	201	8	6	400	11	414	7.22e-95	290
WP_055833626.1	STM_v1_0.STM2953	62.2	545	198	3	2	545	3	540	2.14e-250	697
WP_055833626.1	iYL1228.KPN_03124	62.0	545	199	3	2	545	3	540	2.48e-249	694
WP_055833626.1	iML1515.b2780	61.7	543	200	3	2	543	3	538	7.72e-246	685
WP_055833626.1	iSbBS512_1146.SbBS512_E3093	61.7	543	200	3	2	543	3	538	7.72e-246	685
WP_055833626.1	iSDY_1059.SDY_2997	61.7	543	200	3	2	543	3	538	7.72e-246	685
WP_055833626.1	iSF_1195.SF2795	61.7	543	200	3	2	543	3	538	7.72e-246	685
WP_055833626.1	iSSON_1240.SSON_2937	61.7	543	200	3	2	543	3	538	7.72e-246	685
WP_055833626.1	iJN1463.PP_1610	62.6	546	196	4	1	545	1	539	1.86e-243	679
WP_055833626.1	iPC815.YPO3377	60.6	545	207	3	2	545	3	540	2.95e-243	679
WP_055833626.1	iCN718.ABAYE_RS08660	58.8	544	214	6	1	541	1	537	5.49e-229	642
WP_055833630.1	iAF987.Gmet_1277	58.7	259	101	1	16	274	20	272	1.07e-100	295
WP_055833637.1	iAF987.Gmet_2372	65.0	428	149	1	1	427	1	428	1.79e-200	560
WP_055833637.1	iYO844.BSU33900	65.9	428	144	1	1	426	1	428	1.01e-197	553
WP_055833637.1	iJN1463.PP_1612	65.8	427	142	1	1	423	1	427	6.48e-196	548
WP_055833637.1	iHN637.CLJU_RS19255	63.6	423	154	0	4	426	7	429	4.15e-195	546
WP_055833637.1	iNF517.LLMG_RS03215	64.6	432	148	3	1	427	1	432	3.51e-194	544
WP_055833637.1	iYS854.USA300HOU_RS04205	65.0	432	145	3	1	426	1	432	4.21e-193	541
WP_055833637.1	iCN900.CD630_31700	63.6	429	154	1	1	427	1	429	2.98e-192	539
WP_055833637.1	iYL1228.KPN_03123	64.9	425	144	2	1	420	1	425	3.20e-192	539
WP_055833637.1	iSSON_1240.SSON_2936	64.7	425	145	2	1	420	1	425	1.30e-191	538
WP_055833637.1	STM_v1_0.STM2952	64.7	425	145	2	1	420	1	425	2.61e-191	537
WP_055833637.1	iML1515.b2779	64.7	425	145	2	1	420	1	425	3.70e-191	536
WP_055833637.1	iSbBS512_1146.SbBS512_E3094	64.7	425	145	2	1	420	1	425	3.70e-191	536
WP_055833637.1	iSDY_1059.SDY_2996	64.7	425	145	2	1	420	1	425	3.70e-191	536
WP_055833637.1	iSF_1195.SF2794	64.7	425	145	2	1	420	1	425	3.70e-191	536
WP_055833637.1	iPC815.YPO3376	64.2	424	147	2	1	419	1	424	2.91e-190	534
WP_055833637.1	iCN718.ABAYE_RS08670	64.7	430	146	3	1	426	1	428	5.46e-190	533
WP_055833637.1	iLJ478.TM0877	63.1	426	153	2	4	427	3	426	8.59e-184	518
WP_055833644.1	STM_v1_0.STM0757	25.6	211	125	3	18	200	19	225	2.07e-19	82.8
WP_055833644.1	iML1515.b0751	24.6	207	132	2	18	200	19	225	5.60e-19	81.6
WP_055833644.1	iSbBS512_1146.SbBS512_E0673	24.6	207	132	2	18	200	14	220	5.14e-19	81.6
WP_055833644.1	iSDY_1059.SDY_0695	24.6	207	132	2	18	200	19	225	5.60e-19	81.6
WP_055833644.1	iSF_1195.SF0553	24.6	207	132	2	18	200	19	225	5.60e-19	81.6
WP_055833644.1	iSSON_1240.SSON_0703	24.6	207	132	2	18	200	19	225	5.60e-19	81.6
WP_055833644.1	iYL1228.KPN_00755	26.1	207	129	2	18	200	19	225	7.79e-19	81.3
WP_055833644.1	iPC815.YPO1128	25.1	207	131	2	18	200	19	225	1.56e-17	77.8
WP_055833655.1	iJN1463.PP_0542	53.8	240	108	2	22	258	12	251	1.22e-68	213
WP_055833659.1	iJN1463.PP_0543	65.5	441	149	1	6	443	7	447	4.17e-215	600
WP_055833659.1	iCN718.ABAYE_RS07675	63.8	434	157	0	1	434	1	434	1.11e-209	586
WP_055833666.1	iAF987.Gmet_2417	35.8	416	242	9	14	414	3	408	7.80e-68	220
WP_055833669.1	iAF987.Gmet_2417	33.5	409	253	8	25	421	8	409	5.42e-57	192
WP_055833681.1	iJN1463.PP_3561	33.8	302	183	4	7	299	19	312	5.47e-33	123
WP_055833683.1	iJN1463.PP_4900	54.7	351	148	3	7	356	10	350	3.18e-131	379
WP_055833689.1	STM_v1_0.STM2991	44.2	473	197	7	11	481	8	415	4.75e-114	342
WP_055833689.1	iML1515.b2817	43.1	473	202	7	11	481	8	415	7.58e-113	339
WP_055833689.1	iYL1228.KPN_03225	43.3	473	201	7	11	481	8	415	7.58e-113	339
WP_055833689.1	iSbBS512_1146.SbBS512_E3045	43.1	473	202	7	11	481	8	415	7.58e-113	339
WP_055833689.1	iSF_1195.SF2828	43.1	473	202	7	11	481	38	445	1.95e-112	339
WP_055833689.1	iSSON_1240.SSON_2974	43.1	473	202	7	11	481	38	445	1.95e-112	339
WP_055833689.1	iSDY_1059.SDY_3034	42.9	473	203	7	11	481	38	445	7.78e-112	337
WP_055833689.1	iPC815.YPO1023	44.8	471	193	7	13	481	10	415	1.17e-111	336
WP_055833704.1	iCN900.CD630_19470	44.2	215	116	2	18	229	13	226	2.72e-53	171
WP_055833707.1	iJN1463.PP_3668	70.6	758	203	8	1	745	1	751	0.0	1070
WP_055833710.1	iJN1463.PP_1418	26.3	308	207	10	38	332	24	324	7.24e-12	65.1
WP_055833713.1	iML1515.b2738	40.6	212	112	4	8	216	11	211	2.14e-41	139
WP_055833713.1	iSbBS512_1146.SbBS512_E3136	40.6	212	112	4	8	216	11	211	2.14e-41	139
WP_055833713.1	iSSON_1240.SSON_2886	40.6	212	112	4	8	216	11	211	2.14e-41	139
WP_055833713.1	STM_v1_0.STM2916	38.8	219	120	4	1	216	4	211	3.02e-41	139
WP_055833713.1	iYL1228.KPN_01603	40.9	215	113	4	5	216	3	206	1.01e-40	137
WP_055833717.1	iIS312.TCDM_01461	25.6	250	174	8	83	330	85	324	1.57e-07	52.0
WP_055833717.1	iJN1463.PP_3129	29.3	181	103	6	6	184	4	161	3.60e-07	50.8
WP_055833717.1	iCHOv1.100759306	33.3	186	99	9	1	174	17	189	4.03e-06	47.8
WP_055833717.1	iYL1228.KPN_00773	29.8	178	106	8	3	174	1	165	3.79e-06	47.8
WP_055833717.1	iSF_1195.SF0545	39.7	73	36	3	104	174	99	165	3.79e-06	47.8
WP_055833717.1	iML1515.b0759	39.7	73	36	3	104	174	99	165	5.05e-06	47.4
WP_055833717.1	iSbBS512_1146.SbBS512_E0680	39.7	73	36	3	104	174	99	165	5.05e-06	47.4
WP_055833717.1	iSDY_1059.SDY_0706	39.7	73	36	3	104	174	99	165	5.05e-06	47.4
WP_055833717.1	iSSON_1240.SSON_0711	39.7	73	36	3	104	174	99	165	5.05e-06	47.4
WP_055833717.1	iEK1008.Rv3784	25.8	178	111	5	3	174	1	163	6.50e-06	47.0
WP_055833720.1	STM_v1_0.STM3248	30.8	286	194	2	1	286	1	282	1.88e-38	137
WP_055833720.1	iSF_1195.SF3162	31.0	287	194	2	1	287	4	286	5.55e-38	135
WP_055833720.1	iCN900.CD630_28130	29.4	296	201	4	5	297	3	293	7.25e-38	135
WP_055833720.1	iMM1415.58875	30.6	291	191	4	5	288	41	327	2.40e-37	135
WP_055833720.1	iML1515.b3125	30.9	282	191	2	5	286	3	280	2.67e-37	134
WP_055833720.1	iSbBS512_1146.SbBS512_E3233	30.9	282	191	2	5	286	3	280	2.67e-37	134
WP_055833720.1	iYL1228.KPN_03537	30.8	286	194	2	1	286	1	282	5.49e-37	133
WP_055833720.1	iSDY_1059.SDY_3319	30.4	286	195	2	1	286	4	285	1.15e-36	132
WP_055833720.1	iCHOv1.100760581	30.2	291	192	3	5	288	41	327	3.50e-36	132
WP_055833720.1	iAT_PLT_636.11112	30.9	291	190	4	5	288	42	328	3.58e-36	132
WP_055833720.1	iHN637.CLJU_RS13875	30.8	286	194	2	5	290	3	284	3.96e-36	130
WP_055833720.1	iCN718.ABAYE_RS18705	33.3	291	183	4	5	288	3	289	5.81e-36	130
WP_055833720.1	iSSON_1240.SSON_3280	30.4	286	195	2	1	286	4	285	6.21e-36	130
WP_055833720.1	iJN1463.PP_4299	30.6	284	193	2	5	288	4	283	3.35e-34	125
WP_055833720.1	iHN637.CLJU_RS00330	27.9	290	205	2	1	290	1	286	6.55e-34	125
WP_055833727.1	iJN1463.PP_4300	59.0	429	162	4	7	435	4	418	2.54e-150	433
WP_055833736.1	iJN1463.PP_4285	50.9	114	56	0	3	116	4	117	9.98e-38	123
WP_055833739.1	iYL1228.KPN_01787	63.1	301	111	0	13	313	8	308	9.60e-153	430
WP_055833739.1	iJN1463.PP_4286	61.2	307	115	2	13	318	5	308	1.03e-144	409
WP_055833742.1	iYL1228.KPN_01761	44.1	388	207	6	209	594	35	414	3.63e-89	282
WP_055833742.1	iPC815.YPO3249	42.9	382	210	5	209	589	34	408	1.17e-86	276
WP_055833745.1	iYO844.BSU19710	24.1	406	288	7	16	406	13	413	7.38e-22	96.7
WP_055833745.1	iCN900.CD630_03030	27.0	285	184	7	23	287	15	295	1.08e-19	90.1
WP_055833748.1	iAF987.Gmet_0043	27.3	260	171	8	283	533	16	266	5.04e-09	58.5
WP_055833753.1	iAF987.Gmet_1919	36.1	119	76	0	2	120	4	122	6.63e-16	75.1
WP_055833753.1	iAF987.Gmet_2999	35.0	123	78	1	2	122	9	131	1.79e-15	73.9
WP_055833753.1	iAF987.Gmet_1706	28.3	180	121	2	1	180	1	172	6.84e-15	72.0
WP_055833759.1	iML1515.b2463	63.1	750	274	3	9	756	2	750	0.0	917
WP_055833759.1	iSDY_1059.SDY_2645	63.1	750	274	3	9	756	2	750	0.0	916
WP_055833759.1	iSSON_1240.SSON_2543	63.1	750	274	3	9	756	2	750	0.0	916
WP_055833759.1	iSbBS512_1146.SbBS512_E2829	62.9	750	275	3	9	756	2	750	0.0	916
WP_055833759.1	iSF_1195.SF2505	63.1	750	274	3	9	756	2	750	0.0	915
WP_055833759.1	iPC815.YPO3034	63.0	757	275	4	9	761	2	757	0.0	912
WP_055833759.1	STM_v1_0.STM2472	62.3	750	280	3	9	756	2	750	0.0	906
WP_055833759.1	iCN718.ABAYE_RS06135	63.0	748	272	3	9	755	3	746	0.0	904
WP_055833759.1	iYL1228.KPN_02797	61.6	750	285	3	9	756	2	750	0.0	901
WP_055833763.1	iYO844.BSU03930	38.2	249	154	0	4	252	5	253	2.74e-57	183
WP_055833769.1	iJN1463.PP_0209	47.8	226	111	1	30	255	29	247	9.79e-65	204
WP_055833773.1	iCN718.ABAYE_RS19055	27.7	249	173	3	7	251	17	262	2.12e-26	103
WP_055833773.1	iCN900.CD630_19800	22.0	232	181	0	11	242	16	247	3.56e-25	99.8
WP_055833773.1	iCN900.CD630_19040	27.6	243	174	1	2	242	19	261	1.17e-24	98.6
WP_055833773.1	iYO844.BSU08850	25.2	242	178	2	9	247	29	270	1.43e-23	95.9
WP_055833776.1	iML1515.b1655	37.3	126	73	3	39	158	138	263	6.37e-26	99.0
WP_055833778.1	iJN1463.PP_1656	44.6	619	321	7	133	740	135	742	4.78e-172	511
WP_055833778.1	iYL1228.KPN_03126	43.4	617	327	7	140	740	131	741	2.81e-164	491
WP_055833778.1	iSbBS512_1146.SbBS512_E3089	43.1	617	328	7	140	740	131	740	8.54e-163	488
WP_055833778.1	iML1515.b2784	43.1	617	328	7	140	740	131	740	1.20e-162	487
WP_055833778.1	iSDY_1059.SDY_3001	43.1	617	328	7	140	740	131	740	1.20e-162	487
WP_055833778.1	iSF_1195.SF2797	43.1	617	328	7	140	740	131	740	1.20e-162	487
WP_055833778.1	iSSON_1240.SSON_2941	43.1	617	328	7	140	740	131	740	1.20e-162	487
WP_055833778.1	iPC815.YPO3380	42.7	618	329	7	140	740	131	740	1.70e-162	487
WP_055833778.1	STM_v1_0.STM2956	42.9	617	329	7	140	740	131	740	1.34e-161	484
WP_055833784.1	iJN1463.PP_3073	67.4	258	80	2	2	259	3	256	2.98e-114	328
WP_055833787.1	iJN1463.PP_1618	57.4	155	66	0	4	158	1	155	8.49e-61	184
WP_055833787.1	iAF987.Gmet_0059	57.7	156	66	0	4	159	1	156	6.94e-60	182
WP_055833787.1	STM_v1_0.STM2929	57.7	156	66	0	4	159	1	156	9.92e-58	177
WP_055833787.1	iML1515.b2746	57.7	156	66	0	4	159	1	156	2.00e-57	176
WP_055833787.1	iSbBS512_1146.SbBS512_E3128	57.7	156	66	0	4	159	1	156	2.00e-57	176
WP_055833787.1	iSDY_1059.SDY_2945	57.7	156	66	0	4	159	1	156	2.00e-57	176
WP_055833787.1	iSF_1195.SF2769	57.7	156	66	0	4	159	1	156	2.00e-57	176
WP_055833787.1	iSSON_1240.SSON_2894	57.7	156	66	0	4	159	1	156	2.00e-57	176
WP_055833787.1	iYL1228.KPN_03108	58.4	154	64	0	4	157	1	154	5.71e-57	175
WP_055833787.1	iYO844.BSU00910	58.2	153	64	0	5	157	3	155	1.11e-56	174
WP_055833787.1	iCN900.CD630_00480	52.9	155	73	0	4	158	1	155	2.46e-56	173
WP_055833787.1	iPC815.YPO3360	56.4	156	66	1	4	157	1	156	1.69e-54	169
WP_055833796.1	iCN718.ABAYE_RS01030	46.9	211	106	3	25	235	193	397	1.42e-54	179
WP_055833796.1	iJN1463.PP_4909	48.6	212	101	4	25	235	202	406	1.43e-52	174
WP_055833796.1	iPC815.YPO0442	49.5	210	100	3	26	235	113	316	4.73e-53	173
WP_055833796.1	iML1515.b4388	49.3	203	97	3	26	228	112	308	6.02e-53	173
WP_055833796.1	STM_v1_0.STM4578	48.3	203	99	3	26	228	112	308	6.02e-53	173
WP_055833796.1	iSbBS512_1146.SbBS512_E4935	49.3	203	97	3	26	228	112	308	6.02e-53	173
WP_055833796.1	iSDY_1059.SDY_4649	49.3	203	97	3	26	228	112	308	6.02e-53	173
WP_055833796.1	iSF_1195.SF4420	49.3	203	97	3	26	228	112	308	6.02e-53	173
WP_055833796.1	iSSON_1240.SSON_4538	49.3	203	97	3	26	228	112	308	6.02e-53	173
WP_055833796.1	iEK1008.Rv3042c	46.4	211	107	3	25	235	180	384	1.36e-51	172
WP_055833796.1	iYL1228.KPN_04843	48.3	203	99	3	26	228	113	309	6.86e-52	170
WP_055833801.1	iJN1463.PP_1764	39.6	217	131	0	8	224	3	219	5.02e-52	167
WP_055833804.1	iCN718.ABAYE_RS19010	60.5	233	91	1	5	236	4	236	7.12e-103	297
WP_055833804.1	iJN1463.PP_1765	62.1	227	85	1	6	232	3	228	6.00e-103	297
WP_055833814.1	iJN1463.PP_1768	54.2	365	156	4	3	366	4	358	1.83e-137	395
WP_055833814.1	iML1515.b0907	51.8	367	168	3	1	366	1	359	3.59e-130	377
WP_055833814.1	iSDY_1059.SDY_2354	51.8	367	168	3	1	366	1	359	5.09e-130	376
WP_055833814.1	iSF_1195.SF0902	51.8	367	168	3	1	366	1	359	5.09e-130	376
WP_055833814.1	iSSON_1240.SSON_0908	51.8	367	168	3	1	366	1	359	5.09e-130	376
WP_055833814.1	STM_v1_0.STM0977	51.8	367	168	3	1	366	1	359	1.02e-129	375
WP_055833814.1	iSbBS512_1146.SbBS512_E2421	51.8	367	168	3	1	366	1	359	1.45e-129	375
WP_055833814.1	iYL1228.KPN_00935	51.5	367	169	3	1	366	1	359	2.91e-129	374
WP_055833814.1	iPC815.YPO1389	51.2	367	169	3	1	366	1	358	4.59e-128	371
WP_055833818.1	iJN1463.PP_1769	44.3	361	191	3	10	364	9	365	3.15e-92	280
WP_055833818.1	iCN718.ABAYE_RS06465	43.3	363	199	3	5	364	9	367	1.71e-89	273
WP_055833818.1	iAF987.Gmet_0862	40.4	356	208	1	9	364	3	354	2.89e-84	259
WP_055833821.1	iJN1463.PP_1770	40.4	280	167	0	1	280	12	291	1.03e-53	186
WP_055833823.1	iPC815.YPO1390	54.2	432	180	10	5	433	3	419	5.22e-133	397
WP_055833823.1	iYL1228.KPN_00936	53.3	439	187	10	5	440	2	425	2.84e-132	395
WP_055833823.1	STM_v1_0.STM0978	54.3	442	181	12	5	442	2	426	8.00e-132	394
WP_055833823.1	iSDY_1059.SDY_2353	53.2	438	187	10	5	439	2	424	2.88e-131	393
WP_055833823.1	iML1515.b0908	53.2	438	187	10	5	439	2	424	4.50e-131	392
WP_055833823.1	iSbBS512_1146.SbBS512_E2420	53.2	438	187	10	5	439	2	424	4.50e-131	392
WP_055833823.1	iSF_1195.SF0903	53.2	438	187	10	5	439	2	424	4.50e-131	392
WP_055833823.1	iSSON_1240.SSON_0909	53.2	438	187	10	5	439	2	424	4.50e-131	392
WP_055833826.1	iHN637.CLJU_RS10465	33.8	334	213	5	21	348	302	633	2.59e-59	207
WP_055833841.1	iJN1463.PP_2230	70.0	957	287	0	3	959	2	958	0.0	1301
WP_055833845.1	iJN1463.PP_2229	66.7	114	38	0	1	114	1	114	6.51e-47	146
WP_055833848.1	iJN1463.PP_2228	59.5	561	213	5	11	569	6	554	3.79e-215	609
WP_055833850.1	iJN1463.PP_2226	65.9	82	28	0	11	92	11	92	1.80e-29	100
WP_055833853.1	iJN1463.PP_2225	48.0	100	52	0	6	105	7	106	1.03e-27	98.2
WP_055833856.1	iJN1463.PP_1169	25.2	290	201	7	28	307	34	317	6.41e-12	65.1
WP_055833858.1	iSynCJ816.SGL_RS10910	26.8	422	289	9	21	431	30	442	3.29e-38	143
WP_055833858.1	iJN1463.PP_1167	26.7	434	294	5	11	433	6	426	5.78e-36	137
WP_055833858.1	STM_v1_0.STM3672	26.4	371	263	6	59	425	53	417	1.02e-34	133
WP_055833858.1	iML1515.b3578	25.7	377	267	6	59	433	53	418	6.94e-34	131
WP_055833863.1	iML1515.b0624	41.0	100	58	1	15	113	15	114	1.02e-22	85.9
WP_055833864.1	iJN1463.PP_0230	38.4	284	156	6	14	290	5	276	1.96e-56	183
WP_055833864.1	iSSON_1240.SSON_0346	37.3	287	159	6	12	290	5	278	1.02e-54	179
WP_055833864.1	iML1515.b0368	37.3	287	159	6	12	290	5	278	2.04e-54	178
WP_055833864.1	iSF_1195.SF0250	36.9	287	160	6	12	290	5	278	6.32e-53	174
WP_055833864.1	iSDY_1059.SDY_0502	36.6	287	161	6	12	290	5	278	1.25e-52	174
WP_055833864.1	iYL1228.KPN_00314	35.0	286	167	5	12	290	5	278	2.15e-50	168
WP_055833868.1	iAM_Pb448.PBANKA_071570	46.8	154	81	1	134	286	180	333	9.70e-42	146
WP_055833868.1	iAM_Pc455.PCYB_052680	47.7	151	78	1	132	281	179	329	2.60e-40	142
WP_055833868.1	iAM_Pv461.PVX_089645	46.4	151	80	1	132	281	204	354	1.68e-39	141
WP_055833868.1	iAM_Pf480.PF3D7_0413700	48.3	151	77	1	132	281	170	320	4.84e-39	139
WP_055833886.1	iPC815.YPO0946	47.4	392	185	4	34	423	4	376	7.73e-122	358
WP_055833886.1	iYL1228.KPN_03389	46.8	395	189	4	31	423	1	376	6.99e-118	348
WP_055833890.1	iSbBS512_1146.SbBS512_E3386	46.4	196	100	2	2	195	3	195	2.96e-53	168
WP_055833890.1	iSF_1195.SF2945	46.4	196	100	2	2	195	3	195	2.96e-53	168
WP_055833890.1	iPC815.YPO0945	47.2	197	99	2	2	196	3	196	1.19e-52	167
WP_055833890.1	iSSON_1240.SSON_3108	45.9	196	101	2	2	195	3	195	2.39e-52	166
WP_055833890.1	iML1515.b2954	45.9	196	101	2	2	195	3	195	6.79e-52	165
WP_055833890.1	iYL1228.KPN_03388	45.4	196	102	2	2	195	3	195	1.93e-51	164
WP_055833890.1	iSDY_1059.SDY_3118	45.4	196	102	2	2	195	3	195	2.73e-51	163
WP_055833890.1	STM_v1_0.STM3103	43.9	196	105	2	2	195	3	195	3.56e-49	158
WP_055833894.1	iCN900.CD630_33080	59.3	231	94	0	19	249	7	237	1.66e-84	258
WP_055833897.1	iEK1008.Rv0018c	33.5	242	144	9	14	250	20	249	1.42e-22	97.1
WP_055833913.1	STM_v1_0.STM0245	36.7	248	143	4	12	249	9	252	1.87e-39	138
WP_055833913.1	iJN1463.PP_0112	36.0	242	149	4	18	255	4	243	1.96e-38	135
WP_055833913.1	iML1515.b0197	36.7	221	136	2	32	249	33	252	3.99e-38	134
WP_055833913.1	iSbBS512_1146.SbBS512_E0191	36.7	221	136	2	32	249	33	252	3.99e-38	134
WP_055833913.1	iSF_1195.SF0188	36.7	221	136	2	32	249	33	252	3.99e-38	134
WP_055833913.1	iSSON_1240.SSON_0211	36.7	221	136	2	32	249	33	252	3.99e-38	134
WP_055833913.1	iSDY_1059.SDY_0216	36.2	221	137	2	32	249	33	252	1.56e-37	133
WP_055833913.1	iCN900.CD630_14910	33.7	208	134	2	51	257	48	252	4.98e-37	131
WP_055833913.1	iYL1228.KPN_00211	35.7	221	138	2	32	249	33	252	8.50e-37	131
WP_055833913.1	iNF517.LLMG_RS01735	32.3	223	145	4	32	249	40	261	1.29e-35	128
WP_055833916.1	iJN1463.PP_3219	27.8	248	144	5	45	292	34	246	1.74e-12	68.2
WP_055833919.1	iCHOv1.100773211	31.4	271	165	6	12	267	42	306	6.38e-30	115
WP_055833924.1	iSynCJ816.SGL_RS14660	25.7	74	54	1	19	92	9	81	2.57e-04	38.5
WP_055833930.1	iJN1463.PP_4842	35.5	310	174	5	6	306	199	491	4.30e-42	151
WP_055833932.1	iJN1463.PP_4841	26.3	350	218	14	23	344	24	361	5.17e-14	72.8
WP_055833935.1	iAF987.Gmet_2143	34.5	510	323	6	30	532	5	510	1.41e-90	287
WP_055833939.1	iYO844.BSU37170	44.6	276	151	1	105	378	102	377	1.80e-67	218
WP_055833939.1	iAT_PLT_636.35	41.1	343	198	3	45	383	69	411	5.15e-65	212
WP_055833939.1	iMM1415.11409	43.9	287	159	1	99	383	125	411	2.01e-64	211
WP_055833939.1	iCHOv1.100774097	43.6	287	160	1	99	383	125	411	5.59e-64	209
WP_055833939.1	iCN900.CD630_10540	42.0	319	182	2	65	380	60	378	1.27e-63	207
WP_055833939.1	iMM1415.11364	40.0	325	188	3	65	383	97	420	2.27e-61	203
WP_055833939.1	iEK1008.Rv3274c	37.0	384	227	7	10	380	8	389	1.42e-61	202
WP_055833939.1	iCHOv1.100763159	40.0	325	188	3	65	383	97	420	6.30e-61	202
WP_055833939.1	iYO844.BSU24150	37.3	367	221	4	17	379	15	376	4.29e-61	201
WP_055833939.1	iCN900.CD630_03990	39.8	332	184	2	51	380	60	377	1.59e-60	199
WP_055833939.1	iAF987.Gmet_1715	36.7	338	210	3	46	379	41	378	1.81e-59	197
WP_055833942.1	iML1515.b1394	33.8	263	163	4	25	282	5	261	9.60e-44	149
WP_055833942.1	iJN1463.PP_3283	33.0	261	170	4	24	282	5	262	8.39e-42	144
WP_055833942.1	iAF987.Gmet_2224	33.6	262	162	3	25	281	6	260	6.02e-41	142
WP_055833949.1	iCN718.ABAYE_RS09790	41.1	253	147	2	4	254	5	257	1.39e-45	153
WP_055833952.1	iJN1463.PP_1478	43.0	351	197	3	402	751	4	352	1.29e-81	265
WP_055833952.1	iJN1463.PP_1254	36.0	347	219	3	402	746	4	349	5.44e-72	239
WP_055833959.1	iJN1463.PP_3376	47.4	323	161	5	3	321	2	319	1.34e-80	247
WP_055833959.1	iYL1228.KPN_03915	43.4	327	176	4	3	325	2	323	2.42e-73	229
WP_055833959.1	iSbBS512_1146.SbBS512_E3973	43.3	323	174	4	3	321	2	319	7.93e-72	225
WP_055833959.1	iML1515.b3553	43.0	323	175	4	3	321	2	319	4.46e-71	223
WP_055833959.1	iSSON_1240.SSON_3835	43.0	323	175	4	3	321	6	323	5.02e-71	223
WP_055833959.1	iSF_1195.SF3587	43.3	323	174	4	3	321	2	319	6.30e-71	223
WP_055833967.1	iCN718.ABAYE_RS01050	52.5	408	177	4	2	400	4	403	8.62e-145	417
WP_055833967.1	iJN1463.PP_4868	49.4	401	190	5	2	398	11	402	3.70e-133	387
WP_055833970.1	iEK1008.Rv2394	55.5	658	275	8	1	656	1	642	1.35e-231	657
WP_055833970.1	iCN718.ABAYE_RS14460	59.0	629	245	6	30	655	40	658	1.44e-230	655
WP_055833995.1	iCN718.ABAYE_RS01020	52.6	371	162	4	10	372	4	368	4.99e-121	354
WP_055833995.1	iJN1463.PP_0516	50.8	366	177	2	7	372	7	369	5.01e-120	351
WP_055833995.1	iJN1463.PP_3813	54.1	364	163	3	12	372	6	368	3.26e-119	349
WP_055833998.1	iCN900.CD630_16970	46.5	144	73	1	14	153	9	152	3.32e-36	122
WP_055833998.1	iYS854.USA300HOU_RS09385	43.1	144	78	1	14	153	9	152	1.64e-31	110
WP_055834001.1	iSF_1195.SF0561	38.7	137	76	2	3	139	6	134	3.13e-23	87.8
WP_055834001.1	iSSON_1240.SSON_0688	38.7	137	76	2	3	139	6	134	3.13e-23	87.8
WP_055834001.1	iSbBS512_1146.SbBS512_E0658	38.0	137	77	2	3	139	6	134	9.96e-22	84.0
WP_055834001.1	iSDY_1059.SDY_0684	38.0	137	77	2	3	139	6	134	1.41e-21	83.6
WP_055834004.1	iPC815.YPO0682	33.6	229	141	3	5	229	118	339	7.10e-27	105
WP_055834004.1	iML1515.b3006	38.6	207	108	5	3	201	7	202	1.41e-27	105
WP_055834004.1	iSbBS512_1146.SbBS512_E3434	38.6	207	108	5	3	201	7	202	1.41e-27	105
WP_055834004.1	iSDY_1059.SDY_3067	38.6	207	108	5	3	201	7	202	1.41e-27	105
WP_055834004.1	iSSON_1240.SSON_3149	38.6	207	108	5	3	201	7	202	1.41e-27	105
WP_055834004.1	STM_v1_0.STM3159	37.9	214	100	5	3	201	7	202	1.98e-27	104
WP_055834004.1	iSF_1195.SF3051	38.6	207	108	5	3	201	7	202	3.88e-27	103
WP_055834004.1	iYL1228.KPN_03426	38.2	207	109	7	3	201	2	197	1.31e-26	102
WP_055834007.1	iYL1228.KPN_03425	39.6	134	63	4	14	145	15	132	1.72e-14	65.9
WP_055834007.1	iML1515.b3005	37.3	134	66	4	14	145	15	132	1.85e-13	63.2
WP_055834007.1	iSbBS512_1146.SbBS512_E3433	37.3	134	66	4	14	145	15	132	1.85e-13	63.2
WP_055834007.1	iSF_1195.SF3050	37.3	134	66	4	14	145	15	132	1.85e-13	63.2
WP_055834007.1	iSSON_1240.SSON_3148	37.3	134	66	4	14	145	15	132	1.85e-13	63.2
WP_055834007.1	STM_v1_0.STM3158	35.8	134	68	3	14	145	15	132	1.00e-12	61.2
WP_055834010.1	iSDY_1059.SDY_0025	72.7	860	228	4	1	857	1	856	0.0	1260
WP_055834010.1	iML1515.b0118	72.7	860	228	4	1	857	1	856	0.0	1259
WP_055834010.1	iSSON_1240.SSON_0126	72.7	860	228	4	1	857	1	856	0.0	1259
WP_055834010.1	iPC815.YPO3415	72.6	860	229	4	1	857	1	856	0.0	1259
WP_055834010.1	iSbBS512_1146.SbBS512_E0111	72.4	860	230	4	1	857	8	863	0.0	1256
WP_055834010.1	iJN1463.PP_2339	72.2	861	235	3	1	858	1	860	0.0	1256
WP_055834010.1	iSF_1195.SF0115	72.3	860	231	4	1	857	1	856	0.0	1254
WP_055834010.1	STM_v1_0.STM0158	72.4	860	230	4	1	857	1	856	0.0	1253
WP_055834010.1	iYL1228.KPN_00124	72.5	846	226	4	15	857	1	842	0.0	1236
WP_055834010.1	iCN718.ABAYE_RS07555	70.4	869	247	4	1	860	1	868	0.0	1229
WP_055834010.1	iLB1027_lipid.PHATRDRAFT_26290	67.4	872	269	8	2	860	103	972	0.0	1169
WP_055834016.1	STM_v1_0.STM0060	26.8	205	127	8	92	288	65	254	5.69e-04	40.8
WP_055834019.1	iPC815.YPO2509	56.8	257	108	1	1	257	1	254	1.33e-99	291
WP_055834023.1	iCN718.ABAYE_RS02855	80.1	322	64	0	3	324	2	323	6.61e-188	520
WP_055834027.1	STM_v1_0.STM0732	32.8	119	73	1	19	137	14	125	3.01e-14	64.7
WP_055834027.1	iPC815.YPO1109	38.1	118	62	3	19	136	14	120	3.01e-14	64.7
WP_055834027.1	iML1515.b0721	32.8	119	73	1	19	137	14	125	4.24e-14	64.3
WP_055834027.1	iSbBS512_1146.SbBS512_E0640	32.8	119	73	1	19	137	19	130	4.74e-14	64.3
WP_055834027.1	iSDY_1059.SDY_0659	32.8	119	73	1	19	137	14	125	4.24e-14	64.3
WP_055834027.1	iSSON_1240.SSON_0672	32.8	119	73	1	19	137	14	125	4.24e-14	64.3
WP_055834027.1	iSF_1195.SF0576	32.8	119	73	1	19	137	19	130	2.60e-13	62.4
WP_055834027.1	iJN1463.PP_4193	34.2	120	69	3	19	137	14	124	6.33e-13	61.2
WP_055834027.1	iCN718.ABAYE_RS04415	36.5	104	59	3	27	130	22	118	2.57e-12	59.7
WP_055834030.1	iYL1228.KPN_00729	40.8	103	60	1	17	119	12	113	2.67e-21	81.6
WP_055834030.1	STM_v1_0.STM0733	37.9	103	63	1	17	119	12	113	4.29e-20	78.6
WP_055834030.1	iML1515.b0722	38.8	103	62	1	17	119	12	113	6.07e-20	78.2
WP_055834030.1	iSDY_1059.SDY_0660	38.8	103	62	1	17	119	12	113	6.07e-20	78.2
WP_055834030.1	iSF_1195.SF0575	38.8	103	62	1	17	119	12	113	6.07e-20	78.2
WP_055834030.1	iSSON_1240.SSON_0673	38.8	103	62	1	17	119	12	113	6.07e-20	78.2
WP_055834030.1	iSbBS512_1146.SbBS512_E0641	37.9	103	63	1	17	119	12	113	2.43e-19	76.6
WP_055834030.1	iPC815.YPO1110	35.9	103	65	1	17	119	12	113	3.89e-18	73.6
WP_055834033.1	iCN718.ABAYE_RS04425	75.0	600	146	2	7	602	12	611	0.0	906
WP_055834037.1	iCN718.ABAYE_RS04430	69.1	230	71	0	4	233	6	235	2.07e-124	352
WP_055834037.1	iPC815.YPO1112	66.5	236	74	3	3	233	2	237	1.16e-119	340
WP_055834037.1	iYL1228.KPN_00731	65.7	236	76	3	3	233	2	237	3.87e-118	336
WP_055834037.1	iSDY_1059.SDY_0662	66.8	232	72	3	6	232	5	236	3.87e-118	336
WP_055834037.1	iML1515.b0724	66.8	232	72	3	6	232	5	236	5.50e-118	335
WP_055834037.1	iSbBS512_1146.SbBS512_E0643	66.4	232	73	3	6	232	5	236	2.23e-117	334
WP_055834037.1	iSF_1195.SF0573	66.4	232	73	3	6	232	5	236	2.23e-117	334
WP_055834037.1	iSSON_1240.SSON_0675	66.4	232	73	3	6	232	5	236	2.23e-117	334
WP_055834037.1	STM_v1_0.STM0735	64.7	238	79	3	1	233	1	238	6.62e-117	333
WP_055834037.1	iJN1463.PP_4190	62.4	226	83	1	8	231	6	231	1.67e-111	319
WP_055834043.1	iJN1463.PP_4194	68.2	434	132	4	3	436	1	428	4.51e-215	597
WP_055834043.1	iYL1228.KPN_00727	62.9	434	154	5	3	436	1	427	8.98e-198	553
WP_055834043.1	STM_v1_0.STM0730	62.2	434	157	5	3	436	1	427	3.64e-197	552
WP_055834043.1	iML1515.b0720	62.4	434	156	5	3	436	1	427	1.04e-196	551
WP_055834043.1	iSbBS512_1146.SbBS512_E0638	62.4	434	156	5	3	436	1	427	1.04e-196	551
WP_055834043.1	iSSON_1240.SSON_0671	62.4	434	156	5	3	436	1	427	1.04e-196	551
WP_055834043.1	iCN718.ABAYE_RS04410	63.3	431	148	7	1	430	1	422	1.54e-195	548
WP_055834043.1	iSF_1195.SF0577	62.2	434	157	5	3	436	1	427	1.71e-195	548
WP_055834043.1	iSDY_1059.SDY_0658	62.8	427	152	5	3	429	1	420	4.88e-195	546
WP_055834043.1	iPC815.YPO1108	62.5	429	153	5	3	431	1	421	1.91e-194	545
WP_055834046.1	iPC815.YPO1502	63.8	373	132	1	1	373	2	371	3.00e-177	497
WP_055834046.1	iYL1228.KPN_01952	64.2	372	130	1	1	372	1	369	2.91e-176	494
WP_055834046.1	STM_v1_0.STM1627	64.2	372	130	1	1	372	1	369	8.32e-176	493
WP_055834046.1	iJN1463.PP_1616	64.5	372	129	1	1	372	3	371	1.08e-173	488
WP_055834046.1	iCN718.ABAYE_RS09595	62.4	372	137	1	1	372	1	369	3.33e-172	484
WP_055834046.1	iSynCJ816.SGL_RS04900	60.2	372	145	1	1	372	1	369	3.77e-164	463
WP_055834046.1	iAT_PLT_636.128	60.3	370	144	1	1	370	6	372	9.06e-164	462
WP_055834046.1	iMM1415.11532	58.9	370	149	1	1	370	6	372	1.05e-162	460
WP_055834046.1	iCHOv1.100767929	59.2	370	148	1	1	370	6	372	2.11e-162	459
WP_055834046.1	iML1515.b0356	58.9	372	150	1	1	372	1	369	1.44e-161	457
WP_055834046.1	iSbBS512_1146.SbBS512_E0271	58.6	372	151	1	1	372	1	369	4.12e-161	456
WP_055834046.1	iSSON_1240.SSON_0335	58.6	372	151	1	1	372	1	369	4.12e-161	456
WP_055834048.1	iEK1008.Rv1124	29.6	291	175	10	24	299	37	312	9.74e-18	81.6
WP_055834050.1	iMM1415.13885	53.6	278	127	1	16	293	20	295	5.18e-104	305
WP_055834050.1	iCHOv1.100774799	53.2	278	128	1	16	293	7	282	1.92e-103	303
WP_055834050.1	iAT_PLT_636.2098	52.0	281	127	2	16	293	7	282	2.55e-101	297
WP_055834050.1	iJN1463.PP_1617	54.7	278	121	5	16	291	7	281	1.56e-100	295
WP_055834050.1	iML1515.b2154	52.9	278	127	4	14	291	3	276	2.41e-93	277
WP_055834050.1	iSbBS512_1146.SbBS512_E0812	52.9	278	127	4	14	291	3	276	2.41e-93	277
WP_055834050.1	iSSON_1240.SSON_2210	52.9	278	127	4	14	291	3	276	4.84e-93	276
WP_055834054.1	iEK1008.Rv2228c	35.8	123	74	2	2	121	19	139	3.41e-08	50.1
WP_055834057.1	iAF692.Mbar_A2583	33.3	207	125	2	5	205	5	204	1.59e-30	111
WP_055834057.1	iAF987.Gmet_0798	36.1	205	125	2	3	205	2	202	9.14e-29	106
WP_055834063.1	iJN1463.PP_3588	28.5	260	178	4	14	272	19	271	1.26e-24	103
WP_055834066.1	iLJ478.TM0800	24.7	247	177	3	77	317	67	310	7.74e-12	64.7
WP_055834069.1	iJN1463.PP_0368	45.0	609	315	6	3	606	4	597	1.91e-151	449
WP_055834069.1	iJN1463.PP_2048	43.2	613	317	9	1	606	1	589	5.07e-143	427
WP_055834072.1	iJN1463.PP_4867	35.1	74	48	0	38	111	31	104	1.20e-05	46.6
WP_055834076.1	iJN1463.PP_4201	66.3	306	102	1	1	306	1	305	5.46e-126	362
WP_055834079.1	iJN1463.PP_4202	73.9	249	65	0	1	249	1	249	3.38e-116	332
WP_055834082.1	iAM_Pb448.PBANKA_133540	29.6	260	132	9	90	299	1155	1413	4.17e-23	99.8
WP_055834082.1	iAM_Pc455.PCYB_124280	28.4	257	136	9	90	299	1128	1383	5.02e-21	93.6
WP_055834082.1	iAM_Pf480.PF3D7_1008000	22.4	326	115	2	127	314	962	1287	1.73e-20	92.0
WP_055834095.1	iAF987.Gmet_1919	28.0	118	84	1	768	885	4	120	1.77e-07	53.9
WP_055834095.1	iAF987.Gmet_1914	34.9	109	64	4	769	874	4	108	5.50e-07	52.8
WP_055834099.1	iYS854.USA300HOU_RS07595	22.1	376	261	10	20	388	11	361	1.39e-10	62.8
WP_055834113.1	iJN1463.PP_1384	34.2	430	270	6	37	456	40	466	2.58e-51	180
WP_055834113.1	iJN1463.PP_4211	33.1	441	281	5	28	456	25	463	1.99e-49	175
WP_055834116.1	STM_v1_0.STM1291	50.4	121	60	0	41	161	16	136	1.75e-42	138
WP_055834116.1	iML1515.b1778	47.9	121	63	0	41	161	6	126	3.68e-42	137
WP_055834116.1	iYL1228.KPN_01198	48.3	118	61	0	44	161	9	126	3.68e-42	137
WP_055834116.1	iSF_1195.SF1445	47.9	121	63	0	41	161	6	126	3.68e-42	137
WP_055834116.1	iSSON_1240.SSON_1385	47.9	121	63	0	41	161	6	126	3.68e-42	137
WP_055834116.1	iSDY_1059.SDY_1489	47.1	121	64	0	41	161	6	126	2.11e-41	135
WP_055834116.1	iPC815.YPO2158	47.5	122	64	0	40	161	5	126	1.96e-39	130
WP_055834116.1	iEK1008.Rv2674	47.6	126	64	1	40	163	8	133	2.70e-39	129
WP_055834122.1	iJN1463.PP_0237	32.8	290	188	5	3	290	7	291	2.87e-33	124
WP_055834122.1	iCN718.ABAYE_RS19045	30.2	288	195	5	15	299	29	313	1.23e-31	120
WP_055834124.1	iPC815.YPO3627	49.8	225	109	2	15	239	20	240	1.33e-60	191
WP_055834124.1	iJN1463.PP_0240	50.0	226	107	3	14	238	23	243	7.30e-60	189
WP_055834124.1	iYO844.BSU08830	45.3	234	123	3	10	238	5	238	8.50e-58	184
WP_055834124.1	iYL1228.KPN_00969	45.8	225	118	3	15	239	19	239	1.46e-53	173
WP_055834129.1	iAF987.Gmet_0700	40.7	167	96	3	315	479	394	559	9.58e-28	117
WP_055834129.1	iJN1463.PP_4670	43.9	155	86	1	319	472	251	405	2.70e-28	116
WP_055834129.1	iAF987.Gmet_0957	41.8	158	89	3	315	470	195	351	2.30e-26	112
WP_055834129.1	iAF987.Gmet_0782	39.5	167	96	4	312	475	298	462	2.15e-25	109
WP_055834129.1	iJN1463.PP_1144	39.5	167	88	3	310	470	284	443	1.25e-24	107
WP_055834129.1	iAF987.Gmet_1706	40.3	154	88	3	319	470	153	304	1.97e-25	106
WP_055834139.1	iAF987.Gmet_0782	31.6	342	194	10	84	405	137	458	2.49e-37	143
WP_055834139.1	iAF987.Gmet_0700	29.6	277	193	1	129	405	277	551	4.64e-36	140
WP_055834142.1	iYS854.USA300HOU_RS09930	34.0	209	137	1	14	222	274	481	8.60e-31	118
WP_055834145.1	iJN1463.PP_1070	37.6	181	109	1	29	205	39	219	2.48e-34	122
WP_055834145.1	STM_v1_0.STM0664	34.1	220	141	2	8	223	18	237	5.52e-32	116
WP_055834145.1	iPC815.YPO2614	37.0	200	122	2	18	213	28	227	5.52e-32	116
WP_055834145.1	iSF_1195.SF0627	34.3	210	134	2	18	223	28	237	4.24e-31	114
WP_055834145.1	iSSON_1240.SSON_0608	33.8	210	135	2	18	223	28	237	1.65e-30	112
WP_055834145.1	iML1515.b0654	33.8	210	135	2	18	223	28	237	2.32e-30	112
WP_055834145.1	iYL1228.KPN_00680	33.3	210	136	2	8	213	18	227	3.25e-30	112
WP_055834145.1	iNF517.LLMG_RS09715	33.5	209	129	3	17	223	509	709	5.83e-28	110
WP_055834148.1	iYO844.BSU27440	28.7	258	169	4	14	257	14	270	7.72e-28	107
WP_055834148.1	iEK1008.Rv0411c	29.9	234	159	4	24	253	79	311	3.99e-25	101
WP_055834148.1	iCN718.ABAYE_RS10985	26.4	242	163	4	26	254	27	266	6.44e-24	97.8
WP_055834148.1	STM_v1_0.STM1954	26.3	228	165	2	32	257	37	263	5.20e-24	97.4
WP_055834151.1	iJN1463.PP_1770	36.9	274	172	1	15	288	16	288	6.98e-42	154
WP_055834151.1	iAF987.Gmet_0863	36.1	266	161	4	15	276	7	267	4.84e-39	139
WP_055834163.1	iML1515.b1341	41.7	180	89	3	214	393	244	407	4.27e-28	114
WP_055834163.1	iJN1463.PP_0129	43.4	173	83	4	223	394	485	643	2.69e-27	113
WP_055834163.1	iAF987.Gmet_0043	39.1	192	92	5	213	395	402	577	5.46e-27	112
WP_055834163.1	iAF987.Gmet_1298	37.2	199	109	4	198	393	159	344	6.29e-27	109
WP_055834163.1	iAF987.Gmet_3085	34.8	181	101	3	214	391	451	617	2.23e-25	108
WP_055834163.1	iAF987.Gmet_0069	39.4	188	94	6	213	394	129	302	4.27e-26	106
WP_055834166.1	iJN1463.PP_0652	66.0	462	146	4	1	458	1	455	1.18e-189	535
WP_055834172.1	iJN1463.PP_1679	49.1	346	161	6	17	358	12	346	1.09e-79	247
WP_055834175.1	STM_v1_0.STM2019	45.6	456	240	6	6	455	5	458	7.71e-115	347
WP_055834175.1	iSynCJ816.SGL_RS15620	41.6	505	253	8	4	483	2	489	1.35e-113	344
WP_055834175.1	iYL1228.KPN_03184	45.5	464	218	9	6	450	5	452	2.23e-111	338
WP_055834175.1	iEK1008.Rv0255c	42.8	509	239	7	6	489	4	485	2.38e-110	335
WP_055834184.1	iJN1463.PP_0160	23.7	676	466	20	60	707	175	828	8.18e-31	129
WP_055834184.1	STM_v1_0.STM0364	24.6	674	453	24	52	699	50	694	3.02e-28	120
WP_055834184.1	iYL1228.KPN_00165	24.9	699	452	26	50	707	69	735	3.16e-27	117
WP_055834184.1	iSSON_1240.SSON_0162	24.2	699	452	25	50	707	68	729	7.24e-27	116
WP_055834187.1	iYL1228.KPN_01266	45.6	171	92	1	18	188	26	195	5.77e-48	154
WP_055834187.1	iSDY_1059.SDY_1340	42.7	171	97	1	18	188	26	195	1.32e-46	151
WP_055834187.1	iML1515.b1270	42.7	171	97	1	18	188	26	195	2.64e-46	150
WP_055834187.1	iSSON_1240.SSON_1873	42.1	171	98	1	18	188	26	195	3.74e-46	150
WP_055834187.1	iSF_1195.SF1272	41.5	171	99	1	18	188	26	195	1.06e-45	149
WP_055834187.1	iPC815.YPO2214	42.7	171	97	1	18	188	26	195	1.94e-43	143
WP_055834187.1	STM_v1_0.STM1718	42.1	171	98	1	18	188	26	195	2.75e-43	142
WP_055834187.1	iJN1463.PP_1672	45.3	172	87	3	21	188	34	202	9.52e-43	141
WP_055834198.1	iJN1463.PP_4688	37.8	288	167	5	46	327	61	342	2.01e-34	128
WP_055834198.1	iYO844.BSU33170	37.4	294	179	3	40	333	62	350	6.35e-33	124
WP_055834198.1	iML1515.b1711	37.4	281	163	5	47	325	52	321	2.77e-32	122
WP_055834198.1	STM_v1_0.STM1340	37.7	316	180	6	12	325	21	321	2.77e-32	122
WP_055834198.1	iYL1228.KPN_02169	38.0	292	160	9	47	332	55	331	4.24e-32	122
WP_055834198.1	iSDY_1059.SDY_1806	37.4	281	163	5	47	325	52	321	3.85e-32	122
WP_055834198.1	iSSON_1240.SSON_4460	35.9	284	171	3	44	327	44	316	3.29e-32	122
WP_055834198.1	iSF_1195.SF1520	37.0	281	164	5	47	325	52	321	5.35e-32	121
WP_055834198.1	iSSON_1240.SSON_1447	37.0	281	164	5	47	325	52	321	7.45e-32	121
WP_055834198.1	iSynCJ816.SGL_RS01930	36.6	279	168	2	46	324	68	337	1.02e-31	121
WP_055834198.1	iML1515.b4288	35.9	284	171	3	44	327	44	316	1.23e-31	120
WP_055834201.1	iLJ478.TM0080	27.2	265	167	8	40	286	54	310	1.27e-22	95.5
WP_055834201.1	iYO844.BSU33180	25.4	279	189	10	34	299	35	307	1.96e-22	94.7
WP_055834201.1	iJN1463.PP_0524	31.4	258	160	10	54	304	20	267	9.68e-23	94.7
WP_055834204.1	iJN1463.PP_1678	47.8	184	78	5	12	195	4	169	2.24e-39	132
WP_055834206.1	iJN1463.PP_1673	54.7	437	180	4	9	442	7	428	3.42e-135	395
WP_055834209.1	iPC815.YPO3910	29.9	608	384	15	34	619	38	625	6.10e-59	208
WP_055834209.1	iJN1463.PP_0525	27.5	628	402	13	20	625	43	639	5.01e-53	192
WP_055834209.1	iYL1228.KPN_04255	29.2	617	363	17	36	615	29	608	1.27e-52	190
WP_055834218.1	iAF987.Gmet_3085	37.0	706	415	14	105	792	186	879	9.83e-126	398
WP_055834218.1	iAF987.Gmet_0700	43.3	550	296	8	256	795	277	820	2.74e-124	392
WP_055834218.1	iAF987.Gmet_0987	40.8	559	326	4	242	797	228	784	4.06e-123	388
WP_055834218.1	iAF987.Gmet_0957	46.8	436	229	3	361	793	181	616	5.66e-124	385
WP_055834218.1	iAF987.Gmet_2629	42.2	531	297	6	264	788	274	800	5.55e-118	375
WP_055834221.1	iAF987.Gmet_3275	24.5	314	224	5	92	394	119	430	7.13e-17	82.0
WP_055834221.1	iAF987.Gmet_0018	25.5	204	141	5	155	352	282	480	3.41e-16	80.1
WP_055834223.1	STM_v1_0.STM3002	46.3	287	121	6	2	263	6	284	1.71e-85	257
WP_055834232.1	iSynCJ816.SGL_RS18015	66.6	554	185	0	9	562	4	557	1.49e-262	728
WP_055834243.1	iSynCJ816.SGL_RS15030	54.8	668	277	9	10	672	5	652	9.18e-242	684
WP_055834243.1	iIT341.HP1045	48.6	660	321	7	18	673	12	657	1.55e-219	627
WP_055834243.1	iCN718.ABAYE_RS01415	52.1	660	288	13	17	670	2	639	1.14e-218	625
WP_055834249.1	iJN1463.PP_1418	33.1	251	151	8	23	262	18	262	3.63e-19	86.3
WP_055834252.1	iEK1008.Rv0222	39.5	210	118	3	2	210	5	206	2.68e-34	124
WP_055834252.1	iYL1228.KPN_01475	34.9	252	162	2	16	266	10	260	1.65e-31	117
WP_055834252.1	iML1515.b1394	35.2	256	156	3	16	266	10	260	2.31e-31	116
WP_055834252.1	iJN1463.PP_3283	33.7	255	159	3	16	265	11	260	6.48e-31	115
WP_055834255.1	iAF987.Gmet_2198	29.5	369	256	4	1	366	1	368	2.83e-39	143
WP_055834255.1	iYO844.BSU18260	29.4	384	259	9	1	377	1	379	2.08e-34	130
WP_055834258.1	iEK1008.Rv1934c	37.9	409	237	6	1	402	1	399	1.93e-75	239
WP_055834258.1	iEK1008.Rv3560c	36.8	400	221	10	10	402	5	379	8.37e-67	216
WP_055834261.1	iMM1415.74147	39.1	699	396	10	21	699	13	701	1.28e-141	431
WP_055834261.1	iCHOv1.100754698	39.0	698	400	8	21	698	13	704	4.02e-141	430
WP_055834266.1	iJN1463.PP_0350	35.0	792	457	23	46	800	40	810	3.35e-113	362
WP_055834266.1	iYL1228.KPN_00165	35.0	698	404	17	137	800	54	735	7.21e-108	346
WP_055834266.1	iML1515.b0150	35.2	718	419	17	122	800	37	747	1.06e-105	341
WP_055834266.1	iSF_1195.SF0142	35.1	718	420	17	122	800	37	747	2.07e-105	340
WP_055834266.1	iSDY_1059.SDY_0166	34.8	718	422	17	122	800	37	747	5.88e-104	336
WP_055834269.1	iJN1463.PP_0897	69.8	503	147	2	3	505	2	499	1.76e-252	699
WP_055834269.1	iCN718.ABAYE_RS16340	66.7	516	163	4	1	516	1	507	2.55e-245	681
WP_055834272.1	iJN1463.PP_0736	45.5	244	120	4	8	251	6	236	6.10e-56	181
WP_055834272.1	iCN718.ABAYE_RS00965	39.1	233	129	2	9	241	7	226	6.08e-50	165
WP_055834281.1	iAT_PLT_636.4905	37.7	106	57	5	119	218	256	358	4.54e-05	45.4
WP_055834281.1	iMM1415.18195	37.7	106	57	5	119	218	256	358	4.54e-05	45.4
WP_055834290.1	iJN1463.PP_2409	26.3	304	211	6	57	356	97	391	8.89e-08	53.5
WP_055834295.1	iSynCJ816.SGL_RS08445	32.7	281	170	5	8	271	25	303	2.17e-42	147
WP_055834298.1	iJN1463.PP_2008	35.0	120	68	2	2	115	394	509	1.80e-04	43.5
WP_055834298.1	iSynCJ816.SGL_RS11330	37.6	85	43	2	1	84	1	76	1.59e-04	43.5
WP_055834301.1	iML1515.b3812	34.8	230	140	3	9	230	7	234	1.68e-31	115
WP_055834304.1	iPC815.YPO3117	46.3	320	168	1	17	336	5	320	2.05e-97	291
WP_055834304.1	STM_v1_0.STM0489	46.2	303	159	1	17	319	5	303	5.76e-89	270
WP_055834304.1	iCN718.ABAYE_RS16875	43.4	325	181	2	14	336	5	328	1.15e-87	267
WP_055834310.1	iAF987.Gmet_0843	28.0	271	145	16	28	281	20	257	8.86e-08	52.0
WP_055834311.1	iPC815.YPO3806	28.6	357	210	12	8	349	84	410	1.91e-19	88.6
WP_055834311.1	iJN1463.PP_4865	27.6	330	204	7	33	351	121	426	1.20e-18	86.3
WP_055834311.1	iAF987.Gmet_1821	29.5	275	173	7	31	304	26	280	2.86e-17	81.3
WP_055834311.1	iJN1463.PP_4843	29.0	352	181	11	33	349	37	354	3.76e-17	81.3
WP_055834311.1	STM_v1_0.STM3562	26.7	326	198	9	39	349	111	410	5.59e-17	81.3
WP_055834311.1	iYL1228.KPN_03818	26.2	359	220	11	6	349	82	410	7.52e-17	80.9
WP_055834311.1	iSDY_1059.SDY_3605	26.0	369	224	11	6	354	82	421	7.52e-17	80.9
WP_055834311.1	iLJ478.TM1137	28.0	328	186	8	40	347	40	337	6.89e-17	80.5
WP_055834311.1	iSF_1195.SF3474	25.7	369	225	11	6	354	82	421	1.36e-16	80.1
WP_055834314.1	iJN1463.PP_4842	31.4	296	188	7	37	326	205	491	3.39e-30	119
WP_055834317.1	iLJ478.TM1139	40.7	236	139	1	13	248	5	239	4.10e-55	176
WP_055834317.1	iYL1228.KPN_03816	40.3	236	139	1	11	246	3	236	9.86e-53	170
WP_055834317.1	STM_v1_0.STM3560	40.6	234	137	1	13	246	5	236	5.57e-52	168
WP_055834317.1	iML1515.b3454	39.3	234	140	1	13	246	5	236	1.77e-50	164
WP_055834317.1	iSbBS512_1146.SbBS512_E3868	39.3	234	140	1	13	246	9	240	1.99e-50	164
WP_055834317.1	iSF_1195.SF3472	39.3	234	140	1	13	246	5	236	1.77e-50	164
WP_055834317.1	iSSON_1240.SSON_3692	39.3	234	140	1	13	246	9	240	1.99e-50	164
WP_055834317.1	iPC815.YPO3804	40.6	234	137	1	13	246	1	232	8.88e-50	162
WP_055834317.1	iSDY_1059.SDY_3603	38.9	234	141	1	13	246	9	240	2.23e-49	162
WP_055834323.1	iJN1463.PP_1141	25.7	339	214	14	28	349	26	343	5.58e-07	50.8
WP_055834323.1	iYL1228.KPN_03822	21.1	360	254	12	1	349	1	341	7.12e-06	47.4
WP_055834323.1	iSDY_1059.SDY_3611	21.6	338	237	11	23	349	40	360	1.73e-05	46.2
WP_055834348.1	STM_v1_0.STM2788	38.1	507	308	3	1	504	1	504	1.11e-104	322
WP_055834348.1	iJN1463.PP_1416	38.5	504	292	7	1	496	1	494	1.32e-99	308
WP_055834353.1	iJN1463.PP_1418	32.4	299	186	8	33	320	32	325	5.37e-34	126
WP_055834353.1	STM_v1_0.STM2786	30.3	310	203	6	3	305	2	305	7.70e-31	118
WP_055834356.1	iAF987.Gmet_2999	35.7	112	70	1	3	112	10	121	4.11e-14	70.1
WP_055834356.1	iAF987.Gmet_1914	36.1	108	69	0	2	109	3	110	5.22e-14	70.1
WP_055834356.1	iAF987.Gmet_1706	32.8	119	76	2	1	117	1	117	2.58e-12	64.7
WP_055834369.1	iYL1228.KPN_03996	50.8	191	92	1	5	193	4	194	5.11e-61	189
WP_055834369.1	iML1515.b3648	50.3	191	93	1	5	193	4	194	1.18e-59	185
WP_055834369.1	iSbBS512_1146.SbBS512_E4099	50.3	191	93	1	5	193	4	194	1.18e-59	185
WP_055834369.1	iSF_1195.SF3688	50.3	191	93	1	5	193	4	194	1.18e-59	185
WP_055834369.1	iSSON_1240.SSON_3757	50.3	191	93	1	5	193	4	194	1.18e-59	185
WP_055834369.1	iJN1463.PP_5296	47.7	199	104	0	5	203	6	204	4.61e-59	184
WP_055834369.1	iAF987.Gmet_2327	47.3	188	99	0	1	188	1	188	8.42e-59	183
WP_055834369.1	iSDY_1059.SDY_4080	49.7	191	94	1	5	193	4	194	1.35e-58	182
WP_055834369.1	STM_v1_0.STM3740	49.2	191	95	1	5	193	4	194	2.71e-58	182
WP_055834369.1	iPC815.YPO0040	49.2	191	95	1	5	193	4	194	3.56e-56	176
WP_055834369.1	iCN718.ABAYE_RS02090	47.2	199	105	0	5	203	3	201	4.94e-54	171
WP_055834375.1	iJN1463.PP_5302	43.5	713	374	6	44	752	14	701	3.59e-202	588
WP_055834375.1	iYL1228.KPN_03998	44.3	714	373	10	43	752	13	705	4.75e-198	577
WP_055834375.1	iSDY_1059.SDY_4082	44.2	712	370	9	44	752	14	701	6.67e-197	574
WP_055834375.1	STM_v1_0.STM3742	44.2	712	371	10	44	752	14	702	5.51e-196	572
WP_055834375.1	iML1515.b3650	44.1	712	371	9	44	752	14	701	7.54e-196	572
WP_055834375.1	iSbBS512_1146.SbBS512_E4101	44.1	712	371	9	44	752	14	701	7.54e-196	572
WP_055834375.1	iSF_1195.SF3690	44.1	712	371	9	44	752	14	701	7.54e-196	572
WP_055834375.1	iSSON_1240.SSON_3755	44.1	712	371	9	44	752	14	701	7.54e-196	572
WP_055834375.1	iPC815.YPO0038	43.7	712	374	9	44	752	14	701	6.81e-194	566
WP_055834375.1	iAF987.Gmet_2325	41.9	708	394	8	50	752	20	715	1.12e-181	536
WP_055834389.1	iSynCJ816.SGL_RS08415	39.6	91	51	1	17	107	6	92	1.30e-15	66.2
WP_055834392.1	iML1515.b4161	36.1	310	181	9	3	304	38	338	4.04e-44	153
WP_055834392.1	iSF_1195.SF4320	35.8	310	182	9	3	304	49	349	5.17e-44	153
WP_055834392.1	iSbBS512_1146.SbBS512_E4693	35.8	310	182	9	3	304	38	338	5.67e-44	153
WP_055834392.1	iSDY_1059.SDY_4431	35.8	310	182	9	3	304	25	325	4.21e-44	153
WP_055834392.1	iSSON_1240.SSON_4346	35.8	310	182	9	3	304	25	325	4.21e-44	153
WP_055834392.1	STM_v1_0.STM4349	34.1	311	186	8	3	304	46	346	5.13e-43	150
WP_055834392.1	iPC815.YPO0365	34.6	312	180	9	5	304	39	338	6.39e-42	147
WP_055834392.1	iYL1228.KPN_04558	33.9	310	183	9	6	304	41	339	5.14e-41	145
WP_055834398.1	iJN1463.PP_0967	61.4	345	131	1	9	353	5	347	5.97e-146	416
WP_055834398.1	iCN718.ABAYE_RS15590	56.3	348	147	2	9	353	11	356	1.12e-134	388
WP_055834400.1	iJN1463.PP_1675	29.3	242	152	5	32	270	38	263	3.45e-21	91.7
WP_055834413.1	iML1515.b1448	35.4	175	103	8	3	174	2	169	4.36e-19	79.3
WP_055834413.1	iJN1463.PP_1924	34.2	155	99	3	4	158	7	158	1.62e-18	78.2
WP_055834413.1	iJN1463.PP_4846	35.5	166	97	6	4	165	5	164	3.27e-18	77.0
WP_055834420.1	iAF987.Gmet_3131	47.4	325	168	2	5	329	3	324	8.78e-95	284
WP_055834420.1	iHN637.CLJU_RS06110	45.7	324	171	3	6	327	3	323	6.34e-89	269
WP_055834420.1	iYO844.BSU12840	45.3	327	175	3	12	336	9	333	6.15e-87	264
WP_055834420.1	iEK1008.Rv0545c	44.5	326	173	3	8	329	5	326	6.10e-85	262
WP_055834426.1	iLJ478.TM1139	53.0	234	110	0	20	253	4	237	1.63e-84	251
WP_055834426.1	iJN1463.PP_1137	52.4	233	110	1	21	253	1	232	5.82e-81	242
WP_055834426.1	iAF987.Gmet_1819	49.4	239	116	2	21	254	1	239	3.96e-77	233
WP_055834429.1	iAF987.Gmet_1820	49.2	250	127	0	5	254	1	250	2.51e-84	251
WP_055834429.1	iJN1463.PP_1138	47.8	253	131	1	1	252	1	253	7.32e-80	240
WP_055834429.1	iPC815.YPO3805	48.6	249	127	1	5	252	6	254	7.32e-80	240
WP_055834429.1	STM_v1_0.STM3561	46.2	253	135	1	1	252	1	253	9.63e-78	235
WP_055834429.1	iYL1228.KPN_03817	45.8	253	136	1	1	252	1	253	2.74e-77	234
WP_055834429.1	iSSON_1240.SSON_3693	45.5	253	137	1	1	252	1	253	1.56e-76	232
WP_055834429.1	iML1515.b3455	45.5	253	137	1	1	252	1	253	2.22e-76	231
WP_055834429.1	iSbBS512_1146.SbBS512_E3867	45.5	253	137	1	1	252	1	253	2.22e-76	231
WP_055834429.1	iSF_1195.SF3473	45.5	253	137	1	1	252	1	253	2.22e-76	231
WP_055834429.1	iSDY_1059.SDY_3604	45.1	253	138	1	1	252	1	253	6.31e-76	230
WP_055834429.1	iLJ478.TM1138	48.7	269	104	7	11	252	17	278	5.09e-74	226
WP_055834432.1	iJN1463.PP_1139	44.5	346	147	6	23	356	96	408	1.77e-74	237
WP_055834432.1	iJN1463.PP_4865	43.2	359	158	8	24	370	111	435	9.38e-72	231
WP_055834432.1	iSDY_1059.SDY_3605	43.0	351	152	7	20	356	91	407	3.68e-68	221
WP_055834432.1	iSbBS512_1146.SbBS512_E3866	42.7	351	153	7	20	356	91	407	5.18e-68	221
WP_055834432.1	iSSON_1240.SSON_3694	42.7	351	153	7	20	356	91	407	7.28e-68	220
WP_055834432.1	iML1515.b3456	42.5	351	154	7	20	356	91	407	4.00e-67	218
WP_055834432.1	iSF_1195.SF3474	42.7	351	153	7	20	356	91	407	4.00e-67	218
WP_055834432.1	iYL1228.KPN_03818	42.2	351	155	7	20	356	91	407	5.63e-67	218
WP_055834432.1	iPC815.YPO3806	43.6	330	139	7	40	356	112	407	6.60e-66	215
WP_055834432.1	STM_v1_0.STM3562	43.3	330	140	6	40	356	112	407	8.59e-66	215
WP_055834435.1	iJN1463.PP_4866	46.4	308	145	5	3	303	4	298	4.42e-78	239
WP_055834435.1	iJN1463.PP_1140	44.9	303	152	5	6	303	9	301	3.99e-74	229
WP_055834435.1	iLJ478.TM1136	44.9	314	151	5	1	308	1	298	5.01e-73	226
WP_055834435.1	iYL1228.KPN_03819	43.9	303	157	3	5	303	9	302	7.43e-72	224
WP_055834435.1	iML1515.b3457	43.6	303	158	3	5	303	9	302	2.97e-71	222
WP_055834435.1	iSbBS512_1146.SbBS512_E3865	43.6	303	158	3	5	303	9	302	2.97e-71	222
WP_055834435.1	iSSON_1240.SSON_3695	43.6	303	158	3	5	303	9	302	2.97e-71	222
WP_055834435.1	STM_v1_0.STM3563	43.6	303	158	3	5	303	9	302	2.37e-70	220
WP_055834435.1	iSF_1195.SF3475	43.2	303	159	3	5	303	9	302	6.69e-70	219
WP_055834455.1	iCN900.CD630_36640	25.3	356	263	3	127	480	27	381	5.91e-32	126
WP_055834469.1	iJN1463.PP_0217	49.6	387	186	3	18	400	4	385	1.61e-130	380
WP_055834486.1	iEK1008.Rv3560c	34.4	398	223	8	10	393	5	378	9.07e-67	216
WP_055834486.1	iEK1008.Rv1934c	34.0	409	243	8	1	393	1	398	1.21e-62	206
WP_055834490.1	iEK1008.Rv1933c	29.7	367	243	7	1	362	1	357	2.16e-30	119
WP_055834490.1	iAF987.Gmet_2198	28.2	373	245	8	1	355	1	368	2.13e-26	108
WP_055834501.1	STM_v1_0.STM0045	46.4	330	152	5	1	329	1	306	3.74e-82	252
WP_055834501.1	iYL1228.KPN_00020	46.7	330	151	5	1	329	1	306	4.23e-81	249
WP_055834501.1	iPC815.YPO0474	45.8	330	154	5	1	329	1	306	9.55e-80	246
WP_055834501.1	iML1515.b0025	45.0	331	156	5	1	329	1	307	1.97e-79	245
WP_055834501.1	iSbBS512_1146.SbBS512_E0029	45.0	331	156	5	1	329	1	307	1.97e-79	245
WP_055834501.1	iSF_1195.SF0021	45.0	331	156	5	1	329	1	307	1.97e-79	245
WP_055834501.1	iSSON_1240.SSON_0030	45.0	331	156	5	1	329	1	307	1.97e-79	245
WP_055834501.1	iSDY_1059.SDY_0047	44.4	331	158	5	1	329	1	307	6.28e-78	241
WP_055834504.1	iJN1463.PP_0603	57.1	976	364	9	16	970	2	943	0.0	1081
WP_055834509.1	STM_v1_0.STM0047	45.3	148	80	1	18	164	10	157	1.17e-41	137
WP_055834513.1	STM_v1_0.STM0429	26.2	305	196	10	10	298	5	296	7.26e-16	77.0
WP_055834517.1	iYL1228.KPN_00778	35.2	210	126	5	51	254	3	208	1.69e-20	87.0
WP_055834517.1	iPC815.YPO3014	30.3	228	152	2	29	252	29	253	7.38e-20	86.3
WP_055834517.1	STM_v1_0.STM0782	33.9	218	132	5	50	259	2	215	4.53e-20	85.9
WP_055834517.1	iYL1228.KPN_02772	29.8	235	158	2	22	252	22	253	2.69e-19	84.7
WP_055834517.1	STM_v1_0.STM2443	29.4	235	159	2	22	252	22	253	3.71e-19	84.3
WP_055834517.1	iML1515.b0764	33.2	217	135	4	50	259	2	215	3.23e-19	83.6
WP_055834517.1	iSbBS512_1146.SbBS512_E0685	33.2	217	135	4	50	259	2	215	3.23e-19	83.6
WP_055834517.1	iSDY_1059.SDY_0711	33.2	217	135	4	50	259	2	215	3.23e-19	83.6
WP_055834517.1	iSF_1195.SF0540	33.2	217	135	4	50	259	2	215	3.23e-19	83.6
WP_055834517.1	iSSON_1240.SSON_0716	33.2	217	135	4	50	259	2	215	3.23e-19	83.6
WP_055834517.1	iAF987.Gmet_1905	29.3	215	145	2	29	239	32	243	1.88e-18	82.4
WP_055834517.1	iJN1463.PP_5170	27.7	253	167	5	22	266	21	265	3.28e-18	81.6
WP_055834517.1	iCN718.ABAYE_RS05150	26.2	244	172	3	29	268	27	266	6.68e-18	80.9
WP_055834517.1	iSDY_1059.SDY_2620	28.9	235	160	2	22	252	22	253	9.20e-18	80.5
WP_055834517.1	iML1515.b2424	28.9	235	160	2	22	252	22	253	1.74e-17	79.7
WP_055834517.1	iSbBS512_1146.SbBS512_E2796	28.9	235	160	2	22	252	22	253	1.74e-17	79.7
WP_055834517.1	iSSON_1240.SSON_2513	28.9	235	160	2	22	252	22	253	1.74e-17	79.7
WP_055834520.1	iEK1008.Rv0805	34.4	212	131	4	6	213	11	218	1.02e-27	108
WP_055834523.1	iJN1463.PP_0145	45.9	545	284	3	1	538	1	541	3.48e-152	447
WP_055834523.1	iML1515.b4020	46.3	534	284	3	1	533	1	532	1.52e-148	437
WP_055834529.1	iJN1463.PP_0072	54.3	326	145	2	1	325	1	323	3.67e-115	335
WP_055834534.1	iML1515.b3943	22.3	305	211	8	4	300	6	292	1.57e-06	48.5
WP_055834536.1	iLJ478.TM1169	37.2	258	135	5	1	258	1	231	1.48e-40	139
WP_055834557.1	STM_v1_0.STM2788	42.9	490	271	5	1	486	1	485	6.11e-128	381
WP_055834557.1	iJN1463.PP_1416	41.8	491	281	3	1	489	1	488	2.24e-119	359
WP_055834574.1	iEK1008.Rv0125	33.2	247	126	9	92	328	34	251	1.97e-15	75.9
WP_055834579.1	iEK1008.Rv0958	26.4	246	136	9	77	307	139	354	1.09e-05	46.6
WP_055834589.1	iJN1463.PP_4210	45.2	230	118	5	1	226	1	226	1.00e-48	168
WP_055834589.1	iCN900.CD630_19470	39.7	219	132	0	6	224	10	228	1.12e-51	166
WP_055834589.1	iYO844.BSU30420	42.8	201	115	0	21	221	21	221	3.54e-48	157
WP_055834592.1	iYO844.BSU30410	25.2	135	97	1	283	417	305	435	5.53e-08	54.3
WP_055834592.1	iJN1463.PP_4210	22.5	423	248	13	28	417	279	654	2.65e-06	49.3
WP_055834601.1	iEK1008.Rv0125	30.7	290	162	11	130	396	77	350	5.63e-21	94.0
WP_055834604.1	iSDY_1059.SDY_0358	35.2	290	188	0	49	338	77	366	3.22e-56	187
WP_055834604.1	iSbBS512_1146.SbBS512_E0302	34.9	289	188	0	50	338	73	361	4.33e-55	184
WP_055834610.1	iAF987.Gmet_0069	37.3	118	70	2	4	117	6	123	1.78e-17	79.0
WP_055834613.1	iJN1463.PP_0184	62.2	460	174	0	8	467	1	460	6.93e-205	575
WP_055834613.1	iCN718.ABAYE_RS17470	60.1	459	182	1	15	472	14	472	2.68e-192	543
WP_055834619.1	iAF987.Gmet_1919	34.2	117	71	2	5	119	5	117	8.59e-10	57.8
WP_055834627.1	iJN1463.PP_1803	29.4	180	98	5	4	160	6	179	2.82e-08	53.9
WP_055834634.1	iJN1463.PP_0121	42.5	313	166	4	1	313	1	299	5.88e-69	217
WP_055834667.1	iJN1463.PP_1418	27.8	255	159	11	3	241	6	251	1.34e-06	48.9
WP_055834671.1	iYO844.BSU09440	24.8	226	151	4	42	262	151	362	1.68e-08	54.3
WP_055834671.1	iCN718.ABAYE_RS18815	30.0	207	130	7	37	239	164	359	3.14e-08	53.5
WP_055834674.1	iYL1228.KPN_01873	34.3	265	153	5	11	269	12	261	2.54e-35	129
WP_055834674.1	iJN1463.PP_3713	31.9	295	179	6	11	298	12	291	1.07e-33	125
WP_055834677.1	iML1515.b2371	30.4	342	211	5	7	333	12	341	3.46e-46	162
WP_055834677.1	iSDY_1059.SDY_2572	28.4	409	250	12	1	375	1	400	2.98e-41	149
WP_055834677.1	iML1515.b2374	28.1	409	251	12	1	375	1	400	1.11e-40	148
WP_055834677.1	iSF_1195.SF2441	28.1	409	251	12	1	375	1	400	1.11e-40	148
WP_055834677.1	iCN900.CD630_03950	25.6	383	271	5	4	375	2	381	1.12e-40	147
WP_055834677.1	iSbBS512_1146.SbBS512_E2743	28.1	409	251	12	1	375	1	400	2.15e-40	147
WP_055834700.1	iYL1228.KPN_00925	62.5	437	151	6	1	435	1	426	4.54e-178	504
WP_055834700.1	STM_v1_0.STM0963	62.2	437	152	6	1	435	1	426	1.84e-177	502
WP_055834700.1	iJN1463.PP_4000	60.5	441	157	6	1	439	1	426	7.46e-176	498
WP_055834700.1	iCN718.ABAYE_RS04335	60.5	433	153	6	1	432	1	416	7.76e-175	495
WP_055834700.1	iSbBS512_1146.SbBS512_E2435	61.8	437	154	6	1	435	1	426	9.91e-175	495
WP_055834700.1	iSF_1195.SF0852	61.8	437	154	6	1	435	1	426	1.41e-174	495
WP_055834700.1	iSSON_1240.SSON_0894	61.8	437	154	6	1	435	1	426	1.41e-174	495
WP_055834700.1	iSDY_1059.SDY_2368	61.6	437	155	6	1	435	1	426	2.30e-173	492
WP_055834700.1	iPC815.YPO1379	59.3	437	165	5	1	435	1	426	6.16e-171	486
WP_055834709.1	iCN718.ABAYE_RS02095	59.7	310	121	1	17	322	2	311	1.37e-133	382
WP_055834709.1	iJN1463.PP_0606	59.7	310	121	1	17	322	2	311	5.04e-131	375
WP_055834709.1	iYL1228.KPN_00024	56.8	310	131	1	17	323	2	311	1.01e-123	357
WP_055834709.1	STM_v1_0.STM0049	56.5	310	132	1	17	323	2	311	2.69e-121	351
WP_055834709.1	iML1515.b0029	55.8	310	134	1	17	323	2	311	7.68e-121	350
WP_055834709.1	iSbBS512_1146.SbBS512_E0033	55.8	310	134	1	17	323	2	311	7.68e-121	350
WP_055834709.1	iSDY_1059.SDY_0051	55.8	310	134	1	17	323	2	311	7.68e-121	350
WP_055834709.1	iSF_1195.SF0026	55.8	310	134	1	17	323	2	311	7.68e-121	350
WP_055834709.1	iSSON_1240.SSON_0034	55.8	310	134	1	17	323	2	311	7.68e-121	350
WP_055834730.1	iAF987.Gmet_2161	41.1	112	59	3	26	131	480	590	1.14e-16	74.7
WP_055834733.1	iLB1027_lipid.PHATRDRAFT_44546	24.4	308	171	11	20	292	20	300	1.19e-13	69.7
WP_055834733.1	iYL1228.KPN_01195	25.2	258	166	7	39	286	41	281	4.59e-13	67.8
WP_055834733.1	iJN1463.PP_2368	26.3	285	170	10	16	291	2	255	2.26e-12	65.5
WP_055834745.1	STM_v1_0.STM3635	23.0	318	197	14	198	494	207	497	2.76e-12	68.9
WP_055834745.1	iML1515.b3546	23.6	275	163	13	240	494	250	497	1.47e-11	66.6
WP_055834745.1	iSbBS512_1146.SbBS512_E3983	23.6	275	163	13	240	494	250	497	1.47e-11	66.6
WP_055834745.1	iSF_1195.SF3580	23.6	275	163	13	240	494	261	508	1.50e-11	66.6
WP_055834745.1	iSSON_1240.SSON_3844	23.6	275	163	13	240	494	261	508	1.50e-11	66.6
WP_055834750.1	iJN1463.PP_0551	39.9	223	129	4	240	462	385	602	3.36e-37	144
WP_055834753.1	iJN1463.PP_1384	32.0	447	274	6	61	487	30	466	5.68e-45	164
WP_055834753.1	iYL1228.KPN_04739	31.3	416	270	6	79	487	89	495	6.82e-44	161
WP_055834753.1	iJN1463.PP_4211	32.3	443	285	7	59	490	30	468	1.51e-42	157
WP_055834753.1	iJN1463.PP_3427	30.8	413	280	2	80	488	53	463	2.50e-39	148
WP_055834756.1	iJN1463.PP_3426	66.7	1044	347	1	1	1043	1	1044	0.0	1328
WP_055834759.1	iJN1463.PP_3425	44.3	343	185	2	52	394	32	368	2.63e-84	263
WP_055834762.1	iEK1008.Rv1399c	37.2	199	119	4	55	247	82	280	2.72e-26	105
WP_055834762.1	iEK1008.Rv1400c	37.6	197	119	3	55	247	85	281	2.77e-26	105
WP_055834762.1	iEK1008.Rv0217c	38.9	221	111	8	41	252	59	264	1.40e-23	97.4
WP_055834767.1	iJN1463.PP_5107	44.1	136	71	2	241	376	71	201	4.28e-22	94.0
WP_055834767.1	iML1515.b3208	40.9	132	78	0	237	368	75	206	3.55e-19	85.9
WP_055834776.1	iAF987.Gmet_2999	33.1	118	79	0	10	127	8	125	7.15e-14	70.1
WP_055834776.1	iAF987.Gmet_1706	32.2	118	78	1	11	128	2	117	3.12e-12	65.1
WP_055834779.1	iEK1008.Rv2899c	34.8	250	151	6	41	287	23	263	6.82e-28	108
WP_055834784.1	iCN718.ABAYE_RS04780	58.9	764	306	4	5	761	18	780	0.0	894
WP_055834790.1	iAF987.Gmet_2465	25.2	461	281	13	19	472	10	413	7.54e-31	124
WP_055834798.1	iYL1228.KPN_02560	52.3	706	299	14	5	706	6	677	1.26e-243	691
WP_055834798.1	iSF_1195.SF2179	52.1	706	300	14	5	706	6	677	1.02e-242	688
WP_055834798.1	iSDY_1059.SDY_2181	51.7	706	303	14	5	706	6	677	9.43e-241	683
WP_055834798.1	iSSON_1240.SSON_2163	51.7	706	303	14	5	706	6	677	1.34e-240	683
WP_055834798.1	iSbBS512_1146.SbBS512_E0856	51.7	706	303	14	5	706	6	677	1.89e-240	682
WP_055834798.1	STM_v1_0.STM2155	52.1	707	299	15	5	706	6	677	5.38e-240	681
WP_055834798.1	iPC815.YPO1522	51.5	705	304	15	5	706	6	675	3.77e-237	674
WP_055834798.1	iJN1463.PP_1097	52.0	712	303	15	1	706	1	679	7.02e-236	671
WP_055834798.1	iCN718.ABAYE_RS15110	49.9	712	319	11	5	705	2	686	9.55e-228	650
WP_055834810.1	iJN1463.PP_4984	51.4	436	200	4	4	427	5	440	2.30e-145	422
WP_055834813.1	iYL1228.KPN_00803	49.5	200	101	0	21	220	6	205	9.02e-52	167
WP_055834813.1	STM_v1_0.STM0797	48.5	200	103	0	21	220	6	205	2.03e-50	164
WP_055834813.1	iJN1463.PP_0366	45.7	221	115	3	19	234	4	224	7.64e-50	162
WP_055834813.1	iSbBS512_1146.SbBS512_E2574	46.0	200	108	0	21	220	6	205	1.88e-47	156
WP_055834813.1	iSDY_1059.SDY_0828	46.0	200	108	0	21	220	6	205	1.88e-47	156
WP_055834813.1	iSSON_1240.SSON_0757	46.0	200	108	0	21	220	6	205	5.31e-47	155
WP_055834813.1	iML1515.b0778	45.5	200	109	0	21	220	6	205	1.06e-46	154
WP_055834813.1	iSF_1195.SF0728	45.5	200	109	0	21	220	6	205	8.42e-46	152
WP_055834816.1	iJN1463.PP_1225	33.6	119	57	4	5	122	7	104	1.35e-12	63.9
WP_055834818.1	iSDY_1059.SDY_2967	38.3	107	66	0	1	107	2	108	1.11e-19	77.8
WP_055834818.1	iML1515.b2765	38.3	107	66	0	1	107	2	108	1.57e-19	77.4
WP_055834818.1	iSbBS512_1146.SbBS512_E3108	38.3	107	66	0	1	107	2	108	1.57e-19	77.4
WP_055834818.1	iSF_1195.SF2781	38.3	107	66	0	1	107	1	107	1.53e-19	77.4
WP_055834818.1	iSSON_1240.SSON_2918	38.3	107	66	0	1	107	2	108	1.57e-19	77.4
WP_055834818.1	STM_v1_0.STM2949	35.5	107	69	0	1	107	1	107	2.44e-18	74.3
WP_055834818.1	iJN1463.PP_2341	33.0	103	69	0	5	107	3	105	2.61e-17	71.6
WP_055834821.1	iCN718.ABAYE_RS07710	36.1	119	72	3	1	117	1	117	7.07e-17	70.5
WP_055834825.1	iAF987.Gmet_3010	41.9	573	303	14	30	589	30	585	1.50e-98	311
WP_055834829.1	iJN1463.PP_4700	48.9	278	136	3	1	272	1	278	7.62e-77	234
WP_055834829.1	iPC815.YPO3402	46.7	259	134	3	20	275	24	281	6.87e-69	214
WP_055834833.1	iAF987.Gmet_0008	45.9	338	171	5	2	333	4	335	3.28e-66	211
WP_055834833.1	iPC815.YPO0068	41.9	329	182	5	2	326	7	330	1.79e-63	204
WP_055834833.1	iSbBS512_1146.SbBS512_E4036	40.2	341	171	6	2	326	7	330	5.32e-59	192
WP_055834833.1	iML1515.b3608	40.2	341	171	6	2	326	7	330	1.06e-58	192
WP_055834833.1	iSDY_1059.SDY_4041	40.2	341	171	6	2	326	7	330	1.06e-58	192
WP_055834833.1	iSF_1195.SF3647	40.2	341	171	6	2	326	7	330	1.06e-58	192
WP_055834833.1	iSSON_1240.SSON_3797	40.2	341	171	6	2	326	7	330	1.06e-58	192
WP_055834837.1	iJN1463.PP_5054	53.6	84	38	1	1	84	1	83	5.80e-28	96.3
WP_055834837.1	iYL1228.KPN_03954	55.4	83	36	1	1	83	1	82	8.01e-28	95.9
WP_055834837.1	iPC815.YPO0066	56.6	83	35	1	1	83	1	82	7.79e-28	95.9
WP_055834837.1	STM_v1_0.STM3702	54.2	83	37	1	1	83	1	82	9.32e-27	93.2
WP_055834837.1	iML1515.b3610	54.2	83	37	1	1	83	1	82	3.79e-26	91.7
WP_055834837.1	iSbBS512_1146.SbBS512_E4038	54.2	83	37	1	1	83	1	82	3.79e-26	91.7
WP_055834837.1	iSDY_1059.SDY_4043	54.2	83	37	1	1	83	1	82	3.79e-26	91.7
WP_055834837.1	iSSON_1240.SSON_3795	54.2	83	37	1	1	83	1	82	3.79e-26	91.7
WP_055834837.1	iJN1463.PP_2958	54.2	83	37	1	1	83	1	82	7.85e-26	90.9
WP_055834837.1	iSF_1195.SF3649	53.0	83	38	1	1	83	1	82	6.25e-25	88.6
WP_055834837.1	iSynCJ816.SGL_RS17425	57.6	85	34	2	4	87	23	106	1.81e-24	88.2
WP_055834840.1	iSynCJ816.SGL_RS18145	32.7	101	66	1	35	135	66	164	1.59e-09	52.8
WP_055834843.1	iAF987.Gmet_1653	64.8	244	86	0	1	244	1	244	3.39e-115	329
WP_055834843.1	iYL1228.KPN_00768	61.9	244	93	0	3	246	5	248	1.45e-112	323
WP_055834843.1	STM_v1_0.STM0772	61.9	244	93	0	3	246	5	248	1.45e-112	323
WP_055834843.1	iML1515.b0755	62.3	244	92	0	3	246	5	248	2.06e-112	322
WP_055834843.1	iSbBS512_1146.SbBS512_E0676	62.3	244	92	0	3	246	5	248	2.06e-112	322
WP_055834843.1	iSF_1195.SF0549	62.3	244	92	0	3	246	5	248	2.06e-112	322
WP_055834843.1	iSSON_1240.SSON_0707	62.3	244	92	0	3	246	5	248	2.06e-112	322
WP_055834843.1	iSDY_1059.SDY_0702	62.3	244	92	0	3	246	5	248	5.88e-112	321
WP_055834843.1	iAT_PLT_636.5223	60.1	248	96	2	2	246	4	251	1.05e-108	313
WP_055834843.1	iMM1415.18648	60.1	248	96	2	2	246	4	251	1.05e-108	313
WP_055834843.1	iPC815.YPO1133	60.2	244	97	0	3	246	5	248	9.16e-109	313
WP_055834843.1	iCHOv1.100766080	60.1	248	96	2	2	246	4	251	1.49e-108	313
WP_055834843.1	iAM_Pb448.PBANKA_092810	58.0	245	103	0	2	246	4	248	9.51e-104	300
WP_055834843.1	iAM_Pf480.PF3D7_1120100	59.2	245	100	0	2	246	4	248	2.72e-103	299
WP_055834847.1	iJN1463.PP_0735	44.4	248	136	2	1	248	2	247	8.48e-62	194
WP_055834847.1	iPC815.YPO3741	40.9	259	139	3	1	248	7	262	2.11e-57	183
WP_055834854.1	iAF987.Gmet_1919	26.8	164	101	5	32	188	31	182	7.34e-09	54.3
WP_055834854.1	iAF987.Gmet_0069	31.0	87	58	1	32	116	33	119	7.54e-08	51.2
WP_055834871.1	iJN1463.PP_1082	27.1	140	94	2	47	185	6	138	1.17e-04	40.4
WP_055834878.1	iJN1463.PP_5123	61.0	141	55	0	8	148	5	145	2.11e-57	176
WP_055834878.1	iCN718.ABAYE_RS14785	55.9	145	64	0	8	152	7	151	1.40e-53	167
WP_055834878.1	iSDY_1059.SDY_4064	51.9	154	74	0	7	160	5	158	2.03e-52	164
WP_055834878.1	iML1515.b3634	51.9	154	74	0	7	160	5	158	8.20e-52	162
WP_055834878.1	iSbBS512_1146.SbBS512_E4059	51.9	154	74	0	7	160	5	158	8.20e-52	162
WP_055834878.1	iSF_1195.SF3673	51.9	154	74	0	7	160	5	158	8.20e-52	162
WP_055834878.1	iSSON_1240.SSON_3773	51.9	154	74	0	7	160	5	158	1.65e-51	161
WP_055834878.1	STM_v1_0.STM3725	51.0	155	76	0	7	161	5	159	9.45e-51	159
WP_055834881.1	iAF987.Gmet_2529	29.4	411	272	7	39	444	53	450	9.93e-42	154
WP_055834884.1	iAF987.Gmet_2530	30.1	482	255	12	52	470	28	490	1.65e-41	154
WP_055834892.1	iIS312.TCDM_05651	36.3	135	82	2	46	176	102	236	2.36e-24	96.3
WP_055834895.1	iJN1463.PP_0110	48.6	288	145	1	11	298	10	294	1.65e-81	248
WP_055834897.1	iSynCJ816.SGL_RS10200	31.9	204	95	8	54	248	56	224	1.11e-12	68.2
WP_055834907.1	iJN1463.PP_0106	48.1	291	138	4	11	291	6	293	5.52e-91	271
WP_055834913.1	iJN1463.PP_0105	39.3	183	93	5	9	188	8	175	1.52e-37	128
WP_055834916.1	iJN1463.PP_0104	69.0	535	158	4	1	534	1	528	2.37e-281	774
WP_055834937.1	iJN1463.PP_4817	42.8	145	82	1	7	150	6	150	5.66e-36	121
WP_055834940.1	iSDY_1059.SDY_0983	49.5	192	97	0	3	194	5	196	1.65e-56	176
WP_055834940.1	iSF_1195.SF1011	49.0	192	98	0	3	194	5	196	2.34e-56	176
WP_055834940.1	iML1515.b1008	49.0	192	98	0	3	194	5	196	4.69e-56	175
WP_055834940.1	iSSON_1240.SSON_1026	49.0	192	98	0	3	194	5	196	1.34e-55	174
WP_055834945.1	iJN1463.PP_1418	25.7	304	198	12	31	318	20	311	4.59e-09	56.6
WP_055834948.1	iJN1463.PP_3280	72.8	401	106	2	3	400	5	405	1.57e-198	553
WP_055834948.1	iYL1228.KPN_01540	70.8	401	117	0	1	401	1	401	2.38e-194	542
WP_055834948.1	iCN718.ABAYE_RS08700	66.9	399	131	1	4	401	5	403	7.59e-189	528
WP_055834948.1	iCN718.ABAYE_RS08895	66.7	399	132	1	4	401	3	401	3.19e-188	527
WP_055834948.1	iJN1463.PP_1377	68.3	397	124	2	6	401	5	400	7.08e-184	516
WP_055834948.1	iCN718.ABAYE_RS11935	66.3	395	132	1	7	400	6	400	3.57e-182	511
WP_055834948.1	iML1515.b1397	68.1	398	126	1	5	401	4	401	1.40e-181	510
WP_055834948.1	iYL1228.KPN_01478	66.8	398	131	1	5	401	4	401	7.58e-179	503
WP_055834951.1	iJN1463.PP_3952	68.9	212	65	1	1	212	1	211	2.35e-100	289
WP_055834951.1	iYL1228.KPN_01539	65.3	202	70	0	6	207	3	204	6.82e-94	273
WP_055834954.1	iJN1463.PP_3951	67.7	226	73	0	1	226	1	226	1.19e-110	317
WP_055834954.1	iYL1228.KPN_01538	68.9	222	69	0	1	222	1	222	1.52e-110	316
WP_055834963.1	iPC815.YPO4048	25.8	325	238	3	32	355	34	356	1.98e-23	100
WP_055834963.1	iML1515.b4337	26.0	327	240	2	30	355	28	353	2.31e-22	97.8
WP_055834963.1	iYL1228.KPN_00874	26.0	335	237	6	29	355	25	356	2.16e-20	92.0
WP_055834975.1	iYO844.BSU25790	62.3	345	128	1	14	358	3	345	5.42e-151	429
WP_055834975.1	iAF987.Gmet_0520	65.1	338	118	0	15	352	9	346	5.88e-149	424
WP_055834995.1	iCN718.ABAYE_RS03025	29.1	237	159	5	11	243	22	253	2.06e-23	95.5
WP_055834997.1	iJN1463.PP_4999	41.9	432	239	4	1	431	1	421	2.38e-102	310
WP_055834997.1	iAF987.Gmet_1770	38.4	432	255	3	3	433	1	422	1.64e-93	288
WP_055835000.1	iJN1463.PP_4998	65.8	316	108	0	4	319	7	322	1.94e-144	410
WP_055835000.1	iCN718.ABAYE_RS12925	62.6	310	112	3	8	314	13	321	2.10e-130	374
WP_055835003.1	iJN1463.PP_4997	44.7	161	77	3	14	162	2	162	6.23e-33	115
WP_055835017.1	iAF987.Gmet_0069	37.4	115	70	1	2056	2168	5	119	7.17e-13	71.6
WP_055835017.1	iAF987.Gmet_2999	32.7	110	74	0	2054	2163	8	117	1.98e-11	67.8
WP_055835025.1	iAF987.Gmet_2999	30.4	112	78	0	6	117	10	121	5.70e-18	77.4
WP_055835028.1	iAF987.Gmet_2999	34.5	113	74	0	10	122	10	122	7.72e-17	74.7
WP_055835028.1	iAF987.Gmet_0069	32.5	117	73	2	10	122	5	119	1.89e-14	67.8
WP_055835031.1	iJN1463.PP_4782	31.9	263	158	7	23	277	10	259	2.78e-20	88.2
WP_055835033.1	iYL1228.KPN_00169	57.4	420	178	1	14	432	7	426	4.31e-168	478
WP_055835033.1	iSSON_1240.SSON_0166	57.1	420	179	1	14	432	7	426	2.47e-167	476
WP_055835033.1	iSF_1195.SF0146	57.1	420	179	1	14	432	7	426	2.01e-166	474
WP_055835033.1	iML1515.b0154	57.1	420	179	1	14	432	7	426	4.04e-166	473
WP_055835033.1	iSbBS512_1146.SbBS512_E0146	56.9	420	180	1	14	432	7	426	5.73e-166	473
WP_055835033.1	iSDY_1059.SDY_0170	57.1	420	179	1	14	432	7	426	5.73e-166	473
WP_055835033.1	STM_v1_0.STM0202	56.9	420	180	1	14	432	7	426	9.37e-165	469
WP_055835033.1	iCN718.ABAYE_RS05520	55.2	420	185	2	14	430	10	429	2.67e-163	466
WP_055835033.1	iJN1463.PP_4784	55.4	424	188	1	10	432	3	426	2.59e-162	463
WP_055835033.1	iPC815.YPO3389	55.5	420	186	1	14	432	7	426	2.69e-159	456
WP_055835033.1	iAF987.Gmet_3356	52.4	416	198	0	14	429	9	424	4.25e-151	435
WP_055835035.1	iCN718.ABAYE_RS07685	72.7	506	135	1	1	506	1	503	8.33e-280	767
WP_055835035.1	iEK1008.Rv0458	72.6	492	135	0	15	506	16	507	6.46e-271	745
WP_055835035.1	STM_v1_0.STM3680	72.3	491	136	0	16	506	22	512	1.49e-268	739
WP_055835035.1	iSbBS512_1146.SbBS512_E4003	70.3	505	148	1	4	506	8	512	2.00e-266	734
WP_055835035.1	iSF_1195.SF3626	70.3	505	148	1	4	506	38	542	6.00e-266	734
WP_055835035.1	iML1515.b3588	70.1	505	149	1	4	506	8	512	2.33e-265	731
WP_055835035.1	iJN1463.PP_0545	69.4	497	152	0	10	506	10	506	5.88e-262	722
WP_055835035.1	iJN1463.PP_2680	67.1	492	162	0	15	506	15	506	7.84e-253	699
WP_055835051.1	iCN718.ABAYE_RS07255	60.8	528	194	5	5	528	6	524	8.74e-212	597
WP_055835051.1	STM_v1_0.STM4176	57.9	532	204	5	5	528	10	529	3.43e-210	593
WP_055835051.1	iYL1228.KPN_04388	58.5	532	201	5	5	528	10	529	6.89e-210	592
WP_055835051.1	iAF987.Gmet_2905	60.8	530	187	9	5	528	7	521	6.00e-209	589
WP_055835051.1	iSbBS512_1146.SbBS512_E4498	58.1	532	203	5	5	528	10	529	1.60e-208	588
WP_055835051.1	iSDY_1059.SDY_3720	58.3	535	197	6	5	528	10	529	1.60e-208	588
WP_055835051.1	iSF_1195.SF4078	58.1	532	203	5	5	528	10	529	1.60e-208	588
WP_055835051.1	iSSON_1240.SSON_4179	58.1	532	203	5	5	528	10	529	1.60e-208	588
WP_055835051.1	iPC815.YPO3728	58.3	532	202	5	5	528	10	529	2.27e-208	588
WP_055835051.1	iML1515.b4006	57.9	532	204	5	5	528	10	529	1.84e-207	586
WP_055835051.1	iJN1463.PP_4822	57.9	535	202	8	5	528	13	535	3.74e-201	570
WP_055835066.1	iAF987.Gmet_2444	53.8	39	18	0	4	42	23	61	4.47e-05	45.1
WP_055835066.1	iSynCJ816.SGL_RS05125	33.7	92	42	3	4	93	20	94	5.77e-05	44.7
WP_055835066.1	iAF692.Mbar_A1452	41.3	46	27	0	3	48	6	51	1.37e-04	43.5
WP_055835066.1	iCN900.CD630_14790	42.9	42	24	0	1	42	1	42	4.27e-04	42.0
WP_055835066.1	iML1515.b4173	38.5	52	32	0	7	58	202	253	6.23e-04	41.2
WP_055835066.1	iJN1463.PP_4893	45.2	42	23	0	7	48	203	244	6.28e-04	41.2
WP_055835068.1	iJN1463.PP_2454	65.1	318	102	4	1	313	3	316	1.96e-130	374
WP_055835071.1	iJN1463.PP_2455	58.7	496	199	2	17	512	16	505	2.23e-187	535
WP_055835074.1	iJN1463.PP_2456	67.5	308	100	0	24	331	23	330	5.75e-132	379
WP_055835077.1	iYL1228.KPN_04156	27.7	292	184	9	40	315	3	283	1.89e-15	75.5
WP_055835077.1	STM_v1_0.STM3884	26.6	290	186	8	40	313	3	281	3.96e-14	71.6
WP_055835077.1	iML1515.b3751	26.8	280	178	8	40	303	3	271	1.79e-13	69.7
WP_055835077.1	iYO844.BSU35960	25.5	251	170	8	61	303	39	280	2.62e-13	69.3
WP_055835080.1	iJN1463.PP_2459	53.6	138	52	3	1	132	1	132	1.42e-37	124
WP_055835080.1	iML1515.b3748	46.0	139	68	2	1	132	1	139	5.33e-34	115
WP_055835080.1	STM_v1_0.STM3881	45.3	139	69	2	1	132	1	139	5.33e-34	115
WP_055835080.1	iYL1228.KPN_04153	45.3	139	69	2	1	132	1	139	4.32e-33	112
WP_055835086.1	iEK1008.Rv1070c	61.5	257	97	2	1	257	1	255	5.43e-103	299
WP_055835086.1	iJN1463.PP_2217	61.3	256	97	2	1	256	1	254	2.54e-101	295
WP_055835086.1	iCN718.ABAYE_RS18690	59.4	244	98	1	15	258	14	256	1.21e-94	278
WP_055835086.1	iLB1027_lipid.PHATRDRAFT_55192	56.7	254	108	2	4	256	14	266	4.83e-92	272
WP_055835092.1	iAF987.Gmet_1914	25.2	103	77	0	17	119	6	108	4.74e-06	46.2
WP_055835092.1	iEK1008.Rv0386	42.9	56	32	0	151	206	1027	1082	2.48e-05	44.3
WP_055835122.1	iJN1463.PP_5409	53.4	644	263	8	1	640	1	611	1.27e-209	599
WP_055835122.1	iPC815.YPO4118	50.6	644	279	10	1	640	1	609	1.74e-201	578
WP_055835122.1	iSF_1195.SF3809	49.3	643	289	9	1	640	1	609	8.85e-194	558
WP_055835122.1	iSSON_1240.SSON_3890	49.3	643	289	9	1	640	1	609	8.85e-194	558
WP_055835122.1	iML1515.b3729	49.3	643	289	9	1	640	1	609	1.25e-193	558
WP_055835122.1	iSbBS512_1146.SbBS512_E4192	49.3	643	289	9	1	640	1	609	2.51e-193	557
WP_055835122.1	STM_v1_0.STM3861	49.1	643	290	9	1	640	1	609	7.13e-193	556
WP_055835122.1	iSDY_1059.SDY_4019	49.1	643	290	9	1	640	1	609	7.13e-193	556
WP_055835122.1	iYL1228.KPN_04134	48.7	643	293	8	1	640	1	609	8.13e-192	553
WP_055835126.1	iAF987.Gmet_0043	26.3	232	156	7	43	263	43	270	2.75e-08	53.9
WP_055835129.1	iJN1463.PP_5411	53.8	463	199	4	4	465	3	451	5.64e-150	434
WP_055835129.1	iCN718.ABAYE_RS00995	51.1	460	212	2	6	465	5	451	2.88e-147	427
WP_055835129.1	iPC815.YPO4119	50.5	463	216	2	4	466	6	455	3.25e-144	420
WP_055835129.1	iML1515.b3730	49.9	463	219	2	4	466	6	455	1.85e-143	418
WP_055835129.1	iSDY_1059.SDY_4018	49.9	463	219	2	4	466	6	455	1.85e-143	418
WP_055835129.1	iSF_1195.SF3810	49.9	463	219	2	4	466	6	455	2.62e-143	417
WP_055835129.1	iSSON_1240.SSON_3889	49.7	463	220	2	4	466	6	455	7.44e-143	416
WP_055835129.1	iSbBS512_1146.SbBS512_E4191	49.9	463	219	2	4	466	6	455	1.05e-142	416
WP_055835129.1	STM_v1_0.STM3862	49.0	465	224	3	2	466	4	455	1.49e-142	416
WP_055835129.1	iYL1228.KPN_04135	50.5	463	216	2	4	466	1	450	2.04e-141	412
WP_055835149.1	iJN1463.PP_0436	56.2	397	168	3	15	409	4	396	1.95e-149	429
WP_055835149.1	iAF987.Gmet_1182	54.4	399	177	4	15	408	3	401	1.47e-137	399
WP_055835151.1	iML1515.b1856	32.1	318	201	7	88	403	104	408	3.69e-35	135
WP_055835154.1	iJN1463.PP_0434	50.7	373	173	3	5	377	2	363	4.45e-113	333
WP_055835157.1	iYO844.BSU03070	25.8	418	291	10	11	419	9	416	3.19e-34	134
WP_055835160.1	iYS854.USA300HOU_RS04660	40.4	104	62	0	16	119	4	107	2.00e-24	89.7
WP_055835175.1	iJN1463.PP_4977	61.9	270	101	2	21	288	22	291	1.15e-107	314
WP_055835175.1	iCN718.ABAYE_RS06150	58.1	260	107	2	19	277	6	264	3.29e-98	289
WP_055835182.1	iAF987.Gmet_1294	75.8	471	109	2	9	479	11	476	1.13e-254	701
WP_055835191.1	iEK1008.Rv0684	28.4	483	316	10	6	468	5	477	2.73e-47	175
WP_055835191.1	iSynCJ816.SGL_RS17200	26.3	476	325	8	13	471	7	473	3.93e-43	163
WP_055835213.1	iCN718.ABAYE_RS04780	47.6	762	382	6	9	758	19	775	8.82e-232	667
WP_055835216.1	iAF987.Gmet_0043	25.0	220	153	4	170	378	48	266	5.58e-08	54.3
WP_055835218.1	iAF987.Gmet_2999	39.0	123	70	2	1	120	1	121	3.90e-19	84.7
WP_055835224.1	iCN900.CD630_19470	42.3	220	127	0	26	245	9	228	2.64e-53	172
WP_055835235.1	iML1515.b2253	32.7	159	104	2	26	184	38	193	8.54e-11	62.8
WP_055835235.1	iSF_1195.SF2332	32.7	159	104	2	26	184	27	182	1.09e-10	62.4
WP_055835235.1	iSSON_1240.SSON_2314	32.7	159	104	2	26	184	49	204	1.18e-10	62.4
WP_055835235.1	iML1515.b3791	30.8	198	125	5	3	190	4	199	3.55e-10	60.8
WP_055835235.1	iSbBS512_1146.SbBS512_E4130	30.8	198	125	5	3	190	4	199	3.55e-10	60.8
WP_055835235.1	iSDY_1059.SDY_3957	30.8	198	125	5	3	190	4	199	3.55e-10	60.8
WP_055835235.1	iSF_1195.SF3865	30.8	198	125	5	3	190	4	199	3.55e-10	60.8
WP_055835235.1	iSSON_1240.SSON_3963	30.8	198	125	5	3	190	4	199	3.55e-10	60.8
WP_055835235.1	iPC815.YPO3859	29.5	200	129	6	3	192	4	201	1.12e-09	59.3
WP_055835235.1	STM_v1_0.STM3925	30.3	198	126	6	3	190	4	199	1.49e-09	58.9
WP_055835235.1	iYL1228.KPN_04291	30.3	198	126	6	3	190	4	199	3.51e-09	57.8
WP_055835238.1	iML1515.b2430	24.3	387	230	13	4	355	38	396	6.18e-12	66.2
WP_055835251.1	iYO844.BSU03900	30.2	417	265	10	34	447	38	431	7.21e-53	183
WP_055835251.1	iAF692.Mbar_A2386	30.9	430	264	13	26	453	71	469	2.21e-49	174
WP_055835251.1	iJN1463.PP_4223	30.3	419	275	10	26	441	32	436	1.10e-48	172
WP_055835251.1	iYS854.USA300HOU_RS04745	29.8	430	236	13	21	443	18	388	2.50e-47	167
WP_055835251.1	iAF987.Gmet_0204	28.5	463	259	13	1	455	1	399	5.18e-47	166
WP_055835251.1	iML1515.b2662	28.4	422	269	11	37	455	35	426	1.28e-46	166
WP_055835251.1	iSSON_1240.SSON_2806	28.4	422	269	11	37	455	35	426	1.28e-46	166
WP_055835251.1	iCN900.CD630_21580	27.0	459	296	13	1	456	6	428	2.41e-46	166
WP_055835260.1	iCN900.CD630_31950	34.8	891	469	19	1044	1924	4	792	2.55e-139	454
WP_055835263.1	iJN1463.PP_2914	39.0	333	187	6	22	343	22	349	1.96e-61	210
WP_055835263.1	STM_v1_0.STM4290	38.5	325	184	5	25	338	24	343	2.73e-61	210
WP_055835263.1	iCN718.ABAYE_RS07070	36.7	324	202	3	25	346	25	347	3.46e-60	207
WP_055835263.1	iML1515.b4111	37.8	325	186	5	25	338	24	343	3.87e-60	207
WP_055835263.1	iSDY_1059.SDY_4102	37.8	325	186	5	25	338	24	343	3.87e-60	207
WP_055835263.1	iSF_1195.SF4112	37.8	325	186	5	25	338	24	343	3.87e-60	207
WP_055835263.1	iSSON_1240.SSON_4286	37.8	325	186	5	25	338	24	343	3.87e-60	207
WP_055835263.1	iYL1228.KPN_04503	37.8	325	186	5	25	338	10	329	1.08e-58	202
WP_055835263.1	iSSON_1240.SSON_4052	39.0	336	193	8	15	343	6	336	2.44e-58	201
WP_055835263.1	iEK1008.Rv1200	38.9	316	179	6	25	331	2	312	3.73e-58	199
WP_055835263.1	iJN1463.PP_2553	39.1	322	182	8	21	335	5	319	1.56e-56	196
WP_055835263.1	iYL1228.KPN_02458	35.2	327	198	5	25	343	20	340	5.43e-55	191
WP_055835263.1	iJN1463.PP_1400	33.5	340	216	3	2	341	5	334	5.43e-55	191
WP_055835263.1	iJN1463.PP_3666	35.9	323	196	4	25	341	24	341	3.16e-54	189
WP_055835272.1	iJN1463.PP_3540	58.0	295	124	0	1	295	1	295	9.91e-115	332
WP_055835272.1	iAF987.Gmet_3293	57.4	296	126	0	1	296	1	296	2.27e-113	329
WP_055835272.1	iMM1415.208982	54.4	298	136	0	3	300	44	341	5.36e-110	322
WP_055835272.1	iMM1415.15356	54.7	296	134	0	3	298	29	324	3.40e-109	319
WP_055835272.1	iCHOv1.100763147	52.3	298	142	0	3	300	44	341	6.58e-106	311
WP_055835276.1	iAF987.Gmet_1914	28.7	108	76	1	7	114	4	110	7.69e-07	47.8
WP_055835276.1	iAF987.Gmet_3476	28.4	109	75	3	7	113	12	119	1.02e-06	47.4
WP_055835282.1	iPC815.YPO3166	62.2	185	69	1	28	211	18	202	3.69e-77	230
WP_055835282.1	iJN1463.PP_0814	58.1	186	78	0	28	213	22	207	1.55e-74	223
WP_055835282.1	iML1515.b0430	58.4	185	76	1	28	211	18	202	2.83e-74	223
WP_055835282.1	iSSON_1240.SSON_0413	58.4	185	76	1	28	211	18	202	2.83e-74	223
WP_055835282.1	iSbBS512_1146.SbBS512_E0352	58.4	185	76	1	28	211	18	202	4.01e-74	222
WP_055835282.1	STM_v1_0.STM0441	57.0	186	80	0	26	211	17	202	1.62e-73	221
WP_055835282.1	iYL1228.KPN_00392	57.5	186	79	0	26	211	16	201	2.23e-73	220
WP_055835285.1	STM_v1_0.STM0442	68.0	650	205	2	11	658	1	649	0.0	931
WP_055835285.1	iML1515.b0431	68.0	650	205	2	11	658	1	649	0.0	931
WP_055835285.1	iSSON_1240.SSON_0414	68.0	650	205	2	11	658	1	649	0.0	931
WP_055835285.1	iSbBS512_1146.SbBS512_E0353	67.7	650	207	2	11	658	1	649	0.0	926
WP_055835285.1	iYL1228.KPN_00393	66.5	650	215	2	11	658	1	649	0.0	914
WP_055835285.1	iPC815.YPO3165	66.8	642	210	2	13	652	3	643	0.0	905
WP_055835285.1	iCN718.ABAYE_RS07350	64.3	659	231	4	10	666	3	659	8.32e-320	882
WP_055835285.1	iJN1463.PP_0813	64.1	657	233	2	11	665	1	656	8.88e-316	872
WP_055835287.1	iJN1463.PP_0812	51.5	274	124	1	17	290	19	283	4.58e-100	298
WP_055835287.1	iPC815.YPO3164	48.0	275	133	3	12	284	15	281	5.45e-92	277
WP_055835287.1	iSbBS512_1146.SbBS512_E0354	48.6	282	134	3	5	284	8	280	2.26e-90	273
WP_055835287.1	iSSON_1240.SSON_0415	48.6	282	134	3	5	284	8	280	2.26e-90	273
WP_055835287.1	STM_v1_0.STM0443	47.5	282	137	3	5	284	8	280	4.98e-90	272
WP_055835287.1	iML1515.b0432	48.6	282	134	3	5	284	8	280	9.07e-90	271
WP_055835291.1	iYL1228.KPN_01056	44.1	313	167	4	1	306	1	312	2.55e-78	240
WP_055835291.1	STM_v1_0.STM1135	43.1	313	170	3	1	306	1	312	5.79e-77	237
WP_055835291.1	iML1515.b1033	40.3	313	179	3	1	306	1	312	1.31e-75	233
WP_055835291.1	iSSON_1240.SSON_1042	40.3	313	179	3	1	306	14	325	1.94e-75	233
WP_055835291.1	iSDY_1059.SDY_1004	40.3	313	179	3	1	306	14	325	2.20e-74	231
WP_055835291.1	iSbBS512_1146.SbBS512_E2296	39.9	313	180	3	1	306	1	312	2.10e-74	230
WP_055835293.1	iAF987.Gmet_3292	53.1	703	279	10	1	693	1	662	4.06e-222	635
WP_055835293.1	iCN718.ABAYE_RS11585	50.4	698	305	6	1	697	1	658	5.92e-210	604
WP_055835293.1	iJN1463.PP_4067	50.1	691	292	10	5	693	9	648	3.21e-198	573
WP_055835300.1	iAF987.Gmet_3291	55.6	248	110	0	11	258	14	261	2.37e-86	257
WP_055835303.1	iAF987.Gmet_3290	73.3	536	141	2	1	535	1	535	6.54e-283	778
WP_055835303.1	iJN1463.PP_4065	70.5	535	158	0	1	535	1	535	1.76e-273	754
WP_055835306.1	iJN1463.PP_1587	48.9	558	261	13	1	548	19	562	1.24e-142	423
WP_055835309.1	iJN1463.PP_4063	58.2	550	221	3	6	552	5	548	5.24e-227	638
WP_055835309.1	iEK1008.Rv2505c	53.5	561	223	6	6	558	13	543	1.60e-205	583
WP_055835309.1	iAF987.Gmet_2692	54.5	543	238	5	20	559	8	544	2.18e-204	580
WP_055835312.1	iCN718.ABAYE_RS11570	75.3	389	96	0	1	389	1	389	1.16e-219	605
WP_055835312.1	iAF987.Gmet_3289	72.1	387	105	1	4	390	5	388	9.54e-205	568
WP_055835312.1	iJN1463.PP_4064	70.4	389	112	1	1	389	1	386	6.97e-197	548
WP_055835329.1	iJN1463.PP_3165	30.5	223	147	2	21	243	5	219	2.22e-24	105
WP_055835329.1	iJN1463.PP_1376	28.5	344	228	6	21	362	13	340	1.51e-22	99.8
WP_055835329.1	iJN1463.PP_3658	23.9	422	276	10	31	440	15	403	3.93e-21	95.5
WP_055835331.1	iLB1027_lipid.PHATRDRAFT_47293	32.5	563	311	13	5	519	38	579	1.55e-51	185
WP_055835333.1	iYL1228.KPN_04372	49.0	245	120	2	20	264	11	250	4.81e-64	201
WP_055835333.1	iSDY_1059.SDY_3736	47.3	245	124	2	20	264	36	275	7.33e-61	193
WP_055835333.1	iML1515.b3991	47.3	245	124	2	20	264	11	250	4.94e-61	193
WP_055835333.1	iSbBS512_1146.SbBS512_E4481	46.9	245	125	2	20	264	11	250	1.98e-60	191
WP_055835333.1	iSSON_1240.SSON_4163	46.9	245	125	2	20	264	36	275	4.13e-60	191
WP_055835333.1	iAF987.Gmet_2934	43.9	262	135	3	7	264	4	257	3.15e-60	191
WP_055835333.1	iEK1008.Rv0417	48.6	251	119	4	13	261	8	250	2.48e-60	191
WP_055835333.1	iSF_1195.SF4063	46.5	245	126	2	20	264	36	275	1.65e-59	190
WP_055835333.1	iPC815.YPO3742	47.6	231	114	3	20	249	11	235	6.94e-59	188
WP_055835333.1	STM_v1_0.STM4160	46.5	245	126	2	20	264	11	250	8.92e-59	187
WP_055835336.1	iJN1463.PP_5105	32.0	75	51	0	4	78	18	92	6.96e-05	37.4
WP_055835336.1	iML1515.b4407	52.9	34	16	0	45	78	33	66	1.20e-04	36.2
WP_055835336.1	iSDY_1059.SDY_3735	51.4	35	17	0	44	78	32	66	1.20e-04	36.2
WP_055835336.1	iSSON_1240.SSON_4164	50.0	34	17	0	45	78	33	66	4.77e-04	34.7
WP_055835339.1	iYO844.BSU11670	34.8	92	57	1	266	354	246	337	1.52e-04	43.1
WP_055835342.1	iJN1463.PP_4922	68.7	626	173	8	8	623	14	626	3.53e-306	844
WP_055835342.1	iYO844.BSU08790	65.5	612	163	4	18	620	17	589	1.24e-297	821
WP_055835342.1	STM_v1_0.STM4164	65.4	619	180	5	18	621	27	626	3.03e-294	814
WP_055835342.1	iYL1228.KPN_04376	65.0	623	176	6	18	621	27	626	3.50e-293	811
WP_055835342.1	iCN718.ABAYE_RS17505	66.3	615	182	8	18	623	27	625	4.63e-292	808
WP_055835342.1	iML1515.b3994	64.6	624	177	7	18	621	27	626	1.16e-291	808
WP_055835342.1	iSbBS512_1146.SbBS512_E4485	64.3	624	179	7	18	621	27	626	1.16e-291	808
WP_055835342.1	iSSON_1240.SSON_4167	64.6	624	177	7	18	621	27	626	1.64e-291	807
WP_055835342.1	iSDY_1059.SDY_3732	64.5	619	186	5	18	621	27	626	2.33e-291	807
WP_055835342.1	iSF_1195.SF4066	64.6	624	177	7	18	621	27	626	3.31e-291	806
WP_055835342.1	iPC815.YPO3739	62.0	642	188	6	18	620	42	666	2.38e-284	791
WP_055835347.1	iSynCJ816.SGL_RS17805	39.3	384	228	4	12	392	19	400	8.77e-84	261
WP_055835352.1	iSynCJ816.SGL_RS09335	27.5	360	221	6	4	326	15	371	5.63e-30	117
WP_055835358.1	iJN1463.PP_3146	29.9	375	225	13	17	369	32	390	5.56e-26	108
WP_055835361.1	iML1515.b2241	42.3	52	30	0	385	436	432	483	8.39e-05	44.7
WP_055835361.1	iSbBS512_1146.SbBS512_E2623	42.3	52	30	0	385	436	432	483	8.39e-05	44.7
WP_055835361.1	iSDY_1059.SDY_2436	42.3	52	30	0	385	436	432	483	8.39e-05	44.7
WP_055835361.1	iSF_1195.SF2323	42.3	52	30	0	385	436	432	483	8.39e-05	44.7
WP_055835361.1	iSSON_1240.SSON_2302	42.3	52	30	0	385	436	432	483	8.39e-05	44.7
WP_055835361.1	iYL1228.KPN_02647	40.4	52	31	0	385	436	430	481	1.11e-04	44.3
WP_055835361.1	STM_v1_0.STM2284	42.3	52	30	0	385	436	432	483	1.46e-04	43.9
WP_055835369.1	iJN1463.PP_5182	40.6	438	247	7	20	453	18	446	8.35e-102	311
WP_055835369.1	iJN1463.PP_2180	39.0	446	258	8	12	453	10	445	3.12e-95	294
WP_055835374.1	iAF987.Gmet_3253	31.0	142	72	4	13	153	6	122	1.21e-07	47.8
WP_055835374.1	iSynCJ816.SGL_RS12955	34.1	138	72	6	14	149	5	125	2.22e-07	47.0
WP_055835374.1	iPC815.YPO2381	30.8	146	74	6	14	153	5	129	2.34e-06	44.3
WP_055835375.1	iML1515.b3662	38.2	361	222	1	4	364	28	387	2.38e-75	238
WP_055835392.1	iMM1415.19378	40.8	476	273	6	5	475	41	512	3.62e-108	330
WP_055835392.1	iYO844.BSU19310	38.4	471	283	5	5	472	23	489	2.60e-108	330
WP_055835392.1	iMM1415.72535	39.7	476	278	6	5	475	42	513	1.65e-106	326
WP_055835392.1	iCHOv1.100765516	39.3	476	280	6	5	475	42	513	6.55e-106	324
WP_055835392.1	iMM904.YMR169C	38.2	476	285	5	5	472	24	498	1.78e-105	323
WP_055835392.1	iYL1228.KPN_01018	41.5	475	263	8	5	472	24	490	7.44e-105	321
WP_055835392.1	iCHOv1.100761706	39.1	476	281	6	5	475	24	495	1.35e-103	318
WP_055835392.1	iCHOv1.100768367	39.3	476	280	6	5	475	51	522	5.86e-103	317
WP_055835392.1	iCHOv1.100768654	39.5	476	279	6	5	475	21	492	3.49e-103	317
WP_055835392.1	iMM904.YMR170C	38.4	476	284	5	5	472	24	498	4.40e-103	317
WP_055835392.1	iCN718.ABAYE_RS05790	39.4	462	274	4	15	475	15	471	1.02e-102	315
WP_055835392.1	iMM1415.11668	38.4	476	284	6	5	475	24	495	4.24e-102	314
WP_055835392.1	iMM1415.11669	38.2	476	285	6	5	475	42	513	1.41e-101	313
WP_055835392.1	iJN1463.PP_3463	40.0	475	265	7	13	475	30	496	5.92e-101	311
WP_055835392.1	iCN718.ABAYE_RS11785	40.5	464	266	7	14	472	15	473	6.62e-101	310
WP_055835392.1	iML1515.b1300	41.6	473	265	8	5	472	23	489	1.11e-100	310
WP_055835392.1	iMM904.YER073W	36.5	469	293	3	5	472	47	511	2.27e-100	310
WP_055835392.1	iSbBS512_1146.SbBS512_E1536	41.6	473	265	8	5	472	23	489	2.21e-100	309
WP_055835392.1	iSF_1195.SF1305	41.9	473	264	8	5	472	23	489	4.40e-100	308
WP_055835392.1	iAT_PLT_636.216	37.8	476	287	6	5	475	24	495	1.16e-98	305
WP_055835392.1	iMM1415.56847	37.8	476	287	6	5	475	35	506	4.43e-98	304
WP_055835392.1	iAT_PLT_636.220	37.4	478	290	6	5	477	35	508	1.24e-97	303
WP_055835392.1	iMM904.YOR374W	35.5	473	299	4	5	475	48	516	1.18e-96	300
WP_055835392.1	iCHOv1.100768227	37.6	476	288	6	5	475	35	506	1.37e-96	300
WP_055835392.1	iMM904.YPL061W	36.4	475	294	6	5	475	29	499	5.45e-96	298
WP_055835392.1	iCHOv1.100762089	35.3	482	298	8	5	476	425	902	9.74e-92	297
WP_055835395.1	iSF_1195.SF3928	37.3	177	102	2	1	177	20	187	6.05e-28	103
WP_055835395.1	iSbBS512_1146.SbBS512_E4329	37.3	177	102	2	1	177	20	187	1.69e-27	102
WP_055835395.1	iML1515.b3857	37.3	177	102	2	1	177	20	187	2.39e-27	101
WP_055835395.1	iSDY_1059.SDY_3888	36.7	177	103	2	1	177	20	187	3.70e-26	98.6
WP_055835395.1	iSSON_1240.SSON_4029	36.7	177	103	2	1	177	20	187	3.70e-26	98.6
WP_055835425.1	iHN637.CLJU_RS05595	32.8	64	42	1	1	63	36	99	3.27e-05	43.5
WP_055835425.1	iML1515.b4072	45.7	46	25	0	46	91	11	56	2.81e-04	40.4
WP_055835425.1	iSbBS512_1146.SbBS512_E4593	45.7	46	25	0	46	91	11	56	2.81e-04	40.4
WP_055835425.1	iSF_1195.SF4132	45.7	46	25	0	46	91	11	56	2.81e-04	40.4
WP_055835425.1	iSSON_1240.SSON_4253	45.7	46	25	0	46	91	11	56	2.81e-04	40.4
WP_055835425.1	STM_v1_0.STM4279	44.4	45	25	0	47	91	12	56	3.79e-04	40.0
WP_055835431.1	iSDY_1059.SDY_0758	48.9	550	250	6	35	565	20	557	7.91e-156	460
WP_055835431.1	iSSON_1240.SSON_0811	48.7	550	251	6	35	565	20	557	7.91e-156	460
WP_055835431.1	iML1515.b0829	48.7	550	251	6	35	565	31	568	2.23e-155	459
WP_055835431.1	iSF_1195.SF0779	48.5	550	252	6	35	565	20	557	3.57e-154	456
WP_055835431.1	iSbBS512_1146.SbBS512_E2519	48.4	550	253	6	35	565	31	568	2.84e-153	454
WP_055835431.1	iYL1228.KPN_00862	47.6	569	260	6	20	565	12	565	3.54e-153	453
WP_055835431.1	STM_v1_0.STM0848	47.7	572	258	8	20	565	12	568	4.52e-152	451
WP_055835431.1	iJN1463.PP_4150	47.5	558	245	7	20	564	6	528	1.71e-151	446
WP_055835431.1	iML1515.b2180	46.6	558	248	10	20	562	5	527	9.85e-141	418
WP_055835437.1	STM_v1_0.STM3731	71.4	147	40	1	2	146	3	149	2.38e-70	208
WP_055835437.1	iYL1228.KPN_03980	70.1	147	42	1	2	146	4	150	2.86e-69	205
WP_055835437.1	iSbBS512_1146.SbBS512_E4065	68.7	147	44	1	2	146	3	149	1.60e-68	203
WP_055835437.1	iSDY_1059.SDY_4070	68.7	147	44	1	2	146	3	149	1.60e-68	203
WP_055835437.1	iSF_1195.SF3679	68.7	147	44	1	2	146	4	150	2.34e-68	203
WP_055835437.1	iSSON_1240.SSON_3766	68.7	147	44	1	2	146	3	149	2.27e-68	203
WP_055835437.1	iML1515.b3640	68.0	147	45	1	2	146	3	149	9.21e-68	201
WP_055835437.1	iPC815.YPO0047	66.7	147	47	1	2	146	3	149	5.89e-64	192
WP_055835437.1	iJN1463.PP_5286	66.0	147	48	1	3	147	4	150	4.82e-63	189
WP_055835440.1	iML1515.b1400	39.9	173	104	0	1	173	1	173	9.85e-24	92.0
WP_055835440.1	iJN1463.PP_3285	32.7	165	111	0	1	165	1	165	1.48e-23	91.7
WP_055835443.1	iCHOv1.100765125	34.2	193	96	6	93	261	169	354	1.18e-21	94.0
WP_055835465.1	iYO844.BSU13170	41.5	82	43	2	27	104	25	105	9.28e-11	56.6
WP_055835465.1	iAF692.Mbar_A3057	37.9	95	52	3	10	99	9	101	9.60e-10	53.9
WP_055835473.1	iAF987.Gmet_1706	44.1	118	62	2	10	125	2	117	3.27e-24	98.2
WP_055835503.1	iAF692.Mbar_A1546	37.8	394	227	9	3	393	10	388	2.11e-72	231
WP_055835503.1	iEK1008.Rv3565	39.1	381	221	4	10	389	11	381	6.97e-71	227
WP_055835527.1	iCN900.CD630_36640	36.4	387	234	7	3	385	5	383	6.03e-78	245
WP_055835533.1	iJN1463.PP_1675	36.0	297	138	9	12	301	9	260	1.28e-29	115
WP_055835536.1	iYO844.BSU07490	37.5	256	152	5	6	256	4	256	1.30e-40	140
WP_055835536.1	iNF517.LLMG_RS01785	33.9	236	150	4	8	240	5	237	3.02e-40	139
WP_055835536.1	iSynCJ816.SGL_RS01940	38.1	239	142	4	5	240	9	244	1.49e-39	137
WP_055835536.1	iYS854.USA300HOU_RS03500	37.1	237	143	4	6	239	4	237	5.42e-39	136
WP_055835536.1	iJN1463.PP_2416	41.2	228	127	4	14	240	20	241	3.01e-37	131
WP_055835536.1	iJN1463.PP_2592	36.4	236	136	6	11	240	7	234	2.11e-36	129
WP_055835536.1	iYL1228.KPN_00606	34.4	247	156	4	2	245	4	247	4.82e-36	128
WP_055835536.1	iSF_1195.SF0502	33.2	256	163	5	4	256	6	256	5.69e-36	128
WP_055835536.1	iSSON_1240.SSON_0539	33.2	256	163	5	4	256	6	256	5.69e-36	128
WP_055835536.1	iML1515.b0588	33.2	256	163	5	4	256	6	256	1.58e-35	127
WP_055835536.1	iSDY_1059.SDY_0519	33.2	256	163	5	4	256	6	256	1.58e-35	127
WP_055835536.1	iSbBS512_1146.SbBS512_E0489	33.2	256	163	5	4	256	6	256	2.22e-35	127
WP_055835549.1	iYL1228.KPN_01517	72.5	461	126	1	1	460	1	461	3.29e-235	651
WP_055835549.1	iSSON_1240.SSON_1549	72.3	459	127	0	2	460	3	461	1.25e-230	639
WP_055835549.1	iML1515.b1611	72.3	459	127	0	2	460	3	461	1.77e-230	639
WP_055835549.1	iSbBS512_1146.SbBS512_E1796	72.3	459	127	0	2	460	3	461	1.77e-230	639
WP_055835549.1	iSF_1195.SF1634	72.1	459	128	0	2	460	3	461	2.05e-229	636
WP_055835549.1	STM_v1_0.STM1469	71.1	460	133	0	1	460	2	461	8.32e-229	635
WP_055835549.1	iSDY_1059.SDY_1827	71.7	459	130	0	2	460	3	461	3.37e-228	633
WP_055835575.1	iML1515.b1813	44.6	175	85	4	47	220	19	182	5.04e-39	133
WP_055835581.1	iJN1463.PP_0786	70.4	314	92	1	1	314	1	313	7.11e-160	448
WP_055835581.1	iPC815.YPO1374	69.4	314	96	0	1	314	1	314	5.81e-159	446
WP_055835581.1	iML1515.b0888	69.2	315	96	1	1	314	1	315	8.12e-157	441
WP_055835581.1	iSDY_1059.SDY_2373	69.2	315	96	1	1	314	1	315	8.12e-157	441
WP_055835581.1	iSSON_1240.SSON_0889	69.2	315	96	1	1	314	1	315	8.12e-157	441
WP_055835581.1	iSbBS512_1146.SbBS512_E2441	69.2	315	96	1	1	314	1	315	1.15e-156	440
WP_055835581.1	iSF_1195.SF0847	69.2	315	96	1	1	314	1	315	2.32e-156	439
WP_055835581.1	iYL1228.KPN_00920	68.6	315	98	1	1	314	10	324	4.70e-156	439
WP_055835581.1	iAF987.Gmet_3070	68.5	311	97	1	4	314	3	312	1.12e-155	437
WP_055835581.1	STM_v1_0.STM0958	68.6	315	98	1	1	314	1	315	7.99e-155	436
WP_055835581.1	iCN718.ABAYE_RS18170	65.3	311	108	0	5	315	4	314	5.93e-144	408
WP_055835581.1	iCN718.ABAYE_RS14635	64.8	310	109	0	5	314	4	313	3.18e-143	406
WP_055835586.1	iAF987.Gmet_1706	37.6	125	73	2	7	128	2	124	1.27e-15	74.3
WP_055835589.1	iJN1463.PP_1664	55.4	184	78	1	2	185	4	183	8.08e-57	178
WP_055835589.1	iSF_1195.SF2544	53.5	185	82	1	5	189	2	182	1.83e-54	172
WP_055835589.1	iSbBS512_1146.SbBS512_E2874	53.5	185	82	1	5	189	2	182	2.59e-54	171
WP_055835589.1	iSDY_1059.SDY_2689	53.5	185	82	1	5	189	2	182	2.59e-54	171
WP_055835589.1	iSSON_1240.SSON_2582	53.0	185	83	1	5	189	2	182	2.59e-54	171
WP_055835589.1	iML1515.b2500	53.0	185	83	1	5	189	2	182	7.35e-54	170
WP_055835589.1	iYL1228.KPN_02825	51.6	186	86	1	4	189	2	183	2.46e-52	166
WP_055835589.1	STM_v1_0.STM2500	52.4	185	84	1	5	189	2	182	6.77e-52	165
WP_055835589.1	iPC815.YPO2829	50.5	186	88	1	4	189	2	183	2.72e-51	164
WP_055835592.1	iSbBS512_1146.SbBS512_E2474	27.2	261	172	7	21	264	22	281	2.90e-16	76.3
WP_055835592.1	iJN1463.PP_5177	26.7	236	161	5	21	248	17	248	6.49e-16	75.5
WP_055835592.1	iML1515.b0857	27.9	229	155	5	21	240	22	249	1.03e-15	74.7
WP_055835592.1	iSDY_1059.SDY_0738	27.9	229	155	5	21	240	22	249	1.03e-15	74.7
WP_055835592.1	iML1515.b1443	33.0	215	129	7	45	251	46	253	1.15e-15	74.3
WP_055835592.1	iSSON_1240.SSON_0842	27.2	261	172	7	21	264	22	281	1.41e-15	74.3
WP_055835592.1	iSF_1195.SF0811	27.9	229	155	5	21	240	22	249	1.93e-15	73.9
WP_055835592.1	iJN1463.PP_3816	30.8	182	114	4	45	220	51	226	5.95e-15	72.4
WP_055835592.1	STM_v1_0.STM0426	26.1	249	173	4	20	262	22	265	1.07e-14	71.6
WP_055835592.1	iLJ478.TM1378	28.9	190	126	4	36	220	31	216	1.31e-14	71.2
WP_055835592.1	iYL1228.KPN_00888	25.8	233	163	5	21	244	22	253	2.38e-14	70.9
WP_055835592.1	STM_v1_0.STM0880	25.8	233	163	5	21	244	22	253	8.30e-14	69.3
WP_055835592.1	iPC815.YPO1334	26.5	234	160	6	21	244	22	253	8.30e-14	69.3
WP_055835592.1	iSSON_1240.SSON_1694	32.6	215	130	7	45	251	46	253	9.53e-14	68.9
WP_055835612.1	iYO844.BSU32130	65.2	313	108	1	3	314	4	316	9.48e-154	433
WP_055835612.1	iYS854.USA300HOU_RS06800	62.5	315	117	1	1	314	1	315	2.87e-150	424
WP_055835612.1	iNF517.LLMG_RS07130	62.6	313	116	1	3	314	7	319	3.63e-147	417
WP_055835612.1	iIT341.HP0854	62.2	315	118	1	1	314	3	317	8.64e-143	405
WP_055835632.1	iJN1463.PP_0363	49.2	384	187	3	15	398	4	379	1.59e-97	296
WP_055835632.1	iSDY_1059.SDY_0830	43.2	389	209	3	11	397	2	380	7.53e-88	271
WP_055835632.1	iML1515.b0776	42.4	389	212	3	11	397	2	380	5.97e-87	269
WP_055835632.1	iSF_1195.SF0726	42.4	389	212	3	11	397	2	380	8.42e-87	269
WP_055835632.1	iSbBS512_1146.SbBS512_E2576	42.9	389	210	3	11	397	2	380	1.19e-86	268
WP_055835632.1	iSSON_1240.SSON_0755	42.4	389	212	3	11	397	2	380	2.37e-86	268
WP_055835632.1	STM_v1_0.STM0795	43.7	382	197	5	24	397	9	380	4.87e-86	267
WP_055835638.1	iJN1463.PP_0103	44.4	351	184	7	38	385	26	368	1.34e-99	300
WP_055835649.1	iAF987.Gmet_1531	37.5	240	129	4	17	238	10	246	1.32e-38	134
WP_055835663.1	iML1515.b2906	30.6	408	234	8	6	385	5	391	2.40e-35	133
WP_055835663.1	iJN1463.PP_5197	31.2	407	237	10	6	385	6	396	1.90e-34	131
WP_055835663.1	iJN1463.PP_5199	31.4	408	228	13	6	385	5	388	2.23e-33	128
WP_055835683.1	iYO844.BSU13600	24.4	201	147	3	5	202	11	209	2.77e-12	63.5
WP_055835694.1	iPC815.YPO3167	55.0	100	44	1	32	131	10	108	6.61e-34	114
WP_055835694.1	STM_v1_0.STM0440	54.0	100	45	1	32	131	9	107	8.52e-32	108
WP_055835694.1	iML1515.b0429	51.0	100	48	1	32	131	9	107	1.21e-31	108
WP_055835694.1	iSSON_1240.SSON_0412	51.0	100	48	1	32	131	9	107	1.21e-31	108
WP_055835694.1	iSbBS512_1146.SbBS512_E0351	51.0	104	42	2	32	131	9	107	3.44e-31	107
WP_055835694.1	iYL1228.KPN_00391	51.9	104	41	2	32	131	9	107	3.95e-30	104
WP_055835697.1	iEK1008.Rv1200	31.4	389	260	4	35	416	4	392	6.40e-59	198
WP_055835713.1	iLB1027_lipid.PHATRDRAFT_54476	53.1	414	166	4	1	386	1	414	3.23e-155	445
WP_055835717.1	iJN1463.PP_4845	44.8	232	125	1	1	229	1	232	6.41e-66	203
WP_055835717.1	iSynCJ816.SGL_RS14500	45.7	234	121	2	1	229	1	233	6.44e-61	190
WP_055835722.1	iJN1463.PP_4844	52.5	240	113	1	8	246	45	284	8.53e-86	256
WP_055835722.1	iSynCJ816.SGL_RS13090	51.9	243	117	0	4	246	2	244	5.21e-84	254
WP_055835724.1	iSynCJ816.SGL_RS06015	42.6	324	176	2	35	357	62	376	1.71e-89	276
WP_055835727.1	iJN1463.PP_4842	42.6	291	167	0	13	303	202	492	4.12e-68	219
WP_055835730.1	iSynCJ816.SGL_RS11810	47.9	376	186	5	48	416	46	418	6.52e-110	330
WP_055835733.1	iAF987.Gmet_0043	25.7	354	233	8	667	1011	26	358	1.12e-21	100
WP_055835752.1	iYO844.BSU22620	35.6	354	222	4	20	373	13	360	3.35e-59	195
WP_055835755.1	iMM904.YDL178W	34.5	441	276	4	30	459	90	528	3.64e-73	239
WP_055835759.1	iJN1463.PP_5029	51.0	255	124	1	12	266	7	260	4.05e-87	260
WP_055835762.1	iJN1463.PP_5036	51.8	454	213	4	6	458	5	453	1.52e-134	395
WP_055835765.1	iJN1463.PP_5030	59.0	378	150	1	39	416	24	396	3.48e-144	416
WP_055835765.1	iCN718.ABAYE_RS00945	54.6	379	167	1	39	417	24	397	2.60e-136	396
WP_055835771.1	STM_v1_0.STM2786	24.9	225	162	4	19	236	22	246	1.01e-05	46.2
WP_055835776.1	iJN1463.PP_5033	75.0	557	131	3	25	580	6	555	7.37e-311	852
WP_055835776.1	iCN718.ABAYE_RS00930	74.6	558	134	3	24	580	6	556	1.03e-308	846
WP_055835776.1	iYL1228.KPN_00795	74.5	554	133	3	31	583	11	557	1.53e-304	836
WP_055835779.1	iSynCJ816.SGL_RS05565	47.1	263	124	3	4	252	2	263	7.68e-83	248
WP_055835779.1	iJN1463.PP_0209	52.0	246	117	1	8	253	14	258	1.88e-82	248
WP_055835779.1	iAF987.Gmet_1899	44.5	245	133	1	5	249	7	248	1.22e-73	225
WP_055835781.1	iSynCJ816.SGL_RS05575	30.0	307	194	10	29	322	48	346	3.27e-28	111
WP_055835784.1	iYS854.USA300HOU_RS07595	32.6	337	203	8	12	341	5	324	6.54e-46	169
WP_055835790.1	iCN718.ABAYE_RS04630	65.2	618	192	7	10	623	4	602	2.94e-303	836
WP_055835790.1	iAF987.Gmet_2638	64.1	605	193	8	18	620	8	590	1.71e-287	796
WP_055835802.1	iHN637.CLJU_RS08975	29.8	131	90	2	53	181	47	177	9.19e-08	53.5
WP_055835802.1	iJN1463.PP_3740	33.6	122	78	2	52	171	57	177	1.53e-06	49.7
WP_055835805.1	iML1515.b1821	54.6	185	83	1	1	184	1	185	2.91e-64	196
WP_055835807.1	iAT_PLT_636.4905	29.7	232	141	5	215	428	248	475	1.83e-19	92.4
WP_055835807.1	iMM1415.18195	29.7	232	141	5	215	428	248	475	1.83e-19	92.4
WP_055835824.1	iYL1228.KPN_01197	70.3	327	96	1	1	327	1	326	3.86e-168	470
WP_055835824.1	iPC815.YPO2157	71.6	327	92	1	1	327	4	329	8.66e-168	469
WP_055835824.1	iML1515.b1779	70.3	327	96	1	1	327	1	326	1.10e-167	469
WP_055835824.1	iSbBS512_1146.SbBS512_E2026	70.3	327	96	1	1	327	1	326	1.10e-167	469
WP_055835824.1	iSDY_1059.SDY_1488	70.3	327	96	1	1	327	1	326	1.10e-167	469
WP_055835824.1	iSF_1195.SF1444	70.3	327	96	1	1	327	1	326	1.10e-167	469
WP_055835824.1	iSSON_1240.SSON_1384	70.3	327	96	1	1	327	1	326	1.10e-167	469
WP_055835824.1	STM_v1_0.STM1290	69.4	327	99	1	1	327	1	326	3.67e-166	465
WP_055835826.1	iHN637.CLJU_RS10460	44.1	34	19	0	56	89	51	84	4.61e-06	42.7
WP_055835826.1	iLJ478.TM0655	38.5	52	32	0	56	107	51	102	9.47e-06	42.0
WP_055835826.1	iCN900.CD630_08890	47.1	34	18	0	56	89	53	86	1.45e-05	41.6
WP_055835826.1	iYO844.BSU29010	37.5	48	25	1	56	98	51	98	1.73e-05	41.2
WP_055835833.1	iSynCJ816.SGL_RS11220	34.5	116	72	2	14	125	3	118	1.75e-13	68.9
WP_055835833.1	iEK1008.Rv3264c	37.1	116	64	3	14	128	8	115	2.68e-11	62.4
WP_055835836.1	iYS854.USA300HOU_RS08170	25.4	398	215	12	53	450	29	344	5.24e-22	96.7
WP_055835839.1	iEK1008.Rv1399c	39.4	274	161	2	79	347	44	317	1.04e-45	158
WP_055835843.1	iJN1463.PP_3720	36.3	124	62	2	1	108	3	125	2.62e-16	73.9
WP_055835846.1	iSynCJ816.SGL_RS06770	33.9	360	227	8	68	422	80	433	8.25e-45	161
WP_055835853.1	iAF987.Gmet_1659	30.8	237	142	7	26	258	16	234	4.09e-21	89.4
WP_055835860.1	iJN1463.PP_0209	48.1	239	120	2	36	274	28	262	3.31e-64	202
WP_055835860.1	iAF987.Gmet_1899	44.1	247	124	5	22	262	7	245	1.94e-58	187
WP_055835863.1	iSynCJ816.SGL_RS09800	42.0	429	239	5	22	449	18	437	4.43e-103	314
WP_055835881.1	iEK1008.Rv2601	37.1	507	297	10	24	513	21	522	2.59e-86	275
WP_055835911.1	iAM_Pv461.PVX_085660	30.2	222	138	4	1	215	76	287	4.34e-26	105
WP_055835911.1	iAM_Pv461.PVX_101390	33.0	194	125	5	32	223	273	463	6.88e-24	99.8
WP_055835911.1	iAM_Pc455.PCYB_147430	32.6	190	123	5	32	219	93	279	6.01e-23	95.5
WP_055835934.1	iCHOv1.100772204	38.8	554	311	8	1	547	41	573	3.04e-113	348
WP_055835934.1	iMM1415.218865	37.8	555	315	9	1	547	38	570	1.71e-111	344
WP_055835934.1	iML1515.b0311	38.9	553	308	11	6	551	3	532	1.79e-106	330
WP_055835934.1	iYS854.USA300HOU_RS14155	35.7	554	324	10	6	551	8	537	2.66e-102	319
WP_055835934.1	iJN1463.PP_5064	37.7	547	311	11	6	545	5	528	4.73e-102	318
WP_055835948.1	iYS854.USA300HOU_RS14480	25.8	240	153	5	103	341	52	267	1.08e-11	66.2
WP_055835948.1	iML1515.b1022	26.2	325	187	9	24	341	18	296	4.91e-11	64.3
WP_055835954.1	iYO844.BSU29710	31.9	226	126	6	47	250	52	271	1.20e-17	82.4
WP_055835958.1	iCN900.CD630_31950	31.3	908	487	18	16	891	4	806	1.00e-124	395
WP_055835970.1	iHN637.CLJU_RS12030	19.5	241	162	5	45	284	14	223	9.28e-08	52.0
WP_055835972.1	iJN1463.PP_1071	42.4	276	154	4	26	298	29	302	6.91e-67	211
WP_055835972.1	iCN718.ABAYE_RS10985	38.5	270	164	1	25	294	27	294	6.71e-65	205
WP_055835972.1	STM_v1_0.STM0665	40.6	276	162	2	21	295	31	305	5.20e-64	203
WP_055835972.1	iSF_1195.SF0626	39.5	276	166	1	20	295	25	299	4.37e-64	203
WP_055835972.1	iSSON_1240.SSON_0609	39.1	276	167	1	20	295	25	299	3.47e-63	201
WP_055835972.1	iML1515.b0655	38.8	276	168	1	20	295	25	299	1.38e-62	199
WP_055835972.1	iYL1228.KPN_00681	39.5	276	164	2	22	295	41	315	2.72e-60	194
WP_055835972.1	iPC815.YPO2615	38.1	268	165	1	28	295	36	302	2.66e-60	194
WP_055835978.1	iJN1463.PP_0437	33.1	251	143	9	25	262	76	314	5.14e-21	90.1
WP_055835978.1	iEK1008.Rv3279c	37.9	177	74	8	27	192	30	181	2.23e-19	84.7
WP_055835981.1	iCHOv1.100760424	41.4	140	71	4	16	150	3767	3900	3.56e-24	97.4
WP_055835981.1	iCHOv1.100767367	37.9	140	78	2	12	147	4818	4952	1.99e-22	92.4
WP_055835981.1	iMM1415.231051	37.9	140	78	2	12	147	4836	4970	1.99e-22	92.4
WP_055835981.1	iCHOv1.100753962	34.9	146	83	3	10	150	1584	1722	1.67e-21	89.7
WP_055835990.1	iSynCJ816.SGL_RS16080	47.4	57	30	0	27	83	18	74	1.01e-09	55.1
WP_055835994.1	iYO844.BSU33510	41.2	68	36	2	1	64	1	68	2.63e-08	45.1
WP_055835994.1	iYS854.USA300HOU_RS13885	38.5	65	36	2	1	61	1	65	2.09e-07	42.7
WP_055835994.1	iML1515.b0484	38.7	62	38	0	2	63	100	161	2.17e-06	42.4
WP_055835994.1	iSbBS512_1146.SbBS512_E0419	38.7	62	38	0	2	63	100	161	2.17e-06	42.4
WP_055835994.1	iSDY_1059.SDY_0434	38.7	62	38	0	2	63	100	161	2.17e-06	42.4
WP_055835994.1	iSF_1195.SF0429	38.7	62	38	0	2	63	100	161	2.17e-06	42.4
WP_055835994.1	iSSON_1240.SSON_0473	38.7	62	38	0	2	63	100	161	2.17e-06	42.4
WP_055835994.1	iYL1228.KPN_00464	38.7	62	38	0	2	63	117	178	2.98e-06	42.0
WP_055836005.1	iEK1008.Rv2564	39.6	192	107	3	23	214	23	205	1.43e-29	112
WP_055836005.1	iEK1008.Rv0073	38.4	198	113	3	27	224	27	215	1.05e-28	110
WP_055836013.1	iJN1463.PP_4639	33.8	299	156	9	14	303	3	268	4.19e-33	126
WP_055836018.1	iJN1463.PP_0586	58.3	763	278	11	19	778	74	799	4.15e-253	722
WP_055836022.1	iAT_PLT_636.197257	52.1	443	209	1	32	471	41	483	2.51e-157	454
WP_055836022.1	iMM1415.52815	51.0	439	212	1	36	471	45	483	2.81e-151	439
WP_055836022.1	iCHOv1.100769710	50.3	439	215	1	36	471	45	483	1.48e-148	432
WP_055836027.1	iSbBS512_1146.SbBS512_E0585	25.3	217	142	9	5	209	8	216	1.66e-04	43.1
WP_055836027.1	iSF_1195.SF0620	25.3	217	142	9	5	209	8	216	1.66e-04	43.1
WP_055836027.1	iSSON_1240.SSON_0616	25.3	217	142	9	5	209	8	216	1.66e-04	43.1
WP_055836027.1	iYS854.USA300HOU_RS12480	21.5	395	260	15	4	383	2	361	2.14e-04	42.7
WP_055836030.1	iAF987.Gmet_0069	35.5	183	116	2	199	379	122	304	2.12e-24	101
WP_055836030.1	iML1515.b1341	36.0	172	105	4	206	376	240	407	1.84e-21	94.7
WP_055836030.1	iML1515.b1025	35.6	163	98	3	218	376	281	440	1.11e-20	92.8
WP_055836030.1	iPC815.YPO0425	37.1	170	100	3	213	379	214	379	9.71e-21	92.4
WP_055836033.1	iML1515.b1012	75.9	352	85	0	1	352	20	371	5.34e-202	560
WP_055836033.1	iSF_1195.SF1015	75.9	352	85	0	1	352	20	371	7.58e-202	559
WP_055836033.1	iSDY_1059.SDY_0987	74.7	352	89	0	1	352	20	371	2.06e-199	553
WP_055836035.1	iML1515.b1010	70.3	128	38	0	1	128	1	128	1.09e-65	194
WP_055836035.1	iSDY_1059.SDY_0985	70.3	128	38	0	1	128	1	128	1.09e-65	194
WP_055836035.1	iSF_1195.SF1013	69.5	128	39	0	1	128	1	128	5.15e-64	190
WP_055836037.1	iSF_1195.SF1012	47.4	249	130	1	10	258	9	256	9.12e-63	197
WP_055836037.1	iML1515.b1009	46.6	249	132	1	10	258	9	256	1.03e-61	195
WP_055836037.1	iSSON_1240.SSON_1027	46.2	249	133	1	10	258	9	256	3.29e-60	191
WP_055836043.1	iLB1027_lipid.PHATRDRAFT_45605	28.9	360	184	14	4	320	1	331	2.41e-31	120
WP_055836052.1	iEK1008.Rv0773c	57.0	525	211	6	15	539	1	510	1.02e-198	563
WP_055836078.1	iML1515.b2371	32.8	335	222	3	13	346	8	340	5.47e-49	170
WP_055836078.1	iSDY_1059.SDY_2572	28.7	411	264	9	15	400	5	411	6.84e-45	160
WP_055836078.1	iSSON_1240.SSON_2465	28.5	411	265	9	15	400	5	411	1.33e-44	159
WP_055836078.1	iML1515.b2374	28.5	411	265	9	15	400	5	411	2.57e-44	158
WP_055836078.1	iSF_1195.SF2441	28.5	411	265	9	15	400	5	411	2.57e-44	158
WP_055836078.1	iSbBS512_1146.SbBS512_E2743	28.2	411	266	9	15	400	5	411	9.68e-44	157
WP_055836078.1	iSDY_1059.SDY_0060	28.6	409	270	9	5	404	5	400	1.08e-43	156
WP_055836078.1	iML1515.b0038	28.6	409	270	9	5	404	5	400	1.51e-43	156
WP_055836078.1	iSF_1195.SF0035	28.6	409	270	9	5	404	5	400	1.51e-43	156
WP_055836078.1	STM_v1_0.STM0072	28.4	409	271	9	5	404	5	400	1.10e-42	154
WP_055836081.1	iCN718.ABAYE_RS11835	50.0	300	148	2	12	311	8	305	3.18e-97	289
WP_055836101.1	iCN900.CD630_20840	29.4	102	66	2	99	194	41	142	6.28e-04	41.6
WP_055836104.1	iCHOv1.100760626	28.4	380	241	14	104	471	92	452	4.52e-13	70.9
WP_055836104.1	iCHOv1.100761203	26.3	376	246	11	105	468	113	469	2.51e-11	65.5
WP_055836113.1	iAF987.Gmet_0700	30.1	471	309	6	115	582	360	813	4.36e-58	208
WP_055836113.1	iJN1463.PP_0914	32.0	435	291	5	157	588	252	684	1.76e-58	207
WP_055836113.1	iAF987.Gmet_3085	39.4	292	175	2	291	580	586	877	6.96e-54	197
WP_055836113.1	iAF987.Gmet_2629	30.2	424	289	4	169	588	389	809	7.20e-54	196
WP_055836113.1	iJN1463.PP_3581	31.1	438	294	6	154	587	252	685	3.60e-54	195
WP_055836113.1	iAF987.Gmet_0987	30.7	427	292	4	169	592	364	789	2.85e-51	188
WP_055836115.1	iLJ478.TM0561	22.1	181	141	0	185	365	169	349	1.09e-08	55.8
WP_055836115.1	iCN900.CD630_21220	32.0	75	51	0	291	365	235	309	5.27e-08	53.5
WP_055836115.1	iHN637.CLJU_RS10745	23.2	168	127	2	199	365	144	310	4.00e-07	50.8
WP_055836118.1	iJN1463.PP_3948	59.1	1259	428	12	12	1266	9	1184	0.0	1405
WP_055836120.1	iJN1463.PP_3947	69.3	150	46	0	10	159	3	152	1.97e-71	212
WP_055836123.1	iPC815.YPO3805	41.2	250	140	2	4	246	5	254	7.57e-54	174
WP_055836123.1	iYL1228.KPN_03817	41.1	253	142	2	1	246	1	253	1.07e-53	174
WP_055836123.1	iSSON_1240.SSON_3693	40.3	253	144	2	1	246	1	253	2.13e-53	173
WP_055836123.1	iML1515.b3455	40.3	253	144	2	1	246	1	253	3.01e-53	173
WP_055836123.1	iSbBS512_1146.SbBS512_E3867	40.3	253	144	2	1	246	1	253	3.01e-53	173
WP_055836123.1	iSF_1195.SF3473	40.3	253	144	2	1	246	1	253	3.01e-53	173
WP_055836123.1	iSDY_1059.SDY_3604	39.9	253	145	2	1	246	1	253	8.49e-53	172
WP_055836123.1	iLJ478.TM1138	38.7	269	139	3	4	246	10	278	1.92e-52	172
WP_055836123.1	STM_v1_0.STM3561	40.3	253	144	2	1	246	1	253	1.69e-52	171
WP_055836123.1	iJN1463.PP_1138	38.7	253	148	2	1	246	1	253	6.73e-52	169
WP_055836123.1	iAF987.Gmet_1820	37.1	251	150	3	5	248	1	250	9.07e-48	159
WP_055836126.1	iJN1463.PP_1139	25.6	406	244	7	261	618	11	406	1.01e-27	115
WP_055836126.1	iJN1463.PP_4843	31.4	296	169	7	362	624	61	355	5.63e-28	115
WP_055836126.1	iSDY_1059.SDY_3605	26.8	287	183	2	359	618	119	405	1.19e-26	112
WP_055836126.1	iSF_1195.SF3474	27.4	288	180	3	359	618	119	405	1.19e-26	112
WP_055836126.1	iML1515.b3456	27.1	288	181	3	359	618	119	405	1.60e-26	112
WP_055836126.1	STM_v1_0.STM3562	27.8	288	179	3	359	618	119	405	1.60e-26	112
WP_055836126.1	iSbBS512_1146.SbBS512_E3866	26.5	287	184	2	359	618	119	405	1.60e-26	112
WP_055836126.1	iSSON_1240.SSON_3694	26.5	287	184	2	359	618	119	405	1.60e-26	112
WP_055836126.1	iYL1228.KPN_03818	26.8	287	183	2	359	618	119	405	2.16e-26	112
WP_055836126.1	iJN1463.PP_4865	27.6	286	180	4	359	618	135	419	2.43e-26	112
WP_055836126.1	iJN1463.PP_4842	30.1	306	183	7	9	303	202	487	4.41e-26	112
WP_055836126.1	iLJ478.TM1137	30.9	298	154	10	363	620	51	336	2.83e-26	110
WP_055836126.1	iJN1463.PP_1140	29.0	317	190	6	6	307	7	303	5.20e-26	108
WP_055836126.1	iAF987.Gmet_1821	30.4	257	167	5	384	632	67	319	1.56e-24	104
WP_055836129.1	iJN1463.PP_4867	26.2	343	239	8	10	346	12	346	1.50e-17	83.2
WP_055836129.1	iSynCJ816.SGL_RS11810	24.4	353	250	8	27	369	56	401	1.29e-16	80.9
WP_055836129.1	iJN1463.PP_1141	27.2	334	224	10	23	349	22	343	9.16e-16	77.8
WP_055836144.1	iJN1463.PP_1638	63.7	259	92	2	1	257	1	259	1.78e-120	343
WP_055836151.1	iAF692.Mbar_A3252	21.8	400	210	15	13	346	4	366	3.48e-06	48.5
WP_055836151.1	iCN900.CD630_15260	21.9	402	210	14	36	355	22	401	1.00e-04	43.9
WP_055836179.1	iAF692.Mbar_A3192	34.3	306	192	5	28	330	24	323	5.36e-51	171
WP_055836182.1	iCN718.ABAYE_RS00935	59.1	516	199	5	20	533	3	508	2.28e-186	532
WP_055836182.1	STM_v1_0.STM0791	59.9	514	191	5	20	532	4	503	1.73e-184	527
WP_055836182.1	iJN1463.PP_5032	60.3	494	185	4	20	512	4	487	3.22e-183	524
WP_055836182.1	iYL1228.KPN_00796	58.1	516	200	5	20	533	4	505	5.61e-181	518
WP_055836198.1	iYL1228.KPN_03357	61.1	678	239	6	1	673	7	664	1.85e-287	800
WP_055836198.1	iJN1463.PP_4965	61.6	677	234	7	2	673	8	663	1.10e-286	798
WP_055836198.1	iYL1228.KPN_01127	60.9	677	240	6	2	673	12	668	4.95e-286	797
WP_055836198.1	iML1515.b2935	59.9	678	246	6	1	673	7	663	7.83e-284	791
WP_055836198.1	iSbBS512_1146.SbBS512_E3367	59.7	678	247	6	1	673	7	663	1.57e-283	790
WP_055836198.1	iSDY_1059.SDY_3141	59.9	678	246	6	1	673	7	663	2.23e-283	790
WP_055836198.1	iPC815.YPO0926	61.1	678	238	6	1	673	7	663	4.66e-283	789
WP_055836198.1	STM_v1_0.STM3076	59.4	678	249	6	1	673	7	663	1.71e-280	783
WP_055836198.1	iSSON_1240.SSON_2545	58.4	682	258	6	1	677	6	666	1.63e-274	768
WP_055836198.1	iML1515.b2465	58.2	682	259	6	1	677	6	666	3.27e-274	767
WP_055836198.1	iCN718.ABAYE_RS10795	60.5	679	237	9	1	674	10	662	7.81e-274	766
WP_055836198.1	iYL1228.KPN_02799	59.2	679	249	8	1	673	6	662	8.38e-274	766
WP_055836198.1	iSF_1195.SF2507	58.1	682	260	6	1	677	6	666	3.77e-273	764
WP_055836198.1	STM_v1_0.STM2474	57.5	682	264	6	1	677	6	666	1.12e-269	755
WP_055836253.1	iCN718.ABAYE_RS00855	60.6	208	81	1	27	233	3	210	1.77e-90	265
WP_055836349.1	STM_v1_0.STM0659	33.1	142	74	6	127	263	93	218	2.56e-06	50.8
WP_055836349.1	iML1515.b0650	36.2	105	56	3	127	231	93	186	1.01e-05	48.9
WP_055836349.1	iSbBS512_1146.SbBS512_E0599	36.2	105	56	3	127	231	93	186	1.01e-05	48.9
WP_055836349.1	iSSON_1240.SSON_0604	36.2	105	56	3	127	231	93	186	1.01e-05	48.9
WP_055836352.1	iSSON_1240.SSON_0604	26.8	291	156	12	1	289	1	236	1.35e-05	47.8
WP_055836352.1	iML1515.b0650	26.8	291	156	12	1	289	1	236	1.78e-05	47.4
WP_055836352.1	iSbBS512_1146.SbBS512_E0599	26.5	291	157	12	1	289	1	236	7.09e-05	45.4
WP_055836352.1	STM_v1_0.STM0659	26.5	291	157	13	1	289	1	236	9.37e-05	45.1
WP_055836361.1	iJN1463.PP_0953	31.0	239	154	5	5	235	2	237	5.25e-27	103
WP_055836361.1	iAF987.Gmet_1282	34.1	217	136	4	4	215	7	221	8.18e-27	103
WP_055836361.1	iCN900.CD630_09000	31.2	215	142	4	6	214	1	215	3.68e-25	101
WP_055836361.1	iYO844.BSU02750	31.8	211	132	4	25	232	24	225	2.34e-25	99.8
WP_055836361.1	iEK1008.Rv2936	32.2	227	149	3	3	225	4	229	1.94e-23	96.3
WP_055836361.1	iCHOv1.100761226	30.2	202	138	2	15	214	909	1109	2.99e-22	95.1
WP_055836361.1	iPC815.YPO3964	30.2	235	152	4	6	231	6	237	1.91e-22	95.1
WP_055836361.1	iMM1415.11303	30.2	202	138	2	15	214	909	1109	4.05e-22	94.7
WP_055836361.1	iML1515.b3201	31.2	237	152	5	5	233	2	235	2.27e-23	94.4
WP_055836361.1	iSbBS512_1146.SbBS512_E3569	31.2	237	152	5	5	233	2	235	2.27e-23	94.4
WP_055836361.1	iSDY_1059.SDY_3382	31.2	237	152	5	5	233	2	235	2.27e-23	94.4
WP_055836361.1	iSF_1195.SF3241	31.2	237	152	5	5	233	2	235	2.27e-23	94.4
WP_055836361.1	iSSON_1240.SSON_3349	31.2	237	152	5	5	233	2	235	2.27e-23	94.4
WP_055836361.1	iPC815.YPO2960	32.4	204	123	5	20	214	17	214	1.70e-22	94.0
WP_055836405.1	iEK1008.Rv1288	49.1	53	25	1	108	160	102	152	1.40e-06	46.6
WP_055836416.1	iJN1463.PP_3755	64.5	282	100	0	1	282	1	282	1.26e-120	346
WP_055836422.1	iEK1008.Rv2936	35.9	223	135	2	9	229	11	227	1.80e-41	146
WP_055836425.1	iCN718.ABAYE_RS11070	59.7	414	152	3	1	413	1	400	4.55e-162	461
WP_055836425.1	iJN1463.PP_1457	59.2	409	146	6	3	410	2	390	1.84e-149	429
WP_055836434.1	iJN1463.PP_3819	54.6	445	201	1	6	449	4	448	5.52e-161	462
WP_055836437.1	iYS854.USA300HOU_RS07595	26.7	101	74	0	255	355	227	327	3.07e-08	55.5
WP_055836457.1	iAF987.Gmet_1991	31.6	114	77	1	146	259	599	711	4.40e-10	61.6
WP_055836474.1	iSbBS512_1146.SbBS512_E4944	30.8	214	136	3	5	210	3	212	1.72e-22	90.5
WP_055836474.1	iSF_1195.SF4427	30.8	214	136	3	5	210	3	212	1.72e-22	90.5
WP_055836474.1	iSSON_1240.SSON_4545	30.8	214	136	3	5	210	3	212	1.72e-22	90.5
WP_055836474.1	STM_v1_0.STM4585	30.6	216	134	4	5	210	3	212	3.38e-22	89.7
WP_055836474.1	iYL1228.KPN_04850	30.8	214	136	3	5	210	3	212	4.73e-22	89.4
WP_055836474.1	iSDY_1059.SDY_4656	30.4	214	137	3	5	210	3	212	6.62e-22	89.0
WP_055836474.1	iCN900.CD630_18140	28.7	195	138	1	9	203	8	201	6.66e-21	86.3
WP_055836474.1	iAF987.Gmet_0469	33.7	196	122	5	4	195	5	196	1.99e-20	84.7
WP_055836474.1	iLJ478.TM1374	32.4	182	116	4	5	183	2	179	1.99e-20	84.7
WP_055836490.1	iJN1463.PP_0169	65.8	281	95	1	17	297	20	299	6.64e-138	391
WP_055836493.1	iJN1463.PP_0207	22.5	240	163	9	59	289	52	277	5.97e-04	41.2
WP_055836497.1	iAF987.Gmet_1899	50.5	218	105	3	19	235	4	219	2.99e-67	211
WP_055836502.1	iEK1008.Rv0650	33.3	309	178	9	4	306	5	291	2.29e-29	113
WP_055836502.1	STM_v1_0.STM3336	34.6	266	143	10	5	267	6	243	4.97e-26	104
WP_055836505.1	iJN1463.PP_4288	38.7	155	89	4	11	163	1	151	2.98e-24	92.8
WP_055836505.1	iSbBS512_1146.SbBS512_E0439	37.9	153	87	7	18	168	7	153	4.26e-22	87.0
WP_055836505.1	iSDY_1059.SDY_0397	37.9	153	87	7	18	168	7	153	4.26e-22	87.0
WP_055836505.1	iSF_1195.SF0444	37.9	153	87	7	18	168	7	153	4.26e-22	87.0
WP_055836505.1	iML1515.b0505	37.9	153	87	7	18	168	7	153	6.00e-22	86.7
WP_055836505.1	STM_v1_0.STM0515	35.5	152	92	5	18	168	7	153	1.19e-21	85.9
WP_055836505.1	iCN718.ABAYE_RS01170	34.4	160	101	4	11	168	3	160	5.51e-21	84.3
WP_055836510.1	iYL1228.KPN_01770	29.2	391	243	8	34	400	70	450	1.01e-32	127
WP_055836510.1	iCN718.ABAYE_RS08820	30.1	382	210	7	38	397	15	361	4.45e-32	124
WP_055836510.1	iAF692.Mbar_A0883	29.5	413	233	11	33	399	59	459	6.91e-31	122
WP_055836513.1	iLJ478.TM1749	42.8	311	177	1	1	311	7	316	8.12e-84	256
WP_055836513.1	iSDY_1059.SDY_1304	45.7	300	161	2	1	300	22	319	4.85e-83	254
WP_055836513.1	iSF_1195.SF1247	45.7	300	161	2	1	300	22	319	4.85e-83	254
WP_055836513.1	iSSON_1240.SSON_1934	45.7	300	161	2	1	300	22	319	4.85e-83	254
WP_055836513.1	iSbBS512_1146.SbBS512_E1415	45.3	300	162	2	1	300	22	319	2.75e-82	252
WP_055836513.1	iYS854.USA300HOU_RS04900	44.0	316	176	1	1	315	8	323	1.10e-81	251
WP_055836513.1	STM_v1_0.STM1743	43.8	313	173	3	1	313	20	329	7.31e-82	251
WP_055836513.1	iML1515.b3541	45.1	319	173	2	4	322	9	325	2.29e-81	249
WP_055836513.1	iSF_1195.SF3576	45.1	319	173	2	4	322	9	325	2.29e-81	249
WP_055836513.1	iML1515.b1246	45.0	300	163	2	1	300	22	319	6.21e-81	249
WP_055836513.1	iML1515.b1484	45.8	288	152	3	1	286	8	293	4.72e-81	249
WP_055836513.1	iYL1228.KPN_02194	43.5	313	174	3	1	313	22	331	6.21e-81	249
WP_055836513.1	iSbBS512_1146.SbBS512_E1747	45.8	288	152	3	1	286	8	293	6.68e-81	248
WP_055836513.1	iLJ478.TM0058	43.4	318	172	3	1	311	7	323	7.32e-81	248
WP_055836513.1	iLJ478.TM1064	43.4	316	173	4	1	311	7	321	1.51e-80	248
WP_055836513.1	iSSON_1240.SSON_1640	45.5	288	153	3	1	286	8	293	1.89e-80	247
WP_055836513.1	iSSON_1240.SSON_3849	44.8	319	174	2	4	322	9	325	2.59e-80	247
WP_055836513.1	STM_v1_0.STM3627	44.4	322	177	2	1	322	6	325	2.07e-79	244
WP_055836513.1	iYO844.BSU12950	42.6	312	177	2	1	311	7	317	3.73e-79	244
WP_055836513.1	iYL1228.KPN_03896	44.2	319	176	2	4	322	9	325	5.86e-79	243
WP_055836513.1	iPC815.YPO4000	44.5	319	174	3	4	322	9	324	1.14e-78	243
WP_055836513.1	iSDY_1059.SDY_4564	44.2	319	176	2	4	322	9	325	2.34e-78	242
WP_055836513.1	iEK1008.Rv1281c	44.0	316	175	2	3	317	9	323	3.97e-74	239
WP_055836513.1	iJN1463.PP_0879	44.5	299	164	2	1	299	6	302	4.09e-75	233
WP_055836515.1	iYL1228.KPN_00865	40.5	269	160	0	30	298	18	286	1.77e-59	191
WP_055836515.1	iSbBS512_1146.SbBS512_E2516	38.5	283	172	1	16	298	20	300	9.17e-57	184
WP_055836515.1	iSSON_1240.SSON_0814	38.5	283	172	1	16	298	20	300	9.17e-57	184
WP_055836515.1	iML1515.b0832	38.2	283	173	1	16	298	20	300	1.29e-56	184
WP_055836515.1	iSDY_1059.SDY_0755	37.8	283	174	1	16	298	20	300	2.03e-55	181
WP_055836515.1	iSF_1195.SF0782	37.8	283	174	1	16	298	20	300	1.59e-54	179
WP_055836515.1	iML1515.b1485	34.1	279	183	1	20	298	15	292	2.17e-53	176
WP_055836515.1	iSSON_1240.SSON_1639	34.1	279	183	1	20	298	15	292	4.31e-53	175
WP_055836515.1	iJN1463.PP_0880	40.4	270	156	1	34	298	34	303	1.12e-52	174
WP_055836518.1	iSSON_1240.SSON_0813	37.9	319	179	5	1	315	1	304	4.13e-67	212
WP_055836518.1	iML1515.b0831	37.6	319	180	5	1	315	1	304	4.63e-66	209
WP_055836518.1	iSDY_1059.SDY_0756	37.6	319	180	5	1	315	1	304	4.63e-66	209
WP_055836518.1	iSF_1195.SF0781	37.6	319	180	5	1	315	1	304	9.24e-66	208
WP_055836518.1	STM_v1_0.STM0850	36.7	319	183	5	1	315	1	304	3.68e-65	207
WP_055836518.1	iSbBS512_1146.SbBS512_E2517	37.3	319	181	5	1	315	1	304	7.33e-65	206
WP_055836518.1	iYL1228.KPN_00864	35.1	316	192	2	1	315	1	304	5.81e-64	204
WP_055836518.1	iYL1228.KPN_03851	36.2	323	184	5	1	316	1	308	5.79e-63	201
WP_055836518.1	iYL1228.KPN_03898	33.1	338	203	5	1	316	1	337	2.03e-60	196
WP_055836518.1	iSDY_1059.SDY_3632	35.3	323	187	5	1	316	1	308	1.43e-60	195
WP_055836518.1	iSF_1195.SF3495	35.0	323	188	5	1	316	1	308	5.67e-60	194
WP_055836518.1	iML1515.b3477	35.0	323	188	5	1	316	1	308	8.00e-60	193
WP_055836518.1	iSbBS512_1146.SbBS512_E3844	35.0	323	188	5	1	316	1	308	8.00e-60	193
WP_055836518.1	iSSON_1240.SSON_3715	35.0	323	188	5	1	316	1	308	8.00e-60	193
WP_055836518.1	iML1515.b3543	32.2	338	206	6	1	316	1	337	1.76e-58	191
WP_055836518.1	iSDY_1059.SDY_4566	32.2	338	206	6	1	316	1	337	1.76e-58	191
WP_055836518.1	iSF_1195.SF3578	32.2	338	206	6	1	316	1	337	1.76e-58	191
WP_055836518.1	iSSON_1240.SSON_3847	32.2	338	206	6	1	316	1	337	1.76e-58	191
WP_055836521.1	iYL1228.KPN_00863	25.2	532	337	20	33	543	13	504	2.48e-22	100
WP_055836521.1	iSDY_1059.SDY_0757	25.6	489	294	20	55	518	35	478	1.05e-20	95.1
WP_055836521.1	iSbBS512_1146.SbBS512_E2518	25.6	489	294	20	55	518	35	478	1.86e-20	94.4
WP_055836521.1	iSSON_1240.SSON_0812	25.7	490	292	21	55	518	35	478	5.84e-20	92.8
WP_055836521.1	iML1515.b0830	25.7	490	292	21	55	518	35	478	7.78e-20	92.4
WP_055836521.1	iYL1228.KPN_02197	24.4	517	335	18	42	535	41	524	8.79e-20	92.4
WP_055836521.1	iSF_1195.SF0780	25.5	490	293	21	55	518	35	478	1.84e-19	91.3
WP_055836528.1	iYL1228.KPN_02392	47.5	457	233	3	1	455	1	452	3.50e-140	410
WP_055836528.1	STM_v1_0.STM1928	47.6	456	233	3	1	455	1	451	5.73e-136	399
WP_055836528.1	iML1515.b1896	46.6	457	237	3	1	455	1	452	1.13e-130	385
WP_055836528.1	iSDY_1059.SDY_1193	46.6	457	237	3	1	455	1	452	1.13e-130	385
WP_055836528.1	iSSON_1240.SSON_1221	46.6	457	237	3	1	455	1	452	1.13e-130	385
WP_055836530.1	iAF692.Mbar_A1916	27.7	166	116	3	418	582	362	524	9.55e-11	64.3
WP_055836532.1	iYL1228.KPN_02393	44.6	233	125	3	5	234	9	240	8.70e-56	179
WP_055836532.1	STM_v1_0.STM1929	44.0	232	128	2	5	234	9	240	4.50e-54	175
WP_055836532.1	iML1515.b1897	41.4	239	138	2	5	241	9	247	2.76e-52	170
WP_055836532.1	iSSON_1240.SSON_1220	41.4	239	138	2	5	241	9	247	2.76e-52	170
WP_055836532.1	iSF_1195.SF1944	41.8	232	133	2	5	234	9	240	5.51e-52	169
WP_055836534.1	iML1515.b0463	33.5	346	218	3	54	392	33	373	6.89e-40	148
WP_055836534.1	iSSON_1240.SSON_0450	33.5	346	218	3	54	392	33	373	9.53e-40	147
WP_055836534.1	iSDY_1059.SDY_0456	33.5	346	218	3	54	392	33	373	2.52e-39	146
WP_055836534.1	iSF_1195.SF0408	33.5	346	218	3	54	392	33	373	6.64e-39	145
WP_055836534.1	iML1515.b3265	32.0	334	220	2	66	392	39	372	6.30e-36	137
WP_055836534.1	STM_v1_0.STM3390	31.2	346	230	3	54	392	28	372	8.68e-36	136
WP_055836534.1	iSbBS512_1146.SbBS512_E3648	31.7	334	221	2	66	392	39	372	1.65e-35	135
WP_055836537.1	iJN1463.PP_3426	31.6	1088	655	27	1	1040	1	1047	3.45e-119	391
WP_055836543.1	iSynCJ816.SGL_RS07840	34.0	247	151	5	8	248	6	246	7.66e-29	109
WP_055836555.1	iPC815.YPO0935	52.4	311	145	3	6	315	7	315	1.24e-102	303
WP_055836555.1	iCN718.ABAYE_RS01270	48.6	311	158	2	1	311	1	309	1.20e-101	300
WP_055836555.1	STM_v1_0.STM3095	50.6	310	151	2	6	315	7	314	1.24e-101	300
WP_055836555.1	iSSON_1240.SSON_3101	49.8	309	153	2	6	314	7	313	1.28e-101	300
WP_055836555.1	iML1515.b2947	49.8	309	153	2	6	314	7	313	2.58e-101	300
WP_055836555.1	iSbBS512_1146.SbBS512_E3379	49.8	309	153	2	6	314	7	313	5.18e-101	299
WP_055836555.1	iSF_1195.SF2938	49.8	309	153	2	6	314	7	313	1.04e-100	298
WP_055836555.1	iYL1228.KPN_03380	50.8	307	148	3	6	311	7	311	2.09e-100	297
WP_055836555.1	iSDY_1059.SDY_3125	49.5	309	154	2	6	314	7	313	5.94e-100	296
WP_055836555.1	iJN1463.PP_4993	49.7	306	152	2	6	311	8	311	5.68e-98	291
WP_055836563.1	iCN718.ABAYE_RS16300	56.8	421	178	1	5	425	4	420	1.48e-158	453
WP_055836563.1	iJN1463.PP_4811	57.1	422	175	1	5	426	4	419	5.99e-151	434
WP_055836575.1	iJN1463.PP_4794	53.6	894	384	11	1	891	1	866	0.0	941
WP_055836575.1	iCN718.ABAYE_RS16150	51.5	894	401	14	4	892	9	874	1.91e-313	883
WP_055836578.1	iPC815.YPO0683	33.8	133	88	0	1	133	1	133	1.23e-17	73.9
WP_055836578.1	STM_v1_0.STM3158	34.1	132	86	1	5	135	4	135	2.56e-16	70.5
WP_055836582.1	iYL1228.KPN_03426	32.1	190	128	1	11	199	15	204	1.21e-19	83.6
WP_055836582.1	iPC815.YPO0682	31.1	190	130	1	11	199	129	318	3.21e-17	78.6
WP_055836582.1	STM_v1_0.STM3159	42.3	104	55	1	119	217	129	232	3.62e-17	77.0
WP_055836582.1	iML1515.b3006	48.1	81	42	0	119	199	129	209	9.64e-17	75.9
WP_055836582.1	iJN1463.PP_5306	48.1	81	42	0	119	199	209	289	2.30e-16	75.9
WP_055836582.1	iSbBS512_1146.SbBS512_E3434	48.1	81	42	0	119	199	129	209	9.64e-17	75.9
WP_055836582.1	iSDY_1059.SDY_3067	48.1	81	42	0	119	199	129	209	9.64e-17	75.9
WP_055836582.1	iSF_1195.SF3051	48.1	81	42	0	119	199	129	209	9.64e-17	75.9
WP_055836582.1	iSSON_1240.SSON_3149	48.1	81	42	0	119	199	129	209	9.64e-17	75.9
WP_055836591.1	iYS854.USA300HOU_RS04115	33.8	266	175	1	42	307	32	296	1.48e-52	174
WP_055836594.1	iYS854.USA300HOU_RS03780	26.2	145	106	1	3	146	2	146	2.76e-11	60.1
WP_055836594.1	iSbBS512_1146.SbBS512_E0650	33.6	113	67	4	46	153	46	155	6.92e-11	58.9
WP_055836594.1	iML1515.b0731	33.6	113	67	4	46	153	66	175	9.46e-11	58.5
WP_055836594.1	iSSON_1240.SSON_0682	33.6	113	67	4	46	153	66	175	9.46e-11	58.5
WP_055836594.1	iCN900.CD630_22690	25.5	145	107	1	3	146	2	146	5.94e-10	56.2
WP_055836594.1	iSF_1195.SF0566	33.3	111	66	4	48	153	68	175	1.10e-09	55.5
WP_055836599.1	iML1515.b3816	43.9	328	171	5	1	327	1	316	5.71e-84	256
WP_055836599.1	iSbBS512_1146.SbBS512_E4281	43.9	328	171	5	1	327	1	316	5.71e-84	256
WP_055836599.1	iSDY_1059.SDY_3929	43.9	328	171	5	1	327	1	316	5.71e-84	256
WP_055836599.1	iSF_1195.SF3894	43.9	328	171	5	1	327	1	316	5.71e-84	256
WP_055836599.1	iSSON_1240.SSON_3991	43.9	328	171	5	1	327	1	316	5.71e-84	256
WP_055836599.1	iYL1228.KPN_04313	43.6	328	172	5	1	327	17	332	1.33e-83	255
WP_055836599.1	iPC815.YPO3837	43.6	328	172	5	1	327	1	316	8.08e-84	255
WP_055836599.1	STM_v1_0.STM3952	43.9	328	171	5	1	327	1	316	1.62e-83	254
WP_055836602.1	iCN718.ABAYE_RS18250	55.8	556	244	2	1	554	1	556	1.19e-225	634
WP_055836602.1	iML1515.b1805	56.5	556	236	4	1	555	1	551	6.88e-223	627
WP_055836602.1	iSDY_1059.SDY_1709	56.5	556	236	4	1	555	1	551	6.88e-223	627
WP_055836602.1	iSF_1195.SF1423	56.3	556	237	4	1	555	23	573	4.24e-222	626
WP_055836602.1	iSbBS512_1146.SbBS512_E2065	56.3	556	237	4	1	555	1	551	2.78e-222	626
WP_055836602.1	iSSON_1240.SSON_1356	56.3	556	237	4	1	555	1	551	1.59e-221	624
WP_055836602.1	iYL1228.KPN_02322	57.2	554	231	4	3	555	14	562	4.72e-221	623
WP_055836602.1	STM_v1_0.STM1818	56.7	556	235	4	1	555	1	551	7.43e-220	620
WP_055836602.1	iPC815.YPO2074	54.7	556	246	3	1	555	1	551	1.46e-212	601
WP_055836605.1	iJN1463.PP_0155	77.5	498	88	5	1	494	1	478	6.83e-251	692
WP_055836608.1	iCN718.ABAYE_RS15920	55.2	96	31	1	9	92	4	99	2.38e-25	91.3
WP_055836608.1	iSynCJ816.SGL_RS06815	50.6	87	43	0	7	93	444	530	1.04e-19	82.4
WP_055836611.1	iJN1463.PP_0156	65.0	377	126	2	1	377	1	371	1.52e-153	437
WP_055836617.1	iJN1463.PP_3376	36.7	275	161	5	46	312	36	305	2.82e-33	124
WP_055836617.1	iEK1008.Rv2996c	38.8	237	136	4	59	292	49	279	6.38e-31	121
WP_055836619.1	iCN718.ABAYE_RS18215	28.9	204	126	6	21	218	31	221	1.03e-16	77.0
WP_055836627.1	STM_v1_0.STM0690	70.9	371	96	2	36	406	11	369	1.54e-186	522
WP_055836629.1	STM_v1_0.STM0691	75.9	469	109	2	5	473	3	467	2.11e-266	731
WP_055836635.1	iAF692.Mbar_A2320	27.9	197	102	9	7	197	37	199	4.52e-06	47.4
WP_055836638.1	iAF987.Gmet_0957	43.1	452	247	5	336	781	168	615	1.69e-104	334
WP_055836638.1	iAF987.Gmet_3085	40.0	455	264	6	331	780	428	878	4.83e-93	311
WP_055836638.1	iAF987.Gmet_0700	41.2	432	246	5	354	782	388	814	2.54e-90	301
WP_055836645.1	iJN1463.PP_3959	43.3	402	217	7	16	413	15	409	7.52e-80	254
WP_055836647.1	iYO844.BSU26590	30.4	138	90	3	21	155	24	158	1.34e-05	46.6
WP_055836647.1	iYO844.BSU03070	36.1	97	56	2	64	158	67	159	2.71e-05	45.8
WP_055836649.1	iAF987.Gmet_0069	33.6	298	182	4	236	518	5	301	4.03e-43	155
WP_055836659.1	iAF987.Gmet_1914	29.5	122	85	1	1	122	1	121	1.94e-11	65.5
WP_055836668.1	iCHOv1.100766004	36.8	209	125	3	25	233	15	216	4.32e-40	137
WP_055836671.1	iJN1463.PP_3944	32.6	344	224	7	17	355	7	347	5.35e-45	159
WP_055836673.1	iJN1463.PP_1418	27.6	246	149	9	1	232	17	247	9.78e-08	52.4
WP_055836676.1	iYL1228.KPN_01663	27.3	337	213	12	16	334	7	329	1.38e-13	71.2
WP_055836682.1	iMM904.YFL018C	51.1	45	22	0	15	59	19	63	4.09e-04	42.4
WP_055836682.1	iLB1027_lipid.PHATRDRAFT_26432	50.0	42	21	0	18	59	30	71	9.43e-04	41.2
WP_055836682.1	iAF692.Mbar_A2898	42.9	49	28	0	23	71	2	50	9.41e-04	40.8
WP_055836688.1	iAF987.Gmet_0043	24.3	420	264	15	311	713	16	398	8.45e-10	62.0
WP_055836695.1	iAF987.Gmet_0769	34.5	116	72	2	12	125	13	126	4.26e-19	77.8
WP_055836700.1	iHN637.CLJU_RS17585	34.1	270	153	10	18	267	16	280	3.44e-31	117
WP_055836700.1	iEK1008.Rv1385	37.9	256	138	11	7	251	8	253	6.85e-31	115
WP_055836719.1	iSDY_1059.SDY_0275	61.3	150	58	0	3	152	7	156	1.22e-55	172
WP_055836719.1	iSF_1195.SF0454	62.0	150	57	0	3	152	7	156	1.73e-55	172
WP_055836719.1	iML1515.b0523	61.3	150	58	0	3	152	7	156	4.95e-55	171
WP_055836719.1	iSbBS512_1146.SbBS512_E0451	61.3	150	58	0	3	152	7	156	4.95e-55	171
WP_055836719.1	iJN1463.PP_5336	61.2	147	57	0	6	152	5	151	3.34e-54	168
WP_055836719.1	iPC815.YPO3076	63.1	149	55	0	4	152	13	161	4.71e-54	168
WP_055836719.1	iYO844.BSU06420	62.2	148	55	1	1	148	1	147	9.23e-54	167
WP_055836719.1	STM_v1_0.STM0534	60.7	150	59	0	3	152	7	156	1.15e-53	167
WP_055836719.1	iSSON_1240.SSON_0495	60.7	150	59	0	3	152	7	156	1.63e-53	167
WP_055836719.1	iYL1228.KPN_00478	61.2	147	57	0	6	152	10	156	6.59e-53	165
WP_055836719.1	iCN718.ABAYE_RS19210	59.2	147	60	0	6	152	12	158	1.58e-51	162
WP_055836719.1	iNF517.LLMG_RS05085	59.7	144	58	0	6	149	4	147	3.19e-49	155
WP_055836723.1	iJN1463.PP_0510	33.4	320	159	9	1	304	8	289	8.97e-45	153
WP_055836731.1	iJN1463.PP_4960	68.8	353	110	0	1	353	1	353	9.90e-175	489
WP_055836731.1	iCN718.ABAYE_RS10665	66.3	344	116	0	1	344	1	344	7.82e-165	463
WP_055836731.1	iSynCJ816.SGL_RS13385	64.5	349	124	0	1	349	1	349	3.80e-159	449
WP_055836735.1	iEK1008.Rv0220	29.6	226	130	6	47	250	133	351	1.65e-17	81.6
WP_055836738.1	iJN1463.PP_1200	53.3	613	285	1	13	624	24	636	2.03e-223	634
WP_055836738.1	iYL1228.KPN_04152	47.6	624	314	5	7	624	6	622	3.62e-205	587
WP_055836738.1	iPC815.YPO0006	47.9	620	318	3	7	624	6	622	1.03e-204	586
WP_055836738.1	STM_v1_0.STM3880	47.8	623	314	5	7	624	6	622	5.42e-202	579
WP_055836738.1	iSSON_1240.SSON_3917	47.4	627	311	7	7	624	6	622	2.18e-201	578
WP_055836738.1	iML1515.b3747	47.4	627	311	7	7	624	6	622	3.09e-201	577
WP_055836738.1	iSbBS512_1146.SbBS512_E4173	47.4	627	311	7	7	624	6	622	4.38e-201	577
WP_055836738.1	iSF_1195.SF3828	47.0	627	313	7	7	624	6	622	2.01e-199	573
WP_055836768.1	iCN718.ABAYE_RS00890	53.3	214	96	2	1	214	1	210	2.98e-75	225
WP_055836796.1	iPC815.YPO3142	58.2	445	143	4	64	507	29	431	9.56e-163	468
WP_055836796.1	iYL1228.KPN_00414	56.3	444	151	5	64	506	31	432	2.03e-157	454
WP_055836796.1	iSDY_1059.SDY_0388	54.4	443	161	5	64	506	26	427	8.40e-153	442
WP_055836796.1	iML1515.b0451	54.4	443	161	5	64	506	26	427	3.87e-151	438
WP_055836796.1	iSSON_1240.SSON_0439	54.4	443	161	5	64	506	26	427	3.87e-151	438
WP_055836796.1	iSbBS512_1146.SbBS512_E0378	54.4	443	161	5	64	506	26	427	7.77e-151	437
WP_055836796.1	iSF_1195.SF0396	54.2	443	162	5	64	506	26	427	1.56e-150	436
WP_055836796.1	iJN1463.PP_5233	53.6	450	162	5	66	506	31	442	1.01e-144	422
WP_055836804.1	iAF987.Gmet_0069	31.5	130	84	3	3	129	5	132	2.76e-14	70.1
WP_055836804.1	iAF987.Gmet_1914	34.8	112	72	1	2	113	3	113	1.52e-13	68.6
WP_055836829.1	STM_v1_0.STM0689	36.2	417	256	3	11	427	16	422	4.02e-81	256
WP_055836829.1	iJN1463.PP_2703	36.2	426	248	7	7	427	23	429	3.06e-80	254
WP_055836829.1	iJN1463.PP_3666	34.9	424	269	3	9	431	24	441	9.05e-79	250
WP_055836829.1	iJN1463.PP_1400	34.3	432	271	4	2	433	18	436	4.79e-77	246
WP_055836829.1	iJN1463.PP_2914	31.9	427	278	6	9	429	25	444	1.34e-70	231
WP_055836873.1	iJN1463.PP_0597	59.9	494	195	3	11	502	4	496	1.03e-214	602
WP_055836873.1	iCN718.ABAYE_RS06910	55.7	494	216	3	11	502	28	520	4.88e-202	571
WP_055836873.1	iEK1008.Rv0753c	57.0	507	206	3	8	502	2	508	9.88e-199	562
WP_055836873.1	STM_v1_0.STM4421	54.4	496	222	2	11	502	4	499	4.47e-195	552
WP_055836873.1	iYL1228.KPN_04670	53.2	494	227	2	13	502	6	499	5.54e-191	542
WP_055836889.1	iJN1463.PP_0535	33.2	677	416	19	57	714	63	722	3.29e-104	334
WP_055836889.1	iJN1463.PP_0669	32.7	703	409	18	54	717	133	810	7.92e-97	317
WP_055836889.1	iJN1463.PP_4217	32.7	707	407	20	54	717	132	812	2.24e-96	315
WP_055836892.1	iYO844.BSU30070	47.7	476	239	4	1	471	13	483	9.05e-143	419
WP_055836892.1	iYS854.USA300HOU_RS11845	45.8	474	251	4	8	478	21	491	9.70e-139	409
WP_055836892.1	iJN1463.PP_3957	45.7	466	244	5	29	489	48	509	1.23e-127	385
WP_055836897.1	iEK1008.Rv0189c	45.1	557	299	4	21	573	20	573	1.56e-149	442
WP_055836897.1	iSynCJ816.SGL_RS18015	42.6	559	308	5	21	574	6	556	9.37e-139	414
WP_055836909.1	iCN718.ABAYE_RS03570	46.5	185	92	2	1	178	1	185	1.03e-47	154
WP_055836916.1	STM_v1_0.STM1803	32.6	408	264	5	1	407	1	398	6.16e-57	192
WP_055836916.1	iPC815.YPO2147	32.8	408	263	5	1	407	1	398	2.48e-56	191
WP_055836916.1	iML1515.b1189	32.9	410	260	8	1	407	1	398	3.32e-56	190
WP_055836916.1	iSSON_1240.SSON_1181	32.9	410	260	8	1	407	1	398	3.32e-56	190
WP_055836916.1	iSDY_1059.SDY_1226	32.9	410	260	8	1	407	1	398	4.65e-56	190
WP_055836916.1	iSbBS512_1146.SbBS512_E1347	32.7	410	261	8	1	407	1	398	1.28e-55	189
WP_055836916.1	iYL1228.KPN_02309	33.5	409	259	7	1	407	1	398	3.51e-55	187
WP_055836916.1	iJN1463.PP_4434	32.3	409	265	6	1	407	1	399	4.91e-55	187
WP_055836916.1	iSF_1195.SF1178	32.4	410	262	8	1	407	1	398	9.62e-55	186
WP_055836916.1	iJN1463.PP_5270	32.6	408	265	4	1	407	1	399	1.48e-53	183
WP_055836919.1	iSF_1195.SF0626	49.5	289	138	1	13	293	11	299	2.37e-92	275
WP_055836919.1	iSSON_1240.SSON_0609	49.1	289	139	1	13	293	11	299	3.84e-91	272
WP_055836919.1	iML1515.b0655	49.1	289	139	1	13	293	11	299	5.44e-91	272
WP_055836919.1	STM_v1_0.STM0665	48.6	284	138	1	18	293	22	305	1.07e-89	269
WP_055836919.1	iYL1228.KPN_00681	48.8	285	137	1	18	293	31	315	8.38e-89	267
WP_055836919.1	iJN1463.PP_1071	51.0	292	137	3	9	295	11	301	5.72e-89	267
WP_055836919.1	iPC815.YPO2615	48.0	269	140	0	25	293	34	302	2.06e-86	260
WP_055836922.1	iNF517.LLMG_RS12580	25.9	185	121	6	43	220	46	221	1.70e-05	44.3
WP_055836925.1	iYL1228.KPN_01560	35.1	134	81	2	55	182	71	204	1.09e-13	68.2
WP_055836928.1	iYL1228.KPN_01561	42.1	233	130	2	6	234	6	237	1.73e-51	170
WP_055836948.1	iJN1463.PP_1418	26.5	317	191	12	15	302	17	320	7.11e-14	70.9
WP_055836954.1	iYO844.BSU15910	40.2	244	144	1	4	245	2	245	1.04e-47	157
WP_055836954.1	iCN900.CD630_11820	36.1	244	154	1	4	245	4	247	5.42e-42	143
WP_055836971.1	iML1515.b1686	51.5	136	64	2	3	137	2	136	3.90e-45	143
WP_055836983.1	iJN1463.PP_2647	30.9	353	236	4	3	352	24	371	1.86e-30	120
WP_055836983.1	STM_v1_0.STM1522	27.6	370	262	4	8	376	18	382	4.08e-30	119
WP_055836983.1	iJN1463.PP_2428	29.1	381	254	7	3	377	28	398	1.16e-28	115
WP_055836983.1	iML1515.b1528	26.9	346	248	3	8	352	18	359	2.33e-27	111
WP_055836983.1	iSbBS512_1146.SbBS512_E1677	26.9	346	248	3	8	352	18	359	2.33e-27	111
WP_055836983.1	iSSON_1240.SSON_1600	26.9	346	248	3	8	352	18	359	2.33e-27	111
WP_055836983.1	iSF_1195.SF1566	26.8	343	246	3	8	349	18	356	7.10e-27	109
WP_055836992.1	iCN718.ABAYE_RS09345	35.5	152	97	1	28	179	19	169	3.47e-24	92.8
WP_055837001.1	iCN718.ABAYE_RS11095	59.6	161	65	0	1	161	1	161	1.68e-67	202
WP_055837001.1	iSynCJ816.SGL_RS11045	54.9	162	68	1	3	159	8	169	1.51e-60	184
WP_055837010.1	iYL1228.KPN_01563	60.1	556	207	4	7	562	11	551	4.04e-228	640
WP_055837022.1	STM_v1_0.STM3338	21.5	181	142	0	15	195	12	192	9.56e-10	60.5
WP_055837022.1	iML1515.b3224	22.7	181	140	0	15	195	12	192	1.27e-09	60.1
WP_055837022.1	iSbBS512_1146.SbBS512_E3552	22.7	181	140	0	15	195	12	192	1.27e-09	60.1
WP_055837022.1	iSDY_1059.SDY_3399	22.7	181	140	0	15	195	22	202	1.29e-09	60.1
WP_055837022.1	iSF_1195.SF3260	22.7	181	140	0	15	195	22	202	1.29e-09	60.1
WP_055837022.1	iSSON_1240.SSON_3365	22.7	181	140	0	15	195	22	202	1.29e-09	60.1
WP_055837022.1	iHN637.CLJU_RS06685	22.7	163	126	0	21	183	23	185	2.58e-09	58.9
WP_055837022.1	iYL1228.KPN_03264	23.9	142	104	1	22	159	3	144	3.59e-09	58.5
WP_055837022.1	iAF987.Gmet_3221	26.1	180	127	3	19	195	17	193	4.36e-09	58.2
WP_055837022.1	iMM904.YMR088C	25.8	326	208	10	24	335	38	343	5.61e-09	58.2
WP_055837022.1	STM_v1_0.STM3016	22.8	158	118	1	6	159	7	164	4.64e-08	55.1
WP_055837025.1	iJN1463.PP_2504	30.2	53	37	0	10	62	11	63	1.35e-05	38.1
WP_055837035.1	iJN1463.PP_0356	65.0	729	246	3	1	728	1	721	0.0	931
WP_055837035.1	iML1515.b2976	63.6	729	254	7	1	727	1	720	0.0	917
WP_055837035.1	iSF_1195.SF3015	63.1	729	258	7	1	727	1	720	0.0	906
WP_055837035.1	iEK1008.Rv1837c	61.5	728	275	1	1	728	1	723	4.98e-315	875
WP_055837035.1	iCN718.ABAYE_RS10490	61.1	728	270	5	1	727	1	716	1.09e-306	853
WP_055837048.1	iHN637.CLJU_RS03010	66.7	27	9	0	41	67	220	246	5.47e-05	40.8
WP_055837061.1	iAF987.Gmet_1434	55.4	543	227	4	28	566	38	569	4.20e-201	573
WP_055837067.1	iJN1463.PP_0127	43.7	183	102	1	30	212	22	203	1.67e-50	162
WP_055837071.1	iJN1463.PP_0954	32.9	173	103	7	10	182	11	170	1.02e-14	68.9
WP_055837077.1	iJN1463.PP_3357	60.2	482	191	1	1	482	1	481	9.14e-197	555
WP_055837079.1	iEK1008.Rv3777	27.2	323	210	8	22	334	19	326	2.71e-18	84.0
WP_055837079.1	iJN1463.PP_0072	29.7	320	197	13	25	334	22	323	5.74e-17	80.1
WP_055837079.1	iEK1008.Rv3825c	29.4	313	200	9	28	334	1451	1748	1.79e-15	77.4
WP_055837088.1	STM_v1_0.STM0419	46.7	330	159	7	2	324	4	323	1.97e-77	239
WP_055837088.1	iPC815.YPO3180	46.2	329	162	7	2	324	4	323	3.14e-77	239
WP_055837088.1	iYL1228.KPN_00369	48.2	332	151	9	2	324	4	323	5.24e-77	238
WP_055837088.1	iML1515.b0417	46.2	333	156	8	2	324	4	323	1.78e-75	234
WP_055837088.1	iSbBS512_1146.SbBS512_E0338	46.2	333	156	8	2	324	4	323	1.78e-75	234
WP_055837088.1	iJN1463.PP_0519	47.3	330	155	6	1	323	1	318	2.29e-75	234
WP_055837088.1	iSSON_1240.SSON_0394	46.2	333	156	8	2	324	4	323	3.55e-75	233
WP_055837088.1	iSF_1195.SF0354	46.1	332	156	8	2	323	4	322	1.42e-74	232
WP_055837088.1	iSDY_1059.SDY_0317	45.3	333	159	7	2	324	4	323	7.99e-74	230
WP_055837091.1	iSynCJ816.SGL_RS14865	50.8	250	122	1	3	252	2	250	4.13e-84	251
WP_055837091.1	iSynCJ816.SGL_RS16015	51.8	253	116	3	5	252	21	272	2.66e-82	248
WP_055837103.1	iCN718.ABAYE_RS04670	30.1	432	203	12	24	441	17	363	5.27e-44	158
WP_055837108.1	iAF987.Gmet_3085	32.7	159	101	1	38	196	337	489	1.39e-18	89.4
WP_055837119.1	iPC815.YPO0155	65.9	223	71	1	7	229	3	220	1.03e-97	283
WP_055837119.1	iYL1228.KPN_03757	65.0	223	73	1	7	229	3	220	4.20e-97	282
WP_055837119.1	STM_v1_0.STM3483	64.6	223	74	1	7	229	3	220	3.43e-96	280
WP_055837119.1	iCN718.ABAYE_RS15510	66.4	220	69	1	10	229	7	221	3.10e-95	277
WP_055837119.1	iML1515.b3386	63.7	223	76	1	7	229	3	220	1.14e-94	276
WP_055837119.1	iSbBS512_1146.SbBS512_E3763	63.7	223	76	1	7	229	3	220	1.14e-94	276
WP_055837119.1	iSF_1195.SF3404	63.7	223	76	1	7	229	3	220	1.14e-94	276
WP_055837119.1	iSSON_1240.SSON_3517	63.7	223	76	1	7	229	3	220	1.14e-94	276
WP_055837119.1	iSDY_1059.SDY_3693	63.7	223	76	1	7	229	3	220	6.53e-94	274
WP_055837119.1	iJN1463.PP_0415	64.0	222	75	1	8	229	4	220	1.47e-92	270
WP_055837122.1	iJN1463.PP_0115	53.9	711	298	9	23	730	28	711	9.24e-256	724
WP_055837122.1	iYO844.BSU39050	53.4	702	294	9	23	722	14	684	3.34e-252	714
WP_055837122.1	iYL1228.KPN_01236	54.2	701	286	9	38	730	79	752	9.25e-251	712
WP_055837122.1	iML1515.b1732	53.3	700	294	8	38	730	80	753	8.85e-249	707
WP_055837122.1	STM_v1_0.STM1318	52.4	722	300	10	22	730	60	750	7.99e-249	707
WP_055837122.1	iSSON_1240.SSON_1426	53.4	700	293	8	38	730	80	753	1.78e-248	707
WP_055837122.1	iSF_1195.SF1496	53.1	700	295	8	38	730	80	753	2.03e-247	704
WP_055837122.1	iCN718.ABAYE_RS11495	51.2	713	315	10	23	730	28	712	3.96e-242	689
WP_055837133.1	iJN1463.PP_0417	53.6	498	212	7	6	497	5	489	1.04e-175	503
WP_055837141.1	iJN1463.PP_4621	56.1	428	180	4	17	444	9	428	4.75e-168	479
WP_055837145.1	iJN1463.PP_1418	29.7	219	140	7	41	248	32	247	5.73e-10	59.3
WP_055837145.1	STM_v1_0.STM2786	26.6	218	147	6	41	248	32	246	3.30e-09	57.0
WP_055837148.1	iJN1463.PP_4620	57.2	432	178	5	9	438	3	429	3.72e-166	474
WP_055837154.1	iEK1008.Rv2996c	40.6	318	181	5	1	313	1	315	9.90e-55	186
WP_055837154.1	iLJ478.TM1401	37.9	293	180	1	11	301	12	304	4.58e-56	183
WP_055837158.1	iJN1463.PP_2514	35.7	199	128	0	7	205	11	209	3.49e-38	132
WP_055837160.1	iJN1463.PP_1418	31.4	242	152	8	23	254	11	248	1.00e-18	85.1
WP_055837163.1	iCN718.ABAYE_RS18740	72.5	415	114	0	1	415	1	415	3.06e-224	620
WP_055837163.1	iJN1463.PP_5270	68.5	416	130	1	1	415	1	416	2.27e-208	580
WP_055837163.1	iJN1463.PP_4434	64.7	431	151	1	1	430	1	431	9.41e-205	571
WP_055837171.1	iJN1463.PP_0421	50.5	333	161	2	6	334	4	336	8.75e-96	288
WP_055837171.1	iCN718.ABAYE_RS06035	47.0	338	175	1	6	339	4	341	3.51e-95	286
WP_055837171.1	iHN637.CLJU_RS07885	45.6	331	179	1	6	336	3	332	1.47e-88	269
WP_055837171.1	iAF987.Gmet_2495	44.2	346	180	1	6	338	3	348	2.83e-86	263
WP_055837174.1	iJN1463.PP_0422	56.8	259	111	1	4	261	6	264	1.62e-90	268
WP_055837185.1	iML1515.b2371	34.2	298	189	5	4	295	24	320	1.06e-46	163
WP_055837188.1	iJN1463.PP_2432	33.7	202	121	5	2	193	17	215	9.01e-26	98.6
WP_055837194.1	iML1515.b2700	58.3	132	55	0	4	135	26	157	1.24e-42	138
WP_055837194.1	iJN1463.PP_1628	59.3	135	54	1	4	138	24	157	9.33e-39	128
WP_055837197.1	iJN1463.PP_3253	28.3	350	221	8	10	342	3	339	7.53e-27	109
WP_055837205.1	iEK1008.Rv3567c	30.7	114	63	4	29	142	23	120	8.57e-05	41.6
WP_055837216.1	iJN1463.PP_1362	51.6	481	221	6	7	480	4	479	2.26e-149	434
WP_055837216.1	iSF_1195.SF1864	51.1	481	225	5	1	476	1	476	5.63e-149	433
WP_055837216.1	iML1515.b1854	51.1	481	225	5	1	476	1	476	7.97e-149	433
WP_055837216.1	iSbBS512_1146.SbBS512_E2130	51.1	481	225	5	1	476	1	476	7.97e-149	433
WP_055837216.1	iSSON_1240.SSON_1294	51.1	481	225	5	1	476	1	476	7.97e-149	433
WP_055837216.1	iSDY_1059.SDY_1141	51.1	481	225	5	1	476	1	476	1.13e-148	432
WP_055837216.1	STM_v1_0.STM1888	51.1	481	225	5	1	476	1	476	9.11e-148	430
WP_055837216.1	iYL1228.KPN_02369	50.7	481	227	5	1	476	1	476	1.04e-146	427
WP_055837220.1	iJN1463.PP_0147	64.1	449	141	2	1	448	1	430	3.05e-195	548
WP_055837229.1	iJN1463.PP_4963	63.5	395	134	3	1	395	1	385	6.69e-161	457
WP_055837229.1	STM_v1_0.STM3069	61.3	395	143	3	1	395	1	385	1.21e-151	433
WP_055837229.1	iSSON_1240.SSON_3078	60.5	395	146	3	1	395	1	385	3.98e-150	429
WP_055837229.1	iML1515.b2926	60.5	395	146	3	1	395	1	385	5.64e-150	429
WP_055837229.1	iSDY_1059.SDY_3156	60.5	395	146	3	1	395	1	385	5.64e-150	429
WP_055837229.1	iSF_1195.SF2911	60.5	395	146	3	1	395	1	385	5.64e-150	429
WP_055837229.1	iSbBS512_1146.SbBS512_E3351	60.3	395	147	3	1	395	1	385	1.61e-149	428
WP_055837229.1	iYL1228.KPN_03355	61.1	380	142	2	16	395	7	380	4.45e-148	424
WP_055837229.1	iPC815.YPO0921	58.7	395	153	3	1	395	1	385	1.06e-147	423
WP_055837229.1	iCN718.ABAYE_RS10675	57.8	405	151	4	1	395	1	395	2.14e-144	415
WP_055837235.1	iSbBS512_1146.SbBS512_E3194	24.4	131	92	3	58	182	50	179	4.01e-05	43.5
WP_055837235.1	iSDY_1059.SDY_2877	24.4	131	92	3	58	182	50	179	4.01e-05	43.5
WP_055837235.1	iSSON_1240.SSON_2826	24.4	131	92	3	58	182	50	179	4.01e-05	43.5
WP_055837235.1	iML1515.b2682	23.7	131	93	3	58	182	50	179	5.39e-05	43.1
WP_055837235.1	iSF_1195.SF2709	23.7	131	93	3	58	182	50	179	1.30e-04	42.0
WP_055837238.1	iJN1463.PP_0067	52.6	321	138	3	1	319	1	309	2.22e-94	282
WP_055837238.1	iSSON_1240.SSON_3428	47.9	307	150	3	1	307	5	301	8.51e-85	258
WP_055837238.1	iSF_1195.SF3319	48.4	308	147	4	1	307	5	301	1.70e-84	257
WP_055837238.1	iSDY_1059.SDY_3464	48.4	308	147	4	1	307	5	301	2.41e-84	256
WP_055837238.1	STM_v1_0.STM3407	48.1	310	145	5	1	307	5	301	2.74e-83	254
WP_055837245.1	iYO844.BSU15720	40.9	149	86	2	1	149	1	147	8.01e-32	111
WP_055837245.1	iAM_Pb448.PBANKA_080930	38.7	168	100	2	4	168	60	227	3.72e-28	104
WP_055837245.1	iAM_Pf480.PF3D7_0907900	36.0	164	102	1	6	166	67	230	3.21e-27	102
WP_055837265.1	iAF692.Mbar_A0058	23.4	645	376	23	59	688	25	566	2.78e-20	96.3
WP_055837271.1	iAF692.Mbar_A0004	25.8	469	314	11	38	497	38	481	8.11e-40	150
WP_055837271.1	iYO844.BSU29440	27.2	397	255	8	83	470	86	457	2.73e-36	139
WP_055837274.1	iMM1415.56720	28.6	350	168	11	39	308	25	372	3.06e-25	103
WP_055837274.1	iCHOv1.100768126	27.8	345	171	8	42	308	29	373	8.00e-25	102
WP_055837277.1	iCN718.ABAYE_RS08330	49.9	427	198	5	11	434	3	416	2.06e-149	430
WP_055837283.1	iMM1415.11647	34.7	453	221	14	33	449	52	465	2.35e-55	192
WP_055837283.1	iCHOv1.100771587	34.2	453	223	14	33	449	52	465	1.23e-54	190
WP_055837283.1	iMM1415.11650	32.8	457	220	15	33	449	52	461	9.79e-53	185
WP_055837283.1	iCHOv1.100751774	34.4	448	225	14	33	449	55	464	3.62e-52	184
WP_055837283.1	iMM1415.76768	33.9	457	215	15	33	449	54	463	2.09e-51	182
WP_055837301.1	iAF987.Gmet_2727	36.9	103	65	0	108	210	293	395	3.05e-15	73.2
WP_055837304.1	iEK1008.Rv0386	50.0	52	26	0	156	207	1027	1078	3.11e-06	47.0
WP_055837304.1	iAF987.Gmet_1919	31.2	109	67	4	64	171	51	152	8.00e-05	42.4
WP_055837307.1	iCHOv1.100756446	38.3	256	146	5	17	270	66	311	1.54e-47	160
WP_055837307.1	iLB1027_lipid.PHATRDRAFT_15536	37.8	288	147	9	1	264	18	297	8.81e-44	150
WP_055837314.1	iJN1463.PP_1418	27.9	247	166	5	23	261	17	259	5.72e-14	71.2
WP_055837318.1	iYL1228.KPN_04788	43.3	217	102	5	76	290	46	243	3.79e-47	158
WP_055837318.1	STM_v1_0.STM1101	42.4	224	108	5	69	290	218	422	6.95e-43	151
WP_055837318.1	iSbBS512_1146.SbBS512_E4890	41.2	221	109	5	72	290	221	422	1.44e-40	145
WP_055837318.1	iSF_1195.SF4384	41.2	221	109	5	72	290	221	422	1.44e-40	145
WP_055837318.1	iSSON_1240.SSON_4499	41.2	221	109	5	72	290	221	422	1.44e-40	145
WP_055837323.1	iJN1463.PP_3948	37.4	716	400	15	16	702	46	742	5.52e-116	375
WP_055837325.1	iJN1463.PP_3947	54.4	147	67	0	4	150	5	151	3.86e-51	160
WP_055837332.1	iJN1463.PP_3427	30.9	424	278	4	71	491	53	464	2.50e-39	148
WP_055837332.1	iJN1463.PP_1384	29.8	443	301	3	48	489	33	466	5.76e-39	147
WP_055837335.1	iJN1463.PP_3426	30.6	1059	670	25	1	1014	1	1039	1.79e-109	365
WP_055837335.1	iSDY_1059.SDY_2654	29.4	1036	691	17	7	1014	5	1028	3.69e-104	350
WP_055837335.1	iSSON_1240.SSON_2550	29.2	1036	693	17	7	1014	5	1028	1.34e-103	348
WP_055837335.1	iML1515.b2470	29.2	1036	693	17	7	1014	5	1028	2.56e-103	347
WP_055837335.1	iSF_1195.SF2512	29.2	1036	693	17	7	1014	5	1028	4.87e-103	347
WP_055837352.1	iMM1415.11650	35.1	456	244	12	34	466	50	476	8.76e-62	209
WP_055837352.1	iCHOv1.100751774	35.6	461	235	15	34	466	53	479	1.82e-60	206
WP_055837352.1	iMM1415.76768	35.0	460	239	16	34	466	52	478	8.06e-59	202
WP_055837352.1	iCHOv1.100771587	35.0	469	243	15	35	473	51	487	1.20e-58	201
WP_055837352.1	iMM1415.11647	35.0	469	243	15	35	473	51	487	3.26e-58	200
WP_055837352.1	iCHOv1.100751196	34.9	459	240	15	34	466	51	476	9.07e-57	197
WP_055837364.1	iML1515.b0325	69.6	335	101	1	15	349	14	347	1.42e-167	470
WP_055837371.1	iAF987.Gmet_0043	28.0	239	134	7	431	660	153	362	1.41e-09	60.8
WP_055837371.1	iAF987.Gmet_1914	34.1	88	56	1	577	664	3	88	8.13e-09	58.2
WP_055837391.1	STM_v1_0.STM0812	53.8	400	180	3	11	410	5	399	1.91e-149	430
WP_055837391.1	iYL1228.KPN_00817	53.4	414	185	4	10	419	4	413	1.49e-146	422
WP_055837391.1	iJN1463.PP_3264	52.1	403	183	3	8	410	2	394	5.67e-143	413
WP_055837391.1	iSSON_1240.SSON_0768	51.7	383	180	2	11	393	5	382	1.64e-140	407
WP_055837391.1	iML1515.b0789	51.7	383	180	2	11	393	5	382	2.33e-140	407
WP_055837391.1	iSbBS512_1146.SbBS512_E2563	51.4	383	181	2	11	393	5	382	1.89e-139	404
WP_055837391.1	iSDY_1059.SDY_0814	50.8	390	187	2	11	400	5	389	1.70e-139	404
WP_055837391.1	iSF_1195.SF0739	51.2	383	182	2	11	393	5	382	1.89e-139	404
WP_055837398.1	iJN1463.PP_1418	30.0	237	151	8	26	251	15	247	4.41e-14	71.6
WP_055837402.1	iPC815.YPO3964	33.7	493	297	11	3	480	5	482	1.33e-56	196
WP_055837402.1	iPC815.YPO0958	31.9	495	295	9	4	477	5	478	4.31e-55	191
WP_055837402.1	iPC815.YPO2256	32.5	530	285	15	2	493	17	511	5.00e-54	189
WP_055837402.1	iYL1228.KPN_04154	30.6	496	306	11	1	477	1	477	4.53e-54	189
WP_055837402.1	iML1515.b4087	29.9	492	322	8	2	475	3	489	3.91e-53	186
WP_055837402.1	iML1515.b3749	29.8	496	310	11	1	477	1	477	2.37e-52	184
WP_055837402.1	iHN637.CLJU_RS00620	29.9	492	309	13	5	477	6	480	3.17e-52	184
WP_055837402.1	STM_v1_0.STM3882	29.4	494	315	10	1	477	1	477	4.57e-52	183
WP_055837402.1	iNF517.LLMG_RS04060	31.1	454	286	9	27	474	39	471	3.84e-51	181
WP_055837407.1	iJN1463.PP_3941	31.2	173	100	7	27	195	26	183	3.38e-11	60.5
WP_055837423.1	iHN637.CLJU_RS11570	40.7	54	30	1	11	62	9	62	3.34e-06	47.0
WP_055837423.1	iHN637.CLJU_RS02400	38.9	54	31	1	11	62	9	62	7.98e-06	45.8
WP_055837423.1	iAF987.Gmet_0662	50.0	36	18	0	11	46	9	44	3.66e-05	43.9
WP_055837423.1	iAF692.Mbar_A0171	35.0	60	37	1	11	68	9	68	8.33e-05	42.7
WP_055837426.1	iML1515.b1798	33.3	204	132	2	2	201	5	208	1.05e-29	108
WP_055837431.1	iSynCJ816.SGL_RS13580	25.6	407	244	16	11	399	9	374	6.36e-07	52.0
WP_055837440.1	iJN1463.PP_4862	31.9	226	131	7	7	218	5	221	6.15e-18	80.5
WP_055837440.1	iMM904.YMR226C	32.1	193	121	3	7	194	16	203	1.23e-15	74.3
WP_055837443.1	iJN1463.PP_0956	41.6	178	96	1	19	196	4	173	1.63e-39	132
WP_055837446.1	STM_v1_0.STM3315	54.8	325	143	2	9	333	8	328	1.16e-108	319
WP_055837446.1	iJN1463.PP_0957	53.9	317	146	0	17	333	8	324	1.34e-106	314
WP_055837446.1	iYL1228.KPN_03607	55.3	313	139	1	21	333	23	334	5.30e-106	313
WP_055837446.1	iSF_1195.SF3237	53.2	325	148	2	9	333	8	328	4.99e-105	310
WP_055837446.1	iML1515.b3197	53.2	325	148	2	9	333	8	328	7.08e-105	310
WP_055837446.1	iSbBS512_1146.SbBS512_E3573	53.2	325	148	2	9	333	8	328	7.08e-105	310
WP_055837446.1	iSDY_1059.SDY_3378	53.2	325	148	2	9	333	8	328	7.08e-105	310
WP_055837446.1	iSSON_1240.SSON_3345	53.2	325	148	2	9	333	8	328	7.08e-105	310
WP_055837446.1	iPC815.YPO3577	53.4	313	145	1	21	333	17	328	6.56e-103	305
WP_055837446.1	iAF987.Gmet_1278	54.6	313	140	1	20	330	6	318	1.70e-101	301
WP_055837446.1	iCN718.ABAYE_RS12520	49.7	312	154	2	23	332	14	324	1.45e-98	293
WP_055837448.1	iAF987.Gmet_1105	33.7	662	399	7	14	657	16	655	8.16e-93	301
WP_055837448.1	iJN1463.PP_5246	35.8	551	337	7	2	549	6	542	2.12e-82	271
WP_055837451.1	iAF987.Gmet_3085	44.6	500	261	5	386	875	388	881	4.19e-119	383
WP_055837451.1	iAF987.Gmet_2629	46.3	464	241	4	405	867	341	797	1.57e-119	382
WP_055837451.1	iAF987.Gmet_0957	47.3	438	223	4	436	871	182	613	6.10e-120	377
WP_055837451.1	iAF987.Gmet_0700	43.8	495	270	4	382	875	328	815	9.30e-116	372
WP_055837451.1	iAF987.Gmet_0987	42.4	491	275	4	387	876	299	782	9.82e-115	368
WP_055837451.1	iAF987.Gmet_0782	45.4	438	232	3	435	871	287	718	7.35e-112	359
WP_055837451.1	iJN1463.PP_3581	45.2	431	228	3	442	871	255	678	5.97e-108	347
WP_055837453.1	iML1515.b0469	48.9	174	87	1	8	181	9	180	2.86e-59	182
WP_055837453.1	iSbBS512_1146.SbBS512_E0401	48.9	174	87	1	8	181	9	180	2.86e-59	182
WP_055837453.1	iSDY_1059.SDY_0450	48.9	174	87	1	8	181	9	180	2.86e-59	182
WP_055837453.1	iSSON_1240.SSON_0456	48.9	174	87	1	8	181	9	180	2.86e-59	182
WP_055837453.1	iJN1463.PP_4266	52.0	173	81	1	10	182	8	178	5.58e-59	182
WP_055837453.1	iSF_1195.SF0414	48.3	174	88	1	8	181	9	180	1.64e-58	181
WP_055837453.1	iYL1228.KPN_00451	48.9	174	87	1	8	181	9	180	4.68e-58	179
WP_055837453.1	STM_v1_0.STM0483	48.3	174	88	1	8	181	9	180	1.33e-57	178
WP_055837453.1	iPC815.YPO3123	47.4	173	89	1	9	181	14	184	2.14e-57	178
WP_055837459.1	iIT341.HP0687	28.6	126	81	3	233	357	4	121	1.77e-05	47.0
WP_055837461.1	iML1515.b2210	59.0	517	206	2	35	551	26	536	3.07e-219	618
WP_055837461.1	iSDY_1059.SDY_0866	59.0	517	206	2	35	551	26	536	6.17e-219	617
WP_055837461.1	iSbBS512_1146.SbBS512_E0730	58.8	517	207	2	35	551	26	536	1.76e-218	616
WP_055837461.1	iSSON_1240.SSON_2268	58.8	517	207	2	35	551	26	536	2.49e-218	616
WP_055837461.1	iCN718.ABAYE_RS14305	54.3	530	238	4	1	530	1	526	6.24e-211	597
WP_055837461.1	iJN1463.PP_1251	56.1	494	216	1	35	528	5	497	9.20e-201	570
WP_055837461.1	iYL1228.KPN_02629	54.5	495	224	1	36	530	23	516	3.10e-198	565
WP_055837530.1	iEK1008.Rv2438c	49.3	728	316	3	12	737	3	679	4.68e-229	655
WP_055837533.1	iEK1008.Rv2781c	39.3	328	186	6	11	333	8	327	1.33e-43	153
WP_055837539.1	iAF987.Gmet_1706	38.0	121	70	3	8	128	2	117	4.58e-18	81.3
WP_055837541.1	iJN1463.PP_1355	46.0	500	186	5	25	448	2	493	1.76e-126	376
WP_055837544.1	iAF987.Gmet_1238	30.5	177	109	6	113	282	77	246	6.39e-20	86.7
WP_055837547.1	iEK1008.Rv2581c	34.4	209	124	6	15	211	14	221	9.71e-29	107
WP_055837547.1	iCN900.CD630_27420	33.8	198	127	3	12	209	11	204	2.56e-27	102
WP_055837555.1	iLB1027_lipid.PHATRDRAFT_45451	74.0	335	87	0	3	337	5	339	1.06e-194	538
WP_055837558.1	iSSON_1240.SSON_1030	30.0	220	126	3	36	240	29	235	2.27e-24	97.4
WP_055837558.1	iML1515.b1011	30.0	220	126	3	36	240	15	221	4.63e-24	96.3
WP_055837558.1	iSF_1195.SF1014	29.5	220	127	3	36	240	29	235	6.30e-23	93.6
WP_055837561.1	STM_v1_0.STM3882	32.6	506	315	9	23	524	10	493	1.85e-68	228
WP_055837561.1	iML1515.b3749	32.2	506	317	9	23	524	10	493	1.38e-67	226
WP_055837561.1	iYL1228.KPN_04154	31.8	506	319	9	23	524	10	493	1.11e-64	218
WP_055837561.1	iML1515.b1513	32.9	483	301	8	25	504	19	481	2.80e-63	215
WP_055837561.1	iPC815.YPO0958	30.8	500	310	9	17	507	5	477	5.80e-63	214
WP_055837561.1	iYO844.BSU35940	29.6	507	327	9	25	525	10	492	9.85e-63	213
WP_055837561.1	iML1515.b4087	31.7	495	317	9	18	504	6	487	7.60e-62	211
WP_055837561.1	iHN637.CLJU_RS00620	29.9	512	335	7	18	525	6	497	8.51e-61	208
WP_055837561.1	iYL1228.KPN_04623	32.7	501	307	11	18	511	10	487	1.21e-60	207
WP_055837561.1	iLJ478.TM0956	30.9	492	320	7	18	503	13	490	5.37e-60	206
WP_055837564.1	iML1515.b1011	31.8	195	129	2	7	197	3	197	1.05e-25	99.8
WP_055837564.1	iSSON_1240.SSON_1030	31.8	195	129	2	7	197	17	211	1.42e-25	99.8
WP_055837564.1	iSF_1195.SF1014	30.8	195	131	2	7	197	17	211	5.68e-24	95.5
WP_055837576.1	iYL1228.KPN_03983	52.3	214	95	3	21	233	6	213	4.70e-68	208
WP_055837576.1	STM_v1_0.STM3733	51.4	214	97	3	21	233	6	213	1.53e-66	204
WP_055837576.1	iML1515.b3642	50.9	214	98	3	21	233	6	213	7.09e-65	200
WP_055837576.1	iSF_1195.SF3681	50.9	214	98	3	21	233	6	213	7.09e-65	200
WP_055837576.1	iSbBS512_1146.SbBS512_E4067	50.5	214	99	3	21	233	6	213	2.02e-64	199
WP_055837576.1	iSDY_1059.SDY_4073	50.9	214	98	3	21	233	6	213	2.02e-64	199
WP_055837576.1	iSSON_1240.SSON_3764	50.5	214	99	3	21	233	6	213	2.02e-64	199
WP_055837576.1	iJN1463.PP_5291	52.8	214	94	4	21	233	6	213	4.05e-64	198
WP_055837576.1	iPC815.YPO0045	49.1	214	102	3	21	233	6	213	6.11e-64	197
WP_055837583.1	iCN718.ABAYE_RS04045	58.1	485	193	2	20	501	9	486	1.53e-190	540
WP_055837583.1	iAF987.Gmet_0073	57.2	486	195	4	24	505	3	479	1.35e-181	517
WP_055837583.1	iJN1463.PP_0930	55.6	487	203	4	24	505	3	481	7.18e-177	505
WP_055837587.1	iJN1463.PP_0931	57.0	493	201	4	12	503	1	483	5.41e-184	523
WP_055837587.1	iCN718.ABAYE_RS04050	55.0	493	209	6	10	499	2	484	8.44e-173	495
WP_055837587.1	iAF987.Gmet_0075	54.4	489	213	3	12	499	3	482	2.17e-171	491
WP_055837590.1	iJN1463.PP_0932	52.5	99	43	1	1	99	8	102	7.97e-25	89.4
WP_055837593.1	STM_v1_0.STM0659	25.5	220	134	6	13	209	8	220	5.82e-08	53.9
WP_055837593.1	iSbBS512_1146.SbBS512_E0599	33.3	102	63	1	107	203	113	214	1.74e-06	49.3
WP_055837593.1	iML1515.b0650	33.3	102	63	1	107	203	113	214	2.31e-06	48.9
WP_055837601.1	iJN1463.PP_4807	44.0	611	322	7	4	607	7	604	1.58e-168	495
WP_055837601.1	iJN1463.PP_3741	42.1	615	335	8	4	610	7	608	6.30e-157	465
WP_055837601.1	iSbBS512_1146.SbBS512_E0616	40.7	615	350	7	5	612	8	614	7.57e-153	455
WP_055837601.1	iSSON_1240.SSON_0589	40.7	615	350	7	5	612	8	614	1.07e-152	454
WP_055837601.1	iML1515.b0635	40.7	615	350	7	5	612	8	614	1.51e-152	454
WP_055837601.1	iSF_1195.SF0646	40.5	615	351	7	5	612	8	614	6.01e-152	452
WP_055837601.1	iYL1228.KPN_00667	40.7	615	350	7	5	612	8	614	1.20e-151	452
WP_055837601.1	iPC815.YPO2604	39.8	620	355	8	5	617	9	617	1.13e-151	452
WP_055837601.1	iSDY_1059.SDY_0557	40.5	615	351	7	5	612	8	614	2.39e-151	451
WP_055837601.1	STM_v1_0.STM0640	39.7	629	360	8	5	622	8	628	9.52e-151	449
WP_055837605.1	iJN1463.PP_0958	38.5	244	142	4	23	263	9	247	2.07e-45	154
WP_055837605.1	iYS854.USA300HOU_RS04405	35.6	236	145	4	22	254	1	232	8.31e-41	144
WP_055837605.1	iJN1463.PP_2774	43.1	216	115	4	43	254	56	267	1.01e-38	143
WP_055837605.1	iYL1228.KPN_02770	39.1	248	139	5	23	266	3	242	3.90e-39	140
WP_055837605.1	iSSON_1240.SSON_2511	38.7	248	140	5	23	266	3	242	1.09e-38	139
WP_055837607.1	iJN1463.PP_0960	30.4	115	71	5	1	109	1	112	3.31e-06	46.2
WP_055837624.1	iLJ478.TM0561	26.9	201	122	5	181	374	169	351	4.33e-14	72.4
WP_055837624.1	iSynCJ816.SGL_RS16695	33.7	104	68	1	275	378	279	381	4.08e-13	69.7
WP_055837627.1	iPC815.YPO3771	67.2	335	110	0	1	335	1	335	1.18e-153	434
WP_055837629.1	iSynCJ816.SGL_RS03055	35.4	144	87	4	3	143	5	145	5.72e-19	78.6
WP_055837632.1	iCN900.CD630_34060	48.1	54	28	0	62	115	69	122	1.98e-09	53.5
WP_055837632.1	iLJ478.TM0010	40.0	60	36	0	63	122	41	100	1.97e-09	53.5
WP_055837639.1	iJN1463.PP_4803	39.8	359	208	3	31	389	30	380	7.62e-88	270
WP_055837639.1	iML1515.b0839	41.5	398	214	8	1	388	1	389	4.57e-84	261
WP_055837639.1	iSbBS512_1146.SbBS512_E2506	41.5	398	214	8	1	388	1	389	4.57e-84	261
WP_055837639.1	iSDY_1059.SDY_0841	41.2	398	215	8	1	388	1	389	2.56e-83	259
WP_055837639.1	iYL1228.KPN_00871	40.4	366	202	6	29	386	30	387	1.60e-81	254
WP_055837639.1	STM_v1_0.STM0863	40.4	396	217	8	1	386	1	387	8.96e-81	253
WP_055837648.1	iSynCJ816.SGL_RS10930	60.3	695	266	4	1	695	1	685	8.18e-291	811
WP_055837648.1	iEK1008.Rv0684	58.9	698	271	6	5	695	8	696	1.19e-285	798
WP_055837668.1	iEK1008.Rv3501c	29.1	230	161	1	123	350	2	231	3.02e-23	97.1
WP_055837668.1	iJN1463.PP_0959	29.1	234	152	2	131	350	12	245	3.30e-21	91.7
WP_055837677.1	iML1515.b2979	60.6	480	188	1	22	501	21	499	7.28e-205	577
WP_055837677.1	iJN1463.PP_3745	61.7	480	183	1	22	501	21	499	1.46e-204	576
WP_055837678.1	iJN1463.PP_3747	54.0	415	175	6	1	408	1	406	5.72e-147	423
WP_055837678.1	iML1515.b4467	53.9	408	182	5	1	406	1	404	1.00e-141	409
WP_055837684.1	iJN1463.PP_1418	28.4	257	165	8	1	248	1	247	1.39e-09	58.2
WP_055837686.1	iEK1008.Rv1144	54.3	256	109	5	1	254	1	250	3.53e-76	231
WP_055837686.1	iJN1463.PP_2214	51.2	256	122	2	1	254	1	255	2.19e-73	224
WP_055837686.1	iCHOv1.100757689	52.0	254	119	2	3	253	8	261	6.93e-71	218
WP_055837686.1	iMM1415.15108	51.6	254	120	2	3	253	8	261	5.58e-70	215
WP_055837686.1	iCN718.ABAYE_RS07455	47.7	258	129	4	1	254	1	256	5.46e-69	213
WP_055837688.1	iJN1463.PP_3356	52.5	623	282	6	19	639	17	627	1.13e-201	579
WP_055837691.1	iAF987.Gmet_2071	33.3	246	161	2	10	252	6	251	4.05e-34	123
WP_055837691.1	iML1515.b1393	32.8	247	158	3	10	252	4	246	1.28e-29	111
WP_055837693.1	iCN718.ABAYE_RS11935	34.0	326	200	9	77	393	79	398	6.46e-36	135
WP_055837693.1	iJN1463.PP_3754	29.7	387	241	9	20	392	21	390	1.34e-32	126
WP_055837693.1	iAF987.Gmet_2058	30.6	392	252	10	13	392	12	395	2.01e-32	125
WP_055837693.1	iYL1228.KPN_02055	30.3	396	247	13	13	394	12	392	3.47e-32	125
WP_055837693.1	iCN718.ABAYE_RS08700	28.0	396	261	11	13	393	14	400	1.06e-31	124
WP_055837693.1	iYO844.BSU32830	28.8	400	241	9	13	392	12	387	8.83e-32	124
WP_055837693.1	iCN718.ABAYE_RS08895	27.9	401	265	11	13	398	12	403	1.49e-31	123
WP_055837698.1	iML1515.b1694	42.0	514	276	5	3	505	15	517	4.44e-130	388
WP_055837704.1	iAF692.Mbar_A1557	47.9	211	110	0	14	224	9	219	2.87e-60	188
WP_055837704.1	STM_v1_0.STM0782	47.4	211	110	1	13	222	7	217	8.45e-58	182
WP_055837704.1	iAF692.Mbar_A2559	45.1	213	117	0	14	226	9	221	1.13e-57	182
WP_055837704.1	iSynCJ816.SGL_RS16430	49.5	210	105	1	13	222	4	212	1.34e-53	181
WP_055837704.1	iYL1228.KPN_00778	50.0	184	92	0	13	196	7	190	1.36e-56	179
WP_055837704.1	iCN900.CD630_08700	41.9	210	121	1	13	222	4	212	2.06e-55	176
WP_055837704.1	iPC815.YPO1146	45.0	211	115	1	13	222	7	217	2.33e-55	176
WP_055837704.1	iYO844.BSU33390	45.3	203	111	0	16	218	16	218	2.66e-53	171
WP_055837704.1	iSF_1195.SF0540	48.4	184	95	0	13	196	7	190	4.00e-53	170
WP_055837707.1	iAF692.Mbar_A1558	49.6	224	112	1	24	246	49	272	5.64e-67	208
WP_055837707.1	iAF692.Mbar_A2560	49.1	224	113	1	24	246	49	272	7.98e-67	207
WP_055837708.1	iSynCJ816.SGL_RS16430	40.2	259	146	4	2	256	254	507	3.38e-48	168
WP_055837708.1	iAF692.Mbar_A1556	40.7	204	117	1	14	217	32	231	1.05e-47	162
WP_055837708.1	iEK1008.Rv1859	49.1	216	105	3	6	218	4	217	4.01e-47	160
WP_055837708.1	iJN1463.PP_3817	44.1	195	99	3	26	219	39	224	4.09e-46	158
WP_055837708.1	iCN718.ABAYE_RS05140	50.3	191	85	3	31	218	32	215	3.01e-46	157
WP_055837708.1	iAF987.Gmet_1903	50.0	190	87	3	31	218	32	215	6.63e-46	156
WP_055837708.1	iJN1463.PP_1722	42.7	199	104	3	29	226	31	220	1.86e-45	155
WP_055837708.1	iLJ478.TM0421	44.9	196	98	3	26	220	28	214	1.03e-44	154
WP_055837708.1	iJN1463.PP_0411	43.2	199	103	3	29	226	43	232	3.95e-44	152
WP_055837708.1	iYL1228.KPN_02770	47.6	191	90	3	31	218	32	215	4.47e-44	152
WP_055837708.1	STM_v1_0.STM2441	48.2	191	89	3	31	218	32	215	4.56e-44	152
WP_055837720.1	iJN1463.PP_0315	25.0	416	250	13	6	377	24	421	3.21e-20	91.3
WP_055837725.1	iJN1463.PP_0528	52.8	284	109	7	47	326	31	293	8.30e-73	226
WP_055837725.1	iPC815.YPO3176	46.1	310	139	8	27	328	17	306	4.66e-66	209
WP_055837725.1	STM_v1_0.STM0423	46.2	305	136	8	30	326	13	297	3.36e-64	204
WP_055837728.1	iJN1463.PP_0527	59.7	610	245	1	20	629	17	625	4.18e-256	717
WP_055837728.1	iSbBS512_1146.SbBS512_E0341	58.1	606	251	3	24	628	14	617	8.83e-248	696
WP_055837728.1	iML1515.b0420	57.9	606	252	3	24	628	14	617	1.25e-247	696
WP_055837728.1	iSDY_1059.SDY_0310	57.9	606	252	3	24	628	14	617	1.78e-247	695
WP_055837728.1	iSSON_1240.SSON_0397	57.9	606	252	3	24	628	14	617	5.06e-247	694
WP_055837728.1	iYL1228.KPN_00372	58.1	604	250	3	24	626	14	615	1.02e-246	693
WP_055837728.1	STM_v1_0.STM0422	57.9	606	252	3	24	628	14	617	1.44e-246	693
WP_055837728.1	iSF_1195.SF0357	57.8	606	253	3	24	628	14	617	2.90e-246	692
WP_055837728.1	iPC815.YPO3177	57.0	604	258	2	25	628	15	616	4.28e-243	684
WP_055837731.1	STM_v1_0.STM3673	24.8	294	171	11	43	321	38	296	1.29e-05	46.2
WP_055837731.1	iML1515.b3579	23.7	300	167	11	43	321	38	296	2.23e-04	42.4
WP_055837747.1	iJN1463.PP_3635	61.0	241	94	0	6	246	10	250	1.01e-98	288
WP_055837753.1	iSynCJ816.SGL_RS10910	46.1	440	222	2	8	447	9	433	2.09e-126	375
WP_055837756.1	iSynCJ816.SGL_RS10915	41.5	171	95	1	1	166	1	171	2.26e-38	129
WP_055837760.1	iML1515.b3579	21.5	172	132	2	41	210	38	208	5.24e-04	41.2
WP_055837760.1	STM_v1_0.STM3673	21.6	241	163	7	41	269	38	264	5.24e-04	41.2
WP_055837762.1	iCN718.ABAYE_RS18215	44.0	250	139	1	6	255	10	258	9.42e-74	225
WP_055837773.1	iAF987.Gmet_0069	32.2	118	76	2	4	117	6	123	4.94e-13	66.6
WP_055837773.1	iAF987.Gmet_1914	34.0	106	70	0	2	107	3	108	7.47e-13	66.6
WP_055837773.1	iAF987.Gmet_1919	28.8	118	84	0	3	120	5	122	2.72e-12	64.7
WP_055837779.1	iAF987.Gmet_2999	34.9	83	48	3	52	131	43	122	8.83e-04	40.0
WP_055837801.1	iJN1463.PP_5118	43.0	302	151	7	7	306	2	284	8.31e-70	218
WP_055837804.1	iYO844.BSU18260	24.4	221	151	5	1	214	15	226	5.97e-04	41.2
WP_055837804.1	iAT_PLT_636.3712	25.4	197	122	6	30	214	115	298	9.10e-04	40.8
WP_055837806.1	iJN1463.PP_3637	52.2	247	117	1	13	258	5	251	1.69e-79	241
WP_055837808.1	iJN1463.PP_3636	59.5	398	157	2	24	419	5	400	8.13e-169	478
WP_055837821.1	iJN1463.PP_1311	64.2	399	140	1	4	399	3	401	2.55e-177	502
WP_055837833.1	iJN1463.PP_4656	50.2	231	110	3	11	239	10	237	1.40e-77	233
WP_055837852.1	iCN718.ABAYE_RS04585	27.5	523	281	15	33	483	45	541	8.09e-43	160
WP_055837860.1	iJN1463.PP_4490	45.1	246	133	2	33	278	15	258	4.58e-70	217
WP_055837869.1	iJN1463.PP_3540	41.5	287	164	2	14	299	4	287	1.19e-60	196
WP_055837869.1	iCN718.ABAYE_RS11835	37.9	282	172	1	19	300	10	288	1.22e-53	178
WP_055837869.1	iYO844.BSU18230	37.9	285	169	4	14	297	4	281	1.70e-53	177
WP_055837875.1	iAF987.Gmet_2629	52.1	169	81	0	276	444	374	542	3.09e-43	162
WP_055837875.1	iAF987.Gmet_1706	39.9	223	126	3	223	444	91	306	2.24e-41	149
WP_055837875.1	iAF987.Gmet_3085	48.8	170	86	1	276	444	448	617	3.55e-38	147
WP_055837883.1	STM_v1_0.STM3697	29.4	347	218	10	29	373	57	378	4.01e-32	124
WP_055837886.1	iYL1228.KPN_01091	36.1	241	139	5	1	227	1	240	2.46e-23	94.0
WP_055837886.1	iSDY_1059.SDY_2057	37.2	234	132	6	8	227	8	240	9.32e-23	92.4
WP_055837886.1	iML1515.b1093	36.3	234	134	5	8	227	8	240	3.53e-22	90.9
WP_055837886.1	iSbBS512_1146.SbBS512_E2231	36.3	234	134	5	8	227	8	240	3.53e-22	90.9
WP_055837886.1	iSF_1195.SF1097	36.3	234	134	5	8	227	8	240	3.53e-22	90.9
WP_055837886.1	iSSON_1240.SSON_1113	36.3	234	134	5	8	227	8	240	3.53e-22	90.9
WP_055837886.1	STM_v1_0.STM1195	35.7	241	140	5	1	227	1	240	4.93e-22	90.5
WP_055837889.1	iJN1463.PP_1418	26.9	275	180	11	26	286	24	291	9.21e-11	61.6
WP_055837892.1	iCN718.ABAYE_RS14345	36.7	283	176	3	6	288	4	283	5.96e-51	170
WP_055837912.1	iAF987.Gmet_0069	40.1	187	107	2	342	526	120	303	1.31e-32	126
WP_055837912.1	iJN1463.PP_0129	34.7	245	151	2	285	524	402	642	2.14e-30	125
WP_055837915.1	iJN1463.PP_4655	45.5	200	96	5	10	203	8	200	1.17e-44	147
WP_055837928.1	iYO844.BSU01580	47.2	487	242	4	12	498	7	478	6.49e-137	403
WP_055837930.1	STM_v1_0.STM3338	27.1	166	114	2	15	173	9	174	2.11e-06	49.3
WP_055837930.1	iJN1463.PP_3740	28.1	274	157	7	46	284	47	315	3.31e-05	45.4
WP_055837936.1	iNF517.LLMG_RS02035	40.7	123	66	2	85	207	85	200	1.47e-23	92.8
WP_055837936.1	iYO844.BSU19230	39.8	108	64	1	75	182	76	182	3.79e-21	86.7
WP_055837938.1	iJN1463.PP_1972	60.8	398	156	0	1	398	1	398	3.21e-169	478
WP_055837949.1	iML1515.b2530	66.1	401	134	1	8	406	4	404	1.25e-198	553
WP_055837949.1	iSbBS512_1146.SbBS512_E2905	66.1	401	134	1	8	406	4	404	1.25e-198	553
WP_055837949.1	iSDY_1059.SDY_2726	66.1	401	134	1	8	406	12	412	1.67e-198	553
WP_055837949.1	iSF_1195.SF2577	66.1	401	134	1	8	406	4	404	1.25e-198	553
WP_055837949.1	iSSON_1240.SSON_2612	66.1	401	134	1	8	406	12	412	1.67e-198	553
WP_055837949.1	iYL1228.KPN_02862	65.8	401	135	1	8	406	4	404	7.19e-198	551
WP_055837949.1	STM_v1_0.STM2543	65.6	401	136	1	8	406	4	404	2.06e-197	550
WP_055837949.1	iJN1463.PP_0842	67.8	401	127	1	8	406	4	404	1.68e-196	548
WP_055837949.1	iPC815.YPO2896	66.1	401	134	1	8	406	9	409	4.05e-196	547
WP_055837952.1	iML1515.b2529	82.8	128	21	1	1	128	1	127	2.72e-72	211
WP_055837952.1	iSDY_1059.SDY_2725	82.8	128	21	1	1	128	1	127	2.72e-72	211
WP_055837952.1	iSF_1195.SF2576	82.8	128	21	1	1	128	1	127	2.72e-72	211
WP_055837952.1	iSSON_1240.SSON_2611	82.8	128	21	1	1	128	1	127	2.72e-72	211
WP_055837952.1	iSbBS512_1146.SbBS512_E2904	82.0	128	22	1	1	128	1	127	6.40e-71	208
WP_055837952.1	iJN1463.PP_0843	80.0	125	24	1	1	125	1	124	3.55e-68	201
WP_055837955.1	iJN1463.PP_0844	69.2	107	33	0	1	107	1	107	9.16e-55	165
WP_055837955.1	iML1515.b2528	66.4	107	36	0	1	107	1	107	2.16e-53	162
WP_055837955.1	iSbBS512_1146.SbBS512_E2903	66.4	107	36	0	1	107	3	109	2.30e-53	162
WP_055837955.1	iSDY_1059.SDY_2724	66.4	107	36	0	1	107	1	107	2.16e-53	162
WP_055837955.1	iSF_1195.SF2575	66.4	107	36	0	1	107	1	107	2.16e-53	162
WP_055837955.1	iSSON_1240.SSON_2610	66.4	107	36	0	1	107	1	107	2.16e-53	162
WP_055837961.1	STM_v1_0.STM0659	33.7	505	294	8	20	514	6	479	2.03e-70	237
WP_055837961.1	iML1515.b0650	31.2	548	327	7	20	545	6	525	1.39e-69	235
WP_055837961.1	iSbBS512_1146.SbBS512_E0599	31.2	548	327	7	20	545	6	525	2.70e-69	234
WP_055837961.1	iSSON_1240.SSON_0604	31.2	548	327	7	20	545	6	525	2.70e-69	234
WP_055837963.1	iJN1463.PP_0847	55.5	110	49	0	1	110	1	110	3.42e-41	131
WP_055837972.1	STM_v1_0.STM0719	51.5	379	184	0	7	385	3	381	1.58e-151	432
WP_055837975.1	iJN1463.PP_4737	24.2	950	593	31	47	965	30	883	2.45e-38	154
WP_055837975.1	iYO844.BSU28680	26.4	512	300	12	32	532	12	457	4.35e-37	145
WP_055837975.1	iAT_PLT_636.197257	27.9	502	282	16	44	533	51	484	3.23e-36	143
WP_055837975.1	iMM1415.52815	28.1	502	281	16	44	533	51	484	5.85e-36	142
WP_055837980.1	iSynCJ816.SGL_RS11200	35.8	388	233	4	11	396	4	377	3.39e-79	249
WP_055837980.1	iLJ478.TM1400	35.2	392	233	6	11	401	7	378	5.11e-75	238
WP_055837986.1	iML1515.b2660	27.9	401	232	10	17	373	3	390	3.87e-35	133
WP_055837986.1	iJN1463.PP_2910	26.8	399	240	12	17	374	3	390	4.10e-31	122
WP_055837989.1	iJN1463.PP_2095	52.9	346	156	1	5	350	2	340	6.48e-126	364
WP_055837989.1	iPC815.YPO1415	52.5	335	152	1	5	339	3	330	6.53e-115	336
WP_055837989.1	iCN718.ABAYE_RS06810	50.4	341	159	2	5	345	3	333	4.95e-114	334
WP_055837989.1	iYL1228.KPN_00974	51.5	336	156	1	5	340	3	331	8.61e-113	331
WP_055837989.1	STM_v1_0.STM1058	51.8	336	155	1	5	340	3	331	2.45e-112	330
WP_055837989.1	iML1515.b0945	50.6	336	159	1	5	340	3	331	3.47e-112	329
WP_055837989.1	iSbBS512_1146.SbBS512_E2372	50.6	336	159	1	5	340	3	331	3.47e-112	329
WP_055837989.1	iSF_1195.SF0946	50.6	336	159	1	5	340	3	331	3.47e-112	329
WP_055837989.1	iSSON_1240.SSON_0949	50.6	336	159	1	5	340	3	331	3.47e-112	329
WP_055837992.1	iML1515.b2914	59.7	221	85	1	13	233	1	217	1.19e-84	250
WP_055837992.1	iSbBS512_1146.SbBS512_E3334	59.7	221	85	1	13	233	1	217	1.19e-84	250
WP_055837992.1	iSDY_1059.SDY_3168	59.7	221	85	1	13	233	1	217	1.19e-84	250
WP_055837992.1	iSF_1195.SF2899	59.7	221	85	1	13	233	1	217	1.19e-84	250
WP_055837992.1	iSSON_1240.SSON_3066	59.7	221	85	1	13	233	1	217	1.19e-84	250
WP_055837992.1	STM_v1_0.STM3063	59.7	221	85	1	13	233	1	217	2.39e-84	249
WP_055837992.1	iYL1228.KPN_03349	58.8	221	87	1	13	233	1	217	6.43e-82	243
WP_055837992.1	iPC815.YPO0915	56.6	221	92	1	13	233	1	217	5.48e-78	233
WP_055838000.1	iCHOv1.100774083	31.4	621	384	16	76	683	112	703	5.56e-79	265
WP_055838003.1	iAF987.Gmet_1162	60.4	275	109	0	6	280	5	279	5.59e-111	322
WP_055838003.1	iYO844.BSU24310	55.4	280	125	0	1	280	1	280	6.97e-109	316
WP_055838006.1	iAF987.Gmet_1914	30.5	105	73	0	10	114	4	108	1.07e-11	62.8
WP_055838006.1	iAF987.Gmet_2999	26.9	193	109	4	1	162	1	192	6.47e-10	57.4
WP_055838012.1	iJN1463.PP_0339	60.5	887	341	6	17	903	2	879	0.0	1101
WP_055838012.1	iYL1228.KPN_00118	61.1	890	334	7	18	905	8	887	0.0	1085
WP_055838012.1	iPC815.YPO3419	60.4	890	340	7	18	905	8	887	0.0	1083
WP_055838012.1	iML1515.b0114	60.3	896	340	8	14	905	4	887	0.0	1080
WP_055838012.1	iSF_1195.SF0111	60.2	896	341	8	14	905	4	887	0.0	1079
WP_055838012.1	iSbBS512_1146.SbBS512_E0107	60.2	896	341	8	14	905	4	887	0.0	1078
WP_055838012.1	iSSON_1240.SSON_0122	60.2	896	341	8	14	905	4	887	0.0	1077
WP_055838012.1	iSDY_1059.SDY_0144	59.7	894	348	7	14	905	4	887	0.0	1072
WP_055838012.1	STM_v1_0.STM0152	60.1	890	343	7	18	905	8	887	0.0	1070
WP_055838012.1	iCN718.ABAYE_RS01320	58.0	883	360	6	18	899	6	878	0.0	1046
WP_055838015.1	iPC815.YPO3418	50.4	567	217	10	4	566	3	509	1.07e-173	501
WP_055838015.1	iSF_1195.SF0112	52.2	569	216	10	5	566	107	626	4.69e-170	496
WP_055838015.1	iML1515.b0115	52.4	569	219	10	5	566	107	630	1.21e-168	492
WP_055838015.1	iSbBS512_1146.SbBS512_E0108	52.4	569	219	10	5	566	107	630	1.21e-168	492
WP_055838015.1	iSSON_1240.SSON_0123	53.3	569	214	10	5	566	107	630	2.43e-168	491
WP_055838015.1	iSDY_1059.SDY_0145	51.8	566	223	9	5	566	107	626	3.02e-168	491
WP_055838015.1	iYL1228.KPN_00119	53.8	567	215	9	5	566	108	632	1.21e-163	479
WP_055838015.1	STM_v1_0.STM0153	54.1	569	208	10	5	566	107	629	1.16e-157	464
WP_055838018.1	iML1515.b0116	61.8	476	164	5	141	615	9	467	2.77e-199	566
WP_055838018.1	iYL1228.KPN_00120	62.0	481	165	5	141	620	9	472	2.77e-199	566
WP_055838018.1	iSbBS512_1146.SbBS512_E0109	61.8	476	164	5	141	615	9	467	2.77e-199	566
WP_055838018.1	iSF_1195.SF0113	61.8	476	164	5	141	615	9	467	2.77e-199	566
WP_055838018.1	iSSON_1240.SSON_0124	61.8	476	164	5	141	615	9	467	2.77e-199	566
WP_055838018.1	iSDY_1059.SDY_0146	61.6	476	165	5	141	615	9	467	1.12e-198	565
WP_055838018.1	STM_v1_0.STM0154	62.0	476	163	5	141	615	9	467	3.19e-198	564
WP_055838018.1	iPC815.YPO3417	60.7	476	169	4	141	615	10	468	1.42e-194	555
WP_055838021.1	iML1515.b1655	40.9	132	75	2	44	172	134	265	9.62e-29	107
WP_055838026.1	iML1515.b0335	62.5	640	224	3	10	649	3	626	6.32e-288	799
WP_055838026.1	STM_v1_0.STM0371	62.7	640	223	3	10	649	3	626	7.30e-287	796
WP_055838035.1	STM_v1_0.STM1517	26.1	303	191	9	15	301	11	296	8.50e-07	49.3
WP_055838039.1	iJN1463.PP_5288	55.3	456	200	4	2	455	8	461	6.56e-169	483
WP_055838042.1	iML1515.b3633	37.5	392	195	8	12	393	6	357	3.20e-61	205
WP_055838042.1	iSF_1195.SF3672	37.5	392	195	8	12	393	6	357	3.20e-61	205
WP_055838042.1	iSSON_1240.SSON_3774	37.5	392	195	8	12	393	6	357	3.20e-61	205
WP_055838042.1	STM_v1_0.STM3724	37.4	388	201	8	12	393	6	357	8.81e-61	204
WP_055838042.1	iSDY_1059.SDY_4063	37.2	392	196	8	12	393	6	357	8.81e-61	204
WP_055838042.1	iSbBS512_1146.SbBS512_E4058	37.2	392	196	8	12	393	6	357	1.23e-60	203
WP_055838042.1	iJN1463.PP_4928	35.8	405	218	7	12	409	6	375	9.36e-59	198
WP_055838042.1	iYL1228.KPN_03972	36.6	388	204	8	12	393	5	356	1.34e-58	198
WP_055838042.1	iPC815.YPO0055	36.3	388	205	7	12	393	6	357	3.77e-58	197
WP_055838045.1	iCN900.CD630_01920	36.3	487	272	9	30	488	20	496	3.10e-90	283
WP_055838045.1	iYO844.BSU37240	35.9	462	264	9	36	478	49	497	2.30e-87	276
WP_055838045.1	iYO844.BSU36590	35.9	468	271	9	39	488	26	482	5.53e-87	275
WP_055838048.1	iAF987.Gmet_1566	36.3	402	240	8	21	409	13	411	4.11e-71	229
WP_055838048.1	iAF692.Mbar_A2427	33.6	420	264	7	3	409	37	454	5.52e-64	211
WP_055838048.1	iAF987.Gmet_2390	34.4	395	245	6	28	409	30	423	2.24e-62	206
WP_055838052.1	iAF987.Gmet_2425	37.9	161	87	4	210	360	186	343	1.13e-20	91.7
WP_055838058.1	iYL1228.KPN_03751	45.5	404	218	1	5	406	8	411	1.26e-118	352
WP_055838058.1	iML1515.b0337	44.5	409	225	1	6	412	9	417	6.69e-118	350
WP_055838058.1	STM_v1_0.STM3334	45.8	395	212	1	20	412	22	416	9.16e-118	350
WP_055838058.1	iPC815.YPO0162	47.4	371	195	0	42	412	56	426	1.78e-117	349
WP_055838058.1	iHN637.CLJU_RS09420	39.6	412	248	1	4	414	1	412	3.13e-109	328
WP_055838066.1	iYL1228.KPN_04624	29.5	271	149	11	4	268	12	246	5.54e-07	50.4
WP_055838071.1	iNF517.LLMG_RS10940	62.1	206	76	1	10	213	6	211	8.61e-94	272
WP_055838071.1	iYO844.BSU36890	57.8	206	87	0	8	213	4	209	1.19e-88	259
WP_055838071.1	iYS854.USA300HOU_RS11405	61.2	206	80	0	8	213	4	209	1.69e-88	259
WP_055838071.1	iCN900.CD630_34790	58.4	202	84	0	12	213	8	209	3.40e-88	258
WP_055838074.1	iSF_1195.SF2868	28.4	777	482	16	12	733	1	758	6.51e-73	251
WP_055838074.1	iML1515.b2866	28.7	759	475	17	26	733	2	745	2.52e-71	247
WP_055838074.1	iSSON_1240.SSON_3017	28.6	763	471	16	26	733	2	745	2.52e-71	247
WP_055838077.1	iML1515.b2867	32.5	194	87	4	5	197	6	156	3.36e-17	80.1
WP_055838077.1	iSF_1195.SF2869	32.0	194	88	4	5	197	6	156	2.17e-16	77.8
WP_055838077.1	iSSON_1240.SSON_3018	31.4	194	89	4	5	197	6	156	3.51e-15	74.3
WP_055838080.1	iAF987.Gmet_2135	40.0	165	84	1	57	221	16	165	2.54e-41	138
WP_055838080.1	iCN900.CD630_20880	38.3	162	85	1	57	218	4	150	5.89e-39	131
WP_055838080.1	iHN637.CLJU_RS11605	41.1	163	81	2	57	219	5	152	1.29e-37	128
WP_055838080.1	iYO844.BSU32470	40.9	154	75	2	58	211	17	154	3.07e-37	127
WP_055838080.1	iEK1008.Rv0374c	39.9	168	85	2	55	221	1	153	1.15e-36	125
WP_055838086.1	iPC815.YPO3729	62.9	428	151	4	1	424	1	424	1.05e-184	520
WP_055838086.1	iSSON_1240.SSON_4178	64.5	428	144	4	1	424	1	424	3.11e-184	519
WP_055838086.1	iML1515.b4005	64.5	428	144	4	1	424	1	424	6.26e-184	518
WP_055838086.1	iSbBS512_1146.SbBS512_E4496	64.5	428	144	4	1	424	1	424	6.26e-184	518
WP_055838086.1	iSDY_1059.SDY_3721	64.5	428	144	4	1	424	1	424	8.88e-184	518
WP_055838086.1	iSF_1195.SF4077	64.3	428	145	4	1	424	1	424	8.88e-184	518
WP_055838086.1	STM_v1_0.STM4175	63.6	428	148	4	1	424	1	424	5.90e-182	513
WP_055838086.1	iYL1228.KPN_04387	63.6	428	148	4	1	424	1	424	1.27e-181	512
WP_055838086.1	iCN718.ABAYE_RS07250	60.4	427	161	4	1	424	1	422	1.47e-172	489
WP_055838089.1	iML1515.b2436	61.3	305	108	3	7	311	5	299	6.77e-132	376
WP_055838089.1	iYL1228.KPN_02779	60.3	305	111	3	7	311	5	299	5.52e-131	374
WP_055838089.1	iSSON_1240.SSON_2525	61.0	305	109	3	7	311	5	299	5.52e-131	374
WP_055838089.1	iSF_1195.SF2489	60.9	304	109	3	7	310	5	298	3.18e-130	372
WP_055838089.1	iSbBS512_1146.SbBS512_E2808	60.7	305	110	3	7	311	5	299	6.39e-130	371
WP_055838089.1	iSDY_1059.SDY_2634	60.3	305	111	3	7	311	5	299	1.29e-129	370
WP_055838089.1	STM_v1_0.STM2451	58.0	305	118	3	7	311	5	299	1.41e-126	363
WP_055838089.1	iPC815.YPO3032	58.6	302	117	2	10	311	9	302	5.33e-124	357
WP_055838089.1	iJN1463.PP_0073	57.6	309	123	3	3	311	1	301	9.50e-121	348
WP_055838098.1	iML1515.b3248	43.0	193	96	2	7	199	4	182	3.60e-34	120
WP_055838098.1	iJN1463.PP_0936	43.9	198	97	4	7	204	4	187	4.69e-33	117
WP_055838103.1	iPC815.YPO1395	37.1	572	347	5	31	598	14	576	2.40e-112	348
WP_055838103.1	STM_v1_0.STM0984	36.3	554	340	6	49	598	32	576	4.45e-109	339
WP_055838103.1	iML1515.b0914	36.3	554	340	6	49	598	32	576	1.36e-107	335
WP_055838103.1	iSbBS512_1146.SbBS512_E2410	36.3	554	340	6	49	598	32	576	1.36e-107	335
WP_055838103.1	iSDY_1059.SDY_2344	36.3	554	340	6	49	598	32	576	1.36e-107	335
WP_055838103.1	iSF_1195.SF0910	35.9	554	342	6	49	598	32	576	1.36e-107	335
WP_055838103.1	iSSON_1240.SSON_0916	35.9	554	342	6	49	598	32	576	1.36e-107	335
WP_055838103.1	iYL1228.KPN_00941	35.5	572	356	5	31	598	14	576	1.61e-105	330
WP_055838103.1	iJN1463.PP_4935	37.1	579	336	6	46	608	33	599	9.91e-102	321
WP_055838109.1	iAF987.Gmet_1832	27.6	105	74	2	74	176	413	517	2.95e-05	43.1
WP_055838116.1	iAF692.Mbar_A1238	32.5	117	78	1	32	148	15	130	1.12e-15	74.3
WP_055838116.1	iAF987.Gmet_1043	35.3	133	82	3	40	172	63	191	8.19e-15	72.4
WP_055838116.1	iSDY_1059.SDY_0761	35.6	118	75	1	31	148	19	135	1.06e-14	71.6
WP_055838116.1	iSF_1195.SF0776	34.7	118	76	1	31	148	19	135	5.12e-14	69.7
WP_055838116.1	iML1515.b0826	33.9	118	77	1	31	148	19	135	7.00e-14	69.3
WP_055838116.1	iSbBS512_1146.SbBS512_E2522	33.9	118	77	1	31	148	19	135	7.00e-14	69.3
WP_055838116.1	iSSON_1240.SSON_0808	33.9	118	77	1	31	148	19	135	3.35e-13	67.4
WP_055838116.1	iEK1008.Rv3206c	30.7	150	103	1	34	183	33	181	1.16e-12	67.0
WP_055838122.1	iCN718.ABAYE_RS08940	48.9	558	281	3	24	577	7	564	8.64e-185	533
WP_055838125.1	iJN1463.PP_1418	25.4	307	207	13	45	338	26	323	2.61e-10	60.5
WP_055838127.1	iJN1463.PP_2514	35.0	123	79	1	89	211	78	199	1.38e-10	59.3
WP_055838137.1	iJN1463.PP_2409	27.2	335	231	4	46	377	67	391	1.87e-21	94.7
WP_055838137.1	iAF987.Gmet_3508	25.2	318	216	5	72	377	100	407	4.48e-20	90.9
WP_055838137.1	iAF987.Gmet_1548	29.8	356	225	11	31	381	79	414	2.50e-19	89.0
WP_055838137.1	iJN1463.PP_0044	26.9	308	209	6	75	377	107	403	2.58e-19	88.6
WP_055838138.1	iAF987.Gmet_2999	32.5	114	74	2	4	115	10	122	7.18e-10	57.8
WP_055838138.1	iAF987.Gmet_0069	31.8	129	78	5	1	122	1	126	3.12e-08	52.8
WP_055838141.1	iAF987.Gmet_0690	35.0	117	75	1	45	161	46	161	6.75e-15	69.3
WP_055838144.1	iCN718.ABAYE_RS07975	53.1	386	178	2	1	384	1	385	2.61e-119	350
WP_055838148.1	STM_v1_0.STM2827	56.2	891	367	7	9	895	4	875	0.0	952
WP_055838148.1	iSDY_1059.SDY_2893	56.3	891	366	6	9	895	4	875	0.0	949
WP_055838148.1	iSSON_1240.SSON_2841	56.2	891	367	6	9	895	4	875	0.0	949
WP_055838148.1	iSbBS512_1146.SbBS512_E3180	56.2	891	367	6	9	895	4	875	0.0	948
WP_055838148.1	iSF_1195.SF2720	56.1	891	368	6	9	895	4	875	0.0	948
WP_055838148.1	iJN1463.PP_4474	56.3	879	360	7	11	884	4	863	0.0	941
WP_055838148.1	iYL1228.KPN_03029	55.6	891	373	7	9	895	4	875	0.0	936
WP_055838148.1	iPC815.YPO3305	54.8	891	380	6	9	895	4	875	0.0	914
WP_055838148.1	iCN718.ABAYE_RS13005	53.5	894	387	6	11	894	4	878	1.89e-319	899
WP_055838151.1	iYS854.USA300HOU_RS07595	20.6	350	238	8	20	356	11	333	2.71e-08	56.2
WP_055838154.1	iCN900.CD630_04310	23.7	523	292	18	22	514	21	466	2.93e-22	99.8
WP_055838154.1	iYL1228.KPN_00969	33.0	179	114	3	326	499	15	192	3.88e-23	98.6
WP_055838154.1	iSF_1195.SF0930	34.1	182	108	4	326	499	15	192	5.89e-22	95.1
WP_055838154.1	iML1515.b0933	33.5	182	109	4	326	499	15	192	1.09e-21	94.4
WP_055838154.1	iSSON_1240.SSON_0936	33.0	182	110	4	326	499	15	192	2.72e-21	93.2
WP_055838160.1	iJN1463.PP_3844	31.4	309	139	16	9	283	26	295	2.91e-05	45.1
WP_055838162.1	iJN1463.PP_2205	27.4	329	165	9	95	368	65	374	3.23e-20	93.2
WP_055838162.1	iJN1463.PP_5380	35.6	135	81	3	95	228	69	198	4.96e-18	86.7
WP_055838171.1	iYL1228.KPN_01207	52.5	322	150	1	12	333	1	319	6.64e-112	329
WP_055838171.1	iJN1463.PP_0823	54.7	311	138	1	16	326	4	311	7.89e-110	324
WP_055838171.1	iSSON_1240.SSON_1391	50.9	322	155	1	12	333	1	319	1.41e-108	321
WP_055838171.1	iML1515.b1764	50.9	322	155	1	12	333	1	319	2.83e-108	320
WP_055838171.1	iSDY_1059.SDY_1509	50.9	322	155	1	12	333	1	319	2.83e-108	320
WP_055838171.1	iSF_1195.SF1459	51.3	316	151	1	12	327	1	313	5.69e-108	319
WP_055838171.1	iSbBS512_1146.SbBS512_E2019	50.9	322	155	1	12	333	1	319	8.05e-108	319
WP_055838171.1	iPC815.YPO2164	50.8	323	156	1	17	339	6	325	1.18e-107	318
WP_055838171.1	STM_v1_0.STM1297	51.3	316	151	1	12	327	1	313	2.29e-107	318
WP_055838175.1	iJN1463.PP_0824	58.9	282	112	4	4	284	6	284	1.81e-104	305
WP_055838178.1	iJN1463.PP_0825	61.7	230	88	0	17	246	21	250	8.38e-92	272
WP_055838184.1	iMM904.YER026C	41.4	203	116	2	17	216	73	275	2.42e-41	141
WP_055838193.1	iAF987.Gmet_2349	42.9	275	151	2	326	600	301	569	9.84e-65	222
WP_055838193.1	iJN1463.PP_4935	46.3	285	141	6	321	598	311	590	1.27e-61	214
WP_055838193.1	iYL1228.KPN_00941	46.8	248	125	3	357	602	339	581	1.18e-60	211
WP_055838193.1	STM_v1_0.STM0984	47.4	247	123	3	358	602	340	581	1.61e-59	208
WP_055838193.1	iPC815.YPO1395	44.6	278	142	5	332	602	309	581	1.61e-59	208
WP_055838193.1	iML1515.b0914	44.6	278	142	4	332	602	309	581	3.08e-59	207
WP_055838193.1	iSbBS512_1146.SbBS512_E2410	44.6	278	142	4	332	602	309	581	3.08e-59	207
WP_055838193.1	iSDY_1059.SDY_2344	44.6	278	142	4	332	602	309	581	3.08e-59	207
WP_055838193.1	iSF_1195.SF0910	44.6	278	142	4	332	602	309	581	3.08e-59	207
WP_055838193.1	iSSON_1240.SSON_0916	44.6	278	142	4	332	602	309	581	3.08e-59	207
WP_055838193.1	iEK1008.Rv1348	42.0	286	152	4	320	597	562	841	1.39e-55	202
WP_055838202.1	iJN1463.PP_2239	51.9	295	141	1	1	295	1	294	3.06e-89	268
WP_055838205.1	iCN718.ABAYE_RS07615	42.3	291	166	2	8	296	10	300	1.30e-77	238
WP_055838233.1	STM_v1_0.STM2786	24.1	216	157	4	40	248	32	247	3.78e-12	65.9
WP_055838236.1	iCN718.ABAYE_RS18215	26.4	208	146	5	13	217	19	222	4.69e-10	58.2
WP_055838239.1	iJN1463.PP_0228	66.8	295	96	2	4	297	10	303	1.43e-133	381
WP_055838239.1	iCN718.ABAYE_RS11390	62.0	297	108	3	1	294	1	295	2.59e-121	350
WP_055838243.1	iML1515.b2371	46.5	355	185	1	8	362	6	355	2.13e-108	323
WP_055838249.1	iCN900.CD630_08000	27.5	255	172	4	5	249	9	260	1.81e-24	97.8
WP_055838249.1	iJN1463.PP_4066	27.9	247	164	4	12	246	17	261	8.35e-24	96.3
WP_055838249.1	iAF987.Gmet_3291	29.0	245	160	4	12	244	16	258	1.01e-23	95.9
WP_055838249.1	iAF987.Gmet_1572	31.2	247	159	5	12	249	15	259	2.53e-23	94.7
WP_055838249.1	iYO844.BSU18220	28.6	248	163	4	12	248	15	259	1.87e-22	92.4
WP_055838249.1	iCN900.CD630_10570	26.5	257	168	4	4	246	13	262	3.96e-22	91.7
WP_055838249.1	iAF987.Gmet_1716	30.5	246	163	5	12	249	15	260	7.01e-22	90.9
WP_055838255.1	iJN1463.PP_2679	29.0	580	321	19	69	599	54	591	2.63e-56	202
WP_055838261.1	STM_v1_0.STM3673	40.8	267	156	1	3	269	6	270	2.74e-62	201
WP_055838261.1	iML1515.b3579	38.9	280	171	0	6	285	7	286	4.28e-61	197
WP_055838264.1	iAF987.Gmet_0981	48.3	143	74	0	1	143	1	143	5.55e-41	134
WP_055838264.1	iJN1463.PP_3003	45.4	141	76	1	3	142	5	145	8.97e-39	128
WP_055838264.1	iSynCJ816.SGL_RS06095	47.5	139	73	0	2	140	6	144	5.09e-37	124
WP_055838267.1	iML1515.b3577	38.5	122	75	0	10	131	3	124	1.96e-26	98.6
WP_055838267.1	STM_v1_0.STM3671	39.3	122	74	0	10	131	3	124	1.96e-26	98.6
WP_055838270.1	iML1515.b3578	55.9	424	187	0	1	424	1	424	5.66e-152	437
WP_055838270.1	STM_v1_0.STM3672	56.4	424	185	0	1	424	1	424	3.24e-151	435
WP_055838272.1	iJN1463.PP_4947	64.9	1235	423	7	24	1255	89	1316	0.0	1479
WP_055838272.1	iML1515.b1014	64.3	1239	423	8	25	1255	92	1319	0.0	1464
WP_055838272.1	iSSON_1240.SSON_1034	64.5	1237	424	9	25	1255	92	1319	0.0	1460
WP_055838272.1	iSbBS512_1146.SbBS512_E2304	64.5	1237	424	9	25	1255	92	1319	0.0	1457
WP_055838272.1	iYL1228.KPN_01041	64.0	1237	430	7	25	1255	98	1325	0.0	1454
WP_055838272.1	iPC815.YPO1851	64.0	1239	429	6	25	1255	93	1322	0.0	1452
WP_055838278.1	iJN1463.PP_1418	26.6	271	176	11	1	256	1	263	4.01e-10	59.7
WP_055838282.1	iEK1008.Rv0773c	27.7	564	319	12	16	578	8	483	1.18e-43	163
WP_055838282.1	iCN900.CD630_15340	27.5	564	319	15	15	572	22	501	4.44e-43	162
WP_055838288.1	iML1515.b1338	35.6	104	51	4	235	324	237	338	7.38e-07	50.8
WP_055838291.1	STM_v1_0.STM3672	60.2	422	168	0	1	422	1	422	2.89e-169	481
WP_055838291.1	iML1515.b3578	58.3	422	176	0	1	422	1	422	2.20e-166	473
WP_055838294.1	iML1515.b3577	35.0	120	78	0	10	129	3	122	3.48e-21	85.1
WP_055838294.1	STM_v1_0.STM3671	36.7	120	76	0	10	129	3	122	3.48e-21	85.1
WP_055838300.1	iCN718.ABAYE_RS09215	62.8	596	219	2	1	594	1	595	1.63e-268	746
WP_055838303.1	STM_v1_0.STM3673	36.4	264	168	0	27	290	26	289	5.56e-59	192
WP_055838303.1	iML1515.b3579	34.2	281	185	0	10	290	9	289	2.65e-56	185
WP_055838309.1	iYO844.BSU03910	44.1	454	251	1	27	477	7	460	1.53e-125	373
WP_055838309.1	iYL1228.KPN_00256	42.6	469	269	0	9	477	12	480	4.09e-125	372
WP_055838309.1	iML1515.b2661	41.6	469	274	0	9	477	12	480	3.70e-123	367
WP_055838309.1	iSSON_1240.SSON_2805	41.2	469	276	0	9	477	12	480	2.36e-121	363
WP_055838309.1	iJN1463.PP_0213	41.6	469	272	1	9	477	12	478	1.77e-120	360
WP_055838309.1	STM_v1_0.STM2791	41.6	469	274	0	9	477	12	480	2.67e-120	360
WP_055838309.1	iAF987.Gmet_3395	42.6	465	267	0	9	473	13	477	4.01e-120	360
WP_055838309.1	iCN718.ABAYE_RS14730	40.0	465	279	0	9	473	13	477	5.50e-120	359
WP_055838309.1	iCN718.ABAYE_RS11770	41.1	465	274	0	9	473	12	476	2.37e-116	350
WP_055838309.1	iMM1415.214579	41.7	468	267	3	12	475	53	518	8.39e-115	347
WP_055838314.1	iPC815.YPO2060	33.3	183	106	5	334	511	19	190	1.23e-17	82.8
WP_055838314.1	iYL1228.KPN_02373	33.3	183	106	5	334	511	19	190	1.60e-17	82.4
WP_055838314.1	iSDY_1059.SDY_1145	32.2	183	108	5	334	511	19	190	2.75e-15	75.9
WP_055838314.1	iML1515.b1858	32.2	183	108	5	334	511	19	190	3.71e-15	75.5
WP_055838314.1	iSSON_1240.SSON_1283	32.2	183	108	5	334	511	19	190	3.71e-15	75.5
WP_055838317.1	iJN1463.PP_1494	32.6	239	140	2	73	290	63	301	5.64e-33	124
WP_055838320.1	iSynCJ816.SGL_RS09640	28.3	269	156	10	6	254	13	264	2.90e-12	65.5
WP_055838320.1	iIT341.HP0381	26.6	199	133	6	58	253	51	239	6.01e-12	64.3
WP_055838323.1	iCN718.ABAYE_RS03915	56.2	390	153	2	2	391	4	375	1.45e-150	430
WP_055838323.1	iPC815.YPO3053	52.7	387	164	2	5	391	6	373	4.22e-142	409
WP_055838323.1	STM_v1_0.STM2483	53.2	387	162	2	5	391	6	373	2.26e-139	402
WP_055838323.1	iJN1463.PP_1525	54.3	392	161	4	1	391	7	381	4.21e-139	401
WP_055838323.1	iYL1228.KPN_02805	53.0	387	163	2	5	391	6	373	9.12e-139	400
WP_055838323.1	iML1515.b2472	52.5	387	165	2	5	391	6	373	2.11e-137	397
WP_055838323.1	iSbBS512_1146.SbBS512_E2843	52.5	387	165	2	5	391	6	373	2.11e-137	397
WP_055838323.1	iSF_1195.SF2514	52.5	387	165	2	5	391	6	373	2.11e-137	397
WP_055838323.1	iSSON_1240.SSON_2552	52.5	387	165	2	5	391	6	373	4.24e-137	396
WP_055838323.1	iSDY_1059.SDY_2656	51.9	387	167	2	5	391	6	373	9.79e-136	392
WP_055838328.1	iCN718.ABAYE_RS05125	74.1	270	68	2	4	272	3	271	4.53e-114	328
WP_055838328.1	iSDY_1059.SDY_0182	67.9	271	85	2	3	272	2	271	2.13e-105	306
WP_055838328.1	iML1515.b0166	67.9	271	85	2	3	272	2	271	4.28e-105	306
WP_055838328.1	iSF_1195.SF0156	67.9	271	85	2	3	272	2	271	4.28e-105	306
WP_055838328.1	iSSON_1240.SSON_0178	67.9	271	85	2	3	272	2	271	4.28e-105	306
WP_055838328.1	iSbBS512_1146.SbBS512_E0158	67.5	271	86	2	3	272	2	271	1.22e-104	305
WP_055838328.1	iYL1228.KPN_00179	66.8	271	88	2	3	272	2	271	3.48e-104	303
WP_055838328.1	STM_v1_0.STM0213	66.4	271	89	2	3	272	2	271	9.94e-104	302
WP_055838328.1	iPC815.YPO1041	65.7	271	91	2	3	272	2	271	4.02e-103	301
WP_055838331.1	iJN1463.PP_1588	60.5	405	147	5	1	401	1	396	2.26e-160	456
WP_055838333.1	iLJ478.TM1724	39.0	246	143	4	4	245	2	244	4.84e-45	151
WP_055838333.1	iYO844.BSU03930	38.9	252	147	4	1	246	1	251	8.04e-44	148
WP_055838333.1	iAF987.Gmet_1531	38.2	241	143	4	7	244	6	243	3.96e-41	141
WP_055838336.1	iJN1463.PP_4666	55.9	295	130	0	1	295	1	295	1.05e-99	294
WP_055838338.1	iAT_PLT_636.27034	53.9	375	173	0	5	379	41	415	2.28e-138	400
WP_055838338.1	iMM1415.66948	53.1	375	176	0	5	379	39	413	6.97e-137	396
WP_055838338.1	iCHOv1.100751213	52.8	375	177	0	5	379	37	411	1.31e-136	395
WP_055838338.1	iEK1008.Rv0752c	52.0	379	175	2	3	374	2	380	1.58e-127	372
WP_055838344.1	iML1515.b3430	65.7	411	141	0	9	419	15	425	5.02e-208	579
WP_055838344.1	iSDY_1059.SDY_3576	65.7	411	141	0	9	419	15	425	5.02e-208	579
WP_055838344.1	iSF_1195.SF3453	65.7	411	141	0	9	419	15	425	5.02e-208	579
WP_055838344.1	iSSON_1240.SSON_3670	65.7	411	141	0	9	419	15	425	5.02e-208	579
WP_055838344.1	iSbBS512_1146.SbBS512_E3894	65.7	411	141	0	9	419	15	425	1.43e-207	578
WP_055838344.1	STM_v1_0.STM3536	66.2	411	139	0	9	419	15	425	1.17e-206	575
WP_055838344.1	iYL1228.KPN_03796	65.9	411	140	0	9	419	15	425	2.36e-206	575
WP_055838344.1	iPC815.YPO3940	63.2	399	147	0	9	407	15	413	2.38e-193	543
WP_055838349.1	iYL1228.KPN_03794	60.9	813	316	1	12	824	5	815	0.0	1001
WP_055838349.1	iPC815.YPO3938	61.4	813	312	1	12	824	5	815	0.0	1001
WP_055838349.1	STM_v1_0.STM3534	61.1	813	314	1	12	824	5	815	0.0	999
WP_055838349.1	iML1515.b3428	60.4	813	320	1	12	824	5	815	0.0	988
WP_055838349.1	iSDY_1059.SDY_3574	60.4	813	320	1	12	824	5	815	0.0	988
WP_055838355.1	iCN718.ABAYE_RS18815	79.7	375	76	0	19	393	10	384	6.85e-221	608
WP_055838355.1	STM_v1_0.STM0369	76.8	375	87	0	19	393	14	388	3.57e-217	599
WP_055838355.1	iML1515.b0333	76.3	375	89	0	19	393	14	388	1.69e-215	595
WP_055838359.1	iJN1463.PP_2336	84.9	861	130	0	1	861	1	861	0.0	1473
WP_055838359.1	iCN718.ABAYE_RS18810	77.0	864	192	4	1	858	1	863	0.0	1331
WP_055838361.1	iAF987.Gmet_1122	43.3	252	142	1	1	251	5	256	3.58e-62	198
WP_055838361.1	iJN1463.PP_2334	44.5	236	130	1	17	251	21	256	1.42e-59	191
WP_055838361.1	STM_v1_0.STM0368	41.4	251	146	1	2	251	5	255	1.22e-57	186
WP_055838361.1	iCN718.ABAYE_RS18820	41.2	255	145	2	2	255	5	255	9.42e-57	184
WP_055838361.1	iML1515.b0331	40.6	251	148	1	2	251	5	255	2.80e-56	182
WP_055838365.1	iJN1463.PP_1418	25.4	224	157	6	24	239	20	241	1.07e-06	49.3
WP_055838374.1	STM_v1_0.STM3965	56.5	770	315	4	5	774	2	751	1.02e-291	819
WP_055838374.1	iYL1228.KPN_04325	56.5	766	313	4	9	774	6	751	4.11e-291	817
WP_055838374.1	iPC815.YPO3788	56.3	768	319	3	9	776	6	756	1.91e-290	816
WP_055838374.1	iML1515.b3829	56.8	766	311	5	9	774	6	751	4.57e-290	815
WP_055838374.1	iSbBS512_1146.SbBS512_E4295	56.8	766	311	5	9	774	6	751	2.61e-289	813
WP_055838374.1	iSDY_1059.SDY_3914	56.7	766	312	5	9	774	6	751	7.44e-289	811
WP_055838374.1	iSSON_1240.SSON_4003	56.5	766	313	5	9	774	6	751	2.12e-288	810
WP_055838374.1	iSF_1195.SF3907	56.3	766	315	5	9	774	6	751	4.89e-287	807
WP_055838383.1	iML1515.b2411	54.7	671	293	6	14	681	7	669	1.10e-237	674
WP_055838383.1	iSSON_1240.SSON_2500	54.4	671	295	6	14	681	7	669	2.52e-236	671
WP_055838383.1	iSDY_1059.SDY_2608	54.5	671	294	6	14	681	7	669	3.57e-236	671
WP_055838383.1	iYL1228.KPN_02758	54.2	671	296	6	14	681	7	669	7.17e-236	670
WP_055838383.1	iSF_1195.SF2466	54.4	671	295	6	14	681	7	669	1.02e-235	669
WP_055838383.1	STM_v1_0.STM2427	54.1	673	298	6	14	683	7	671	3.31e-234	665
WP_055838388.1	iAM_Pc455.PCYB_071570	36.8	125	74	1	31	155	89	208	1.01e-18	80.1
WP_055838388.1	iYO844.BSU15720	37.0	135	69	4	31	162	28	149	7.94e-19	78.6
WP_055838388.1	iAM_Pv461.PVX_098840	36.0	125	75	1	31	155	34	153	2.07e-17	75.5
WP_055838388.1	iAM_Pb448.PBANKA_080930	33.3	129	81	1	31	159	84	207	5.05e-16	72.8
WP_055838390.1	iJN1463.PP_1298	39.5	377	170	8	5	326	16	389	4.93e-66	212
WP_055838396.1	iJN1463.PP_1785	71.7	360	91	2	3	351	2	361	1.40e-192	535
WP_055838399.1	iSDY_1059.SDY_2205	56.5	299	124	2	1	295	1	297	3.12e-112	326
WP_055838399.1	iSF_1195.SF2103	56.5	299	124	2	1	295	1	297	1.26e-111	324
WP_055838399.1	iML1515.b2040	56.2	299	125	2	1	295	1	297	2.54e-111	323
WP_055838399.1	iJN1463.PP_1784	56.9	299	121	2	1	291	1	299	5.29e-111	323
WP_055838399.1	iSbBS512_1146.SbBS512_E1193	55.9	299	126	2	1	295	1	297	1.03e-110	322
WP_055838399.1	STM_v1_0.STM2096	56.5	299	124	2	1	295	1	297	2.93e-110	321
WP_055838399.1	iYL1228.KPN_02489	55.7	296	125	2	1	292	1	294	1.16e-106	311
WP_055838399.1	iYL1228.KPN_02495	55.7	296	125	2	1	292	1	294	1.16e-106	311
WP_055838402.1	iJN1463.PP_1783	76.2	290	69	0	5	294	3	292	4.93e-164	457
WP_055838402.1	iSF_1195.SF2102	73.9	287	75	0	5	291	4	290	1.67e-157	440
WP_055838402.1	iML1515.b2039	73.6	288	76	0	5	292	4	291	7.04e-157	439
WP_055838402.1	iSbBS512_1146.SbBS512_E1194	73.8	286	75	0	5	290	4	289	2.76e-156	437
WP_055838402.1	iSDY_1059.SDY_2206	73.5	287	76	0	5	291	4	290	2.76e-156	437
WP_055838402.1	STM_v1_0.STM2095	72.8	287	78	0	5	291	4	290	6.47e-155	434
WP_055838406.1	iJN1463.PP_1782	63.9	183	64	2	1	182	1	182	2.15e-84	246
WP_055838406.1	iJN1463.PP_0265	62.4	181	67	1	1	181	1	180	2.30e-81	238
WP_055838406.1	iSDY_1059.SDY_2207	65.0	177	60	2	1	175	1	177	1.51e-80	236
WP_055838406.1	iYL1228.KPN_02488	62.8	183	66	2	1	181	1	183	5.95e-80	235
WP_055838406.1	iYL1228.KPN_02494	61.7	183	68	2	1	181	1	183	2.42e-79	233
WP_055838406.1	iSbBS512_1146.SbBS512_E1195	65.5	171	57	2	1	170	1	170	6.78e-77	227
WP_055838406.1	iSynCJ816.SGL_RS12335	58.8	182	74	1	1	182	1	181	1.75e-76	226
WP_055838406.1	STM_v1_0.STM2094	60.1	183	71	2	1	182	2	183	5.18e-76	225
WP_055838406.1	iSF_1195.SF2101	61.0	182	68	2	1	181	1	180	6.89e-76	224
WP_055838413.1	iSynCJ816.SGL_RS16015	54.8	250	111	2	7	255	26	274	4.60e-93	275
WP_055838413.1	iSynCJ816.SGL_RS14865	53.5	254	111	3	2	254	4	251	4.64e-88	262
WP_055838416.1	iYL1228.KPN_02882	53.1	1363	552	16	16	1365	7	1295	0.0	1316
WP_055838416.1	iSbBS512_1146.SbBS512_E2922	52.5	1363	560	17	16	1365	7	1295	0.0	1312
WP_055838416.1	iSDY_1059.SDY_2747	52.5	1363	560	16	16	1365	7	1295	0.0	1312
WP_055838416.1	iSSON_1240.SSON_2640	52.6	1363	559	17	16	1365	7	1295	0.0	1311
WP_055838416.1	iSF_1195.SF2604	52.4	1363	562	16	16	1365	7	1295	0.0	1310
WP_055838416.1	iML1515.b2557	52.5	1363	561	16	16	1365	7	1295	0.0	1309
WP_055838416.1	iPC815.YPO2921	52.2	1365	564	15	16	1365	6	1296	0.0	1306
WP_055838416.1	iJN1463.PP_1037	53.3	1366	548	18	16	1364	6	1298	0.0	1302
WP_055838416.1	STM_v1_0.STM2565	51.9	1365	565	17	16	1365	7	1295	0.0	1286
WP_055838416.1	iCN718.ABAYE_RS05065	50.3	1363	573	19	16	1365	6	1277	0.0	1197
WP_055838433.1	iYL1228.KPN_01198	54.7	117	52	1	22	137	11	127	1.16e-42	137
WP_055838433.1	STM_v1_0.STM1291	58.7	109	44	1	30	137	29	137	1.82e-41	134
WP_055838433.1	iML1515.b1778	57.8	109	45	1	30	137	19	127	1.55e-40	132
WP_055838433.1	iSF_1195.SF1445	57.8	109	45	1	30	137	19	127	1.55e-40	132
WP_055838433.1	iSSON_1240.SSON_1385	57.8	109	45	1	30	137	19	127	1.55e-40	132
WP_055838433.1	iSDY_1059.SDY_1489	56.9	109	46	1	30	137	19	127	6.27e-40	130
WP_055838433.1	iPC815.YPO2158	56.6	106	45	1	32	136	21	126	3.60e-39	128
WP_055838436.1	iEK1008.Rv1058	40.6	542	311	5	1	540	1	533	3.58e-140	416
WP_055838439.1	iJN1463.PP_4867	22.5	355	252	9	28	373	29	369	6.39e-09	57.0
WP_055838442.1	iJN1463.PP_4842	33.7	252	152	5	12	251	205	453	3.70e-27	110
WP_055838445.1	iSynCJ816.SGL_RS06015	28.3	314	185	10	39	322	61	364	1.72e-18	86.7
WP_055838445.1	iSF_1195.SF3474	27.8	302	188	8	51	330	122	415	1.98e-17	83.6
WP_055838445.1	iML1515.b3456	27.5	302	189	8	51	330	122	415	2.65e-17	83.2
WP_055838445.1	iJN1463.PP_4843	26.8	321	194	12	34	324	44	353	1.67e-17	83.2
WP_055838445.1	iSDY_1059.SDY_3605	27.8	302	188	8	51	330	122	415	3.55e-17	82.8
WP_055838445.1	iPC815.YPO3806	28.2	287	178	8	55	320	126	405	3.60e-17	82.8
WP_055838445.1	iSbBS512_1146.SbBS512_E3866	27.5	302	189	8	51	330	122	415	4.75e-17	82.4
WP_055838445.1	iSSON_1240.SSON_3694	27.5	302	189	8	51	330	122	415	4.75e-17	82.4
WP_055838445.1	iYL1228.KPN_03818	27.2	302	190	8	51	330	122	415	1.14e-16	81.3
WP_055838445.1	STM_v1_0.STM3562	27.5	302	189	8	51	330	122	415	1.53e-16	80.9
WP_055838450.1	iJN1463.PP_4845	40.2	224	131	3	1	221	1	224	3.20e-56	178
WP_055838450.1	iJN1463.PP_1137	40.7	231	135	2	1	229	1	231	7.49e-55	175
WP_055838450.1	iLJ478.TM1139	38.9	234	140	2	1	231	5	238	4.06e-53	171
WP_055838450.1	iAF987.Gmet_1819	39.9	238	133	4	1	229	1	237	9.22e-51	165
WP_055838450.1	iYL1228.KPN_03816	37.0	235	138	3	1	229	5	235	1.56e-49	161
WP_055838453.1	iCHOv1.100754698	41.0	724	379	15	3	699	2	704	4.68e-164	489
WP_055838453.1	iMM1415.74147	41.4	718	381	12	3	699	2	700	5.85e-164	488
WP_055838456.1	iJN1463.PP_2051	51.4	393	188	2	1	390	1	393	1.62e-124	364
WP_055838459.1	iJN1463.PP_2048	38.1	561	295	13	31	583	33	549	2.06e-95	304
WP_055838459.1	iAF987.Gmet_2211	32.7	568	342	9	9	570	13	546	3.19e-87	283
WP_055838459.1	iJN1463.PP_0368	33.8	583	326	12	28	591	33	574	1.29e-85	278
WP_055838466.1	iJN1463.PP_2794	35.2	256	159	2	1	256	1	249	4.40e-44	149
WP_055838466.1	STM_v1_0.STM4483	34.9	255	159	4	5	257	1	250	4.73e-43	146
WP_055838466.1	iPC815.YPO2539	34.5	255	160	4	5	257	1	250	2.63e-42	144
WP_055838466.1	iYO844.BSU15910	36.3	248	152	4	11	257	2	244	1.18e-41	142
WP_055838466.1	iML1515.b4266	34.5	258	156	5	5	257	1	250	1.46e-41	142
WP_055838466.1	iSSON_1240.SSON_4451	34.5	258	156	5	5	257	1	250	2.05e-41	142
WP_055838466.1	iEK1008.Rv1928c	35.7	255	157	3	4	256	2	251	5.88e-41	141
WP_055838466.1	iSynCJ816.SGL_RS07245	35.7	249	150	5	11	257	4	244	3.72e-40	139
WP_055838466.1	iYS854.USA300HOU_RS06185	34.7	245	154	4	14	257	3	242	4.84e-40	138
WP_055838466.1	iCN900.CD630_11820	34.3	251	159	5	8	257	1	246	1.54e-39	137
WP_055838466.1	iLJ478.TM1724	35.3	249	152	5	11	257	3	244	2.82e-39	136
WP_055838466.1	iAM_Pv461.PVX_099555	34.1	246	157	3	13	258	59	299	2.95e-38	135
WP_055838472.1	iJN1463.PP_2476	48.1	341	163	6	4	337	8	341	1.12e-98	295
WP_055838472.1	iML1515.b1449	46.6	343	167	6	3	337	7	341	9.31e-98	292
WP_055838478.1	iCN718.ABAYE_RS13055	39.1	202	114	3	6	206	12	205	1.73e-32	120
WP_055838478.1	iCN718.ABAYE_RS13105	33.0	276	165	5	2	276	1	257	1.10e-31	119
WP_055838478.1	iCN718.ABAYE_RS13080	39.4	198	111	3	10	206	17	206	9.81e-31	116
WP_055838491.1	iJN1463.PP_3311	55.3	557	239	3	6	561	8	555	2.41e-187	540
WP_055838496.1	iHN637.CLJU_RS10465	42.9	70	40	0	682	751	563	632	1.41e-09	61.2
WP_055838505.1	iEK1008.Rv2970c	45.3	232	119	4	70	294	121	351	2.02e-49	168
WP_055838505.1	iEK1008.Rv1399c	43.5	230	126	2	91	316	88	317	2.13e-48	164
WP_055838505.1	iEK1008.Rv1400c	42.5	228	129	2	91	316	91	318	1.29e-46	159
WP_055838507.1	iCN718.ABAYE_RS03670	36.6	134	78	3	163	295	7	134	4.20e-17	76.3
WP_055838513.1	iCN718.ABAYE_RS05175	44.2	199	101	3	5	199	1	193	1.10e-45	150
WP_055838513.1	iAF987.Gmet_2318	44.4	196	95	4	4	190	2	192	1.47e-44	147
WP_055838529.1	iYL1228.KPN_02306	41.6	305	153	6	33	334	3	285	1.17e-62	201
WP_055838529.1	STM_v1_0.STM1800	40.1	304	157	6	34	334	4	285	1.38e-57	188
WP_055838538.1	iYO844.BSU19310	44.0	470	259	3	26	492	23	491	1.69e-121	365
WP_055838538.1	iMM1415.19378	41.0	473	273	4	26	493	41	512	3.69e-108	331
WP_055838544.1	iJN1463.PP_1032	65.9	536	164	3	5	540	9	525	5.13e-248	689
WP_055838544.1	iPC815.YPO2870	62.5	536	182	3	5	540	9	525	1.47e-235	657
WP_055838544.1	iYL1228.KPN_02833	62.9	536	180	3	5	540	9	525	1.20e-234	655
WP_055838544.1	STM_v1_0.STM2510	62.7	536	181	3	5	540	9	525	1.97e-233	652
WP_055838544.1	iSSON_1240.SSON_2589	62.3	536	183	3	5	540	9	525	2.79e-233	652
WP_055838544.1	iML1515.b2507	62.3	536	183	3	5	540	9	525	3.96e-233	651
WP_055838544.1	iSF_1195.SF2553	62.1	536	184	3	5	540	9	525	3.96e-233	651
WP_055838544.1	iSbBS512_1146.SbBS512_E2882	62.3	536	183	3	5	540	9	525	5.61e-233	651
WP_055838544.1	iSDY_1059.SDY_2703	62.1	536	184	3	5	540	9	525	1.60e-232	650
WP_055838544.1	iCN718.ABAYE_RS18570	61.4	536	183	4	5	540	11	522	4.75e-231	646
WP_055838544.1	iAF987.Gmet_2292	62.4	537	178	6	4	540	8	520	5.56e-227	635
WP_055838547.1	iJN1463.PP_1031	67.9	489	152	2	1	487	2	487	1.21e-231	644
WP_055838547.1	iCN718.ABAYE_RS01355	65.2	489	164	3	1	487	2	486	8.32e-220	614
WP_055838559.1	iEK1008.Rv1071c	36.5	353	202	4	10	357	2	337	5.97e-67	214
WP_055838559.1	iCHOv1.100759780	37.3	357	202	5	12	358	33	377	1.40e-65	212
WP_055838559.1	iMM1415.227095	36.7	357	204	4	12	358	33	377	1.09e-64	210
WP_055838562.1	iCN718.ABAYE_RS07200	65.3	426	144	3	22	446	14	436	6.77e-208	581
WP_055838567.1	iSynCJ816.SGL_RS10930	26.7	499	236	11	4	397	8	481	1.66e-30	126
WP_055838567.1	iEK1008.Rv0684	25.5	537	269	15	5	437	12	521	9.56e-28	118
WP_055838570.1	iNF517.LLMG_RS07220	37.0	246	151	2	13	254	5	250	1.03e-47	163
WP_055838570.1	iEK1008.Rv2793c	40.2	229	131	2	15	243	7	229	1.37e-46	159
WP_055838570.1	iSynCJ816.SGL_RS18050	39.1	256	147	4	15	267	3	252	2.29e-43	150
WP_055838570.1	iYS854.USA300HOU_RS06405	38.5	221	134	2	14	232	3	223	2.18e-42	148
WP_055838576.1	iML1515.b3590	33.7	264	159	11	464	717	2	259	1.25e-17	87.4
WP_055838587.1	iML1515.b2582	28.4	74	51	2	17	88	56	129	3.36e-05	40.8
WP_055838587.1	iSbBS512_1146.SbBS512_E2954	28.4	74	51	2	17	88	56	129	3.36e-05	40.8
WP_055838587.1	iSDY_1059.SDY_2825	28.4	74	51	2	17	88	56	129	3.36e-05	40.8
WP_055838587.1	iSF_1195.SF2644	28.4	74	51	2	17	88	56	129	3.36e-05	40.8
WP_055838587.1	iSSON_1240.SSON_2708	28.4	74	51	2	17	88	56	129	3.36e-05	40.8
WP_055838587.1	STM_v1_0.STM2649	27.0	74	52	2	17	88	56	129	8.88e-05	39.7
WP_055838587.1	iYL1228.KPN_02905	26.1	69	49	2	22	88	61	129	3.29e-04	38.1
WP_055838596.1	iJN1463.PP_4148	58.2	352	136	3	1	341	1	352	4.04e-143	408
WP_055838596.1	iML1515.b2178	53.3	360	148	3	3	342	3	362	1.07e-132	382
WP_055838599.1	iJN1463.PP_4147	39.5	577	332	10	1	571	7	572	4.51e-128	389
WP_055838602.1	iSDY_1059.SDY_1368	62.7	252	94	0	1	252	1	252	8.45e-112	322
WP_055838602.1	iML1515.b1288	62.7	252	94	0	1	252	1	252	1.20e-111	322
WP_055838602.1	iSF_1195.SF1293	62.7	252	94	0	1	252	1	252	1.20e-111	322
WP_055838602.1	iSSON_1240.SSON_1852	62.7	252	94	0	1	252	1	252	1.20e-111	322
WP_055838602.1	STM_v1_0.STM1700	62.3	252	95	0	1	252	1	252	1.70e-111	321
WP_055838602.1	iSbBS512_1146.SbBS512_E1522	62.3	252	95	0	1	252	1	252	1.97e-110	318
WP_055838602.1	iYL1228.KPN_01284	61.9	252	96	0	1	252	1	252	3.75e-108	313
WP_055838602.1	iCN718.ABAYE_RS16180	61.5	252	96	1	2	252	4	255	4.29e-101	295
WP_055838608.1	iSynCJ816.SGL_RS06280	42.9	147	63	4	42	185	3	131	4.24e-24	91.7
WP_055838611.1	iJN1463.PP_4140	47.0	760	373	12	4	753	6	745	1.08e-233	671
WP_055838622.1	iJN1463.PP_4628	38.6	158	72	6	6	151	5	149	1.11e-14	66.6
WP_055838622.1	iYS854.USA300HOU_RS14220	34.2	117	74	3	6	121	91	205	1.00e-11	61.2
WP_055838628.1	iJN1463.PP_3537	62.8	393	145	1	1	392	1	393	3.28e-179	504
WP_055838634.1	iMM904.YLR043C	27.4	95	65	2	14	105	7	100	8.87e-08	46.2
WP_055838643.1	iAF987.Gmet_1706	36.5	200	124	2	359	555	112	311	9.77e-31	122
WP_055838643.1	iAF987.Gmet_0957	45.7	162	86	2	390	549	191	352	7.28e-29	120
WP_055838643.1	iAF987.Gmet_3085	43.8	162	89	1	398	557	463	624	2.91e-28	119
WP_055838643.1	iAF987.Gmet_0700	41.6	161	93	1	390	549	390	550	6.28e-28	118
WP_055838643.1	iAF987.Gmet_2629	42.0	169	97	1	390	557	381	549	1.49e-27	117
WP_055838643.1	iAF987.Gmet_0987	43.7	167	93	1	390	555	356	522	1.42e-26	114
WP_055838643.1	iAF987.Gmet_0782	42.2	161	92	1	390	549	297	457	1.70e-25	110
WP_055838646.1	iJN1463.PP_2556	25.0	192	133	4	19	206	7	191	6.33e-08	51.6
WP_055838646.1	iYO844.BSU36120	33.3	84	52	2	36	116	12	94	6.00e-07	47.8
WP_055838660.1	iML1515.b3070	42.6	256	135	6	21	273	5	251	9.90e-49	162
WP_055838663.1	iCN718.ABAYE_RS12975	30.3	333	198	5	1	303	1	329	1.07e-36	134
WP_055838669.1	iYO844.BSU30420	43.8	210	112	2	11	214	1	210	1.37e-54	174
WP_055838669.1	iCN900.CD630_19470	41.6	219	126	1	12	228	10	228	2.50e-54	173
WP_055838669.1	iJN1463.PP_4210	48.5	206	103	2	25	228	20	224	1.62e-49	171
WP_055838674.1	iCN718.ABAYE_RS02540	50.0	392	192	3	3	394	6	393	3.11e-130	379
WP_055838680.1	iJN1463.PP_4116	75.0	440	100	2	9	439	3	441	2.65e-241	664
WP_055838680.1	iPC815.YPO3725	76.0	434	99	3	9	438	3	435	1.17e-238	657
WP_055838680.1	iSbBS512_1146.SbBS512_E4509	74.6	433	105	3	10	438	3	434	3.93e-232	641
WP_055838680.1	iML1515.b4015	74.4	433	106	3	10	438	3	434	1.13e-231	640
WP_055838680.1	iSDY_1059.SDY_4328	74.4	433	106	3	10	438	3	434	1.13e-231	640
WP_055838680.1	STM_v1_0.STM4184	74.4	433	106	3	10	438	3	434	2.27e-231	639
WP_055838680.1	iSF_1195.SF4081	74.4	433	106	3	10	438	3	434	3.22e-231	639
WP_055838680.1	iYL1228.KPN_04396	73.9	433	108	3	10	438	8	439	2.12e-228	632
WP_055838683.1	iJN1463.PP_2465	69.8	629	190	0	4	632	4	632	0.0	945
WP_055838683.1	iCN718.ABAYE_RS15805	66.3	629	212	0	4	632	4	632	0.0	891
WP_055838691.1	iJN1463.PP_2469	53.5	357	140	5	1	350	1	338	1.14e-120	351
WP_055838691.1	iSbBS512_1146.SbBS512_E1956	54.6	350	136	6	1	350	1	327	1.04e-118	345
WP_055838691.1	iSDY_1059.SDY_1809	54.3	350	137	6	1	350	1	327	5.95e-118	343
WP_055838691.1	STM_v1_0.STM1337	54.3	350	137	6	1	350	1	327	1.20e-117	343
WP_055838691.1	iSF_1195.SF1517	54.3	350	137	6	1	350	1	327	1.69e-117	342
WP_055838691.1	iYL1228.KPN_02176	53.4	350	140	5	1	350	1	327	6.84e-117	341
WP_055838691.1	iSSON_1240.SSON_1444	54.0	350	138	6	1	350	1	327	2.76e-116	339
WP_055838691.1	iPC815.YPO2429	52.9	350	142	5	1	350	1	327	9.04e-115	335
WP_055838691.1	iCN718.ABAYE_RS15760	50.6	346	148	4	4	349	3	325	4.32e-110	323
WP_055838694.1	iSSON_1240.SSON_1445	41.8	815	447	6	1	809	1	794	1.01e-206	605
WP_055838694.1	STM_v1_0.STM1338	41.6	815	449	6	1	809	1	794	1.43e-206	604
WP_055838694.1	iYL1228.KPN_02175	42.0	815	446	6	1	809	1	794	2.85e-206	603
WP_055838694.1	iSF_1195.SF1518	41.7	815	448	6	1	809	1	794	2.85e-206	603
WP_055838694.1	iSbBS512_1146.SbBS512_E1955	41.8	815	447	6	1	809	1	794	5.70e-206	603
WP_055838694.1	iSDY_1059.SDY_1808	41.7	815	448	6	1	809	1	794	1.14e-205	602
WP_055838694.1	iPC815.YPO2428	41.5	815	450	5	1	809	1	794	3.25e-202	593
WP_055838694.1	iJN1463.PP_2470	41.9	819	439	10	1	809	1	792	2.74e-197	580
WP_055838694.1	iCN718.ABAYE_RS15755	40.0	825	447	13	1	810	1	792	1.54e-190	563
WP_055838706.1	iJN1463.PP_0718	30.9	521	332	10	22	524	27	537	8.11e-60	207
WP_055838706.1	iEK1008.Rv1739c	29.8	520	352	6	19	528	22	538	4.63e-56	197
WP_055838706.1	iJN1463.PP_0075	31.3	517	312	12	9	511	8	495	1.51e-53	189
WP_055838709.1	iAF987.Gmet_2721	44.0	168	92	2	48	214	497	663	1.78e-32	124
WP_055838709.1	iJN1463.PP_1494	46.3	160	84	2	57	214	173	332	1.82e-32	120
WP_055838709.1	iAF987.Gmet_2425	44.6	168	90	3	48	215	181	345	3.58e-31	117
WP_055838709.1	iAF987.Gmet_0069	42.3	163	91	3	53	214	141	301	1.32e-30	115
WP_055838709.1	iAF987.Gmet_1298	41.1	163	94	2	53	214	183	344	9.81e-30	114
WP_055838709.1	iAF987.Gmet_0773	39.3	178	99	3	38	214	147	316	5.38e-30	114
WP_055838709.1	iAF987.Gmet_0043	35.8	218	134	3	2	214	359	575	2.03e-28	112
WP_055838709.1	iJN1463.PP_4405	36.3	223	121	6	5	214	116	330	1.87e-29	112
WP_055838712.1	iAF692.Mbar_A0913	28.7	167	107	6	9	171	1	159	1.21e-10	57.8
WP_055838712.1	iAF692.Mbar_A3178	31.5	143	90	6	23	163	7	143	1.80e-09	54.3
WP_055838715.1	iJN1463.PP_4889	60.7	435	164	2	10	444	2	429	9.68e-184	518
WP_055838715.1	iCN718.ABAYE_RS12990	60.0	445	163	8	10	446	2	439	2.73e-178	505
WP_055838715.1	iPC815.YPO0378	57.6	436	177	3	10	444	2	430	2.31e-175	497
WP_055838715.1	iYL1228.KPN_04576	58.0	436	175	3	10	444	2	430	2.67e-174	494
WP_055838715.1	iML1515.b4177	57.6	436	177	3	10	444	2	430	1.44e-171	488
WP_055838715.1	iSbBS512_1146.SbBS512_E4708	57.6	436	177	3	10	444	2	430	1.44e-171	488
WP_055838715.1	iSDY_1059.SDY_4412	57.6	436	177	3	10	444	2	430	1.44e-171	488
WP_055838715.1	iSSON_1240.SSON_4362	57.6	436	177	3	10	444	2	430	2.04e-171	487
WP_055838715.1	STM_v1_0.STM4366	57.3	436	178	3	10	444	2	430	2.89e-171	487
WP_055838715.1	iSF_1195.SF4332	57.3	436	178	3	10	444	2	430	8.24e-171	486
WP_055838718.1	iJN1463.PP_4890	43.3	388	210	6	4	382	7	393	4.69e-86	266
WP_055838729.1	iPC815.YPO0132	32.5	120	71	5	5	119	6	120	4.50e-07	52.0
WP_055838729.1	iML1515.b3409	29.9	127	71	3	2	119	3	120	2.38e-06	49.7
WP_055838729.1	iSSON_1240.SSON_3540	29.1	127	72	3	2	119	3	120	3.14e-06	49.3
WP_055838729.1	STM_v1_0.STM3506	29.1	127	72	3	2	119	3	120	5.46e-06	48.5
WP_055838729.1	iSbBS512_1146.SbBS512_E3790	29.1	127	72	3	2	119	3	120	5.46e-06	48.5
WP_055838729.1	iSDY_1059.SDY_3667	29.1	127	72	3	2	119	3	120	5.46e-06	48.5
WP_055838729.1	iSF_1195.SF3428	29.1	127	72	3	2	119	3	120	5.46e-06	48.5
WP_055838729.1	iYL1228.KPN_03779	30.2	129	68	5	2	119	3	120	1.65e-05	47.0
WP_055838729.1	iAF692.Mbar_A1452	27.1	166	100	6	5	160	8	162	1.58e-05	47.0
WP_055838736.1	STM_v1_0.STM2522	51.5	410	188	6	4	408	2	405	9.91e-131	383
WP_055838736.1	iPC815.YPO2878	50.9	409	192	5	4	408	2	405	5.65e-130	381
WP_055838736.1	iSF_1195.SF2560	50.2	410	193	6	4	408	2	405	5.20e-128	376
WP_055838736.1	iSSON_1240.SSON_2596	50.2	410	193	6	4	408	2	405	5.20e-128	376
WP_055838736.1	iSbBS512_1146.SbBS512_E2889	49.8	410	195	6	4	408	2	405	2.96e-127	374
WP_055838736.1	iSDY_1059.SDY_2710	49.8	410	195	6	4	408	2	405	8.40e-127	373
WP_055838736.1	iYL1228.KPN_02844	50.9	401	186	6	13	408	1	395	3.44e-126	371
WP_055838736.1	iSynCJ816.SGL_RS13330	50.4	399	191	4	10	407	7	399	1.05e-122	363
WP_055838736.1	iJN1463.PP_0854	49.0	414	197	8	7	413	5	411	1.73e-119	354
WP_055838739.1	iJN1463.PP_0853	37.7	395	192	13	22	413	8	351	2.34e-62	205
WP_055838739.1	iCN718.ABAYE_RS16240	35.9	409	205	14	15	419	2	357	4.87e-62	204
WP_055838739.1	iCN900.CD630_21280	35.8	399	196	13	21	414	6	349	5.61e-62	204
WP_055838739.1	iHN637.CLJU_RS06430	36.1	385	193	11	35	419	14	345	1.14e-60	200
WP_055838739.1	iAF987.Gmet_1353	39.7	345	164	10	35	378	13	314	1.03e-59	198
WP_055838739.1	iEK1008.Rv2868c	35.7	415	209	15	8	419	2	361	7.46e-57	191
WP_055838739.1	STM_v1_0.STM2523	34.4	398	207	11	21	415	8	354	1.97e-56	190
WP_055838739.1	iSynCJ816.SGL_RS07775	36.2	365	175	9	35	376	31	360	8.83e-55	186
WP_055838749.1	iJN1463.PP_0849	70.2	141	42	0	1	141	1	141	2.65e-63	189
WP_055838749.1	iIT341.HP0198	64.4	135	48	0	4	138	3	137	1.73e-58	177
WP_055838749.1	iPC815.YPO2883	61.0	141	55	0	1	141	1	141	9.59e-57	173
WP_055838753.1	iNF517.LLMG_RS06045	33.9	242	149	7	134	371	2	236	7.77e-34	127
WP_055838753.1	iYS854.USA300HOU_RS07985	33.6	244	153	5	131	371	4	241	1.25e-33	127
WP_055838757.1	iSbBS512_1146.SbBS512_E2975	41.8	304	151	6	32	319	17	310	2.81e-60	195
WP_055838757.1	iSF_1195.SF2653	41.8	304	151	6	32	319	17	310	5.59e-60	194
WP_055838757.1	iSSON_1240.SSON_2720	41.8	304	151	6	32	319	17	310	5.59e-60	194
WP_055838757.1	iSDY_1059.SDY_2837	41.6	305	152	6	32	320	17	311	1.11e-59	194
WP_055838757.1	STM_v1_0.STM2662	41.3	305	153	6	32	320	17	311	3.44e-58	190
WP_055838757.1	iCN900.CD630_25960	39.3	295	165	8	20	308	3	289	4.19e-53	176
WP_055838763.1	iEK1008.Rv0018c	34.1	220	128	8	35	248	30	238	7.13e-20	88.6
WP_055838774.1	iJN1463.PP_4187	51.8	469	223	2	1	469	1	466	9.98e-161	463
WP_055838774.1	iLB1027_lipid.PHATRDRAFT_26432	47.3	478	241	4	1	475	31	500	7.00e-151	439
WP_055838774.1	iCN718.ABAYE_RS04445	50.0	476	230	4	1	474	1	470	3.74e-150	436
WP_055838774.1	iJN1463.PP_5366	52.0	469	213	6	3	469	2	460	4.20e-149	433
WP_055838774.1	iMM904.YFL018C	47.3	484	237	7	1	474	23	498	2.86e-147	429
WP_055838774.1	iAT_PLT_636.1738	47.9	482	224	9	6	475	43	509	1.81e-145	425
WP_055838774.1	iCHOv1.100689437	47.9	482	224	9	6	475	43	509	2.07e-144	422
WP_055838777.1	iPC815.YPO1114	49.5	422	198	2	1	422	1	407	2.74e-134	391
WP_055838777.1	iYL1228.KPN_00733	51.1	423	191	3	1	422	1	408	2.29e-133	389
WP_055838777.1	iSDY_1059.SDY_0665	49.1	422	198	3	1	422	1	405	4.16e-133	388
WP_055838777.1	iSbBS512_1146.SbBS512_E0646	49.3	422	197	4	1	422	1	405	1.68e-132	386
WP_055838777.1	iML1515.b0727	48.8	422	199	3	1	422	1	405	1.92e-131	384
WP_055838777.1	iSSON_1240.SSON_0678	48.8	422	199	3	1	422	1	405	1.92e-131	384
WP_055838777.1	iJN1463.PP_4188	56.4	420	167	3	4	422	3	407	8.26e-131	382
WP_055838777.1	STM_v1_0.STM0737	48.3	424	195	3	1	422	1	402	6.99e-131	382
WP_055838777.1	iSF_1195.SF0570	48.6	422	200	3	1	422	1	405	7.73e-131	382
WP_055838777.1	iCN718.ABAYE_RS04440	49.3	418	189	4	5	422	4	398	8.67e-131	382
WP_055838781.1	iCN718.ABAYE_RS04435	54.9	942	406	5	9	944	6	934	0.0	1020
WP_055838781.1	iJN1463.PP_4189	53.6	938	421	6	14	945	12	941	0.0	1012
WP_055838781.1	iPC815.YPO1113	53.1	939	421	8	10	944	8	931	0.0	994
WP_055838781.1	STM_v1_0.STM0736	53.2	941	423	8	6	944	4	929	0.0	980
WP_055838781.1	iML1515.b0726	53.2	943	420	9	6	944	4	929	0.0	978
WP_055838781.1	iSbBS512_1146.SbBS512_E0645	53.2	943	420	9	6	944	4	929	0.0	978
WP_055838781.1	iSF_1195.SF0571	53.2	943	420	9	6	944	4	929	0.0	978
WP_055838781.1	iSSON_1240.SSON_0677	53.1	943	421	9	6	944	4	929	0.0	976
WP_055838781.1	iYL1228.KPN_00732	52.8	937	427	7	10	944	8	931	0.0	975
WP_055838781.1	iSDY_1059.SDY_0664	53.1	943	421	9	6	944	4	929	0.0	975
WP_055838783.1	iJN1463.PP_4867	36.4	302	186	5	28	328	29	325	1.02e-52	179
WP_055838783.1	iJN1463.PP_1141	32.7	367	224	8	13	372	13	363	4.22e-48	166
WP_055838794.1	iJN1463.PP_0980	50.5	485	216	9	13	475	10	492	1.75e-126	377
WP_055838794.1	iCN718.ABAYE_RS17615	56.2	356	152	2	126	478	124	478	5.58e-124	370
WP_055838794.1	iSF_1195.SF4229	53.7	369	162	5	116	475	126	494	1.55e-117	354
WP_055838794.1	iML1515.b4260	53.7	369	162	5	116	475	126	494	4.36e-117	353
WP_055838794.1	iSSON_1240.SSON_4445	53.7	369	162	5	116	475	126	494	4.36e-117	353
WP_055838794.1	iSDY_1059.SDY_4284	53.4	369	163	5	116	475	126	494	6.16e-117	353
WP_055838794.1	STM_v1_0.STM4477	53.4	369	163	5	116	475	126	494	6.92e-116	350
WP_055838794.1	iPC815.YPO3441	53.7	369	162	5	116	475	126	494	6.92e-116	350
WP_055838794.1	iSbBS512_1146.SbBS512_E4821	53.4	369	163	5	116	475	126	494	1.38e-115	349
WP_055838794.1	iYL1228.KPN_04665	52.6	369	166	5	116	475	126	494	2.19e-114	346
WP_055838799.1	iJN1463.PP_0982	25.9	347	240	4	1	335	1	342	1.97e-28	113
WP_055838802.1	iAF987.Gmet_0476	30.8	104	72	0	7	110	3	106	6.94e-13	60.5
WP_055838809.1	iYL1228.KPN_00645	53.7	378	173	2	19	394	9	386	3.50e-135	391
WP_055838812.1	STM_v1_0.STM0245	38.1	260	155	4	11	265	9	267	3.31e-50	166
WP_055838812.1	iCN900.CD630_14910	34.3	265	168	4	6	269	4	263	3.28e-48	160
WP_055838812.1	iYL1228.KPN_00211	37.3	260	157	4	11	265	9	267	4.08e-48	160
WP_055838812.1	iML1515.b0197	37.3	260	157	4	11	265	9	267	8.12e-48	159
WP_055838812.1	iSbBS512_1146.SbBS512_E0191	37.3	260	157	4	11	265	9	267	8.12e-48	159
WP_055838812.1	iSF_1195.SF0188	37.3	260	157	4	11	265	9	267	8.12e-48	159
WP_055838812.1	iSSON_1240.SSON_0211	37.3	260	157	4	11	265	9	267	8.12e-48	159
WP_055838812.1	iJN1463.PP_0112	39.1	253	148	5	19	269	8	256	1.07e-47	159
WP_055838812.1	iSDY_1059.SDY_0216	36.9	260	158	4	11	265	9	267	2.28e-47	158
WP_055838815.1	iJN1463.PP_0113	53.8	210	97	0	11	220	14	223	7.03e-66	202
WP_055838818.1	iSbBS512_1146.SbBS512_E0193	54.2	240	108	2	14	253	1	238	9.57e-78	239
WP_055838818.1	iSDY_1059.SDY_0218	54.2	240	108	2	14	253	1	238	9.57e-78	239
WP_055838818.1	iSSON_1240.SSON_0213	54.2	240	108	2	14	253	1	238	9.57e-78	239
WP_055838818.1	iML1515.b0199	53.8	240	109	2	14	253	1	238	1.35e-77	239
WP_055838818.1	iSF_1195.SF0190	53.8	240	109	2	14	253	1	238	7.65e-77	237
WP_055838818.1	iYL1228.KPN_00213	53.5	241	110	2	14	254	1	239	3.06e-76	236
WP_055838818.1	STM_v1_0.STM0247	53.8	240	109	2	14	253	1	238	3.06e-76	236
WP_055838818.1	iPC815.YPO1073	53.1	241	111	2	14	254	1	239	4.33e-76	235
WP_055838818.1	iJN1463.PP_0114	53.3	229	106	1	14	242	1	228	1.96e-72	226
WP_055838818.1	iJN1463.PP_0220	54.5	224	96	3	15	237	33	251	7.31e-69	218
WP_055838818.1	iCN900.CD630_14890	55.9	202	88	1	35	236	17	217	1.05e-68	216
WP_055838825.1	iJN1463.PP_5139	54.1	628	265	7	85	702	136	750	3.79e-192	562
WP_055838838.1	iJN1463.PP_2409	28.4	317	200	10	70	372	89	392	1.69e-06	49.3
WP_055838841.1	iJN1463.PP_2410	36.3	1055	622	21	1	1025	1	1035	4.20e-176	542
WP_055838841.1	iJN1463.PP_0043	34.5	1061	652	17	1	1035	1	1044	5.94e-173	534
WP_055838841.1	iAF987.Gmet_3509	32.7	1052	670	17	1	1035	1	1031	7.94e-161	501
WP_055838846.1	iJN1463.PP_1418	26.4	254	171	8	15	260	12	257	2.32e-10	60.5
WP_055838852.1	iYO844.BSU26650	26.4	295	179	4	44	332	25	287	4.32e-27	108
WP_055838852.1	iJN1463.PP_0026	30.6	278	157	4	18	294	5	247	1.84e-26	106
WP_055838852.1	iSbBS512_1146.SbBS512_E0672	30.5	282	157	6	17	293	2	249	4.34e-26	105
WP_055838852.1	iSSON_1240.SSON_0704	30.1	282	158	6	17	293	2	249	2.19e-25	103
WP_055838852.1	iML1515.b0752	30.1	282	158	6	17	293	2	249	3.03e-25	103
WP_055838852.1	iSDY_1059.SDY_0696	30.1	282	158	6	17	293	2	249	3.03e-25	103
WP_055838852.1	iSF_1195.SF0552	30.1	282	158	6	17	293	2	249	3.03e-25	103
WP_055838852.1	iAF987.Gmet_3071	32.7	300	155	6	36	327	18	278	3.97e-24	100
WP_055838852.1	iYL1228.KPN_00756	29.9	284	156	5	17	293	2	249	2.93e-24	100
WP_055838858.1	iCN718.ABAYE_RS09815	71.3	209	55	3	1	208	1	205	7.37e-102	293
WP_055838861.1	iCN718.ABAYE_RS09810	71.3	230	66	0	1	230	1	230	6.21e-113	324
WP_055838867.1	iML1515.b2293	29.7	111	76	2	110	218	86	196	7.51e-04	39.3
WP_055838886.1	iJN1463.PP_4203	59.7	563	209	7	13	568	9	560	2.88e-239	669
WP_055838886.1	iCHOv1.100763190	57.1	566	221	8	13	568	64	617	1.03e-221	627
WP_055838886.1	iMM1415.66841	56.7	566	223	8	13	568	63	616	2.30e-220	624
WP_055838886.1	iAT_PLT_636.2110	55.7	566	229	8	13	568	64	617	1.27e-217	617
WP_055838895.1	iML1515.b2302	59.9	202	80	1	1	201	1	202	1.75e-85	252
WP_055838898.1	iML1515.b3579	34.1	302	194	2	31	328	28	328	2.11e-60	196
WP_055838898.1	STM_v1_0.STM3673	33.1	302	197	2	31	328	28	328	4.00e-57	187
WP_055838901.1	iJN1463.PP_1168	32.3	124	83	1	22	144	45	168	1.38e-08	51.6
WP_055838901.1	STM_v1_0.STM3671	33.8	80	49	1	19	94	12	91	5.99e-08	49.3
WP_055838901.1	iML1515.b3577	26.8	112	82	0	20	131	13	124	1.58e-07	48.1
WP_055838904.1	iJN1463.PP_1167	38.3	420	256	3	6	424	5	422	3.52e-92	284
WP_055838905.1	iML1515.b2904	53.7	121	56	0	3	123	8	128	2.17e-41	133
WP_055838905.1	iSbBS512_1146.SbBS512_E3325	53.7	121	56	0	3	123	8	128	2.17e-41	133
WP_055838905.1	iSF_1195.SF2890	53.7	121	56	0	3	123	8	128	2.17e-41	133
WP_055838905.1	iSSON_1240.SSON_3057	53.7	121	56	0	3	123	8	128	2.17e-41	133
WP_055838905.1	iYL1228.KPN_03340	54.5	121	55	0	3	123	8	128	4.37e-41	132
WP_055838905.1	STM_v1_0.STM3054	53.7	121	56	0	3	123	8	128	4.37e-41	132
WP_055838905.1	iSDY_1059.SDY_3177	52.9	121	57	0	3	123	8	128	8.80e-41	131
WP_055838905.1	iJN1463.PP_5193	54.2	118	53	1	3	120	8	124	1.93e-39	128
WP_055838908.1	iCHOv1.100767396	31.0	248	150	8	7	241	12	251	2.73e-13	67.4
WP_055838918.1	iJN1463.PP_1418	27.3	315	202	13	25	323	20	323	1.10e-15	76.3
WP_055838926.1	iYO844.BSU15560	30.6	186	126	2	11	196	11	193	1.86e-15	72.0
WP_055838926.1	iNF517.LLMG_RS07605	27.5	204	145	2	11	214	7	207	6.12e-15	70.5
WP_055838934.1	iCN718.ABAYE_RS11415	27.8	241	169	2	24	261	40	278	5.66e-21	89.4
WP_055838934.1	iNF517.LLMG_RS02805	29.8	255	165	7	10	253	13	264	8.38e-20	85.9
WP_055838937.1	iJN1463.PP_0226	37.4	187	117	0	15	201	14	200	3.79e-34	121
WP_055838937.1	iYS854.USA300HOU_RS09930	35.1	194	125	1	18	210	282	475	7.10e-32	120
WP_055838937.1	iYO844.BSU03600	36.8	193	121	1	14	205	25	217	2.40e-31	114
WP_055838937.1	iCN900.CD630_07510	30.5	213	141	1	3	208	1	213	4.15e-30	110
WP_055838939.1	iJN1463.PP_0226	34.3	201	132	0	13	213	16	216	5.36e-33	118
WP_055838941.1	iYS854.USA300HOU_RS09925	55.2	239	106	1	18	256	2	239	2.96e-82	246
WP_055838941.1	iNF517.LLMG_RS09720	56.1	239	104	1	20	258	7	244	9.93e-82	245
WP_055838941.1	iCN900.CD630_07520	52.9	240	112	1	19	258	1	239	1.04e-79	239
WP_055838941.1	iYS854.USA300HOU_RS13040	50.8	242	119	0	19	260	1	242	1.15e-79	239
WP_055838941.1	iYO844.BSU27430	52.1	240	114	1	19	258	1	239	1.58e-79	239
WP_055838941.1	iJN1463.PP_3597	52.4	250	117	2	10	258	10	258	5.25e-77	233
WP_055838941.1	STM_v1_0.STM2351	54.3	247	102	3	20	255	7	253	1.40e-76	232
WP_055838941.1	iYO844.BSU03590	49.0	243	121	1	19	258	1	243	1.40e-76	232
WP_055838941.1	iNF517.LLMG_RS09915	51.3	240	116	1	19	258	5	243	1.80e-76	231
WP_055838941.1	iPC815.YPO2777	53.0	249	104	3	20	256	14	261	9.98e-76	230
WP_055838941.1	iML1515.b1917	53.5	241	107	1	20	255	4	244	8.78e-76	230
WP_055838941.1	iJN1463.PP_0283	50.8	250	113	1	18	257	6	255	1.10e-75	230
WP_055838941.1	iYL1228.KPN_02696	53.4	247	104	3	20	255	6	252	1.56e-75	229
WP_055838941.1	iSbBS512_1146.SbBS512_E2684	53.0	247	105	3	20	255	6	252	2.20e-75	229
WP_055838941.1	iSF_1195.SF2382	53.0	247	105	3	20	255	6	252	2.20e-75	229
WP_055838941.1	iSSON_1240.SSON_2364	53.0	247	105	3	20	255	6	252	2.20e-75	229
WP_055838941.1	iSDY_1059.SDY_2505	53.0	247	105	3	20	255	6	252	3.12e-75	229
WP_055838941.1	iJN1463.PP_0225	52.5	242	110	1	19	255	1	242	3.77e-75	228
WP_055838941.1	iML1515.b0652	51.7	240	115	1	19	258	1	239	3.76e-75	228
WP_055838941.1	iSSON_1240.SSON_0606	51.7	240	115	1	19	258	1	239	3.76e-75	228
WP_055838941.1	iML1515.b2306	52.6	247	106	3	20	255	6	252	8.87e-75	228
WP_055838941.1	iSynCJ816.SGL_RS08035	51.6	246	117	1	15	258	4	249	1.07e-74	227
WP_055838941.1	iSF_1195.SF0629	51.7	240	115	1	19	258	1	239	1.07e-74	227
WP_055838941.1	iPC815.YPO2612	50.8	240	117	1	19	258	2	240	1.10e-74	227
WP_055838941.1	STM_v1_0.STM0828	51.9	237	113	1	19	255	1	236	5.91e-74	225
WP_055838941.1	iSDY_1059.SDY_0787	51.5	237	114	1	19	255	1	236	5.91e-74	225
WP_055838941.1	iSSON_1240.SSON_0789	51.5	237	114	1	19	255	1	236	8.38e-74	224
WP_055838941.1	iML1515.b0809	51.5	237	114	1	19	255	1	236	1.19e-73	224
WP_055838941.1	iSbBS512_1146.SbBS512_E2539	51.5	237	114	1	19	255	1	236	1.19e-73	224
WP_055838941.1	iYO844.BSU23960	50.0	240	119	1	19	258	1	239	2.38e-73	223
WP_055838941.1	iSF_1195.SF0760	51.5	237	114	1	19	255	1	236	2.38e-73	223
WP_055838941.1	iJN1463.PP_4425	50.2	253	115	2	19	260	1	253	5.43e-73	223
WP_055838941.1	iYL1228.KPN_00678	50.4	240	118	1	19	258	1	239	4.94e-73	223
WP_055838941.1	iYL1228.KPN_00838	51.5	237	114	1	19	255	1	236	9.59e-73	222
WP_055838950.1	iYO844.BSU31322	37.1	62	37	1	173	234	23	82	2.02e-06	48.1
WP_055838962.1	iYO844.BSU28560	35.1	562	332	14	8	557	11	551	5.90e-96	303
WP_055838967.1	iCN718.ABAYE_RS18215	26.6	218	148	6	6	220	19	227	1.29e-12	65.5
WP_055838972.1	iEK1008.Rv0134	29.9	298	186	12	13	300	12	296	2.17e-18	83.2
WP_055838972.1	iCHOv1.100753937	27.1	269	179	7	20	282	84	341	6.37e-17	79.7
WP_055838975.1	iYL1228.KPN_02365	55.2	212	94	1	4	214	2	213	2.35e-70	213
WP_055838975.1	STM_v1_0.STM1884	53.6	211	98	0	4	214	2	212	3.84e-69	210
WP_055838975.1	iML1515.b1850	53.6	211	98	0	4	214	2	212	5.44e-69	209
WP_055838975.1	iSbBS512_1146.SbBS512_E2125	53.6	211	98	0	4	214	2	212	5.44e-69	209
WP_055838975.1	iSDY_1059.SDY_1136	53.6	211	98	0	4	214	2	212	5.44e-69	209
WP_055838975.1	iSF_1195.SF1860	53.6	211	98	0	4	214	2	212	5.44e-69	209
WP_055838975.1	iSSON_1240.SSON_1298	53.6	211	98	0	4	214	2	212	5.44e-69	209
WP_055838975.1	iPC815.YPO2067	52.4	206	98	0	4	209	2	207	2.36e-65	200
WP_055838978.1	iCN718.ABAYE_RS16325	58.7	600	245	3	4	602	5	602	9.99e-247	692
WP_055838978.1	iJN1463.PP_1010	58.2	595	242	3	10	602	8	597	2.27e-238	671
WP_055838978.1	iML1515.b1851	56.2	601	259	3	3	602	1	598	7.26e-226	639
WP_055838978.1	STM_v1_0.STM1885	55.6	601	263	3	3	602	1	598	2.07e-225	637
WP_055838978.1	iSbBS512_1146.SbBS512_E2126	56.2	601	259	3	3	602	1	598	2.07e-225	637
WP_055838978.1	iSF_1195.SF1861	56.1	601	260	3	3	602	1	598	4.15e-225	637
WP_055838978.1	iSDY_1059.SDY_1137	55.9	601	261	3	3	602	1	598	1.68e-224	635
WP_055838978.1	iSSON_1240.SSON_1297	55.7	601	262	3	3	602	1	598	7.78e-223	631
WP_055838978.1	iYL1228.KPN_02366	55.6	595	260	3	9	602	3	594	3.88e-222	629
WP_055838978.1	iPC815.YPO2533	54.4	625	259	5	1	603	1	621	1.09e-220	626
WP_055838992.1	iSynCJ816.SGL_RS10830	53.3	210	96	2	19	227	22	230	1.61e-75	227
WP_055838992.1	iJN1463.PP_1129	55.7	212	90	4	19	227	5	215	8.05e-75	225
WP_055838995.1	iJN1463.PP_4838	22.8	644	370	22	83	674	81	649	3.74e-15	79.0
WP_055839001.1	iPC815.YPO3525	46.0	150	78	2	13	160	51	199	1.70e-37	128
WP_055839001.1	iYL1228.KPN_04615	41.3	160	91	2	3	160	61	219	2.28e-36	125
WP_055839001.1	STM_v1_0.STM4408	41.9	160	90	2	3	160	41	199	5.39e-36	124
WP_055839001.1	iSbBS512_1146.SbBS512_E4863	41.9	160	86	3	5	160	43	199	4.27e-35	122
WP_055839001.1	iAF987.Gmet_0222	40.1	162	92	2	2	163	153	309	5.99e-34	121
WP_055839001.1	iML1515.b4219	41.9	160	86	3	5	160	43	199	8.52e-35	121
WP_055839001.1	iEK1008.Rv0137c	42.5	160	87	2	4	163	3	157	3.81e-35	121
WP_055839001.1	iSF_1195.SF4268	41.9	160	86	3	5	160	43	199	8.52e-35	121
WP_055839001.1	iSSON_1240.SSON_4404	41.9	160	86	3	5	160	43	199	8.52e-35	121
WP_055839001.1	iYS854.USA300HOU_RS07280	39.7	156	93	1	4	159	2	156	1.32e-34	119
WP_055839001.1	iSDY_1059.SDY_4456	41.9	160	86	3	5	160	43	199	4.77e-34	119
WP_055839001.1	iJN1463.PP_0336	42.5	153	86	2	9	160	55	206	1.73e-33	118
WP_055839001.1	iAF987.Gmet_0268	40.9	159	84	3	6	160	8	160	1.97e-33	116
WP_055839011.1	iYL1228.KPN_03791	30.3	89	58	2	27	115	22	106	5.80e-08	47.0
WP_055839011.1	iPC815.YPO0122	30.0	90	55	3	17	106	16	97	5.80e-08	47.0
WP_055839011.1	iML1515.b3425	30.8	91	55	3	25	113	20	104	2.21e-07	45.4
WP_055839011.1	iSbBS512_1146.SbBS512_E3807	30.8	91	55	3	25	113	20	104	2.21e-07	45.4
WP_055839011.1	iSF_1195.SF3447	30.8	91	55	3	25	113	20	104	2.21e-07	45.4
WP_055839011.1	iSSON_1240.SSON_3662	30.8	91	55	3	25	113	20	104	2.21e-07	45.4
WP_055839011.1	iSDY_1059.SDY_3650	36.4	55	35	0	59	113	50	104	8.53e-07	43.9
WP_055839015.1	iML1515.b3035	29.7	428	287	6	28	446	20	442	1.41e-45	164
WP_055839015.1	iSSON_1240.SSON_3173	29.7	428	287	6	28	446	22	444	1.46e-45	164
WP_055839015.1	iSbBS512_1146.SbBS512_E3468	29.4	428	288	6	28	446	22	444	2.03e-45	164
WP_055839015.1	iSDY_1059.SDY_3205	29.7	428	287	6	28	446	22	444	2.81e-45	164
WP_055839015.1	iSF_1195.SF3075	29.4	428	288	6	28	446	20	442	7.23e-45	162
WP_055839015.1	STM_v1_0.STM3186	30.0	426	283	6	28	445	22	440	3.57e-44	160
WP_055839025.1	iAF987.Gmet_3509	46.8	1035	543	3	1	1031	1	1031	5.34e-320	912
WP_055839031.1	iJN1463.PP_2998	30.4	326	198	9	1	317	1	306	2.81e-20	89.4
WP_055839040.1	iJN1463.PP_2437	65.4	399	133	2	5	403	10	403	3.23e-181	510
WP_055839043.1	iCN900.CD630_20200	37.9	866	385	15	6	740	10	853	1.20e-171	516
WP_055839056.1	iAF987.Gmet_0771	31.9	207	109	7	4	184	3	203	1.24e-14	68.6
WP_055839065.1	iAF987.Gmet_2425	38.3	180	92	5	143	316	178	344	4.17e-25	103
WP_055839065.1	iJN1463.PP_0129	38.7	168	88	4	155	318	488	644	5.98e-24	102
WP_055839065.1	iAF987.Gmet_1298	32.6	233	127	8	107	322	130	349	2.05e-24	101
WP_055839065.1	iAF987.Gmet_0069	33.0	200	105	7	140	329	130	310	2.08e-23	98.2
WP_055839065.1	iML1515.b1025	32.8	192	105	5	134	316	264	440	3.05e-22	96.7
WP_055839065.1	iML1515.b1341	33.3	186	112	3	132	316	233	407	3.08e-22	96.3
WP_055839065.1	iPC815.YPO0425	35.1	174	93	3	150	317	218	377	2.57e-22	96.3
WP_055839065.1	iJN1463.PP_1144	34.1	179	99	4	147	319	285	450	4.63e-21	94.0
WP_055839077.1	iJN1463.PP_5185	47.4	441	219	3	9	448	4	432	2.02e-134	393
WP_055839077.1	iML1515.b2818	43.5	437	239	2	10	445	10	439	1.27e-127	376
WP_055839077.1	iSDY_1059.SDY_3035	43.2	437	240	2	10	445	10	439	2.55e-127	375
WP_055839077.1	iSSON_1240.SSON_2975	43.5	437	239	2	10	445	10	439	2.55e-127	375
WP_055839077.1	iSbBS512_1146.SbBS512_E3044	43.2	437	240	2	10	445	10	439	5.11e-127	375
WP_055839077.1	iSF_1195.SF2829	43.0	437	241	2	10	445	10	439	1.02e-126	374
WP_055839077.1	iYL1228.KPN_03226	44.1	438	235	3	10	445	10	439	2.90e-126	373
WP_055839077.1	STM_v1_0.STM2992	42.9	443	233	3	10	445	10	439	1.16e-125	371
WP_055839077.1	iPC815.YPO1022	43.0	442	234	4	10	445	9	438	2.83e-123	365
WP_055839082.1	iJN1463.PP_0809	33.1	148	96	2	9	155	10	155	3.64e-18	76.6
WP_055839085.1	iAF987.Gmet_1903	63.2	370	100	6	1	366	1	338	3.65e-150	427
WP_055839085.1	iCN718.ABAYE_RS05140	57.5	367	139	2	1	367	1	350	1.23e-143	410
WP_055839085.1	iJN1463.PP_5168	59.0	361	107	5	1	360	1	321	8.39e-136	390
WP_055839088.1	iAF987.Gmet_1904	72.3	267	74	0	13	279	7	273	4.60e-137	389
WP_055839088.1	iCN718.ABAYE_RS05145	66.7	270	90	0	13	282	17	286	5.10e-133	379
WP_055839088.1	iJN1463.PP_5169	63.2	288	103	1	2	289	5	289	4.33e-126	361
WP_055839091.1	iAF987.Gmet_1905	69.5	266	81	0	23	288	12	277	8.60e-130	369
WP_055839091.1	iCN718.ABAYE_RS05150	64.2	268	96	0	22	289	6	273	2.85e-123	353
WP_055839094.1	iJN1463.PP_4305	55.0	322	144	1	9	329	9	330	2.76e-120	349
WP_055839094.1	iAF987.Gmet_1906	51.5	328	157	2	7	332	10	337	4.97e-112	328
WP_055839094.1	iCN718.ABAYE_RS05160	51.2	330	156	4	3	330	4	330	5.34e-111	325
WP_055839094.1	iML1515.b3917	52.4	315	149	1	14	327	12	326	6.20e-111	325
WP_055839094.1	iSSON_1240.SSON_4086	52.4	315	149	1	14	327	12	326	6.20e-111	325
WP_055839094.1	iSbBS512_1146.SbBS512_E4397	52.1	315	150	1	14	327	12	326	1.77e-110	324
WP_055839094.1	iSDY_1059.SDY_3830	52.1	315	150	1	14	327	12	326	2.50e-110	323
WP_055839094.1	iYL1228.KPN_04008	51.1	315	153	1	14	327	12	326	7.13e-110	322
WP_055839094.1	STM_v1_0.STM4063	52.1	315	150	1	14	327	12	326	7.13e-110	322
WP_055839097.1	iCN718.ABAYE_RS03640	67.3	211	69	0	3	213	2	212	1.02e-104	300
WP_055839101.1	iAF692.Mbar_A1559	47.7	65	33	1	6	69	3	67	3.86e-12	55.1
WP_055839104.1	iJN1463.PP_0240	62.0	258	96	1	23	280	14	269	2.89e-104	304
WP_055839104.1	iPC815.YPO3627	64.3	241	86	0	21	261	8	248	1.14e-101	297
WP_055839109.1	iJN1463.PP_0238	67.9	389	116	3	1	389	3	382	4.74e-184	515
WP_055839109.1	iSF_1195.SF0934	67.6	389	116	4	1	389	3	381	2.36e-179	503
WP_055839109.1	iML1515.b0935	67.6	389	116	4	1	389	3	381	1.93e-178	501
WP_055839109.1	iYL1228.KPN_00971	67.4	390	115	5	1	389	3	381	2.11e-175	493
WP_055839109.1	iPC815.YPO3625	66.2	390	121	6	1	389	3	382	4.40e-175	492
WP_055839113.1	iJN1463.PP_0237	52.5	301	142	1	19	318	6	306	1.57e-100	298
WP_055839116.1	iYL1228.KPN_00973	47.9	167	86	1	1	167	1	166	1.45e-40	135
WP_055839116.1	iSDY_1059.SDY_2319	46.7	167	88	1	1	167	1	166	6.57e-39	131
WP_055839116.1	iML1515.b0937	46.1	167	89	1	1	167	1	166	9.29e-39	131
WP_055839116.1	iSbBS512_1146.SbBS512_E2381	46.1	167	89	1	1	167	1	166	9.29e-39	131
WP_055839116.1	iSSON_1240.SSON_0940	44.9	167	91	1	1	167	1	166	3.71e-38	129
WP_055839116.1	iPC815.YPO3623	46.7	167	88	1	1	167	1	166	1.11e-37	128
WP_055839116.1	iJN1463.PP_0236	45.4	185	96	3	1	181	1	184	1.75e-37	128
WP_055839116.1	iSF_1195.SF0936	45.5	165	85	1	1	160	1	165	1.48e-37	128
WP_055839119.1	iAF987.Gmet_1906	71.8	323	89	2	13	334	12	333	3.83e-164	461
WP_055839119.1	iYL1228.KPN_04008	68.2	314	98	2	21	333	14	326	8.95e-154	434
WP_055839119.1	iML1515.b3917	67.7	310	98	2	25	333	18	326	5.97e-152	429
WP_055839119.1	iSDY_1059.SDY_3830	67.7	310	98	2	25	333	18	326	5.97e-152	429
WP_055839119.1	iSSON_1240.SSON_4086	67.7	310	98	2	25	333	18	326	5.97e-152	429
WP_055839119.1	STM_v1_0.STM4063	68.1	310	97	2	25	333	18	326	8.47e-152	429
WP_055839119.1	iSbBS512_1146.SbBS512_E4397	67.7	310	98	2	25	333	18	326	1.20e-151	429
WP_055839119.1	iJN1463.PP_5171	65.5	325	110	2	12	334	15	339	4.84e-147	417
WP_055839128.1	iJN1463.PP_2371	54.8	584	220	8	1	582	1	542	2.27e-211	599
WP_055839128.1	iCN718.ABAYE_RS03715	52.0	588	236	9	1	585	1	545	1.08e-198	567
WP_055839134.1	iSynCJ816.SGL_RS03060	35.1	228	121	7	3	204	8	234	4.80e-30	110
WP_055839134.1	iYL1228.KPN_03117	37.2	180	110	3	5	182	21	199	3.30e-29	108
WP_055839134.1	iSF_1195.SF2778	36.7	180	111	3	5	182	21	199	4.64e-29	108
WP_055839134.1	iML1515.b2762	36.7	180	111	3	5	182	21	199	6.51e-29	107
WP_055839134.1	iSbBS512_1146.SbBS512_E3113	36.7	180	111	3	5	182	21	199	6.51e-29	107
WP_055839134.1	iSSON_1240.SSON_2915	36.7	180	111	3	5	182	21	199	6.51e-29	107
WP_055839134.1	iSDY_1059.SDY_2964	36.7	180	111	3	5	182	21	199	1.80e-28	106
WP_055839134.1	STM_v1_0.STM2946	35.6	180	113	3	5	182	21	199	4.07e-26	100
WP_055839139.1	iEK1008.Rv1285	57.3	307	127	3	14	319	29	332	2.28e-113	331
WP_055839142.1	iJN1463.PP_1625	68.8	109	32	1	1	109	1	107	9.93e-55	165
WP_055839148.1	iCHOv1.100769391	23.8	261	180	8	5	251	72	327	3.63e-09	57.8
WP_055839148.1	iSDY_1059.SDY_2459	23.8	252	166	9	5	247	15	249	2.10e-08	54.7
WP_055839148.1	iML1515.b2263	24.1	253	164	10	5	247	15	249	1.22e-07	52.4
WP_055839152.1	iJN1463.PP_3383	26.4	569	339	21	14	504	7	573	7.99e-26	110
WP_055839161.1	iML1515.b3003	60.0	285	114	0	10	294	6	290	1.57e-111	324
WP_055839204.1	iJN1463.PP_4810	37.4	206	113	3	1	191	23	227	7.03e-32	114
WP_055839204.1	iEK1008.Rv2421c	34.4	192	120	2	3	190	2	191	2.11e-29	107
WP_055839206.1	iJN1463.PP_3376	44.7	322	158	9	1	309	1	315	3.96e-64	204
WP_055839218.1	iJN1463.PP_0826	59.6	265	106	1	2	265	7	271	9.12e-89	264
WP_055839233.1	iCN900.CD630_04510	36.4	118	73	1	20	137	1	116	7.19e-23	86.7
WP_055839235.1	iJN1463.PP_4667	75.1	494	123	0	13	506	15	508	7.34e-261	719
WP_055839235.1	iCN718.ABAYE_RS18710	70.9	495	144	0	12	506	11	505	2.86e-243	675
WP_055839236.1	iJN1463.PP_2513	37.9	390	194	13	6	390	3	349	8.81e-56	187
WP_055839239.1	iJN1463.PP_1297	54.4	331	150	1	20	350	13	342	5.24e-125	362
WP_055839240.1	iJN1463.PP_1299	41.5	342	184	7	11	344	24	357	7.04e-79	245
WP_055839257.1	iML1515.b1097	39.5	291	169	3	31	317	43	330	1.45e-58	191
WP_055839259.1	iHN637.CLJU_RS07840	31.3	393	251	6	1	391	19	394	4.55e-57	192
WP_055839295.1	iJN1463.PP_2318	50.8	187	89	1	12	198	18	201	4.34e-59	183
WP_055839309.1	iSDY_1059.SDY_4286	28.8	340	224	6	32	368	36	360	2.49e-43	153
WP_055839309.1	iSbBS512_1146.SbBS512_E4818	28.5	340	225	6	32	368	35	359	4.77e-43	152
WP_055839309.1	iML1515.b4262	28.5	340	225	6	32	368	35	359	9.30e-43	152
WP_055839309.1	iSF_1195.SF4227	28.5	340	225	6	32	368	35	359	1.30e-42	151
WP_055839309.1	iSSON_1240.SSON_4447	28.2	340	226	6	32	368	36	360	1.38e-41	149
WP_055839348.1	iJN1463.PP_1418	31.0	232	147	8	35	255	18	247	6.19e-14	71.2
WP_055839356.1	iJN1463.PP_1418	26.9	227	151	7	40	261	32	248	2.01e-09	57.8
WP_055839364.1	iEK1008.Rv1912c	36.0	236	141	4	1	233	1	229	1.59e-28	112
WP_055839364.1	iEK1008.Rv3777	33.7	246	140	6	1	235	4	237	1.31e-25	104
WP_055839368.1	iSynCJ816.SGL_RS12965	33.6	229	132	6	1	210	1	228	6.79e-19	82.4
WP_055839371.1	STM_v1_0.STM0364	28.8	685	429	19	55	711	49	702	1.18e-58	210
WP_055839371.1	iYL1228.KPN_01250	27.2	683	441	18	79	711	85	761	4.83e-53	195
WP_055839375.1	iSynCJ816.SGL_RS07160	32.1	483	284	14	27	482	6	471	2.04e-43	159
WP_055839375.1	iCN718.ABAYE_RS04050	30.8	480	291	14	28	481	12	476	4.50e-38	145
WP_055839384.1	iJN1463.PP_0596	65.2	428	148	1	23	449	17	444	1.54e-210	587
WP_055839384.1	iCN718.ABAYE_RS06905	60.7	430	168	1	25	453	29	458	3.23e-193	544
WP_055839390.1	iML1515.b1006	70.7	427	124	1	1	426	1	427	2.22e-203	568
WP_055839390.1	iSF_1195.SF1009	70.5	427	125	1	1	426	23	449	3.96e-202	566
WP_055839390.1	iSSON_1240.SSON_1024	70.5	427	125	1	1	426	23	449	3.96e-202	566
WP_055839390.1	iYL1228.KPN_01032	71.1	422	121	1	6	426	6	427	6.83e-202	564
WP_055839390.1	iSDY_1059.SDY_0981	70.0	427	127	1	1	426	23	449	5.31e-200	560
WP_055839393.1	iEK1008.Rv2243	32.1	293	189	5	4	292	3	289	1.12e-16	78.6
WP_055839407.1	iYL1228.KPN_00863	27.4	504	328	13	2	496	6	480	3.51e-40	152
WP_055839407.1	STM_v1_0.STM0849	27.0	504	330	13	2	496	6	480	1.52e-38	147
WP_055839407.1	iSDY_1059.SDY_0757	27.0	474	308	13	32	496	36	480	5.34e-38	145
WP_055839407.1	iML1515.b0830	26.8	474	309	13	32	496	36	480	9.99e-38	145
WP_055839407.1	iSbBS512_1146.SbBS512_E2518	27.0	474	308	13	32	496	36	480	9.99e-38	145
WP_055839407.1	iSF_1195.SF0780	26.8	474	309	13	32	496	36	480	4.77e-37	143
WP_055839407.1	iSSON_1240.SSON_0812	26.8	474	309	13	32	496	36	480	4.77e-37	143
WP_055839407.1	iYL1228.KPN_03899	29.5	526	300	20	38	526	34	525	6.82e-36	140
WP_055839407.1	iML1515.b3544	33.2	391	209	15	38	400	43	409	2.60e-35	138
WP_055839407.1	iSSON_1240.SSON_3846	33.2	391	209	15	38	400	43	409	2.60e-35	138
WP_055839407.1	iSDY_1059.SDY_4567	33.0	391	210	15	38	400	43	409	4.81e-35	137
WP_055839407.1	iSF_1195.SF3579	33.0	391	210	15	38	400	43	409	4.81e-35	137
WP_055839410.1	iJN1463.PP_0881	42.2	334	177	4	1	319	1	333	1.29e-65	209
WP_055839410.1	STM_v1_0.STM3629	39.9	338	186	6	1	321	1	338	3.84e-62	200
WP_055839410.1	iML1515.b3543	39.9	338	186	6	1	321	1	338	7.63e-62	199
WP_055839410.1	iSDY_1059.SDY_4566	39.9	338	186	6	1	321	1	338	7.63e-62	199
WP_055839410.1	iSSON_1240.SSON_3847	39.9	338	186	6	1	321	1	338	7.63e-62	199
WP_055839410.1	iYL1228.KPN_03898	39.6	338	187	6	1	321	1	338	1.52e-61	199
WP_055839410.1	iSF_1195.SF3578	39.6	338	187	6	1	321	1	338	3.02e-61	198
WP_055839410.1	iSSON_1240.SSON_1638	40.4	319	176	3	14	318	16	334	1.22e-60	196
WP_055839410.1	iML1515.b1486	40.4	319	176	3	14	318	16	334	1.73e-60	196
WP_055839410.1	iYL1228.KPN_00864	38.7	313	176	1	7	319	8	304	1.65e-58	190
WP_055839410.1	iSF_1195.SF0781	38.0	321	180	3	1	319	1	304	2.32e-58	189
WP_055839410.1	iML1515.b0831	38.0	321	180	3	1	319	1	304	3.27e-58	189
WP_055839410.1	iSDY_1059.SDY_0756	38.0	321	180	3	1	319	1	304	3.27e-58	189
WP_055839410.1	STM_v1_0.STM0850	38.0	321	180	3	1	319	1	304	4.62e-58	189
WP_055839413.1	iJN1463.PP_0880	37.5	291	166	5	29	318	30	305	3.35e-50	168
WP_055839416.1	STM_v1_0.STM0848	45.3	579	289	10	5	573	8	568	1.09e-149	444
WP_055839416.1	iYL1228.KPN_00862	44.4	577	294	8	5	573	8	565	8.61e-148	439
WP_055839416.1	iSbBS512_1146.SbBS512_E2519	43.4	581	297	9	5	573	8	568	7.75e-147	437
WP_055839416.1	iSDY_1059.SDY_0758	43.8	576	292	10	10	573	2	557	3.11e-146	435
WP_055839416.1	iML1515.b0829	43.4	581	297	10	5	573	8	568	8.71e-146	434
WP_055839416.1	iSSON_1240.SSON_0811	43.6	576	293	10	10	573	2	557	1.24e-145	433
WP_055839416.1	iSF_1195.SF0779	43.6	576	293	9	10	573	2	557	3.50e-145	432
WP_055839416.1	iEK1008.Rv1281c	40.8	617	313	12	8	580	3	611	1.96e-135	407
WP_055839421.1	iJN1463.PP_1418	26.7	236	160	6	22	246	14	247	2.34e-10	60.5
WP_055839424.1	iCN900.CD630_20200	51.6	856	399	5	4	850	4	853	2.24e-294	833
WP_055839434.1	iCN718.ABAYE_RS12285	59.7	580	217	4	2	576	4	571	8.47e-227	639
WP_055839434.1	iEK1008.Rv3285	59.6	565	207	5	1	549	12	571	3.00e-214	608
WP_055839463.1	iJN1463.PP_1169	26.7	240	148	9	75	299	73	299	2.82e-14	72.4
WP_055839463.1	STM_v1_0.STM3673	26.9	219	145	5	60	274	58	265	1.76e-13	70.1
WP_055839463.1	iML1515.b3579	27.9	219	143	5	58	272	56	263	1.05e-12	67.8
WP_055839469.1	iSynCJ816.SGL_RS10910	29.3	417	281	3	57	464	31	442	5.83e-52	181
WP_055839483.1	iYL1228.KPN_01586	27.7	159	104	3	26	180	26	177	2.26e-07	52.4
WP_055839483.1	iSF_1195.SF4387	25.8	221	148	6	22	234	38	250	3.94e-06	48.5
WP_055839483.1	iML1515.b4356	24.6	195	144	2	22	214	38	231	6.91e-06	47.8
WP_055839488.1	iYL1228.KPN_04783	60.2	249	99	0	4	252	2	250	3.57e-98	288
WP_055839488.1	STM_v1_0.STM1106	59.7	248	100	0	5	252	3	250	6.71e-98	287
WP_055839488.1	iSbBS512_1146.SbBS512_E4885	58.7	259	105	1	5	263	3	259	6.49e-98	287
WP_055839488.1	iSSON_1240.SSON_4494	57.9	259	107	1	5	263	3	259	7.48e-97	284
WP_055839488.1	iSF_1195.SF4379	57.6	255	108	0	5	259	3	257	1.25e-96	284
WP_055839488.1	STM_v1_0.STM2289	56.7	240	104	0	5	244	7	246	1.27e-91	271
WP_055839488.1	iML1515.b2245	57.1	240	103	0	5	244	7	246	4.15e-90	267
WP_055839488.1	iSSON_1240.SSON_2306	56.3	240	105	0	5	244	7	246	2.38e-89	265
WP_055839489.1	iCN718.ABAYE_RS12290	46.9	535	266	3	1	531	1	521	1.72e-159	464
WP_055839533.1	iAF987.Gmet_1919	32.5	120	80	1	1	120	2	120	2.92e-13	68.2
WP_055839533.1	iAF987.Gmet_1914	30.8	104	71	1	1	104	1	103	6.15e-11	61.6
WP_055839538.1	iML1515.b2361	31.0	197	105	7	3	195	2	171	1.35e-14	68.6
WP_055839601.1	iJN1463.PP_0669	34.9	832	494	19	17	832	11	810	6.96e-132	412
WP_055839601.1	iJN1463.PP_4217	32.8	811	496	16	39	832	34	812	2.03e-131	411
WP_055839611.1	iYL1228.KPN_00507	25.9	336	201	14	56	386	39	331	4.93e-07	50.8
WP_055839620.1	iYO844.BSU32510	26.7	326	201	10	17	315	13	327	7.34e-18	82.8
WP_055839630.1	iSSON_1240.SSON_1361	69.1	359	111	0	1	359	1	359	1.01e-194	540
WP_055839630.1	iYL1228.KPN_01015	69.3	361	111	0	1	361	1	361	2.04e-194	539
WP_055839630.1	iSbBS512_1146.SbBS512_E2058	68.8	359	112	0	1	359	1	359	1.18e-193	537
WP_055839630.1	iML1515.b1800	68.8	359	112	0	1	359	1	359	1.67e-193	537
WP_055839630.1	iSDY_1059.SDY_1701	68.5	359	113	0	1	359	1	359	1.37e-192	535
WP_055839630.1	iPC815.YPO2496	66.9	359	119	0	1	359	5	363	1.23e-189	527
WP_055839630.1	iCN718.ABAYE_RS14760	65.8	360	123	0	1	360	1	360	2.08e-182	509
WP_055839633.1	iJN1463.PP_0920	41.8	213	110	6	7	209	4	212	2.44e-36	134
WP_055839633.1	iJN1463.PP_3173	36.4	225	118	7	7	212	3	221	3.22e-32	124
WP_055839639.1	iJN1463.PP_1418	31.6	228	143	8	39	255	26	251	2.21e-15	75.5
WP_055839639.1	STM_v1_0.STM2786	26.9	308	204	11	30	321	17	319	2.73e-13	69.3
WP_055839642.1	iJN1463.PP_2834	52.8	509	232	3	3	507	9	513	6.63e-186	530
WP_055839646.1	iSF_1195.SF4283	51.8	280	123	5	1	280	1	268	8.19e-85	256
WP_055839649.1	iYL1228.KPN_00862	36.8	536	308	7	23	528	36	570	2.32e-91	291
WP_055839649.1	iML1515.b0829	35.2	542	308	7	20	523	32	568	3.59e-91	291
WP_055839649.1	iSSON_1240.SSON_0811	35.2	542	308	7	20	523	21	557	2.74e-91	291
WP_055839649.1	iSDY_1059.SDY_0758	35.2	542	308	7	20	523	21	557	3.84e-91	291
WP_055839649.1	STM_v1_0.STM0848	34.4	541	314	4	20	523	32	568	7.07e-91	290
WP_055839649.1	iSbBS512_1146.SbBS512_E2519	35.6	542	306	9	20	523	32	568	9.92e-91	290
WP_055839649.1	iSF_1195.SF0779	35.6	542	306	9	20	523	21	557	1.06e-90	290
WP_055839649.1	iJN1463.PP_4150	36.8	514	305	10	19	522	25	528	2.56e-88	281
WP_055839649.1	iML1515.b2180	35.2	514	318	11	17	521	22	529	6.50e-83	267
WP_055839649.1	iEK1008.Rv1281c	32.4	587	314	10	18	524	22	605	6.91e-82	266
WP_055839649.1	iYS854.USA300HOU_RS01050	31.5	508	337	4	20	522	24	525	2.59e-82	265
WP_055839653.1	iYS854.USA300HOU_RS01060	34.9	209	135	1	76	284	171	378	2.24e-29	114
WP_055839653.1	iJN1463.PP_0880	36.2	210	134	0	75	284	87	296	4.46e-28	109
WP_055839653.1	iML1515.b1485	31.3	217	149	0	68	284	69	285	7.21e-26	103
WP_055839656.1	iYL1228.KPN_00864	35.1	308	192	1	11	318	7	306	5.01e-56	183
WP_055839656.1	STM_v1_0.STM0850	34.1	308	195	1	11	318	7	306	2.79e-55	181
WP_055839656.1	iML1515.b0831	33.4	308	197	1	11	318	7	306	1.33e-52	174
WP_055839656.1	iSDY_1059.SDY_0756	33.4	308	197	1	11	318	7	306	1.33e-52	174
WP_055839656.1	iSSON_1240.SSON_0813	33.4	308	197	1	11	318	7	306	1.88e-52	174
WP_055839656.1	iSF_1195.SF0781	33.1	308	198	1	11	318	7	306	5.24e-52	173
WP_055839656.1	iSbBS512_1146.SbBS512_E2517	33.1	308	198	1	11	318	7	306	2.06e-51	171
WP_055839659.1	iML1515.b3544	24.5	481	294	15	98	524	60	525	1.41e-19	91.7
WP_055839659.1	iSDY_1059.SDY_4567	24.5	481	294	15	98	524	60	525	1.41e-19	91.7
WP_055839659.1	iSF_1195.SF3579	24.5	481	294	15	98	524	60	525	1.41e-19	91.7
WP_055839659.1	iPC815.YPO4003	24.2	487	288	15	98	524	60	525	1.41e-19	91.7
WP_055839659.1	iSSON_1240.SSON_3846	24.3	481	295	15	98	524	60	525	4.42e-19	90.1
WP_055839659.1	STM_v1_0.STM3630	24.8	487	285	16	98	524	60	525	5.88e-19	89.7
WP_055839659.1	iYL1228.KPN_03899	24.6	491	281	17	98	524	51	516	7.58e-19	89.4
WP_055839659.1	iYL1228.KPN_00863	22.4	459	332	9	80	517	40	495	5.33e-18	86.7
WP_055839662.1	iJN1463.PP_3146	34.9	436	257	12	5	428	10	430	1.73e-53	184
WP_055839662.1	iJN1463.PP_5273	33.8	414	244	12	26	426	32	428	2.83e-47	167
WP_055839666.1	iJN1463.PP_5278	40.6	483	284	3	7	487	14	495	1.31e-110	336
WP_055839666.1	iJN1463.PP_3463	42.9	471	254	9	25	487	32	495	5.45e-100	309
WP_055839666.1	iJN1463.PP_2589	43.0	435	247	1	50	484	57	490	1.20e-98	305
WP_055839666.1	iYL1228.KPN_01018	41.7	441	246	4	50	487	60	492	2.32e-98	305
WP_055839672.1	iML1515.b1033	39.0	300	175	3	17	310	15	312	1.56e-63	202
WP_055839672.1	iSSON_1240.SSON_1042	39.0	300	175	3	17	310	28	325	2.25e-63	202
WP_055839672.1	iSbBS512_1146.SbBS512_E2296	39.0	300	175	3	17	310	15	312	3.10e-63	202
WP_055839672.1	iSDY_1059.SDY_1004	38.7	300	176	3	17	310	28	325	1.78e-62	200
WP_055839672.1	STM_v1_0.STM1135	38.0	300	178	3	17	310	15	312	3.87e-61	196
WP_055839672.1	iYL1228.KPN_01056	38.4	302	174	4	17	310	15	312	1.49e-57	187
WP_055839676.1	iAF692.Mbar_A1150	30.9	272	183	4	8	277	4	272	8.68e-35	127
WP_055839676.1	iML1515.b0268	30.6	291	194	5	6	289	7	296	3.25e-32	120
WP_055839676.1	STM_v1_0.STM2489	29.4	289	201	3	6	292	2	289	2.72e-31	118
WP_055839676.1	iYL1228.KPN_02812	29.8	289	200	3	6	292	2	289	2.80e-30	115
WP_055839682.1	iML1515.b3578	35.4	362	232	2	13	374	16	375	9.01e-69	223
WP_055839682.1	STM_v1_0.STM3672	34.4	384	251	1	38	421	40	422	2.71e-67	219
WP_055839682.1	iJN1463.PP_1167	33.0	415	273	3	7	419	10	421	4.23e-66	216
WP_055839685.1	iJN1463.PP_1169	26.5	324	228	4	1	323	1	315	8.31e-26	104
WP_055839685.1	STM_v1_0.STM3673	27.5	265	190	2	29	292	24	287	1.12e-23	99.0
WP_055839695.1	iJN1463.PP_5364	31.7	419	259	8	17	409	14	431	1.36e-51	181
WP_055839701.1	iJN1463.PP_0869	42.3	194	108	1	328	517	17	210	6.86e-34	127
WP_055839701.1	iNF517.LLMG_RS08550	30.4	240	161	1	49	282	259	498	5.01e-30	122
WP_055839701.1	iCN900.CD630_09010	29.0	262	178	4	24	277	249	510	2.64e-29	120
WP_055839701.1	iYS854.USA300HOU_RS03905	39.9	188	108	2	332	519	21	203	3.52e-28	117
WP_055839709.1	iEK1008.Rv1237	37.4	257	157	3	36	289	19	274	1.71e-42	146
WP_055839712.1	iEK1008.Rv1236	34.4	276	170	5	12	287	30	294	6.15e-38	135
WP_055839712.1	iEK1008.Rv2316	31.1	267	173	3	13	279	17	272	6.57e-36	130
WP_055839712.1	iEK1008.Rv2040c	26.7	288	201	4	5	289	9	289	4.42e-35	128
WP_055839712.1	iYO844.BSU30280	30.0	273	183	3	14	285	27	292	3.53e-34	125
WP_055839712.1	iLJ478.TM1121	30.4	273	179	6	14	283	26	290	5.04e-33	122
WP_055839715.1	iYO844.BSU34160	28.4	285	174	13	156	426	136	404	2.69e-09	58.5
WP_055839718.1	iML1515.b0268	27.7	264	169	8	9	261	7	259	8.45e-21	90.1
WP_055839718.1	iCN718.ABAYE_RS18220	26.7	277	193	7	8	281	2	271	2.44e-19	85.9
WP_055839718.1	iML1515.b4298	28.3	251	164	7	8	250	3	245	8.85e-18	81.6
WP_055839721.1	STM_v1_0.STM3828	33.3	288	174	7	39	316	6	285	1.80e-42	152
WP_055839721.1	iYL1228.KPN_04095	33.6	289	174	7	38	316	5	285	3.49e-42	151
WP_055839721.1	iML1515.b4478	33.3	288	174	8	39	316	6	285	9.45e-42	150
WP_055839721.1	iML1515.b2247	30.1	339	218	9	49	381	67	392	3.77e-38	141
WP_055839724.1	iAF987.Gmet_3404	34.7	331	209	5	7	337	5	328	8.96e-50	169
WP_055839724.1	STM_v1_0.STM0163	32.6	347	197	7	6	337	2	326	4.18e-47	162
WP_055839724.1	iYL1228.KPN_01121	30.8	341	219	5	1	336	1	329	2.83e-46	160
WP_055839728.1	iJN1463.PP_1418	29.0	224	147	7	30	243	26	247	3.63e-12	65.9
WP_055839732.1	iJN1463.PP_2694	57.7	478	194	2	4	479	6	477	5.01e-198	558
WP_055839736.1	iJN1463.PP_4757	75.1	441	110	0	3	443	8	448	1.98e-255	701
WP_055839736.1	iSF_1195.SF2800	71.0	441	127	1	4	443	6	446	2.50e-246	677
WP_055839736.1	iML1515.b2787	71.0	441	127	1	4	443	6	446	3.54e-246	677
WP_055839736.1	STM_v1_0.STM2960	71.4	441	125	1	4	443	6	446	5.03e-246	677
WP_055839736.1	iSbBS512_1146.SbBS512_E3086	70.7	441	128	1	4	443	6	446	2.38e-244	672
WP_055839736.1	iYL1228.KPN_03130	71.3	442	126	1	3	443	5	446	9.65e-244	671
WP_055839736.1	iSSON_1240.SSON_2944	70.5	441	129	1	4	443	6	446	2.76e-243	670
WP_055839736.1	iYO844.BSU02490	70.7	441	129	0	3	443	15	455	4.93e-239	659
WP_055839736.1	iHN637.CLJU_RS13895	68.2	443	141	0	1	443	7	449	6.20e-236	651
WP_055839743.1	iJN1463.PP_3599	68.8	301	94	0	5	305	3	303	1.06e-151	426
WP_055839746.1	iJN1463.PP_1418	26.6	256	166	10	1	243	1	247	1.87e-07	51.6
WP_055839751.1	iJN1463.PP_1171	68.7	265	83	0	17	281	3	267	9.10e-132	374
WP_055839754.1	iCHOv1.100752401	34.6	301	175	8	4	296	7	293	1.91e-40	142
WP_055839757.1	iJN1463.PP_1169	43.6	326	177	4	1	322	1	323	1.44e-84	257
WP_055839763.1	iJN1463.PP_1167	43.6	415	234	0	11	425	9	423	6.27e-108	325
WP_055839766.1	iYO844.BSU02510	63.6	522	169	2	8	529	10	510	8.71e-245	680
WP_055839766.1	iJN1463.PP_3601	63.1	521	179	1	9	529	10	517	7.72e-238	662
WP_055839766.1	STM_v1_0.STM3250	60.4	518	195	1	12	529	16	523	2.89e-227	636
WP_055839766.1	iML1515.b3128	59.3	518	201	1	12	529	16	523	3.14e-224	628
WP_055839766.1	iSSON_1240.SSON_3283	59.1	518	202	1	12	529	16	523	1.04e-222	624
WP_055839766.1	iYL1228.KPN_03540	59.7	518	199	1	12	529	16	523	4.20e-222	623
WP_055839766.1	iSF_1195.SF3165	58.7	518	204	1	12	529	16	523	8.44e-222	622
WP_055839768.1	iCHOv1.100752401	23.7	270	166	12	72	328	18	260	2.58e-05	45.1
WP_055839771.1	iJN1463.PP_1418	25.5	298	205	10	40	325	32	324	1.23e-11	64.3
WP_055839780.1	iAF987.Gmet_1242	40.3	221	122	4	26	244	17	229	8.63e-43	144
WP_055839780.1	iCN718.ABAYE_RS14015	41.8	201	112	4	48	244	3	202	1.90e-40	137
WP_055839780.1	iEK1008.Rv3588c	38.7	191	113	1	49	239	6	192	2.30e-39	135
WP_055839787.1	iAF987.Gmet_3031	28.3	630	291	13	58	684	21	492	1.16e-51	186
WP_055839794.1	iJN1463.PP_2082	67.3	795	247	4	11	804	5	787	0.0	1040
WP_055839794.1	iCN718.ABAYE_RS07365	66.2	795	256	4	9	802	3	785	0.0	1023
WP_055839794.1	iSbBS512_1146.SbBS512_E1905	65.1	797	263	5	7	802	6	788	0.0	1005
WP_055839794.1	iPC815.YPO2409	65.2	793	261	5	11	802	11	789	0.0	1005
WP_055839794.1	iML1515.b1702	65.0	797	264	5	7	802	6	788	0.0	1004
WP_055839794.1	iSSON_1240.SSON_1457	65.0	797	264	5	7	802	6	788	0.0	1004
WP_055839794.1	iSF_1195.SF1528	64.9	797	265	5	7	802	6	788	0.0	1003
WP_055839794.1	iSDY_1059.SDY_1794	64.9	797	265	5	7	802	6	788	0.0	1002
WP_055839794.1	iYL1228.KPN_02160	64.5	797	268	5	7	802	6	788	0.0	1000
WP_055839794.1	STM_v1_0.STM1349	64.4	797	269	5	7	802	6	788	0.0	999
WP_055839798.1	iCN718.ABAYE_RS15395	42.8	236	129	3	52	281	27	262	2.95e-53	174
WP_055839820.1	iMM1415.211389	33.1	369	216	18	59	409	176	531	5.93e-34	132
WP_055839820.1	iAT_PLT_636.6821	32.8	384	219	19	59	417	182	551	4.05e-33	130
WP_055839820.1	iCHOv1.100768542	32.0	369	220	18	59	409	175	530	8.50e-32	126
WP_055839850.1	iJN1463.PP_0240	34.8	207	115	6	8	201	17	216	1.46e-20	86.3
WP_055839850.1	iML1515.b0933	34.8	184	113	4	22	201	31	211	4.39e-19	82.0
WP_055839850.1	iSSON_1240.SSON_0936	34.8	184	113	4	22	201	31	211	4.39e-19	82.0
WP_055839850.1	iJN1463.PP_4210	33.3	198	104	7	23	199	31	221	4.93e-18	81.3
WP_055839850.1	iYL1228.KPN_00969	31.5	203	127	5	8	201	12	211	4.53e-18	79.3
WP_055839850.1	iSF_1195.SF0930	34.2	184	114	4	22	201	31	211	6.11e-18	79.0
WP_055839859.1	iEK1008.Rv0143c	25.3	439	275	13	15	407	43	474	7.83e-22	97.4
WP_055839859.1	iAF692.Mbar_A2221	25.4	358	232	11	38	376	63	404	8.53e-19	88.6
WP_055839859.1	STM_v1_0.STM0203	25.8	415	253	15	3	376	15	415	8.18e-19	88.2
WP_055839861.1	iML1515.b2827	60.6	277	96	1	1	277	1	264	6.23e-125	356
WP_055839861.1	iSSON_1240.SSON_2984	60.6	277	96	1	1	277	1	264	6.23e-125	356
WP_055839861.1	iSF_1195.SF2837	60.3	277	97	1	1	277	1	264	8.84e-125	355
WP_055839861.1	iSDY_1059.SDY_3044	60.3	277	97	1	1	277	1	264	5.09e-124	353
WP_055839861.1	STM_v1_0.STM3001	59.9	277	98	1	1	277	1	264	7.23e-124	353
WP_055839861.1	iSbBS512_1146.SbBS512_E3035	60.3	277	97	1	1	277	1	264	1.03e-123	353
WP_055839861.1	iPC815.YPO0783	58.8	277	101	1	1	277	1	264	1.38e-121	347
WP_055839861.1	iYL1228.KPN_03236	58.8	277	101	1	1	277	1	264	2.27e-120	344
WP_055839861.1	iYO844.BSU21820	57.0	277	106	1	1	277	1	264	5.81e-116	333
WP_055839861.1	iEK1008.Rv2764c	55.6	277	109	2	1	277	1	263	1.31e-114	330
WP_055839868.1	iEK1008.Rv2763c	52.2	161	70	2	3	160	2	158	1.13e-54	169
WP_055839871.1	iYL1228.KPN_03150	31.9	298	170	8	15	283	9	302	3.71e-24	101
WP_055839871.1	STM_v1_0.STM2973	30.1	336	194	10	15	313	13	344	6.51e-23	98.2
WP_055839871.1	iSSON_1240.SSON_2956	30.6	284	164	8	15	269	14	293	1.47e-21	94.4
WP_055839871.1	iML1515.b2799	30.6	284	164	8	15	269	13	292	1.98e-21	94.0
WP_055839871.1	iSF_1195.SF2813	30.6	284	164	8	15	269	13	292	1.98e-21	94.0
WP_055839871.1	iSDY_1059.SDY_3016	30.3	284	165	8	15	269	14	293	3.71e-21	93.2
WP_055839872.1	iYL1228.KPN_01873	31.3	249	154	5	22	261	27	267	6.59e-34	124
WP_055839872.1	iJN1463.PP_3166	32.8	265	160	7	22	274	27	285	1.19e-33	124
WP_055839872.1	iJN1463.PP_3713	29.9	241	156	4	22	255	27	261	1.06e-31	119
WP_055839875.1	iJN1463.PP_3165	32.6	433	277	8	6	433	3	425	2.02e-53	184
WP_055839879.1	iMM1415.266645	28.1	299	175	10	41	324	57	330	9.68e-25	102
WP_055839879.1	iCHOv1.100771266	27.5	291	187	9	41	324	57	330	1.92e-24	101
WP_055839882.1	iEK1008.Rv3570c	34.4	390	251	3	18	407	5	389	1.13e-60	201
WP_055839885.1	iCN718.ABAYE_RS15340	35.8	148	95	0	15	162	7	154	8.45e-23	88.6
WP_055839885.1	iML1515.b1007	35.8	148	95	0	15	162	9	156	1.04e-20	83.2
WP_055839885.1	iSSON_1240.SSON_1025	34.7	144	94	0	19	162	1	144	1.21e-19	80.1
WP_055839895.1	iAM_Pc455.PCYB_113330	35.7	196	114	6	365	551	338	530	5.18e-22	102
WP_055839921.1	iJN1463.PP_3270	76.1	677	162	0	4	680	6	682	0.0	1013
WP_055839924.1	iAF987.Gmet_1819	51.3	238	112	3	4	237	1	238	2.06e-71	218
WP_055839924.1	iYL1228.KPN_03816	48.7	238	116	3	2	237	3	236	1.97e-69	213
WP_055839924.1	iLJ478.TM1139	49.2	236	117	2	4	238	5	238	5.97e-69	211
WP_055839924.1	iJN1463.PP_1137	46.0	235	123	3	4	237	1	232	3.99e-68	209
WP_055839924.1	STM_v1_0.STM3560	48.1	237	117	3	3	237	4	236	1.29e-67	208
WP_055839924.1	iSF_1195.SF3472	47.5	236	118	3	4	237	5	236	5.92e-66	204
WP_055839924.1	iSSON_1240.SSON_3692	47.5	236	118	3	4	237	9	240	1.35e-65	203
WP_055839924.1	iML1515.b3454	47.5	236	118	3	4	237	5	236	1.68e-65	202
WP_055839924.1	iSbBS512_1146.SbBS512_E3868	47.0	236	119	3	4	237	9	240	1.90e-65	202
WP_055839924.1	iPC815.YPO3804	45.5	235	124	2	4	237	1	232	2.10e-65	202
WP_055839924.1	iSDY_1059.SDY_3603	47.0	236	119	3	4	237	9	240	1.54e-64	200
WP_055839927.1	iYL1228.KPN_03817	43.9	253	139	2	376	625	3	255	1.16e-57	194
WP_055839927.1	STM_v1_0.STM3561	43.9	253	139	2	376	625	3	255	2.27e-57	193
WP_055839927.1	iPC815.YPO3805	44.4	252	137	2	375	623	3	254	2.27e-57	193
WP_055839927.1	iML1515.b3455	43.5	253	140	2	376	625	3	255	4.52e-56	190
WP_055839927.1	iSbBS512_1146.SbBS512_E3867	43.5	253	140	2	376	625	3	255	4.52e-56	190
WP_055839927.1	iSF_1195.SF3473	43.5	253	140	2	376	625	3	255	4.52e-56	190
WP_055839927.1	iSSON_1240.SSON_3693	43.5	253	140	2	376	625	3	255	8.78e-56	189
WP_055839927.1	iSDY_1059.SDY_3604	43.1	253	141	2	376	625	3	255	1.22e-55	189
WP_055839927.1	iAF987.Gmet_1820	43.1	248	139	1	378	623	1	248	2.05e-55	188
WP_055839927.1	iLJ478.TM1138	40.5	262	134	3	384	623	17	278	1.11e-50	176
WP_055839930.1	iAF987.Gmet_1822	27.6	322	178	5	12	331	13	281	6.43e-27	107
WP_055839934.1	iAF987.Gmet_1823	34.8	368	222	4	11	372	16	371	1.20e-57	192
WP_055839937.1	iJN1463.PP_3274	46.0	361	188	1	5	365	4	357	5.14e-113	333
WP_055839943.1	iML1515.b1390	50.6	245	120	1	13	257	5	248	6.96e-84	250
WP_055839943.1	iYL1228.KPN_01471	49.4	247	124	1	11	257	6	251	2.04e-81	244
WP_055839945.1	iYL1228.KPN_01470	65.6	90	31	0	13	102	6	95	1.40e-43	136
WP_055839945.1	iML1515.b1389	63.3	90	33	0	13	102	6	95	1.15e-42	134
WP_055839948.1	iJN1463.PP_3278	69.4	314	95	1	24	336	11	324	9.74e-166	464
WP_055839948.1	iYL1228.KPN_01469	66.4	307	102	1	35	341	4	309	1.28e-156	441
WP_055839948.1	iML1515.b1388	65.2	310	107	1	32	341	1	309	5.21e-156	439
WP_055839950.1	iJN1463.PP_3279	65.3	426	147	1	11	436	12	436	1.44e-202	566
WP_055839950.1	iML1515.b1398	64.9	427	148	2	11	436	7	432	5.62e-197	552
WP_055839950.1	iYL1228.KPN_01479	64.6	427	149	2	11	436	7	432	6.74e-196	549
WP_055839952.1	iML1515.b1396	41.9	124	72	0	16	139	11	134	7.71e-30	105
WP_055839956.1	iJN1463.PP_3283	55.6	250	108	1	14	260	14	263	3.11e-79	239
WP_055839956.1	iML1515.b1394	54.8	248	109	1	14	258	13	260	1.72e-78	237
WP_055839956.1	iYL1228.KPN_01475	52.9	259	119	1	3	258	2	260	2.44e-78	237
WP_055839956.1	iCN718.ABAYE_RS11945	53.4	247	112	1	17	260	17	263	1.01e-77	235
WP_055839960.1	iJN1463.PP_3285	61.5	192	74	0	1	192	1	192	4.16e-81	239
WP_055839975.1	iAF987.Gmet_1919	33.3	123	74	1	4	126	5	119	3.81e-12	67.4
WP_055839981.1	iCN718.ABAYE_RS06065	69.5	466	139	2	8	471	5	469	4.45e-241	666
WP_055839981.1	iPC815.YPO0024	65.5	464	160	0	8	471	6	469	1.79e-233	647
WP_055839981.1	iYL1228.KPN_04178	65.9	461	157	0	11	471	1	461	1.27e-231	642
WP_055839981.1	iJN1463.PP_5046	66.3	463	155	1	9	470	5	467	6.64e-231	640
WP_055839981.1	STM_v1_0.STM4007	65.5	464	160	0	8	471	6	469	1.39e-230	640
WP_055839981.1	iML1515.b3870	65.1	464	162	0	8	471	6	469	7.98e-230	638
WP_055839981.1	iSbBS512_1146.SbBS512_E4346	65.1	464	162	0	8	471	6	469	7.98e-230	638
WP_055839981.1	iSDY_1059.SDY_3873	65.1	464	162	0	8	471	6	469	7.98e-230	638
WP_055839981.1	iSF_1195.SF3940	65.1	464	162	0	8	471	6	469	7.98e-230	638
WP_055839981.1	iSSON_1240.SSON_4042	65.1	464	162	0	8	471	6	469	7.98e-230	638
WP_055839985.1	iLB1027_lipid.PHATRDRAFT_10852	26.0	181	100	5	124	296	13	167	1.55e-06	47.4
WP_055839988.1	iYS854.USA300HOU_RS09310	32.0	244	146	4	1	244	1	224	4.93e-32	117
WP_055839988.1	iCN900.CD630_04050	31.5	251	155	4	2	251	6	240	2.89e-28	107
WP_055839993.1	iJN1463.PP_2012	39.9	296	160	6	4	292	22	306	1.40e-64	205
WP_055839993.1	iCN718.ABAYE_RS06435	40.5	294	162	5	5	294	8	292	4.31e-63	201
WP_055839993.1	STM_v1_0.STM2683	40.9	296	166	3	1	294	1	289	2.03e-61	196
WP_055839993.1	iPC815.YPO1106	42.4	262	147	3	36	294	30	290	6.60e-60	192
WP_055839993.1	iML1515.b2615	40.2	296	168	3	1	294	1	289	5.08e-59	190
WP_055839993.1	iSbBS512_1146.SbBS512_E3004	40.2	296	168	3	1	294	1	289	5.08e-59	190
WP_055839993.1	iSF_1195.SF2674	40.2	296	168	3	1	294	1	289	5.08e-59	190
WP_055839993.1	iSSON_1240.SSON_2771	40.2	296	168	3	1	294	1	289	5.08e-59	190
WP_055839993.1	iSDY_1059.SDY_2788	39.9	296	169	3	1	294	1	289	2.02e-58	188
WP_055839993.1	iAF987.Gmet_0941	42.2	225	129	1	71	294	58	282	3.11e-58	187
WP_055840018.1	iJN1463.PP_0723	45.8	251	127	5	7	256	6	248	2.47e-61	195
WP_055840018.1	iPC815.YPO2014	42.6	256	127	7	8	255	16	259	2.48e-55	180
WP_055840018.1	STM_v1_0.STM1779	42.6	258	127	7	8	255	6	252	8.88e-55	178
WP_055840018.1	iYL1228.KPN_02237	43.0	258	126	7	8	255	6	252	3.52e-54	177
WP_055840020.1	iJN1463.PP_0722	66.3	309	103	1	11	319	5	312	3.39e-151	426
WP_055840020.1	iCN718.ABAYE_RS14860	66.5	313	103	2	8	319	2	313	8.35e-148	418
WP_055840020.1	iPC815.YPO2013	64.2	313	110	2	8	319	2	313	4.39e-145	411
WP_055840020.1	iML1515.b1207	63.9	313	111	2	8	319	2	313	5.09e-144	408
WP_055840020.1	iSDY_1059.SDY_1256	63.9	313	111	2	8	319	2	313	5.09e-144	408
WP_055840020.1	iSSON_1240.SSON_1971	63.9	313	111	2	8	319	2	313	5.09e-144	408
WP_055840020.1	STM_v1_0.STM1780	63.9	313	111	2	8	319	2	313	7.22e-144	408
WP_055840020.1	iSF_1195.SF1210	63.9	313	111	2	8	319	2	313	7.22e-144	408
WP_055840020.1	iSbBS512_1146.SbBS512_E1371	63.6	313	112	2	8	319	2	313	1.45e-143	407
WP_055840020.1	iYL1228.KPN_02238	64.4	309	108	2	12	319	3	310	1.07e-142	405
WP_055840029.1	iYL1228.KPN_00165	26.4	683	463	13	60	717	68	735	1.35e-57	208
WP_055840029.1	iJN1463.PP_0350	26.5	612	404	18	60	643	145	738	2.87e-54	199
WP_055840029.1	iML1515.b0150	26.6	681	446	17	60	700	67	733	2.87e-52	193
WP_055840029.1	iSF_1195.SF0142	26.4	681	447	16	60	700	67	733	2.87e-52	193
WP_055840029.1	iSDY_1059.SDY_0166	26.3	681	448	17	60	700	67	733	1.33e-51	191
WP_055840032.1	iSF_1195.SF3494	27.7	476	304	14	55	504	49	510	6.76e-28	116
WP_055840032.1	iML1515.b3476	27.7	476	304	14	55	504	49	510	1.65e-27	115
WP_055840032.1	iSSON_1240.SSON_3714	27.7	476	304	14	55	504	49	510	1.65e-27	115
WP_055840032.1	iYL1228.KPN_03850	29.2	438	288	11	19	439	10	442	7.22e-27	113
WP_055840032.1	iSbBS512_1146.SbBS512_E3845	27.5	476	305	14	55	504	49	510	9.85e-27	113
WP_055840032.1	iSDY_1059.SDY_3631	27.5	469	314	14	55	504	49	510	2.40e-26	112
WP_055840036.1	iSF_1195.SF3495	36.4	313	186	3	14	320	7	312	4.88e-44	152
WP_055840036.1	iML1515.b3477	36.4	313	186	3	14	320	7	312	6.85e-44	152
WP_055840036.1	iSbBS512_1146.SbBS512_E3844	36.4	313	186	3	14	320	7	312	6.85e-44	152
WP_055840036.1	iSSON_1240.SSON_3715	36.4	313	186	3	14	320	7	312	6.85e-44	152
WP_055840036.1	iSDY_1059.SDY_3632	36.1	313	187	3	14	320	7	312	1.89e-43	151
WP_055840036.1	iYL1228.KPN_00864	34.3	303	194	1	14	316	7	304	6.47e-42	147
WP_055840036.1	iJN1463.PP_3343	38.5	262	161	0	57	318	48	309	7.65e-42	147
WP_055840036.1	STM_v1_0.STM0850	33.3	303	197	1	14	316	7	304	1.27e-41	146
WP_055840036.1	iYL1228.KPN_03851	39.1	256	156	0	61	316	52	307	2.29e-40	143
WP_055840036.1	iML1515.b0831	32.0	303	201	1	14	316	7	304	5.23e-40	142
WP_055840036.1	iSDY_1059.SDY_0756	32.0	303	201	1	14	316	7	304	5.23e-40	142
WP_055840036.1	iSSON_1240.SSON_0813	32.0	303	201	1	14	316	7	304	7.33e-40	141
WP_055840036.1	iYL1228.KPN_03898	31.3	319	184	2	29	316	22	336	3.02e-39	140
WP_055840036.1	iSF_1195.SF0781	31.7	303	202	1	14	316	7	304	2.02e-39	140
WP_055840036.1	iSbBS512_1146.SbBS512_E2517	31.7	303	202	1	14	316	7	304	7.76e-39	139
WP_055840036.1	STM_v1_0.STM3629	31.0	319	185	2	29	316	22	336	4.41e-38	137
WP_055840038.1	iJN1463.PP_0880	36.2	271	159	9	17	277	33	299	7.97e-23	95.1
WP_055840038.1	iYL1228.KPN_03852	31.0	252	167	2	29	274	11	261	6.61e-22	92.0
WP_055840038.1	iJN1463.PP_3344	31.3	256	175	1	19	274	14	268	4.78e-20	87.0
WP_055840038.1	iSDY_1059.SDY_3633	31.3	224	154	0	20	243	8	231	4.50e-20	87.0
WP_055840038.1	iML1515.b3478	31.3	224	154	0	20	243	8	231	6.21e-20	86.7
WP_055840038.1	iAF692.Mbar_A0470	27.0	244	177	1	29	271	37	280	7.51e-20	86.7
WP_055840038.1	iSSON_1240.SSON_3716	31.3	224	154	0	20	243	8	231	6.21e-20	86.7
WP_055840040.1	iJN1463.PP_4150	31.6	481	291	10	6	450	6	484	2.12e-56	195
WP_055840040.1	iML1515.b2180	32.2	481	290	9	6	450	5	485	7.31e-51	180
WP_055840040.1	iSDY_1059.SDY_0758	32.1	496	266	11	22	450	21	512	3.60e-49	177
WP_055840040.1	iML1515.b0829	32.1	496	266	11	22	450	32	523	5.74e-49	177
WP_055840040.1	iSbBS512_1146.SbBS512_E2519	32.1	496	266	11	22	450	32	523	7.92e-49	176
WP_055840040.1	iSSON_1240.SSON_0811	32.1	496	266	11	22	450	21	512	6.85e-49	176
WP_055840044.1	iJN1463.PP_1625	54.2	24	11	0	7	30	38	61	3.04e-04	36.2
WP_055840046.1	iYL1228.KPN_00864	41.5	306	171	1	7	312	7	304	5.03e-65	206
WP_055840046.1	STM_v1_0.STM0850	41.2	306	172	1	7	312	7	304	2.00e-64	205
WP_055840046.1	iML1515.b0831	41.2	306	172	1	7	312	7	304	2.82e-64	204
WP_055840046.1	iSDY_1059.SDY_0756	41.2	306	172	1	7	312	7	304	2.82e-64	204
WP_055840046.1	iSF_1195.SF0781	40.8	306	173	1	7	312	7	304	1.12e-63	203
WP_055840046.1	iJN1463.PP_0881	39.1	330	180	5	4	312	4	333	5.24e-63	202
WP_055840046.1	iSbBS512_1146.SbBS512_E2517	40.8	306	173	1	7	312	7	304	4.46e-63	201
WP_055840046.1	iSSON_1240.SSON_0813	40.8	306	173	1	7	312	7	304	8.89e-63	201
WP_055840046.1	iML1515.b3543	37.2	333	185	4	4	312	4	336	2.77e-60	195
WP_055840046.1	iSDY_1059.SDY_4566	37.2	333	185	4	4	312	4	336	2.77e-60	195
WP_055840046.1	iSSON_1240.SSON_3847	37.2	333	185	4	4	312	4	336	2.77e-60	195
WP_055840046.1	iYL1228.KPN_03898	36.9	333	186	4	4	312	4	336	3.91e-60	195
WP_055840046.1	iSF_1195.SF3578	36.9	333	186	4	4	312	4	336	1.09e-59	194
WP_055840046.1	STM_v1_0.STM3629	36.9	333	186	4	4	312	4	336	1.54e-59	193
WP_055840048.1	iYL1228.KPN_00865	42.1	273	155	3	16	286	16	287	2.35e-63	201
WP_055840048.1	iSbBS512_1146.SbBS512_E2516	41.0	288	167	3	1	286	15	301	7.04e-63	200
WP_055840048.1	iSSON_1240.SSON_0814	41.0	288	167	3	1	286	15	301	7.04e-63	200
WP_055840048.1	iML1515.b0832	40.6	288	168	3	1	286	15	301	9.95e-63	199
WP_055840048.1	iSDY_1059.SDY_0755	40.6	288	168	3	1	286	15	301	3.96e-62	198
WP_055840048.1	iSF_1195.SF0782	40.3	288	169	3	1	286	15	301	8.85e-61	194
WP_055840048.1	STM_v1_0.STM0851	39.0	287	174	1	1	286	15	301	2.20e-58	188
WP_055840048.1	iJN1463.PP_0880	41.4	280	158	1	16	289	28	307	3.98e-57	185
WP_055840051.1	iYO844.BSU12950	50.0	318	156	3	1	316	1	317	3.20e-96	288
WP_055840051.1	iYL1228.KPN_02194	49.7	300	150	1	4	303	19	317	1.02e-92	279
WP_055840051.1	STM_v1_0.STM1743	49.0	300	152	1	4	303	17	315	5.42e-92	277
WP_055840051.1	iSDY_1059.SDY_1304	49.3	300	151	1	4	303	19	317	1.64e-91	276
WP_055840051.1	iSF_1195.SF1247	49.3	300	151	1	4	303	19	317	1.64e-91	276
WP_055840051.1	iSSON_1240.SSON_1934	49.3	300	151	1	4	303	19	317	1.64e-91	276
WP_055840051.1	iSbBS512_1146.SbBS512_E1415	49.0	300	152	1	4	303	19	317	9.31e-91	274
WP_055840051.1	iEK1008.Rv1281c	46.4	319	170	1	1	318	1	319	5.21e-87	273
WP_055840051.1	iML1515.b1246	48.7	300	153	1	4	303	19	317	2.12e-89	270
WP_055840053.1	STM_v1_0.STM3626	51.7	267	125	2	1	267	8	270	3.61e-86	260
WP_055840053.1	iSDY_1059.SDY_4563	51.3	267	126	2	1	267	8	270	4.66e-86	259
WP_055840053.1	iSSON_1240.SSON_3850	51.3	267	126	2	1	267	8	270	4.66e-86	259
WP_055840053.1	iML1515.b3540	51.3	267	126	2	1	267	8	270	6.60e-86	259
WP_055840053.1	iSF_1195.SF3575	51.9	264	123	2	4	267	11	270	1.32e-85	258
WP_055840053.1	iYL1228.KPN_03895	52.3	264	122	2	4	267	11	270	2.06e-85	258
WP_055840053.1	iPC815.YPO3999	50.4	264	127	2	4	267	32	291	2.86e-82	251
WP_055840053.1	iEK1008.Rv1281c	51.1	264	124	3	5	267	349	608	9.55e-77	244
WP_055840053.1	iJN1463.PP_0878	49.4	263	129	2	5	267	4	262	4.99e-80	244
WP_055840053.1	STM_v1_0.STM1742	49.1	265	131	2	5	267	11	273	2.63e-77	237
WP_055840053.1	iSSON_1240.SSON_1933	48.3	265	133	2	5	267	11	273	5.26e-77	236
WP_055840053.1	iML1515.b1247	48.7	265	132	2	5	267	11	273	7.44e-77	236
WP_055840053.1	iYL1228.KPN_02193	48.7	265	132	2	5	267	11	273	7.44e-77	236
WP_055840053.1	iSbBS512_1146.SbBS512_E1416	48.7	265	132	2	5	267	11	273	7.44e-77	236
WP_055840053.1	iSDY_1059.SDY_1305	48.7	265	132	2	5	267	11	273	7.44e-77	236
WP_055840053.1	iSF_1195.SF1248	48.7	265	132	2	5	267	11	273	7.44e-77	236
WP_055840055.1	STM_v1_0.STM3630	26.7	510	314	13	24	482	22	522	6.55e-39	148
WP_055840055.1	iML1515.b3544	26.7	510	314	13	24	482	22	522	1.52e-37	144
WP_055840055.1	iSDY_1059.SDY_4567	26.7	510	314	13	24	482	22	522	1.52e-37	144
WP_055840055.1	iSF_1195.SF3579	26.7	510	314	13	24	482	22	522	1.52e-37	144
WP_055840055.1	iSSON_1240.SSON_3846	26.5	510	315	13	24	482	22	522	5.32e-37	142
WP_055840055.1	iYL1228.KPN_03899	26.1	513	313	14	24	482	13	513	7.98e-36	139
WP_055840055.1	iJN1463.PP_0885	26.4	500	301	12	41	479	36	529	3.26e-35	137
WP_055840055.1	iYL1228.KPN_00863	27.5	472	292	11	44	480	41	497	3.27e-35	137
WP_055840055.1	iJN1463.PP_0882	26.7	506	308	13	27	479	33	528	2.15e-34	135
WP_055840055.1	STM_v1_0.STM0849	26.3	498	327	10	13	480	10	497	2.09e-34	135
WP_055840064.1	iAF987.Gmet_0700	38.9	131	80	0	118	248	681	811	1.31e-21	93.6
WP_055840064.1	iAF987.Gmet_3085	30.1	229	146	4	27	244	648	873	9.30e-20	88.2
WP_055840076.1	iSSON_1240.SSON_1276	42.9	140	76	3	5	143	6	142	2.56e-23	89.0
WP_055840076.1	iML1515.b1865	42.1	140	77	3	5	143	6	142	3.61e-23	88.6
WP_055840076.1	iSbBS512_1146.SbBS512_E1107	42.1	140	77	3	5	143	6	142	3.61e-23	88.6
WP_055840076.1	iSDY_1059.SDY_1152	42.1	140	77	3	5	143	6	142	3.61e-23	88.6
WP_055840076.1	iSF_1195.SF1875	42.1	140	77	3	5	143	16	152	4.64e-23	88.6
WP_055840076.1	iPC815.YPO2054	41.4	140	78	3	5	143	3	139	3.35e-23	88.6
WP_055840076.1	STM_v1_0.STM1900	42.1	140	77	3	5	143	6	142	6.32e-21	82.8
WP_055840076.1	iYL1228.KPN_02379	40.4	141	80	3	4	143	2	139	8.29e-21	82.4
WP_055840078.1	iJN1463.PP_1213	63.1	601	210	5	3	602	2	591	1.15e-272	757
WP_055840078.1	iCN718.ABAYE_RS03490	60.2	603	226	6	3	603	2	592	2.11e-256	716
WP_055840078.1	iYL1228.KPN_02380	59.2	598	234	4	3	600	1	588	1.27e-253	709
WP_055840078.1	iSbBS512_1146.SbBS512_E1106	59.8	594	227	5	3	595	1	583	1.74e-252	706
WP_055840078.1	iSDY_1059.SDY_1153	59.8	594	227	5	3	595	1	583	2.47e-252	705
WP_055840078.1	iSSON_1240.SSON_1275	59.8	594	227	5	3	595	1	583	2.47e-252	705
WP_055840078.1	STM_v1_0.STM1901	59.4	593	231	4	3	595	1	583	1.41e-251	703
WP_055840078.1	iSF_1195.SF1876	59.4	594	229	5	3	595	1	583	8.12e-251	701
WP_055840078.1	iPC815.YPO2053	59.4	591	230	4	3	593	1	581	1.53e-250	701
WP_055840084.1	iCN900.CD630_22020	28.3	449	299	10	14	454	12	445	3.89e-38	144
WP_055840084.1	iJN1463.PP_4524	29.3	433	283	11	6	435	8	420	5.80e-38	144
WP_055840087.1	iJN1463.PP_5013	52.4	496	222	5	13	503	15	501	3.27e-171	494
WP_055840087.1	iYL1228.KPN_04331	51.9	505	231	7	9	507	11	509	1.70e-167	484
WP_055840087.1	iPC815.YPO3779	52.2	508	222	7	10	507	12	508	1.42e-165	479
WP_055840087.1	STM_v1_0.STM3972	51.8	498	224	6	9	495	11	503	5.07e-164	476
WP_055840087.1	iSbBS512_1146.SbBS512_E4307	51.6	510	225	8	9	507	11	509	8.18e-163	473
WP_055840087.1	iSDY_1059.SDY_3908	51.6	510	225	8	9	507	11	509	8.18e-163	473
WP_055840087.1	iSF_1195.SF3913	51.6	510	225	8	9	507	11	509	8.18e-163	473
WP_055840087.1	iSSON_1240.SSON_4010	51.6	510	225	8	9	507	11	509	8.18e-163	473
WP_055840091.1	iJN1463.PP_5011	59.7	243	95	2	3	242	13	255	1.27e-99	290
WP_055840091.1	iCN718.ABAYE_RS17020	60.1	243	94	3	3	242	72	314	2.54e-98	289
WP_055840091.1	iML1515.b3833	59.3	243	96	2	3	242	8	250	6.70e-96	280
WP_055840091.1	iSbBS512_1146.SbBS512_E4305	59.3	243	96	2	3	242	8	250	6.70e-96	280
WP_055840091.1	iSDY_1059.SDY_3910	59.3	243	96	2	3	242	8	250	6.70e-96	280
WP_055840091.1	iSF_1195.SF3911	59.3	243	96	2	3	242	8	250	6.70e-96	280
WP_055840091.1	iSSON_1240.SSON_4008	59.3	243	96	2	3	242	8	250	6.70e-96	280
WP_055840091.1	STM_v1_0.STM3970	57.6	243	100	2	3	242	8	250	7.75e-95	278
WP_055840091.1	iYL1228.KPN_04329	57.6	243	100	2	3	242	8	250	1.56e-94	277
WP_055840091.1	iPC815.YPO3781	57.2	243	101	2	3	242	8	250	4.19e-92	271
WP_055840096.1	iIT341.HP0509	22.8	609	281	19	175	777	32	457	1.06e-22	102
WP_055840098.1	iAF987.Gmet_0069	32.0	300	188	5	265	549	5	303	1.52e-39	146
WP_055840100.1	iAF987.Gmet_2999	40.8	71	42	0	50	120	52	122	5.45e-09	52.4
WP_055840100.1	iJN1463.PP_1494	27.2	114	83	0	7	120	20	133	1.18e-07	48.5
WP_055840102.1	iAF987.Gmet_0043	27.1	365	252	4	486	845	40	395	7.91e-27	116
WP_055840104.1	iJN1463.PP_5155	76.8	409	95	0	1	409	1	409	7.68e-223	615
WP_055840106.1	STM_v1_0.STM3557	53.0	419	194	3	20	436	21	438	5.80e-155	445
WP_055840106.1	iYL1228.KPN_03813	52.0	433	201	4	6	436	11	438	7.66e-153	440
WP_055840106.1	iPC815.YPO3796	51.7	418	199	3	20	435	23	439	6.42e-152	437
WP_055840106.1	iML1515.b3453	52.7	419	195	3	20	436	21	438	1.25e-151	437
WP_055840106.1	iSbBS512_1146.SbBS512_E3870	52.7	419	195	3	20	436	21	438	1.77e-151	436
WP_055840108.1	iPC815.YPO3795	62.4	287	108	0	7	293	8	294	1.77e-126	362
WP_055840108.1	iYL1228.KPN_03812	61.0	292	114	0	2	293	3	294	7.17e-126	360
WP_055840108.1	STM_v1_0.STM3556	60.6	292	115	0	2	293	3	294	5.85e-125	358
WP_055840108.1	iML1515.b3452	61.6	292	112	0	2	293	3	294	2.37e-124	356
WP_055840108.1	iSbBS512_1146.SbBS512_E3871	61.3	292	113	0	2	293	3	294	1.36e-123	354
WP_055840110.1	iSbBS512_1146.SbBS512_E3872	60.1	283	111	2	1	283	1	281	2.48e-113	327
WP_055840110.1	iML1515.b3451	59.7	283	112	2	1	283	1	281	1.00e-112	326
WP_055840110.1	iPC815.YPO3794	56.5	283	121	2	1	283	1	281	5.43e-110	319
WP_055840110.1	STM_v1_0.STM3555	58.3	283	116	2	1	283	1	281	1.55e-109	318
WP_055840110.1	iYL1228.KPN_03811	57.6	283	118	2	1	283	1	281	2.20e-109	317
WP_055840112.1	iPC815.YPO3793	58.2	364	117	6	1	338	1	355	3.94e-125	362
WP_055840112.1	iML1515.b3450	55.2	364	129	5	1	338	1	356	2.19e-119	348
WP_055840112.1	iYL1228.KPN_03810	56.4	360	129	4	1	337	1	355	6.23e-119	347
WP_055840112.1	STM_v1_0.STM3554	55.8	364	127	6	1	338	1	356	6.23e-119	347
WP_055840112.1	iSbBS512_1146.SbBS512_E3873	55.1	361	134	4	1	338	1	356	1.25e-118	346
WP_055840114.1	STM_v1_0.STM3553	54.2	240	109	1	14	253	4	242	3.85e-82	246
WP_055840114.1	iSbBS512_1146.SbBS512_E3875	52.5	240	113	1	14	253	4	242	2.62e-80	241
WP_055840114.1	iSSON_1240.SSON_3687	52.5	240	113	1	14	253	4	242	2.62e-80	241
WP_055840114.1	iSF_1195.SF3466	52.5	240	113	1	14	253	4	242	3.71e-80	241
WP_055840114.1	iYL1228.KPN_03809	53.3	240	111	1	14	253	4	242	1.45e-79	239
WP_055840114.1	iML1515.b3449	51.7	240	115	1	14	253	4	242	1.72e-78	236
WP_055840116.1	iJN1463.PP_0732	45.2	429	224	2	1	429	1	418	8.13e-109	327
WP_055840116.1	iPC815.YPO2016	45.3	408	208	5	1	405	1	396	2.88e-102	310
WP_055840116.1	iYL1228.KPN_02235	43.5	407	217	3	1	405	1	396	2.43e-100	305
WP_055840116.1	STM_v1_0.STM1777	43.2	407	218	3	1	405	1	396	3.86e-99	302
WP_055840116.1	iML1515.b1210	43.0	407	219	3	1	405	1	396	2.17e-98	300
WP_055840116.1	iSDY_1059.SDY_1259	43.4	401	214	3	1	399	1	390	4.34e-98	299
WP_055840116.1	iSbBS512_1146.SbBS512_E1374	42.8	407	220	3	1	405	1	396	1.22e-97	298
WP_055840116.1	iSSON_1240.SSON_1968	42.8	407	220	3	1	405	1	396	1.22e-97	298
WP_055840116.1	iSF_1195.SF1213	42.8	407	220	3	1	405	1	396	2.44e-97	297
WP_055840118.1	iSynCJ816.SGL_RS09640	36.7	221	121	7	71	280	79	291	3.28e-23	96.3
WP_055840119.1	iMM904.YPL059W	51.0	102	50	0	2	103	32	133	1.58e-31	108
WP_055840119.1	iYL1228.KPN_01992	44.4	108	57	1	1	108	1	105	5.52e-30	103
WP_055840119.1	STM_v1_0.STM1433	44.4	108	57	1	1	108	1	105	1.11e-29	102
WP_055840119.1	iML1515.b1654	44.4	108	57	1	1	108	1	105	1.57e-29	102
WP_055840119.1	iSbBS512_1146.SbBS512_E1850	44.4	108	57	1	1	108	1	105	1.57e-29	102
WP_055840119.1	iSDY_1059.SDY_1880	44.4	108	57	1	1	108	1	105	1.57e-29	102
WP_055840119.1	iSF_1195.SF1682	44.4	108	57	1	1	108	1	105	1.57e-29	102
WP_055840119.1	iSSON_1240.SSON_1502	43.5	108	58	1	1	108	1	105	6.37e-29	100
WP_055840119.1	iPC815.YPO2383	45.4	97	50	1	7	103	6	99	3.76e-28	98.6
WP_055840132.1	iAF987.Gmet_0700	35.4	424	255	8	323	734	391	807	3.01e-55	203
WP_055840132.1	iAF987.Gmet_0782	32.3	452	291	7	304	745	279	725	3.66e-54	199
WP_055840132.1	iAF987.Gmet_3085	32.5	421	264	6	327	734	460	873	2.43e-52	195
WP_055840132.1	iJN1463.PP_3581	32.0	438	274	6	323	746	259	686	3.15e-50	187
WP_055840132.1	iAF987.Gmet_0987	30.3	439	267	7	322	738	356	777	3.75e-49	185
WP_055840132.1	iAF987.Gmet_0957	30.2	517	308	10	264	740	112	615	6.62e-50	185
WP_055840132.1	iJN1463.PP_0914	33.3	424	264	7	323	734	256	672	1.93e-49	184
WP_055840136.1	STM_v1_0.STM0242	56.2	575	243	4	1	575	1	566	1.62e-220	623
WP_055840136.1	iYL1228.KPN_00208	56.0	575	244	4	1	575	1	566	3.25e-220	622
WP_055840136.1	iSbBS512_1146.SbBS512_E0188	56.2	577	240	4	1	575	1	566	1.31e-219	620
WP_055840136.1	iSF_1195.SF0185	56.2	577	240	4	1	575	1	566	1.31e-219	620
WP_055840136.1	iSSON_1240.SSON_0208	56.2	577	240	4	1	575	1	566	1.31e-219	620
WP_055840136.1	iSDY_1059.SDY_0213	56.2	577	240	4	1	575	1	566	2.64e-219	620
WP_055840136.1	iPC815.YPO1068	56.1	572	242	3	1	572	1	563	3.49e-217	614
WP_055840136.1	iJN1463.PP_1205	54.2	581	252	6	1	579	1	569	7.28e-214	606
WP_055840136.1	iCN718.ABAYE_RS03855	54.4	574	254	6	1	573	1	567	6.79e-212	601
WP_055840138.1	iIT341.HP1228	36.6	153	84	6	7	153	6	151	6.15e-20	82.4
WP_055840143.1	iJN1463.PP_0691	57.7	369	151	1	13	381	8	371	7.78e-138	397
WP_055840145.1	iML1515.b4173	31.5	216	118	8	128	336	172	364	1.02e-11	65.5
WP_055840155.1	iML1515.b0103	41.9	191	106	3	6	196	7	192	4.08e-33	117
WP_055840155.1	iSDY_1059.SDY_0133	41.9	191	106	3	6	196	7	192	4.08e-33	117
WP_055840155.1	iSSON_1240.SSON_0111	41.9	191	106	3	6	196	7	192	4.08e-33	117
WP_055840155.1	iAF987.Gmet_3026	41.1	180	105	1	1	180	1	179	5.05e-33	117
WP_055840155.1	iSbBS512_1146.SbBS512_E0096	41.9	191	106	3	6	196	7	192	8.11e-33	116
WP_055840155.1	iSF_1195.SF0100	41.4	191	107	3	6	196	7	192	3.21e-32	115
WP_055840155.1	iPC815.YPO3430	40.6	175	100	2	6	180	7	177	2.52e-31	112
WP_055840155.1	iJN1463.PP_0631	41.8	189	105	3	4	192	11	194	3.64e-31	112
WP_055840155.1	iYL1228.KPN_00106	41.2	187	105	3	6	192	7	188	1.40e-30	110
WP_055840155.1	iEK1008.Rv1631	41.1	180	103	2	1	180	1	177	1.09e-28	110
WP_055840155.1	STM_v1_0.STM0140	41.2	187	105	3	6	192	7	188	3.91e-30	109
WP_055840155.1	iCN718.ABAYE_RS17145	37.6	178	107	2	4	181	5	178	6.36e-30	108
WP_055840159.1	iPC815.YPO0565	46.6	103	55	0	12	114	2	104	8.77e-28	99.8
WP_055840162.1	iJN1463.PP_1346	58.4	394	162	1	16	409	14	405	4.64e-149	428
WP_055840162.1	iCN718.ABAYE_RS15470	59.7	395	156	3	16	409	14	406	4.48e-147	423
WP_055840169.1	iCHOv1.100758427	33.5	179	111	3	4	179	26	199	3.18e-21	87.4
WP_055840171.1	iJN1463.PP_1319	39.9	263	137	5	9	256	2	258	2.67e-57	183
WP_055840172.1	iJN1463.PP_1318	58.4	449	138	3	15	462	2	402	2.91e-186	525
WP_055840174.1	iJN1463.PP_1317	49.5	196	94	3	11	205	6	197	7.76e-63	193
WP_055840176.1	iML1515.b3291	44.0	141	68	2	1	141	1	130	4.17e-28	100
WP_055840179.1	iAF987.Gmet_3404	45.0	340	166	7	11	347	8	329	1.05e-72	228
WP_055840179.1	STM_v1_0.STM0163	44.0	339	171	5	11	347	6	327	9.24e-71	223
WP_055840182.1	iEK1008.Rv0125	31.2	266	150	10	104	350	77	328	8.05e-20	89.4
WP_055840184.1	iAF987.Gmet_1823	28.7	359	236	8	11	360	13	360	2.65e-30	119
WP_055840186.1	STM_v1_0.STM3563	36.4	302	177	5	4	293	10	308	2.36e-53	176
WP_055840186.1	iML1515.b3457	36.8	302	176	4	4	293	10	308	3.33e-53	175
WP_055840186.1	iSbBS512_1146.SbBS512_E3865	36.8	302	176	4	4	293	10	308	3.33e-53	175
WP_055840186.1	iSSON_1240.SSON_3695	36.8	302	176	4	4	293	10	308	3.33e-53	175
WP_055840186.1	iSF_1195.SF3475	36.8	302	176	4	4	293	10	308	9.33e-53	174
WP_055840186.1	iYL1228.KPN_03819	36.8	302	176	5	4	293	10	308	1.85e-52	173
WP_055840186.1	iPC815.YPO3807	35.2	301	182	3	4	293	10	308	1.75e-49	166
WP_055840186.1	iJN1463.PP_1140	37.2	301	176	5	4	293	9	307	3.39e-49	165
WP_055840188.1	iAF987.Gmet_1821	38.9	239	135	1	43	270	67	305	1.39e-48	164
WP_055840190.1	iLJ478.TM1139	54.1	233	107	0	6	238	5	237	1.44e-81	243
WP_055840190.1	iAF987.Gmet_1819	53.4	238	106	3	6	238	1	238	3.50e-79	238
WP_055840190.1	STM_v1_0.STM3560	53.4	234	106	2	6	238	5	236	2.06e-78	235
WP_055840190.1	iYL1228.KPN_03816	52.4	233	110	1	6	238	5	236	2.37e-77	233
WP_055840190.1	iSbBS512_1146.SbBS512_E3868	51.5	233	112	1	6	238	9	240	6.22e-76	229
WP_055840190.1	iSSON_1240.SSON_3692	51.1	233	113	1	6	238	9	240	2.51e-75	228
WP_055840190.1	iML1515.b3454	51.1	233	113	1	6	238	5	236	3.13e-75	227
WP_055840190.1	iSDY_1059.SDY_3603	50.6	233	114	1	6	238	9	240	2.88e-74	225
WP_055840190.1	iSF_1195.SF3472	50.6	233	114	1	6	238	5	236	2.54e-74	225
WP_055840190.1	iPC815.YPO3804	51.1	233	113	1	6	238	1	232	4.48e-74	224
WP_055840199.1	iML1515.b1103	42.1	107	59	1	6	112	4	107	2.01e-26	94.7
WP_055840204.1	iJN1463.PP_5015	53.7	108	47	1	12	119	3	107	3.14e-32	109
WP_055840204.1	iAF987.Gmet_0390	52.8	108	44	2	12	119	6	106	1.59e-29	102
WP_055840206.1	iJN1463.PP_5014	61.4	127	46	1	2	128	3	126	4.29e-59	178
WP_055840206.1	iCN718.ABAYE_RS17040	58.3	127	50	1	2	128	5	128	9.69e-51	161
WP_055840210.1	iML1515.b0828	59.4	323	117	2	8	330	3	311	8.01e-112	327
WP_055840210.1	iSF_1195.SF0778	59.4	323	117	2	8	330	3	311	1.61e-111	326
WP_055840210.1	iSDY_1059.SDY_0759	59.1	323	118	2	8	330	3	311	4.58e-111	325
WP_055840210.1	iSSON_1240.SSON_0810	59.1	323	118	2	8	330	3	311	9.21e-111	324
WP_055840210.1	iSbBS512_1146.SbBS512_E2520	58.8	323	119	2	8	330	3	311	5.27e-110	322
WP_055840210.1	STM_v1_0.STM0847	59.8	323	116	2	8	330	3	311	1.63e-109	321
WP_055840210.1	iYL1228.KPN_00861	58.8	323	119	2	8	330	3	311	6.12e-107	314
WP_055840212.1	STM_v1_0.STM0848	67.7	616	193	2	9	624	4	613	1.71e-277	771
WP_055840212.1	iML1515.b0829	67.4	617	193	3	9	624	4	613	2.42e-277	771
WP_055840212.1	iSbBS512_1146.SbBS512_E2519	67.4	617	193	3	9	624	4	613	2.42e-277	771
WP_055840212.1	iSDY_1059.SDY_0758	67.7	609	189	3	17	624	1	602	7.62e-276	767
WP_055840212.1	iSSON_1240.SSON_0811	67.7	609	189	3	17	624	1	602	1.08e-275	766
WP_055840212.1	iSF_1195.SF0779	67.2	609	192	3	17	624	1	602	8.30e-273	759
WP_055840212.1	iYL1228.KPN_00862	68.1	611	184	4	17	626	12	612	1.75e-271	756
WP_055840214.1	iSDY_1059.SDY_0757	55.9	506	219	3	13	516	9	512	3.78e-202	571
WP_055840214.1	iSbBS512_1146.SbBS512_E2518	56.2	507	213	3	10	516	15	512	7.60e-202	570
WP_055840214.1	iSSON_1240.SSON_0812	55.8	507	215	3	10	516	15	512	1.24e-200	567
WP_055840214.1	iML1515.b0830	55.8	507	215	3	10	516	15	512	2.50e-200	566
WP_055840214.1	iSF_1195.SF0780	55.6	507	216	3	10	516	15	512	5.02e-200	566
WP_055840214.1	STM_v1_0.STM0849	55.4	502	222	2	15	516	13	512	1.16e-198	562
WP_055840214.1	iYL1228.KPN_00863	54.7	501	225	2	15	515	13	511	4.55e-196	556
WP_055840217.1	STM_v1_0.STM0850	78.4	306	66	0	1	306	1	306	1.49e-166	464
WP_055840217.1	iML1515.b0831	78.1	306	67	0	1	306	1	306	2.12e-166	464
WP_055840217.1	iSDY_1059.SDY_0756	78.1	306	67	0	1	306	1	306	2.12e-166	464
WP_055840217.1	iSSON_1240.SSON_0813	78.1	306	67	0	1	306	1	306	3.01e-166	463
WP_055840217.1	iYL1228.KPN_00864	78.1	306	67	0	1	306	1	306	6.07e-166	462
WP_055840217.1	iSbBS512_1146.SbBS512_E2517	77.8	306	68	0	1	306	1	306	3.50e-165	461
WP_055840217.1	iSF_1195.SF0781	77.8	306	68	0	1	306	1	306	4.97e-165	460
WP_055840219.1	iJN1463.PP_3844	40.5	348	188	10	7	340	15	357	1.10e-51	176
WP_055840221.1	iYO844.BSU12920	37.2	191	119	1	1	191	1	190	5.04e-35	126
WP_055840222.1	iJN1463.PP_0293	67.8	264	75	2	2	265	3	256	1.13e-120	344
WP_055840222.1	iAF987.Gmet_0389	65.4	266	79	2	1	266	1	253	3.37e-119	340
WP_055840222.1	iCN718.ABAYE_RS01735	64.3	266	81	2	1	266	1	252	1.88e-118	338
WP_055840226.1	iYO844.BSU38860	61.5	327	125	1	2	328	3	328	1.43e-144	411
WP_055840226.1	iPC815.YPO1139	58.8	328	133	2	2	328	3	329	4.32e-141	402
WP_055840226.1	iYL1228.KPN_00773	56.7	328	140	2	2	328	3	329	6.28e-136	389
WP_055840226.1	iSbBS512_1146.SbBS512_E0680	56.1	328	142	2	2	328	3	329	2.94e-134	385
WP_055840226.1	iSSON_1240.SSON_0711	56.1	328	142	2	2	328	3	329	2.94e-134	385
WP_055840226.1	iML1515.b0759	56.1	328	142	2	2	328	3	329	4.17e-134	384
WP_055840226.1	STM_v1_0.STM0776	56.4	328	141	2	2	328	3	329	5.91e-134	384
WP_055840226.1	iCN900.CD630_27140	55.0	327	146	1	2	328	3	328	1.15e-133	383
WP_055840226.1	iSF_1195.SF0545	55.8	328	143	2	2	328	3	329	2.39e-133	382
WP_055840226.1	iSDY_1059.SDY_0706	55.8	328	143	2	2	328	3	329	3.39e-133	382
WP_055840226.1	iMM1415.74246	56.0	334	139	3	2	328	4	336	1.75e-130	375
WP_055840236.1	iJN1463.PP_4943	27.7	173	102	7	322	488	201	356	1.09e-05	47.4
WP_055840236.1	iSynCJ816.SGL_RS16460	21.2	344	216	10	195	506	130	450	2.01e-05	47.0
WP_055840236.1	iEK1008.Rv3032	28.6	189	123	4	295	482	196	373	1.92e-04	43.5
WP_055840236.1	iAM_Pf480.PF3D7_1032400	23.4	175	124	6	263	432	167	336	2.69e-04	43.1
WP_055840244.1	iJN1463.PP_0292	58.7	242	99	1	1	242	1	241	2.19e-98	286
WP_055840244.1	iCN718.ABAYE_RS01765	56.0	243	104	2	1	243	1	240	7.39e-94	275
WP_055840244.1	iAF987.Gmet_0388	56.9	239	101	1	1	239	1	237	1.54e-93	274
WP_055840246.1	iJN1463.PP_0290	46.8	216	105	4	6	220	2	208	1.21e-59	186
WP_055840246.1	iCN718.ABAYE_RS01780	44.4	214	104	4	8	220	4	203	4.15e-56	177
WP_055840247.1	iCN718.ABAYE_RS01785	69.7	195	59	0	16	210	3	197	5.01e-96	277
WP_055840247.1	iJN1463.PP_0289	68.9	196	61	0	15	210	15	210	3.17e-95	276
WP_055840248.1	iLB1027_lipid.PHATRDRAFT_38891	34.7	320	190	8	61	376	62	366	1.22e-40	147
WP_055840249.1	iJN1463.PP_0966	63.9	446	141	2	9	454	9	434	3.35e-189	533
WP_055840250.1	iJN1463.PP_0965	55.8	215	85	2	1	215	1	205	8.03e-75	224
WP_055840250.1	iCN718.ABAYE_RS15600	53.3	214	90	2	2	215	21	224	1.18e-70	214
WP_055840252.1	iAF987.Gmet_0382	55.9	422	179	2	1	422	1	415	4.86e-153	439
WP_055840252.1	iCN718.ABAYE_RS15605	55.7	424	181	3	1	423	1	418	1.43e-152	438
WP_055840252.1	iYL1228.KPN_03599	53.4	423	189	3	1	422	1	416	1.20e-146	423
WP_055840252.1	iJN1463.PP_0964	53.5	424	190	3	1	422	1	419	8.45e-145	418
WP_055840252.1	iPC815.YPO3569	53.9	423	188	3	1	422	1	417	8.17e-145	418
WP_055840252.1	iML1515.b3189	53.2	423	190	3	1	422	1	416	1.59e-144	417
WP_055840252.1	STM_v1_0.STM3307	53.2	423	190	3	1	422	1	416	1.59e-144	417
WP_055840252.1	iSF_1195.SF3229	53.2	423	190	3	1	422	1	416	1.59e-144	417
WP_055840252.1	iSSON_1240.SSON_3337	53.2	423	190	3	1	422	1	416	1.59e-144	417
WP_055840252.1	iSbBS512_1146.SbBS512_E3581	53.2	423	190	3	1	422	1	416	2.25e-144	417
WP_055840252.1	iSDY_1059.SDY_3370	52.7	423	192	3	1	422	1	416	1.82e-143	415
WP_055840258.1	iEK1008.Rv2936	34.2	310	182	7	3	294	7	312	8.04e-44	152
WP_055840261.1	STM_v1_0.STM2392	39.1	215	119	6	20	228	11	219	6.72e-37	130
WP_055840261.1	iSF_1195.SF2424	38.5	213	123	5	20	228	11	219	5.18e-36	128
WP_055840261.1	iSbBS512_1146.SbBS512_E2729	38.5	213	123	5	20	228	11	219	1.02e-35	127
WP_055840261.1	iSDY_1059.SDY_2550	38.5	213	123	5	20	228	11	219	1.02e-35	127
WP_055840261.1	iSSON_1240.SSON_2403	38.5	213	123	5	20	228	11	219	1.02e-35	127
WP_055840262.1	iJN1463.PP_0960	43.5	161	88	2	1	160	1	159	2.55e-35	120
WP_055840263.1	iJN1463.PP_0959	55.2	250	112	0	9	258	14	263	1.30e-81	245
WP_055840264.1	iJN1463.PP_0958	57.1	268	115	0	1	268	1	268	3.05e-104	303
WP_055840266.1	iEK1008.Rv3858c	52.2	498	210	5	1	491	1	477	1.87e-175	501
WP_055840266.1	iHN637.CLJU_RS08535	50.0	496	221	5	1	490	1	475	2.23e-171	491
WP_055840266.1	iSynCJ816.SGL_RS02895	50.1	515	212	11	1	491	1	494	5.94e-163	470
WP_055840267.1	iSynCJ816.SGL_RS04160	52.5	1559	680	11	1	1555	17	1519	0.0	1569
WP_055840267.1	iHN637.CLJU_RS08530	51.9	1550	676	15	14	1554	12	1501	0.0	1545
WP_055840267.1	iEK1008.Rv3859c	50.8	1562	688	20	14	1555	7	1507	0.0	1477
WP_055840267.1	iYO844.BSU18450	49.6	1555	705	19	14	1564	11	1490	0.0	1446
WP_055840267.1	iLB1027_lipid.PHATRDRAFT_51214	49.1	1575	718	22	15	1562	72	1590	0.0	1415
WP_055840284.1	iSF_1195.SF3880	39.3	107	63	1	1	107	1	105	2.79e-22	83.6
WP_055840284.1	iSbBS512_1146.SbBS512_E4266	39.3	107	63	1	1	107	1	105	7.92e-22	82.4
WP_055840284.1	iSDY_1059.SDY_3938	39.3	107	63	1	1	107	1	105	7.92e-22	82.4
WP_055840284.1	iSSON_1240.SSON_3980	39.3	107	63	1	1	107	1	105	7.92e-22	82.4
WP_055840286.1	iJN1463.PP_5227	55.5	416	176	5	14	428	6	413	1.50e-147	425
WP_055840286.1	iCN718.ABAYE_RS04825	52.4	410	189	4	19	428	10	413	3.32e-144	417
WP_055840290.1	iJN1463.PP_4325	23.7	131	87	3	291	408	12	142	5.87e-04	41.2
WP_055840292.1	iIT341.HP1227	35.9	64	40	1	83	145	29	92	2.15e-05	42.0
WP_055840295.1	iJN1463.PP_1735	32.5	280	183	4	16	293	31	306	1.72e-42	147
WP_055840297.1	iCN718.ABAYE_RS04940	34.6	185	113	5	85	268	101	278	2.47e-23	97.1
WP_055840299.1	iYL1228.KPN_03375	67.9	389	114	4	6	393	5	383	4.24e-172	485
WP_055840299.1	STM_v1_0.STM3090	67.9	389	114	4	6	393	5	383	1.21e-171	484
WP_055840299.1	iAF987.Gmet_1290	63.2	391	137	2	4	393	5	389	8.31e-171	482
WP_055840299.1	iML1515.b2942	67.6	389	115	4	6	393	5	383	9.88e-171	481
WP_055840299.1	iSDY_1059.SDY_3130	67.6	389	115	4	6	393	5	383	9.88e-171	481
WP_055840299.1	iSF_1195.SF2933	67.6	389	115	4	6	393	5	383	9.88e-171	481
WP_055840299.1	iSSON_1240.SSON_3096	67.6	389	115	4	6	393	5	383	9.88e-171	481
WP_055840299.1	iPC815.YPO0931	68.1	389	113	4	6	393	5	383	1.40e-170	481
WP_055840299.1	iSbBS512_1146.SbBS512_E3374	67.4	389	116	4	6	393	5	383	8.06e-170	479
WP_055840299.1	iCN718.ABAYE_RS10800	64.5	391	128	4	6	393	6	388	1.28e-162	461
WP_055840299.1	iJN1463.PP_4967	60.4	399	139	4	6	393	6	396	3.46e-157	447
WP_055840299.1	iLJ478.TM1658	60.1	398	143	3	6	393	4	395	3.35e-157	447
WP_055840299.1	iYO844.BSU30550	58.0	398	148	6	6	391	7	397	7.51e-155	442
WP_055840305.1	iAF987.Gmet_0043	27.3	256	165	10	106	345	17	267	3.62e-12	67.0
WP_055840311.1	iYL1228.KPN_02061	34.4	253	165	1	18	270	3	254	7.23e-38	133
WP_055840311.1	iCN718.ABAYE_RS09965	35.8	257	162	3	15	270	5	259	3.19e-37	132
WP_055840311.1	iCHOv1.100766230	39.1	261	135	8	21	271	13	259	1.93e-34	124
WP_055840311.1	iLJ478.TM1724	36.0	258	150	4	15	271	3	246	2.77e-34	124
WP_055840311.1	iEK1008.Rv1928c	34.8	270	133	9	15	268	9	251	3.69e-33	121
WP_055840311.1	iYS854.USA300HOU_RS06185	36.7	256	146	5	18	271	3	244	2.84e-33	121
WP_055840311.1	iMM1415.14979	38.3	261	137	8	21	271	13	259	5.68e-33	120
WP_055840311.1	iYL1228.KPN_01091	33.7	255	153	3	17	271	5	243	5.58e-33	120
WP_055840311.1	iYS854.USA300HOU_RS00665	33.5	251	166	1	18	268	5	254	7.78e-33	120
WP_055840313.1	iHN637.CLJU_RS12790	32.1	215	144	2	6	220	3	215	4.72e-25	97.8
WP_055840313.1	iAF987.Gmet_0497	30.2	215	145	2	7	221	4	213	1.43e-24	96.3
WP_055840313.1	iPC815.YPO2232	36.3	212	130	4	6	216	3	210	1.67e-24	96.3
WP_055840313.1	iLJ478.TM0295	31.3	211	140	2	6	216	3	208	8.42e-24	94.4
WP_055840313.1	iLB1027_lipid.PHATRDRAFT_20779	35.6	225	134	3	6	219	39	263	3.02e-23	94.0
WP_055840313.1	iML1515.b0825	35.4	212	132	4	6	216	3	210	1.29e-22	91.3
WP_055840313.1	iSF_1195.SF0775	35.4	212	132	4	6	216	27	234	2.08e-22	91.3
WP_055840313.1	iSbBS512_1146.SbBS512_E2523	34.9	212	133	4	6	216	3	210	9.65e-22	89.0
WP_055840313.1	iSSON_1240.SSON_0807	34.9	212	133	4	6	216	27	234	1.53e-21	89.0
WP_055840316.1	iYL1228.KPN_00516	32.7	315	187	9	2	305	4	304	1.37e-25	103
WP_055840316.1	iYS854.USA300HOU_RS10985	31.8	311	188	10	2	296	3	305	4.42e-25	102
WP_055840318.1	iYL1228.KPN_04424	52.4	357	151	4	1	338	1	357	6.09e-114	335
WP_055840318.1	iPC815.YPO3712	53.5	357	147	4	1	338	1	357	2.46e-113	333
WP_055840318.1	iML1515.b4035	51.0	359	155	2	1	338	1	359	3.00e-112	330
WP_055840318.1	iSSON_1240.SSON_4213	51.0	359	155	2	1	338	1	359	3.00e-112	330
WP_055840318.1	STM_v1_0.STM4230	51.5	357	154	4	1	338	1	357	8.00e-112	329
WP_055840318.1	iSF_1195.SF4170	50.7	359	156	2	1	338	1	359	2.43e-111	328
WP_055840318.1	STM_v1_0.STM3554	50.4	349	159	2	1	335	1	349	8.31e-106	313
WP_055840318.1	iYS854.USA300HOU_RS01090	48.5	357	162	4	1	335	1	357	1.27e-104	311
WP_055840318.1	iPC815.YPO3793	49.3	351	163	4	1	337	1	350	9.80e-105	311
WP_055840318.1	iML1515.b3450	50.1	349	160	3	1	335	1	349	7.66e-104	308
WP_055840318.1	iSbBS512_1146.SbBS512_E3873	50.1	349	160	3	1	335	1	349	6.18e-103	306
WP_055840318.1	iSynCJ816.SGL_RS17635	47.1	365	165	5	1	341	1	361	7.73e-103	306
WP_055840320.1	iLJ478.TM1121	29.7	279	189	5	1	275	15	290	3.29e-36	130
WP_055840322.1	iCN900.CD630_34140	20.9	306	219	9	40	336	59	350	5.41e-06	48.1
WP_055840325.1	STM_v1_0.STM2232	26.7	315	166	15	18	304	10	287	1.82e-07	52.8
WP_055840327.1	iCHOv1.100689468	47.6	532	230	10	37	531	27	546	6.56e-148	436
WP_055840327.1	iEK1008.Rv0946c	47.5	556	250	8	9	535	4	546	2.24e-147	434
WP_055840327.1	iMM1415.14751	47.4	536	233	11	37	535	27	550	2.97e-146	431
WP_055840327.1	iAT_PLT_636.2821	46.8	551	244	11	18	531	47	585	2.02e-145	431
WP_055840327.1	iPC815.YPO3718	46.8	551	247	11	17	535	9	545	6.12e-146	430
WP_055840327.1	iYL1228.KPN_04413	47.2	551	245	12	17	535	9	545	2.86e-144	426
WP_055840327.1	iMM904.YBR196C	46.4	549	250	12	18	535	16	551	4.75e-144	426
WP_055840327.1	iJN1463.PP_4701	46.1	545	262	9	16	535	12	549	9.49e-144	425
WP_055840327.1	iML1515.b4025	47.0	551	246	12	17	535	9	545	2.29e-143	424
WP_055840327.1	iSbBS512_1146.SbBS512_E4530	47.0	551	246	12	17	535	9	545	2.29e-143	424
WP_055840327.1	iSDY_1059.SDY_4226	47.0	551	246	12	17	535	9	545	2.29e-143	424
WP_055840327.1	iSSON_1240.SSON_4203	47.0	551	246	12	17	535	9	545	2.29e-143	424
WP_055840327.1	iSF_1195.SF4180	46.8	551	247	12	17	535	9	545	6.48e-143	422
WP_055840327.1	iIT341.HP1166	47.0	521	237	7	40	531	27	537	1.62e-142	421
WP_055840327.1	iJN1463.PP_1808	47.3	514	240	8	16	505	12	518	3.43e-141	418
WP_055840327.1	STM_v1_0.STM4221	46.7	553	245	13	17	535	9	545	1.17e-140	417
WP_055840327.1	iLB1027_lipid.PHATRDRAFT_23924	45.8	555	247	11	17	531	7	547	7.75e-140	415
WP_055840329.1	iJN1463.PP_5351	47.2	487	242	4	4	489	11	483	2.00e-151	440
WP_055840329.1	iJN1463.PP_1022	45.9	488	244	8	7	489	13	485	1.20e-140	413
WP_055840329.1	iAF987.Gmet_2619	44.6	495	253	7	5	489	14	497	2.85e-139	410
WP_055840329.1	iPC815.YPO2066	44.2	491	259	6	4	491	11	489	1.88e-137	405
WP_055840329.1	STM_v1_0.STM1886	43.9	490	262	5	4	491	11	489	2.42e-135	399
WP_055840329.1	iML1515.b1852	44.1	492	258	6	4	491	11	489	9.70e-135	398
WP_055840329.1	iSDY_1059.SDY_1138	44.1	492	258	6	4	491	11	489	9.70e-135	398
WP_055840329.1	iYL1228.KPN_02367	43.9	490	262	5	4	491	11	489	2.75e-134	397
WP_055840329.1	iSbBS512_1146.SbBS512_E2127	44.1	492	258	6	4	491	11	489	2.75e-134	397
WP_055840329.1	iSSON_1240.SSON_1296	44.1	492	258	6	4	491	11	489	2.75e-134	397
WP_055840329.1	iSF_1195.SF1862	44.1	492	258	6	4	491	11	489	3.88e-134	396
WP_055840331.1	iYS854.USA300HOU_RS01685	25.7	230	146	5	29	253	33	242	2.27e-16	76.6
WP_055840338.1	iJN1463.PP_0427	50.0	208	97	2	1	203	10	215	3.12e-58	182
WP_055840342.1	STM_v1_0.STM2017	34.0	256	152	7	9	262	5	245	3.03e-24	97.4
WP_055840342.1	iML1515.b1992	35.0	260	144	8	9	262	5	245	3.08e-23	94.7
WP_055840342.1	iSDY_1059.SDY_2241	35.4	260	143	9	9	262	5	245	4.32e-22	91.7
WP_055840342.1	iSbBS512_1146.SbBS512_E0966	34.6	260	145	8	9	262	5	245	6.01e-22	91.3
WP_055840342.1	iSSON_1240.SSON_2053	34.6	260	145	8	9	262	5	245	6.01e-22	91.3
WP_055840342.1	iYL1228.KPN_02464	35.1	259	150	8	6	262	2	244	1.14e-21	90.5
WP_055840342.1	iSF_1195.SF2060	34.2	260	146	8	9	262	5	245	3.11e-21	89.4
WP_055840344.1	iYL1228.KPN_00670	33.9	189	112	9	3	184	2	184	1.02e-09	55.5
WP_055840344.1	iJN1463.PP_1680	36.6	145	71	8	52	187	48	180	7.94e-10	55.5
WP_055840365.1	iLJ478.TM0069	54.6	355	149	3	1	344	1	354	2.43e-141	404
WP_055840365.1	iNF517.LLMG_RS04395	56.2	356	143	5	1	344	1	355	1.63e-136	392
WP_055840372.1	iCHOv1.100772070	39.3	308	170	7	6	300	46	349	5.81e-55	182
WP_055840378.1	iSDY_1059.SDY_0286	52.4	233	83	5	3	228	2	213	3.19e-74	224
WP_055840378.1	iML1515.b0444	52.4	233	83	5	3	228	2	213	6.40e-74	224
WP_055840378.1	iSbBS512_1146.SbBS512_E0367	52.4	233	83	5	3	228	2	213	6.40e-74	224
WP_055840378.1	iSF_1195.SF0389	52.4	233	83	5	3	228	2	213	6.40e-74	224
WP_055840378.1	iSSON_1240.SSON_0432	52.4	233	83	5	3	228	2	213	6.40e-74	224
WP_055840383.1	iSynCJ816.SGL_RS08660	38.6	674	398	8	7	667	1	671	2.50e-137	426
WP_055840384.1	iSynCJ816.SGL_RS08660	39.5	875	499	13	1	851	1	869	5.58e-177	533
WP_055840397.1	iCN718.ABAYE_RS05085	47.2	250	128	3	9	258	18	263	6.43e-58	185
WP_055840397.1	iCN718.ABAYE_RS11685	43.0	251	134	2	9	257	21	264	3.98e-54	175
WP_055840401.1	iYO844.BSU32830	50.1	393	192	3	6	398	1	389	3.63e-117	346
WP_055840401.1	iYS854.USA300HOU_RS01190	49.9	397	193	4	6	400	1	393	1.14e-116	345
WP_055840403.1	iYO844.BSU32840	35.8	835	468	12	6	822	5	789	2.15e-145	447
WP_055840407.1	iJN1463.PP_0368	54.8	595	266	2	1	594	1	593	2.50e-231	652
WP_055840411.1	iHN637.CLJU_RS02910	30.7	335	216	6	17	341	18	346	6.55e-37	136
WP_055840411.1	iJN1463.PP_3591	31.4	334	203	8	10	336	8	322	1.31e-34	129
WP_055840413.1	iEK1008.Rv3265c	38.6	88	53	1	834	921	168	254	1.83e-13	72.4
WP_055840415.1	iSbBS512_1146.SbBS512_E2575	30.2	129	75	6	21	146	20	136	5.83e-05	42.0
WP_055840415.1	iSSON_1240.SSON_0756	30.2	129	75	6	21	146	20	136	5.83e-05	42.0
WP_055840415.1	iSF_1195.SF0727	30.6	124	70	6	27	146	25	136	2.63e-04	40.0
WP_055840415.1	iSDY_1059.SDY_0829	28.7	129	77	6	21	146	20	136	6.47e-04	38.9
WP_055840417.1	iJN1463.PP_1779	36.8	437	233	8	9	440	4	402	1.90e-70	228
WP_055840421.1	iJN1463.PP_5289	61.1	285	106	2	13	293	12	295	1.28e-116	337
WP_055840421.1	iCN718.ABAYE_RS14570	57.9	285	118	2	11	293	10	294	8.24e-113	327
WP_055840423.1	iYO844.BSU35530	32.1	252	156	6	36	286	43	280	8.58e-24	100
WP_055840432.1	iYS854.USA300HOU_RS07520	35.5	62	40	0	54	115	95	156	2.30e-04	40.4
WP_055840436.1	iJN1463.PP_1778	28.2	227	156	2	11	233	8	231	4.02e-21	89.4
WP_055840452.1	iJN1463.PP_0438	26.5	253	158	8	6	245	5	242	1.46e-14	70.9
WP_055840452.1	iCN718.ABAYE_RS15035	26.9	260	139	10	6	245	6	234	8.33e-13	65.9
WP_055840452.1	iCN900.CD630_35550	30.6	160	99	4	91	245	95	247	4.53e-12	63.9
WP_055840470.1	iLB1027_lipid.PHATRDRAFT_12894	33.0	106	71	0	6	111	257	362	4.20e-10	59.3
WP_055840470.1	iCHOv1.100774575	38.8	98	58	2	8	104	17	113	6.36e-10	58.9
WP_055840470.1	iMM1415.319945	39.0	100	55	3	8	104	19	115	2.76e-09	57.0
WP_055840480.1	iML1515.b3187	50.7	302	148	1	1	301	14	315	6.11e-96	286
WP_055840480.1	iSbBS512_1146.SbBS512_E3583	50.7	302	148	1	1	301	14	315	6.11e-96	286
WP_055840480.1	iSF_1195.SF3227	50.7	302	148	1	1	301	14	315	6.11e-96	286
WP_055840480.1	iSSON_1240.SSON_3335	50.7	302	148	1	1	301	14	315	6.11e-96	286
WP_055840480.1	iSDY_1059.SDY_3368	50.3	302	149	1	1	301	14	315	8.66e-96	285
WP_055840480.1	STM_v1_0.STM3305	50.7	302	148	1	1	301	14	315	9.90e-95	283
WP_055840480.1	iYL1228.KPN_03597	51.3	306	140	3	1	301	14	315	9.14e-93	278
WP_055840480.1	iJN1463.PP_0687	53.7	300	135	2	3	300	16	313	7.14e-92	275
WP_055840480.1	iPC815.YPO3513	50.7	290	142	1	1	289	14	303	5.47e-89	268
WP_055840485.1	iSbBS512_1146.SbBS512_E2516	76.7	279	65	0	32	310	23	301	8.34e-158	442
WP_055840485.1	iSSON_1240.SSON_0814	76.7	279	65	0	32	310	23	301	8.34e-158	442
WP_055840485.1	iML1515.b0832	76.3	279	66	0	32	310	23	301	1.18e-157	442
WP_055840485.1	iSDY_1059.SDY_0755	76.0	279	67	0	32	310	23	301	1.95e-156	439
WP_055840485.1	iYL1228.KPN_00865	75.4	281	69	0	30	310	7	287	3.39e-156	437
WP_055840485.1	iSF_1195.SF0782	74.6	279	71	0	32	310	23	301	2.91e-151	426
WP_055840485.1	STM_v1_0.STM0851	74.6	279	71	0	32	310	23	301	1.12e-148	419
WP_055840497.1	iCN718.ABAYE_RS02010	49.0	157	80	0	1	157	24	180	1.43e-45	147
WP_055840497.1	iJN1463.PP_5079	49.7	153	77	0	1	153	7	159	2.60e-42	138
WP_055840499.1	iPC815.YPO0145	39.7	812	394	11	25	742	31	840	3.87e-175	524
WP_055840499.1	iJN1463.PP_5084	39.4	738	393	6	25	715	32	762	1.12e-174	521
WP_055840499.1	iSDY_1059.SDY_3682	37.9	775	394	11	25	715	39	810	1.01e-170	513
WP_055840499.1	iSbBS512_1146.SbBS512_E3773	37.9	775	394	11	25	715	31	802	2.25e-170	511
WP_055840499.1	iSSON_1240.SSON_3527	37.8	775	395	11	25	715	39	810	2.84e-170	511
WP_055840499.1	iML1515.b3396	37.8	775	395	11	25	715	31	802	4.48e-170	511
WP_055840499.1	iSF_1195.SF3414	37.9	775	394	11	25	715	31	802	6.31e-170	510
WP_055840499.1	iAF987.Gmet_0354	40.2	779	408	17	24	755	50	817	1.36e-169	509
WP_055840499.1	STM_v1_0.STM3493	37.7	775	396	10	25	715	39	810	5.41e-167	503
WP_055840499.1	iYL1228.KPN_03767	38.0	758	384	8	42	715	1	756	4.46e-164	494
WP_055840501.1	iCHOv1.100753937	31.6	307	166	10	12	309	84	355	1.70e-28	112
WP_055840501.1	iCHOv1.100761937	30.7	296	170	8	20	309	86	352	8.39e-28	110
WP_055840502.1	iYL1228.KPN_02542	57.5	480	199	2	1	477	1	478	4.29e-175	500
WP_055840502.1	iYL1228.KPN_03928	53.1	488	214	8	1	481	1	480	5.65e-157	454
WP_055840508.1	iCHOv1.100689344	56.3	316	127	3	4	312	15	326	1.01e-112	329
WP_055840508.1	iMM1415.21351	56.6	316	126	3	4	312	15	326	1.43e-112	329
WP_055840508.1	iAT_PLT_636.6888	56.0	316	128	3	4	312	15	326	1.16e-111	327
WP_055840508.1	iMM904.YLR354C	56.8	322	124	5	2	313	14	330	4.38e-111	325
WP_055840508.1	iJN1463.PP_2168	56.2	315	129	3	2	316	3	308	1.55e-107	315
WP_055840508.1	iSynCJ816.SGL_RS03080	53.4	322	135	3	2	314	4	319	7.51e-105	311
WP_055840508.1	STM_v1_0.STM0007	52.7	317	138	3	2	312	3	313	1.58e-104	308
WP_055840508.1	iSDY_1059.SDY_0008	52.1	317	140	3	2	312	3	313	1.28e-103	305
WP_055840508.1	iML1515.b0008	52.1	317	140	3	2	312	3	313	1.82e-103	305
WP_055840508.1	iSbBS512_1146.SbBS512_E0008	52.1	317	140	3	2	312	3	313	1.82e-103	305
WP_055840508.1	iSF_1195.SF0009	52.1	317	140	3	2	312	3	313	1.82e-103	305
WP_055840508.1	iSSON_1240.SSON_0009	52.1	317	140	3	2	312	3	313	1.82e-103	305
WP_055840508.1	iML1515.b2464	53.8	318	135	4	1	312	1	312	2.49e-103	305
WP_055840508.1	iPC815.YPO0463	51.4	317	142	3	2	312	3	313	3.65e-103	304
WP_055840508.1	STM_v1_0.STM2473	53.8	318	135	3	1	312	1	312	1.42e-102	303
WP_055840508.1	iYL1228.KPN_00008	52.1	317	140	3	2	312	3	313	2.09e-102	302
WP_055840508.1	iSbBS512_1146.SbBS512_E2830	53.5	318	136	4	1	312	1	312	4.05e-102	301
WP_055840508.1	iSSON_1240.SSON_2544	53.5	318	136	4	1	312	1	312	5.75e-102	301
WP_055840508.1	iYL1228.KPN_01126	52.2	320	141	3	1	314	2	315	2.75e-100	297
WP_055840508.1	iYL1228.KPN_02798	53.5	318	136	3	1	312	1	312	4.02e-100	296
WP_055840512.1	iSynCJ816.SGL_RS06140	62.6	519	180	3	19	537	4	508	1.09e-220	619
WP_055840526.1	iJN1463.PP_1779	43.8	233	130	1	19	250	3	235	2.00e-59	199
WP_055840526.1	iYS854.USA300HOU_RS03450	38.7	225	137	1	27	251	12	235	2.27e-56	186
WP_055840535.1	iJN1463.PP_1343	55.2	306	133	1	1	306	1	302	1.94e-114	332
WP_055840535.1	iPC815.YPO0561	51.5	301	141	2	1	300	1	297	8.77e-109	318
WP_055840535.1	iML1515.b0096	50.2	301	145	2	1	300	1	297	2.78e-107	314
WP_055840535.1	iSDY_1059.SDY_0126	50.2	301	145	2	1	300	1	297	2.78e-107	314
WP_055840535.1	iSF_1195.SF0093	50.2	301	145	2	1	300	1	297	2.78e-107	314
WP_055840535.1	iSSON_1240.SSON_0104	50.2	301	145	2	1	300	1	297	2.78e-107	314
WP_055840535.1	iYL1228.KPN_00100	50.5	301	144	2	1	300	1	297	3.94e-107	313
WP_055840535.1	STM_v1_0.STM0134	50.2	301	145	2	1	300	1	297	3.94e-107	313
WP_055840535.1	iSbBS512_1146.SbBS512_E0090	50.2	301	145	2	1	300	1	297	7.93e-107	313
WP_055840535.1	iCN718.ABAYE_RS01305	49.8	297	145	1	1	297	1	293	1.35e-101	299
WP_055840547.1	iJN1463.PP_1338	57.7	461	187	3	5	465	16	468	5.82e-180	512
WP_055840547.1	STM_v1_0.STM0129	52.8	475	214	4	5	473	19	489	1.82e-168	483
WP_055840547.1	iYL1228.KPN_00095	53.1	473	214	4	5	473	19	487	2.40e-166	478
WP_055840547.1	iSDY_1059.SDY_0121	52.8	464	214	3	5	467	19	478	2.75e-165	475
WP_055840547.1	iCN718.ABAYE_RS01280	56.5	457	190	4	5	460	22	470	2.88e-165	475
WP_055840547.1	iML1515.b0091	52.8	464	214	3	5	467	19	478	5.53e-165	474
WP_055840547.1	iSSON_1240.SSON_0099	52.8	464	214	3	5	467	19	478	5.53e-165	474
WP_055840547.1	iSbBS512_1146.SbBS512_E0084	52.8	464	214	3	5	467	19	478	7.83e-165	474
WP_055840547.1	iSF_1195.SF0088	52.8	464	214	3	5	467	19	478	1.57e-164	473
WP_055840547.1	iPC815.YPO0556	52.9	463	213	3	5	466	19	477	6.34e-164	472
WP_055840550.1	iJN1463.PP_1337	45.8	356	181	4	4	352	6	356	3.39e-92	279
WP_055840550.1	iSDY_1059.SDY_0120	48.8	330	165	3	7	335	9	335	6.79e-91	276
WP_055840550.1	iML1515.b0090	48.8	330	165	3	7	335	9	335	1.36e-90	275
WP_055840550.1	iSF_1195.SF0087	48.8	330	165	3	7	335	9	335	1.36e-90	275
WP_055840550.1	iSSON_1240.SSON_0098	48.8	330	165	3	7	335	9	335	1.36e-90	275
WP_055840550.1	iPC815.YPO0555	47.4	342	176	3	7	347	9	347	1.40e-90	275
WP_055840550.1	iSbBS512_1146.SbBS512_E0083	48.8	330	165	3	7	335	9	335	2.72e-90	274
WP_055840550.1	STM_v1_0.STM0128	48.2	338	171	3	7	343	9	343	1.09e-89	273
WP_055840550.1	iYL1228.KPN_00094	48.8	328	164	3	7	333	9	333	2.54e-88	269
WP_055840553.1	iJN1463.PP_1334	61.2	392	120	4	1	392	1	360	3.05e-161	456
WP_055840555.1	iJN1463.PP_1331	38.2	552	330	7	22	567	11	557	1.24e-125	381
WP_055840555.1	STM_v1_0.STM0122	38.7	548	331	4	22	567	22	566	2.27e-121	370
WP_055840555.1	iSF_1195.SF0081	38.5	548	332	4	22	567	22	566	2.52e-120	367
WP_055840555.1	iML1515.b0084	38.5	548	332	4	22	567	22	566	3.55e-120	367
WP_055840555.1	iYL1228.KPN_00088	38.9	548	330	4	22	567	22	566	3.55e-120	367
WP_055840555.1	iSbBS512_1146.SbBS512_E0077	38.5	548	332	4	22	567	22	566	3.55e-120	367
WP_055840555.1	iSDY_1059.SDY_0114	38.5	548	332	4	22	567	22	566	3.55e-120	367
WP_055840555.1	iSSON_1240.SSON_0092	38.5	548	332	4	22	567	22	566	5.01e-120	367
WP_055840555.1	iPC815.YPO0549	37.9	551	331	6	22	567	21	565	1.19e-117	360
WP_055840561.1	iNF517.LLMG_RS08455	37.5	309	175	8	9	302	5	310	2.94e-53	176
WP_055840576.1	iJN1463.PP_4639	43.6	344	166	3	4	347	3	318	9.32e-88	266
WP_055840588.1	iCN718.ABAYE_RS04830	54.0	285	122	4	1	285	1	276	2.84e-94	279
WP_055840588.1	iJN1463.PP_5228	53.5	286	122	3	1	285	12	287	9.83e-94	278
WP_055840588.1	iSF_1195.SF3887	53.4	283	123	2	3	285	2	275	2.17e-92	274
WP_055840588.1	iYL1228.KPN_04308	53.7	283	122	2	3	285	2	275	3.07e-92	274
WP_055840588.1	iML1515.b3809	53.0	283	124	2	3	285	1	274	3.42e-91	271
WP_055840588.1	iSDY_1059.SDY_3936	53.0	283	124	2	3	285	2	275	3.53e-91	271
WP_055840588.1	iSSON_1240.SSON_3982	53.0	283	124	2	3	285	2	275	3.53e-91	271
WP_055840588.1	STM_v1_0.STM3947	52.3	283	126	2	3	285	2	275	1.01e-90	270
WP_055840588.1	iPC815.YPO3845	53.0	283	124	2	3	285	1	274	1.38e-90	270
WP_055840588.1	iSbBS512_1146.SbBS512_E4269	52.3	283	126	2	3	285	1	274	1.95e-90	269
WP_055840589.1	iEK1008.Rv2888c	34.8	465	279	13	13	472	15	460	2.39e-56	194
WP_055840595.1	iML1515.b0829	45.4	566	268	9	10	540	12	571	4.29e-142	424
WP_055840595.1	iSSON_1240.SSON_0811	45.2	566	269	9	10	540	1	560	6.13e-142	423
WP_055840595.1	iSDY_1059.SDY_0758	45.2	566	269	9	10	540	1	560	2.44e-141	421
WP_055840595.1	STM_v1_0.STM0848	44.5	560	282	7	10	540	12	571	4.82e-141	421
WP_055840595.1	iYL1228.KPN_00862	45.2	557	279	8	10	540	12	568	8.52e-141	420
WP_055840595.1	iSbBS512_1146.SbBS512_E2519	45.2	566	269	9	10	540	12	571	9.62e-141	420
WP_055840595.1	iSF_1195.SF0779	44.7	566	272	9	10	540	1	560	1.23e-138	414
WP_055840595.1	iYS854.USA300HOU_RS01050	40.7	528	302	4	10	534	4	523	5.05e-128	384
WP_055840598.1	iJN1463.PP_0880	38.9	280	162	3	8	286	33	304	1.53e-53	176
WP_055840598.1	iYL1228.KPN_00865	36.0	283	167	3	5	286	18	287	1.74e-50	167
WP_055840598.1	iSbBS512_1146.SbBS512_E2516	36.4	283	166	3	5	286	32	301	5.53e-49	164
WP_055840598.1	iSSON_1240.SSON_0814	36.4	283	166	3	5	286	32	301	5.53e-49	164
WP_055840598.1	iML1515.b0832	36.0	283	167	3	5	286	32	301	7.79e-49	164
WP_055840598.1	iSSON_1240.SSON_1639	37.9	272	154	2	15	285	35	292	1.36e-48	163
WP_055840598.1	iYS854.USA300HOU_RS01060	39.3	229	137	1	58	286	160	386	1.16e-47	163
WP_055840598.1	iSbBS512_1146.SbBS512_E1748	38.0	271	151	2	15	285	35	288	2.42e-48	162
WP_055840598.1	iSDY_1059.SDY_0755	35.7	283	168	3	5	286	32	301	3.06e-48	162
WP_055840598.1	iML1515.b1485	37.5	272	155	2	15	285	35	292	1.49e-47	160
WP_055840601.1	iML1515.b0831	41.9	313	174	2	1	313	1	305	7.99e-72	224
WP_055840601.1	iSDY_1059.SDY_0756	41.9	313	174	2	1	313	1	305	7.99e-72	224
WP_055840601.1	iSSON_1240.SSON_0813	41.9	313	174	2	1	313	1	305	1.13e-71	223
WP_055840601.1	STM_v1_0.STM0850	42.8	313	171	2	1	313	1	305	6.38e-71	221
WP_055840601.1	iSF_1195.SF0781	41.5	313	175	2	1	313	1	305	6.38e-71	221
WP_055840601.1	iYL1228.KPN_00864	42.8	313	171	2	1	313	1	305	1.27e-70	221
WP_055840601.1	iSbBS512_1146.SbBS512_E2517	41.5	313	175	2	1	313	1	305	1.27e-70	221
WP_055840603.1	STM_v1_0.STM0849	27.6	496	302	15	54	528	36	495	3.28e-33	132
WP_055840603.1	iSDY_1059.SDY_0757	28.0	521	317	16	29	528	12	495	1.11e-32	130
WP_055840603.1	iSbBS512_1146.SbBS512_E2518	27.8	521	318	16	29	528	12	495	2.05e-32	130
WP_055840603.1	iSF_1195.SF0780	27.6	521	319	16	29	528	12	495	9.38e-32	128
WP_055840603.1	iSSON_1240.SSON_0812	27.6	521	319	16	29	528	12	495	9.38e-32	128
WP_055840603.1	iML1515.b0830	27.6	521	319	16	29	528	12	495	1.27e-31	127
WP_055840611.1	iAF987.Gmet_1694	33.2	259	158	5	3	261	1	244	1.40e-24	98.2
WP_055840611.1	iCHOv1.100769825	34.2	260	149	6	1	259	1	239	1.01e-23	95.9
WP_055840611.1	iLJ478.TM1724	28.8	260	164	3	3	259	1	242	1.06e-22	93.2
WP_055840611.1	iCHOv1.100759323	29.8	255	168	4	5	259	64	307	5.31e-21	90.1
WP_055840620.1	iNF517.LLMG_RS06045	25.4	244	164	4	5	246	1	228	3.07e-09	55.5
WP_055840620.1	iCN900.CD630_20500	19.8	243	173	5	5	242	1	226	1.41e-08	53.5
WP_055840627.1	iSynCJ816.SGL_RS08445	29.7	276	159	8	33	289	40	299	7.73e-21	90.5
WP_055840630.1	iYS854.USA300HOU_RS13900	31.0	500	322	10	12	495	4	496	8.92e-74	241
WP_055840639.1	iYO844.BSU00730	54.2	301	133	3	3	302	5	301	9.42e-102	300
WP_055840639.1	iAF987.Gmet_2988	54.4	305	134	3	3	306	6	306	2.10e-100	296
WP_055840639.1	iSynCJ816.SGL_RS06370	53.1	309	136	5	3	306	4	308	6.54e-98	290
WP_055840639.1	iYS854.USA300HOU_RS02630	52.0	300	139	3	4	302	7	302	1.23e-97	290
WP_055840639.1	iEK1008.Rv2334	52.6	306	139	3	3	306	4	305	9.23e-95	282
WP_055840639.1	iAF692.Mbar_A2422	52.0	300	139	3	9	306	11	307	2.46e-94	281
WP_055840639.1	iAF987.Gmet_1558	51.3	302	139	3	4	302	6	302	1.66e-92	276
WP_055840664.1	iSynCJ816.SGL_RS12080	61.3	341	130	2	7	346	2	341	2.98e-150	426
WP_055840664.1	iJN1463.PP_1086	59.8	341	136	1	7	346	3	343	8.30e-142	405
WP_055840664.1	iCN718.ABAYE_RS13245	57.8	341	142	2	7	345	2	342	5.54e-139	397
WP_055840664.1	iPC815.YPO1587	56.1	344	150	1	4	346	3	346	2.79e-135	388
WP_055840667.1	iJN1463.PP_1418	34.0	256	152	9	4	251	2	248	5.57e-23	97.1
WP_055840670.1	iYO844.BSU19710	31.0	200	114	7	79	259	87	281	6.78e-10	60.1
WP_055840670.1	iCN900.CD630_03030	33.3	132	78	6	87	212	100	227	2.00e-08	55.5
WP_055840675.1	iJN1463.PP_1167	36.0	428	263	4	3	427	3	422	8.70e-65	213
WP_055840675.1	STM_v1_0.STM3672	33.2	407	264	5	17	422	17	416	6.80e-58	195
WP_055840678.1	STM_v1_0.STM3673	33.3	261	165	4	57	317	50	301	7.91e-41	145
WP_055840678.1	iML1515.b3579	32.8	262	167	4	56	317	49	301	3.03e-40	144
WP_055840680.1	iAF987.Gmet_2629	35.0	300	177	4	435	724	249	540	8.58e-40	157
WP_055840680.1	iAF987.Gmet_0987	33.7	303	200	1	424	725	214	516	2.42e-35	143
WP_055840684.1	iJN1463.PP_0112	58.1	241	98	2	26	266	19	256	2.45e-98	288
WP_055840686.1	iJN1463.PP_1068	78.0	245	53	1	1	245	13	256	1.05e-136	384
WP_055840686.1	iCN718.ABAYE_RS10970	75.6	242	58	1	1	242	3	243	1.90e-130	368
WP_055840686.1	iYL1228.KPN_00678	74.9	243	58	2	1	243	1	240	9.83e-127	358
WP_055840686.1	iML1515.b0652	75.7	243	56	2	1	243	1	240	1.98e-126	357
WP_055840686.1	iSSON_1240.SSON_0606	75.7	243	56	2	1	243	1	240	1.98e-126	357
WP_055840686.1	iSF_1195.SF0629	75.3	243	57	2	1	243	1	240	3.27e-125	354
WP_055840686.1	iPC815.YPO2612	74.5	243	59	2	1	243	2	241	9.70e-125	353
WP_055840689.1	iJN1463.PP_1069	51.5	227	98	3	1	219	1	223	1.03e-65	202
WP_055840689.1	iCN718.ABAYE_RS10975	54.7	225	96	2	3	221	1	225	4.11e-63	195
WP_055840692.1	iJN1463.PP_1070	43.2	250	127	3	1	238	1	247	1.90e-64	200
WP_055840692.1	iYL1228.KPN_00680	42.4	243	127	3	1	232	1	241	1.71e-59	187
WP_055840692.1	STM_v1_0.STM0664	41.4	244	132	2	1	234	1	243	9.69e-59	186
WP_055840692.1	iPC815.YPO2614	41.6	243	129	3	1	232	1	241	1.94e-58	185
WP_055840692.1	iSSON_1240.SSON_0608	40.5	242	133	2	1	232	1	241	5.49e-58	184
WP_055840692.1	iML1515.b0654	40.5	242	133	2	1	232	1	241	1.10e-57	183
WP_055840692.1	iSF_1195.SF0627	40.5	242	133	2	1	232	1	241	1.56e-57	182
WP_055840694.1	iCN718.ABAYE_RS10985	43.2	287	161	2	5	290	9	294	1.91e-75	232
WP_055840694.1	iJN1463.PP_1071	45.8	299	155	5	3	295	6	303	2.59e-72	224
WP_055840694.1	iPC815.YPO2615	44.7	273	150	1	22	293	32	304	5.12e-69	216
WP_055840694.1	iSF_1195.SF0626	43.5	299	163	2	1	293	3	301	1.87e-68	214
WP_055840694.1	iSSON_1240.SSON_0609	43.1	299	164	2	1	293	3	301	1.49e-67	212
WP_055840694.1	iML1515.b0655	42.8	299	165	2	1	293	3	301	5.95e-67	211
WP_055840694.1	STM_v1_0.STM0665	44.4	270	149	1	25	293	38	307	2.00e-66	209
WP_055840699.1	iJN1463.PP_2130	29.1	646	396	15	39	672	51	646	1.56e-63	223
WP_055840703.1	iSynCJ816.SGL_RS04360	30.4	194	117	7	1	187	1	183	3.94e-16	72.4
WP_055840706.1	iAF987.Gmet_3085	43.5	168	90	1	426	588	454	621	2.35e-30	126
WP_055840706.1	iJN1463.PP_4670	43.1	167	90	2	421	582	237	403	3.64e-30	122
WP_055840706.1	iAF987.Gmet_0700	44.9	158	83	2	435	588	398	555	6.25e-27	115
WP_055840709.1	iAT_PLT_636.2954	28.0	132	88	4	2	133	6	130	8.51e-05	42.0
WP_055840709.1	iJN1463.PP_4619	37.2	78	46	1	52	129	46	120	2.02e-04	40.8
WP_055840709.1	iCHOv1.100764455	28.9	114	77	3	2	115	53	162	9.91e-04	39.3
WP_055840715.1	iAF987.Gmet_1914	31.9	116	77	1	440	553	3	118	4.32e-09	58.5
WP_055840715.1	iAF987.Gmet_0043	26.5	230	139	7	301	521	154	362	1.57e-08	57.0
WP_055840721.1	iJN1463.PP_3633	60.1	308	119	3	5	308	6	313	2.21e-117	340
WP_055840728.1	iJN1463.PP_3426	27.1	1073	689	24	1	1016	1	1037	7.33e-80	282
WP_055840728.1	iML1515.b2470	26.9	1057	697	24	4	1016	2	1026	1.06e-77	275
WP_055840728.1	iSSON_1240.SSON_2550	26.8	1057	698	24	4	1016	2	1026	3.63e-77	274
WP_055840728.1	iSF_1195.SF2512	26.8	1057	698	24	4	1016	2	1026	1.68e-76	272
WP_055840728.1	iSDY_1059.SDY_2654	26.7	1059	696	25	4	1016	2	1026	2.28e-76	271
WP_055840728.1	iJN1463.PP_1385	25.7	1066	704	24	4	1019	2	1029	1.15e-73	264
WP_055840740.1	iJN1463.PP_4619	29.1	199	124	6	14	205	14	202	1.15e-14	69.3
WP_055840743.1	STM_v1_0.STM1232	59.0	451	179	2	11	460	6	451	2.83e-189	534
WP_055840743.1	iCN718.ABAYE_RS05650	60.5	458	171	4	10	463	3	454	7.03e-189	533
WP_055840743.1	iSbBS512_1146.SbBS512_E1309	58.7	448	179	2	11	457	6	448	2.30e-188	532
WP_055840743.1	iSSON_1240.SSON_1149	58.7	448	179	2	11	457	6	448	2.30e-188	532
WP_055840743.1	iSF_1195.SF1150	58.7	448	179	2	11	457	6	448	4.64e-188	531
WP_055840743.1	iML1515.b1131	58.5	448	180	2	11	457	6	448	1.32e-187	530
WP_055840743.1	iSDY_1059.SDY_2021	58.3	448	181	2	11	457	6	448	1.32e-187	530
WP_055840743.1	iPC815.YPO1636	57.2	451	187	2	11	460	6	451	7.59e-187	528
WP_055840743.1	iYL1228.KPN_01139	57.9	451	184	2	11	460	6	451	2.50e-185	524
WP_055840743.1	iJN1463.PP_4016	58.4	454	184	2	11	463	6	455	4.09e-184	521
WP_055840765.1	iAF987.Gmet_1238	32.5	237	138	6	47	282	33	248	1.15e-27	111
WP_055840768.1	iJN1463.PP_1292	57.8	154	62	1	4	157	2	152	6.02e-49	154
WP_055840768.1	iML1515.b0783	54.1	159	67	2	1	157	1	155	6.14e-45	144
WP_055840768.1	iSbBS512_1146.SbBS512_E2569	54.1	159	67	2	1	157	1	155	6.14e-45	144
WP_055840768.1	iSDY_1059.SDY_0823	54.1	159	67	2	1	157	1	155	6.14e-45	144
WP_055840768.1	iSF_1195.SF0733	54.1	159	67	2	1	157	1	155	6.14e-45	144
WP_055840768.1	iEK1008.Rv3111	54.5	154	67	1	4	157	8	158	1.14e-44	144
WP_055840768.1	iSSON_1240.SSON_0762	53.5	159	68	2	1	157	1	155	2.48e-44	143
WP_055840768.1	iAF987.Gmet_1037	51.0	155	74	1	3	157	2	154	2.76e-43	140
WP_055840781.1	iCHOv1.100754792	36.2	733	349	10	4	678	365	1036	8.31e-132	414
WP_055840784.1	iCN718.ABAYE_RS15395	31.7	243	149	6	18	247	22	260	3.47e-28	107
WP_055840787.1	iAF987.Gmet_0069	42.6	169	85	4	222	381	138	303	2.32e-32	123
WP_055840787.1	iSbBS512_1146.SbBS512_E0302	39.5	167	97	2	220	382	199	365	1.49e-29	117
WP_055840787.1	iSDY_1059.SDY_0358	38.9	167	98	2	220	382	204	370	8.00e-29	115
WP_055840787.1	iAF987.Gmet_2425	43.4	166	84	5	221	379	182	344	3.00e-28	113
WP_055840787.1	iJN1463.PP_4405	41.5	159	86	3	225	379	175	330	2.91e-28	112
WP_055840833.1	iAF987.Gmet_0069	35.8	120	72	2	5	119	4	123	1.96e-15	73.6
WP_055840833.1	iAF987.Gmet_1919	27.4	201	133	4	4	194	3	200	1.61e-14	71.2
WP_055840833.1	iAF987.Gmet_2999	33.6	122	76	2	4	120	8	129	4.27e-14	70.1
WP_055840839.1	iPC815.YPO2690	56.0	184	80	1	6	189	4	186	4.63e-57	178
WP_055840839.1	iAF987.Gmet_2435	53.2	186	83	3	6	190	4	186	3.06e-55	173
WP_055840843.1	iPC815.YPO2691	73.8	692	167	5	10	697	7	688	0.0	918
WP_055840843.1	iYL1228.KPN_00716	71.1	689	181	5	6	691	3	676	8.09e-320	884
WP_055840843.1	iSSON_1240.SSON_0648	68.9	689	196	5	6	691	3	676	1.24e-311	863
WP_055840843.1	STM_v1_0.STM0705	68.9	695	198	5	6	697	3	682	7.12e-311	861
WP_055840843.1	iML1515.b0697	68.9	689	196	5	6	691	3	676	1.01e-310	861
WP_055840844.1	iPC815.YPO2692	62.2	590	192	3	1	590	1	559	4.87e-235	660
WP_055840844.1	iYL1228.KPN_00717	62.5	589	190	3	1	589	1	558	8.26e-233	654
WP_055840844.1	iSSON_1240.SSON_0649	60.1	587	203	4	1	587	1	556	1.20e-219	620
WP_055840844.1	STM_v1_0.STM0706	59.9	589	205	4	1	589	1	558	1.83e-219	620
WP_055840844.1	iML1515.b0698	60.1	587	203	4	1	587	1	556	2.42e-219	620
WP_055840847.1	iYL1228.KPN_01636	53.5	301	136	4	6	303	16	315	3.12e-100	296
WP_055840847.1	STM_v1_0.STM1525	52.8	301	138	4	6	303	9	308	1.15e-98	292
WP_055840847.1	iML1515.b1524	52.8	301	138	4	6	303	9	308	1.63e-98	291
WP_055840847.1	iSbBS512_1146.SbBS512_E1682	52.8	301	138	4	6	303	9	308	1.63e-98	291
WP_055840847.1	iSDY_1059.SDY_1631	52.8	301	138	4	6	303	9	308	1.63e-98	291
WP_055840847.1	iSSON_1240.SSON_1604	52.8	301	138	4	6	303	9	308	1.63e-98	291
WP_055840847.1	iSF_1195.SF1569	52.5	301	139	4	6	303	9	308	6.56e-98	290
WP_055840863.1	iEK1008.Rv2187	28.6	604	400	11	8	607	21	597	2.24e-63	220
WP_055840863.1	iEK1008.Rv1550	31.2	471	308	7	140	608	96	552	5.24e-56	199
WP_055840866.1	iYL1228.KPN_03819	29.9	328	183	7	3	309	7	308	3.88e-34	126
WP_055840866.1	STM_v1_0.STM3563	29.9	328	183	7	3	309	7	308	5.42e-34	125
WP_055840866.1	iML1515.b3457	29.6	328	184	7	3	309	7	308	2.06e-33	124
WP_055840866.1	iSbBS512_1146.SbBS512_E3865	29.6	328	184	7	3	309	7	308	2.06e-33	124
WP_055840866.1	iSSON_1240.SSON_3695	29.6	328	184	7	3	309	7	308	2.06e-33	124
WP_055840866.1	iSF_1195.SF3475	29.3	328	185	7	3	309	7	308	4.14e-32	120
WP_055840866.1	iLJ478.TM1136	27.8	313	208	6	1	309	1	299	9.57e-31	117
WP_055840866.1	iPC815.YPO3807	28.6	318	200	5	3	309	7	308	3.09e-30	115
WP_055840869.1	iAF987.Gmet_1821	32.6	279	172	4	60	338	45	307	1.63e-33	126
WP_055840873.1	iAF987.Gmet_1823	24.2	240	172	5	44	282	37	267	3.41e-04	42.4
WP_055840874.1	iLJ478.TM1139	47.1	242	119	5	21	261	5	238	1.29e-66	207
WP_055840874.1	iAF987.Gmet_1819	43.4	249	131	3	21	265	1	243	1.96e-59	189
WP_055840877.1	iAF692.Mbar_A0211	30.1	339	215	10	94	410	86	424	3.82e-34	131
WP_055840884.1	iJN1463.PP_1418	23.3	150	110	3	112	257	111	259	1.91e-04	42.4
WP_055840887.1	iAF987.Gmet_3085	37.8	706	402	9	193	880	200	886	4.96e-136	428
WP_055840887.1	iAF987.Gmet_2629	46.0	476	255	2	408	882	338	812	5.69e-126	399
WP_055840887.1	iAF987.Gmet_0957	46.1	451	241	2	438	886	178	628	3.39e-123	386
WP_055840902.1	iCHOv1.100763456	48.1	77	40	0	7	83	7	83	4.00e-19	79.0
WP_055840902.1	iMM904.YGR037C	42.1	76	44	0	8	83	6	81	2.92e-18	71.6
WP_055840905.1	iAF987.Gmet_1823	21.7	281	208	4	35	304	28	307	5.57e-11	63.2
WP_055840958.1	iAF987.Gmet_1677	52.4	504	220	7	12	509	3	492	4.52e-160	465
WP_055840958.1	iNF517.LLMG_RS05575	48.1	514	247	5	25	527	19	523	6.63e-154	450
WP_055840967.1	iEK1008.Rv1237	30.2	255	174	2	19	270	19	272	2.31e-30	114
WP_055840967.1	iYS854.USA300HOU_RS01105	30.3	261	177	4	12	268	16	275	1.37e-29	112
WP_055840967.1	iSynCJ816.SGL_RS16650	26.8	220	159	1	53	270	77	296	1.53e-26	104
WP_055840970.1	iEK1008.Rv2040c	32.6	172	113	2	108	276	109	280	6.55e-21	90.1
WP_055840970.1	iYO844.BSU06980	28.2	241	161	9	50	282	60	296	3.40e-19	85.5
WP_055840970.1	iYO844.BSU30280	25.1	291	209	7	6	290	14	301	5.44e-18	82.0
WP_055840972.1	iJN1463.PP_1018	38.7	331	185	6	24	339	21	348	3.10e-66	213
WP_055840972.1	STM_v1_0.STM3554	38.3	326	183	5	26	340	22	340	1.25e-64	208
WP_055840972.1	iPC815.YPO3793	38.3	332	195	5	27	352	23	350	7.15e-64	206
WP_055840972.1	iML1515.b3450	38.2	322	189	5	26	340	22	340	5.44e-63	204
WP_055840972.1	iEK1008.Rv1238	41.9	303	157	5	1	292	1	295	1.45e-62	204
WP_055840972.1	iYL1228.KPN_03810	38.2	322	189	5	26	340	22	340	4.25e-62	202
WP_055840972.1	iSbBS512_1146.SbBS512_E3873	37.9	322	190	5	26	340	22	340	8.43e-62	201
WP_055840974.1	iPC815.YPO3793	36.2	356	220	5	3	353	4	357	2.19e-59	195
WP_055840974.1	iJN1463.PP_1018	35.9	357	216	6	3	346	4	360	4.79e-58	192
WP_055840974.1	iML1515.b3450	36.7	349	211	5	3	344	4	349	5.02e-57	189
WP_055840974.1	iYL1228.KPN_03810	36.7	349	211	5	3	344	4	349	2.76e-56	187
WP_055840974.1	iSbBS512_1146.SbBS512_E3873	36.4	349	212	5	3	344	4	349	7.68e-56	186
WP_055840974.1	STM_v1_0.STM3554	36.4	349	212	6	3	344	4	349	3.51e-53	179
WP_055840977.1	iAF987.Gmet_1676	60.3	491	191	2	1	491	1	487	1.33e-198	561
WP_055840977.1	iLJ478.TM1430	54.9	481	213	1	1	481	1	477	1.27e-190	540
WP_055840977.1	iJN1463.PP_1075	53.1	505	202	3	3	494	9	491	3.50e-177	506
WP_055840981.1	iJN1463.PP_5095	47.0	268	140	2	14	280	6	272	9.07e-68	211
WP_055840985.1	iJN1463.PP_5318	46.0	300	140	2	18	317	19	296	2.01e-75	233
WP_055840985.1	STM_v1_0.STM4234	44.7	302	145	1	13	314	8	287	7.56e-74	229
WP_055840985.1	iYL1228.KPN_04428	44.6	294	141	1	21	314	16	287	2.90e-70	219
WP_055840991.1	iCHOv1.100765075	33.3	63	36	2	81	138	87	148	2.99e-04	38.9
WP_055840997.1	iYO844.BSU15910	37.1	248	146	3	12	257	5	244	2.08e-41	142
WP_055840997.1	iCN718.ABAYE_RS11380	37.3	249	143	4	12	257	6	244	3.45e-39	136
WP_055840997.1	iYS854.USA300HOU_RS06185	38.9	247	141	4	14	258	5	243	7.29e-38	132
WP_055841005.1	iJN1463.PP_0832	56.4	351	133	5	17	362	3	338	9.89e-118	344
WP_055841007.1	iMM1415.230027	24.5	151	102	3	234	373	103	252	2.83e-07	52.0
WP_055841007.1	iCHOv1.100763494	27.5	109	71	2	272	373	146	253	2.74e-06	48.9
WP_055841007.1	iJN1463.PP_1765	25.9	112	78	2	266	373	39	149	3.38e-06	47.8
WP_055841007.1	iLB1027_lipid.PHATRDRAFT_9984	31.6	98	60	2	278	369	61	157	6.92e-06	47.0
WP_055841012.1	iJN1463.PP_0833	59.0	385	136	4	7	391	1	363	1.92e-158	450
WP_055841014.1	STM_v1_0.STM3920	56.6	369	158	2	1	367	1	369	2.68e-140	403
WP_055841014.1	iML1515.b3786	56.9	369	157	2	1	367	1	369	5.39e-140	402
WP_055841014.1	iSbBS512_1146.SbBS512_E4135	56.9	369	157	2	1	367	1	369	7.65e-140	402
WP_055841014.1	iSDY_1059.SDY_3962	56.6	369	158	2	1	367	15	383	1.75e-139	402
WP_055841014.1	iSSON_1240.SSON_3958	56.6	369	158	2	1	367	15	383	1.75e-139	402
WP_055841014.1	iPC815.YPO3864	55.3	369	163	2	1	367	1	369	1.01e-137	397
WP_055841014.1	iSF_1195.SF3860	56.1	369	160	2	1	367	15	383	6.59e-137	395
WP_055841014.1	iYL1228.KPN_04286	57.6	354	148	2	16	367	1	354	1.62e-135	390
WP_055841014.1	iJN1463.PP_1811	53.9	373	169	3	1	371	3	374	1.90e-131	381
WP_055841014.1	iAF987.Gmet_1489	53.1	377	172	4	6	377	3	379	1.89e-129	376
WP_055841027.1	iJN1463.PP_1279	24.4	270	188	9	37	295	85	349	1.24e-10	61.6
WP_055841029.1	iJN1463.PP_1279	31.7	293	183	9	82	362	70	357	1.57e-18	85.9
WP_055841032.1	iJN1463.PP_1280	37.9	419	204	12	1	407	1	375	5.45e-71	234
WP_055841037.1	iYO844.BSU38500	35.3	490	282	9	15	472	13	499	1.36e-87	276
WP_055841040.1	iYO844.BSU38520	48.1	54	27	1	5	58	6	58	1.16e-06	41.6
WP_055841046.1	iJN1463.PP_1418	29.7	249	159	9	4	242	6	248	3.57e-12	65.9
WP_055841063.1	iPC815.YPO1358	60.7	575	221	2	5	579	4	573	6.36e-242	677
WP_055841063.1	iSDY_1059.SDY_2392	59.1	575	229	2	5	579	4	572	3.31e-239	670
WP_055841063.1	iYL1228.KPN_00904	60.2	575	223	4	5	579	7	575	1.05e-238	669
WP_055841063.1	iSbBS512_1146.SbBS512_E2460	59.3	575	228	2	5	579	4	572	2.70e-238	668
WP_055841063.1	iSSON_1240.SSON_0857	59.3	575	228	2	5	579	4	572	2.70e-238	668
WP_055841063.1	STM_v1_0.STM0935	59.8	577	222	4	5	579	4	572	3.82e-238	667
WP_055841063.1	iSF_1195.SF0826	59.1	575	229	2	5	579	4	572	3.82e-238	667
WP_055841063.1	iML1515.b0871	59.3	575	228	2	5	579	4	572	5.42e-238	667
WP_055841066.1	iJN1463.PP_1700	46.6	641	324	6	6	643	31	656	1.89e-179	524
WP_055841075.1	iJN1463.PP_5270	45.2	416	218	3	1	416	1	406	3.96e-123	364
WP_055841075.1	iJN1463.PP_4434	44.0	416	223	3	1	416	1	406	2.72e-120	357
WP_055841075.1	iYL1228.KPN_02309	42.3	433	239	3	1	433	1	422	1.49e-111	334
WP_055841075.1	iPC815.YPO2147	42.8	416	227	3	1	416	1	405	1.27e-110	332
WP_055841075.1	iCN718.ABAYE_RS18740	42.3	409	225	4	1	409	1	398	2.71e-109	328
WP_055841081.1	iLB1027_lipid.PHATRDRAFT_45605	32.4	339	176	12	4	299	3	331	8.52e-36	131
WP_055841112.1	iJN1463.PP_1418	27.2	239	157	8	17	245	17	248	4.14e-14	71.6
WP_055841115.1	iML1515.b2371	35.5	377	235	4	22	397	9	378	2.49e-79	249
WP_055841119.1	iAF987.Gmet_1716	31.3	256	169	4	15	266	8	260	1.95e-21	90.1
WP_055841119.1	iAF987.Gmet_2071	30.4	253	169	4	17	265	10	259	1.95e-21	90.1
WP_055841119.1	iAF987.Gmet_1524	32.2	255	159	6	19	266	9	256	3.46e-20	86.7
WP_055841119.1	iEK1008.Rv3373	34.6	179	112	3	8	182	33	210	3.01e-20	85.9
WP_055841119.1	iML1515.b0036	32.7	263	162	6	13	266	5	261	3.66e-19	84.0
WP_055841119.1	iSF_1195.SF0033	32.7	263	162	6	13	266	41	297	6.11e-19	84.0
WP_055841119.1	iAF987.Gmet_3291	32.4	259	148	6	20	263	14	260	1.38e-18	82.4
WP_055841119.1	STM_v1_0.STM0070	32.3	263	163	6	13	266	5	261	1.34e-18	82.4
WP_055841119.1	iSSON_1240.SSON_0042	32.3	263	163	6	13	266	41	297	4.16e-18	81.6
WP_055841122.1	iAF987.Gmet_1917	42.5	167	93	1	302	468	248	411	6.21e-31	123
WP_055841124.1	iAF987.Gmet_3085	39.0	695	414	6	62	749	192	883	1.20e-146	452
WP_055841124.1	iAF987.Gmet_2629	45.4	546	294	3	206	750	266	808	1.36e-134	418
WP_055841127.1	iAF987.Gmet_2125	26.2	527	334	13	28	522	19	522	4.18e-31	126
WP_055841143.1	iJN1463.PP_4935	31.7	486	302	9	250	724	122	588	1.60e-49	183
WP_055841143.1	iMM1415.18670	41.3	242	137	3	489	725	1026	1267	5.08e-47	180
WP_055841143.1	iAF987.Gmet_2349	35.3	331	202	4	398	726	247	567	3.05e-48	179
WP_055841143.1	iJN1463.PP_3466	28.5	572	370	13	153	705	6	557	1.03e-47	177
WP_055841143.1	iCHOv1.100682535	41.3	242	137	3	489	725	1031	1272	3.89e-45	174
WP_055841143.1	iYL1228.KPN_00941	43.8	240	130	3	489	724	337	575	2.77e-46	173
WP_055841143.1	STM_v1_0.STM0984	44.2	240	129	3	489	724	337	575	3.77e-46	173
WP_055841143.1	iCHOv1.100762480	38.3	266	156	5	468	727	1053	1316	1.69e-43	169
WP_055841143.1	iML1515.b0914	42.9	240	132	3	489	724	337	575	8.17e-45	169
WP_055841143.1	iSbBS512_1146.SbBS512_E2410	42.9	240	132	3	489	724	337	575	8.17e-45	169
WP_055841143.1	iSDY_1059.SDY_2344	42.9	240	132	3	489	724	337	575	8.17e-45	169
WP_055841143.1	iSF_1195.SF0910	42.9	240	132	3	489	724	337	575	8.17e-45	169
WP_055841143.1	iSSON_1240.SSON_0916	42.9	240	132	3	489	724	337	575	1.11e-44	169
WP_055841146.1	iPC815.YPO1395	39.8	259	153	2	740	995	321	579	2.01e-42	164
WP_055841146.1	iMM1415.18670	40.0	265	151	5	735	991	1002	1266	6.52e-41	163
WP_055841146.1	iCHOv1.100682535	39.2	260	150	5	740	991	1012	1271	1.37e-39	159
WP_055841146.1	STM_v1_0.STM0984	27.8	510	335	9	497	995	92	579	1.67e-40	158
WP_055841146.1	iML1515.b0914	27.5	510	337	9	497	995	92	579	7.55e-39	153
WP_055841146.1	iSbBS512_1146.SbBS512_E2410	27.5	510	337	9	497	995	92	579	7.55e-39	153
WP_055841146.1	iSDY_1059.SDY_2344	27.5	510	337	9	497	995	92	579	7.55e-39	153
WP_055841146.1	iSF_1195.SF0910	27.5	510	337	9	497	995	92	579	7.55e-39	153
WP_055841146.1	iSSON_1240.SSON_0916	27.5	510	337	9	497	995	92	579	7.55e-39	153
WP_055841146.1	iAF987.Gmet_2349	29.1	557	353	12	452	991	34	565	2.13e-38	151
WP_055841146.1	iPC815.YPO3144	37.9	243	145	4	758	997	338	577	1.04e-37	150
WP_055841146.1	iCHOv1.100762480	37.7	236	142	3	757	988	416	650	4.21e-36	148
WP_055841146.1	iEK1008.Rv1348	40.2	234	136	3	755	986	604	835	2.12e-36	148
WP_055841151.1	iYO844.BSU13110	49.3	278	138	2	7	281	22	299	4.37e-91	271
WP_055841151.1	iJN1463.PP_1943	50.2	281	139	1	2	281	4	284	3.18e-90	269
WP_055841151.1	iJN1463.PP_1367	48.6	280	140	2	5	281	4	282	6.18e-87	260
WP_055841151.1	iJN1463.PP_0327	49.8	277	138	1	5	280	8	284	6.59e-87	260
WP_055841151.1	iCN718.ABAYE_RS16520	48.7	279	137	3	7	281	11	287	8.52e-83	250
WP_055841165.1	iCN900.CD630_26230	31.7	230	152	3	1	226	4	232	1.16e-28	107
WP_055841165.1	iMM1415.114863	35.1	248	138	9	4	232	13	256	2.69e-27	105
WP_055841177.1	iNF517.LLMG_RS12530	39.3	280	169	1	17	296	4	282	6.49e-61	195
WP_055841177.1	iYO844.BSU13960	37.4	281	175	1	15	295	3	282	7.69e-55	179
WP_055841180.1	iJN1463.PP_1323	48.2	195	101	0	2	196	1	195	1.07e-50	162
WP_055841188.1	iJN1463.PP_4209	37.2	363	223	2	34	391	29	391	1.74e-65	213
WP_055841193.1	STM_v1_0.STM0659	28.8	229	141	7	10	237	8	215	5.96e-11	63.9
WP_055841193.1	iML1515.b0650	27.1	229	145	7	10	237	8	215	9.97e-10	60.1
WP_055841193.1	iSbBS512_1146.SbBS512_E0599	27.1	229	145	7	10	237	8	215	1.32e-09	59.7
WP_055841193.1	iSSON_1240.SSON_0604	26.6	229	146	7	10	237	8	215	2.32e-09	58.9
WP_055841195.1	iAF987.Gmet_1624	47.3	148	78	0	3	150	2	149	1.51e-36	128
WP_055841195.1	iJN1463.PP_0514	49.0	145	72	2	7	150	12	155	1.31e-35	126
WP_055841195.1	iCN718.ABAYE_RS17645	43.3	141	80	0	10	150	11	151	8.24e-33	118
WP_055841195.1	iSDY_1059.SDY_0320	43.7	142	80	0	9	150	6	147	9.08e-33	118
WP_055841195.1	iSF_1195.SF0351	43.7	142	80	0	9	150	6	147	9.08e-33	118
WP_055841195.1	iSSON_1240.SSON_0391	43.7	142	80	0	9	150	6	147	9.08e-33	118
WP_055841195.1	iML1515.b0414	43.0	142	81	0	9	150	6	147	2.48e-32	117
WP_055841195.1	iSbBS512_1146.SbBS512_E0335	43.0	142	81	0	9	150	6	147	2.48e-32	117
WP_055841195.1	iYL1228.KPN_00366	51.8	112	52	1	26	135	23	134	9.48e-32	115
WP_055841209.1	iML1515.b0463	47.0	379	186	5	16	391	8	374	4.64e-100	304
WP_055841209.1	iSSON_1240.SSON_0450	46.7	379	187	5	16	391	8	374	1.31e-99	303
WP_055841209.1	iSF_1195.SF0408	47.0	379	186	5	16	391	8	374	1.85e-99	302
WP_055841209.1	iSDY_1059.SDY_0456	46.7	379	187	5	16	391	8	374	5.23e-99	301
WP_055841209.1	STM_v1_0.STM3390	45.2	383	194	5	10	391	6	373	3.63e-96	293
WP_055841209.1	iSbBS512_1146.SbBS512_E3648	44.6	383	196	5	10	391	6	373	4.08e-95	291
WP_055841209.1	iML1515.b3265	44.4	383	197	5	10	391	6	373	1.63e-94	289
WP_055841209.1	iJN1463.PP_1386	45.4	377	179	6	16	391	8	358	7.05e-93	285
WP_055841209.1	iPC815.YPO3132	43.0	377	199	5	20	391	10	375	1.11e-91	282
WP_055841209.1	iYL1228.KPN_03672	44.7	378	190	5	16	391	8	368	1.35e-91	281
WP_055841211.1	iYL1228.KPN_03673	55.1	1029	457	4	1	1025	1	1028	0.0	1076
WP_055841211.1	iML1515.b3266	55.5	1034	456	3	1	1030	1	1034	0.0	1076
WP_055841211.1	STM_v1_0.STM3391	55.1	1029	458	3	1	1025	1	1029	0.0	1073
WP_055841211.1	iML1515.b0462	53.5	1046	479	5	1	1041	1	1044	0.0	1041
WP_055841211.1	iJN1463.PP_1385	52.5	1040	485	6	1	1035	1	1036	0.0	1003
WP_055841211.1	iML1515.b2470	50.9	1027	502	1	1	1025	1	1027	0.0	983
WP_055841211.1	iSF_1195.SF2512	50.8	1027	503	1	1	1025	1	1027	0.0	983
WP_055841211.1	iSSON_1240.SSON_2550	50.9	1027	502	1	1	1025	1	1027	0.0	982
WP_055841211.1	iSDY_1059.SDY_2654	50.6	1027	505	1	1	1025	1	1027	0.0	976
WP_055841214.1	iJN1463.PP_1384	49.1	470	226	6	15	478	6	468	4.66e-126	375
WP_055841271.1	iYL1228.KPN_04136	55.3	123	55	0	1	123	1	123	4.20e-40	130
WP_055841271.1	STM_v1_0.STM3864	55.3	123	55	0	1	123	1	123	4.20e-40	130
WP_055841271.1	iML1515.b3731	53.5	129	60	0	1	129	1	129	8.45e-40	130
WP_055841271.1	iSDY_1059.SDY_4017	53.5	129	60	0	1	129	1	129	8.45e-40	130
WP_055841271.1	iSSON_1240.SSON_3888	53.5	129	60	0	1	129	1	129	8.45e-40	130
WP_055841271.1	iSF_1195.SF3811	53.2	126	59	0	4	129	2	127	9.18e-39	127
WP_055841271.1	iSbBS512_1146.SbBS512_E4190	52.7	129	61	0	1	129	1	129	1.38e-38	127
WP_055841271.1	iPC815.YPO4120	51.6	122	59	0	2	123	3	124	5.37e-36	120
WP_055841274.1	STM_v1_0.STM3865	80.5	466	82	2	10	473	2	460	8.90e-263	721
WP_055841274.1	iYL1228.KPN_04137	80.3	466	83	2	10	473	2	460	2.55e-262	720
WP_055841274.1	iML1515.b3732	80.3	466	83	2	10	473	2	460	3.61e-262	719
WP_055841274.1	iSbBS512_1146.SbBS512_E4189	80.3	466	83	2	10	473	2	460	3.61e-262	719
WP_055841274.1	iSF_1195.SF3812	80.3	466	83	2	10	473	2	460	3.61e-262	719
WP_055841274.1	iSSON_1240.SSON_3887	80.3	466	83	2	10	473	2	460	3.61e-262	719
WP_055841274.1	iSDY_1059.SDY_4016	80.3	466	83	2	10	473	2	460	7.29e-262	719
WP_055841274.1	iPC815.YPO4121	78.8	466	90	2	10	473	2	460	6.94e-260	714
WP_055841274.1	iJN1463.PP_5413	78.9	464	91	1	10	473	2	458	1.84e-259	712
WP_055841277.1	STM_v1_0.STM3866	57.3	288	122	1	1	288	1	287	2.99e-112	325
WP_055841277.1	iML1515.b3733	56.6	288	124	1	1	288	1	287	3.46e-111	322
WP_055841277.1	iSbBS512_1146.SbBS512_E4188	56.6	288	124	1	1	288	1	287	3.46e-111	322
WP_055841277.1	iSDY_1059.SDY_4015	56.6	288	124	1	1	288	1	287	3.46e-111	322
WP_055841277.1	iSF_1195.SF3813	56.6	288	124	1	1	288	1	287	3.46e-111	322
WP_055841277.1	iYL1228.KPN_04138	55.9	288	126	1	1	288	1	287	1.98e-110	320
WP_055841277.1	iSSON_1240.SSON_3886	56.3	288	125	1	1	288	1	287	2.81e-110	320
WP_055841277.1	iPC815.YPO4122	54.2	288	131	1	1	288	1	287	6.14e-107	311
WP_055841277.1	iJN1463.PP_5414	55.2	288	127	2	1	288	1	286	1.49e-102	300
WP_055841281.1	iJN1463.PP_5415	71.1	512	143	1	2	513	3	509	1.19e-254	704
WP_055841281.1	iML1515.b3734	68.2	513	158	1	1	513	1	508	2.15e-245	681
WP_055841281.1	STM_v1_0.STM3867	68.2	513	158	1	1	513	1	508	2.15e-245	681
WP_055841281.1	iSDY_1059.SDY_4014	68.2	513	158	1	1	513	1	508	2.15e-245	681
WP_055841281.1	iSF_1195.SF3814	68.2	513	158	1	1	513	1	508	2.15e-245	681
WP_055841281.1	iSSON_1240.SSON_3885	68.2	513	158	1	1	513	1	508	2.15e-245	681
WP_055841281.1	iPC815.YPO4123	68.8	513	155	1	1	513	1	508	2.15e-245	681
WP_055841281.1	iYL1228.KPN_04139	68.0	513	159	1	1	513	1	508	1.24e-244	679
WP_055841281.1	iSbBS512_1146.SbBS512_E4187	68.0	513	159	1	1	513	1	508	1.24e-244	679
WP_055841284.1	iPC815.YPO4124	34.5	174	108	3	1	171	1	171	9.72e-24	91.7
WP_055841284.1	iJN1463.PP_5416	33.5	176	116	1	1	175	1	176	1.09e-22	89.0
WP_055841284.1	iAF987.Gmet_3409	33.3	171	107	3	7	172	6	174	2.66e-20	82.8
WP_055841287.1	iPC815.YPO4125	36.5	156	99	0	1	156	1	156	4.77e-23	88.6
WP_055841287.1	STM_v1_0.STM3869	35.9	156	100	0	1	156	1	156	3.76e-22	86.3
WP_055841287.1	iML1515.b3736	35.9	156	100	0	1	156	1	156	1.05e-21	85.1
WP_055841287.1	iSbBS512_1146.SbBS512_E4185	35.9	156	100	0	1	156	1	156	1.05e-21	85.1
WP_055841287.1	iSDY_1059.SDY_4012	35.9	156	100	0	1	156	1	156	1.05e-21	85.1
WP_055841287.1	iSF_1195.SF3816	35.9	156	100	0	1	156	1	156	1.05e-21	85.1
WP_055841287.1	iSSON_1240.SSON_3883	35.9	156	100	0	1	156	1	156	1.05e-21	85.1
WP_055841287.1	iYL1228.KPN_04141	36.6	153	97	0	4	156	2	154	1.41e-21	84.7
WP_055841290.1	iJN1463.PP_5418	63.8	80	29	0	1	80	1	80	2.72e-27	94.4
WP_055841292.1	iPC815.YPO4127	44.7	295	139	7	1	292	1	274	3.38e-71	220
WP_055841292.1	iJN1463.PP_5419	44.7	302	139	9	1	290	1	286	9.70e-69	214
WP_055841292.1	STM_v1_0.STM3871	44.9	294	137	7	1	292	1	271	6.36e-68	212
WP_055841292.1	iML1515.b3738	44.6	294	138	8	1	292	1	271	1.27e-67	211
WP_055841292.1	iSbBS512_1146.SbBS512_E4183	44.6	294	138	8	1	292	1	271	1.27e-67	211
WP_055841292.1	iSDY_1059.SDY_4010	44.6	294	138	8	1	292	1	271	1.27e-67	211
WP_055841292.1	iSSON_1240.SSON_3881	44.6	294	138	8	1	292	1	271	1.27e-67	211
WP_055841292.1	iSF_1195.SF3818	44.2	294	139	8	1	292	1	271	3.60e-67	210
WP_055841292.1	iYL1228.KPN_04143	44.4	286	136	7	9	292	2	266	7.00e-66	206
WP_055841299.1	iJN1463.PP_4801	46.4	211	91	1	8	218	11	199	2.72e-57	180
WP_055841299.1	iML1515.b0630	46.4	192	81	1	8	199	11	180	6.74e-52	166
WP_055841299.1	iSbBS512_1146.SbBS512_E0621	46.4	192	81	1	8	199	11	180	6.74e-52	166
WP_055841299.1	iSDY_1059.SDY_0552	47.8	180	72	1	20	199	1	158	1.97e-51	164
WP_055841299.1	iSSON_1240.SSON_0584	47.8	180	72	1	20	199	1	158	1.97e-51	164
WP_055841299.1	iSF_1195.SF0651	47.8	180	72	1	20	199	1	158	2.79e-51	164
WP_055841302.1	iJN1463.PP_4800	70.6	303	85	3	21	321	31	331	3.53e-153	432
WP_055841302.1	iML1515.b0628	62.0	305	113	1	21	322	12	316	4.60e-140	399
WP_055841302.1	iSDY_1059.SDY_0550	62.0	305	113	1	21	322	12	316	4.60e-140	399
WP_055841302.1	iSF_1195.SF0653	62.0	305	113	1	21	322	12	316	4.60e-140	399
WP_055841302.1	iSSON_1240.SSON_0582	62.0	305	113	1	21	322	12	316	4.60e-140	399
WP_055841302.1	iSbBS512_1146.SbBS512_E0542	62.0	305	113	1	21	322	12	316	9.27e-140	398
WP_055841306.1	iSF_1195.SF1752	27.0	241	150	8	52	276	55	285	6.40e-09	55.5
WP_055841306.1	iSSON_1240.SSON_1651	27.0	241	150	8	52	276	55	285	6.40e-09	55.5
WP_055841306.1	iML1515.b1473	27.0	241	150	8	52	276	55	285	8.61e-09	55.1
WP_055841306.1	iSDY_1059.SDY_1603	27.0	241	150	8	52	276	55	285	8.61e-09	55.1
WP_055841309.1	iCN900.CD630_27550	37.4	572	333	7	7	577	5	552	6.34e-124	376
WP_055841309.1	iYS854.USA300HOU_RS05400	37.5	581	333	8	1	577	1	555	9.24e-121	368
WP_055841309.1	iYO844.BSU13910	37.1	574	336	7	5	577	4	553	1.92e-119	365
WP_055841309.1	iNF517.LLMG_RS00675	36.8	585	334	13	1	577	1	557	2.62e-114	352
WP_055841309.1	STM_v1_0.STM2432	37.1	556	327	5	5	559	2	535	1.46e-113	350
WP_055841309.1	iSDY_1059.SDY_2613	37.2	556	326	5	5	559	2	535	2.05e-113	349
WP_055841309.1	iSF_1195.SF2471	37.2	556	326	5	5	559	2	535	2.05e-113	349
WP_055841309.1	iSSON_1240.SSON_2505	37.2	556	326	5	5	559	2	535	2.05e-113	349
WP_055841309.1	iML1515.b2416	37.2	556	326	5	5	559	2	535	2.89e-113	349
WP_055841309.1	iSbBS512_1146.SbBS512_E2764	37.2	556	326	5	5	559	2	535	4.08e-113	348
WP_055841309.1	iYL1228.KPN_02763	36.9	556	328	5	5	559	2	535	8.92e-112	345
WP_055841312.1	iYS854.USA300HOU_RS05395	36.6	82	52	0	1	82	1	82	5.10e-13	58.5
WP_055841322.1	STM_v1_0.STM1788	26.3	213	118	10	7	182	21	231	2.97e-07	49.3
WP_055841322.1	iSbBS512_1146.SbBS512_E2341	24.4	217	117	8	7	182	13	223	1.75e-06	47.0
WP_055841322.1	iML1515.b0974	24.4	217	117	8	7	182	13	223	2.36e-06	46.6
WP_055841322.1	iSDY_1059.SDY_0949	24.4	217	117	8	7	182	13	223	2.36e-06	46.6
WP_055841322.1	iSF_1195.SF0975	24.4	217	117	8	7	182	13	223	3.20e-06	46.2
WP_055841329.1	iAM_Pc455.PCYB_022410	32.3	127	75	4	40	157	99	223	7.26e-15	69.3
WP_055841329.1	iAM_Pf480.PF3D7_0729200	31.4	105	70	2	40	143	102	205	1.45e-14	68.6
WP_055841329.1	iAM_Pv461.PVX_081760	31.5	127	76	4	40	157	99	223	2.69e-14	67.8
WP_055841329.1	iAM_Pb448.PBANKA_021330	29.5	105	72	2	40	143	107	210	1.46e-12	63.2
WP_055841362.1	STM_v1_0.STM0130	52.5	299	134	3	1	296	9	302	1.78e-100	297
WP_055841362.1	iSDY_1059.SDY_0122	52.5	299	134	3	1	296	9	302	1.78e-100	297
WP_055841362.1	iSF_1195.SF0089	52.5	299	134	3	1	296	9	302	1.78e-100	297
WP_055841362.1	iML1515.b0092	52.5	299	134	3	1	296	9	302	3.58e-100	296
WP_055841362.1	iSbBS512_1146.SbBS512_E0085	52.5	299	134	3	1	296	9	302	3.58e-100	296
WP_055841362.1	iSSON_1240.SSON_0100	52.5	299	134	3	1	296	9	302	3.58e-100	296
WP_055841362.1	iYL1228.KPN_00096	51.7	298	136	3	2	296	10	302	1.53e-96	287
WP_055841362.1	iPC815.YPO0557	50.2	299	141	3	1	296	9	302	1.06e-91	275
WP_055841365.1	iML1515.b0089	41.8	371	207	4	35	405	41	402	2.02e-92	284
WP_055841365.1	iJN1463.PP_1336	43.2	370	179	8	48	405	31	381	3.29e-85	265
WP_055841368.1	iML1515.b0086	42.0	462	250	7	1	460	2	447	3.68e-89	279
WP_055841368.1	iSDY_1059.SDY_0116	42.0	462	250	7	1	460	2	447	5.18e-89	279
WP_055841368.1	iSF_1195.SF0083	42.0	462	250	7	1	460	2	447	5.18e-89	279
WP_055841368.1	iSbBS512_1146.SbBS512_E0079	42.0	462	250	7	1	460	2	447	7.30e-89	278
WP_055841368.1	iSSON_1240.SSON_0094	42.0	462	250	7	1	460	2	447	7.30e-89	278
WP_055841368.1	iJN1463.PP_1333	42.2	460	246	9	3	459	5	447	6.22e-88	276
WP_055841368.1	iYL1228.KPN_00090	41.1	462	254	7	1	460	2	447	2.48e-86	272
WP_055841368.1	STM_v1_0.STM0124	42.5	440	237	6	23	460	22	447	5.40e-85	268
WP_055841368.1	iPC815.YPO0551	40.2	443	250	7	23	463	27	456	2.14e-78	251
WP_055841381.1	iAT_PLT_636.51166	25.8	326	212	8	157	455	127	449	2.71e-22	99.0
WP_055841381.1	iMM1415.23923	25.1	350	231	10	145	467	77	422	1.73e-20	93.2
WP_055841395.1	iJN1463.PP_2590	39.3	717	389	15	37	742	90	771	8.47e-140	429
WP_055841401.1	iNF517.LLMG_RS06045	29.1	247	143	5	1	240	7	228	1.10e-21	89.7
WP_055841401.1	iYS854.USA300HOU_RS07985	30.1	219	121	6	1	212	12	205	1.25e-20	87.0
WP_055841401.1	iCN900.CD630_20500	26.6	248	150	6	1	240	7	230	4.12e-19	82.8
WP_055841420.1	iML1515.b3003	42.0	274	156	3	34	305	17	289	2.60e-63	201
WP_055841441.1	iJN1463.PP_4211	31.7	438	265	4	82	512	51	461	4.15e-46	167
WP_055841461.1	STM_v1_0.STM1830	43.9	66	34	2	62	124	61	126	4.26e-08	50.4
WP_055841461.1	iML1515.b1817	42.4	66	35	2	62	124	61	126	1.07e-07	49.3
WP_055841461.1	iSbBS512_1146.SbBS512_E2083	42.4	66	35	2	62	124	61	126	1.07e-07	49.3
WP_055841461.1	iSF_1195.SF1411	42.4	66	35	2	62	124	61	126	1.07e-07	49.3
WP_055841461.1	iSSON_1240.SSON_1343	42.4	66	35	2	62	124	61	126	1.07e-07	49.3
WP_055841461.1	iCN900.CD630_02840	28.0	125	86	4	6	127	4	127	1.03e-07	47.8
WP_055841467.1	iLJ478.TM0115	24.7	490	261	16	13	463	24	444	1.16e-21	98.6
WP_055841467.1	iYO844.BSU02860	28.7	237	128	7	1	219	1	214	4.46e-22	95.1
WP_055841467.1	iJN1463.PP_4150	23.9	547	288	19	18	505	25	502	6.65e-20	93.2
WP_055841467.1	iML1515.b2180	23.6	517	292	16	18	486	24	485	2.03e-19	91.7
WP_055841467.1	STM_v1_0.STM2441	29.9	224	124	7	12	221	11	215	8.28e-20	91.3
WP_055841467.1	iML1515.b2422	28.6	231	134	6	4	221	3	215	2.00e-19	90.1
WP_055841467.1	iSbBS512_1146.SbBS512_E2794	29.0	231	133	6	4	221	3	215	2.00e-19	90.1
WP_055841467.1	iSDY_1059.SDY_2618	28.6	231	134	6	4	221	3	215	2.00e-19	90.1
WP_055841467.1	iYL1228.KPN_02770	28.6	231	134	6	4	221	3	215	3.57e-19	89.4
WP_055841467.1	iSSON_1240.SSON_2511	28.1	231	135	6	4	221	3	215	4.84e-19	89.0
WP_055841473.1	iAF987.Gmet_0069	34.8	112	65	4	1	108	1	108	1.25e-08	55.5
WP_055841488.1	iAF987.Gmet_0069	33.9	112	72	1	3	112	4	115	1.02e-16	73.6
WP_055841492.1	iAF987.Gmet_1917	34.3	140	85	3	9	146	2	136	3.61e-11	63.9
WP_055841495.1	iAF987.Gmet_1919	27.0	137	73	3	4	124	5	130	5.92e-08	51.6
WP_055841522.1	iCN900.CD630_02510	45.5	440	213	4	40	479	25	437	2.91e-117	351
WP_055841545.1	iAF987.Gmet_2351	42.7	361	205	2	2	362	3	361	1.22e-89	273
WP_055841569.1	iAF987.Gmet_0069	34.4	122	79	1	8	128	6	127	7.41e-17	74.3
WP_055841635.1	iAF987.Gmet_2417	26.0	181	129	2	228	403	208	388	3.21e-09	58.2
WP_055841638.1	iLB1027_lipid.PHATRDRAFT_52268	38.3	209	121	6	18	222	3	207	2.41e-36	126
WP_055841638.1	iCHOv1.100755288	33.2	220	139	5	7	222	11	226	3.95e-33	119
WP_055841640.1	iJN1463.PP_0243	44.5	515	260	5	1	494	1	510	6.07e-135	400
WP_055841643.1	iMM1415.64705	32.5	83	43	3	3	75	6	85	8.97e-05	44.3
WP_055841643.1	iHN637.CLJU_RS07520	30.6	62	34	1	5	66	11	63	4.51e-04	42.0
WP_055841643.1	iNF517.LLMG_RS07600	31.0	100	56	4	4	103	3	89	7.64e-04	41.2
WP_055841650.1	iSynCJ816.SGL_RS07665	45.3	234	125	3	3	233	4	237	3.81e-60	189
WP_055841650.1	iLJ478.TM1139	40.9	225	129	1	13	233	15	239	2.48e-55	176
WP_055841654.1	iJN1463.PP_1139	36.1	313	157	4	8	294	116	411	2.06e-45	158
WP_055841654.1	iJN1463.PP_4865	35.4	311	169	4	4	294	126	424	6.05e-43	152
WP_055841654.1	iSynCJ816.SGL_RS12165	33.2	367	166	6	4	295	5	367	1.75e-43	152
WP_055841654.1	iPC815.YPO3806	33.7	309	171	5	8	294	114	410	7.70e-42	149
WP_055841654.1	STM_v1_0.STM3562	33.7	309	171	5	8	294	114	410	1.05e-40	145
WP_055841654.1	iML1515.b3456	33.7	309	171	5	8	294	114	410	1.46e-40	145
WP_055841654.1	iYL1228.KPN_03818	33.0	309	173	4	8	294	114	410	2.04e-40	145
WP_055841654.1	iSF_1195.SF3474	33.7	309	171	5	8	294	114	410	2.04e-40	145
WP_055841654.1	iSbBS512_1146.SbBS512_E3866	33.0	309	173	4	8	294	114	410	3.97e-40	144
WP_055841654.1	iSSON_1240.SSON_3694	33.0	309	173	4	8	294	114	410	3.97e-40	144
WP_055841654.1	iSDY_1059.SDY_3605	33.0	309	173	4	8	294	114	410	5.53e-40	144
WP_055841657.1	iSynCJ816.SGL_RS11390	35.3	289	178	3	7	290	2	286	5.11e-46	156
WP_055841663.1	iMM904.YKR009C	55.4	224	98	1	3	226	5	226	3.46e-66	222
WP_055841663.1	iCHOv1.103161104	53.6	224	101	1	3	226	5	225	3.94e-65	214
WP_055841663.1	iMM1415.15488	51.5	241	113	2	3	242	5	242	2.68e-64	214
WP_055841669.1	iCN900.CD630_36640	22.1	317	238	5	159	466	60	376	1.63e-18	87.0
WP_055841669.1	iAT_PLT_636.51166	25.3	363	222	16	159	481	108	461	1.03e-17	85.1
WP_055841669.1	iYO844.BSU31400	29.1	223	150	7	164	379	61	282	5.01e-17	82.4
WP_055841671.1	iPC815.YPO0181	33.5	194	119	2	1	188	1	190	2.82e-19	81.3
WP_055841671.1	iYL1228.KPN_00233	33.1	178	114	3	17	193	17	190	7.43e-18	77.4
WP_055841677.1	iCN900.CD630_36640	39.5	390	227	4	6	387	6	394	3.96e-93	285
WP_055841682.1	iAF987.Gmet_0065	37.2	376	228	3	57	432	110	477	5.55e-70	228
WP_055841682.1	iCN900.CD630_01920	32.8	372	241	4	61	429	128	493	1.36e-62	209
WP_055841693.1	iSynCJ816.SGL_RS03900	27.2	668	365	18	12	652	25	598	5.42e-39	154
WP_055841700.1	iEK1008.Rv0018c	40.0	240	128	6	7	245	12	236	3.21e-35	131
WP_055841707.1	iYO844.BSU16100	62.8	298	102	3	1	298	1	289	7.83e-126	360
WP_055841707.1	iAF987.Gmet_2260	60.7	298	107	3	1	298	1	288	9.42e-125	357
WP_055841707.1	iAF987.Gmet_2068	60.1	298	109	3	1	298	1	288	4.54e-124	356
WP_055841707.1	iAF987.Gmet_0730	59.3	300	112	3	1	299	1	291	3.82e-124	356
WP_055841707.1	iYS854.USA300HOU_RS06270	59.3	300	113	2	1	300	1	291	2.13e-121	349
WP_055841707.1	iCN718.ABAYE_RS04455	54.4	298	129	2	1	298	1	291	6.35e-112	325
WP_055841710.1	iYO844.BSU16090	61.6	385	148	0	1	385	1	385	5.02e-165	467
WP_055841710.1	iAF987.Gmet_2261	62.1	385	146	0	1	385	1	385	1.05e-164	466
WP_055841710.1	iAF987.Gmet_2069	60.2	387	154	0	1	387	1	387	5.52e-160	454
WP_055841710.1	iYS854.USA300HOU_RS06265	60.6	386	152	0	1	386	1	386	9.37e-159	451
WP_055841713.1	iJN1463.PP_3633	52.4	311	135	4	2	306	4	307	1.81e-102	302
WP_055841718.1	iYL1228.KPN_01464	45.2	374	198	4	7	379	5	372	2.33e-104	312
WP_055841724.1	iAF987.Gmet_3085	31.1	132	65	5	27	148	216	331	5.25e-04	42.0
WP_055841726.1	iAF987.Gmet_1919	33.8	74	49	0	58	131	44	117	8.44e-06	45.4
WP_055841730.1	iSynCJ816.SGL_RS06585	31.1	395	243	8	84	453	263	653	2.63e-50	181
WP_055841730.1	iSynCJ816.SGL_RS06595	31.6	345	209	8	86	405	48	390	3.65e-48	171
WP_055841730.1	iSynCJ816.SGL_RS16580	30.6	372	216	6	97	439	276	634	1.30e-45	167
WP_055841730.1	iSynCJ816.SGL_RS16565	31.3	399	227	11	98	453	57	451	2.98e-46	166
WP_055841734.1	iSynCJ816.SGL_RS06590	43.4	228	129	0	77	304	46	273	1.36e-65	206
WP_055841734.1	iSynCJ816.SGL_RS16570	44.0	207	115	1	95	300	70	276	3.55e-58	187
WP_055841736.1	iSynCJ816.SGL_RS16580	51.9	239	108	2	36	274	28	259	2.24e-76	244
WP_055841736.1	iSynCJ816.SGL_RS06585	47.7	241	119	1	35	275	27	260	1.09e-72	234
WP_055841736.1	iSynCJ816.SGL_RS06580	44.9	263	135	2	17	276	19	274	2.41e-75	232
WP_055841736.1	iSynCJ816.SGL_RS16585	44.5	263	136	2	17	276	24	279	1.05e-75	231
WP_055841738.1	iML1515.b0340	43.2	146	82	1	3	147	11	156	5.74e-41	134
WP_055841738.1	iSynCJ816.SGL_RS14780	46.5	142	75	1	6	147	9	149	6.60e-41	133
WP_055841747.1	iJN1463.PP_1494	35.4	333	179	8	44	341	3	334	1.10e-35	132
WP_055841747.1	iAF987.Gmet_1298	34.0	253	157	5	93	339	96	344	1.14e-34	129
WP_055841747.1	iAF987.Gmet_2425	42.9	184	95	4	160	339	167	344	4.28e-33	125
WP_055841747.1	iAF987.Gmet_0069	38.5	179	106	1	170	344	128	306	2.03e-32	122
WP_055841756.1	iCHOv1.100766080	37.7	61	32	2	4	58	6	66	7.09e-05	42.4
WP_055841756.1	iAT_PLT_636.5223	37.7	61	32	2	4	58	6	66	7.09e-05	42.4
WP_055841756.1	iMM1415.18648	37.7	61	32	2	4	58	6	66	7.09e-05	42.4
WP_055841756.1	iPC815.YPO1133	37.7	61	32	2	4	58	6	66	4.14e-04	40.0
WP_055841759.1	iAF987.Gmet_2134	27.4	281	152	6	25	304	27	256	7.06e-15	73.6
WP_055841759.1	iEK1008.Rv0375c	29.6	314	156	9	27	329	16	275	1.71e-14	72.4
WP_055841772.1	iAF987.Gmet_1659	27.2	173	113	5	38	206	23	186	9.08e-08	51.6
WP_055841772.1	iLJ478.TM0413	27.4	168	100	7	37	194	28	183	3.22e-07	50.4
WP_055841775.1	iJN1463.PP_1843	40.1	322	191	1	2	323	4	323	6.18e-81	248
WP_055841783.1	iEK1008.Rv3569c	28.5	274	158	10	52	304	34	290	1.64e-10	60.5
WP_055841786.1	iPC815.YPO3831	41.5	212	117	2	1	212	1	205	2.81e-43	144
WP_055841786.1	iML1515.b3824	41.7	211	116	2	1	211	1	204	8.95e-42	140
WP_055841786.1	iSbBS512_1146.SbBS512_E4291	41.7	211	116	2	1	211	1	204	8.95e-42	140
WP_055841786.1	iYL1228.KPN_04320	40.8	211	118	2	1	211	1	204	2.01e-40	136
WP_055841786.1	STM_v1_0.STM3960	40.8	206	115	2	6	211	6	204	8.01e-40	135
WP_055841792.1	iJN1463.PP_1418	29.7	256	154	10	5	247	6	248	4.63e-13	68.6
WP_055841795.1	iAF987.Gmet_0069	32.8	119	76	2	3	117	5	123	9.34e-13	65.9
WP_055841803.1	iML1515.b1022	47.2	413	211	3	16	425	29	437	8.59e-136	396
WP_055841812.1	iAF987.Gmet_1914	30.3	109	68	5	707	812	2	105	3.19e-05	47.0
WP_055841812.1	iAF987.Gmet_0043	24.9	225	132	8	585	799	174	371	1.87e-04	44.7
WP_055841812.1	iAF987.Gmet_0987	27.1	140	87	3	315	446	225	357	3.57e-04	43.9
WP_055841815.1	iMM904.YKL218C	67.4	316	103	0	6	321	3	318	3.81e-157	442
WP_055841815.1	iCN718.ABAYE_RS05860	66.5	316	106	0	6	321	6	321	1.10e-155	438
WP_055841818.1	iAF692.Mbar_A3192	35.0	263	160	4	66	319	63	323	1.13e-31	120
WP_055841824.1	iJN1463.PP_2453	51.2	326	158	1	14	338	37	362	8.69e-100	298
WP_055841826.1	iJN1463.PP_1418	26.7	243	166	7	17	248	10	251	5.97e-06	47.0
WP_055841830.1	iML1515.b3997	58.5	359	133	5	5	362	4	347	4.10e-137	394
WP_055841830.1	iSbBS512_1146.SbBS512_E4488	58.5	359	133	5	5	362	4	347	4.10e-137	394
WP_055841830.1	iSSON_1240.SSON_4170	58.5	359	133	5	5	362	4	347	4.10e-137	394
WP_055841830.1	iSF_1195.SF4069	58.2	359	134	5	5	362	4	347	2.35e-136	392
WP_055841830.1	STM_v1_0.STM4167	57.9	359	135	5	5	362	4	347	3.34e-136	392
WP_055841830.1	iJN1463.PP_5074	58.4	358	133	5	5	361	4	346	9.51e-136	390
WP_055841830.1	iSDY_1059.SDY_3729	58.2	359	134	5	5	362	4	347	1.35e-135	390
WP_055841830.1	iYL1228.KPN_04379	56.5	359	140	5	5	362	4	347	7.24e-133	383
WP_055841830.1	iPC815.YPO3734	57.2	362	139	5	5	365	4	350	1.06e-132	383
WP_055841830.1	iCN718.ABAYE_RS05970	54.6	361	151	6	5	364	4	352	2.14e-125	364
WP_055841833.1	iJN1463.PP_3561	26.0	308	203	9	4	306	15	302	7.37e-04	40.4
WP_055841840.1	iAF987.Gmet_1823	29.7	138	85	2	17	147	15	147	1.67e-09	58.5
WP_055841843.1	iJN1463.PP_1444	49.1	877	352	10	12	883	14	801	7.72e-284	805
WP_055841843.1	iYL1228.KPN_00132	46.0	872	364	12	20	884	9	780	3.88e-258	739
WP_055841859.1	iSynCJ816.SGL_RS17805	36.7	384	224	5	17	394	31	401	8.55e-73	233
WP_055841867.1	iJN1463.PP_1418	31.7	126	73	4	151	263	136	261	8.53e-08	52.8
WP_055841870.1	iSbBS512_1146.SbBS512_E2058	47.8	360	178	5	1	353	1	357	7.16e-111	327
WP_055841870.1	iYO844.BSU04000	46.9	354	181	6	3	355	4	351	4.60e-110	325
WP_055841870.1	iML1515.b1800	47.5	360	179	5	1	353	1	357	1.64e-109	324
WP_055841870.1	iSSON_1240.SSON_1361	47.2	360	180	5	1	353	1	357	6.61e-109	322
WP_055841870.1	iSDY_1059.SDY_1701	46.9	360	181	5	1	353	1	357	7.55e-108	320
WP_055841870.1	iYL1228.KPN_01015	45.9	364	187	5	1	357	1	361	2.45e-106	316
WP_055841870.1	iPC815.YPO2496	45.3	362	188	5	1	355	5	363	7.58e-101	302
WP_055841870.1	iCN718.ABAYE_RS14760	43.3	363	196	5	1	356	1	360	5.74e-99	297
WP_055841890.1	iCN718.ABAYE_RS07665	40.5	190	107	3	2	190	9	193	8.78e-38	131
WP_055841890.1	iAF692.Mbar_A2989	33.7	190	112	3	3	186	2	183	3.78e-33	119
WP_055841903.1	iML1515.b1533	28.0	279	178	8	17	283	8	275	2.13e-11	63.2
WP_055841903.1	iYL1228.KPN_01622	25.4	287	194	6	17	293	8	284	1.28e-10	60.8
WP_055841906.1	iYL1228.KPN_04783	58.4	255	98	2	6	259	3	250	1.87e-94	278
WP_055841906.1	STM_v1_0.STM1106	57.6	255	100	2	6	259	3	250	4.68e-92	272
WP_055841906.1	iSSON_1240.SSON_4494	56.7	261	105	2	6	265	3	256	1.83e-91	271
WP_055841906.1	iSbBS512_1146.SbBS512_E4885	56.3	261	106	2	6	265	3	256	2.10e-90	268
WP_055841906.1	iSF_1195.SF4379	56.1	255	104	2	6	259	3	250	2.85e-89	265
WP_055841920.1	iAF987.Gmet_1392	32.8	262	162	6	4	257	3	258	3.68e-25	101
WP_055841923.1	iJN1463.PP_2554	40.2	249	137	5	12	258	7	245	1.74e-49	172
WP_055841926.1	iJN1463.PP_2553	46.6	427	220	5	22	442	10	434	1.69e-121	361
WP_055841928.1	iAF987.Gmet_1392	33.7	255	159	4	14	260	3	255	3.58e-28	109
WP_055841931.1	iJN1463.PP_2407	55.1	138	57	1	17	154	5	137	2.35e-47	150
WP_055841940.1	iSynCJ816.SGL_RS14000	42.3	248	143	0	1	248	18	265	1.83e-57	183
WP_055841946.1	iLB1027_lipid.PHATRDRAFT_36390	31.0	71	48	1	16	85	15	85	4.38e-05	42.7
WP_055841946.1	iCN718.ABAYE_RS00890	30.9	81	53	1	40	120	39	116	6.79e-05	42.0
WP_055841955.1	iJN1463.PP_2933	44.0	218	110	4	21	230	45	258	2.28e-51	167
WP_055841955.1	iML1515.b2302	43.8	210	110	3	20	228	1	203	1.28e-49	161
WP_055841955.1	iML1515.b2989	43.3	215	110	4	21	227	45	255	1.56e-47	158
WP_055841971.1	STM_v1_0.STM2786	44.2	330	176	2	8	337	2	323	5.66e-90	272
WP_055841971.1	iJN1463.PP_1418	44.9	296	161	2	43	337	30	324	1.13e-81	251
WP_055841975.1	iCN900.CD630_28190	28.6	357	231	8	5	359	4	338	1.92e-33	127
WP_055841995.1	STM_v1_0.STM0417	38.7	106	59	1	69	174	54	153	1.28e-13	64.7
WP_055841995.1	iJN1463.PP_0517	36.5	115	67	1	58	172	44	152	9.85e-13	62.4
WP_055841995.1	iAF987.Gmet_1627	34.5	113	68	1	58	170	43	149	1.81e-12	61.6
WP_055841995.1	iNF517.LLMG_RS07695	35.7	115	71	2	58	172	42	153	1.78e-12	61.6
WP_055841995.1	iEK1008.Rv1416	36.9	149	89	3	26	174	15	158	2.77e-12	61.2
WP_055841995.1	iCN900.CD630_16970	32.7	104	64	1	64	167	47	144	6.60e-12	60.1
WP_055841995.1	iML1515.b0415	35.8	106	62	1	69	174	54	153	6.98e-12	60.1
WP_055841995.1	iYL1228.KPN_00367	35.8	106	62	1	69	174	54	153	6.98e-12	60.1
WP_055841995.1	iSbBS512_1146.SbBS512_E0336	35.8	106	62	1	69	174	54	153	6.98e-12	60.1
WP_055841995.1	iSDY_1059.SDY_0319	35.8	106	62	1	69	174	54	153	6.98e-12	60.1
WP_055841995.1	iSF_1195.SF0352	35.8	106	62	1	69	174	54	153	6.98e-12	60.1
WP_055841995.1	iSSON_1240.SSON_0392	35.8	106	62	1	69	174	54	153	6.98e-12	60.1
WP_055841995.1	iPC815.YPO3182	34.0	106	64	1	69	174	54	153	2.63e-11	58.5
WP_055841998.1	iYL1228.KPN_04267	31.0	539	349	11	10	545	7	525	2.83e-63	216
WP_055841998.1	STM_v1_0.STM3901	31.2	545	340	14	10	545	7	525	1.48e-62	214
WP_055841998.1	iAF692.Mbar_A0218	29.2	531	350	11	10	532	15	527	4.34e-57	201
WP_055841998.1	iSynCJ816.SGL_RS09150	29.6	541	358	9	9	545	9	530	1.09e-55	196
WP_055842007.1	iYL1228.KPN_01250	28.6	733	433	23	49	716	54	761	4.70e-57	207
WP_055842007.1	iML1515.b0805	26.9	729	431	21	59	716	63	760	2.36e-50	187
WP_055842010.1	iYL1228.KPN_00165	37.1	714	396	12	45	723	40	735	5.05e-136	417
WP_055842010.1	iJN1463.PP_0350	38.4	698	395	14	51	723	123	810	1.78e-132	410
WP_055842010.1	STM_v1_0.STM0191	35.7	717	408	13	41	723	32	729	1.32e-130	403
WP_055842010.1	iSSON_1240.SSON_0162	35.8	718	406	15	41	723	32	729	5.61e-129	399
WP_055842010.1	iSbBS512_1146.SbBS512_E0142	35.7	718	407	15	41	723	32	729	4.34e-128	397
WP_055842010.1	iJN1463.PP_0160	35.7	692	405	11	59	723	150	828	3.89e-123	387
WP_055842010.1	iML1515.b0150	34.8	718	431	13	41	723	32	747	1.47e-122	383
WP_055842010.1	iSF_1195.SF0142	34.8	718	431	13	41	723	32	747	1.47e-122	383
WP_055842010.1	iSDY_1059.SDY_0166	34.7	718	432	13	41	723	32	747	2.07e-122	382
WP_055842011.1	iCN718.ABAYE_RS04015	50.1	389	193	1	9	396	15	403	4.56e-121	357
WP_055842016.1	iJN1463.PP_1082	60.9	156	61	0	1	156	1	156	1.42e-61	186
WP_055842016.1	iML1515.b3336	57.1	156	67	0	1	156	1	156	7.55e-57	174
WP_055842017.1	iJN1463.PP_2439	64.2	187	67	0	1	187	1	187	3.59e-90	261
WP_055842017.1	STM_v1_0.STM0608	58.3	187	78	0	1	187	1	187	4.84e-81	238
WP_055842017.1	iML1515.b0605	57.2	187	80	0	1	187	1	187	1.38e-80	237
WP_055842021.1	iJN1463.PP_2440	73.9	521	132	2	1	518	1	520	1.01e-271	748
WP_055842021.1	STM_v1_0.STM0609	66.9	520	168	1	1	516	1	520	6.73e-249	690
WP_055842021.1	iML1515.b0606	66.2	517	171	1	1	513	1	517	1.11e-247	687
WP_055842030.1	iJN1463.PP_4689	39.0	287	163	7	13	293	3	283	5.46e-44	151
WP_055842035.1	iJN1463.PP_4688	53.2	293	136	1	58	350	54	345	7.67e-87	265
WP_055842038.1	iJN1463.PP_4687	43.8	233	117	6	17	248	16	235	1.77e-44	150
WP_055842039.1	iMM904.YDL178W	36.7	472	278	7	11	472	66	526	3.34e-88	279
WP_055842047.1	iAF987.Gmet_0843	43.6	94	51	2	27	120	24	115	3.55e-10	58.9
WP_055842047.1	iJN1463.PP_0553	40.8	98	56	2	27	123	136	232	1.78e-09	57.4
WP_055842047.1	iYL1228.KPN_01542	25.4	248	165	4	24	265	14	247	8.57e-09	54.7
WP_055842050.1	iEK1008.Rv3340	50.5	426	205	4	9	433	18	438	3.37e-149	431
WP_055842050.1	iNF517.LLMG_RS00495	52.1	422	196	4	9	429	8	424	1.78e-148	428
WP_055842050.1	iHN637.CLJU_RS03265	51.7	424	201	2	8	431	8	427	7.44e-148	427
WP_055842050.1	iAF987.Gmet_2390	49.1	424	212	2	9	432	8	427	1.08e-142	414
WP_055842050.1	iAF692.Mbar_A2427	47.7	421	215	3	8	428	39	454	2.23e-136	399
WP_055842050.1	iLJ478.TM0882	47.9	428	216	5	8	433	7	429	9.14e-137	399
WP_055842050.1	iJN1463.PP_2528	49.4	423	210	2	9	430	3	422	2.03e-134	392
WP_055842053.1	iAF692.Mbar_A0964	22.6	115	89	0	6	120	30	144	1.16e-05	43.1
WP_055842059.1	iJN1463.PP_1830	65.9	361	121	2	1	360	1	360	1.02e-167	472
WP_055842059.1	STM_v1_0.STM2384	64.3	359	127	1	1	358	1	359	8.51e-164	462
WP_055842059.1	iPC815.YPO2751	63.8	359	129	1	1	358	1	359	2.43e-163	461
WP_055842059.1	iYL1228.KPN_02719	63.8	359	129	1	1	358	1	359	4.00e-162	457
WP_055842059.1	iSDY_1059.SDY_2528	63.8	359	129	1	1	358	1	359	4.00e-162	457
WP_055842059.1	iML1515.b2329	63.8	359	129	1	1	358	1	359	5.67e-162	457
WP_055842059.1	iSSON_1240.SSON_2387	63.8	359	129	1	1	358	1	359	1.14e-161	456
WP_055842059.1	iSF_1195.SF2405	63.5	359	130	1	1	358	1	359	4.63e-161	455
WP_055842059.1	iSbBS512_1146.SbBS512_E2707	63.5	359	130	1	1	358	1	359	3.77e-160	452
WP_055842059.1	iCN718.ABAYE_RS10010	62.3	361	134	2	1	359	1	361	7.26e-156	442
WP_055842067.1	iJN1463.PP_0671	63.5	416	150	1	1	414	1	416	1.94e-186	523
WP_055842067.1	STM_v1_0.STM2555	61.5	416	157	1	1	413	1	416	5.54e-186	522
WP_055842067.1	iYL1228.KPN_02876	61.3	416	158	1	1	413	1	416	7.87e-186	522
WP_055842067.1	iSSON_1240.SSON_2634	60.8	416	160	1	1	413	1	416	9.11e-185	519
WP_055842067.1	iML1515.b2551	60.6	416	161	1	1	413	1	416	2.60e-184	518
WP_055842067.1	iSbBS512_1146.SbBS512_E2916	60.6	416	161	1	1	413	1	416	2.60e-184	518
WP_055842067.1	iSF_1195.SF2598	60.6	416	161	1	1	413	1	416	2.60e-184	518
WP_055842067.1	iSDY_1059.SDY_2741	60.3	416	162	1	1	413	1	416	1.05e-183	516
WP_055842067.1	iPC815.YPO2907	60.8	416	160	1	1	413	1	416	2.45e-182	513
WP_055842067.1	iCN718.ABAYE_RS06300	62.4	412	152	2	5	413	4	415	7.01e-182	512
WP_055842067.1	iJN1463.PP_0322	62.8	417	150	4	1	413	1	416	7.65e-179	504
WP_055842067.1	iAF987.Gmet_1605	60.0	408	162	1	7	413	3	410	3.42e-172	487
WP_055842067.1	iYO844.BSU36900	59.8	403	161	1	12	413	8	410	9.19e-170	481
WP_055842070.1	iPC815.YPO0452	45.5	77	37	2	128	199	487	563	6.89e-10	59.3
WP_055842086.1	iJN1463.PP_1418	24.3	305	216	7	35	326	22	324	2.07e-15	75.5
WP_055842087.1	iMM1415.15356	44.5	283	156	1	2	284	31	312	9.35e-71	222
WP_055842087.1	iAF987.Gmet_3293	42.7	286	163	1	4	289	7	291	2.08e-68	215
WP_055842087.1	iYO844.BSU18230	40.3	290	172	1	2	291	5	293	2.18e-68	215
WP_055842087.1	iMM1415.208982	42.4	276	158	1	2	277	46	320	4.41e-67	213
WP_055842087.1	iCHOv1.100763147	42.4	276	158	1	2	277	46	320	6.94e-66	210
WP_055842087.1	iJN1463.PP_3540	40.6	286	169	1	4	289	7	291	2.45e-64	204
WP_055842087.1	iCN718.ABAYE_RS11590	39.6	283	170	1	2	284	3	284	5.64e-63	201
WP_055842087.1	iLB1027_lipid.PHATRDRAFT_13643	41.0	290	162	2	4	284	13	302	1.45e-62	201
WP_055842087.1	iCN900.CD630_07970	40.4	272	160	1	1	272	1	270	1.50e-62	200
WP_055842090.1	iML1515.b2371	37.0	354	212	3	4	356	11	354	3.65e-83	258
WP_055842108.1	STM_v1_0.STM1945	51.1	182	79	6	1	179	1	175	3.86e-45	147
WP_055842108.1	iML1515.b1912	50.0	186	83	6	1	183	1	179	7.73e-45	146
WP_055842108.1	iSbBS512_1146.SbBS512_E1039	50.0	186	83	6	1	183	1	179	7.73e-45	146
WP_055842108.1	iSDY_1059.SDY_1106	50.0	186	83	6	1	183	1	179	7.73e-45	146
WP_055842108.1	iSSON_1240.SSON_1206	50.0	186	83	6	1	183	1	179	7.73e-45	146
WP_055842108.1	iSF_1195.SF1955	49.5	186	84	5	1	183	1	179	1.10e-44	145
WP_055842108.1	iCN718.ABAYE_RS17215	46.8	190	86	3	5	184	9	193	3.21e-44	145
WP_055842108.1	iJN1463.PP_4097	49.2	183	85	4	5	184	3	180	3.50e-44	144
WP_055842108.1	iYL1228.KPN_02410	48.1	181	86	5	1	179	1	175	4.58e-41	136
WP_055842125.1	iEK1008.Rv3141	40.0	315	180	6	11	322	11	319	2.03e-59	193
WP_055842125.1	iEK1008.Rv3777	36.0	314	197	2	13	322	13	326	2.08e-53	177
WP_055842128.1	iJN1463.PP_1620	50.0	248	119	2	1	245	1	246	2.32e-73	224
WP_055842128.1	iSDY_1059.SDY_2943	49.2	238	116	3	1	237	1	234	4.47e-69	213
WP_055842128.1	STM_v1_0.STM2927	47.2	250	124	4	1	246	1	246	3.60e-68	211
WP_055842128.1	iPC815.YPO3358	48.3	236	117	3	1	235	2	233	1.49e-67	209
WP_055842128.1	iML1515.b2744	48.7	238	117	3	1	237	1	234	2.04e-67	209
WP_055842128.1	iSbBS512_1146.SbBS512_E3130	48.7	238	117	3	1	237	1	234	2.04e-67	209
WP_055842128.1	iSSON_1240.SSON_2892	48.7	238	117	3	1	237	1	234	2.04e-67	209
WP_055842128.1	iYL1228.KPN_03106	48.1	235	117	3	4	237	1	231	3.00e-66	206
WP_055842128.1	iSF_1195.SF2767	47.9	238	119	3	1	237	1	234	7.48e-65	202
WP_055842134.1	iAF987.Gmet_1854	32.8	119	69	3	185	293	273	390	2.77e-12	66.2
WP_055842141.1	STM_v1_0.STM2050	30.1	136	92	1	3	135	197	332	7.36e-10	55.1
WP_055842147.1	iYL1228.KPN_03425	37.8	127	78	1	7	133	10	135	7.82e-19	76.6
WP_055842150.1	iJN1463.PP_5306	28.2	202	135	2	2	197	83	280	2.49e-20	87.4
WP_055842150.1	iPC815.YPO0682	27.5	189	133	2	10	197	124	309	2.19e-18	82.4
WP_055842150.1	iYL1228.KPN_03426	28.5	200	135	2	1	197	1	195	1.00e-17	79.0
WP_055842181.1	iJN1463.PP_5040	69.8	334	96	2	4	333	3	335	8.25e-174	485
WP_055842184.1	iLB1027_lipid.PHATRDRAFT_14208	28.7	171	93	8	135	292	95	249	2.40e-09	57.0
WP_055842191.1	iAF987.Gmet_0043	25.7	444	246	12	477	903	23	399	9.21e-23	103
WP_055842193.1	iJN1463.PP_0391	45.4	194	95	3	9	202	4	186	5.69e-42	140
WP_055842193.1	iSF_1195.SF3100	43.0	200	101	3	14	212	12	199	8.99e-42	140
WP_055842193.1	iML1515.b3059	43.0	200	101	3	14	212	12	199	1.27e-41	139
WP_055842193.1	iSbBS512_1146.SbBS512_E3490	43.0	200	101	3	14	212	12	199	1.27e-41	139
WP_055842193.1	iSDY_1059.SDY_3242	43.0	200	101	3	14	212	12	199	1.27e-41	139
WP_055842193.1	iSSON_1240.SSON_3196	43.0	200	101	3	14	212	12	199	1.27e-41	139
WP_055842207.1	iJN1463.PP_1904	49.7	346	159	2	4	349	18	348	6.92e-108	319
WP_055842209.1	iCN718.ABAYE_RS13220	81.5	443	81	1	2	444	5	446	8.05e-263	719
WP_055842209.1	iPC815.YPO1570	79.8	440	88	1	1	440	1	439	2.20e-255	701
WP_055842209.1	iSF_1195.SF3213	78.2	440	95	1	1	440	1	439	1.28e-252	694
WP_055842209.1	iML1515.b3172	78.0	440	96	1	1	440	1	439	1.81e-252	693
WP_055842209.1	iSSON_1240.SSON_3320	78.0	440	96	1	1	440	1	439	3.65e-252	692
WP_055842209.1	iSDY_1059.SDY_3351	77.7	440	97	1	1	440	1	439	7.36e-252	692
WP_055842209.1	iSbBS512_1146.SbBS512_E3599	77.7	440	97	1	1	440	1	439	2.11e-251	691
WP_055842209.1	iYL1228.KPN_03580	77.0	440	100	1	1	440	1	439	2.33e-248	683
WP_055842229.1	STM_v1_0.STM2365	45.6	428	201	8	4	427	13	412	1.17e-103	314
WP_055842229.1	iSF_1195.SF2391	44.2	425	211	6	4	427	13	412	3.33e-100	305
WP_055842229.1	iSbBS512_1146.SbBS512_E2693	44.2	425	211	6	4	427	13	412	4.71e-100	305
WP_055842229.1	iSSON_1240.SSON_2373	44.2	425	211	6	4	427	13	412	4.71e-100	305
WP_055842229.1	iML1515.b2315	44.2	425	211	6	4	427	13	412	5.29e-99	302
WP_055842229.1	iSDY_1059.SDY_2514	44.0	425	212	6	4	427	13	412	1.06e-98	301
WP_055842229.1	iPC815.YPO2769	43.1	443	206	8	4	426	13	429	6.05e-98	300
WP_055842229.1	iYL1228.KPN_02705	44.1	426	212	6	4	428	13	413	8.40e-98	299
WP_055842238.1	iCN718.ABAYE_RS06820	60.3	486	185	5	1	480	1	484	2.98e-203	573
WP_055842238.1	iJN1463.PP_2000	59.2	483	192	4	1	480	1	481	3.24e-197	558
WP_055842238.1	STM_v1_0.STM2362	58.0	474	192	4	1	469	1	472	1.07e-191	544
WP_055842238.1	iPC815.YPO2772	59.1	474	187	5	1	469	1	472	1.52e-191	543
WP_055842238.1	iSDY_1059.SDY_2511	58.4	474	190	5	1	469	1	472	1.75e-190	541
WP_055842238.1	iML1515.b2312	58.2	474	191	5	1	469	1	472	7.07e-190	539
WP_055842238.1	iSbBS512_1146.SbBS512_E2690	58.2	474	191	5	1	469	1	472	7.07e-190	539
WP_055842238.1	iSF_1195.SF2388	58.2	474	191	5	1	469	1	472	7.07e-190	539
WP_055842238.1	iSSON_1240.SSON_2370	58.2	474	191	5	1	469	1	472	7.07e-190	539
WP_055842238.1	iYL1228.KPN_02702	56.3	485	205	4	1	480	1	483	1.42e-189	538
WP_055842241.1	iPC815.YPO2984	47.1	465	232	5	4	461	2	459	3.30e-146	425
WP_055842241.1	iSbBS512_1146.SbBS512_E2779	45.7	462	243	4	4	461	2	459	9.88e-143	416
WP_055842241.1	iML1515.b2400	45.5	462	244	4	4	461	2	459	2.81e-142	415
WP_055842241.1	iSSON_1240.SSON_2491	45.5	462	244	4	4	461	2	459	2.81e-142	415
WP_055842241.1	iYL1228.KPN_02750	45.5	462	244	4	4	461	2	459	8.24e-142	414
WP_055842241.1	iSF_1195.SF2462	45.2	462	245	4	4	461	2	459	1.60e-141	413
WP_055842241.1	iSDY_1059.SDY_2600	45.0	462	246	4	4	461	2	459	1.29e-140	411
WP_055842241.1	iAF987.Gmet_1736	48.4	461	227	6	6	461	5	459	3.43e-139	407
WP_055842241.1	STM_v1_0.STM2415	44.6	462	248	4	4	461	2	459	1.18e-138	406
WP_055842252.1	iSDY_1059.SDY_2048	25.4	741	455	31	28	721	34	723	1.45e-27	118
WP_055842252.1	iML1515.b1102	24.9	736	465	29	28	721	34	723	1.38e-26	115
WP_055842252.1	iSbBS512_1146.SbBS512_E2222	24.7	736	466	29	28	721	34	723	1.82e-26	115
WP_055842252.1	STM_v1_0.STM1204	23.7	701	457	23	63	727	66	724	2.39e-26	114
WP_055842252.1	iSSON_1240.SSON_1122	24.9	736	465	29	28	721	34	723	2.41e-26	114
WP_055842264.1	iML1515.b3528	73.5	415	110	0	10	424	2	416	2.51e-214	595
WP_055842264.1	iSbBS512_1146.SbBS512_E3934	73.5	415	110	0	10	424	2	416	2.51e-214	595
WP_055842264.1	iSSON_1240.SSON_3863	73.5	415	110	0	10	424	2	416	2.51e-214	595
WP_055842264.1	iYL1228.KPN_03878	74.0	415	108	0	10	424	2	416	1.44e-213	593
WP_055842264.1	iSDY_1059.SDY_4548	73.3	415	111	0	10	424	2	416	1.44e-213	593
WP_055842264.1	iSF_1195.SF3560	73.3	415	111	0	10	424	2	416	2.05e-213	593
WP_055842264.1	STM_v1_0.STM3614	73.0	415	112	0	10	424	2	416	5.85e-213	592
WP_055842264.1	iPC815.YPO3992	71.1	422	122	0	10	431	2	423	7.04e-212	589
WP_055842264.1	iJN1463.PP_1188	72.7	418	114	0	7	424	1	418	2.99e-211	588
WP_055842264.1	iCN718.ABAYE_RS06450	69.2	429	118	1	10	424	3	431	8.60e-202	565
WP_055842275.1	iJN1463.PP_4281	46.6	427	211	5	4	422	7	424	3.38e-121	359
WP_055842275.1	iCN718.ABAYE_RS19255	47.0	406	205	4	20	424	33	429	4.37e-118	351
WP_055842275.1	iYL1228.KPN_01791	46.1	408	212	3	18	425	29	428	1.75e-113	339
WP_055842275.1	iML1515.b2883	45.9	364	193	1	61	424	71	430	2.84e-107	323
WP_055842278.1	iCN718.ABAYE_RS15080	81.0	189	33	2	1	187	1	188	6.19e-117	329
WP_055842278.1	iJN1463.PP_1100	80.2	187	37	0	1	187	1	187	1.35e-113	320
WP_055842283.1	iAF987.Gmet_0843	31.2	269	171	9	10	274	6	264	5.84e-27	105
WP_055842291.1	iML1515.b0049	46.9	260	133	3	1	258	1	257	1.46e-81	246
WP_055842291.1	iSbBS512_1146.SbBS512_E0043	46.9	260	133	3	1	258	1	257	1.46e-81	246
WP_055842291.1	iSF_1195.SF0046	46.9	260	133	3	1	258	1	257	1.46e-81	246
WP_055842291.1	iSSON_1240.SSON_0057	46.9	260	133	3	1	258	1	257	1.46e-81	246
WP_055842291.1	iSDY_1059.SDY_0074	46.9	260	133	3	1	258	1	257	3.12e-81	246
WP_055842291.1	iYL1228.KPN_00046	46.5	260	134	3	1	258	1	257	1.01e-79	242
WP_055842291.1	STM_v1_0.STM0088	45.4	260	137	3	1	258	1	257	9.31e-78	237
WP_055842291.1	iPC815.YPO0490	46.9	260	133	3	1	258	1	257	1.16e-77	237
WP_055842291.1	iJN1463.PP_0399	44.0	259	137	4	1	255	1	255	2.07e-75	231
WP_055842302.1	iAF692.Mbar_A0714	53.3	951	395	14	15	951	13	928	0.0	936
WP_055842302.1	iEK1008.Rv1475c	51.0	933	419	11	37	954	31	940	0.0	914
WP_055842302.1	iJN1463.PP_2112	53.1	941	386	17	22	954	18	911	0.0	913
WP_055842302.1	iYO844.BSU18000	51.5	952	395	13	14	957	17	909	0.0	912
WP_055842302.1	iYL1228.KPN_01272	52.0	950	380	14	11	954	11	890	0.0	912
WP_055842302.1	iSF_1195.SF1280	51.6	948	387	13	11	954	11	890	0.0	907
WP_055842302.1	iAF987.Gmet_1016	53.0	942	399	13	26	954	24	934	0.0	905
WP_055842302.1	iML1515.b1276	51.8	948	385	14	11	954	11	890	0.0	905
WP_055842302.1	STM_v1_0.STM1712	51.7	949	384	15	11	954	11	890	0.0	905
WP_055842302.1	iSSON_1240.SSON_1864	51.6	948	387	14	11	954	11	890	7.43e-319	900
WP_055842302.1	iCN718.ABAYE_RS16085	51.5	924	395	12	39	954	38	916	5.42e-313	886
WP_055842302.1	iPC815.YPO2221	50.6	933	393	11	26	954	22	890	4.60e-307	870
WP_055842302.1	iYS854.USA300HOU_RS06870	51.1	924	388	11	39	956	36	901	5.72e-303	860
WP_055842302.1	iIS312.TCDM_02343	50.5	918	385	13	37	952	42	892	9.69e-300	854
WP_055842308.1	iAF692.Mbar_A1452	34.2	676	362	10	7	621	6	659	3.78e-108	340
WP_055842308.1	iHN637.CLJU_RS06865	32.6	687	373	13	7	621	6	674	1.86e-100	320
WP_055842308.1	iHN637.CLJU_RS10635	33.3	631	349	15	10	621	5	582	2.97e-98	311
WP_055842316.1	iJN1463.PP_3944	32.4	386	233	9	3	383	1	363	1.49e-39	145
WP_055842325.1	iAF987.Gmet_0204	49.2	380	189	2	11	388	13	390	8.45e-121	355
WP_055842325.1	iCN718.ABAYE_RS08450	46.7	398	203	4	6	396	7	402	3.75e-120	354
WP_055842325.1	iSynCJ816.SGL_RS04875	47.6	395	195	5	5	388	28	421	4.42e-112	334
WP_055842337.1	iJN1463.PP_0601	47.2	511	251	7	1	505	1	498	4.87e-134	398
WP_055842337.1	iSDY_1059.SDY_2083	43.0	521	285	3	1	521	1	509	3.84e-130	388
WP_055842337.1	iML1515.b1069	43.0	521	285	3	1	521	1	509	5.43e-130	387
WP_055842337.1	iSbBS512_1146.SbBS512_E2257	43.0	521	285	3	1	521	1	509	7.68e-130	387
WP_055842337.1	iSF_1195.SF1075	43.0	521	285	3	1	521	1	509	7.68e-130	387
WP_055842337.1	iSSON_1240.SSON_1089	43.0	521	285	3	1	521	1	509	7.68e-130	387
WP_055842346.1	iCN718.ABAYE_RS04960	59.7	340	136	1	2	341	4	342	7.08e-138	395
WP_055842346.1	iJN1463.PP_1665	60.1	336	132	2	11	344	7	342	1.24e-137	394
WP_055842346.1	iYL1228.KPN_02824	60.2	327	129	1	11	336	7	333	2.78e-137	393
WP_055842346.1	iML1515.b2499	59.6	327	131	1	11	336	7	333	1.60e-136	391
WP_055842346.1	iSbBS512_1146.SbBS512_E2873	59.6	327	131	1	11	336	7	333	2.26e-136	391
WP_055842346.1	iSDY_1059.SDY_2688	59.6	327	131	1	11	336	7	333	2.26e-136	391
WP_055842346.1	iSF_1195.SF2543	59.6	327	131	1	11	336	12	338	2.69e-136	391
WP_055842346.1	iSSON_1240.SSON_2581	59.6	327	131	1	11	336	7	333	2.26e-136	391
WP_055842346.1	iPC815.YPO2828	56.6	339	146	1	11	348	7	345	1.85e-133	384
WP_055842352.1	iEK1008.Rv0505c	29.8	218	147	3	16	230	124	338	2.57e-15	73.9
WP_055842356.1	iYS854.USA300HOU_RS02645	42.6	136	77	1	16	150	1	136	1.46e-26	98.2
WP_055842356.1	STM_v1_0.STM0183	44.6	139	71	3	16	150	1	137	5.94e-26	96.7
WP_055842356.1	iPC815.YPO3400	45.9	135	67	3	20	150	5	137	8.38e-26	96.3
WP_055842356.1	iML1515.b0142	43.2	139	73	3	16	150	1	137	6.61e-25	94.0
WP_055842356.1	iSDY_1059.SDY_0158	43.2	139	73	3	16	150	1	137	6.61e-25	94.0
WP_055842356.1	iSynCJ816.SGL_RS02755	43.2	132	75	0	19	150	16	147	2.24e-24	93.6
WP_055842356.1	iYL1228.KPN_00142	44.9	138	70	3	16	149	1	136	1.32e-24	93.2
WP_055842356.1	iSSON_1240.SSON_0154	42.8	138	73	3	16	149	1	136	2.62e-24	92.4
WP_055842356.1	iJN1463.PP_4698	45.7	129	70	0	19	147	5	133	1.46e-23	90.5
WP_055842356.1	iSF_1195.SF0134	42.0	138	74	3	16	149	1	136	4.09e-23	89.4
WP_055842356.1	iSbBS512_1146.SbBS512_E0133	42.0	138	74	3	16	149	1	136	5.77e-23	89.0
WP_055842359.1	iEK1008.Rv1326c	53.7	613	272	6	16	622	123	729	2.98e-231	659
WP_055842359.1	iJN1463.PP_4058	51.4	617	286	5	15	621	121	733	6.90e-226	645
WP_055842359.1	iSynCJ816.SGL_RS12820	48.3	630	303	2	15	621	121	750	2.23e-222	637
WP_055842359.1	STM_v1_0.STM3538	50.0	612	296	6	15	621	117	723	1.05e-212	611
WP_055842359.1	iPC815.YPO3942	49.3	612	300	6	15	621	117	723	1.15e-211	608
WP_055842359.1	iML1515.b3432	49.3	612	300	6	15	621	117	723	7.73e-210	604
WP_055842359.1	iSF_1195.SF3455	49.3	612	300	6	15	621	117	723	7.73e-210	604
WP_055842359.1	iSSON_1240.SSON_3672	49.3	612	300	6	15	621	117	723	7.73e-210	604
WP_055842359.1	iSDY_1059.SDY_3578	49.3	612	300	6	15	621	117	723	4.39e-209	602
WP_055842359.1	iSbBS512_1146.SbBS512_E3892	49.2	612	301	6	15	621	117	723	1.25e-208	601
WP_055842363.1	iEK1008.Rv1564c	52.7	716	324	8	10	721	13	717	2.73e-259	733
WP_055842363.1	iJN1463.PP_4055	51.5	676	316	6	15	686	16	683	2.21e-257	728
WP_055842366.1	iAF987.Gmet_3468	41.9	955	510	8	738	1657	6	950	1.38e-227	694
WP_055842369.1	iPC815.YPO3939	46.3	488	244	7	1	482	1	476	5.54e-131	387
WP_055842369.1	iYL1228.KPN_03795	44.8	489	250	7	1	482	1	476	2.60e-129	383
WP_055842369.1	STM_v1_0.STM3535	44.2	489	255	6	1	483	1	477	3.34e-127	378
WP_055842369.1	iML1515.b3429	43.7	490	256	6	1	483	1	477	1.51e-125	374
WP_055842369.1	iSDY_1059.SDY_3575	43.7	490	256	6	1	483	1	477	1.51e-125	374
WP_055842369.1	iSF_1195.SF3452	43.7	490	256	6	1	483	1	477	2.14e-125	373
WP_055842369.1	iSSON_1240.SSON_3669	43.7	490	256	6	1	483	1	477	2.14e-125	373
WP_055842369.1	iSbBS512_1146.SbBS512_E3895	43.3	490	258	6	1	483	1	477	9.67e-124	369
WP_055842386.1	iJN1463.PP_1006	30.3	750	457	17	55	757	131	861	1.59e-85	288
WP_055842418.1	iJN1463.PP_2017	48.5	918	430	13	1	908	1	885	5.60e-265	761
WP_055842418.1	iYL1228.KPN_00968	46.3	905	448	12	5	908	4	871	7.80e-256	737
WP_055842418.1	iPC815.YPO1414	47.2	908	434	16	5	908	4	870	2.21e-255	736
WP_055842418.1	STM_v1_0.STM1057	46.0	907	447	15	5	908	4	870	2.50e-251	725
WP_055842418.1	iML1515.b0932	46.0	907	447	15	5	908	4	870	8.01e-250	721
WP_055842418.1	iSbBS512_1146.SbBS512_E2386	45.9	907	448	15	5	908	4	870	6.42e-249	719
WP_055842418.1	iSSON_1240.SSON_0935	45.8	907	449	15	5	908	4	870	9.07e-249	719
WP_055842418.1	iSDY_1059.SDY_2325	45.6	906	452	14	5	908	4	870	2.57e-248	717
WP_055842418.1	iSF_1195.SF0929	45.7	908	449	16	5	908	4	871	1.20e-246	713
WP_055842432.1	iCN718.ABAYE_RS14020	27.6	116	81	1	24	136	68	183	1.60e-09	57.8
WP_055842432.1	iEK1008.Rv3203	28.8	260	124	13	61	303	6	221	1.49e-08	53.9
WP_055842432.1	iCHOv1.100761937	30.1	113	75	3	18	129	79	188	9.96e-08	52.4
WP_055842435.1	iCN718.ABAYE_RS12975	47.2	356	176	6	1	352	1	348	1.01e-96	290
WP_055842443.1	iJN1463.PP_4051	45.0	578	282	13	4	575	5	552	2.52e-151	447
WP_055842453.1	iCN718.ABAYE_RS05415	79.0	737	155	0	7	743	7	743	0.0	1194
WP_055842453.1	iEK1008.Rv0066c	79.1	743	155	0	1	743	1	743	0.0	1190
WP_055842457.1	iIT341.HP0294	73.7	338	88	1	1	338	1	337	4.44e-191	529
WP_055842463.1	iCN718.ABAYE_RS14075	62.3	321	118	2	10	330	5	322	4.08e-134	411
WP_055842463.1	iJN1463.PP_2375	61.1	329	120	4	8	331	4	329	2.28e-127	393
WP_055842463.1	iYL1228.KPN_04399	59.1	330	130	3	11	338	7	333	4.20e-125	387
WP_055842463.1	iSF_1195.SF4085	59.1	330	130	3	11	338	7	333	1.60e-124	385
WP_055842463.1	iML1515.b4019	59.1	330	130	3	11	338	7	333	3.11e-124	385
WP_055842463.1	iSSON_1240.SSON_4190	58.8	330	131	3	11	338	7	333	1.65e-123	383
WP_055842463.1	iPC815.YPO3722	58.8	325	129	3	16	338	17	338	2.53e-122	380
WP_055842463.1	iSDY_1059.SDY_4322	58.2	330	133	3	11	338	7	333	3.59e-122	379
WP_055842470.1	iPC815.YPO0364	54.4	285	123	3	1	279	1	284	1.85e-103	303
WP_055842470.1	STM_v1_0.STM4348	51.9	285	130	3	1	279	1	284	8.98e-96	284
WP_055842470.1	iYL1228.KPN_04557	53.0	285	127	3	1	279	1	284	1.19e-95	284
WP_055842470.1	iML1515.b4160	55.8	260	109	2	1	254	1	260	5.13e-95	282
WP_055842470.1	iSbBS512_1146.SbBS512_E4692	55.8	260	109	2	1	254	1	260	5.13e-95	282
WP_055842470.1	iSDY_1059.SDY_4432	55.8	260	109	2	1	254	1	260	5.13e-95	282
WP_055842470.1	iSF_1195.SF4318	55.8	260	109	2	1	254	1	260	5.13e-95	282
WP_055842470.1	iSSON_1240.SSON_4345	55.8	260	109	2	1	254	1	260	5.13e-95	282
WP_055842470.1	iJN1463.PP_4908	51.1	284	132	4	1	279	1	282	9.41e-95	280
WP_055842473.1	iJN1463.PP_1386	44.1	381	195	3	16	393	11	376	2.94e-94	288
WP_055842473.1	iSbBS512_1146.SbBS512_E3648	42.0	371	213	2	15	385	11	379	7.62e-89	274
WP_055842473.1	iML1515.b3265	41.8	371	214	2	15	385	11	379	3.03e-88	273
WP_055842473.1	iPC815.YPO3132	43.1	378	208	4	15	386	9	385	8.15e-88	272
WP_055842473.1	STM_v1_0.STM3390	41.3	375	218	2	15	389	11	383	1.35e-86	268
WP_055842473.1	iSDY_1059.SDY_0456	41.7	367	210	2	15	378	9	374	1.52e-85	266
WP_055842473.1	iML1515.b0463	41.7	367	210	2	15	378	9	374	3.03e-85	265
WP_055842473.1	iSSON_1240.SSON_0450	41.4	367	211	2	15	378	9	374	8.51e-85	264
WP_055842473.1	iSF_1195.SF0408	41.4	367	211	2	15	378	9	374	1.20e-84	264
WP_055842476.1	iML1515.b0462	58.9	1045	413	5	1	1038	1	1036	0.0	1142
WP_055842476.1	STM_v1_0.STM3391	59.3	1042	407	5	1	1035	1	1032	0.0	1138
WP_055842476.1	iYL1228.KPN_03673	58.8	1042	411	6	1	1035	1	1031	0.0	1132
WP_055842476.1	iML1515.b3266	58.8	1042	412	5	1	1035	1	1032	0.0	1122
WP_055842476.1	iSSON_1240.SSON_2550	57.1	1040	431	6	1	1035	1	1030	0.0	1112
WP_055842476.1	iML1515.b2470	57.0	1040	432	6	1	1035	1	1030	0.0	1111
WP_055842476.1	iJN1463.PP_1385	57.2	1043	431	4	1	1038	1	1033	0.0	1109
WP_055842476.1	iSDY_1059.SDY_2654	56.8	1040	434	6	1	1035	1	1030	0.0	1107
WP_055842476.1	iSF_1195.SF2512	56.7	1040	435	6	1	1035	1	1030	0.0	1105
WP_055842484.1	iJN1463.PP_2849	70.1	201	56	1	17	217	7	203	1.09e-97	282
WP_055842484.1	iSynCJ816.SGL_RS03920	67.9	196	59	1	17	212	5	196	8.54e-90	262
WP_055842488.1	iJN1463.PP_2848	39.8	221	126	2	14	230	7	224	9.70e-35	123
WP_055842491.1	iJN1463.PP_2846	48.1	129	62	3	22	149	17	141	5.95e-29	107
WP_055842498.1	iJN1463.PP_2845	69.9	572	167	2	1	572	1	567	2.99e-294	809
WP_055842498.1	iYL1228.KPN_03467	69.2	572	171	2	1	572	1	567	9.42e-291	800
WP_055842498.1	iSynCJ816.SGL_RS04480	69.9	569	167	1	4	572	5	569	5.54e-288	793
WP_055842498.1	iCN718.ABAYE_RS13870	69.2	569	170	2	4	572	3	566	2.21e-284	784
WP_055842501.1	iSynCJ816.SGL_RS11790	64.4	101	36	0	1	101	1	101	4.09e-44	138
WP_055842501.1	iYL1228.KPN_03466	66.3	101	34	0	1	101	1	101	3.79e-43	135
WP_055842501.1	iCN718.ABAYE_RS13875	61.4	101	39	0	1	101	1	101	5.31e-40	127
WP_055842504.1	iJN1463.PP_2847	37.8	156	89	3	52	207	32	179	1.99e-10	57.4
WP_055842507.1	iYL1228.KPN_03465	85.9	99	14	0	1	99	1	99	2.75e-55	166
WP_055842507.1	iJN1463.PP_2843	83.8	99	16	0	1	99	1	99	1.86e-53	161
WP_055842507.1	iSynCJ816.SGL_RS08455	75.0	100	25	0	1	100	1	100	8.83e-52	157
WP_055842507.1	iCN718.ABAYE_RS13880	76.8	99	23	0	1	99	1	99	1.20e-49	152
WP_055842510.1	iJN1463.PP_2842	36.7	289	147	13	3	283	16	276	4.34e-38	135
WP_055842523.1	iJN1463.PP_2410	40.5	1044	597	9	2	1023	3	1044	2.19e-243	716
WP_055842523.1	iJN1463.PP_0043	40.1	1044	601	9	2	1023	3	1044	8.03e-242	712
WP_055842523.1	iAF987.Gmet_3509	39.4	1037	605	9	1	1023	2	1029	1.41e-240	708
WP_055842526.1	iAF987.Gmet_3508	30.1	316	203	6	75	379	99	407	7.03e-33	127
WP_055842529.1	iAF987.Gmet_0069	26.5	223	131	7	3	208	5	211	1.53e-10	59.7
WP_055842529.1	iAF987.Gmet_1706	31.8	129	72	4	1	125	1	117	5.88e-09	55.1
WP_055842534.1	iYS854.USA300HOU_RS02895	21.8	234	167	6	4	224	55	285	6.29e-05	42.7
WP_055842538.1	iJN1463.PP_0920	48.8	369	167	8	1	367	1	349	3.88e-103	307
WP_055842538.1	iJN1463.PP_2486	43.8	377	193	7	2	367	4	372	5.10e-99	298
WP_055842538.1	iJN1463.PP_3173	47.3	368	182	6	4	367	3	362	8.73e-98	294
WP_055842549.1	iJN1463.PP_5098	45.6	182	94	2	14	190	18	199	4.24e-50	160
WP_055842565.1	iYL1228.KPN_04156	23.2	285	201	7	52	328	5	279	8.81e-06	46.6
WP_055842565.1	STM_v1_0.STM3884	23.2	285	201	7	52	328	5	279	8.81e-06	46.6
WP_055842565.1	iML1515.b3751	23.3	283	203	6	52	328	5	279	1.57e-05	45.8
WP_055842567.1	iML1515.b0810	39.7	204	121	1	5	206	3	206	2.84e-37	129
WP_055842567.1	iSDY_1059.SDY_0786	39.7	204	121	1	5	206	3	206	2.84e-37	129
WP_055842567.1	iSF_1195.SF0761	39.7	204	121	1	5	206	3	206	2.84e-37	129
WP_055842567.1	iSSON_1240.SSON_0790	39.7	204	121	1	5	206	3	206	2.84e-37	129
WP_055842567.1	iCN900.CD630_07510	36.2	196	118	1	18	206	16	211	4.69e-37	129
WP_055842567.1	iSbBS512_1146.SbBS512_E2538	39.2	204	122	1	5	206	3	206	4.00e-37	129
WP_055842567.1	iJN1463.PP_4427	39.6	192	114	1	15	204	6	197	7.76e-37	128
WP_055842567.1	STM_v1_0.STM0829	38.7	204	123	1	5	206	3	206	2.13e-33	119
WP_055842567.1	iYL1228.KPN_00839	38.2	204	124	1	5	206	3	206	3.00e-33	119
WP_055842567.1	iYO844.BSU03600	36.1	194	123	1	14	206	25	218	3.38e-32	116
WP_055842574.1	iML1515.b1918	40.3	201	120	0	11	211	14	214	5.16e-46	151
WP_055842574.1	iJN1463.PP_0226	42.0	200	116	0	11	210	15	214	2.06e-45	150
WP_055842574.1	iCN900.CD630_07510	36.2	210	127	1	13	215	16	225	2.25e-42	142
WP_055842574.1	iSynCJ816.SGL_RS07090	43.5	184	98	1	19	196	317	500	3.28e-39	140
WP_055842576.1	iJN1463.PP_0227	32.8	253	161	6	15	262	14	262	7.63e-33	120
WP_055842576.1	STM_v1_0.STM1954	30.0	260	179	2	5	262	6	264	7.99e-33	120
WP_055842576.1	iML1515.b1920	30.7	254	171	3	11	262	14	264	1.12e-32	120
WP_055842576.1	iCN718.ABAYE_RS11415	31.6	231	152	4	32	258	44	272	2.08e-29	112
WP_055842590.1	iJN1463.PP_3376	52.1	317	146	2	7	321	2	314	2.55e-92	277
WP_055842590.1	iML1515.b3553	50.8	313	146	3	10	319	5	312	3.02e-89	270
WP_055842590.1	iSF_1195.SF3587	50.8	313	146	3	10	319	5	312	3.02e-89	270
WP_055842590.1	iYL1228.KPN_03915	50.6	312	146	3	10	318	5	311	4.15e-89	269
WP_055842590.1	iSbBS512_1146.SbBS512_E3973	50.8	313	146	3	10	319	5	312	4.28e-89	269
WP_055842590.1	iSSON_1240.SSON_3835	50.5	313	147	3	10	319	9	316	2.76e-88	267
WP_055842590.1	iSDY_1059.SDY_4350	50.8	313	146	3	10	319	9	316	3.90e-88	267
WP_055842590.1	STM_v1_0.STM3646	50.8	313	146	3	10	319	5	312	3.14e-86	262
WP_055842590.1	iPC815.YPO4078	48.5	309	157	1	10	318	5	311	3.80e-85	259
WP_055842598.1	iAF987.Gmet_1092	30.8	201	128	1	34	223	72	272	1.29e-26	105
WP_055842600.1	iML1515.b0368	37.5	277	166	6	20	292	5	278	1.71e-56	183
WP_055842600.1	iCN718.ABAYE_RS11215	39.2	283	152	9	20	292	8	280	3.21e-56	183
WP_055842600.1	iJN1463.PP_0230	39.4	277	161	7	20	292	3	276	2.04e-56	183
WP_055842600.1	iSDY_1059.SDY_0502	37.2	277	167	6	20	292	5	278	2.42e-56	183
WP_055842600.1	iSF_1195.SF0250	37.5	277	166	6	20	292	5	278	1.35e-55	181
WP_055842600.1	iSSON_1240.SSON_0346	37.2	277	167	6	20	292	5	278	2.69e-55	180
WP_055842600.1	iYL1228.KPN_00314	36.5	282	162	7	20	292	5	278	2.99e-54	177
WP_055842600.1	iPC815.YPO0185	36.4	280	167	6	20	293	5	279	5.04e-52	172
WP_055842603.1	iYO844.BSU08830	51.1	235	112	1	14	248	10	241	1.51e-84	253
WP_055842606.1	iYO844.BSU08850	38.6	251	151	1	37	287	24	271	8.06e-45	152
WP_055842606.1	iPC815.YPO3626	33.7	246	163	0	41	286	8	253	1.20e-40	141
WP_055842606.1	iCN718.ABAYE_RS19055	32.4	241	163	0	46	286	19	259	4.70e-40	140
WP_055842606.1	iML1515.b0934	36.2	246	157	0	41	286	7	252	3.44e-39	137
WP_055842606.1	iSSON_1240.SSON_0937	36.2	246	157	0	41	286	7	252	3.44e-39	137
WP_055842613.1	iJN1463.PP_3219	23.3	425	256	12	10	429	5	364	7.57e-19	87.4
WP_055842616.1	iJN1463.PP_0237	27.7	249	165	8	60	300	38	279	1.22e-19	88.2
WP_055842616.1	iCN718.ABAYE_RS19040	27.9	219	150	5	64	280	49	261	2.71e-18	84.3
WP_055842616.1	iCN718.ABAYE_RS19045	30.3	241	147	8	40	267	21	253	9.74e-18	82.8
WP_055842622.1	iCN718.ABAYE_RS18735	57.6	370	147	2	1	366	1	364	1.13e-143	412
WP_055842625.1	iYL1228.KPN_03244	37.3	408	227	4	3	409	14	393	6.10e-73	234
WP_055842625.1	iPC815.YPO0792	38.1	391	203	5	1	385	12	369	1.10e-72	233
WP_055842625.1	iML1515.b2835	37.1	412	227	5	3	410	14	397	9.40e-72	231
WP_055842625.1	iSbBS512_1146.SbBS512_E3027	37.1	412	227	5	3	410	14	397	1.32e-71	230
WP_055842625.1	iSSON_1240.SSON_2995	37.1	412	227	5	3	410	14	397	1.86e-71	230
WP_055842625.1	iSDY_1059.SDY_3052	36.9	412	228	5	3	410	14	397	1.45e-70	228
WP_055842625.1	iSF_1195.SF2845	37.1	412	226	5	3	410	14	396	1.09e-69	225
WP_055842625.1	STM_v1_0.STM3009	37.5	387	213	4	3	388	14	372	6.10e-66	216
WP_055842635.1	iCN718.ABAYE_RS03435	69.0	306	95	0	9	314	2	307	3.63e-158	443
WP_055842641.1	iAF692.Mbar_A3140	27.5	334	210	12	12	316	22	352	6.00e-26	107
WP_055842652.1	iYO844.BSU35940	34.0	491	311	5	9	493	2	485	1.62e-82	264
WP_055842652.1	iPC815.YPO2256	35.9	496	302	8	5	492	15	502	1.94e-81	262
WP_055842652.1	iPC815.YPO3964	35.1	501	308	6	8	500	5	496	1.28e-81	262
WP_055842652.1	iHN637.CLJU_RS00620	32.7	501	316	8	10	499	6	496	1.58e-80	259
WP_055842652.1	iLJ478.TM0956	34.1	495	313	6	10	493	13	505	8.67e-79	255
WP_055842652.1	STM_v1_0.STM3882	36.2	489	297	6	10	491	5	485	1.37e-78	254
WP_055842652.1	iML1515.b2149	33.9	498	318	5	2	493	6	498	1.19e-77	252
WP_055842652.1	iML1515.b3749	36.2	489	297	6	10	491	5	485	1.05e-77	252
WP_055842652.1	iSF_1195.SF2234	33.9	498	318	5	2	493	6	498	1.19e-77	252
WP_055842652.1	iSSON_1240.SSON_2205	33.9	498	318	5	2	493	6	498	1.19e-77	252
WP_055842652.1	iML1515.b4087	35.2	508	304	11	8	496	4	505	5.11e-77	250
WP_055842652.1	iYL1228.KPN_04154	35.6	489	300	6	10	491	5	485	5.71e-77	250
WP_055842652.1	iYL1228.KPN_03931	35.7	496	304	7	10	493	5	497	3.19e-75	246
WP_055842652.1	iSbBS512_1146.SbBS512_E1024	33.5	499	308	8	6	492	4	490	2.55e-75	246
WP_055842652.1	iYL1228.KPN_02587	33.7	489	311	7	12	493	1	483	3.62e-75	245
WP_055842652.1	iJN1463.PP_2455	37.8	487	281	11	10	485	17	492	1.61e-74	244
WP_055842652.1	iPC815.YPO1508	32.9	490	318	5	10	493	14	498	1.04e-74	244
WP_055842652.1	STM_v1_0.STM2189	33.9	501	314	9	4	493	4	498	1.45e-74	244
WP_055842652.1	iML1515.b1900	33.5	502	304	9	6	492	4	490	1.94e-74	243
WP_055842652.1	iSDY_1059.SDY_1121	33.5	502	304	9	6	492	4	490	1.94e-74	243
WP_055842652.1	iYL1228.KPN_04623	34.4	500	297	8	10	493	10	494	3.45e-74	243
WP_055842652.1	iNF517.LLMG_RS04060	31.4	490	324	3	9	493	2	484	2.82e-74	243
WP_055842652.1	iSSON_1240.SSON_1218	33.5	502	304	9	6	492	4	490	5.35e-74	242
WP_055842652.1	iPC815.YPO0958	32.2	491	318	7	10	493	6	488	7.05e-73	239
WP_055842652.1	iML1515.b4485	33.4	491	314	6	10	493	10	494	1.42e-72	238
WP_055842652.1	iLJ478.TM0115	31.7	495	319	6	10	492	15	502	2.31e-72	238
WP_055842659.1	iCN718.ABAYE_RS06015	52.3	759	354	3	57	807	17	775	2.14e-267	759
WP_055842659.1	iJN1463.PP_4279	51.7	749	361	1	57	804	26	774	1.87e-257	734
WP_055842678.1	iPC815.YPO3964	36.7	502	310	4	3	503	5	499	5.60e-93	291
WP_055842678.1	iML1515.b3749	35.2	506	312	6	1	501	1	495	3.45e-89	281
WP_055842678.1	STM_v1_0.STM3882	34.9	504	316	6	1	501	1	495	1.91e-88	280
WP_055842678.1	iML1515.b2149	34.0	480	313	2	4	483	13	488	6.63e-87	276
WP_055842678.1	iSF_1195.SF2234	34.0	480	313	2	4	483	13	488	6.63e-87	276
WP_055842678.1	iSSON_1240.SSON_2205	34.0	480	313	2	4	483	13	488	6.63e-87	276
WP_055842678.1	iPC815.YPO1508	32.9	480	318	2	4	483	13	488	2.59e-86	274
WP_055842678.1	iYL1228.KPN_04154	34.4	506	316	6	1	501	1	495	6.31e-86	273
WP_055842678.1	STM_v1_0.STM2189	33.5	480	315	2	4	483	13	488	1.43e-85	272
WP_055842678.1	iML1515.b3567	37.4	481	295	4	4	479	4	483	1.87e-84	270
WP_055842678.1	iSbBS512_1146.SbBS512_E3955	37.4	481	295	4	4	479	4	483	1.87e-84	270
WP_055842678.1	iYL1228.KPN_03931	36.4	508	312	6	4	505	4	506	7.29e-84	268
WP_055842678.1	iSF_1195.SF3611	37.2	481	296	4	4	479	4	483	7.29e-84	268
WP_055842678.1	iLJ478.TM0115	33.8	491	311	4	4	487	14	497	1.87e-82	265
WP_055842678.1	iPC815.YPO4036	36.5	507	311	6	4	504	4	505	2.84e-82	264
WP_055842678.1	iYL1228.KPN_02587	32.5	477	318	2	7	483	1	473	4.79e-82	263
WP_055842691.1	iYO844.BSU12360	20.9	349	256	6	58	389	53	398	2.13e-07	52.4
WP_055842698.1	iJN1463.PP_1237	57.8	294	120	2	8	298	2	294	9.32e-111	322
WP_055842698.1	iCN718.ABAYE_RS00850	54.4	298	135	1	1	298	1	297	2.84e-110	321
WP_055842698.1	iPC815.YPO3062	54.1	294	128	4	9	298	3	293	5.45e-102	300
WP_055842704.1	iCN900.CD630_19790	22.7	313	221	8	27	332	38	336	2.09e-04	42.4
WP_055842711.1	iAF692.Mbar_A3057	40.8	98	57	1	19	116	5	101	1.15e-18	77.8
WP_055842731.1	iJN1463.PP_2428	28.9	349	245	3	19	365	23	370	8.20e-31	121
WP_055842736.1	iAF987.Gmet_2721	43.1	174	96	3	409	580	499	671	5.64e-29	121
WP_055842736.1	iAF987.Gmet_0069	42.0	169	96	2	407	574	136	303	1.69e-30	121
WP_055842736.1	iJN1463.PP_0129	41.0	173	97	3	400	572	475	642	8.89e-28	117
WP_055842736.1	iML1515.b1490	36.8	171	106	2	405	574	286	455	2.80e-27	114
WP_055842736.1	iPC815.YPO0425	37.9	177	104	2	404	577	208	381	1.60e-27	114
WP_055842736.1	iAF987.Gmet_1298	37.6	173	107	1	401	572	172	344	1.66e-27	113
WP_055842736.1	iAF987.Gmet_2425	40.0	165	95	3	409	572	183	344	1.40e-26	110
WP_055842746.1	iCN900.CD630_28190	23.3	369	269	6	29	388	3	366	1.33e-10	62.0
WP_055842749.1	iEK1008.Rv3175	32.2	487	295	12	5	463	10	489	2.74e-55	192
WP_055842749.1	iSynCJ816.SGL_RS07160	30.0	466	292	7	21	460	14	471	2.19e-50	179
WP_055842752.1	iJN1463.PP_2246	58.9	372	153	0	4	375	5	376	2.07e-148	424
WP_055842756.1	iJN1463.PP_0129	37.7	175	95	5	201	368	473	640	4.33e-18	85.9
WP_055842756.1	iAF987.Gmet_2425	34.5	174	103	4	200	368	175	342	2.18e-17	82.4
WP_055842756.1	iJN1463.PP_3581	37.3	169	89	6	208	368	259	418	6.17e-17	82.4
WP_055842756.1	iJN1463.PP_1144	36.3	171	94	6	205	368	283	445	1.54e-16	81.3
WP_055842756.1	iJN1463.PP_1494	37.8	172	93	5	206	368	164	330	8.30e-17	80.5
WP_055842756.1	iML1515.b1025	31.3	195	122	4	176	368	254	438	7.38e-16	78.6
WP_055842761.1	iJN1463.PP_5215	67.9	109	35	0	1	109	1	109	2.70e-55	167
WP_055842761.1	iML1515.b3781	65.7	108	37	0	3	110	2	109	1.43e-50	155
WP_055842761.1	STM_v1_0.STM3915	65.7	108	37	0	3	110	2	109	1.43e-50	155
WP_055842761.1	iSbBS512_1146.SbBS512_E4140	65.7	108	37	0	3	110	2	109	1.43e-50	155
WP_055842761.1	iSDY_1059.SDY_3968	65.7	108	37	0	3	110	20	127	2.51e-50	155
WP_055842761.1	iSF_1195.SF3854	65.7	108	37	0	3	110	20	127	2.51e-50	155
WP_055842761.1	iSSON_1240.SSON_3952	65.7	108	37	0	3	110	20	127	2.51e-50	155
WP_055842761.1	iYL1228.KPN_04282	65.7	108	37	0	3	110	2	109	5.84e-50	153
WP_055842764.1	iCN900.CD630_02510	26.0	246	166	6	160	396	151	389	1.74e-07	52.8
WP_055842779.1	iAF987.Gmet_1706	34.6	133	85	1	6	138	2	132	2.43e-17	79.3
WP_055842784.1	iML1515.b3725	78.2	252	55	0	9	260	6	257	9.12e-149	415
WP_055842784.1	iSbBS512_1146.SbBS512_E4203	78.2	252	55	0	9	260	6	257	9.12e-149	415
WP_055842784.1	iSDY_1059.SDY_4025	78.2	252	55	0	9	260	6	257	9.12e-149	415
WP_055842784.1	iSF_1195.SF3730	78.2	252	55	0	9	260	6	257	9.12e-149	415
WP_055842784.1	iSSON_1240.SSON_3909	78.2	252	55	0	9	260	6	257	9.12e-149	415
WP_055842784.1	iYL1228.KPN_04130	77.8	252	56	0	9	260	6	257	2.61e-148	414
WP_055842784.1	STM_v1_0.STM3854	77.8	252	56	0	9	260	6	257	3.71e-148	414
WP_055842784.1	iPC815.YPO4114	78.7	249	53	0	12	260	10	258	5.46e-148	413
WP_055842786.1	iPC815.YPO4116	67.9	302	97	0	17	318	21	322	1.00e-139	397
WP_055842786.1	STM_v1_0.STM3856	65.9	308	105	0	13	320	12	319	1.01e-138	395
WP_055842786.1	iYL1228.KPN_04132	65.6	308	106	0	13	320	12	319	4.09e-138	393
WP_055842786.1	iML1515.b3727	65.3	308	107	0	13	320	12	319	6.72e-137	390
WP_055842786.1	iSbBS512_1146.SbBS512_E4201	65.3	308	107	0	13	320	12	319	6.72e-137	390
WP_055842786.1	iSSON_1240.SSON_3907	65.3	308	107	0	13	320	12	319	6.72e-137	390
WP_055842786.1	iSF_1195.SF3728	66.4	298	100	0	23	320	2	299	1.11e-135	386
WP_055842786.1	iSDY_1059.SDY_4023	60.5	324	114	1	11	320	10	333	9.91e-128	367
WP_055842789.1	STM_v1_0.STM3857	62.1	343	128	2	1	342	4	345	1.18e-152	432
WP_055842789.1	iYL1228.KPN_04133	60.6	343	133	2	1	342	4	345	1.29e-149	424
WP_055842789.1	iML1515.b3728	61.0	341	131	2	1	340	4	343	2.12e-148	421
WP_055842789.1	iSbBS512_1146.SbBS512_E4200	61.0	341	131	2	1	340	4	343	2.12e-148	421
WP_055842789.1	iSF_1195.SF3727	61.0	341	131	2	1	340	4	343	2.12e-148	421
WP_055842789.1	iPC815.YPO4117	60.9	343	132	2	1	342	4	345	2.45e-147	419
WP_055842789.1	iSDY_1059.SDY_4022	60.4	341	133	2	1	340	4	343	2.83e-146	416
WP_055842789.1	iSSON_1240.SSON_3906	59.8	341	135	2	1	340	4	343	5.70e-146	415
WP_055842792.1	iCN718.ABAYE_RS15730	43.4	459	244	6	3	450	7	460	6.49e-107	327
WP_055842792.1	iJN1463.PP_5216	39.6	460	269	4	5	458	10	466	6.77e-95	296
WP_055842801.1	iSSON_1240.SSON_3324	57.9	435	181	2	5	438	6	439	9.78e-167	476
WP_055842801.1	iML1515.b3176	57.9	435	181	2	5	438	6	439	2.79e-166	474
WP_055842801.1	STM_v1_0.STM3294	58.2	435	180	2	5	438	6	439	2.79e-166	474
WP_055842801.1	iSbBS512_1146.SbBS512_E3594	57.9	435	181	2	5	438	6	439	2.79e-166	474
WP_055842801.1	iYL1228.KPN_03586	57.2	435	184	2	5	438	6	439	1.13e-165	473
WP_055842801.1	iSDY_1059.SDY_3357	57.5	435	183	2	5	438	6	439	9.14e-165	471
WP_055842801.1	iSF_1195.SF3216	57.8	434	181	2	5	437	6	438	9.14e-165	471
WP_055842801.1	iCN718.ABAYE_RS01360	55.9	438	188	2	3	438	1	435	1.72e-162	465
WP_055842801.1	iPC815.YPO3500	57.3	419	178	1	5	423	6	423	1.78e-162	465
WP_055842801.1	iJN1463.PP_4716	53.6	444	202	4	1	442	1	442	2.51e-152	439
WP_055842803.1	iJN1463.PP_4717	46.8	267	140	2	10	275	17	282	7.00e-68	212
WP_055842803.1	iML1515.b3177	44.9	272	148	2	10	280	10	280	9.61e-68	211
WP_055842803.1	iSF_1195.SF3217	44.9	272	148	2	10	280	25	295	1.51e-67	211
WP_055842803.1	iSSON_1240.SSON_3325	44.9	272	148	2	10	280	25	295	1.51e-67	211
WP_055842803.1	iSbBS512_1146.SbBS512_E3593	44.9	272	148	2	10	280	10	280	1.92e-67	211
WP_055842803.1	iPC815.YPO3501	43.8	276	153	2	1	275	1	275	4.68e-67	209
WP_055842803.1	iSDY_1059.SDY_3358	44.5	272	149	2	10	280	25	295	1.70e-66	209
WP_055842803.1	iYL1228.KPN_03587	45.2	272	147	2	10	280	10	280	8.70e-66	206
WP_055842803.1	STM_v1_0.STM3295	42.6	272	154	2	10	280	10	280	1.11e-63	201
WP_055842803.1	iCN718.ABAYE_RS04565	43.3	270	151	2	7	275	15	283	6.49e-60	191
WP_055842803.1	iAF987.Gmet_1889	43.2	259	145	2	3	259	13	271	1.59e-59	191
WP_055842805.1	iAT_PLT_636.4905	36.8	234	124	6	183	397	242	470	5.96e-32	131
WP_055842805.1	iMM1415.18195	36.8	234	124	6	183	397	242	470	5.96e-32	131
WP_055842819.1	iJN1463.PP_4723	71.4	1079	298	4	1	1074	4	1076	0.0	1483
WP_055842819.1	iCN718.ABAYE_RS04530	69.3	1079	314	7	1	1068	1	1073	0.0	1444
WP_055842819.1	iYL1228.KPN_00041	69.0	1079	323	6	1	1073	1	1073	0.0	1427
WP_055842819.1	STM_v1_0.STM0067	68.8	1078	324	6	1	1072	1	1072	0.0	1426
WP_055842819.1	iPC815.YPO0482	68.9	1078	323	6	1	1072	1	1072	0.0	1425
WP_055842819.1	iML1515.b0033	68.7	1078	325	6	1	1072	1	1072	0.0	1420
WP_055842819.1	iSSON_1240.SSON_0038	68.7	1078	325	6	1	1072	1	1072	0.0	1420
WP_055842819.1	iSF_1195.SF0030	68.7	1078	325	6	1	1072	1	1072	0.0	1419
WP_055842819.1	iSbBS512_1146.SbBS512_E0037	68.6	1078	326	6	1	1072	1	1072	0.0	1417
WP_055842819.1	iSDY_1059.SDY_0055	68.6	1078	327	6	1	1072	1	1072	0.0	1414
WP_055842822.1	STM_v1_0.STM0066	63.3	381	131	3	12	389	5	379	3.16e-169	478
WP_055842822.1	iSDY_1059.SDY_0054	62.9	385	126	5	12	389	5	379	1.04e-167	474
WP_055842822.1	iYL1228.KPN_00040	63.1	382	130	4	12	389	14	388	4.09e-167	473
WP_055842822.1	iJN1463.PP_4724	65.0	377	123	3	11	384	4	374	3.67e-167	472
WP_055842822.1	iML1515.b0032	62.6	385	127	5	12	389	5	379	8.52e-167	471
WP_055842822.1	iSbBS512_1146.SbBS512_E0036	62.6	385	127	5	12	389	5	379	8.52e-167	471
WP_055842822.1	iSSON_1240.SSON_0037	62.6	385	127	5	12	389	5	379	8.52e-167	471
WP_055842822.1	iCN718.ABAYE_RS04535	64.2	383	126	5	11	389	4	379	4.40e-166	469
WP_055842822.1	iSF_1195.SF0029	62.3	385	128	5	12	389	5	379	6.94e-166	469
WP_055842822.1	iPC815.YPO0481	62.6	382	130	3	12	388	5	378	3.14e-164	465
WP_055842830.1	iYL1228.KPN_00193	59.0	139	56	1	2	140	8	145	9.41e-58	176
WP_055842830.1	STM_v1_0.STM0227	58.3	139	57	1	2	140	8	145	2.69e-57	175
WP_055842830.1	iML1515.b0180	58.3	139	57	1	2	140	8	145	5.42e-57	174
WP_055842830.1	iSbBS512_1146.SbBS512_E0173	58.3	139	57	1	2	140	8	145	5.42e-57	174
WP_055842830.1	iSDY_1059.SDY_0196	58.3	139	57	1	2	140	8	145	5.42e-57	174
WP_055842830.1	iSF_1195.SF0170	58.3	139	57	1	2	140	8	145	5.42e-57	174
WP_055842830.1	iSSON_1240.SSON_0192	58.3	139	57	1	2	140	8	145	5.42e-57	174
WP_055842830.1	iPC815.YPO1055	57.6	139	58	1	2	140	8	145	3.05e-53	166
WP_055842833.1	iJN1463.PP_1601	41.8	337	174	3	1	319	3	335	2.38e-54	181
WP_055842843.1	iJN1463.PP_1596	42.4	290	127	10	1	278	1	262	1.87e-46	156
WP_055842843.1	iML1515.b0175	37.5	293	142	11	1	273	1	272	1.39e-42	147
WP_055842843.1	iSbBS512_1146.SbBS512_E0168	37.5	293	142	11	1	273	1	272	1.39e-42	147
WP_055842843.1	iPC815.YPO1050	37.7	292	143	12	1	273	1	272	3.58e-42	145
WP_055842843.1	STM_v1_0.STM0222	37.0	292	145	12	1	273	1	272	8.28e-41	142
WP_055842849.1	iAF987.Gmet_1252	57.1	233	100	0	6	238	4	236	8.27e-91	267
WP_055842849.1	iJN1463.PP_1593	53.8	238	110	0	1	238	5	242	1.79e-84	251
WP_055842849.1	iSynCJ816.SGL_RS12175	52.6	232	110	0	7	238	2	233	2.02e-84	251
WP_055842849.1	iPC815.YPO1046	53.6	237	110	0	2	238	3	239	4.85e-83	247
WP_055842849.1	iML1515.b0171	53.2	237	111	0	2	238	3	239	9.74e-83	246
WP_055842849.1	iSbBS512_1146.SbBS512_E0164	53.2	237	111	0	2	238	3	239	9.74e-83	246
WP_055842849.1	iSF_1195.SF0161	53.2	237	111	0	2	238	3	239	9.74e-83	246
WP_055842849.1	iSSON_1240.SSON_0183	53.2	237	111	0	2	238	3	239	9.74e-83	246
WP_055842849.1	iSDY_1059.SDY_0187	53.2	237	111	0	2	238	3	239	1.96e-82	246
WP_055842849.1	iYL1228.KPN_00184	52.7	237	112	0	2	238	3	239	5.58e-82	244
WP_055842849.1	STM_v1_0.STM0218	52.7	237	112	0	2	238	3	239	1.12e-81	244
WP_055842849.1	iYO844.BSU16510	52.8	235	110	1	5	238	3	237	2.52e-80	240
WP_055842859.1	iPC815.YPO2147	32.2	422	257	10	1	400	1	415	6.24e-45	160
WP_055842859.1	iYL1228.KPN_02309	30.4	428	257	11	1	400	1	415	1.65e-42	154
WP_055842859.1	STM_v1_0.STM1803	30.1	422	266	9	1	400	1	415	3.18e-42	153
WP_055842859.1	iML1515.b1189	31.1	428	254	12	1	400	1	415	8.51e-41	149
WP_055842859.1	iSSON_1240.SSON_1181	31.1	428	254	12	1	400	1	415	8.51e-41	149
WP_055842859.1	iSbBS512_1146.SbBS512_E1347	31.1	428	254	12	1	400	1	415	1.18e-40	149
WP_055842859.1	iSF_1195.SF1178	30.8	428	255	12	1	400	1	415	1.18e-40	149
WP_055842859.1	iSDY_1059.SDY_1226	31.0	423	261	12	1	400	1	415	1.64e-40	148
WP_055842861.1	iML1515.b4167	34.7	499	255	13	23	503	29	474	2.67e-48	174
WP_055842863.1	iAF987.Gmet_1601	40.2	204	109	4	13	208	7	205	9.75e-29	108
WP_055842863.1	iSynCJ816.SGL_RS07245	33.2	241	141	5	13	244	8	237	4.02e-27	104
WP_055842882.1	iML1515.b3456	28.6	238	137	5	33	242	119	351	1.25e-17	82.8
WP_055842882.1	STM_v1_0.STM3562	28.8	233	143	3	33	242	119	351	1.25e-17	82.8
WP_055842882.1	iSF_1195.SF3474	28.6	238	137	5	33	242	119	351	1.25e-17	82.8
WP_055842882.1	iJN1463.PP_4843	31.3	246	139	7	22	238	46	290	1.29e-16	79.3
WP_055842882.1	iSynCJ816.SGL_RS06015	29.8	242	140	7	31	243	68	308	6.22e-15	74.7
WP_055842885.1	iJN1463.PP_4842	33.8	308	169	10	5	290	196	490	1.71e-33	127
WP_055842885.1	iJN1463.PP_4866	31.2	298	183	7	9	289	6	298	1.83e-31	118
WP_055842895.1	iEK1008.Rv3701c	43.1	295	156	6	37	324	20	309	6.33e-64	205
WP_055842898.1	iYO844.BSU03070	28.8	399	280	4	34	431	24	419	9.43e-48	172
WP_055842902.1	iML1515.b3241	24.4	328	177	8	38	360	10	271	3.66e-13	69.7
WP_055842911.1	iJN1463.PP_2214	61.6	255	95	2	1	252	1	255	7.12e-94	276
WP_055842911.1	iCN718.ABAYE_RS07455	58.4	257	101	4	1	252	1	256	2.46e-87	259
WP_055842917.1	iCN718.ABAYE_RS15815	42.0	69	40	0	39	107	20	88	3.75e-09	53.9
WP_055842919.1	iML1515.b0009	71.3	188	53	1	10	196	4	191	8.16e-91	264
WP_055842919.1	iSF_1195.SF0010	71.3	188	53	1	10	196	4	191	8.16e-91	264
WP_055842919.1	iSbBS512_1146.SbBS512_E0009	71.3	188	53	1	10	196	4	191	3.31e-90	262
WP_055842919.1	iSSON_1240.SSON_0010	71.3	188	53	1	10	196	4	191	3.31e-90	262
WP_055842919.1	iSDY_1059.SDY_0009	70.7	188	54	1	10	196	4	191	2.71e-89	260
WP_055842922.1	iJN1463.PP_0840	58.0	231	91	3	1	226	1	230	2.54e-82	247
WP_055842928.1	iJN1463.PP_0838	49.2	262	129	2	5	262	1	262	3.59e-85	258
WP_055842928.1	iSDY_1059.SDY_2729	50.0	256	127	1	5	260	1	255	9.05e-82	249
WP_055842928.1	iML1515.b2533	50.0	256	127	1	5	260	1	255	1.81e-81	248
WP_055842928.1	iSbBS512_1146.SbBS512_E2908	50.0	256	127	1	5	260	1	255	1.81e-81	248
WP_055842928.1	iSF_1195.SF2580	50.0	256	127	1	5	260	1	255	1.81e-81	248
WP_055842928.1	STM_v1_0.STM2546	49.6	256	128	1	5	260	1	255	1.03e-80	246
WP_055842928.1	iSSON_1240.SSON_2615	49.6	256	128	1	5	260	1	255	2.92e-80	245
WP_055842928.1	iYL1228.KPN_02865	48.0	256	132	1	5	260	1	255	1.66e-79	243
WP_055842928.1	iPC815.YPO2899	48.1	258	133	1	5	262	1	257	7.54e-78	239
WP_055842939.1	iSDY_1059.SDY_0216	42.0	243	134	5	33	272	30	268	1.36e-53	174
WP_055842939.1	STM_v1_0.STM0245	42.4	243	133	5	33	272	30	268	2.71e-53	174
WP_055842939.1	iSbBS512_1146.SbBS512_E0191	41.6	243	135	5	33	272	30	268	5.40e-53	173
WP_055842939.1	iSF_1195.SF0188	41.6	243	135	5	33	272	30	268	5.40e-53	173
WP_055842939.1	iSSON_1240.SSON_0211	41.6	243	135	5	33	272	30	268	5.40e-53	173
WP_055842939.1	iML1515.b0197	41.2	243	136	5	33	272	30	268	2.14e-52	171
WP_055842939.1	iYL1228.KPN_00211	41.6	243	135	5	33	272	30	268	6.03e-52	170
WP_055842941.1	iJN1463.PP_0220	57.2	346	134	7	19	362	35	368	5.95e-112	330
WP_055842942.1	iJN1463.PP_0219	58.5	212	88	0	6	217	3	214	8.98e-79	234
WP_055842942.1	iCN718.ABAYE_RS11025	53.4	204	95	0	14	217	14	217	4.68e-70	213
WP_055843034.1	iCHOv1.100767455	29.1	110	73	3	3	107	54	163	7.35e-07	49.3
WP_055843034.1	iAT_PLT_636.11343	29.1	110	73	3	3	107	54	163	6.87e-06	46.2
WP_055843036.1	iAF987.Gmet_0069	45.3	159	79	3	403	555	144	300	2.83e-33	129
WP_055843036.1	iAF987.Gmet_1298	43.8	160	85	1	401	555	184	343	7.63e-32	125
WP_055843036.1	iJN1463.PP_0129	41.3	201	99	3	358	555	457	641	4.20e-30	124
WP_055843036.1	iAF987.Gmet_2425	45.6	158	80	3	404	557	190	345	6.76e-31	123
WP_055843036.1	iAF987.Gmet_0043	43.2	169	87	2	400	561	414	580	7.67e-29	120
WP_055843036.1	iJN1463.PP_1144	38.2	170	97	2	390	554	279	445	1.03e-27	117
WP_055843040.1	iJN1463.PP_2862	54.2	273	124	1	1	273	2	273	1.25e-95	282
WP_055843049.1	iJN1463.PP_5097	60.3	385	135	2	4	388	12	378	2.98e-168	476
WP_055843055.1	STM_v1_0.STM3248	31.3	230	154	2	1	230	1	226	1.96e-32	121
WP_055843055.1	iSDY_1059.SDY_3319	31.3	230	154	2	1	230	4	229	2.09e-32	121
WP_055843055.1	iSF_1195.SF3162	31.3	230	154	2	1	230	4	229	2.09e-32	121
WP_055843055.1	iSSON_1240.SSON_3280	31.3	230	154	2	1	230	4	229	2.09e-32	121
WP_055843055.1	iML1515.b3125	31.4	226	151	2	5	230	3	224	3.66e-32	120
WP_055843055.1	iSbBS512_1146.SbBS512_E3233	31.4	226	151	2	5	230	3	224	3.66e-32	120
WP_055843055.1	iYL1228.KPN_03537	30.9	230	155	2	1	230	1	226	1.04e-31	119
WP_055843055.1	iSynCJ816.SGL_RS13640	34.8	230	144	4	5	232	6	231	1.32e-30	116
WP_055843059.1	iYL1228.KPN_03869	57.6	517	204	6	36	552	48	549	7.09e-199	566
WP_055843059.1	iML1515.b3519	55.9	517	213	6	36	552	48	549	1.27e-191	548
WP_055843059.1	iSbBS512_1146.SbBS512_E3922	55.9	517	213	6	36	552	48	549	1.27e-191	548
WP_055843059.1	iSF_1195.SF3550	55.7	517	214	6	36	552	48	549	2.55e-191	547
WP_055843059.1	iSSON_1240.SSON_3567	55.7	517	214	6	36	552	48	549	2.55e-191	547
WP_055843059.1	STM_v1_0.STM3603	56.0	518	211	7	36	552	48	549	8.31e-190	543
WP_055843067.1	iCN718.ABAYE_RS06010	43.5	506	260	9	5	500	5	494	5.17e-114	345
WP_055843067.1	iJN1463.PP_4278	44.4	487	252	9	6	489	2	472	2.29e-108	330
WP_055843088.1	iPC815.YPO1650	47.8	289	146	4	5	289	13	300	6.33e-77	236
WP_055843091.1	iJN1463.PP_1604	48.0	373	180	6	1	371	8	368	9.78e-102	305
WP_055843093.1	iYL1228.KPN_00186	56.6	389	162	1	1	382	1	389	7.66e-142	409
WP_055843093.1	iJN1463.PP_1597	58.1	382	150	3	4	379	15	392	3.80e-138	399
WP_055843093.1	iML1515.b0173	54.5	389	170	1	1	382	1	389	3.32e-135	392
WP_055843093.1	iSbBS512_1146.SbBS512_E0166	54.5	389	170	1	1	382	1	389	3.32e-135	392
WP_055843093.1	iSSON_1240.SSON_0185	54.5	389	170	1	1	382	1	389	3.32e-135	392
WP_055843093.1	iSF_1195.SF0163	54.3	385	169	1	1	378	1	385	5.40e-134	389
WP_055843093.1	iSDY_1059.SDY_0189	54.0	389	172	1	1	382	1	389	7.65e-134	388
WP_055843093.1	iPC815.YPO1048	53.0	396	179	1	1	389	1	396	6.20e-133	386
WP_055843093.1	STM_v1_0.STM0220	54.2	389	171	1	1	382	1	389	1.25e-132	385
WP_055843096.1	iJN1463.PP_1595	52.7	226	100	1	1	219	20	245	3.74e-76	230
WP_055843096.1	iML1515.b0174	50.0	222	104	1	1	215	25	246	6.35e-70	214
WP_055843096.1	iSDY_1059.SDY_0190	50.0	222	104	1	1	215	25	246	6.35e-70	214
WP_055843096.1	iSF_1195.SF0164	50.0	222	104	1	1	215	25	246	6.35e-70	214
WP_055843096.1	iSSON_1240.SSON_0186	50.0	222	104	1	1	215	25	246	6.35e-70	214
WP_055843096.1	iSbBS512_1146.SbBS512_E0167	50.0	222	104	1	1	215	24	245	8.72e-70	214
WP_055843096.1	iPC815.YPO1049	50.5	222	103	2	1	215	23	244	7.04e-69	212
WP_055843096.1	STM_v1_0.STM0221	50.0	222	104	1	1	215	24	245	1.41e-68	211
WP_055843096.1	iYL1228.KPN_00187	50.0	222	104	1	1	215	30	251	9.68e-68	209
WP_055843098.1	iAF987.Gmet_1819	42.7	227	123	3	14	233	2	228	4.00e-50	164
WP_055843098.1	iLJ478.TM1139	42.3	220	125	1	14	231	6	225	1.79e-49	162
WP_055843098.1	iJN1463.PP_1137	41.1	219	128	1	14	231	2	220	2.13e-49	161
WP_055843098.1	iYL1228.KPN_03816	40.6	219	129	1	14	231	6	224	1.20e-46	154
WP_055843098.1	iJN1463.PP_4863	40.8	223	127	2	12	231	4	224	1.23e-46	154
WP_055843098.1	STM_v1_0.STM3560	40.6	219	129	1	14	231	6	224	2.11e-44	149
WP_055843098.1	iPC815.YPO3804	41.8	213	123	1	14	225	2	214	1.89e-44	149
WP_055843098.1	iML1515.b3454	39.7	219	131	1	14	231	6	224	5.94e-44	147
WP_055843098.1	iSbBS512_1146.SbBS512_E3868	39.7	219	131	1	14	231	10	228	6.63e-44	147
WP_055843098.1	iSSON_1240.SSON_3692	39.7	219	131	1	14	231	10	228	6.63e-44	147
WP_055843100.1	iLJ478.TM1138	39.9	268	135	3	7	248	11	278	4.16e-57	183
WP_055843100.1	iAF987.Gmet_1820	38.7	248	146	2	7	248	1	248	1.11e-54	176
WP_055843100.1	iJN1463.PP_1138	40.1	252	138	3	7	248	5	253	4.09e-53	172
WP_055843100.1	iSynCJ816.SGL_RS14000	38.7	248	146	2	7	248	18	265	5.76e-53	172
WP_055843117.1	iPC815.YPO2816	33.6	286	174	6	48	331	37	308	5.14e-41	145
WP_055843118.1	iAF987.Gmet_0363	37.4	99	58	3	154	249	133	230	3.58e-08	52.4
WP_055843121.1	iCHOv1.100753973	33.0	370	196	12	2	343	28	373	2.02e-47	170
WP_055843121.1	iMM1415.50917	33.6	330	172	10	4	308	28	335	1.21e-44	160
WP_055843121.1	iMM1415.11881	32.2	367	213	12	4	354	46	392	1.12e-43	160
WP_055843123.1	iJN1463.PP_5107	41.5	212	107	3	32	243	30	224	3.71e-38	132
WP_055843123.1	iML1515.b3208	41.1	224	107	4	15	237	28	227	6.19e-34	122
WP_055843134.1	iML1515.b0089	31.7	306	176	7	88	381	119	403	2.76e-34	130
WP_055843134.1	iJN1463.PP_1336	29.9	368	224	8	25	375	26	376	4.34e-33	127
WP_055843136.1	iYL1228.KPN_01586	29.2	277	157	10	29	278	39	303	1.89e-11	65.1
WP_055843144.1	STM_v1_0.STM0760	62.3	350	127	2	27	376	6	350	9.72e-148	421
WP_055843144.1	iYL1228.KPN_00758	61.4	350	130	2	27	376	6	350	2.61e-145	415
WP_055843144.1	iSSON_1240.SSON_0706	61.4	350	130	2	27	376	6	350	2.12e-144	413
WP_055843144.1	iML1515.b0754	61.4	350	130	2	27	376	6	350	8.59e-144	411
WP_055843144.1	iSbBS512_1146.SbBS512_E0675	61.4	350	130	2	27	376	6	350	8.59e-144	411
WP_055843144.1	iSDY_1059.SDY_0701	61.4	350	130	2	27	376	6	350	8.59e-144	411
WP_055843144.1	iSF_1195.SF0550	61.4	350	130	2	27	376	6	350	2.45e-143	410
WP_055843146.1	iJN1463.PP_0547	52.7	505	180	5	1	502	1	449	1.18e-165	476
WP_055843146.1	iPC815.YPO3519	50.8	508	192	5	1	505	1	453	7.23e-157	454
WP_055843146.1	iSF_1195.SF4257	50.6	510	194	5	1	507	1	455	3.01e-155	449
WP_055843146.1	iSbBS512_1146.SbBS512_E4851	50.6	510	194	5	1	507	1	455	4.26e-155	449
WP_055843146.1	iSDY_1059.SDY_4251	50.6	510	194	5	1	507	1	455	1.21e-154	448
WP_055843146.1	iML1515.b4233	50.4	510	195	5	1	507	1	455	1.72e-154	447
WP_055843146.1	STM_v1_0.STM4416	50.6	508	193	5	1	505	1	453	5.22e-154	446
WP_055843146.1	iSSON_1240.SSON_4414	50.4	510	195	5	1	507	1	455	4.88e-154	446
WP_055843149.1	iMM904.YLR043C	27.4	95	62	3	78	171	12	100	4.59e-06	43.5
WP_055843151.1	iPC815.YPO3659	57.1	154	59	3	1	148	1	153	1.01e-46	148
WP_055843153.1	iJN1463.PP_0558	66.4	444	149	0	2	445	5	448	3.06e-224	622
WP_055843153.1	iML1515.b3256	66.9	444	147	0	1	444	1	444	1.47e-219	610
WP_055843153.1	iSbBS512_1146.SbBS512_E3288	66.9	444	147	0	1	444	1	444	1.47e-219	610
WP_055843153.1	iSDY_1059.SDY_3433	66.9	444	147	0	1	444	1	444	1.47e-219	610
WP_055843153.1	iSSON_1240.SSON_3397	66.9	444	147	0	1	444	1	444	1.47e-219	610
WP_055843153.1	iPC815.YPO3658	66.7	444	148	0	1	444	1	444	2.09e-219	610
WP_055843153.1	STM_v1_0.STM3380	67.1	444	146	0	1	444	1	444	1.20e-218	608
WP_055843153.1	iYL1228.KPN_03665	66.9	444	147	0	1	444	1	444	1.71e-218	607
WP_055843153.1	iSF_1195.SF3294	66.4	444	149	0	1	444	1	444	1.39e-217	605
WP_055843159.1	iEK1008.Rv2202c	38.1	299	180	2	1	294	1	299	1.63e-61	197
WP_055843161.1	iJN1463.PP_1177	68.8	337	105	0	52	388	80	416	9.10e-178	500
WP_055843161.1	iCN718.ABAYE_RS15295	67.1	337	111	0	51	387	91	427	1.03e-174	493
WP_055843163.1	iJN1463.PP_1179	62.9	952	322	8	35	977	30	959	0.0	1167
WP_055843163.1	iCN718.ABAYE_RS15285	61.8	950	342	10	35	977	9	944	0.0	1125
WP_055843165.1	iSbBS512_1146.SbBS512_E0103	51.4	173	82	1	17	187	6	178	1.15e-57	179
WP_055843165.1	iSSON_1240.SSON_0118	51.4	173	82	1	17	187	6	178	1.15e-57	179
WP_055843165.1	iSDY_1059.SDY_0140	50.9	173	83	1	17	187	6	178	4.63e-57	177
WP_055843165.1	STM_v1_0.STM0146	50.9	175	84	1	15	187	4	178	7.43e-57	177
WP_055843165.1	iML1515.b0110	50.3	173	84	1	17	187	6	178	3.75e-56	175
WP_055843165.1	iSF_1195.SF0107	50.9	173	83	1	17	187	6	178	3.75e-56	175
WP_055843165.1	iYL1228.KPN_00112	52.0	175	82	1	17	189	6	180	6.02e-56	175
WP_055843165.1	iPC815.YPO3423	50.0	168	82	1	15	180	4	171	9.21e-52	164
WP_055843165.1	iJN1463.PP_0789	46.0	176	90	2	17	187	8	183	3.24e-51	163
WP_055843167.1	iAF987.Gmet_1919	36.4	118	75	0	14	131	5	122	1.46e-14	74.7
WP_055843167.1	iAF987.Gmet_1914	33.9	118	78	0	14	131	4	121	3.42e-13	71.2
WP_055843181.1	iAF987.Gmet_1914	35.2	105	68	0	15	119	4	108	6.56e-12	67.0
WP_055843181.1	iAF987.Gmet_2999	35.8	120	75	1	13	130	8	127	1.07e-11	65.9
WP_055843182.1	iAF987.Gmet_0043	29.1	247	159	7	253	488	25	266	8.70e-18	85.9
WP_055843202.1	iAF987.Gmet_1832	38.4	112	59	3	122	229	412	517	1.71e-13	68.9
WP_055843206.1	iAF987.Gmet_0069	35.5	124	72	4	3	120	5	126	4.67e-13	66.6
WP_055843207.1	iAF987.Gmet_0043	26.8	385	242	11	443	812	28	387	1.65e-18	89.7
WP_055843211.1	iCN718.ABAYE_RS17045	24.9	390	163	18	244	629	214	477	7.40e-04	42.4
WP_055843213.1	iSynCJ816.SGL_RS06260	33.7	83	54	1	23	105	16	97	4.23e-10	52.4
WP_055843217.1	iCHOv1.100752401	33.6	277	168	5	19	288	17	284	6.05e-47	159
WP_055843219.1	iJN1463.PP_3766	55.7	167	72	1	6	172	7	171	2.55e-64	195
WP_055843219.1	iMM1415.109801	50.3	167	81	1	6	172	14	178	3.02e-60	185
WP_055843219.1	iCHOv1.100764266	52.9	153	70	1	20	172	28	178	7.00e-59	181
WP_055843229.1	iCN718.ABAYE_RS09345	31.2	93	61	2	213	303	54	145	6.62e-04	39.7
WP_055843234.1	iJN1463.PP_2590	29.8	684	426	18	46	698	110	770	6.16e-61	218
WP_055843236.1	iAF987.Gmet_0769	34.2	120	76	2	15	134	4	120	9.64e-17	71.6
WP_055843238.1	iSF_1195.SF0910	33.8	589	366	11	45	628	10	579	6.60e-80	264
WP_055843238.1	iML1515.b0914	33.8	589	366	11	45	628	10	579	9.22e-80	263
WP_055843238.1	STM_v1_0.STM0984	33.4	589	368	11	45	628	10	579	9.22e-80	263
WP_055843238.1	iSbBS512_1146.SbBS512_E2410	33.8	589	366	11	45	628	10	579	9.22e-80	263
WP_055843238.1	iSDY_1059.SDY_2344	33.8	589	366	11	45	628	10	579	9.22e-80	263
WP_055843238.1	iSSON_1240.SSON_0916	33.8	589	366	11	45	628	10	579	9.22e-80	263
WP_055843238.1	iYL1228.KPN_00941	33.2	596	366	12	45	631	10	582	1.29e-79	263
WP_055843238.1	iPC815.YPO1395	32.3	588	376	10	45	628	10	579	1.46e-75	252
WP_055843238.1	iAF987.Gmet_2349	30.4	593	380	13	47	630	3	571	1.73e-71	241
WP_055843240.1	iJN1463.PP_3376	37.5	291	162	6	13	289	11	295	6.05e-39	139
WP_055843243.1	iJN1463.PP_2514	54.3	223	102	0	8	230	9	231	1.16e-73	223
WP_055843244.1	iCHOv1.100771266	23.6	352	224	12	1	323	1	336	4.83e-15	74.7
WP_055843244.1	iMM1415.266645	23.4	355	227	12	1	330	1	335	9.48e-14	70.9
WP_055843248.1	iJN1463.PP_1418	29.5	227	147	8	36	251	23	247	3.26e-10	60.1
WP_055843252.1	STM_v1_0.STM2786	28.1	231	150	9	16	236	22	246	5.19e-10	59.3
WP_055843256.1	iCN718.ABAYE_RS18250	49.7	561	272	6	7	563	5	559	3.77e-178	514
WP_055843256.1	iML1515.b1805	50.4	559	265	5	7	563	5	553	9.23e-177	510
WP_055843256.1	iSDY_1059.SDY_1709	50.4	559	265	5	7	563	5	553	9.23e-177	510
WP_055843256.1	iSF_1195.SF1423	50.4	559	265	5	7	563	27	575	1.92e-176	510
WP_055843256.1	iSbBS512_1146.SbBS512_E2065	50.3	559	266	5	7	563	5	553	3.71e-176	509
WP_055843256.1	iPC815.YPO2074	50.1	559	267	5	4	560	2	550	3.84e-176	509
WP_055843256.1	iSSON_1240.SSON_1356	50.4	559	265	5	7	563	5	553	7.44e-176	508
WP_055843256.1	iYL1228.KPN_02322	50.3	559	266	5	7	563	16	564	1.52e-175	508
WP_055843256.1	STM_v1_0.STM1818	50.1	559	267	5	7	563	5	553	1.20e-174	505
WP_055843256.1	iJN1463.PP_4550	47.6	559	283	4	7	560	6	559	1.25e-166	484
WP_055843256.1	iJN1463.PP_4549	46.9	557	283	6	7	560	6	552	5.28e-161	470
WP_055843260.1	iJN1463.PP_0860	45.0	869	443	11	5	859	2	849	2.71e-214	628
WP_055843264.1	iJN1463.PP_3433	57.2	369	139	5	13	376	2	356	1.09e-142	409
WP_055843273.1	iJN1463.PP_4790	34.9	496	288	17	11	495	8	479	3.56e-59	203
WP_055843273.1	iSbBS512_1146.SbBS512_E0590	33.8	474	249	15	82	525	74	512	2.22e-54	191
WP_055843273.1	iSSON_1240.SSON_0611	34.0	474	248	15	82	525	74	512	2.22e-54	191
WP_055843273.1	iML1515.b0657	33.5	474	250	15	82	525	74	512	8.20e-53	186
WP_055843273.1	iSDY_1059.SDY_0593	33.2	461	269	13	82	525	74	512	8.20e-53	186
WP_055843273.1	STM_v1_0.STM0666	32.2	491	272	13	63	525	55	512	8.10e-52	184
WP_055843276.1	iYL1228.KPN_01492	69.3	420	129	0	9	428	4	423	1.19e-223	619
WP_055843276.1	iCN718.ABAYE_RS02275	67.1	420	137	1	9	428	4	422	3.09e-214	595
WP_055843277.1	iJN1463.PP_2453	75.3	328	79	2	39	365	36	362	9.32e-166	467
WP_055843279.1	iYS854.USA300HOU_RS07240	33.1	133	88	1	121	253	56	187	4.44e-13	66.2
WP_055843282.1	iSynCJ816.SGL_RS16525	24.0	246	170	7	72	310	194	429	4.33e-09	57.0
WP_055843282.1	iYS854.USA300HOU_RS10305	37.5	80	48	1	71	148	61	140	7.62e-08	52.8
WP_055843284.1	iCN718.ABAYE_RS02360	73.2	302	77	1	3	300	10	311	4.13e-163	456
WP_055843284.1	iJN1463.PP_0061	72.2	306	81	1	3	304	10	315	2.36e-162	454
WP_055843284.1	iSbBS512_1146.SbBS512_E3965	73.6	295	72	2	3	291	8	302	5.65e-158	442
WP_055843284.1	iSDY_1059.SDY_4344	73.6	295	72	2	3	291	8	302	5.65e-158	442
WP_055843284.1	iSF_1195.SF3603	73.6	295	72	2	3	291	8	302	5.65e-158	442
WP_055843284.1	iSSON_1240.SSON_3829	73.6	295	72	2	3	291	8	302	5.65e-158	442
WP_055843284.1	STM_v1_0.STM3656	73.2	295	73	2	3	291	8	302	2.30e-157	441
WP_055843284.1	iYL1228.KPN_03923	73.5	294	72	2	3	290	8	301	4.63e-157	440
WP_055843284.1	iPC815.YPO4072	72.1	294	76	2	3	290	8	301	3.21e-155	436
WP_055843284.1	iAF987.Gmet_2942	68.5	286	90	0	2	287	1	286	8.61e-150	421
WP_055843286.1	iYL1228.KPN_03922	41.6	722	378	10	11	728	7	688	4.04e-151	455
WP_055843286.1	STM_v1_0.STM3655	40.7	724	387	9	8	728	4	688	3.91e-148	447
WP_055843286.1	iJN1463.PP_0060	42.5	727	365	13	8	728	4	683	7.42e-147	444
WP_055843286.1	iCN718.ABAYE_RS02355	41.5	723	378	11	10	728	6	687	8.27e-144	436
WP_055843286.1	iPC815.YPO4071	39.9	727	393	10	6	728	2	688	4.60e-143	434
WP_055843286.1	iSF_1195.SF3602	39.8	724	394	9	8	728	4	688	1.11e-140	428
WP_055843286.1	iSSON_1240.SSON_3830	39.8	724	394	9	8	728	4	688	1.11e-140	428
WP_055843286.1	iSbBS512_1146.SbBS512_E3966	39.6	724	395	9	8	728	4	688	6.18e-140	426
WP_055843286.1	iSDY_1059.SDY_4345	39.5	724	396	9	8	728	4	688	6.80e-139	424
WP_055843288.1	iJN1463.PP_0059	45.0	171	93	1	1	170	1	171	2.41e-49	157
WP_055843292.1	STM_v1_0.STM4483	37.8	259	146	7	1	253	1	250	1.76e-37	132
WP_055843292.1	iSSON_1240.SSON_4451	37.5	259	147	6	1	253	1	250	4.89e-37	130
WP_055843292.1	iML1515.b4266	37.5	259	147	6	1	253	1	250	6.87e-37	130
WP_055843292.1	iEK1008.Rv1928c	34.4	253	161	3	3	254	5	253	7.05e-37	130
WP_055843292.1	iYO844.BSU15910	36.6	246	148	5	10	253	5	244	1.70e-35	126
WP_055843292.1	iPC815.YPO2539	36.7	259	149	6	1	253	1	250	2.91e-35	126
WP_055843292.1	iAF987.Gmet_1601	36.1	249	152	5	6	253	2	244	9.34e-35	124
WP_055843292.1	iYS854.USA300HOU_RS06185	37.4	246	146	5	10	253	3	242	4.87e-34	122
WP_055843292.1	iYL1228.KPN_01091	35.3	249	151	4	6	253	2	241	1.35e-33	121
WP_055843292.1	iAF987.Gmet_1694	37.9	253	138	7	8	253	4	244	3.83e-33	120
WP_055843292.1	iJN1463.PP_2794	39.0	251	142	6	4	252	8	249	4.86e-33	120
WP_055843292.1	iHN637.CLJU_RS17225	32.7	254	164	4	1	253	1	248	1.68e-32	119
WP_055843294.1	iEK1008.Rv0390	47.9	140	56	7	18	143	3	139	1.20e-25	94.4
WP_055843304.1	iML1515.b0126	53.0	217	100	1	1	217	1	215	4.44e-86	253
WP_055843304.1	iSDY_1059.SDY_0035	53.0	217	100	1	1	217	1	215	4.44e-86	253
WP_055843304.1	iSF_1195.SF0123	53.0	217	100	1	1	217	1	215	4.44e-86	253
WP_055843304.1	iSSON_1240.SSON_0134	53.0	217	100	1	1	217	1	215	4.44e-86	253
WP_055843304.1	iSbBS512_1146.SbBS512_E0119	53.0	217	100	1	1	217	1	215	1.27e-85	252
WP_055843304.1	iYL1228.KPN_00134	55.4	195	87	0	23	217	5	199	9.40e-82	242
WP_055843304.1	STM_v1_0.STM0171	49.8	217	107	1	1	217	1	215	2.13e-79	236
WP_055843304.1	iPC815.YPO3407	47.7	214	110	1	1	214	1	212	8.09e-77	230
WP_055843305.1	iYL1228.KPN_04397	42.7	597	311	9	14	606	9	578	2.47e-147	438
WP_055843308.1	iJN1463.PP_2215	61.9	391	149	0	3	393	6	396	3.59e-157	447
WP_055843308.1	iCN718.ABAYE_RS03735	58.0	393	163	2	1	393	1	391	8.55e-147	421
WP_055843308.1	iCN718.ABAYE_RS09825	58.5	388	160	1	5	392	4	390	1.26e-143	413
WP_055843309.1	iCN718.ABAYE_RS11380	28.6	220	132	8	3	210	7	213	2.30e-09	55.5
WP_055843309.1	iLB1027_lipid.PHATRDRAFT_12043	25.7	249	140	9	5	210	3	249	4.00e-08	52.0
WP_055843311.1	iJN1463.PP_2216	63.5	375	137	0	1	375	1	375	1.22e-162	460
WP_055843321.1	iML1515.b3715	33.2	190	122	2	1	189	1	186	1.43e-20	85.9
WP_055843344.1	iJN1463.PP_0058	42.1	197	107	3	43	236	52	244	9.85e-42	142
WP_055843348.1	iCN718.ABAYE_RS16270	39.0	59	36	0	144	202	109	167	2.71e-04	40.4
WP_055843356.1	iJN1463.PP_1294	55.5	146	65	0	10	155	3	148	1.95e-50	158
WP_055843356.1	iSSON_1240.SSON_0764	51.0	147	71	1	9	155	5	150	4.52e-47	149
WP_055843356.1	iML1515.b0785	51.0	147	71	1	9	155	5	150	6.41e-47	149
WP_055843356.1	iSDY_1059.SDY_0821	51.0	147	71	1	9	155	5	150	6.41e-47	149
WP_055843356.1	iSbBS512_1146.SbBS512_E2567	50.3	147	72	1	9	155	5	150	1.83e-46	148
WP_055843356.1	iSF_1195.SF0735	51.0	147	71	1	9	155	5	150	1.83e-46	148
WP_055843358.1	iAF692.Mbar_A1150	30.6	281	191	2	21	298	2	281	1.21e-34	127
WP_055843358.1	iPC815.YPO3062	32.8	271	177	3	21	286	2	272	3.47e-34	125
WP_055843358.1	iEK1008.Rv2753c	34.1	273	179	1	28	299	19	291	5.65e-34	125
WP_055843358.1	iAF987.Gmet_0211	31.8	283	189	3	21	300	2	283	3.40e-33	123
WP_055843358.1	iSbBS512_1146.SbBS512_E2850	32.8	271	176	4	21	286	2	271	1.35e-32	121
WP_055843358.1	iSSON_1240.SSON_2559	32.8	271	176	4	21	286	2	271	1.35e-32	121
WP_055843358.1	iML1515.b2478	32.8	271	176	4	21	286	2	271	2.64e-32	120
WP_055843358.1	iSF_1195.SF2521	32.8	271	176	4	21	286	2	271	2.64e-32	120
WP_055843358.1	iSDY_1059.SDY_2667	32.5	271	177	4	21	286	2	271	5.14e-32	120
WP_055843358.1	STM_v1_0.STM2489	32.8	271	176	4	21	286	2	271	1.95e-31	118
WP_055843358.1	iYO844.BSU16770	29.5	268	185	3	28	291	10	277	5.09e-31	117
WP_055843358.1	iCN718.ABAYE_RS00850	30.2	278	191	2	23	297	10	287	1.14e-30	116
WP_055843359.1	iSF_1195.SF0734	46.8	77	40	1	8	84	6	81	1.79e-13	59.3
WP_055843359.1	iSSON_1240.SSON_0763	46.8	77	40	1	8	84	6	81	1.79e-13	59.3
WP_055843359.1	iML1515.b0784	45.5	77	41	1	8	84	6	81	3.60e-13	58.5
WP_055843359.1	iSbBS512_1146.SbBS512_E2568	45.5	77	41	1	8	84	6	81	3.60e-13	58.5
WP_055843359.1	iSDY_1059.SDY_0822	46.8	77	40	1	8	84	6	81	3.60e-13	58.5
WP_055843361.1	iJN1463.PP_2123	49.3	410	191	7	21	428	13	407	5.72e-112	334
WP_055843364.1	iSF_1195.SF3927	41.9	167	87	4	3	167	9	167	1.17e-34	119
WP_055843364.1	iSDY_1059.SDY_3889	41.9	167	87	4	3	167	4	162	2.04e-34	119
WP_055843364.1	iML1515.b3856	41.3	167	88	4	3	167	9	167	1.32e-33	117
WP_055843364.1	iSbBS512_1146.SbBS512_E4328	41.3	167	88	4	3	167	9	167	1.32e-33	117
WP_055843364.1	iSSON_1240.SSON_4028	41.3	167	88	4	3	167	4	162	1.63e-33	116
WP_055843364.1	iAF987.Gmet_0300	43.1	167	86	4	1	166	203	361	1.81e-31	116
WP_055843366.1	iAF987.Gmet_1631	48.6	471	226	8	1	470	1	456	4.73e-139	407
WP_055843372.1	iJN1463.PP_1470	58.6	452	168	4	1	452	1	433	5.97e-178	504
WP_055843374.1	iJN1463.PP_1872	65.2	397	138	0	6	402	5	401	2.93e-197	550
WP_055843374.1	iSDY_1059.SDY_2486	62.7	402	150	0	1	402	1	402	1.40e-193	541
WP_055843374.1	iML1515.b2290	62.7	402	150	0	1	402	1	402	2.82e-193	540
WP_055843374.1	iSbBS512_1146.SbBS512_E2666	62.7	402	150	0	1	402	1	402	2.82e-193	540
WP_055843374.1	iSF_1195.SF2366	62.7	402	150	0	1	402	1	402	2.82e-193	540
WP_055843374.1	iSSON_1240.SSON_2347	62.7	402	150	0	1	402	1	402	2.82e-193	540
WP_055843374.1	iEK1008.Rv0337c	58.9	404	165	1	2	404	26	429	1.04e-177	501
WP_055843377.1	iJN1463.PP_1235	52.6	156	74	0	1	156	1	156	3.99e-59	180
WP_055843393.1	iSbBS512_1146.SbBS512_E0599	34.5	490	270	10	5	487	8	453	3.69e-77	256
WP_055843393.1	STM_v1_0.STM0659	33.9	489	274	10	5	487	8	453	5.54e-77	255
WP_055843393.1	iSSON_1240.SSON_0604	34.8	491	267	12	5	487	8	453	5.15e-77	255
WP_055843393.1	iML1515.b0650	34.5	490	270	10	5	487	8	453	1.01e-76	254
WP_055843397.1	iAF987.Gmet_0069	42.6	162	90	3	211	371	141	300	6.70e-29	114
WP_055843397.1	iAF987.Gmet_2425	40.4	166	94	4	207	371	182	343	1.32e-24	103
WP_055843400.1	iJN1463.PP_1985	68.4	472	145	3	2	472	3	471	2.88e-232	644
WP_055843400.1	iCN718.ABAYE_RS16700	66.7	472	152	3	2	471	3	471	4.77e-225	626
WP_055843402.1	iJN1463.PP_1986	69.5	210	64	0	1	210	1	210	1.13e-109	313
WP_055843402.1	iCN718.ABAYE_RS16695	68.1	210	67	0	1	210	1	210	3.18e-107	306
WP_055843404.1	iPC815.YPO3949	67.9	364	116	1	8	370	4	367	2.75e-182	509
WP_055843404.1	iJN1463.PP_1989	67.0	367	119	2	8	372	4	370	1.24e-181	508
WP_055843404.1	iYL1228.KPN_03799	67.4	362	116	2	8	367	4	365	5.44e-180	503
WP_055843404.1	iML1515.b3433	66.5	361	120	1	8	367	4	364	3.02e-179	501
WP_055843404.1	STM_v1_0.STM3539	67.1	362	117	2	8	367	4	365	3.13e-179	501
WP_055843404.1	iSDY_1059.SDY_3579	66.5	361	120	1	8	367	4	364	3.02e-179	501
WP_055843404.1	iSF_1195.SF3456	66.5	361	120	1	8	367	4	364	3.02e-179	501
WP_055843404.1	iSSON_1240.SSON_3673	66.5	361	120	1	8	367	4	364	3.02e-179	501
WP_055843404.1	iSbBS512_1146.SbBS512_E3891	66.2	361	121	1	8	367	4	364	1.74e-178	499
WP_055843404.1	iAF987.Gmet_0603	64.6	367	125	3	8	372	3	366	1.10e-169	477
WP_055843404.1	iCN718.ABAYE_RS16640	64.6	364	127	2	8	369	3	366	4.52e-168	473
WP_055843408.1	iYS854.USA300HOU_RS12020	35.2	247	149	3	1	246	1	237	6.58e-45	152
WP_055843408.1	iNF517.LLMG_RS02350	32.6	258	156	4	2	253	3	248	4.99e-44	149
WP_055843410.1	iJN1463.PP_1995	47.5	217	98	5	11	226	5	206	6.09e-50	161
WP_055843410.1	iCN718.ABAYE_RS03580	49.1	216	99	7	9	223	8	213	4.56e-47	154
WP_055843411.1	iCN718.ABAYE_RS03585	66.1	398	134	1	5	402	12	408	1.34e-191	537
WP_055843411.1	iAF987.Gmet_2482	63.2	394	144	1	7	400	4	396	2.21e-182	513
WP_055843411.1	iJN1463.PP_0083	61.7	386	147	1	7	392	10	394	4.18e-175	495
WP_055843413.1	iCN718.ABAYE_RS03610	54.9	268	117	1	1	268	1	264	6.11e-90	267
WP_055843415.1	iYL1228.KPN_02706	59.7	290	113	1	1	290	1	286	1.64e-119	344
WP_055843415.1	iJN1463.PP_1996	58.1	289	118	2	2	288	3	290	3.44e-119	343
WP_055843415.1	STM_v1_0.STM2366	59.8	286	111	1	1	286	1	282	1.25e-118	342
WP_055843415.1	iSSON_1240.SSON_2374	59.8	286	111	1	1	286	1	282	1.77e-118	342
WP_055843415.1	iML1515.b2316	59.8	286	111	1	1	286	1	282	2.51e-118	341
WP_055843415.1	iSbBS512_1146.SbBS512_E2694	59.8	286	111	1	1	286	1	282	5.05e-118	340
WP_055843415.1	iSDY_1059.SDY_2515	59.8	286	111	1	1	286	1	282	5.05e-118	340
WP_055843415.1	iPC815.YPO2768	58.4	291	119	1	1	291	1	289	1.44e-117	339
WP_055843422.1	iML1515.b4129	59.2	500	192	4	15	511	12	502	1.82e-200	566
WP_055843422.1	iYL1228.KPN_03318	59.5	501	189	5	15	511	12	502	5.18e-200	565
WP_055843422.1	STM_v1_0.STM3040	59.0	498	192	4	17	511	14	502	4.85e-198	560
WP_055843422.1	iSbBS512_1146.SbBS512_E3309	58.8	498	193	4	17	511	14	502	1.96e-197	559
WP_055843422.1	iSF_1195.SF2876	58.8	498	193	4	17	511	14	502	1.96e-197	559
WP_055843422.1	iSSON_1240.SSON_3043	58.8	498	193	4	17	511	14	502	1.96e-197	559
WP_055843422.1	iYL1228.KPN_00502	59.1	501	191	5	15	511	12	502	5.59e-197	558
WP_055843422.1	iSDY_1059.SDY_3192	58.6	498	194	4	17	511	14	502	5.59e-197	558
WP_055843422.1	iPC815.YPO0888	58.8	497	191	5	19	511	16	502	3.20e-196	556
WP_055843422.1	iJN1463.PP_1496	58.0	500	195	4	17	514	14	500	5.45e-191	542
WP_055843422.1	iAF987.Gmet_2360	55.2	496	211	4	19	513	5	490	4.60e-185	527
WP_055843424.1	iAF987.Gmet_0069	35.7	308	186	5	13	319	4	300	1.16e-50	170
WP_055843424.1	iJN1463.PP_1494	35.1	313	195	3	14	319	20	331	1.09e-49	168
WP_055843426.1	iJN1463.PP_2145	53.1	290	118	5	11	300	9	280	5.78e-88	268
WP_055843428.1	iYL1228.KPN_02888	39.1	128	72	2	2	128	3	125	4.83e-24	89.4
WP_055843428.1	iML1515.b2563	38.3	128	73	2	2	128	3	125	9.67e-24	88.6
WP_055843428.1	STM_v1_0.STM2577	38.3	128	73	2	2	128	3	125	9.67e-24	88.6
WP_055843428.1	iSbBS512_1146.SbBS512_E2928	37.5	128	74	2	2	128	3	125	3.88e-23	87.0
WP_055843428.1	iSF_1195.SF2625	37.5	128	74	2	2	128	3	125	3.88e-23	87.0
WP_055843428.1	iSSON_1240.SSON_2687	37.5	128	74	2	2	128	3	125	3.88e-23	87.0
WP_055843428.1	iSDY_1059.SDY_2804	36.7	128	75	2	2	128	3	125	2.20e-22	85.1
WP_055843428.1	iPC815.YPO2929	36.7	128	75	2	2	128	3	125	6.22e-22	84.0
WP_055843430.1	iJN1463.PP_1436	36.8	231	141	2	19	249	9	234	1.80e-37	132
WP_055843430.1	iCN718.ABAYE_RS05235	34.4	241	153	2	16	256	2	237	2.23e-37	131
WP_055843430.1	STM_v1_0.STM2578	35.0	226	142	2	19	244	6	226	6.36e-33	120
WP_055843430.1	iPC815.YPO2930	34.6	231	146	2	19	249	6	231	8.93e-33	119
WP_055843430.1	iAF987.Gmet_1885	33.6	226	145	2	19	244	4	224	1.60e-32	119
WP_055843430.1	iSbBS512_1146.SbBS512_E2929	34.5	226	143	2	19	244	6	226	1.76e-32	119
WP_055843430.1	iSF_1195.SF2626	34.5	226	143	2	19	244	6	226	1.76e-32	119
WP_055843439.1	iEK1008.Rv0684	24.2	504	232	15	1	379	10	488	1.01e-21	99.4
WP_055843439.1	iSynCJ816.SGL_RS17200	25.1	495	229	16	5	379	9	481	2.75e-19	91.7
WP_055843454.1	iPC815.YPO1601	60.4	417	158	3	1	414	1	413	2.79e-178	503
WP_055843454.1	STM_v1_0.STM1197	59.7	417	161	3	1	414	1	413	9.22e-177	499
WP_055843454.1	iSbBS512_1146.SbBS512_E2229	59.5	417	162	3	1	414	1	413	3.73e-176	497
WP_055843454.1	iML1515.b1095	59.2	417	163	3	1	414	1	413	1.07e-175	496
WP_055843454.1	iYL1228.KPN_01093	59.5	417	162	3	1	414	1	413	1.07e-175	496
WP_055843454.1	iSF_1195.SF1099	59.2	417	163	3	1	414	1	413	1.07e-175	496
WP_055843454.1	iSSON_1240.SSON_1115	59.2	417	163	3	1	414	1	413	1.07e-175	496
WP_055843454.1	iSDY_1059.SDY_2055	59.0	417	164	3	1	414	1	413	8.69e-175	494
WP_055843454.1	iAF987.Gmet_1603	58.4	413	166	2	4	414	2	410	8.51e-172	486
WP_055843454.1	iJN1463.PP_1916	60.0	417	161	3	1	415	1	413	1.97e-171	485
WP_055843456.1	iML1515.b1093	60.0	240	95	1	8	247	5	243	8.55e-94	275
WP_055843456.1	iSbBS512_1146.SbBS512_E2231	60.0	240	95	1	8	247	5	243	8.55e-94	275
WP_055843456.1	iSF_1195.SF1097	60.0	240	95	1	8	247	5	243	8.55e-94	275
WP_055843456.1	iSSON_1240.SSON_1113	60.0	240	95	1	8	247	5	243	8.55e-94	275
WP_055843456.1	iSDY_1059.SDY_2057	60.0	240	95	1	8	247	5	243	1.72e-93	274
WP_055843456.1	iYL1228.KPN_01091	59.2	240	97	1	8	247	5	243	6.96e-93	273
WP_055843456.1	STM_v1_0.STM1195	59.6	240	96	1	8	247	5	243	1.40e-92	272
WP_055843456.1	iPC815.YPO1599	57.5	240	101	1	8	247	5	243	2.49e-88	261
WP_055843458.1	STM_v1_0.STM1194	54.0	315	138	2	1	314	1	309	2.34e-99	294
WP_055843458.1	iML1515.b1092	53.8	312	137	2	1	311	1	306	1.24e-96	287
WP_055843458.1	iSbBS512_1146.SbBS512_E2232	53.8	312	137	2	1	311	1	306	1.24e-96	287
WP_055843458.1	iJN1463.PP_1913	53.0	315	141	2	2	315	3	311	1.10e-95	285
WP_055843458.1	iSSON_1240.SSON_1112	53.5	312	138	2	1	311	1	306	1.00e-95	285
WP_055843458.1	iSDY_1059.SDY_2058	53.5	312	138	2	1	311	1	306	4.03e-95	283
WP_055843458.1	iPC815.YPO1598	53.7	309	136	2	1	308	1	303	8.09e-95	283
WP_055843458.1	iYL1228.KPN_01090	52.8	318	137	3	1	314	1	309	3.26e-94	281
WP_055843458.1	iSF_1195.SF1096	53.2	312	139	2	1	311	1	306	4.61e-94	281
WP_055843459.1	iSDY_1059.SDY_2059	52.0	329	144	3	4	332	2	316	1.61e-103	306
WP_055843459.1	iML1515.b1091	51.7	329	145	3	4	332	2	316	6.48e-103	304
WP_055843459.1	STM_v1_0.STM1193	51.5	330	144	4	4	332	2	316	6.48e-103	304
WP_055843459.1	iSbBS512_1146.SbBS512_E2233	51.7	329	145	3	4	332	2	316	6.48e-103	304
WP_055843459.1	iSSON_1240.SSON_1111	51.7	329	145	3	4	332	2	316	6.48e-103	304
WP_055843459.1	iSF_1195.SF1095	51.4	329	146	3	4	332	2	316	7.42e-102	301
WP_055843459.1	iPC815.YPO1597	49.8	329	150	3	4	332	2	315	6.15e-98	291
WP_055843459.1	iYL1228.KPN_01089	50.2	329	150	3	4	332	2	316	2.56e-97	290
WP_055843459.1	iAF987.Gmet_1599	48.4	335	153	5	5	332	4	325	1.65e-92	278
WP_055843461.1	iJN1463.PP_1912	46.5	331	165	5	4	327	6	331	5.30e-84	258
WP_055843467.1	iML1515.b3248	39.3	183	105	4	18	198	4	182	2.16e-25	97.4
WP_055843467.1	iJN1463.PP_0936	38.1	189	111	4	17	203	3	187	3.49e-25	97.1
WP_055843472.1	iCN718.ABAYE_RS16760	42.3	213	121	2	12	224	6	216	8.47e-50	161
WP_055843480.1	iMM1415.18451	36.4	187	116	2	110	294	335	520	1.94e-32	125
WP_055843480.1	iCHOv1.100757890	35.8	187	117	2	110	294	335	520	5.02e-32	124
WP_055843483.1	iSF_1195.SF2807	49.8	275	129	4	9	281	15	282	4.67e-86	258
WP_055843483.1	iSbBS512_1146.SbBS512_E3078	49.8	275	129	4	9	281	15	282	6.62e-86	258
WP_055843483.1	iSSON_1240.SSON_2951	49.8	275	129	4	9	281	15	282	6.62e-86	258
WP_055843483.1	iML1515.b2794	49.8	275	129	4	9	281	15	282	1.33e-85	257
WP_055843483.1	iJN1463.PP_2160	50.2	279	129	5	5	281	6	276	4.41e-85	255
WP_055843483.1	iSDY_1059.SDY_3011	49.1	275	131	4	9	281	15	282	2.15e-84	254
WP_055843489.1	iAF987.Gmet_1914	28.1	121	69	3	5	117	4	114	5.16e-07	46.6
WP_055843489.1	iAF987.Gmet_2999	29.2	113	72	3	4	112	9	117	1.70e-06	45.1
WP_055843493.1	iAF987.Gmet_3085	27.1	96	69	1	20	114	347	442	9.63e-06	48.1
WP_055843493.1	iCHOv1.100755939	31.1	90	61	1	21	109	262	351	2.86e-05	46.6
WP_055843504.1	iAF987.Gmet_3085	29.1	460	291	9	305	752	193	629	7.45e-45	173
WP_055843504.1	iJN1463.PP_1761	37.8	312	187	5	439	747	253	560	7.66e-45	172
WP_055843504.1	iAF987.Gmet_2629	34.3	315	188	4	442	749	249	551	2.23e-44	171
WP_055843504.1	iAF987.Gmet_0700	34.1	293	186	2	460	752	278	563	3.23e-41	161
WP_055843514.1	iJN1463.PP_1988	63.4	358	123	2	2	355	4	357	4.63e-149	424
WP_055843514.1	iCN718.ABAYE_RS16685	61.8	359	128	3	2	355	4	358	3.03e-142	407
WP_055843514.1	iAF987.Gmet_0602	59.2	363	133	7	2	355	6	362	1.49e-133	385
WP_055843514.1	iSynCJ816.SGL_RS09375	56.9	357	146	2	3	355	7	359	6.01e-133	384
WP_082447807.1	STM_v1_0.STM2786	30.1	133	84	4	137	260	127	259	2.52e-04	42.0
WP_082447812.1	iML1515.b1985	25.3	296	208	7	53	338	49	341	1.25e-05	47.4
WP_082447821.1	iSynCJ816.SGL_RS06590	49.6	236	119	0	63	298	24	259	3.09e-78	239
WP_082447821.1	iSynCJ816.SGL_RS16570	44.7	273	138	4	31	298	2	266	3.95e-69	216
WP_082447835.1	iJN1463.PP_4298	47.8	272	124	4	1	271	1	255	1.84e-75	231
WP_082447835.1	iSbBS512_1146.SbBS512_E3135	45.2	272	133	3	1	272	1	256	9.82e-75	229
WP_082447844.1	iSDY_1059.SDY_0522	26.2	382	270	7	16	391	18	393	1.77e-12	68.2
WP_082447844.1	iML1515.b0591	26.2	382	270	7	16	391	18	393	3.15e-12	67.4
WP_082447844.1	iSbBS512_1146.SbBS512_E0493	26.2	382	270	7	16	391	18	393	3.15e-12	67.4
WP_082447844.1	iSSON_1240.SSON_0542	26.2	382	270	7	16	391	18	393	3.15e-12	67.4
WP_082447844.1	iYL1228.KPN_00609	26.4	387	268	8	16	391	18	398	5.48e-11	63.5
WP_082447844.1	iSF_1195.SF0505	26.7	382	262	9	16	391	18	387	7.23e-11	63.2
WP_082447845.1	STM_v1_0.STM2786	29.2	298	204	6	46	338	28	323	2.34e-29	114
WP_082447845.1	iJN1463.PP_1418	27.3	300	210	7	46	339	28	325	2.10e-25	103
WP_082447847.1	iYS854.USA300HOU_RS06130	28.3	226	131	7	18	239	10	208	1.30e-20	92.8
WP_082447854.1	iHN637.CLJU_RS10840	35.0	220	138	4	15	229	149	368	9.99e-38	134
WP_082447854.1	iYL1228.KPN_00366	38.0	221	115	5	17	222	147	360	2.85e-34	125
WP_082447854.1	iSSON_1240.SSON_0391	38.3	222	113	6	17	222	147	360	2.85e-34	125
WP_082447854.1	STM_v1_0.STM0416	36.5	219	121	4	17	222	147	360	5.57e-34	124
WP_082447854.1	iSF_1195.SF0351	37.1	221	117	5	17	222	147	360	7.77e-34	124
WP_082447854.1	iML1515.b0414	38.3	222	113	6	17	222	147	360	1.09e-33	124
WP_082447854.1	iSbBS512_1146.SbBS512_E0335	37.8	222	114	6	17	222	147	360	1.52e-33	123
WP_082447854.1	iSDY_1059.SDY_0320	37.8	222	114	6	17	222	147	360	1.52e-33	123
WP_082447854.1	iAF987.Gmet_1624	36.4	214	132	3	16	226	148	360	2.23e-33	123
WP_082447855.1	iAF987.Gmet_1625	42.8	208	104	4	1	207	1	194	2.41e-47	155
WP_082447855.1	iJN1463.PP_0515	44.4	207	101	5	1	206	1	194	1.57e-46	154
WP_082447855.1	iCN718.ABAYE_RS17635	42.0	207	105	4	1	206	1	193	2.34e-45	150
WP_082447857.1	iAF987.Gmet_0222	49.0	149	70	3	73	221	159	301	2.20e-38	135
WP_082447857.1	iEK1008.Rv0137c	46.3	160	79	4	73	232	7	159	1.94e-37	129
WP_082447857.1	iYL1228.KPN_04615	46.2	158	82	2	67	222	60	216	6.40e-35	124
WP_082447859.1	iYL1228.KPN_00970	46.9	241	127	1	39	278	16	256	7.65e-72	221
WP_082447859.1	iJN1463.PP_0239	47.1	240	126	1	40	278	18	257	2.62e-70	218
WP_082447859.1	iPC815.YPO3626	44.8	248	136	1	39	285	17	264	5.26e-70	217
WP_082447859.1	iSDY_1059.SDY_2323	45.0	240	131	1	40	278	17	256	2.04e-66	207
WP_082447859.1	iML1515.b0934	45.0	240	131	1	40	278	17	256	2.89e-66	207
WP_082447859.1	iSSON_1240.SSON_0937	45.0	240	131	1	40	278	17	256	2.89e-66	207
WP_082447859.1	iYO844.BSU08850	43.6	243	136	1	37	278	32	274	1.55e-63	201
WP_082447863.1	iML1515.b2371	34.2	357	223	5	27	381	9	355	1.79e-70	226
WP_082447864.1	iJN1463.PP_0043	23.8	1081	729	22	32	1065	4	1036	8.64e-63	232
WP_082447864.1	iAF987.Gmet_3509	23.0	1079	741	21	32	1073	4	1029	7.85e-62	229
WP_082447864.1	iJN1463.PP_2410	24.6	1084	716	24	32	1065	4	1036	1.17e-59	222
WP_082447871.1	iCN718.ABAYE_RS05140	46.5	297	147	5	38	326	18	310	1.42e-75	237
WP_082447871.1	iJN1463.PP_5137	46.1	304	153	5	38	336	25	322	4.82e-73	231
WP_082447871.1	iSynCJ816.SGL_RS17160	41.9	334	182	6	24	355	5	328	1.05e-72	230
WP_082447871.1	iCN900.CD630_35300	48.8	242	122	2	22	263	4	243	1.46e-72	229
WP_082447871.1	iCN900.CD630_35270	48.1	237	121	2	22	258	4	238	2.29e-71	226
WP_082447871.1	iJN1463.PP_1722	42.0	319	163	5	45	360	26	325	1.21e-70	224
WP_082447871.1	iML1515.b0855	42.2	287	156	3	22	300	20	304	1.05e-68	220
WP_082447871.1	iYL1228.KPN_00886	42.5	287	155	3	22	300	36	320	1.62e-68	220
WP_082447871.1	STM_v1_0.STM3554	41.5	330	175	4	21	333	3	331	5.82e-69	220
WP_082447871.1	iSF_1195.SF0809	42.2	287	156	3	22	300	47	331	2.18e-68	220
WP_082447871.1	iEK1008.Rv2397c	42.4	340	167	7	22	358	5	318	7.13e-69	220
WP_082447871.1	iSSON_1240.SSON_0840	42.2	287	156	3	22	300	47	331	4.32e-68	219
WP_082447871.1	iSDY_1059.SDY_0740	41.8	287	157	3	22	300	20	304	2.93e-68	219
WP_082447871.1	iSbBS512_1146.SbBS512_E2476	42.2	287	156	3	22	300	20	304	5.82e-68	218
WP_082447871.1	iHN637.CLJU_RS10680	39.5	329	190	5	22	343	10	336	2.17e-67	217
WP_082447871.1	iSbBS512_1146.SbBS512_E1304	43.8	288	149	4	22	300	18	301	2.35e-67	217
WP_082447871.1	iSDY_1059.SDY_2026	43.8	288	149	4	22	300	18	301	2.35e-67	217
WP_082447871.1	iSSON_1240.SSON_1144	43.8	288	149	4	22	300	18	301	2.35e-67	217
WP_082447871.1	iML1515.b1126	43.8	288	149	4	22	300	18	301	3.32e-67	216
WP_082447871.1	iSF_1195.SF1128	43.8	288	149	4	22	300	18	301	3.32e-67	216
WP_082447871.1	iPC815.YPO3012	50.6	235	111	2	31	261	11	244	2.19e-67	216
WP_082447871.1	iAF987.Gmet_1903	44.8	310	153	6	38	342	18	314	1.76e-67	216
WP_082447871.1	iEK1008.Rv2832c	46.3	268	136	4	43	306	26	289	2.84e-67	216
WP_082447871.1	iPC815.YPO1332	41.8	287	157	3	22	300	20	304	4.55e-67	216
WP_082447871.1	iJN1463.PP_1484	51.1	237	114	2	22	258	5	239	4.93e-67	215
WP_082447871.1	STM_v1_0.STM0878	41.1	287	159	3	22	300	20	304	1.27e-66	215
WP_082447871.1	iYL1228.KPN_01927	42.1	321	168	5	22	342	5	307	5.86e-67	214
WP_082447871.1	iYL1228.KPN_01132	44.4	275	145	3	33	300	28	301	3.65e-66	214
WP_082447871.1	STM_v1_0.STM1226	45.1	275	143	3	33	300	28	301	3.65e-66	214
WP_082447888.1	iCN718.ABAYE_RS13845	41.0	178	103	2	32	209	2	177	7.46e-27	101
WP_082447892.1	iJN1463.PP_1418	28.4	338	214	13	7	332	2	323	1.67e-17	81.6
WP_082447894.1	iAF987.Gmet_0700	26.4	246	173	2	14	251	571	816	4.96e-19	85.9
WP_082447894.1	iAF987.Gmet_2629	28.3	230	152	4	25	244	573	799	1.37e-17	81.6
WP_082447894.1	iYL1228.KPN_02455	27.3	231	161	4	19	243	363	592	2.25e-17	80.9
WP_082447894.1	iJN1463.PP_3581	35.2	122	79	0	121	242	553	674	3.23e-17	80.5
WP_082447894.1	iAF987.Gmet_0957	25.7	230	157	4	25	243	384	610	1.41e-16	78.6
WP_082447894.1	iAF987.Gmet_0782	27.5	229	152	5	25	242	489	714	2.00e-16	78.2
WP_082447900.1	iAF987.Gmet_3085	23.5	379	253	13	34	397	97	453	6.49e-09	59.3
WP_082447900.1	iAF987.Gmet_0043	25.5	282	163	12	530	800	150	395	4.73e-08	56.2
WP_082447900.1	iAF987.Gmet_1919	32.7	107	68	3	686	790	4	108	1.18e-07	54.3
WP_082447910.1	iJN1463.PP_5371	60.4	53	21	0	5	57	2	54	4.65e-22	86.3
WP_082447910.1	iCN718.ABAYE_RS05795	56.6	53	23	0	5	57	2	54	1.17e-21	85.1
WP_082447910.1	iJN1463.PP_5315	58.5	53	22	0	5	57	2	54	2.02e-24	85.1
WP_082447926.1	iAF987.Gmet_0885	32.9	301	200	2	5	305	6	304	7.97e-49	166
WP_082447926.1	iYL1228.KPN_03846	32.9	304	199	4	5	305	10	311	1.15e-44	155
WP_082447930.1	iYO844.BSU14900	40.2	600	333	5	40	636	16	592	5.90e-150	454
WP_082447930.1	iEK1008.Rv3043c	43.8	525	286	6	37	555	23	544	7.73e-149	449
WP_082447930.1	iSynCJ816.SGL_RS05545	41.8	502	287	3	46	547	25	521	5.63e-138	421
WP_082447930.1	iYO844.BSU38160	41.2	512	298	3	43	551	48	559	3.43e-135	417
WP_082447946.1	iLB1027_lipid.PHATRDRAFT_15323	29.9	117	64	5	36	140	4	114	2.04e-04	42.0
WP_082447952.1	iML1515.b3966	33.0	88	53	2	82	169	64	145	2.26e-05	47.4
WP_082447952.1	iSSON_1240.SSON_4139	33.0	88	53	2	82	169	64	145	2.26e-05	47.4
WP_082447952.1	iSF_1195.SF4048	31.8	88	54	2	82	169	64	145	2.97e-05	47.0
WP_082447952.1	iPC815.YPO3910	30.2	129	74	4	70	193	63	180	5.20e-05	46.2
WP_082447952.1	STM_v1_0.STM4130	31.8	88	54	2	82	169	64	145	6.78e-05	45.8
WP_082447952.1	iSDY_1059.SDY_3762	31.8	88	54	2	82	169	64	145	1.17e-04	45.1
WP_082447968.1	iJN1463.PP_2227	53.7	162	75	0	1	162	1	162	7.79e-49	154
WP_082447976.1	iJN1463.PP_5084	29.9	756	411	17	6	659	10	748	5.43e-86	289
WP_082447976.1	iPC815.YPO0145	29.9	763	396	19	25	656	31	785	9.84e-76	261
WP_082447992.1	iYO844.BSU33730	37.7	53	33	0	79	131	311	363	1.35e-04	41.6
WP_082447992.1	iLJ478.TM1347	26.5	113	77	2	87	196	92	201	2.64e-04	40.8
WP_082447992.1	iYO844.BSU29700	27.2	125	81	2	79	194	2	125	2.25e-04	40.4
WP_082447992.1	iYS854.USA300HOU_RS13270	36.0	50	32	0	82	131	312	361	3.36e-04	40.4
WP_082447992.1	iYL1228.KPN_03043	40.0	55	33	0	80	134	265	319	4.09e-04	40.0
WP_082447992.1	iYO844.BSU33830	37.7	53	33	0	79	131	310	362	5.90e-04	39.7
WP_082448000.1	iJN1463.PP_2458	45.1	288	146	3	1	281	13	295	2.30e-63	201
WP_082448010.1	iAF987.Gmet_2999	41.7	115	67	0	36	150	10	124	4.49e-21	92.0
WP_082448018.1	iSynCJ816.SGL_RS05570	35.7	244	157	0	54	297	34	277	1.03e-45	155
WP_082448031.1	iEK1008.Rv2051c	25.3	217	145	8	25	227	612	825	7.71e-07	50.4
WP_082448036.1	iML1515.b1011	70.5	220	65	0	31	250	4	223	1.16e-112	322
WP_082448036.1	iSSON_1240.SSON_1030	70.5	220	65	0	31	250	18	237	1.88e-112	322
WP_082448036.1	iSF_1195.SF1014	69.5	220	67	0	31	250	18	237	8.83e-111	318
WP_082448038.1	iJN1463.PP_2647	44.6	377	208	1	32	407	23	399	1.42e-88	274
WP_082448043.1	iCN718.ABAYE_RS04670	45.2	356	172	6	51	396	38	380	2.16e-90	277
WP_082448045.1	iLJ478.TM1139	43.5	239	131	2	25	263	4	238	3.51e-60	190
WP_082448045.1	iJN1463.PP_4863	44.5	238	123	2	26	261	5	235	6.18e-58	184
WP_082448045.1	iSbBS512_1146.SbBS512_E3868	42.7	239	132	2	23	261	6	239	4.38e-53	172
WP_082448045.1	iSSON_1240.SSON_3692	42.7	239	132	2	23	261	6	239	4.38e-53	172
WP_082448045.1	iML1515.b3454	42.7	239	132	2	23	261	2	235	5.51e-53	171
WP_082448045.1	iYL1228.KPN_03816	42.7	239	132	2	23	261	2	235	5.51e-53	171
WP_082448045.1	STM_v1_0.STM3560	42.7	239	132	2	23	261	2	235	7.78e-53	171
WP_082448068.1	iML1515.b0584	33.6	125	75	4	72	191	50	171	2.87e-09	60.1
WP_082448068.1	iSbBS512_1146.SbBS512_E0485	33.6	125	75	4	72	191	50	171	2.87e-09	60.1
WP_082448068.1	iSDY_1059.SDY_0512	33.6	125	75	4	72	191	50	171	2.87e-09	60.1
WP_082448068.1	iSF_1195.SF0496	33.6	125	75	4	72	191	50	171	2.87e-09	60.1
WP_082448068.1	iSSON_1240.SSON_0534	33.6	125	75	4	72	191	50	171	2.87e-09	60.1
WP_082448068.1	iYL1228.KPN_02593	21.9	370	248	10	69	431	29	364	1.38e-08	57.8
WP_082448068.1	STM_v1_0.STM2199	28.6	133	85	3	69	201	48	170	4.24e-08	56.2
WP_082448068.1	STM_v1_0.STM0585	32.5	126	77	4	72	192	54	176	4.48e-08	56.2
WP_082448068.1	iML1515.b2155	28.6	133	85	3	69	201	48	170	7.35e-08	55.5
WP_082448068.1	iSSON_1240.SSON_2211	28.6	133	85	3	69	201	48	170	7.35e-08	55.5
WP_082448068.1	iSDY_1059.SDY_1022	31.7	123	76	3	72	189	51	170	1.01e-07	55.1
WP_082448068.1	STM_v1_0.STM2777	25.9	243	152	8	72	295	52	285	1.74e-07	54.3
WP_082448076.1	STM_v1_0.STM2232	25.0	304	178	13	48	330	13	287	2.69e-08	55.5
WP_082448082.1	iPC815.YPO3626	33.3	249	153	7	63	307	17	256	5.83e-33	122
WP_082448082.1	iAF987.Gmet_1900	33.7	246	157	4	62	307	12	251	1.73e-31	117
WP_082448082.1	iCN718.ABAYE_RS19055	33.1	251	151	6	58	304	22	259	6.34e-31	116
WP_082448082.1	iJN1463.PP_0239	32.2	242	155	5	68	307	22	256	1.28e-29	113
WP_082448091.1	iYL1228.KPN_00039	61.1	265	102	1	11	274	6	270	4.42e-98	288
WP_082448091.1	iPC815.YPO0480	59.6	265	106	1	11	274	6	270	1.18e-95	282
WP_082448091.1	STM_v1_0.STM0064	59.6	265	106	1	11	274	6	270	1.67e-95	281
WP_082448091.1	iJN1463.PP_4725	57.9	266	109	2	12	275	3	267	2.75e-95	281
WP_082448091.1	iML1515.b0031	59.6	265	106	1	11	274	6	270	2.73e-94	278
WP_082448091.1	iSF_1195.SF0028	59.6	265	106	1	11	274	6	270	3.87e-94	278
WP_082448091.1	iSSON_1240.SSON_0036	59.2	265	107	1	11	274	6	270	5.48e-94	278
WP_082448091.1	iSDY_1059.SDY_0053	59.2	265	107	1	11	274	6	270	1.10e-93	277
WP_082448091.1	iSbBS512_1146.SbBS512_E0035	59.2	265	107	1	11	274	6	270	3.14e-93	276
WP_082448091.1	iCN718.ABAYE_RS00740	56.1	264	114	2	12	274	6	268	2.93e-91	271
WP_082448101.1	iYS854.USA300HOU_RS07985	34.5	171	97	3	10	178	67	224	1.54e-20	85.9
WP_082448101.1	iNF517.LLMG_RS06045	32.2	177	99	3	7	178	59	219	5.33e-19	81.6
WP_082448109.1	iYO844.BSU06430	39.8	359	200	3	83	440	12	355	7.10e-79	249
WP_082448109.1	iJN1463.PP_5335	41.3	361	183	8	83	439	3	338	1.96e-72	232
WP_082448113.1	iYL1228.KPN_00174	34.4	250	143	5	24	273	3	231	1.16e-27	106
WP_082448113.1	STM_v1_0.STM0207	33.5	248	144	5	24	271	3	229	1.26e-25	100
WP_082448113.1	iEK1008.Rv0091	33.5	257	153	7	24	271	5	252	7.71e-25	99.4
WP_082448113.1	iML1515.b0159	33.1	248	145	5	24	271	3	229	1.82e-24	97.8
WP_082448113.1	iSbBS512_1146.SbBS512_E0151	33.1	248	145	5	24	271	3	229	1.82e-24	97.8
WP_082448113.1	iSDY_1059.SDY_0175	33.1	248	145	5	24	271	3	229	1.82e-24	97.8
WP_082448113.1	iSF_1195.SF0151	33.1	248	145	5	24	271	3	229	1.82e-24	97.8
WP_082448113.1	iSSON_1240.SSON_0171	33.1	248	145	5	24	271	3	229	1.82e-24	97.8
WP_082448113.1	iYS854.USA300HOU_RS08520	32.4	247	142	6	24	266	2	227	2.33e-24	97.4
WP_082448113.1	iPC815.YPO3384	33.7	252	143	6	24	273	3	232	3.61e-24	97.1
WP_082448129.1	iLJ478.TM1724	33.6	250	149	6	25	269	7	244	2.48e-21	89.7
WP_082448133.1	iYL1228.KPN_00038	38.0	263	145	3	36	285	29	286	1.89e-33	124
WP_082448133.1	iML1515.b0613	35.1	262	151	4	36	284	28	283	2.38e-30	115
WP_082448133.1	iSSON_1240.SSON_0565	35.1	262	151	4	36	284	28	283	3.32e-30	115
WP_082448141.1	iYL1228.KPN_01020	31.8	242	146	9	26	261	12	240	2.79e-26	103
WP_082448141.1	iJN1463.PP_5298	32.6	261	150	12	13	267	9	249	1.18e-24	99.4
WP_082448141.1	iJN1463.PP_3598	34.3	216	126	8	53	263	52	256	5.74e-24	97.8
WP_082448151.1	STM_v1_0.STM4130	26.2	275	159	9	49	307	28	274	2.26e-10	63.5
WP_082448151.1	iPC815.YPO3910	32.5	163	100	5	49	209	39	193	9.12e-10	61.6
WP_082448151.1	iSF_1195.SF4048	27.1	277	154	11	49	307	28	274	1.56e-09	60.8
WP_082448151.1	iML1515.b2155	32.2	171	91	7	12	176	6	157	2.82e-09	60.1
WP_082448151.1	iML1515.b3966	26.7	277	155	11	49	307	28	274	2.70e-09	60.1
WP_082448151.1	iSSON_1240.SSON_4139	26.7	277	155	11	49	307	28	274	2.70e-09	60.1
WP_082448151.1	iSSON_1240.SSON_2211	34.3	134	73	5	49	176	33	157	4.89e-09	59.3
WP_082448151.1	STM_v1_0.STM2199	31.4	153	90	5	30	176	14	157	1.12e-08	58.2
WP_082448157.1	iML1515.b3201	60.9	243	90	1	26	268	4	241	1.38e-99	290
WP_082448157.1	iSbBS512_1146.SbBS512_E3569	60.9	243	90	1	26	268	4	241	1.38e-99	290
WP_082448157.1	iSDY_1059.SDY_3382	60.9	243	90	1	26	268	4	241	1.38e-99	290
WP_082448157.1	iSF_1195.SF3241	60.9	243	90	1	26	268	4	241	1.38e-99	290
WP_082448157.1	iSSON_1240.SSON_3349	60.9	243	90	1	26	268	4	241	1.38e-99	290
WP_082448157.1	iJN1463.PP_0953	57.6	243	98	1	26	268	4	241	2.30e-93	275
WP_082448157.1	iAF987.Gmet_1282	58.8	243	94	1	26	268	10	246	1.10e-92	273
WP_082448163.1	iSynCJ816.SGL_RS10925	81.3	32	6	0	1	32	1	32	1.00e-12	58.5
WP_082448185.1	iJN1463.PP_4971	38.6	350	171	9	90	409	46	381	5.23e-69	223
WP_082448187.1	iAF987.Gmet_0043	28.8	132	77	4	584	709	151	271	2.03e-04	44.3
WP_082448187.1	iAF987.Gmet_3085	26.6	158	104	6	307	459	315	465	6.88e-04	42.7
WP_082448189.1	iAF987.Gmet_2999	29.8	121	82	2	453	570	10	130	2.29e-06	49.7
WP_082448189.1	iAF987.Gmet_1706	31.3	128	75	4	452	572	2	123	2.02e-06	49.7
WP_082448207.1	iAF987.Gmet_0043	32.2	118	76	3	305	421	162	276	1.72e-08	56.2
WP_082448212.1	iJN1463.PP_3746	46.7	351	167	6	10	358	10	342	1.07e-87	268
WP_082448212.1	iML1515.b4468	43.1	348	182	5	11	358	11	342	4.34e-81	251
WP_082448213.1	iML1515.b1601	24.0	341	229	6	72	410	27	339	1.34e-21	94.7
WP_082448238.1	iYL1228.KPN_00869	46.8	363	186	6	18	376	8	367	1.15e-98	297
WP_082448238.1	iML1515.b0837	44.3	359	194	6	22	376	13	369	1.46e-91	279
WP_082448238.1	iSbBS512_1146.SbBS512_E2507	44.0	359	195	6	22	376	13	369	5.83e-91	277
WP_082448238.1	iSSON_1240.SSON_0820	44.0	359	195	6	22	376	13	369	8.24e-91	277
WP_082448242.1	iJN1463.PP_4805	35.2	287	176	6	117	397	59	341	2.92e-34	131
WP_082448244.1	iPC815.YPO3964	36.8	486	295	5	23	507	5	479	4.56e-83	267
WP_082448244.1	iJN1463.PP_2455	37.0	506	301	7	24	525	16	507	4.32e-75	246
WP_082448251.1	iAF987.Gmet_3509	37.0	1036	632	8	1	1023	1	1028	1.69e-213	639
WP_082448251.1	iJN1463.PP_2410	36.7	1044	628	11	1	1018	1	1037	2.40e-195	592
WP_082448251.1	iJN1463.PP_0043	36.4	1045	628	12	1	1017	1	1036	3.88e-191	582
WP_082448255.1	iJN1463.PP_2408	26.7	367	220	12	58	404	23	360	2.30e-08	55.8
WP_082448255.1	iJN1463.PP_0045	25.5	357	235	9	54	397	20	358	2.88e-07	52.4
WP_082448257.1	iJN1463.PP_0827	61.1	239	93	0	22	260	13	251	2.14e-82	248
WP_082448286.1	iAF987.Gmet_3524	49.0	157	80	0	6	162	11	167	4.09e-42	145
WP_082448286.1	iYO844.BSU00180	46.4	153	82	0	7	159	4	156	2.62e-39	137
WP_082448287.1	iEK1008.Rv0751c	34.9	289	178	3	1	283	1	285	2.30e-41	144
WP_082448287.1	iCN718.ABAYE_RS18705	33.7	288	183	2	4	284	3	289	1.72e-36	131
WP_082448287.1	iSF_1195.SF3162	32.1	262	177	1	4	265	8	268	7.07e-36	130
WP_082448291.1	iJN1463.PP_3382	43.8	393	199	8	55	429	29	417	7.47e-99	301
WP_082448293.1	iJN1463.PP_4150	52.3	539	233	10	25	555	6	528	2.95e-159	464
WP_082448293.1	iML1515.b2180	50.6	539	240	8	25	553	5	527	8.40e-155	453
WP_082448312.1	iEK1008.Rv1143	25.2	278	175	8	225	480	2	268	4.63e-11	63.9
WP_082448312.1	iCHOv1.100758278	37.0	100	61	1	228	327	3	100	2.77e-09	58.5
WP_082448312.1	iMM1415.17117	37.0	100	60	1	228	327	3	99	2.77e-09	58.5
WP_082448314.1	iAF987.Gmet_1914	30.4	112	76	1	595	706	4	113	2.89e-06	50.1
WP_082448314.1	iAF987.Gmet_1919	28.6	112	78	1	595	706	5	114	2.15e-05	47.0
WP_082448316.1	iNF517.LLMG_RS12010	35.0	214	123	6	20	233	81	278	2.76e-27	105
WP_082448316.1	iSDY_1059.SDY_2837	33.8	225	122	6	26	233	88	302	7.21e-26	102
WP_082448316.1	iSF_1195.SF2653	33.3	225	123	6	26	233	88	302	1.00e-24	99.4
WP_082448316.1	iSSON_1240.SSON_2720	33.3	225	123	6	26	233	88	302	1.00e-24	99.4
WP_082448316.1	iSbBS512_1146.SbBS512_E2975	33.3	225	123	6	26	233	88	302	2.69e-24	98.2
WP_082448316.1	STM_v1_0.STM2662	33.3	228	119	7	26	233	88	302	3.73e-24	97.8
WP_082448318.1	iYL1228.KPN_01761	33.7	410	250	12	44	450	23	413	1.40e-38	144
WP_082448318.1	iPC815.YPO3249	30.8	396	259	10	62	454	33	416	4.88e-34	132
WP_082448324.1	iCHOv1.100753207	47.9	48	24	1	35	82	47	93	5.61e-04	41.6
WP_082448324.1	iEK1008.Rv3858c	52.1	48	19	1	37	80	136	183	9.59e-04	40.8
WP_082448329.1	iCN718.ABAYE_RS19055	76.1	251	60	0	42	292	14	264	4.49e-136	385
WP_082448333.1	iAF987.Gmet_2860	44.3	427	208	7	24	439	20	427	1.25e-98	305
WP_082448333.1	STM_v1_0.STM2934	42.1	423	218	6	24	436	23	428	4.53e-95	294
WP_082448333.1	iYL1228.KPN_03113	41.4	423	221	6	24	436	23	428	3.93e-92	286
WP_082448333.1	iSbBS512_1146.SbBS512_E3123	40.9	423	223	6	24	436	23	428	3.09e-91	284
WP_082448333.1	iML1515.b2751	40.9	423	223	6	24	436	23	428	6.14e-91	283
WP_082448333.1	iSSON_1240.SSON_2899	40.9	423	223	6	24	436	23	428	6.14e-91	283
WP_082448333.1	iSDY_1059.SDY_2950	40.7	423	224	6	24	436	23	428	1.72e-90	282
WP_082448333.1	iSF_1195.SF2774	40.9	423	223	6	24	436	23	428	4.82e-90	281
WP_082448333.1	iCN718.ABAYE_RS13930	40.9	428	222	8	29	443	25	434	2.85e-88	278
WP_082448333.1	iJN1463.PP_1304	40.7	420	219	8	29	436	25	426	4.63e-86	275
WP_082448369.1	iSynCJ816.SGL_RS08135	47.1	444	218	5	35	476	9	437	2.22e-126	374
WP_082448369.1	iEK1008.Rv1854c	46.3	438	210	6	35	466	14	432	2.35e-119	357
WP_082448369.1	iEK1008.Rv0392c	47.0	440	206	8	35	466	14	434	1.17e-118	355
WP_082448383.1	iCHOv1.100761203	23.7	456	309	14	18	455	56	490	3.35e-20	93.2
WP_082448383.1	iMM1415.338403	34.6	188	116	4	73	257	87	270	7.56e-20	92.0
WP_082448391.1	iAF987.Gmet_0075	32.9	416	232	12	45	422	49	455	2.66e-40	150
WP_082448391.1	iYL1228.KPN_01770	33.6	443	258	10	4	424	7	435	1.94e-40	150
WP_082448423.1	iYO844.BSU34160	27.9	136	81	6	152	277	136	264	3.94e-04	42.4
WP_082448429.1	iYL1228.KPN_00781	36.6	333	205	6	45	377	29	355	4.24e-65	210
WP_082448429.1	iML1515.b0767	36.3	333	206	6	45	377	5	331	3.04e-65	210
WP_082448429.1	iSDY_1059.SDY_2011	36.3	333	206	6	45	377	5	331	3.04e-65	210
WP_082448429.1	iSbBS512_1146.SbBS512_E2591	36.3	333	206	6	45	377	5	331	6.04e-65	209
WP_082448429.1	iSF_1195.SF0888	36.3	333	206	6	45	377	5	331	6.04e-65	209
WP_082448429.1	iSSON_1240.SSON_0741	36.0	333	207	6	45	377	5	331	1.69e-64	208
WP_082448429.1	iPC815.YPO1149	38.3	329	198	5	45	373	5	328	1.84e-64	208
WP_082448429.1	STM_v1_0.STM0785	35.0	329	209	5	45	373	5	328	1.87e-63	205
WP_082448463.1	iLJ478.TM1138	49.1	271	116	3	4	253	11	280	3.17e-79	241
WP_082448463.1	iAF987.Gmet_1820	45.8	251	130	2	4	251	1	248	4.78e-73	224
WP_082448472.1	iCN718.ABAYE_RS03665	29.5	258	167	4	30	284	146	391	6.08e-28	111
WP_082448480.1	iYS854.USA300HOU_RS07595	32.7	355	234	4	29	382	1	351	7.55e-57	198
WP_082448494.1	iML1515.b1856	37.9	145	79	3	144	287	273	407	6.94e-16	77.0
WP_082448494.1	iAF987.Gmet_3012	47.1	85	45	0	194	278	50	134	4.55e-16	74.7
WP_082448496.1	iJN1463.PP_1778	26.2	267	188	3	1	264	4	264	6.44e-29	110
WP_082448518.1	iYL1228.KPN_04850	35.2	165	105	2	2	165	19	182	1.25e-13	67.0
WP_082448518.1	STM_v1_0.STM4585	32.2	174	106	3	2	169	19	186	3.30e-13	65.9
WP_082448518.1	iSbBS512_1146.SbBS512_E4944	33.9	174	103	3	2	169	19	186	8.67e-13	64.7
WP_082448518.1	iSF_1195.SF4427	33.9	174	103	3	2	169	19	186	8.67e-13	64.7
WP_082448518.1	iSSON_1240.SSON_4545	33.9	174	103	3	2	169	19	186	8.67e-13	64.7
WP_082448518.1	iSDY_1059.SDY_4656	33.3	174	104	3	2	169	19	186	3.13e-12	63.2
WP_082448540.1	iJN1463.PP_1335	34.4	613	224	11	10	619	13	450	7.16e-79	257
WP_082448550.1	STM_v1_0.STM3671	31.0	116	77	2	38	153	5	117	2.53e-09	53.5
WP_082448550.1	iML1515.b3577	29.1	110	70	2	47	153	13	117	4.63e-08	50.1
WP_082448556.1	iJN1463.PP_1686	45.5	167	89	2	41	206	36	201	3.21e-48	156
WP_082448556.1	iCN718.ABAYE_RS11095	52.4	147	62	4	65	205	17	161	3.02e-47	152
WP_082448556.1	iSynCJ816.SGL_RS11045	49.4	154	65	4	61	203	18	169	3.54e-45	147
WP_082448568.1	iSynCJ816.SGL_RS17805	42.2	379	209	5	39	415	31	401	1.20e-98	300
WP_082448594.1	iEK1008.Rv1679	29.3	389	249	13	6	386	2	372	2.01e-21	94.4
WP_082448597.1	iJN1463.PP_4686	36.7	237	125	8	65	286	68	294	2.44e-27	107
WP_082448607.1	iJN1463.PP_4210	45.3	660	343	8	26	676	4	654	1.69e-165	489
WP_082448619.1	iJN1463.PP_4211	29.9	502	281	16	22	496	7	464	3.35e-23	102
WP_082448621.1	iAF987.Gmet_1548	30.6	180	119	3	206	383	238	413	2.64e-11	64.7
WP_082448621.1	iJN1463.PP_2409	29.9	284	175	9	106	379	122	391	3.93e-10	60.8
WP_082448635.1	iAF987.Gmet_0078	31.6	443	266	6	79	513	52	465	8.43e-56	195
WP_082448657.1	iCN900.CD630_20730	27.6	771	496	23	30	759	8	757	5.41e-57	207
WP_082448657.1	iCN900.CD630_20790	27.1	768	502	20	28	759	6	751	6.95e-57	207
WP_082448657.1	iHN637.CLJU_RS11600	26.6	786	507	20	25	759	7	773	6.45e-55	202
WP_082448657.1	iSSON_1240.SSON_3017	27.9	770	486	19	30	759	2	742	2.52e-53	197
WP_082448657.1	iSF_1195.SF2868	27.4	767	494	18	30	759	15	755	4.52e-52	193
WP_082448657.1	iML1515.b2866	27.4	767	494	18	30	759	2	742	5.37e-52	193
WP_082448658.1	iYO844.BSU03070	31.1	164	112	1	4	167	18	180	7.27e-16	79.3
WP_082448659.1	iYS854.USA300HOU_RS13340	34.4	503	294	6	56	528	20	516	9.24e-84	271
WP_082448661.1	iYS854.USA300HOU_RS14490	21.3	239	156	5	45	281	48	256	2.29e-09	58.9
WP_082448662.1	iJN1463.PP_4235	35.0	403	192	22	361	728	170	537	1.79e-18	89.4
WP_082448665.1	iJN1463.PP_0115	54.8	695	293	6	101	790	25	703	1.49e-261	741
WP_082448665.1	iML1515.b1732	53.2	677	304	6	98	769	57	725	3.67e-239	686
WP_082448665.1	iSSON_1240.SSON_1426	53.2	677	304	6	98	769	57	725	3.67e-239	686
WP_082448665.1	iSF_1195.SF1496	52.9	677	306	6	98	769	57	725	2.96e-238	683
WP_082448665.1	iYL1228.KPN_01236	52.4	694	314	8	98	785	56	739	1.85e-236	679
WP_082448665.1	STM_v1_0.STM1318	52.5	667	305	4	107	769	64	722	3.95e-235	675
WP_082448665.1	iCN718.ABAYE_RS11495	50.4	689	322	7	108	791	32	705	1.62e-232	667
WP_082448666.1	iJN1463.PP_3071	38.8	685	347	13	38	718	31	647	7.89e-142	430
WP_082448669.1	iEK1008.Rv3567c	31.8	148	96	3	2	146	17	162	1.72e-16	72.0
WP_082448670.1	iJN1463.PP_2590	29.0	668	436	14	68	712	119	771	2.03e-64	228
WP_082448681.1	iYS854.USA300HOU_RS07595	24.6	342	226	9	20	352	9	327	7.09e-20	92.0
WP_082448685.1	iSDY_1059.SDY_0829	32.1	56	38	0	40	95	27	82	7.57e-04	39.3
WP_082448692.1	iJN1463.PP_0045	28.7	390	241	12	56	432	39	404	1.75e-13	71.6
WP_082448692.1	iJN1463.PP_2408	28.5	389	243	11	56	432	34	399	5.54e-13	70.1
WP_082448693.1	iCN900.CD630_29890	29.3	191	120	7	67	251	60	241	3.22e-16	78.2
WP_082448693.1	iJN1463.PP_0237	27.9	229	155	5	57	282	43	264	2.24e-14	72.8
WP_082448694.1	iJN1463.PP_0239	36.4	242	153	1	54	295	13	253	6.90e-51	168
WP_082448694.1	iPC815.YPO3626	35.5	242	155	1	54	295	13	253	1.68e-48	162
WP_082448694.1	iYO844.BSU08850	34.2	257	168	1	42	298	18	273	2.49e-47	159
WP_082448694.1	iYL1228.KPN_00970	34.7	242	157	1	54	295	12	252	3.47e-47	159
WP_082448694.1	iCN718.ABAYE_RS19055	33.7	246	162	1	50	295	15	259	5.66e-46	155
WP_082448696.1	iAF987.Gmet_2344	31.4	245	154	7	24	263	3	238	7.58e-24	96.7
WP_082448697.1	iYL1228.KPN_04624	24.6	207	136	4	61	265	58	246	3.44e-04	42.0
WP_082448704.1	iPC815.YPO4115	65.5	284	97	1	17	299	10	293	1.17e-128	367
WP_082448704.1	STM_v1_0.STM3855	65.1	284	98	1	17	299	10	293	2.82e-127	364
WP_082448704.1	iSbBS512_1146.SbBS512_E4202	66.3	279	93	1	17	294	10	288	1.62e-126	362
WP_082448704.1	iSDY_1059.SDY_4024	66.3	279	93	1	17	294	10	288	1.62e-126	362
WP_082448704.1	iSF_1195.SF3729	66.3	279	93	1	17	294	10	288	1.62e-126	362
WP_082448704.1	iML1515.b3726	66.3	279	93	1	17	294	10	288	3.26e-126	361
WP_082448704.1	iSSON_1240.SSON_3908	65.9	279	94	1	17	294	10	288	6.57e-126	360
WP_082448704.1	iYL1228.KPN_04131	64.8	284	99	1	17	299	10	293	2.17e-124	357
WP_082448709.1	iJN1463.PP_4211	30.3	475	308	6	29	495	6	465	8.15e-44	161
WP_082448725.1	iJN1463.PP_1384	48.1	468	234	4	25	491	6	465	9.00e-128	380
WP_082448730.1	iEK1008.Rv3703c	31.0	439	209	17	13	400	30	425	3.45e-35	134
WP_082448741.1	iJN1463.PP_0350	35.4	706	417	14	35	710	114	810	1.49e-125	392
WP_082448741.1	iYL1228.KPN_00165	36.3	708	392	16	44	710	46	735	6.33e-125	388
WP_082448741.1	STM_v1_0.STM0191	33.8	737	420	17	14	710	21	729	1.41e-116	366
WP_082448741.1	iSSON_1240.SSON_0162	34.3	697	402	16	51	710	52	729	5.46e-116	365
WP_082448741.1	iSbBS512_1146.SbBS512_E0142	34.2	693	400	16	55	710	56	729	4.17e-115	362
WP_082448741.1	iML1515.b0150	33.9	703	415	16	51	710	52	747	9.91e-114	359
WP_082448741.1	STM_v1_0.STM0364	34.4	675	390	18	68	710	49	702	3.36e-113	357
WP_082448741.1	iSF_1195.SF0142	33.7	703	416	16	51	710	52	747	1.48e-112	356
WP_082448741.1	iSDY_1059.SDY_0166	33.4	703	418	16	51	710	52	747	1.13e-111	354
WP_082448747.1	iCN718.ABAYE_RS15395	32.1	193	114	5	61	241	72	259	1.03e-12	65.9
WP_082448752.1	iAF987.Gmet_2444	32.2	121	78	3	24	143	24	141	2.05e-08	55.1
WP_082448756.1	STM_v1_0.STM0794	60.8	316	123	1	29	343	6	321	1.28e-137	394
WP_082448756.1	iSbBS512_1146.SbBS512_E2577	60.8	316	123	1	29	343	6	321	2.10e-136	391
WP_082448756.1	iML1515.b0775	60.4	316	124	1	29	343	6	321	4.22e-136	390
WP_082448756.1	iSF_1195.SF0724	60.4	316	124	1	29	343	6	321	4.22e-136	390
WP_082448756.1	iSSON_1240.SSON_0754	60.4	316	124	1	29	343	6	321	4.22e-136	390
WP_082448756.1	iSDY_1059.SDY_0831	60.4	316	124	1	29	343	6	321	5.98e-136	390
WP_082448756.1	iPC815.YPO1151	59.9	309	124	0	30	338	7	315	3.83e-134	385
WP_082448756.1	iYL1228.KPN_00800	59.9	309	124	0	32	340	1	309	1.73e-133	383
WP_082448756.1	iJN1463.PP_0362	57.6	314	133	0	30	343	13	326	9.17e-132	379
WP_156362490.1	iML1515.b2371	36.8	348	208	2	4	351	5	340	2.20e-76	241
WP_156362504.1	iAF987.Gmet_3085	29.0	424	296	4	174	592	465	888	6.78e-49	182
WP_156362504.1	iAF987.Gmet_0987	39.0	259	156	2	332	588	526	784	4.97e-49	182
WP_156362504.1	iAF987.Gmet_0700	32.0	469	289	10	119	578	361	808	5.97e-49	182
WP_156362504.1	iAF987.Gmet_2629	32.2	369	244	4	225	588	441	808	3.76e-48	179
WP_156362504.1	iJN1463.PP_0914	35.5	327	208	3	268	591	360	686	1.17e-47	177
WP_156362504.1	iYL1228.KPN_02455	31.8	412	267	9	172	577	188	591	6.06e-47	173
WP_156362504.1	iJN1463.PP_3581	31.0	442	288	8	147	581	247	678	1.95e-46	173
WP_156362504.1	iAF987.Gmet_0957	34.0	329	212	5	268	592	297	624	7.90e-45	168
WP_156362504.1	iAF987.Gmet_0782	33.3	327	215	3	268	591	402	728	2.34e-43	165
WP_156362528.1	iAF987.Gmet_0043	21.3	371	263	7	535	898	40	388	5.72e-11	65.9
WP_156362545.1	iML1515.b0957	34.9	83	45	1	135	208	253	335	3.49e-07	49.3
WP_156362545.1	iSbBS512_1146.SbBS512_E2359	34.9	83	45	1	135	208	253	335	3.49e-07	49.3
WP_156362545.1	iSDY_1059.SDY_0930	34.9	83	45	1	135	208	257	339	3.52e-07	49.3
WP_156362545.1	iSF_1195.SF0957	34.9	83	45	1	135	208	255	337	3.50e-07	49.3
WP_156362545.1	iSSON_1240.SSON_0961	34.9	83	45	1	135	208	253	335	3.49e-07	49.3
WP_156362545.1	iYL1228.KPN_00986	37.7	61	37	1	135	194	263	323	6.99e-06	45.4
WP_156362548.1	iML1515.b1134	35.6	146	88	2	9	154	2	141	4.78e-21	83.6
WP_156362548.1	iSDY_1059.SDY_2018	35.6	146	88	2	9	154	2	141	4.78e-21	83.6
WP_156362548.1	iSF_1195.SF1153	35.6	146	88	2	9	154	2	141	4.78e-21	83.6
WP_156362548.1	iSSON_1240.SSON_1152	35.6	146	88	2	9	154	2	141	4.78e-21	83.6
WP_156362548.1	iYL1228.KPN_01142	34.9	146	89	2	9	154	2	141	1.84e-20	82.0
WP_156362548.1	STM_v1_0.STM1235	35.6	146	88	2	9	154	2	141	2.65e-20	81.6
WP_156362548.1	iSbBS512_1146.SbBS512_E1312	34.9	146	89	2	9	154	2	141	7.41e-20	80.5
WP_156362552.1	iAF987.Gmet_0916	50.9	291	130	5	14	302	13	292	5.86e-101	297
WP_156362552.1	iMM904.YAR015W	48.2	299	135	5	14	302	12	300	1.59e-90	271
WP_156362584.1	iAF987.Gmet_0043	39.7	73	42	1	467	537	197	269	1.99e-08	56.6
WP_156362636.1	iSSON_1240.SSON_3693	37.6	255	146	3	16	260	4	255	1.11e-44	150
WP_156362636.1	iML1515.b3455	37.6	255	146	3	16	260	4	255	1.57e-44	150
WP_156362636.1	iSbBS512_1146.SbBS512_E3867	37.6	255	146	3	16	260	4	255	1.57e-44	150
WP_156362636.1	iSF_1195.SF3473	37.6	255	146	3	16	260	4	255	1.57e-44	150
WP_156362636.1	iSDY_1059.SDY_3604	37.3	255	147	3	16	260	4	255	4.40e-44	149
WP_156362636.1	STM_v1_0.STM3561	37.3	255	147	3	16	260	4	255	8.74e-44	148
WP_156362636.1	iYL1228.KPN_03817	37.3	255	147	3	16	260	4	255	1.23e-43	148
WP_156362636.1	iLJ478.TM1138	34.6	269	150	4	16	258	10	278	3.13e-41	142
WP_156362636.1	iPC815.YPO3805	36.4	253	148	3	16	258	5	254	1.17e-40	140
WP_156362636.1	iJN1463.PP_1138	34.9	255	149	3	18	260	6	255	6.45e-40	138
WP_156362636.1	iSynCJ816.SGL_RS13090	34.0	247	161	1	14	260	2	246	6.92e-38	136
WP_156362676.1	iML1515.b3003	57.8	287	121	0	1	287	4	290	9.25e-109	317
WP_156362683.1	iAF987.Gmet_3395	60.3	68	27	0	1	68	417	484	4.31e-26	98.2
WP_156362683.1	iCHOv1.100764462	64.2	67	24	0	2	68	339	405	5.00e-25	94.7
WP_156362683.1	iMM1415.214579	64.2	67	24	0	2	68	457	523	8.42e-25	94.7
WP_156362683.1	iAT_PLT_636.7915	64.2	67	24	0	2	68	482	548	1.20e-24	94.4
WP_156362683.1	iYL1228.KPN_00256	62.1	66	25	0	1	66	416	481	6.43e-23	89.4
WP_156362683.1	iML1515.b2661	62.1	66	25	0	1	66	416	481	1.21e-22	88.6
WP_156362683.1	STM_v1_0.STM2791	62.1	66	25	0	1	66	416	481	1.21e-22	88.6
WP_156362683.1	iSSON_1240.SSON_2805	62.1	66	25	0	1	66	416	481	1.21e-22	88.6
WP_156362711.1	iYL1228.KPN_00256	46.8	79	42	0	36	114	15	93	5.10e-19	80.5
WP_156362711.1	iML1515.b2661	42.9	91	52	0	24	114	3	93	6.98e-19	80.1
WP_156362711.1	iSSON_1240.SSON_2805	42.9	91	52	0	24	114	3	93	1.30e-18	79.3
WP_156362711.1	STM_v1_0.STM2791	41.8	91	53	0	24	114	3	93	4.55e-18	77.8
WP_156362711.1	iJN1463.PP_0213	45.0	80	44	0	35	114	14	93	8.49e-18	77.0
WP_156362768.1	iJN1463.PP_3275	55.3	170	67	4	7	176	17	177	8.30e-53	166
WP_156362768.1	iML1515.b1391	45.9	172	81	2	5	176	6	165	8.14e-48	152
WP_156362783.1	iJN1463.PP_1332	43.7	476	252	7	28	496	22	488	2.29e-102	315
WP_156362793.1	iSynCJ816.SGL_RS08885	52.1	215	103	0	22	236	19	233	1.74e-64	221
WP_156362822.1	iSynCJ816.SGL_RS12595	30.0	170	90	9	196	363	29	171	1.29e-04	43.1
WP_156362822.1	iAF987.Gmet_1639	24.6	167	92	5	198	357	7	146	9.37e-04	40.4
WP_156362824.1	iYO844.BSU32470	40.9	159	93	1	13	171	6	163	1.05e-42	140
WP_156362824.1	iAF987.Gmet_2135	46.4	140	75	0	27	166	20	159	8.00e-42	138
WP_156362824.1	iCN900.CD630_20880	42.1	145	84	0	21	165	2	146	1.89e-39	131
WP_156362824.1	iJN1463.PP_3947	44.4	144	80	0	22	165	4	147	1.95e-39	131
WP_156362824.1	iHN637.CLJU_RS11605	42.1	145	84	0	21	165	3	147	7.38e-39	130
WP_156362839.1	iEK1008.Rv0958	27.4	164	103	5	419	582	171	318	2.13e-04	43.9
WP_156362927.1	iYL1228.KPN_03904	26.0	515	329	16	90	577	47	536	8.56e-30	123
WP_156362927.1	iML1515.b3546	31.4	309	186	12	277	577	251	541	5.61e-28	118
WP_156362927.1	iSbBS512_1146.SbBS512_E3983	31.4	309	186	12	277	577	251	541	5.61e-28	118
WP_156362927.1	iSF_1195.SF3580	31.4	309	186	12	277	577	262	552	5.99e-28	118
WP_156362927.1	iSSON_1240.SSON_3844	31.4	309	186	12	277	577	262	552	5.99e-28	118
WP_156362927.1	STM_v1_0.STM3635	29.5	308	195	11	277	578	251	542	1.02e-26	114
WP_168389193.1	iNF517.LLMG_RS11185	32.1	81	52	1	101	178	7	87	1.71e-07	48.1
WP_168389197.1	iJN1463.PP_1144	31.7	224	141	3	182	393	482	705	1.79e-23	102
WP_168389197.1	iYL1228.KPN_02455	29.0	245	163	4	160	393	350	594	1.90e-23	102
WP_168389197.1	iJN1463.PP_3581	29.4	235	154	5	172	394	444	678	9.70e-23	100
WP_168389197.1	iAF987.Gmet_0700	30.5	223	141	5	182	391	587	808	1.12e-21	97.4
WP_168389197.1	iSSON_1240.SSON_1635	27.1	247	162	4	167	398	554	797	1.99e-21	96.7
WP_168389197.1	iAF987.Gmet_2629	29.5	227	149	4	180	395	576	802	2.68e-21	96.3
WP_168389197.1	iSbBS512_1146.SbBS512_E1752	27.1	247	162	4	167	398	554	797	2.66e-21	96.3
WP_168389197.1	iAF987.Gmet_0782	30.1	249	154	7	182	417	494	735	1.43e-20	94.0
WP_168389197.1	iML1515.b1489	26.7	247	163	4	167	398	546	789	2.02e-20	93.6
WP_168389202.1	iAF987.Gmet_0304	37.0	963	511	16	21	949	31	931	4.24e-174	530
WP_168389221.1	iLB1027_lipid.PHATRDRAFT_22803	38.7	615	315	6	3	575	1	595	9.27e-119	364
WP_168389228.1	iJN1463.PP_1494	48.6	173	86	2	290	461	162	332	5.71e-37	138
WP_168389228.1	iAF987.Gmet_0069	47.5	177	87	3	286	461	130	301	4.99e-37	137
WP_168389247.1	iAF987.Gmet_2727	44.0	100	55	1	229	328	295	393	3.03e-16	78.6
WP_168389250.1	iAF987.Gmet_1653	44.0	218	114	2	2	216	3	215	2.54e-53	172
WP_168389250.1	iNF517.LLMG_RS01830	43.3	210	113	2	2	209	3	208	2.15e-51	166
WP_168389250.1	iSDY_1059.SDY_0702	40.9	215	125	1	2	216	5	217	3.95e-50	164
WP_168389250.1	iML1515.b0755	40.9	215	125	1	2	216	5	217	5.58e-50	163
WP_168389250.1	iLB1027_lipid.PHATRDRAFT_33839	41.1	236	130	3	3	237	32	259	1.35e-49	163
WP_168389250.1	iSbBS512_1146.SbBS512_E0676	40.9	215	125	1	2	216	5	217	5.58e-50	163
WP_168389250.1	iSF_1195.SF0549	40.9	215	125	1	2	216	5	217	5.58e-50	163
WP_168389250.1	iSSON_1240.SSON_0707	40.9	215	125	1	2	216	5	217	5.58e-50	163
WP_168389250.1	STM_v1_0.STM0772	40.5	215	126	1	2	216	5	217	2.22e-49	162
WP_168389250.1	iYL1228.KPN_00768	41.0	217	122	2	2	216	5	217	3.52e-48	159
WP_168389250.1	iCHOv1.100766080	41.9	217	122	2	2	216	5	219	5.55e-48	158
WP_168389250.1	iAT_PLT_636.5223	41.9	217	122	2	2	216	5	219	5.55e-48	158
WP_168389250.1	iMM1415.18648	41.9	217	122	2	2	216	5	219	5.55e-48	158
WP_168389250.1	iMM1415.56012	39.6	217	127	2	2	216	5	219	7.62e-48	158
WP_168389250.1	iAT_PLT_636.5224	39.2	217	128	2	2	216	5	219	4.28e-47	156
WP_168389250.1	iCHOv1.100761944	38.2	217	130	2	2	216	5	219	1.20e-46	155
WP_168389250.1	iPC815.YPO1133	39.2	217	126	2	2	216	5	217	1.11e-46	155
WP_168389253.1	iYS854.USA300HOU_RS07240	29.0	155	108	2	42	196	33	185	2.72e-14	68.6
WP_168389254.1	iYL1228.KPN_02543	54.9	448	193	3	14	461	6	444	3.72e-170	486
WP_168389256.1	iEK1008.Rv3265c	30.2	179	95	4	79	227	61	239	1.08e-12	66.2
WP_168389262.1	iAF987.Gmet_1298	39.6	169	91	5	441	605	183	344	6.66e-24	103
WP_168389262.1	iML1515.b1025	37.9	169	96	6	440	606	280	441	3.87e-22	99.4
WP_168389262.1	iAF987.Gmet_2425	39.5	185	98	7	431	610	174	349	2.41e-22	98.6
WP_168389262.1	iJN1463.PP_1494	36.2	196	113	5	418	605	141	332	4.57e-22	97.4
WP_168389266.1	iSbBS512_1146.SbBS512_E4050	28.8	198	116	7	316	500	6	191	6.56e-15	77.4
WP_168389266.1	iSSON_1240.SSON_3782	28.8	198	116	7	316	500	6	191	6.56e-15	77.4
WP_168389266.1	iYO844.BSU35550	37.6	141	79	4	20	157	8	142	4.87e-13	70.5
WP_168389267.1	iAF987.Gmet_3085	39.1	653	389	6	46	691	236	886	1.59e-130	407
WP_168389268.1	iAF987.Gmet_3085	33.5	823	478	14	198	989	97	881	7.16e-126	404
WP_168389268.1	iAF987.Gmet_0782	40.1	573	312	11	427	987	167	720	6.35e-113	365
WP_201781813.1	iSynCJ816.SGL_RS05575	26.1	230	148	7	43	267	52	264	3.19e-07	51.2
WP_201781814.1	iLB1027_lipid.PHATRDRAFT_14260	60.6	142	56	0	20	161	12	153	2.82e-36	123
WP_201781814.1	iCHOv1.100755890	57.1	154	66	0	18	171	57	210	5.78e-35	121
WP_201781814.1	iMM1415.225887	57.6	151	64	0	21	171	62	212	1.72e-34	120
WP_201781814.1	iAT_PLT_636.4728	55.8	154	68	0	18	171	57	210	9.14e-34	118
WP_201781815.1	iJN1463.PP_1902	56.2	251	106	2	3	249	2	252	4.62e-79	238
WP_201781815.1	iPC815.YPO1400	53.3	246	112	2	6	249	3	247	8.08e-74	224
WP_201781815.1	iYL1228.KPN_00945	51.2	244	116	2	6	247	3	245	2.16e-73	223
WP_201781815.1	iML1515.b0918	51.2	244	116	2	6	247	3	245	8.68e-73	222
WP_201781815.1	iSbBS512_1146.SbBS512_E2406	51.2	244	116	2	6	247	3	245	8.68e-73	222
WP_201781815.1	iSF_1195.SF0914	51.2	244	116	2	6	247	3	245	8.68e-73	222
WP_201781815.1	iSSON_1240.SSON_0920	51.2	244	116	2	6	247	3	245	8.68e-73	222
WP_201781815.1	iSDY_1059.SDY_2340	51.2	244	116	2	6	247	3	245	1.74e-72	221
WP_201781815.1	STM_v1_0.STM0988	50.4	244	118	2	6	247	3	245	5.67e-71	217
WP_201781817.1	iYO844.BSU15540	22.2	212	137	7	50	247	78	275	5.99e-05	43.9
WP_201781818.1	STM_v1_0.STM0245	50.8	240	112	2	36	273	30	265	2.56e-77	235
WP_201781818.1	iYL1228.KPN_00211	50.8	240	112	2	36	273	30	265	4.13e-76	232
WP_201781818.1	iSDY_1059.SDY_0216	50.0	240	114	2	36	273	30	265	4.13e-76	232
WP_201781818.1	iML1515.b0197	50.0	240	114	2	36	273	30	265	5.85e-76	232
WP_201781818.1	iSbBS512_1146.SbBS512_E0191	49.6	240	115	2	36	273	30	265	1.66e-75	231
WP_201781818.1	iSF_1195.SF0188	49.6	240	115	2	36	273	30	265	1.66e-75	231
WP_201781818.1	iSSON_1240.SSON_0211	49.6	240	115	2	36	273	30	265	1.66e-75	231
WP_201781821.1	iSynCJ816.SGL_RS14000	41.8	249	139	2	13	255	18	266	1.85e-55	179
WP_201781821.1	iLJ478.TM1138	39.4	274	140	4	9	256	7	280	1.33e-53	174
WP_201781821.1	iSSON_1240.SSON_3693	38.5	252	146	3	12	255	4	254	7.37e-52	169
WP_201781821.1	iML1515.b3455	38.5	252	146	3	12	255	4	254	1.04e-51	169
WP_201781821.1	iSbBS512_1146.SbBS512_E3867	38.5	252	146	3	12	255	4	254	1.04e-51	169
WP_201781821.1	iSF_1195.SF3473	38.5	252	146	3	12	255	4	254	1.04e-51	169
WP_201781821.1	iPC815.YPO3805	39.6	255	145	3	9	255	2	255	2.08e-51	168
WP_201781821.1	iSDY_1059.SDY_3604	38.1	252	147	3	12	255	4	254	2.93e-51	167
WP_201781821.1	iYL1228.KPN_03817	38.5	252	146	3	12	255	4	254	5.85e-51	167
WP_201781821.1	STM_v1_0.STM3561	38.1	252	147	3	12	255	4	254	9.23e-50	164
WP_201781821.1	iSynCJ816.SGL_RS13090	36.6	246	148	3	13	255	5	245	5.19e-48	162
WP_201781822.1	iSynCJ816.SGL_RS13090	36.1	252	149	3	3	252	5	246	8.88e-47	159
WP_201781822.1	iLJ478.TM1138	36.1	269	150	3	3	250	11	278	2.02e-47	158
WP_201781822.1	iAF987.Gmet_1820	39.2	250	148	4	3	250	1	248	5.56e-45	151
WP_201781822.1	iSSON_1240.SSON_3693	37.5	251	156	1	3	252	5	255	6.37e-45	151
WP_201781822.1	iML1515.b3455	37.5	251	156	1	3	252	5	255	8.99e-45	150
WP_201781822.1	iSbBS512_1146.SbBS512_E3867	37.5	251	156	1	3	252	5	255	8.99e-45	150
WP_201781822.1	iSF_1195.SF3473	37.5	251	156	1	3	252	5	255	8.99e-45	150
WP_201781822.1	iSDY_1059.SDY_3604	37.1	251	157	1	3	252	5	255	2.52e-44	149
WP_201781822.1	iYL1228.KPN_03817	37.5	251	156	1	3	252	5	255	5.01e-44	149
WP_201781822.1	STM_v1_0.STM3561	36.7	251	158	1	3	252	5	255	1.55e-42	145
WP_201781824.1	iEK1008.Rv0134	26.6	289	196	10	13	291	10	292	2.53e-17	80.1
WP_201781831.1	iJN1463.PP_1137	41.4	232	136	0	1	232	1	232	1.93e-58	184
WP_201781831.1	iLJ478.TM1139	41.0	234	137	1	1	233	5	238	1.86e-57	182
WP_201781831.1	iYL1228.KPN_03816	41.8	232	135	0	1	232	5	236	2.25e-55	176
WP_201781831.1	iML1515.b3454	42.7	234	130	2	1	232	5	236	1.28e-54	174
WP_201781831.1	iSbBS512_1146.SbBS512_E3868	42.7	234	130	2	1	232	9	240	1.44e-54	174
WP_201781831.1	iSF_1195.SF3472	42.7	234	130	2	1	232	5	236	1.28e-54	174
WP_201781831.1	iSSON_1240.SSON_3692	42.7	234	130	2	1	232	9	240	1.44e-54	174
WP_201781831.1	iPC815.YPO3804	40.9	232	137	0	1	232	1	232	2.27e-54	174
WP_201781831.1	STM_v1_0.STM3560	41.8	232	135	0	1	232	5	236	5.11e-54	173
WP_201781831.1	iAF987.Gmet_1819	38.7	238	140	2	1	232	1	238	9.69e-54	172
WP_201781831.1	iSDY_1059.SDY_3603	42.3	234	131	2	1	232	9	240	1.63e-53	172
WP_201781835.1	iYS854.USA300HOU_RS05515	50.9	407	192	4	16	414	31	437	1.98e-124	367
WP_201781838.1	iSSON_1240.SSON_0062	25.1	774	478	21	108	822	51	781	2.13e-60	219
WP_201781838.1	iSbBS512_1146.SbBS512_E0048	25.5	791	489	23	84	822	39	781	3.95e-60	218
WP_201781838.1	iML1515.b0054	24.9	774	479	21	108	822	51	781	9.96e-60	217
WP_201781838.1	iSDY_1059.SDY_0079	24.8	774	480	21	108	822	51	781	2.94e-58	213
WP_201781838.1	iSF_1195.SF0051	24.7	754	506	19	108	822	51	781	1.00e-57	211
WP_201781843.1	iJN1463.PP_1200	50.2	617	297	4	20	633	22	631	6.61e-197	567
WP_201781843.1	iPC815.YPO0006	49.1	611	303	3	24	633	14	617	4.75e-188	544
WP_201781843.1	iML1515.b3747	48.4	610	309	3	24	633	14	617	1.59e-183	533
WP_201781843.1	iSbBS512_1146.SbBS512_E4173	48.4	610	309	3	24	633	14	617	3.19e-183	532
WP_201781843.1	iSSON_1240.SSON_3917	48.4	610	309	3	24	633	14	617	3.19e-183	532
WP_201781843.1	iSF_1195.SF3828	48.2	610	310	3	24	633	14	617	4.52e-183	531
WP_201781843.1	STM_v1_0.STM3880	48.5	610	308	3	24	633	14	617	5.14e-182	529
WP_201781843.1	iYL1228.KPN_04152	47.5	610	314	2	24	633	14	617	1.46e-181	528
WP_201781843.1	iSDY_1059.SDY_4001	47.9	612	311	4	24	633	14	619	7.08e-180	523
WP_201781845.1	iYL1228.KPN_00869	40.4	366	190	7	49	408	24	367	2.56e-81	254
WP_201781845.1	iML1515.b0837	39.0	374	200	7	43	410	20	371	1.20e-79	249
WP_201781845.1	iSbBS512_1146.SbBS512_E2507	38.8	374	201	7	43	410	20	371	4.75e-79	248
WP_201781845.1	iSSON_1240.SSON_0820	38.8	374	201	7	43	410	20	371	6.70e-79	248
WP_201781846.1	iAF987.Gmet_2496	68.1	188	57	2	1	188	4	188	2.19e-87	254
WP_201781846.1	iJN1463.PP_0420	64.8	193	60	3	1	188	4	193	9.96e-81	238
WP_201781846.1	iCN718.ABAYE_RS06050	61.8	191	65	3	1	186	4	191	3.66e-80	236
WP_201781846.1	STM_v1_0.STM3469	58.9	185	73	1	1	185	4	185	1.58e-77	229
WP_201781850.1	iCN718.ABAYE_RS12975	38.3	342	179	7	6	322	6	340	6.31e-56	185
WP_201781852.1	iCN718.ABAYE_RS13035	58.8	328	135	0	18	345	5	332	1.14e-143	409
WP_201781852.1	iJN1463.PP_0591	59.2	309	126	0	18	326	3	311	2.91e-130	374
WP_201781863.1	iCN900.CD630_14490	43.0	158	87	3	78	234	32	187	1.86e-31	114
WP_201781863.1	iEK1008.Rv3609c	40.0	160	95	1	78	237	44	202	9.98e-31	112
WP_201781863.1	iYO844.BSU22780	36.5	189	113	5	52	238	7	190	2.87e-30	110
WP_201781863.1	iCHOv1.100750667	45.2	124	66	1	111	234	125	246	1.64e-29	110
WP_201781863.1	iMM1415.14528	45.2	124	66	1	111	234	118	239	1.40e-29	110
WP_201781863.1	iPC815.YPO1505	33.9	165	106	2	71	234	54	216	1.82e-28	107
WP_201781863.1	STM_v1_0.STM2193	32.7	165	108	2	71	234	56	218	1.04e-27	105
WP_201781863.1	iML1515.b2153	32.7	168	110	2	72	238	57	222	1.46e-27	104
WP_201781863.1	iJN1463.PP_2512	44.5	128	69	1	111	238	61	186	6.06e-28	104
WP_201781863.1	iSbBS512_1146.SbBS512_E0813	32.7	168	110	2	72	238	57	222	1.46e-27	104
WP_201781863.1	iSDY_1059.SDY_2127	32.7	168	110	2	72	238	57	222	1.46e-27	104
WP_201781863.1	iSF_1195.SF2238	32.7	168	110	2	72	238	57	222	1.46e-27	104
WP_201781863.1	iSSON_1240.SSON_2209	32.7	168	110	2	72	238	57	222	1.46e-27	104
WP_201781863.1	iJN1463.PP_1823	46.0	124	65	1	111	234	68	189	9.43e-28	104
WP_201781863.1	iYL1228.KPN_02591	32.7	165	108	2	71	234	56	218	2.86e-27	103
WP_201781865.1	iEK1008.Rv1237	28.9	256	170	3	27	275	23	273	1.45e-28	109
WP_201781869.1	iAF987.Gmet_1762	48.6	381	178	5	2	381	15	378	1.28e-107	321
WP_201781870.1	iSynCJ816.SGL_RS02445	37.7	257	156	3	29	281	20	276	1.13e-40	143
WP_201781870.1	STM_v1_0.STM0423	41.2	245	139	3	48	287	32	276	2.07e-40	142
WP_201781870.1	iJN1463.PP_0528	40.2	254	143	5	26	271	7	259	2.15e-38	137
WP_201781870.1	iAF987.Gmet_1935	35.8	271	164	5	25	286	7	276	3.16e-38	136
WP_201781870.1	iSF_1195.SF0358	39.2	245	144	3	48	287	32	276	6.49e-38	135
WP_201781870.1	iML1515.b0421	39.2	245	144	3	48	287	32	276	1.27e-37	135
WP_201781870.1	iSbBS512_1146.SbBS512_E0342	39.2	245	144	3	48	287	32	276	1.27e-37	135
WP_201781870.1	iSDY_1059.SDY_0309	39.2	245	144	3	48	287	32	276	1.27e-37	135
WP_201781870.1	iSSON_1240.SSON_0398	39.2	245	144	3	48	287	32	276	1.27e-37	135
WP_201781871.1	iYO844.BSU18570	39.9	682	385	7	18	688	13	680	5.79e-168	497
WP_201781876.1	iCN718.ABAYE_RS08555	40.7	280	152	6	157	435	115	381	5.95e-56	189
WP_201781879.1	iAF987.Gmet_0043	29.0	255	163	6	155	399	26	272	1.28e-19	90.5
WP_201781880.1	iCN718.ABAYE_RS08200	51.9	308	137	2	6	313	3	299	1.13e-114	333
WP_201781880.1	iJN1463.PP_1079	52.1	307	136	2	7	313	4	299	9.92e-106	310
WP_201781880.1	iAF987.Gmet_0205	49.0	310	145	2	7	313	3	302	1.46e-104	307
WP_201781887.1	iJN1463.PP_1300	75.8	240	58	0	1	240	14	253	1.99e-129	365
WP_201781888.1	STM_v1_0.STM0228	45.6	261	136	2	4	264	8	262	1.76e-63	199
WP_201781888.1	iSbBS512_1146.SbBS512_E0174	46.0	261	135	2	4	264	8	262	9.06e-61	192
WP_201781888.1	iML1515.b0181	50.2	261	124	2	4	264	8	262	1.28e-60	192
WP_201781888.1	iSDY_1059.SDY_0197	50.2	261	124	2	4	264	8	262	1.28e-60	192
WP_201781888.1	iSF_1195.SF0171	50.2	261	124	2	4	264	8	262	1.28e-60	192
WP_201781888.1	iSSON_1240.SSON_0193	50.2	261	124	2	4	264	8	262	1.28e-60	192
WP_201781888.1	iJN1463.PP_1603	48.1	264	131	2	1	264	1	258	1.29e-59	189
WP_201781888.1	iYL1228.KPN_00194	43.7	261	141	1	4	264	8	262	1.84e-57	184
WP_201781888.1	iPC815.YPO1056	46.4	237	127	0	4	240	8	244	7.36e-57	182
WP_201781889.1	iJN1463.PP_0074	50.2	277	129	6	8	281	2	272	3.74e-70	217
WP_201781889.1	iYL1228.KPN_03682	46.2	275	140	5	8	280	2	270	6.59e-65	204
WP_201781889.1	iML1515.b3281	44.0	277	145	7	8	281	2	271	4.21e-63	199
WP_201781889.1	iJN1463.PP_3002	46.4	267	137	3	8	273	3	264	4.21e-63	199
WP_201781889.1	iSF_1195.SF3313	44.0	277	145	7	8	281	2	271	8.41e-63	198
WP_201781889.1	iSSON_1240.SSON_3422	44.0	277	145	7	8	281	2	271	8.41e-63	198
WP_201781889.1	iSDY_1059.SDY_3458	44.0	277	145	7	8	281	2	271	1.68e-62	197
WP_201781889.1	iSbBS512_1146.SbBS512_E3666	43.7	277	146	7	8	281	2	271	6.72e-62	196
WP_201781890.1	iYO844.BSU25020	52.8	199	85	3	24	218	8	201	4.76e-69	209
WP_201781890.1	iYL1228.KPN_04217	50.5	200	90	3	24	217	12	208	7.59e-65	199
WP_201781890.1	iSbBS512_1146.SbBS512_E4387	50.0	200	91	3	24	217	8	204	9.47e-65	199
WP_201781890.1	iSDY_1059.SDY_3838	50.0	200	91	3	24	217	8	204	9.47e-65	199
WP_201781890.1	iSF_1195.SF3985	50.0	200	91	3	24	217	8	204	9.47e-65	199
WP_201781890.1	iSSON_1240.SSON_4078	50.0	200	91	3	24	217	8	204	9.47e-65	199
WP_201781890.1	iML1515.b3908	49.5	200	92	3	24	217	8	204	1.90e-64	198
WP_201781890.1	iPC815.YPO4061	51.0	202	89	4	24	218	8	206	2.78e-64	197
WP_201781890.1	STM_v1_0.STM4055	50.0	200	91	3	24	217	8	204	3.82e-64	197
WP_201781890.1	iCN900.CD630_16310	50.0	196	87	4	19	209	32	221	8.48e-62	192
WP_201781890.1	iYS854.USA300HOU_RS08290	49.2	199	87	5	24	217	8	197	1.15e-61	191
WP_201781891.1	iJN1463.PP_4736	45.8	371	196	4	16	384	3	370	1.33e-110	328
WP_201781891.1	iSDY_1059.SDY_4038	43.7	378	210	3	16	392	3	378	3.94e-108	323
WP_201781891.1	iML1515.b3605	43.7	378	210	3	16	392	3	378	5.58e-108	322
WP_201781891.1	iSbBS512_1146.SbBS512_E4031	43.7	378	210	3	16	392	3	378	5.58e-108	322
WP_201781891.1	iSF_1195.SF3644	43.7	378	210	3	16	392	3	378	5.58e-108	322
WP_201781891.1	iSSON_1240.SSON_3800	43.7	378	210	3	16	392	3	378	5.58e-108	322
WP_201781891.1	iPC815.YPO1569	43.9	371	205	3	16	385	3	371	8.96e-106	316
WP_201781891.1	STM_v1_0.STM3694	43.1	376	211	3	16	390	3	376	1.64e-104	313
WP_201781891.1	iCN718.ABAYE_RS18840	43.0	377	210	4	16	390	3	376	1.54e-104	313
WP_201781891.1	iYL1228.KPN_03949	42.8	376	212	3	16	390	3	376	1.23e-103	311
WP_236698292.1	iJN1463.PP_2440	29.4	228	132	10	71	278	296	514	1.05e-07	52.4
WP_236698295.1	iAF692.Mbar_A1961	36.1	415	254	8	1	411	4	411	3.24e-75	240
WP_236698295.1	iLJ478.TM0554	34.4	418	262	8	1	411	3	415	1.21e-72	233
WP_236698295.1	iHN637.CLJU_RS04465	32.0	415	274	5	1	410	5	416	3.14e-66	217
WP_236698298.1	iJN1463.PP_2090	51.9	233	105	4	17	248	7	233	1.72e-68	211
WP_236698301.1	iJN1463.PP_3383	21.7	598	370	20	6	526	7	583	1.02e-14	76.6
WP_236698305.1	iML1515.b3241	23.2	323	179	9	76	391	11	271	1.35e-08	55.8
WP_236698306.1	iSynCJ816.SGL_RS06405	27.0	322	185	12	30	315	26	333	7.40e-07	50.1
WP_236698307.1	iAF692.Mbar_A3731	30.5	1020	593	23	280	1268	445	1379	9.26e-121	412
WP_236698308.1	iJN1463.PP_3581	47.5	692	344	9	20	707	14	690	3.28e-185	543
WP_236698309.1	iAF987.Gmet_0069	39.3	173	103	1	187	357	131	303	9.76e-30	115
WP_236698313.1	iAF987.Gmet_0043	25.4	240	161	5	207	433	24	258	7.41e-13	70.1
WP_236698319.1	iYL1228.KPN_01542	54.4	248	109	2	22	269	6	249	2.51e-77	234
WP_236698319.1	iJN1463.PP_1380	50.0	254	127	0	15	268	7	260	3.08e-75	229
WP_236698320.1	iML1515.b3503	55.5	119	53	0	1	119	21	139	5.92e-43	137
WP_236698320.1	iSbBS512_1146.SbBS512_E3818	55.5	119	53	0	1	119	21	139	5.92e-43	137
WP_236698320.1	iSF_1195.SF3536	55.5	119	53	0	1	119	21	139	5.92e-43	137
WP_236698320.1	iSSON_1240.SSON_3738	55.5	119	53	0	1	119	21	139	5.92e-43	137
WP_236698320.1	iSDY_1059.SDY_3559	55.5	119	53	0	1	119	21	139	9.72e-42	134
WP_236698323.1	iJN1463.PP_0103	39.7	126	52	3	95	196	121	246	4.63e-19	85.1
WP_236698323.1	iAT_PLT_636.4513	37.1	116	55	1	91	188	93	208	1.34e-19	84.3
WP_236698323.1	iCHOv1.3979186	37.1	116	55	1	91	188	93	208	2.58e-19	83.6
WP_236698324.1	iJN1463.PP_3427	30.2	427	250	12	63	460	53	460	1.76e-21	96.7
WP_236698325.1	iML1515.b3458	23.5	327	215	12	1	318	30	330	7.50e-10	59.7
WP_236698325.1	iSbBS512_1146.SbBS512_E3864	23.5	327	215	12	1	318	30	330	7.50e-10	59.7
WP_236698325.1	iSDY_1059.SDY_3607	23.5	327	215	12	1	318	30	330	7.50e-10	59.7
WP_236698325.1	iSSON_1240.SSON_3696	23.5	327	215	12	1	318	30	330	7.50e-10	59.7
WP_236698325.1	iSF_1195.SF3476	23.2	327	216	12	1	318	30	330	2.37e-09	58.2
WP_236698325.1	iYL1228.KPN_03820	21.2	335	213	9	1	318	30	330	4.20e-09	57.4
WP_236698329.1	STM_v1_0.STM1680	30.0	130	55	4	108	208	36	158	4.89e-06	47.8
WP_236698329.1	iML1515.b1326	29.2	130	56	4	108	208	36	158	1.17e-05	46.6
WP_236698329.1	iSbBS512_1146.SbBS512_E1558	29.2	130	56	4	108	208	56	178	1.35e-05	46.6
WP_236698329.1	iSF_1195.SF1332	29.2	130	56	4	108	208	36	158	1.17e-05	46.6
WP_236698329.1	iSSON_1240.SSON_1812	29.2	130	56	4	108	208	36	158	1.17e-05	46.6
WP_236698329.1	iSDY_1059.SDY_1404	30.1	123	50	4	115	208	63	178	5.70e-05	44.7
WP_236698330.1	iEK1008.Rv3509c	28.8	525	320	15	5	509	20	510	1.67e-31	127
WP_236698330.1	iYO844.BSU28310	24.6	525	369	14	4	510	36	551	2.43e-29	121
WP_236698330.1	iYL1228.KPN_00082	26.7	521	345	15	4	497	22	532	2.43e-29	121
WP_236698330.1	iAF987.Gmet_1260	26.8	549	337	19	3	510	20	544	3.38e-28	117
WP_236698330.1	iSF_1195.SF0072	26.4	522	345	16	4	497	50	560	4.04e-28	117
WP_236698330.1	iSSON_1240.SSON_0084	26.3	520	348	15	4	497	22	532	4.75e-28	117
WP_236698330.1	iML1515.b0077	26.3	520	348	15	4	497	22	532	6.39e-28	117
WP_236698330.1	iSDY_1059.SDY_0107	26.3	520	348	15	4	497	22	532	6.39e-28	117
WP_236698331.1	iAF987.Gmet_1989	38.3	162	93	2	402	558	260	419	2.30e-28	117
WP_236698332.1	iJN1463.PP_1614	49.1	216	105	3	28	239	9	223	3.00e-51	167
WP_236698333.1	iML1515.b0957	42.1	121	59	2	89	198	216	336	1.87e-20	87.0
WP_236698333.1	iSbBS512_1146.SbBS512_E2359	42.1	121	59	2	89	198	216	336	1.87e-20	87.0
WP_236698333.1	iSDY_1059.SDY_0930	42.1	121	59	2	89	198	220	340	1.94e-20	87.0
WP_236698333.1	iSF_1195.SF0957	42.1	121	59	2	89	198	218	338	1.90e-20	87.0
WP_236698333.1	iSSON_1240.SSON_0961	42.1	121	59	2	89	198	216	336	1.87e-20	87.0
WP_236698333.1	iYL1228.KPN_00986	38.8	121	63	2	89	198	226	346	3.41e-18	80.9
WP_236698334.1	STM_v1_0.STM3562	32.0	294	177	4	20	290	112	405	1.27e-33	127
WP_236698334.1	iJN1463.PP_1139	31.5	298	182	4	15	290	109	406	5.87e-33	125
WP_236698334.1	iYL1228.KPN_03818	30.6	294	181	4	20	290	112	405	1.72e-32	124
WP_236698334.1	iSF_1195.SF3474	30.6	294	181	4	20	290	112	405	1.68e-31	121
WP_236698334.1	iML1515.b3456	30.3	294	182	4	20	290	112	405	2.32e-31	120
WP_236698334.1	iSDY_1059.SDY_3605	29.9	294	183	4	20	290	112	405	2.32e-31	120
WP_236698334.1	iSbBS512_1146.SbBS512_E3866	29.6	294	184	4	20	290	112	405	3.21e-31	120
WP_236698334.1	iSSON_1240.SSON_3694	29.6	294	184	4	20	290	112	405	3.21e-31	120
WP_236698334.1	iPC815.YPO3806	31.0	294	180	5	20	290	112	405	3.34e-31	120
WP_236698336.1	iPC815.YPO2957	42.9	319	160	7	35	347	59	361	1.89e-69	221
WP_236698336.1	iJN1463.PP_4805	46.9	273	134	5	77	349	85	346	8.01e-69	219
WP_236698336.1	STM_v1_0.STM2831	42.3	319	162	6	35	347	54	356	1.09e-68	219
WP_236698336.1	iSF_1195.SF2724	42.2	329	150	8	35	347	54	358	2.55e-67	215
WP_236698336.1	iML1515.b2701	42.2	329	150	8	35	347	54	358	3.60e-67	215
WP_236698336.1	iSDY_1059.SDY_2897	41.6	329	152	7	35	347	54	358	3.60e-67	215
WP_236698336.1	iYL1228.KPN_03036	41.7	321	165	7	35	349	23	327	2.05e-67	214
WP_236698336.1	iSbBS512_1146.SbBS512_E3176	41.3	329	153	7	35	347	54	358	1.42e-66	213
WP_236698336.1	iSSON_1240.SSON_2845	41.3	329	153	7	35	347	54	358	2.00e-66	213
WP_236698337.1	iML1515.b4159	40.7	150	89	0	12	161	891	1040	1.64e-30	118
WP_236698337.1	iML1515.b0465	40.9	137	81	0	14	150	905	1041	2.60e-29	114
WP_236698340.1	iSSON_1240.SSON_3046	26.7	221	143	10	21	234	18	226	5.05e-18	79.7
WP_236698340.1	STM_v1_0.STM3043	27.4	219	138	8	21	231	19	224	9.88e-18	79.0
WP_236698340.1	iML1515.b2893	26.7	221	143	10	21	234	18	226	1.35e-17	78.6
WP_236698340.1	iSDY_1059.SDY_3189	26.7	221	143	10	21	234	18	226	2.59e-17	77.8
WP_236698340.1	iSF_1195.SF2879	26.7	221	143	10	21	234	18	226	2.59e-17	77.8
WP_236698340.1	iSbBS512_1146.SbBS512_E3313	24.9	221	147	8	21	234	18	226	9.54e-17	76.3
WP_236698340.1	iPC815.YPO0891	27.9	222	139	10	21	234	19	227	1.36e-16	75.9
WP_236698344.1	iML1515.b0805	28.0	708	434	21	77	740	58	733	8.93e-62	221
WP_236698344.1	iYL1228.KPN_01250	27.0	703	438	18	82	740	63	734	9.37e-57	207
WP_236698347.1	iJN1463.PP_1494	38.1	278	151	1	29	285	53	330	1.06e-57	188
WP_236698349.1	iCN900.CD630_19800	27.8	227	160	1	5	231	9	231	1.48e-25	100
WP_236698350.1	iCN718.ABAYE_RS06135	60.6	752	288	4	8	758	6	750	4.67e-318	885
WP_236698350.1	iPC815.YPO3034	59.7	756	299	3	7	759	4	756	3.76e-311	868
WP_236698350.1	iML1515.b2463	60.5	754	294	2	7	759	4	754	9.99e-311	867
WP_236698350.1	iYL1228.KPN_02797	59.4	754	302	2	7	759	4	754	2.01e-310	866
WP_236698350.1	iSbBS512_1146.SbBS512_E2829	60.2	754	296	2	7	759	4	754	5.73e-310	865
WP_236698350.1	iSDY_1059.SDY_2645	60.3	754	295	2	7	759	4	754	5.73e-310	865
WP_236698350.1	iSSON_1240.SSON_2543	60.3	754	295	2	7	759	4	754	5.73e-310	865
WP_236698350.1	iSF_1195.SF2505	60.3	754	295	2	7	759	4	754	1.63e-309	863
WP_236698350.1	STM_v1_0.STM2472	60.2	754	296	2	7	759	4	754	6.60e-309	862
WP_236698351.1	iML1515.b1007	68.7	147	46	0	1	147	13	159	1.36e-68	204
WP_236698351.1	iSF_1195.SF1010	68.0	147	47	0	1	147	1	147	3.74e-68	202
WP_236698351.1	iSSON_1240.SSON_1025	68.0	147	47	0	1	147	1	147	3.74e-68	202
WP_236698351.1	iSDY_1059.SDY_0982	68.0	147	47	0	1	147	1	147	5.31e-68	202
WP_236698353.1	iJN1463.PP_1418	33.2	244	148	9	7	239	8	247	1.18e-16	79.0
WP_236698354.1	iJN1463.PP_2375	61.0	913	321	11	2	904	344	1231	0.0	1033
WP_236698354.1	iML1515.b4019	61.6	909	316	12	2	904	341	1222	0.0	1031
WP_236698354.1	iSF_1195.SF4085	61.7	909	315	12	2	904	341	1222	0.0	1031
WP_236698354.1	iSSON_1240.SSON_4190	61.6	909	316	12	2	904	341	1222	0.0	1031
WP_236698354.1	iYL1228.KPN_04399	61.3	909	319	12	2	904	341	1222	0.0	1029
WP_236698354.1	iSDY_1059.SDY_4322	61.6	909	316	12	2	904	341	1222	0.0	1029
WP_236698354.1	iPC815.YPO3722	61.2	908	320	11	2	904	346	1226	0.0	1026
WP_236698354.1	iCN718.ABAYE_RS14075	58.3	915	341	17	2	904	338	1223	0.0	967
WP_236698357.1	STM_v1_0.STM2009	49.5	497	219	11	13	499	10	484	1.55e-141	415
WP_236698357.1	iML1515.b1982	48.6	494	228	8	13	499	10	484	2.85e-139	409
WP_236698357.1	iSF_1195.SF2053	48.9	497	222	11	13	499	10	484	8.07e-139	408
WP_236698357.1	iSSON_1240.SSON_2047	48.4	494	229	8	13	499	10	484	3.24e-138	407
WP_236698357.1	iSDY_1059.SDY_2253	48.0	494	231	8	13	499	10	484	1.84e-137	405
WP_236698357.1	iYL1228.KPN_02445	47.9	497	227	12	13	499	10	484	1.47e-136	402
WP_236698357.1	iJN1463.PP_4779	47.4	494	236	9	13	499	11	487	1.68e-133	395
WP_236698357.1	iPC815.YPO2288	46.8	494	226	9	16	494	15	486	7.72e-130	387
WP_236698360.1	STM_v1_0.STM3551	51.2	541	253	4	1	540	50	580	5.16e-180	518
WP_236698360.1	iYL1228.KPN_03807	50.6	541	256	3	1	540	42	572	4.52e-179	516
WP_236698360.1	iSDY_1059.SDY_3595	50.5	541	257	4	1	540	51	581	2.26e-176	509
WP_236698360.1	iSF_1195.SF3464	50.5	541	257	4	1	540	50	580	2.50e-175	506
WP_236698360.1	iML1515.b3447	50.3	541	258	4	1	540	50	580	3.54e-175	506
WP_236698360.1	iIT341.HP1118	49.0	533	265	2	1	532	39	565	2.42e-172	498
WP_236698361.1	iJN1463.PP_4034	60.7	394	152	1	1	394	25	415	1.08e-159	455
WP_236698361.1	iJN1463.PP_0614	59.8	393	153	2	1	392	28	416	1.18e-153	440
WP_236698366.1	iCN900.CD630_31950	31.5	1004	464	20	7	987	4	806	1.31e-138	435
WP_236698367.1	iJN1463.PP_2098	40.9	457	253	10	17	464	14	462	3.26e-96	297
WP_236698372.1	STM_v1_0.STM3697	70.9	374	109	0	14	387	25	398	2.64e-196	546
WP_236698374.1	iJN1463.PP_0416	41.5	212	116	3	20	227	19	226	2.89e-46	154
WP_236698374.1	iYL1228.KPN_03756	39.4	231	120	3	13	223	6	236	7.51e-42	142
WP_236698374.1	iSbBS512_1146.SbBS512_E3762	39.5	223	116	3	20	223	13	235	1.45e-41	141
WP_236698374.1	iML1515.b3385	39.0	223	117	3	20	223	13	235	8.10e-41	139
WP_236698374.1	iSF_1195.SF3403	39.0	223	117	3	20	223	13	235	8.10e-41	139
WP_236698374.1	iSSON_1240.SSON_3516	39.0	223	117	3	20	223	13	235	1.14e-40	139
WP_236698374.1	iPC815.YPO0156	41.4	198	114	1	13	208	6	203	9.49e-41	139
WP_236698375.1	iSynCJ816.SGL_RS06280	41.5	147	65	4	26	169	3	131	2.65e-24	91.7
WP_236698376.1	iJN1463.PP_0520	40.4	141	73	4	4	142	20	151	1.53e-27	100
WP_236698376.1	iYL1228.KPN_00370	38.9	144	72	3	4	142	3	135	1.58e-27	100
WP_236698376.1	iSDY_1059.SDY_0316	37.0	146	74	5	3	142	18	151	1.06e-25	95.9
WP_236698376.1	iML1515.b0418	37.0	146	74	5	3	142	18	151	1.54e-25	95.5
WP_236698376.1	iSbBS512_1146.SbBS512_E0339	37.0	146	74	5	3	142	18	151	1.54e-25	95.5
WP_236698376.1	iSSON_1240.SSON_0395	37.0	146	74	5	3	142	18	151	1.54e-25	95.5
WP_236698376.1	STM_v1_0.STM0420	36.8	144	75	3	4	142	19	151	4.22e-25	94.4
WP_236698376.1	iSF_1195.SF0355	36.3	146	75	5	3	142	18	151	6.11e-25	94.0
WP_236698376.1	iPC815.YPO3179	37.0	154	79	5	3	150	11	152	6.54e-25	93.6
WP_236698378.1	iSynCJ816.SGL_RS10825	27.1	317	198	15	72	375	39	335	1.47e-21	94.7
WP_236698380.1	iYS854.USA300HOU_RS11805	23.1	373	274	8	57	424	17	381	2.07e-09	59.3
WP_236698380.1	STM_v1_0.STM0593	24.9	346	245	9	96	435	73	409	1.56e-08	56.6
WP_236698384.1	iYL1228.KPN_04624	29.0	210	125	7	97	300	59	250	3.43e-04	42.0
WP_236698387.1	iCN718.ABAYE_RS12205	46.1	534	271	5	8	538	64	583	2.43e-129	390
WP_236698387.1	iMM904.YBR208C	44.9	546	280	9	8	537	78	618	5.04e-119	386
WP_236698389.1	iYL1228.KPN_02122	27.6	373	210	8	5	355	9	343	2.00e-26	112
WP_236698389.1	iML1515.b0347	26.3	373	215	8	5	355	9	343	6.44e-26	111
WP_236698389.1	iSSON_1240.SSON_0297	26.0	373	216	8	5	355	9	343	1.55e-25	110
WP_236698390.1	iML1515.b2371	30.0	327	220	5	4	321	24	350	7.31e-40	145
WP_236698390.1	iSDY_1059.SDY_2572	30.7	398	240	12	4	371	19	410	1.92e-36	136
WP_236698390.1	iML1515.b2374	30.4	398	241	12	4	371	19	410	7.07e-36	135
WP_236698390.1	iSF_1195.SF2441	30.4	398	241	12	4	371	19	410	7.07e-36	135
WP_236698390.1	iSbBS512_1146.SbBS512_E2743	30.4	398	241	12	4	371	19	410	9.79e-36	134
WP_236698390.1	iSSON_1240.SSON_2465	30.2	398	242	12	4	371	19	410	9.53e-35	132
WP_236698392.1	iYO844.BSU35540	27.7	224	139	7	559	762	106	326	1.05e-11	67.4
WP_236698394.1	iJN1463.PP_0045	26.0	396	262	5	59	438	40	420	2.94e-15	77.0
WP_236698394.1	iJN1463.PP_2408	25.6	379	277	4	59	434	35	411	1.67e-13	71.6
WP_236698396.1	iEK1008.Rv1819c	31.6	591	350	11	12	569	52	621	9.06e-76	253
WP_236698396.1	iLB1027_lipid.PHATRDRAFT_22803	31.6	602	341	9	17	569	4	583	6.47e-76	252
WP_236698398.1	iJN1463.PP_4149	54.7	338	152	1	19	355	2	339	5.45e-131	377
WP_236698398.1	iML1515.b2179	51.8	338	161	2	20	356	4	340	6.33e-123	357
WP_236698399.1	iAF987.Gmet_2731	31.8	151	82	2	4	154	2	131	6.94e-17	74.3
WP_236698400.1	iML1515.b4173	51.2	379	172	7	6	381	6	374	1.10e-103	312
WP_236698402.1	iAF692.Mbar_A2345	37.9	145	85	3	2	142	33	176	2.25e-25	94.7
WP_236698403.1	iJN1463.PP_0045	26.7	393	278	3	67	457	30	414	1.83e-22	99.0
WP_236698404.1	iAF987.Gmet_1736	37.7	268	137	6	17	284	7	244	3.35e-39	144
WP_236698404.1	iML1515.b2400	35.4	271	140	6	17	284	6	244	6.50e-36	135
WP_236698404.1	iSbBS512_1146.SbBS512_E2779	35.4	271	140	6	17	284	6	244	6.50e-36	135
WP_236698404.1	iSF_1195.SF2462	35.4	271	140	6	17	284	6	244	6.50e-36	135
WP_236698404.1	iSSON_1240.SSON_2491	35.4	271	140	6	17	284	6	244	6.50e-36	135
WP_236698404.1	iYL1228.KPN_02750	35.1	271	141	6	17	284	6	244	1.26e-35	134
WP_236698404.1	STM_v1_0.STM2415	35.1	271	141	6	17	284	6	244	4.52e-35	133
WP_236698404.1	iSDY_1059.SDY_2600	35.1	271	141	6	17	284	6	244	8.61e-35	132
WP_236698404.1	iPC815.YPO2984	34.4	273	140	6	17	284	6	244	4.31e-34	130
WP_236698406.1	iYO844.BSU32110	31.6	326	215	5	14	338	9	327	1.20e-44	155
WP_236698411.1	iAF987.Gmet_3508	29.5	332	229	2	50	379	88	416	1.69e-42	153
WP_236698413.1	iJN1463.PP_2590	25.9	690	438	25	37	699	128	771	5.59e-34	138
WP_236698413.1	iML1515.b0150	24.2	673	445	19	39	670	73	721	2.77e-31	130
WP_236698413.1	iSF_1195.SF0142	24.3	671	447	19	39	670	73	721	8.62e-31	128
WP_236698413.1	iSDY_1059.SDY_0166	23.9	673	447	19	39	670	73	721	1.14e-30	128
WP_236698414.1	iAF987.Gmet_3476	34.8	115	74	1	1	114	36	150	6.44e-21	85.9
WP_236698421.1	STM_v1_0.STM2791	44.1	93	52	0	1	93	1	93	1.90e-20	83.6
WP_236698421.1	iYL1228.KPN_00256	43.0	93	53	0	1	93	1	93	1.71e-19	80.9
WP_236698421.1	iML1515.b2661	43.0	93	53	0	1	93	1	93	2.35e-19	80.5
WP_236698421.1	iSSON_1240.SSON_2805	43.0	93	53	0	1	93	1	93	4.39e-19	79.7
WP_236698421.1	iJN1463.PP_0213	41.9	93	54	0	1	93	1	93	3.93e-18	77.0
WP_236698428.1	iSSON_1240.SSON_1572	39.3	405	225	12	36	430	28	421	1.68e-62	208
WP_236698428.1	iML1515.b1592	39.3	405	225	12	36	430	8	401	1.43e-62	208
WP_236698428.1	STM_v1_0.STM1490	38.4	411	220	11	36	430	20	413	2.00e-61	205
WP_236698428.1	iSF_1195.SF1613	38.4	409	223	12	36	430	28	421	6.86e-61	204
WP_236698428.1	iSbBS512_1146.SbBS512_E1779	38.8	405	227	12	36	430	8	401	5.89e-61	204
WP_236698428.1	iYL1228.KPN_01576	39.0	403	230	9	36	430	20	414	1.27e-58	198
WP_236698428.1	iSDY_1059.SDY_1564	39.0	372	211	10	66	430	66	428	2.58e-57	195
WP_236698432.1	iAF987.Gmet_1953	36.0	100	61	1	80	179	76	172	1.01e-08	52.8
WP_236698432.1	iAF987.Gmet_3262	35.2	88	54	1	91	178	145	229	5.32e-08	51.2
WP_236698433.1	iPC815.YPO0152	56.4	362	152	3	6	364	1	359	1.14e-131	380
WP_236698433.1	iSSON_1240.SSON_3520	56.9	362	152	2	6	366	1	359	3.72e-130	377
WP_236698433.1	iML1515.b3389	56.6	362	153	2	6	366	1	359	1.06e-129	375
WP_236698433.1	iSF_1195.SF3407	56.4	362	154	2	6	366	1	359	3.02e-129	374
WP_236698433.1	STM_v1_0.STM3486	57.3	347	145	1	6	352	1	344	4.28e-129	374
WP_236698433.1	iSbBS512_1146.SbBS512_E3766	56.9	362	152	2	6	366	1	359	4.28e-129	374
WP_236698433.1	iSDY_1059.SDY_3690	56.4	362	154	2	6	366	1	359	6.07e-129	374
WP_236698433.1	iYL1228.KPN_03760	57.9	337	139	1	6	342	1	334	1.72e-126	367
WP_236698433.1	iJN1463.PP_5078	57.8	346	141	3	6	351	1	341	2.53e-126	367
WP_236698438.1	iPC815.YPO3793	51.5	334	156	3	1	332	23	352	3.22e-106	314
WP_236698438.1	iYL1228.KPN_03810	51.6	335	155	3	1	332	23	353	1.01e-104	310
WP_236698438.1	STM_v1_0.STM3554	52.4	336	151	4	1	332	23	353	1.01e-104	310
WP_236698438.1	iML1515.b3450	50.7	335	158	3	1	332	23	353	6.59e-103	306
WP_236698438.1	iEK1008.Rv2038c	51.8	334	145	4	1	327	24	348	9.64e-103	305
WP_236698438.1	STM_v1_0.STM4230	51.2	336	151	5	1	327	22	353	2.00e-102	305
WP_236698438.1	iML1515.b4035	50.6	338	152	5	1	327	22	355	3.02e-102	305
WP_236698438.1	iYL1228.KPN_04424	51.2	336	151	5	1	327	22	353	2.84e-102	305
WP_236698438.1	iSSON_1240.SSON_4213	50.6	338	152	5	1	327	22	355	3.02e-102	305
WP_236698438.1	iSbBS512_1146.SbBS512_E3873	50.7	335	158	3	1	332	23	353	2.65e-102	304
WP_236698438.1	iEK1008.Rv1238	48.9	366	153	6	1	334	23	386	1.21e-101	304
WP_236698438.1	iSF_1195.SF4170	50.3	338	153	4	1	327	22	355	8.58e-102	303
WP_236698438.1	iPC815.YPO3712	50.9	336	152	5	1	327	22	353	6.48e-101	301
WP_236698438.1	iJN1463.PP_1018	46.5	342	170	6	1	332	24	362	7.92e-95	286
WP_236698438.1	iEK1008.Rv2832c	49.3	339	157	7	1	331	24	355	1.51e-94	285
WP_236698438.1	iYS854.USA300HOU_RS01090	63.2	228	84	0	2	229	24	251	1.76e-94	285
WP_236698438.1	iSynCJ816.SGL_RS17635	55.7	262	113	1	1	259	22	283	6.65e-94	283
WP_236698455.1	iAF987.Gmet_2349	37.7	573	345	4	109	678	6	569	4.84e-115	357
WP_236698455.1	iJN1463.PP_4935	40.6	540	286	9	151	675	70	589	1.59e-101	323
WP_236698469.1	STM_v1_0.STM0659	43.1	552	294	5	2	553	28	559	3.14e-127	383
WP_236698469.1	iSSON_1240.SSON_0604	44.4	549	275	9	2	545	28	551	1.14e-126	382
WP_236698469.1	iML1515.b0650	43.8	544	286	8	2	545	28	551	1.28e-125	379
WP_236698469.1	iSbBS512_1146.SbBS512_E0599	43.6	544	287	8	2	545	28	551	1.01e-124	377
WP_236698471.1	iAF987.Gmet_1820	42.6	249	142	1	46	294	1	248	7.58e-71	219
WP_236698471.1	STM_v1_0.STM3561	40.1	252	145	2	46	294	5	253	8.33e-66	206
WP_236698471.1	iYL1228.KPN_03817	39.7	252	146	2	46	294	5	253	4.71e-65	204
WP_236698471.1	iSSON_1240.SSON_3693	38.1	252	150	2	46	294	5	253	2.41e-62	197
WP_236698490.1	iJN1463.PP_1418	26.7	251	158	11	5	240	19	258	1.35e-06	48.9
WP_236698491.1	iYS854.USA300HOU_RS11550	34.0	141	92	1	25	165	7	146	6.12e-18	75.5
WP_236698493.1	iAM_Pc455.PCYB_113330	34.1	167	101	4	1	160	366	530	6.55e-19	89.7
WP_236698498.1	iSynCJ816.SGL_RS14915	28.9	381	244	11	35	397	66	437	2.35e-31	124
WP_236698504.1	STM_v1_0.STM1288	31.1	228	133	10	40	253	39	256	4.75e-16	75.9
WP_236698505.1	iAF987.Gmet_3529	39.9	258	147	7	51	303	25	279	5.55e-46	159
WP_236698507.1	iAF987.Gmet_3085	42.4	571	318	6	484	1048	314	879	1.56e-134	429
WP_236698507.1	iAF987.Gmet_0987	43.6	562	308	4	495	1055	233	786	1.88e-132	420
WP_236698507.1	iAF987.Gmet_0700	42.7	548	307	4	507	1053	277	818	2.87e-131	418
WP_236698513.1	iCN718.ABAYE_RS19045	30.6	258	158	8	15	269	28	267	1.63e-14	73.2
WP_236698513.1	iJN1463.PP_0237	27.6	214	145	5	56	266	47	253	9.37e-14	70.9
WP_236698513.1	iYO844.BSU08840	29.4	221	133	8	52	262	46	253	2.48e-13	69.7
WP_236698515.1	iAF987.Gmet_1953	33.8	216	109	5	12	224	9	193	9.10e-24	96.3
WP_236698518.1	STM_v1_0.STM3802	50.1	433	203	4	36	464	16	439	6.79e-132	388
WP_236698518.1	iYL1228.KPN_04081	49.9	433	204	4	36	464	19	442	9.69e-130	383
WP_236698518.1	iML1515.b2366	49.7	433	205	4	36	464	18	441	6.87e-127	375
WP_236698518.1	iSDY_1059.SDY_2561	49.7	433	205	4	36	464	18	441	6.87e-127	375
WP_236698518.1	iSF_1195.SF2433	49.4	433	206	4	36	464	18	441	1.10e-125	372
WP_236698518.1	iSSON_1240.SSON_2457	49.4	433	206	4	36	464	18	441	1.10e-125	372
WP_236698518.1	iCN718.ABAYE_RS14065	50.1	403	188	4	61	459	43	436	2.43e-122	364
WP_236698518.1	iSbBS512_1146.SbBS512_E2735	50.7	408	188	4	61	464	23	421	1.69e-122	363
WP_236698518.1	iYO844.BSU23770	47.2	434	199	8	41	462	24	439	2.56e-117	351
WP_236698521.1	iAF987.Gmet_0043	25.3	253	174	5	222	470	37	278	7.37e-16	79.7
WP_236698525.1	iJN1463.PP_3378	59.6	302	120	2	1	302	13	312	8.85e-110	320
WP_236698526.1	iJN1463.PP_5217	49.3	680	336	4	5	677	45	722	1.57e-212	612
WP_236698526.1	iCN718.ABAYE_RS13985	46.2	676	354	5	5	674	20	691	5.10e-202	584
WP_236698534.1	iPC815.YPO0313	51.7	118	53	2	1	117	8	122	2.50e-28	99.8
WP_236698534.1	iYL1228.KPN_04430	49.1	106	53	1	1	105	8	113	2.59e-25	92.0
WP_236698534.1	iML1515.b4042	49.5	105	52	1	3	106	10	114	3.67e-25	91.7
WP_236698534.1	iSbBS512_1146.SbBS512_E4555	49.5	105	52	1	3	106	10	114	3.67e-25	91.7
WP_236698534.1	iSDY_1059.SDY_4532	49.5	105	52	1	3	106	10	114	3.67e-25	91.7
WP_236698534.1	iSF_1195.SF4163	49.5	105	52	1	3	106	10	114	3.67e-25	91.7
WP_236698534.1	iSSON_1240.SSON_4222	49.5	105	52	1	3	106	10	114	3.67e-25	91.7
WP_236698536.1	iAF987.Gmet_1750	34.5	203	126	3	70	272	46	241	2.85e-23	97.1
WP_236698537.1	iCN900.CD630_25960	28.4	317	187	9	7	311	4	292	1.49e-26	106
WP_236698537.1	iCN900.CD630_10600	28.6	234	133	6	91	315	85	293	1.35e-24	100
WP_236698537.1	iSF_1195.SF2653	29.0	317	191	9	11	314	10	305	7.37e-24	99.4
WP_236698537.1	iSSON_1240.SSON_2720	29.0	317	191	9	11	314	10	305	7.37e-24	99.4
WP_236698537.1	iSbBS512_1146.SbBS512_E2975	29.0	317	191	9	11	314	10	305	1.02e-23	99.0
WP_236698537.1	iNF517.LLMG_RS07670	26.6	312	191	11	10	311	4	287	2.50e-23	97.4
WP_236698537.1	iNF517.LLMG_RS12010	31.4	226	130	5	86	311	78	278	2.09e-23	97.4
WP_236698539.1	iJN1463.PP_0572	34.9	644	334	21	60	670	49	640	7.92e-55	202
WP_236698539.1	iSSON_1240.SSON_2601	33.3	630	347	20	60	666	45	624	1.03e-51	192
WP_236698539.1	iML1515.b2519	33.2	630	348	20	60	666	45	624	1.89e-51	192
WP_236698539.1	iSbBS512_1146.SbBS512_E2894	33.3	630	347	20	60	666	45	624	6.34e-51	190
WP_236698539.1	STM_v1_0.STM2531	35.6	562	299	17	60	608	45	556	1.17e-50	189
WP_236698539.1	iYL1228.KPN_02849	36.1	559	300	16	60	608	45	556	4.02e-50	188
WP_236698540.1	iEK1008.Rv0125	31.5	295	159	11	96	364	77	354	3.52e-27	111
