WP_002554680.1	iJN1463.PP_1638	96.1	259	10	0	1	259	1	259	5.51e-189	517
WP_002555987.1	iJN1463.PP_5418	98.8	85	1	0	1	85	1	85	1.19e-49	150
WP_003317533.1	iJN1463.PP_0538	70.5	173	51	0	1	173	1	173	4.43e-89	258
WP_008365141.1	iJN1463.PP_0380	95.7	23	1	0	1	23	1	23	2.48e-12	52.4
WP_008371426.1	iSbBS512_1146.SbBS512_E0599	25.2	345	212	13	13	326	8	337	3.24e-08	54.7
WP_008371426.1	STM_v1_0.STM0659	27.8	180	108	4	13	174	8	183	4.32e-08	54.3
WP_008371426.1	iML1515.b0650	25.2	345	212	13	13	326	8	337	5.73e-08	53.9
WP_008371426.1	iSSON_1240.SSON_0604	24.9	345	213	13	13	326	8	337	7.61e-08	53.5
WP_010210300.1	iJN1463.PP_2659	98.0	253	5	0	1	253	27	279	2.77e-183	503
WP_010428856.1	iMM904.YPL092W	21.6	365	226	10	27	336	11	370	9.82e-13	68.9
WP_043184931.1	iJN1463.PP_1177	88.2	416	48	1	1	415	1	416	1.64e-255	698
WP_043185056.1	iSynCJ816.SGL_RS08770	35.8	81	43	1	115	195	129	200	3.54e-06	45.4
WP_043185089.1	iJN1463.PP_1595	92.8	251	18	0	1	251	1	251	2.78e-169	466
WP_043185101.1	iJN1463.PP_1602	89.7	146	15	0	1	146	18	163	5.81e-96	273
WP_043185103.1	iJN1463.PP_1603	86.8	258	34	0	1	258	1	258	3.24e-144	404
WP_043185110.1	iJN1463.PP_1607	89.5	315	33	0	1	315	1	315	2.22e-207	568
WP_043185129.1	iJN1463.PP_1616	94.1	370	22	0	1	370	2	371	1.11e-260	707
WP_043185148.1	iJN1463.PP_1625	87.9	107	13	0	1	107	1	107	2.18e-71	207
WP_043185284.1	iJN1463.PP_1100	95.7	188	8	0	1	188	1	188	9.74e-132	366
WP_043185416.1	iJN1463.PP_1068	91.4	244	21	0	1	244	13	256	4.27e-161	446
WP_043185450.1	iJN1463.PP_1823	90.6	181	17	0	1	181	10	190	2.80e-116	327
WP_043185626.1	iJN1463.PP_4845	42.9	226	128	1	1	225	1	226	1.25e-56	179
WP_043185626.1	iSynCJ816.SGL_RS14500	42.1	228	128	2	1	225	1	227	5.33e-53	170
WP_043185915.1	iML1515.b1288	70.7	263	74	2	1	263	1	260	1.06e-126	360
WP_043185915.1	iSF_1195.SF1293	70.7	263	74	2	1	263	1	260	1.06e-126	360
WP_043185915.1	iSSON_1240.SSON_1852	70.7	263	74	2	1	263	1	260	1.06e-126	360
WP_043185915.1	iYL1228.KPN_01284	70.7	263	74	2	1	263	1	260	1.51e-126	359
WP_043185915.1	STM_v1_0.STM1700	70.3	263	75	2	1	263	1	260	1.51e-126	359
WP_043185915.1	iSDY_1059.SDY_1368	70.3	263	75	2	1	263	1	260	6.11e-126	358
WP_043185915.1	iCN718.ABAYE_RS16180	72.1	258	70	1	2	259	4	259	1.03e-125	357
WP_043185915.1	iSbBS512_1146.SbBS512_E1522	70.3	263	75	2	1	263	1	260	1.75e-125	357
WP_043186074.1	iHN637.CLJU_RS02400	24.8	246	165	7	15	248	8	245	2.63e-10	59.3
WP_043186251.1	iJN1463.PP_2229	93.0	114	8	0	1	114	1	114	4.97e-69	202
WP_043186281.1	iML1515.b1448	32.6	86	44	2	38	122	64	136	6.17e-06	43.5
WP_043186305.1	iJN1463.PP_0868	90.8	381	35	0	1	381	1	381	2.36e-251	685
WP_043186421.1	iJN1463.PP_1015	87.8	425	52	0	1	425	1	425	1.06e-278	758
WP_043186545.1	iJN1463.PP_0843	96.1	128	5	0	1	128	1	128	3.45e-87	249
WP_043186555.1	iJN1463.PP_0847	70.8	113	33	0	1	113	1	113	3.93e-61	182
WP_043186559.1	iJN1463.PP_0849	93.6	141	9	0	1	141	1	141	2.60e-86	248
WP_043186652.1	iJN1463.PP_0932	88.4	95	11	0	1	95	8	102	6.82e-55	165
WP_043186747.1	iJN1463.PP_0964	93.8	421	26	0	1	421	1	421	1.16e-283	770
WP_043186752.1	iJN1463.PP_0965	95.3	211	10	0	1	211	1	211	3.29e-139	387
WP_043186799.1	iJN1463.PP_4619	30.1	166	106	3	18	173	12	177	4.02e-12	62.4
WP_043186799.1	iMM1415.14874	30.7	153	96	4	18	161	17	168	4.12e-11	59.7
WP_043186799.1	iCHOv1.100764455	28.0	168	111	4	3	161	49	215	4.55e-10	57.8
WP_043186799.1	iCHOv1.100758427	31.5	89	60	1	17	104	34	122	9.05e-10	56.2
WP_043186809.1	iJN1463.PP_1323	91.3	195	17	0	3	197	1	195	5.31e-124	347
WP_043186836.1	iJN1463.PP_1334	93.9	360	22	0	1	360	1	360	8.19e-244	664
WP_043186890.1	iAF987.Gmet_1706	37.8	119	71	2	1	118	1	117	1.43e-15	73.9
WP_043186890.1	iAF987.Gmet_2999	37.7	122	73	2	3	121	10	131	6.20e-15	72.4
WP_043186890.1	iAF987.Gmet_0069	35.6	90	57	1	30	118	34	123	1.45e-13	68.2
WP_043186890.1	iAF987.Gmet_1914	34.0	103	67	1	2	104	3	104	3.08e-13	67.8
WP_043186911.1	iJN1463.PP_0915	92.9	198	14	0	1	198	1	198	8.94e-142	392
WP_043187180.1	iYS854.USA300HOU_RS11550	30.6	144	100	0	11	154	3	146	7.35e-20	80.1
WP_043187191.1	iPC815.YPO0682	41.2	194	107	2	10	201	120	308	2.22e-34	125
WP_043187191.1	iYL1228.KPN_03426	39.6	192	113	2	10	201	6	194	2.57e-35	125
WP_043187191.1	iSbBS512_1146.SbBS512_E3434	39.7	194	110	3	10	201	11	199	9.87e-33	118
WP_043187191.1	STM_v1_0.STM3159	39.9	193	111	2	10	201	11	199	1.39e-32	118
WP_043187191.1	iML1515.b3006	39.2	194	111	3	10	201	11	199	7.61e-32	116
WP_043187191.1	iSDY_1059.SDY_3067	39.2	194	111	3	10	201	11	199	7.61e-32	116
WP_043187191.1	iSSON_1240.SSON_3149	39.2	194	111	3	10	201	11	199	7.61e-32	116
WP_043187191.1	iSF_1195.SF3051	39.2	194	111	3	10	201	11	199	2.11e-31	115
WP_043187191.1	iJN1463.PP_5306	38.9	193	111	3	10	201	93	279	1.44e-30	114
WP_043187198.1	iAF987.Gmet_2727	39.0	100	60	1	68	166	295	394	3.89e-10	57.0
WP_043187749.1	iJN1463.PP_2012	93.5	294	19	0	1	294	20	313	2.08e-205	562
WP_043188391.1	iJN1463.PP_2469	95.3	338	16	0	1	338	1	338	1.93e-240	654
WP_043189224.1	iJN1463.PP_2439	92.5	187	14	0	1	187	1	187	1.50e-130	363
WP_043189238.1	iEK1008.Rv2040c	28.5	270	181	7	19	280	3	268	2.60e-25	102
WP_043189238.1	iEK1008.Rv2316	28.8	274	181	6	19	288	6	269	4.00e-23	96.3
WP_043189238.1	iLJ478.TM1121	29.5	275	182	7	26	294	21	289	6.40e-22	93.2
WP_043189427.1	iPC815.YPO2257	61.8	322	115	1	7	320	22	343	1.60e-125	362
WP_043189427.1	iML1515.b4460	60.4	313	124	0	9	321	11	323	1.39e-121	352
WP_043189427.1	iSDY_1059.SDY_1122	60.4	313	124	0	9	321	12	324	1.44e-121	352
WP_043189427.1	iSbBS512_1146.SbBS512_E1023	60.4	313	124	0	9	321	11	323	5.63e-121	350
WP_043189427.1	iSSON_1240.SSON_1219	60.4	313	124	0	9	321	12	324	5.82e-121	350
WP_043189662.1	iAF692.Mbar_A1559	44.6	65	35	1	6	69	3	67	3.64e-10	50.1
WP_043190089.1	iJN1463.PP_4119	94.9	137	7	0	1	137	1	137	1.41e-88	253
WP_043190091.1	iJN1463.PP_4120	95.1	225	10	1	1	224	1	225	8.43e-160	440
WP_043190106.1	iJN1463.PP_4125	91.9	335	27	0	1	335	1	335	6.40e-233	634
WP_043190109.1	iJN1463.PP_4126	95.6	182	8	0	1	182	1	182	1.14e-118	333
WP_043190115.1	iJN1463.PP_4128	92.2	102	8	0	1	102	1	102	2.82e-58	174
WP_043190299.1	iCN900.CD630_32700	45.8	131	69	1	6	136	8	136	1.18e-29	109
WP_043190850.1	iJN1463.PP_0881	36.8	337	186	4	1	314	1	333	1.06e-65	209
WP_043190850.1	STM_v1_0.STM3629	36.3	336	192	3	1	314	1	336	3.63e-64	205
WP_043190850.1	iML1515.b3543	36.3	336	192	3	1	314	1	336	1.02e-63	204
WP_043190850.1	iSDY_1059.SDY_4566	36.3	336	192	3	1	314	1	336	1.02e-63	204
WP_043190850.1	iSSON_1240.SSON_3847	36.3	336	192	3	1	314	1	336	1.02e-63	204
WP_043190850.1	iYL1228.KPN_03898	35.4	336	195	3	1	314	1	336	1.44e-63	204
WP_043190850.1	iSF_1195.SF3578	36.3	336	192	3	1	314	1	336	1.44e-63	204
WP_043190850.1	iYS854.USA300HOU_RS04930	36.1	319	198	3	1	314	1	318	2.94e-61	197
WP_043190850.1	STM_v1_0.STM0850	37.8	315	184	5	1	314	1	304	1.23e-59	192
WP_043190850.1	iML1515.b0831	37.8	315	184	5	1	314	1	304	1.37e-58	190
WP_043190850.1	iSDY_1059.SDY_0756	37.8	315	184	5	1	314	1	304	1.37e-58	190
WP_043191047.1	iJN1463.PP_4843	88.0	358	43	0	1	358	1	358	3.36e-231	632
WP_043191077.1	iJN1463.PP_1082	31.6	133	83	3	39	170	7	132	6.23e-06	43.9
WP_043191077.1	iML1515.b3336	31.3	134	84	3	38	170	6	132	8.66e-06	43.5
WP_043191307.1	iJN1463.PP_0328	88.5	399	46	0	1	399	1	399	2.85e-266	724
WP_043191308.1	iJN1463.PP_0327	91.6	285	24	0	1	285	1	285	4.35e-199	545
WP_043191317.1	iJN1463.PP_0324	80.0	90	18	0	1	90	1	90	9.66e-58	173
WP_043191385.1	iJN1463.PP_5011	93.4	256	17	0	1	256	1	256	1.09e-173	478
WP_043191520.1	iJN1463.PP_5098	86.4	206	28	0	1	206	7	212	2.29e-138	385
WP_043191521.1	iJN1463.PP_5100	87.4	198	25	0	1	198	1	198	3.55e-123	345
WP_043191638.1	iJN1463.PP_0293	95.3	256	12	0	1	256	1	256	2.68e-174	479
WP_043191647.1	iJN1463.PP_0289	91.9	197	16	0	1	197	14	210	4.54e-133	371
WP_043191776.1	iIT341.HP1228	40.5	148	75	6	7	148	6	146	6.47e-24	90.9
WP_043191825.1	iJN1463.PP_0214	88.0	426	50	1	1	426	1	425	1.15e-267	730
WP_043191874.1	iCN718.ABAYE_RS15920	57.1	98	30	1	15	100	7	104	7.19e-26	92.4
WP_043191947.1	iJN1463.PP_3285	37.2	172	86	4	10	176	10	164	1.68e-24	94.4
WP_043192045.1	iJN1463.PP_5417	77.6	156	35	0	1	156	1	156	2.52e-54	168
WP_043192047.1	iJN1463.PP_5416	91.6	178	15	0	1	178	1	178	1.32e-106	302
WP_043192052.1	iJN1463.PP_5414	95.1	286	14	0	1	286	1	286	1.27e-187	516
WP_043192055.1	iJN1463.PP_5412	90.5	137	13	0	1	137	1	137	2.24e-82	238
WP_043192067.1	iYL1228.KPN_00840	36.0	239	148	3	12	248	10	245	3.77e-40	138
WP_043192067.1	STM_v1_0.STM0830	35.6	239	149	3	12	248	10	245	7.49e-40	137
WP_043192067.1	iML1515.b0811	35.1	239	150	3	12	248	10	245	2.09e-39	136
WP_043192067.1	iSSON_1240.SSON_0791	35.1	239	150	3	12	248	10	245	2.09e-39	136
WP_043192067.1	iSbBS512_1146.SbBS512_E2537	35.1	239	150	3	12	248	10	245	5.84e-39	135
WP_043192067.1	iSDY_1059.SDY_0785	34.7	239	151	3	12	248	10	245	5.84e-39	135
WP_043192067.1	iSF_1195.SF0762	34.7	239	151	3	12	248	10	245	1.63e-38	134
WP_043192067.1	iPC815.YPO2512	33.8	231	149	3	19	247	15	243	4.85e-37	130
WP_043192108.1	iJN1463.PP_5347	95.3	471	22	0	1	471	1	471	0.0	896
WP_043192132.1	iAF987.Gmet_0769	34.7	118	77	0	14	131	4	121	1.17e-14	65.9
WP_043192144.1	iCN900.CD630_32860	26.3	205	136	4	27	223	345	542	9.53e-09	55.1
WP_043192154.1	iAF987.Gmet_1706	38.5	117	70	1	6	122	3	117	2.92e-20	87.0
WP_043192154.1	iAF987.Gmet_0069	33.9	127	82	2	4	128	3	129	4.75e-19	83.6
WP_043192154.1	iAF987.Gmet_1919	34.5	119	76	1	5	123	4	120	3.01e-17	79.0
WP_043192170.1	iJN1463.PP_5307	88.7	142	15	1	1	141	1	142	7.39e-84	241
WP_043192229.1	iJN1463.PP_5226	93.8	32	2	0	1	32	1	32	1.27e-14	60.5
WP_043192254.1	iJN1463.PP_5215	93.6	109	7	0	1	109	1	109	1.07e-72	211
WP_043192255.1	iCN900.CD630_02510	27.1	240	153	5	160	387	151	380	1.88e-09	58.9
WP_043192283.1	iJN1463.PP_5184	94.1	458	27	0	1	458	1	458	0.0	884
WP_043192310.1	iAF987.Gmet_1706	39.8	118	67	2	12	127	2	117	5.58e-19	84.0
WP_043192362.1	iJN1463.PP_0295	87.2	281	36	0	1	281	1	281	7.07e-171	473
WP_043192502.1	iJN1463.PP_0844	39.1	110	62	4	9	116	1	107	3.64e-21	80.9
WP_043192502.1	iYS854.USA300HOU_RS04660	37.6	101	63	0	14	114	7	107	2.83e-20	79.0
WP_043192502.1	iML1515.b2528	39.1	110	62	4	9	116	1	107	1.90e-18	73.9
WP_043192502.1	iSbBS512_1146.SbBS512_E2903	39.1	110	62	4	9	116	3	109	2.00e-18	73.9
WP_043192502.1	iSDY_1059.SDY_2724	39.1	110	62	4	9	116	1	107	1.90e-18	73.9
WP_043192502.1	iSF_1195.SF2575	39.1	110	62	4	9	116	1	107	1.90e-18	73.9
WP_043192502.1	iSSON_1240.SSON_2610	39.1	110	62	4	9	116	1	107	1.90e-18	73.9
WP_043192722.1	iML1515.b1012	76.9	355	80	1	1	353	20	374	1.81e-204	565
WP_043192722.1	iSF_1195.SF1015	75.4	362	87	1	1	360	20	381	3.64e-204	565
WP_043192722.1	iSDY_1059.SDY_0987	76.5	353	81	1	3	353	22	374	1.21e-202	561
WP_043192788.1	iJN1463.PP_0671	92.8	415	30	0	1	415	1	415	5.99e-284	770
WP_043192909.1	iJN1463.PP_0722	97.4	313	8	0	1	313	1	313	1.37e-216	591
WP_043192936.1	iJN1463.PP_0746	91.0	212	19	0	1	212	1	212	2.79e-136	380
WP_043193659.1	iJN1463.PP_4190	90.1	233	23	0	1	233	1	233	1.10e-162	448
WP_043193756.1	iJN1463.PP_0061	92.7	317	21	1	1	317	1	315	3.40e-223	608
WP_043193756.1	iCN718.ABAYE_RS02360	84.1	315	48	1	1	315	1	313	2.92e-199	548
WP_049858630.1	iJN1463.PP_0880	37.6	271	162	3	25	289	32	301	4.08e-55	180
WP_049858630.1	iYL1228.KPN_02195	36.3	270	167	2	23	289	31	298	9.32e-52	171
WP_049858630.1	iML1515.b1245	36.1	269	169	2	23	289	31	298	4.05e-50	167
WP_049858630.1	iSSON_1240.SSON_1935	36.1	269	169	2	23	289	31	298	4.05e-50	167
WP_049858630.1	iSDY_1059.SDY_1303	36.1	269	169	2	23	289	31	298	5.70e-50	167
WP_049858630.1	iSF_1195.SF1246	36.1	269	169	2	23	289	31	298	5.70e-50	167
WP_049858630.1	iYO844.BSU12940	36.2	268	169	2	23	289	49	315	2.54e-49	166
WP_049858630.1	iEK1008.Rv1282c	38.6	272	164	2	23	292	13	283	1.19e-49	166
WP_049858630.1	iSbBS512_1146.SbBS512_E1414	35.7	269	170	2	23	289	31	298	3.16e-49	165
WP_049858630.1	iLJ478.TM1748	32.5	271	182	1	24	294	19	288	1.75e-48	162
WP_049858659.1	STM_v1_0.STM0659	33.5	507	288	10	5	505	8	471	5.85e-80	263
WP_049858659.1	iSSON_1240.SSON_0604	34.4	489	271	11	5	486	8	453	2.16e-78	259
WP_049858659.1	iSbBS512_1146.SbBS512_E0599	33.7	489	274	10	5	486	8	453	5.91e-78	258
WP_049858659.1	iML1515.b0650	33.9	489	273	11	5	486	8	453	1.61e-77	256
WP_049858662.1	iJN1463.PP_4724	89.9	378	38	0	1	378	1	378	7.44e-256	696
WP_049858665.1	iCN718.ABAYE_RS17020	27.9	129	84	3	46	173	125	245	1.37e-04	41.6
WP_049858666.1	iAT_PLT_636.4905	39.7	214	103	6	176	370	242	448	2.44e-32	132
WP_049858666.1	iMM1415.18195	39.7	214	103	6	176	370	242	448	2.44e-32	132
WP_049858667.1	iJN1463.PP_4717	80.9	283	54	0	1	283	1	283	1.54e-159	444
WP_049858668.1	iJN1463.PP_4716	86.3	445	61	0	1	445	1	445	2.07e-285	776
WP_049858669.1	iJN1463.PP_4715	79.3	251	52	0	1	251	1	251	1.93e-137	386
WP_049858673.1	iHN637.CLJU_RS10465	43.2	81	45	1	614	693	554	634	6.65e-13	71.6
WP_049858677.1	iJN1463.PP_4701	87.9	554	67	0	1	554	1	554	0.0	1004
WP_049858677.1	iJN1463.PP_1808	85.2	554	82	0	1	554	1	554	0.0	969
WP_049858693.1	iJN1463.PP_4679	96.3	163	6	0	1	163	1	163	5.82e-105	296
WP_049858694.1	iJN1463.PP_4678	95.6	338	15	0	1	338	1	338	3.07e-237	645
WP_049858695.1	iJN1463.PP_4677	88.3	282	30	1	1	279	1	282	2.64e-169	469
WP_049858721.1	iJN1463.PP_2226	90.2	92	9	0	1	92	1	92	3.24e-48	147
WP_049858722.1	iJN1463.PP_2225	77.8	117	26	0	1	117	1	117	8.13e-58	174
WP_049858730.1	iJN1463.PP_3794	73.7	297	77	1	1	296	1	297	2.17e-150	423
WP_049858745.1	iAF987.Gmet_2999	27.6	123	78	5	5	120	9	127	2.19e-06	44.7
WP_049858745.1	iAF987.Gmet_1919	26.0	123	80	5	1	118	2	118	2.18e-06	44.7
WP_049858752.1	STM_v1_0.STM1731	68.3	287	91	0	1	287	1	287	1.11e-139	395
WP_049858759.1	iJN1463.PP_4305	91.6	332	28	0	1	332	1	332	2.69e-228	622
WP_049858765.1	iML1515.b2197	50.0	152	70	1	1	146	1	152	1.10e-41	135
WP_049858765.1	iSbBS512_1146.SbBS512_E0744	50.0	152	70	1	1	146	1	152	1.10e-41	135
WP_049858765.1	iSDY_1059.SDY_0881	50.0	152	70	1	1	146	1	152	1.10e-41	135
WP_049858765.1	iSF_1195.SF2281	50.0	152	70	1	1	146	1	152	1.10e-41	135
WP_049858765.1	iSSON_1240.SSON_2255	50.0	152	70	1	1	146	1	152	1.55e-41	135
WP_049858795.1	iCN900.CD630_02510	45.0	444	231	5	3	446	8	438	1.54e-128	379
WP_049858805.1	iJN1463.PP_4379	85.1	308	45	1	1	307	1	308	1.47e-195	538
WP_049858843.1	iJN1463.PP_4149	94.7	339	18	0	1	339	1	339	8.51e-240	652
WP_049858856.1	iSynCJ816.SGL_RS16650	28.7	258	175	3	18	266	39	296	6.42e-31	116
WP_049858856.1	iEK1008.Rv1237	29.6	253	174	2	17	266	21	272	1.49e-30	114
WP_049858856.1	iYS854.USA300HOU_RS01105	30.4	253	171	4	16	264	24	275	3.39e-29	111
WP_049858857.1	iYO844.BSU30280	25.1	275	200	4	5	275	17	289	2.48e-24	99.4
WP_049858857.1	iCN900.CD630_34160	22.9	275	210	2	3	275	2	276	7.12e-23	95.1
WP_049858859.1	STM_v1_0.STM3554	34.0	347	224	3	3	346	4	348	2.21e-57	190
WP_049858859.1	iML1515.b3450	33.1	353	219	4	3	346	4	348	3.10e-57	189
WP_049858859.1	iPC815.YPO3793	34.3	347	222	3	3	346	4	347	4.48e-57	189
WP_049858859.1	iSbBS512_1146.SbBS512_E3873	33.4	353	218	4	3	346	4	348	1.21e-56	188
WP_049858859.1	iYL1228.KPN_03810	34.1	331	214	2	18	346	20	348	3.65e-55	184
WP_049858859.1	iLJ478.TM0421	40.2	224	134	0	18	241	19	242	3.78e-51	174
WP_049858871.1	iJN1463.PP_2904	91.2	566	49	1	1	565	1	566	0.0	1088
WP_049858874.1	iYO844.BSU03070	30.3	402	272	7	17	415	16	412	5.68e-50	178
WP_049858875.1	iML1515.b3241	25.7	323	182	8	36	353	16	285	9.46e-17	80.1
WP_049858978.1	iJN1463.PP_2324	92.2	357	28	0	1	357	13	369	1.13e-238	651
WP_049858994.1	iJN1463.PP_0072	35.1	239	143	6	2	236	3	233	5.40e-23	97.1
WP_049858994.1	iJN1463.PP_3606	29.9	335	208	12	4	328	5	322	3.31e-21	92.0
WP_049859003.1	iJN1463.PP_0217	83.2	394	66	0	1	394	1	394	8.96e-256	697
WP_049859008.1	iJN1463.PP_5168	91.2	329	29	0	1	329	1	329	7.30e-220	601
WP_049859017.1	iJN1463.PP_1168	66.3	175	59	0	1	175	20	194	1.48e-78	231
WP_049859030.1	iYL1228.KPN_00103	46.7	60	26	2	5	59	4	62	1.73e-07	46.6
WP_049859030.1	iML1515.b0099	44.1	59	25	2	5	57	4	60	1.75e-06	43.9
WP_049859030.1	iSbBS512_1146.SbBS512_E0093	44.1	59	25	2	5	57	4	60	1.75e-06	43.9
WP_049859030.1	iSDY_1059.SDY_0129	44.1	59	25	2	5	57	4	60	1.83e-06	43.9
WP_049859030.1	iSF_1195.SF0096	44.1	59	25	2	5	57	4	60	1.75e-06	43.9
WP_049859030.1	iSSON_1240.SSON_0107	44.1	59	25	2	5	57	4	60	1.75e-06	43.9
WP_049859030.1	iYL1228.KPN_01211	36.6	123	60	7	5	119	7	119	3.86e-06	43.1
WP_049859030.1	STM_v1_0.STM0137	43.1	58	27	2	5	57	4	60	6.76e-06	42.4
WP_049859030.1	iPC815.YPO2167	54.5	44	18	1	33	76	33	74	6.47e-06	42.4
WP_049859034.1	iCN718.ABAYE_RS07200	47.7	432	212	5	7	428	7	434	8.13e-145	420
WP_049859038.1	iML1515.b1010	29.3	75	52	1	49	123	51	124	2.15e-04	38.1
WP_049859038.1	iSDY_1059.SDY_0985	29.3	75	52	1	49	123	51	124	2.15e-04	38.1
WP_049859038.1	iSF_1195.SF1013	29.3	75	52	1	49	123	51	124	4.13e-04	37.4
WP_049859052.1	iJN1463.PP_1656	90.6	747	69	1	1	747	1	746	0.0	1356
WP_049859053.1	iJN1463.PP_1657	81.2	276	51	1	2	277	3	277	5.64e-159	442
WP_049859056.1	iJN1463.PP_1188	86.5	437	59	0	1	437	1	437	1.40e-260	714
WP_049859063.1	iML1515.b2175	43.1	123	64	4	79	201	70	186	2.58e-26	99.8
WP_049859063.1	iML1515.b1655	38.5	122	71	3	87	207	152	270	3.06e-25	99.0
WP_049859064.1	iML1515.b1655	41.3	126	73	1	53	177	145	270	1.17e-35	125
WP_049859108.1	iAF987.Gmet_0069	25.6	117	84	2	2	115	3	119	1.09e-06	47.8
WP_049859146.1	iJN1463.PP_2149	87.9	486	59	0	1	486	1	486	2.80e-313	850
WP_049859152.1	iYO844.BSU06230	47.1	446	227	8	32	473	14	454	3.08e-121	362
WP_049859166.1	iJN1463.PP_2465	86.3	640	88	0	1	640	1	640	0.0	1146
WP_049859166.1	iCN718.ABAYE_RS15805	78.9	636	134	0	1	636	1	636	0.0	1049
WP_049859262.1	iYO844.BSU27430	53.1	239	112	0	1	239	1	239	2.83e-87	258
WP_049859262.1	iSynCJ816.SGL_RS08035	51.9	243	114	1	1	240	8	250	1.72e-83	249
WP_049859262.1	iCN900.CD630_07520	51.9	239	115	0	1	239	1	239	3.31e-83	248
WP_049859262.1	iNF517.LLMG_RS09720	52.1	238	114	0	2	239	7	244	5.90e-83	247
WP_049859262.1	iNF517.LLMG_RS09915	52.3	239	114	0	1	239	5	243	3.06e-82	245
WP_049859262.1	iYL1228.KPN_00838	53.1	239	112	0	1	239	1	239	1.09e-81	244
WP_049859262.1	iPC815.YPO2514	52.7	239	113	0	1	239	1	239	2.18e-81	243
WP_049859262.1	iML1515.b0809	53.6	239	111	0	1	239	1	239	3.10e-81	243
WP_049859262.1	STM_v1_0.STM0828	54.0	239	110	0	1	239	1	239	3.10e-81	243
WP_049859262.1	iSbBS512_1146.SbBS512_E2539	53.6	239	111	0	1	239	1	239	3.10e-81	243
WP_049859262.1	iSDY_1059.SDY_0787	53.6	239	111	0	1	239	1	239	3.10e-81	243
WP_049859262.1	iSSON_1240.SSON_0789	53.6	239	111	0	1	239	1	239	4.39e-81	242
WP_049859262.1	iJN1463.PP_0283	50.8	248	111	1	2	238	8	255	1.53e-80	241
WP_049859262.1	iSF_1195.SF0760	53.1	239	112	0	1	239	1	239	3.57e-80	240
WP_049859262.1	iYS854.USA300HOU_RS09925	49.8	239	120	0	1	239	3	241	5.39e-80	239
WP_049859262.1	iYO844.BSU23960	49.8	239	120	0	1	239	1	239	5.82e-79	237
WP_049859262.1	iSDY_1059.SDY_2505	52.4	248	106	3	2	237	6	253	4.06e-78	235
WP_049859262.1	iML1515.b2306	52.0	248	107	3	2	237	6	253	1.64e-77	234
WP_049859262.1	iSbBS512_1146.SbBS512_E2684	52.0	248	107	3	2	237	6	253	1.64e-77	234
WP_049859262.1	iSF_1195.SF2382	52.0	248	107	3	2	237	6	253	1.64e-77	234
WP_049859262.1	iSSON_1240.SSON_2364	52.0	248	107	3	2	237	6	253	1.64e-77	234
WP_049859262.1	iCN900.CD630_21720	48.1	243	123	2	1	240	1	243	1.80e-77	233
WP_049859262.1	iJN1463.PP_1068	53.1	226	106	0	1	226	13	238	2.25e-77	233
WP_049859262.1	iSF_1195.SF0629	50.2	239	119	0	1	239	1	239	1.39e-77	233
WP_049859262.1	iML1515.b0652	50.2	239	119	0	1	239	1	239	1.97e-77	233
WP_049859262.1	iSSON_1240.SSON_0606	50.2	239	119	0	1	239	1	239	1.97e-77	233
WP_049859423.1	iJN1463.PP_1799	92.1	343	27	0	1	343	13	355	3.36e-235	641
WP_049859436.1	iML1515.b4477	45.8	192	104	0	11	202	9	200	9.93e-48	155
WP_049859436.1	iYL1228.KPN_04096	44.8	192	106	0	11	202	9	200	7.97e-47	152
WP_049859437.1	STM_v1_0.STM3828	60.7	382	150	0	1	382	1	382	6.64e-168	474
WP_049859437.1	iML1515.b4478	60.7	382	150	0	1	382	1	382	1.34e-167	473
WP_049859437.1	iYL1228.KPN_04095	59.7	382	154	0	1	382	1	382	1.26e-165	468
WP_049859440.1	iYS854.USA300HOU_RS01820	41.8	232	134	1	38	268	48	279	1.40e-59	190
WP_049859445.1	iMM1415.15488	33.3	63	41	1	38	99	663	725	9.59e-06	42.4
WP_049859445.1	iCHOv1.100757558	29.6	81	53	1	26	102	458	538	2.38e-05	41.2
WP_049859445.1	iMM1415.20280	29.6	81	53	1	26	102	442	522	2.37e-05	41.2
WP_049859446.1	iAF987.Gmet_1750	33.1	178	108	4	128	299	74	246	2.39e-13	69.3
WP_049859454.1	iJN1463.PP_3821	86.0	279	39	0	1	279	1	279	5.80e-183	503
WP_049859461.1	iPC815.YPO3712	51.5	365	176	1	1	364	1	365	2.98e-125	364
WP_049859461.1	STM_v1_0.STM4230	51.8	359	172	1	1	358	1	359	1.58e-122	357
WP_049859461.1	iML1515.b4035	51.5	361	172	2	1	358	1	361	9.67e-122	355
WP_049859461.1	iSSON_1240.SSON_4213	51.5	361	172	2	1	358	1	361	9.67e-122	355
WP_049859461.1	iYL1228.KPN_04424	51.5	359	173	1	1	358	1	359	1.28e-121	355
WP_049859461.1	iSF_1195.SF4170	51.2	361	173	2	1	358	1	361	7.83e-121	353
WP_049859461.1	iML1515.b3450	50.8	356	169	4	1	355	1	351	1.08e-114	337
WP_049859461.1	iSbBS512_1146.SbBS512_E3873	50.6	356	170	4	1	355	1	351	1.75e-113	334
WP_049859461.1	STM_v1_0.STM3554	50.6	356	170	4	1	355	1	351	4.98e-113	333
WP_049859461.1	iYL1228.KPN_03810	50.7	357	168	5	1	355	1	351	8.08e-112	330
WP_049859462.1	iEK1008.Rv1237	28.8	260	165	5	28	276	23	273	2.22e-25	101
WP_049859462.1	iCN900.CD630_34150	27.7	253	178	4	27	276	36	286	2.00e-24	99.0
WP_049859467.1	iAF987.Gmet_1914	32.1	112	69	2	8	114	4	113	3.78e-10	55.5
WP_049859470.1	iAF987.Gmet_0043	26.7	236	159	4	165	392	37	266	9.49e-15	75.5
WP_049859471.1	iAF987.Gmet_1919	31.1	119	74	5	9	122	5	120	4.95e-09	52.4
WP_049859512.1	STM_v1_0.STM1525	61.8	301	114	1	3	302	8	308	2.91e-128	367
WP_049859512.1	iYL1228.KPN_01636	61.8	301	114	1	3	302	15	315	2.13e-127	365
WP_049859512.1	iML1515.b1524	62.1	301	113	1	3	302	8	308	3.37e-127	364
WP_049859512.1	iSbBS512_1146.SbBS512_E1682	62.1	301	113	1	3	302	8	308	3.37e-127	364
WP_049859512.1	iSDY_1059.SDY_1631	62.1	301	113	1	3	302	8	308	3.37e-127	364
WP_049859512.1	iSSON_1240.SSON_1604	62.1	301	113	1	3	302	8	308	3.37e-127	364
WP_049859512.1	iSF_1195.SF1569	61.8	301	114	1	3	302	8	308	1.37e-126	363
WP_049859518.1	iCHOv1.100771073	36.7	120	73	2	16	133	23	141	2.17e-23	88.2
WP_049859518.1	iJN1463.PP_4285	36.0	114	69	1	24	133	4	117	7.42e-22	83.6
WP_049859537.1	iYO844.BSU35960	22.4	255	181	8	76	321	44	290	4.54e-06	47.4
WP_049859537.1	STM_v1_0.STM3884	30.3	142	83	7	202	337	165	296	1.39e-05	45.8
WP_049859537.1	iML1515.b3751	30.3	142	83	7	202	337	165	296	3.30e-05	44.7
WP_049859537.1	iYL1228.KPN_04156	34.5	87	47	4	202	286	165	243	5.87e-05	43.9
WP_049859573.1	iAF987.Gmet_1899	51.0	198	95	2	44	241	24	219	3.40e-66	207
WP_049859573.1	iJN1463.PP_0209	50.3	195	95	2	46	240	29	221	5.46e-58	187
WP_049859574.1	iPC815.YPO3626	32.6	230	148	3	43	270	17	241	5.79e-30	113
WP_049859574.1	iCN718.ABAYE_RS19055	31.6	263	171	5	25	284	3	259	1.17e-28	110
WP_049859574.1	iSF_1195.SF0251	29.5	244	163	2	42	280	29	268	2.81e-28	109
WP_049859574.1	iSSON_1240.SSON_0345	29.5	244	163	2	42	280	29	268	2.81e-28	109
WP_049859574.1	iYL1228.KPN_00313	32.0	250	149	5	42	280	29	268	5.46e-28	108
WP_049859574.1	iAF987.Gmet_1900	31.8	239	157	4	47	285	17	249	4.70e-28	108
WP_049859574.1	iML1515.b0367	34.8	161	101	1	120	280	112	268	4.00e-27	106
WP_049859574.1	iSbBS512_1146.SbBS512_E0280	29.1	244	164	2	42	280	29	268	4.00e-27	106
WP_049859574.1	iJN1463.PP_0239	32.4	244	153	6	43	284	20	253	8.86e-27	105
WP_049859574.1	iSDY_1059.SDY_0503	29.1	244	164	2	42	280	29	268	2.92e-26	103
WP_049859574.1	iYL1228.KPN_00970	30.7	238	156	5	50	285	23	253	6.22e-26	102
WP_049859581.1	iCHOv1.100751193	33.3	63	37	1	2	64	16	73	8.57e-04	39.3
WP_049859600.1	iJN1463.PP_2416	50.6	247	119	2	6	250	15	260	2.58e-70	216
WP_049859622.1	iYS854.USA300HOU_RS04640	48.4	62	31	1	122	183	19	79	1.43e-09	52.4
WP_049859622.1	iLB1027_lipid.PHATRDRAFT_16693	32.0	75	50	1	107	180	121	195	2.14e-08	51.6
WP_049859651.1	iYO844.BSU19710	28.0	339	224	8	73	402	93	420	5.02e-28	114
WP_049859651.1	iCN900.CD630_03030	25.5	333	230	7	75	401	100	420	9.96e-25	104
WP_049859711.1	iYL1228.KPN_04156	23.6	288	177	9	62	326	29	296	3.89e-13	68.6
WP_049859711.1	STM_v1_0.STM3884	24.3	288	175	8	62	326	29	296	3.89e-13	68.6
WP_049859711.1	iML1515.b3751	24.3	288	175	8	62	326	29	296	1.30e-12	67.0
WP_049859738.1	iJN1463.PP_2658	92.3	297	23	0	1	297	1	297	2.95e-187	516
WP_049859769.1	iAF987.Gmet_0043	28.7	244	165	5	270	508	26	265	4.93e-19	91.7
WP_049859808.1	iJN1463.PP_4149	71.9	338	95	0	2	339	1	338	8.68e-185	513
WP_049859820.1	iJN1463.PP_2426	81.1	349	66	0	1	349	1	349	2.26e-213	586
WP_049859830.1	iJN1463.PP_1300	65.7	239	82	0	16	254	15	253	4.99e-114	327
WP_049859830.1	iJN1463.PP_3597	60.9	248	97	0	7	254	12	259	6.97e-106	306
WP_049859835.1	iJN1463.PP_2341	83.9	118	19	0	1	118	1	118	5.08e-82	235
WP_049859843.1	iJN1463.PP_4203	86.1	554	77	0	1	554	7	560	0.0	1006
WP_049859845.1	iJN1463.PP_4201	88.5	314	31	1	1	314	1	309	6.72e-182	503
WP_049859852.1	iJN1463.PP_4194	95.3	428	20	0	1	428	1	428	6.05e-306	827
WP_049859853.1	iJN1463.PP_4192	93.4	122	8	0	1	122	1	122	1.68e-82	236
WP_049859855.1	iJN1463.PP_4189	92.2	943	74	0	1	943	1	943	0.0	1774
WP_049859857.1	iJN1463.PP_4187	89.3	478	50	1	1	477	1	478	5.30e-304	826
WP_049859858.1	iJN1463.PP_4186	96.1	388	15	0	1	388	1	388	6.29e-269	730
WP_049859859.1	iJN1463.PP_4185	96.6	293	10	0	1	293	1	293	1.92e-204	559
WP_049859859.1	STM_v1_0.STM0739	91.2	284	25	0	1	284	1	284	2.09e-184	508
WP_049859859.1	iYL1228.KPN_00735	90.1	284	28	0	1	284	1	284	3.46e-183	505
WP_049859860.1	iJN1463.PP_1251	80.6	530	98	2	21	550	3	527	4.76e-315	859
WP_049859860.1	iJN1463.PP_2925	74.6	532	132	2	4	535	6	534	7.88e-296	811
WP_049859894.1	iSynCJ816.SGL_RS02445	33.5	275	174	4	9	276	8	280	4.99e-36	130
WP_049859894.1	iYO844.BSU24280	30.7	261	174	2	40	293	31	291	9.00e-35	127
WP_049859894.1	iJN1463.PP_0528	35.2	270	165	4	16	276	5	273	9.21e-34	124
WP_049859894.1	iLB1027_lipid.PHATRDRAFT_19000	31.9	298	180	6	1	277	32	327	3.09e-32	121
WP_049859894.1	iAF987.Gmet_1935	31.5	267	173	4	21	277	10	276	1.04e-31	119
WP_049859894.1	iYS854.USA300HOU_RS08130	31.6	250	161	3	32	272	17	265	9.53e-32	119
WP_049859919.1	iJN1463.PP_3426	88.6	1056	120	0	1	1056	1	1056	0.0	1793
WP_049859929.1	iJN1463.PP_1494	30.3	145	88	4	4	137	20	162	7.61e-09	54.3
WP_049859931.1	iJN1463.PP_4097	86.6	186	25	0	1	186	1	186	1.76e-108	307
WP_049859942.1	iJN1463.PP_0209	50.6	241	115	1	8	248	14	250	1.51e-74	228
WP_049859953.1	iCN900.CD630_10870	29.1	244	159	6	66	297	18	259	3.03e-13	68.2
WP_049859964.1	iJN1463.PP_2151	90.3	464	45	0	1	464	1	464	9.48e-314	850
WP_049859972.1	STM_v1_0.STM2392	30.9	223	146	6	14	230	11	231	7.31e-25	98.2
WP_049859972.1	iSF_1195.SF2424	31.4	223	145	6	14	230	11	231	1.02e-24	97.8
WP_049859972.1	iSbBS512_1146.SbBS512_E2729	31.4	223	145	6	14	230	11	231	1.99e-24	97.1
WP_049859972.1	iSDY_1059.SDY_2550	31.4	223	145	6	14	230	11	231	1.99e-24	97.1
WP_049859972.1	iSSON_1240.SSON_2403	31.4	223	145	6	14	230	11	231	1.99e-24	97.1
WP_049859974.1	iAF987.Gmet_1919	30.2	149	103	1	7	155	4	151	3.80e-17	81.6
WP_049859975.1	iJN1463.PP_2168	82.1	307	55	0	1	307	1	307	1.88e-175	487
WP_049859987.1	iJN1463.PP_4222	69.3	313	96	0	9	321	10	322	2.29e-157	442
WP_049859996.1	iML1515.b3579	33.8	281	183	2	28	305	23	303	2.25e-44	154
WP_049859996.1	STM_v1_0.STM3673	31.7	281	189	2	28	305	23	303	5.84e-39	140
WP_049859998.1	iJN1463.PP_1167	33.1	420	276	3	9	426	9	425	4.06e-73	235
WP_049859998.1	iML1515.b3578	35.1	404	256	3	17	418	17	416	5.56e-73	234
WP_049859998.1	STM_v1_0.STM3672	33.9	413	267	3	10	418	6	416	6.07e-72	232
WP_049860037.1	iJN1463.PP_5307	38.1	118	72	1	14	130	17	134	2.51e-19	77.8
WP_049860037.1	iPC815.YPO0683	33.6	119	79	0	12	130	15	133	6.30e-17	71.6
WP_049860037.1	iML1515.b3005	30.6	124	86	0	7	130	10	133	2.37e-16	70.1
WP_049860037.1	iSbBS512_1146.SbBS512_E3433	30.6	124	86	0	7	130	10	133	2.37e-16	70.1
WP_049860037.1	iSF_1195.SF3050	30.6	124	86	0	7	130	10	133	2.37e-16	70.1
WP_049860037.1	iSSON_1240.SSON_3148	30.6	124	86	0	7	130	10	133	2.37e-16	70.1
WP_049860052.1	iCN718.ABAYE_RS11780	53.5	447	206	2	2	448	4	448	1.16e-167	480
WP_049860054.1	iJN1463.PP_3816	86.6	269	36	0	1	269	1	269	3.27e-154	430
WP_049860062.1	iCN718.ABAYE_RS11785	54.8	489	216	3	6	493	5	489	3.75e-183	521
WP_049860073.1	iJN1463.PP_3264	63.6	390	134	4	1	390	1	382	2.99e-176	497
WP_049860088.1	iJN1463.PP_4130	90.6	510	48	0	1	510	1	510	0.0	912
WP_049860090.1	iJN1463.PP_4127	89.0	163	18	0	1	163	1	163	6.32e-92	264
WP_049860092.1	iJN1463.PP_4123	89.2	453	48	1	1	452	1	453	8.70e-311	841
WP_049860093.1	iJN1463.PP_4122	95.2	165	8	0	1	165	1	165	8.64e-117	327
WP_049860096.1	iJN1463.PP_4116	95.0	441	22	0	1	441	1	441	5.49e-315	851
WP_049860102.1	iML1515.b1134	35.9	142	89	2	3	144	2	141	1.14e-23	89.7
WP_049860102.1	iSDY_1059.SDY_2018	35.9	142	89	2	3	144	2	141	1.14e-23	89.7
WP_049860102.1	iSF_1195.SF1153	35.9	142	89	2	3	144	2	141	1.14e-23	89.7
WP_049860102.1	iSSON_1240.SSON_1152	35.2	142	90	2	3	144	2	141	4.54e-23	88.2
WP_049860102.1	iSbBS512_1146.SbBS512_E1312	34.5	142	91	2	3	144	2	141	7.15e-22	85.1
WP_049860102.1	iYL1228.KPN_01142	37.3	142	87	2	3	144	2	141	2.77e-21	83.6
WP_049860102.1	STM_v1_0.STM1235	35.2	142	90	2	3	144	2	141	4.00e-21	83.2
WP_049860104.1	iCN900.CD630_20200	37.5	866	393	13	6	742	10	856	1.19e-174	523
WP_049860110.1	iML1515.b0624	33.9	121	75	2	1	121	1	116	3.83e-12	58.5
WP_049860111.1	iJN1463.PP_4000	84.7	425	65	0	1	425	1	425	3.85e-257	703
WP_049860137.1	iJN1463.PP_3122	89.2	232	25	0	1	232	1	232	2.99e-150	417
WP_049860138.1	iJN1463.PP_3123	90.8	218	20	0	1	218	1	218	1.67e-140	391
WP_049860138.1	iYL1228.KPN_02054	83.8	216	35	0	3	218	2	217	7.44e-128	359
WP_049860142.1	iHN637.CLJU_RS07840	25.6	406	268	13	24	419	19	400	3.02e-19	89.0
WP_049860144.1	iJN1463.PP_2553	77.3	453	103	0	9	461	3	455	2.88e-255	701
WP_049860157.1	iJN1463.PP_4050	79.2	518	105	2	1	516	1	517	1.63e-310	846
WP_049860158.1	iJN1463.PP_4043	78.6	323	68	1	1	322	1	323	3.80e-186	515
WP_049860194.1	iAF987.Gmet_0069	29.5	112	76	2	2	110	3	114	8.83e-09	53.9
WP_049860194.1	iAF987.Gmet_1919	26.9	108	78	1	3	110	4	110	1.75e-08	53.1
WP_049860194.1	iAF987.Gmet_2999	27.2	114	76	4	5	114	11	121	1.08e-07	50.8
WP_049860236.1	iYO844.BSU30560	51.7	509	242	4	8	513	19	526	4.02e-177	508
WP_049860240.1	iAF692.Mbar_A3203	25.9	328	199	7	2	288	3	327	8.20e-22	93.2
WP_049860245.1	iJN1463.PP_5185	90.0	432	43	0	1	432	1	432	1.48e-287	781
WP_049860252.1	iJN1463.PP_0228	84.9	299	45	0	6	304	4	302	9.15e-182	503
WP_049860253.1	iJN1463.PP_0227	70.8	260	71	3	8	263	6	264	9.86e-123	350
WP_049860253.1	iML1515.b1920	65.4	254	87	1	10	263	14	266	5.18e-116	333
WP_049860253.1	STM_v1_0.STM1954	65.4	254	87	1	10	263	14	266	6.00e-115	330
WP_049860260.1	iJN1463.PP_5155	90.7	409	38	0	1	409	1	409	1.31e-267	728
WP_049860264.1	iJN1463.PP_5177	89.0	290	32	0	1	290	1	290	9.30e-181	499
WP_049860266.1	iJN1463.PP_5179	89.2	380	41	0	1	380	1	380	2.28e-251	685
WP_049860272.1	iJN1463.PP_0238	90.8	381	35	0	1	381	1	381	6.12e-257	699
WP_049860274.1	iJN1463.PP_0236	77.7	197	44	0	1	197	1	197	4.45e-105	300
WP_049860279.1	iJN1463.PP_0231	85.3	265	35	2	14	276	17	279	1.68e-151	424
WP_049860280.1	iJN1463.PP_0230	75.1	277	69	0	1	277	1	277	1.61e-158	441
WP_049860284.1	iJN1463.PP_5196	84.1	333	53	0	1	333	1	333	1.79e-206	567
WP_049860302.1	iJN1463.PP_5217	92.0	697	56	0	45	741	31	727	0.0	1285
WP_049860307.1	iPC815.YPO3831	43.3	210	113	4	1	208	1	206	2.19e-50	162
WP_049860307.1	iYL1228.KPN_04320	39.6	207	121	2	1	206	1	204	1.60e-47	154
WP_049860307.1	STM_v1_0.STM3960	39.6	207	121	2	1	206	1	204	6.42e-47	153
WP_049860307.1	iML1515.b3824	39.8	206	122	1	1	206	1	204	3.64e-46	151
WP_049860307.1	iSbBS512_1146.SbBS512_E4291	39.8	206	122	1	1	206	1	204	3.64e-46	151
WP_049860323.1	iSF_1195.SF3880	42.1	107	56	2	3	105	1	105	6.18e-25	90.1
WP_049860323.1	iSDY_1059.SDY_3938	42.1	107	56	2	3	105	1	105	1.24e-24	89.4
WP_049860323.1	iSSON_1240.SSON_3980	42.1	107	56	2	3	105	1	105	1.24e-24	89.4
WP_049860323.1	iSbBS512_1146.SbBS512_E4266	42.1	107	56	2	3	105	1	105	1.76e-24	89.0
WP_049860324.1	iJN1463.PP_5227	86.7	415	55	0	1	415	1	415	1.10e-262	716
WP_049860330.1	iJN1463.PP_5233	89.6	444	45	1	1	444	1	443	3.61e-287	781
WP_049860339.1	iJN1463.PP_5258	89.7	496	51	0	1	496	1	496	0.0	882
WP_049860344.1	iAF987.Gmet_0957	40.4	436	256	3	112	543	184	619	7.42e-102	320
WP_049860344.1	iAF987.Gmet_0782	39.4	436	261	2	112	544	290	725	1.58e-97	311
WP_049860344.1	iAF987.Gmet_3085	39.7	428	254	2	124	547	460	887	3.64e-95	309
WP_049860344.1	iAF987.Gmet_0987	38.5	441	266	4	108	544	345	784	9.67e-92	298
WP_049860344.1	iAF987.Gmet_0700	39.0	433	260	3	106	534	376	808	1.65e-91	298
WP_049860344.1	iAF987.Gmet_2629	38.5	436	264	3	112	544	374	808	4.57e-91	296
WP_049860344.1	iJN1463.PP_3581	37.5	459	275	4	93	544	232	685	5.09e-90	291
WP_049860346.1	iYO844.BSU22070	75.3	190	47	0	1	190	1	190	1.19e-95	275
WP_049860349.1	iJN1463.PP_1277	33.3	63	41	1	112	174	386	447	2.51e-04	40.4
WP_049860349.1	iAF692.Mbar_A2079	46.8	47	25	0	5	51	7	53	6.60e-04	38.5
WP_049860355.1	iAF987.Gmet_0078	30.8	477	318	4	9	479	7	477	5.66e-59	202
WP_049860364.1	iJN1463.PP_5289	92.0	299	24	0	1	299	1	299	7.09e-197	540
WP_049860367.1	iCN900.CD630_33080	55.4	240	106	1	1	240	1	239	4.41e-84	257
WP_049860369.1	iJN1463.PP_5296	72.7	205	56	0	1	205	1	205	3.04e-98	283
WP_049860370.1	iJN1463.PP_5302	92.5	702	52	1	1	702	1	701	0.0	1288
WP_049860371.1	iML1515.b1010	31.7	123	83	1	1	122	1	123	3.80e-13	61.2
WP_049860371.1	iSDY_1059.SDY_0985	31.7	123	83	1	1	122	1	123	3.80e-13	61.2
WP_049860371.1	iSF_1195.SF1013	31.7	123	83	1	1	122	1	123	7.52e-13	60.5
WP_049860376.1	iJN1463.PP_5308	65.6	247	81	2	1	247	1	243	7.20e-80	239
WP_049860387.1	iJN1463.PP_5326	93.9	277	17	0	1	277	5	281	1.97e-192	527
WP_049860390.1	iJN1463.PP_5329	87.3	332	42	0	1	332	1	332	6.74e-206	566
WP_049860399.1	iJN1463.PP_0496	76.3	473	110	2	1	472	1	472	1.00e-249	689
WP_049860406.1	iYS854.USA300HOU_RS01685	22.7	255	180	5	1	251	1	242	2.86e-17	79.3
WP_049860411.1	iAF987.Gmet_0769	35.4	144	93	0	5	148	2	145	6.96e-22	85.5
WP_049860411.1	iCHOv1.100755154	33.8	133	86	1	6	136	167	299	1.11e-17	77.8
WP_049860425.1	iCN900.CD630_07510	36.3	226	136	2	1	219	1	225	8.12e-44	146
WP_049860425.1	iSynCJ816.SGL_RS07090	38.1	215	126	2	12	220	307	520	1.41e-40	144
WP_049860425.1	iYS854.USA300HOU_RS09930	41.6	202	116	2	18	218	284	484	2.96e-40	143
WP_049860425.1	iYO844.BSU23970	36.5	219	137	2	1	218	1	218	1.21e-38	132
WP_049860449.1	iJN1463.PP_5413	95.2	458	22	0	1	458	1	458	1.07e-316	857
WP_049860449.1	iPC815.YPO4121	84.8	460	68	1	1	458	1	460	5.38e-283	771
WP_049860450.1	iJN1463.PP_5415	94.7	514	27	0	1	514	1	514	0.0	943
WP_049860451.1	iJN1463.PP_5419	91.0	289	26	0	1	289	1	289	1.94e-188	518
WP_049860474.1	iAM_Pb448.PBANKA_080930	41.6	166	94	2	4	166	60	225	1.01e-34	121
WP_049860474.1	iAM_Pf480.PF3D7_0907900	38.7	163	97	2	4	163	65	227	5.01e-33	117
WP_049860474.1	iYO844.BSU15720	43.0	149	83	2	1	149	1	147	8.54e-34	116
WP_049860474.1	iAM_Pv461.PVX_098840	39.3	163	96	1	4	163	10	172	3.49e-33	115
WP_049860474.1	iAM_Pc455.PCYB_071570	38.7	163	97	1	4	163	65	227	2.78e-32	115
WP_049860497.1	iJN1463.PP_3383	89.7	594	61	0	1	594	1	594	0.0	1120
WP_049860500.1	iJN1463.PP_4758	82.2	433	75	2	9	441	18	448	2.46e-254	698
WP_049860502.1	iJN1463.PP_0100	77.8	225	50	0	11	235	15	239	3.37e-131	369
WP_049860507.1	iJN1463.PP_0113	67.7	223	72	0	1	223	1	223	2.11e-97	282
WP_049860513.1	iJN1463.PP_0117	91.5	260	22	0	1	260	1	260	6.73e-154	428
WP_049860522.1	iJN1463.PP_0914	38.1	257	157	2	275	529	431	687	1.19e-47	176
WP_049860524.1	iAF987.Gmet_1919	34.8	135	88	0	11	145	5	139	8.69e-14	72.0
WP_049860524.1	iAF987.Gmet_1914	30.8	120	83	0	10	129	3	122	1.06e-12	69.3
WP_049860539.1	iJN1463.PP_0156	87.4	373	47	0	1	373	1	373	5.20e-226	620
WP_049860543.1	iJN1463.PP_5180	80.8	355	68	0	1	355	10	364	2.79e-214	589
WP_049860547.1	iJN1463.PP_5315	85.5	55	8	0	1	55	1	55	2.78e-37	117
WP_049860553.1	iJN1463.PP_0118	84.4	257	39	1	1	256	1	257	1.14e-157	437
WP_049860555.1	iJN1463.PP_0121	77.1	315	72	0	1	315	1	315	8.54e-178	493
WP_049860558.1	iJN1463.PP_0926	73.5	313	83	0	1	313	3	315	6.69e-160	448
WP_049860569.1	iCN718.ABAYE_RS15815	28.2	163	108	2	7	165	14	171	4.52e-14	66.2
WP_049860574.1	iJN1463.PP_0946	83.7	202	33	0	1	202	8	209	1.12e-130	365
WP_049860575.1	iSbBS512_1146.SbBS512_E3472	29.0	217	134	8	80	289	37	240	3.32e-08	53.1
WP_049860578.1	iYO844.BSU14400	30.1	146	102	0	2	147	1	146	5.02e-22	90.9
WP_049860581.1	iJN1463.PP_0953	92.1	241	19	0	1	241	1	241	1.73e-158	438
WP_049860584.1	iJN1463.PP_0956	82.1	173	31	0	6	178	2	174	6.48e-97	277
WP_049860586.1	iJN1463.PP_0958	90.7	269	25	0	1	269	1	269	8.86e-175	482
WP_049860588.1	iJN1463.PP_0960	85.2	155	23	0	1	155	1	155	1.14e-88	255
WP_049860621.1	iJN1463.PP_1337	82.2	359	63	1	1	358	1	359	1.60e-208	575
WP_049860622.1	iJN1463.PP_1338	91.0	479	43	0	1	479	1	479	0.0	874
WP_049860626.1	iJN1463.PP_1343	91.0	301	27	0	1	301	1	301	1.67e-196	540
WP_049860629.1	iJN1463.PP_1346	89.9	405	41	0	1	405	1	405	5.64e-260	709
WP_049860669.1	iJN1463.PP_1373	89.4	490	52	0	1	490	1	490	1.69e-318	864
WP_049860678.1	iJN1463.PP_1381	88.5	130	15	0	1	130	1	130	2.14e-82	237
WP_049860713.1	iJN1463.PP_1418	87.9	323	38	1	5	327	5	326	3.63e-205	563
WP_049860714.1	iAF987.Gmet_0069	34.9	126	78	2	3	124	5	130	8.04e-15	71.6
WP_049860724.1	iEK1008.Rv0684	24.2	500	245	10	1	380	7	492	3.47e-24	107
WP_049860724.1	iSynCJ816.SGL_RS17200	24.6	492	237	13	3	375	4	480	2.28e-21	98.2
WP_049860771.1	iEK1008.Rv0684	58.3	698	279	5	5	698	8	697	2.15e-286	800
WP_049860771.1	iSynCJ816.SGL_RS10930	57.4	698	285	5	1	698	1	686	1.07e-281	788
WP_049860772.1	iSynCJ816.SGL_RS10925	67.9	402	121	2	1	397	1	399	1.41e-196	548
WP_049860778.1	iJN1463.PP_1082	44.8	154	83	2	1	153	1	153	3.26e-37	124
WP_049860778.1	iML1515.b3336	42.2	154	87	2	1	153	1	153	4.38e-35	119
WP_049860794.1	iCN900.CD630_19470	36.8	204	114	3	26	226	33	224	7.04e-31	113
WP_049860794.1	iEK1008.Rv2564	36.3	226	126	6	1	224	6	215	8.21e-30	113
WP_049860794.1	iSynCJ816.SGL_RS10355	37.1	213	124	5	1	212	14	217	1.09e-28	110
WP_049860794.1	iYO844.BSU30420	34.8	187	113	2	31	217	34	211	3.16e-29	109
WP_049860794.1	iEK1008.Rv0073	35.0	234	132	6	1	229	6	224	3.18e-28	108
WP_049860794.1	iJN1463.PP_4210	35.2	219	128	4	1	215	1	209	3.31e-27	108
WP_049860799.1	iJN1463.PP_0515	85.1	221	32	1	1	220	1	221	5.66e-131	367
WP_049860801.1	iJN1463.PP_0517	96.2	158	6	0	1	158	1	158	2.13e-100	285
WP_049860803.1	iJN1463.PP_0520	90.9	164	15	0	1	164	1	164	5.42e-126	350
WP_049860819.1	iML1515.b1918	36.6	202	128	0	9	210	15	216	2.04e-27	103
WP_049860819.1	iJN1463.PP_0226	35.1	202	131	0	9	210	16	217	2.86e-27	103
WP_049860819.1	iYO844.BSU23970	33.8	201	130	3	9	207	15	214	1.57e-25	98.6
WP_049860819.1	iYS854.USA300HOU_RS09930	28.9	201	142	1	10	209	282	482	3.04e-23	96.3
WP_049860819.1	iCN900.CD630_07510	29.5	207	139	1	10	209	16	222	7.33e-24	94.4
WP_049860823.1	iJN1463.PP_0538	94.3	175	10	0	1	175	1	175	8.48e-122	340
WP_049860825.1	iNF517.LLMG_RS09290	29.4	143	89	4	43	176	26	165	6.05e-10	56.6
WP_049860826.1	iJN1463.PP_0545	90.3	506	49	0	1	506	1	506	0.0	927
WP_049860826.1	iJN1463.PP_2680	85.4	506	74	0	1	506	1	506	0.0	886
WP_049860827.1	iJN1463.PP_0547	90.6	449	42	0	1	449	1	449	6.77e-304	823
WP_049860838.1	iJN1463.PP_4807	87.8	629	77	0	1	629	1	629	0.0	1124
WP_049860839.1	iML1515.b0089	32.2	360	227	7	11	357	42	397	1.35e-44	158
WP_049860842.1	iJN1463.PP_4803	85.8	386	55	0	1	386	1	386	5.24e-244	667
WP_049860845.1	iJN1463.PP_4800	91.0	346	20	2	1	343	1	338	2.32e-231	631
WP_049860859.1	iJN1463.PP_4783	80.0	205	41	0	1	205	1	205	4.34e-108	308
WP_049860862.1	iJN1463.PP_4779	88.3	489	55	1	1	489	1	487	0.0	872
WP_049860890.1	iML1515.b3943	24.8	294	206	8	1	285	1	288	1.04e-11	63.9
WP_049860890.1	iJN1463.PP_2872	24.0	262	179	7	16	267	10	261	1.48e-10	60.5
WP_049860890.1	iML1515.b1533	28.7	157	103	4	21	174	15	165	2.78e-10	59.7
WP_049860890.1	iYL1228.KPN_01622	30.6	157	100	5	21	174	15	165	3.74e-10	59.3
WP_049860890.1	STM_v1_0.STM1517	30.9	165	103	6	15	174	8	166	5.07e-10	58.9
WP_049860899.1	iJN1463.PP_4762	81.0	289	55	0	1	289	1	289	6.34e-178	491
WP_049860914.1	iJN1463.PP_4653	90.0	429	43	0	1	429	1	429	1.71e-260	712
WP_049860915.1	iAF987.Gmet_2135	46.9	143	76	0	18	160	16	158	2.07e-43	141
WP_049860915.1	iYO844.BSU32470	44.2	165	90	2	8	171	6	169	3.11e-43	141
WP_049860915.1	iCN900.CD630_20880	42.8	152	87	0	18	169	4	155	2.82e-40	133
WP_049860915.1	iHN637.CLJU_RS11605	47.2	144	76	0	18	161	5	148	1.10e-39	131
WP_049860925.1	iYO844.BSU09240	37.2	207	124	4	11	215	2	204	1.04e-28	107
WP_049860939.1	iAF987.Gmet_2161	35.9	206	123	5	6	204	387	590	3.96e-30	115
WP_049860956.1	iJN1463.PP_0606	91.7	314	26	0	1	314	1	314	5.71e-210	575
WP_049860969.1	iSbBS512_1146.SbBS512_E2975	55.5	317	140	1	1	316	1	317	1.67e-119	346
WP_049860969.1	iSF_1195.SF2653	55.5	317	140	1	1	316	1	317	3.35e-119	345
WP_049860969.1	iSSON_1240.SSON_2720	55.5	317	140	1	1	316	1	317	3.35e-119	345
WP_049860969.1	STM_v1_0.STM2662	55.8	317	139	1	1	316	1	317	4.75e-119	345
WP_049860969.1	iSDY_1059.SDY_2837	54.3	317	144	1	1	316	1	317	1.03e-115	337
WP_049860971.1	iCN900.CD630_20200	51.8	859	406	4	1	851	1	859	1.17e-299	846
WP_049860980.1	iJN1463.PP_1765	90.5	232	22	0	1	232	1	232	1.18e-156	433
WP_049861008.1	iML1515.b1686	50.7	136	66	1	3	138	2	136	2.73e-42	136
WP_049861013.1	iJN1463.PP_4174	96.5	171	6	0	1	171	1	171	4.58e-124	345
WP_049861014.1	iJN1463.PP_4175	90.4	406	39	0	1	406	1	406	4.03e-265	722
WP_049861031.1	iPC815.YPO2512	35.6	247	143	9	3	241	5	243	1.79e-35	126
WP_049861031.1	iML1515.b0811	32.8	241	146	9	10	241	11	244	6.81e-31	114
WP_049861031.1	iSSON_1240.SSON_0791	32.8	241	146	9	10	241	11	244	6.81e-31	114
WP_049861031.1	iSDY_1059.SDY_0785	31.7	243	152	8	6	241	9	244	9.55e-31	114
WP_049861041.1	iJN1463.PP_4507	86.4	484	66	0	1	484	1	484	1.52e-304	828
WP_049861048.1	iSDY_1059.SDY_3205	24.8	439	305	7	1	424	3	431	1.70e-17	84.3
WP_049861048.1	iSbBS512_1146.SbBS512_E3468	24.6	439	306	7	1	424	3	431	2.27e-17	84.0
WP_049861048.1	iML1515.b3035	24.6	439	306	7	1	424	1	429	3.00e-17	83.6
WP_049861048.1	iSSON_1240.SSON_3173	24.6	439	306	7	1	424	3	431	3.02e-17	83.6
WP_049861048.1	iSF_1195.SF3075	24.4	439	307	7	1	424	1	429	1.27e-16	81.6
WP_049861048.1	STM_v1_0.STM3186	23.9	436	310	5	1	424	3	428	7.05e-16	79.3
WP_049861053.1	iHN637.CLJU_RS03010	32.4	74	45	2	40	113	190	258	7.42e-04	38.1
WP_049861054.1	iAF987.Gmet_2161	35.6	208	124	5	28	228	387	591	1.70e-27	110
WP_049861061.1	iJN1463.PP_1645	74.1	116	30	0	1	116	1	116	3.54e-59	177
WP_049861063.1	STM_v1_0.STM4139	43.8	233	102	4	33	236	84	316	2.33e-57	184
WP_049861063.1	iML1515.b3974	43.8	233	102	4	33	236	84	316	1.31e-56	182
WP_049861063.1	iSbBS512_1146.SbBS512_E4462	43.8	233	102	4	33	236	84	316	1.31e-56	182
WP_049861063.1	iSSON_1240.SSON_4147	43.8	233	102	4	33	236	84	316	1.31e-56	182
WP_049861063.1	iSF_1195.SF4052	43.8	233	102	4	33	236	76	308	2.10e-56	182
WP_049861063.1	iSDY_1059.SDY_3754	43.8	233	102	4	33	236	84	316	3.68e-56	181
WP_049861063.1	iYL1228.KPN_04352	43.3	233	103	4	33	236	86	318	1.09e-55	180
WP_049861063.1	iPC815.YPO3758	42.1	233	106	4	33	236	84	316	3.61e-53	174
WP_049861073.1	iAF987.Gmet_1914	33.3	105	70	0	3	107	4	108	8.48e-12	63.5
WP_049861073.1	iAF987.Gmet_1919	25.2	151	111	1	3	151	5	155	1.94e-10	59.3
WP_049861073.1	iAF987.Gmet_0069	40.6	69	39	1	46	112	50	118	3.16e-10	58.5
WP_049861079.1	iJN1463.PP_1985	89.9	477	48	0	1	477	1	477	1.57e-314	853
WP_049861102.1	iJN1463.PP_4545	82.6	373	65	0	1	373	18	390	6.28e-215	593
WP_049861113.1	iAF987.Gmet_1914	30.1	103	71	1	1	103	1	102	8.10e-09	54.3
WP_049861113.1	iAF987.Gmet_0069	25.4	118	85	2	4	118	5	122	1.62e-08	53.1
WP_049861116.1	iJN1463.PP_1088	95.3	404	19	0	1	404	1	404	6.30e-289	782
WP_049861120.1	iYO844.BSU03300	38.5	52	31	1	3	53	417	468	2.81e-05	39.7
WP_049861120.1	iJN1463.PP_1705	38.5	52	32	0	3	54	428	479	1.35e-04	37.7
WP_049861120.1	iEK1008.Rv0252	31.9	47	32	0	3	49	441	487	2.54e-04	37.0
WP_049861121.1	iJN1463.PP_1082	84.7	157	24	0	1	157	1	157	3.14e-95	271
WP_049861122.1	iML1515.b1654	75.5	102	25	0	4	105	5	106	1.18e-51	158
WP_049861122.1	STM_v1_0.STM1433	75.5	102	25	0	4	105	5	106	1.18e-51	158
WP_049861122.1	iSbBS512_1146.SbBS512_E1850	75.5	102	25	0	4	105	5	106	1.18e-51	158
WP_049861122.1	iSDY_1059.SDY_1880	75.5	102	25	0	4	105	5	106	1.18e-51	158
WP_049861122.1	iSF_1195.SF1682	75.5	102	25	0	4	105	5	106	1.18e-51	158
WP_049861122.1	iYL1228.KPN_01992	74.5	102	26	0	4	105	5	106	2.37e-51	157
WP_049861122.1	iSSON_1240.SSON_1502	74.5	102	26	0	4	105	5	106	4.79e-51	156
WP_049861122.1	iPC815.YPO2383	71.4	105	30	0	1	105	1	105	2.85e-50	154
WP_049861132.1	iCHOv1.100754792	37.3	686	360	11	4	629	361	1036	2.30e-136	425
WP_049861144.1	iMM1415.18670	47.8	249	123	2	358	604	388	631	1.12e-65	233
WP_049861144.1	iPC815.YPO1395	30.0	587	376	15	33	603	14	581	1.37e-67	230
WP_049861144.1	iCHOv1.100682535	46.6	249	126	2	358	604	391	634	1.43e-63	227
WP_049861144.1	iAF987.Gmet_2349	40.5	279	160	2	323	601	297	569	2.12e-66	226
WP_049861144.1	iYL1228.KPN_00941	44.7	257	135	3	349	603	330	581	7.19e-66	225
WP_049861144.1	STM_v1_0.STM0984	43.9	271	143	4	337	603	316	581	3.73e-64	221
WP_049861144.1	iML1515.b0914	43.5	271	144	4	337	603	316	581	1.93e-63	219
WP_049861144.1	iSbBS512_1146.SbBS512_E2410	43.5	271	144	4	337	603	316	581	1.93e-63	219
WP_049861144.1	iSDY_1059.SDY_2344	43.5	271	144	4	337	603	316	581	1.93e-63	219
WP_049861144.1	iSF_1195.SF0910	43.5	271	144	4	337	603	316	581	1.93e-63	219
WP_049861144.1	iSSON_1240.SSON_0916	43.5	271	144	4	337	603	316	581	1.93e-63	219
WP_049861144.1	iPC815.YPO1913	42.6	272	144	4	332	600	316	578	3.77e-62	216
WP_049861167.1	iJN1463.PP_0787	86.5	282	38	0	1	282	1	282	1.54e-170	472
WP_049861171.1	iYO844.BSU35960	24.0	183	131	5	63	241	39	217	2.41e-07	51.2
WP_049861171.1	iPC815.YPO3318	24.2	157	112	5	64	214	40	195	1.47e-06	48.9
WP_049861171.1	STM_v1_0.STM3884	24.3	263	161	8	63	304	28	273	1.00e-05	46.2
WP_049861179.1	iJN1463.PP_0864	94.1	387	23	0	1	387	1	387	1.17e-268	729
WP_049861180.1	iYO844.BSU24120	31.1	244	161	5	5	244	10	250	1.29e-26	105
WP_049861180.1	iAF987.Gmet_1122	28.9	239	166	3	13	247	11	249	1.89e-26	105
WP_049861180.1	iML1515.b0331	30.2	255	170	5	11	257	8	262	4.39e-25	101
WP_049861180.1	STM_v1_0.STM0368	30.7	251	166	5	13	255	10	260	4.31e-25	101
WP_049861180.1	iCN718.ABAYE_RS18820	29.5	251	169	5	13	255	10	260	1.57e-24	99.8
WP_049861180.1	iJN1463.PP_2334	29.2	253	171	5	11	255	9	261	2.25e-24	99.4
WP_049861182.1	iSynCJ816.SGL_RS05125	33.0	88	40	2	8	93	24	94	2.53e-05	45.8
WP_049861182.1	iAF987.Gmet_2444	48.8	41	21	0	2	42	21	61	3.21e-04	42.4
WP_049861186.1	iJN1463.PP_0732	92.7	425	31	0	1	425	1	425	3.11e-274	746
WP_049861190.1	iJN1463.PP_0736	76.5	260	61	0	4	263	6	265	8.76e-145	405
WP_049861198.1	iJN1463.PP_0744	76.6	338	78	1	1	337	1	338	3.69e-193	534
WP_049861201.1	iJN1463.PP_0747	88.1	185	22	0	1	185	1	185	1.09e-122	343
WP_049861211.1	iAF987.Gmet_1238	31.3	195	118	5	76	265	63	246	4.78e-22	92.0
WP_049861227.1	iML1515.b2303	61.7	115	44	0	9	123	6	120	3.06e-46	145
WP_049861227.1	iSbBS512_1146.SbBS512_E2679	61.7	115	44	0	9	123	6	120	3.06e-46	145
WP_049861227.1	iSDY_1059.SDY_2500	61.7	115	44	0	9	123	6	120	3.06e-46	145
WP_049861227.1	iSF_1195.SF2379	61.7	115	44	0	9	123	6	120	3.06e-46	145
WP_049861227.1	iSSON_1240.SSON_2360	61.7	115	44	0	9	123	6	120	3.06e-46	145
WP_049861227.1	iYL1228.KPN_02693	57.4	115	49	0	9	123	6	120	9.67e-43	136
WP_049861228.1	iYL1228.KPN_01523	48.9	235	117	2	2	233	6	240	5.12e-68	209
WP_049861228.1	iSF_1195.SF1627	46.8	235	122	2	2	233	6	240	3.52e-63	196
WP_049861228.1	iSbBS512_1146.SbBS512_E1793	46.4	235	123	2	2	233	6	240	4.98e-63	196
WP_049861228.1	iML1515.b1606	46.4	235	123	2	2	233	6	240	7.05e-63	196
WP_049861228.1	iSDY_1059.SDY_1547	46.4	235	123	2	2	233	6	240	7.05e-63	196
WP_049861228.1	iSSON_1240.SSON_1554	46.0	235	124	2	2	233	6	240	4.01e-62	194
WP_049861254.1	iJN1463.PP_1031	93.3	489	33	0	1	489	1	489	7.90e-319	865
WP_049861278.1	iJN1463.PP_1469	81.2	245	41	1	1	240	14	258	1.22e-138	389
WP_049861292.1	iJN1463.PP_1494	82.8	331	57	0	1	331	2	332	7.28e-196	541
WP_049861295.1	iAF987.Gmet_2727	38.5	117	72	0	130	246	279	395	3.18e-20	88.6
WP_049861329.1	iAF987.Gmet_3524	49.3	144	73	0	1	144	16	159	1.54e-38	128
WP_049861329.1	iYO844.BSU00180	48.6	144	74	0	1	144	8	151	3.28e-38	127
WP_049861362.1	iHN637.CLJU_RS10465	35.0	334	209	4	21	348	302	633	3.67e-60	210
WP_049861374.1	iJN1463.PP_5074	94.1	353	21	0	1	353	1	353	5.61e-248	674
WP_049861377.1	iJN1463.PP_0316	87.7	366	45	0	1	366	3	368	1.53e-247	674
WP_049861388.1	iJN1463.PP_4213	22.7	331	162	6	60	325	148	449	8.01e-17	80.5
WP_049861408.1	iYO844.BSU03070	23.3	416	299	10	6	411	5	410	2.58e-29	120
WP_049861417.1	iJN1463.PP_4960	92.7	354	26	0	1	354	1	354	3.10e-245	667
WP_049861421.1	iJN1463.PP_4963	92.2	387	30	0	1	387	1	387	2.52e-247	675
WP_049861422.1	iJN1463.PP_4964	87.2	345	44	0	5	349	4	348	2.49e-220	604
WP_049861423.1	iJN1463.PP_4965	88.7	665	75	0	1	665	1	665	0.0	1212
WP_049861425.1	iJN1463.PP_4967	90.4	396	38	0	1	396	1	396	3.73e-263	716
WP_049861429.1	iJN1463.PP_4974	83.5	411	68	0	1	411	1	411	2.84e-235	647
WP_049861430.1	iJN1463.PP_1206	48.7	433	196	11	5	428	5	420	6.25e-120	355
WP_049861433.1	iPC815.YPO3862	77.3	353	80	0	2	354	3	355	9.48e-212	583
WP_049861433.1	iYL1228.KPN_02491	74.4	352	90	0	1	352	1	352	5.33e-204	563
WP_049861433.1	STM_v1_0.STM3922	75.2	351	87	0	2	352	3	353	5.53e-204	563
WP_049861433.1	iYL1228.KPN_02497	73.6	352	93	0	1	352	1	352	3.58e-202	558
WP_049861433.1	iSSON_1240.SSON_3960	74.9	351	88	0	2	352	3	353	1.06e-201	557
WP_049861433.1	iML1515.b3788	74.9	351	88	0	2	352	3	353	4.32e-201	556
WP_049861433.1	iSF_1195.SF3862	74.6	351	89	0	2	352	3	353	3.54e-200	553
WP_049861433.1	iYL1228.KPN_04288	74.3	350	90	0	3	352	6	355	4.42e-199	551
WP_049861434.1	iYL1228.KPN_02490	70.5	288	85	0	2	289	1	288	2.50e-150	422
WP_049861434.1	iYL1228.KPN_02496	70.5	288	85	0	2	289	1	288	2.50e-150	422
WP_049861434.1	iPC815.YPO3861	69.1	285	88	0	2	286	1	285	3.89e-148	416
WP_049861434.1	iML1515.b3789	69.1	285	88	0	2	286	1	285	9.11e-147	413
WP_049861434.1	iSbBS512_1146.SbBS512_E4132	69.1	285	88	0	2	286	1	285	9.11e-147	413
WP_049861434.1	iSF_1195.SF3863	69.1	285	88	0	2	286	1	285	9.11e-147	413
WP_049861434.1	iNF517.LLMG_RS01090	68.4	288	91	0	2	289	1	288	4.56e-146	411
WP_049861434.1	iSDY_1059.SDY_3959	68.8	285	89	0	2	286	1	285	1.06e-145	410
WP_049861434.1	iSSON_1240.SSON_3961	68.8	285	89	0	2	286	1	285	1.06e-145	410
WP_049861434.1	iYL1228.KPN_04289	68.5	286	90	0	1	286	1	286	1.27e-144	407
WP_049861434.1	iJN1463.PP_1783	67.6	287	93	0	3	289	4	290	2.03e-143	404
WP_049861434.1	iSbBS512_1146.SbBS512_E1194	66.9	281	93	0	3	283	5	285	3.06e-140	396
WP_049861434.1	iML1515.b2039	65.2	290	101	0	1	290	3	292	4.50e-140	396
WP_049861434.1	iSDY_1059.SDY_2206	66.9	281	93	0	3	283	5	285	4.34e-140	396
WP_049861434.1	iSF_1195.SF2102	66.2	281	95	0	3	283	5	285	5.04e-139	393
WP_049861434.1	STM_v1_0.STM2095	64.4	281	100	0	3	283	5	285	5.55e-136	385
WP_049861437.1	iAF987.Gmet_3476	33.1	130	85	2	11	138	10	139	4.54e-14	73.6
WP_049861437.1	iAF987.Gmet_1919	26.2	141	104	0	13	153	5	145	5.26e-13	69.7
WP_049861445.1	iJN1463.PP_0346	71.2	250	72	0	1	250	1	250	7.00e-128	362
WP_049861450.1	iJN1463.PP_0341	85.4	343	50	0	1	343	1	343	1.69e-219	602
WP_049861470.1	iCN718.ABAYE_RS06325	50.2	243	119	1	11	251	14	256	1.66e-78	237
WP_049861470.1	STM_v1_0.STM2355	45.6	259	138	2	1	257	1	258	8.29e-71	218
WP_049861470.1	iSSON_1240.SSON_2368	45.9	259	137	2	1	257	1	258	1.66e-70	217
WP_049861470.1	iML1515.b2310	45.9	259	137	2	1	257	1	258	2.35e-70	216
WP_049861470.1	iSbBS512_1146.SbBS512_E2688	45.9	259	137	2	1	257	1	258	2.35e-70	216
WP_049861470.1	iSDY_1059.SDY_2509	45.9	259	137	2	1	257	1	258	1.34e-69	214
WP_049861470.1	iYL1228.KPN_02700	45.5	244	130	2	16	257	3	245	1.79e-69	214
WP_049861472.1	iPC815.YPO2776	64.1	234	84	0	1	234	1	234	6.89e-110	315
WP_049861472.1	iCN718.ABAYE_RS06335	62.7	236	88	0	1	236	1	236	1.56e-108	311
WP_049861472.1	STM_v1_0.STM2352	62.0	229	87	0	1	229	1	229	9.22e-105	302
WP_049861472.1	iML1515.b2307	60.4	235	93	0	1	235	1	235	1.45e-104	301
WP_049861472.1	iSbBS512_1146.SbBS512_E2685	60.4	235	93	0	1	235	1	235	1.45e-104	301
WP_049861472.1	iSDY_1059.SDY_2506	60.4	235	93	0	1	235	1	235	1.45e-104	301
WP_049861472.1	iSF_1195.SF2383	60.4	235	93	0	1	235	1	235	1.45e-104	301
WP_049861472.1	iSSON_1240.SSON_2365	60.4	235	93	0	1	235	1	235	1.45e-104	301
WP_049861472.1	iYL1228.KPN_02697	60.4	235	93	0	1	235	1	235	1.68e-103	299
WP_049861474.1	iCN718.ABAYE_RS06340	70.4	253	74	1	3	254	6	258	2.08e-125	356
WP_049861474.1	iPC815.YPO2777	67.2	253	82	1	3	254	13	265	8.36e-122	347
WP_049861474.1	iSbBS512_1146.SbBS512_E2684	66.4	253	84	1	3	254	5	257	4.24e-120	342
WP_049861474.1	iSF_1195.SF2382	66.4	253	84	1	3	254	5	257	4.24e-120	342
WP_049861474.1	iSSON_1240.SSON_2364	66.4	253	84	1	3	254	5	257	4.24e-120	342
WP_049861474.1	iSDY_1059.SDY_2505	66.4	253	84	1	3	254	5	257	6.01e-120	342
WP_049861474.1	iML1515.b2306	66.0	253	85	1	3	254	5	257	1.72e-119	341
WP_049861474.1	STM_v1_0.STM2351	67.2	253	82	1	3	254	6	258	2.53e-119	340
WP_049861474.1	iYL1228.KPN_02696	66.8	253	83	1	3	254	5	257	1.41e-118	338
WP_049861474.1	iJN1463.PP_4483	65.9	255	85	2	1	254	1	254	1.14e-114	328
WP_049861480.1	iJN1463.PP_2796	33.7	98	65	0	1	98	1	98	1.57e-16	68.6
WP_049861481.1	iJN1463.PP_1741	84.4	282	42	1	3	284	8	287	4.03e-170	471
WP_049861483.1	iEK1008.Rv2936	36.7	221	139	1	4	223	7	227	1.91e-39	140
WP_049861483.1	iCHOv1.100761226	37.0	227	137	4	5	226	899	1124	1.01e-34	133
WP_049861483.1	iMM1415.11303	37.0	227	137	4	5	226	899	1124	1.37e-34	133
WP_049861483.1	iJN1463.PP_0220	31.7	278	179	5	10	276	38	315	2.43e-35	130
WP_049861483.1	iCN900.CD630_14890	28.7	289	180	8	5	276	2	281	7.03e-35	128
WP_049861483.1	STM_v1_0.STM0247	29.6	267	166	5	5	250	2	267	2.97e-34	127
WP_049861498.1	iJN1463.PP_2765	23.5	383	228	13	32	408	28	351	1.28e-18	86.7
WP_049861498.1	iJN1463.PP_3219	27.5	273	159	7	26	294	18	255	1.42e-17	83.6
WP_049861498.1	iSDY_1059.SDY_0987	26.2	290	183	6	6	290	20	283	2.91e-17	82.8
WP_049861498.1	iML1515.b1012	25.5	290	185	6	6	290	20	283	1.70e-16	80.5
WP_049861498.1	iSF_1195.SF1015	25.5	290	185	6	6	290	20	283	1.70e-16	80.5
WP_049861505.1	iJN1463.PP_1874	70.0	160	47	1	1	159	1	160	2.28e-85	247
WP_049861506.1	iML1515.b1778	53.8	119	55	0	9	127	8	126	1.06e-48	152
WP_049861506.1	iSSON_1240.SSON_1385	53.8	119	55	0	9	127	8	126	1.06e-48	152
WP_049861506.1	STM_v1_0.STM1291	54.6	119	54	0	9	127	18	136	2.05e-48	152
WP_049861506.1	iSF_1195.SF1445	53.8	119	55	0	9	127	8	126	1.51e-48	152
WP_049861506.1	iSDY_1059.SDY_1489	52.9	119	56	0	9	127	8	126	4.31e-48	150
WP_049861506.1	iYL1228.KPN_01198	52.1	121	58	0	7	127	6	126	8.67e-48	150
WP_049861506.1	iPC815.YPO2158	52.0	127	60	1	1	127	1	126	4.07e-46	145
WP_049861506.1	iYO844.BSU21680	56.3	112	48	1	19	130	16	126	5.34e-43	138
WP_049861515.1	iYL1228.KPN_03425	43.4	136	60	4	14	149	17	135	9.77e-21	82.0
WP_049861515.1	iPC815.YPO0683	42.2	135	59	6	14	147	17	133	8.95e-19	77.0
WP_049861515.1	iML1515.b3005	39.7	136	65	4	14	149	17	135	1.69e-18	76.3
WP_049861515.1	STM_v1_0.STM3158	41.2	136	63	6	14	149	17	135	1.69e-18	76.3
WP_049861515.1	iSbBS512_1146.SbBS512_E3433	39.7	136	65	4	14	149	17	135	1.69e-18	76.3
WP_049861515.1	iSF_1195.SF3050	39.7	136	65	4	14	149	17	135	1.69e-18	76.3
WP_049861515.1	iSSON_1240.SSON_3148	39.7	136	65	4	14	149	17	135	1.69e-18	76.3
WP_049861525.1	iJN1463.PP_1206	56.1	428	176	3	1	423	1	421	2.14e-162	463
WP_049861526.1	iJN1463.PP_1205	87.2	571	73	0	1	571	1	571	0.0	996
WP_049861541.1	iCN900.CD630_07240	20.7	241	161	6	6	227	5	234	2.49e-05	44.3
WP_049861543.1	iNF517.LLMG_RS07670	34.0	212	132	4	6	210	77	287	1.55e-35	126
WP_049861543.1	iSDY_1059.SDY_2837	34.2	219	126	4	8	210	86	302	1.07e-33	122
WP_049861543.1	iCN900.CD630_10600	32.5	212	133	4	5	210	82	289	3.46e-33	120
WP_049861543.1	iSF_1195.SF2653	33.8	219	127	4	8	210	86	302	1.59e-32	119
WP_049861543.1	iSSON_1240.SSON_2720	33.8	219	127	4	8	210	86	302	1.59e-32	119
WP_049861543.1	iSbBS512_1146.SbBS512_E2975	33.8	219	127	4	8	210	86	302	4.36e-32	118
WP_049861543.1	iCN900.CD630_25960	32.9	213	134	3	6	210	81	292	1.08e-31	116
WP_049861543.1	STM_v1_0.STM2662	34.2	219	126	5	8	210	86	302	1.67e-31	116
WP_049861545.1	iML1515.b0808	29.0	389	260	8	331	706	340	725	5.51e-35	141
WP_049861565.1	iJN1463.PP_0112	68.1	260	79	1	1	260	1	256	4.22e-119	340
WP_049861569.1	iJN1463.PP_0219	88.3	214	25	0	1	214	1	214	1.35e-128	360
WP_049861576.1	iJN1463.PP_5149	90.1	504	50	0	1	504	1	504	0.0	905
WP_049861579.1	iSbBS512_1146.SbBS512_E2764	37.9	552	332	8	180	724	4	551	2.67e-114	357
WP_049861579.1	STM_v1_0.STM2432	37.9	552	332	8	180	724	4	551	3.76e-114	357
WP_049861579.1	iSDY_1059.SDY_2613	37.9	552	332	8	180	724	4	551	3.76e-114	357
WP_049861579.1	iSF_1195.SF2471	37.9	552	332	8	180	724	4	551	3.76e-114	357
WP_049861579.1	iSSON_1240.SSON_2505	37.9	552	332	8	180	724	4	551	3.76e-114	357
WP_049861579.1	iML1515.b2416	37.9	552	332	8	180	724	4	551	5.28e-114	356
WP_049861579.1	iYL1228.KPN_02763	38.1	556	325	10	180	724	4	551	2.89e-113	354
WP_049861579.1	iYS854.USA300HOU_RS05400	35.6	540	337	8	180	714	7	540	5.81e-102	325
WP_049861579.1	iCN900.CD630_27550	34.3	566	365	7	178	739	3	565	2.12e-101	323
WP_049861587.1	iML1515.b3812	24.8	246	148	10	5	229	9	238	2.27e-05	43.9
WP_049861594.1	iJN1463.PP_0414	39.2	250	148	1	19	264	19	268	2.75e-51	168
WP_049861594.1	iJN1463.PP_3816	35.8	257	162	1	8	264	10	263	1.41e-46	156
WP_049861595.1	iJN1463.PP_3815	39.4	236	143	0	71	306	70	305	1.21e-56	184
WP_049861595.1	iJN1463.PP_0413	44.3	212	118	0	79	290	189	400	2.30e-53	179
WP_049861617.1	iJN1463.PP_0226	41.4	215	126	0	3	217	2	216	1.35e-47	155
WP_049861617.1	iML1515.b1918	40.6	217	129	0	5	221	3	219	1.91e-47	155
WP_049861617.1	iJN1463.PP_4426	42.9	210	120	0	10	219	9	218	3.40e-47	154
WP_049861617.1	iJN1463.PP_4427	39.7	209	124	1	12	218	3	211	4.35e-42	141
WP_049861638.1	iJN1463.PP_0281	80.8	229	44	0	1	229	1	229	4.07e-122	345
WP_049861639.1	iJN1463.PP_0282	74.3	245	61	2	4	246	5	249	3.42e-125	355
WP_049861641.1	iJN1463.PP_0284	82.3	453	80	0	1	453	1	453	1.06e-251	692
WP_049861646.1	iAF987.Gmet_2465	26.3	464	271	15	31	483	10	413	1.12e-30	124
WP_049861647.1	iJN1463.PP_0290	92.0	212	17	0	1	212	1	212	1.31e-150	416
WP_049861649.1	iJN1463.PP_0292	97.1	243	7	0	1	243	1	243	3.69e-171	471
WP_049861656.1	iYS854.USA300HOU_RS07595	22.5	129	98	1	253	381	228	354	3.18e-06	49.7
WP_049861659.1	iJN1463.PP_4976	94.6	463	25	0	7	469	2	464	0.0	891
WP_049861663.1	STM_v1_0.STM3002	51.6	281	117	2	2	263	6	286	5.58e-99	291
WP_049861678.1	iJN1463.PP_1625	50.0	28	14	0	3	30	34	61	5.62e-04	35.4
WP_049861679.1	iJN1463.PP_5123	92.5	160	12	0	1	160	1	160	9.70e-105	296
WP_049861684.1	iAF987.Gmet_2530	29.5	485	268	10	20	443	19	490	3.06e-53	185
WP_049861692.1	iJN1463.PP_5097	86.5	379	51	0	1	379	1	379	7.69e-254	691
WP_049861696.1	iML1515.b1655	46.3	121	63	2	82	200	145	265	1.32e-33	120
WP_049861699.1	iJN1463.PP_4998	93.1	334	23	0	1	334	1	334	1.94e-222	608
WP_049861700.1	iJN1463.PP_4997	85.5	172	25	0	1	172	1	172	5.67e-105	297
WP_049861705.1	iJN1463.PP_4993	87.1	317	41	0	1	317	1	317	3.37e-203	558
WP_049861706.1	iAF987.Gmet_0069	33.3	120	74	2	9	124	5	122	2.80e-19	80.9
WP_049861706.1	iAF987.Gmet_2999	31.0	116	80	0	9	124	10	125	1.82e-16	73.6
WP_049861720.1	iAF987.Gmet_1914	31.8	107	73	0	5	111	2	108	5.47e-15	76.6
WP_049861720.1	iAF987.Gmet_1919	36.0	114	73	0	6	119	4	117	9.60e-15	75.1
WP_049861723.1	iJN1463.PP_5046	92.9	467	33	0	1	467	1	467	0.0	885
WP_049861724.1	iJN1463.PP_5045	83.1	484	82	0	1	484	1	484	5.37e-298	811
WP_049861725.1	iSynCJ816.SGL_RS10930	24.7	584	304	17	2	488	7	551	1.19e-32	133
WP_049861725.1	iSynCJ816.SGL_RS17200	24.9	486	253	11	6	391	9	482	6.91e-32	130
WP_049861725.1	iEK1008.Rv0684	23.8	492	261	11	2	391	10	489	1.71e-29	123
WP_049861729.1	iJN1463.PP_5040	90.7	334	31	0	1	334	1	334	8.63e-227	619
WP_049861732.1	iSSON_1240.SSON_2823	47.8	270	140	1	13	282	67	335	1.06e-72	226
WP_049861732.1	iML1515.b2678	47.8	270	140	1	13	282	67	335	1.49e-72	226
WP_049861732.1	iSbBS512_1146.SbBS512_E3201	47.8	270	140	1	13	282	67	335	1.49e-72	226
WP_049861732.1	iAF692.Mbar_A2377	49.4	265	131	2	10	272	6	269	3.85e-73	225
WP_049861732.1	iSF_1195.SF2706	47.4	270	141	1	13	282	67	335	5.96e-72	224
WP_049861732.1	iPC815.YPO2646	45.9	270	145	1	13	282	99	367	2.44e-70	221
WP_049861732.1	iNF517.LLMG_RS05330	45.1	264	144	1	10	272	11	274	1.19e-66	217
WP_049861732.1	STM_v1_0.STM2810	45.9	270	145	1	13	282	67	335	3.36e-68	215
WP_049861732.1	iYO844.BSU02990	44.9	263	144	1	10	272	9	270	1.16e-68	214
WP_049861732.1	iYL1228.KPN_03009	45.6	270	146	1	13	282	68	336	2.17e-66	210
WP_049861738.1	STM_v1_0.STM1954	31.4	255	162	4	9	255	11	260	5.86e-37	131
WP_049861738.1	iML1515.b1920	30.6	255	164	4	9	255	11	260	3.21e-36	129
WP_049861738.1	iJN1463.PP_0227	29.1	258	172	5	1	255	9	258	2.87e-32	119
WP_049861738.1	iYL1228.KPN_00840	31.2	247	157	5	10	255	9	243	3.90e-32	118
WP_049861744.1	iJN1463.PP_5105	78.8	66	14	0	1	66	27	92	1.61e-32	107
WP_049861745.1	iAF987.Gmet_2999	33.6	116	77	0	4	119	10	125	4.61e-15	69.3
WP_049861745.1	iAF987.Gmet_0069	31.5	111	74	1	4	112	5	115	9.13e-14	65.5
WP_049861747.1	iPC815.YPO2645	26.2	294	176	12	49	314	45	325	4.20e-14	71.6
WP_049861747.1	iML1515.b2679	26.6	271	157	12	76	317	72	329	1.49e-12	67.0
WP_049861747.1	iSbBS512_1146.SbBS512_E3200	26.6	271	157	12	76	317	72	329	1.49e-12	67.0
WP_049861747.1	iSF_1195.SF2707	26.6	271	157	12	76	317	72	329	1.49e-12	67.0
WP_049861747.1	iYL1228.KPN_03010	24.8	327	205	11	20	317	12	326	1.98e-12	66.6
WP_049861747.1	iSSON_1240.SSON_2824	26.6	271	157	12	76	317	72	329	2.71e-12	66.2
WP_049861754.1	iJN1463.PP_5015	85.6	111	16	0	1	111	1	111	1.68e-61	182
WP_049861756.1	iJN1463.PP_5013	83.9	540	82	3	1	535	1	540	0.0	893
WP_049861763.1	iJN1463.PP_5085	92.4	422	32	0	1	422	1	422	3.08e-284	771
WP_049861772.1	iJN1463.PP_5076	89.1	1482	160	1	1	1482	1	1481	0.0	2619
WP_049861773.1	iJN1463.PP_5075	95.3	472	22	0	1	472	1	472	0.0	924
WP_049861774.1	iJN1463.PP_0321	87.8	344	42	0	1	344	1	344	1.01e-230	630
WP_049861775.1	iJN1463.PP_0322	90.9	417	38	0	1	417	1	417	5.73e-282	765
WP_049861776.1	iJN1463.PP_0323	94.5	416	23	0	1	416	1	416	1.35e-300	812
WP_049861794.1	iML1515.b0126	57.0	207	88	1	1	207	1	206	1.43e-89	262
WP_049861794.1	iSbBS512_1146.SbBS512_E0119	57.0	207	88	1	1	207	1	206	1.43e-89	262
WP_049861794.1	iSDY_1059.SDY_0035	57.0	207	88	1	1	207	1	206	1.43e-89	262
WP_049861794.1	iSF_1195.SF0123	57.0	207	88	1	1	207	1	206	1.43e-89	262
WP_049861794.1	iSSON_1240.SSON_0134	57.0	207	88	1	1	207	1	206	1.43e-89	262
WP_049861794.1	STM_v1_0.STM0171	55.3	206	91	1	1	206	1	205	2.10e-84	249
WP_049861794.1	iYL1228.KPN_00134	58.4	190	78	1	18	207	2	190	2.02e-83	246
WP_049861794.1	iPC815.YPO3407	52.7	207	97	1	1	207	1	206	9.84e-83	244
WP_049861797.1	iJN1463.PP_4653	89.0	429	47	0	1	429	1	429	3.42e-258	706
WP_049861800.1	iJN1463.PP_0869	92.6	215	16	0	1	215	1	215	3.42e-128	360
WP_049861802.1	iJN1463.PP_0871	82.7	237	41	0	1	237	11	247	5.63e-130	366
WP_049861804.1	iEK1008.Rv0684	28.8	483	298	8	7	457	9	477	2.19e-52	189
WP_049861813.1	iJN1463.PP_1293	61.7	81	30	1	1	80	2	82	2.94e-30	101
WP_049861817.1	iJN1463.PP_1297	89.8	342	35	0	1	342	1	342	9.25e-225	614
WP_049861829.1	iJN1463.PP_0980	78.2	496	107	1	1	495	1	496	4.74e-282	772
WP_049861831.1	iJN1463.PP_0983	81.0	353	67	0	1	353	1	353	7.42e-209	575
WP_049861846.1	iAF987.Gmet_1706	45.7	116	58	3	8	122	3	114	2.58e-18	82.0
WP_049861846.1	iAF987.Gmet_0069	29.0	241	125	9	6	224	3	219	1.99e-16	76.6
WP_049861849.1	iJN1463.PP_1016	91.7	301	25	0	1	301	1	301	6.15e-203	556
WP_049861852.1	iJN1463.PP_1019	78.0	419	92	0	32	450	29	447	3.06e-256	703
WP_049861852.1	iJN1463.PP_1445	71.8	418	118	0	33	450	27	444	2.75e-235	650
WP_049861854.1	iJN1463.PP_1023	65.3	236	82	0	1	236	6	241	1.22e-104	302
WP_049861862.1	iAF987.Gmet_0069	27.4	113	78	3	172	283	5	114	1.18e-04	42.7
WP_049861863.1	iJN1463.PP_0809	79.2	168	35	0	1	168	1	168	8.88e-91	261
WP_049861864.1	iJN1463.PP_0812	76.7	313	71	1	1	311	1	313	2.00e-174	484
WP_049861866.1	iYL1228.KPN_00392	71.8	209	53	2	1	209	1	203	5.58e-108	308
WP_049861866.1	iML1515.b0430	70.3	209	57	1	1	209	1	204	1.36e-106	304
WP_049861866.1	iSSON_1240.SSON_0413	70.3	209	57	1	1	209	1	204	1.36e-106	304
WP_049861866.1	STM_v1_0.STM0441	68.9	209	60	1	1	209	1	204	3.88e-106	303
WP_049861866.1	iSbBS512_1146.SbBS512_E0352	70.3	209	57	1	1	209	1	204	3.88e-106	303
WP_049861866.1	iJN1463.PP_0814	75.8	186	45	0	24	209	22	207	2.37e-103	296
WP_049861866.1	iPC815.YPO3166	65.2	210	66	3	1	209	1	204	1.51e-96	279
WP_049861867.1	iJN1463.PP_0815	65.5	110	38	0	1	110	1	110	7.11e-42	133
WP_049861868.1	iJN1463.PP_0816	80.0	295	59	0	1	295	1	295	2.53e-164	457
WP_049861871.1	iCN718.ABAYE_RS15395	36.5	252	148	3	15	260	17	262	2.92e-43	147
WP_049861884.1	iML1515.b1920	24.1	232	164	4	31	260	38	259	6.36e-18	80.9
WP_049861884.1	STM_v1_0.STM1954	24.6	232	163	4	31	260	38	259	2.92e-16	76.3
WP_049861891.1	iJN1463.PP_0838	89.0	272	29	1	1	271	1	272	1.77e-173	479
WP_049861895.1	iJN1463.PP_0842	89.1	404	44	0	1	404	1	404	2.43e-265	722
WP_049861896.1	iJN1463.PP_0844	92.5	107	8	0	1	107	1	107	8.87e-71	206
WP_049861905.1	iJN1463.PP_0854	87.1	428	55	0	1	428	1	428	2.68e-277	754
WP_049861908.1	iHN637.CLJU_RS06865	30.6	160	103	5	4	159	7	162	2.78e-10	62.4
WP_049861908.1	iHN637.CLJU_RS10635	31.2	157	97	7	4	156	3	152	1.36e-09	60.1
WP_049861913.1	iJN1463.PP_0878	92.2	322	25	0	1	322	1	322	4.16e-211	578
WP_049861914.1	iJN1463.PP_0880	94.9	294	15	0	10	303	15	308	2.44e-197	542
WP_049861915.1	iJN1463.PP_0881	92.6	336	25	0	1	336	1	336	8.82e-220	601
WP_049861922.1	iAF987.Gmet_1919	41.6	113	66	0	12	124	2	114	2.96e-18	80.5
WP_049861939.1	iYL1228.KPN_02229	28.9	353	246	3	7	357	13	362	2.14e-46	161
WP_049861939.1	iSF_1195.SF1219	29.2	329	223	4	35	357	38	362	4.19e-46	160
WP_049861939.1	STM_v1_0.STM1771	28.8	330	233	2	30	357	33	362	5.87e-46	160
WP_049861939.1	iSDY_1059.SDY_1266	28.6	325	230	2	35	357	38	362	1.61e-45	159
WP_049861939.1	iML1515.b1216	28.6	325	230	2	35	357	38	362	2.25e-45	159
WP_049861939.1	iPC815.YPO1958	30.5	318	213	4	44	357	49	362	2.25e-45	159
WP_049861939.1	iSbBS512_1146.SbBS512_E1383	28.6	325	230	2	35	357	38	362	3.15e-45	158
WP_049861939.1	iSSON_1240.SSON_1961	28.6	325	230	2	35	357	38	362	3.15e-45	158
WP_049861945.1	iJN1463.PP_0591	92.4	315	24	0	1	315	1	315	1.62e-221	604
WP_049861957.1	iCHOv1.100769832	33.7	95	60	2	8	99	33	127	7.39e-13	60.5
WP_049861972.1	iJN1463.PP_0559	75.8	153	35	2	1	151	1	153	8.57e-58	176
WP_049861973.1	iJN1463.PP_0558	92.6	447	33	0	2	448	5	451	3.64e-306	829
WP_049861978.1	iJN1463.PP_4822	89.3	535	57	0	1	535	1	535	0.0	942
WP_049861983.1	iJN1463.PP_4828	84.1	208	33	0	1	208	1	208	4.86e-119	336
WP_049861991.1	iJN1463.PP_4841	90.3	421	41	0	1	421	1	421	4.94e-285	773
WP_049861994.1	iJN1463.PP_4845	87.1	232	30	0	1	232	1	232	3.89e-146	406
WP_049861995.1	iJN1463.PP_2842	40.9	269	149	6	14	279	16	277	4.12e-55	179
WP_049861996.1	iSynCJ816.SGL_RS08455	80.8	99	19	0	1	99	1	99	1.36e-55	167
WP_049861996.1	iCN718.ABAYE_RS13880	81.8	99	18	0	1	99	1	99	1.93e-55	166
WP_049861996.1	iYL1228.KPN_03465	77.8	99	22	0	1	99	1	99	3.08e-52	158
WP_049861996.1	iJN1463.PP_2843	77.8	99	22	0	1	99	1	99	3.60e-51	155
WP_049861999.1	iCN718.ABAYE_RS13870	77.7	566	126	0	1	566	1	566	0.0	900
WP_049861999.1	iYL1228.KPN_03467	76.6	564	132	0	3	566	4	567	0.0	892
WP_049861999.1	iJN1463.PP_2845	75.4	564	139	0	3	566	4	567	0.0	884
WP_049861999.1	iSynCJ816.SGL_RS04480	74.9	566	141	1	2	566	4	569	1.22e-313	858
WP_049862008.1	iJN1463.PP_2846	45.8	142	73	3	1	139	1	141	1.58e-29	105
WP_049862010.1	iSynCJ816.SGL_RS03920	71.9	196	55	0	1	196	1	196	3.61e-101	290
WP_049862010.1	iJN1463.PP_2849	70.2	198	59	0	4	201	6	203	2.91e-98	283
WP_049862010.1	iIT341.HP0068	64.5	197	70	0	6	202	2	198	9.95e-95	274
WP_049862013.1	iJN1463.PP_4862	81.7	251	46	0	1	251	1	251	8.19e-150	417
WP_049862014.1	iJN1463.PP_4863	89.9	238	24	0	1	238	1	238	6.99e-152	421
WP_049862016.1	iJN1463.PP_4865	88.2	423	50	0	2	424	10	432	2.70e-259	709
WP_049862017.1	iJN1463.PP_4867	86.2	378	51	1	1	377	1	378	6.49e-236	645
WP_049862033.1	iJN1463.PP_4890	86.5	394	53	0	1	394	1	394	1.70e-249	681
WP_049862036.1	iJN1463.PP_4893	84.5	433	67	0	1	433	1	433	1.21e-252	692
WP_049862042.1	iJN1463.PP_4900	81.8	351	64	0	1	351	1	351	4.44e-218	598
WP_049862050.1	iJN1463.PP_4903	84.8	343	52	0	1	343	1	343	8.89e-212	582
WP_049862069.1	iJN1463.PP_4919	81.4	204	38	0	1	204	5	208	4.19e-124	348
WP_049862073.1	iSDY_1059.SDY_3205	34.7	453	283	7	22	469	12	456	5.48e-68	225
WP_049862073.1	iML1515.b3035	35.0	454	280	7	22	469	10	454	2.82e-67	223
WP_049862073.1	iSSON_1240.SSON_3173	35.0	454	280	7	22	469	12	456	2.96e-67	223
WP_049862073.1	iSbBS512_1146.SbBS512_E3468	34.8	454	281	7	22	469	12	456	4.14e-67	223
WP_049862073.1	iSF_1195.SF3075	34.8	454	281	7	22	469	10	454	1.52e-66	221
WP_049862073.1	STM_v1_0.STM3186	35.1	439	271	5	22	456	12	440	4.39e-64	215
WP_049862082.1	iJN1463.PP_0366	78.7	225	48	0	1	225	1	225	1.86e-118	336
WP_049862093.1	iAF987.Gmet_0503	38.2	55	34	0	185	239	76	130	4.00e-04	43.1
WP_049862098.1	iJN1463.PP_4866	90.5	304	29	0	1	304	1	304	6.71e-192	528
WP_049862143.1	iJN1463.PP_1070	90.3	248	24	0	1	248	1	248	5.11e-159	440
WP_049862144.1	iJN1463.PP_1069	90.5	221	21	0	2	222	3	223	1.25e-135	379
WP_049862157.1	iJN1463.PP_4479	83.0	336	56	1	1	335	1	336	3.73e-208	572
WP_049862159.1	iJN1463.PP_4481	81.7	405	74	0	1	405	1	405	2.06e-251	687
WP_049862162.1	iJN1463.PP_4484	88.4	232	27	0	1	232	1	232	8.38e-141	393
WP_049862177.1	iJN1463.PP_1996	93.7	287	18	0	1	287	1	287	2.05e-194	534
WP_049862178.1	iJN1463.PP_1995	81.9	204	37	0	1	204	1	204	3.19e-119	336
WP_049862196.1	iJN1463.PP_1140	89.3	307	33	0	1	307	1	307	1.22e-184	510
WP_049862199.1	iJN1463.PP_1137	89.7	233	24	0	1	233	1	233	4.20e-146	406
WP_049862239.1	iML1515.b1094	88.5	78	9	0	1	78	1	78	1.25e-41	130
WP_049862239.1	iYL1228.KPN_01092	88.5	78	9	0	1	78	1	78	1.25e-41	130
WP_049862239.1	STM_v1_0.STM1196	88.5	78	9	0	1	78	1	78	1.25e-41	130
WP_049862239.1	iSbBS512_1146.SbBS512_E2230	88.5	78	9	0	1	78	1	78	1.25e-41	130
WP_049862239.1	iSDY_1059.SDY_2056	88.5	78	9	0	1	78	1	78	1.25e-41	130
WP_049862239.1	iSF_1195.SF1098	88.5	78	9	0	1	78	1	78	1.25e-41	130
WP_049862239.1	iSSON_1240.SSON_1114	88.5	78	9	0	1	78	1	78	1.25e-41	130
WP_049862239.1	iJN1463.PP_1915	92.3	78	6	0	1	78	1	78	2.53e-41	129
WP_049862239.1	iPC815.YPO1600	85.7	77	11	0	1	77	1	77	3.46e-39	124
WP_049862240.1	iJN1463.PP_1914	78.0	246	54	0	1	246	1	246	1.57e-122	348
WP_049862258.1	iEK1008.Rv0386	44.3	61	34	0	144	204	1018	1078	4.05e-07	49.7
WP_049862258.1	iAF987.Gmet_0069	29.1	117	79	2	6	120	5	119	2.21e-06	47.0
WP_049862269.1	iJN1463.PP_1618	89.8	157	16	0	1	157	1	157	2.40e-101	287
WP_049862273.1	iJN1463.PP_1612	93.7	429	27	0	1	429	1	429	1.17e-287	781
WP_049862274.1	iJN1463.PP_1611	90.7	281	26	0	1	281	1	281	2.58e-189	520
WP_049862275.1	iJN1463.PP_1610	94.5	541	30	0	1	541	1	541	0.0	1033
WP_049862285.1	iJN1463.PP_1596	80.4	271	53	0	1	271	1	271	1.55e-153	428
WP_049862287.1	iJN1463.PP_1593	97.2	246	7	0	1	246	1	246	2.05e-169	466
WP_049862300.1	iJN1463.PP_5137	72.1	348	97	0	11	358	5	352	3.78e-182	508
WP_049862372.1	iNF517.LLMG_RS07670	33.9	313	179	13	13	315	3	297	1.40e-36	132
WP_049862385.1	iSynCJ816.SGL_RS03055	44.1	145	75	1	1	139	1	145	2.47e-38	128
WP_049862388.1	iML1515.b1103	49.5	107	53	1	2	107	4	110	9.95e-35	115
WP_049862397.1	iJN1463.PP_0420	87.3	197	25	0	1	197	1	197	9.55e-128	357
WP_049862398.1	iJN1463.PP_0417	87.1	490	63	0	1	490	1	490	5.47e-316	858
WP_049862406.1	iSSON_1240.SSON_0062	29.6	766	470	19	165	912	67	781	5.44e-99	327
WP_049862406.1	iML1515.b0054	29.5	766	471	19	165	912	67	781	2.82e-98	325
WP_049862406.1	iSbBS512_1146.SbBS512_E0048	29.5	766	471	19	165	912	67	781	2.82e-98	325
WP_049862406.1	iSDY_1059.SDY_0079	29.5	766	471	19	165	912	67	781	1.46e-96	320
WP_049862406.1	iSF_1195.SF0051	29.4	766	472	19	165	912	67	781	1.46e-96	320
WP_049862412.1	iJN1463.PP_0398	75.5	106	25	1	1	105	1	106	1.37e-54	165
WP_049862419.1	iJN1463.PP_0391	82.5	189	33	0	1	189	1	189	6.32e-108	306
WP_049862432.1	iJN1463.PP_0382	61.2	260	101	0	1	260	1	260	1.62e-106	308
WP_049862437.1	iCHOv1.100773599	29.5	149	92	5	3	139	7	154	6.77e-13	62.0
WP_049862437.1	iMM1415.11431	30.2	149	91	4	3	139	7	154	3.63e-12	60.1
WP_049862450.1	iJN1463.PP_0378	93.6	251	15	1	1	250	1	251	1.40e-180	495
WP_049862455.1	iML1515.b0543	45.5	110	60	0	1	110	1	110	4.25e-24	88.2
WP_049862460.1	iJN1463.PP_4935	87.0	602	78	0	1	602	1	602	0.0	1021
WP_049862474.1	iJN1463.PP_4571	87.3	323	41	0	1	323	1	323	3.13e-207	568
WP_049862481.1	iJN1463.PP_3747	76.7	404	94	0	1	404	1	404	1.89e-232	639
WP_049862481.1	iML1515.b4467	69.8	404	122	0	1	404	1	404	8.57e-214	592
WP_049862483.1	iJN1463.PP_3745	85.6	499	72	0	1	499	1	499	1.35e-317	862
WP_049862483.1	iML1515.b2979	82.0	499	90	0	1	499	1	499	1.30e-308	840
WP_049862500.1	iAF987.Gmet_0710	34.2	298	170	11	7	287	1	289	1.79e-42	147
WP_049862506.1	iAF987.Gmet_0328	34.3	108	53	5	3	108	11	102	7.03e-06	43.1
WP_049862506.1	iAF987.Gmet_0541	31.0	87	56	2	14	100	161	243	9.61e-06	42.7
WP_056842207.1	iAF987.Gmet_1914	31.5	108	74	0	2	109	3	110	5.71e-12	63.9
WP_056842207.1	iAF987.Gmet_2999	29.2	113	78	1	3	113	10	122	7.40e-11	60.5
WP_056842207.1	iAF987.Gmet_1919	28.0	150	107	1	3	151	5	154	4.41e-10	58.2
WP_056842207.1	iAF987.Gmet_1706	28.5	179	118	4	1	172	1	176	5.55e-10	57.8
WP_056842209.1	iJN1463.PP_3741	80.1	623	123	1	1	622	1	623	0.0	1023
WP_056842209.1	iJN1463.PP_4807	72.2	619	172	0	1	619	1	619	0.0	928
WP_056842210.1	iEK1008.Rv1928c	39.5	253	146	4	6	255	6	254	8.00e-49	161
WP_056842210.1	iCN900.CD630_11820	35.6	250	157	3	6	254	1	247	1.04e-44	150
WP_056842210.1	iAF987.Gmet_1601	36.9	244	151	2	9	252	3	243	1.91e-44	149
WP_056842211.1	iJN1463.PP_4202	90.8	249	23	0	1	249	1	249	3.79e-150	418
WP_056842214.1	iAF987.Gmet_2727	42.3	111	64	0	142	252	283	393	3.50e-23	97.1
WP_056842215.1	iCN900.CD630_36640	29.6	389	265	7	93	477	13	396	5.43e-51	177
WP_056842218.1	iJN1463.PP_4191	90.7	590	55	0	1	590	1	590	0.0	1076
WP_056842219.1	iJN1463.PP_4188	83.3	414	59	2	1	411	1	407	2.98e-213	591
WP_056842220.1	iJN1463.PP_4184	82.1	430	77	0	1	430	1	430	8.61e-234	645
WP_056842223.1	iYL1228.KPN_03878	55.4	408	181	1	5	412	2	408	1.06e-157	452
WP_056842223.1	iPC815.YPO3992	56.1	408	178	1	12	419	9	415	2.53e-156	448
WP_056842223.1	iSDY_1059.SDY_4548	55.4	406	180	1	5	410	2	406	9.86e-156	447
WP_056842223.1	iML1515.b3528	55.4	406	180	1	5	410	2	406	1.98e-155	446
WP_056842223.1	iSbBS512_1146.SbBS512_E3934	55.4	406	180	1	5	410	2	406	1.98e-155	446
WP_056842223.1	iSSON_1240.SSON_3863	55.4	406	180	1	5	410	2	406	1.98e-155	446
WP_056842223.1	iSF_1195.SF3560	55.4	406	180	1	5	410	2	406	2.81e-155	446
WP_056842223.1	iJN1463.PP_1188	54.5	415	188	1	4	418	3	416	6.88e-154	442
WP_056842223.1	STM_v1_0.STM3614	54.7	406	183	1	5	410	2	406	4.58e-154	442
WP_056842223.1	iCN718.ABAYE_RS06450	52.8	422	184	2	3	410	1	421	2.91e-148	429
WP_056842224.1	STM_v1_0.STM3697	29.5	363	230	11	13	373	40	378	2.70e-30	119
WP_056842227.1	iEK1008.Rv0375c	24.7	312	173	7	23	324	13	272	1.58e-12	66.6
WP_056842228.1	iML1515.b2866	27.7	758	500	14	12	736	2	744	7.83e-62	221
WP_056842228.1	iSF_1195.SF2868	27.7	765	501	15	7	736	10	757	3.30e-61	219
WP_056842228.1	iSSON_1240.SSON_3017	27.7	758	500	14	12	736	2	744	2.76e-61	219
WP_056842228.1	iCN900.CD630_20870	27.2	766	493	17	3	732	2	738	8.97e-59	212
WP_056842228.1	iCN900.CD630_20730	27.8	781	485	22	11	738	7	761	1.92e-56	206
WP_056842231.1	iSF_1195.SF0826	61.8	571	215	2	3	572	4	572	1.15e-259	722
WP_056842231.1	iSDY_1059.SDY_2392	61.6	571	216	2	3	572	4	572	6.60e-259	720
WP_056842231.1	iPC815.YPO1358	61.8	571	216	2	3	572	4	573	1.95e-258	719
WP_056842231.1	iSbBS512_1146.SbBS512_E2460	61.5	571	217	2	3	572	4	572	2.67e-258	718
WP_056842231.1	iSSON_1240.SSON_0857	61.5	571	217	2	3	572	4	572	2.67e-258	718
WP_056842231.1	iML1515.b0871	61.5	571	217	2	3	572	4	572	5.38e-258	717
WP_056842231.1	iYL1228.KPN_00904	61.8	571	215	2	3	572	7	575	1.71e-257	716
WP_056842231.1	STM_v1_0.STM0935	61.5	571	217	2	3	572	4	572	1.25e-256	714
WP_056842232.1	iCN718.ABAYE_RS01180	47.7	384	199	2	4	385	1	384	9.52e-120	352
WP_056842232.1	iYL1228.KPN_01663	47.8	383	199	1	4	385	1	383	3.60e-114	337
WP_056842236.1	iJN1463.PP_3581	47.8	159	82	1	350	508	262	419	3.40e-36	142
WP_056842236.1	iAF987.Gmet_3085	42.9	163	92	1	345	506	454	616	2.47e-35	140
WP_056842236.1	iAF987.Gmet_0987	45.6	160	87	0	350	509	360	519	1.38e-32	132
WP_056842236.1	iAF987.Gmet_0782	47.2	159	84	0	350	508	301	459	3.98e-32	130
WP_056842237.1	iYL1228.KPN_00073	45.1	246	134	1	43	288	9	253	2.03e-60	192
WP_056842237.1	STM_v1_0.STM1358	44.2	249	138	1	43	291	4	251	7.39e-60	191
WP_056842237.1	iYO844.BSU23080	41.3	247	144	1	42	288	3	248	2.29e-56	182
WP_056842237.1	iHN637.CLJU_RS14190	42.7	246	139	2	42	286	4	248	1.82e-55	179
WP_056842238.1	iSF_1195.SF3391	25.5	165	103	5	90	245	95	248	6.94e-06	46.2
WP_056842238.1	iML1515.b4474	24.8	165	104	5	90	245	95	248	3.99e-05	43.9
WP_056842238.1	iSbBS512_1146.SbBS512_E3750	24.8	165	104	5	90	245	95	248	7.15e-05	43.1
WP_056842239.1	iJN1463.PP_3970	81.8	390	71	0	1	390	1	390	3.69e-237	651
WP_056842240.1	iJN1463.PP_1494	44.6	177	96	2	338	513	156	331	3.49e-36	137
WP_056842241.1	iSynCJ816.SGL_RS08445	31.0	297	178	6	12	293	22	306	5.14e-28	110
WP_056842242.1	iYS854.USA300HOU_RS13900	32.6	509	307	13	9	495	5	499	1.56e-74	243
WP_056842245.1	iSynCJ816.SGL_RS11230	49.7	342	171	1	4	345	2	342	2.31e-99	297
WP_056842246.1	iML1515.b3003	47.3	283	147	2	4	284	11	293	1.97e-86	259
WP_056842247.1	iYO844.BSU08830	44.4	241	119	4	6	232	3	242	1.66e-60	190
WP_056842247.1	iJN1463.PP_3637	47.0	234	109	2	16	234	20	253	1.45e-57	183
WP_056842247.1	iJN1463.PP_0240	42.8	229	121	3	12	233	23	248	2.14e-53	172
WP_056842248.1	iYO844.BSU08850	39.2	268	160	2	7	271	9	276	1.93e-61	195
WP_056842248.1	iYL1228.KPN_00970	40.9	242	142	1	29	269	15	256	1.50e-57	184
WP_056842248.1	iPC815.YPO3626	39.8	249	146	2	29	273	16	264	2.25e-57	184
WP_056842248.1	iCN718.ABAYE_RS19055	40.8	238	140	1	29	265	22	259	5.04e-56	181
WP_056842248.1	iJN1463.PP_0239	39.3	242	146	1	29	269	16	257	5.65e-55	178
WP_056842250.1	iJN1463.PP_3940	73.1	424	113	1	9	431	14	437	1.12e-225	624
WP_056842251.1	iAF692.Mbar_A3188	35.2	438	270	5	166	594	60	492	1.91e-68	230
WP_056842252.1	iAF987.Gmet_1914	35.2	88	54	2	17	104	4	88	1.88e-10	57.0
WP_056842257.1	iCN900.CD630_36640	31.1	396	264	4	6	399	4	392	4.92e-60	199
WP_056842258.1	iJN1463.PP_4293	73.7	259	67	1	4	262	3	260	2.02e-144	404
WP_056842258.1	iJN1463.PP_4291	68.7	262	81	1	1	262	1	261	2.33e-134	379
WP_056842259.1	iJN1463.PP_4288	69.1	165	51	0	1	165	1	165	5.63e-82	239
WP_056842260.1	iCN718.ABAYE_RS01175	50.5	319	155	2	13	331	20	335	5.71e-118	343
WP_056842261.1	iJN1463.PP_4287	63.7	171	62	0	1	171	1	171	7.50e-68	203
WP_056842262.1	iJN1463.PP_4286	83.2	303	49	1	1	301	1	303	6.32e-201	551
WP_056842263.1	iJN1463.PP_4285	76.1	117	28	0	1	117	1	117	5.70e-65	192
WP_056842265.1	iEK1008.Rv3701c	41.7	295	164	4	417	706	20	311	4.30e-61	207
WP_056842268.1	iJN1463.PP_3427	78.8	468	99	0	1	468	1	468	9.83e-250	688
WP_056842269.1	iJN1463.PP_3425	81.9	414	69	2	1	409	1	413	9.81e-227	625
WP_056842272.1	iJN1463.PP_3435	53.1	508	238	0	1	508	1	508	1.20e-188	537
WP_056842273.1	iJN1463.PP_3080	69.7	360	101	3	1	359	1	353	2.96e-181	506
WP_056842279.1	iJN1463.PP_0209	44.3	230	122	2	10	235	7	234	1.31e-59	189
WP_056842279.1	iAF987.Gmet_1899	41.4	244	136	3	11	249	4	245	2.12e-59	188
WP_056842279.1	iYL1228.KPN_00312	47.5	200	93	2	29	223	17	209	1.66e-56	181
WP_056842279.1	iSbBS512_1146.SbBS512_E0279	48.0	200	92	2	29	223	17	209	3.75e-55	177
WP_056842279.1	iML1515.b0366	47.5	200	93	2	29	223	17	209	7.49e-55	176
WP_056842279.1	iSSON_1240.SSON_0344	47.5	200	93	2	29	223	17	209	7.49e-55	176
WP_056842279.1	iSF_1195.SF0252	47.0	200	94	2	29	223	17	209	8.43e-54	174
WP_056842279.1	iSDY_1059.SDY_0504	47.0	200	94	2	29	223	17	209	2.38e-53	172
WP_056842279.1	STM_v1_0.STM0878	45.7	210	112	2	9	217	16	224	3.22e-51	171
WP_056842280.1	iCN718.ABAYE_RS19055	32.9	234	154	2	20	251	27	259	3.24e-32	118
WP_056842280.1	iSbBS512_1146.SbBS512_E0280	28.5	242	163	4	18	251	31	270	7.94e-32	117
WP_056842280.1	iML1515.b0367	28.9	242	162	4	18	251	31	270	1.11e-31	117
WP_056842280.1	iSSON_1240.SSON_0345	28.5	242	163	4	18	251	31	270	1.11e-31	117
WP_056842280.1	iYL1228.KPN_00313	28.3	244	165	4	16	251	29	270	4.28e-31	115
WP_056842280.1	iSF_1195.SF0251	28.1	242	164	4	18	251	31	270	4.28e-31	115
WP_056842280.1	iPC815.YPO3626	31.3	246	163	3	11	251	9	253	3.84e-29	110
WP_056842280.1	iAF987.Gmet_1900	28.9	232	164	1	19	250	16	246	4.27e-28	107
WP_056842281.1	iJN1463.PP_0237	27.8	266	173	10	6	266	10	261	4.28e-09	56.6
WP_056842284.1	iEK1008.Rv3089	30.8	480	300	10	32	492	27	493	2.29e-52	184
WP_056842284.1	iEK1008.Rv0166	29.6	476	307	11	39	492	56	525	2.14e-51	183
WP_056842284.1	iYO844.BSU10270	29.2	486	307	13	37	492	29	507	1.43e-51	182
WP_056842284.1	iJN1463.PP_4063	29.7	515	313	11	35	503	46	557	7.80e-48	173
WP_056842284.1	iEK1008.Rv3561	29.8	480	299	9	39	492	36	503	8.36e-47	169
WP_056842284.1	iEK1008.Rv0270	29.9	471	303	9	37	487	89	552	1.95e-46	169
WP_056842284.1	iPC815.YPO2074	28.0	522	320	16	18	492	37	549	2.01e-46	169
WP_056842284.1	iML1515.b1701	27.9	494	323	11	35	500	51	539	1.55e-45	167
WP_056842286.1	iCHOv1.100773723	30.8	438	261	15	5	431	48	454	7.91e-41	150
WP_056842286.1	iMM1415.171210	30.5	426	257	13	15	431	57	452	3.34e-39	146
WP_056842286.1	iCHOv1.100772859	31.0	420	253	14	15	426	59	449	2.17e-36	138
WP_056842287.1	iCN718.ABAYE_RS19055	30.0	250	171	1	2	251	17	262	3.07e-38	134
WP_056842287.1	iCN900.CD630_19800	26.8	239	173	1	8	246	14	250	1.90e-37	132
WP_056842287.1	iYO844.BSU08850	28.5	235	168	0	15	249	37	271	1.30e-35	127
WP_056842287.1	iCN718.ABAYE_RS11220	27.7	242	171	1	11	248	43	284	2.78e-33	122
WP_056842287.1	iYL1228.KPN_00970	29.8	248	170	1	3	250	11	254	1.55e-33	122
WP_056842288.1	iEK1008.Rv0773c	56.4	525	214	4	14	538	1	510	3.97e-198	562
WP_056842290.1	iAF987.Gmet_3085	34.9	149	91	1	27	175	337	479	2.20e-18	88.6
WP_056842292.1	iJN1463.PP_1494	37.0	189	114	3	209	393	143	330	4.66e-30	118
WP_056842294.1	STM_v1_0.STM1221	27.1	277	161	8	5	275	31	272	1.78e-16	77.0
WP_056842302.1	iJN1463.PP_3151	70.0	456	135	1	1	456	7	460	1.64e-228	634
WP_056842302.1	iSbBS512_1146.SbBS512_E1681	65.5	455	157	0	2	456	7	461	5.97e-210	587
WP_056842302.1	iML1515.b1525	65.5	455	157	0	2	456	7	461	8.47e-210	586
WP_056842302.1	iSSON_1240.SSON_1603	65.5	455	157	0	2	456	15	469	1.13e-209	586
WP_056842302.1	iSDY_1059.SDY_1632	65.3	455	158	0	2	456	15	469	3.73e-208	582
WP_056842304.1	iJN1463.PP_2152	86.6	238	32	0	1	238	1	238	2.17e-151	420
WP_056842306.1	iYO844.BSU30410	25.1	211	145	5	209	416	235	435	2.45e-09	58.5
WP_056842308.1	iJN1463.PP_2160	76.8	276	64	0	1	276	1	276	1.57e-160	446
WP_056842383.1	iEK1008.Rv2377c	54.0	63	29	0	3	65	6	68	1.80e-21	78.6
WP_056842384.1	iSF_1195.SF0142	36.9	721	409	18	41	723	35	747	1.09e-130	404
WP_056842384.1	iML1515.b0150	36.8	721	410	18	41	723	35	747	1.66e-129	401
WP_056842384.1	iSDY_1059.SDY_0166	36.5	721	412	18	41	723	35	747	5.03e-128	397
WP_056842384.1	iSSON_1240.SSON_0162	37.4	713	398	22	41	723	35	729	5.13e-126	391
WP_056842384.1	iSbBS512_1146.SbBS512_E0142	37.6	696	390	21	54	723	52	729	3.95e-125	389
WP_056842384.1	iJN1463.PP_0350	34.2	730	440	15	20	723	95	810	2.49e-123	387
WP_056842384.1	STM_v1_0.STM0191	37.5	685	384	21	65	723	63	729	3.05e-124	387
WP_056842384.1	iYL1228.KPN_00165	36.8	684	395	17	65	723	64	735	5.03e-124	386
WP_056842384.1	iJN1463.PP_0160	35.4	706	420	14	41	723	136	828	3.08e-116	369
WP_056842385.1	iEK1008.Rv1347c	27.8	198	132	2	135	332	21	207	9.11e-20	85.9
WP_056842386.1	iPC815.YPO3390	50.5	661	311	9	10	662	11	663	2.02e-188	548
WP_056842386.1	STM_v1_0.STM0194	47.1	662	337	7	7	662	29	683	1.34e-177	521
WP_056842386.1	iYL1228.KPN_00168	47.8	649	330	6	18	662	15	658	8.50e-178	520
WP_056842386.1	iML1515.b0153	47.0	660	331	7	12	662	9	658	9.62e-177	518
WP_056842386.1	iSF_1195.SF0145	47.2	657	334	6	12	662	9	658	9.62e-177	518
WP_056842386.1	iSSON_1240.SSON_0165	47.2	657	334	6	12	662	9	658	2.72e-176	516
WP_056842386.1	iSbBS512_1146.SbBS512_E0145	47.2	657	334	6	12	662	9	658	5.44e-176	516
WP_056842386.1	iSDY_1059.SDY_0169	47.2	657	334	6	12	662	9	658	8.69e-175	513
WP_056842387.1	iYL1228.KPN_00167	37.2	253	153	5	45	296	38	285	2.12e-41	145
WP_056842387.1	iSbBS512_1146.SbBS512_E0144	34.1	293	172	8	3	292	7	281	1.72e-39	140
WP_056842387.1	iSSON_1240.SSON_0164	34.1	293	172	8	3	292	7	281	1.72e-39	140
WP_056842387.1	iSDY_1059.SDY_0168	34.1	293	172	8	3	292	7	281	2.42e-39	139
WP_056842387.1	iML1515.b0152	34.1	293	172	8	3	292	7	281	3.39e-39	139
WP_056842387.1	iSF_1195.SF0144	33.8	293	173	8	3	292	7	281	9.34e-39	138
WP_056842388.1	iJN1463.PP_4216	41.5	521	285	5	23	532	31	542	6.33e-117	356
WP_056842389.1	iJN1463.PP_4243	44.7	1115	589	15	9	1114	8	1103	1.56e-260	833
WP_056842390.1	iJN1463.PP_4220	33.5	907	536	24	144	1010	196	1075	1.07e-96	337
WP_056842390.1	iJN1463.PP_4221	33.2	834	498	16	212	1010	276	1085	6.25e-94	329
WP_056842390.1	iJN1463.PP_4219	30.4	894	548	21	133	985	2314	3174	3.64e-86	306
WP_056842391.1	iJN1463.PP_4220	40.2	2607	1396	46	40	2550	51	2591	0.0	1649
WP_056842391.1	iJN1463.PP_4243	39.9	2626	1464	43	40	2576	1720	4315	0.0	1633
WP_056842391.1	iJN1463.PP_4219	38.1	2559	1069	34	38	2549	1103	3192	0.0	1510
WP_056842392.1	iJN1463.PP_4243	36.9	4134	2020	78	61	4098	675	4315	0.0	2147
WP_056842393.1	iJN1463.PP_4220	44.4	1071	567	16	7	1059	8	1068	5.08e-242	763
WP_056842394.1	iJN1463.PP_3796	66.3	430	143	2	1	429	1	429	1.68e-205	574
WP_056842395.1	iSSON_1240.SSON_4514	26.6	263	142	9	5	241	25	262	7.28e-14	68.9
WP_056842395.1	iSDY_1059.SDY_4625	26.7	270	133	11	5	241	25	262	1.37e-13	68.2
WP_056842395.1	iSbBS512_1146.SbBS512_E4909	26.2	263	143	9	5	241	25	262	1.87e-13	67.8
WP_056842395.1	iSF_1195.SF4400	26.6	263	142	9	5	241	25	262	2.56e-13	67.4
WP_056842395.1	iML1515.b4367	26.2	263	143	9	5	241	25	262	3.51e-13	67.0
WP_056842396.1	iPC815.YPO3392	64.2	254	91	0	2	255	11	264	6.17e-117	335
WP_056842396.1	iSF_1195.SF0143	61.0	254	99	0	2	255	12	265	1.90e-111	321
WP_056842396.1	iSSON_1240.SSON_0163	61.0	254	99	0	2	255	12	265	1.90e-111	321
WP_056842396.1	STM_v1_0.STM0192	60.6	254	100	0	2	255	12	265	2.69e-111	320
WP_056842396.1	iML1515.b0151	60.6	254	100	0	2	255	12	265	7.70e-111	319
WP_056842396.1	iYL1228.KPN_00166	61.0	254	99	0	2	255	12	265	7.70e-111	319
WP_056842396.1	iSDY_1059.SDY_0167	60.6	254	100	0	2	255	12	265	7.70e-111	319
WP_056842396.1	iSbBS512_1146.SbBS512_E0143	60.2	254	101	0	2	255	12	265	2.20e-110	318
WP_056842397.1	STM_v1_0.STM3671	32.3	127	66	7	16	134	6	120	1.35e-05	42.7
WP_056842397.1	iML1515.b3577	27.9	136	84	5	16	146	6	132	6.57e-05	40.8
WP_056842398.1	iJN1463.PP_4784	31.7	420	268	5	2	408	13	426	1.13e-48	170
WP_056842398.1	iCN718.ABAYE_RS05520	30.8	416	275	6	2	406	16	429	6.65e-48	168
WP_056842398.1	iYO844.BSU08710	29.4	412	282	6	1	404	13	423	3.48e-44	158
WP_056842398.1	iYO844.BSU28120	30.6	412	277	6	2	406	16	425	3.55e-44	158
WP_056842398.1	iSynCJ816.SGL_RS13390	32.0	416	272	7	2	408	20	433	3.76e-44	158
WP_056842398.1	iAF692.Mbar_A1464	31.7	407	258	9	6	401	23	420	6.12e-44	157
WP_056842400.1	iIT341.HP1169	40.6	212	124	1	1	212	1	210	2.58e-43	144
WP_056842401.1	iIT341.HP1170	39.2	209	122	1	15	218	12	220	5.09e-44	146
WP_056842402.1	iIT341.HP1171	57.1	245	104	1	1	244	1	245	6.76e-93	273
WP_056842402.1	iSDY_1059.SDY_0787	56.3	240	104	1	4	242	1	240	8.62e-87	257
WP_056842402.1	STM_v1_0.STM0828	56.7	240	103	1	4	242	1	240	1.22e-86	257
WP_056842402.1	iSSON_1240.SSON_0789	56.3	240	104	1	4	242	1	240	1.73e-86	256
WP_056842402.1	iML1515.b0809	55.8	240	105	1	4	242	1	240	9.94e-86	254
WP_056842402.1	iSbBS512_1146.SbBS512_E2539	55.8	240	105	1	4	242	1	240	9.94e-86	254
WP_056842402.1	iYO844.BSU23960	55.0	238	106	1	4	240	1	238	1.41e-85	254
WP_056842402.1	iSF_1195.SF0760	55.8	240	105	1	4	242	1	240	4.02e-85	253
WP_056842402.1	iYL1228.KPN_00838	55.7	237	104	1	4	239	1	237	8.08e-85	252
WP_056842402.1	iPC815.YPO2514	54.2	240	109	1	4	242	1	240	5.33e-83	248
WP_056842404.1	iJN1463.PP_2242	23.6	774	516	28	12	771	15	727	2.61e-20	95.9
WP_056842409.1	iCN718.ABAYE_RS10985	25.2	270	184	6	22	276	17	283	2.08e-15	74.3
WP_056842409.1	iEK1008.Rv0411c	29.8	181	121	4	27	202	79	258	5.88e-14	70.5
WP_056842412.1	iML1515.b1917	53.9	245	109	2	7	247	4	248	1.27e-78	238
WP_056842412.1	iYS854.USA300HOU_RS09925	51.6	244	114	3	5	247	2	242	2.78e-78	236
WP_056842412.1	iYO844.BSU03590	49.2	244	122	1	6	247	1	244	3.74e-77	234
WP_056842412.1	iNF517.LLMG_RS09915	50.6	245	119	1	3	247	2	244	5.52e-76	231
WP_056842412.1	iSynCJ816.SGL_RS08035	50.6	243	119	1	2	243	4	246	1.01e-75	230
WP_056842412.1	iJN1463.PP_0225	52.0	250	116	2	6	251	1	250	4.06e-75	229
WP_056842412.1	iJN1463.PP_0283	48.4	248	119	2	5	243	6	253	4.76e-75	229
WP_056842412.1	iYO844.BSU27430	48.3	242	123	1	6	247	1	240	3.38e-74	226
WP_056842412.1	iCN900.CD630_07520	47.1	242	126	1	6	247	1	240	1.28e-73	224
WP_056842412.1	STM_v1_0.STM0828	50.4	240	117	1	6	245	1	238	1.46e-72	222
WP_056842412.1	iYO844.BSU23960	47.1	242	126	1	6	247	1	240	2.07e-72	221
WP_056842412.1	iML1515.b0809	50.4	240	117	1	6	245	1	238	2.93e-72	221
WP_056842412.1	iSbBS512_1146.SbBS512_E2539	50.4	240	117	1	6	245	1	238	2.93e-72	221
WP_056842412.1	iSDY_1059.SDY_0787	50.4	240	117	1	6	245	1	238	2.93e-72	221
WP_056842412.1	iSSON_1240.SSON_0789	50.4	240	117	1	6	245	1	238	4.15e-72	221
WP_056842412.1	iML1515.b2306	47.1	255	125	2	3	247	2	256	1.42e-71	220
WP_056842412.1	iSbBS512_1146.SbBS512_E2684	47.1	255	125	2	3	247	2	256	1.42e-71	220
WP_056842412.1	iSF_1195.SF2382	47.1	255	125	2	3	247	2	256	1.42e-71	220
WP_056842412.1	iSSON_1240.SSON_2364	47.1	255	125	2	3	247	2	256	1.42e-71	220
WP_056842412.1	iCN718.ABAYE_RS06340	47.8	249	120	2	9	247	9	257	2.94e-71	219
WP_056842412.1	iSDY_1059.SDY_2505	46.7	255	126	2	3	247	2	256	4.04e-71	219
WP_056842412.1	STM_v1_0.STM2351	47.1	257	126	2	1	247	1	257	5.90e-71	218
WP_056842412.1	iSF_1195.SF0760	50.0	240	118	1	6	245	1	238	3.34e-71	218
WP_056842412.1	iJN1463.PP_3597	48.0	246	126	1	2	247	16	259	8.88e-71	218
WP_056842412.1	iYL1228.KPN_00838	49.2	240	120	1	6	245	1	238	9.50e-71	217
WP_056842412.1	iYS854.USA300HOU_RS13040	49.2	238	120	1	6	243	1	237	2.09e-70	216
WP_056842412.1	iPC815.YPO2514	49.6	240	119	1	6	245	1	238	3.82e-70	216
WP_056842412.1	iIT341.HP1171	44.5	245	132	2	6	248	4	246	9.85e-70	215
WP_056842412.1	iYL1228.KPN_02696	46.3	255	127	2	3	247	2	256	1.85e-69	214
WP_056842412.1	iYO844.BSU29340	46.5	245	130	1	6	249	1	245	2.78e-69	214
WP_056842413.1	iCN900.CD630_19790	24.7	295	211	8	13	303	50	337	5.39e-19	85.5
WP_056842415.1	iYL1228.KPN_02851	34.0	285	176	8	3	283	2	278	2.05e-34	125
WP_056842415.1	iEK1008.Rv2291	33.3	288	177	6	6	288	7	284	8.77e-31	116
WP_056842416.1	iJN1463.PP_2590	28.2	702	436	22	62	737	112	771	8.15e-58	209
WP_056842417.1	iYL1228.KPN_00755	29.3	208	114	3	1	179	22	225	5.32e-18	78.6
WP_056842417.1	iPC815.YPO1128	26.6	214	132	3	1	189	22	235	3.97e-16	73.6
WP_056842417.1	STM_v1_0.STM0757	26.9	219	127	3	1	190	22	236	7.43e-16	72.8
WP_056842419.1	iAF987.Gmet_3085	36.0	586	343	3	157	740	329	884	2.44e-114	366
WP_056842419.1	iAF987.Gmet_0700	36.3	578	330	5	155	730	267	808	5.40e-106	342
WP_056842420.1	iML1515.b1967	25.7	140	96	4	80	215	133	268	1.43e-05	44.7
WP_056842422.1	iYO844.BSU33830	25.4	142	84	2	229	370	250	369	2.97e-09	57.8
WP_056842422.1	iYO844.BSU29700	29.1	141	88	4	232	372	5	133	2.34e-09	56.6
WP_056842422.1	iYS854.USA300HOU_RS13270	23.1	134	81	2	237	370	257	368	3.14e-08	54.7
WP_056842422.1	iYO844.BSU33730	23.7	139	84	2	229	367	251	367	9.23e-08	53.1
WP_056842422.1	iCN900.CD630_09000	26.6	139	80	2	228	366	249	365	1.62e-07	52.4
WP_056842426.1	iCN900.CD630_27330	33.1	387	251	3	1	379	1	387	5.11e-84	260
WP_056842426.1	iCN900.CD630_26960	33.1	387	244	6	4	376	5	390	6.07e-75	237
WP_056842428.1	iYL1228.KPN_00165	18.3	709	475	24	52	699	70	735	1.73e-07	54.3
WP_056842430.1	iSDY_1059.SDY_0757	27.1	490	325	10	72	555	32	495	2.03e-44	164
WP_056842430.1	iSbBS512_1146.SbBS512_E2518	27.1	490	325	10	72	555	32	495	2.79e-44	164
WP_056842430.1	iSF_1195.SF0780	27.1	490	325	10	72	555	32	495	3.83e-44	164
WP_056842430.1	iSSON_1240.SSON_0812	27.1	490	325	10	72	555	32	495	3.83e-44	164
WP_056842430.1	STM_v1_0.STM0849	27.8	493	318	10	72	555	32	495	5.27e-44	163
WP_056842430.1	iML1515.b0830	26.9	490	326	10	72	555	32	495	1.88e-43	162
WP_056842430.1	iYL1228.KPN_00863	26.3	490	329	9	72	555	32	495	8.47e-42	157
WP_056842430.1	iJN1463.PP_3342	29.1	526	321	19	54	566	25	511	1.23e-40	154
WP_056842430.1	iSDY_1059.SDY_3631	27.5	528	328	14	50	556	12	505	1.23e-40	154
WP_056842430.1	iML1515.b3476	26.7	528	332	14	50	556	12	505	5.88e-40	152
WP_056842430.1	iSF_1195.SF3494	26.5	528	333	14	50	556	12	505	2.05e-39	150
WP_056842430.1	iSSON_1240.SSON_3714	26.5	528	333	14	50	556	12	505	3.82e-39	150
WP_056842430.1	iJN1463.PP_0884	27.4	500	312	14	81	554	38	512	5.65e-39	149
WP_056842430.1	iSbBS512_1146.SbBS512_E3845	26.3	528	334	14	50	556	12	505	1.33e-38	148
WP_056842431.1	STM_v1_0.STM0850	36.7	300	186	3	11	309	8	304	3.18e-55	181
WP_056842431.1	iYL1228.KPN_00864	36.4	302	184	5	11	309	8	304	3.51e-54	178
WP_056842431.1	iML1515.b0831	36.7	300	186	3	11	309	8	304	4.95e-54	178
WP_056842431.1	iSDY_1059.SDY_0756	36.7	300	186	3	11	309	8	304	4.95e-54	178
WP_056842431.1	iSF_1195.SF0781	36.3	300	187	3	11	309	8	304	1.95e-53	176
WP_056842431.1	iSbBS512_1146.SbBS512_E2517	36.3	300	187	3	11	309	8	304	7.69e-53	175
WP_056842431.1	iSSON_1240.SSON_0813	36.3	300	187	2	11	309	8	304	1.08e-52	174
WP_056842432.1	iYS854.USA300HOU_RS12370	24.2	380	248	13	19	383	14	368	5.48e-11	63.5
WP_056842433.1	iJN1463.PP_3219	28.2	213	127	6	78	289	58	245	8.78e-16	78.2
WP_056842434.1	iCN718.ABAYE_RS12975	50.0	354	168	4	1	350	1	349	5.02e-117	342
WP_056842435.1	iYL1228.KPN_00862	43.8	560	284	10	11	540	12	570	7.69e-125	379
WP_056842435.1	iSbBS512_1146.SbBS512_E2519	41.6	565	298	8	11	543	12	576	5.18e-120	367
WP_056842435.1	iML1515.b0829	41.2	565	300	8	11	543	12	576	1.45e-119	365
WP_056842435.1	iSSON_1240.SSON_0811	41.1	565	301	8	11	543	1	565	4.20e-119	364
WP_056842435.1	STM_v1_0.STM0848	41.7	557	293	8	11	535	12	568	1.14e-118	363
WP_056842435.1	iSDY_1059.SDY_0758	41.1	565	301	8	11	543	1	565	3.30e-118	362
WP_056842435.1	iSF_1195.SF0779	41.2	565	300	9	11	543	1	565	9.25e-118	360
WP_056842435.1	iEK1008.Rv1281c	40.6	603	280	10	10	535	3	604	5.15e-117	358
WP_056842435.1	iYS854.USA300HOU_RS01050	38.3	530	313	5	11	534	4	525	1.87e-117	357
WP_056842435.1	iJN1463.PP_4150	41.8	536	285	9	11	533	6	527	3.60e-112	343
WP_056842435.1	iML1515.b2180	40.9	535	291	9	11	532	5	527	1.74e-111	342
WP_056842437.1	iYL1228.KPN_00864	34.7	297	190	3	28	323	8	301	1.05e-51	172
WP_056842437.1	STM_v1_0.STM0850	34.0	297	192	3	28	323	8	301	1.05e-51	172
WP_056842437.1	iML1515.b0831	33.3	297	194	3	28	323	8	301	3.47e-49	166
WP_056842437.1	iSDY_1059.SDY_0756	33.3	297	194	3	28	323	8	301	3.47e-49	166
WP_056842437.1	iSF_1195.SF0781	33.3	297	194	3	28	323	8	301	6.86e-49	165
WP_056842437.1	iSSON_1240.SSON_0813	33.3	297	194	2	28	323	8	301	1.36e-48	164
WP_056842437.1	iSbBS512_1146.SbBS512_E2517	33.0	297	195	3	28	323	8	301	5.30e-48	163
WP_056842437.1	iAF692.Mbar_A0469	32.3	291	196	1	35	324	15	305	1.72e-46	159
WP_056842438.1	iJN1463.PP_0880	39.9	268	155	2	25	286	37	304	5.68e-56	182
WP_056842438.1	iSSON_1240.SSON_1639	37.5	256	156	1	34	285	37	292	1.44e-50	168
WP_056842438.1	iML1515.b1485	37.5	256	156	1	34	285	37	292	2.03e-50	167
WP_056842438.1	iYO844.BSU12940	37.6	271	167	2	17	286	49	318	1.00e-49	166
WP_056842438.1	iSbBS512_1146.SbBS512_E1748	37.7	257	150	3	34	285	37	288	1.01e-49	166
WP_056842439.1	STM_v1_0.STM0848	44.1	565	282	12	2	537	9	568	3.13e-127	386
WP_056842439.1	iML1515.b0829	43.0	561	286	9	6	537	13	568	9.78e-126	382
WP_056842439.1	iSSON_1240.SSON_0811	43.0	561	286	9	6	537	2	557	7.10e-126	382
WP_056842439.1	iSbBS512_1146.SbBS512_E2519	43.0	561	286	9	6	537	13	568	1.94e-125	381
WP_056842439.1	iSDY_1059.SDY_0758	42.8	561	287	9	6	537	2	557	2.81e-125	380
WP_056842439.1	iSF_1195.SF0779	42.8	561	287	9	6	537	2	557	4.41e-124	377
WP_056842439.1	iYL1228.KPN_00862	44.1	569	269	15	4	537	11	565	4.25e-123	375
WP_056842439.1	iEK1008.Rv1281c	42.5	590	259	12	21	538	24	605	1.20e-120	369
WP_056842439.1	iJN1463.PP_4150	42.7	543	287	8	1	535	1	527	7.36e-117	356
WP_056842440.1	iYS854.USA300HOU_RS12370	27.0	244	151	8	41	271	37	266	8.49e-09	56.6
WP_056842440.1	iJN1463.PP_2216	23.4	346	234	7	41	375	30	355	1.10e-08	56.2
WP_056842440.1	iEK1008.Rv0873	25.1	335	222	9	41	365	77	392	4.71e-07	51.6
WP_056842443.1	STM_v1_0.STM3159	36.1	191	110	3	20	205	30	213	1.61e-22	92.0
WP_056842443.1	iPC815.YPO0682	30.6	222	135	4	20	229	139	353	7.64e-21	89.4
WP_056842443.1	iYL1228.KPN_03426	35.3	190	113	2	20	205	25	208	5.54e-21	87.8
WP_056842443.1	iML1515.b3006	32.3	217	125	4	20	221	30	239	6.22e-20	85.1
WP_056842443.1	iSDY_1059.SDY_3067	32.3	217	125	4	20	221	30	239	6.22e-20	85.1
WP_056842443.1	iSF_1195.SF3051	32.3	217	125	4	20	221	30	239	6.22e-20	85.1
WP_056842443.1	iSSON_1240.SSON_3149	32.3	217	125	4	20	221	30	239	6.22e-20	85.1
WP_056842443.1	iSbBS512_1146.SbBS512_E3434	32.3	217	125	4	20	221	30	239	1.20e-19	84.3
WP_056842445.1	iJN1463.PP_4736	88.3	377	44	0	1	377	1	377	5.86e-242	661
WP_056842445.1	STM_v1_0.STM3694	85.4	377	55	0	1	377	1	377	9.33e-238	651
WP_056842445.1	iML1515.b3605	85.4	377	55	0	1	377	1	377	1.88e-237	650
WP_056842445.1	iSbBS512_1146.SbBS512_E4031	85.4	377	55	0	1	377	1	377	1.88e-237	650
WP_056842445.1	iSF_1195.SF3644	85.4	377	55	0	1	377	1	377	1.88e-237	650
WP_056842445.1	iSSON_1240.SSON_3800	85.4	377	55	0	1	377	1	377	1.88e-237	650
WP_056842445.1	iSDY_1059.SDY_4038	85.4	377	55	0	1	377	1	377	5.39e-237	649
WP_056842445.1	iYL1228.KPN_03949	84.6	377	58	0	1	377	1	377	1.17e-235	645
WP_056842445.1	iCN718.ABAYE_RS18840	84.1	377	60	0	1	377	1	377	1.24e-232	637
WP_056842445.1	iPC815.YPO1569	83.7	375	61	0	1	375	1	375	2.21e-230	632
WP_056842454.1	iJN1463.PP_0808	61.8	400	144	2	1	400	1	391	4.77e-168	475
WP_056842456.1	iEK1008.Rv3567c	38.2	152	92	2	2	152	5	155	1.60e-32	114
WP_056842457.1	iJN1463.PP_3817	79.5	385	76	1	1	385	1	382	8.74e-214	590
WP_056842458.1	iJN1463.PP_3815	85.5	276	40	0	32	307	27	302	1.22e-164	459
WP_056842459.1	iJN1463.PP_3814	78.0	341	75	0	1	341	1	341	1.11e-197	546
WP_056842460.1	iJN1463.PP_3813	86.4	367	50	0	1	367	1	367	2.41e-229	629
WP_056842462.1	iML1515.b1134	44.1	59	32	1	41	99	4	61	4.16e-11	58.2
WP_056842462.1	iSbBS512_1146.SbBS512_E1312	44.1	59	32	1	41	99	4	61	4.16e-11	58.2
WP_056842462.1	iSDY_1059.SDY_2018	44.1	59	32	1	41	99	4	61	4.16e-11	58.2
WP_056842462.1	iSF_1195.SF1153	44.1	59	32	1	41	99	4	61	4.16e-11	58.2
WP_056842462.1	iSSON_1240.SSON_1152	44.1	59	32	1	41	99	4	61	4.16e-11	58.2
WP_056842462.1	iCN718.ABAYE_RS13345	33.1	151	79	7	5	146	90	227	5.02e-10	56.6
WP_056842462.1	STM_v1_0.STM1235	42.4	59	33	1	41	99	4	61	5.77e-10	55.1
WP_056842462.1	iYL1228.KPN_01142	43.1	58	32	1	41	98	4	60	7.87e-10	54.7
WP_056842464.1	iEK1008.Rv3567c	36.8	152	94	2	2	152	5	155	1.79e-31	111
WP_056842465.1	iYL1228.KPN_01542	33.3	243	155	6	20	261	11	247	8.07e-33	120
WP_056842468.1	iCN718.ABAYE_RS12975	30.8	357	198	8	1	323	1	342	6.98e-45	156
WP_056842468.1	iSF_1195.SF3047	34.1	334	190	12	1	320	13	330	1.90e-43	152
WP_056842468.1	iSSON_1240.SSON_3145	34.1	334	190	12	1	320	13	330	1.90e-43	152
WP_056842468.1	iML1515.b3001	33.0	333	195	11	1	320	13	330	1.44e-42	150
WP_056842468.1	iSbBS512_1146.SbBS512_E3430	33.8	334	191	12	1	320	13	330	2.01e-42	149
WP_056842468.1	iYL1228.KPN_02741	32.4	330	195	11	1	319	1	313	7.98e-42	147
WP_056842468.1	iYO844.BSU39780	30.4	322	207	7	1	320	1	307	1.30e-41	146
WP_056842473.1	iSynCJ816.SGL_RS07245	37.8	251	138	6	7	252	6	243	3.05e-39	136
WP_056842473.1	iML1515.b3003	36.3	245	148	4	11	253	53	291	6.14e-36	129
WP_056842473.1	iLB1027_lipid.PHATRDRAFT_13073	36.1	249	150	6	7	252	6	248	9.90e-35	124
WP_056842473.1	iYS854.USA300HOU_RS06185	33.1	242	156	4	11	252	6	241	1.12e-34	124
WP_056842475.1	iML1515.b3662	44.4	347	193	0	20	366	12	358	3.95e-82	257
WP_056842478.1	iJN1463.PP_3461	24.9	346	232	12	104	441	108	433	3.67e-17	83.6
WP_056842481.1	iJN1463.PP_0072	29.2	322	212	5	1	320	1	308	1.48e-28	112
WP_056842481.1	iEK1008.Rv3825c	29.4	313	207	5	26	337	1451	1750	5.46e-25	105
WP_056842481.1	iEK1008.Rv2940c	26.7	333	232	3	5	337	1423	1743	7.35e-25	105
WP_056842481.1	iJN1463.PP_3606	28.0	336	227	7	1	335	1	322	2.53e-25	103
WP_056842486.1	iJN1463.PP_4131	87.7	487	60	0	1	487	1	487	1.96e-290	793
WP_056842487.1	iJN1463.PP_4129	90.4	617	59	0	1	617	1	617	0.0	1110
WP_056842488.1	iJN1463.PP_4124	87.5	905	112	1	1	905	1	904	0.0	1595
WP_056842489.1	iJN1463.PP_4121	92.7	593	42	1	3	595	2	593	0.0	1155
WP_056842490.1	iCN718.ABAYE_RS03670	41.5	135	79	0	5	139	3	137	6.30e-30	105
WP_056842491.1	iJN1463.PP_4016	91.4	456	39	0	1	456	1	456	6.05e-306	829
WP_056842493.1	iLJ478.TM1253	33.0	97	47	5	12	103	316	399	5.55e-04	41.6
WP_056842494.1	iJN1463.PP_4012	84.1	741	118	0	1	741	1	741	0.0	1227
WP_056842498.1	iJN1463.PP_3999	82.9	461	79	0	1	461	1	461	1.50e-275	753
WP_056842499.1	iSynCJ816.SGL_RS01940	51.0	261	127	1	12	271	5	265	4.32e-91	270
WP_056842499.1	iSbBS512_1146.SbBS512_E0489	49.2	258	130	1	15	271	6	263	8.93e-89	264
WP_056842499.1	iML1515.b0588	49.2	258	130	1	15	271	6	263	1.27e-88	264
WP_056842499.1	iSDY_1059.SDY_0519	49.2	258	130	1	15	271	6	263	1.27e-88	264
WP_056842499.1	iSSON_1240.SSON_0539	49.2	258	130	1	15	271	6	263	1.79e-88	263
WP_056842499.1	iSF_1195.SF0502	48.8	258	131	1	15	271	6	263	1.03e-87	261
WP_056842499.1	iYL1228.KPN_00606	48.3	263	135	1	11	272	2	264	9.38e-87	259
WP_056842499.1	STM_v1_0.STM0590	48.6	259	132	1	15	272	6	264	7.61e-86	256
WP_056842500.1	iSynCJ816.SGL_RS01935	40.2	346	194	8	7	342	4	346	7.58e-55	182
WP_056842500.1	iML1515.b0589	35.4	325	209	1	19	342	2	326	1.05e-48	166
WP_056842500.1	iSbBS512_1146.SbBS512_E0491	35.4	325	209	1	19	342	2	326	1.05e-48	166
WP_056842500.1	iSSON_1240.SSON_0540	35.4	325	209	1	19	342	2	326	1.48e-48	166
WP_056842502.1	iSynCJ816.SGL_RS01945	33.3	282	177	6	23	297	38	315	6.52e-34	125
WP_056842503.1	iJN1463.PP_2242	65.3	752	248	8	1	747	1	744	0.0	962
WP_056842505.1	iJN1463.PP_4636	82.4	392	69	0	1	392	1	392	9.38e-225	619
WP_056842506.1	iJN1463.PP_4597	75.4	334	82	0	1	334	1	334	1.15e-184	512
WP_056842509.1	iCHOv1.100769399	25.5	106	70	1	41	146	92	188	5.61e-04	38.9
WP_056842510.1	iEK1008.Rv2671	26.3	186	123	7	8	187	44	221	6.87e-07	48.5
WP_056842510.1	iAF692.Mbar_A0489	27.2	228	146	11	2	221	3	218	1.47e-06	47.4
WP_056842511.1	iJN1463.PP_2513	36.5	397	205	14	1	392	1	355	1.32e-54	184
WP_056842512.1	iJN1463.PP_2336	86.9	863	111	2	1	862	1	862	0.0	1506
WP_056842513.1	iJN1463.PP_2335	82.9	375	64	0	1	375	1	375	6.64e-230	630
WP_056842514.1	iJN1463.PP_2334	88.5	295	34	0	1	295	1	295	4.84e-183	505
WP_056842516.1	iJN1463.PP_0920	51.0	355	166	1	1	355	1	347	1.92e-124	361
WP_056842517.1	iAM_Pv461.PVX_114480	27.7	137	94	2	5	140	1	133	2.61e-09	53.9
WP_056842517.1	iAM_Pf480.PF3D7_0627500	28.6	133	90	2	5	136	1	129	9.41e-09	52.4
WP_056842517.1	iPC815.YPO3172	28.1	139	92	4	18	154	12	144	1.93e-08	51.6
WP_056842518.1	STM_v1_0.STM3551	51.3	548	256	3	29	575	43	580	3.88e-181	523
WP_056842518.1	iYL1228.KPN_03807	51.1	548	257	3	29	575	35	572	1.19e-180	521
WP_056842518.1	iML1515.b3447	51.1	548	257	3	29	575	43	580	8.88e-180	519
WP_056842518.1	iSF_1195.SF3464	51.1	548	257	3	29	575	43	580	2.52e-179	518
WP_056842518.1	iSDY_1059.SDY_3595	50.9	548	258	3	29	575	44	581	1.48e-178	516
WP_056842518.1	iIT341.HP1118	50.1	535	258	4	35	567	38	565	1.96e-175	508
WP_056842522.1	iYL1228.KPN_01195	58.3	271	105	2	11	273	24	294	1.65e-109	318
WP_056842522.1	STM_v1_0.STM1288	55.7	271	112	2	11	273	15	285	1.88e-106	310
WP_056842522.1	iML1515.b1781	54.6	271	115	2	11	273	14	284	4.87e-104	303
WP_056842522.1	iSSON_1240.SSON_1381	55.0	271	114	2	11	273	14	284	1.60e-102	300
WP_056842522.1	iSbBS512_1146.SbBS512_E2029	54.2	271	116	2	11	273	14	284	7.48e-101	295
WP_056842522.1	iSDY_1059.SDY_1486	54.2	271	115	3	11	273	14	283	2.38e-99	291
WP_056842524.1	iJN1463.PP_3124	86.4	472	64	0	1	472	1	472	4.77e-295	803
WP_056842528.1	iCN900.CD630_36640	25.1	378	271	6	99	469	20	392	9.79e-45	160
WP_056842529.1	iJN1463.PP_4060	74.5	654	167	0	19	672	6	659	0.0	1026
WP_056842530.1	iJN1463.PP_4059	75.5	1104	266	2	1	1102	1	1101	0.0	1685
WP_056842531.1	iJN1463.PP_4058	74.3	731	187	1	10	740	6	735	0.0	1204
WP_056842533.1	iCHOv1.100752487	27.0	152	88	5	33	178	36	170	3.83e-05	43.5
WP_056842533.1	iMM1415.327942	24.0	154	98	4	13	160	19	159	6.90e-05	42.7
WP_056842534.1	iJN1463.PP_4055	82.5	704	123	0	16	719	14	717	0.0	1255
WP_056842536.1	iJN1463.PP_4053	68.5	927	286	3	1	926	1	922	0.0	1247
WP_056842537.1	iJN1463.PP_4052	60.7	689	265	3	7	694	6	689	2.36e-293	817
WP_056842539.1	iJN1463.PP_4042	79.0	496	99	3	10	502	8	501	4.19e-290	793
WP_056842540.1	iML1515.b3697	31.5	276	166	7	9	270	3	269	3.91e-25	100
WP_056842540.1	iSSON_1240.SSON_4000	29.9	271	176	6	8	270	1	265	2.63e-24	98.2
WP_056842540.1	iML1515.b3826	30.0	270	177	5	8	270	1	265	5.09e-24	97.4
WP_056842540.1	iSbBS512_1146.SbBS512_E4293	30.0	270	177	5	8	270	1	265	5.09e-24	97.4
WP_056842540.1	iSDY_1059.SDY_3917	30.0	270	177	5	8	270	1	265	5.09e-24	97.4
WP_056842540.1	iSF_1195.SF3904	29.6	270	178	5	8	270	1	265	7.08e-24	97.1
WP_056842541.1	iAF692.Mbar_A1916	23.4	380	240	13	222	587	213	555	3.25e-12	68.9
WP_056842542.1	iJN1463.PP_4029	76.1	276	66	0	1	276	1	276	1.01e-156	437
WP_056842543.1	iYO844.BSU17890	48.1	673	330	5	19	688	9	665	4.79e-221	632
WP_056842543.1	iSynCJ816.SGL_RS05660	49.9	678	313	10	15	685	9	666	8.59e-220	629
WP_056842543.1	iYS854.USA300HOU_RS06830	48.0	669	328	6	15	681	6	656	2.78e-216	620
WP_056842543.1	STM_v1_0.STM2474	46.4	673	333	9	20	685	8	659	1.82e-199	577
WP_056842543.1	iSDY_1059.SDY_3141	46.0	674	336	9	20	686	9	661	1.71e-196	569
WP_056842544.1	iJN1463.PP_2913	85.5	324	47	0	1	324	1	324	1.51e-198	546
WP_056842544.1	iYL1228.KPN_00316	78.8	316	67	0	9	324	7	322	1.10e-177	494
WP_056842548.1	iPC815.YPO0676	34.3	137	78	4	43	175	12	140	3.08e-08	53.5
WP_056842548.1	iCN718.ABAYE_RS12975	27.2	265	126	9	89	287	61	324	1.32e-07	52.0
WP_056842550.1	iJN1463.PP_3589	79.0	424	88	1	1	423	1	424	2.29e-237	653
WP_056842553.1	iJN1463.PP_3425	28.2	330	233	2	71	397	38	366	7.18e-36	136
WP_056842553.1	iML1515.b0463	29.3	334	229	2	71	397	40	373	1.44e-35	135
WP_056842553.1	iPC815.YPO3132	29.1	340	228	3	77	409	53	386	1.39e-35	135
WP_056842553.1	iSSON_1240.SSON_0450	29.0	334	230	2	71	397	40	373	3.80e-35	134
WP_056842553.1	iSDY_1059.SDY_0456	29.3	334	229	2	71	397	40	373	5.25e-35	133
WP_056842553.1	iSF_1195.SF0408	29.0	334	230	2	71	397	40	373	7.24e-35	133
WP_056842553.1	iJN1463.PP_1386	30.4	362	219	7	65	412	31	373	1.06e-33	129
WP_056842553.1	STM_v1_0.STM3390	26.7	345	246	2	71	408	39	383	3.44e-31	122
WP_056842554.1	iJN1463.PP_3426	29.5	1083	698	15	1	1048	1	1053	2.84e-125	408
WP_056842554.1	iSSON_1240.SSON_2550	29.4	1067	686	19	7	1043	5	1034	8.26e-111	368
WP_056842554.1	iSF_1195.SF2512	29.3	1067	687	19	7	1043	5	1034	1.58e-110	367
WP_056842555.1	iJN1463.PP_3426	30.5	1060	678	21	1	1018	1	1043	1.98e-117	386
WP_056842555.1	iML1515.b3266	29.4	1040	688	16	7	1014	5	1030	1.07e-109	365
WP_056842555.1	iML1515.b0462	28.7	1045	704	16	7	1021	5	1038	3.73e-109	363
WP_056842555.1	iJN1463.PP_1385	29.0	1045	686	18	7	1015	5	1029	1.87e-107	359
WP_056842555.1	STM_v1_0.STM3391	28.7	1046	699	17	7	1021	5	1034	1.47e-107	359
WP_056842555.1	iSSON_1240.SSON_2550	28.3	1030	711	15	7	1014	5	1028	2.82e-107	358
WP_056842555.1	iSF_1195.SF2512	28.2	1030	712	15	7	1014	5	1028	3.90e-107	358
WP_056842555.1	iML1515.b2470	28.2	1030	712	15	7	1014	5	1028	7.46e-107	357
WP_056842555.1	iSDY_1059.SDY_2654	28.3	1030	710	15	7	1014	5	1028	1.03e-106	357
WP_056842555.1	iYL1228.KPN_03673	28.3	1034	706	16	7	1014	5	1029	4.93e-105	352
WP_056842556.1	iSF_1195.SF0473	25.8	462	326	5	19	476	12	460	9.27e-41	151
WP_056842556.1	iSSON_1240.SSON_0523	25.5	462	327	5	19	476	12	460	6.40e-40	149
WP_056842556.1	iML1515.b0572	25.2	457	329	5	19	473	12	457	7.96e-39	146
WP_056842556.1	iJN1463.PP_3427	28.1	470	312	7	16	475	10	463	1.37e-38	145
WP_056842556.1	iJN1463.PP_1384	27.1	480	319	10	12	476	5	468	8.15e-38	144
WP_056842556.1	iYL1228.KPN_04739	25.1	471	340	5	8	476	38	497	1.84e-37	143
WP_056842557.1	iJN1463.PP_3581	76.5	686	161	0	1	686	1	686	0.0	983
WP_056842560.1	iAF692.Mbar_A1138	24.2	289	197	9	42	328	35	303	1.74e-16	79.0
WP_056842561.1	iAF987.Gmet_0043	20.9	249	189	4	504	744	19	267	2.06e-06	50.8
WP_056842562.1	iJN1463.PP_1494	36.6	71	43	2	58	127	63	132	1.60e-05	43.1
WP_056842563.1	iAF987.Gmet_1917	34.8	138	88	2	1	138	1	136	2.53e-12	69.3
WP_056842568.1	iYO844.BSU03930	43.5	260	139	2	5	263	5	257	2.01e-65	204
WP_056842569.1	iCN900.CD630_31950	34.5	855	470	17	10	826	4	806	2.45e-145	447
WP_056842571.1	iYS854.USA300HOU_RS13050	26.7	135	97	2	292	425	33	166	2.96e-10	62.0
WP_056842571.1	iAF987.Gmet_2999	28.7	136	90	3	948	1079	1	133	5.15e-09	59.3
WP_056842573.1	iJN1463.PP_3830	69.6	358	108	1	2	358	5	362	1.22e-169	476
WP_056842574.1	iJN1463.PP_3829	85.4	226	33	0	1	226	1	226	3.90e-141	393
WP_056842575.1	iJN1463.PP_3828	81.8	242	44	0	7	248	10	251	8.27e-141	394
WP_056842579.1	iHN637.CLJU_RS07885	25.4	228	165	3	33	256	14	240	6.19e-11	62.4
WP_056842579.1	iJN1463.PP_0421	28.5	193	121	4	30	212	12	197	2.10e-10	60.8
WP_056842579.1	iNF517.LLMG_RS05245	24.9	229	155	6	32	250	12	233	8.53e-10	58.9
WP_056842584.1	iJN1463.PP_1494	40.9	181	101	3	326	503	155	332	3.23e-32	125
WP_056842584.1	iAF987.Gmet_1298	40.7	172	98	3	334	504	177	345	6.25e-32	125
WP_056842584.1	iAF987.Gmet_0069	40.0	175	102	3	329	503	130	301	2.77e-28	114
WP_056842584.1	iAF987.Gmet_0043	41.3	172	91	4	341	508	415	580	9.54e-27	113
WP_056842585.1	iJN1463.PP_3376	44.0	268	139	5	58	314	48	315	3.98e-59	192
WP_056842585.1	STM_v1_0.STM3646	39.5	299	165	8	10	296	3	297	7.24e-54	178
WP_056842585.1	iYL1228.KPN_03915	37.8	307	175	9	10	304	3	305	2.77e-53	177
WP_056842588.1	iYO844.BSU01580	41.0	471	268	4	5	474	14	475	9.50e-112	338
WP_056842589.1	iYL1228.KPN_03432	49.8	275	135	2	1	274	1	273	2.06e-92	274
WP_056842589.1	iYO844.BSU33400	49.8	267	130	3	7	272	9	272	1.22e-91	272
WP_056842589.1	iML1515.b3012	49.1	275	137	2	1	274	1	273	3.36e-91	271
WP_056842589.1	iPC815.YPO0676	49.5	275	136	2	1	274	1	273	1.45e-90	269
WP_056842589.1	STM_v1_0.STM3165	49.8	275	135	2	1	274	1	273	1.92e-90	269
WP_056842589.1	iSbBS512_1146.SbBS512_E3440	48.7	275	138	2	1	274	1	273	2.73e-90	268
WP_056842589.1	iYO844.BSU29050	45.6	274	141	4	8	276	10	280	1.58e-85	256
WP_056842589.1	iYS854.USA300HOU_RS03800	43.9	269	151	0	9	277	8	276	8.11e-83	249
WP_056842590.1	iJN1463.PP_4403	70.1	432	108	5	1	421	1	422	7.07e-190	533
WP_056842592.1	iJN1463.PP_4401	78.3	410	89	0	1	410	1	410	1.28e-240	660
WP_056842593.1	iJN1463.PP_1280	35.0	434	230	14	1	423	1	393	1.82e-67	224
WP_056842596.1	iAF987.Gmet_0043	26.2	336	217	12	311	639	44	355	1.25e-15	80.5
WP_056842598.1	STM_v1_0.STM4433	22.3	349	246	9	84	423	2	334	1.34e-14	74.3
WP_056842599.1	iML1515.b0465	36.9	203	128	0	531	733	840	1042	1.06e-30	129
WP_056842599.1	iML1515.b4159	32.7	251	164	2	491	736	783	1033	6.70e-29	124
WP_056842600.1	iJN1463.PP_2656	89.2	343	37	0	1	343	6	348	5.21e-219	600
WP_056842601.1	iJN1463.PP_2657	90.7	321	30	0	1	321	1	321	7.07e-205	562
WP_056842605.1	iJN1463.PP_2514	37.4	182	107	1	29	203	22	203	1.65e-29	110
WP_056842606.1	iYO844.BSU39060	38.3	449	249	5	1	448	1	422	7.59e-85	266
WP_056842606.1	iYO844.BSU26860	35.8	455	271	6	1	452	1	437	2.84e-81	257
WP_056842606.1	iJN1463.PP_0147	37.0	454	261	7	1	452	1	431	3.68e-81	257
WP_056842606.1	iJN1463.PP_2057	35.8	453	265	8	1	450	1	430	6.18e-75	241
WP_056842607.1	iSynCJ816.SGL_RS06955	31.3	275	160	9	8	260	4	271	2.20e-20	89.0
WP_056842607.1	STM_v1_0.STM4066	30.1	259	165	6	8	256	7	259	6.66e-20	87.8
WP_056842607.1	iYL1228.KPN_00516	29.9	308	190	9	10	298	7	307	7.86e-20	87.4
WP_056842609.1	iJN1463.PP_4866	44.8	310	159	4	4	312	5	303	7.63e-69	216
WP_056842609.1	iJN1463.PP_1140	45.3	311	147	6	4	307	7	301	6.64e-68	214
WP_056842609.1	iLJ478.TM1136	42.2	313	159	5	4	312	4	298	7.40e-68	213
WP_056842609.1	iML1515.b3457	43.6	305	161	4	4	307	8	302	3.84e-64	204
WP_056842609.1	iSbBS512_1146.SbBS512_E3865	43.6	305	161	4	4	307	8	302	3.84e-64	204
WP_056842609.1	iSSON_1240.SSON_3695	43.6	305	161	4	4	307	8	302	3.84e-64	204
WP_056842609.1	iYL1228.KPN_03819	43.3	312	152	3	4	307	8	302	7.66e-64	203
WP_056842609.1	STM_v1_0.STM3563	43.5	313	150	5	4	307	8	302	1.08e-63	203
WP_056842609.1	iSF_1195.SF3475	43.3	305	162	4	4	307	8	302	8.56e-63	201
WP_056842609.1	iPC815.YPO3807	42.4	304	166	2	4	307	8	302	1.21e-62	200
WP_056842610.1	iJN1463.PP_1139	42.7	335	146	7	34	357	109	408	6.28e-67	216
WP_056842610.1	iSF_1195.SF3474	41.5	352	157	8	18	357	93	407	9.74e-64	208
WP_056842610.1	iML1515.b3456	41.5	352	157	8	18	357	93	407	1.37e-63	208
WP_056842610.1	iSbBS512_1146.SbBS512_E3866	41.2	352	158	8	18	357	93	407	5.35e-63	206
WP_056842610.1	iSSON_1240.SSON_3694	41.2	352	158	8	18	357	93	407	5.35e-63	206
WP_056842610.1	iSDY_1059.SDY_3605	41.2	352	158	8	18	357	93	407	7.52e-63	206
WP_056842610.1	iPC815.YPO3806	41.8	354	155	9	18	357	91	407	2.25e-62	205
WP_056842610.1	STM_v1_0.STM3562	40.3	352	161	8	18	357	93	407	2.94e-62	204
WP_056842610.1	iYL1228.KPN_03818	40.3	352	161	8	18	357	93	407	5.80e-62	204
WP_056842610.1	iJN1463.PP_4865	41.4	324	137	7	46	355	135	419	5.69e-61	201
WP_056842611.1	iLJ478.TM1138	48.3	269	119	3	4	252	10	278	1.42e-76	233
WP_056842611.1	iAF987.Gmet_1820	48.4	250	129	0	5	254	1	250	1.58e-75	229
WP_056842611.1	iJN1463.PP_1138	47.0	253	133	1	1	252	1	253	1.50e-74	227
WP_056842611.1	iSSON_1240.SSON_3693	45.5	253	137	1	1	252	1	253	2.25e-71	219
WP_056842611.1	iML1515.b3455	45.5	253	137	1	1	252	1	253	3.18e-71	218
WP_056842611.1	iSbBS512_1146.SbBS512_E3867	45.5	253	137	1	1	252	1	253	3.18e-71	218
WP_056842611.1	iSF_1195.SF3473	45.5	253	137	1	1	252	1	253	3.18e-71	218
WP_056842611.1	iYL1228.KPN_03817	45.8	253	136	1	1	252	1	253	4.51e-71	218
WP_056842611.1	iSDY_1059.SDY_3604	45.1	253	138	1	1	252	1	253	9.04e-71	217
WP_056842611.1	STM_v1_0.STM3561	45.5	253	137	1	1	252	1	253	7.29e-70	215
WP_056842611.1	iPC815.YPO3805	46.8	250	132	1	4	252	5	254	4.15e-69	213
WP_056842612.1	iLJ478.TM1139	57.0	237	102	0	1	237	1	237	1.58e-85	253
WP_056842613.1	iJN1463.PP_4867	32.6	374	231	10	4	367	2	364	3.69e-51	175
WP_056842613.1	iJN1463.PP_1141	32.0	359	227	7	15	367	11	358	6.87e-49	169
WP_056842613.1	iML1515.b3458	31.0	371	247	3	1	371	1	362	4.93e-48	166
WP_056842613.1	iSbBS512_1146.SbBS512_E3864	31.0	371	247	3	1	371	1	362	4.93e-48	166
WP_056842613.1	iSDY_1059.SDY_3611	29.6	362	244	4	10	371	29	379	7.28e-48	166
WP_056842613.1	iSDY_1059.SDY_3607	31.0	371	247	3	1	371	1	362	4.93e-48	166
WP_056842613.1	iSSON_1240.SSON_3696	31.0	371	247	3	1	371	1	362	4.93e-48	166
WP_056842613.1	iML1515.b3460	29.6	362	244	4	10	371	10	360	6.59e-48	166
WP_056842613.1	iSbBS512_1146.SbBS512_E3862	29.6	362	244	4	10	371	10	360	6.59e-48	166
WP_056842613.1	iSF_1195.SF3478	29.6	362	244	4	10	371	29	379	1.02e-47	166
WP_056842613.1	iSSON_1240.SSON_3698	29.6	362	244	4	10	371	29	379	1.02e-47	166
WP_056842613.1	iYL1228.KPN_03820	29.9	371	251	3	1	371	1	362	1.35e-47	165
WP_056842613.1	iSF_1195.SF3476	30.7	371	248	3	1	371	1	362	1.89e-47	165
WP_056842613.1	iYL1228.KPN_03822	29.6	362	244	4	10	371	10	360	1.36e-46	162
WP_056842613.1	STM_v1_0.STM3567	30.1	362	242	4	10	371	8	358	1.81e-46	162
WP_056842613.1	STM_v1_0.STM3564	30.2	371	250	3	1	371	1	362	5.43e-46	161
WP_056842613.1	iPC815.YPO3808	29.9	344	236	3	29	371	25	364	7.94e-46	160
WP_056842614.1	iJN1463.PP_4034	54.6	410	178	3	4	409	12	417	2.70e-146	422
WP_056842614.1	iJN1463.PP_0614	51.4	403	196	0	7	409	18	420	1.64e-139	404
WP_056842615.1	iAF987.Gmet_2629	36.7	207	120	3	106	311	354	550	2.33e-33	129
WP_056842615.1	iAF987.Gmet_0957	39.2	186	106	4	126	309	179	359	2.58e-32	125
WP_056842615.1	iAF987.Gmet_1706	34.3	207	122	4	108	303	103	306	1.10e-33	125
WP_056842615.1	iAF987.Gmet_3085	35.8	212	126	3	101	311	423	625	9.38e-32	124
WP_056842615.1	iAF987.Gmet_0987	37.8	193	109	3	120	311	343	525	8.83e-32	124
WP_056842615.1	iML1515.b1285	35.8	193	112	2	117	309	216	396	2.86e-30	120
WP_056842615.1	iAF987.Gmet_0782	38.5	174	103	2	137	309	294	464	3.23e-30	120
WP_056842615.1	iAF987.Gmet_0700	36.8	209	117	4	102	309	363	557	8.56e-30	119
WP_056842615.1	iJN1463.PP_1144	32.1	215	126	2	112	309	240	451	5.06e-29	116
WP_056842618.1	iJN1463.PP_0873	70.4	351	103	1	7	356	8	358	5.73e-190	528
WP_056842620.1	iJN1463.PP_3146	32.7	395	233	15	20	401	21	395	6.51e-34	132
WP_056842622.1	iML1515.b2964	32.7	413	251	6	3	399	2	403	4.06e-75	239
WP_056842622.1	STM_v1_0.STM2421	36.0	419	241	6	5	407	4	411	4.06e-75	239
WP_056842622.1	iSbBS512_1146.SbBS512_E3397	32.7	413	251	6	3	399	2	403	4.06e-75	239
WP_056842622.1	iSDY_1059.SDY_3108	32.7	413	251	6	3	399	18	419	6.27e-75	239
WP_056842622.1	iSF_1195.SF2961	32.7	413	251	6	3	399	18	419	6.27e-75	239
WP_056842622.1	iSSON_1240.SSON_3232	32.7	413	251	6	3	399	18	419	6.27e-75	239
WP_056842622.1	STM_v1_0.STM3113	32.4	413	252	6	3	399	2	403	1.60e-74	238
WP_056842622.1	iYL1228.KPN_03396	32.4	413	252	6	3	399	2	403	4.35e-74	236
WP_056842622.1	iML1515.b2406	34.7	412	244	6	3	399	2	403	5.89e-71	228
WP_056842623.1	iYL1228.KPN_00862	38.1	557	305	6	9	525	9	565	1.03e-106	332
WP_056842623.1	iJN1463.PP_4150	39.4	525	302	6	12	523	6	527	3.31e-105	325
WP_056842623.1	iML1515.b2180	38.1	527	310	6	9	521	2	526	6.29e-104	322
WP_056842623.1	iSDY_1059.SDY_0758	37.9	557	303	7	12	525	1	557	8.71e-103	321
WP_056842623.1	iSSON_1240.SSON_0811	37.7	557	304	7	12	525	1	557	1.23e-102	321
WP_056842623.1	iML1515.b0829	37.7	557	304	7	12	525	12	568	2.30e-102	320
WP_056842623.1	iSbBS512_1146.SbBS512_E2519	37.7	557	304	7	12	525	12	568	2.30e-102	320
WP_056842623.1	iSF_1195.SF0779	37.7	557	304	7	12	525	1	557	4.80e-102	319
WP_056842623.1	STM_v1_0.STM0848	38.1	557	302	7	12	525	12	568	6.98e-101	317
WP_056842623.1	iYS854.USA300HOU_RS01050	38.2	502	302	3	31	524	24	525	1.34e-99	310
WP_056842624.1	iJN1463.PP_0880	34.5	261	154	2	11	259	41	296	5.01e-37	132
WP_056842624.1	iYS854.USA300HOU_RS01060	37.4	214	133	1	44	257	164	376	1.31e-33	125
WP_056842624.1	iSSON_1240.SSON_1639	31.9	248	168	1	11	257	36	283	1.31e-33	123
WP_056842624.1	iML1515.b1485	31.6	244	166	1	15	257	40	283	9.87e-33	121
WP_056842625.1	iML1515.b0831	34.0	309	196	1	21	329	5	305	3.00e-51	171
WP_056842625.1	iYL1228.KPN_00864	34.0	309	196	1	21	329	5	305	3.00e-51	171
WP_056842625.1	iSDY_1059.SDY_0756	34.0	309	196	1	21	329	5	305	3.00e-51	171
WP_056842625.1	iSSON_1240.SSON_0813	34.0	309	196	1	21	329	5	305	4.22e-51	171
WP_056842625.1	iSF_1195.SF0781	33.7	309	197	1	21	329	5	305	1.18e-50	170
WP_056842625.1	iSbBS512_1146.SbBS512_E2517	33.7	309	197	1	21	329	5	305	4.61e-50	168
WP_056842625.1	STM_v1_0.STM0850	34.0	309	196	1	21	329	5	305	6.48e-50	168
WP_056842625.1	iJN1463.PP_0881	32.8	332	202	3	19	329	3	334	4.82e-46	159
WP_056842626.1	STM_v1_0.STM3630	23.6	535	318	14	33	493	2	519	2.37e-30	124
WP_056842626.1	iML1515.b3544	24.8	521	321	17	37	493	6	519	1.07e-29	122
WP_056842626.1	iSSON_1240.SSON_3846	24.8	521	321	17	37	493	6	519	1.07e-29	122
WP_056842626.1	iSDY_1059.SDY_4567	24.6	521	322	17	37	493	6	519	1.96e-29	121
WP_056842626.1	iSF_1195.SF3579	24.6	521	322	17	37	493	6	519	1.96e-29	121
WP_056842626.1	iPC815.YPO4003	24.9	478	285	13	72	493	60	519	2.64e-29	120
WP_056842626.1	iYL1228.KPN_03899	23.9	477	291	13	72	493	51	510	3.67e-28	117
WP_056842627.1	iJN1463.PP_0658	58.2	297	118	3	3	294	16	311	5.35e-109	318
WP_056842631.1	iEK1008.Rv2833c	25.3	269	174	9	109	368	127	377	1.00e-06	50.4
WP_056842631.1	iCN900.CD630_34140	19.1	335	257	4	39	369	59	383	3.08e-06	48.9
WP_056842632.1	iEK1008.Rv2040c	29.9	271	178	7	18	280	2	268	9.88e-27	106
WP_056842632.1	iLJ478.TM1121	32.1	265	168	7	26	284	21	279	1.33e-23	97.8
WP_056842633.1	iEK1008.Rv1237	30.8	276	166	8	14	277	11	273	4.40e-25	100
WP_056842633.1	iCN900.CD630_34150	27.7	253	178	4	28	277	36	286	3.94e-24	98.2
WP_056842633.1	iEK1008.Rv2834c	28.0	254	174	5	29	277	25	274	1.63e-21	90.9
WP_056842634.1	iPC815.YPO3712	52.6	359	167	2	1	356	1	359	9.73e-126	365
WP_056842634.1	STM_v1_0.STM4230	51.8	359	170	2	1	356	1	359	1.04e-122	358
WP_056842634.1	iYL1228.KPN_04424	51.5	359	171	2	1	356	1	359	2.96e-122	357
WP_056842634.1	iML1515.b4035	51.5	361	170	3	1	356	1	361	2.94e-120	352
WP_056842634.1	iSSON_1240.SSON_4213	51.5	361	170	3	1	356	1	361	2.94e-120	352
WP_056842634.1	iSF_1195.SF4170	51.2	361	171	3	1	356	1	361	2.38e-119	349
WP_056842635.1	iYL1228.KPN_02061	38.0	250	152	1	7	253	3	252	3.48e-48	159
WP_056842635.1	iCN718.ABAYE_RS09965	36.7	256	159	1	1	253	2	257	1.54e-44	150
WP_056842635.1	iNF517.LLMG_RS08260	37.7	247	154	0	7	253	3	249	6.90e-44	148
WP_056842636.1	iML1515.b3241	32.5	83	56	0	33	115	12	94	1.26e-06	49.3
WP_056842640.1	iSSON_1240.SSON_0704	30.6	310	183	6	6	305	1	288	1.78e-28	111
WP_056842640.1	iML1515.b0752	30.3	310	184	6	6	305	1	288	4.78e-28	110
WP_056842640.1	iSbBS512_1146.SbBS512_E0672	30.3	310	184	6	6	305	1	288	4.78e-28	110
WP_056842640.1	iSDY_1059.SDY_0696	30.3	310	184	6	6	305	1	288	4.78e-28	110
WP_056842640.1	iSF_1195.SF0552	30.3	310	184	6	6	305	1	288	4.78e-28	110
WP_056842640.1	STM_v1_0.STM0758	28.8	313	185	6	6	305	1	288	4.60e-26	104
WP_056842640.1	iYO844.BSU26650	28.5	291	182	6	19	301	3	275	1.67e-25	103
WP_056842640.1	iYL1228.KPN_00756	29.2	308	190	6	6	305	1	288	6.43e-25	101
WP_056842640.1	iJN1463.PP_0026	28.7	310	178	8	15	305	1	286	1.38e-24	100
WP_056842641.1	iLJ478.TM1169	30.4	263	146	5	1	258	1	231	1.08e-32	119
WP_056842641.1	iYL1228.KPN_01091	30.0	260	158	3	3	258	1	240	1.37e-31	116
WP_056842641.1	iML1515.b1093	29.6	260	159	3	3	258	1	240	7.44e-31	114
WP_056842641.1	STM_v1_0.STM1195	29.6	260	159	3	3	258	1	240	7.44e-31	114
WP_056842641.1	iSbBS512_1146.SbBS512_E2231	29.6	260	159	3	3	258	1	240	7.44e-31	114
WP_056842641.1	iSF_1195.SF1097	29.6	260	159	3	3	258	1	240	7.44e-31	114
WP_056842641.1	iSSON_1240.SSON_1113	29.6	260	159	3	3	258	1	240	7.44e-31	114
WP_056842641.1	iSDY_1059.SDY_2057	29.6	260	159	3	3	258	1	240	1.04e-30	114
WP_056842641.1	iPC815.YPO1599	28.8	260	161	3	3	258	1	240	2.87e-30	113
WP_056842641.1	iYO844.BSU32000	32.4	259	166	4	4	259	5	257	1.16e-29	112
WP_056842641.1	iCN718.ABAYE_RS09790	28.4	261	172	5	5	258	5	257	3.16e-29	110
WP_056842641.1	iLJ478.TM1724	30.4	263	156	6	5	260	3	245	2.39e-28	108
WP_056842641.1	iCN900.CD630_11820	29.0	262	166	4	3	260	2	247	3.58e-28	107
WP_056842642.1	iSynCJ816.SGL_RS04775	33.6	107	64	3	6	107	20	124	2.11e-10	59.3
WP_056842644.1	iJN1463.PP_1254	55.2	362	162	0	1	362	1	362	5.28e-141	404
WP_056842644.1	iJN1463.PP_2489	54.0	363	167	0	1	363	1	363	2.22e-138	397
WP_056842645.1	iYO844.BSU32510	24.2	327	214	6	16	318	12	328	1.26e-16	79.0
WP_056842647.1	iJN1463.PP_0237	32.3	279	179	4	20	292	26	300	3.14e-35	129
WP_056842647.1	iCN718.ABAYE_RS19040	30.7	274	182	3	24	292	38	308	4.73e-33	124
WP_056842647.1	iCN718.ABAYE_RS19045	31.7	246	160	3	51	292	72	313	1.03e-31	120
WP_056842648.1	iJN1463.PP_3219	27.3	238	137	7	26	262	16	218	2.81e-15	76.6
WP_056842652.1	iCN900.CD630_03030	26.5	321	203	9	11	311	6	313	5.35e-19	88.2
WP_056842652.1	iSF_1195.SF4034	30.0	237	150	5	80	314	61	283	2.44e-18	85.9
WP_056842652.1	iSbBS512_1146.SbBS512_E4443	29.5	224	146	4	80	301	61	274	8.00e-18	84.3
WP_056842652.1	iSDY_1059.SDY_3792	29.5	237	151	5	80	314	61	283	1.08e-17	84.0
WP_056842652.1	iML1515.b3957	29.5	237	151	5	80	314	61	283	1.45e-17	83.6
WP_056842652.1	iSSON_1240.SSON_4130	29.1	237	152	5	80	314	61	283	3.52e-17	82.4
WP_056842652.1	iYL1228.KPN_04246	30.5	220	135	4	80	294	74	280	6.93e-17	81.6
WP_056842652.1	iYO844.BSU19710	28.3	233	157	4	79	307	81	307	1.15e-16	81.3
WP_056842652.1	iYS854.USA300HOU_RS10880	33.3	174	106	5	80	247	53	222	2.39e-16	80.1
WP_056842653.1	iSDY_1059.SDY_0757	24.9	470	341	3	45	503	32	500	1.02e-38	147
WP_056842653.1	iSbBS512_1146.SbBS512_E2518	24.9	470	341	3	45	503	32	500	1.91e-38	147
WP_056842653.1	iYL1228.KPN_00863	25.7	482	345	4	45	515	32	511	2.65e-38	146
WP_056842653.1	iML1515.b0830	24.9	470	341	3	45	503	32	500	3.58e-38	146
WP_056842653.1	iSSON_1240.SSON_0812	24.9	470	341	3	45	503	32	500	3.58e-38	146
WP_056842653.1	iSF_1195.SF0780	24.7	470	342	3	45	503	32	500	1.25e-37	144
WP_056842653.1	STM_v1_0.STM0849	25.1	483	347	5	45	515	32	511	8.20e-37	142
WP_056842653.1	iPC815.YPO4003	27.4	497	322	14	55	516	43	535	1.29e-35	139
WP_056842654.1	STM_v1_0.STM3629	38.6	334	181	3	5	314	4	337	2.00e-66	211
WP_056842654.1	iML1515.b3543	38.6	334	181	3	5	314	4	337	5.63e-66	210
WP_056842654.1	iSDY_1059.SDY_4566	38.6	334	181	3	5	314	4	337	5.63e-66	210
WP_056842654.1	iSSON_1240.SSON_3847	38.6	334	181	3	5	314	4	337	5.63e-66	210
WP_056842654.1	iSF_1195.SF3578	38.3	334	182	3	5	314	4	337	2.23e-65	208
WP_056842654.1	iYL1228.KPN_03898	37.7	334	184	3	5	314	4	337	4.96e-64	205
WP_056842654.1	iYL1228.KPN_00864	39.0	310	181	1	5	314	4	305	5.38e-61	196
WP_056842654.1	STM_v1_0.STM0850	39.0	310	181	1	5	314	4	305	6.00e-60	193
WP_056842654.1	iSDY_1059.SDY_3632	39.7	312	177	2	5	313	4	307	1.50e-59	192
WP_056842654.1	iML1515.b3477	39.4	312	178	2	5	313	4	307	4.20e-59	191
WP_056842654.1	iSbBS512_1146.SbBS512_E3844	39.4	312	178	2	5	313	4	307	4.20e-59	191
WP_056842654.1	iSSON_1240.SSON_3715	39.4	312	178	2	5	313	4	307	4.20e-59	191
WP_056842654.1	iML1515.b0831	37.7	310	185	1	5	314	4	305	4.73e-59	191
WP_056842654.1	iSDY_1059.SDY_0756	37.7	310	185	1	5	314	4	305	4.73e-59	191
WP_056842654.1	iSSON_1240.SSON_0813	37.7	310	185	1	5	314	4	305	6.67e-59	191
WP_056842655.1	iSSON_1240.SSON_1639	44.1	270	151	0	4	273	23	292	1.05e-71	222
WP_056842655.1	iML1515.b1485	43.7	270	152	0	4	273	23	292	1.19e-70	219
WP_056842655.1	iSbBS512_1146.SbBS512_E1748	43.3	270	149	1	4	273	23	288	2.72e-68	213
WP_056842656.1	STM_v1_0.STM0848	40.5	561	298	8	4	532	12	568	5.47e-130	392
WP_056842656.1	iYL1228.KPN_00862	40.2	557	302	6	4	532	12	565	1.18e-124	378
WP_056842656.1	iSbBS512_1146.SbBS512_E2519	39.8	566	295	7	4	532	12	568	2.94e-123	375
WP_056842656.1	iML1515.b0829	40.1	566	293	8	4	532	12	568	1.64e-122	373
WP_056842656.1	iJN1463.PP_4150	40.6	529	305	4	4	530	6	527	3.34e-123	372
WP_056842656.1	iSSON_1240.SSON_0811	39.9	566	294	8	4	532	1	557	3.36e-122	372
WP_056842656.1	iSDY_1059.SDY_0758	39.8	561	302	8	4	532	1	557	6.69e-122	371
WP_056842656.1	iSF_1195.SF0779	38.9	561	307	7	4	532	1	557	3.26e-119	364
WP_056842659.1	iJN1463.PP_2448	32.5	394	255	6	4	392	6	393	5.90e-66	216
WP_056842659.1	iYL1228.KPN_01017	32.4	395	261	6	1	392	1	392	4.74e-64	211
WP_056842659.1	iML1515.b1301	32.7	395	260	6	1	392	1	392	1.50e-61	205
WP_056842659.1	iSSON_1240.SSON_1839	32.7	395	260	6	1	392	1	392	1.50e-61	205
WP_056842659.1	iSbBS512_1146.SbBS512_E1537	32.7	395	260	6	1	392	1	392	5.81e-61	203
WP_056842659.1	iJN1463.PP_5273	33.1	396	252	9	7	394	10	400	8.98e-61	203
WP_056842659.1	iSDY_1059.SDY_1943	32.4	395	261	6	1	392	1	392	3.15e-60	201
WP_056842659.1	iSF_1195.SF1306	32.4	395	261	6	1	392	1	392	1.22e-59	200
WP_056842659.1	iJN1463.PP_4548	32.5	391	256	6	7	392	15	402	1.20e-57	195
WP_056842660.1	iML1515.b1920	30.4	250	155	4	30	277	34	266	4.96e-29	110
WP_056842660.1	STM_v1_0.STM1954	30.1	249	155	4	30	276	34	265	7.18e-28	107
WP_056842661.1	iJN1463.PP_0226	46.0	163	88	0	156	318	55	217	1.10e-41	144
WP_056842661.1	iML1515.b1918	44.0	166	93	0	156	321	54	219	1.69e-40	140
WP_056842661.1	iCN900.CD630_07510	38.8	219	126	3	103	314	2	219	5.08e-40	139
WP_056842661.1	iYS854.USA300HOU_RS09930	37.5	208	129	1	111	317	275	482	3.57e-35	132
WP_056842661.1	iSynCJ816.SGL_RS07090	43.9	164	86	1	160	317	353	516	7.98e-35	132
WP_056842661.1	iYO844.BSU03600	38.2	204	125	1	116	318	27	230	2.23e-36	130
WP_056842663.1	iJN1463.PP_2215	79.3	392	81	0	4	395	6	397	1.00e-216	598
WP_056842664.1	iJN1463.PP_2214	76.5	255	58	1	1	253	1	255	1.20e-130	369
WP_056842665.1	iJN1463.PP_2213	72.0	546	150	1	1	546	14	556	1.18e-292	804
WP_056842670.1	iJN1463.PP_2435	63.5	384	136	2	1	380	22	405	1.50e-164	466
WP_056842671.1	iJN1463.PP_2407	68.5	149	47	0	1	149	1	149	1.25e-72	214
WP_056842672.1	iPC815.YPO1358	45.5	569	308	2	6	572	5	573	1.95e-181	523
WP_056842672.1	iML1515.b0871	45.9	569	305	3	6	572	5	572	7.59e-181	521
WP_056842672.1	iSbBS512_1146.SbBS512_E2460	45.9	569	305	3	6	572	5	572	1.52e-180	521
WP_056842672.1	iSSON_1240.SSON_0857	45.9	569	305	3	6	572	5	572	1.52e-180	521
WP_056842672.1	iSF_1195.SF0826	45.7	569	306	3	6	572	5	572	3.05e-180	520
WP_056842672.1	iSDY_1059.SDY_2392	45.5	569	307	3	6	572	5	572	4.32e-180	520
WP_056842672.1	STM_v1_0.STM0935	45.9	569	305	3	6	572	5	572	8.67e-180	519
WP_056842672.1	iYL1228.KPN_00904	45.0	569	310	3	6	572	8	575	4.40e-178	514
WP_056842676.1	iJN1463.PP_5246	75.0	593	148	0	1	593	1	593	9.31e-300	826
WP_056842679.1	iSynCJ816.SGL_RS03425	30.6	134	88	2	2	132	242	373	1.01e-09	55.1
WP_056842679.1	iYL1228.KPN_03193	38.0	71	44	0	7	77	234	304	1.43e-08	51.6
WP_056842680.1	iJN1463.PP_3410	78.5	247	53	0	1	247	1	247	2.02e-138	388
WP_056842682.1	STM_v1_0.STM2232	25.9	370	208	16	3	337	8	346	7.09e-06	47.4
WP_056842683.1	iJN1463.PP_2375	87.7	1235	147	1	1	1230	1	1235	0.0	2169
WP_056842684.1	STM_v1_0.STM2916	46.1	193	103	1	2	193	6	198	5.86e-55	174
WP_056842684.1	iYL1228.KPN_01603	48.6	183	93	1	4	185	3	185	9.78e-55	173
WP_056842684.1	iML1515.b2738	43.9	205	113	2	4	206	8	212	4.72e-54	171
WP_056842684.1	iSbBS512_1146.SbBS512_E3136	43.9	205	113	2	4	206	8	212	4.72e-54	171
WP_056842684.1	iSSON_1240.SSON_2886	43.9	205	113	2	4	206	8	212	4.72e-54	171
WP_056842687.1	iJN1463.PP_3417	43.7	410	220	3	44	448	47	450	1.52e-105	320
WP_056842689.1	iJN1463.PP_4492	56.4	362	158	0	7	368	3	364	7.18e-136	394
WP_056842694.1	iYL1228.KPN_00755	26.6	207	127	2	1	182	22	228	3.04e-19	81.6
WP_056842694.1	iPC815.YPO1128	24.4	209	133	3	1	184	22	230	4.48e-18	78.6
WP_056842695.1	iPC815.YPO0444	23.2	177	130	3	1	172	231	406	1.45e-05	43.9
WP_056842695.1	iML1515.b4390	23.7	139	101	2	1	135	231	368	2.14e-04	40.4
WP_056842695.1	iYL1228.KPN_04845	24.5	139	100	2	1	135	231	368	2.14e-04	40.4
WP_056842695.1	iSbBS512_1146.SbBS512_E4937	23.7	139	101	2	1	135	231	368	2.14e-04	40.4
WP_056842695.1	iSDY_1059.SDY_4651	23.7	139	101	2	1	135	238	375	2.15e-04	40.4
WP_056842695.1	iSF_1195.SF4422	23.7	139	101	2	1	135	238	375	2.15e-04	40.4
WP_056842695.1	iSSON_1240.SSON_4540	23.7	139	101	2	1	135	238	375	2.15e-04	40.4
WP_056842698.1	iEK1008.Rv2850c	28.3	180	118	1	17	185	437	616	2.01e-08	52.8
WP_056842699.1	iEK1008.Rv2850c	55.5	281	119	1	7	281	4	284	6.68e-94	291
WP_056842700.1	iJN1463.PP_3507	78.3	1254	267	3	1	1250	1	1253	0.0	1997
WP_056842701.1	iJN1463.PP_4639	30.6	363	191	12	7	354	3	319	1.47e-33	126
WP_056842702.1	iJN1463.PP_2418	47.7	342	171	3	1	342	31	364	2.98e-107	317
WP_056842703.1	iML1515.b3241	26.4	318	164	10	70	381	38	291	1.87e-14	73.2
WP_056842707.1	iAF987.Gmet_1919	31.8	107	70	3	558	663	4	108	6.77e-07	51.6
WP_056842707.1	iAF987.Gmet_1914	26.9	104	75	1	557	660	2	104	1.07e-05	48.1
WP_056842709.1	iJN1463.PP_3578	85.7	545	77	1	1	545	1	544	0.0	931
WP_056842710.1	iJN1463.PP_3601	87.2	517	66	0	1	517	1	517	0.0	905
WP_056842711.1	iJN1463.PP_3600	83.4	445	73	1	1	445	1	444	2.18e-270	739
WP_056842717.1	iAF987.Gmet_0043	32.0	247	153	6	43	280	26	266	1.22e-23	100
WP_056842718.1	iAF987.Gmet_0069	28.0	157	108	3	7	161	5	158	2.93e-13	70.9
WP_056842720.1	iML1515.b0837	61.2	343	133	0	36	378	25	367	2.28e-158	449
WP_056842720.1	iSbBS512_1146.SbBS512_E2507	61.2	343	133	0	36	378	25	367	3.24e-158	449
WP_056842720.1	iSSON_1240.SSON_0820	60.9	343	134	0	36	378	25	367	1.31e-157	447
WP_056842720.1	iYL1228.KPN_00869	61.8	346	132	0	36	381	23	368	2.46e-157	446
WP_056842723.1	iML1515.b0808	29.0	482	312	12	210	676	262	728	2.43e-32	133
WP_056842724.1	iJN1463.PP_0169	81.3	283	53	0	11	293	17	299	2.40e-174	483
WP_056842729.1	iJN1463.PP_2448	83.6	427	70	0	1	427	1	427	2.34e-270	737
WP_056842733.1	iJN1463.PP_3189	75.4	410	100	1	1	409	1	410	2.82e-227	627
WP_056842733.1	iYL1228.KPN_00632	72.9	410	111	0	1	410	1	410	7.05e-223	615
WP_056842736.1	iSynCJ816.SGL_RS11200	37.8	386	231	5	11	394	4	382	2.31e-80	251
WP_056842736.1	iLJ478.TM1400	34.2	392	238	7	11	398	7	382	5.79e-71	227
WP_056842737.1	iHN637.CLJU_RS06685	27.3	403	286	5	2	400	18	417	1.79e-52	181
WP_056842737.1	iHN637.CLJU_RS01890	28.7	408	265	7	11	399	10	410	1.74e-49	173
WP_056842738.1	iJN1463.PP_4298	72.1	258	72	0	1	258	1	258	2.80e-139	391
WP_056842739.1	iPC815.YPO1511	61.7	556	208	1	5	555	7	562	1.38e-250	698
WP_056842739.1	iCN718.ABAYE_RS18525	59.6	559	221	1	5	558	7	565	1.73e-246	687
WP_056842739.1	STM_v1_0.STM1566	58.9	562	226	1	2	558	4	565	2.37e-239	669
WP_056842739.1	iYL1228.KPN_01847	58.2	562	230	1	2	558	4	565	4.49e-237	664
WP_056842739.1	iML1515.b1479	58.2	558	228	1	6	558	8	565	5.18e-236	661
WP_056842739.1	iSF_1195.SF1746	58.2	558	228	1	6	558	8	565	1.48e-235	660
WP_056842739.1	iSbBS512_1146.SbBS512_E1742	58.2	558	228	1	6	558	8	565	2.97e-235	659
WP_056842739.1	iSSON_1240.SSON_1645	58.1	558	229	1	6	558	17	574	1.66e-234	657
WP_056842740.1	iCN718.ABAYE_RS04780	47.9	766	392	4	8	768	17	780	4.04e-245	702
WP_056842741.1	iJN1463.PP_5135	25.8	345	225	9	13	346	5	329	3.84e-11	63.2
WP_056842742.1	iPC815.YPO1332	45.7	359	178	5	4	348	20	375	1.34e-88	271
WP_056842742.1	STM_v1_0.STM0878	44.1	356	188	4	4	348	20	375	6.79e-86	264
WP_056842742.1	iSbBS512_1146.SbBS512_E2476	44.8	357	184	4	4	348	20	375	5.41e-85	261
WP_056842742.1	iSDY_1059.SDY_0740	44.5	357	185	4	4	348	20	375	1.08e-84	261
WP_056842742.1	iML1515.b0855	44.8	357	184	4	4	348	20	375	1.53e-84	260
WP_056842742.1	iSSON_1240.SSON_0840	44.8	357	184	4	4	348	47	402	3.38e-84	260
WP_056842742.1	iYL1228.KPN_00886	45.1	357	183	6	4	348	36	391	3.46e-84	260
WP_056842742.1	iJN1463.PP_0411	42.0	367	183	7	5	349	10	368	3.94e-84	259
WP_056842742.1	iSF_1195.SF0809	44.5	357	185	4	4	348	47	402	9.52e-84	259
WP_056842742.1	iCN900.CD630_10240	38.9	355	195	3	4	351	6	345	7.85e-83	255
WP_056842742.1	iSynCJ816.SGL_RS17160	42.1	337	180	4	4	336	3	328	3.99e-82	253
WP_056842742.1	iSbBS512_1146.SbBS512_E1304	50.3	292	135	4	5	287	13	303	1.58e-81	253
WP_056842742.1	iSSON_1240.SSON_1144	50.3	292	135	4	5	287	13	303	1.58e-81	253
WP_056842742.1	iCN900.CD630_35300	49.6	238	120	0	1	238	1	238	5.43e-82	252
WP_056842742.1	iJN1463.PP_1722	46.8	308	139	3	1	306	1	285	5.11e-82	252
WP_056842742.1	STM_v1_0.STM1226	50.2	285	138	3	6	287	20	303	2.23e-81	252
WP_056842742.1	iSDY_1059.SDY_2026	50.5	285	137	3	6	287	20	303	2.23e-81	252
WP_056842742.1	iML1515.b1126	50.3	292	135	4	5	287	13	303	3.15e-81	252
WP_056842742.1	iSF_1195.SF1128	50.3	292	135	4	5	287	13	303	3.15e-81	252
WP_056842742.1	iYL1228.KPN_01132	49.8	285	139	3	6	287	20	303	6.29e-81	251
WP_056842742.1	iML1515.b1441	43.2	336	165	5	13	343	14	328	2.61e-81	251
WP_056842742.1	iSSON_1240.SSON_1696	43.2	336	165	5	13	343	14	328	2.61e-81	251
WP_056842742.1	iCN900.CD630_35270	48.3	238	123	0	1	238	1	238	1.22e-80	249
WP_056842742.1	iJN1463.PP_1484	52.3	237	113	0	11	247	12	248	2.49e-80	248
WP_056842742.1	iJN1463.PP_5179	43.6	351	183	5	6	343	25	373	4.20e-79	246
WP_056842742.1	iSDY_1059.SDY_1733	42.6	336	167	5	13	343	14	328	2.34e-79	246
WP_056842742.1	iCN718.ABAYE_RS05140	41.4	343	169	5	4	324	3	335	7.55e-79	245
WP_056842742.1	iLJ478.TM0421	46.4	289	151	3	1	286	1	288	2.54e-78	244
WP_056842743.1	iML1515.b1125	34.8	224	145	1	45	268	30	252	5.92e-35	127
WP_056842743.1	iYL1228.KPN_00887	32.0	231	157	0	54	284	82	312	1.49e-34	127
WP_056842743.1	STM_v1_0.STM0879	33.2	226	151	0	54	279	82	307	1.49e-34	127
WP_056842743.1	iSDY_1059.SDY_2027	34.8	224	145	1	45	268	30	252	5.92e-35	127
WP_056842743.1	iSF_1195.SF1127	34.8	224	145	1	45	268	30	252	5.92e-35	127
WP_056842743.1	iSSON_1240.SSON_1143	34.8	224	145	1	45	268	30	252	5.92e-35	127
WP_056842743.1	iSbBS512_1146.SbBS512_E2475	32.7	226	152	0	54	279	82	307	2.08e-34	126
WP_056842743.1	STM_v1_0.STM1225	32.8	247	162	2	45	288	40	285	1.53e-34	126
WP_056842743.1	iML1515.b0856	32.3	226	153	0	54	279	82	307	5.69e-34	125
WP_056842743.1	iSbBS512_1146.SbBS512_E1303	34.8	224	145	1	45	268	40	262	2.99e-34	125
WP_056842743.1	iSF_1195.SF0810	32.3	226	153	0	54	279	82	307	5.69e-34	125
WP_056842743.1	iSSON_1240.SSON_0841	32.3	226	153	0	54	279	82	307	5.69e-34	125
WP_056842743.1	iCN900.CD630_10250	31.5	257	170	3	31	287	22	272	3.42e-34	125
WP_056842743.1	iYL1228.KPN_01131	34.1	232	151	2	45	275	40	270	4.01e-34	125
WP_056842743.1	iJN1463.PP_0413	33.5	209	139	0	67	275	193	401	2.24e-32	123
WP_056842743.1	iSDY_1059.SDY_0739	31.9	226	154	0	54	279	82	307	4.23e-33	123
WP_056842743.1	iPC815.YPO1333	34.0	215	142	0	54	268	86	300	6.39e-33	122
WP_056842743.1	iJN1463.PP_3815	32.9	228	152	1	47	273	61	288	9.02e-33	122
WP_056842743.1	iHN637.CLJU_RS10675	28.1	267	191	1	18	284	18	283	2.46e-32	120
WP_056842743.1	iJN1463.PP_5178	32.1	224	152	0	52	275	69	292	7.05e-31	117
WP_056842744.1	iJN1463.PP_0414	35.1	242	157	0	14	255	23	264	7.92e-44	149
WP_056842744.1	iJN1463.PP_3816	33.0	233	156	0	17	249	25	257	3.82e-39	137
WP_056842745.1	iYO844.BSU11670	25.1	371	252	9	11	368	6	363	1.93e-22	97.1
WP_056842745.1	iJN1463.PP_0612	24.9	366	245	7	8	358	1	351	1.62e-21	94.4
WP_056842746.1	iJN1463.PP_2185	40.0	85	41	3	21	102	22	99	1.01e-06	45.8
WP_056842747.1	iJN1463.PP_0325	25.4	480	282	14	7	457	172	604	5.56e-17	83.6
WP_056842748.1	iJN1463.PP_0323	27.4	398	271	12	2	388	26	416	1.14e-25	107
WP_056842748.1	iJN1463.PP_3146	27.3	374	238	10	9	360	31	392	5.30e-22	96.7
WP_056842751.1	iJN1463.PP_3378	68.1	313	100	0	1	313	1	313	5.57e-145	410
WP_056842752.1	iJN1463.PP_3377	79.8	426	84	1	1	426	1	424	7.59e-244	670
WP_056842756.1	iJN1463.PP_3416	69.3	176	54	0	1	176	1	176	2.54e-83	243
WP_056842757.1	iJN1463.PP_3417	87.1	450	58	0	1	450	1	450	1.29e-274	749
WP_056842758.1	iSDY_1059.SDY_1121	59.1	491	201	0	6	496	8	498	3.53e-201	568
WP_056842758.1	iML1515.b1900	58.9	491	202	0	6	496	8	498	1.01e-200	566
WP_056842758.1	iSSON_1240.SSON_1218	58.9	491	202	0	6	496	8	498	2.87e-200	565
WP_056842758.1	iSbBS512_1146.SbBS512_E1024	58.9	491	202	0	6	496	8	498	1.16e-199	564
WP_056842758.1	iPC815.YPO2256	58.5	492	204	0	6	497	20	511	5.63e-195	553
WP_056842759.1	iML1515.b1901	61.3	310	118	2	23	331	18	326	4.11e-129	371
WP_056842759.1	iSbBS512_1146.SbBS512_E1025	61.0	310	119	2	23	331	18	326	4.11e-129	371
WP_056842759.1	iSDY_1059.SDY_1120	61.3	310	118	2	23	331	18	326	5.83e-129	371
WP_056842759.1	iSSON_1240.SSON_1217	61.3	310	118	2	23	331	18	326	5.83e-129	371
WP_056842759.1	iPC815.YPO2255	61.3	305	116	2	28	331	23	326	2.39e-125	362
WP_056842760.1	iCN718.ABAYE_RS14110	46.0	385	195	6	6	383	2	380	9.08e-111	328
WP_056842760.1	iLJ478.TM0282	47.8	356	173	5	31	383	10	355	1.78e-104	311
WP_056842765.1	iJN1463.PP_3992	90.0	441	44	0	7	447	13	453	9.18e-262	717
WP_056842769.1	iJN1463.PP_3178	74.3	374	96	0	1	374	1	374	2.70e-191	533
WP_056842770.1	STM_v1_0.STM0353	62.5	746	278	1	8	753	11	754	1.56e-308	861
WP_056842771.1	iYO844.BSU32510	24.9	313	201	9	24	312	20	322	7.90e-16	76.6
WP_056842773.1	iAF987.Gmet_0069	33.6	125	78	3	3	122	5	129	1.37e-13	68.2
WP_056842773.1	iAF987.Gmet_1919	29.7	175	116	5	3	171	5	178	1.93e-12	65.1
WP_056842773.1	iAF987.Gmet_1706	28.9	190	119	5	1	182	1	182	3.20e-12	64.3
WP_056842773.1	iAF987.Gmet_1914	30.5	131	89	2	2	131	3	132	4.39e-12	64.3
WP_056842773.1	iAF987.Gmet_2999	32.8	134	74	4	3	126	10	137	2.28e-11	62.0
WP_056842774.1	iAF987.Gmet_0043	26.4	246	164	6	218	447	12	256	4.83e-08	55.1
WP_056842777.1	iIS312.TCDM_05651	31.7	167	98	4	44	199	98	259	3.65e-20	85.1
WP_056842777.1	iIS312.TCDM_00967	30.1	163	86	3	44	178	143	305	5.44e-18	80.1
WP_056842778.1	iPC815.YPO1395	31.4	439	287	9	163	598	152	579	3.68e-54	193
WP_056842778.1	STM_v1_0.STM0984	30.8	439	290	9	163	598	152	579	6.67e-53	190
WP_056842778.1	iYL1228.KPN_00941	29.8	477	313	11	132	598	115	579	2.41e-52	188
WP_056842778.1	iSF_1195.SF0910	30.1	439	293	9	163	598	152	579	4.31e-51	185
WP_056842778.1	iSSON_1240.SSON_0916	30.1	439	293	9	163	598	152	579	5.93e-51	184
WP_056842778.1	iML1515.b0914	30.1	439	293	9	163	598	152	579	8.17e-51	184
WP_056842778.1	iSbBS512_1146.SbBS512_E2410	30.1	439	293	9	163	598	152	579	8.17e-51	184
WP_056842778.1	iSDY_1059.SDY_2344	30.1	439	293	9	163	598	152	579	8.17e-51	184
WP_056842778.1	iMM1415.18670	40.8	238	136	3	363	599	1038	1271	2.16e-46	176
WP_056842778.1	iCHOv1.100682535	40.3	238	137	3	363	599	1043	1276	2.91e-46	175
WP_056842778.1	iJN1463.PP_4935	30.1	419	282	8	177	594	180	588	3.07e-47	174
WP_056842780.1	iPC815.YPO1149	33.7	347	205	7	25	370	6	328	8.64e-54	180
WP_056842780.1	iYL1228.KPN_00781	31.3	345	212	7	25	368	30	350	2.89e-48	166
WP_056842780.1	iSSON_1240.SSON_0741	31.3	345	212	7	25	368	6	326	1.22e-47	164
WP_056842780.1	STM_v1_0.STM0785	31.5	346	210	8	25	368	6	326	1.71e-47	164
WP_056842780.1	iML1515.b0767	31.0	345	213	7	25	368	6	326	4.72e-47	162
WP_056842780.1	iSDY_1059.SDY_2011	31.0	345	213	7	25	368	6	326	4.72e-47	162
WP_056842782.1	iCN900.CD630_08000	30.3	251	173	2	1	250	4	253	2.70e-36	129
WP_056842782.1	iAF987.Gmet_2195	33.9	242	146	4	4	232	8	248	2.51e-36	129
WP_056842782.1	iAF987.Gmet_2071	33.6	223	144	2	3	221	5	227	7.49e-36	127
WP_056842782.1	iAF987.Gmet_2057	32.3	260	166	5	1	251	14	272	3.64e-33	121
WP_056842782.1	iJN1463.PP_2217	32.1	249	163	5	4	250	6	250	6.24e-33	120
WP_056842782.1	iYO844.BSU18220	32.9	231	150	2	12	241	14	240	9.38e-33	119
WP_056842782.1	iEK1008.Rv1070c	31.3	249	167	3	4	251	6	251	1.72e-32	119
WP_056842782.1	iCN900.CD630_10570	29.3	249	174	2	3	250	11	258	1.12e-31	117
WP_056842782.1	iMM1415.93747	31.8	239	148	6	4	236	36	265	1.92e-31	117
WP_056842783.1	iJN1463.PP_0412	37.4	342	194	9	20	351	9	340	1.61e-68	218
WP_056842784.1	iJN1463.PP_0411	43.0	351	189	5	8	348	18	367	3.36e-93	282
WP_056842784.1	iJN1463.PP_3817	42.8	348	178	5	8	340	18	359	6.88e-92	279
WP_056842784.1	STM_v1_0.STM0878	40.9	359	194	4	5	348	20	375	2.72e-87	267
WP_056842784.1	iPC815.YPO1332	41.2	357	196	4	5	348	20	375	3.07e-86	265
WP_056842784.1	iPC815.YPO2846	41.3	334	183	5	1	325	1	330	3.79e-86	264
WP_056842784.1	iSF_1195.SF0809	41.5	352	188	4	5	341	47	395	1.53e-84	261
WP_056842784.1	iSbBS512_1146.SbBS512_E1304	44.6	334	167	4	1	322	14	341	1.01e-84	261
WP_056842784.1	iSSON_1240.SSON_1144	44.6	334	167	4	1	322	14	341	1.01e-84	261
WP_056842784.1	iSynCJ816.SGL_RS17160	40.7	334	182	4	10	338	8	330	5.04e-85	261
WP_056842784.1	iSDY_1059.SDY_2026	44.6	334	167	4	1	322	14	341	1.42e-84	260
WP_056842784.1	iML1515.b0855	41.2	352	189	4	5	341	20	368	1.95e-84	260
WP_056842784.1	iML1515.b1126	44.6	334	167	4	1	322	14	341	2.01e-84	260
WP_056842784.1	iSF_1195.SF1128	44.6	334	167	4	1	322	14	341	2.01e-84	260
WP_056842784.1	iYL1228.KPN_01132	45.4	326	160	4	9	322	22	341	4.02e-84	259
WP_056842784.1	iSSON_1240.SSON_0840	41.2	352	189	4	5	341	47	395	8.62e-84	259
WP_056842784.1	iLJ478.TM1376	39.1	322	188	2	4	317	5	326	2.98e-84	259
WP_056842784.1	iJN1463.PP_1484	41.7	331	168	3	1	327	1	310	1.97e-84	259
WP_056842784.1	iSDY_1059.SDY_0740	41.0	354	187	5	5	341	20	368	5.51e-84	259
WP_056842784.1	STM_v1_0.STM1226	44.3	323	168	3	9	322	22	341	1.13e-83	258
WP_056842784.1	iEK1008.Rv2397c	43.1	343	165	5	12	349	12	329	7.11e-84	258
WP_056842784.1	iYL1228.KPN_00886	39.9	361	195	5	5	348	36	391	7.02e-83	256
WP_056842784.1	iSbBS512_1146.SbBS512_E2476	40.7	354	188	5	5	341	20	368	4.39e-83	256
WP_056842784.1	iYS854.USA300HOU_RS05485	39.2	342	202	3	1	342	1	336	4.21e-83	256
WP_056842785.1	iJN1463.PP_0414	39.5	248	150	0	317	564	23	270	2.53e-49	171
WP_056842785.1	iJN1463.PP_3815	38.2	272	160	5	5	272	35	302	1.10e-44	160
WP_056842786.1	iYO844.BSU10270	27.2	448	295	6	32	452	16	459	4.65e-43	159
WP_056842786.1	iSDY_1059.SDY_0059	27.4	460	304	7	47	481	47	501	7.34e-43	159
WP_056842786.1	iSSON_1240.SSON_0043	27.4	460	304	7	47	481	47	501	7.34e-43	159
WP_056842786.1	iSF_1195.SF0034	27.0	460	306	7	47	481	47	501	1.91e-42	158
WP_056842786.1	STM_v1_0.STM0071	27.5	466	308	8	41	481	36	496	3.36e-42	157
WP_056842786.1	iML1515.b0037	27.0	460	306	7	47	481	42	496	2.28e-41	155
WP_056842786.1	iEK1008.Rv3089	28.6	458	304	9	58	501	45	493	5.13e-38	145
WP_056842788.1	iJN1463.PP_2918	75.2	685	170	0	1	685	1	685	0.0	1062
WP_056842789.1	iJN1463.PP_3511	83.8	339	54	1	1	339	1	338	5.88e-215	589
WP_056842793.1	iJN1463.PP_0914	31.5	428	275	8	10	426	257	677	3.85e-58	202
WP_056842793.1	iJN1463.PP_3581	30.8	419	281	5	16	428	266	681	7.16e-56	196
WP_056842793.1	iSSON_1240.SSON_1635	29.5	444	281	8	10	439	381	806	7.16e-53	189
WP_056842793.1	iAF987.Gmet_2629	30.4	418	280	6	16	426	389	802	1.49e-52	188
WP_056842793.1	iSbBS512_1146.SbBS512_E1752	29.5	444	281	8	10	439	381	806	1.35e-52	188
WP_056842793.1	iML1515.b1489	29.5	444	281	8	10	439	373	798	1.74e-52	188
WP_056842793.1	iAF987.Gmet_3085	29.6	416	288	3	16	426	463	878	2.52e-50	182
WP_056842794.1	iSynCJ816.SGL_RS06685	26.4	235	146	6	1	209	1	234	1.02e-14	70.5
WP_056842794.1	iCN718.ABAYE_RS19015	28.1	217	132	5	2	210	1	201	4.13e-14	68.6
WP_056842795.1	iJN1463.PP_0542	69.1	269	78	2	1	264	1	269	3.18e-122	349
WP_056842796.1	iJN1463.PP_0543	81.8	461	84	0	2	462	3	463	9.39e-277	756
WP_056842797.1	iJN1463.PP_3591	75.6	328	80	0	13	340	5	332	1.10e-174	487
WP_056842802.1	iAT_PLT_636.2628	46.2	359	184	3	9	359	66	423	5.24e-111	330
WP_056842802.1	iCHOv1.100771783	46.2	359	184	3	9	359	90	447	3.14e-110	328
WP_056842816.1	iAF987.Gmet_0043	23.4	414	263	9	485	890	32	399	3.48e-21	99.0
WP_056842819.1	iCN900.CD630_34140	21.4	336	248	6	44	374	59	383	6.95e-12	66.6
WP_056842820.1	STM_v1_0.STM3136	40.1	486	284	5	6	486	3	486	1.05e-119	359
WP_056842820.1	iSbBS512_1146.SbBS512_E4791	40.3	469	274	5	18	482	14	480	4.69e-117	352
WP_056842820.1	iSSON_1240.SSON_4478	40.3	469	274	5	18	482	14	480	6.63e-117	352
WP_056842820.1	iML1515.b4323	40.1	469	275	5	18	482	14	480	9.37e-117	352
WP_056842820.1	iSF_1195.SF4197	40.3	469	274	5	18	482	14	480	9.37e-117	352
WP_056842820.1	iYL1228.KPN_01587	40.5	479	277	6	11	485	6	480	3.86e-113	342
WP_056842821.1	iHN637.CLJU_RS08965	33.3	489	309	10	2	483	3	481	3.83e-77	249
WP_056842821.1	iLJ478.TM0116	31.4	493	316	10	1	485	3	481	2.58e-75	244
WP_056842821.1	iYL1228.KPN_02542	35.7	501	278	12	1	485	1	473	3.42e-74	241
WP_056842821.1	iCN900.CD630_30650	30.5	502	316	10	3	485	5	492	3.86e-72	237
WP_056842821.1	iYO844.BSU17610	34.0	450	272	8	3	441	5	440	1.10e-70	233
WP_056842821.1	iPC815.YPO4039	37.0	422	248	10	1	417	1	409	2.38e-68	226
WP_056842822.1	iJN1463.PP_3766	79.4	170	35	0	1	170	1	170	9.97e-102	289
WP_056842823.1	iJN1463.PP_2440	84.8	520	79	0	1	520	1	520	2.87e-318	866
WP_056842825.1	iJN1463.PP_3819	82.4	448	79	0	1	448	1	448	9.21e-278	758
WP_056842827.1	iJN1463.PP_2371	89.3	552	57	1	1	552	1	550	0.0	1003
WP_056842831.1	iYO844.BSU38280	25.4	268	162	4	6	260	224	466	4.89e-11	62.4
WP_056842832.1	iYS854.USA300HOU_RS01820	30.6	229	157	2	159	385	48	276	3.00e-24	100
WP_056842832.1	iYO844.BSU38270	32.0	206	136	2	184	388	179	381	4.53e-23	99.4
WP_056842833.1	iML1515.b1019	58.7	424	162	5	8	427	7	421	4.98e-170	483
WP_056842839.1	iCN718.ABAYE_RS00890	34.0	106	70	0	10	115	5	110	8.11e-12	61.6
WP_056842839.1	iJN1463.PP_4619	35.8	109	67	2	4	111	1	107	1.05e-10	58.5
WP_056842846.1	iML1515.b3691	55.6	426	181	2	13	434	8	429	8.68e-170	483
WP_056842846.1	iSSON_1240.SSON_3642	55.6	426	181	2	13	434	23	444	1.46e-169	483
WP_056842846.1	iSF_1195.SF3772	55.4	426	182	2	13	434	23	444	2.39e-168	479
WP_056842846.1	STM_v1_0.STM3827	54.5	426	186	2	13	434	23	444	2.75e-167	477
WP_056842846.1	iYL1228.KPN_04094	55.0	422	182	2	17	434	27	444	3.17e-166	474
WP_056842847.1	STM_v1_0.STM3829	30.2	324	184	11	1	319	1	287	1.28e-33	125
WP_056842847.1	iSF_1195.SF3770	30.2	325	183	12	1	319	1	287	9.46e-33	122
WP_056842847.1	iSSON_1240.SSON_3644	29.2	325	186	12	1	319	1	287	1.84e-32	122
WP_056842847.1	iML1515.b3693	29.2	325	186	12	1	319	1	287	9.69e-32	120
WP_056842847.1	iYL1228.KPN_04097	30.0	327	185	13	1	321	1	289	1.91e-30	116
WP_056842848.1	iPC815.YPO0465	50.2	404	201	0	12	415	32	435	2.52e-127	375
WP_056842853.1	iSbBS512_1146.SbBS512_E4050	29.2	192	130	2	7	196	7	194	4.62e-19	85.5
WP_056842853.1	iSSON_1240.SSON_3782	29.2	192	130	2	7	196	7	194	4.62e-19	85.5
WP_056842854.1	iJN1463.PP_1805	72.8	661	180	0	2	662	26	686	0.0	988
WP_056842855.1	iJN1463.PP_1803	60.2	322	128	0	1	322	1	322	2.89e-125	361
WP_056842856.1	iJN1463.PP_1801	68.9	379	118	0	1	379	1	379	5.39e-190	530
WP_056842857.1	iJN1463.PP_1800	77.2	298	68	0	1	298	1	298	7.43e-163	454
WP_056842858.1	STM_v1_0.STM3186	26.7	423	302	2	37	452	19	440	8.05e-32	127
WP_056842858.1	iML1515.b3035	26.7	427	302	3	37	453	17	442	2.08e-31	125
WP_056842858.1	iSDY_1059.SDY_3205	26.7	427	302	3	37	453	19	444	2.13e-31	125
WP_056842858.1	iSSON_1240.SSON_3173	26.7	427	302	3	37	453	19	444	2.13e-31	125
WP_056842858.1	iSF_1195.SF3075	26.5	427	303	3	37	453	17	442	9.75e-31	124
WP_056842858.1	iSbBS512_1146.SbBS512_E3468	26.2	427	304	3	37	453	19	444	1.35e-30	123
WP_056842860.1	iSDY_1059.SDY_1025	29.5	413	282	7	147	553	779	1188	1.63e-40	158
WP_056842860.1	STM_v1_0.STM2774	29.9	415	280	7	147	554	782	1192	5.24e-40	156
WP_056842860.1	iJN1463.PP_4935	29.0	424	269	11	149	554	171	580	5.39e-39	151
WP_056842860.1	STM_v1_0.STM0984	32.8	274	176	4	295	564	310	579	1.26e-37	147
WP_056842860.1	iML1515.b0914	32.2	261	171	3	295	553	310	566	2.61e-36	143
WP_056842860.1	iYL1228.KPN_00941	33.3	255	164	3	295	547	310	560	2.61e-36	143
WP_056842860.1	iSbBS512_1146.SbBS512_E2410	32.2	261	171	3	295	553	310	566	2.61e-36	143
WP_056842860.1	iSDY_1059.SDY_2344	32.2	261	171	3	295	553	310	566	2.61e-36	143
WP_056842860.1	iSF_1195.SF0910	32.2	261	171	3	295	553	310	566	2.61e-36	143
WP_056842860.1	iSSON_1240.SSON_0916	32.2	261	171	3	295	553	310	566	3.54e-36	142
WP_056842865.1	iSbBS512_1146.SbBS512_E1203	64.2	388	138	1	1	387	1	388	2.80e-179	503
WP_056842865.1	iYL1228.KPN_02493	63.7	388	140	1	1	387	1	388	6.54e-178	499
WP_056842865.1	iML1515.b2028	63.7	388	140	1	1	387	1	388	6.19e-176	494
WP_056842865.1	iSSON_1240.SSON_2099	63.4	388	141	1	1	387	1	388	1.77e-175	493
WP_056842865.1	iSDY_1059.SDY_2213	63.4	388	141	1	1	387	1	388	5.05e-175	492
WP_056842865.1	STM_v1_0.STM2080	63.1	388	142	1	1	387	1	388	7.16e-175	492
WP_056842868.1	iEK1008.Rv2051c	34.6	246	157	2	4	245	613	858	4.78e-36	136
WP_056842869.1	iJN1463.PP_1801	29.5	285	173	8	134	406	112	380	1.19e-24	106
WP_056842871.1	iJN1463.PP_1779	75.9	403	97	0	1	403	1	403	9.45e-224	617
WP_056842872.1	iJN1463.PP_1778	76.9	264	61	0	1	264	1	264	1.60e-147	412
WP_056842873.1	iJN1463.PP_1777	82.8	453	78	0	1	453	1	453	1.19e-283	773
WP_056842874.1	iJN1463.PP_1776	79.5	479	98	0	1	479	1	479	3.44e-283	774
WP_056842875.1	iML1515.b2040	61.4	295	112	1	1	295	1	293	2.00e-125	359
WP_056842875.1	iSbBS512_1146.SbBS512_E1193	61.4	295	112	1	1	295	1	293	2.84e-125	359
WP_056842875.1	iSDY_1059.SDY_2205	60.3	295	115	1	1	295	1	293	1.63e-124	357
WP_056842875.1	iSF_1195.SF2103	60.7	295	114	1	1	295	1	293	2.32e-124	357
WP_056842875.1	STM_v1_0.STM2096	61.0	295	113	1	1	295	1	293	1.89e-123	354
WP_056842875.1	iJN1463.PP_1784	63.1	301	105	3	1	296	1	300	2.78e-123	354
WP_056842875.1	iYL1228.KPN_02489	60.4	298	116	1	1	298	1	296	2.64e-120	346
WP_056842875.1	iYL1228.KPN_02495	60.4	298	116	1	1	298	1	296	2.64e-120	346
WP_056842879.1	iJN1463.PP_2476	64.4	343	122	0	1	343	1	343	8.80e-159	447
WP_056842879.1	iML1515.b1449	63.5	342	125	0	1	342	1	342	8.16e-155	437
WP_056842893.1	iSynCJ816.SGL_RS13525	27.3	421	228	15	3	384	6	387	2.36e-26	109
WP_056842893.1	iCN718.ABAYE_RS00975	24.9	393	230	11	1	380	1	341	9.84e-24	100
WP_056842895.1	iML1515.b2411	50.2	773	274	7	6	777	7	669	3.63e-240	684
WP_056842895.1	iSDY_1059.SDY_2608	50.2	773	274	7	6	777	7	669	7.29e-240	684
WP_056842895.1	iSSON_1240.SSON_2500	50.1	773	275	7	6	777	7	669	4.16e-239	682
WP_056842895.1	iSF_1195.SF2466	49.9	773	276	7	6	777	7	669	3.35e-238	679
WP_056842895.1	STM_v1_0.STM2427	49.5	776	275	6	6	777	7	669	1.35e-237	678
WP_056842895.1	iYL1228.KPN_02758	48.6	773	286	5	6	777	7	669	2.85e-234	669
WP_056842899.1	iJN1463.PP_4278	77.5	485	107	2	1	484	1	484	1.17e-271	745
WP_056842900.1	iJN1463.PP_4279	85.1	791	118	0	1	791	1	791	0.0	1385
WP_056842902.1	iJN1463.PP_4281	81.6	434	80	0	1	434	1	434	4.63e-267	729
WP_056842904.1	iJN1463.PP_4147	50.6	575	280	3	20	594	23	593	7.88e-207	591
WP_056842905.1	iJN1463.PP_4148	71.8	355	96	2	1	351	1	355	3.54e-180	503
WP_056842906.1	iJN1463.PP_4150	65.7	530	177	2	1	525	1	530	1.74e-237	662
WP_056842907.1	iJN1463.PP_3073	78.5	256	55	0	1	256	1	256	9.28e-143	400
WP_056842909.1	iAF987.Gmet_1914	32.7	107	71	1	594	700	2	107	5.16e-10	62.0
WP_056842918.1	STM_v1_0.STM0700	65.8	424	145	0	6	429	8	431	3.83e-195	549
WP_056842918.1	iML1515.b0692	65.3	424	147	0	6	429	8	431	6.83e-191	538
WP_056842918.1	iSSON_1240.SSON_0643	65.3	424	147	0	6	429	8	431	6.83e-191	538
WP_056842918.1	iSF_1195.SF0604	65.3	424	147	0	6	429	8	431	2.77e-190	536
WP_056842919.1	iML1515.b4117	48.1	742	380	3	23	761	15	754	9.15e-260	737
WP_056842919.1	iSDY_1059.SDY_4094	48.1	742	380	3	23	761	16	755	1.34e-259	736
WP_056842919.1	iSSON_1240.SSON_4292	48.0	742	381	3	23	761	16	755	1.08e-258	734
WP_056842919.1	iSbBS512_1146.SbBS512_E4614	48.0	742	381	3	23	761	16	755	2.18e-258	733
WP_056842919.1	STM_v1_0.STM4296	47.3	742	386	3	23	761	16	755	6.19e-258	732
WP_056842919.1	iSF_1195.SF4106	47.7	742	383	3	23	761	15	754	4.83e-257	730
WP_056842920.1	iYL1228.KPN_02455	31.6	247	159	3	160	397	349	594	9.36e-25	105
WP_056842920.1	iJN1463.PP_1144	32.9	237	145	4	174	397	470	705	6.97e-24	103
WP_056842920.1	iJN1463.PP_3581	33.3	234	140	6	177	396	445	676	2.87e-23	101
WP_056842922.1	iYL1228.KPN_01091	44.5	247	128	3	7	251	1	240	1.64e-54	175
WP_056842922.1	iML1515.b1093	44.9	243	125	3	11	251	5	240	9.25e-54	173
WP_056842922.1	iSbBS512_1146.SbBS512_E2231	44.9	243	125	3	11	251	5	240	9.25e-54	173
WP_056842922.1	iSF_1195.SF1097	44.9	243	125	3	11	251	5	240	9.25e-54	173
WP_056842922.1	iSSON_1240.SSON_1113	44.9	243	125	3	11	251	5	240	9.25e-54	173
WP_056842922.1	iSDY_1059.SDY_2057	44.9	243	125	3	11	251	5	240	1.85e-53	172
WP_056842922.1	STM_v1_0.STM1195	43.5	246	132	3	7	251	1	240	2.61e-53	172
WP_056842922.1	iAF987.Gmet_1601	41.6	245	141	1	7	251	1	243	1.11e-49	163
WP_056842922.1	iPC815.YPO1599	43.3	245	134	2	7	251	1	240	4.16e-49	161
WP_056842922.1	iCN900.CD630_11820	41.5	246	137	3	9	251	4	245	1.35e-48	160
WP_056842925.1	iAF987.Gmet_1601	40.2	241	139	2	14	250	4	243	1.12e-50	166
WP_056842925.1	iSynCJ816.SGL_RS07245	42.3	241	129	4	16	250	7	243	1.29e-49	163
WP_056842925.1	iLJ478.TM1724	39.1	243	139	4	14	250	4	243	8.79e-47	155
WP_056842925.1	iAF987.Gmet_1531	39.4	241	140	3	14	250	5	243	8.38e-45	150
WP_056842925.1	iYO844.BSU15910	39.2	240	140	3	16	250	5	243	1.09e-44	150
WP_056842925.1	iEK1008.Rv1483	39.3	239	129	4	16	250	16	242	1.12e-44	150
WP_056842926.1	STM_v1_0.STM3673	34.2	295	188	4	24	316	14	304	3.17e-44	154
WP_056842926.1	iML1515.b3579	32.8	293	191	4	24	314	14	302	4.99e-42	148
WP_056842927.1	iAF692.Mbar_A0550	37.8	392	235	5	1	387	1	388	9.34e-74	234
WP_056842930.1	iYL1228.KPN_02569	61.4	557	214	1	5	560	13	569	1.04e-254	709
WP_056842930.1	iPC815.YPO1177	61.1	558	216	1	4	560	13	570	1.03e-254	709
WP_056842930.1	STM_v1_0.STM2167	61.6	557	213	1	5	560	13	569	3.51e-254	707
WP_056842930.1	iSF_1195.SF2218	60.5	557	219	1	5	560	13	569	2.26e-251	700
WP_056842930.1	iML1515.b2133	60.5	557	219	1	5	560	13	569	3.20e-251	700
WP_056842930.1	iSbBS512_1146.SbBS512_E0839	60.3	557	220	1	5	560	13	569	1.30e-250	698
WP_056842930.1	iSSON_1240.SSON_2190	60.1	557	221	1	5	560	13	569	5.25e-250	697
WP_056842930.1	iSDY_1059.SDY_2155	60.1	557	221	1	5	560	13	569	1.06e-249	696
WP_056842930.1	iCN718.ABAYE_RS18835	62.4	558	204	5	4	558	9	563	1.03e-246	688
WP_056842932.1	iJN1463.PP_3427	34.4	462	291	5	5	464	11	462	1.71e-70	231
WP_056842933.1	iML1515.b3241	25.0	336	181	9	1	327	1	274	2.90e-15	75.1
WP_056842934.1	iYO844.BSU03070	24.7	263	183	8	20	276	15	268	3.15e-15	77.8
WP_056842938.1	iYL1228.KPN_04295	26.2	195	142	2	29	222	41	234	4.07e-18	80.5
WP_056842938.1	iML1515.b3794	26.8	194	134	3	29	218	39	228	1.45e-17	79.0
WP_056842938.1	iSF_1195.SF3869	26.8	194	134	3	29	218	39	228	2.00e-17	78.6
WP_056842938.1	STM_v1_0.STM3929	26.7	191	138	2	29	218	39	228	2.77e-17	78.2
WP_056842938.1	iSbBS512_1146.SbBS512_E4126	26.8	194	134	3	29	218	39	228	2.77e-17	78.2
WP_056842938.1	iSDY_1059.SDY_3953	26.8	194	134	3	29	218	39	228	2.77e-17	78.2
WP_056842938.1	iSSON_1240.SSON_3967	26.8	194	134	3	29	218	39	228	2.77e-17	78.2
WP_056842940.1	iEK1008.Rv3265c	27.4	208	124	7	34	231	27	217	1.15e-08	55.1
WP_056842942.1	iML1515.b2047	45.6	287	145	3	177	462	185	461	3.99e-73	237
WP_056842944.1	iJN1463.PP_1799	87.5	343	43	0	1	343	13	355	2.21e-224	614
WP_056842946.1	iSynCJ816.SGL_RS18145	37.9	87	50	3	46	131	81	164	7.74e-10	53.9
WP_056842947.1	iCHOv1.100768542	24.0	183	109	7	102	254	222	404	3.51e-05	44.3
WP_056842947.1	iMM1415.211389	25.0	184	106	8	102	254	223	405	8.34e-05	43.1
WP_056842947.1	iAT_PLT_636.6821	24.6	183	108	7	102	254	229	411	1.12e-04	42.7
WP_056842948.1	iAF987.Gmet_2929	23.2	185	120	4	9	180	25	200	8.65e-06	44.7
WP_056842948.1	iPC815.YPO4056	26.0	196	127	5	3	196	7	186	1.17e-05	44.3
WP_056842948.1	iYL1228.KPN_04188	25.4	189	120	6	12	196	15	186	1.99e-05	43.5
WP_056842948.1	iSF_1195.SF3968	25.3	194	114	6	12	196	15	186	1.99e-05	43.5
WP_056842948.1	iML1515.b3892	25.3	194	114	6	12	196	15	186	2.69e-05	43.1
WP_056842948.1	STM_v1_0.STM4035	25.9	185	124	4	12	196	15	186	2.69e-05	43.1
WP_056842948.1	iSSON_1240.SSON_4061	25.3	194	114	6	12	196	15	186	2.69e-05	43.1
WP_056842948.1	STM_v1_0.STM1568	28.4	88	61	1	109	196	103	188	5.14e-05	42.4
WP_056842948.1	iML1515.b1476	28.4	88	61	1	109	196	103	188	6.91e-05	42.0
WP_056842948.1	iSF_1195.SF1749	28.4	88	61	1	109	196	103	188	6.91e-05	42.0
WP_056842948.1	iSSON_1240.SSON_1648	28.4	88	61	1	109	196	103	188	6.91e-05	42.0
WP_056842950.1	iAF987.Gmet_0069	38.7	119	68	3	3	116	5	123	2.32e-17	79.0
WP_056842950.1	iAF987.Gmet_2999	33.3	117	75	1	2	115	9	125	2.66e-15	73.6
WP_056842954.1	iJN1463.PP_3425	26.7	356	236	9	16	353	18	366	4.12e-08	54.3
WP_056842955.1	iJN1463.PP_0043	25.5	1068	708	26	12	1020	9	1047	1.12e-62	231
WP_056842955.1	iJN1463.PP_2410	25.0	1054	719	25	12	1014	9	1041	2.81e-59	221
WP_056842955.1	iAF987.Gmet_3509	23.5	1046	743	22	7	1016	4	1028	1.49e-55	209
WP_056842956.1	iJN1463.PP_3303	79.6	427	87	0	1	427	8	434	1.27e-233	644
WP_056842957.1	iJN1463.PP_2647	85.0	407	61	0	1	407	1	407	2.11e-238	654
WP_056842961.1	iCN718.ABAYE_RS12025	69.7	314	91	1	1	314	1	310	6.11e-162	453
WP_056842961.1	iJN1463.PP_1258	67.1	313	97	2	1	312	1	308	1.09e-152	429
WP_056842962.1	iLB1027_lipid.PHATRDRAFT_31544	28.6	252	156	5	112	352	477	715	4.13e-17	82.8
WP_056842962.1	iYO844.BSU11670	25.9	359	221	13	8	343	6	342	1.61e-16	79.7
WP_056842962.1	iSynCJ816.SGL_RS14260	29.1	382	227	14	4	365	2	359	4.61e-16	79.3
WP_056842962.1	iJN1463.PP_0612	25.0	384	237	12	10	366	6	365	5.60e-15	75.1
WP_056842965.1	iYL1228.KPN_00893	27.4	230	147	6	35	255	22	240	1.03e-16	77.0
WP_056842965.1	iJN1463.PP_0227	27.1	240	165	5	25	260	29	262	1.77e-15	73.9
WP_056842965.1	iPC815.YPO1351	26.2	225	154	5	36	255	23	240	1.83e-15	73.6
WP_056842965.1	iCN718.ABAYE_RS10985	26.6	252	166	6	24	262	27	272	4.76e-15	73.2
WP_056842965.1	iML1515.b1920	26.7	236	166	4	27	260	34	264	3.41e-15	73.2
WP_056842965.1	iNF517.LLMG_RS09715	23.7	270	187	6	1	264	1	257	2.35e-14	72.4
WP_056842965.1	iYO844.BSU23980	33.3	120	79	1	32	151	30	148	1.05e-14	71.6
WP_056842966.1	iJN1463.PP_4484	31.7	230	143	4	1	221	2	226	4.18e-28	105
WP_056842966.1	iML1515.b1918	30.9	191	131	1	14	204	11	200	3.83e-26	100
WP_056842966.1	iJN1463.PP_3595	34.3	216	130	4	16	221	21	234	1.02e-25	99.8
WP_056842966.1	iJN1463.PP_0280	29.8	218	141	3	8	215	3	218	9.33e-25	97.1
WP_056842966.1	iJN1463.PP_0226	30.7	192	132	1	16	207	14	204	1.58e-24	96.3
WP_056842966.1	iCN900.CD630_07510	29.2	209	140	2	17	218	14	221	2.35e-24	95.9
WP_056842967.1	iNF517.LLMG_RS09715	34.5	203	125	3	17	211	510	712	5.31e-26	104
WP_056842967.1	iJN1463.PP_0281	36.9	214	115	6	14	211	12	221	2.29e-24	95.9
WP_056842967.1	iYO844.BSU23970	28.9	218	145	4	5	216	6	219	2.54e-24	95.5
WP_056842967.1	iML1515.b0653	30.6	222	139	5	2	211	4	222	3.96e-24	95.1
WP_056842967.1	iSSON_1240.SSON_0607	30.6	222	139	5	2	211	4	222	3.96e-24	95.1
WP_056842967.1	iYS854.USA300HOU_RS09930	28.2	209	142	4	13	216	280	485	1.58e-22	94.4
WP_056842968.1	iYO844.BSU16770	30.2	291	198	3	5	292	1	289	4.44e-35	128
WP_056842968.1	iAF692.Mbar_A1150	29.8	275	190	2	7	280	2	274	1.82e-33	124
WP_056842969.1	iSSON_1240.SSON_4052	40.4	421	240	8	13	428	17	431	7.68e-96	295
WP_056842969.1	iSDY_1059.SDY_2254	37.1	420	256	6	14	429	21	436	7.22e-87	272
WP_056842969.1	iML1515.b1981	36.9	420	257	6	14	429	21	436	1.02e-86	271
WP_056842969.1	iYL1228.KPN_02458	37.9	412	248	6	14	420	20	428	9.07e-85	266
WP_056842971.1	iML1515.b0340	59.6	156	62	1	1	155	1	156	8.18e-60	182
WP_056842975.1	iML1515.b3823	29.4	204	143	1	7	210	4	206	3.28e-16	73.6
WP_056842975.1	iAF987.Gmet_0798	34.0	191	113	4	21	206	19	201	4.56e-16	73.2
WP_056842975.1	iSbBS512_1146.SbBS512_E4290	29.4	204	143	1	7	210	4	206	4.56e-16	73.2
WP_056842975.1	iYL1228.KPN_04318	29.3	208	138	3	7	210	4	206	6.34e-16	72.8
WP_056842975.1	STM_v1_0.STM3959	28.5	200	142	1	11	210	8	206	1.23e-15	72.0
WP_056842975.1	iPC815.YPO3832	28.2	213	136	5	8	210	1	206	2.35e-14	68.6
WP_056842976.1	iCN718.ABAYE_RS18220	28.5	270	178	6	4	267	5	265	3.19e-22	93.6
WP_056842977.1	iAF987.Gmet_1706	34.5	119	75	2	1	118	1	117	1.05e-14	71.6
WP_056842977.1	iAF987.Gmet_2999	38.5	104	59	2	37	139	44	143	2.40e-14	70.9
WP_056842978.1	iSF_1195.SF3580	27.6	493	301	17	23	488	48	511	2.40e-43	162
WP_056842978.1	iSSON_1240.SSON_3844	27.4	493	302	17	23	488	48	511	4.51e-43	161
WP_056842978.1	iML1515.b3546	27.4	493	302	17	23	488	37	500	5.34e-43	161
WP_056842978.1	iSbBS512_1146.SbBS512_E3983	27.4	493	302	17	23	488	37	500	7.32e-43	160
WP_056842978.1	STM_v1_0.STM3635	27.6	496	287	19	28	488	42	500	9.06e-42	157
WP_056842978.1	iYL1228.KPN_03904	26.4	531	316	19	29	520	37	531	9.54e-41	154
WP_056842980.1	iEK1008.Rv2933	29.4	347	188	9	11	335	1469	1780	1.02e-32	128
WP_056842980.1	iEK1008.Rv3777	27.4	339	208	7	12	335	13	328	3.00e-32	122
WP_056842980.1	iJN1463.PP_0072	32.7	330	186	10	15	333	19	323	2.83e-32	122
WP_056842983.1	iAF692.Mbar_A2020	36.5	74	45	1	112	185	312	383	1.27e-08	53.5
WP_056842983.1	iSynCJ816.SGL_RS16850	34.4	90	39	2	93	181	338	408	2.45e-08	52.8
WP_056842983.1	iYS854.USA300HOU_RS02555	34.5	87	37	2	96	181	344	411	1.99e-07	50.1
WP_056842983.1	iCN718.ABAYE_RS00995	40.9	88	45	3	95	179	341	424	2.69e-07	49.7
WP_056842984.1	iYO844.BSU19230	30.6	180	123	2	3	181	4	182	4.88e-19	81.3
WP_056842984.1	iNF517.LLMG_RS02035	31.7	139	94	1	13	151	15	152	3.27e-16	73.6
WP_056842986.1	STM_v1_0.STM3792	50.1	423	203	4	1	417	1	421	2.78e-138	403
WP_056842988.1	iNF517.LLMG_RS05390	53.1	207	97	0	13	219	7	213	1.69e-62	194
WP_056842988.1	iYS854.USA300HOU_RS11540	52.1	217	104	0	10	226	4	220	1.94e-61	191
WP_056842988.1	iYS854.USA300HOU_RS00730	52.3	214	102	0	13	226	7	220	1.94e-61	191
WP_056842988.1	iHN637.CLJU_RS08910	51.7	211	101	1	9	218	3	213	2.28e-61	191
WP_056842988.1	iYO844.BSU39420	51.4	218	105	1	9	225	3	220	8.55e-61	189
WP_056842988.1	iLJ478.TM1559	49.8	209	105	0	13	221	35	243	3.81e-57	181
WP_056842991.1	iYL1228.KPN_04788	37.2	231	129	4	17	247	6	220	4.54e-43	147
WP_056842991.1	iCHOv1.100766004	39.4	180	105	2	72	248	16	194	2.21e-41	142
WP_056842991.1	STM_v1_0.STM1101	39.4	175	106	0	73	247	225	399	4.58e-39	141
WP_056842991.1	iSbBS512_1146.SbBS512_E4890	39.4	175	106	0	73	247	225	399	6.55e-36	133
WP_056842991.1	iSF_1195.SF4384	39.4	175	106	0	73	247	225	399	6.55e-36	133
WP_056842991.1	iSSON_1240.SSON_4499	39.4	175	106	0	73	247	225	399	6.55e-36	133
WP_056842992.1	iSSON_1240.SSON_4495	28.3	258	150	12	31	264	20	266	2.32e-10	59.3
WP_056842992.1	iSSON_1240.SSON_0329	30.8	169	103	4	104	266	103	263	4.38e-10	58.5
WP_056842992.1	iML1515.b0350	30.2	169	104	4	104	266	101	261	1.45e-09	57.0
WP_056842992.1	iYL1228.KPN_04784	27.5	193	112	7	85	264	89	266	4.77e-09	55.5
WP_056842992.1	STM_v1_0.STM1105	26.4	258	155	11	31	264	20	266	6.44e-09	55.1
WP_056842996.1	iSbBS512_1146.SbBS512_E0302	35.6	337	210	3	9	344	34	364	4.13e-58	192
WP_056842996.1	iSDY_1059.SDY_0358	35.3	337	216	2	9	344	34	369	4.70e-58	192
WP_056842998.1	iJN1463.PP_4619	32.4	68	43	2	19	86	14	78	4.71e-05	42.7
WP_056843001.1	iJN1463.PP_2486	70.0	370	111	0	1	370	1	370	1.64e-190	530
WP_056843005.1	iJN1463.PP_2647	28.6	367	255	5	15	377	25	388	1.67e-32	126
WP_056843005.1	iJN1463.PP_2428	27.9	373	255	4	15	379	29	395	1.14e-31	124
WP_056843005.1	iYL1228.KPN_01628	27.8	385	261	6	1	376	1	377	8.10e-29	115
WP_056843005.1	iML1515.b1528	27.4	372	261	6	1	367	1	368	2.76e-28	114
WP_056843005.1	iSbBS512_1146.SbBS512_E1677	27.4	372	261	6	1	367	1	368	2.76e-28	114
WP_056843005.1	iSSON_1240.SSON_1600	27.4	372	261	6	1	367	1	368	2.76e-28	114
WP_056843007.1	iAF987.Gmet_2135	41.9	167	82	2	53	219	16	167	1.85e-40	135
WP_056843007.1	iHN637.CLJU_RS11605	42.2	154	74	2	57	210	9	147	2.64e-36	124
WP_056843008.1	iML1515.b2867	33.6	110	72	1	5	113	6	115	6.15e-09	55.8
WP_056843008.1	iSSON_1240.SSON_3018	33.6	110	72	1	5	113	6	115	8.26e-09	55.5
WP_056843008.1	iSF_1195.SF2869	32.7	110	73	1	5	113	6	115	3.59e-08	53.5
WP_056843009.1	iCN900.CD630_20790	28.8	723	443	20	62	728	45	751	4.96e-55	201
WP_056843009.1	iCN900.CD630_20730	26.4	719	471	19	62	728	45	757	5.31e-53	196
WP_056843009.1	iCN900.CD630_20990	27.1	779	480	24	15	732	1	752	4.59e-53	196
WP_056843009.1	iSSON_1240.SSON_3017	28.5	758	478	19	24	731	2	745	9.38e-50	186
WP_056843009.1	iSF_1195.SF2868	28.0	771	485	19	14	731	5	758	2.63e-49	185
WP_056843009.1	iHN637.CLJU_RS11600	25.8	797	488	23	16	732	4	777	1.37e-48	183
WP_056843009.1	iML1515.b2866	27.7	754	489	16	24	731	2	745	1.06e-48	183
WP_056843017.1	iNF517.LLMG_RS08950	28.3	191	131	4	1	186	1	190	5.00e-15	72.0
WP_056843017.1	iJN1463.PP_4862	29.2	195	132	3	6	194	3	197	7.95e-15	71.6
WP_056843017.1	iAF987.Gmet_1694	29.5	193	131	3	1	188	1	193	6.55e-14	68.9
WP_056843017.1	iMM904.YMR226C	27.9	190	126	3	7	185	15	204	2.17e-13	67.8
WP_056843017.1	iML1515.b0596	28.2	195	133	3	1	194	1	189	3.30e-13	67.0
WP_056843017.1	iSbBS512_1146.SbBS512_E0498	28.7	195	132	3	1	194	1	189	3.30e-13	67.0
WP_056843017.1	iSDY_1059.SDY_0527	28.2	195	133	3	1	194	1	189	3.30e-13	67.0
WP_056843017.1	iYL1228.KPN_01091	26.7	191	132	3	1	186	1	188	4.31e-13	66.6
WP_056843017.1	iSSON_1240.SSON_0547	28.2	195	133	2	1	194	1	189	6.19e-13	66.2
WP_056843017.1	STM_v1_0.STM0598	28.2	181	123	2	7	186	10	184	8.76e-13	65.9
WP_056843017.1	iIS312.TCDM_03694	24.9	241	164	5	9	235	39	276	2.30e-12	65.5
WP_056843017.1	iML1515.b1093	26.2	191	133	3	1	186	1	188	1.52e-12	65.1
WP_056843017.1	iSbBS512_1146.SbBS512_E2231	26.2	191	133	3	1	186	1	188	1.52e-12	65.1
WP_056843017.1	iSDY_1059.SDY_2057	26.2	191	133	3	1	186	1	188	1.52e-12	65.1
WP_056843017.1	iSF_1195.SF1097	26.2	191	133	3	1	186	1	188	1.52e-12	65.1
WP_056843017.1	iSSON_1240.SSON_1113	26.2	191	133	3	1	186	1	188	1.52e-12	65.1
WP_056843019.1	iCN718.ABAYE_RS11835	71.0	303	87	1	5	307	4	305	2.75e-153	431
WP_056843020.1	iML1515.b2371	33.4	350	226	4	6	355	12	354	4.51e-54	183
WP_056843020.1	iSDY_1059.SDY_2572	30.2	414	259	9	2	390	3	411	2.63e-47	166
WP_056843021.1	iAF987.Gmet_2349	35.1	407	238	8	205	601	179	569	2.57e-68	232
WP_056843021.1	iJN1463.PP_4935	53.5	241	105	3	359	597	353	588	4.95e-68	232
WP_056843021.1	iMM1415.18670	32.7	508	302	10	116	604	145	631	1.08e-62	224
WP_056843021.1	iCHOv1.100682535	32.1	508	305	10	116	604	148	634	1.46e-62	224
WP_056843021.1	STM_v1_0.STM0984	47.8	247	122	3	359	603	340	581	3.31e-65	224
WP_056843021.1	iYL1228.KPN_00941	47.4	247	123	3	359	603	340	581	4.60e-65	223
WP_056843021.1	iML1515.b0914	47.4	247	123	3	359	603	340	581	8.85e-64	220
WP_056843021.1	iSbBS512_1146.SbBS512_E2410	47.4	247	123	3	359	603	340	581	8.85e-64	220
WP_056843021.1	iSDY_1059.SDY_2344	47.4	247	123	3	359	603	340	581	8.85e-64	220
WP_056843021.1	iSF_1195.SF0910	47.4	247	123	3	359	603	340	581	8.85e-64	220
WP_056843021.1	iSSON_1240.SSON_0916	47.4	247	123	3	359	603	340	581	8.85e-64	220
WP_056843021.1	iPC815.YPO1395	45.5	253	131	3	353	603	334	581	4.56e-63	218
WP_056843021.1	iPC815.YPO1914	45.8	253	131	2	361	612	344	591	8.68e-61	212
WP_056843022.1	iAF987.Gmet_0700	33.0	421	273	8	163	576	390	808	4.91e-58	208
WP_056843022.1	iJN1463.PP_3581	31.4	440	282	9	155	586	258	685	7.34e-58	206
WP_056843022.1	iAF987.Gmet_3085	31.3	434	282	8	155	581	455	879	1.21e-56	205
WP_056843022.1	iJN1463.PP_0914	31.1	466	274	12	147	586	239	683	8.63e-56	200
WP_056843022.1	iAF987.Gmet_0987	30.4	447	286	8	151	586	352	784	5.16e-55	199
WP_056843022.1	iML1515.b1489	27.5	454	300	10	142	587	361	793	4.52e-51	188
WP_056843022.1	iSbBS512_1146.SbBS512_E1752	27.4	453	302	9	142	587	369	801	4.81e-51	188
WP_056843022.1	iSSON_1240.SSON_1635	27.4	453	302	9	142	587	369	801	4.81e-51	188
WP_056843026.1	iJN1463.PP_3740	27.1	133	96	1	269	401	68	199	1.11e-04	43.9
WP_056843027.1	iJN1463.PP_2717	29.3	358	241	5	65	410	61	418	8.23e-30	119
WP_056843027.1	iJN1463.PP_1929	30.4	359	236	8	65	410	61	418	1.02e-28	116
WP_056843027.1	iPC815.YPO3347	29.7	360	237	9	65	410	61	418	1.43e-28	115
WP_056843027.1	iYO844.BSU05340	28.0	371	240	7	65	413	64	429	2.10e-28	115
WP_056843027.1	iYS854.USA300HOU_RS09415	26.8	366	240	5	65	410	63	420	2.71e-28	115
WP_056843027.1	iYL1228.KPN_03304	30.0	360	236	9	65	410	61	418	2.41e-27	112
WP_056843027.1	iML1515.b3502	29.2	359	240	7	65	410	61	418	3.26e-27	112
WP_056843027.1	iSbBS512_1146.SbBS512_E3819	29.2	359	240	7	65	410	61	418	3.26e-27	112
WP_056843027.1	iSDY_1059.SDY_3560	29.2	359	240	7	65	410	68	425	3.51e-27	112
WP_056843027.1	iSF_1195.SF3535	29.2	359	240	7	65	410	61	418	3.26e-27	112
WP_056843027.1	iSSON_1240.SSON_3737	29.2	359	240	7	65	410	68	425	3.51e-27	112
WP_056843030.1	iAF987.Gmet_0782	36.9	423	251	6	97	508	297	714	2.69e-71	241
WP_056843030.1	iJN1463.PP_1144	33.6	428	262	9	95	508	283	702	1.18e-63	221
WP_056843030.1	iJN1463.PP_0914	33.8	420	264	5	99	508	257	672	2.44e-63	219
WP_056843030.1	iAF987.Gmet_0987	34.7	444	266	9	95	522	354	789	1.37e-62	218
WP_056843030.1	iAF987.Gmet_0700	33.7	424	267	6	95	508	388	807	1.88e-62	218
WP_056843043.1	iSynCJ816.SGL_RS08475	28.1	260	146	8	9	267	7	226	8.83e-25	99.0
WP_056843045.1	iJN1463.PP_2470	82.5	793	138	1	1	792	1	793	0.0	1311
WP_056843048.1	iJN1463.PP_2460	74.8	321	81	0	18	338	1	321	4.53e-178	495
WP_056843049.1	iJN1463.PP_2459	67.2	134	42	1	1	134	1	132	1.12e-58	177
WP_056843050.1	iJN1463.PP_2458	62.3	300	113	0	1	300	1	300	1.28e-121	350
WP_056843051.1	iYO844.BSU35960	30.6	255	158	10	61	303	39	286	1.21e-16	79.0
WP_056843052.1	iJN1463.PP_2456	86.1	332	43	2	1	330	1	331	1.53e-185	514
WP_056843053.1	iJN1463.PP_2455	77.0	512	118	0	1	512	11	522	2.23e-275	757
WP_056843054.1	iJN1463.PP_2454	73.6	318	82	2	1	317	1	317	8.90e-158	443
WP_056843057.1	iAF692.Mbar_A3070	24.9	437	272	13	11	441	13	399	1.28e-17	84.3
WP_056843059.1	iAF987.Gmet_1706	34.8	115	67	4	4	114	3	113	2.12e-10	56.2
WP_056843059.1	iAF987.Gmet_1914	33.3	111	68	3	1	108	1	108	3.24e-10	55.8
WP_056843059.1	iAF987.Gmet_0069	29.4	119	74	3	3	114	4	119	3.46e-09	52.8
WP_056843061.1	iML1515.b4337	29.0	145	102	1	62	206	55	198	8.84e-08	53.5
WP_056843061.1	iML1515.b0842	25.9	143	104	2	32	173	29	170	1.50e-06	49.7
WP_056843061.1	iYL1228.KPN_00874	24.6	142	107	0	32	173	29	170	1.50e-06	49.7
WP_056843061.1	iSF_1195.SF0795	25.9	143	104	2	32	173	29	170	1.98e-06	49.3
WP_056843061.1	STM_v1_0.STM0866	26.3	167	114	3	32	197	29	187	3.49e-06	48.5
WP_056843062.1	iJN1463.PP_1014	60.5	410	162	0	1	410	1	410	6.65e-173	489
WP_056843063.1	STM_v1_0.STM0689	63.0	413	153	0	2	414	8	420	2.53e-185	522
WP_056843065.1	iAM_Pc455.PCYB_113330	38.0	184	102	7	299	473	337	517	7.19e-24	108
WP_056843066.1	iAF987.Gmet_2352	25.9	147	97	4	4	142	5	147	1.23e-04	42.7
WP_056843068.1	iSynCJ816.SGL_RS06595	64.1	395	136	4	47	440	55	444	6.59e-182	514
WP_056843069.1	iSynCJ816.SGL_RS16580	54.8	259	115	2	1	258	1	258	1.59e-93	288
WP_056843069.1	iSynCJ816.SGL_RS06580	54.7	254	114	1	4	257	18	270	4.17e-92	275
WP_056843069.1	iSynCJ816.SGL_RS06585	52.6	268	124	3	1	266	1	267	6.15e-86	269
WP_056843069.1	iSynCJ816.SGL_RS16585	52.8	254	119	1	4	257	23	275	2.54e-89	266
WP_056843070.1	iCN718.ABAYE_RS18685	39.4	330	196	3	14	343	1	326	4.03e-80	248
WP_056843070.1	iEK1008.Rv1071c	37.1	348	205	4	15	361	3	337	1.01e-72	229
WP_056843070.1	iCHOv1.100759780	36.1	349	213	3	19	363	36	378	6.96e-71	226
WP_056843070.1	iMM1415.227095	36.1	349	213	3	19	363	36	378	1.95e-70	224
WP_056843071.1	iJN1463.PP_2216	57.1	373	160	0	6	378	3	375	1.20e-147	422
WP_056843072.1	iJN1463.PP_2217	83.5	255	42	0	1	255	1	255	3.45e-150	419
WP_056843073.1	iCHOv1.100757328	25.4	299	189	8	65	336	255	546	3.13e-12	67.0
WP_056843073.1	iEK1008.Rv3617	33.9	112	73	1	56	166	16	127	1.31e-11	64.3
WP_056843074.1	iJN1463.PP_3376	39.8	266	148	6	63	318	57	320	4.63e-46	158
WP_056843074.1	iYO844.BSU23070	33.8	293	189	4	24	313	15	305	4.80e-41	149
WP_056843074.1	iJN1463.PP_0762	35.6	326	189	8	4	317	5	321	1.15e-42	149
WP_056843074.1	iEK1008.Rv2996c	35.9	262	164	3	55	313	48	308	4.88e-40	146
WP_056843074.1	iHN637.CLJU_RS01885	36.9	249	153	4	60	306	55	301	3.01e-41	145
WP_056843074.1	iSynCJ816.SGL_RS08600	35.3	266	162	5	55	314	46	307	1.26e-39	145
WP_056843075.1	iJN1463.PP_2145	84.8	336	51	0	1	336	1	336	8.86e-197	543
WP_056843079.1	iJN1463.PP_2137	92.8	391	28	0	1	391	1	391	1.79e-265	721
WP_056843080.1	iJN1463.PP_2136	88.9	714	79	0	1	714	1	714	0.0	1248
WP_056843082.1	iML1515.b2180	24.8	549	290	21	2	494	4	485	1.26e-22	101
WP_056843082.1	iSDY_1059.SDY_3635	31.0	255	146	8	1	238	1	242	5.27e-22	95.9
WP_056843082.1	iJN1463.PP_0118	29.3	232	116	5	3	225	5	197	7.80e-22	95.1
WP_056843082.1	iSbBS512_1146.SbBS512_E3841	30.6	229	138	6	18	238	27	242	1.77e-21	94.4
WP_056843082.1	iJN1463.PP_4150	25.1	530	278	21	18	496	25	486	3.86e-20	94.0
WP_056843082.1	iSSON_1240.SSON_3718	30.6	229	138	6	18	238	27	242	4.40e-21	93.2
WP_056843082.1	iML1515.b3480	30.6	219	133	5	18	230	27	232	5.96e-21	92.8
WP_056843082.1	iYO844.BSU02860	27.5	244	139	6	1	231	1	219	3.85e-21	92.4
WP_056843082.1	iPC815.YPO2060	29.3	229	120	6	3	225	4	196	1.09e-20	91.7
WP_056843083.1	iJN1463.PP_2130	80.4	642	124	2	1	642	17	656	0.0	1046
WP_056843085.1	iAF987.Gmet_0069	27.3	132	82	4	179	306	3	124	1.25e-04	42.7
WP_056843086.1	iJN1463.PP_2125	75.6	295	69	1	1	295	15	306	1.53e-151	426
WP_056843087.1	iJN1463.PP_1776	60.0	478	190	1	4	480	3	480	4.23e-201	566
WP_056843089.1	iJN1463.PP_2122	89.9	179	18	0	1	179	1	179	1.38e-113	320
WP_056843090.1	iJN1463.PP_3457	55.9	188	82	1	5	192	3	189	8.72e-75	223
WP_056843091.1	iCN718.ABAYE_RS07615	43.0	284	160	2	13	294	17	300	5.67e-72	223
WP_056843093.1	iJN1463.PP_2102	88.7	441	50	0	1	441	1	441	1.45e-295	802
WP_056843096.1	iJN1463.PP_3540	68.5	295	93	0	1	295	1	295	1.32e-141	400
WP_056843096.1	iAF987.Gmet_3293	63.2	296	109	0	1	296	1	296	4.44e-128	367
WP_056843097.1	iJN1463.PP_4067	65.6	649	210	1	4	639	2	650	1.45e-293	814
WP_056843098.1	iJN1463.PP_4066	59.8	264	106	0	1	264	1	264	1.61e-102	299
WP_056843099.1	iJN1463.PP_4065	78.7	535	114	0	1	535	1	535	1.13e-311	850
WP_056843102.1	iJN1463.PP_2112	86.4	913	124	0	1	913	1	913	0.0	1585
WP_056843107.1	iJN1463.PP_3801	81.1	280	53	0	27	306	18	297	9.57e-160	447
WP_056843108.1	iJN1463.PP_3802	79.9	249	49	1	1	249	1	248	3.24e-137	385
WP_056843115.1	iAF987.Gmet_1919	32.7	107	70	2	565	671	4	108	3.16e-09	58.9
WP_056843115.1	iAF987.Gmet_0043	22.9	315	198	11	381	684	118	398	8.69e-08	55.1
WP_056843116.1	iJN1463.PP_3763	47.2	250	128	3	1	249	1	247	5.30e-72	220
WP_056843117.1	iJN1463.PP_4217	51.2	793	339	14	20	779	35	812	9.75e-258	734
WP_056843119.1	iEK1008.Rv0137c	75.9	162	39	0	6	167	5	166	1.26e-100	286
WP_056843121.1	iJN1463.PP_1689	74.6	421	106	1	1	420	1	421	5.22e-236	649
WP_056843122.1	iAF987.Gmet_2465	20.0	421	299	9	1	391	1	413	3.13e-09	58.2
WP_056843123.1	iJN1463.PP_1681	74.5	239	60	1	1	239	12	249	3.46e-109	314
WP_056843124.1	iJN1463.PP_1680	64.1	184	66	0	5	188	3	186	1.39e-81	239
WP_056843125.1	iJN1463.PP_1679	67.0	351	116	0	1	351	1	351	3.43e-157	444
WP_056843126.1	iJN1463.PP_1678	75.7	173	42	0	1	173	1	173	4.28e-89	257
WP_056843127.1	iJN1463.PP_1677	83.4	483	80	0	1	483	1	483	5.46e-292	796
WP_056843128.1	iJN1463.PP_1676	63.9	330	119	0	1	330	1	330	6.10e-145	411
WP_056843130.1	iJN1463.PP_1674	80.3	208	41	0	5	212	6	213	1.79e-120	340
WP_056843131.1	iJN1463.PP_1673	82.8	431	74	0	1	431	1	431	8.90e-253	693
WP_056843132.1	iJN1463.PP_1672	88.7	203	23	0	1	203	1	203	8.74e-131	365
WP_056843133.1	iCN718.ABAYE_RS07200	68.8	416	129	1	19	434	19	433	2.55e-216	602
WP_056843134.1	iSynCJ816.SGL_RS13900	25.3	217	150	5	119	332	149	356	1.14e-06	49.7
WP_056843136.1	iJN1463.PP_1665	91.5	352	30	0	1	352	1	352	2.24e-237	647
WP_056843137.1	iJN1463.PP_1664	79.2	216	43	2	1	214	1	216	8.01e-115	326
WP_056843139.1	iJN1463.PP_1654	88.2	297	35	0	1	297	1	297	1.12e-190	525
WP_056843140.1	iAF987.Gmet_0043	23.8	240	161	5	215	436	20	255	4.45e-08	55.1
WP_056843141.1	iAF987.Gmet_2999	33.9	124	77	2	11	129	10	133	7.77e-13	66.6
WP_056843142.1	iYO844.BSU19350	55.2	310	139	0	7	316	7	316	7.07e-107	314
WP_056843143.1	iML1515.b1599	33.3	96	64	0	8	103	14	109	8.67e-11	53.9
WP_056843143.1	iSbBS512_1146.SbBS512_E1785	33.3	96	64	0	8	103	14	109	8.67e-11	53.9
WP_056843143.1	iSSON_1240.SSON_1561	33.3	96	64	0	8	103	14	109	8.67e-11	53.9
WP_056843143.1	iSDY_1059.SDY_1554	33.3	96	64	0	8	103	14	109	2.43e-10	52.8
WP_056843143.1	iSF_1195.SF1620	32.3	96	65	0	8	103	14	109	3.43e-10	52.4
WP_056843144.1	iJN1463.PP_2017	84.5	885	137	0	1	885	1	885	0.0	1512
WP_056843147.1	iJN1463.PP_2428	29.2	394	275	2	5	395	9	401	7.43e-41	149
WP_056843147.1	STM_v1_0.STM1522	28.0	375	269	1	21	395	13	386	2.20e-38	142
WP_056843147.1	iYL1228.KPN_01628	28.5	375	267	1	21	395	13	386	2.30e-37	139
WP_056843147.1	iEK1008.Rv0191	30.1	352	236	4	22	364	22	372	7.83e-37	138
WP_056843147.1	iML1515.b1528	29.0	376	264	3	21	395	13	386	4.12e-36	135
WP_056843147.1	iSbBS512_1146.SbBS512_E1677	29.0	376	264	3	21	395	13	386	4.12e-36	135
WP_056843147.1	iSSON_1240.SSON_1600	29.0	376	264	3	21	395	13	386	4.12e-36	135
WP_056843149.1	iCN718.ABAYE_RS04050	24.7	566	320	19	1	551	1	475	7.51e-23	101
WP_056843149.1	iAF987.Gmet_0075	25.4	568	311	22	2	551	1	473	3.10e-21	96.7
WP_056843149.1	iEK1008.Rv3175	37.4	206	116	5	14	216	21	216	4.37e-20	93.2
WP_056843152.1	iEK1008.Rv1464	27.6	246	158	10	21	255	19	255	4.87e-16	79.0
WP_056843152.1	iAF987.Gmet_1300	25.5	353	196	13	78	393	52	374	1.02e-14	74.7
WP_056843152.1	iJN1463.PP_2435	26.0	231	151	6	17	245	27	239	4.92e-14	72.8
WP_056843153.1	STM_v1_0.STM1522	25.7	276	197	3	14	286	18	288	9.91e-20	89.7
WP_056843153.1	iYL1228.KPN_01628	25.9	274	199	3	14	286	18	288	8.32e-19	87.0
WP_056843153.1	iML1515.b1528	24.6	276	200	3	14	286	18	288	1.20e-17	83.6
WP_056843153.1	iSbBS512_1146.SbBS512_E1677	24.6	276	200	3	14	286	18	288	1.20e-17	83.6
WP_056843153.1	iSF_1195.SF1566	24.8	274	202	3	14	286	18	288	9.31e-18	83.6
WP_056843153.1	iSSON_1240.SSON_1600	24.6	276	200	3	14	286	18	288	1.20e-17	83.6
WP_056843154.1	iCN900.CD630_17290	28.0	453	296	7	8	451	2	433	6.11e-48	174
WP_056843155.1	iJN1463.PP_4217	52.4	704	302	14	46	726	119	812	1.84e-238	683
WP_056843156.1	iLB1027_lipid.PHATRDRAFT_12043	36.9	260	141	6	14	254	3	258	2.74e-41	142
WP_056843159.1	iML1515.b0905	47.2	583	298	4	150	727	4	581	1.91e-180	527
WP_056843160.1	iJN1463.PP_2914	88.6	499	57	0	1	499	1	499	0.0	875
WP_056843160.1	iSSON_1240.SSON_4286	82.9	497	85	0	4	500	3	499	1.64e-307	837
WP_056843160.1	iML1515.b4111	82.7	497	86	0	4	500	3	499	2.33e-307	837
WP_056843160.1	iSDY_1059.SDY_4102	82.7	497	86	0	4	500	3	499	2.33e-307	837
WP_056843160.1	iSF_1195.SF4112	82.7	497	86	0	4	500	3	499	4.69e-307	836
WP_056843160.1	STM_v1_0.STM4290	83.1	497	84	0	4	500	3	499	1.34e-306	835
WP_056843160.1	iYL1228.KPN_04503	82.7	485	84	0	16	500	1	485	1.80e-296	808
WP_056843162.1	iJN1463.PP_0824	79.9	284	56	1	1	283	1	284	1.02e-155	435
WP_056843163.1	iJN1463.PP_0825	68.1	263	83	1	3	265	8	269	1.32e-117	337
WP_056843164.1	iJN1463.PP_0826	74.4	273	70	0	1	273	1	273	1.41e-130	370
WP_056843165.1	iJN1463.PP_0827	72.0	254	71	0	1	254	1	254	3.90e-118	337
WP_056843166.1	iJN1463.PP_1171	76.0	267	60	1	10	276	5	267	3.84e-153	427
WP_056843167.1	iJN1463.PP_1169	76.1	327	74	2	1	327	1	323	4.17e-178	495
WP_056843168.1	iJN1463.PP_1167	89.9	426	43	0	1	426	1	426	2.84e-259	709
WP_056843169.1	iYL1228.KPN_00773	55.5	339	146	1	2	340	3	336	1.66e-132	381
WP_056843169.1	STM_v1_0.STM0776	55.8	339	145	1	2	340	3	336	1.66e-132	381
WP_056843169.1	iML1515.b0759	55.2	339	147	1	2	340	3	336	4.74e-132	380
WP_056843169.1	iSDY_1059.SDY_0706	55.2	339	147	1	2	340	3	336	4.74e-132	380
WP_056843169.1	iSSON_1240.SSON_0711	55.2	339	147	1	2	340	3	336	4.74e-132	380
WP_056843169.1	iSbBS512_1146.SbBS512_E0680	55.2	339	147	1	2	340	3	336	6.72e-132	380
WP_056843169.1	iSF_1195.SF0545	54.9	339	148	1	2	340	3	336	5.46e-131	377
WP_056843169.1	iPC815.YPO1139	53.8	327	151	0	2	328	3	329	5.16e-124	360
WP_056843169.1	iYO844.BSU38860	54.1	327	149	1	2	328	3	328	1.23e-122	356
WP_056843170.1	iYO844.BSU35540	24.4	258	165	6	120	354	110	360	1.91e-13	70.9
WP_056843171.1	iHN637.CLJU_RS16525	39.4	383	209	8	20	381	3	383	1.47e-95	291
WP_056843171.1	iML1515.b2036	40.2	361	204	8	22	375	2	357	7.09e-87	268
WP_056843171.1	iEK1008.Rv3809c	40.8	380	201	8	22	381	8	383	1.47e-85	265
WP_056843171.1	iNF517.LLMG_RS01180	39.0	369	211	9	22	380	8	372	2.08e-85	264
WP_056843171.1	STM_v1_0.STM0719	41.7	357	199	8	25	375	7	360	2.57e-85	264
WP_056843173.1	iAF987.Gmet_2629	43.1	429	239	2	417	841	371	798	1.61e-115	370
WP_056843173.1	iAF987.Gmet_0700	42.8	437	246	1	415	847	378	814	2.56e-111	359
WP_056843173.1	iAF987.Gmet_3085	39.6	457	271	2	399	850	427	883	1.31e-107	352
WP_056843173.1	iAF987.Gmet_0957	41.6	445	255	2	417	856	181	625	4.96e-110	350
WP_056843173.1	iAF987.Gmet_0782	33.6	676	413	11	202	857	72	731	3.92e-108	348
WP_056843173.1	iJN1463.PP_3581	41.5	463	250	4	388	846	235	680	1.45e-107	346
WP_056843173.1	iAF987.Gmet_0987	41.7	429	246	1	417	841	346	774	4.58e-104	339
WP_056843174.1	iJN1463.PP_3958	63.1	431	159	0	11	441	6	436	5.02e-176	500
WP_056843175.1	iJN1463.PP_2513	33.3	381	216	11	21	395	1	349	2.36e-46	162
WP_056843176.1	iJN1463.PP_2933	79.2	279	58	0	1	279	1	279	1.21e-168	467
WP_056843180.1	iSbBS512_1146.SbBS512_E3793	20.8	250	172	5	12	251	9	242	2.94e-10	58.9
WP_056843180.1	iSSON_1240.SSON_3545	20.8	250	172	5	12	251	9	242	2.94e-10	58.9
WP_056843180.1	iML1515.b3412	20.7	251	173	5	12	252	9	243	5.40e-10	58.2
WP_056843180.1	iSF_1195.SF3435	20.4	250	173	5	12	251	9	242	1.90e-09	56.6
WP_056843183.1	iJN1463.PP_2928	93.0	414	29	0	1	414	1	414	3.26e-291	788
WP_056843185.1	iML1515.b0049	26.4	140	78	5	10	149	5	119	5.13e-05	43.9
WP_056843185.1	iSbBS512_1146.SbBS512_E0043	26.4	140	78	5	10	149	5	119	5.13e-05	43.9
WP_056843185.1	iSDY_1059.SDY_0074	27.1	140	77	5	10	149	5	119	5.17e-05	43.9
WP_056843185.1	iSF_1195.SF0046	26.4	140	78	5	10	149	5	119	5.13e-05	43.9
WP_056843185.1	iSSON_1240.SSON_0057	26.4	140	78	5	10	149	5	119	5.13e-05	43.9
WP_056843185.1	iPC815.YPO0490	32.5	77	41	3	10	85	5	71	2.99e-04	41.6
WP_056843185.1	STM_v1_0.STM0088	25.5	141	78	6	10	149	5	119	3.90e-04	41.2
WP_056843188.1	iCN718.ABAYE_RS15140	34.2	269	164	4	27	290	24	284	4.01e-44	151
WP_056843189.1	iJN1463.PP_2008	83.0	678	115	0	1	678	16	693	0.0	1123
WP_056843190.1	iAF987.Gmet_0710	34.7	121	64	4	165	282	71	179	1.43e-10	61.2
WP_056843190.1	iLB1027_lipid.PHATRDRAFT_38930	38.1	84	48	2	202	282	104	186	9.35e-09	55.8
WP_056843194.1	iJN1463.PP_1771	80.4	225	44	0	2	226	3	227	1.18e-122	347
WP_056843195.1	iYO844.BSU22620	41.9	356	204	2	12	366	7	360	3.36e-88	270
WP_056843196.1	iJN1463.PP_1769	92.6	364	27	0	1	364	4	367	1.30e-245	669
WP_056843198.1	iJN1463.PP_1766	66.8	358	119	0	1	358	1	358	1.22e-158	448
WP_056843199.1	iAF692.Mbar_A3252	36.9	425	258	6	9	431	3	419	6.55e-74	238
WP_056843200.1	iJN1463.PP_1764	78.5	223	48	0	1	223	1	223	5.62e-130	365
WP_056843201.1	iYL1228.KPN_01091	28.5	239	151	5	13	241	5	233	1.30e-17	79.0
WP_056843201.1	iMM1415.15488	31.6	250	147	10	6	244	2	238	1.45e-14	72.4
WP_056843201.1	iML1515.b1093	27.6	239	153	5	13	241	5	233	4.35e-15	72.0
WP_056843201.1	iSbBS512_1146.SbBS512_E2231	27.6	239	153	5	13	241	5	233	4.35e-15	72.0
WP_056843201.1	iSDY_1059.SDY_2057	27.6	239	153	5	13	241	5	233	4.35e-15	72.0
WP_056843201.1	iSF_1195.SF1097	27.6	239	153	5	13	241	5	233	4.35e-15	72.0
WP_056843201.1	iSSON_1240.SSON_1113	27.6	239	153	5	13	241	5	233	4.35e-15	72.0
WP_056843201.1	iYL1228.KPN_02061	28.1	249	154	7	14	242	3	246	7.00e-15	71.6
WP_056843201.1	iCHOv1.103161104	30.8	250	149	10	6	244	2	238	3.38e-14	71.2
WP_056843201.1	iAM_Pv461.PVX_099555	29.3	242	152	6	13	243	59	292	1.52e-14	71.2
WP_056843202.1	iJN1463.PP_1761	71.8	820	229	1	1	820	24	841	0.0	1171
WP_056843203.1	iAF987.Gmet_2349	34.6	463	287	7	148	602	112	566	1.45e-68	232
WP_056843203.1	iJN1463.PP_4935	31.0	494	324	7	117	602	105	589	1.93e-60	211
WP_056843203.1	STM_v1_0.STM0984	27.6	598	403	8	13	602	1	576	2.54e-60	210
WP_056843203.1	iPC815.YPO3144	29.0	593	381	10	22	602	8	572	4.05e-60	210
WP_056843207.1	iJN1463.PP_1755	87.3	458	58	0	1	458	1	458	4.34e-290	790
WP_056843210.1	iAF987.Gmet_2349	38.1	567	344	4	17	582	9	569	3.32e-113	348
WP_056843212.1	iJN1463.PP_2117	74.2	380	98	0	1	380	1	380	6.06e-210	580
WP_056843213.1	iJN1463.PP_2339	89.2	869	94	0	1	869	1	869	0.0	1561
WP_056843214.1	iJN1463.PP_2080	86.9	1618	212	0	1	1618	1	1618	0.0	2784
WP_056843222.1	iAF987.Gmet_0843	35.8	120	70	3	12	127	1	117	2.50e-13	68.2
WP_056843224.1	iJN1463.PP_4169	87.1	341	44	0	1	341	1	341	1.56e-204	563
WP_056843225.1	iAF987.Gmet_1991	29.6	142	94	5	265	402	196	335	2.46e-09	60.1
WP_056843232.1	iML1515.b2873	41.0	458	255	9	7	459	4	451	6.04e-104	317
WP_056843232.1	iCN900.CD630_20830	39.6	455	267	6	6	459	3	450	7.33e-104	317
WP_056843232.1	iCN900.CD630_31780	38.1	472	272	9	7	475	4	458	3.60e-103	315
WP_056843232.1	iJN1463.PP_4036	39.0	464	268	10	7	465	4	457	1.43e-100	309
WP_056843233.1	iJN1463.PP_3942	28.3	233	152	7	1	221	1	230	7.75e-11	60.1
WP_056843235.1	iSbBS512_1146.SbBS512_E1192	28.2	259	141	10	1	230	1	243	1.01e-18	85.5
WP_056843235.1	iSDY_1059.SDY_2204	27.4	259	143	10	1	230	1	243	3.46e-18	84.0
WP_056843235.1	iML1515.b2041	27.8	259	142	10	1	230	1	243	4.70e-18	83.6
WP_056843235.1	iSF_1195.SF2104	27.4	259	143	10	1	230	1	243	2.94e-17	81.3
WP_056843235.1	iSbBS512_1146.SbBS512_E1204	30.0	253	151	8	1	239	1	241	2.00e-16	78.6
WP_056843236.1	iAF987.Gmet_1899	46.8	222	118	0	22	243	24	245	4.78e-75	228
WP_056843236.1	iYO844.BSU08830	45.7	243	125	3	4	245	3	239	4.35e-71	218
WP_056843236.1	iJN1463.PP_0209	47.9	234	119	1	24	254	29	262	1.67e-69	215
WP_056843236.1	iSynCJ816.SGL_RS05565	45.7	254	127	3	4	248	3	254	9.90e-70	215
WP_056843236.1	iSynCJ816.SGL_RS06580	46.0	248	124	5	2	244	17	259	1.80e-66	209
WP_056843237.1	iPC815.YPO3626	36.9	255	152	2	22	276	8	253	6.43e-53	173
WP_056843237.1	iJN1463.PP_0208	38.2	246	139	3	37	278	19	255	1.24e-51	169
WP_056843237.1	iCN718.ABAYE_RS19055	36.9	255	152	2	25	279	17	262	5.66e-51	168
WP_056843237.1	iYL1228.KPN_00970	32.8	262	167	2	23	284	8	260	5.18e-48	160
WP_056843240.1	iJN1463.PP_4310	35.1	239	151	2	1	237	1	237	5.23e-27	103
WP_056843240.1	iYL1228.KPN_01788	34.3	236	146	4	1	231	4	235	6.36e-25	98.6
WP_056843241.1	iJN1463.PP_0931	31.1	488	305	9	3	467	1	480	1.61e-54	189
WP_056843241.1	iSynCJ816.SGL_RS07160	32.5	446	271	11	18	440	14	452	6.25e-49	174
WP_056843241.1	iAF987.Gmet_0075	29.0	483	309	10	1	458	1	474	3.35e-48	172
WP_056843242.1	iPC815.YPO2846	41.3	351	197	4	10	354	5	352	3.36e-84	259
WP_056843242.1	iJN1463.PP_0411	47.5	276	145	0	19	294	24	299	7.01e-84	259
WP_056843242.1	iLJ478.TM0421	43.9	326	177	4	18	339	11	334	1.13e-81	253
WP_056843242.1	iJN1463.PP_5137	45.7	348	169	8	1	332	1	344	2.90e-80	249
WP_056843242.1	iHN637.CLJU_RS10680	45.9	268	143	1	26	293	25	290	4.55e-79	246
WP_056843242.1	STM_v1_0.STM0878	45.6	281	148	3	25	301	34	313	7.62e-78	243
WP_056843242.1	iPC815.YPO1332	46.7	272	142	2	25	294	34	304	3.03e-77	242
WP_056843242.1	iCN718.ABAYE_RS05140	43.3	323	162	6	18	330	10	321	2.12e-77	241
WP_056843242.1	iJN1463.PP_1484	54.1	231	106	0	21	251	15	245	3.14e-77	241
WP_056843242.1	iSynCJ816.SGL_RS17160	42.5	313	164	3	10	320	3	301	6.33e-77	240
WP_056843242.1	iPC815.YPO3793	41.4	321	180	4	10	327	4	319	9.48e-77	240
WP_056843242.1	iSbBS512_1146.SbBS512_E1304	45.3	274	150	0	26	299	33	306	3.48e-76	239
WP_056843242.1	iSDY_1059.SDY_2026	45.3	274	150	0	26	299	33	306	3.48e-76	239
WP_056843242.1	iSSON_1240.SSON_1144	45.3	274	150	0	26	299	33	306	3.48e-76	239
WP_056843242.1	iML1515.b1126	45.3	274	150	0	26	299	33	306	4.91e-76	239
WP_056843242.1	iSF_1195.SF1128	45.3	274	150	0	26	299	33	306	4.91e-76	239
WP_056843242.1	iLJ478.TM1376	43.7	268	151	0	28	295	23	290	5.19e-76	238
WP_056843242.1	iYL1228.KPN_00886	45.2	279	136	3	25	294	50	320	2.11e-75	238
WP_056843242.1	iYL1228.KPN_01132	45.0	269	148	0	26	294	33	301	3.87e-75	236
WP_056843242.1	iJN1463.PP_3817	40.5	343	189	5	17	349	21	358	6.13e-75	236
WP_056843242.1	iJN1463.PP_5179	49.4	237	116	1	23	255	35	271	1.63e-74	235
WP_056843242.1	iAF987.Gmet_1903	42.2	327	177	4	21	341	13	333	1.11e-74	234
WP_056843242.1	iSDY_1059.SDY_0740	44.9	272	147	2	25	294	34	304	2.97e-74	234
WP_056843242.1	iSF_1195.SF0809	49.1	228	116	0	25	252	61	288	6.33e-74	234
WP_056843242.1	iML1515.b0855	49.1	228	116	0	25	252	34	261	4.19e-74	234
WP_056843242.1	STM_v1_0.STM1226	43.1	283	161	0	26	308	33	315	4.31e-74	234
WP_056843242.1	iSbBS512_1146.SbBS512_E2476	44.9	272	147	2	25	294	34	304	4.19e-74	234
WP_056843242.1	iSSON_1240.SSON_1696	40.9	347	169	6	8	346	3	321	1.31e-74	234
WP_056843242.1	iML1515.b1441	40.9	347	169	6	8	346	3	321	1.85e-74	233
WP_056843243.1	STM_v1_0.STM1222	29.6	203	126	7	100	290	92	289	2.22e-15	75.9
WP_056843243.1	iML1515.b1123	33.8	145	87	4	150	290	150	289	4.05e-15	75.1
WP_056843243.1	iSDY_1059.SDY_2029	33.8	145	87	4	150	290	150	289	4.05e-15	75.1
WP_056843243.1	iSF_1195.SF1125	33.8	145	87	4	150	290	150	289	4.05e-15	75.1
WP_056843243.1	iSSON_1240.SSON_1141	33.8	145	87	4	150	290	150	289	4.05e-15	75.1
WP_056843243.1	iYL1228.KPN_01129	33.8	145	87	4	150	290	150	289	9.95e-15	73.9
WP_056843243.1	iSbBS512_1146.SbBS512_E2202	33.1	145	88	4	150	290	150	289	5.96e-14	71.6
WP_056843244.1	STM_v1_0.STM0879	32.4	259	159	3	24	266	41	299	3.83e-39	139
WP_056843244.1	iYL1228.KPN_00887	32.0	259	160	3	24	266	41	299	7.54e-39	138
WP_056843244.1	iSbBS512_1146.SbBS512_E2475	31.7	259	161	3	24	266	41	299	4.08e-38	136
WP_056843244.1	iML1515.b0856	31.3	259	162	3	24	266	41	299	1.12e-37	135
WP_056843244.1	iSF_1195.SF0810	31.3	259	162	3	24	266	41	299	1.12e-37	135
WP_056843244.1	iSSON_1240.SSON_0841	31.3	259	162	3	24	266	41	299	1.12e-37	135
WP_056843244.1	iPC815.YPO1333	32.7	217	146	0	50	266	87	303	1.22e-37	135
WP_056843244.1	iSDY_1059.SDY_0739	31.3	259	162	3	24	266	41	299	2.20e-37	134
WP_056843244.1	iCN900.CD630_10250	29.3	259	181	2	18	276	10	266	4.90e-37	132
WP_056843244.1	iJN1463.PP_3815	29.8	252	172	2	14	265	38	284	4.92e-36	130
WP_056843244.1	iJN1463.PP_5178	32.7	226	152	0	41	266	63	288	1.38e-35	129
WP_056843244.1	iYL1228.KPN_01131	32.0	253	166	4	24	272	20	270	1.80e-34	125
WP_056843245.1	iJN1463.PP_0414	37.0	246	155	0	26	271	25	270	9.06e-41	141
WP_056843247.1	iCN718.ABAYE_RS11400	30.2	420	251	10	4	405	248	643	2.81e-44	162
WP_056843247.1	iEK1008.Rv1464	30.7	430	240	14	1	402	5	404	1.69e-42	154
WP_056843247.1	iJN1463.PP_1529	30.4	425	244	13	10	413	8	401	4.65e-41	149
WP_056843247.1	iSynCJ816.SGL_RS15265	31.0	422	246	13	9	409	13	410	3.43e-40	147
WP_056843248.1	iJN1463.PP_3597	61.4	241	92	1	4	243	20	260	1.74e-98	287
WP_056843248.1	iYO844.BSU27430	57.0	242	103	1	4	244	1	242	1.96e-93	274
WP_056843248.1	iJN1463.PP_1300	59.8	241	96	1	4	243	14	254	4.16e-93	273
WP_056843248.1	iPC815.YPO2612	56.8	241	103	1	4	243	2	242	3.72e-91	268
WP_056843248.1	iYL1228.KPN_00678	57.3	241	102	1	4	243	1	241	7.24e-91	267
WP_056843248.1	iML1515.b0652	57.3	241	102	1	4	243	1	241	1.03e-90	267
WP_056843248.1	iSSON_1240.SSON_0606	57.3	241	102	1	4	243	1	241	1.03e-90	267
WP_056843248.1	iSF_1195.SF0629	57.3	241	102	1	4	243	1	241	2.93e-90	266
WP_056843248.1	iCN900.CD630_07520	54.2	240	109	1	4	242	1	240	4.02e-90	265
WP_056843248.1	iJN1463.PP_1068	56.6	244	103	2	4	244	13	256	3.92e-89	263
WP_056843248.1	STM_v1_0.STM0828	57.1	240	100	2	4	241	1	239	2.31e-89	263
WP_056843248.1	iSDY_1059.SDY_0787	57.5	240	99	2	4	241	1	239	1.88e-88	261
WP_056843248.1	iSF_1195.SF0760	57.5	240	99	2	4	241	1	239	2.66e-88	261
WP_056843248.1	iML1515.b0809	57.5	240	99	2	4	241	1	239	3.78e-88	260
WP_056843248.1	iSbBS512_1146.SbBS512_E2539	57.5	240	99	2	4	241	1	239	3.78e-88	260
WP_056843248.1	iSSON_1240.SSON_0789	57.5	240	99	2	4	241	1	239	3.78e-88	260
WP_056843249.1	iML1515.b1918	47.3	167	88	0	14	180	9	175	3.79e-42	142
WP_056843249.1	iJN1463.PP_0226	42.9	205	116	1	14	217	10	214	4.24e-41	139
WP_056843249.1	iYO844.BSU23970	36.0	211	133	2	9	217	4	214	6.01e-37	128
WP_056843252.1	iAF692.Mbar_A1414	37.1	62	37	2	4	64	5	65	4.18e-04	40.4
WP_056843254.1	iAF987.Gmet_1706	33.3	117	74	3	4	118	3	117	2.40e-12	64.7
WP_056843254.1	iAF987.Gmet_1919	22.8	197	146	2	4	194	5	201	1.39e-10	59.7
WP_056843256.1	iAF987.Gmet_0043	26.5	245	157	8	212	437	26	266	4.28e-08	55.1
WP_056843257.1	iYS854.USA300HOU_RS04360	26.4	148	102	3	28	172	26	169	4.60e-06	44.7
WP_056843260.1	iYS854.USA300HOU_RS07595	31.7	432	243	8	8	395	5	428	4.72e-54	192
WP_056843262.1	iEK1008.Rv3777	43.3	312	168	4	13	315	17	328	2.95e-79	244
WP_056843266.1	iJN1463.PP_1706	65.1	106	35	1	12	117	14	117	2.46e-49	152
WP_056843267.1	iJN1463.PP_1705	83.0	853	142	1	1	853	1	850	0.0	1435
WP_056843270.1	iIT341.HP0824	29.9	117	57	5	42	158	15	106	5.58e-08	48.1
WP_056843271.1	iAF987.Gmet_0771	41.2	199	109	3	6	196	3	201	2.05e-39	133
WP_056843273.1	iPC815.YPO0521	25.3	237	171	2	23	259	6	236	3.90e-15	74.7
WP_056843273.1	iNF517.LLMG_RS06720	26.7	240	153	5	21	253	14	237	1.49e-15	74.3
WP_056843274.1	iJN1463.PP_3816	34.4	218	136	5	10	226	15	226	5.37e-18	80.9
WP_056843275.1	iJN1463.PP_1722	77.8	329	73	0	1	329	1	329	2.93e-173	483
WP_056843276.1	iEK1008.Rv0505c	28.3	219	154	1	2	217	122	340	6.80e-17	77.8
WP_056843276.1	iEK1008.Rv2483c	24.6	211	157	2	4	213	40	249	2.44e-14	70.9
WP_056843280.1	iIT341.HP1458	30.4	112	52	4	158	267	15	102	6.68e-07	46.6
WP_056843280.1	iML1515.b2582	40.8	49	28	1	161	208	54	102	1.14e-05	43.9
WP_056843280.1	iSbBS512_1146.SbBS512_E2954	40.8	49	28	1	161	208	54	102	1.14e-05	43.9
WP_056843280.1	iSDY_1059.SDY_2825	40.8	49	28	1	161	208	54	102	1.14e-05	43.9
WP_056843280.1	iSF_1195.SF2644	40.8	49	28	1	161	208	54	102	1.14e-05	43.9
WP_056843280.1	iSSON_1240.SSON_2708	40.8	49	28	1	161	208	54	102	1.14e-05	43.9
WP_056843280.1	STM_v1_0.STM2649	33.3	72	47	1	138	208	31	102	2.11e-05	43.1
WP_056843281.1	iJN1463.PP_1989	95.1	370	18	0	1	370	1	370	5.54e-263	713
WP_056843282.1	iJN1463.PP_1988	94.2	360	21	0	1	360	1	360	4.06e-244	665
WP_056843283.1	iSF_1195.SF0727	34.6	162	98	3	2	162	3	157	9.23e-14	68.6
WP_056843283.1	iNF517.LLMG_RS03890	29.4	143	94	2	46	181	51	193	1.64e-13	67.8
WP_056843283.1	iSDY_1059.SDY_0829	34.4	163	97	4	2	162	3	157	1.74e-13	67.8
WP_056843283.1	iSbBS512_1146.SbBS512_E2575	33.3	162	100	3	2	162	3	157	4.47e-13	66.6
WP_056843283.1	iSSON_1240.SSON_0756	33.3	162	100	3	2	162	3	157	4.47e-13	66.6
WP_056843283.1	iML1515.b0777	33.3	162	100	3	2	162	3	157	4.01e-12	63.9
WP_056843283.1	iYS854.USA300HOU_RS07520	29.9	144	92	3	45	181	52	193	4.92e-12	63.5
WP_056843284.1	iJN1463.PP_1986	89.7	213	22	0	1	213	1	213	2.71e-146	405
WP_056843287.1	iJN1463.PP_1076	83.5	261	43	0	2	262	3	263	1.31e-159	444
WP_056843288.1	iJN1463.PP_1075	88.8	498	56	0	1	498	1	498	0.0	907
WP_056843290.1	iJN1463.PP_1073	73.9	505	132	0	8	512	10	514	1.66e-274	754
WP_056843291.1	iYL1228.KPN_01622	27.5	280	182	8	21	290	14	282	2.00e-14	72.0
WP_056843291.1	STM_v1_0.STM1517	26.0	304	207	7	9	305	6	298	2.32e-13	68.9
WP_056843293.1	iYS854.USA300HOU_RS07595	21.4	318	229	10	46	358	38	339	2.02e-07	52.8
WP_056843298.1	iJN1463.PP_2428	67.9	383	123	0	4	386	19	401	1.90e-167	474
WP_056843306.1	iJN1463.PP_4549	87.4	565	71	0	1	565	1	565	0.0	1008
WP_056843307.1	iJN1463.PP_4550	79.5	560	115	0	1	560	1	560	0.0	928
WP_056843308.1	iJN1463.PP_4552	87.4	151	19	0	1	151	1	151	2.57e-91	261
WP_056843310.1	iJN1463.PP_1097	86.8	681	88	1	1	681	1	679	0.0	1212
WP_056843313.1	iML1515.b0957	35.2	105	58	3	183	277	230	334	2.34e-07	51.2
WP_056843313.1	iSbBS512_1146.SbBS512_E2359	35.2	105	58	3	183	277	230	334	2.34e-07	51.2
WP_056843313.1	iSDY_1059.SDY_0930	35.2	105	58	3	183	277	234	338	2.36e-07	51.2
WP_056843313.1	iSF_1195.SF0957	35.2	105	58	3	183	277	232	336	2.35e-07	51.2
WP_056843313.1	iSSON_1240.SSON_0961	35.2	105	58	3	183	277	230	334	2.34e-07	51.2
WP_056843313.1	iYL1228.KPN_00986	34.0	97	54	2	191	277	248	344	3.22e-06	47.8
WP_056843313.1	iPC815.YPO1435	31.6	155	85	7	143	277	188	341	3.20e-06	47.8
WP_056843314.1	iJN1463.PP_1086	84.8	348	53	0	1	348	1	348	1.14e-205	566
WP_056843315.1	iJN1463.PP_1079	82.2	303	54	0	1	303	1	303	1.87e-183	507
WP_056843316.1	iJN1463.PP_1078	84.9	351	53	0	1	351	1	351	5.76e-212	584
WP_056843319.1	iJN1463.PP_1977	92.3	491	38	0	2	492	3	493	0.0	938
WP_056843320.1	iJN1463.PP_1972	84.4	398	62	0	1	398	1	398	9.39e-237	649
WP_056843321.1	iJN1463.PP_0350	38.1	826	459	22	13	807	4	808	6.98e-171	513
WP_056843326.1	iCN718.ABAYE_RS06330	68.9	225	70	0	15	239	2	226	3.63e-102	295
WP_056843328.1	iJN1463.PP_1750	84.5	595	87	1	1	590	1	595	0.0	1018
WP_056843329.1	iSynCJ816.SGL_RS08660	28.3	329	218	7	268	579	158	485	1.41e-29	124
WP_056843331.1	iJN1463.PP_1743	91.8	547	45	0	6	552	8	554	0.0	941
WP_056843331.1	iPC815.YPO0251	83.6	537	88	0	16	552	15	551	4.89e-312	853
WP_056843332.1	iJN1463.PP_1893	80.4	815	160	0	1	815	1	815	0.0	1322
WP_056843334.1	iJN1463.PP_0237	46.3	320	164	6	1	319	1	313	2.39e-82	251
WP_056843334.1	iCN718.ABAYE_RS19040	46.5	282	148	3	28	309	34	312	1.30e-76	237
WP_056843337.1	iYS854.USA300HOU_RS12370	33.3	366	220	6	20	375	33	384	3.29e-53	180
WP_056843337.1	iYO844.BSU04520	33.0	355	223	7	24	371	32	378	4.09e-48	167
WP_056843341.1	iCN718.ABAYE_RS18215	30.1	176	117	3	56	230	60	230	5.89e-17	77.8
WP_056843343.1	iJN1463.PP_0240	49.4	247	113	3	20	258	24	266	1.08e-65	205
WP_056843343.1	iPC815.YPO3627	48.6	251	117	3	1	243	1	247	3.14e-65	204
WP_056843343.1	iYL1228.KPN_00969	46.2	234	117	2	7	232	6	238	4.25e-62	195
WP_056843343.1	iML1515.b0933	48.4	215	102	2	15	221	14	227	4.65e-58	185
WP_056843343.1	iSSON_1240.SSON_0936	48.4	215	102	2	15	221	14	227	4.65e-58	185
WP_056843344.1	iYS854.USA300HOU_RS13375	24.9	518	341	16	18	516	11	499	1.20e-28	119
WP_056843345.1	iML1515.b3477	37.9	309	189	1	1	309	1	306	8.21e-57	186
WP_056843345.1	iSbBS512_1146.SbBS512_E3844	37.9	309	189	1	1	309	1	306	8.21e-57	186
WP_056843345.1	iSSON_1240.SSON_3715	37.9	309	189	1	1	309	1	306	8.21e-57	186
WP_056843345.1	iSDY_1059.SDY_3632	37.9	309	189	1	1	309	1	306	1.16e-56	185
WP_056843345.1	iSF_1195.SF3495	37.5	309	190	1	1	309	1	306	6.43e-56	183
WP_056843345.1	iSSON_1240.SSON_0813	35.0	311	196	2	1	311	1	305	4.05e-55	181
WP_056843345.1	iML1515.b0831	35.0	311	196	2	1	311	1	305	2.25e-54	179
WP_056843345.1	iYL1228.KPN_03898	35.7	342	184	4	1	311	1	337	5.41e-54	179
WP_056843345.1	iSDY_1059.SDY_0756	35.0	311	196	2	1	311	1	305	2.25e-54	179
WP_056843345.1	STM_v1_0.STM0850	36.4	313	189	5	1	311	1	305	1.76e-53	177
WP_056843345.1	iSF_1195.SF0781	34.7	311	197	2	1	311	1	305	1.76e-53	177
WP_056843345.1	iSbBS512_1146.SbBS512_E2517	34.7	311	197	2	1	311	1	305	3.49e-53	176
WP_056843345.1	iYL1228.KPN_00864	36.6	309	182	6	5	311	9	305	1.93e-52	174
WP_056843345.1	iJN1463.PP_0881	33.6	339	192	2	1	311	1	334	5.97e-52	174
WP_056843345.1	iJN1463.PP_3343	37.1	310	188	3	1	308	1	305	1.29e-51	172
WP_056843345.1	STM_v1_0.STM3629	33.6	342	191	2	1	311	1	337	2.52e-51	172
WP_056843345.1	iML1515.b3543	34.0	344	187	4	1	311	1	337	7.01e-51	171
WP_056843345.1	iSDY_1059.SDY_4566	34.0	344	187	4	1	311	1	337	7.01e-51	171
WP_056843345.1	iSSON_1240.SSON_3847	34.0	344	187	4	1	311	1	337	7.01e-51	171
WP_056843345.1	iYL1228.KPN_03851	35.7	311	193	2	1	309	1	306	5.19e-51	171
WP_056843345.1	iSF_1195.SF3578	33.7	344	188	4	1	311	1	337	2.74e-50	169
WP_056843346.1	iCN718.ABAYE_RS19045	35.3	303	189	4	8	304	20	321	4.76e-50	169
WP_056843346.1	iJN1463.PP_0237	36.9	279	171	2	28	302	29	306	1.13e-49	167
WP_056843346.1	iSSON_1240.SSON_0939	35.2	310	193	5	1	304	13	320	4.61e-48	164
WP_056843346.1	iSF_1195.SF0935	35.2	310	193	5	1	304	13	320	9.10e-48	163
WP_056843346.1	iML1515.b0936	35.4	305	189	5	6	304	4	306	9.02e-48	162
WP_056843346.1	iSbBS512_1146.SbBS512_E2382	35.6	298	185	4	13	304	24	320	1.80e-47	162
WP_056843346.1	iSDY_1059.SDY_2320	35.1	296	185	4	13	302	10	304	1.28e-46	160
WP_056843346.1	iYL1228.KPN_00972	36.1	280	172	4	28	302	28	305	6.29e-44	152
WP_056843347.1	iJN1463.PP_0230	40.3	278	146	5	12	274	2	274	7.96e-60	191
WP_056843347.1	iSF_1195.SF0250	37.0	276	150	3	16	274	8	276	6.68e-57	184
WP_056843347.1	iML1515.b0368	36.6	276	151	3	16	274	8	276	1.33e-56	183
WP_056843347.1	iSSON_1240.SSON_0346	36.6	276	151	3	16	274	8	276	1.33e-56	183
WP_056843347.1	iYL1228.KPN_00314	36.6	276	151	3	16	274	8	276	1.88e-56	182
WP_056843347.1	iSDY_1059.SDY_0502	35.9	276	153	3	16	274	8	276	8.34e-55	178
WP_056843347.1	iPC815.YPO0185	36.8	277	149	4	16	274	8	276	2.28e-54	177
WP_056843349.1	iJN1463.PP_1877	85.0	160	24	0	1	160	1	160	4.63e-99	281
WP_056843351.1	iJN1463.PP_0914	29.7	246	173	0	1	246	11	256	2.02e-27	118
WP_056843354.1	iJN1463.PP_1231	86.1	352	49	0	1	352	1	352	3.85e-222	608
WP_056843355.1	iJN1463.PP_1226	88.7	222	25	0	8	229	3	224	1.50e-145	404
WP_056843356.1	iJN1463.PP_1225	87.4	215	27	0	1	215	1	215	6.60e-141	392
WP_056843358.1	iSF_1195.SF0561	46.4	125	66	1	9	133	5	128	1.11e-30	107
WP_056843358.1	iSSON_1240.SSON_0688	46.4	125	66	1	9	133	5	128	1.11e-30	107
WP_056843358.1	iSbBS512_1146.SbBS512_E0658	46.4	125	66	1	9	133	5	128	1.57e-30	106
WP_056843358.1	iSDY_1059.SDY_0684	45.6	125	67	1	9	133	5	128	1.02e-28	102
WP_056843360.1	iJN1463.PP_1213	91.7	591	49	0	1	591	1	591	0.0	1093
WP_056843364.1	iYO844.BSU32500	28.8	111	73	3	89	194	87	196	3.54e-04	39.7
WP_056843365.1	iJN1463.PP_1904	69.4	340	103	1	1	340	13	351	1.55e-169	475
WP_056843366.1	iJN1463.PP_1902	78.6	252	54	0	1	252	1	252	1.79e-139	391
WP_056843367.1	iJN1463.PP_1900	73.6	330	87	0	1	330	2	331	5.92e-184	510
WP_056843371.1	iSbBS512_1146.SbBS512_E2729	37.7	138	82	2	62	195	30	167	7.01e-18	80.1
WP_056843371.1	iSDY_1059.SDY_2550	37.7	138	82	2	62	195	30	167	7.01e-18	80.1
WP_056843371.1	iSF_1195.SF2424	37.7	138	82	2	62	195	30	167	7.01e-18	80.1
WP_056843371.1	iSSON_1240.SSON_2403	37.7	138	82	2	62	195	30	167	7.01e-18	80.1
WP_056843372.1	iJN1463.PP_1735	82.9	310	53	0	1	310	1	310	2.32e-193	532
WP_056843373.1	iAM_Pb448.PBANKA_083310	29.5	471	279	8	7	424	10	480	3.56e-66	219
WP_056843373.1	iAM_Pc455.PCYB_073980	30.4	494	262	9	7	423	10	498	4.63e-63	211
WP_056843373.1	iAM_Pv461.PVX_087090	28.0	532	269	9	7	424	10	541	9.17e-59	201
WP_056843378.1	iJN1463.PP_1362	89.9	483	49	0	1	483	1	483	2.59e-312	848
WP_056843379.1	iJN1463.PP_4646	32.8	116	77	1	102	217	19	133	1.90e-09	57.0
WP_056843379.1	STM_v1_0.STM2093	22.6	318	200	11	18	306	21	321	1.24e-08	55.1
WP_056843379.1	iHN637.CLJU_RS18480	34.2	73	47	1	13	84	15	87	2.58e-08	54.7
WP_056843379.1	iSynCJ816.SGL_RS10530	36.8	68	43	0	19	86	28	95	3.11e-09	53.9
WP_056843380.1	iML1515.b1341	39.4	165	97	2	199	362	248	410	1.49e-29	117
WP_056843380.1	iAF987.Gmet_0069	38.7	173	102	3	190	358	128	300	3.12e-30	117
WP_056843380.1	iAF987.Gmet_1298	39.1	161	93	3	203	358	183	343	3.04e-28	112
WP_056843380.1	iAF987.Gmet_2721	40.2	164	93	3	200	358	499	662	4.29e-27	112
WP_056843380.1	iAF987.Gmet_0043	43.6	163	77	5	206	358	417	574	2.06e-26	110
WP_056843380.1	iJN1463.PP_0129	43.2	155	84	3	207	358	488	641	5.97e-26	108
WP_056843380.1	iPC815.YPO0425	39.2	171	97	5	191	357	207	374	3.25e-26	107
WP_056843380.1	iAF987.Gmet_2425	42.4	165	85	5	200	358	183	343	5.12e-26	106
WP_056843381.1	iJN1463.PP_0897	94.7	507	27	0	1	507	1	507	0.0	964
WP_056843386.1	iYO844.BSU30410	28.4	155	104	3	260	414	288	435	1.22e-06	50.1
WP_056843392.1	iML1515.b3008	39.1	391	221	9	518	896	6	391	2.85e-81	267
WP_056843392.1	iSSON_1240.SSON_3151	39.1	391	221	9	518	896	6	391	5.51e-81	266
WP_056843392.1	iSbBS512_1146.SbBS512_E3435	38.9	391	222	9	518	896	6	391	7.67e-81	266
WP_056843392.1	iYL1228.KPN_03428	39.9	391	218	9	518	896	6	391	1.48e-80	265
WP_056843392.1	iSF_1195.SF3053	38.7	393	220	9	518	896	6	391	1.48e-80	265
WP_056843392.1	STM_v1_0.STM3161	38.6	396	226	9	513	896	1	391	3.99e-80	264
WP_056843392.1	iSDY_1059.SDY_3065	38.7	393	220	9	518	896	6	391	3.99e-80	264
WP_056843396.1	iJN1463.PP_0880	47.3	207	109	0	70	276	87	293	1.02e-53	176
WP_056843396.1	iML1515.b1485	38.9	257	149	4	34	285	41	294	2.30e-49	165
WP_056843396.1	iSSON_1240.SSON_1639	38.9	257	149	4	34	285	41	294	2.30e-49	165
WP_056843396.1	iSbBS512_1146.SbBS512_E1748	38.9	257	145	5	34	285	41	290	1.62e-48	162
WP_056843396.1	iML1515.b0832	39.8	251	144	2	30	276	43	290	8.05e-48	161
WP_056843396.1	iSbBS512_1146.SbBS512_E2516	39.4	251	145	2	30	276	43	290	1.13e-47	160
WP_056843396.1	iSSON_1240.SSON_0814	39.4	251	145	2	30	276	43	290	1.13e-47	160
WP_056843396.1	iSDY_1059.SDY_0755	39.4	251	145	2	30	276	43	290	3.16e-47	159
WP_056843396.1	iYL1228.KPN_00865	38.5	262	152	3	20	276	19	276	3.09e-47	159
WP_056843402.1	iYL1228.KPN_02455	36.3	468	283	6	181	635	126	591	5.23e-79	262
WP_056843402.1	iAF987.Gmet_2629	35.3	419	266	2	226	640	385	802	8.46e-76	258
WP_056843402.1	iAF987.Gmet_0700	35.8	425	263	3	226	643	394	815	3.83e-72	248
WP_056843402.1	iAF987.Gmet_3085	33.7	460	294	3	205	653	438	897	2.28e-71	248
WP_056843402.1	iAF987.Gmet_0782	35.7	415	263	1	226	636	301	715	3.63e-72	247
WP_056843402.1	iJN1463.PP_0914	34.2	441	281	3	211	645	245	682	1.61e-69	239
WP_056843402.1	iAF987.Gmet_0987	34.7	426	274	1	224	645	358	783	1.57e-68	238
WP_056843405.1	iAF692.Mbar_A1138	24.9	173	110	4	79	251	62	214	1.03e-09	58.9
WP_056843405.1	STM_v1_0.STM4433	23.4	282	176	10	1	273	1	251	2.13e-08	55.1
WP_056843409.1	iYO844.BSU03950	28.0	107	76	1	12	117	14	120	4.11e-06	43.9
WP_056843411.1	iJN1463.PP_2862	83.3	276	46	0	1	276	2	277	1.13e-167	464
WP_056843417.1	iJN1463.PP_0544	39.2	411	235	6	7	413	32	431	7.72e-79	252
WP_056843421.1	iJN1463.PP_1804	59.3	334	129	4	4	332	3	334	2.01e-133	382
WP_056843422.1	iJN1463.PP_1802	68.5	368	116	0	1	368	2	369	1.66e-183	512
WP_056843433.1	iAF987.Gmet_0043	22.8	254	184	5	203	446	20	271	8.07e-09	57.4
WP_056843437.1	iJN1463.PP_0325	27.8	284	161	9	1	255	167	435	9.33e-10	60.5
WP_056843437.1	iLJ478.TM1433	27.2	323	197	11	6	303	4	313	7.12e-09	57.0
WP_056843443.1	iAF987.Gmet_1392	29.8	265	173	5	5	258	3	265	4.10e-30	114
WP_056843443.1	iYO844.BSU25660	29.6	267	176	6	10	271	3	262	2.88e-26	103
WP_056843443.1	iYL1228.KPN_00075	30.5	259	165	5	1	246	1	257	4.56e-26	103
WP_056843444.1	iYL1228.KPN_02741	34.6	324	193	8	1	313	1	316	1.42e-45	157
WP_056843444.1	iCN718.ABAYE_RS12975	33.9	342	178	11	1	304	1	332	4.92e-42	149
WP_056843444.1	iYO844.BSU09530	34.7	323	188	9	1	313	1	310	1.76e-41	147
WP_056843444.1	iSbBS512_1146.SbBS512_E3430	31.8	327	208	9	1	316	13	335	1.38e-39	142
WP_056843450.1	iSynCJ816.SGL_RS14865	53.8	236	108	1	3	238	17	251	7.11e-85	252
WP_056843450.1	iSynCJ816.SGL_RS16015	50.0	240	116	1	3	238	34	273	1.30e-77	234
WP_056843457.1	iJN1463.PP_0823	82.6	344	60	0	1	344	1	344	2.88e-213	585
WP_056843462.1	iJN1463.PP_2929	90.4	365	35	0	1	365	1	365	7.12e-252	685
WP_056843463.1	iJN1463.PP_1770	85.5	738	101	2	3	740	15	746	0.0	1220
WP_056843464.1	iJN1463.PP_1768	91.4	361	31	0	1	361	1	361	1.67e-248	676
WP_056843466.1	iCN718.ABAYE_RS14225	52.5	257	120	2	7	262	6	261	8.32e-80	241
WP_056843467.1	iMM904.YLR146C	26.2	126	82	2	42	156	81	206	1.66e-08	53.5
WP_056843468.1	iEK1008.Rv3823c	30.7	127	81	3	651	770	241	367	2.74e-04	44.3
WP_056843471.1	iJN1463.PP_4286	50.2	293	140	4	6	294	7	297	2.39e-105	309
WP_056843477.1	iJN1463.PP_1872	91.6	403	34	0	1	403	1	403	5.06e-278	754
WP_056843478.1	iJN1463.PP_5306	29.9	194	115	8	2	180	95	282	2.33e-08	52.8
WP_056843478.1	iPC815.YPO0682	34.1	123	63	4	98	207	219	336	4.98e-07	48.9
WP_056843478.1	iML1515.b3006	38.5	91	51	2	92	180	115	202	4.88e-07	48.5
WP_056843478.1	iSbBS512_1146.SbBS512_E3434	38.5	91	51	2	92	180	115	202	4.88e-07	48.5
WP_056843478.1	iSDY_1059.SDY_3067	38.5	91	51	2	92	180	115	202	4.88e-07	48.5
WP_056843478.1	iSF_1195.SF3051	38.5	91	51	2	92	180	115	202	4.88e-07	48.5
WP_056843478.1	iSSON_1240.SSON_3149	38.5	91	51	2	92	180	115	202	4.88e-07	48.5
WP_056843478.1	iYL1228.KPN_03426	35.8	109	65	2	74	180	92	197	8.67e-07	47.8
WP_056843478.1	STM_v1_0.STM3159	43.8	73	36	2	110	180	133	202	8.95e-07	47.8
WP_056843479.1	iJN1463.PP_1183	66.2	234	78	1	1	234	1	233	7.04e-99	287
WP_056843486.1	iJN1463.PP_0165	77.0	648	149	0	1	648	1	648	0.0	964
WP_056843488.1	iJN1463.PP_2239	68.7	291	91	0	3	293	5	295	1.62e-129	369
WP_056843489.1	iAM_Pv461.PVX_117760	28.5	670	396	12	7	602	153	813	5.47e-64	224
WP_056843489.1	iAM_Pc455.PCYB_126090	27.5	665	403	11	10	602	4	661	1.49e-63	221
WP_056843489.1	iAM_Pf480.PF3D7_1454400	29.0	645	395	11	14	602	135	772	5.61e-62	218
WP_056843491.1	iJN1463.PP_2230	85.9	964	136	0	1	964	1	964	0.0	1610
WP_056843492.1	iJN1463.PP_2228	76.9	559	129	0	1	559	1	559	2.35e-302	829
WP_056843493.1	iJN1463.PP_2227	67.9	162	52	0	1	162	1	162	3.23e-67	201
WP_056843494.1	iML1515.b2679	25.8	275	173	11	72	332	72	329	2.33e-12	66.6
WP_056843494.1	iSbBS512_1146.SbBS512_E3200	25.8	275	173	11	72	332	72	329	2.33e-12	66.6
WP_056843494.1	iSF_1195.SF2707	25.8	275	173	11	72	332	72	329	2.33e-12	66.6
WP_056843494.1	iSSON_1240.SSON_2824	25.8	275	173	11	72	332	72	329	3.13e-12	66.2
WP_056843494.1	iYL1228.KPN_03010	23.0	304	191	11	46	332	49	326	2.43e-11	63.5
WP_056843494.1	iJN1463.PP_2775	23.1	342	221	12	13	325	10	338	3.62e-11	63.2
WP_056843494.1	STM_v1_0.STM2811	22.9	280	176	11	72	332	72	330	3.49e-10	60.1
WP_056843495.1	iJN1463.PP_3768	72.3	271	75	0	1	271	1	271	1.51e-140	395
WP_056843497.1	iAF987.Gmet_0069	29.4	119	80	2	4	118	5	123	8.09e-12	63.2
WP_056843497.1	iAF987.Gmet_2999	24.9	177	129	2	4	178	10	184	2.41e-11	62.0
WP_056843497.1	iAF987.Gmet_1919	23.8	185	136	1	4	183	5	189	3.16e-11	61.6
WP_056843503.1	iML1515.b4515	80.0	25	5	0	1	25	1	25	6.58e-09	44.7
WP_056843504.1	iCN718.ABAYE_RS08505	66.1	381	128	1	1	380	1	381	3.41e-186	520
WP_056843505.1	iCN718.ABAYE_RS08510	78.3	515	112	0	1	515	1	515	3.48e-300	821
WP_056843505.1	iYL1228.KPN_00736	71.5	513	146	0	6	518	5	517	7.85e-277	761
WP_056843505.1	iML1515.b0733	69.7	512	155	0	6	517	4	515	1.37e-272	751
WP_056843505.1	iSSON_1240.SSON_0685	69.7	512	155	0	6	517	5	516	1.43e-272	751
WP_056843507.1	iJN1463.PP_0350	28.6	703	459	17	29	699	115	806	4.95e-72	249
WP_056843507.1	iJN1463.PP_0160	28.5	688	442	15	48	700	153	825	2.08e-69	242
WP_056843507.1	STM_v1_0.STM0364	28.9	660	440	14	61	700	49	699	1.26e-66	232
WP_056843507.1	iYL1228.KPN_00165	28.9	722	459	17	13	695	21	727	3.89e-65	229
WP_056843512.1	iAF987.Gmet_1601	35.7	199	125	2	4	202	6	201	7.87e-30	111
WP_056843512.1	iSynCJ816.SGL_RS07245	33.5	242	149	5	1	238	4	237	1.58e-29	110
WP_056843512.1	iYL1228.KPN_02061	37.9	203	124	2	3	205	2	202	1.46e-28	108
WP_056843512.1	iEK1008.Rv1928c	37.4	190	113	4	6	192	14	200	1.17e-25	100
WP_056843515.1	iJN1463.PP_4266	80.1	181	36	0	1	181	1	181	1.98e-103	294
WP_056843521.1	iYO844.BSU31322	41.2	68	38	1	153	220	21	86	5.56e-11	61.6
WP_056843527.1	iJN1463.PP_4326	88.3	222	26	0	1	222	1	222	3.91e-125	352
WP_056843528.1	iJN1463.PP_4327	68.1	210	67	0	1	210	1	210	1.74e-99	286
WP_056843532.1	iCN900.CD630_07170	52.5	40	19	0	10	49	8	47	7.96e-04	39.7
WP_056843533.1	iAF987.Gmet_2727	31.8	154	82	3	110	244	248	397	1.82e-13	69.7
WP_056843534.1	iAF987.Gmet_1914	30.4	135	84	4	4	136	3	129	4.65e-07	51.2
WP_056843546.1	iAF987.Gmet_1914	40.2	102	61	0	4	105	3	104	1.19e-17	84.7
WP_056843553.1	iYS854.USA300HOU_RS14370	38.6	145	73	6	250	384	329	467	7.27e-11	63.5
WP_056843562.1	STM_v1_0.STM2774	35.0	311	197	3	407	715	885	1192	8.43e-41	160
WP_056843562.1	iSDY_1059.SDY_1025	35.8	299	185	5	407	702	882	1176	4.37e-37	149
WP_056843562.1	iYL1228.KPN_00918	31.4	369	237	7	357	719	207	565	2.21e-37	147
WP_056843562.1	iAF987.Gmet_2349	28.4	415	287	4	304	715	150	557	7.13e-37	145
WP_056843565.1	iJN1463.PP_2635	32.3	167	106	3	253	414	339	503	7.13e-11	65.1
WP_056843568.1	iJN1463.PP_2351	78.0	623	137	0	1	623	1	623	0.0	988
WP_056843571.1	iJN1463.PP_4138	67.4	181	58	1	1	180	1	181	5.99e-83	243
WP_056843574.1	iJN1463.PP_4144	67.2	259	85	0	1	259	1	259	3.71e-125	355
WP_056843575.1	iML1515.b0211	38.8	459	245	10	29	478	13	444	8.61e-96	296
WP_056843576.1	iJN1463.PP_4147	45.6	572	296	3	35	605	39	596	1.83e-180	523
WP_056843577.1	iJN1463.PP_4147	74.1	607	157	0	1	607	1	607	0.0	964
WP_056843578.1	iJN1463.PP_4148	91.3	357	31	0	1	357	1	357	4.99e-232	634
WP_056843579.1	iJN1463.PP_4150	82.3	530	94	0	1	530	1	530	7.25e-308	841
WP_056843582.1	iAT_PLT_636.4905	35.2	108	57	5	118	217	256	358	3.53e-05	45.8
WP_056843582.1	iMM1415.18195	35.2	108	57	5	118	217	256	358	3.53e-05	45.8
WP_056843584.1	iJN1463.PP_2265	90.1	284	28	0	1	284	1	284	4.43e-187	514
WP_056843586.1	iPC815.YPO3793	38.8	369	210	6	1	365	1	357	3.74e-70	223
WP_056843586.1	iYS854.USA300HOU_RS01090	38.1	294	174	3	1	292	1	288	4.29e-64	207
WP_056843586.1	iML1515.b3450	35.9	359	215	6	1	355	1	348	2.62e-63	205
WP_056843586.1	iEK1008.Rv1238	41.7	300	156	6	1	293	1	288	3.87e-62	203
WP_056843586.1	iSbBS512_1146.SbBS512_E3873	36.2	359	214	6	1	355	1	348	2.05e-62	203
WP_056843586.1	iLJ478.TM0421	39.4	287	163	3	33	314	27	307	4.40e-62	202
WP_056843588.1	iJN1463.PP_1722	46.2	318	161	3	1	317	1	309	1.66e-84	258
WP_056843588.1	iJN1463.PP_0411	44.0	334	167	4	23	336	35	368	5.19e-83	256
WP_056843588.1	iLJ478.TM1376	45.6	285	138	3	4	272	6	289	4.35e-83	256
WP_056843588.1	iSSON_1240.SSON_1696	42.4	340	183	3	4	338	5	336	3.40e-83	255
WP_056843588.1	iML1515.b1441	42.4	340	183	3	4	338	5	336	4.81e-83	254
WP_056843588.1	iYL1228.KPN_01927	43.2	338	179	4	4	336	5	334	6.80e-83	254
WP_056843588.1	iSDY_1059.SDY_1733	42.4	340	183	3	4	338	5	336	6.80e-83	254
WP_056843588.1	iCN900.CD630_35300	38.6	347	191	3	1	341	1	331	1.13e-82	253
WP_056843588.1	iCN900.CD630_35270	44.5	272	135	1	1	272	1	256	2.26e-82	253
WP_056843588.1	iPC815.YPO1332	40.2	356	189	4	4	335	20	375	7.19e-81	250
WP_056843588.1	iHN637.CLJU_RS10680	46.9	258	137	0	4	261	10	267	9.57e-81	250
WP_056843588.1	iJN1463.PP_1484	41.3	341	183	4	4	335	5	337	1.47e-80	248
WP_056843588.1	iPC815.YPO3712	41.7	333	171	6	1	312	1	331	3.20e-80	248
WP_056843588.1	iSbBS512_1146.SbBS512_E1304	50.6	237	117	0	4	240	18	254	2.34e-79	246
WP_056843588.1	iSSON_1240.SSON_1144	50.6	237	117	0	4	240	18	254	2.34e-79	246
WP_056843588.1	iML1515.b1126	50.6	237	117	0	4	240	18	254	3.31e-79	246
WP_056843588.1	STM_v1_0.STM0878	41.6	322	168	3	4	305	20	341	3.21e-79	246
WP_056843588.1	iSDY_1059.SDY_2026	50.6	237	117	0	4	240	18	254	3.31e-79	246
WP_056843588.1	iSF_1195.SF1128	50.6	237	117	0	4	240	18	254	3.31e-79	246
WP_056843588.1	iJN1463.PP_3817	38.9	347	187	5	4	327	15	359	1.48e-78	244
WP_056843588.1	iCN900.CD630_10240	38.4	344	199	4	4	338	6	345	1.06e-78	244
WP_056843588.1	iML1515.b0855	41.0	322	170	3	4	305	20	341	2.03e-77	241
WP_056843588.1	iSF_1195.SF0809	41.0	322	170	3	4	305	47	368	4.36e-77	241
WP_056843588.1	STM_v1_0.STM3554	41.0	354	190	6	1	338	1	351	1.55e-77	241
WP_056843588.1	STM_v1_0.STM1226	50.6	233	115	0	6	238	20	252	2.94e-77	241
WP_056843588.1	iYL1228.KPN_00886	38.9	357	192	4	4	335	36	391	6.38e-77	241
WP_056843588.1	iSSON_1240.SSON_0840	41.0	322	170	3	4	305	47	368	8.69e-77	241
WP_056843588.1	iSDY_1059.SDY_0740	41.3	322	169	4	4	305	20	341	5.70e-77	240
WP_056843588.1	iCN718.ABAYE_RS05140	42.0	305	159	4	4	295	3	302	5.65e-77	239
WP_056843588.1	iPC815.YPO3793	40.5	353	188	8	1	336	1	348	6.36e-77	239
WP_056843588.1	iSbBS512_1146.SbBS512_E2476	41.3	322	169	4	4	305	20	341	1.61e-76	239
WP_056843588.1	iYL1228.KPN_01132	49.8	237	119	0	4	240	18	254	3.30e-76	238
WP_056843588.1	iYL1228.KPN_04424	39.4	350	190	5	1	330	1	348	3.59e-76	238
WP_056843588.1	iPC815.YPO2846	42.0	307	160	5	3	291	4	310	4.02e-76	238
WP_056843588.1	iSynCJ816.SGL_RS17160	42.9	289	156	5	11	293	10	295	4.77e-76	237
WP_056843588.1	iML1515.b4035	37.9	351	196	3	1	330	1	350	1.51e-75	236
WP_056843588.1	iSF_1195.SF4170	38.6	352	192	5	1	330	1	350	1.51e-75	236
WP_056843588.1	iSSON_1240.SSON_4213	37.9	351	196	3	1	330	1	350	1.51e-75	236
WP_056843588.1	iYL1228.KPN_03810	40.2	353	194	4	1	338	1	351	1.38e-75	236
WP_056843588.1	iYS854.USA300HOU_RS05485	41.1	297	166	2	4	291	5	301	1.75e-75	236
WP_056843588.1	iEK1008.Rv2397c	49.6	232	117	0	11	242	12	243	1.69e-75	236
WP_056843588.1	iML1515.b3450	39.7	353	196	4	1	338	1	351	2.76e-75	235
WP_056843588.1	STM_v1_0.STM4230	38.1	349	196	4	1	330	1	348	1.13e-74	234
WP_056843588.1	iSbBS512_1146.SbBS512_E3873	39.7	353	196	4	1	338	1	351	1.55e-74	233
WP_056843588.1	iCN900.CD630_34170	39.8	322	169	5	1	312	1	307	4.36e-74	232
WP_056843589.1	iCN900.CD630_10250	33.0	264	172	3	1	264	1	259	8.27e-42	144
WP_056843589.1	iYL1228.KPN_01131	32.6	227	149	3	45	268	48	273	4.50e-39	137
WP_056843589.1	STM_v1_0.STM1225	32.6	227	149	3	45	268	48	273	1.83e-38	136
WP_056843589.1	iML1515.b1125	32.2	227	150	3	45	268	38	263	5.34e-38	134
WP_056843589.1	iSDY_1059.SDY_2027	32.2	227	150	3	45	268	38	263	5.34e-38	134
WP_056843589.1	iSF_1195.SF1127	32.2	227	150	3	45	268	38	263	5.34e-38	134
WP_056843589.1	iSSON_1240.SSON_1143	32.2	227	150	3	45	268	38	263	5.34e-38	134
WP_056843589.1	iSbBS512_1146.SbBS512_E1303	32.3	226	149	3	46	268	49	273	1.40e-37	134
WP_056843590.1	iJN1463.PP_0414	37.6	242	151	0	14	255	23	264	1.26e-45	154
WP_056843590.1	iJN1463.PP_3816	36.1	230	147	0	18	247	26	255	1.72e-40	140
WP_056843591.1	iJN1463.PP_0325	23.1	463	301	11	4	446	173	600	5.16e-11	64.7
WP_056843592.1	iAT_PLT_636.1757	22.5	382	271	9	8	368	68	445	4.41e-16	79.7
WP_056843592.1	iJN1463.PP_5257	26.3	400	232	16	6	371	32	402	2.47e-16	79.7
WP_056843592.1	iJN1463.PP_3146	26.4	386	237	13	8	364	32	399	5.93e-16	78.6
WP_056843592.1	iYO844.BSU11670	22.7	384	259	12	8	373	6	369	5.76e-16	78.2
WP_056843592.1	iJN1463.PP_5273	25.5	384	247	12	6	364	30	399	6.30e-14	72.4
WP_056843594.1	iJN1463.PP_2905	89.6	460	48	0	1	460	1	460	6.94e-314	850
WP_056843595.1	iJN1463.PP_2902	76.7	240	56	0	1	240	1	240	8.13e-137	384
WP_056843596.1	iJN1463.PP_2098	83.9	471	74	2	15	484	1	470	5.49e-288	786
WP_056843597.1	iJN1463.PP_2095	86.1	338	47	0	1	338	1	338	2.88e-200	552
WP_056843598.1	iAF987.Gmet_2727	39.2	120	71	2	221	339	277	395	2.38e-17	82.0
WP_056843602.1	iYS854.USA300HOU_RS12695	19.6	306	232	6	31	330	17	314	4.00e-14	71.6
WP_056843602.1	iHN637.CLJU_RS10745	25.1	231	160	3	109	330	85	311	5.29e-14	71.2
WP_056843603.1	iJN1463.PP_2514	29.8	121	85	0	32	152	59	179	9.67e-07	46.6
WP_056843605.1	iJN1463.PP_2082	93.2	791	54	0	1	791	1	791	0.0	1466
WP_056843607.1	iJN1463.PP_2329	72.3	447	123	1	1	447	1	446	2.91e-232	642
WP_056843608.1	iJN1463.PP_2328	91.4	244	21	0	1	244	1	244	3.71e-175	481
WP_056843610.1	iML1515.b1113	40.1	309	168	7	8	304	7	310	2.86e-63	202
WP_056843610.1	STM_v1_0.STM0837	43.2	292	144	8	25	304	24	305	1.07e-62	201
WP_056843610.1	STM_v1_0.STM1215	41.3	293	159	7	20	304	23	310	2.32e-62	200
WP_056843610.1	iML1515.b0819	47.0	249	123	5	15	255	10	257	3.36e-61	197
WP_056843610.1	iML1515.b1678	38.6	311	180	7	12	316	9	314	2.52e-58	190
WP_056843610.1	iML1515.b1990	38.9	303	165	7	13	304	9	302	2.88e-57	187
WP_056843610.1	STM_v1_0.STM1375	42.6	235	130	4	25	255	23	256	1.17e-55	183
WP_056843611.1	iJN1463.PP_2318	73.6	201	53	0	1	201	1	201	4.68e-102	292
WP_056843612.1	iCN900.CD630_19470	46.5	217	114	1	8	222	12	228	5.58e-63	195
WP_056843612.1	iYO844.BSU30420	46.6	191	100	1	19	207	19	209	1.91e-56	179
WP_056843617.1	iML1515.b2558	24.1	440	285	14	39	454	36	450	8.87e-18	85.5
WP_056843617.1	iSbBS512_1146.SbBS512_E2924	24.1	440	285	14	39	454	36	450	1.57e-17	84.7
WP_056843617.1	iSDY_1059.SDY_2748	23.9	418	269	14	61	454	12	404	1.34e-16	81.6
WP_056843617.1	iSF_1195.SF2605	23.9	418	269	14	61	454	12	404	1.34e-16	81.6
WP_056843619.1	iYL1228.KPN_00415	30.9	94	64	1	27	119	32	125	2.05e-04	41.6
WP_056843623.1	iAF987.Gmet_0069	36.6	123	73	2	8	125	1	123	1.24e-16	77.0
WP_056843623.1	iAF987.Gmet_2999	32.1	156	87	3	2	154	3	142	2.50e-14	70.9
WP_056843624.1	iSynCJ816.SGL_RS08885	37.2	371	224	4	1	365	1	368	3.31e-68	231
WP_056843625.1	iJN1463.PP_4159	68.0	181	58	0	1	181	1	181	2.62e-75	223
WP_056843626.1	iJN1463.PP_4160	81.6	664	122	0	21	684	21	684	0.0	1006
WP_056843627.1	iJN1463.PP_4161	79.4	564	116	0	1	564	1	564	2.94e-319	872
WP_056843630.1	iNF517.LLMG_RS12210	28.9	346	218	13	25	366	2	323	2.08e-33	127
WP_056843630.1	iYS854.USA300HOU_RS10440	27.4	343	220	14	30	366	6	325	5.01e-29	115
WP_056843633.1	iCN718.ABAYE_RS08945	72.6	423	115	1	1	422	1	423	1.92e-229	634
WP_056843634.1	iCN718.ABAYE_RS08940	80.9	577	109	1	3	579	2	577	0.0	965
WP_056843637.1	iJN1463.PP_3569	77.9	791	172	2	17	804	15	805	0.0	1266
WP_056843639.1	iAF987.Gmet_0043	26.7	232	139	5	450	670	154	365	9.92e-09	58.2
WP_056843643.1	iJN1463.PP_3606	64.7	323	114	0	1	323	1	323	3.32e-139	396
WP_056843645.1	iJN1463.PP_3658	79.1	440	92	0	1	440	1	440	1.11e-248	684
WP_056843646.1	iYO844.BSU03860	21.4	201	123	5	21	221	7	172	2.83e-04	40.8
WP_056843646.1	iSynCJ816.SGL_RS08770	20.3	197	127	4	21	213	6	176	5.38e-04	39.7
WP_056843647.1	iJN1463.PP_3553	55.7	524	230	1	16	537	14	537	1.12e-214	605
WP_056843648.1	iSynCJ816.SGL_RS11810	34.5	348	216	7	36	375	56	399	2.80e-55	188
WP_056843649.1	iJN1463.PP_4842	39.9	276	155	4	16	280	211	486	9.94e-41	147
WP_056843650.1	iSynCJ816.SGL_RS06015	31.3	310	164	5	39	315	69	362	7.88e-37	136
WP_056843651.1	iSynCJ816.SGL_RS13090	42.8	243	130	2	2	235	3	245	1.79e-59	191
WP_056843651.1	iJN1463.PP_4844	41.3	242	132	2	4	235	44	285	1.32e-53	174
WP_056843652.1	iAF692.Mbar_A0883	33.9	425	255	8	86	501	59	466	1.46e-62	211
WP_056843652.1	iSynCJ816.SGL_RS07160	32.3	431	277	8	77	501	53	474	3.89e-58	199
WP_056843652.1	iYS854.USA300HOU_RS10320	32.5	416	265	8	86	496	69	473	8.23e-56	193
WP_056843653.1	iSynCJ816.SGL_RS11810	35.0	369	230	4	3	364	53	418	8.81e-63	207
WP_056843655.1	iCN718.ABAYE_RS07975	54.4	388	169	3	1	383	1	385	9.59e-122	357
WP_056843659.1	iPC815.YPO0181	36.9	179	111	2	12	188	12	190	1.73e-31	113
WP_056843659.1	iCN718.ABAYE_RS06960	35.1	191	122	2	6	194	4	194	3.53e-31	112
WP_056843662.1	iJN1463.PP_4666	25.2	123	86	2	1	118	1	122	4.32e-05	43.5
WP_056843662.1	iSDY_1059.SDY_3319	30.8	107	68	3	1	102	6	111	7.82e-05	42.7
WP_056843663.1	iJN1463.PP_3219	27.2	283	164	8	1	283	1	241	3.00e-10	61.2
WP_056843665.1	iJN1463.PP_2339	77.7	869	191	1	1	866	1	869	0.0	1374
WP_056843665.1	iPC815.YPO3415	71.7	856	242	0	1	856	1	856	0.0	1269
WP_056843665.1	STM_v1_0.STM0158	71.8	856	241	0	1	856	1	856	0.0	1266
WP_056843665.1	iML1515.b0118	71.7	856	242	0	1	856	1	856	0.0	1263
WP_056843665.1	iSSON_1240.SSON_0126	71.7	856	242	0	1	856	1	856	0.0	1263
WP_056843665.1	iSDY_1059.SDY_0025	71.6	856	243	0	1	856	1	856	0.0	1261
WP_056843665.1	iSF_1195.SF0115	71.6	856	243	0	1	856	1	856	0.0	1260
WP_056843665.1	iSbBS512_1146.SbBS512_E0111	71.5	856	244	0	1	856	8	863	0.0	1259
WP_056843665.1	iYL1228.KPN_00124	71.9	841	236	0	16	856	2	842	0.0	1239
WP_056843666.1	iJN1463.PP_2336	85.0	859	128	1	1	858	1	859	0.0	1462
WP_056843666.1	iCN718.ABAYE_RS18810	77.1	865	190	5	1	858	1	864	0.0	1326
WP_056843667.1	iJN1463.PP_2334	80.2	293	57	1	1	292	1	293	1.51e-163	456
WP_056843667.1	iML1515.b0331	74.1	293	76	0	1	293	1	293	3.39e-153	429
WP_056843667.1	iCN718.ABAYE_RS18820	74.3	292	75	0	1	292	1	292	5.21e-152	426
WP_056843667.1	STM_v1_0.STM0368	74.1	290	75	0	1	290	1	290	1.26e-150	423
WP_056843668.1	iEK1008.Rv0751c	41.1	297	171	2	1	297	1	293	6.40e-60	192
WP_056843668.1	iCN718.ABAYE_RS18705	38.8	286	175	0	4	289	3	288	1.99e-52	173
WP_056843671.1	iCN718.ABAYE_RS07070	35.8	327	206	4	20	343	25	350	2.94e-60	206
WP_056843671.1	STM_v1_0.STM4290	37.6	335	191	8	10	332	15	343	9.02e-59	202
WP_056843671.1	iSSON_1240.SSON_4052	36.4	321	197	5	16	332	14	331	1.51e-58	201
WP_056843671.1	iML1515.b4111	37.3	335	192	8	10	332	15	343	6.56e-58	200
WP_056843671.1	iYL1228.KPN_04503	36.9	325	188	7	20	332	10	329	4.85e-58	200
WP_056843671.1	iSDY_1059.SDY_4102	37.3	335	192	8	10	332	15	343	6.56e-58	200
WP_056843671.1	iSF_1195.SF4112	37.3	335	192	8	10	332	15	343	6.56e-58	200
WP_056843671.1	iSSON_1240.SSON_4286	37.3	335	192	8	10	332	15	343	6.56e-58	200
WP_056843671.1	iJN1463.PP_2914	29.3	526	254	13	20	533	25	444	9.13e-58	200
WP_056843671.1	iML1515.b1981	38.5	322	187	6	20	335	21	337	3.24e-57	197
WP_056843671.1	iSDY_1059.SDY_2254	38.2	322	188	6	20	335	21	337	1.70e-56	195
WP_056843671.1	iYL1228.KPN_02458	35.1	333	201	6	12	335	12	338	6.68e-55	191
WP_056843671.1	iJN1463.PP_1378	35.5	335	196	5	16	341	8	331	3.87e-54	188
WP_056843671.1	iJN1463.PP_3666	33.6	321	205	4	20	335	24	341	1.05e-53	187
WP_056843671.1	STM_v1_0.STM2654	32.1	346	221	5	1	341	1	337	1.59e-53	187
WP_056843671.1	iJN1463.PP_1400	32.5	329	209	4	8	335	18	334	2.53e-53	186
WP_056843672.1	iJN1463.PP_4667	83.7	508	83	0	1	508	1	508	1.36e-310	845
WP_056843677.1	iCN718.ABAYE_RS01710	36.6	194	119	1	6	195	4	197	1.06e-39	134
WP_056843680.1	iYO844.BSU31400	26.3	372	244	14	83	437	22	380	5.91e-14	72.8
WP_056843680.1	iAT_PLT_636.51166	24.9	249	163	8	153	378	150	397	1.05e-12	69.3
WP_056843682.1	iCN718.ABAYE_RS14710	26.4	239	156	7	2	227	5	236	4.01e-11	62.0
WP_056843682.1	iLJ478.TM1253	23.6	246	177	5	1	236	4	248	4.11e-11	62.0
WP_056843682.1	iPC815.YPO2912	25.7	230	149	7	1	216	5	226	1.91e-09	57.0
WP_056843682.1	iJN1463.PP_0382	27.8	230	146	7	11	229	15	235	1.90e-09	56.2
WP_056843687.1	iJN1463.PP_3944	28.3	360	224	12	4	343	5	350	2.23e-19	88.6
WP_056843688.1	iCN718.ABAYE_RS00890	38.4	112	67	1	4	115	1	110	2.37e-15	71.2
WP_056843689.1	iJN1463.PP_2428	32.1	377	251	4	7	381	30	403	1.10e-38	142
WP_056843689.1	iYL1228.KPN_01628	32.2	345	228	6	7	348	15	356	2.50e-38	141
WP_056843689.1	iJN1463.PP_2647	33.6	301	193	5	7	303	26	323	7.78e-37	137
WP_056843689.1	STM_v1_0.STM1522	31.2	359	233	7	1	348	1	356	6.30e-37	137
WP_056843689.1	iSF_1195.SF1566	29.2	343	241	2	7	348	15	356	4.52e-34	129
WP_056843689.1	iML1515.b1528	29.9	344	237	4	7	348	15	356	1.13e-33	129
WP_056843689.1	iSbBS512_1146.SbBS512_E1677	29.9	344	237	4	7	348	15	356	1.13e-33	129
WP_056843689.1	iSSON_1240.SSON_1600	29.9	344	237	4	7	348	15	356	1.13e-33	129
WP_056843693.1	iJN1463.PP_5341	82.9	357	58	2	9	363	12	367	2.00e-219	603
WP_056843694.1	iJN1463.PP_5340	77.8	342	76	0	1	342	1	342	2.44e-201	555
WP_056843696.1	iML1515.b3032	29.5	220	134	6	3	214	17	223	1.76e-25	101
WP_056843696.1	iEK1008.Rv0805	30.1	216	143	3	3	214	16	227	2.50e-22	93.6
WP_056843699.1	iJN1463.PP_0669	36.9	843	458	15	25	838	13	810	1.07e-157	480
WP_056843699.1	iJN1463.PP_4217	36.3	842	483	15	17	838	4	812	5.35e-155	473
WP_056843699.1	iML1515.b1102	37.2	724	404	14	131	838	41	729	1.53e-150	459
WP_056843699.1	iSDY_1059.SDY_2048	37.0	724	405	14	131	838	41	729	8.44e-150	457
WP_056843699.1	iSSON_1240.SSON_1122	37.3	724	403	15	131	838	41	729	1.67e-149	456
WP_056843699.1	iSbBS512_1146.SbBS512_E2222	37.0	724	405	14	131	838	41	729	2.36e-149	456
WP_056843699.1	STM_v1_0.STM1204	37.0	692	400	12	158	838	58	724	1.90e-146	448
WP_056843702.1	iJN1463.PP_3537	70.6	394	115	1	1	393	1	394	2.57e-209	580
WP_056843705.1	iYL1228.KPN_01622	28.0	300	176	11	21	304	7	282	6.53e-13	67.8
WP_056843706.1	iCHOv1.100769825	27.9	165	118	1	9	172	10	174	2.74e-12	63.9
WP_056843706.1	iYL1228.KPN_02061	29.0	176	116	3	6	172	2	177	2.77e-11	61.2
WP_056843706.1	iAT_PLT_636.51181	29.3	164	113	2	10	172	11	172	3.32e-11	60.8
WP_056843706.1	iNF517.LLMG_RS08950	25.6	219	149	3	10	214	9	227	3.36e-11	60.8
WP_056843714.1	iAF987.Gmet_0043	29.9	164	107	4	284	440	91	253	1.37e-12	69.3
WP_056843715.1	iAF987.Gmet_0069	41.4	87	49	1	33	117	37	123	3.11e-14	70.1
WP_056843715.1	iAF987.Gmet_2999	30.7	137	93	1	3	137	10	146	4.03e-14	70.1
WP_056843715.1	iAF987.Gmet_1914	34.0	106	70	0	2	107	3	108	5.75e-13	67.0
WP_056843715.1	iAF987.Gmet_1919	29.3	116	82	0	3	118	5	120	3.83e-12	64.3
WP_056843718.1	iJN1463.PP_5380	75.0	669	107	2	1	609	1	669	0.0	881
WP_056843721.1	iEK1008.Rv0143c	26.6	447	260	15	15	408	43	474	2.85e-24	104
WP_056843721.1	iAF987.Gmet_3470	25.2	301	198	6	94	379	141	429	1.20e-20	94.4
WP_056843725.1	iHN637.CLJU_RS19255	62.1	427	159	2	1	425	1	426	3.19e-180	509
WP_056843725.1	iCN900.CD630_31700	59.6	423	168	2	5	425	4	425	1.15e-172	489
WP_056843725.1	iAF987.Gmet_2372	58.6	425	172	3	3	425	2	424	4.89e-169	480
WP_056843725.1	iEK1008.Rv1023	57.9	423	175	3	5	427	4	423	8.09e-163	464
WP_056843725.1	iYO844.BSU33900	57.4	420	176	2	8	425	7	425	1.19e-162	464
WP_056843731.1	iJN1463.PP_2716	64.1	156	56	0	1	156	1	156	7.74e-70	207
WP_056843731.1	iJN1463.PP_1928	60.3	156	62	0	1	156	7	162	4.90e-65	195
WP_056843733.1	iJN1463.PP_2556	27.4	423	261	12	20	398	23	443	1.60e-28	115
WP_056843734.1	iML1515.b0624	47.0	115	58	1	1	112	1	115	1.06e-31	108
WP_056843735.1	iYO844.BSU15910	40.5	252	134	5	8	253	5	246	8.50e-49	160
WP_056843735.1	iCN900.CD630_11820	39.9	253	136	4	8	254	7	249	1.46e-47	157
WP_056843735.1	iLJ478.TM1724	41.1	258	123	6	8	253	6	246	1.89e-47	157
WP_056843735.1	iYS854.USA300HOU_RS06185	42.5	247	132	4	10	253	5	244	5.04e-47	156
WP_056843735.1	iSynCJ816.SGL_RS07245	40.3	253	131	5	8	253	7	246	3.07e-46	154
WP_056843735.1	iHN637.CLJU_RS20765	38.6	254	140	4	6	253	5	248	1.39e-44	150
WP_056843735.1	iAF987.Gmet_1601	40.3	248	139	3	8	253	6	246	1.86e-44	149
WP_056843735.1	iHN637.CLJU_RS17225	37.3	252	142	4	8	253	9	250	3.24e-43	146
WP_056843741.1	iEK1008.Rv0632c	42.5	212	119	3	1	210	1	211	1.40e-45	151
WP_056843742.1	iJN1463.PP_1844	65.8	237	80	1	1	237	1	236	7.77e-110	315
WP_056843743.1	iJN1463.PP_1843	80.8	323	62	0	1	323	1	323	4.19e-200	550
WP_056843744.1	iJN1463.PP_1842	71.5	235	67	0	1	235	1	235	6.58e-127	358
WP_056843746.1	iYS854.USA300HOU_RS03880	24.7	356	225	14	311	645	247	580	1.99e-15	79.7
WP_056843749.1	iYL1228.KPN_00643	31.8	179	122	0	1	179	1	179	7.16e-29	105
WP_056843750.1	iJN1463.PP_1830	92.8	362	26	0	1	362	1	362	1.08e-245	669
WP_056843752.1	iSynCJ816.SGL_RS09640	30.9	217	141	4	69	277	66	281	1.44e-21	92.0
WP_056843758.1	iAF987.Gmet_1694	41.1	246	136	6	4	244	3	244	8.26e-49	160
WP_056843758.1	iLJ478.TM1724	38.6	246	144	5	3	244	2	244	3.38e-48	159
WP_056843758.1	iYO844.BSU15910	38.0	245	146	4	4	244	2	244	2.98e-46	154
WP_056843758.1	iNF517.LLMG_RS08950	37.9	243	145	4	4	244	3	241	1.71e-44	149
WP_056843758.1	iHN637.CLJU_RS20765	36.4	250	149	4	1	244	1	246	5.50e-44	148
WP_056843758.1	iYO844.BSU03930	38.0	250	142	5	4	244	5	250	1.55e-43	147
WP_056843758.1	iNF517.LLMG_RS08260	36.8	250	146	3	6	244	2	250	1.25e-43	147
WP_056843758.1	iSynCJ816.SGL_RS07245	36.9	252	143	5	1	244	1	244	2.99e-43	146
WP_056843758.1	iAF987.Gmet_1531	36.6	246	150	4	1	243	1	243	6.26e-43	145
WP_056843759.1	iJN1463.PP_1815	91.8	232	19	0	1	232	1	232	1.26e-147	410
WP_056843761.1	iSF_1195.SF2801	35.8	436	249	9	3	417	9	434	1.20e-76	244
WP_056843761.1	iSSON_1240.SSON_2945	35.8	436	249	9	3	417	9	434	6.63e-76	243
WP_056843761.1	iYL1228.KPN_03131	36.3	432	242	9	8	417	3	423	1.38e-75	241
WP_056843761.1	iML1515.b2788	35.6	436	250	9	3	417	9	434	2.60e-75	241
WP_056843761.1	STM_v1_0.STM2961	35.8	436	249	9	3	417	9	434	5.15e-75	240
WP_056843761.1	iJN1463.PP_4757	36.1	440	231	10	8	417	18	437	1.80e-72	234
WP_056843761.1	STM_v1_0.STM2960	34.6	434	257	9	3	417	10	435	3.38e-72	233
WP_056843761.1	iYO844.BSU02490	35.4	426	243	9	3	407	20	434	8.44e-72	232
WP_056843761.1	iSF_1195.SF2800	33.7	433	262	8	3	417	10	435	6.69e-72	232
WP_056843761.1	iML1515.b2787	33.7	433	262	8	3	417	10	435	9.40e-72	232
WP_056843761.1	iSbBS512_1146.SbBS512_E3086	33.9	434	260	9	3	417	10	435	1.86e-71	231
WP_056843761.1	iYL1228.KPN_03130	33.7	433	262	8	3	417	10	435	3.99e-70	228
WP_056843761.1	iSSON_1240.SSON_2944	33.5	433	263	8	3	417	10	435	3.99e-70	228
WP_056843761.1	iHN637.CLJU_RS13895	34.5	432	251	9	8	418	19	439	8.51e-70	227
WP_056843761.1	iHN637.CLJU_RS13910	33.9	434	255	9	8	418	14	438	2.49e-68	223
WP_056843762.1	iJN1463.PP_1071	77.9	307	63	4	1	304	2	306	5.34e-164	457
WP_056843765.1	iEK1008.Rv0646c	40.9	279	162	3	33	308	1	279	7.67e-53	176
WP_056843766.1	iSSON_1240.SSON_4003	59.8	764	292	5	3	766	4	752	0.0	893
WP_056843766.1	iML1515.b3829	59.7	764	293	5	3	766	4	752	0.0	892
WP_056843766.1	iPC815.YPO3788	59.6	764	297	5	3	766	4	755	0.0	892
WP_056843766.1	iYL1228.KPN_04325	60.0	762	290	5	5	766	6	752	0.0	891
WP_056843766.1	STM_v1_0.STM3965	60.1	764	290	5	3	766	4	752	0.0	891
WP_056843766.1	iSDY_1059.SDY_3914	59.6	764	294	5	3	766	4	752	7.33e-320	890
WP_056843766.1	iSF_1195.SF3907	59.7	764	293	5	3	766	4	752	7.33e-320	890
WP_056843766.1	iSbBS512_1146.SbBS512_E4295	59.3	764	296	5	3	766	4	752	2.64e-318	886
WP_056843768.1	iJN1463.PP_4471	88.0	482	56	1	1	482	1	480	5.85e-289	788
WP_056843769.1	iJN1463.PP_4473	91.7	411	33	1	1	410	1	411	1.56e-262	716
WP_056843770.1	iJN1463.PP_4474	87.9	871	105	0	1	871	1	871	0.0	1513
WP_056843771.1	iAF987.Gmet_0270	63.6	338	117	3	1	333	1	337	7.06e-140	399
WP_056843771.1	iYL1228.KPN_00903	61.3	331	125	3	3	331	1	330	2.11e-130	375
WP_056843771.1	iPC815.YPO1357	59.3	332	132	2	3	331	2	333	1.05e-129	373
WP_056843771.1	STM_v1_0.STM0934	59.2	331	132	3	3	331	1	330	7.51e-126	363
WP_056843771.1	iSF_1195.SF0825	56.7	330	142	1	3	331	1	330	2.47e-124	359
WP_056843773.1	iPC815.YPO3182	33.6	146	91	3	15	158	14	155	5.25e-13	62.8
WP_056843773.1	iML1515.b0415	32.9	146	92	3	15	158	14	155	7.34e-13	62.4
WP_056843773.1	iYL1228.KPN_00367	32.9	146	92	3	15	158	14	155	7.34e-13	62.4
WP_056843773.1	iSbBS512_1146.SbBS512_E0336	32.9	146	92	3	15	158	14	155	7.34e-13	62.4
WP_056843773.1	iSDY_1059.SDY_0319	32.9	146	92	3	15	158	14	155	7.34e-13	62.4
WP_056843773.1	iSF_1195.SF0352	32.9	146	92	3	15	158	14	155	7.34e-13	62.4
WP_056843773.1	iSSON_1240.SSON_0392	32.9	146	92	3	15	158	14	155	7.34e-13	62.4
WP_056843773.1	iAF987.Gmet_1627	33.5	158	99	3	3	158	2	155	5.35e-12	60.1
WP_056843773.1	iJN1463.PP_0517	36.5	104	66	0	15	118	16	119	1.10e-11	59.3
WP_056843773.1	iLB1027_lipid.PHATRDRAFT_7173	29.8	104	73	0	15	118	10	113	4.41e-11	57.4
WP_056843773.1	STM_v1_0.STM0417	33.6	146	91	3	15	158	14	155	5.60e-11	57.4
WP_056843775.1	iJN1463.PP_4475	72.6	328	90	0	1	328	1	328	1.16e-165	464
WP_056843776.1	iJN1463.PP_4477	83.4	446	74	0	1	446	1	446	2.36e-269	736
WP_056843777.1	iJN1463.PP_4478	79.7	487	99	0	1	487	1	487	9.37e-275	753
WP_056843778.1	iJN1463.PP_4480	86.5	342	43	1	1	342	1	339	3.66e-212	582
WP_056843779.1	iJN1463.PP_4483	96.5	254	9	0	1	254	1	254	1.62e-174	480
WP_056843780.1	iJN1463.PP_4485	90.0	229	23	0	1	229	1	229	7.78e-140	390
WP_056843781.1	iJN1463.PP_4486	82.5	257	45	0	1	257	1	257	2.91e-150	419
WP_056843782.1	iJN1463.PP_4492	80.4	362	71	0	2	363	3	364	9.44e-196	546
WP_056843784.1	iJN1463.PP_4495	84.0	449	72	0	6	454	10	458	1.57e-273	748
WP_056843785.1	iNF517.LLMG_RS06045	35.3	241	141	7	19	254	2	232	2.03e-37	135
WP_056843785.1	iYS854.USA300HOU_RS07985	35.6	239	145	5	18	254	6	237	6.46e-37	134
WP_056843785.1	iCN900.CD630_20500	34.4	241	149	6	19	256	2	236	1.15e-33	125
WP_056843787.1	iJN1463.PP_2001	87.8	403	49	0	1	403	1	403	2.19e-256	699
WP_056843788.1	iJN1463.PP_2000	91.4	501	43	0	1	501	1	501	0.0	923
WP_056843789.1	iJN1463.PP_1997	66.1	434	147	0	1	434	2	435	9.95e-204	569
WP_056843790.1	iCN900.CD630_01030	33.9	242	158	2	19	260	4	243	1.40e-43	148
WP_056843790.1	iNF517.LLMG_RS02350	34.8	247	155	6	18	260	3	247	1.85e-39	138
WP_056843790.1	iYS854.USA300HOU_RS12020	32.5	246	164	2	18	263	2	245	2.85e-38	135
WP_056843792.1	iAF987.Gmet_0604	38.0	337	202	4	1	332	1	335	1.50e-65	209
WP_056843793.1	iAF987.Gmet_1092	36.1	205	120	1	295	488	69	273	1.29e-32	125
WP_056843795.1	iJN1463.PP_0612	28.3	159	80	4	464	622	217	341	8.61e-06	48.1
WP_056843796.1	iCN900.CD630_19470	38.7	212	127	1	9	217	17	228	1.82e-43	145
WP_056843796.1	iYO844.BSU32750	37.1	221	134	4	1	217	1	220	1.81e-40	140
WP_056843796.1	iJN1463.PP_0114	39.6	222	128	3	1	217	1	221	6.19e-40	139
WP_056843796.1	iYL1228.KPN_00213	38.9	208	123	2	1	205	1	207	8.42e-38	134
WP_056843796.1	iJN1463.PP_3597	41.0	222	119	7	1	217	20	234	2.55e-38	133
WP_056843796.1	iJN1463.PP_0220	38.4	224	131	4	2	221	33	253	7.51e-37	132
WP_056843796.1	STM_v1_0.STM0247	38.5	208	124	2	1	205	1	207	6.40e-37	131
WP_056843803.1	iJN1463.PP_1141	81.5	367	68	0	4	370	3	369	7.82e-220	604
WP_056843804.1	iJN1463.PP_1139	82.1	418	74	1	1	417	1	418	4.60e-233	642
WP_056843805.1	iJN1463.PP_1138	90.6	255	24	0	1	255	1	255	1.04e-166	460
WP_056843808.1	iJN1463.PP_1129	82.3	215	38	0	1	215	1	215	9.62e-134	374
WP_056843809.1	iAF987.Gmet_1832	36.8	87	53	2	152	236	430	516	6.30e-07	50.4
WP_056843809.1	iAF987.Gmet_2727	32.0	97	66	0	142	238	300	396	2.99e-06	48.1
WP_056843810.1	iEK1008.Rv2463	37.1	391	227	6	3	381	6	389	6.31e-66	214
WP_056843814.1	iAF987.Gmet_1832	39.6	106	64	0	127	232	412	517	1.97e-16	77.4
WP_056843814.1	iML1515.b0957	41.0	117	58	3	127	233	220	335	1.90e-15	73.9
WP_056843814.1	iSbBS512_1146.SbBS512_E2359	41.0	117	58	3	127	233	220	335	1.90e-15	73.9
WP_056843814.1	iSDY_1059.SDY_0930	41.0	117	58	3	127	233	224	339	1.95e-15	73.9
WP_056843814.1	iSF_1195.SF0957	41.0	117	58	3	127	233	222	337	1.93e-15	73.9
WP_056843814.1	iSSON_1240.SSON_0961	41.0	117	58	3	127	233	220	335	1.90e-15	73.9
WP_056843814.1	iYL1228.KPN_00986	40.2	117	59	3	127	233	230	345	1.29e-14	71.6
WP_056843819.1	iSSON_1240.SSON_4482	32.1	196	123	7	312	504	36	224	1.61e-15	77.0
WP_056843822.1	iAF987.Gmet_2318	51.2	213	97	2	3	208	2	214	1.31e-59	186
WP_056843822.1	iPC815.YPO1605	49.3	205	101	3	1	203	1	204	1.36e-55	175
WP_056843822.1	iCN718.ABAYE_RS05175	52.0	200	91	4	4	200	1	198	8.42e-54	170
WP_056843823.1	iJN1463.PP_1917	65.9	270	92	0	1	270	1	270	5.99e-123	351
WP_056843824.1	iJN1463.PP_1916	94.2	414	24	0	1	414	1	414	1.36e-283	769
WP_056843825.1	iJN1463.PP_1913	81.1	312	59	0	1	312	1	312	1.64e-173	482
WP_056843826.1	iJN1463.PP_1912	80.9	325	62	0	1	325	11	335	3.16e-185	513
WP_056843827.1	iJN1463.PP_0936	40.3	191	108	4	1	189	1	187	2.53e-28	104
WP_056843828.1	iAF987.Gmet_1750	32.6	215	132	4	67	281	33	234	3.82e-23	97.1
WP_056843829.1	iCN718.ABAYE_RS16760	42.3	215	121	3	1	215	1	212	2.16e-52	168
WP_056843831.1	iYS854.USA300HOU_RS06925	27.8	645	400	19	249	855	202	818	1.01e-44	173
WP_056843833.1	iJN1463.PP_1200	81.8	636	112	1	1	632	1	636	0.0	1041
WP_056843834.1	iCN900.CD630_20500	25.1	243	156	5	5	234	1	230	1.32e-11	62.0
WP_056843836.1	iJN1463.PP_1636	83.2	119	20	0	2	120	3	121	4.06e-62	185
WP_056843839.1	iJN1463.PP_1628	78.0	159	35	0	1	159	1	159	5.28e-76	223
WP_056843841.1	iAF987.Gmet_1854	33.1	121	72	3	169	281	273	392	4.81e-14	71.2
WP_056843841.1	iAF987.Gmet_3012	35.7	112	69	3	162	271	26	136	3.36e-13	66.6
WP_056843841.1	iML1515.b1856	41.7	103	55	4	185	284	314	414	6.26e-12	65.1
WP_056843843.1	iJN1463.PP_1620	84.3	248	39	0	1	248	1	248	9.75e-153	424
WP_056843845.1	iJN1463.PP_1617	83.3	282	45	1	1	280	1	282	7.28e-185	508
WP_056843846.1	iJN1463.PP_1614	80.7	228	44	0	5	232	5	232	1.52e-133	375
WP_056843849.1	iJN1463.PP_1604	83.9	372	59	1	5	376	2	372	3.88e-212	585
WP_056843850.1	iJN1463.PP_1601	74.4	351	90	0	1	351	1	351	4.35e-153	434
WP_056843853.1	iSynCJ816.SGL_RS14865	58.6	249	101	2	2	249	4	251	1.77e-98	288
WP_056843855.1	iJN1463.PP_1588	84.9	398	60	0	1	398	1	398	1.56e-258	704
WP_056843859.1	iJN1463.PP_5135	84.0	337	52	2	1	335	1	337	1.17e-200	553
WP_056843860.1	iJN1463.PP_2208	68.4	272	82	1	1	268	1	272	2.31e-128	365
WP_056843861.1	iJN1463.PP_5136	76.9	559	127	1	13	569	11	569	6.60e-298	819
WP_056843863.1	iJN1463.PP_1587	78.0	545	120	0	1	545	19	563	5.96e-297	815
WP_056843864.1	iJN1463.PP_1645	36.4	66	32	2	53	108	45	110	7.51e-05	38.9
WP_056843865.1	iJN1463.PP_1530	89.2	344	37	0	1	344	1	344	2.22e-217	596
WP_056843866.1	iJN1463.PP_1529	76.8	400	93	0	1	400	1	400	3.60e-224	618
WP_056843867.1	iJN1463.PP_1528	70.7	133	39	0	1	133	1	133	9.49e-63	187
WP_056843868.1	iML1515.b0826	36.8	136	85	1	11	146	17	151	6.38e-20	85.9
WP_056843868.1	iSbBS512_1146.SbBS512_E2522	36.8	136	85	1	11	146	17	151	6.38e-20	85.9
WP_056843868.1	iSDY_1059.SDY_0761	36.0	136	86	1	11	146	17	151	6.38e-20	85.9
WP_056843868.1	iSF_1195.SF0776	36.0	136	86	1	11	146	17	151	8.84e-20	85.5
WP_056843868.1	iSSON_1240.SSON_0808	36.8	136	85	1	11	146	17	151	3.25e-19	84.0
WP_056843868.1	iAF692.Mbar_A1238	33.6	143	92	2	14	154	15	156	1.15e-18	82.4
WP_056843868.1	STM_v1_0.STM4162	34.3	140	89	2	17	154	20	158	2.39e-18	81.6
WP_056843868.1	iML1515.b3992	34.3	140	89	2	17	154	20	158	1.18e-17	79.7
WP_056843868.1	iSDY_1059.SDY_3734	34.3	140	89	2	17	154	14	152	1.08e-17	79.7
WP_056843868.1	iSF_1195.SF4064	34.3	140	89	2	17	154	20	158	1.63e-17	79.3
WP_056843868.1	iSSON_1240.SSON_4165	34.3	140	89	2	17	154	14	152	2.83e-17	78.6
WP_056843872.1	iYL1228.KPN_01056	33.2	217	145	0	95	311	96	312	4.80e-31	118
WP_056843872.1	iML1515.b1033	30.2	248	166	1	71	311	65	312	4.90e-28	110
WP_056843872.1	iSbBS512_1146.SbBS512_E2296	30.2	248	166	1	71	311	65	312	4.90e-28	110
WP_056843872.1	iSSON_1240.SSON_1042	30.2	248	166	1	71	311	78	325	6.16e-28	110
WP_056843872.1	STM_v1_0.STM1135	33.2	217	145	0	95	311	96	312	6.81e-28	109
WP_056843872.1	iSDY_1059.SDY_1004	31.8	217	148	0	95	311	109	325	1.18e-27	109
WP_056843876.1	iAF987.Gmet_1823	25.9	378	264	8	22	394	14	380	1.31e-31	123
WP_056843877.1	iML1515.b3457	33.2	301	188	4	2	289	8	308	5.16e-43	149
WP_056843877.1	iSbBS512_1146.SbBS512_E3865	33.2	301	188	4	2	289	8	308	5.16e-43	149
WP_056843877.1	iSSON_1240.SSON_3695	33.2	301	188	4	2	289	8	308	5.16e-43	149
WP_056843877.1	iSF_1195.SF3475	33.2	301	188	4	2	289	8	308	7.25e-43	148
WP_056843877.1	iYL1228.KPN_03819	33.2	301	188	4	2	289	8	308	1.43e-42	147
WP_056843877.1	STM_v1_0.STM3563	32.6	304	186	5	2	289	8	308	7.82e-42	145
WP_056843877.1	iAF987.Gmet_1822	32.7	278	187	0	6	283	11	288	1.10e-41	145
WP_056843877.1	iPC815.YPO3807	32.3	303	188	6	2	289	8	308	1.43e-37	134
WP_056843878.1	iLJ478.TM1139	45.5	235	128	0	591	825	3	237	1.61e-62	210
WP_056843878.1	iJN1463.PP_1137	47.5	223	116	1	603	825	11	232	1.70e-59	201
WP_056843878.1	iML1515.b3454	45.1	224	120	2	603	825	15	236	2.35e-56	193
WP_056843878.1	iYL1228.KPN_03816	44.1	236	129	2	591	825	3	236	2.35e-56	193
WP_056843878.1	STM_v1_0.STM3560	45.1	224	120	2	603	825	15	236	2.35e-56	193
WP_056843878.1	iSbBS512_1146.SbBS512_E3868	45.1	224	120	2	603	825	19	240	2.65e-56	193
WP_056843878.1	iSSON_1240.SSON_3692	45.1	224	120	2	603	825	19	240	2.65e-56	193
WP_056843878.1	iSF_1195.SF3472	45.1	224	120	2	603	825	15	236	3.24e-56	192
WP_056843878.1	iPC815.YPO3804	45.5	224	119	2	603	825	11	232	1.43e-55	191
WP_056843878.1	iAF987.Gmet_1819	45.0	240	123	3	594	826	2	239	3.02e-55	190
WP_056843878.1	iSDY_1059.SDY_3603	44.6	224	121	2	603	825	19	240	2.52e-55	190
WP_056843878.1	iYL1228.KPN_03817	45.6	248	124	4	337	573	6	253	5.30e-55	190
WP_056843878.1	iJN1463.PP_4863	43.5	232	130	1	594	825	6	236	3.17e-55	190
WP_056843879.1	iYL1228.KPN_00632	27.3	414	288	7	4	407	1	411	2.38e-45	161
WP_056843879.1	iML1515.b0337	30.3	376	252	5	6	373	9	382	6.26e-45	160
WP_056843879.1	STM_v1_0.STM3334	29.8	376	254	6	6	373	8	381	3.24e-43	155
WP_056843879.1	iYL1228.KPN_03751	30.1	376	253	5	6	373	9	382	2.98e-40	148
WP_056843879.1	iPC815.YPO0162	30.2	338	229	4	41	373	56	391	7.41e-40	147
WP_056843881.1	iEK1008.Rv0773c	28.6	517	347	8	9	518	8	509	6.11e-45	165
WP_056843883.1	iAF692.Mbar_A0924	24.6	268	177	6	4	258	22	277	8.28e-10	58.9
WP_056843884.1	iHN637.CLJU_RS17715	36.9	434	255	7	237	663	21	442	6.39e-77	253
WP_056843885.1	iSF_1195.SF2660	28.0	82	59	0	16	97	5	86	5.73e-06	43.1
WP_056843885.1	iML1515.b2600	28.0	82	59	0	16	97	5	86	1.07e-05	42.4
WP_056843885.1	iSbBS512_1146.SbBS512_E2987	28.0	82	59	0	16	97	5	86	1.07e-05	42.4
WP_056843885.1	iSSON_1240.SSON_2751	28.0	82	59	0	16	97	5	86	1.07e-05	42.4
WP_056843885.1	STM_v1_0.STM2669	28.0	82	59	0	16	97	5	86	2.70e-05	41.2
WP_056843885.1	iYL1228.KPN_02922	26.8	82	60	0	16	97	5	86	3.69e-05	40.8
WP_056843885.1	iPC815.YPO3285	26.9	78	57	0	16	93	5	82	9.36e-05	39.7
WP_056843886.1	iJN1463.PP_0363	28.4	366	239	10	53	414	32	378	8.69e-25	104
WP_056843886.1	iML1515.b3617	26.8	388	241	12	44	415	28	388	6.05e-24	102
WP_056843886.1	iSF_1195.SF3657	26.8	388	241	12	44	415	28	388	6.05e-24	102
WP_056843886.1	STM_v1_0.STM3709	27.1	380	234	12	44	407	28	380	8.23e-24	102
WP_056843886.1	iSbBS512_1146.SbBS512_E4045	26.8	388	241	12	44	415	28	388	8.23e-24	102
WP_056843886.1	iSDY_1059.SDY_4050	26.8	388	241	12	44	415	28	388	1.12e-23	101
WP_056843886.1	iSSON_1240.SSON_3787	26.5	388	242	12	44	415	28	388	3.81e-23	100
WP_056843886.1	iCHOv1.100752849	27.7	379	252	12	35	408	38	399	6.15e-23	99.8
WP_056843886.1	iYL1228.KPN_03962	26.8	369	227	12	63	415	46	387	4.32e-22	97.1
WP_056843886.1	iPC815.YPO0059	26.1	375	246	12	44	408	33	386	4.58e-22	97.1
WP_056843887.1	iJN1463.PP_0612	25.5	396	246	12	4	389	4	360	8.30e-12	66.2
WP_056843890.1	iYO844.BSU03070	30.9	162	108	4	22	182	16	174	4.49e-11	64.7
WP_056843894.1	iJN1463.PP_1240	92.0	237	18	1	1	237	1	236	6.81e-156	431
WP_056843897.1	iJN1463.PP_1237	80.7	295	54	1	1	292	1	295	3.50e-168	467
WP_056843898.1	iJN1463.PP_1235	84.6	156	24	0	1	156	1	156	1.49e-95	272
WP_056843901.1	iAF987.Gmet_1238	29.3	259	168	5	1	257	1	246	1.22e-17	82.4
WP_056843903.1	iML1515.b3070	32.7	245	160	3	10	251	9	251	2.19e-35	126
WP_056843906.1	iJN1463.PP_1444	66.9	807	257	5	1	801	1	803	0.0	1132
WP_056843908.1	iAF987.Gmet_3085	39.5	446	260	5	332	767	431	876	3.54e-90	303
WP_056843908.1	iAF987.Gmet_0987	42.3	423	234	6	350	765	355	774	2.20e-87	293
WP_056843908.1	iJN1463.PP_3581	38.1	501	289	7	302	783	195	693	2.88e-84	282
WP_056843913.1	iCN718.ABAYE_RS19010	29.8	131	83	5	96	223	31	155	2.26e-05	44.7
WP_056843921.1	iCHOv1.100751291	34.2	187	118	2	8	190	54	239	2.47e-26	104
WP_056843922.1	iEK1008.Rv3777	30.7	319	203	7	19	330	19	326	2.16e-32	122
WP_056843922.1	iEK1008.Rv1912c	29.7	323	213	6	1	315	1	317	1.26e-31	120
WP_056843922.1	iJN1463.PP_0072	31.5	337	207	9	2	330	3	323	1.06e-30	118
WP_056843922.1	iEK1008.Rv2048c	30.3	347	188	10	8	332	1359	1673	5.70e-28	114
WP_056843922.1	iEK1008.Rv2933	30.6	337	205	9	6	332	1463	1780	8.04e-27	111
WP_056843928.1	STM_v1_0.STM2232	29.7	522	310	18	10	514	5	486	2.06e-51	187
WP_056843936.1	iSDY_1059.SDY_3319	31.4	118	72	6	1	111	6	121	1.19e-07	51.2
WP_056843936.1	iYL1228.KPN_03537	31.4	118	72	6	1	111	3	118	2.13e-07	50.4
WP_056843936.1	iML1515.b3125	30.5	118	73	6	1	111	1	116	6.93e-07	48.9
WP_056843936.1	iSbBS512_1146.SbBS512_E3233	30.5	118	73	6	1	111	1	116	6.93e-07	48.9
WP_056843936.1	iSF_1195.SF3162	30.5	118	73	6	1	111	6	121	7.05e-07	48.9
WP_056843936.1	iSSON_1240.SSON_3280	30.5	118	73	6	1	111	6	121	7.05e-07	48.9
WP_056843936.1	STM_v1_0.STM3248	30.5	118	73	6	1	111	3	118	9.38e-07	48.5
WP_056843939.1	iAF987.Gmet_0069	42.9	177	99	2	326	502	128	302	5.06e-34	130
WP_056843939.1	iJN1463.PP_1494	40.4	183	108	1	320	501	150	332	1.08e-33	130
WP_056843939.1	iAF987.Gmet_1298	44.3	167	86	4	338	501	182	344	2.19e-30	121
WP_056843941.1	iJN1463.PP_1929	77.6	420	94	0	7	426	7	426	4.15e-225	622
WP_056843941.1	iJN1463.PP_2717	76.6	427	100	0	1	427	1	427	2.64e-221	613
WP_056843941.1	iYL1228.KPN_03304	72.9	421	114	0	6	426	6	426	2.49e-208	580
WP_056843941.1	iPC815.YPO3347	71.1	422	122	0	7	428	7	428	1.86e-205	573
WP_056843941.1	iML1515.b3502	71.0	420	122	0	7	426	7	426	3.74e-205	572
WP_056843941.1	iSF_1195.SF3535	71.0	420	122	0	7	426	7	426	3.74e-205	572
WP_056843941.1	iSSON_1240.SSON_3737	71.0	420	122	0	7	426	14	433	4.81e-205	572
WP_056843941.1	iSbBS512_1146.SbBS512_E3819	70.7	420	123	0	7	426	7	426	3.05e-204	570
WP_056843941.1	iSDY_1059.SDY_3560	70.0	420	126	0	7	426	14	433	4.55e-203	567
WP_056843942.1	STM_v1_0.STM2554	29.1	371	254	7	14	380	9	374	1.18e-31	123
WP_056843942.1	iPC815.YPO2904	29.6	348	236	5	14	356	9	352	1.70e-30	120
WP_056843942.1	iYL1228.KPN_02870	31.1	354	226	12	14	358	9	353	1.86e-28	114
WP_056843942.1	iSDY_1059.SDY_2732	27.4	351	237	8	18	359	13	354	1.27e-27	112
WP_056843945.1	iJN1463.PP_4487	92.0	653	52	0	1	653	44	696	0.0	1254
WP_056843950.1	iJN1463.PP_1597	83.4	391	65	0	5	395	13	403	8.08e-232	637
WP_056843955.1	iJN1463.PP_0437	62.7	316	115	2	1	314	1	315	5.12e-134	383
WP_056843957.1	iJN1463.PP_0481	86.6	478	63	1	4	481	2	478	1.15e-319	867
WP_056843958.1	iCN900.CD630_31950	33.7	961	456	14	1	935	1	806	1.33e-168	511
WP_056843959.1	iYO844.BSU26590	25.2	353	239	12	29	367	24	365	2.23e-13	71.2
WP_056843961.1	iJN1463.PP_0500	84.0	294	47	0	1	294	1	294	1.68e-180	498
WP_056843962.1	iJN1463.PP_0501	76.6	308	72	0	1	308	1	308	2.14e-170	474
WP_056843967.1	iJN1463.PP_0510	73.8	290	76	0	1	290	1	290	4.54e-153	429
WP_056843969.1	iJN1463.PP_0514	76.7	374	85	1	2	375	5	376	8.61e-202	560
WP_056843970.1	iJN1463.PP_0516	90.3	362	35	0	2	363	8	369	8.88e-235	642
WP_056843972.1	iJN1463.PP_0522	94.1	202	12	0	1	202	1	202	8.24e-139	386
WP_056843973.1	iJN1463.PP_0527	89.5	630	65	1	1	630	1	629	0.0	1106
WP_056843974.1	iJN1463.PP_0528	86.8	295	39	0	1	295	1	295	2.15e-172	478
WP_056843975.1	iCN718.ABAYE_RS00775	35.6	337	214	3	1	335	1	336	6.58e-74	231
WP_056843975.1	iML1515.b4269	37.0	335	205	5	5	335	3	335	2.10e-68	217
WP_056843976.1	iJN1463.PP_4243	28.8	639	374	20	387	975	1093	1700	1.68e-34	144
WP_056843976.1	iMM904.YBR115C	23.7	699	390	23	687	1252	546	1234	1.90e-30	130
WP_056843979.1	iPC815.YPO3364	48.5	165	85	0	5	169	24	188	1.35e-51	164
WP_056843979.1	STM_v1_0.STM2933	52.3	155	74	0	15	169	22	176	1.33e-51	164
WP_056843979.1	iML1515.b2750	52.0	150	72	0	20	169	27	176	5.37e-51	162
WP_056843979.1	iSbBS512_1146.SbBS512_E3124	52.0	150	72	0	20	169	27	176	5.37e-51	162
WP_056843979.1	iSDY_1059.SDY_2949	52.0	150	72	0	20	169	27	176	5.37e-51	162
WP_056843979.1	iSSON_1240.SSON_2898	52.0	150	72	0	20	169	27	176	5.37e-51	162
WP_056843979.1	iYL1228.KPN_03112	52.7	150	71	0	20	169	27	176	1.08e-50	162
WP_056843979.1	iSF_1195.SF2773	51.3	150	73	0	20	169	27	176	4.33e-50	160
WP_056843980.1	iJN1463.PP_0315	33.3	207	135	2	23	229	28	231	1.67e-32	126
WP_056843981.1	iYL1228.KPN_01875	26.7	371	238	14	3	354	26	381	3.68e-18	84.7
WP_056843982.1	iYL1228.KPN_03537	31.3	259	177	1	1	259	1	258	5.65e-35	131
WP_056843982.1	iSF_1195.SF3162	31.7	259	176	1	1	259	4	261	6.05e-35	131
WP_056843982.1	iHN637.CLJU_RS00330	32.5	265	177	2	1	264	1	264	1.11e-34	130
WP_056843982.1	STM_v1_0.STM3248	31.7	259	176	1	1	259	1	258	2.90e-34	129
WP_056843982.1	iML1515.b3125	30.7	257	177	1	3	259	1	256	7.25e-33	125
WP_056843982.1	iSbBS512_1146.SbBS512_E3233	30.7	257	177	1	3	259	1	256	7.25e-33	125
WP_056843982.1	iSSON_1240.SSON_3280	30.9	259	178	1	1	259	4	261	8.09e-33	125
WP_056843982.1	iCN718.ABAYE_RS18705	28.4	289	199	2	3	284	1	288	7.37e-32	122
WP_056843983.1	iSbBS512_1146.SbBS512_E2575	35.0	103	57	3	74	173	41	136	2.20e-05	43.9
WP_056843983.1	iSF_1195.SF0727	35.0	103	57	3	74	173	41	136	2.20e-05	43.9
WP_056843983.1	iSSON_1240.SSON_0756	35.0	103	57	3	74	173	41	136	2.20e-05	43.9
WP_056843983.1	iSDY_1059.SDY_0829	35.0	103	57	3	74	173	41	136	2.97e-05	43.5
WP_056843983.1	iML1515.b0777	34.0	103	58	3	74	173	41	136	2.37e-04	40.8
WP_056843985.1	iJN1463.PP_4484	31.4	229	141	4	3	220	4	227	2.36e-26	101
WP_056843985.1	iYO844.BSU27450	29.6	203	142	1	5	206	4	206	5.49e-23	92.0
WP_056843986.1	iCN900.CD630_36640	24.9	365	259	5	142	496	32	391	6.06e-27	112
WP_056843987.1	iLB1027_lipid.PHATRDRAFT_41686	33.2	419	264	7	29	432	12	429	8.89e-69	224
WP_056843987.1	iLB1027_lipid.PHATRDRAFT_8945	34.9	407	246	8	36	428	4	405	4.27e-68	222
WP_056843987.1	iAF987.Gmet_0204	33.3	414	227	12	30	433	22	396	2.26e-63	209
WP_056843987.1	iJN1463.PP_0214	34.8	420	249	15	26	435	21	425	4.69e-62	206
WP_056843987.1	iJN1463.PP_5182	31.9	405	262	7	30	422	34	436	6.99e-61	204
WP_056843988.1	iCN718.ABAYE_RS18215	34.5	171	109	3	61	231	62	229	1.22e-21	90.5
WP_056843990.1	iJN1463.PP_0548	93.3	209	14	0	1	209	1	209	4.01e-139	387
WP_056843991.1	iJN1463.PP_0551	81.1	562	106	0	1	562	66	627	1.59e-138	416
WP_056843993.1	iYS854.USA300HOU_RS07240	34.2	190	115	4	214	393	8	197	7.86e-20	87.0
WP_056843995.1	iJN1463.PP_4811	86.0	420	59	0	1	420	1	420	7.18e-256	700
WP_056843996.1	iJN1463.PP_4810	78.7	216	46	0	14	229	15	230	6.52e-123	347
WP_056843998.1	iJN1463.PP_4805	82.1	336	60	0	1	336	13	348	1.22e-206	568
WP_056844000.1	iJN1463.PP_4801	80.5	215	42	0	1	215	2	216	1.38e-124	350
WP_056844001.1	iJN1463.PP_4799	60.5	299	118	0	3	301	11	309	3.47e-128	367
WP_056844002.1	iJN1463.PP_4805	32.9	277	171	5	91	360	72	340	4.64e-35	132
WP_056844002.1	iSbBS512_1146.SbBS512_E3176	29.9	301	183	9	70	359	70	353	3.80e-32	125
WP_056844002.1	iSDY_1059.SDY_2897	29.9	301	183	9	70	359	70	353	3.80e-32	125
WP_056844002.1	iSSON_1240.SSON_2845	29.9	301	183	9	70	359	70	353	3.80e-32	125
WP_056844002.1	iSF_1195.SF2724	29.6	301	184	9	70	359	70	353	7.23e-32	124
WP_056844002.1	iML1515.b2701	29.6	301	184	9	70	359	70	353	9.96e-32	124
WP_056844002.1	iYL1228.KPN_03036	32.6	239	143	5	122	354	89	315	5.49e-32	124
WP_056844002.1	STM_v1_0.STM2831	32.5	265	161	8	104	359	96	351	9.62e-32	124
WP_056844004.1	iJN1463.PP_4794	86.5	868	117	0	1	868	1	868	0.0	1560
WP_056844007.1	iJN1463.PP_4790	77.2	500	114	0	1	500	1	500	2.44e-292	799
WP_056844011.1	iJN1463.PP_4784	89.9	427	43	0	1	427	1	427	1.12e-284	773
WP_056844012.1	iJN1463.PP_4782	87.5	265	33	0	1	265	1	265	8.87e-173	476
WP_056844013.1	iAF987.Gmet_0043	24.4	398	268	11	391	779	14	387	1.22e-18	90.1
WP_056844016.1	iJN1463.PP_4774	77.0	287	66	0	3	289	4	290	5.61e-149	418
WP_056844022.1	iCN718.ABAYE_RS15395	39.3	244	142	2	19	256	19	262	1.62e-51	168
WP_056844023.1	STM_v1_0.STM0689	66.0	424	143	1	1	424	1	423	3.10e-194	545
WP_056844025.1	iJN1463.PP_4862	58.2	251	105	0	1	251	1	251	1.92e-98	287
WP_056844027.1	iSbBS512_1146.SbBS512_E4854	26.1	299	200	10	61	351	35	320	1.90e-06	48.9
WP_056844027.1	iML1515.b4230	24.7	299	204	8	61	351	35	320	1.40e-05	46.2
WP_056844027.1	iSF_1195.SF4261	25.1	299	203	8	61	351	35	320	1.87e-05	45.8
WP_056844027.1	iSSON_1240.SSON_4411	25.1	299	203	8	61	351	35	320	1.87e-05	45.8
WP_056844028.1	iHN637.CLJU_RS00620	32.6	487	312	9	7	488	6	481	2.19e-76	248
WP_056844028.1	iPC815.YPO3964	33.7	493	313	7	1	490	1	482	8.45e-74	241
WP_056844028.1	iPC815.YPO0958	34.3	487	302	9	6	487	5	478	1.45e-72	238
WP_056844028.1	STM_v1_0.STM3882	33.9	487	302	8	7	487	5	477	4.21e-72	237
WP_056844028.1	iYL1228.KPN_04154	33.9	487	302	9	7	487	5	477	5.89e-72	236
WP_056844028.1	iML1515.b3749	33.7	487	303	9	7	487	5	477	1.72e-70	233
WP_056844028.1	iNF517.LLMG_RS04060	33.0	482	304	6	7	483	3	470	1.05e-69	230
WP_056844028.1	iML1515.b2149	31.3	489	328	6	7	494	14	495	5.63e-69	229
WP_056844028.1	iSF_1195.SF2234	31.3	489	328	6	7	494	14	495	5.63e-69	229
WP_056844028.1	iSSON_1240.SSON_2205	31.3	489	328	6	7	494	14	495	5.63e-69	229
WP_056844028.1	iPC815.YPO1508	31.2	487	319	9	7	488	14	489	1.10e-68	228
WP_056844028.1	STM_v1_0.STM2189	30.9	489	330	6	7	494	14	495	3.03e-68	227
WP_056844028.1	iYL1228.KPN_02587	31.3	476	319	6	9	483	1	469	2.23e-67	224
WP_056844031.1	iML1515.b1011	75.5	220	54	0	22	241	4	223	5.72e-119	338
WP_056844031.1	iSSON_1240.SSON_1030	75.5	220	54	0	22	241	18	237	9.32e-119	338
WP_056844031.1	iSF_1195.SF1014	74.5	220	56	0	22	241	18	237	4.39e-117	334
WP_056844032.1	iML1515.b1010	68.3	126	40	0	1	126	1	126	6.73e-62	185
WP_056844032.1	iSDY_1059.SDY_0985	68.3	126	40	0	1	126	1	126	6.73e-62	185
WP_056844032.1	iSF_1195.SF1013	67.5	126	41	0	1	126	1	126	3.19e-60	181
WP_056844033.1	iSF_1195.SF1012	48.1	243	126	0	11	253	11	253	7.05e-71	218
WP_056844033.1	iML1515.b1009	47.3	243	128	0	11	253	11	253	8.04e-70	215
WP_056844033.1	iSSON_1240.SSON_1027	47.3	243	128	0	11	253	11	253	8.04e-70	215
WP_056844034.1	iML1515.b1007	62.2	156	59	0	9	164	4	159	2.30e-65	197
WP_056844034.1	iSSON_1240.SSON_1025	61.9	147	56	0	18	164	1	147	4.63e-60	183
WP_056844034.1	iSF_1195.SF1010	61.9	147	56	0	18	164	1	147	6.57e-60	182
WP_056844034.1	iSDY_1059.SDY_0982	61.9	147	56	0	18	164	1	147	9.32e-60	182
WP_056844037.1	iYS854.USA300HOU_RS07595	20.7	367	263	9	20	376	11	359	2.29e-10	62.0
WP_056844038.1	iPC815.YPO3558	51.2	41	20	0	1	41	142	182	7.86e-04	41.2
WP_056844039.1	iCN718.ABAYE_RS12285	63.1	574	206	3	2	575	4	571	6.01e-247	690
WP_056844040.1	iCN718.ABAYE_RS12290	45.2	524	279	5	1	519	1	521	2.35e-143	423
WP_056844044.1	iCN718.ABAYE_RS17405	29.1	110	71	3	73	177	99	206	8.55e-07	47.4
WP_056844044.1	iJN1463.PP_1764	27.1	192	109	7	4	170	1	186	8.61e-07	47.4
WP_056844044.1	iML1515.b3385	31.0	116	76	3	73	187	114	226	1.85e-06	46.6
WP_056844044.1	iSbBS512_1146.SbBS512_E3762	31.0	116	76	3	73	187	114	226	1.85e-06	46.6
WP_056844044.1	iSDY_1059.SDY_3694	31.0	116	76	3	73	187	114	226	1.85e-06	46.6
WP_056844044.1	iSF_1195.SF3403	31.0	116	76	3	73	187	114	226	1.85e-06	46.6
WP_056844044.1	iSSON_1240.SSON_3516	31.0	116	76	3	73	187	114	226	1.85e-06	46.6
WP_056844044.1	iJN1463.PP_0416	28.8	184	104	6	10	168	17	198	3.63e-06	45.8
WP_056844044.1	iYL1228.KPN_03756	30.0	110	74	2	73	181	115	222	1.14e-05	44.3
WP_056844044.1	STM_v1_0.STM3482	30.9	97	64	2	73	168	114	208	3.79e-05	42.7
WP_056844046.1	iJN1463.PP_4656	86.6	238	32	0	1	238	1	238	6.58e-162	447
WP_056844047.1	iJN1463.PP_4655	82.1	201	36	0	1	201	1	201	4.45e-123	345
WP_056844048.1	iYL1228.KPN_00221	41.8	268	152	4	10	274	1	267	4.48e-65	204
WP_056844048.1	iML1515.b0207	40.7	268	155	4	10	274	1	267	2.54e-64	202
WP_056844048.1	iSF_1195.SF0192	40.3	268	156	4	10	274	1	267	1.02e-63	200
WP_056844048.1	iSSON_1240.SSON_0221	40.3	268	156	4	10	274	1	267	2.87e-63	199
WP_056844048.1	iSbBS512_1146.SbBS512_E0204	39.9	268	157	4	10	274	1	267	4.59e-62	196
WP_056844048.1	STM_v1_0.STM0255	38.4	268	161	4	10	274	1	267	1.65e-59	189
WP_056844050.1	iAF692.Mbar_A1138	29.9	224	144	6	5	226	2	214	5.46e-26	105
WP_056844051.1	iCN900.CD630_27100	25.0	256	156	9	15	252	21	258	2.33e-11	62.4
WP_056844052.1	iJN1463.PP_2554	80.1	632	125	1	1	632	1	631	0.0	1037
WP_056844053.1	iJN1463.PP_2406	74.9	279	70	0	1	279	1	279	9.56e-142	399
WP_056844056.1	iEK1008.Rv0375c	28.7	327	165	12	12	323	1	274	3.75e-18	82.8
WP_056844056.1	iAF987.Gmet_2134	25.7	303	172	6	1	299	3	256	1.65e-16	78.2
WP_056844057.1	iCN900.CD630_20790	27.5	783	477	26	4	728	2	751	6.58e-58	209
WP_056844057.1	iML1515.b2866	28.2	754	485	21	10	724	2	738	1.57e-55	202
WP_056844057.1	iSF_1195.SF2868	27.7	758	494	20	5	724	10	751	6.28e-55	201
WP_056844057.1	iSSON_1240.SSON_3017	28.1	754	486	21	10	724	2	738	1.37e-54	200
WP_056844061.1	iJN1463.PP_4651	83.3	468	77	1	1	467	1	468	2.77e-297	809
WP_056844062.1	iJN1463.PP_4650	81.2	335	63	0	1	335	1	335	4.20e-206	566
WP_056844064.1	iJN1463.PP_4646	78.3	258	56	0	1	258	1	258	1.76e-148	414
WP_056844065.1	iML1515.b3291	69.1	136	41	1	1	136	1	135	7.16e-60	181
WP_056844067.1	iCN900.CD630_03030	30.1	166	100	7	103	263	101	255	1.62e-07	52.8
WP_056844067.1	iYO844.BSU15350	22.1	331	218	11	31	332	8	327	2.08e-06	49.3
WP_056844073.1	iCN900.CD630_04310	23.9	514	305	14	22	516	21	467	1.26e-19	91.7
WP_056844078.1	iJN1463.PP_0686	87.6	113	14	0	1	113	1	113	1.68e-71	208
WP_056844079.1	iJN1463.PP_0687	88.2	322	38	0	1	322	1	322	8.72e-197	542
WP_056844080.1	iML1515.b4173	31.5	200	107	9	148	331	183	368	3.02e-09	58.2
WP_056844082.1	iJN1463.PP_0602	79.4	306	63	0	1	306	1	306	1.64e-176	490
WP_056844083.1	iJN1463.PP_0603	86.3	943	129	0	1	943	1	943	0.0	1711
WP_056844084.1	STM_v1_0.STM0047	44.9	156	84	2	14	169	10	163	8.95e-39	129
WP_056844092.1	iJN1463.PP_0612	76.4	364	86	0	1	364	1	364	2.02e-210	580
WP_056844096.1	iJN1463.PP_0626	84.8	433	64	2	1	433	1	431	1.11e-259	710
WP_056844098.1	STM_v1_0.STM2776	36.0	278	164	8	22	294	28	296	6.21e-41	144
WP_056844099.1	iYL1228.KPN_00602	60.8	725	272	5	26	745	25	742	5.18e-314	874
WP_056844099.1	iSF_1195.SF0496	60.5	734	270	6	25	745	20	746	2.79e-312	869
WP_056844099.1	iML1515.b0584	60.5	734	270	6	25	745	20	746	3.96e-312	869
WP_056844099.1	iSDY_1059.SDY_0512	60.5	734	270	6	25	745	20	746	3.96e-312	869
WP_056844099.1	iSbBS512_1146.SbBS512_E0485	60.4	734	271	6	25	745	20	746	1.60e-311	867
WP_056844099.1	iSSON_1240.SSON_0534	60.2	734	272	6	25	745	20	746	1.85e-310	865
WP_056844099.1	STM_v1_0.STM0585	61.3	718	258	6	42	745	40	751	3.13e-310	864
WP_056844100.1	iAF987.Gmet_0043	27.0	233	148	6	214	427	20	249	4.77e-09	58.2
WP_056844101.1	iAF987.Gmet_2999	34.1	129	80	2	16	139	5	133	1.35e-17	80.5
WP_056844102.1	iJN1463.PP_0631	66.5	206	69	0	1	206	1	206	3.61e-95	275
WP_056844114.1	iAF987.Gmet_0957	31.5	232	145	4	27	249	384	610	7.81e-22	94.0
WP_056844114.1	iAF987.Gmet_0782	31.9	232	142	3	27	248	489	714	2.62e-19	86.7
WP_056844117.1	iJN1463.PP_0789	69.1	188	55	2	1	185	1	188	3.59e-93	269
WP_056844122.1	iJN1463.PP_0793	76.7	956	216	2	1	956	1	949	0.0	1337
WP_056844123.1	iJN1463.PP_0794	68.1	313	97	1	1	313	1	310	2.40e-141	401
WP_056844124.1	iJN1463.PP_0795	79.2	581	114	3	1	576	1	579	1.08e-291	803
WP_056844125.1	iJN1463.PP_0860	65.5	849	282	2	3	841	2	849	0.0	1097
WP_056844126.1	iML1515.b0805	36.1	754	402	17	56	769	47	760	4.55e-137	422
WP_056844126.1	iYL1228.KPN_01250	35.5	803	429	19	8	769	7	761	1.29e-132	411
WP_056844131.1	iSynCJ816.SGL_RS09640	36.8	228	132	7	59	275	72	298	1.25e-28	110
WP_056844132.1	iJN1463.PP_0735	84.3	249	39	0	1	249	1	249	6.98e-147	410
WP_056844135.1	iCN718.ABAYE_RS00870	29.5	139	86	6	13	144	4	137	1.03e-05	44.7
WP_056844137.1	iYS854.USA300HOU_RS13900	42.0	50	29	0	20	69	3	52	4.82e-05	44.7
WP_056844137.1	iEK1008.Rv3858c	51.4	35	17	0	20	54	147	181	6.01e-04	41.2
WP_056844137.1	iCHOv1.100753207	39.7	58	33	1	14	69	49	106	8.14e-04	40.8
WP_056844138.1	iJN1463.PP_0745	90.1	415	41	0	1	415	1	415	9.50e-269	732
WP_056844140.1	iJN1463.PP_0751	83.7	503	81	1	1	503	1	502	1.40e-307	837
WP_056844146.1	iJN1463.PP_0762	78.1	320	69	1	1	319	1	320	6.64e-177	491
WP_056844147.1	iYL1228.KPN_04318	31.4	204	136	2	6	207	5	206	4.81e-31	112
WP_056844147.1	iML1515.b3823	30.4	204	138	2	6	207	5	206	7.44e-30	109
WP_056844147.1	iSbBS512_1146.SbBS512_E4290	30.4	204	138	2	6	207	5	206	1.05e-29	108
WP_056844147.1	iPC815.YPO3832	30.2	202	141	0	6	207	5	206	2.07e-29	108
WP_056844147.1	STM_v1_0.STM3959	29.6	206	137	2	6	207	5	206	4.11e-29	107
WP_056844150.1	iAF987.Gmet_1832	45.7	70	37	1	151	219	446	515	7.77e-15	72.8
WP_056844150.1	iAF987.Gmet_2727	38.8	103	63	0	119	221	293	395	5.33e-14	70.1
WP_056844152.1	iJN1463.PP_0774	87.7	693	84	1	1	693	1	692	0.0	1171
WP_056844153.1	iSynCJ816.SGL_RS12975	32.7	370	235	6	4	368	30	390	1.24e-52	180
WP_056844154.1	iML1515.b2413	40.8	233	136	2	7	238	11	242	3.51e-52	169
WP_056844154.1	iYL1228.KPN_02760	37.8	233	143	2	7	238	11	242	1.98e-48	159
WP_056844155.1	iJN1463.PP_0786	92.5	320	24	0	1	320	1	320	2.63e-213	583
WP_056844160.1	iAF987.Gmet_3085	41.6	125	73	0	6	130	333	457	1.29e-25	101
WP_056844161.1	iJN1463.PP_4628	76.2	151	35	1	1	150	1	151	1.03e-76	224
WP_056844164.1	iJN1463.PP_4613	75.7	782	178	6	5	786	5	774	0.0	1194
WP_056844169.1	iJN1463.PP_3376	55.2	319	142	1	1	318	1	319	1.39e-110	323
WP_056844169.1	iYL1228.KPN_03915	49.2	321	162	1	1	320	1	321	9.29e-102	301
WP_056844169.1	iPC815.YPO4078	49.5	323	162	1	1	322	1	323	3.34e-100	297
WP_056844170.1	iSF_1195.SF0473	27.6	421	289	6	59	476	50	457	1.93e-33	131
WP_056844170.1	iML1515.b0572	27.3	421	290	6	59	476	50	457	1.21e-32	129
WP_056844170.1	iSSON_1240.SSON_0523	27.3	421	290	6	59	476	50	457	1.71e-32	129
WP_056844170.1	iYL1228.KPN_04739	27.4	485	319	10	2	476	33	494	9.11e-32	127
WP_056844170.1	iJN1463.PP_4211	27.1	431	287	5	58	476	47	462	1.70e-31	126
WP_056844170.1	iJN1463.PP_3427	26.2	473	329	4	9	476	4	461	5.91e-31	124
WP_056844172.1	iML1515.b3241	39.0	282	170	2	2	282	6	286	6.62e-58	187
WP_056844177.1	iJN1463.PP_1032	90.9	525	48	0	1	525	1	525	0.0	984
WP_056844197.1	iJN1463.PP_2205	23.3	554	275	17	35	456	37	572	2.80e-27	114
WP_056844197.1	iJN1463.PP_5380	37.3	185	106	5	4	182	6	186	2.22e-26	112
WP_056844198.1	iML1515.b2558	40.3	412	242	3	37	447	39	447	3.33e-95	297
WP_056844198.1	iSbBS512_1146.SbBS512_E2924	40.3	412	242	3	37	447	39	447	3.33e-95	297
WP_056844198.1	iSF_1195.SF2605	40.3	402	236	3	47	447	3	401	3.11e-93	290
WP_056844198.1	iSDY_1059.SDY_2748	40.3	402	236	3	47	447	3	401	6.18e-93	290
WP_056844198.1	iSSON_1240.SSON_2641	40.0	402	237	3	47	447	3	401	2.44e-92	288
WP_056844199.1	iJN1463.PP_1037	87.4	1299	164	0	1	1299	1	1299	0.0	2291
WP_056844204.1	STM_v1_0.STM4166	29.4	143	91	4	3	142	97	232	6.47e-13	64.7
WP_056844204.1	iAF987.Gmet_0988	34.4	131	76	5	24	148	6	132	4.93e-13	63.2
WP_056844204.1	iPC815.YPO3736	30.1	143	90	4	3	142	97	232	3.29e-12	62.8
WP_056844204.1	iYL1228.KPN_04378	29.0	131	84	3	3	131	97	220	8.34e-12	61.6
WP_056844204.1	iCN718.ABAYE_RS13345	28.7	143	93	5	3	142	91	227	1.05e-11	61.2
WP_056844204.1	iSF_1195.SF4068	28.7	143	92	4	3	142	97	232	4.08e-11	59.7
WP_056844204.1	iML1515.b3996	28.0	143	93	4	3	142	97	232	7.68e-11	58.9
WP_056844204.1	iSbBS512_1146.SbBS512_E4487	28.0	143	93	4	3	142	97	232	7.68e-11	58.9
WP_056844204.1	iSSON_1240.SSON_4169	28.0	143	93	4	3	142	97	232	7.68e-11	58.9
WP_056844205.1	iML1515.b1813	41.2	177	104	0	2	178	8	184	4.02e-36	124
WP_056844206.1	iJN1463.PP_3285	36.1	169	108	0	3	171	4	172	2.69e-24	93.6
WP_056844208.1	iJN1463.PP_1457	90.1	392	39	0	1	392	1	392	3.53e-257	701
WP_056844213.1	iJN1463.PP_1470	94.2	434	25	0	1	434	1	434	1.73e-287	781
WP_056844214.1	iJN1463.PP_1471	90.8	469	43	0	1	469	1	469	7.53e-318	860
WP_056844215.1	iAF987.Gmet_0043	24.3	387	269	12	700	1082	21	387	5.89e-13	72.8
WP_056844218.1	iJN1463.PP_1478	82.3	368	65	0	1	368	1	368	9.12e-229	627
WP_056844224.1	iAF987.Gmet_0069	37.7	106	64	2	648	751	2	107	1.15e-13	72.4
WP_056844225.1	iJN1463.PP_1494	35.4	65	41	1	3	67	20	83	3.59e-04	41.6
WP_056844226.1	iJN1463.PP_1496	91.6	500	42	0	1	500	1	500	0.0	906
WP_056844229.1	iAF987.Gmet_2727	36.4	107	68	0	150	256	289	395	1.20e-18	84.3
WP_056844231.1	iJN1463.PP_1505	81.2	881	160	1	1	881	1	875	0.0	1367
WP_056844232.1	iJN1463.PP_1506	81.0	216	40	1	1	215	1	216	4.91e-118	334
WP_056844238.1	iYL1228.KPN_01250	35.7	706	388	16	47	700	47	738	8.04e-120	376
WP_056844238.1	iML1515.b0805	34.3	700	393	18	52	700	54	737	8.87e-113	358
WP_056844240.1	iJN1463.PP_1520	82.7	821	142	0	1	821	1	821	0.0	1360
WP_056844248.1	iJN1463.PP_1525	86.9	383	50	0	1	383	1	383	3.06e-246	672
WP_056844255.1	iEK1008.Rv2601	30.1	123	78	3	68	187	306	423	1.39e-05	45.1
WP_056844261.1	iJN1463.PP_4570	86.2	311	43	0	1	311	1	311	1.05e-201	553
WP_056844262.1	iYL1228.KPN_02593	36.1	649	360	17	36	650	12	639	4.48e-118	365
WP_056844262.1	iML1515.b2155	36.1	653	359	19	36	650	31	663	6.73e-117	363
WP_056844262.1	iSSON_1240.SSON_2211	36.1	653	359	19	36	650	31	663	6.73e-117	363
WP_056844262.1	STM_v1_0.STM2199	35.8	653	361	18	36	650	31	663	1.03e-115	360
WP_056844263.1	iAF987.Gmet_0043	26.8	257	151	13	214	441	18	266	2.80e-06	49.3
WP_056844264.1	iAF987.Gmet_1706	34.7	118	72	2	7	121	2	117	2.41e-14	70.9
WP_056844264.1	iAF987.Gmet_0069	32.5	126	80	2	8	128	5	130	4.27e-12	64.3
WP_056844265.1	iJN1463.PP_0356	65.9	716	236	2	10	722	10	720	0.0	975
WP_056844265.1	iML1515.b2976	64.6	724	254	1	1	724	1	722	0.0	966
WP_056844265.1	iSF_1195.SF3015	64.9	716	249	1	9	724	9	722	0.0	958
WP_056844265.1	iEK1008.Rv1837c	60.6	728	275	3	1	722	1	722	2.23e-319	886
WP_056844265.1	iCN718.ABAYE_RS10490	61.1	725	270	4	1	722	1	716	1.27e-316	879
WP_056844266.1	iJN1463.PP_3746	69.3	349	105	1	5	353	4	350	7.84e-173	484
WP_056844266.1	iML1515.b4468	62.6	350	129	1	4	353	3	350	1.88e-159	450
WP_056844270.1	iAF987.Gmet_0043	26.4	231	153	7	173	390	40	266	3.94e-12	67.4
WP_056844271.1	iAF987.Gmet_3085	31.2	452	302	5	246	689	433	883	2.71e-64	229
WP_056844271.1	iAF987.Gmet_0987	29.0	582	365	12	137	691	225	785	1.90e-64	228
WP_056844271.1	iAF987.Gmet_0782	30.6	438	298	3	258	689	287	724	5.30e-63	223
WP_056844271.1	iAF987.Gmet_0957	32.2	441	288	7	258	689	181	619	2.50e-63	222
WP_056844271.1	iAF987.Gmet_2629	27.8	468	330	5	231	691	343	809	1.62e-59	214
WP_056844271.1	iJN1463.PP_0914	33.3	435	280	6	265	691	252	684	2.81e-59	212
WP_056844271.1	iJN1463.PP_3581	33.1	423	270	7	265	678	255	673	1.94e-58	209
WP_056844271.1	iAF987.Gmet_0700	29.4	445	308	3	247	685	369	813	3.17e-57	208
WP_056844273.1	iJN1463.PP_1156	79.4	272	56	0	16	287	8	279	7.42e-155	434
WP_056844274.1	iCHOv1.100765125	32.0	194	115	7	80	259	159	349	6.69e-15	73.9
WP_056844275.1	iJN1463.PP_0762	30.1	286	176	7	41	316	45	316	2.08e-26	106
WP_056844276.1	iJN1463.PP_0383	23.6	607	352	19	33	622	20	531	1.47e-21	98.6
WP_056844278.1	iJN1463.PP_1160	59.9	322	129	0	2	323	6	327	1.14e-122	355
WP_056844281.1	iJN1463.PP_0519	71.1	322	92	1	1	321	1	322	3.50e-154	434
WP_056844287.1	iJN1463.PP_0691	90.6	372	35	0	1	372	1	372	1.22e-235	644
WP_056844288.1	iJN1463.PP_0601	82.8	511	88	0	1	511	1	511	7.26e-294	803
WP_056844291.1	iJN1463.PP_0723	80.9	277	53	0	5	281	4	280	3.71e-158	441
WP_056844294.1	iYL1228.KPN_01622	26.8	287	186	6	5	280	8	281	5.42e-14	70.9
WP_056844294.1	iML1515.b1533	24.7	287	192	7	5	280	8	281	5.08e-12	65.1
WP_056844294.1	STM_v1_0.STM1517	25.9	294	195	8	5	286	9	291	9.33e-12	64.3
WP_056844299.1	iCHOv1.100765125	27.3	187	114	6	64	237	171	348	7.51e-09	55.8
WP_056844304.1	iAF987.Gmet_0043	37.4	91	51	2	337	424	178	265	4.32e-05	45.4
WP_056844305.1	iJN1463.PP_0597	91.5	497	42	0	1	497	1	497	0.0	919
WP_056844306.1	iJN1463.PP_0596	86.2	448	62	0	1	448	1	448	4.71e-299	811
WP_056844308.1	iYL1228.KPN_01664	57.6	436	184	1	9	444	7	441	9.01e-171	487
WP_056844311.1	iEK1008.Rv1483	28.9	187	118	7	4	186	15	190	8.25e-11	59.7
WP_056844311.1	iCN718.ABAYE_RS14915	27.4	201	118	7	1	186	1	188	3.33e-09	55.1
WP_056844311.1	iYL1228.KPN_02061	30.5	197	118	7	5	189	3	192	9.10e-09	53.9
WP_056844311.1	iYS854.USA300HOU_RS06185	29.4	197	114	7	5	186	3	189	8.38e-09	53.9
WP_056844313.1	iJN1463.PP_0297	77.3	458	103	1	1	457	1	458	3.00e-256	704
WP_056844313.1	iJN1463.PP_3144	72.9	458	123	1	1	457	1	458	5.46e-238	657
WP_056844314.1	iML1515.b4290	52.2	268	127	1	29	296	24	290	1.58e-92	276
WP_056844314.1	iSSON_1240.SSON_4462	51.9	268	128	1	29	296	26	292	1.36e-91	274
WP_056844315.1	iML1515.b4289	42.0	312	178	3	17	327	21	330	3.28e-70	221
WP_056844315.1	iSSON_1240.SSON_4461	42.0	312	178	3	17	327	21	330	3.28e-70	221
WP_056844316.1	iML1515.b4288	47.1	276	143	2	47	321	45	318	2.81e-83	254
WP_056844316.1	iSSON_1240.SSON_4460	47.1	276	143	2	47	321	45	318	5.63e-83	253
WP_056844316.1	iYO844.BSU07500	44.5	317	174	2	3	317	10	326	5.07e-82	251
WP_056844317.1	iML1515.b4287	54.0	250	115	0	4	253	3	252	2.87e-91	270
WP_056844317.1	iSSON_1240.SSON_4459	54.0	250	115	0	4	253	3	252	2.87e-91	270
WP_056844317.1	iML1515.b0588	49.2	252	127	1	4	254	8	259	2.59e-83	250
WP_056844317.1	iSDY_1059.SDY_0519	49.2	252	127	1	4	254	8	259	2.59e-83	250
WP_056844317.1	iSbBS512_1146.SbBS512_E0489	48.8	252	128	1	4	254	8	259	1.48e-82	248
WP_056844317.1	iSF_1195.SF0502	48.8	252	128	1	4	254	8	259	2.09e-82	248
WP_056844317.1	iSSON_1240.SSON_0539	48.8	252	128	1	4	254	8	259	4.20e-82	247
WP_056844317.1	iYL1228.KPN_00606	49.2	254	128	1	2	254	6	259	6.74e-82	246
WP_056844317.1	STM_v1_0.STM0590	48.0	252	130	1	4	254	8	259	6.74e-82	246
WP_056844318.1	iJN1463.PP_3588	28.6	357	248	4	4	360	14	363	6.35e-32	124
WP_056844320.1	iSynCJ816.SGL_RS16080	36.8	57	36	0	11	67	18	74	3.51e-07	47.4
WP_056844324.1	iCN718.ABAYE_RS07930	65.8	430	143	2	3	429	94	522	1.87e-189	536
WP_056844324.1	iEK1008.Rv0243	62.4	428	152	4	9	428	13	439	8.22e-171	485
WP_056844325.1	iCN718.ABAYE_RS07935	47.1	465	225	6	1	446	1	463	2.57e-123	366
WP_056844326.1	iEK1008.Rv2524c	27.6	145	89	3	89	221	1114	1254	1.05e-04	43.5
WP_056844326.1	iMM904.YKL182W	55.3	47	20	1	186	232	1549	1594	1.02e-04	43.5
WP_056844326.1	iJN1463.PP_4552	39.1	69	39	1	190	255	32	100	7.38e-05	42.0
WP_056844326.1	iMM904.YKR009C	46.3	41	22	0	192	232	799	839	3.82e-04	41.6
WP_056844327.1	iJN1463.PP_1765	26.6	109	80	0	44	152	50	158	3.62e-04	40.4
WP_056844327.1	iYL1228.KPN_02641	28.2	110	77	2	44	152	59	167	5.07e-04	40.0
WP_056844327.1	iPC815.YPO1215	26.7	105	77	0	44	148	59	163	6.80e-04	39.7
WP_056844332.1	iEK1008.Rv0220	34.5	223	120	9	41	241	133	351	2.14e-23	98.2
WP_056844333.1	iJN1463.PP_0567	93.4	637	42	0	1	637	1	637	0.0	1203
WP_056844334.1	iJN1463.PP_0565	72.6	175	48	0	1	175	1	175	2.76e-90	261
WP_056844337.1	iJN1463.PP_0561	72.0	583	157	3	1	583	1	577	4.47e-293	808
WP_056844341.1	iJN1463.PP_4823	84.3	428	67	0	1	428	1	428	4.31e-258	706
WP_056844342.1	iAF987.Gmet_1914	31.4	121	73	4	641	760	3	114	3.61e-08	56.6
WP_056844342.1	iAF987.Gmet_3476	33.6	110	65	3	641	749	11	113	1.68e-06	51.2
WP_056844343.1	iJN1463.PP_4826	75.6	562	133	2	2	563	8	565	1.69e-295	812
WP_056844344.1	iJN1463.PP_4827	90.1	243	24	0	1	243	2	244	5.14e-159	440
WP_056844346.1	iJN1463.PP_4830	73.8	404	103	2	1	402	1	403	3.84e-215	595
WP_056844347.1	iAF987.Gmet_0478	40.1	322	173	4	11	314	5	324	1.22e-64	209
WP_056844348.1	iJN1463.PP_4832	77.4	235	50	1	3	234	4	238	2.35e-128	362
WP_056844349.1	iCN718.ABAYE_RS03975	23.4	406	252	9	13	400	10	374	6.83e-19	89.4
WP_056844349.1	iJN1463.PP_0860	26.6	410	246	14	1	395	1	370	1.54e-16	82.0
WP_056844350.1	iJN1463.PP_4842	77.6	519	92	2	3	521	1	495	4.25e-263	725
WP_056844351.1	iJN1463.PP_4844	83.9	279	42	1	8	286	10	285	1.67e-162	452
WP_056844352.1	iJN1463.PP_4846	74.1	166	43	0	2	167	5	170	8.62e-86	249
WP_056844353.1	iCN718.ABAYE_RS13875	72.3	101	28	0	1	101	1	101	6.60e-50	152
WP_056844353.1	iJN1463.PP_2844	69.3	101	31	0	1	101	1	101	4.19e-49	150
WP_056844353.1	iYL1228.KPN_03466	67.3	101	33	0	1	101	1	101	3.40e-46	143
WP_056844353.1	iSynCJ816.SGL_RS11790	64.4	101	36	0	1	101	1	101	5.81e-44	137
WP_056844355.1	STM_v1_0.STM0659	28.2	227	141	8	1	226	1	206	4.05e-09	58.2
WP_056844355.1	iML1515.b0650	27.6	225	139	7	9	230	7	210	9.37e-09	57.0
WP_056844355.1	iSSON_1240.SSON_0604	27.6	225	139	7	9	230	7	210	9.37e-09	57.0
WP_056844355.1	iSbBS512_1146.SbBS512_E0599	27.4	223	138	7	11	230	9	210	1.64e-08	56.2
WP_056844359.1	iJN1463.PP_2848	40.4	230	125	6	1	224	1	224	2.30e-30	111
WP_056844359.1	iSynCJ816.SGL_RS05890	32.7	217	137	2	17	224	1	217	4.85e-27	102
WP_056844360.1	iJN1463.PP_2847	41.3	150	83	3	12	161	9	153	1.68e-17	75.9
WP_056844361.1	iJN1463.PP_4864	85.6	291	42	0	1	291	1	291	9.41e-181	499
WP_056844362.1	iJN1463.PP_4868	83.2	398	67	0	1	398	2	399	7.23e-251	686
WP_056844370.1	iJN1463.PP_4881	74.5	337	85	1	1	337	1	336	8.22e-189	523
WP_056844372.1	iJN1463.PP_4889	87.6	429	52	1	1	428	1	429	6.14e-281	764
WP_056844377.1	iAF987.Gmet_0302	30.5	82	51	2	89	169	66	142	2.19e-04	40.0
WP_056844378.1	iCN718.ABAYE_RS07665	48.4	215	105	3	2	212	9	221	2.02e-59	187
WP_056844385.1	iJN1463.PP_4907	72.3	271	73	1	1	271	1	269	9.29e-143	401
WP_056844386.1	iJN1463.PP_4908	86.1	281	39	0	1	281	1	281	6.18e-178	492
WP_056844393.1	iML1515.b3032	45.3	267	142	3	8	271	10	275	3.40e-71	219
WP_056844394.1	iHN637.CLJU_RS09415	22.8	448	314	9	19	435	14	460	1.93e-27	113
WP_056844395.1	iJN1463.PP_4922	91.5	632	47	2	3	634	2	626	0.0	1165
WP_056844396.1	iJN1463.PP_0368	53.7	598	269	3	1	591	1	597	4.83e-222	628
WP_056844396.1	iJN1463.PP_2048	52.0	596	271	5	3	591	2	589	1.45e-203	581
WP_056844397.1	iJN1463.PP_0368	91.5	601	51	0	1	601	1	601	0.0	1134
WP_056844400.1	iJN1463.PP_0362	91.8	352	29	0	1	352	1	352	6.40e-237	646
WP_056844401.1	iJN1463.PP_0363	85.2	385	57	0	1	385	1	385	1.70e-235	645
WP_056844402.1	iJN1463.PP_0364	53.6	239	110	1	1	238	1	239	1.11e-81	244
WP_056844403.1	iJN1463.PP_0365	76.1	259	61	1	9	266	13	271	4.21e-135	382
WP_056844407.1	iJN1463.PP_3219	25.7	366	210	9	26	386	18	326	1.70e-18	86.3
WP_056844408.1	iSF_1195.SF3047	66.7	345	111	3	1	342	1	344	4.68e-164	461
WP_056844408.1	iSSON_1240.SSON_3145	66.7	345	111	3	1	342	1	344	4.68e-164	461
WP_056844408.1	iML1515.b3001	66.4	345	112	3	1	342	1	344	6.65e-164	461
WP_056844408.1	iSbBS512_1146.SbBS512_E3430	66.1	345	113	3	1	342	1	344	4.44e-162	456
WP_056844414.1	STM_v1_0.STM0956	27.1	343	204	9	238	553	241	564	1.93e-22	100
WP_056844414.1	iYL1228.KPN_00919	28.1	324	210	8	249	558	266	580	2.65e-21	97.4
WP_056844414.1	STM_v1_0.STM0957	29.4	320	201	9	249	553	266	575	8.26e-21	95.9
WP_056844414.1	iSbBS512_1146.SbBS512_E2443	26.1	329	225	8	238	553	241	564	7.90e-21	95.9
WP_056844414.1	iSSON_1240.SSON_0887	26.4	329	224	8	238	553	241	564	7.90e-21	95.9
WP_056844414.1	iSDY_1059.SDY_2375	26.1	329	225	8	238	553	241	564	1.86e-20	94.7
WP_056844414.1	iML1515.b0886	26.1	329	225	8	238	553	241	564	3.28e-20	94.0
WP_056844414.1	iAF987.Gmet_2634	26.9	279	190	4	273	539	277	553	4.34e-20	93.6
WP_056844414.1	iSF_1195.SF0845	26.1	329	225	8	238	553	241	564	4.35e-20	93.6
WP_056844414.1	iSF_1195.SF0846	28.4	310	197	9	249	543	266	565	1.41e-19	92.0
WP_056844414.1	iML1515.b0887	28.4	310	197	9	249	543	266	565	2.48e-19	91.3
WP_056844414.1	iEK1008.Rv1349	25.7	331	223	7	236	543	219	549	3.22e-19	90.9
WP_056844419.1	iCHOv1.100763383	25.5	184	107	6	111	284	119	282	5.52e-07	50.1
WP_056844421.1	iJN1463.PP_0326	77.1	210	48	0	1	210	1	210	1.73e-106	304
WP_056844422.1	iJN1463.PP_0325	87.1	1005	129	1	1	1005	1	1004	0.0	1803
WP_056844423.1	iJN1463.PP_5078	85.8	365	52	0	1	365	1	365	4.33e-226	620
WP_056844424.1	iJN1463.PP_5079	89.5	172	18	0	1	172	1	172	8.40e-107	302
WP_056844428.1	iJN1463.PP_5084	79.5	819	162	3	1	815	1	817	0.0	1306
WP_056844430.1	iJN1463.PP_5089	85.5	578	84	0	1	578	1	578	0.0	972
WP_056844432.1	iCN900.CD630_20200	33.3	87	48	3	11	93	572	652	8.14e-04	41.6
WP_056844435.1	iJN1463.PP_5014	87.7	130	16	0	1	130	1	130	2.33e-89	254
WP_056844440.1	iYL1228.KPN_00839	42.8	208	115	2	113	316	9	216	1.16e-43	149
WP_056844440.1	iML1515.b0810	43.1	195	108	1	125	316	22	216	4.56e-43	147
WP_056844440.1	iSDY_1059.SDY_0786	43.1	195	108	1	125	316	22	216	4.56e-43	147
WP_056844440.1	iSF_1195.SF0761	43.1	195	108	1	125	316	22	216	4.56e-43	147
WP_056844440.1	iSSON_1240.SSON_0790	43.1	195	108	1	125	316	22	216	4.56e-43	147
WP_056844440.1	iSbBS512_1146.SbBS512_E2538	42.6	195	109	1	125	316	22	216	6.42e-43	147
WP_056844440.1	STM_v1_0.STM0829	41.8	208	117	2	113	316	9	216	1.79e-42	145
WP_056844440.1	iPC815.YPO2513	41.5	207	118	2	113	316	9	215	1.35e-41	143
WP_056844440.1	iCN900.CD630_07510	40.4	208	116	2	121	320	18	225	6.42e-41	142
WP_056844440.1	iYS854.USA300HOU_RS09930	39.1	202	121	1	121	320	284	485	9.54e-36	134
WP_056844443.1	iCHOv1.100758590	27.5	131	81	3	22	139	126	255	3.18e-06	48.1
WP_056844443.1	iAF987.Gmet_0843	22.3	274	173	10	24	294	12	248	1.56e-05	45.4
WP_056844444.1	iCN900.CD630_06990	25.2	230	152	5	30	248	108	328	3.20e-13	69.7
WP_056844444.1	iSbBS512_1146.SbBS512_E1956	29.4	204	119	9	53	247	127	314	1.29e-12	67.8
WP_056844444.1	iSF_1195.SF1517	29.1	203	119	9	53	246	127	313	4.18e-12	66.2
WP_056844444.1	iSSON_1240.SSON_1444	29.1	203	119	9	53	246	127	313	4.18e-12	66.2
WP_056844444.1	iSDY_1059.SDY_1809	29.1	203	119	9	53	246	127	313	5.61e-12	65.9
WP_056844444.1	iPC815.YPO2429	28.2	202	122	8	53	246	127	313	5.61e-12	65.9
WP_056844444.1	STM_v1_0.STM1337	29.1	203	119	9	53	246	127	313	7.52e-12	65.5
WP_056844444.1	iYL1228.KPN_02176	29.3	205	116	10	53	246	127	313	1.81e-11	64.3
WP_056844444.1	iHN637.CLJU_RS16970	24.8	206	136	6	53	246	126	324	3.44e-11	63.5
WP_056844445.1	iYO844.BSU02980	56.2	265	116	0	3	267	7	271	2.23e-103	306
WP_056844445.1	iML1515.b2677	58.2	261	109	0	5	265	4	264	3.64e-103	305
WP_056844445.1	STM_v1_0.STM2809	58.6	261	108	0	5	265	4	264	3.64e-103	305
WP_056844445.1	iSbBS512_1146.SbBS512_E3202	58.2	261	109	0	5	265	4	264	3.64e-103	305
WP_056844445.1	iSSON_1240.SSON_2822	58.2	261	109	0	5	265	4	264	3.64e-103	305
WP_056844445.1	iSF_1195.SF2705	57.9	261	110	0	5	265	4	264	1.46e-102	304
WP_056844445.1	iPC815.YPO2647	58.6	261	108	0	5	265	4	264	1.42e-102	304
WP_056844445.1	iYL1228.KPN_03008	57.5	261	111	0	5	265	4	264	5.89e-102	302
WP_056844445.1	iNF517.LLMG_RS05325	55.1	265	119	0	3	267	2	266	8.34e-101	300
WP_056844445.1	iAF692.Mbar_A2376	56.1	262	115	0	5	266	6	267	4.90e-98	296
WP_056844447.1	iJN1463.PP_5041	85.3	816	120	0	1	816	1	816	0.0	1409
WP_056844453.1	iJN1463.PP_5054	79.8	84	17	0	1	84	1	84	1.24e-46	143
WP_056844454.1	iJN1463.PP_0398	33.3	96	61	3	36	130	5	98	7.73e-05	39.3
WP_056844454.1	iEK1008.Rv3116	29.2	89	61	2	42	128	290	378	3.38e-04	38.9
WP_056844454.1	iSynCJ816.SGL_RS18145	35.4	48	31	0	39	86	66	113	3.85e-04	38.1
WP_056844455.1	iJN1463.PP_5056	84.1	509	81	0	1	509	1	509	3.78e-314	855
WP_056844456.1	iAF987.Gmet_1854	38.6	145	81	2	287	429	256	394	4.47e-26	108
WP_056844462.1	iJN1463.PP_4999	80.9	419	80	0	1	419	1	419	1.55e-243	669
WP_056844463.1	iCN900.CD630_26230	33.2	232	147	4	1	225	4	234	1.64e-37	131
WP_056844464.1	iJN1463.PP_5095	80.1	272	53	1	1	272	1	271	1.59e-142	400
WP_056844465.1	iYL1228.KPN_03389	55.6	378	166	2	17	394	1	376	1.11e-144	415
WP_056844465.1	iPC815.YPO0946	56.3	378	163	2	17	394	1	376	1.47e-144	415
WP_056844465.1	iCN718.ABAYE_RS16805	53.3	377	170	3	22	394	10	384	2.75e-134	389
WP_056844466.1	iJN1463.PP_5104	88.9	270	24	1	1	264	1	270	6.59e-169	467
WP_056844467.1	iJN1463.PP_5107	75.2	234	58	0	12	245	1	234	2.54e-134	377
WP_056844468.1	iJN1463.PP_0220	41.6	221	127	2	2	220	33	253	2.60e-55	180
WP_056844468.1	iPC815.YPO1073	41.8	220	124	2	1	216	1	220	1.85e-52	172
WP_056844468.1	iYO844.BSU32750	37.5	224	136	2	1	220	1	224	1.53e-50	167
WP_056844468.1	iJN1463.PP_0114	39.0	228	134	3	1	223	1	228	5.21e-50	165
WP_056844468.1	iSDY_1059.SDY_0218	40.9	220	126	2	1	216	1	220	6.34e-50	165
WP_056844468.1	iSbBS512_1146.SbBS512_E0193	40.9	220	126	2	1	216	1	220	8.93e-50	165
WP_056844468.1	iSSON_1240.SSON_0213	40.9	220	126	2	1	216	1	220	8.93e-50	165
WP_056844468.1	iML1515.b0199	40.5	220	127	2	1	216	1	220	1.26e-49	164
WP_056844468.1	STM_v1_0.STM0247	40.5	220	127	2	1	216	1	220	1.26e-49	164
WP_056844468.1	iSF_1195.SF0190	40.9	220	126	2	1	216	1	220	2.50e-49	164
WP_056844468.1	iYL1228.KPN_00213	40.0	220	128	2	1	216	1	220	4.96e-49	163
WP_056844470.1	iAF987.Gmet_2529	27.3	417	282	11	69	474	53	459	4.89e-32	127
WP_056844471.1	iCN718.ABAYE_RS13845	44.1	179	97	2	16	194	5	180	1.20e-40	135
WP_056844473.1	iJN1463.PP_5118	71.4	283	81	0	1	283	1	283	6.78e-152	425
WP_056844476.1	iJN1463.PP_5128	95.9	613	25	0	1	613	1	613	0.0	1159
WP_056844477.1	iYO844.BSU09130	48.8	443	225	2	7	449	8	448	3.68e-122	363
WP_056844477.1	iYS854.USA300HOU_RS02030	45.2	460	244	3	6	462	7	461	3.36e-114	343
WP_056844478.1	iJN1463.PP_5132	76.6	171	37	2	1	169	1	170	2.15e-90	260
WP_056844481.1	iJN1463.PP_5139	77.4	722	159	3	39	756	29	750	0.0	1046
WP_056844482.1	iSynCJ816.SGL_RS16080	34.1	123	62	3	17	129	24	137	2.84e-07	48.1
WP_056844487.1	iYS854.USA300HOU_RS00620	27.6	359	234	9	15	356	18	367	1.46e-20	92.4
WP_056844488.1	iJN1463.PP_5141	87.3	323	41	0	1	323	1	323	3.61e-217	593
WP_056844492.1	iJN1463.PP_4977	85.8	281	40	0	1	281	15	295	2.66e-183	505
WP_056844494.1	iJN1463.PP_4983	77.5	506	111	2	1	504	1	505	3.84e-279	774
WP_056844495.1	iJN1463.PP_4984	92.3	468	36	0	1	468	1	468	0.0	895
WP_056844502.1	iJN1463.PP_0283	87.9	257	31	0	1	257	1	257	5.26e-161	446
WP_056844503.1	iJN1463.PP_0280	87.3	229	29	0	1	229	1	229	3.03e-137	384
WP_056844512.1	iJN1463.PP_0669	34.3	813	488	23	24	806	14	810	2.63e-126	397
WP_056844512.1	iJN1463.PP_4217	34.1	833	482	22	14	806	5	810	7.63e-126	396
WP_056844515.1	STM_v1_0.STM2776	33.1	166	99	6	37	193	57	219	1.88e-19	85.9
WP_056844526.1	iNF517.LLMG_RS09715	29.6	226	148	6	33	254	31	249	1.74e-24	101
WP_056844526.1	iPC815.YPO1351	32.2	242	153	6	15	252	6	240	1.40e-25	100
WP_056844526.1	iYL1228.KPN_00840	29.4	228	155	4	25	252	21	242	1.68e-22	92.4
WP_056844527.1	iYS854.USA300HOU_RS09925	58.3	240	100	0	1	240	3	242	2.77e-97	284
WP_056844527.1	iYO844.BSU03590	57.1	247	100	2	1	242	1	246	5.38e-96	281
WP_056844527.1	iCN900.CD630_07520	55.0	240	108	0	1	240	1	240	1.62e-93	274
WP_056844527.1	iNF517.LLMG_RS09720	55.8	240	106	0	2	241	7	246	2.91e-93	274
WP_056844527.1	iYO844.BSU27430	55.6	241	107	0	1	241	1	241	3.49e-93	273
WP_056844527.1	iML1515.b1917	55.5	245	103	1	2	240	4	248	4.94e-90	266
WP_056844527.1	STM_v1_0.STM0828	56.1	239	105	0	1	239	1	239	1.01e-89	265
WP_056844527.1	iJN1463.PP_0225	56.1	246	102	1	1	240	1	246	4.29e-89	263
WP_056844527.1	iNF517.LLMG_RS09915	56.7	240	104	0	1	240	5	244	4.67e-89	263
WP_056844527.1	iYO844.BSU23960	54.6	240	109	0	1	240	1	240	4.72e-88	260
WP_056844527.1	iYL1228.KPN_00838	54.8	239	108	0	1	239	1	239	2.71e-87	258
WP_056844527.1	iSSON_1240.SSON_0789	55.2	239	107	0	1	239	1	239	1.55e-86	256
WP_056844527.1	iML1515.b0809	55.2	239	107	0	1	239	1	239	2.20e-86	256
WP_056844527.1	iSbBS512_1146.SbBS512_E2539	55.2	239	107	0	1	239	1	239	2.20e-86	256
WP_056844531.1	iLB1027_lipid.PHATRDRAFT_36390	24.9	217	139	7	1	199	1	211	4.62e-09	54.3
WP_056844533.1	iLJ478.TM0025	28.3	848	422	26	46	851	5	708	1.89e-83	283
WP_056844543.1	iSSON_1240.SSON_2805	59.9	479	191	1	6	483	3	481	1.31e-204	575
WP_056844543.1	iYL1228.KPN_00256	59.9	479	191	1	6	483	3	481	3.74e-204	574
WP_056844543.1	iML1515.b2661	59.7	479	192	1	6	483	3	481	5.30e-204	573
WP_056844543.1	iAF987.Gmet_3395	59.0	481	196	1	6	485	4	484	2.66e-202	569
WP_056844543.1	iJN1463.PP_0213	59.8	473	189	1	6	478	3	474	3.27e-202	569
WP_056844543.1	STM_v1_0.STM2791	59.3	479	194	1	6	483	3	481	1.90e-199	562
WP_056844543.1	iCN718.ABAYE_RS11770	55.3	481	214	1	6	485	3	483	1.34e-185	527
WP_056844543.1	iCN718.ABAYE_RS14730	55.4	480	213	1	5	483	3	482	8.27e-184	522
WP_056844544.1	iJN1463.PP_0411	47.0	336	169	4	2	329	7	341	5.00e-92	280
WP_056844544.1	iJN1463.PP_3817	43.6	326	176	2	10	327	15	340	3.67e-88	270
WP_056844544.1	iPC815.YPO2846	42.6	319	173	5	10	320	5	321	9.99e-83	255
WP_056844545.1	iSSON_1240.SSON_2806	49.8	424	213	0	5	428	1	424	3.32e-152	437
WP_056844545.1	iML1515.b2662	49.6	419	211	0	5	423	1	419	2.69e-151	435
WP_056844545.1	iYL1228.KPN_00255	50.1	417	208	0	5	421	1	417	3.20e-150	432
WP_056844545.1	iYL1228.KPN_03825	51.2	418	199	2	8	425	7	419	9.82e-148	426
WP_056844545.1	STM_v1_0.STM2792	48.7	417	214	0	5	421	1	417	3.18e-145	420
WP_056844545.1	iJN1463.PP_0214	48.3	420	216	1	8	427	5	423	1.81e-141	410
WP_056844545.1	iML1515.b1302	49.5	406	204	1	20	425	15	419	2.38e-138	402
WP_056844545.1	iSF_1195.SF1307	49.5	406	204	1	20	425	15	419	2.73e-137	399
WP_056844545.1	iSbBS512_1146.SbBS512_E1538	49.5	406	204	1	20	425	15	419	3.87e-137	399
WP_056844548.1	iSSON_1240.SSON_1839	29.2	424	293	6	5	426	7	425	1.87e-55	189
WP_056844548.1	iYL1228.KPN_01017	28.8	424	295	6	5	426	7	425	5.12e-55	187
WP_056844548.1	iSDY_1059.SDY_1943	29.5	424	292	6	5	426	7	425	7.50e-54	184
WP_056844548.1	iML1515.b1301	29.0	424	294	6	5	426	7	425	1.47e-53	184
WP_056844548.1	iSbBS512_1146.SbBS512_E1537	29.0	424	294	6	5	426	7	425	2.05e-53	183
WP_056844548.1	iSF_1195.SF1306	28.5	424	296	6	5	426	7	425	2.05e-53	183
WP_056844548.1	iJN1463.PP_2448	30.1	425	289	6	4	426	8	426	5.97e-52	179
WP_056844548.1	iJN1463.PP_3146	28.6	433	287	11	5	426	10	431	6.75e-51	177
WP_056844548.1	iJN1463.PP_5273	31.2	430	274	9	5	423	10	428	2.58e-49	172
WP_056844550.1	iYS854.USA300HOU_RS11455	47.1	473	250	0	1	473	1	473	1.31e-139	409
WP_056844551.1	iML1515.b0311	33.3	586	301	14	3	555	4	532	1.42e-73	244
WP_056844551.1	iMM1415.218865	31.7	597	296	15	4	555	45	574	6.82e-73	243
WP_056844551.1	iCHOv1.100772204	31.2	597	299	16	4	555	48	577	2.04e-71	239
WP_056844551.1	iJN1463.PP_5064	33.8	586	298	15	3	555	6	534	1.36e-71	239
WP_056844551.1	iCN718.ABAYE_RS14300	31.9	587	309	14	3	555	7	536	1.19e-66	225
WP_056844552.1	iJN1463.PP_3814	39.1	338	195	9	8	341	9	339	2.79e-59	194
WP_056844552.1	iJN1463.PP_0412	35.1	325	202	4	10	329	7	327	7.21e-53	177
WP_056844554.1	iCN718.ABAYE_RS14760	69.1	356	101	2	6	356	5	356	6.14e-181	505
WP_056844554.1	iYL1228.KPN_01015	67.6	358	107	2	3	355	2	355	3.45e-178	498
WP_056844554.1	iSSON_1240.SSON_1361	67.4	356	107	2	5	355	4	355	6.60e-176	492
WP_056844554.1	iML1515.b1800	67.4	356	107	2	5	355	4	355	1.33e-175	491
WP_056844554.1	iSbBS512_1146.SbBS512_E2058	67.4	356	107	2	5	355	4	355	2.68e-175	491
WP_056844554.1	iSDY_1059.SDY_1701	67.1	356	108	2	5	355	4	355	7.66e-175	489
WP_056844554.1	iPC815.YPO2496	64.5	358	118	2	3	355	6	359	1.31e-169	476
WP_056844555.1	STM_v1_0.STM1135	36.6	314	191	4	1	308	1	312	4.50e-59	191
WP_056844555.1	iML1515.b1033	35.7	314	194	4	1	308	1	312	5.55e-57	186
WP_056844555.1	iSSON_1240.SSON_1042	35.7	314	194	4	1	308	14	325	7.91e-57	186
WP_056844555.1	iSbBS512_1146.SbBS512_E2296	35.7	314	194	4	1	308	1	312	1.10e-56	185
WP_056844555.1	iSDY_1059.SDY_1004	35.4	314	195	4	1	308	14	325	4.40e-56	184
WP_056844555.1	iYL1228.KPN_01056	35.1	316	193	4	1	308	1	312	6.14e-56	183
WP_056844556.1	iEK1008.Rv0505c	32.9	219	130	3	4	212	124	335	7.86e-23	94.4
WP_056844558.1	iJN1463.PP_5150	91.4	221	19	0	1	221	1	221	4.55e-139	388
WP_056844559.1	iYS854.USA300HOU_RS12370	24.7	352	231	11	54	393	37	366	9.26e-19	87.0
WP_056844559.1	iYO844.BSU18260	26.3	361	216	12	49	387	27	359	7.24e-18	84.3
WP_056844560.1	iEK1008.Rv1679	25.3	367	249	9	18	378	8	355	1.06e-12	68.6
WP_056844561.1	iJN1463.PP_3219	26.9	305	177	7	85	382	55	320	3.81e-20	91.3
WP_056844561.1	iYO844.BSU08860	25.8	330	207	7	85	413	55	347	1.40e-19	89.7
WP_056844562.1	iJN1463.PP_0221	81.2	255	47	1	9	262	11	265	3.17e-145	407
WP_056844563.1	iJN1463.PP_0220	71.5	361	93	3	16	376	18	368	2.31e-166	469
WP_056844564.1	iAF987.Gmet_3509	24.2	1061	722	25	6	1015	4	1033	4.07e-66	241
WP_056844564.1	iML1515.b3266	24.9	1061	715	29	7	1012	1	1034	7.41e-60	222
WP_056844564.1	iJN1463.PP_2410	25.0	1056	727	22	6	1011	4	1044	1.91e-59	221
WP_056844565.1	iJN1463.PP_4209	33.9	121	73	1	24	137	31	151	3.67e-08	54.3
WP_056844565.1	iYL1228.KPN_04737	28.7	136	96	1	204	339	255	389	8.93e-07	50.1
WP_056844566.1	iML1515.b0463	26.9	360	242	8	16	356	20	377	1.55e-17	82.8
WP_056844566.1	iSSON_1240.SSON_0450	26.9	360	242	8	16	356	20	377	2.09e-17	82.4
WP_056844566.1	iSDY_1059.SDY_0456	26.7	360	243	8	16	356	20	377	5.14e-17	81.3
WP_056844566.1	iSF_1195.SF0408	26.4	360	244	8	16	356	20	377	4.14e-16	78.6
WP_056844566.1	iPC815.YPO3132	23.2	357	255	6	16	353	20	376	2.43e-15	76.3
WP_056844566.1	STM_v1_0.STM3390	23.6	368	261	6	5	352	6	373	5.62e-15	75.1
WP_056844569.1	iJN1463.PP_5169	91.7	290	22	1	1	288	1	290	6.91e-182	501
WP_056844570.1	iJN1463.PP_5170	94.9	272	14	0	1	272	1	272	1.65e-176	486
WP_056844571.1	iJN1463.PP_5171	87.8	336	40	1	1	336	8	342	1.28e-218	598
WP_056844572.1	iAF987.Gmet_3085	39.7	557	332	2	64	616	323	879	1.02e-130	405
WP_056844572.1	iAF987.Gmet_0700	41.3	540	313	2	78	616	277	813	3.63e-122	380
WP_056844574.1	iAF987.Gmet_0069	27.1	129	87	2	7	131	1	126	6.18e-05	44.3
WP_056844575.1	iJN1463.PP_0213	90.4	480	46	0	1	480	1	480	2.31e-313	850
WP_056844575.1	iYL1228.KPN_00256	82.6	482	82	1	1	480	1	482	1.18e-288	788
WP_056844575.1	STM_v1_0.STM2791	81.5	482	87	1	1	480	1	482	7.18e-283	773
WP_056844575.1	iML1515.b2661	81.1	482	89	1	1	480	1	482	2.05e-282	772
WP_056844575.1	iSSON_1240.SSON_2805	81.3	482	88	1	1	480	1	482	4.14e-282	771
WP_056844587.1	iPC815.YPO3831	31.1	206	141	1	1	206	1	205	2.52e-22	89.7
WP_056844587.1	STM_v1_0.STM3960	29.5	190	133	1	16	205	16	204	1.02e-20	85.5
WP_056844587.1	iAF987.Gmet_0798	33.6	211	130	4	1	206	1	206	2.80e-20	84.3
WP_056844587.1	iML1515.b3824	30.5	190	131	1	16	205	16	204	2.91e-19	81.6
WP_056844587.1	iSbBS512_1146.SbBS512_E4291	30.5	190	131	1	16	205	16	204	2.91e-19	81.6
WP_056844588.1	iJN1463.PP_3427	33.5	463	291	10	13	470	13	463	4.31e-58	198
WP_056844589.1	iML1515.b3241	40.4	287	167	3	1	285	1	285	1.46e-59	192
WP_056844590.1	iML1515.b3240	23.8	522	350	15	16	519	13	504	1.51e-23	105
WP_056844591.1	iJN1463.PP_4935	30.8	412	272	5	302	708	178	581	2.45e-51	188
WP_056844591.1	iSF_1195.SF0910	29.4	381	263	3	328	707	192	567	2.38e-48	179
WP_056844591.1	iSSON_1240.SSON_0916	29.4	381	263	3	328	707	192	567	3.25e-48	179
WP_056844591.1	iJN1463.PP_3466	28.2	585	387	11	143	712	2	568	3.63e-48	178
WP_056844591.1	iML1515.b0914	29.1	381	264	3	328	707	192	567	1.13e-47	177
WP_056844591.1	iSbBS512_1146.SbBS512_E2410	29.1	381	264	3	328	707	192	567	1.13e-47	177
WP_056844591.1	iSDY_1059.SDY_2344	29.1	381	264	3	328	707	192	567	1.13e-47	177
WP_056844591.1	STM_v1_0.STM0984	28.8	382	266	3	326	706	190	566	1.54e-47	177
WP_056844591.1	iAF987.Gmet_2349	31.9	401	261	5	305	700	157	550	2.43e-47	176
WP_056844591.1	iYL1228.KPN_00941	31.7	328	221	2	381	707	242	567	3.91e-47	176
WP_056844591.1	iPC815.YPO1395	29.3	399	272	5	310	706	176	566	7.26e-47	175
WP_056844591.1	iSbBS512_1146.SbBS512_E2443	32.3	390	254	5	323	706	175	560	2.19e-46	173
WP_056844591.1	iSSON_1240.SSON_0887	32.3	390	254	5	323	706	175	560	4.07e-46	172
WP_056844591.1	iSDY_1059.SDY_1025	34.6	309	194	3	404	708	886	1190	2.51e-44	171
WP_056844591.1	iSF_1195.SF0845	32.1	390	255	5	323	706	175	560	1.03e-45	171
WP_056844591.1	iML1515.b0886	32.1	390	255	5	323	706	175	560	1.91e-45	171
WP_056844591.1	iCHOv1.100682535	28.1	413	294	3	298	707	207	619	1.11e-43	169
WP_056844591.1	iSDY_1059.SDY_2375	28.5	568	352	15	162	700	12	554	4.82e-45	169
WP_056844593.1	iYO844.BSU33510	33.3	60	37	1	4	60	6	65	4.44e-07	42.0
WP_056844593.1	iYS854.USA300HOU_RS13885	30.0	60	39	1	4	60	6	65	1.00e-05	38.5
WP_056844595.1	iJN1463.PP_0572	75.2	769	191	0	1	769	15	783	0.0	1158
WP_056844599.1	iCN718.ABAYE_RS08450	46.8	387	201	3	4	388	15	398	3.60e-120	353
WP_056844600.1	iAF987.Gmet_1914	32.0	103	68	2	31	133	5	105	1.47e-08	52.0
WP_056844603.1	iYO844.BSU27430	61.3	222	86	0	23	244	19	240	6.31e-97	283
WP_056844603.1	iML1515.b0652	61.8	220	84	0	25	244	21	240	2.69e-93	273
WP_056844603.1	iSSON_1240.SSON_0606	61.8	220	84	0	25	244	21	240	2.69e-93	273
WP_056844603.1	iNF517.LLMG_RS09720	59.7	243	94	2	2	244	7	245	1.89e-92	271
WP_056844603.1	iSF_1195.SF0629	61.4	220	85	0	25	244	21	240	4.42e-92	270
WP_056844603.1	iYO844.BSU23960	58.6	244	97	1	1	244	1	240	6.06e-92	270
WP_056844603.1	iCN900.CD630_07520	56.1	244	103	1	1	244	1	240	2.45e-91	268
WP_056844603.1	iJN1463.PP_3597	59.3	221	90	0	24	244	39	259	1.57e-89	265
WP_056844603.1	iPC815.YPO2612	59.5	220	89	0	25	244	22	241	1.74e-89	264
WP_056844603.1	iJN1463.PP_1068	60.4	222	86	1	25	244	33	254	3.92e-89	263
WP_056844603.1	iCN718.ABAYE_RS10970	60.2	221	86	1	25	243	23	243	1.18e-88	262
WP_056844603.1	iYL1228.KPN_00678	59.5	220	89	0	25	244	21	240	9.65e-89	262
WP_056844603.1	iNF517.LLMG_RS09915	57.4	244	100	2	1	244	5	244	3.04e-88	261
WP_056844603.1	iJN1463.PP_1300	59.7	221	89	0	24	244	33	253	1.71e-87	259
WP_056844605.1	iML1515.b3614	38.8	209	122	3	2	206	14	220	3.93e-45	153
WP_056844606.1	iJN1463.PP_2193	28.9	681	427	14	24	677	134	784	2.45e-70	244
WP_056844609.1	iJN1463.PP_5257	34.8	419	271	2	4	421	13	430	3.68e-70	227
WP_056844626.1	iJN1463.PP_0345	70.9	244	71	0	1	244	1	244	8.95e-135	379
WP_056844627.1	iJN1463.PP_0344	84.0	268	43	0	1	268	1	268	2.30e-165	458
WP_056844628.1	iJN1463.PP_0343	85.9	369	52	0	1	369	1	369	3.74e-233	638
WP_056844629.1	iJN1463.PP_0342	78.4	356	71	3	1	354	1	352	3.36e-205	566
WP_056844631.1	iJN1463.PP_0339	94.6	881	48	0	1	881	1	881	0.0	1719
WP_056844632.1	iJN1463.PP_0338	80.7	548	93	5	115	652	2	546	1.25e-241	678
WP_056844633.1	iAF987.Gmet_3085	38.1	556	337	3	335	883	324	879	1.71e-119	384
WP_056844633.1	iAF987.Gmet_0957	41.7	446	256	3	446	887	174	619	2.62e-113	360
WP_056844633.1	iAF987.Gmet_0700	37.4	553	339	4	340	888	269	818	1.27e-108	353
WP_056844633.1	iAF987.Gmet_0987	36.5	537	337	3	359	892	253	788	2.55e-108	352
WP_056844634.1	iJN1463.PP_0336	73.5	215	55	2	1	213	1	215	2.02e-116	330
WP_056844636.1	iJN1463.PP_4946	86.2	491	67	1	5	495	53	542	1.13e-300	821
WP_056844637.1	iJN1463.PP_4947	88.7	1317	149	0	1	1317	1	1317	0.0	2285
WP_056844638.1	iJN1463.PP_5066	91.6	580	49	0	1	580	18	597	0.0	1028
WP_056844639.1	iML1515.b0465	40.5	1088	635	9	4	1082	18	1102	1.35e-238	709
WP_056844642.1	iJN1463.PP_5069	75.7	144	35	0	1	144	1	144	5.82e-83	239
WP_056844644.1	iJN1463.PP_1376	34.1	179	114	1	39	217	36	210	1.20e-14	75.1
WP_056844644.1	iJN1463.PP_3740	29.0	300	165	8	62	323	46	335	2.12e-14	74.3
WP_056844648.1	iJN1463.PP_0315	88.3	427	50	0	1	427	1	427	3.03e-293	795
WP_056844650.1	iYS854.USA300HOU_RS13930	31.5	362	215	11	18	362	17	362	3.50e-34	137
WP_056844650.1	STM_v1_0.STM2232	32.5	342	209	11	22	362	10	330	1.71e-31	129
WP_056844652.1	iHN637.CLJU_RS19400	29.0	300	180	7	125	399	44	335	5.48e-27	109
WP_056844653.1	iJN1463.PP_0311	85.9	647	90	1	1	646	1	647	0.0	1141
WP_056844654.1	iJN1463.PP_0310	91.1	686	61	0	1	686	1	686	0.0	1290
WP_056844659.1	iJN1463.PP_0304	76.8	306	71	0	1	306	1	306	1.89e-171	477
WP_056844660.1	iJN1463.PP_0303	90.1	294	29	0	1	294	1	294	1.54e-192	529
WP_056844661.1	iJN1463.PP_0302	85.0	321	48	0	1	321	1	321	1.60e-203	559
WP_056844662.1	iJN1463.PP_0301	63.8	152	52	1	1	149	4	155	5.01e-62	187
WP_056844665.1	iJN1463.PP_0296	83.2	315	53	0	1	315	1	315	1.20e-195	538
WP_056844666.1	iJN1463.PP_0294	86.8	393	51	1	1	393	1	392	1.74e-243	666
WP_056844668.1	iJN1463.PP_5063	85.3	490	72	0	1	490	1	490	1.14e-302	824
WP_056844668.1	iPC815.YPO1166	77.1	490	112	0	1	490	1	490	6.46e-272	746
WP_056844669.1	iJN1463.PP_5064	86.1	562	78	0	1	562	1	562	0.0	1028
WP_056844676.1	iAF987.Gmet_0987	34.2	550	348	5	155	697	240	782	1.33e-93	307
WP_056844676.1	iAF987.Gmet_3085	34.9	571	340	8	135	692	326	877	3.11e-92	306
WP_056844676.1	iAF987.Gmet_0700	32.8	561	370	2	139	696	259	815	4.69e-90	298
WP_056844676.1	iAF987.Gmet_2629	32.7	541	350	4	156	689	265	798	9.41e-86	287
WP_056844676.1	iAF987.Gmet_0957	37.7	424	263	1	270	692	190	613	6.67e-87	285
WP_056844676.1	iAF987.Gmet_0782	37.4	420	263	0	270	689	296	715	1.30e-84	282
WP_056844676.1	iJN1463.PP_1144	34.9	456	295	2	235	689	249	703	3.65e-83	278
WP_056844680.1	iLB1027_lipid.PHATRDRAFT_9984	31.6	114	68	2	161	267	53	163	8.41e-05	43.1
WP_056844683.1	STM_v1_0.STM1522	33.3	372	244	4	8	377	18	387	4.92e-49	170
WP_056844683.1	iYL1228.KPN_01628	33.1	381	246	7	8	385	18	392	7.35e-49	169
WP_056844683.1	iML1515.b1528	31.5	372	245	3	8	378	18	380	2.04e-46	163
WP_056844683.1	iSbBS512_1146.SbBS512_E1677	31.5	372	245	3	8	378	18	380	2.04e-46	163
WP_056844683.1	iSSON_1240.SSON_1600	31.5	372	245	3	8	378	18	380	2.04e-46	163
WP_056844683.1	iSF_1195.SF1566	32.3	353	229	3	8	359	18	361	1.33e-46	162
WP_056844683.1	iJN1463.PP_2428	30.7	371	254	3	3	372	28	396	2.05e-43	155
WP_056844685.1	iJN1463.PP_0266	82.6	367	64	0	1	367	1	367	1.31e-244	667
WP_056844686.1	iMM1415.71760	40.7	425	244	5	547	965	11	433	1.91e-97	315
WP_056844686.1	iCHOv1.100753688	41.1	419	231	7	557	965	2	414	4.24e-96	311
WP_056844687.1	iJN1463.PP_0265	69.6	181	55	0	1	181	1	181	1.47e-93	269
WP_056844687.1	iJN1463.PP_1782	66.3	181	60	1	1	180	1	181	5.35e-87	253
WP_056844690.1	iJN1463.PP_0261	74.1	263	68	0	10	272	3	265	2.05e-135	383
WP_056844691.1	iJN1463.PP_0260	89.9	188	19	0	1	188	1	188	1.41e-115	325
WP_056844692.1	iAF987.Gmet_1630	41.0	212	125	0	6	217	5	216	2.62e-59	186
WP_056844692.1	iML1515.b3399	40.1	217	130	0	4	220	5	221	1.24e-58	184
WP_056844694.1	iEK1008.Rv2899c	30.6	252	155	4	43	278	25	272	7.08e-27	105
WP_056844695.1	iCN718.ABAYE_RS04780	55.7	758	333	1	14	768	18	775	1.61e-304	853
WP_056844699.1	iML1515.b2174	29.2	233	134	8	12	233	4	216	8.87e-19	82.4
WP_056844699.1	iSbBS512_1146.SbBS512_E0784	29.2	233	134	8	12	233	16	228	1.09e-18	82.4
WP_056844699.1	iSDY_1059.SDY_0905	29.2	233	134	8	12	233	16	228	1.09e-18	82.4
WP_056844699.1	iSSON_1240.SSON_2230	29.2	233	134	8	12	233	16	228	1.09e-18	82.4
WP_056844699.1	iSF_1195.SF2261	27.7	231	140	7	12	233	4	216	3.26e-18	80.9
WP_056844701.1	iHN637.CLJU_RS10465	40.5	74	41	2	646	718	475	546	9.10e-09	58.5
WP_056844702.1	iJN1463.PP_0243	78.2	527	113	1	1	527	1	525	8.13e-305	832
WP_056844703.1	iJN1463.PP_5186	77.3	379	86	0	1	379	1	379	3.63e-226	621
WP_056844707.1	iJN1463.PP_0225	80.1	246	48	1	1	245	1	246	4.34e-136	382
WP_056844707.1	iML1515.b1917	75.5	245	59	1	2	245	4	248	4.29e-124	352
WP_056844709.1	iCHOv1.100766004	40.2	194	115	1	20	213	17	209	8.98e-48	156
WP_056844710.1	iMM904.YDL178W	34.9	470	283	8	7	460	66	528	1.05e-89	282
WP_056844715.1	iJN1463.PP_5181	77.0	366	82	2	1	365	1	365	1.68e-204	565
WP_056844716.1	iJN1463.PP_5182	88.5	452	52	0	1	452	1	452	1.74e-306	830
WP_056844716.1	iJN1463.PP_2180	83.2	452	75	1	1	452	1	451	1.24e-285	778
WP_056844717.1	iJN1463.PP_5183	92.7	452	33	0	1	452	1	452	2.81e-318	860
WP_056844717.1	iJN1463.PP_3148	83.8	452	73	0	1	452	1	452	6.25e-290	788
WP_056844718.1	iJN1463.PP_0240	83.3	269	45	0	1	269	1	269	1.11e-157	439
WP_056844719.1	iJN1463.PP_0239	88.2	255	30	0	2	256	4	258	1.73e-160	445
WP_056844719.1	iPC815.YPO3626	81.5	260	48	0	3	262	5	264	1.13e-149	418
WP_056844720.1	iJN1463.PP_0237	86.0	321	45	0	1	321	1	321	5.44e-195	537
WP_056844721.1	iCN718.ABAYE_RS03640	81.9	210	38	0	1	210	1	210	5.13e-130	364
WP_056844722.1	iJN1463.PP_0234	60.2	450	167	7	1	445	1	443	2.20e-188	531
WP_056844723.1	iJN1463.PP_0233	56.9	318	132	3	9	325	8	321	1.06e-123	357
WP_056844723.1	iSSON_1240.SSON_0343	53.0	313	142	3	15	326	31	339	1.13e-114	335
WP_056844723.1	iML1515.b0365	53.0	313	142	3	15	326	12	320	1.21e-114	334
WP_056844723.1	iSDY_1059.SDY_0505	52.7	313	143	3	15	326	12	320	3.44e-114	333
WP_056844723.1	iYL1228.KPN_00311	51.2	322	152	3	6	326	3	320	5.61e-113	330
WP_056844723.1	iSbBS512_1146.SbBS512_E0278	52.1	313	145	3	15	326	12	320	1.13e-112	329
WP_056844723.1	iSF_1195.SF0253	53.7	300	134	3	28	326	3	298	1.53e-112	328
WP_056844724.1	iJN1463.PP_0232	83.8	259	42	0	1	259	1	259	6.98e-152	424
WP_056844725.1	iJN1463.PP_5193	84.3	127	20	0	1	127	1	127	9.83e-73	212
WP_056844726.1	iJN1463.PP_5194	73.6	360	95	0	1	360	1	360	4.05e-191	531
WP_056844727.1	iJN1463.PP_5195	85.8	541	76	1	1	541	1	540	0.0	885
WP_056844729.1	iJN1463.PP_5199	76.1	398	95	0	1	398	1	398	6.00e-224	617
WP_056844730.1	iYS854.USA300HOU_RS08170	27.7	296	162	8	132	422	95	343	1.28e-27	112
WP_056844733.1	iJN1463.PP_5203	79.9	204	36	1	1	204	1	199	5.05e-112	318
WP_056844744.1	iML1515.b2240	74.8	429	107	1	1	429	1	428	1.39e-248	684
WP_056844744.1	iSbBS512_1146.SbBS512_E2622	74.8	429	107	1	1	429	1	428	1.39e-248	684
WP_056844744.1	iSSON_1240.SSON_2301	74.8	429	107	1	1	429	1	428	1.39e-248	684
WP_056844744.1	iSF_1195.SF2322	74.8	429	107	1	1	429	1	428	2.80e-248	683
WP_056844744.1	iSDY_1059.SDY_2435	74.6	429	108	1	1	429	1	428	8.02e-248	682
WP_056844744.1	STM_v1_0.STM2283	73.7	433	113	1	1	433	1	432	6.56e-247	679
WP_056844744.1	iYL1228.KPN_02646	74.4	429	109	1	1	429	1	428	3.27e-246	677
WP_056844745.1	STM_v1_0.STM2093	29.1	320	217	10	3	316	5	320	6.10e-34	126
WP_056844746.1	iJN1463.PP_5213	94.3	488	28	0	1	488	1	488	0.0	969
WP_056844747.1	STM_v1_0.STM2232	32.8	497	305	14	7	496	7	481	4.06e-65	225
WP_056844748.1	iCN718.ABAYE_RS11415	28.4	232	158	3	27	253	45	273	1.01e-26	104
WP_056844748.1	iIT341.HP1172	31.2	215	141	5	25	235	33	244	2.30e-24	98.2
WP_056844749.1	iSynCJ816.SGL_RS07090	36.1	202	123	1	17	212	310	511	2.00e-31	119
WP_056844749.1	iNF517.LLMG_RS09715	37.7	204	116	3	19	215	509	708	3.82e-29	114
WP_056844749.1	iJN1463.PP_0226	35.4	192	124	0	10	201	9	200	7.23e-31	112
WP_056844749.1	iYS854.USA300HOU_RS09930	32.7	199	133	1	18	215	282	480	8.71e-29	112
WP_056844749.1	iCN900.CD630_07510	30.0	210	140	1	18	220	16	225	4.28e-30	110
WP_056844750.1	iYO844.BSU27430	52.1	236	113	0	3	238	1	236	4.21e-85	253
WP_056844750.1	iNF517.LLMG_RS09915	52.5	236	112	0	3	238	5	240	1.38e-81	244
WP_056844750.1	iYS854.USA300HOU_RS13040	52.3	239	113	1	3	240	1	239	1.90e-81	243
WP_056844750.1	iSynCJ816.SGL_RS08035	52.9	240	110	1	2	238	7	246	3.60e-81	243
WP_056844750.1	iNF517.LLMG_RS09720	53.6	235	109	0	4	238	7	241	4.34e-81	243
WP_056844750.1	iYO844.BSU23960	50.4	236	117	0	3	238	1	236	2.28e-79	238
WP_056844750.1	iYS854.USA300HOU_RS09925	51.3	238	116	0	1	238	1	238	4.89e-79	237
WP_056844750.1	iSDY_1059.SDY_0787	52.1	236	113	0	3	238	1	236	1.30e-78	236
WP_056844750.1	iSSON_1240.SSON_0789	52.1	236	113	0	3	238	1	236	1.85e-78	236
WP_056844750.1	iML1515.b0809	51.7	236	114	0	3	238	1	236	1.06e-77	234
WP_056844750.1	iSbBS512_1146.SbBS512_E2539	51.7	236	114	0	3	238	1	236	1.06e-77	234
WP_056844750.1	iJN1463.PP_0283	50.8	248	111	2	2	238	6	253	2.59e-77	233
WP_056844750.1	iSbBS512_1146.SbBS512_E2684	52.2	247	106	3	4	238	6	252	2.59e-77	233
WP_056844750.1	iSF_1195.SF2382	52.2	247	106	3	4	238	6	252	2.59e-77	233
WP_056844750.1	iSSON_1240.SSON_2364	52.2	247	106	3	4	238	6	252	2.59e-77	233
WP_056844750.1	STM_v1_0.STM0828	51.3	236	115	0	3	238	1	236	2.13e-77	233
WP_056844750.1	iSDY_1059.SDY_2505	52.2	247	106	3	4	238	6	252	5.20e-77	233
WP_056844750.1	iPC815.YPO2777	51.0	247	109	2	4	238	14	260	6.70e-77	233
WP_056844750.1	iYL1228.KPN_00838	50.4	236	117	0	3	238	1	236	4.27e-77	232
WP_056844750.1	iJN1463.PP_1300	50.8	236	116	0	3	238	14	249	6.70e-77	232
WP_056844750.1	STM_v1_0.STM2351	52.2	247	106	3	4	238	7	253	7.61e-77	232
WP_056844750.1	iML1515.b2306	51.8	247	107	3	4	238	6	252	1.04e-76	232
WP_056844750.1	iML1515.b1917	52.5	244	110	1	1	238	1	244	1.68e-76	231
WP_056844750.1	iSF_1195.SF0760	51.3	236	115	0	3	238	1	236	1.22e-76	231
WP_056844750.1	iJN1463.PP_0225	52.1	242	110	1	3	238	1	242	2.53e-76	231
WP_056844750.1	iYL1228.KPN_02696	52.2	247	106	3	4	238	6	252	5.97e-76	230
WP_056844753.1	iJN1463.PP_3941	28.7	188	107	4	49	220	24	200	1.23e-11	61.6
WP_056844754.1	iPC815.YPO2060	36.8	201	101	4	312	498	4	192	2.13e-24	102
WP_056844754.1	iYL1228.KPN_02373	38.3	193	109	4	312	498	4	192	6.95e-24	100
WP_056844754.1	iJN1463.PP_0118	36.7	196	110	6	308	495	1	190	1.25e-22	97.4
WP_056844754.1	iSDY_1059.SDY_1145	37.0	192	113	4	312	498	4	192	1.11e-22	97.4
WP_056844754.1	iML1515.b1858	37.0	192	113	4	312	498	4	192	1.50e-22	97.1
WP_056844754.1	iSSON_1240.SSON_1283	37.0	192	113	4	312	498	4	192	1.50e-22	97.1
WP_056844754.1	iSbBS512_1146.SbBS512_E0954	36.5	192	114	4	312	498	4	192	6.90e-22	95.1
WP_056844754.1	iSF_1195.SF1867	36.5	192	114	4	312	498	4	192	1.72e-21	94.0
WP_056844759.1	iJN1463.PP_0189	69.9	419	115	3	1	416	1	411	2.12e-190	533
WP_056844760.1	iJN1463.PP_0188	64.2	363	125	3	1	361	10	369	1.52e-144	414
WP_056844761.1	iJN1463.PP_0187	58.8	255	102	2	1	252	1	255	4.09e-93	274
WP_056844762.1	iJN1463.PP_0186	85.3	313	46	0	1	313	1	313	3.00e-188	520
WP_056844763.1	iAF987.Gmet_2999	35.7	112	65	3	2	109	9	117	5.40e-09	55.5
WP_056844763.1	iAF987.Gmet_1919	29.5	122	81	3	3	122	5	123	2.32e-08	53.5
WP_056844765.1	iJN1463.PP_0184	93.8	464	29	0	1	464	5	468	0.0	870
WP_056844767.1	iJN1463.PP_5228	84.4	276	43	0	1	276	12	287	3.91e-175	484
WP_056844769.1	iML1515.b3812	32.8	229	150	1	3	227	10	238	3.96e-34	122
WP_056844774.1	iAF692.Mbar_A1776	34.3	70	46	0	277	346	121	190	5.75e-05	45.4
WP_056844774.1	iSynCJ816.SGL_RS02940	26.8	183	107	4	191	346	14	196	7.54e-05	45.1
WP_056844774.1	iSynCJ816.SGL_RS04915	36.1	61	39	0	286	346	138	198	1.67e-04	43.5
WP_056844775.1	iJN1463.PP_5257	76.4	428	101	0	1	428	5	432	2.37e-246	676
WP_056844778.1	iAF987.Gmet_0700	29.1	141	87	2	249	386	142	272	6.58e-07	52.4
WP_056844779.1	iML1515.b1985	24.3	448	310	12	10	445	40	470	3.11e-15	77.4
WP_056844781.1	iCN900.CD630_23390	24.7	381	209	14	153	529	126	432	8.98e-15	76.6
WP_056844783.1	iJN1463.PP_5269	80.8	355	68	0	1	355	1	355	3.10e-207	571
WP_056844784.1	iJN1463.PP_5270	90.7	432	40	0	1	432	1	432	1.00e-288	784
WP_056844785.1	iJN1463.PP_5273	76.5	425	100	0	5	429	5	429	1.52e-242	667
WP_056844787.1	iCN900.CD630_36640	27.1	387	270	7	90	469	13	394	4.00e-50	175
WP_056844788.1	iJN1463.PP_5278	82.7	497	86	0	1	497	1	497	4.60e-301	820
WP_056844790.1	iJN1463.PP_0882	49.7	509	255	1	21	528	36	544	1.19e-179	516
WP_056844790.1	iYL1228.KPN_03899	45.8	513	278	0	16	528	14	526	1.12e-162	472
WP_056844790.1	iML1515.b3544	46.6	513	274	0	16	528	23	535	6.08e-162	470
WP_056844790.1	iSDY_1059.SDY_4567	46.4	513	275	0	16	528	23	535	1.22e-161	469
WP_056844790.1	iSF_1195.SF3579	46.4	513	275	0	16	528	23	535	1.22e-161	469
WP_056844790.1	iSSON_1240.SSON_3846	46.4	513	275	0	16	528	23	535	2.44e-161	469
WP_056844791.1	iJN1463.PP_5285	88.3	402	47	0	1	402	1	402	4.05e-254	694
WP_056844792.1	iJN1463.PP_5286	86.0	150	21	0	1	150	1	150	1.85e-93	266
WP_056844795.1	iJN1463.PP_5291	88.7	213	24	0	1	213	1	213	7.92e-132	369
WP_056844798.1	iJN1463.PP_5306	79.8	322	60	3	1	319	1	320	1.81e-148	419
WP_056844801.1	iJN1463.PP_5318	73.3	296	79	0	1	296	1	296	2.23e-163	455
WP_056844804.1	iML1515.b1856	39.8	93	48	2	179	271	317	401	7.37e-12	65.1
WP_056844805.1	iAF987.Gmet_0069	33.9	118	78	0	3	120	2	119	1.03e-18	84.3
WP_056844806.1	iJN1463.PP_5327	83.1	555	94	0	1	555	1	555	0.0	915
WP_056844808.1	iPC815.YPO0465	64.6	412	146	0	13	424	30	441	8.62e-193	542
WP_056844810.1	iJN1463.PP_5335	91.6	358	30	0	1	358	1	358	4.53e-241	657
WP_056844811.1	iJN1463.PP_5336	93.9	163	10	0	1	163	1	163	2.88e-105	297
WP_056844813.1	iJN1463.PP_5338	93.2	474	32	0	1	474	5	478	6.17e-316	856
WP_056844814.1	iJN1463.PP_0495	57.5	325	138	0	8	332	5	329	4.02e-124	358
WP_056844818.1	iJN1463.PP_5346	93.5	602	39	0	6	607	1	602	0.0	1097
WP_056844823.1	iPC815.YPO3094	32.8	369	234	6	23	381	24	388	3.90e-45	167
WP_056844823.1	iAF692.Mbar_A1651	28.7	376	265	2	5	380	4	376	3.64e-42	160
WP_056844823.1	iAF987.Gmet_1105	28.1	395	281	2	7	401	6	397	1.44e-40	156
WP_056844823.1	iAF692.Mbar_A0669	31.6	370	250	2	5	374	4	370	1.34e-40	156
WP_056844824.1	iJN1463.PP_5357	84.0	288	46	0	1	288	1	288	5.42e-179	494
WP_056844825.1	iML1515.b2173	33.8	337	179	13	7	315	4	324	1.03e-35	131
WP_056844826.1	iJN1463.PP_4639	31.1	305	167	10	5	300	3	273	3.55e-30	118
WP_056844827.1	iJN1463.PP_5364	76.4	479	113	0	1	479	3	481	4.02e-284	776
WP_056844828.1	iJN1463.PP_5365	75.3	393	97	0	1	393	35	427	2.54e-229	632
WP_056844830.1	iJN1463.PP_5029	46.7	261	137	2	4	264	2	260	2.79e-80	242
WP_056844831.1	iJN1463.PP_5036	50.3	457	222	3	10	466	2	453	1.06e-142	416
WP_056844838.1	iJN1463.PP_5409	87.1	611	79	0	1	611	1	611	0.0	1048
WP_056844839.1	iJN1463.PP_5411	81.7	454	83	0	1	454	1	454	5.80e-262	718
WP_056844841.1	iJN1463.PP_5420	87.4	135	17	0	1	135	1	135	1.47e-80	233
WP_056844843.1	iSynCJ816.SGL_RS13580	40.9	88	51	1	313	399	292	379	1.29e-05	47.8
WP_056844848.1	iJN1463.PP_3666	43.8	425	225	4	14	429	23	442	3.52e-101	308
WP_056844848.1	iJN1463.PP_2914	40.2	438	250	6	9	436	19	454	1.07e-92	288
WP_056844848.1	STM_v1_0.STM4290	39.0	433	252	5	9	431	18	448	2.60e-90	282
WP_056844848.1	iYL1228.KPN_04503	38.6	433	254	5	9	431	4	434	1.09e-88	278
WP_056844849.1	iCHOv1.100772204	40.0	532	309	4	8	530	46	576	8.03e-125	378
WP_056844849.1	iMM1415.218865	39.5	532	312	4	8	530	43	573	1.02e-121	370
WP_056844849.1	iJN1463.PP_5064	39.2	541	319	7	4	536	1	539	4.19e-112	344
WP_056844849.1	iML1515.b0311	38.8	533	312	8	8	530	3	531	5.05e-111	341
WP_056844850.1	iYL1228.KPN_02458	37.6	322	192	4	20	335	20	338	7.68e-59	201
WP_056844850.1	iCN718.ABAYE_RS07070	36.3	331	207	4	16	343	21	350	7.37e-58	200
WP_056844850.1	iSSON_1240.SSON_4052	35.8	318	195	5	20	332	18	331	2.70e-57	197
WP_056844850.1	iJN1463.PP_3666	27.9	545	273	10	5	536	6	443	2.46e-56	194
WP_056844850.1	iYL1228.KPN_04503	37.2	325	187	6	20	332	10	329	3.24e-55	192
WP_056844850.1	iJN1463.PP_2914	38.1	328	188	7	20	334	25	350	4.32e-55	192
WP_056844850.1	STM_v1_0.STM4290	36.7	327	186	6	20	332	24	343	1.61e-54	191
WP_056844850.1	iML1515.b4111	36.7	327	186	6	20	332	24	343	3.11e-54	190
WP_056844850.1	iML1515.b1981	35.9	320	198	4	20	335	21	337	8.21e-55	190
WP_056844850.1	iSDY_1059.SDY_4102	36.7	327	186	6	20	332	24	343	3.11e-54	190
WP_056844850.1	iSF_1195.SF4112	36.7	327	186	6	20	332	24	343	3.11e-54	190
WP_056844850.1	iSSON_1240.SSON_4286	36.7	327	186	6	20	332	24	343	3.11e-54	190
WP_056844850.1	iSDY_1059.SDY_2254	35.6	320	199	4	20	335	21	337	4.29e-54	188
WP_056844850.1	iJN1463.PP_2553	38.4	320	179	9	20	328	9	321	1.27e-53	187
WP_056844851.1	iJN1463.PP_0058	78.2	252	52	1	1	249	6	257	4.25e-147	411
WP_056844852.1	iJN1463.PP_0059	74.9	175	44	0	1	175	1	175	1.07e-95	274
WP_056844853.1	iJN1463.PP_0060	87.4	684	86	0	1	684	1	684	0.0	1164
WP_056844855.1	iJN1463.PP_0063	84.4	295	46	0	1	295	1	295	1.20e-185	511
WP_056844856.1	iJN1463.PP_0065	90.4	457	44	0	1	457	1	457	3.68e-296	805
WP_056844858.1	iJN1463.PP_0067	79.0	310	65	0	1	310	1	310	1.21e-174	485
WP_056844861.1	iJN1463.PP_0072	78.5	325	69	1	1	324	1	325	1.70e-179	498
WP_056844862.1	iJN1463.PP_0073	91.4	303	26	0	1	303	1	303	2.81e-221	602
WP_056844863.1	iJN1463.PP_0074	76.3	274	65	0	1	274	1	274	9.16e-152	424
WP_056844864.1	iJN1463.PP_0077	81.0	504	96	0	1	504	1	504	3.43e-317	862
WP_056844867.1	iJN1463.PP_0082	89.6	268	28	0	1	268	1	268	3.15e-166	460
WP_056844868.1	iJN1463.PP_0083	90.3	401	39	0	1	401	1	401	5.24e-275	747
WP_056844870.1	iEK1008.Rv0132c	30.5	167	98	8	34	185	62	225	1.19e-04	43.1
WP_056844873.1	iCN718.ABAYE_RS14895	47.5	200	104	1	1	199	1	200	2.47e-58	183
WP_056844874.1	iCHOv1.100774083	31.4	611	388	11	78	677	112	702	6.58e-87	286
WP_056844876.1	iCHOv1.100774083	26.9	475	325	8	225	689	241	703	8.94e-45	170
WP_056844877.1	iJN1463.PP_3384	77.9	240	53	0	6	245	7	246	1.81e-137	385
WP_056844878.1	iJN1463.PP_3382	80.2	398	79	0	22	419	20	417	6.14e-243	667
WP_056844880.1	iJN1463.PP_4757	85.4	444	64	1	2	444	5	448	7.07e-293	795
WP_056844883.1	iIS312.TCDM_00967	29.4	143	77	2	71	189	165	307	5.75e-16	74.7
WP_056844883.1	iIS312.TCDM_05651	27.4	164	111	5	48	203	91	254	1.56e-15	72.8
WP_056844884.1	iJN1463.PP_0112	78.6	257	54	1	1	257	1	256	9.21e-141	395
WP_056844885.1	iJN1463.PP_0114	89.0	335	37	0	1	335	1	335	2.28e-210	577
WP_056844886.1	iJN1463.PP_0115	76.0	712	167	2	2	712	3	711	0.0	1086
WP_056844892.1	iIT341.HP1227	39.1	69	41	1	134	202	29	96	6.97e-04	37.4
WP_056844893.1	iJN1463.PP_0127	77.7	211	46	1	1	211	1	210	1.18e-118	335
WP_056844894.1	iJN1463.PP_0129	56.0	679	237	10	1	653	1	643	5.78e-226	642
WP_056844895.1	iML1515.b0867	44.2	265	131	5	5	254	7	269	7.47e-64	200
WP_056844896.1	iAF987.Gmet_0043	28.4	232	149	7	374	593	39	265	1.71e-15	79.3
WP_056844900.1	iJN1463.PP_0137	86.2	426	59	0	1	426	1	426	6.88e-253	694
WP_056844900.1	iPC815.YPO0254	77.8	427	94	1	1	426	1	427	5.13e-226	625
WP_056844902.1	iJN1463.PP_0147	90.3	435	42	0	1	435	1	435	6.74e-274	746
WP_056844904.1	iJN1463.PP_0154	81.9	497	90	0	1	497	1	497	9.35e-294	802
WP_056844905.1	iJN1463.PP_0155	91.6	478	39	1	1	477	1	478	4.15e-301	819
WP_056844907.1	iJN1463.PP_0158	93.8	389	24	0	2	390	5	393	1.39e-276	749
WP_056844908.1	iML1515.b2371	35.7	364	217	3	2	365	8	354	2.18e-74	236
WP_056844911.1	iJN1463.PP_5216	87.6	500	62	0	1	500	1	500	0.0	873
WP_056844916.1	iJN1463.PP_0076	72.0	286	79	1	26	311	23	307	8.42e-149	419
WP_056844921.1	iJN1463.PP_3720	40.5	242	134	2	1	241	3	235	4.09e-57	182
WP_056844925.1	STM_v1_0.STM1440	58.9	168	68	1	7	174	6	172	2.16e-61	187
WP_056844925.1	iML1515.b1646	58.3	168	69	1	7	174	6	172	4.10e-59	181
WP_056844925.1	STM_v1_0.STM1044	62.7	150	56	0	25	174	26	175	4.65e-59	181
WP_056844925.1	iSF_1195.SF1673	58.3	168	69	1	7	174	11	177	4.80e-59	181
WP_056844925.1	iSSON_1240.SSON_1510	58.3	168	69	1	7	174	6	172	4.10e-59	181
WP_056844925.1	iSbBS512_1146.SbBS512_E1838	57.7	168	70	1	7	174	6	172	1.66e-58	180
WP_056844925.1	iPC815.YPO3375	60.7	150	59	0	25	174	51	200	1.61e-57	178
WP_056844925.1	iSDY_1059.SDY_1870	57.1	168	71	1	7	174	6	172	1.35e-57	177
WP_056844925.1	iYL1228.KPN_01985	55.4	168	74	1	7	174	6	172	1.56e-56	175
WP_056844926.1	iAF692.Mbar_A1431	32.0	306	197	6	13	312	11	311	3.70e-39	144
WP_056844926.1	iYO844.BSU23070	32.8	287	178	5	37	312	29	311	9.70e-38	140
WP_056844926.1	iJN1463.PP_3376	36.1	263	156	5	55	306	54	315	6.68e-37	134
WP_056844926.1	iHN637.CLJU_RS01885	35.4	243	152	4	66	304	66	307	3.27e-36	132
WP_056844926.1	iHN637.CLJU_RS05700	32.0	291	178	6	18	297	21	302	3.76e-36	131
WP_056844926.1	iEK1008.Rv2996c	35.0	263	165	4	47	304	45	306	3.10e-34	130
WP_056844928.1	iJN1463.PP_0870	72.8	298	80	1	2	298	13	310	1.25e-152	429
WP_056844930.1	iJN1463.PP_0873	61.3	351	136	0	6	356	6	356	6.17e-166	467
WP_056844935.1	iJN1463.PP_1292	87.2	156	20	0	1	156	1	156	2.39e-94	269
WP_056844936.1	iJN1463.PP_1294	81.1	148	28	0	1	148	1	148	2.01e-89	256
WP_056844938.1	iLB1027_lipid.PHATRDRAFT_52268	34.5	206	131	4	15	217	3	207	9.52e-31	112
WP_056844939.1	iJN1463.PP_1298	83.5	393	64	1	1	393	1	392	1.24e-236	649
WP_056844940.1	iJN1463.PP_1299	87.9	365	44	0	1	365	1	365	7.78e-240	654
WP_056844941.1	iJN1463.PP_1300	92.5	254	19	0	1	254	1	254	4.15e-177	486
WP_056844942.1	iJN1463.PP_0970	75.6	390	95	0	17	406	45	434	6.72e-206	573
WP_056844946.1	iJN1463.PP_0977	90.3	948	92	0	1	948	1	948	0.0	1740
WP_056844949.1	iJN1463.PP_0982	81.7	372	67	1	1	372	1	371	5.52e-211	582
WP_056844951.1	iJN1463.PP_0986	79.7	374	75	1	1	374	1	373	1.29e-210	581
WP_056844952.1	iJN1463.PP_0988	85.8	949	135	0	5	953	3	951	0.0	1625
WP_056844953.1	iJN1463.PP_0989	69.1	123	38	0	1	123	1	123	1.11e-57	174
WP_056844955.1	iJN1463.PP_1005	59.3	189	77	0	9	197	3	191	1.43e-70	213
WP_056844956.1	iJN1463.PP_1006	70.3	865	241	7	1	852	1	862	0.0	1216
WP_056844958.1	iJN1463.PP_1009	85.5	332	48	0	1	332	1	332	9.28e-209	573
WP_056844959.1	iJN1463.PP_1010	85.0	608	91	0	1	608	1	608	0.0	1032
WP_056844960.1	iJN1463.PP_1011	69.6	312	94	1	5	315	5	316	2.71e-161	452
WP_056844962.1	iJN1463.PP_1017	93.5	275	18	0	7	281	7	281	4.58e-183	504
WP_056844963.1	iJN1463.PP_1018	85.2	386	55	1	1	386	1	384	2.13e-231	635
WP_056844964.1	iJN1463.PP_1022	84.9	489	74	0	1	489	1	489	4.24e-309	840
WP_056844967.1	iJN1463.PP_3426	29.8	1053	694	18	8	1023	4	1048	4.80e-116	382
WP_056844967.1	iSSON_1240.SSON_2550	29.5	1059	659	25	12	1016	6	1030	6.17e-104	349
WP_056844967.1	iML1515.b2470	29.0	1051	674	22	12	1016	6	1030	8.53e-104	348
WP_056844967.1	iSF_1195.SF2512	29.0	1051	674	22	12	1016	6	1030	1.63e-103	348
WP_056844968.1	iPC815.YPO3132	31.2	327	205	5	59	372	59	378	5.00e-33	127
WP_056844968.1	iML1515.b0463	31.0	310	208	4	69	372	68	377	4.96e-32	124
WP_056844968.1	iSDY_1059.SDY_0456	31.8	314	200	5	69	372	68	377	6.85e-32	124
WP_056844968.1	iSSON_1240.SSON_0450	30.6	310	209	4	69	372	68	377	1.31e-31	123
WP_056844968.1	iSF_1195.SF0408	31.0	310	208	4	69	372	68	377	1.80e-31	122
WP_056844971.1	iJN1463.PP_0813	75.0	657	164	0	1	657	1	657	0.0	1011
WP_056844971.1	iML1515.b0431	71.4	657	188	0	1	657	1	657	0.0	991
WP_056844971.1	iSSON_1240.SSON_0414	71.4	657	188	0	1	657	1	657	0.0	991
WP_056844971.1	STM_v1_0.STM0442	71.2	657	189	0	1	657	1	657	0.0	991
WP_056844971.1	iPC815.YPO3165	73.1	647	174	0	1	647	1	647	0.0	991
WP_056844971.1	iSbBS512_1146.SbBS512_E0353	71.1	657	190	0	1	657	1	657	0.0	987
WP_056844971.1	iYL1228.KPN_00393	70.0	647	194	0	1	647	1	647	0.0	974
WP_056844971.1	iCN718.ABAYE_RS07350	68.6	653	204	1	2	654	5	656	0.0	926
WP_056844972.1	iJN1463.PP_0817	95.5	397	18	0	1	397	1	397	1.53e-283	768
WP_056844972.1	iML1515.b2379	90.2	397	39	0	1	397	1	397	1.50e-265	723
WP_056844972.1	iSDY_1059.SDY_2577	90.2	397	39	0	1	397	1	397	4.29e-265	722
WP_056844972.1	iSSON_1240.SSON_2470	89.9	397	40	0	1	397	1	397	6.10e-265	721
WP_056844972.1	iSF_1195.SF2445	89.9	397	40	0	1	397	1	397	3.52e-264	719
WP_056844972.1	iSbBS512_1146.SbBS512_E2748	89.4	397	42	0	1	397	1	397	5.83e-263	716
WP_056844975.1	iYL1228.KPN_04318	30.0	203	131	4	5	200	6	204	6.59e-21	85.9
WP_056844975.1	iAF692.Mbar_A2583	32.7	165	104	4	18	179	21	181	3.68e-20	84.0
WP_056844975.1	iML1515.b3823	27.4	201	139	3	5	200	6	204	1.96e-18	79.3
WP_056844975.1	iAF987.Gmet_0798	29.7	195	128	4	11	200	13	203	1.96e-18	79.3
WP_056844975.1	iSbBS512_1146.SbBS512_E4290	28.1	203	135	4	5	200	6	204	1.96e-18	79.3
WP_056844975.1	iPC815.YPO3832	27.9	201	138	3	5	200	6	204	5.34e-18	78.2
WP_056844975.1	iML1515.b1798	28.4	183	129	2	12	194	18	198	8.32e-18	77.8
WP_056844978.1	iAF692.Mbar_A2583	33.5	203	134	1	1	202	1	203	2.18e-29	108
WP_056844979.1	iJN1463.PP_0832	87.7	349	43	0	1	349	1	349	3.91e-224	613
WP_056844980.1	STM_v1_0.STM0828	51.5	241	107	4	265	504	9	240	4.39e-69	221
WP_056844980.1	iCN900.CD630_07520	48.8	242	114	2	263	503	7	239	3.41e-68	218
WP_056844980.1	iYO844.BSU27430	51.7	236	101	4	263	497	7	230	1.43e-67	217
WP_056844980.1	iYL1228.KPN_00838	49.8	241	111	4	265	504	9	240	7.38e-67	215
WP_056844980.1	iSynCJ816.SGL_RS08035	48.0	252	122	4	254	503	5	249	2.13e-66	214
WP_056844980.1	iJN1463.PP_3597	49.6	242	112	2	263	503	26	258	3.84e-66	214
WP_056844980.1	iPC815.YPO2514	49.8	243	108	3	265	504	9	240	4.07e-66	213
WP_056844980.1	iYS854.USA300HOU_RS09925	47.8	249	120	3	256	503	2	241	6.09e-66	213
WP_056844980.1	iML1515.b1917	49.2	250	123	3	257	505	3	249	1.10e-65	212
WP_056844980.1	iSDY_1059.SDY_0787	49.8	241	111	4	265	504	9	240	8.04e-66	212
WP_056844980.1	iML1515.b0809	49.8	241	111	4	265	504	9	240	1.13e-65	212
WP_056844980.1	iSbBS512_1146.SbBS512_E2539	49.8	241	111	4	265	504	9	240	1.13e-65	212
WP_056844980.1	iSF_1195.SF0760	49.8	241	111	4	265	504	9	240	1.13e-65	212
WP_056844980.1	iNF517.LLMG_RS09720	47.8	247	119	2	258	503	7	244	1.98e-65	211
WP_056844980.1	iSSON_1240.SSON_0789	49.8	241	111	4	265	504	9	240	1.59e-65	211
WP_056844980.1	iYS854.USA300HOU_RS13040	46.8	248	122	2	258	505	2	239	2.46e-65	211
WP_056844980.1	iJN1463.PP_0283	50.2	235	111	3	256	486	6	238	2.09e-64	209
WP_056844980.1	iPC815.YPO2612	48.8	240	113	3	265	503	10	240	1.31e-64	209
WP_056844980.1	iNF517.LLMG_RS09915	48.6	247	117	2	258	503	6	243	3.88e-64	208
WP_056844980.1	iJN1463.PP_1068	49.8	233	108	2	263	495	19	242	6.09e-63	205
WP_056844980.1	iSF_1195.SF0629	50.9	222	99	3	265	486	9	220	3.83e-63	205
WP_056844980.1	iML1515.b0652	50.9	222	99	3	265	486	9	220	5.38e-63	205
WP_056844980.1	iSSON_1240.SSON_0606	50.9	222	99	3	265	486	9	220	5.38e-63	205
WP_056844980.1	iYO844.BSU23960	47.8	247	119	2	258	503	2	239	1.03e-62	204
WP_056844980.1	iML1515.b2306	47.4	249	125	4	258	501	6	253	4.82e-62	203
WP_056844980.1	iYL1228.KPN_00678	47.1	240	117	2	265	503	9	239	2.95e-62	203
WP_056844980.1	iSbBS512_1146.SbBS512_E2684	47.4	249	125	4	258	501	6	253	4.82e-62	203
WP_056844980.1	iSF_1195.SF2382	47.4	249	125	4	258	501	6	253	4.82e-62	203
WP_056844980.1	iSSON_1240.SSON_2364	47.4	249	125	4	258	501	6	253	4.82e-62	203
WP_056844980.1	iSDY_1059.SDY_2505	47.4	249	125	4	258	501	6	253	9.52e-62	202
WP_056844980.1	iCN718.ABAYE_RS10970	47.0	253	118	5	256	503	2	243	1.94e-61	201
WP_056844980.1	iCN718.ABAYE_RS06340	47.1	244	121	4	263	500	12	253	2.72e-61	201
WP_056844981.1	iCHOv1.100774732	29.0	131	87	4	127	252	175	304	2.77e-05	44.7
WP_056844982.1	iCN718.ABAYE_RS18215	26.6	207	147	4	10	216	31	232	1.47e-12	65.1
WP_056844983.1	iYO844.BSU26640	29.4	401	218	11	9	405	3	342	3.27e-47	165
WP_056844985.1	iYL1228.KPN_01464	60.2	374	147	1	7	380	4	375	1.38e-156	445
WP_056844987.1	iJN1463.PP_0840	83.8	260	39	3	1	258	1	259	4.43e-159	441
WP_056844990.1	iML1515.b0650	34.6	477	271	10	20	484	6	453	9.91e-68	230
WP_056844990.1	iSSON_1240.SSON_0604	34.6	474	275	10	20	484	6	453	1.38e-67	229
WP_056844990.1	iSbBS512_1146.SbBS512_E0599	34.6	477	271	10	20	484	6	453	1.92e-67	229
WP_056844990.1	STM_v1_0.STM0659	35.4	477	267	11	20	484	6	453	3.98e-67	228
WP_056844994.1	iJN1463.PP_0853	95.9	369	15	0	1	369	1	369	1.01e-253	690
WP_056844995.1	iYL1228.KPN_00645	54.6	379	170	2	4	382	10	386	1.38e-141	407
WP_056844996.1	iJN1463.PP_3846	30.1	249	162	9	16	257	1	244	4.05e-17	78.6
WP_056844996.1	iJN1463.PP_0382	30.5	262	159	11	16	262	1	254	4.35e-15	72.8
WP_056844996.1	iCHOv1.100756446	27.3	260	166	8	17	258	51	305	1.94e-14	71.6
WP_056844997.1	iJN1463.PP_1025	91.6	557	46	1	1	556	1	557	0.0	1030
WP_056844998.1	iML1515.b1856	35.8	120	70	1	152	264	288	407	4.55e-19	85.9
WP_056844998.1	iAF987.Gmet_3012	41.8	110	62	2	148	255	25	134	9.61e-19	81.6
WP_056844999.1	iJN1463.PP_0879	89.4	322	34	0	1	322	1	322	3.65e-205	563
WP_056845001.1	iJN1463.PP_0884	75.8	530	127	1	1	530	1	529	1.78e-306	837
WP_056845001.1	iJN1463.PP_0885	70.0	530	150	2	10	530	10	539	5.64e-280	770
WP_056845002.1	iJN1463.PP_0885	83.3	539	82	1	1	531	1	539	0.0	912
WP_056845003.1	iJN1463.PP_0885	70.4	534	150	1	8	533	8	541	7.90e-278	765
WP_056845003.1	iJN1463.PP_0884	64.9	507	177	1	25	531	24	529	4.99e-250	694
WP_056845005.1	iJN1463.PP_3599	94.1	303	18	0	1	303	1	303	6.21e-208	568
WP_056845006.1	iJN1463.PP_0927	78.4	449	97	0	1	449	1	449	1.71e-259	711
WP_056845007.1	iJN1463.PP_0928	63.8	343	118	1	8	344	5	347	1.84e-132	381
WP_056845009.1	iJN1463.PP_0930	90.6	481	45	0	1	481	1	481	1.30e-315	856
WP_056845010.1	iJN1463.PP_0931	86.1	483	67	0	1	483	1	483	3.62e-307	835
WP_056845013.1	iJN1463.PP_0936	61.9	194	72	1	1	194	1	192	8.92e-73	218
WP_056845017.1	iJN1463.PP_0944	83.2	458	77	0	1	458	2	459	6.83e-265	726
WP_056845019.1	iYS854.USA300HOU_RS05395	31.6	76	51	1	8	83	8	82	2.19e-09	49.3
WP_056845019.1	iYL1228.KPN_02762	35.9	78	49	1	5	82	5	81	5.79e-09	48.1
WP_056845019.1	iML1515.b2415	34.6	78	50	1	5	82	5	81	1.16e-08	47.4
WP_056845019.1	STM_v1_0.STM2431	34.6	78	50	1	5	82	5	81	1.16e-08	47.4
WP_056845019.1	iSbBS512_1146.SbBS512_E2765	34.6	78	50	1	5	82	5	81	1.16e-08	47.4
WP_056845019.1	iSDY_1059.SDY_2612	34.6	78	50	1	5	82	5	81	1.16e-08	47.4
WP_056845019.1	iSF_1195.SF2470	34.6	78	50	1	5	82	5	81	1.16e-08	47.4
WP_056845019.1	iSSON_1240.SSON_2504	34.6	78	50	1	5	82	5	81	1.16e-08	47.4
WP_056845019.1	iPC815.YPO2993	33.3	78	51	1	5	82	5	81	3.26e-08	46.2
WP_056845022.1	iJN1463.PP_0954	68.8	176	52	2	1	175	1	174	7.46e-76	224
WP_056845023.1	iJN1463.PP_0955	70.5	190	56	0	1	190	1	190	1.14e-99	285
WP_056845024.1	iJN1463.PP_0957	84.3	324	51	0	1	324	1	324	2.53e-190	526
WP_056845025.1	iJN1463.PP_0959	92.1	265	21	0	1	265	2	266	1.25e-170	471
WP_056845027.1	iJN1463.PP_0966	91.2	434	38	0	1	434	1	434	7.72e-281	764
WP_056845028.1	iJN1463.PP_0967	83.3	347	58	0	1	347	1	347	5.10e-211	580
WP_056845031.1	iEK1008.Rv0125	30.1	289	170	10	107	376	79	354	1.83e-18	85.5
WP_056845033.1	iJN1463.PP_1303	97.0	305	9	0	1	305	1	305	3.40e-222	605
WP_056845034.1	iJN1463.PP_1304	90.0	633	62	1	1	632	1	633	0.0	1118
WP_056845040.1	iJN1463.PP_1311	82.3	447	79	0	1	447	1	447	2.84e-266	728
WP_056845042.1	iCN718.ABAYE_RS12975	58.7	349	141	1	1	346	1	349	9.88e-148	420
WP_056845043.1	iJN1463.PP_1317	72.9	192	52	0	11	202	6	197	1.04e-102	294
WP_056845044.1	iJN1463.PP_1318	71.8	401	113	0	1	401	1	401	6.52e-219	605
WP_056845045.1	iJN1463.PP_1319	56.2	258	95	1	1	240	1	258	2.46e-97	284
WP_056845051.1	iJN1463.PP_1332	78.2	490	99	2	1	482	2	491	4.14e-271	744
WP_056845052.1	iJN1463.PP_1333	76.7	455	106	0	1	455	1	455	2.61e-237	655
WP_056845053.1	iJN1463.PP_1335	82.4	448	79	0	1	448	3	450	7.74e-264	722
WP_056845054.1	iJN1463.PP_1339	82.3	311	55	0	9	319	8	318	1.25e-185	513
WP_056845057.1	iPC815.YPO0565	45.5	123	67	0	1	123	1	123	4.55e-30	110
WP_056845058.1	iCN718.ABAYE_RS03570	47.0	185	95	2	1	182	1	185	7.86e-50	159
WP_056845059.1	iAF987.Gmet_3085	27.6	145	100	3	285	424	213	357	1.40e-05	48.1
WP_056845059.1	iAF987.Gmet_0043	34.7	98	45	5	577	661	178	269	2.48e-04	43.9
WP_056845061.1	iML1515.b2924	33.6	250	165	1	20	268	23	272	1.89e-42	146
WP_056845062.1	iJN1463.PP_1355	86.0	501	70	0	1	501	1	501	4.00e-301	822
WP_056845074.1	iJN1463.PP_0914	83.4	679	113	0	1	679	11	689	0.0	1111
WP_056845075.1	iPC815.YPO0918	45.4	194	104	1	5	196	5	198	8.23e-50	160
WP_056845075.1	iYL1228.KPN_03352	48.2	199	99	4	1	196	1	198	8.99e-48	155
WP_056845075.1	STM_v1_0.STM3066	47.2	195	99	4	5	196	5	198	2.55e-47	154
WP_056845075.1	iSbBS512_1146.SbBS512_E3348	46.2	199	103	4	1	196	1	198	3.61e-47	153
WP_056845075.1	iSF_1195.SF2908	46.2	199	103	4	1	196	1	198	3.61e-47	153
WP_056845075.1	iML1515.b2923	45.5	198	106	2	1	196	1	198	7.22e-47	152
WP_056845075.1	iSDY_1059.SDY_3159	46.2	199	103	4	1	196	1	198	7.22e-47	152
WP_056845075.1	iSSON_1240.SSON_3075	45.7	199	104	4	1	196	1	198	1.45e-46	152
WP_056845077.1	iLB1027_lipid.PHATRDRAFT_48864	28.2	330	211	7	4	309	25	352	4.88e-23	98.2
WP_056845077.1	iCHOv1.100764429	27.5	324	216	10	2	313	24	340	6.15e-23	97.4
WP_056845077.1	iEK1008.Rv1106c	28.5	333	218	9	2	319	16	343	2.69e-20	90.1
WP_056845079.1	iJN1463.PP_0920	84.5	349	54	0	1	349	1	349	7.19e-221	605
WP_056845080.1	STM_v1_0.STM1522	30.5	338	231	4	8	343	18	353	1.68e-36	136
WP_056845080.1	iSF_1195.SF1566	30.0	337	234	2	8	343	18	353	2.38e-35	132
WP_056845080.1	iML1515.b1528	31.9	342	221	6	8	343	18	353	6.08e-35	132
WP_056845080.1	iSbBS512_1146.SbBS512_E1677	31.9	342	221	6	8	343	18	353	6.08e-35	132
WP_056845080.1	iSSON_1240.SSON_1600	31.9	342	221	6	8	343	18	353	6.08e-35	132
WP_056845080.1	iYL1228.KPN_01628	30.3	373	253	6	8	377	18	386	1.23e-34	131
WP_056845080.1	iJN1463.PP_2647	36.5	282	173	5	3	281	24	302	7.18e-34	129
WP_056845081.1	iJN1463.PP_0922	69.9	186	56	0	1	186	1	186	5.09e-97	279
WP_056845082.1	iCN718.ABAYE_RS03025	44.7	197	108	1	44	239	55	251	8.76e-55	177
WP_056845083.1	iAF692.Mbar_A1202	24.7	336	197	16	22	329	6	313	7.72e-15	74.3
WP_056845084.1	iAF987.Gmet_3078	34.4	360	223	7	15	369	37	388	8.92e-49	169
WP_056845084.1	iJN1463.PP_5364	31.3	351	231	5	7	355	117	459	1.00e-44	160
WP_056845084.1	iJN1463.PP_3264	33.5	340	213	7	7	343	4	333	4.29e-44	157
WP_056845084.1	iYO844.BSU36590	29.0	369	250	7	5	369	114	474	1.94e-42	154
WP_056845084.1	iYL1228.KPN_00817	32.8	335	214	8	8	337	5	333	1.13e-42	153
WP_056845084.1	iYO844.BSU37240	26.8	343	243	4	12	352	139	475	6.84e-42	153
WP_056845086.1	iJN1463.PP_1367	85.9	283	40	0	1	283	1	283	2.12e-189	520
WP_056845090.1	iJN1463.PP_1376	86.6	448	60	0	1	448	1	448	4.25e-279	761
WP_056845092.1	iCN900.CD630_26780	26.9	238	126	8	7	227	8	214	2.91e-16	75.1
WP_056845092.1	iEK1008.Rv3552	25.0	240	170	4	7	244	6	237	1.02e-13	68.6
WP_056845094.1	iJN1463.PP_1378	85.5	428	62	0	1	428	1	428	2.04e-265	724
WP_056845095.1	iJN1463.PP_1379	80.8	449	86	0	6	454	2	450	4.89e-257	705
WP_056845096.1	iJN1463.PP_1383	76.0	413	95	2	10	421	9	418	1.20e-236	651
WP_056845096.1	iJN1463.PP_1173	74.7	399	97	2	23	421	18	412	1.44e-224	620
WP_056845097.1	iJN1463.PP_1384	66.9	483	160	0	1	483	1	483	7.11e-214	598
WP_056845098.1	iJN1463.PP_1385	79.9	1056	206	2	1	1056	1	1050	0.0	1622
WP_056845099.1	iJN1463.PP_1386	78.0	368	78	2	1	368	1	365	3.75e-196	545
WP_056845102.1	iYO844.BSU03070	33.3	402	263	4	12	411	12	410	7.30e-72	236
WP_056845109.1	iJN1463.PP_1400	86.6	439	59	0	1	439	1	439	2.63e-273	745
WP_056845110.1	iAF987.Gmet_1919	32.3	124	84	0	5	128	5	128	6.05e-15	75.5
WP_056845110.1	iAF987.Gmet_3476	38.8	129	77	2	4	130	11	139	4.12e-14	73.6
WP_056845110.1	iAF987.Gmet_1914	30.4	125	87	0	3	127	2	126	1.05e-13	72.4
WP_056845112.1	iJN1463.PP_1403	67.2	763	250	0	1	763	1	763	0.0	1031
WP_056845112.1	iYL1228.KPN_02568	60.5	768	295	4	1	763	1	765	0.0	931
WP_056845112.1	iML1515.b2132	59.9	768	300	4	1	763	1	765	0.0	930
WP_056845112.1	iSbBS512_1146.SbBS512_E0841	59.9	768	300	4	1	763	1	765	0.0	930
WP_056845112.1	iSSON_1240.SSON_2189	59.9	768	300	4	1	763	1	765	0.0	930
WP_056845112.1	iSDY_1059.SDY_2156	59.9	768	300	5	1	763	1	765	0.0	929
WP_056845113.1	iCN718.ABAYE_RS03665	50.4	387	185	6	9	393	20	401	1.87e-124	365
WP_056845115.1	iYO844.BSU02130	37.4	294	127	9	41	330	41	281	2.44e-45	156
WP_056845115.1	iYS854.USA300HOU_RS04760	37.1	307	132	10	41	340	57	309	5.14e-45	156
WP_056845119.1	iYL1228.KPN_01788	59.8	239	95	1	1	239	4	241	4.06e-95	278
WP_056845123.1	iAF987.Gmet_1899	46.8	235	120	2	33	267	29	258	7.53e-67	208
WP_056845123.1	iJN1463.PP_0209	46.5	245	124	4	20	260	16	257	6.06e-65	204
WP_056845123.1	iSynCJ816.SGL_RS06580	43.1	255	138	5	12	260	16	269	1.96e-60	194
WP_056845123.1	iSynCJ816.SGL_RS16585	42.4	257	143	4	1	252	10	266	6.02e-59	189
WP_056845124.1	iYO844.BSU08840	26.1	299	195	8	38	328	42	322	5.42e-22	94.4
WP_056845124.1	iCN718.ABAYE_RS19045	29.7	320	201	11	8	320	21	323	3.39e-21	92.0
WP_056845125.1	iYL1228.KPN_00313	37.9	243	143	3	11	246	29	270	1.06e-42	145
WP_056845125.1	iSSON_1240.SSON_0345	36.4	242	146	3	12	246	30	270	2.31e-41	142
WP_056845125.1	iML1515.b0367	36.0	242	147	3	12	246	30	270	6.45e-41	141
WP_056845125.1	iSF_1195.SF0251	36.4	242	146	3	12	246	30	270	9.08e-41	140
WP_056845125.1	iSbBS512_1146.SbBS512_E0280	36.0	242	147	3	12	246	30	270	1.40e-39	137
WP_056845125.1	iJN1463.PP_0231	36.5	241	146	3	12	246	35	274	6.03e-39	136
WP_056845125.1	iCN718.ABAYE_RS11220	35.4	237	146	3	16	246	49	284	3.23e-37	132
WP_056845127.1	iYS854.USA300HOU_RS09310	36.2	229	138	5	1	226	1	224	1.40e-39	135
WP_056845127.1	iCN900.CD630_04050	38.9	234	136	5	2	230	6	237	1.40e-38	133
WP_056845129.1	iCN718.ABAYE_RS10550	40.3	340	186	8	2	337	12	338	6.77e-63	205
WP_056845131.1	iJN1463.PP_1416	90.3	504	49	0	1	504	1	504	9.86e-318	863
WP_056845135.1	iJN1463.PP_1426	81.6	533	98	0	1	533	1	533	1.03e-319	871
WP_056845138.1	iCN900.CD630_32740	28.9	166	100	8	12	172	4	156	3.17e-08	54.3
WP_056845138.1	iAF692.Mbar_A1452	26.0	169	119	5	12	179	8	171	4.27e-08	53.9
WP_056845138.1	iHN637.CLJU_RS10635	27.4	164	99	7	13	170	5	154	3.05e-07	51.2
WP_056845138.1	iAF987.Gmet_2444	29.7	165	105	8	12	173	24	180	7.51e-07	50.1
WP_056845140.1	iJN1463.PP_1436	86.2	246	34	0	1	246	1	246	6.63e-152	422
WP_056845141.1	iJN1463.PP_4869	69.7	271	82	0	5	275	5	275	2.81e-123	352
WP_056845144.1	iJN1463.PP_1014	51.2	402	193	2	14	413	10	410	7.31e-143	413
WP_056845145.1	iML1515.b3003	45.3	276	149	1	5	280	17	290	2.78e-70	218
WP_056845146.1	iJN1463.PP_1179	94.3	961	53	1	1	961	1	959	0.0	1787
WP_056845147.1	iSF_1195.SF4400	28.4	183	117	6	48	221	84	261	3.39e-11	60.8
WP_056845147.1	iSbBS512_1146.SbBS512_E4909	28.4	183	117	6	48	221	84	261	4.64e-11	60.5
WP_056845147.1	iSDY_1059.SDY_4625	28.4	183	117	6	48	221	84	261	8.64e-11	59.7
WP_056845147.1	iML1515.b4367	28.4	183	117	6	48	221	84	261	1.18e-10	59.3
WP_056845147.1	iSSON_1240.SSON_4514	28.4	183	117	6	48	221	84	261	2.19e-10	58.5
WP_056845160.1	iJN1463.PP_0365	40.0	95	52	3	52	143	58	150	1.80e-06	47.8
WP_056845164.1	iJN1463.PP_0882	68.4	531	168	0	1	531	14	544	5.46e-276	760
WP_056845165.1	iJN1463.PP_1380	67.4	261	85	0	1	261	1	261	4.55e-123	350
WP_056845167.1	iJN1463.PP_1417	73.7	152	40	0	1	152	10	161	2.01e-72	214
WP_056845173.1	iJN1463.PP_4667	87.2	508	65	0	1	508	1	508	4.35e-319	867
WP_056845174.1	iJN1463.PP_4666	86.3	293	40	0	1	293	1	293	5.17e-178	492
WP_056845176.1	iYL1228.KPN_03442	63.7	193	70	0	1	193	1	193	6.14e-94	271
WP_056845176.1	iPC815.YPO0670	60.5	190	75	0	1	190	1	190	1.91e-88	257
WP_056845176.1	STM_v1_0.STM3179	60.7	191	75	0	1	191	1	191	7.51e-88	256
WP_056845176.1	iML1515.b3028	59.1	193	79	0	1	193	1	193	7.13e-86	251
WP_056845176.1	iSbBS512_1146.SbBS512_E3461	59.1	193	79	0	1	193	1	193	7.13e-86	251
WP_056845176.1	iSDY_1059.SDY_3212	58.5	193	80	0	1	193	1	193	2.04e-85	249
WP_056845176.1	iSSON_1240.SSON_3166	58.5	193	80	0	1	193	1	193	4.11e-85	249
WP_056845179.1	iEK1008.Rv1320c	41.9	62	36	0	297	358	265	326	2.54e-05	47.0
WP_056845180.1	iJN1463.PP_3602	75.0	527	131	1	1	527	1	526	1.52e-277	763
WP_056845181.1	iAF987.Gmet_0069	30.3	145	93	4	7	146	6	147	2.47e-08	54.3
WP_056845181.1	iAF987.Gmet_2999	32.1	112	73	2	3	112	7	117	1.64e-07	52.0
WP_056845182.1	iAF987.Gmet_0069	47.7	174	86	2	143	313	130	301	2.05e-41	145
WP_056845182.1	iJN1463.PP_1494	41.4	181	102	3	139	315	154	334	4.01e-37	135
WP_056845182.1	iAF987.Gmet_1298	35.0	237	137	5	100	319	117	353	8.31e-36	132
WP_056845183.1	iYL1228.KPN_02541	36.7	401	253	1	18	417	9	409	1.68e-97	298
WP_056845183.1	iYO844.BSU18540	39.1	404	241	3	14	416	1	400	2.40e-97	298
WP_056845183.1	iYL1228.KPN_02548	36.8	400	252	1	19	417	10	409	1.41e-96	296
WP_056845184.1	iAT_PLT_636.1757	22.4	434	270	10	14	431	63	445	7.35e-16	79.7
WP_056845184.1	iJN1463.PP_0612	24.3	420	245	9	17	426	2	358	6.13e-16	78.6
WP_056845184.1	iMM1415.74129	22.8	430	276	8	16	431	41	428	3.03e-15	77.8
WP_056845184.1	iAT_PLT_636.29958	22.5	436	286	8	8	431	40	435	4.02e-15	77.4
WP_056845184.1	iJN1463.PP_0323	22.5	422	263	9	19	431	34	400	2.00e-15	77.4
WP_056845184.1	iCHOv1.100759503	22.8	434	283	8	10	431	40	433	5.37e-15	77.0
WP_056845184.1	iJN1463.PP_3146	26.0	420	229	16	17	415	30	388	3.82e-15	76.6
WP_056845186.1	iAT_PLT_636.1757	24.7	438	279	7	3	432	51	445	3.48e-23	102
WP_056845187.1	iYL1228.KPN_03850	24.9	453	311	10	82	523	53	487	5.05e-34	135
WP_056845187.1	iYL1228.KPN_03899	25.4	469	305	10	94	539	64	510	1.11e-32	131
WP_056845187.1	iML1515.b3544	23.9	469	312	10	94	539	73	519	2.47e-31	127
WP_056845187.1	iSDY_1059.SDY_4567	23.9	469	312	10	94	539	73	519	2.47e-31	127
WP_056845187.1	iSF_1195.SF3579	23.9	469	312	10	94	539	73	519	2.47e-31	127
WP_056845187.1	iSSON_1240.SSON_3846	23.9	469	312	10	94	539	73	519	2.47e-31	127
WP_056845187.1	iSSON_1240.SSON_3714	24.6	448	319	10	82	523	55	489	7.47e-31	125
WP_056845187.1	iSDY_1059.SDY_3631	24.3	448	320	9	82	523	55	489	1.36e-30	125
WP_056845187.1	iML1515.b3476	24.6	448	319	10	82	523	55	489	1.84e-30	124
WP_056845187.1	iSF_1195.SF3494	24.3	448	320	10	82	523	55	489	1.84e-30	124
WP_056845187.1	iSbBS512_1146.SbBS512_E3845	24.6	448	319	10	82	523	55	489	3.35e-30	124
WP_056845187.1	iPC815.YPO4003	24.9	462	288	12	111	539	84	519	1.21e-29	122
WP_056845188.1	iLJ478.TM1064	49.1	322	159	2	7	328	5	321	6.70e-101	300
WP_056845188.1	iML1515.b0829	56.0	268	118	0	1	268	7	274	2.07e-90	282
WP_056845188.1	iSbBS512_1146.SbBS512_E2519	56.0	268	118	0	1	268	7	274	2.07e-90	282
WP_056845188.1	iSSON_1240.SSON_0811	56.9	262	113	0	7	268	2	263	6.23e-90	281
WP_056845188.1	iSDY_1059.SDY_0758	56.9	262	113	0	7	268	2	263	8.77e-90	280
WP_056845188.1	iLJ478.TM0058	46.3	328	167	4	4	328	2	323	1.87e-92	278
WP_056845188.1	iSF_1195.SF0779	56.5	262	114	0	7	268	2	263	1.35e-88	277
WP_056845188.1	iLJ478.TM1749	45.1	324	168	4	5	328	3	316	8.48e-92	276
WP_056845188.1	iYO844.BSU12950	45.8	325	167	3	4	328	2	317	2.41e-91	276
WP_056845188.1	STM_v1_0.STM3627	46.9	320	160	3	9	328	6	315	5.30e-91	275
WP_056845188.1	STM_v1_0.STM0848	54.1	268	123	0	1	268	7	274	3.79e-87	274
WP_056845188.1	iYL1228.KPN_00862	55.6	268	112	4	5	268	11	275	6.83e-87	273
WP_056845188.1	iML1515.b3541	47.1	325	152	4	9	328	6	315	6.03e-90	272
WP_056845188.1	iSF_1195.SF3576	47.1	325	152	4	9	328	6	315	6.03e-90	272
WP_056845188.1	iSSON_1240.SSON_3849	47.8	320	157	5	9	328	6	315	6.03e-90	272
WP_056845188.1	iSDY_1059.SDY_4564	47.5	320	158	5	9	328	6	315	8.54e-90	271
WP_056845189.1	iYS854.USA300HOU_RS14375	27.6	152	86	5	10	142	7	153	9.68e-06	43.9
WP_056845192.1	iJN1463.PP_2416	33.2	199	130	3	35	232	41	237	2.60e-17	81.6
WP_056845193.1	iJN1463.PP_2590	37.8	711	404	10	30	731	90	771	4.23e-144	440
WP_056845205.1	iYS854.USA300HOU_RS06130	24.9	173	127	2	120	291	105	275	6.11e-12	70.1
WP_056845207.1	iAF987.Gmet_0069	25.0	120	86	2	126	241	5	124	4.52e-06	47.4
WP_056845210.1	iJN1463.PP_5256	58.0	467	196	0	8	474	9	475	2.16e-184	523
WP_056845211.1	iAF987.Gmet_0843	29.4	272	174	9	6	271	6	265	3.40e-18	81.6
WP_056845213.1	iSDY_1059.SDY_1505	41.5	65	36	1	100	162	144	208	2.82e-05	43.1
WP_056845213.1	iML1515.b1768	37.8	90	37	3	92	162	113	202	3.69e-05	42.7
WP_056845213.1	iSbBS512_1146.SbBS512_E2023	37.8	90	37	3	92	162	113	202	3.69e-05	42.7
WP_056845213.1	iSF_1195.SF1455	37.8	90	37	3	92	162	119	208	3.82e-05	42.7
WP_056845213.1	iSSON_1240.SSON_1387	37.8	90	37	3	92	162	119	208	3.82e-05	42.7
WP_056845213.1	STM_v1_0.STM1293	39.2	79	41	2	91	162	124	202	1.71e-04	40.8
WP_056845213.1	iCN900.CD630_36320	29.8	131	79	4	14	135	2	128	3.15e-04	39.7
WP_056845216.1	iAF987.Gmet_1919	30.2	126	80	3	1	123	1	121	9.27e-07	46.6
WP_056845221.1	iJN1463.PP_0920	41.5	224	115	6	7	219	2	220	2.42e-39	142
WP_056845221.1	iJN1463.PP_2486	31.2	375	195	13	7	352	4	344	2.12e-34	130
WP_056845221.1	iJN1463.PP_3173	39.1	220	113	7	9	211	3	218	3.47e-34	129
WP_056845223.1	iJN1463.PP_3074	78.3	465	99	1	1	465	1	463	8.14e-248	683
WP_056845234.1	iJN1463.PP_4735	85.0	566	74	2	1	566	1	555	0.0	919
WP_056845240.1	iJN1463.PP_4725	90.2	266	26	0	1	266	1	266	3.16e-167	462
WP_056845241.1	iJN1463.PP_4723	95.2	1073	52	0	1	1073	4	1076	0.0	2012
WP_056845242.1	iML1515.b3590	33.5	248	149	11	341	578	2	243	1.03e-14	77.8
WP_056845242.1	iSynCJ816.SGL_RS10925	33.3	231	129	6	342	547	15	245	8.15e-14	73.9
WP_056845243.1	iYS854.USA300HOU_RS06405	36.2	304	177	7	12	301	3	303	3.63e-55	181
WP_056845243.1	iSynCJ816.SGL_RS18050	39.4	287	162	7	13	293	3	283	1.93e-52	173
WP_056845247.1	iJN1463.PP_4700	79.5	283	58	0	1	283	1	283	1.84e-158	442
WP_056845248.1	iJN1463.PP_4699	82.0	266	48	0	1	266	1	266	1.37e-149	418
WP_056845249.1	iJN1463.PP_4698	73.2	157	42	0	2	158	3	159	1.17e-79	232
WP_056845250.1	iAF987.Gmet_1919	37.3	110	65	1	1	106	2	111	4.12e-14	73.2
WP_056845250.1	iAF987.Gmet_1914	34.7	121	75	2	1	117	1	121	1.26e-13	72.4
WP_056845251.1	iAF987.Gmet_1736	37.1	264	143	5	9	260	7	259	1.74e-47	164
WP_056845251.1	iPC815.YPO2984	37.8	238	134	4	9	233	6	242	5.66e-45	158
WP_056845251.1	iML1515.b2400	37.8	238	134	4	9	233	6	242	4.26e-43	153
WP_056845251.1	iSbBS512_1146.SbBS512_E2779	37.8	238	134	4	9	233	6	242	4.26e-43	153
WP_056845251.1	iSF_1195.SF2462	37.8	238	134	4	9	233	6	242	4.26e-43	153
WP_056845251.1	iSSON_1240.SSON_2491	37.8	238	134	4	9	233	6	242	4.26e-43	153
WP_056845251.1	iIT341.HP0476	35.4	240	141	4	7	233	5	243	7.26e-43	152
WP_056845251.1	iYL1228.KPN_02750	37.0	238	136	4	9	233	6	242	3.17e-42	150
WP_056845251.1	STM_v1_0.STM2415	37.0	238	136	4	9	233	6	242	4.34e-42	150
WP_056845251.1	iSDY_1059.SDY_2600	37.0	238	136	4	9	233	6	242	1.63e-41	149
WP_056845252.1	iAF692.Mbar_A1546	35.4	376	241	2	6	381	11	384	6.80e-83	258
WP_056845252.1	iEK1008.Rv3565	37.3	378	234	2	12	387	11	387	3.11e-78	246
WP_056845256.1	iJN1463.PP_4683	83.7	774	125	1	1	774	1	773	0.0	1328
WP_056845260.1	iCHOv1.100768542	32.9	85	49	2	208	290	330	408	2.07e-05	45.8
WP_056845260.1	iMM1415.211389	32.9	85	49	2	208	290	331	409	3.63e-05	45.1
WP_056845266.1	iJN1463.PP_2998	26.5	317	208	5	1	312	1	297	1.29e-25	103
WP_056845266.1	iAF987.Gmet_2643	28.0	321	198	7	1	313	1	296	3.51e-23	97.1
WP_056845272.1	iJN1463.PP_4680	88.3	574	67	0	1	574	1	574	0.0	1029
WP_056845275.1	iJN1463.PP_4944	95.7	582	25	0	1	582	1	582	0.0	1146
WP_056845276.1	iJN1463.PP_4943	65.3	375	130	0	1	375	1	375	7.24e-162	458
WP_056845278.1	iJN1463.PP_4934	91.3	471	41	0	1	471	1	471	4.36e-303	823
WP_056845280.1	iYO844.BSU39780	33.8	213	126	7	13	219	6	209	1.74e-21	91.3
WP_056845281.1	iAF987.Gmet_1677	31.0	71	49	0	1	71	10	80	1.08e-04	43.9
WP_056845281.1	iYL1228.KPN_02647	31.7	60	41	0	1	60	1	60	2.54e-04	42.7
WP_056845282.1	iJN1463.PP_4928	77.9	421	92	1	1	421	1	420	1.21e-233	644
WP_056845284.1	iJN1463.PP_0376	88.8	375	42	0	11	385	1	375	1.04e-259	706
WP_056845286.1	iJN1463.PP_0381	43.0	803	410	13	8	807	4	761	1.26e-177	529
WP_056845288.1	iSynCJ816.SGL_RS12975	23.9	272	188	8	94	355	119	381	2.05e-08	55.5
WP_056845290.1	iJN1463.PP_1801	26.8	358	247	4	9	352	24	380	1.66e-27	111
WP_056845293.1	iEK1008.Rv3032	26.8	418	254	18	1	393	1	391	1.34e-11	65.5
WP_056845293.1	iLB1027_lipid.PHATRDRAFT_50356	32.0	150	94	5	230	376	279	423	3.87e-11	64.3
WP_056845293.1	STM_v1_0.STM3714	36.0	125	65	4	230	339	198	322	2.10e-10	61.6
WP_056845293.1	iSynCJ816.SGL_RS12975	32.2	174	108	6	208	376	212	380	3.06e-10	61.2
WP_056845293.1	iAF692.Mbar_A3140	29.7	175	106	6	230	398	181	344	8.06e-10	60.1
WP_056845294.1	iEK1008.Rv3782	25.3	198	115	7	33	225	33	202	1.86e-04	42.4
WP_056845296.1	iYO844.BSU35550	29.5	224	137	8	17	233	5	214	1.32e-15	74.7
WP_056845298.1	iAF987.Gmet_2351	28.0	332	223	5	32	353	35	360	6.66e-34	128
WP_056845300.1	iJN1463.PP_0383	86.8	560	74	0	1	560	1	560	0.0	1039
WP_056845306.1	iYO844.BSU27200	63.0	254	93	1	1	253	1	254	1.55e-112	324
WP_056845310.1	iJN1463.PP_0392	87.2	117	14	1	1	116	1	117	1.83e-68	201
WP_056845311.1	iJN1463.PP_0393	78.7	169	36	0	1	169	1	169	2.91e-97	278
WP_056845314.1	iJN1463.PP_0399	72.9	273	74	0	1	273	1	273	7.84e-152	426
WP_056845315.1	iAM_Pv461.PVX_085660	33.3	225	128	4	11	227	82	292	2.50e-32	122
WP_056845316.1	iJN1463.PP_0402	88.0	326	39	0	1	326	1	326	3.62e-206	566
WP_056845318.1	iAF692.Mbar_A1937	30.9	236	142	6	1	217	1	234	4.36e-27	106
WP_056845318.1	iAF692.Mbar_A2020	31.3	233	138	7	1	215	1	229	2.27e-25	101
WP_056845321.1	iJN1463.PP_0415	89.7	223	23	0	1	223	1	223	4.27e-146	405
WP_056845322.1	iJN1463.PP_0416	75.4	272	67	0	1	272	1	272	1.76e-148	416
WP_056845323.1	iJN1463.PP_0421	86.5	349	47	0	1	349	1	349	1.57e-208	574
WP_056845324.1	iJN1463.PP_0422	85.3	266	39	0	1	266	1	266	6.69e-155	432
WP_056845325.1	iYS854.USA300HOU_RS03080	23.4	107	78	1	63	169	56	158	2.48e-04	40.8
WP_056845326.1	iEK1008.Rv0073	34.7	72	41	2	37	107	245	311	7.58e-05	42.4
WP_056845326.1	iEK1008.Rv2564	34.7	72	41	2	37	107	245	311	2.47e-04	40.8
WP_056845328.1	iJN1463.PP_0427	86.0	215	30	0	1	215	1	215	5.56e-133	372
WP_056845329.1	iSynCJ816.SGL_RS12965	29.4	248	173	2	1	246	4	251	1.10e-24	98.6
WP_056845330.1	iJN1463.PP_0432	91.9	344	28	0	1	344	1	344	1.34e-234	639
WP_056845331.1	iJN1463.PP_0434	74.7	363	92	0	1	363	1	363	1.45e-190	530
WP_056845332.1	iML1515.b1856	34.0	344	214	7	123	464	94	426	1.55e-53	186
WP_056845333.1	iJN1463.PP_0436	89.7	399	41	0	1	399	1	399	5.87e-259	706
WP_080433820.1	iYO844.BSU03950	27.2	103	69	2	24	125	23	120	5.00e-06	43.9
WP_082223560.1	iCN900.CD630_04310	22.7	551	316	23	2	522	7	477	8.07e-17	82.8
WP_082223560.1	iYS854.USA300HOU_RS08305	28.3	219	124	7	329	520	20	232	6.27e-17	80.5
WP_082223560.1	STM_v1_0.STM1226	28.0	232	138	7	311	516	3	231	3.29e-16	80.1
WP_082223560.1	iLJ478.TM0124	33.0	200	115	6	320	506	4	197	8.05e-17	79.7
WP_082223560.1	iML1515.b1858	25.9	216	148	4	320	525	5	218	2.41e-16	78.6
WP_082223560.1	iSSON_1240.SSON_1283	25.9	216	148	4	320	525	5	218	2.41e-16	78.6
WP_082223560.1	iCN900.CD630_14890	27.6	261	163	8	1	256	1	240	8.42e-16	78.2
WP_082223560.1	iJN1463.PP_0118	25.5	192	137	3	320	506	6	196	4.85e-16	77.8
WP_082223560.1	iJN1463.PP_3802	30.8	195	118	5	334	512	29	222	5.67e-16	77.4
WP_082223560.1	iSDY_1059.SDY_1145	25.5	216	149	4	320	525	5	218	8.06e-16	77.0
WP_082223560.1	iSbBS512_1146.SbBS512_E0954	25.5	216	149	4	320	525	5	218	1.09e-15	76.6
WP_082223560.1	iSF_1195.SF1867	25.9	216	148	4	320	525	5	218	1.09e-15	76.6
WP_082223560.1	iML1515.b1917	29.1	223	128	7	319	512	3	224	1.45e-15	76.3
WP_082223560.1	iAF987.Gmet_0492	28.0	232	133	7	320	523	6	231	1.59e-15	76.3
WP_082223560.1	iCN718.ABAYE_RS05140	27.8	252	150	7	2	245	3	230	6.64e-15	75.9
WP_082223560.1	iAF692.Mbar_A2262	30.7	238	112	9	12	230	16	219	2.61e-15	75.9
WP_082223560.1	iJN1463.PP_5168	27.8	223	132	6	319	516	2	220	5.35e-15	75.9
WP_082223560.1	iSynCJ816.SGL_RS04625	28.3	205	120	5	315	496	18	218	3.42e-15	75.9
WP_082223560.1	iJN1463.PP_0225	27.9	222	130	6	320	512	2	222	2.73e-15	75.5
WP_082223560.1	iSynCJ816.SGL_RS14425	27.9	208	135	4	319	511	50	257	5.82e-15	75.1
WP_082223560.1	iAF987.Gmet_2439	32.6	215	119	6	330	523	17	226	4.99e-15	74.7
WP_082223560.1	iIT341.HP0819	24.8	210	139	5	317	507	2	211	2.71e-15	74.7
WP_082223560.1	iSynCJ816.SGL_RS10355	27.4	230	140	8	320	523	19	247	1.78e-14	74.7
WP_082223583.1	iEK1008.Rv3782	24.9	197	114	5	61	250	33	202	3.71e-08	53.9
WP_082223624.1	iJN1463.PP_0226	37.9	206	128	0	8	213	11	216	5.60e-39	133
WP_082223624.1	iML1515.b1918	36.4	206	131	0	8	213	10	215	1.57e-38	132
WP_082223624.1	iSynCJ816.SGL_RS07090	37.6	213	127	1	3	209	300	512	4.77e-32	121
WP_082484322.1	iML1515.b3662	40.8	355	210	0	8	362	32	386	8.46e-81	252
WP_082484326.1	iJN1463.PP_4055	67.6	698	226	0	18	715	15	712	0.0	1049
WP_082484363.1	STM_v1_0.STM0829	30.1	209	141	1	41	249	15	218	1.93e-19	83.6
WP_082484363.1	iJN1463.PP_0280	30.3	211	145	1	41	249	13	223	3.23e-19	83.2
WP_082484363.1	iNF517.LLMG_RS09715	27.2	206	150	0	43	248	509	714	1.38e-16	78.6
WP_082484363.1	iNF517.LLMG_RS09920	30.5	233	139	5	27	247	1	222	1.61e-17	78.6
WP_082484363.1	iSynCJ816.SGL_RS07090	31.6	177	118	2	28	204	299	472	1.22e-16	78.6
WP_082484363.1	iML1515.b0810	31.4	210	137	3	41	249	15	218	1.91e-17	78.2
WP_082484363.1	iSDY_1059.SDY_0786	31.4	210	137	3	41	249	15	218	1.91e-17	78.2
WP_082484363.1	iSF_1195.SF0761	31.4	210	137	3	41	249	15	218	1.91e-17	78.2
WP_082484363.1	iSSON_1240.SSON_0790	31.4	210	137	3	41	249	15	218	1.91e-17	78.2
WP_082484363.1	iSbBS512_1146.SbBS512_E2538	31.0	210	138	3	41	249	15	218	2.64e-17	77.8
WP_082484363.1	iYL1228.KPN_00839	30.0	210	140	3	41	249	15	218	3.66e-17	77.4
WP_082484365.1	iJN1463.PP_0226	31.3	224	143	5	1	223	1	214	5.60e-21	87.0
WP_082484365.1	iNF517.LLMG_RS09715	31.2	170	116	1	16	184	507	676	2.28e-19	85.9
WP_082484365.1	iSynCJ816.SGL_RS07090	32.0	169	109	2	19	184	313	478	2.33e-18	82.8
WP_082484365.1	iYS854.USA300HOU_RS09930	28.3	205	139	4	19	223	284	480	5.48e-18	81.6
WP_082484365.1	iML1515.b1918	32.9	158	96	3	34	187	29	180	5.94e-18	79.0
WP_082484379.1	iYL1228.KPN_00863	29.6	494	263	15	50	511	30	470	3.47e-48	174
WP_082484379.1	STM_v1_0.STM0849	28.7	492	270	14	50	511	30	470	6.50e-48	174
WP_082484379.1	iSDY_1059.SDY_0757	28.2	493	271	13	50	511	30	470	1.63e-46	170
WP_082484379.1	iSbBS512_1146.SbBS512_E2518	28.2	493	271	13	50	511	30	470	3.09e-46	169
WP_082484379.1	iML1515.b0830	28.2	493	271	13	50	511	30	470	4.26e-46	169
WP_082484379.1	iSF_1195.SF0780	28.0	493	272	13	50	511	30	470	1.12e-45	167
WP_082484379.1	iSSON_1240.SSON_0812	28.0	493	272	13	50	511	30	470	1.12e-45	167
WP_082484389.1	iJN1463.PP_4051	60.6	579	219	4	11	588	4	574	1.36e-254	710
WP_082484402.1	iAF987.Gmet_3085	39.4	584	335	6	113	689	315	886	4.68e-128	401
WP_082484402.1	iAF987.Gmet_0700	40.5	538	313	2	140	677	278	808	1.23e-127	397
WP_082484402.1	iAF987.Gmet_0987	40.8	547	310	4	135	677	238	774	1.09e-124	389
WP_082484402.1	iAF987.Gmet_2629	44.5	449	248	1	229	677	351	798	1.30e-122	384
WP_082484402.1	iAF987.Gmet_0957	44.5	445	246	1	243	686	175	619	1.57e-121	376
WP_082484402.1	iAF987.Gmet_0782	44.0	441	247	0	246	686	284	724	5.32e-115	362
WP_082484410.1	iJN1463.PP_2417	54.4	327	147	1	21	345	12	338	7.51e-95	285
WP_082484422.1	iYO844.BSU37710	26.2	225	146	7	96	303	122	343	4.84e-10	60.8
WP_082484431.1	iYS854.USA300HOU_RS01340	26.9	268	173	8	87	345	5	258	4.41e-15	76.6
WP_082484433.1	iSbBS512_1146.SbBS512_E4050	25.5	235	147	6	63	281	7	229	2.60e-16	80.5
WP_082484433.1	iSSON_1240.SSON_3782	25.5	235	147	6	63	281	7	229	2.60e-16	80.5
WP_082484435.1	iYO844.BSU35550	37.0	108	68	0	232	339	8	115	4.67e-16	79.0
WP_082484449.1	iYO844.BSU03070	22.7	383	287	5	51	428	68	446	1.64e-15	78.6
WP_082484469.1	iEK1008.Rv0134	34.1	126	78	3	30	153	10	132	1.54e-16	78.2
WP_082484469.1	iEK1008.Rv3617	37.4	107	65	2	46	151	20	125	7.63e-15	73.6
WP_082484471.1	iJN1463.PP_4217	37.6	790	446	22	51	818	48	812	3.04e-143	442
WP_082484471.1	iJN1463.PP_0669	36.3	787	455	19	53	818	49	810	6.69e-141	436
WP_082484494.1	iSynCJ816.SGL_RS06590	60.9	256	99	1	30	284	14	269	2.22e-112	325
WP_082484498.1	iJN1463.PP_4405	30.5	141	87	5	448	586	27	158	7.25e-06	48.9
WP_082484501.1	iYO844.BSU28680	28.0	508	289	15	33	534	21	457	4.88e-39	151
WP_082484526.1	iJN1463.PP_1703	62.1	1353	411	9	1	1263	1	1341	0.0	1628
WP_082484533.1	iML1515.b1485	40.8	250	146	2	55	303	31	279	7.46e-52	172
WP_082484533.1	iSSON_1240.SSON_1639	41.4	244	141	2	61	303	37	279	7.46e-52	172
WP_082484533.1	iYS854.USA300HOU_RS01060	41.5	217	126	1	89	305	159	374	3.09e-48	165
WP_082484533.1	iSbBS512_1146.SbBS512_E1748	42.5	228	125	3	77	303	53	275	4.47e-49	165
WP_082484533.1	iJN1463.PP_0880	45.3	203	111	0	101	303	88	290	1.07e-46	159
WP_082484533.1	iJN1463.PP_3344	37.8	259	161	0	53	311	14	272	1.05e-46	158
WP_082484548.1	iAF987.Gmet_0700	40.6	414	239	5	508	917	397	807	1.97e-80	278
WP_082484548.1	iAF987.Gmet_0957	34.4	497	314	7	426	918	122	610	7.34e-79	269
WP_082484548.1	iJN1463.PP_1144	36.3	433	271	3	494	923	278	708	2.39e-73	256
WP_082484548.1	iJN1463.PP_3581	36.7	441	267	5	483	917	240	674	2.61e-72	252
WP_082484548.1	iAF987.Gmet_3085	34.4	427	274	5	501	923	455	879	1.01e-70	252
WP_082484548.1	iAF987.Gmet_0782	38.2	432	256	5	492	917	288	714	1.06e-71	251
WP_082484548.1	iAF987.Gmet_2629	36.5	441	264	7	508	942	388	818	1.50e-70	250
WP_082484615.1	iMM1415.69215	28.6	77	55	0	66	142	109	185	9.76e-04	37.4
WP_082484639.1	iYO844.BSU38630	46.9	490	242	7	26	501	33	518	1.32e-147	433
WP_082484639.1	iYO844.BSU08820	45.4	471	246	7	28	490	6	473	4.67e-140	412
WP_082484639.1	iIT341.HP0875	45.5	484	253	4	33	505	13	496	7.63e-139	409
WP_082484639.1	iJN1463.PP_0481	44.8	469	252	4	28	490	5	472	1.87e-138	407
WP_082484639.1	iAF692.Mbar_A0814	45.9	486	250	9	28	503	10	492	1.14e-132	394
WP_082484641.1	iAF987.Gmet_2999	32.7	113	76	0	6	118	22	134	7.90e-12	66.6
WP_082484641.1	iAF987.Gmet_1706	31.5	108	72	1	4	111	13	118	8.35e-11	63.2
WP_082484657.1	iJN1463.PP_0227	30.0	273	166	10	7	273	6	259	5.40e-22	92.4
WP_082484657.1	iML1515.b1920	30.8	250	152	7	30	273	27	261	7.74e-22	92.0
WP_082484657.1	STM_v1_0.STM1954	29.4	252	153	8	30	273	27	261	2.60e-19	85.1
WP_082484657.1	iYL1228.KPN_00840	25.8	260	165	6	20	273	7	244	7.04e-19	83.6
WP_082484677.1	iML1515.b0376	23.2	349	233	9	29	363	28	355	1.24e-14	74.3
WP_082484678.1	iYO844.BSU03070	21.5	424	305	9	11	417	24	436	2.47e-20	93.2
WP_082484681.1	iJN1463.PP_4829	55.5	476	160	10	21	486	1	434	2.24e-143	418
WP_082484694.1	iAF987.Gmet_1238	27.0	204	114	4	81	283	46	215	2.23e-08	55.1
WP_082484695.1	iJN1463.PP_0412	37.2	349	207	6	7	350	3	344	7.70e-65	208
WP_082484695.1	iJN1463.PP_3814	40.3	325	184	8	26	349	26	341	2.80e-64	207
WP_082484729.1	STM_v1_0.STM3626	50.3	326	155	3	3	328	9	327	2.57e-105	312
WP_082484729.1	iSSON_1240.SSON_3850	49.7	326	157	3	3	328	9	327	9.37e-105	311
WP_082484729.1	iLJ478.TM1750	49.5	325	151	3	1	324	8	320	7.70e-105	311
WP_082484729.1	iML1515.b3540	49.7	326	157	3	3	328	9	327	1.33e-104	310
WP_082484729.1	iSF_1195.SF3575	49.4	326	158	3	3	328	9	327	5.34e-104	309
WP_082484729.1	iLJ478.TM1063	50.4	341	146	7	6	331	3	335	6.71e-104	309
WP_082484729.1	iPC815.YPO3999	49.4	326	158	3	3	328	30	348	1.16e-103	309
WP_082484729.1	iML1515.b1247	48.9	327	158	4	6	328	11	332	1.07e-103	308
WP_082484729.1	iSbBS512_1146.SbBS512_E1416	48.9	327	158	4	6	328	11	332	1.07e-103	308
WP_082484729.1	iSF_1195.SF1248	48.9	327	158	4	6	328	11	332	1.07e-103	308
WP_082484729.1	iYL1228.KPN_03895	49.8	325	156	3	4	328	10	327	1.67e-103	308
WP_082484729.1	iSDY_1059.SDY_1305	48.9	327	158	4	6	328	11	332	2.15e-103	307
WP_082484729.1	iSDY_1059.SDY_4563	49.4	326	158	3	3	328	9	327	3.04e-103	307
WP_082484729.1	STM_v1_0.STM1742	48.3	329	165	3	2	328	7	332	6.10e-103	306
WP_082484729.1	iYL1228.KPN_02193	47.4	331	165	4	2	328	7	332	3.47e-102	304
WP_082484729.1	iSSON_1240.SSON_1933	48.3	327	160	4	6	328	11	332	9.86e-102	303
WP_082484729.1	iLJ478.TM0057	47.9	328	155	5	6	324	3	323	6.39e-101	301
WP_082484729.1	iJN1463.PP_0878	48.6	292	148	2	33	324	26	315	8.35e-95	285
WP_082484738.1	iEK1008.Rv1715	39.4	302	161	4	5	302	3	286	9.89e-54	177
WP_082484738.1	iJN1463.PP_3282	37.5	291	160	4	13	293	11	289	3.03e-46	162
WP_082484746.1	iCN718.ABAYE_RS00975	25.8	387	200	16	1	380	1	307	4.07e-21	94.0
WP_090357912.1	iJN1463.PP_2872	70.9	292	85	0	1	292	1	292	3.85e-141	399
WP_090360605.1	iYO844.BSU03590	50.6	243	116	1	11	253	2	240	4.41e-87	258
WP_090360605.1	iCN900.CD630_21720	50.2	245	117	1	11	255	2	241	7.70e-86	255
WP_090360605.1	iML1515.b1917	53.0	247	110	2	10	254	3	245	1.30e-84	252
WP_090360605.1	iPC815.YPO2777	53.0	247	112	2	11	253	14	260	2.11e-84	252
WP_090360605.1	iML1515.b2306	54.3	243	107	3	16	254	11	253	6.58e-84	251
WP_090360605.1	iJN1463.PP_0225	53.5	243	111	1	11	253	2	242	7.93e-84	250
WP_090360605.1	iSbBS512_1146.SbBS512_E2684	54.3	243	107	3	16	254	11	253	9.33e-84	250
WP_090360605.1	iSDY_1059.SDY_2505	54.3	243	107	3	16	254	11	253	9.33e-84	250
WP_090360605.1	iSF_1195.SF2382	54.3	243	107	3	16	254	11	253	9.33e-84	250
WP_090360605.1	iSSON_1240.SSON_2364	54.3	243	107	3	16	254	11	253	9.33e-84	250
WP_090360605.1	iCN718.ABAYE_RS06340	53.9	245	109	2	13	253	9	253	2.75e-83	249
WP_090360605.1	iYO844.BSU27430	52.3	243	108	2	11	253	2	236	1.63e-83	249
WP_090360605.1	iYL1228.KPN_02696	53.9	243	108	3	16	254	11	253	3.77e-83	249
WP_090360605.1	iYS854.USA300HOU_RS13040	50.6	245	114	1	11	255	2	239	6.80e-83	248
WP_090360605.1	iYS854.USA300HOU_RS09925	52.0	246	110	2	8	253	1	238	9.33e-83	247
WP_090360605.1	STM_v1_0.STM2351	53.1	243	110	3	16	254	12	254	2.23e-82	247
WP_090360605.1	iYO844.BSU23960	52.8	246	104	2	11	254	2	237	5.00e-82	245
WP_090360605.1	iJN1463.PP_0283	50.0	250	122	1	7	253	4	253	2.48e-81	244
WP_090360605.1	iCN900.CD630_07520	51.0	243	111	2	11	253	2	236	8.16e-81	242
WP_090360605.1	iNF517.LLMG_RS09915	51.9	243	109	2	11	253	6	240	1.87e-80	241
WP_090360605.1	iYO844.BSU29340	53.9	243	107	1	11	253	2	239	8.63e-80	240
WP_090360605.1	iSynCJ816.SGL_RS08035	51.4	245	114	1	9	253	7	246	5.58e-79	238
WP_090360605.1	iJN1463.PP_4483	48.4	246	124	1	11	253	4	249	6.82e-78	235
WP_090361890.1	iAF987.Gmet_0069	39.6	222	118	5	114	327	88	301	6.53e-37	134
WP_090362272.1	iAF987.Gmet_1914	30.8	120	80	2	2	121	3	119	2.50e-13	64.7
WP_122741787.1	iJN1463.PP_3957	70.5	657	191	2	3	656	1	657	0.0	902
WP_122742938.1	iJN1463.PP_0226	81.4	221	41	0	1	221	1	221	6.17e-122	344
WP_156463097.1	iAF987.Gmet_1914	29.2	113	74	3	20	129	1	110	1.32e-07	48.9
WP_156463105.1	iEK1008.Rv2383c	28.7	230	155	7	5	231	1187	1410	1.91e-14	72.4
WP_156463115.1	iYO844.BSU39720	26.8	123	89	1	186	308	149	270	5.64e-11	62.4
WP_156463115.1	iYL1228.KPN_04677	28.5	130	84	4	184	308	149	274	8.08e-10	58.9
WP_156463123.1	iCN900.CD630_25770	38.7	248	137	7	8	246	4	245	3.85e-46	154
WP_156463123.1	iEK1008.Rv1928c	38.1	244	143	7	8	245	12	253	3.31e-40	139
WP_156463128.1	iSynCJ816.SGL_RS12695	25.7	152	100	2	126	264	21	172	8.22e-06	45.4
WP_156463130.1	iSDY_1059.SDY_2204	74.9	363	81	2	1	355	1	361	1.24e-205	567
WP_156463130.1	iSF_1195.SF2104	74.7	363	82	2	1	355	1	361	2.51e-205	566
WP_156463130.1	iSbBS512_1146.SbBS512_E1192	74.4	363	83	2	1	355	1	361	7.17e-205	565
WP_156463130.1	iML1515.b2041	74.1	363	84	2	1	355	1	361	8.35e-204	563
WP_156463130.1	STM_v1_0.STM2097	72.2	363	91	2	1	355	1	361	4.59e-201	556
WP_156463130.1	iPC815.YPO3862	76.5	344	79	1	2	343	3	346	1.17e-197	547
WP_156463130.1	STM_v1_0.STM3922	75.9	345	81	1	2	344	3	347	3.89e-196	543
WP_156463130.1	iML1515.b3788	73.6	345	89	1	2	344	3	347	1.23e-192	534
WP_156463130.1	iSSON_1240.SSON_3960	73.6	345	89	1	2	344	3	347	3.53e-192	533
WP_156463130.1	iSF_1195.SF3862	73.3	345	90	1	2	344	3	347	5.83e-191	530
WP_156463130.1	iYL1228.KPN_04288	73.5	344	89	1	3	344	6	349	2.08e-189	526
WP_156463132.1	iML1515.b3578	29.4	418	281	5	210	620	4	414	2.92e-44	163
WP_156463132.1	STM_v1_0.STM3672	27.8	418	292	4	206	620	4	414	2.72e-43	160
WP_156463132.1	iJN1463.PP_1167	28.4	408	284	5	220	624	17	419	1.27e-38	147
WP_156463139.1	iEK1008.Rv1399c	33.3	249	148	9	69	306	54	295	4.17e-20	89.0
WP_156463139.1	iEK1008.Rv0217c	33.3	225	137	6	82	303	57	271	9.40e-18	82.0
WP_156463139.1	iEK1008.Rv1400c	30.5	249	153	8	79	314	65	306	3.96e-17	80.5
WP_156463141.1	iAF692.Mbar_A3252	31.6	443	279	8	7	441	3	429	4.22e-64	213
WP_156463149.1	iSynCJ816.SGL_RS01930	42.4	309	171	3	1	306	37	341	1.52e-62	201
WP_156463149.1	iSSON_1240.SSON_0541	46.2	303	159	4	4	304	27	327	5.80e-60	194
WP_156463149.1	iSbBS512_1146.SbBS512_E0492	46.2	303	159	4	4	304	27	327	1.62e-59	193
WP_156463149.1	iSDY_1059.SDY_0521	46.2	303	159	4	4	304	27	327	1.62e-59	193
WP_156463149.1	iSF_1195.SF0504	46.2	303	159	4	4	304	31	331	1.81e-59	193
WP_156463149.1	iML1515.b0590	46.2	303	159	4	4	304	27	327	2.29e-59	192
WP_156463149.1	STM_v1_0.STM0592	45.2	303	162	4	4	304	27	327	2.04e-57	187
WP_156463149.1	iYL1228.KPN_00608	44.5	308	161	7	4	306	27	329	3.17e-56	184
WP_156463150.1	iJN1463.PP_4402	87.0	338	44	0	12	349	2	339	7.71e-225	615
WP_156463160.1	iJN1463.PP_4217	46.1	718	339	14	21	712	116	811	4.90e-202	590
WP_156463160.1	iJN1463.PP_0669	44.1	706	357	16	27	710	118	807	1.22e-187	553
WP_156463169.1	iAF987.Gmet_0043	30.3	178	116	4	165	337	92	266	1.01e-13	71.6
WP_156463182.1	iSF_1195.SF0957	40.8	130	64	3	124	240	207	336	8.87e-16	75.1
WP_156463182.1	iML1515.b0957	41.7	115	56	2	137	240	220	334	3.04e-15	73.6
WP_156463182.1	iSbBS512_1146.SbBS512_E2359	41.7	115	56	2	137	240	220	334	3.04e-15	73.6
WP_156463182.1	iSDY_1059.SDY_0930	41.7	115	56	2	137	240	224	338	3.11e-15	73.6
WP_156463182.1	iSSON_1240.SSON_0961	41.7	115	56	2	137	240	220	334	3.04e-15	73.6
WP_156463182.1	iAF987.Gmet_2727	40.2	102	61	0	140	241	295	396	9.61e-15	72.4
WP_156463191.1	iML1515.b0315	44.2	52	29	0	160	211	25	76	3.61e-05	43.5
WP_156463199.1	iJN1463.PP_4882	79.8	510	103	0	5	514	10	519	6.44e-282	774
WP_156463225.1	iEK1008.Rv3273	37.7	494	283	8	6	488	27	506	1.12e-80	266
WP_156463227.1	iMM1415.22273	25.4	122	82	3	44	161	52	168	2.18e-06	49.7
WP_156463227.1	iCHOv1.100766805	23.4	171	123	3	68	233	14	181	8.15e-06	47.8
WP_156463236.1	iNF517.LLMG_RS08455	40.0	315	178	6	5	313	3	312	3.96e-65	207
WP_156463237.1	iJN1463.PP_1351	62.3	300	110	2	1	300	1	297	8.71e-120	345
WP_161804298.1	iJN1463.PP_1331	83.4	585	89	2	1	581	2	582	0.0	981
WP_161804304.1	iJN1463.PP_0833	93.3	371	25	0	1	371	1	371	1.53e-265	720
WP_162240067.1	iJN1463.PP_0914	23.5	247	188	1	147	392	438	684	6.22e-20	91.7
WP_162240067.1	iAF987.Gmet_0700	26.8	239	174	1	153	390	579	817	9.21e-20	91.3
WP_162240068.1	iJN1463.PP_0315	31.3	192	128	3	13	203	38	226	1.74e-27	111
WP_162240069.1	iML1515.b0315	47.9	48	25	0	153	200	25	72	3.36e-05	43.5
WP_162240074.1	iCN718.ABAYE_RS11415	45.1	284	153	2	3	286	8	288	5.28e-79	241
WP_162240074.1	iIT341.HP1172	46.3	244	130	1	43	286	35	277	2.10e-70	218
WP_162240075.1	iJN1463.PP_1675	80.1	297	59	0	1	297	11	307	7.94e-176	487
WP_162240087.1	iYS854.USA300HOU_RS07985	39.9	173	90	3	12	182	67	227	5.89e-32	115
WP_162240087.1	iCN900.CD630_20500	34.7	173	99	3	12	182	64	224	9.95e-28	103
WP_162240092.1	iJN1463.PP_5178	89.4	292	31	0	2	293	15	306	1.05e-188	520
WP_162240093.1	iJN1463.PP_5197	81.2	404	76	0	1	404	3	406	2.85e-235	646
WP_162240095.1	iYO844.BSU35960	26.8	209	137	8	65	265	49	249	3.09e-08	53.9
WP_162240103.1	iAF987.Gmet_3031	22.8	469	312	15	53	501	58	496	6.13e-06	49.7
WP_177327936.1	iJN1463.PP_4399	79.7	413	84	0	1	413	1	413	1.88e-239	657
WP_177327953.1	iEK1008.Rv1912c	31.2	359	197	8	1	334	1	334	2.15e-36	133
WP_177327953.1	iEK1008.Rv2933	31.8	340	201	8	4	333	1461	1779	4.43e-32	126
WP_177327953.1	iEK1008.Rv3777	28.0	350	209	7	1	333	4	327	1.47e-33	125
WP_177327953.1	iJN1463.PP_0072	31.1	347	201	8	2	334	3	325	1.92e-33	125
WP_177327964.1	iJN1463.PP_1336	85.9	403	57	0	1	403	2	404	1.89e-248	679
WP_177327977.1	iYS854.USA300HOU_RS01685	23.9	238	168	5	17	252	16	242	5.25e-12	64.3
WP_177327981.1	iJN1463.PP_4758	75.0	424	106	0	2	425	21	444	6.97e-232	641
WP_177331276.1	iJN1463.PP_4193	91.4	128	11	0	1	128	1	128	2.32e-76	221
WP_177331277.1	iCN900.CD630_19470	40.6	219	130	0	7	225	10	228	3.19e-54	173
WP_177331277.1	iJN1463.PP_4210	46.3	203	108	1	23	225	23	224	7.61e-50	171
WP_177331283.1	iYO844.BSU04740	23.4	145	110	1	148	291	14	158	5.58e-06	46.2
WP_177331293.1	iJN1463.PP_3803	85.2	297	44	0	2	298	1	297	8.33e-163	454
WP_177331297.1	iML1515.b1870	53.1	241	109	1	19	259	5	241	1.14e-85	255
WP_177331298.1	iJN1463.PP_4325	81.3	251	47	0	2	252	3	253	7.66e-155	430
WP_177331300.1	iAF987.Gmet_1919	31.6	114	78	0	7	120	5	118	2.17e-10	61.6
WP_177331300.1	iAF987.Gmet_1914	31.7	101	69	0	6	106	3	103	1.27e-09	59.7
WP_177331302.1	STM_v1_0.STM3134	32.7	395	240	6	10	387	5	390	1.01e-55	189
WP_177331308.1	iJN1463.PP_0229	87.3	653	83	0	1	653	15	667	0.0	1157
WP_177331309.1	iJN1463.PP_5328	80.6	676	131	0	2	677	87	762	0.0	1080
WP_177331311.1	iJN1463.PP_1024	74.5	231	56	1	1	228	3	233	1.67e-119	339
WP_177331312.1	iJN1463.PP_1377	87.0	400	52	0	2	401	1	400	1.60e-243	667
WP_197979193.1	iJN1463.PP_4897	79.4	476	91	1	5	473	1	476	1.04e-260	716
WP_201777941.1	iCN900.CD630_07520	56.7	245	101	1	1	245	1	240	5.62e-90	265
WP_201777941.1	iYO844.BSU23960	57.6	245	99	1	1	245	1	240	1.30e-88	262
WP_201777941.1	iYS854.USA300HOU_RS09925	55.5	245	104	1	1	245	3	242	3.97e-88	261
WP_201777941.1	iYO844.BSU27430	52.8	246	111	1	1	246	1	241	8.63e-85	252
WP_201777941.1	iYO844.BSU03590	49.2	246	124	1	1	246	1	245	3.33e-83	248
WP_201777941.1	iJN1463.PP_0225	54.2	251	112	2	1	249	1	250	5.56e-83	248
WP_201777941.1	iYL1228.KPN_00838	54.5	246	103	2	1	244	1	239	5.33e-83	248
WP_201777941.1	iJN1463.PP_3597	52.2	245	112	1	1	245	20	259	2.91e-82	246
WP_201777941.1	iNF517.LLMG_RS09720	54.7	245	106	1	2	246	7	246	3.84e-82	246
WP_201777941.1	iNF517.LLMG_RS09915	54.7	247	103	2	1	245	5	244	3.48e-82	246
WP_201777941.1	STM_v1_0.STM0828	53.7	246	105	2	1	244	1	239	4.33e-82	245
WP_201777941.1	iPC815.YPO2514	54.5	246	103	2	1	244	1	239	4.33e-82	245
WP_201777941.1	iML1515.b1917	54.1	246	110	2	2	245	4	248	3.43e-81	243
WP_201777941.1	iYL1228.KPN_00678	53.1	245	110	1	1	245	1	240	5.14e-81	243
WP_201777941.1	iSSON_1240.SSON_0789	53.3	246	106	2	1	244	1	239	4.98e-81	243
WP_201777941.1	iML1515.b0809	53.3	246	106	2	1	244	1	239	7.06e-81	242
WP_201777941.1	iSbBS512_1146.SbBS512_E2539	53.3	246	106	2	1	244	1	239	7.06e-81	242
WP_201777941.1	iSF_1195.SF0760	53.3	246	106	2	1	244	1	239	2.01e-80	241
WP_201777941.1	iSDY_1059.SDY_0787	52.8	246	107	2	1	244	1	239	5.73e-80	240
WP_201782760.1	iEK1008.Rv3089	32.7	513	318	11	9	515	3	494	3.04e-76	248
WP_201782760.1	iEK1008.Rv0166	34.9	513	308	11	14	515	29	526	6.00e-74	244
WP_201782762.1	iEK1008.Rv1399c	38.2	280	165	4	79	351	27	305	4.46e-44	154
WP_201782763.1	iAF987.Gmet_1601	44.6	251	130	3	11	261	2	243	1.21e-51	168
WP_201782768.1	iEK1008.Rv1124	24.4	283	203	6	15	292	37	313	2.23e-15	74.7
WP_201782768.1	iEK1008.Rv0134	36.3	113	66	2	7	118	21	128	9.04e-15	72.8
WP_201782769.1	iJN1463.PP_4064	73.0	392	101	2	1	392	1	387	1.77e-202	562
WP_201782769.1	iCN718.ABAYE_RS11570	70.2	392	115	1	1	392	1	390	1.26e-198	552
WP_201782769.1	iAF987.Gmet_3289	70.1	388	111	2	4	391	5	387	1.38e-195	545
WP_201782771.1	iCN900.CD630_36320	23.2	151	114	2	4	154	3	151	3.47e-09	53.1
WP_201782771.1	iML1515.b1011	29.5	176	87	3	3	142	19	193	1.21e-08	52.4
WP_201782771.1	iSSON_1240.SSON_1030	29.5	176	87	3	3	142	33	207	1.33e-08	52.4
WP_201782771.1	iSF_1195.SF1014	37.1	89	55	1	54	142	120	207	1.60e-07	49.3
WP_201782773.1	iML1515.b0874	33.5	203	125	3	98	297	102	297	8.17e-28	108
WP_201782776.1	iMM904.YIL162W	47.1	310	150	7	38	337	29	334	1.62e-87	278
WP_236690495.1	iAF987.Gmet_2135	53.8	145	64	2	37	180	16	158	5.85e-48	154
WP_236690508.1	iEK1008.Rv0125	31.6	294	164	10	81	352	75	353	5.28e-24	102
WP_236690531.1	iAF987.Gmet_0333	24.4	373	232	11	28	370	58	410	4.93e-14	72.8
WP_236707025.1	iSDY_1059.SDY_2320	33.8	287	187	3	23	306	19	305	6.44e-42	147
WP_236707025.1	iSSON_1240.SSON_0939	32.9	292	193	3	23	311	33	324	2.10e-39	141
WP_236707025.1	iML1515.b0936	32.9	292	193	3	23	311	19	310	4.21e-39	140
WP_236707025.1	iSF_1195.SF0935	32.9	292	193	3	23	311	33	324	5.74e-39	140
WP_236707025.1	iSbBS512_1146.SbBS512_E2382	32.5	292	194	3	23	311	33	324	6.00e-38	137
WP_236707030.1	iSDY_1059.SDY_1022	22.3	750	435	35	64	730	41	725	7.23e-07	52.4
WP_236707031.1	iJN1463.PP_4755	22.0	656	412	25	71	682	175	774	2.85e-11	66.6
WP_236707032.1	STM_v1_0.STM0984	49.2	240	120	2	358	595	340	579	9.52e-67	228
WP_236707032.1	iML1515.b0914	48.8	240	121	2	358	595	340	579	4.95e-66	226
WP_236707032.1	iSbBS512_1146.SbBS512_E2410	48.8	240	121	2	358	595	340	579	4.95e-66	226
WP_236707032.1	iSDY_1059.SDY_2344	48.8	240	121	2	358	595	340	579	4.95e-66	226
WP_236707032.1	iSF_1195.SF0910	48.8	240	121	2	358	595	340	579	4.95e-66	226
WP_236707032.1	iSSON_1240.SSON_0916	48.8	240	121	2	358	595	340	579	6.89e-66	225
WP_236707032.1	iYL1228.KPN_00941	47.3	245	127	2	353	595	335	579	1.85e-65	224
WP_236707032.1	iPC815.YPO1395	47.9	261	130	4	336	591	316	575	1.34e-64	222
WP_236707032.1	iCHOv1.100682535	47.7	243	125	1	355	595	389	631	5.66e-61	219
WP_236707032.1	iMM1415.18670	47.9	242	124	1	356	595	387	628	5.64e-61	219
WP_236707032.1	iAF987.Gmet_2349	34.4	425	259	8	185	595	151	569	2.05e-62	216
WP_236707032.1	iJN1463.PP_4935	43.8	251	139	2	356	604	351	601	1.79e-58	206
WP_236707033.1	iEK1008.Rv2006	37.7	779	433	15	5	761	522	1270	4.73e-145	460
WP_236707034.1	iAF987.Gmet_1919	31.7	120	80	2	559	678	4	121	5.63e-10	61.2
WP_236707035.1	iJN1463.PP_2914	35.2	415	259	3	2	407	30	443	5.25e-83	262
WP_236707035.1	STM_v1_0.STM4290	33.9	416	263	3	2	407	29	442	1.25e-80	256
WP_236707035.1	iSF_1195.SF4112	34.4	416	261	3	2	407	29	442	2.48e-80	255
WP_236707035.1	iML1515.b4111	34.4	416	261	3	2	407	29	442	3.48e-80	255
WP_236707035.1	iSDY_1059.SDY_4102	34.4	416	261	3	2	407	29	442	3.48e-80	255
WP_236707035.1	iSSON_1240.SSON_4286	34.4	416	261	3	2	407	29	442	3.48e-80	255
WP_236707035.1	iCN718.ABAYE_RS07070	34.5	415	267	2	2	412	30	443	1.69e-79	253
WP_236707035.1	iYL1228.KPN_04503	32.9	416	267	3	2	407	15	428	8.82e-77	246
WP_236707035.1	iJN1463.PP_3666	35.9	423	249	3	2	411	29	442	6.97e-75	239
WP_236707038.1	iLJ478.TM0025	31.3	716	427	23	61	737	7	696	1.58e-83	280
WP_236707039.1	iJN1463.PP_1206	46.0	396	197	5	30	415	32	420	7.71e-120	354
WP_236707044.1	iAF692.Mbar_A3140	31.6	351	216	9	1	344	1	334	3.99e-34	130
WP_236707048.1	iAF987.Gmet_1919	36.1	83	52	1	747	829	6	87	1.00e-08	57.8
WP_236707052.1	iSSON_1240.SSON_0329	33.1	154	99	3	87	238	106	257	3.43e-13	67.0
WP_236707052.1	iML1515.b0350	32.5	154	100	3	87	238	104	255	1.18e-12	65.5
WP_236707052.1	iYL1228.KPN_02119	31.1	167	107	3	76	238	93	255	1.42e-11	62.4
WP_236707059.1	STM_v1_0.STM0593	28.2	316	193	12	29	330	56	351	3.82e-14	73.2
WP_236707059.1	iSbBS512_1146.SbBS512_E0493	25.4	374	231	13	29	378	56	405	1.64e-13	71.2
WP_236707059.1	iSSON_1240.SSON_0542	25.4	374	231	13	29	378	56	405	1.64e-13	71.2
WP_236707059.1	iML1515.b0591	25.7	315	202	10	29	330	56	351	2.19e-13	70.9
WP_236707059.1	iSDY_1059.SDY_0522	26.3	316	199	11	29	330	56	351	2.92e-13	70.5
WP_236707062.1	iAF692.Mbar_A1778	30.4	253	165	5	42	293	56	298	2.75e-26	107
WP_236707063.1	iJN1463.PP_4971	75.1	366	91	0	1	366	21	386	1.24e-204	566
WP_236707070.1	iJN1463.PP_0160	27.2	677	433	23	32	673	177	828	2.74e-51	190
WP_236707070.1	STM_v1_0.STM0364	26.4	663	421	26	21	648	49	679	2.09e-51	189
WP_236707072.1	iJN1463.PP_2123	74.5	381	97	0	1	381	26	406	1.41e-206	573
WP_236707075.1	iJN1463.PP_2590	41.5	672	376	8	111	774	109	771	3.77e-162	488
WP_236707076.1	iML1515.b3540	56.7	97	42	0	1	97	170	266	1.45e-31	112
WP_236707076.1	iSDY_1059.SDY_4563	56.7	97	42	0	1	97	170	266	1.45e-31	112
WP_236707076.1	iSF_1195.SF3575	56.7	97	42	0	1	97	170	266	1.45e-31	112
WP_236707076.1	iSSON_1240.SSON_3850	56.7	97	42	0	1	97	170	266	1.45e-31	112
WP_236707076.1	iPC815.YPO3999	56.7	97	42	0	1	97	191	287	2.99e-31	112
WP_236707076.1	iYL1228.KPN_03895	55.7	97	43	0	1	97	170	266	4.20e-31	111
WP_236707076.1	STM_v1_0.STM3626	54.6	97	44	0	1	97	170	266	5.88e-31	111
WP_236707076.1	iLJ478.TM1063	54.6	108	46	1	1	105	170	277	3.56e-29	106
WP_236707076.1	iLJ478.TM1750	51.4	105	46	1	3	102	167	271	1.12e-28	105
WP_236707076.1	STM_v1_0.STM0848	55.8	95	42	0	3	97	474	568	1.60e-27	104
WP_236707076.1	iML1515.b1247	52.6	95	45	0	3	97	175	269	3.36e-28	103
WP_236707076.1	iYL1228.KPN_00862	54.7	95	43	0	3	97	471	565	2.18e-27	103
WP_236707076.1	iSbBS512_1146.SbBS512_E1416	52.6	95	45	0	3	97	175	269	3.36e-28	103
WP_236707076.1	iSDY_1059.SDY_1305	52.6	95	45	0	3	97	175	269	3.36e-28	103
WP_236707076.1	iSF_1195.SF1248	52.6	95	45	0	3	97	175	269	3.36e-28	103
WP_236707076.1	iSSON_1240.SSON_1933	51.6	95	46	0	3	97	175	269	4.69e-28	103
WP_236707076.1	iYL1228.KPN_02193	51.6	95	46	0	3	97	175	269	9.18e-28	102
WP_236707076.1	STM_v1_0.STM1742	51.6	95	46	0	3	97	175	269	9.18e-28	102
WP_236707076.1	iJN1463.PP_0878	52.6	97	46	0	1	97	162	258	1.50e-27	102
WP_236707076.1	iML1515.b1483	53.6	97	45	0	1	97	151	247	1.69e-27	101
WP_236707076.1	iML1515.b0829	54.7	95	43	0	3	97	474	568	1.43e-26	101
WP_236707076.1	iSbBS512_1146.SbBS512_E1746	53.6	97	45	0	1	97	151	247	1.69e-27	101
WP_236707076.1	iSbBS512_1146.SbBS512_E2519	54.7	95	43	0	3	97	474	568	1.43e-26	101
WP_236707076.1	iSDY_1059.SDY_0758	54.7	95	43	0	3	97	463	557	1.41e-26	101
WP_236707076.1	iSSON_1240.SSON_1641	53.6	97	45	0	1	97	89	185	5.34e-28	101
WP_236707076.1	iSSON_1240.SSON_0811	54.7	95	43	0	3	97	463	557	1.41e-26	101
WP_236707081.1	STM_v1_0.STM3186	23.2	393	257	10	114	478	53	428	1.09e-07	53.9
WP_236707081.1	iJN1463.PP_1384	25.5	231	145	6	118	328	95	318	4.07e-06	48.9
WP_236707083.1	iCHOv1.100758590	33.3	402	240	9	44	418	46	446	6.97e-66	217
WP_236707084.1	iYO844.BSU40320	29.5	190	124	5	32	220	63	243	2.44e-09	56.6
WP_236707085.1	iYL1228.KPN_00869	36.3	353	215	7	186	531	18	367	2.01e-63	211
WP_236707085.1	iML1515.b0837	36.7	349	213	6	189	531	23	369	8.18e-63	209
WP_236707085.1	iSbBS512_1146.SbBS512_E2507	36.7	349	213	6	189	531	23	369	1.15e-62	209
WP_236707085.1	iSSON_1240.SSON_0820	36.4	349	214	6	189	531	23	369	4.40e-62	207
WP_236707094.1	iJN1463.PP_1445	74.6	429	104	1	10	433	16	444	3.65e-252	692
WP_236707097.1	iJN1463.PP_5135	26.5	245	162	7	17	253	43	277	5.20e-11	62.4
WP_236707098.1	iSynCJ816.SGL_RS11360	66.7	195	65	0	4	198	5	199	1.61e-90	264
WP_236707100.1	iAF987.Gmet_1914	37.9	95	59	0	18	112	31	125	6.98e-13	69.7
WP_236707103.1	iJN1463.PP_4293	62.7	252	90	2	3	253	12	260	6.70e-115	329
WP_236707103.1	iJN1463.PP_4291	59.4	251	98	2	4	253	14	261	2.38e-108	313
WP_236707104.1	iJN1463.PP_4639	80.0	320	58	1	6	319	1	320	7.08e-184	509
WP_236707106.1	iMM1415.28169	25.9	220	128	8	85	290	91	289	5.48e-08	53.1
WP_236707106.1	iCHOv1.100758206	32.3	130	71	3	65	194	76	188	1.31e-07	51.6
WP_236707106.1	iAT_PLT_636.10554	31.5	130	72	3	65	194	83	195	4.28e-07	50.1
WP_236707106.1	iMM1415.55979	31.5	130	72	3	65	194	76	188	4.24e-07	50.1
WP_236707106.1	iCHOv1.100763383	24.3	222	136	9	81	290	88	289	9.91e-07	49.3
WP_236707110.1	iAF987.Gmet_3085	40.5	713	381	9	401	1099	193	876	2.89e-156	488
WP_236707113.1	iYL1228.KPN_00165	36.8	693	391	18	55	725	67	734	1.68e-126	393
WP_236707113.1	iJN1463.PP_0160	36.7	700	391	15	49	725	157	827	3.70e-125	392
WP_236707113.1	iJN1463.PP_0350	35.7	700	399	16	49	725	138	809	4.64e-125	391
WP_236707113.1	STM_v1_0.STM0191	34.8	721	427	16	25	725	31	728	4.52e-120	376
WP_236707113.1	iSSON_1240.SSON_0162	35.0	686	410	14	54	725	65	728	1.25e-119	375
WP_236707113.1	iSbBS512_1146.SbBS512_E0142	35.0	686	410	14	54	725	65	728	1.76e-119	374
WP_236707113.1	iSF_1195.SF0142	35.4	709	392	18	55	725	66	746	2.81e-119	374
WP_236707113.1	iML1515.b0150	35.4	709	392	18	55	725	66	746	1.09e-118	373
WP_236707113.1	STM_v1_0.STM0364	34.5	685	396	15	59	724	50	700	6.60e-119	372
WP_236707113.1	iSDY_1059.SDY_0166	35.3	709	393	18	55	725	66	746	1.17e-117	370
WP_236707118.1	iJN1463.PP_4217	22.1	598	366	18	21	578	148	685	4.74e-19	91.7
WP_236707118.1	iJN1463.PP_2242	22.5	701	437	27	10	656	44	692	3.04e-18	89.0
WP_236707118.1	iJN1463.PP_4755	22.0	704	424	27	26	692	168	783	4.27e-18	88.6
WP_236707118.1	iJN1463.PP_0669	21.9	740	451	28	21	711	149	810	7.51e-18	87.8
WP_236707118.1	iJN1463.PP_1006	21.9	640	397	22	13	594	130	724	2.37e-17	86.3
WP_236707119.1	iYS854.USA300HOU_RS11810	30.9	110	73	2	1	107	491	600	7.26e-05	41.6
WP_236707122.1	iJN1463.PP_4217	33.7	703	401	18	42	702	133	812	2.60e-108	347
WP_236707122.1	STM_v1_0.STM1204	30.7	736	450	15	3	702	13	724	1.71e-108	345
WP_236707122.1	iSDY_1059.SDY_2048	30.9	742	442	15	5	702	15	729	1.25e-104	335
WP_236707122.1	iSSON_1240.SSON_1122	30.9	742	442	15	5	702	15	729	1.75e-104	334
WP_236707122.1	iML1515.b1102	30.7	742	443	15	5	702	15	729	4.81e-104	333
WP_236707122.1	iSbBS512_1146.SbBS512_E2222	30.6	742	444	15	5	702	15	729	6.73e-104	333
WP_236707122.1	iJN1463.PP_0669	32.6	678	421	17	47	698	139	806	1.87e-99	323
WP_236707123.1	iJN1463.PP_0120	78.7	291	61	1	3	293	13	302	1.23e-149	421
WP_236707125.1	iJN1463.PP_5288	76.0	459	110	0	16	474	5	463	5.46e-260	714
WP_236707126.1	iJN1463.PP_5317	62.1	161	61	0	3	163	22	182	3.05e-74	220
WP_236707127.1	iAF987.Gmet_0043	26.5	234	159	6	186	410	33	262	5.05e-15	76.6
WP_236707129.1	iJN1463.PP_4219	33.2	1591	932	43	3	1555	1819	3316	2.05e-211	696
WP_236707130.1	iJN1463.PP_0346	32.1	221	139	6	12	229	21	233	5.50e-23	93.2
WP_236707131.1	iPC815.YPO1083	64.5	462	163	1	10	470	16	477	4.70e-218	609
WP_236707133.1	iJN1463.PP_0883	66.2	450	150	2	9	457	11	459	1.10e-216	603
WP_236707134.1	iJN1463.PP_1110	58.2	146	60	1	1	146	87	231	1.61e-54	171
WP_236707135.1	iML1515.b2414	29.2	240	151	8	8	237	85	315	4.06e-14	70.1
WP_236707135.1	iSbBS512_1146.SbBS512_E2766	29.2	240	151	8	8	237	85	315	4.06e-14	70.1
WP_236707135.1	iSF_1195.SF2469	29.2	240	151	8	8	237	85	315	4.06e-14	70.1
WP_236707135.1	iSSON_1240.SSON_2503	29.2	240	151	8	8	237	85	315	4.06e-14	70.1
WP_236707135.1	STM_v1_0.STM2430	27.9	240	154	6	8	237	85	315	7.55e-14	69.3
WP_236707135.1	iSDY_1059.SDY_2611	29.2	240	151	8	8	237	85	315	7.55e-14	69.3
WP_236707135.1	iYL1228.KPN_02761	27.5	240	155	6	8	237	85	315	1.65e-12	65.5
WP_236707136.1	iAF987.Gmet_0043	28.1	260	154	11	435	684	151	387	6.10e-13	71.6
WP_236707137.1	iAF987.Gmet_1919	31.7	123	79	3	17	136	2	122	8.77e-11	57.8
WP_236707140.1	iLJ478.TM1724	34.3	230	151	0	1	230	9	238	1.18e-40	139
WP_236707140.1	iSynCJ816.SGL_RS07245	34.8	227	144	2	1	226	10	233	3.21e-37	130
WP_236707140.1	iAF987.Gmet_1601	34.7	219	143	0	1	219	9	227	8.74e-37	129
WP_236707141.1	iSDY_1059.SDY_2048	39.8	716	390	16	43	733	29	728	2.77e-164	491
WP_236707141.1	iSSON_1240.SSON_1122	39.7	716	391	15	43	733	29	728	3.91e-164	490
WP_236707141.1	iSbBS512_1146.SbBS512_E2222	39.4	716	393	15	43	733	29	728	1.10e-163	489
WP_236707141.1	iML1515.b1102	39.4	716	393	15	43	733	29	728	3.09e-163	488
WP_236707141.1	STM_v1_0.STM1204	39.9	699	389	16	49	733	42	723	1.03e-159	479
WP_236707141.1	iJN1463.PP_0669	40.9	705	369	17	44	725	122	801	2.64e-147	449
