WP_055755914.1	iAF987.Gmet_3345	47.0	100	52	1	1	100	1	99	4.67e-24	87.4
WP_055755914.1	iIT341.HP1270	45.5	101	54	1	1	101	1	100	1.33e-23	86.3
WP_055756311.1	iML1515.b0650	33.6	113	60	2	110	222	117	214	2.20e-05	45.8
WP_055756311.1	STM_v1_0.STM0659	32.1	109	59	2	110	208	117	220	2.93e-05	45.4
WP_055756311.1	iSbBS512_1146.SbBS512_E0599	41.8	67	39	0	110	176	117	183	3.87e-05	45.1
WP_055756311.1	iSSON_1240.SSON_0604	41.8	67	39	0	110	176	117	183	3.87e-05	45.1
WP_055756924.1	iSynCJ816.SGL_RS10925	69.7	402	114	4	1	397	1	399	2.84e-196	547
WP_055758862.1	iCN900.CD630_20730	29.7	730	447	19	59	732	42	761	4.66e-59	213
WP_055758862.1	iSSON_1240.SSON_3017	29.3	768	466	17	24	732	2	751	2.36e-55	202
WP_055758862.1	iAF987.Gmet_2136	28.1	775	485	22	13	734	3	758	3.85e-55	202
WP_055758862.1	iSF_1195.SF2868	29.1	771	474	17	19	732	10	764	1.28e-54	200
WP_055758862.1	iCN900.CD630_20990	29.1	767	470	20	15	727	1	747	1.54e-54	200
WP_055758862.1	iML1515.b2866	29.1	766	470	17	24	732	2	751	3.81e-54	199
WP_055758862.1	iCN900.CD630_20870	27.7	748	490	21	17	726	4	738	2.08e-53	196
WP_055758864.1	iML1515.b1011	31.3	179	103	4	3	166	15	188	3.85e-14	68.2
WP_055758864.1	iSSON_1240.SSON_1030	31.3	179	103	4	3	166	29	202	4.62e-14	68.2
WP_055758864.1	iSF_1195.SF1014	30.7	179	104	4	3	166	29	202	1.15e-12	64.3
WP_055758867.1	iSSON_1240.SSON_3017	29.5	750	466	21	24	723	2	738	9.59e-59	212
WP_055758867.1	iSF_1195.SF2868	29.0	754	474	20	19	723	10	751	2.11e-58	211
WP_055758867.1	iML1515.b2866	29.4	755	460	21	24	723	2	738	2.45e-58	211
WP_055758867.1	iCN900.CD630_20870	28.4	754	476	21	16	724	3	737	1.52e-51	191
WP_055758870.1	iML1515.b2867	26.4	277	144	7	5	272	6	231	2.94e-11	62.8
WP_055758870.1	iSF_1195.SF2869	26.4	277	144	7	5	272	6	231	7.21e-11	61.6
WP_055758870.1	iSSON_1240.SSON_3018	25.6	277	146	7	5	272	6	231	3.41e-09	56.6
WP_055760552.1	iML1515.b1094	67.5	77	25	0	1	77	1	77	1.34e-27	94.7
WP_055760552.1	iYL1228.KPN_01092	67.5	77	25	0	1	77	1	77	1.34e-27	94.7
WP_055760552.1	STM_v1_0.STM1196	67.5	77	25	0	1	77	1	77	1.34e-27	94.7
WP_055760552.1	iSbBS512_1146.SbBS512_E2230	67.5	77	25	0	1	77	1	77	1.34e-27	94.7
WP_055760552.1	iSDY_1059.SDY_2056	67.5	77	25	0	1	77	1	77	1.34e-27	94.7
WP_055760552.1	iSF_1195.SF1098	67.5	77	25	0	1	77	1	77	1.34e-27	94.7
WP_055760552.1	iSSON_1240.SSON_1114	67.5	77	25	0	1	77	1	77	1.34e-27	94.7
WP_055760552.1	iJN1463.PP_1915	67.5	77	25	0	1	77	1	77	1.91e-27	94.4
WP_055760552.1	iYS854.USA300HOU_RS06195	67.6	71	23	0	3	73	2	72	2.16e-26	91.7
WP_055760552.1	iPC815.YPO1600	63.6	77	28	0	1	77	1	77	1.29e-25	89.7
WP_055786574.1	iCN900.CD630_02510	28.3	219	135	5	154	360	145	353	1.93e-10	62.0
WP_055994302.1	iAF987.Gmet_2999	31.7	82	44	3	40	113	40	117	7.22e-05	40.0
WP_055994302.1	iAF987.Gmet_1919	30.0	80	54	1	36	113	31	110	9.78e-05	39.7
WP_055994302.1	iAF987.Gmet_1914	28.6	84	54	2	35	112	25	108	8.93e-04	37.0
WP_055994308.1	iJN1463.PP_4862	34.2	190	116	5	6	188	3	190	2.34e-19	84.0
WP_055994334.1	iJN1463.PP_1367	49.1	281	141	1	12	292	4	282	2.14e-90	270
WP_055994334.1	iJN1463.PP_1943	49.6	284	134	3	12	292	7	284	6.21e-88	263
WP_055994334.1	iYO844.BSU13110	50.4	280	136	2	14	292	22	299	1.27e-85	258
WP_055994334.1	iJN1463.PP_0327	46.5	282	144	2	12	291	8	284	4.74e-82	248
WP_055994337.1	iYL1228.KPN_02546	30.0	190	127	4	1	186	5	192	5.89e-22	90.9
WP_055994337.1	iSDY_1059.SDY_2057	30.6	206	128	5	4	197	6	208	8.53e-20	85.1
WP_055994337.1	iML1515.b1093	29.1	203	135	3	4	197	6	208	3.16e-19	83.6
WP_055994337.1	iSbBS512_1146.SbBS512_E2231	29.1	203	135	3	4	197	6	208	3.16e-19	83.6
WP_055994337.1	iSF_1195.SF1097	29.1	203	135	3	4	197	6	208	3.16e-19	83.6
WP_055994337.1	iSSON_1240.SSON_1113	29.1	203	135	3	4	197	6	208	3.16e-19	83.6
WP_055994337.1	iSynCJ816.SGL_RS07245	31.9	191	120	3	4	186	7	195	4.61e-19	83.2
WP_055994337.1	iML1515.b0493	30.9	249	142	7	4	238	16	248	1.72e-18	82.0
WP_055994341.1	iJN1463.PP_3970	49.4	393	190	6	1	389	1	388	2.37e-125	367
WP_055994344.1	iAF987.Gmet_0057	36.9	501	265	14	6	475	3	483	1.16e-75	245
WP_055994344.1	iYL1228.KPN_00482	38.7	491	247	19	6	475	2	459	1.87e-74	241
WP_055994344.1	iPC815.YPO3073	37.3	493	251	17	6	475	2	459	2.63e-74	241
WP_055994344.1	iYS854.USA300HOU_RS02790	34.9	479	279	14	6	471	2	460	4.20e-74	240
WP_055994344.1	iSSON_1240.SSON_0492	37.9	491	251	17	6	475	2	459	1.44e-73	239
WP_055994344.1	iSbBS512_1146.SbBS512_E0448	38.3	491	249	18	6	475	2	459	5.59e-73	237
WP_055994344.1	iSDY_1059.SDY_0278	38.3	491	249	18	6	475	2	459	7.85e-73	237
WP_055994344.1	iSF_1195.SF0457	38.3	491	249	18	6	475	2	459	3.05e-72	235
WP_055994344.1	iCN900.CD630_00520	34.3	490	275	13	6	475	1	463	3.63e-71	233
WP_055994344.1	iJN1463.PP_2905	37.2	470	264	13	6	466	2	449	8.84e-71	231
WP_055994344.1	STM_v1_0.STM0537	36.1	490	261	18	6	475	2	459	6.93e-70	229
WP_055994349.1	iJN1463.PP_1866	64.2	447	158	1	1	447	1	445	3.41e-208	582
WP_055994360.1	iLJ478.TM0800	27.8	223	145	4	25	246	28	235	4.14e-12	65.5
WP_055994380.1	iJN1463.PP_4000	55.0	422	183	3	1	417	1	420	1.10e-141	410
WP_055994380.1	iPC815.YPO1379	52.6	426	191	3	1	417	1	424	3.26e-134	392
WP_055994380.1	iSbBS512_1146.SbBS512_E2435	52.0	425	193	3	1	416	1	423	4.26e-132	386
WP_055994380.1	iSDY_1059.SDY_2368	52.0	425	193	3	1	416	1	423	8.55e-132	385
WP_055994380.1	iSF_1195.SF0852	52.0	425	193	3	1	416	1	423	8.55e-132	385
WP_055994380.1	iSSON_1240.SSON_0894	52.0	425	193	3	1	416	1	423	8.55e-132	385
WP_055994380.1	iYL1228.KPN_00925	52.0	425	193	3	1	416	1	423	1.72e-131	385
WP_055994380.1	iAF987.Gmet_3528	51.3	419	199	3	1	417	1	416	5.48e-131	383
WP_055994380.1	STM_v1_0.STM0963	52.0	425	193	3	1	416	1	423	1.96e-130	382
WP_055994383.1	iML1515.b1250	25.6	238	153	7	47	271	161	387	1.08e-08	55.8
WP_055994383.1	iSDY_1059.SDY_1308	25.6	238	153	7	47	271	161	387	1.08e-08	55.8
WP_055994383.1	iSF_1195.SF1251	25.0	236	157	8	47	271	161	387	1.08e-08	55.8
WP_055994383.1	iSSON_1240.SSON_1930	25.6	238	153	7	47	271	161	387	1.08e-08	55.8
WP_055994383.1	iSbBS512_1146.SbBS512_E1419	25.2	238	154	7	47	271	161	387	3.39e-08	54.3
WP_055994389.1	iSbBS512_1146.SbBS512_E2898	41.0	346	179	10	120	453	93	425	4.13e-56	191
WP_055994389.1	iSDY_1059.SDY_2719	41.0	346	179	10	120	453	122	454	1.56e-55	191
WP_055994389.1	iSSON_1240.SSON_2605	40.8	346	180	10	120	453	122	454	3.04e-55	190
WP_055994389.1	iML1515.b2523	40.8	346	180	10	120	453	93	425	2.21e-55	189
WP_055994389.1	iSF_1195.SF2570	40.8	346	180	10	120	453	93	425	2.21e-55	189
WP_055994389.1	STM_v1_0.STM2536	39.9	346	183	9	120	453	93	425	2.30e-54	187
WP_055994389.1	iYL1228.KPN_02855	40.8	346	180	10	120	453	93	425	6.40e-54	186
WP_055994389.1	iJN1463.PP_0980	38.1	383	209	12	89	456	125	494	7.48e-53	184
WP_055994389.1	iPC815.YPO2889	38.8	363	207	10	104	453	66	426	2.66e-53	184
WP_055994389.1	iSDY_1059.SDY_4284	41.8	323	175	7	124	440	165	480	6.10e-52	182
WP_055994389.1	iML1515.b4260	41.5	323	176	7	124	440	165	480	8.48e-52	182
WP_055994389.1	iSbBS512_1146.SbBS512_E4821	41.8	323	175	7	124	440	165	480	8.48e-52	182
WP_055994389.1	iSSON_1240.SSON_4445	41.5	323	176	7	124	440	165	480	8.48e-52	182
WP_055994389.1	iCN718.ABAYE_RS17615	50.5	218	104	3	221	436	246	461	2.12e-51	180
WP_055994389.1	iYL1228.KPN_04665	41.4	324	175	8	124	440	165	480	4.41e-51	180
WP_055994389.1	iPC815.YPO3441	43.2	322	168	10	124	436	165	480	4.41e-51	180
WP_055994389.1	STM_v1_0.STM4477	41.0	324	176	8	124	440	165	480	6.13e-51	179
WP_055994389.1	iSF_1195.SF4229	40.9	323	178	7	124	440	165	480	2.29e-50	178
WP_055994394.1	iMM904.YPL252C	45.7	105	57	0	1	105	61	165	1.32e-29	103
WP_055994397.1	iAF987.Gmet_0872	36.4	379	188	13	20	362	3	364	7.33e-45	158
WP_055994397.1	iEK1008.Rv3025c	34.7	377	207	9	21	365	3	372	5.56e-41	148
WP_055994400.1	iCHOv1.100765125	24.9	177	106	5	1	155	144	315	5.16e-04	40.0
WP_055994412.1	iEK1008.Rv2201	35.7	647	366	19	1	618	1	626	9.42e-96	307
WP_055994412.1	iAF987.Gmet_2172	34.8	679	361	19	1	620	1	656	5.60e-93	300
WP_055994412.1	iYO844.BSU30540	31.3	632	392	14	1	618	1	604	1.21e-88	288
WP_055994423.1	iJN1463.PP_4286	27.4	117	81	1	31	147	76	188	2.24e-07	50.8
WP_055994439.1	iYS854.USA300HOU_RS00640	29.9	374	243	7	37	399	21	386	2.52e-33	128
WP_055994442.1	iAF987.Gmet_2020	34.8	515	288	11	8	489	15	514	1.79e-75	246
WP_055994452.1	iML1515.b4019	59.9	900	316	12	7	894	356	1222	0.0	1010
WP_055994452.1	iSSON_1240.SSON_4190	59.9	900	316	12	7	894	356	1222	0.0	1009
WP_055994452.1	iJN1463.PP_2375	59.2	903	323	11	7	894	359	1231	0.0	1008
WP_055994452.1	iSDY_1059.SDY_4322	59.6	900	319	12	7	894	356	1222	0.0	1005
WP_055994452.1	iSF_1195.SF4085	59.6	900	319	12	7	894	356	1222	0.0	1004
WP_055994452.1	iYL1228.KPN_04399	58.8	900	326	12	7	894	356	1222	0.0	999
WP_055994452.1	iPC815.YPO3722	57.9	901	331	13	7	894	361	1226	0.0	980
WP_055994452.1	iCN718.ABAYE_RS14075	57.0	902	345	12	7	895	353	1224	0.0	979
WP_055994455.1	iCN718.ABAYE_RS14075	52.9	342	158	2	8	347	7	347	3.60e-121	377
WP_055994455.1	iSF_1195.SF4085	52.0	350	165	2	1	347	1	350	7.45e-118	368
WP_055994455.1	iML1515.b4019	52.0	350	165	2	1	347	1	350	2.02e-117	367
WP_055994455.1	iSSON_1240.SSON_4190	51.7	350	166	2	1	347	1	350	5.47e-117	365
WP_055994455.1	iJN1463.PP_2375	53.0	336	155	2	15	347	18	353	1.19e-116	365
WP_055994455.1	iSDY_1059.SDY_4322	51.1	350	168	2	1	347	1	350	3.14e-115	361
WP_055994455.1	iYL1228.KPN_04399	50.9	350	169	2	1	347	1	350	2.14e-114	358
WP_055994455.1	iPC815.YPO3722	50.4	347	169	2	6	349	11	357	6.09e-114	357
WP_055994458.1	iYL1228.KPN_04239	55.4	294	122	4	12	304	9	294	7.55e-109	318
WP_055994458.1	STM_v1_0.STM4105	54.4	294	125	3	12	304	9	294	2.56e-107	314
WP_055994458.1	iPC815.YPO0117	54.1	294	126	3	12	304	9	294	3.91e-106	311
WP_055994458.1	iML1515.b3941	54.1	294	126	3	12	304	9	294	5.93e-106	310
WP_055994458.1	iSbBS512_1146.SbBS512_E4428	54.1	294	126	3	12	304	9	294	5.93e-106	310
WP_055994458.1	iSF_1195.SF4019	54.1	294	126	3	12	304	9	294	5.93e-106	310
WP_055994458.1	iSSON_1240.SSON_4115	54.1	294	126	3	12	304	9	294	5.93e-106	310
WP_055994458.1	iSDY_1059.SDY_3776	54.1	294	126	3	12	304	9	294	1.19e-105	310
WP_055994462.1	iJN1463.PP_5011	37.4	107	61	3	152	253	72	177	1.09e-09	57.8
WP_055994471.1	iCN718.ABAYE_RS12975	30.1	342	196	6	4	310	1	334	5.51e-28	110
WP_055994471.1	iYO844.BSU09530	37.2	207	113	5	21	225	23	214	7.49e-26	104
WP_055994471.1	iYO844.BSU39780	35.1	225	124	6	9	226	6	215	9.91e-25	101
WP_055994471.1	iSF_1195.SF3047	29.2	325	208	11	3	313	12	328	3.22e-24	100
WP_055994471.1	iSSON_1240.SSON_3145	29.2	325	208	11	3	313	12	328	3.22e-24	100
WP_055994474.1	iYL1228.KPN_00920	57.7	310	119	6	1	302	18	323	6.23e-112	327
WP_055994474.1	iCN718.ABAYE_RS18170	56.3	309	124	5	1	302	8	312	5.54e-112	327
WP_055994474.1	iCN718.ABAYE_RS14635	55.3	309	127	5	1	302	8	312	7.34e-112	326
WP_055994474.1	STM_v1_0.STM0958	56.5	310	123	6	1	302	9	314	1.51e-110	323
WP_055994474.1	iSF_1195.SF0847	56.1	310	124	6	1	302	9	314	2.08e-110	323
WP_055994474.1	iSbBS512_1146.SbBS512_E2441	56.1	310	124	6	1	302	9	314	2.94e-110	322
WP_055994474.1	iML1515.b0888	56.1	310	124	6	1	302	9	314	4.17e-110	322
WP_055994474.1	iSDY_1059.SDY_2373	56.1	310	124	6	1	302	9	314	4.17e-110	322
WP_055994474.1	iSSON_1240.SSON_0889	56.1	310	124	6	1	302	9	314	4.17e-110	322
WP_055994474.1	iAF987.Gmet_3070	54.5	310	129	6	1	303	8	312	1.16e-108	318
WP_055994474.1	iPC815.YPO1374	55.0	309	128	5	1	302	9	313	1.07e-107	316
WP_055994474.1	iJN1463.PP_0786	54.7	309	128	6	1	302	9	312	9.30e-104	306
WP_055994498.1	iYL1228.KPN_03029	51.7	888	397	12	3	881	4	868	4.91e-284	808
WP_055994498.1	STM_v1_0.STM2827	51.6	888	398	12	3	881	4	868	4.10e-283	806
WP_055994498.1	iSbBS512_1146.SbBS512_E3180	51.0	888	403	11	3	881	4	868	4.68e-282	803
WP_055994498.1	iSF_1195.SF2720	51.1	888	402	11	3	881	4	868	4.68e-282	803
WP_055994498.1	iSSON_1240.SSON_2841	51.0	888	403	11	3	881	4	868	9.38e-282	802
WP_055994498.1	iSDY_1059.SDY_2893	50.9	888	404	11	3	881	4	868	2.66e-281	801
WP_055994498.1	iCN718.ABAYE_RS13005	50.3	894	415	13	1	884	1	875	2.74e-276	788
WP_055994498.1	iJN1463.PP_4474	49.1	873	413	12	6	869	5	855	2.98e-269	770
WP_055994498.1	iPC815.YPO3305	48.7	892	426	11	3	885	4	872	1.47e-264	758
WP_055994498.1	iAF987.Gmet_0201	47.1	885	450	9	5	884	4	875	1.19e-255	736
WP_055994501.1	iCN718.ABAYE_RS11110	50.7	426	199	3	3	422	4	424	1.65e-136	399
WP_055994503.1	iCHOv1.100768126	25.3	320	165	8	15	261	40	358	3.71e-21	91.7
WP_055994503.1	iMM1415.56720	25.9	320	163	8	15	261	39	357	1.76e-20	89.7
WP_055994520.1	iML1515.b2197	46.4	84	45	0	47	130	56	139	1.45e-21	84.3
WP_055994520.1	iSbBS512_1146.SbBS512_E0744	46.4	84	45	0	47	130	56	139	1.45e-21	84.3
WP_055994520.1	iSDY_1059.SDY_0881	46.4	84	45	0	47	130	56	139	1.45e-21	84.3
WP_055994520.1	iSF_1195.SF2281	46.4	84	45	0	47	130	56	139	1.45e-21	84.3
WP_055994520.1	iSSON_1240.SSON_2255	45.2	84	46	0	47	130	56	139	4.51e-20	80.5
WP_055994533.1	iAF987.Gmet_1914	41.7	103	60	0	10	112	3	105	2.41e-16	80.5
WP_055994545.1	iML1515.b1022	33.8	237	155	2	730	964	75	311	9.38e-34	135
WP_055994551.1	iAF987.Gmet_0069	39.1	87	51	1	30	114	34	120	2.76e-11	61.6
WP_055994551.1	iAF987.Gmet_1706	31.6	117	80	0	1	117	1	117	9.74e-11	60.1
WP_055994554.1	iLJ478.TM0025	30.8	730	445	19	55	748	3	708	1.15e-85	286
WP_055994563.1	iJN1463.PP_1597	54.4	386	166	5	2	378	13	397	6.23e-120	353
WP_055994563.1	iYL1228.KPN_00186	49.5	394	186	3	1	381	1	394	1.72e-113	336
WP_055994563.1	iCN718.ABAYE_RS08245	49.9	389	183	3	4	380	5	393	1.83e-112	333
WP_055994563.1	iML1515.b0173	49.6	393	185	3	1	380	1	393	2.60e-112	333
WP_055994563.1	iSbBS512_1146.SbBS512_E0166	49.6	393	185	3	1	380	1	393	2.60e-112	333
WP_055994563.1	iSSON_1240.SSON_0185	49.6	393	185	3	1	380	1	393	2.60e-112	333
WP_055994563.1	iSF_1195.SF0163	49.6	393	185	3	1	380	1	393	5.20e-112	332
WP_055994563.1	iSDY_1059.SDY_0189	49.4	393	186	3	1	380	1	393	1.48e-111	331
WP_055994563.1	STM_v1_0.STM0220	48.1	393	191	3	1	380	1	393	4.36e-108	322
WP_055994572.1	iSynCJ816.SGL_RS12175	59.8	234	94	0	6	239	3	236	8.81e-98	285
WP_055994572.1	iAF987.Gmet_1252	59.1	237	97	0	1	237	1	237	4.90e-97	283
WP_055994583.1	iEK1008.Rv0436c	41.5	234	133	4	8	240	9	239	5.37e-51	167
WP_055994586.1	iEK1008.Rv0437c	46.2	212	108	2	19	230	22	227	2.44e-50	164
WP_055994586.1	iAF987.Gmet_1263	45.9	181	84	3	54	231	46	215	2.13e-48	158
WP_055994589.1	iEK1008.Rv3339c	70.5	404	117	2	3	404	6	409	2.64e-213	591
WP_055994589.1	iCHOv1.103158535	64.6	410	138	2	3	405	43	452	1.99e-197	552
WP_055994589.1	iAT_PLT_636.3418	64.6	410	138	2	3	405	43	452	2.82e-197	552
WP_055994589.1	iMM1415.269951	64.4	410	139	2	3	405	43	452	2.82e-197	552
WP_055994592.1	iJN1463.PP_5246	35.1	556	340	7	3	550	1	543	5.46e-82	268
WP_055994592.1	iML1515.b0047	32.4	587	367	7	6	582	2	568	1.11e-78	260
WP_055994592.1	STM_v1_0.STM0086	33.5	549	345	4	6	549	2	535	1.11e-78	260
WP_055994592.1	iSF_1195.SF0044	32.4	587	367	7	6	582	2	568	1.55e-78	259
WP_055994592.1	iSbBS512_1146.SbBS512_E0041	32.4	587	367	7	6	582	2	568	3.03e-78	259
WP_055994592.1	STM_v1_0.STM3457	33.3	565	353	7	14	571	11	558	7.53e-78	257
WP_055994592.1	iSSON_1240.SSON_0055	32.2	587	368	7	6	582	2	568	1.61e-77	257
WP_055994592.1	iYL1228.KPN_00044	32.4	550	350	4	6	549	2	535	2.30e-77	256
WP_055994592.1	iYL1228.KPN_03736	32.6	565	357	7	14	571	11	558	2.13e-76	253
WP_055994592.1	iSSON_1240.SSON_3481	32.7	565	356	7	14	571	11	558	3.09e-75	250
WP_055994592.1	iML1515.b3350	32.7	565	356	7	14	571	11	558	4.31e-75	250
WP_055994592.1	iSbBS512_1146.SbBS512_E3725	32.7	565	356	7	14	571	11	558	6.01e-75	249
WP_055994595.1	iYO844.BSU24080	45.1	337	183	2	12	348	11	345	4.39e-87	266
WP_055994595.1	iJN1463.PP_4617	45.3	333	176	2	14	346	11	337	2.95e-84	258
WP_055994610.1	iSynCJ816.SGL_RS17040	27.3	333	201	16	169	483	151	460	3.42e-23	103
WP_055994619.1	iAT_PLT_636.4905	35.8	106	59	5	115	214	256	358	3.15e-04	42.7
WP_055994619.1	iMM1415.18195	35.8	106	59	5	115	214	256	358	3.15e-04	42.7
WP_055994637.1	iCN718.ABAYE_RS04045	53.0	481	221	2	15	494	13	489	1.11e-172	494
WP_055994637.1	iJN1463.PP_0930	53.5	484	213	5	15	493	3	479	6.35e-170	487
WP_055994637.1	iAF987.Gmet_0073	53.9	484	211	4	14	493	2	477	1.19e-169	486
WP_055994640.1	iAF987.Gmet_0075	52.6	483	221	4	4	485	3	478	2.83e-169	486
WP_055994640.1	iJN1463.PP_0931	51.1	487	229	5	4	489	1	479	4.77e-157	454
WP_055994640.1	iSynCJ816.SGL_RS07160	52.9	463	210	3	20	481	15	470	4.07e-153	444
WP_055994643.1	iJN1463.PP_0932	40.0	95	57	0	1	95	8	102	2.44e-20	77.8
WP_055994643.1	iCN718.ABAYE_RS04055	41.6	89	52	0	7	95	16	104	1.69e-18	73.2
WP_055994643.1	iAF987.Gmet_0076	41.1	95	56	0	1	95	1	95	1.89e-18	72.8
WP_055994651.1	iEK1008.Rv1380	54.8	301	129	4	21	315	4	303	5.44e-96	286
WP_055994651.1	iJN1463.PP_4998	50.0	316	147	7	7	317	8	317	3.87e-89	270
WP_055994651.1	iAF987.Gmet_1769	49.2	299	150	2	18	315	3	300	6.04e-88	266
WP_055994652.1	iAF987.Gmet_1770	37.0	419	237	5	3	397	1	416	2.45e-72	232
WP_055994664.1	iAF987.Gmet_1260	49.7	571	274	5	3	566	2	566	1.27e-190	546
WP_055994664.1	iYL1228.KPN_00082	49.4	575	281	5	1	568	1	572	2.49e-187	538
WP_055994664.1	iSSON_1240.SSON_0084	49.2	575	282	5	1	568	1	572	5.00e-187	538
WP_055994664.1	iML1515.b0077	49.0	575	283	5	1	568	1	572	2.85e-186	536
WP_055994664.1	iAF692.Mbar_A0218	49.1	564	275	6	2	563	6	559	6.45e-186	535
WP_055994664.1	iJN1463.PP_4680	49.0	572	280	7	5	568	5	572	1.15e-185	534
WP_055994664.1	iSDY_1059.SDY_0107	49.0	575	283	5	1	568	1	572	2.30e-185	533
WP_055994664.1	iSF_1195.SF0072	48.9	575	284	5	1	568	29	600	1.18e-184	533
WP_055994664.1	iCN718.ABAYE_RS16140	49.0	571	281	6	5	568	5	572	3.43e-182	525
WP_055994664.1	iYO844.BSU28310	47.9	560	283	5	5	563	19	570	2.05e-178	516
WP_055994664.1	iSynCJ816.SGL_RS09105	48.5	573	272	10	4	563	21	583	1.30e-172	503
WP_055994666.1	iAF987.Gmet_1261	50.9	161	77	2	10	170	2	160	1.04e-46	149
WP_055994666.1	iCN718.ABAYE_RS16135	46.3	160	84	2	10	169	2	159	7.27e-42	137
WP_055994668.1	iAF987.Gmet_1262	66.1	339	114	1	1	339	1	338	4.86e-165	463
WP_055994668.1	iJN1463.PP_4678	64.0	339	121	1	1	339	1	338	9.67e-158	444
WP_055994668.1	iCN718.ABAYE_RS16130	63.4	339	123	1	1	339	1	338	3.71e-155	438
WP_055994676.1	iJN1463.PP_1025	60.5	557	203	6	1	553	3	546	1.48e-233	654
WP_055994676.1	iYL1228.KPN_03016	53.6	556	251	3	1	553	1	552	4.32e-211	597
WP_055994679.1	iML1515.b1102	29.9	224	128	9	26	235	36	244	1.64e-11	67.8
WP_055994679.1	iSDY_1059.SDY_2048	29.9	224	128	9	26	235	36	244	1.64e-11	67.8
WP_055994679.1	iSSON_1240.SSON_1122	29.9	224	128	9	26	235	36	244	1.64e-11	67.8
WP_055994679.1	iSbBS512_1146.SbBS512_E2222	29.5	224	129	9	26	235	36	244	2.84e-11	67.0
WP_055994679.1	iJN1463.PP_4217	25.0	184	122	4	54	233	148	319	1.38e-09	61.6
WP_055994690.1	iCN900.CD630_04870	33.2	265	174	2	2	266	5	266	6.26e-42	144
WP_055994690.1	iCHOv1.100756446	34.2	266	168	3	2	265	51	311	3.35e-38	136
WP_055994690.1	iLB1027_lipid.PHATRDRAFT_15536	31.1	289	174	5	1	266	18	304	2.75e-38	136
WP_055994693.1	iJN1463.PP_5054	57.6	85	35	1	1	85	1	84	1.33e-30	102
WP_055994693.1	iPC815.YPO0066	59.0	83	33	1	1	83	1	82	1.40e-27	95.1
WP_055994693.1	STM_v1_0.STM3702	56.6	83	35	1	1	83	1	82	1.18e-26	92.8
WP_055994697.1	iYL1228.KPN_01211	43.6	117	64	1	5	121	11	125	3.57e-28	100
WP_055994702.1	iPC815.YPO1060	51.0	314	151	1	3	313	4	317	8.99e-104	306
WP_055994702.1	iAF987.Gmet_1216	51.9	310	148	1	5	314	7	315	7.05e-103	303
WP_055994702.1	iML1515.b0185	51.0	314	151	1	3	313	4	317	1.46e-102	303
WP_055994702.1	iSDY_1059.SDY_0201	51.0	314	151	1	3	313	4	317	1.46e-102	303
WP_055994702.1	iSF_1195.SF0175	51.0	314	151	1	3	313	4	317	1.46e-102	303
WP_055994702.1	iSSON_1240.SSON_0197	51.0	314	151	1	3	313	4	317	1.46e-102	303
WP_055994702.1	STM_v1_0.STM0232	50.0	314	154	1	3	313	4	317	4.16e-102	301
WP_055994702.1	iSbBS512_1146.SbBS512_E0178	50.6	314	152	1	3	313	4	317	4.78e-101	299
WP_055994702.1	iYL1228.KPN_00198	50.6	314	152	1	3	313	4	317	1.36e-100	298
WP_055994702.1	iJN1463.PP_1607	53.3	272	127	0	3	274	4	275	4.80e-100	296
WP_055994711.1	iML1515.b3389	47.0	355	181	5	4	357	4	352	1.82e-87	268
WP_055994711.1	iSSON_1240.SSON_3520	47.0	355	181	5	4	357	4	352	1.82e-87	268
WP_055994711.1	iSF_1195.SF3407	47.0	355	181	5	4	357	4	352	5.16e-87	266
WP_055994711.1	iPC815.YPO0152	45.9	362	190	4	1	361	1	357	7.29e-87	266
WP_055994711.1	iSDY_1059.SDY_3690	46.8	355	182	5	4	357	4	352	1.03e-86	266
WP_055994711.1	iSbBS512_1146.SbBS512_E3766	47.0	355	181	5	4	357	4	352	1.46e-86	265
WP_055994711.1	iYL1228.KPN_03760	46.9	352	182	3	6	357	6	352	3.09e-86	265
WP_055994711.1	iJN1463.PP_5078	46.9	371	180	7	1	366	1	359	9.00e-86	263
WP_055994711.1	STM_v1_0.STM3486	46.2	359	186	5	4	361	4	356	4.64e-85	261
WP_055994711.1	iAF987.Gmet_0978	46.1	358	186	4	1	357	1	352	6.99e-81	251
WP_055994711.1	iCN718.ABAYE_RS02015	44.1	356	190	6	1	355	1	348	1.24e-78	245
WP_055994720.1	STM_v1_0.STM3469	60.4	187	70	3	1	184	1	186	3.10e-74	221
WP_055994720.1	iSDY_1059.SDY_3522	59.7	186	71	3	1	183	1	185	1.78e-73	219
WP_055994720.1	iML1515.b3360	59.7	186	71	3	1	183	1	185	2.53e-73	219
WP_055994720.1	iSbBS512_1146.SbBS512_E3736	59.7	186	71	3	1	183	1	185	2.53e-73	219
WP_055994720.1	iSF_1195.SF3379	59.7	186	71	3	1	183	1	185	3.59e-73	218
WP_055994720.1	iSSON_1240.SSON_3491	59.7	186	71	3	1	183	1	185	3.59e-73	218
WP_055994720.1	iJN1463.PP_0420	57.4	195	74	4	1	187	1	194	1.55e-69	209
WP_055994720.1	iAF987.Gmet_2496	57.8	187	75	3	1	184	1	186	4.84e-69	208
WP_055994720.1	iYL1228.KPN_03746	57.2	187	76	3	1	184	1	186	6.43e-69	207
WP_055994720.1	iYO844.BSU00750	55.6	187	79	3	1	184	1	186	1.76e-65	199
WP_055994723.1	iHN637.CLJU_RS07885	42.6	317	179	2	14	327	15	331	2.41e-65	209
WP_055994723.1	iAF987.Gmet_2495	43.0	321	164	3	26	328	27	346	4.27e-63	203
WP_055994723.1	iAF692.Mbar_A3624	42.2	308	172	4	14	317	14	319	2.59e-62	202
WP_055994723.1	iEK1008.Rv2192c	40.7	329	180	5	14	329	40	366	3.18e-61	199
WP_055994723.1	iSynCJ816.SGL_RS07485	40.1	327	182	5	14	329	22	345	1.08e-59	194
WP_055994726.1	iJN1463.PP_0422	54.8	248	108	3	2	245	5	252	1.19e-76	233
WP_055994726.1	iCN718.ABAYE_RS06030	50.6	259	124	3	2	258	7	263	1.17e-74	228
WP_055994726.1	iAF987.Gmet_2494	49.2	260	128	2	3	258	7	266	2.42e-68	211
WP_055994729.1	iJN1463.PP_1292	62.9	151	55	1	3	152	2	152	4.88e-54	167
WP_055994729.1	iEK1008.Rv3111	56.1	155	67	1	1	154	6	160	1.09e-48	154
WP_055994729.1	iML1515.b0783	58.6	152	61	1	3	152	4	155	3.34e-48	152
WP_055994729.1	iSbBS512_1146.SbBS512_E2569	58.6	152	61	1	3	152	4	155	3.34e-48	152
WP_055994729.1	iSDY_1059.SDY_0823	58.6	152	61	1	3	152	4	155	3.34e-48	152
WP_055994729.1	iSF_1195.SF0733	58.6	152	61	1	3	152	4	155	3.34e-48	152
WP_055994729.1	iSSON_1240.SSON_0762	57.9	152	62	1	3	152	4	155	1.35e-47	151
WP_055994732.1	iJN1463.PP_2123	38.5	377	219	6	3	371	13	384	1.49e-63	208
WP_055994732.1	iSbBS512_1146.SbBS512_E2521	37.4	380	224	8	20	388	25	401	9.51e-62	204
WP_055994732.1	iSSON_1240.SSON_0809	37.4	380	224	8	20	388	25	401	9.51e-62	204
WP_055994732.1	iML1515.b0827	38.2	364	211	8	20	372	25	385	5.20e-61	202
WP_055994732.1	iSF_1195.SF0777	37.9	364	212	8	20	372	25	385	1.44e-60	201
WP_055994732.1	iSDY_1059.SDY_0760	37.4	364	214	8	20	372	25	385	3.06e-59	197
WP_055994738.1	iLJ478.TM0070	34.2	284	160	10	64	344	53	312	3.92e-43	153
WP_055994757.1	iJN1463.PP_2215	63.1	390	144	0	2	391	5	394	4.22e-161	457
WP_055994757.1	iCN718.ABAYE_RS09825	57.2	388	165	1	5	392	4	390	6.52e-144	414
WP_055994760.1	iCN718.ABAYE_RS04780	45.1	754	403	4	12	756	22	773	5.97e-225	650
WP_055994763.1	iEK1008.Rv2899c	39.4	246	129	5	27	256	25	266	4.83e-36	129
WP_055994766.1	iSF_1195.SF3928	32.8	195	110	7	1	178	4	194	2.19e-18	78.2
WP_055994766.1	iSbBS512_1146.SbBS512_E4329	32.8	195	110	7	1	178	4	194	4.29e-18	77.4
WP_055994766.1	iSDY_1059.SDY_3888	32.3	195	111	7	1	178	4	194	1.18e-17	76.3
WP_055994766.1	iML1515.b3857	32.3	195	111	7	1	178	4	194	1.65e-17	75.9
WP_055994766.1	iSSON_1240.SSON_4029	31.8	195	112	7	1	178	4	194	2.41e-16	72.8
WP_055994781.1	iAF987.Gmet_0069	41.7	120	65	4	549	666	3	119	2.04e-15	77.4
WP_055994784.1	iAF987.Gmet_0069	26.9	119	85	1	6	122	5	123	2.41e-06	49.3
WP_055994784.1	iJN1463.PP_1494	27.1	118	85	1	2	118	16	133	1.90e-05	46.6
WP_055994787.1	iAF987.Gmet_3476	40.8	120	69	2	11	128	13	132	4.64e-17	83.6
WP_055994800.1	iEK1008.Rv2438c	58.9	677	276	2	6	682	3	677	4.59e-271	759
WP_055994817.1	iEK1008.Rv3913	34.2	313	176	12	14	307	16	317	2.06e-28	111
WP_055994817.1	iNF517.LLMG_RS08000	30.6	304	185	10	11	298	4	297	3.36e-26	105
WP_055994832.1	iAF987.Gmet_0700	38.8	438	263	2	92	525	384	820	2.07e-87	286
WP_055994832.1	iAF987.Gmet_2629	38.0	437	261	4	92	522	375	807	5.86e-86	283
WP_055994832.1	iAF987.Gmet_0957	38.8	441	259	5	80	512	172	609	1.73e-86	280
WP_055994832.1	iAF987.Gmet_3085	35.1	433	275	3	96	523	453	884	1.23e-81	273
WP_055994832.1	iYL1228.KPN_02455	38.3	407	248	3	106	512	188	591	1.87e-81	265
WP_055994832.1	iAF987.Gmet_0987	37.3	426	262	2	92	513	350	774	4.05e-78	261
WP_055994843.1	iYO844.BSU25020	56.3	206	80	4	1	201	1	201	9.26e-77	228
WP_055994843.1	iYS854.USA300HOU_RS08290	54.4	204	82	5	1	200	1	197	1.22e-71	215
WP_055994843.1	iPC815.YPO4061	49.3	207	98	3	1	201	1	206	6.94e-68	206
WP_055994865.1	iSSON_1240.SSON_1477	32.2	118	80	0	17	134	21	138	5.79e-17	71.6
WP_055994865.1	iML1515.b1679	31.4	118	81	0	17	134	21	138	1.15e-16	70.9
WP_055994865.1	iSDY_1059.SDY_1910	31.4	118	81	0	17	134	21	138	1.62e-16	70.5
WP_055994865.1	iSbBS512_1146.SbBS512_E1880	31.4	118	81	0	17	134	21	138	3.22e-16	69.7
WP_055994865.1	iJN1463.PP_1528	33.6	113	74	1	19	131	23	134	1.71e-15	67.8
WP_055994865.1	iSF_1195.SF1708	30.5	118	82	0	17	134	21	138	7.03e-15	66.2
WP_055994877.1	iML1515.b0867	42.6	230	103	8	16	219	44	270	2.15e-42	144
WP_055994883.1	iAF987.Gmet_0069	30.5	118	80	2	2	117	3	120	2.51e-10	55.8
WP_055994883.1	iAF987.Gmet_1706	24.1	112	83	1	5	116	4	113	5.84e-09	52.0
WP_055994894.1	iYS854.USA300HOU_RS06015	45.8	310	155	5	5	313	1	298	2.54e-82	251
WP_055994894.1	iNF517.LLMG_RS07670	47.5	305	148	6	11	315	5	297	9.31e-79	241
WP_055994894.1	iCN900.CD630_25960	43.4	304	162	3	9	312	6	299	3.18e-77	238
WP_055994894.1	iSbBS512_1146.SbBS512_E2975	46.2	312	154	8	8	313	7	310	4.62e-74	230
WP_055994894.1	iSF_1195.SF2653	45.8	312	155	8	8	313	7	310	5.21e-73	228
WP_055994894.1	iSSON_1240.SSON_2720	45.8	312	155	8	8	313	7	310	5.21e-73	228
WP_055994913.1	iYL1228.KPN_02373	32.5	203	115	6	309	499	4	196	1.61e-21	94.0
WP_055994913.1	iPC815.YPO2060	31.5	232	139	7	307	525	2	226	1.68e-21	94.0
WP_055994913.1	iSDY_1059.SDY_1145	33.0	197	120	6	309	498	4	195	4.11e-21	92.8
WP_055994913.1	iSF_1195.SF1867	33.0	197	120	6	309	498	4	195	4.11e-21	92.8
WP_055994913.1	iML1515.b1858	33.0	197	120	6	309	498	4	195	5.57e-21	92.4
WP_055994913.1	iSSON_1240.SSON_1283	33.0	197	120	6	309	498	4	195	5.57e-21	92.4
WP_055994913.1	iSbBS512_1146.SbBS512_E0954	32.5	197	121	6	309	498	4	195	2.55e-20	90.5
WP_055994913.1	iSynCJ816.SGL_RS14425	31.0	210	126	6	307	500	48	254	1.14e-19	89.4
WP_055994913.1	iSynCJ816.SGL_RS04625	30.2	199	120	4	303	483	16	213	1.68e-19	89.0
WP_055994913.1	iML1515.b0933	31.7	199	127	3	310	500	12	209	5.70e-19	86.7
WP_055994913.1	iSSON_1240.SSON_0936	31.7	199	127	3	310	500	12	209	5.70e-19	86.7
WP_055994913.1	iJN1463.PP_0118	31.3	195	126	5	309	498	5	196	1.08e-18	85.9
WP_055994913.1	iPC815.YPO3907	23.2	539	300	13	1	497	4	470	1.59e-17	85.5
WP_055994919.1	iEK1008.Rv3560c	35.6	396	233	9	1	390	1	380	4.50e-63	206
WP_055994919.1	iEK1008.Rv1934c	34.2	412	222	7	6	390	11	400	6.95e-61	201
WP_055994922.1	iAF987.Gmet_2198	30.6	376	252	6	5	374	5	377	9.46e-48	166
WP_055994928.1	iLJ478.TM1724	41.6	250	138	4	2	249	1	244	1.84e-44	150
WP_055994928.1	iHN637.CLJU_RS20765	39.3	247	139	5	7	249	7	246	2.62e-41	142
WP_055994928.1	iAF987.Gmet_1601	42.6	251	134	5	2	249	1	244	3.50e-41	141
WP_055994940.1	iEK1008.Rv1058	40.6	544	281	12	1	519	5	531	2.42e-132	395
WP_055994950.1	iCN900.CD630_19470	36.5	219	139	0	6	224	10	228	4.76e-50	162
WP_055994950.1	iJN1463.PP_4210	40.9	225	131	2	1	224	1	224	6.29e-46	160
WP_055994959.1	STM_v1_0.STM2953	57.4	542	220	5	3	542	4	536	3.19e-215	607
WP_055994959.1	iJN1463.PP_1610	58.3	547	217	5	1	545	1	538	8.19e-215	606
WP_055994959.1	iYL1228.KPN_03124	57.2	542	221	5	3	542	4	536	1.05e-213	603
WP_055994959.1	iPC815.YPO3377	56.3	542	226	5	3	542	4	536	1.21e-212	600
WP_055994959.1	iAF987.Gmet_1276	55.3	544	224	7	3	544	4	530	1.78e-210	595
WP_055994959.1	iML1515.b2780	56.6	542	224	5	3	542	4	536	4.57e-210	594
WP_055994959.1	iSbBS512_1146.SbBS512_E3093	56.6	542	224	5	3	542	4	536	4.57e-210	594
WP_055994959.1	iSDY_1059.SDY_2997	56.6	542	224	5	3	542	4	536	4.57e-210	594
WP_055994959.1	iSF_1195.SF2795	56.6	542	224	5	3	542	4	536	4.57e-210	594
WP_055994959.1	iSSON_1240.SSON_2937	56.6	542	224	5	3	542	4	536	4.57e-210	594
WP_055994959.1	iCN718.ABAYE_RS08660	53.6	548	243	5	1	545	1	540	7.49e-204	578
WP_055994959.1	iSynCJ816.SGL_RS10805	50.5	550	248	6	1	545	1	531	4.39e-192	548
WP_055994959.1	iYO844.BSU37150	51.4	547	246	6	1	544	1	530	4.92e-192	548
WP_055994959.1	iHN637.CLJU_RS01075	53.5	542	236	6	3	543	4	530	4.75e-192	548
WP_055994971.1	iJN1463.PP_3633	48.4	308	153	3	5	306	6	313	7.00e-90	270
WP_055994974.1	iJN1463.PP_5351	50.6	480	227	5	9	485	12	484	6.10e-159	459
WP_055994974.1	iJN1463.PP_1022	49.2	482	228	7	11	484	13	485	1.32e-148	433
WP_055994974.1	iYL1228.KPN_02367	47.7	480	247	3	9	486	12	489	2.61e-146	427
WP_055994974.1	iPC815.YPO2066	48.8	480	242	3	9	486	12	489	1.48e-145	425
WP_055994974.1	STM_v1_0.STM1886	47.1	480	250	3	9	486	12	489	2.73e-143	419
WP_055994974.1	iML1515.b1852	47.3	480	249	3	9	486	12	489	4.40e-142	416
WP_055994974.1	iSDY_1059.SDY_1138	47.3	480	249	3	9	486	12	489	4.40e-142	416
WP_055994974.1	iSbBS512_1146.SbBS512_E2127	47.3	480	249	3	9	486	12	489	1.25e-141	415
WP_055994974.1	iSSON_1240.SSON_1296	47.3	480	249	3	9	486	12	489	1.25e-141	415
WP_055994974.1	iSF_1195.SF1862	47.3	480	249	3	9	486	12	489	1.77e-141	415
WP_055994977.1	iJN1463.PP_1023	37.5	232	120	9	14	232	21	240	6.54e-30	111
WP_055994980.1	iJN1463.PP_1010	58.4	596	246	2	10	603	8	603	1.69e-245	689
WP_055994980.1	iCN718.ABAYE_RS16325	56.6	599	256	2	4	598	5	603	2.52e-237	668
WP_055994980.1	iML1515.b1851	54.9	597	266	3	3	596	1	597	2.37e-229	647
WP_055994980.1	iSbBS512_1146.SbBS512_E2126	54.9	597	266	3	3	596	1	597	6.76e-229	646
WP_055994980.1	iSDY_1059.SDY_1137	54.8	597	267	3	3	596	1	597	9.58e-229	646
WP_055994980.1	iSF_1195.SF1861	54.8	597	267	3	3	596	1	597	1.36e-228	645
WP_055994980.1	iYL1228.KPN_02366	55.1	590	262	3	10	596	4	593	6.76e-228	644
WP_055994980.1	iSSON_1240.SSON_1297	54.6	597	268	3	3	596	1	597	1.10e-227	643
WP_055994980.1	STM_v1_0.STM1885	53.9	597	272	3	3	596	1	597	1.80e-226	640
WP_055994980.1	iPC815.YPO2533	53.7	620	262	6	1	596	1	619	2.91e-223	633
WP_055994983.1	iPC815.YPO2977	36.5	315	191	7	7	319	9	316	1.10e-49	167
WP_055994983.1	STM_v1_0.STM2403	34.2	310	195	5	7	314	9	311	5.54e-45	155
WP_055994983.1	iSSON_1240.SSON_2480	33.5	310	197	5	7	314	9	311	1.53e-44	154
WP_055994983.1	iML1515.b2388	33.5	310	197	5	7	314	9	311	3.02e-44	153
WP_055994983.1	iSbBS512_1146.SbBS512_E2757	33.5	310	197	5	7	314	9	311	3.02e-44	153
WP_055994983.1	iSF_1195.SF2454	33.5	310	197	5	7	314	9	311	4.24e-44	153
WP_055994983.1	iYL1228.KPN_02738	33.2	310	198	5	7	314	9	311	1.17e-43	152
WP_055994986.1	iML1515.b1850	53.1	179	83	1	8	185	11	189	1.52e-60	187
WP_055994986.1	iSbBS512_1146.SbBS512_E2125	53.1	179	83	1	8	185	11	189	1.52e-60	187
WP_055994986.1	iSF_1195.SF1860	53.1	179	83	1	8	185	11	189	1.52e-60	187
WP_055994986.1	iSSON_1240.SSON_1298	53.1	179	83	1	8	185	11	189	1.52e-60	187
WP_055994986.1	STM_v1_0.STM1884	53.1	179	83	1	8	185	11	189	4.32e-60	186
WP_055994986.1	iPC815.YPO2067	51.1	184	89	1	8	190	11	194	4.32e-60	186
WP_055994986.1	iSDY_1059.SDY_1136	52.5	179	84	1	8	185	11	189	1.23e-59	185
WP_055994986.1	iYL1228.KPN_02365	53.3	180	82	2	8	185	11	190	3.50e-59	184
WP_055994989.1	iML1515.b1097	36.4	253	143	2	79	315	83	333	7.05e-43	150
WP_055994992.1	iJN1463.PP_1916	54.8	416	178	5	2	416	4	410	1.53e-149	430
WP_055994992.1	STM_v1_0.STM1197	55.6	419	175	6	2	418	4	413	1.12e-146	422
WP_055994992.1	iYL1228.KPN_01093	55.6	421	172	7	2	418	4	413	6.40e-146	421
WP_055994992.1	iML1515.b1095	55.6	421	172	7	2	418	4	413	1.82e-145	419
WP_055994992.1	iSF_1195.SF1099	55.6	421	172	7	2	418	4	413	1.82e-145	419
WP_055994992.1	iSDY_1059.SDY_2055	55.6	421	172	7	2	418	4	413	2.58e-145	419
WP_055994992.1	iSSON_1240.SSON_1115	55.3	421	173	7	2	418	4	413	5.19e-145	418
WP_055994992.1	iPC815.YPO1601	54.9	419	178	6	2	418	4	413	1.48e-144	417
WP_055994992.1	iSbBS512_1146.SbBS512_E2229	55.3	421	173	7	2	418	4	413	5.96e-144	416
WP_055994992.1	iAF987.Gmet_1603	52.7	419	188	5	1	418	1	410	3.06e-138	401
WP_055994998.1	iYL1228.KPN_01091	53.9	243	112	0	3	245	2	244	4.24e-81	243
WP_055994998.1	iML1515.b1093	53.5	243	113	0	3	245	2	244	1.71e-80	241
WP_055994998.1	iSbBS512_1146.SbBS512_E2231	53.5	243	113	0	3	245	2	244	1.71e-80	241
WP_055994998.1	iSF_1195.SF1097	53.5	243	113	0	3	245	2	244	1.71e-80	241
WP_055994998.1	iSSON_1240.SSON_1113	53.5	243	113	0	3	245	2	244	1.71e-80	241
WP_055994998.1	iSDY_1059.SDY_2057	53.5	243	113	0	3	245	2	244	3.44e-80	240
WP_055994998.1	STM_v1_0.STM1195	53.1	243	114	0	3	245	2	244	1.39e-79	239
WP_055994998.1	iPC815.YPO1599	51.9	243	117	0	3	245	2	244	9.76e-75	226
WP_055994998.1	iAF987.Gmet_1601	53.5	245	111	1	3	244	2	246	1.94e-72	221
WP_055994998.1	iYS854.USA300HOU_RS06185	52.3	241	111	2	8	244	4	244	3.65e-72	220
WP_055995007.1	iNF517.LLMG_RS02010	37.5	309	189	2	10	314	5	313	1.37e-61	198
WP_055995007.1	iNF517.LLMG_RS05690	34.9	298	190	2	12	305	8	305	2.20e-56	185
WP_055995016.1	iAF987.Gmet_1914	34.3	99	65	0	10	108	6	104	3.32e-12	64.3
WP_055995060.1	STM_v1_0.STM2232	32.3	464	287	12	3	465	5	442	4.54e-52	189
WP_055995157.1	iAF692.Mbar_A0559	26.0	219	112	11	37	244	251	430	6.73e-04	41.6
WP_055995170.1	iNF517.LLMG_RS04070	21.1	275	182	7	86	340	59	318	4.91e-06	47.4
WP_055995179.1	iJN1463.PP_1403	42.4	739	384	7	39	751	32	754	7.83e-181	535
WP_055995179.1	iSSON_1240.SSON_2189	41.1	747	397	9	39	760	36	764	3.68e-176	523
WP_055995179.1	iYL1228.KPN_02568	40.6	731	394	7	39	745	36	750	1.03e-175	522
WP_055995179.1	iML1515.b2132	41.0	747	398	9	39	760	36	764	2.91e-175	521
WP_055995179.1	iSDY_1059.SDY_2156	40.8	747	399	9	39	760	36	764	5.80e-175	520
WP_055995179.1	iSbBS512_1146.SbBS512_E0841	40.8	747	399	9	39	760	36	764	2.30e-174	519
WP_055995179.1	iSF_1195.SF2217	40.7	747	400	9	39	760	36	764	6.48e-174	518
WP_055995182.1	iYL1228.KPN_04156	26.2	221	151	6	62	274	27	243	2.76e-11	63.2
WP_055995182.1	STM_v1_0.STM3884	27.1	221	149	6	62	274	27	243	3.72e-11	62.8
WP_055995182.1	iML1515.b3751	26.7	221	150	6	62	274	27	243	5.00e-11	62.4
WP_055995191.1	iYO844.BSU14890	30.4	263	157	9	84	324	94	352	1.76e-26	107
WP_055995194.1	iYO844.BSU14900	41.2	515	299	3	34	546	20	532	4.34e-142	433
WP_055995194.1	iSynCJ816.SGL_RS05545	41.4	514	279	8	32	538	16	514	4.83e-128	394
WP_055995212.1	iMM1415.66414	41.6	77	35	3	22	89	37	112	1.05e-10	55.5
WP_055995212.1	iCHOv1.100757306	39.8	93	41	6	26	106	41	130	2.88e-10	54.3
WP_055995212.1	iAT_PLT_636.55967	39.1	92	43	5	26	106	37	126	2.68e-10	54.3
WP_055995221.1	iJN1463.PP_4243	36.7	540	297	17	69	581	46	567	7.00e-84	286
WP_055995256.1	iML1515.b3350	38.8	567	325	7	18	580	16	564	1.44e-119	366
WP_055995256.1	iSSON_1240.SSON_3481	38.8	567	325	7	18	580	16	564	2.03e-119	366
WP_055995256.1	iYL1228.KPN_03736	38.5	545	329	3	18	560	16	556	4.04e-119	365
WP_055995256.1	iSbBS512_1146.SbBS512_E3725	38.8	567	325	7	18	580	16	564	4.04e-119	365
WP_055995256.1	iJN1463.PP_3311	38.8	552	335	3	3	553	4	553	3.53e-118	362
WP_055995256.1	STM_v1_0.STM3457	38.8	559	332	6	6	560	4	556	1.25e-117	361
WP_055995256.1	iJN1463.PP_5246	39.2	586	345	7	1	581	1	580	1.16e-116	358
WP_055995256.1	iML1515.b0047	37.8	539	333	2	16	554	13	549	1.44e-114	354
WP_055995256.1	iSF_1195.SF0044	37.8	539	333	2	16	554	13	549	2.02e-114	353
WP_055995256.1	iSbBS512_1146.SbBS512_E0041	37.8	539	333	2	16	554	13	549	4.01e-114	353
WP_055995256.1	iSSON_1240.SSON_0055	37.8	539	333	2	16	554	13	549	4.01e-114	353
WP_055995256.1	iYL1228.KPN_00044	37.7	539	334	2	16	554	13	549	4.52e-113	350
WP_055995256.1	STM_v1_0.STM0086	37.9	557	335	6	16	568	13	562	2.67e-111	345
WP_055995261.1	iYS854.USA300HOU_RS13930	21.5	368	226	15	4	334	18	359	4.52e-07	51.2
WP_055995261.1	STM_v1_0.STM2232	22.4	308	185	9	7	290	10	287	1.40e-06	49.7
WP_055995264.1	iPC815.YPO3172	31.8	157	100	4	10	163	6	158	5.78e-13	63.9
WP_055995273.1	iJN1463.PP_2051	67.1	395	126	2	1	392	1	394	1.20e-166	471
WP_055995276.1	iEK1008.Rv2210c	55.8	353	152	2	14	362	16	368	4.44e-138	397
WP_055995282.1	iJN1463.PP_5095	34.5	264	156	5	11	262	9	267	1.95e-31	117
WP_055995282.1	iCN718.ABAYE_RS15715	33.2	268	170	4	2	262	3	268	2.51e-27	106
WP_055995282.1	iSynCJ816.SGL_RS17305	35.6	250	132	6	8	239	5	243	4.08e-27	105
WP_055995321.1	iAF987.Gmet_2999	34.8	112	70	1	4	112	10	121	6.08e-15	72.4
WP_055995324.1	iAF987.Gmet_0043	29.5	258	158	10	254	495	17	266	4.29e-13	71.2
WP_055995337.1	iAF987.Gmet_0069	33.6	119	76	2	1	116	1	119	5.15e-16	71.6
WP_055995340.1	iAF987.Gmet_1919	38.3	81	45	2	34	110	32	111	1.68e-06	48.9
WP_055995355.1	STM_v1_0.STM4130	26.2	145	88	5	90	229	46	176	1.00e-03	42.7
WP_055995373.1	iAF692.Mbar_A1776	24.0	179	109	3	191	344	14	190	1.01e-04	44.7
WP_055995401.1	iAF987.Gmet_0604	54.3	337	152	1	3	339	5	339	3.20e-118	344
WP_055995413.1	iYS854.USA300HOU_RS12475	43.3	282	155	5	44	324	35	312	2.98e-65	208
WP_055995413.1	iJN1463.PP_3376	45.5	266	140	5	65	328	56	318	1.13e-62	201
WP_055995419.1	iCN718.ABAYE_RS07665	43.5	193	93	6	2	186	9	193	3.58e-41	140
WP_055995431.1	iJN1463.PP_4943	30.6	209	128	7	109	308	109	309	6.92e-13	68.9
WP_055995434.1	iEK1008.Rv0134	22.9	271	175	11	18	269	19	274	5.29e-09	55.8
WP_055995434.1	iCN718.ABAYE_RS14020	23.6	259	166	10	28	273	74	313	3.70e-07	50.4
WP_055995439.1	iJN1463.PP_4478	52.3	455	212	3	4	454	18	471	4.21e-150	436
WP_055995439.1	iML1515.b1746	50.1	459	224	3	2	456	15	472	6.80e-145	423
WP_055995439.1	iSbBS512_1146.SbBS512_E1993	50.1	459	224	3	2	456	15	472	1.10e-143	420
WP_055995439.1	STM_v1_0.STM1305	48.5	456	228	4	7	457	20	473	1.36e-136	402
WP_055995439.1	iPC815.YPO1964	49.4	453	224	4	8	456	35	486	2.07e-136	402
WP_055995439.1	iYL1228.KPN_01223	49.9	451	221	3	8	454	21	470	2.73e-136	401
WP_055995439.1	iSF_1195.SF1480	49.1	442	220	3	2	439	34	474	2.83e-133	393
WP_055995441.1	STM_v1_0.STM3477	47.8	245	122	3	10	254	215	453	2.81e-69	220
WP_055995441.1	iCN718.ABAYE_RS04340	46.6	236	125	1	10	244	215	450	2.20e-68	218
WP_055995441.1	iJN1463.PP_3999	47.7	237	123	1	11	246	216	452	1.41e-67	216
WP_055995441.1	iYL1228.KPN_03754	47.3	245	123	3	10	254	206	444	1.38e-67	215
WP_055995441.1	iML1515.b3368	45.7	245	127	3	10	254	215	453	2.66e-66	212
WP_055995441.1	iSbBS512_1146.SbBS512_E3744	45.7	245	127	3	10	254	215	453	2.66e-66	212
WP_055995441.1	iSF_1195.SF3387	45.7	245	127	3	10	254	215	453	2.66e-66	212
WP_055995441.1	iSSON_1240.SSON_3499	45.7	245	127	3	10	254	215	453	2.66e-66	212
WP_055995441.1	iSDY_1059.SDY_3530	45.3	245	128	3	10	254	215	453	2.93e-65	209
WP_055995441.1	iPC815.YPO0158	45.3	247	129	3	8	254	210	450	1.70e-63	205
WP_055995441.1	iAF692.Mbar_A1791	45.6	239	127	1	11	246	6	244	1.33e-63	199
WP_055995447.1	iJN1463.PP_2371	55.5	546	240	2	1	543	1	546	2.54e-219	617
WP_055995447.1	iCN718.ABAYE_RS03715	52.7	548	252	5	1	543	1	546	4.11e-200	568
WP_055995456.1	iEK1008.Rv2392	42.0	188	101	4	64	248	70	252	5.68e-44	149
WP_055995462.1	iJN1463.PP_3383	24.5	597	369	17	3	544	4	573	3.50e-27	115
WP_055995471.1	iAF692.Mbar_A1138	26.2	214	130	6	48	256	27	217	5.62e-09	56.6
WP_055995471.1	iYL1228.KPN_00507	24.3	337	207	10	41	364	19	320	3.52e-07	51.2
WP_055995474.1	iYL1228.KPN_04677	26.6	169	111	6	158	318	130	293	1.98e-07	51.6
WP_055995501.1	iEK1008.Rv3315c	44.8	134	51	5	14	145	16	128	7.25e-24	89.7
WP_055995501.1	iHN637.CLJU_RS08905	45.0	129	57	4	17	145	16	130	1.26e-21	84.0
WP_055995501.1	iNF517.LLMG_RS05395	40.3	144	72	4	1	144	1	130	9.52e-21	81.6
WP_055995505.1	iJN1463.PP_1100	74.9	187	43	1	1	183	1	187	8.42e-100	285
WP_055995505.1	iCN718.ABAYE_RS15080	69.7	188	52	1	1	183	1	188	3.23e-95	274
WP_055995510.1	iPC815.YPO2984	46.9	467	237	5	10	472	3	462	5.00e-136	400
WP_055995510.1	iAF987.Gmet_1736	46.9	467	230	5	13	472	7	462	5.33e-134	394
WP_055995510.1	iYL1228.KPN_02750	46.0	467	241	4	10	472	3	462	5.37e-133	392
WP_055995510.1	iSbBS512_1146.SbBS512_E2779	46.3	467	240	4	10	472	3	462	2.09e-132	390
WP_055995510.1	iML1515.b2400	46.3	462	237	4	10	467	3	457	2.37e-131	388
WP_055995510.1	iSDY_1059.SDY_2600	46.0	467	241	4	10	472	3	462	2.37e-131	388
WP_055995510.1	iSSON_1240.SSON_2491	46.3	462	237	4	10	467	3	457	2.37e-131	388
WP_055995510.1	iSF_1195.SF2462	46.1	462	238	4	10	467	3	457	1.35e-130	386
WP_055995510.1	STM_v1_0.STM2415	45.9	462	239	5	10	467	3	457	7.63e-130	384
WP_055995513.1	iJN1463.PP_4194	66.5	430	139	5	1	427	1	428	3.33e-210	585
WP_055995513.1	iYL1228.KPN_00727	65.8	418	140	3	5	421	6	421	5.10e-209	582
WP_055995513.1	iML1515.b0720	65.2	423	143	4	1	421	1	421	1.69e-207	578
WP_055995513.1	iSbBS512_1146.SbBS512_E0638	65.2	423	143	4	1	421	1	421	1.69e-207	578
WP_055995513.1	iSSON_1240.SSON_0671	65.2	423	143	4	1	421	1	421	1.69e-207	578
WP_055995513.1	STM_v1_0.STM0730	65.0	423	144	4	1	421	1	421	4.83e-207	577
WP_055995513.1	iSDY_1059.SDY_0658	65.3	418	142	3	5	421	6	421	2.78e-206	575
WP_055995513.1	iSF_1195.SF0577	65.0	423	144	4	1	421	1	421	2.78e-206	575
WP_055995513.1	iPC815.YPO1108	64.7	422	146	3	1	421	1	420	2.19e-205	572
WP_055995513.1	iCN718.ABAYE_RS04410	62.4	417	152	4	5	420	9	421	5.12e-194	543
WP_055995518.1	iJN1463.PP_1494	38.5	117	69	2	2	117	17	131	3.30e-16	72.4
WP_055995518.1	iAF987.Gmet_0069	33.6	119	77	1	1	117	1	119	5.26e-15	68.9
WP_055995533.1	iAF987.Gmet_0069	31.1	106	68	2	6	108	5	108	1.64e-07	52.0
WP_055995539.1	iJN1463.PP_2582	48.9	186	93	1	7	192	11	194	1.98e-49	158
WP_055995569.1	iCN718.ABAYE_RS09970	50.3	473	226	5	1	470	1	467	6.59e-160	460
WP_055995571.1	iAF987.Gmet_0769	38.2	110	68	0	15	124	7	116	1.87e-15	67.8
WP_055995577.1	iMM1415.235339	44.2	452	221	8	3	451	218	641	8.11e-98	306
WP_055995577.1	iCHOv1.100773493	44.2	453	221	9	3	451	221	645	2.28e-94	297
WP_055995577.1	iAT_PLT_636.1737	43.6	452	228	7	3	451	219	646	1.50e-91	290
WP_055995584.1	iJN1463.PP_1877	60.1	148	59	0	7	154	6	153	2.87e-55	171
WP_055995584.1	iML1515.b1832	57.2	145	62	0	11	155	3	147	2.09e-51	161
WP_055995590.1	iNF517.LLMG_RS07670	36.1	191	109	4	6	186	79	266	5.74e-27	104
WP_055995590.1	iNF517.LLMG_RS12010	30.2	202	134	5	6	206	83	278	7.21e-24	95.9
WP_055995599.1	iAF987.Gmet_0771	56.4	202	84	2	3	200	2	203	5.81e-70	211
WP_055995608.1	iAF987.Gmet_2999	31.5	143	94	3	3	141	10	152	1.23e-16	77.4
WP_055995608.1	iAF987.Gmet_0069	27.2	232	139	10	2	211	3	226	1.34e-14	71.2
WP_055995614.1	iNF517.LLMG_RS12530	42.3	284	163	1	1	284	1	283	1.73e-66	209
WP_055995620.1	iCN718.ABAYE_RS04015	51.3	400	194	1	14	412	12	411	1.05e-132	387
WP_055995635.1	iEK1008.Rv2747	35.1	74	41	2	57	130	62	128	8.81e-06	43.1
WP_055995638.1	iCHOv1.100766080	61.1	221	81	2	4	219	6	226	8.94e-98	285
WP_055995638.1	iAT_PLT_636.5223	61.1	221	81	2	4	219	6	226	8.94e-98	285
WP_055995638.1	iMM1415.18648	61.1	221	81	2	4	219	6	226	8.94e-98	285
WP_055995638.1	iAT_PLT_636.5224	58.1	222	88	2	4	220	6	227	2.20e-93	273
WP_055995638.1	iAF987.Gmet_1653	59.1	230	91	1	1	227	1	230	2.55e-93	273
WP_055995638.1	iCHOv1.100761944	58.6	222	87	2	4	220	6	227	4.42e-93	273
WP_055995638.1	iNF517.LLMG_RS01830	56.3	231	98	1	1	228	1	231	6.47e-93	271
WP_055995638.1	iMM1415.56012	57.7	222	89	2	4	220	6	227	8.37e-91	267
WP_055995638.1	iML1515.b0755	57.8	225	92	1	4	225	6	230	1.76e-89	263
WP_055995638.1	iSbBS512_1146.SbBS512_E0676	57.8	225	92	1	4	225	6	230	1.76e-89	263
WP_055995638.1	iSF_1195.SF0549	57.8	225	92	1	4	225	6	230	1.76e-89	263
WP_055995638.1	iSSON_1240.SSON_0707	57.8	225	92	1	4	225	6	230	1.76e-89	263
WP_055995638.1	STM_v1_0.STM0772	57.8	225	92	1	4	225	6	230	7.13e-89	262
WP_055995638.1	iSDY_1059.SDY_0702	57.3	225	93	1	4	225	6	230	2.04e-88	261
WP_055995638.1	iYL1228.KPN_00768	57.8	225	92	1	4	225	6	230	5.81e-88	259
WP_055995638.1	iMM904.YKL152C	57.2	229	94	2	1	225	1	229	8.62e-87	256
WP_055995641.1	iYO844.BSU06420	71.7	145	41	0	5	149	3	147	6.27e-67	200
WP_055995641.1	iML1515.b0523	63.5	159	58	0	2	160	5	163	2.87e-62	189
WP_055995641.1	iSbBS512_1146.SbBS512_E0451	63.5	159	58	0	2	160	5	163	2.87e-62	189
WP_055995641.1	iYL1228.KPN_00478	62.9	159	59	0	2	160	5	163	4.07e-62	188
WP_055995641.1	iSF_1195.SF0454	62.9	159	59	0	2	160	5	163	5.77e-62	188
WP_055995641.1	iSDY_1059.SDY_0275	62.9	159	59	0	2	160	5	163	1.65e-61	187
WP_055995641.1	STM_v1_0.STM0534	62.9	159	59	0	2	160	5	163	6.68e-61	185
WP_055995641.1	iSSON_1240.SSON_0495	62.9	159	59	0	2	160	5	163	9.48e-61	185
WP_055995641.1	iCN718.ABAYE_RS19210	64.7	153	54	0	5	157	10	162	1.39e-60	184
WP_055995641.1	iPC815.YPO3076	64.9	154	54	0	7	160	15	168	3.18e-60	184
WP_055995641.1	iJN1463.PP_5336	63.2	155	57	0	6	160	4	158	1.29e-59	182
WP_055995644.1	iJN1463.PP_5335	45.7	341	178	5	10	348	3	338	2.22e-81	251
WP_055995644.1	iYO844.BSU06430	41.6	353	196	6	6	351	8	357	9.94e-76	238
WP_055995650.1	iAM_Pb448.PBANKA_131810	29.4	637	381	16	3	581	124	749	1.91e-67	233
WP_055995650.1	iAM_Pf480.PF3D7_1454400	29.0	632	391	14	1	583	128	750	2.89e-62	219
WP_055995653.1	iJN1463.PP_4947	48.2	1026	484	15	17	1013	101	1108	6.98e-281	821
WP_055995653.1	iSSON_1240.SSON_1034	47.5	1033	490	16	17	1016	103	1116	5.96e-277	811
WP_055995653.1	iML1515.b1014	47.4	1033	491	16	17	1016	103	1116	1.19e-276	810
WP_055995653.1	iSbBS512_1146.SbBS512_E2304	47.4	1033	491	16	17	1016	103	1116	1.33e-275	808
WP_055995653.1	iYL1228.KPN_01041	47.4	1030	490	16	17	1013	109	1119	1.97e-273	802
WP_055995653.1	iPC815.YPO1851	47.3	1032	488	19	17	1013	104	1114	3.51e-270	794
WP_055995653.1	iCN718.ABAYE_RS10755	44.7	992	504	11	55	1017	80	1055	3.01e-258	761
WP_055995662.1	iAF987.Gmet_2908	35.8	377	203	11	2	352	6	369	1.58e-39	144
WP_055995662.1	iSynCJ816.SGL_RS15085	34.1	367	224	9	6	358	38	400	1.71e-37	139
WP_055995662.1	iJN1463.PP_5269	36.9	355	200	11	6	350	8	348	2.04e-37	137
WP_055995662.1	iPC815.YPO0321	34.6	364	215	9	6	359	8	358	4.11e-37	137
WP_055995662.1	iEK1008.Rv3423c	35.7	364	217	9	6	355	40	400	1.93e-35	133
WP_055995665.1	iJN1463.PP_4434	59.6	416	168	0	1	416	1	416	6.95e-179	505
WP_055995665.1	iCN718.ABAYE_RS18740	58.7	416	171	1	1	416	1	415	3.21e-172	488
WP_055995665.1	iJN1463.PP_5270	60.1	416	166	0	1	416	1	416	1.44e-171	486
WP_055995665.1	iPC815.YPO2147	60.1	416	165	1	1	416	1	415	9.54e-170	482
WP_055995665.1	STM_v1_0.STM1803	58.9	416	170	1	1	416	1	415	4.15e-168	478
WP_055995665.1	iYL1228.KPN_02309	59.1	416	169	1	1	416	1	415	1.37e-166	474
WP_055995665.1	iSDY_1059.SDY_1226	57.7	416	175	1	1	416	1	415	2.58e-164	468
WP_055995665.1	iML1515.b1189	57.9	416	174	1	1	416	1	415	3.65e-164	468
WP_055995665.1	iSSON_1240.SSON_1181	57.9	416	174	1	1	416	1	415	3.65e-164	468
WP_055995665.1	iSF_1195.SF1178	57.7	416	175	1	1	416	1	415	1.04e-163	466
WP_055995665.1	iSbBS512_1146.SbBS512_E1347	57.7	416	175	1	1	416	1	415	1.48e-163	466
WP_055995671.1	iJN1463.PP_4597	49.5	331	158	6	7	332	8	334	1.87e-98	293
WP_055995674.1	iAF692.Mbar_A2191	31.0	216	135	7	7	219	36	240	1.44e-22	93.2
WP_055995674.1	iIS312.TCDM_01819	27.4	241	152	5	25	253	571	800	8.64e-19	85.1
WP_055995690.1	iAF987.Gmet_0952	43.6	392	219	2	18	408	3	393	3.24e-90	277
WP_055995690.1	iJN1463.PP_1346	39.8	402	235	5	11	408	7	405	1.95e-79	250
WP_055995696.1	iML1515.b3781	55.4	101	45	0	6	106	8	108	1.85e-36	119
WP_055995696.1	STM_v1_0.STM3915	55.4	101	45	0	6	106	8	108	1.85e-36	119
WP_055995696.1	iSbBS512_1146.SbBS512_E4140	55.4	101	45	0	6	106	8	108	1.85e-36	119
WP_055995696.1	iSDY_1059.SDY_3968	55.4	101	45	0	6	106	26	126	3.14e-36	119
WP_055995696.1	iSF_1195.SF3854	55.4	101	45	0	6	106	26	126	3.14e-36	119
WP_055995696.1	iSSON_1240.SSON_3952	55.4	101	45	0	6	106	26	126	3.14e-36	119
WP_055995696.1	iYL1228.KPN_04282	56.4	101	44	0	6	106	8	108	3.72e-36	118
WP_055995696.1	iJN1463.PP_5215	55.3	103	46	0	4	106	7	109	4.32e-35	115
WP_055995696.1	iPC815.YPO3868	54.5	101	46	0	6	106	8	108	9.80e-34	112
WP_055995702.1	iIS312.TCDM_10698	40.7	108	61	2	19	123	16	123	3.70e-16	76.6
WP_055995702.1	iMM1415.331026	28.7	244	126	10	19	238	3	222	8.30e-16	75.5
WP_055995702.1	iAF692.Mbar_A1937	25.6	238	165	7	19	250	3	234	1.78e-15	74.7
WP_055995702.1	iCHOv1.100760573	38.5	109	62	3	19	123	3	110	2.10e-15	74.3
WP_055995702.1	iSynCJ816.SGL_RS17400	30.1	226	142	7	19	236	3	220	1.23e-14	72.8
WP_055995702.1	iSynCJ816.SGL_RS11220	29.9	241	136	12	19	236	3	233	2.74e-14	71.2
WP_055995705.1	iAF987.Gmet_0043	27.9	251	167	5	535	775	21	267	1.48e-14	77.0
WP_055995708.1	iAF987.Gmet_1294	65.2	469	161	2	3	469	8	476	4.30e-214	598
WP_055995717.1	iSF_1195.SF2053	64.2	475	163	4	10	483	16	484	1.26e-216	605
WP_055995717.1	iML1515.b1982	64.2	475	163	4	10	483	16	484	2.54e-216	605
WP_055995717.1	STM_v1_0.STM2009	64.8	474	160	4	11	483	17	484	2.94e-215	602
WP_055995717.1	iSSON_1240.SSON_2047	63.8	475	165	4	10	483	16	484	2.40e-214	600
WP_055995717.1	iSDY_1059.SDY_2253	63.4	475	167	4	10	483	16	484	3.94e-213	597
WP_055995717.1	iYL1228.KPN_02445	62.3	477	173	4	8	483	14	484	4.29e-210	589
WP_055995717.1	iPC815.YPO2288	58.8	485	185	4	6	480	14	493	2.97e-196	556
WP_055995726.1	iJN1463.PP_2556	33.1	384	207	9	2	336	7	389	9.22e-39	144
WP_055995729.1	iEK1008.Rv0684	25.2	497	250	14	3	397	13	489	9.23e-25	108
WP_055995729.1	iSynCJ816.SGL_RS10930	25.2	496	246	15	3	397	10	481	2.69e-23	104
WP_055995746.1	iLJ478.TM1415	33.2	196	108	5	40	222	14	199	1.83e-25	100
WP_055995746.1	iML1515.b4214	33.2	208	128	6	34	232	31	236	2.63e-22	92.0
WP_055995746.1	iJN1463.PP_0261	30.6	222	131	5	25	225	19	238	3.78e-22	92.0
WP_055995746.1	iSbBS512_1146.SbBS512_E4758	33.2	208	128	6	34	232	31	236	3.66e-22	91.7
WP_055995746.1	iSDY_1059.SDY_4385	33.2	208	128	6	34	232	31	236	3.66e-22	91.7
WP_055995746.1	iSF_1195.SF4272	33.2	208	128	6	34	232	31	236	3.66e-22	91.7
WP_055995746.1	iSSON_1240.SSON_4399	33.2	208	128	6	34	232	31	236	3.66e-22	91.7
WP_055995752.1	iMM1415.71883	39.7	282	167	2	26	304	68	349	3.18e-55	183
WP_055995752.1	iLB1027_lipid.PHATRDRAFT_12269	41.2	291	156	6	25	303	7	294	7.11e-55	180
WP_055995752.1	iCHOv1.100755903	40.1	277	151	6	37	304	2	272	5.62e-52	172
WP_055995762.1	iML1515.b1599	35.7	98	63	0	6	103	12	109	2.77e-12	57.8
WP_055995762.1	iSbBS512_1146.SbBS512_E1785	35.7	98	63	0	6	103	12	109	2.77e-12	57.8
WP_055995762.1	iSSON_1240.SSON_1561	35.7	98	63	0	6	103	12	109	2.77e-12	57.8
WP_055995762.1	iSF_1195.SF1620	35.7	98	63	0	6	103	12	109	7.79e-12	56.6
WP_055995762.1	iSDY_1059.SDY_1554	35.1	97	63	0	6	102	12	108	2.19e-11	55.5
WP_055995774.1	iCN718.ABAYE_RS18235	53.2	171	80	0	1	171	1	171	1.32e-62	191
WP_055995774.1	iJN1463.PP_0538	50.9	173	85	0	1	173	1	173	5.34e-62	189
WP_055995774.1	iSF_1195.SF4264	51.2	172	84	0	1	172	1	172	1.20e-58	181
WP_055995774.1	iML1515.b4226	50.6	172	85	0	1	172	1	172	4.85e-58	179
WP_055995774.1	iYL1228.KPN_04621	50.6	172	85	0	1	172	1	172	4.85e-58	179
WP_055995774.1	iSbBS512_1146.SbBS512_E4858	50.6	172	85	0	1	172	1	172	4.85e-58	179
WP_055995774.1	iSDY_1059.SDY_4462	50.6	172	85	0	1	172	1	172	4.85e-58	179
WP_055995774.1	iSSON_1240.SSON_4408	50.6	172	85	0	1	172	1	172	4.85e-58	179
WP_055995774.1	STM_v1_0.STM4414	50.0	172	86	0	1	172	1	172	1.38e-57	178
WP_055995774.1	iPC815.YPO3521	48.8	172	88	0	1	172	1	172	1.54e-56	176
WP_055995785.1	iJN1463.PP_0853	55.1	361	160	1	9	369	7	365	1.66e-136	393
WP_055995785.1	iCN718.ABAYE_RS16240	55.5	357	158	1	9	365	6	361	1.02e-135	391
WP_055995785.1	iYL1228.KPN_02845	55.7	357	157	1	9	365	7	362	2.35e-132	383
WP_055995785.1	iML1515.b2515	55.7	357	157	1	9	365	7	362	3.22e-132	382
WP_055995785.1	iSDY_1059.SDY_2711	55.7	357	157	1	9	365	7	362	3.22e-132	382
WP_055995785.1	iSF_1195.SF2561	55.7	357	157	1	9	365	7	362	3.56e-132	382
WP_055995785.1	iSSON_1240.SSON_2597	55.7	357	157	1	9	365	7	362	3.22e-132	382
WP_055995785.1	iSbBS512_1146.SbBS512_E2890	55.7	357	157	1	9	365	7	362	6.47e-132	382
WP_055995785.1	STM_v1_0.STM2523	55.7	357	157	1	9	365	7	362	1.84e-131	380
WP_055995785.1	iPC815.YPO2879	53.5	357	164	2	9	364	7	362	4.69e-125	364
WP_055995791.1	STM_v1_0.STM0847	47.1	308	155	2	11	310	6	313	2.12e-73	228
WP_055995791.1	iSbBS512_1146.SbBS512_E2520	46.5	312	155	3	11	312	6	315	5.37e-73	227
WP_055995791.1	iYL1228.KPN_00861	46.4	308	157	2	11	310	6	313	8.45e-73	226
WP_055995791.1	iSF_1195.SF0778	46.5	312	155	3	11	312	6	315	2.15e-72	226
WP_055995791.1	iSDY_1059.SDY_0759	46.5	312	155	3	11	312	6	315	3.03e-72	225
WP_055995791.1	iSSON_1240.SSON_0810	46.2	312	156	3	11	312	6	315	1.21e-71	224
WP_055995791.1	iML1515.b0828	46.2	312	156	3	11	312	6	315	2.42e-71	223
WP_055995799.1	iML1515.b1025	29.9	264	144	11	318	551	187	439	1.85e-20	94.0
WP_055995799.1	iML1515.b1341	38.5	174	90	4	391	551	237	406	3.20e-20	92.8
WP_055995799.1	iAF987.Gmet_0069	36.0	178	90	3	393	551	128	300	2.56e-20	91.7
WP_055995799.1	iJN1463.PP_1144	36.1	180	96	7	385	550	271	445	9.38e-18	86.7
WP_055995799.1	iAF987.Gmet_2425	34.0	206	115	5	364	551	141	343	3.64e-18	85.9
WP_055995799.1	iAF987.Gmet_2721	36.8	182	90	5	387	551	489	662	2.01e-17	85.5
WP_055995802.1	iYO844.BSU28560	37.9	560	337	6	1	557	1	552	1.12e-127	385
WP_055995808.1	iML1515.b0325	63.2	342	124	1	10	351	8	347	4.07e-158	446
WP_055995822.1	iCN718.ABAYE_RS07200	55.5	416	176	6	29	440	23	433	1.13e-156	451
WP_055995827.1	iML1515.b0543	57.3	110	47	0	1	110	1	110	5.82e-41	130
WP_055995830.1	iJN1463.PP_4967	54.2	406	157	8	6	400	6	393	5.49e-134	389
WP_055995830.1	iCN718.ABAYE_RS10800	53.8	403	165	5	1	400	1	385	5.53e-132	384
WP_055995830.1	iAF987.Gmet_1290	50.3	396	172	7	4	394	5	380	1.13e-126	370
WP_055995830.1	iCN900.CD630_01300	49.6	409	174	8	3	398	2	391	2.09e-126	370
WP_055995830.1	iIT341.HP0197	48.3	402	184	7	1	399	1	381	1.13e-125	367
WP_055995830.1	iYO844.BSU30550	50.9	411	169	8	2	398	3	394	1.06e-124	365
WP_055995830.1	iNF517.LLMG_RS10795	51.2	418	166	10	1	401	1	397	1.24e-120	355
WP_055995830.1	iHN637.CLJU_RS01260	48.5	404	178	7	6	398	4	388	5.43e-120	353
WP_055995830.1	iML1515.b2942	49.8	400	178	6	3	400	2	380	1.74e-119	352
WP_055995830.1	STM_v1_0.STM3090	50.0	400	177	6	3	400	2	380	1.74e-119	352
WP_055995830.1	iSDY_1059.SDY_3130	49.8	400	178	6	3	400	2	380	1.74e-119	352
WP_055995830.1	iSF_1195.SF2933	49.8	400	178	6	3	400	2	380	1.74e-119	352
WP_055995830.1	iSSON_1240.SSON_3096	49.8	400	178	6	3	400	2	380	1.74e-119	352
WP_055995830.1	iYS854.USA300HOU_RS09495	49.2	415	177	9	1	401	2	396	3.76e-119	351
WP_055995830.1	iSbBS512_1146.SbBS512_E3374	49.8	400	178	6	3	400	2	380	3.48e-119	351
WP_055995842.1	iCN718.ABAYE_RS01050	32.8	421	237	10	17	420	1	392	2.88e-59	198
WP_055995842.1	iYL1228.KPN_00967	34.1	410	234	11	19	420	19	400	4.18e-56	190
WP_055995842.1	iSDY_1059.SDY_2326	34.4	410	233	13	19	420	7	388	3.31e-55	187
WP_055995842.1	iSF_1195.SF0928	34.4	410	233	13	19	420	7	388	6.49e-55	187
WP_055995842.1	iSSON_1240.SSON_0934	34.4	410	233	13	19	420	7	388	6.49e-55	187
WP_055995842.1	iML1515.b0931	34.4	410	233	13	19	420	7	388	9.08e-55	186
WP_055995842.1	STM_v1_0.STM1004	34.2	412	231	12	19	420	7	388	9.08e-55	186
WP_055995842.1	iSbBS512_1146.SbBS512_E2387	34.4	410	233	13	19	420	7	388	9.08e-55	186
WP_055995842.1	iPC815.YPO1413	33.6	414	237	12	19	422	7	392	1.82e-54	186
WP_055995842.1	iIS312.TCDM_04910	32.9	423	239	13	19	423	7	402	6.53e-54	185
WP_055995842.1	iJN1463.PP_4868	33.5	412	234	10	20	420	11	393	1.47e-52	181
WP_055995844.1	iSynCJ816.SGL_RS14875	34.7	95	60	1	15	109	3	95	1.03e-09	55.1
WP_055995844.1	iAF987.Gmet_0988	35.7	98	57	3	9	106	12	103	6.62e-08	50.1
WP_055995847.1	iEK1008.Rv2043c	29.6	179	99	7	5	175	4	163	6.76e-06	44.7
WP_055995847.1	iPC815.YPO2160	26.0	192	113	8	1	175	1	180	2.86e-05	43.1
WP_055995847.1	iCN718.ABAYE_RS00855	25.5	188	110	6	5	176	12	185	9.50e-05	41.6
WP_055995847.1	iSF_1195.SF1455	28.1	192	101	8	5	175	12	187	2.40e-04	40.4
WP_055995850.1	iAF987.Gmet_1919	21.6	171	123	2	38	201	37	203	2.08e-06	47.0
WP_055995853.1	iAF987.Gmet_0043	28.5	263	170	6	559	811	12	266	4.20e-11	66.6
WP_055995859.1	iJN1463.PP_1179	32.9	692	344	17	42	632	287	959	2.06e-89	297
WP_055995868.1	iJN1463.PP_1177	27.2	309	208	6	12	304	100	407	2.24e-30	119
WP_055995868.1	iCN718.ABAYE_RS15295	25.9	309	212	6	12	304	112	419	3.89e-27	110
WP_055995868.1	iIT341.HP0364	26.1	306	206	9	15	308	38	335	1.18e-26	107
WP_055995883.1	iAF987.Gmet_2530	26.7	348	184	7	53	339	34	371	6.96e-23	103
WP_055995883.1	iAF987.Gmet_2529	22.7	437	328	6	506	940	40	468	2.51e-20	95.1
WP_055995896.1	iEK1008.Rv2188c	28.9	204	110	6	159	327	155	358	1.91e-06	48.9
WP_055995899.1	iYS854.USA300HOU_RS13910	30.0	90	62	1	5	93	42	131	5.36e-05	43.5
WP_055995905.1	iHN637.CLJU_RS06865	46.4	56	29	1	5	60	7	61	8.51e-08	54.3
WP_055995905.1	iAF987.Gmet_2444	34.2	117	69	4	6	120	24	134	8.42e-08	54.3
WP_055995905.1	iML1515.b3409	34.4	93	53	3	6	93	6	95	4.33e-06	48.9
WP_055995908.1	iJN1463.PP_2679	28.9	121	71	3	165	270	98	218	1.05e-04	44.3
WP_055995914.1	iEK1008.Rv2225	51.0	245	117	3	40	282	38	281	4.84e-71	220
WP_055995914.1	iSynCJ816.SGL_RS16615	50.4	246	119	3	33	276	13	257	1.15e-69	216
WP_055995914.1	iAF987.Gmet_1642	46.9	241	126	2	38	276	20	260	1.67e-65	205
WP_055995921.1	iPC815.YPO3070	24.8	109	80	1	3	109	4	112	3.06e-04	37.4
WP_055995931.1	iJN1463.PP_1638	51.8	253	119	2	20	271	7	257	9.83e-88	261
WP_055995934.1	iSDY_1059.SDY_2048	33.0	694	435	14	3	683	26	702	2.97e-120	376
WP_055995934.1	iML1515.b1102	32.9	694	436	14	3	683	26	702	8.24e-120	375
WP_055995934.1	iSbBS512_1146.SbBS512_E2222	32.7	694	437	14	3	683	26	702	1.63e-119	374
WP_055995934.1	STM_v1_0.STM1204	32.4	678	419	12	27	683	38	697	2.16e-118	371
WP_055995934.1	iSSON_1240.SSON_1122	32.6	694	438	14	3	683	26	702	6.81e-118	370
WP_055995937.1	iML1515.b1448	31.2	109	60	4	35	130	29	135	6.39e-07	46.2
WP_055995960.1	iEK1008.Rv0486	33.3	231	136	8	164	377	208	437	1.38e-13	71.6
WP_055995960.1	iEK1008.Rv2188c	30.0	257	157	7	149	383	125	380	1.81e-13	70.9
WP_055995986.1	iAF987.Gmet_2909	44.7	255	123	4	6	246	228	478	1.26e-47	168
WP_055995989.1	iAF987.Gmet_1886	54.8	445	198	2	3	444	2	446	2.05e-156	450
WP_055995989.1	iML1515.b3176	52.4	443	206	4	3	443	4	443	7.55e-145	420
WP_055995989.1	iSbBS512_1146.SbBS512_E3594	52.4	443	206	4	3	443	4	443	7.55e-145	420
WP_055995989.1	iSSON_1240.SSON_3324	52.4	443	206	4	3	443	4	443	7.55e-145	420
WP_055995989.1	STM_v1_0.STM3294	52.1	443	207	4	3	443	4	443	1.52e-144	419
WP_055995989.1	iSDY_1059.SDY_3357	52.4	443	206	4	3	443	4	443	1.52e-144	419
WP_055995989.1	iPC815.YPO3500	51.5	445	211	5	3	445	4	445	8.94e-144	417
WP_055995989.1	iSF_1195.SF3216	51.9	443	208	4	3	443	4	443	3.99e-142	413
WP_055995991.1	iML1515.b4077	28.5	425	261	10	2	404	7	410	2.71e-29	118
WP_055995991.1	iYL1228.KPN_04480	28.7	428	258	12	1	404	7	411	5.07e-29	117
WP_055995991.1	iJN1463.PP_0137	28.7	415	280	8	1	407	6	412	7.34e-29	117
WP_055995991.1	STM_v1_0.STM4283	28.4	426	262	10	1	404	6	410	9.37e-29	116
WP_055995991.1	iSbBS512_1146.SbBS512_E4598	28.2	425	262	10	2	404	7	410	9.48e-29	116
WP_055995991.1	iSSON_1240.SSON_4258	28.2	425	262	10	2	404	7	410	9.48e-29	116
WP_055995991.1	iSF_1195.SF4137	28.0	425	263	10	2	404	7	410	1.15e-27	113
WP_055995991.1	iPC815.YPO0254	26.0	415	286	6	1	404	6	410	4.76e-26	108
WP_055995992.1	iJN1463.PP_3819	49.9	447	221	3	4	449	3	447	1.74e-145	422
WP_055996006.1	iSynCJ816.SGL_RS02755	45.0	109	60	0	44	152	55	163	6.43e-23	89.4
WP_055996006.1	iJN1463.PP_4698	41.2	153	78	5	1	147	1	147	3.37e-21	84.0
WP_055996012.1	iJN1463.PP_4403	47.5	457	191	8	1	442	1	423	1.04e-119	355
WP_055996015.1	iJN1463.PP_4401	58.5	402	167	0	12	413	7	408	3.59e-155	444
WP_055996028.1	iJN1463.PP_3073	50.8	260	123	2	1	260	1	255	1.04e-78	238
WP_055996053.1	iCN718.ABAYE_RS18570	56.9	515	222	0	4	518	8	522	3.22e-211	595
WP_055996053.1	iSSON_1240.SSON_2589	58.1	516	211	2	8	518	10	525	2.06e-210	593
WP_055996053.1	iML1515.b2507	58.1	516	211	2	8	518	10	525	2.92e-210	592
WP_055996053.1	iSF_1195.SF2553	57.9	516	212	2	8	518	10	525	4.13e-210	592
WP_055996053.1	iSDY_1059.SDY_2703	57.9	516	212	2	8	518	10	525	1.18e-209	591
WP_055996053.1	iAF987.Gmet_2292	58.4	514	212	2	6	518	8	520	1.40e-209	590
WP_055996053.1	iJN1463.PP_1032	58.1	520	205	2	8	518	10	525	3.36e-209	590
WP_055996053.1	iSbBS512_1146.SbBS512_E2882	57.8	516	213	2	8	518	10	525	6.76e-209	589
WP_055996053.1	iYL1228.KPN_02833	57.4	516	215	2	8	518	10	525	5.50e-208	587
WP_055996053.1	STM_v1_0.STM2510	57.9	516	212	2	8	518	10	525	5.50e-208	587
WP_055996053.1	iPC815.YPO2870	55.8	516	223	2	8	518	10	525	7.39e-201	568
WP_055996053.1	iSynCJ816.SGL_RS13520	54.9	517	224	2	8	518	29	542	1.25e-198	563
WP_055996053.1	iNF517.LLMG_RS05125	54.2	515	230	2	4	518	5	513	3.46e-196	556
WP_055996053.1	iCN900.CD630_01980	54.4	515	222	5	8	518	6	511	1.30e-195	555
WP_055996053.1	iYO844.BSU06360	55.6	513	222	2	6	518	7	513	3.98e-195	553
WP_055996053.1	iYS854.USA300HOU_RS02070	54.1	518	231	3	1	518	3	513	7.47e-193	548
WP_055996053.1	iHN637.CLJU_RS18300	53.7	514	230	3	6	518	4	510	1.92e-192	546
WP_055996053.1	iIT341.HP0409	53.7	514	228	5	8	518	2	508	2.21e-188	536
WP_055996072.1	iAF692.Mbar_A0086	45.5	213	113	3	1	212	1	211	3.73e-57	179
WP_055996072.1	iYO844.BSU01370	42.3	213	121	2	1	212	1	212	2.07e-54	172
WP_055996072.1	iNF517.LLMG_RS11835	43.0	214	120	1	1	212	1	214	7.84e-54	171
WP_055996072.1	iAF987.Gmet_0647	43.3	215	116	3	1	212	1	212	6.31e-53	169
WP_055996072.1	iPC815.YPO3118	45.9	218	107	4	1	212	1	213	3.96e-51	164
WP_055996072.1	iYS854.USA300HOU_RS12070	40.7	214	125	2	1	213	1	213	1.64e-50	162
WP_055996124.1	iEK1008.Rv0684	59.3	697	267	7	7	695	10	697	1.78e-289	808
WP_055996124.1	iSynCJ816.SGL_RS10930	56.5	696	292	5	1	695	1	686	3.71e-269	756
WP_055996124.1	iSynCJ816.SGL_RS17200	56.5	688	289	4	7	692	5	684	6.96e-268	753
WP_055996133.1	iJN1463.PP_4619	29.2	161	104	6	37	190	36	193	8.86e-09	53.1
WP_055996133.1	iML1515.b2989	26.0	169	110	7	4	158	45	212	3.07e-07	49.3
WP_055996145.1	iCN900.CD630_20200	35.7	869	406	12	8	745	10	856	4.02e-167	504
WP_055996148.1	iAF987.Gmet_2727	33.0	100	67	0	69	168	291	390	5.39e-09	53.9
WP_055996148.1	iAF987.Gmet_1832	28.3	106	74	2	71	174	413	518	1.65e-07	49.7
WP_055996157.1	iJN1463.PP_5307	39.0	141	81	2	1	141	1	136	8.77e-23	87.0
WP_055996157.1	iYL1228.KPN_03425	41.5	123	68	1	17	139	15	133	1.91e-21	83.6
WP_055996157.1	iPC815.YPO0683	39.0	123	71	1	19	141	17	135	2.84e-21	83.2
WP_055996157.1	STM_v1_0.STM3158	39.8	123	70	1	17	139	15	133	4.26e-20	80.1
WP_055996160.1	iYL1228.KPN_03426	41.1	209	119	2	22	228	14	220	1.04e-37	131
WP_055996160.1	iJN1463.PP_5306	40.9	225	119	5	10	228	89	305	1.98e-36	130
WP_055996160.1	STM_v1_0.STM3159	41.6	209	118	2	22	228	19	225	6.73e-37	129
WP_055996160.1	iSbBS512_1146.SbBS512_E3434	41.4	210	117	3	22	228	19	225	1.88e-36	128
WP_055996160.1	iML1515.b3006	41.0	210	118	3	22	228	19	225	1.46e-35	125
WP_055996160.1	iSDY_1059.SDY_3067	41.0	210	118	3	22	228	19	225	1.46e-35	125
WP_055996160.1	iSF_1195.SF3051	41.0	210	118	3	22	228	19	225	1.46e-35	125
WP_055996160.1	iSSON_1240.SSON_3149	41.0	210	118	3	22	228	19	225	1.46e-35	125
WP_055996160.1	iPC815.YPO0682	41.9	217	106	5	22	228	128	334	2.16e-34	125
WP_055996163.1	iSF_1195.SF0561	38.0	129	77	3	18	144	7	134	9.41e-20	79.3
WP_055996163.1	iSSON_1240.SSON_0688	38.0	129	77	3	18	144	7	134	9.41e-20	79.3
WP_055996163.1	iSbBS512_1146.SbBS512_E0658	37.2	129	78	3	18	144	7	134	2.93e-18	75.5
WP_055996163.1	iSDY_1059.SDY_0684	37.2	129	78	3	18	144	7	134	5.81e-18	74.7
WP_055996183.1	iJN1463.PP_4301	51.8	467	225	0	10	476	5	471	4.33e-156	451
WP_055996183.1	iLB1027_lipid.PHATRDRAFT_22404	48.5	511	222	11	5	477	73	580	4.53e-137	407
WP_055996193.1	iJN1463.PP_4235	28.9	405	238	13	288	660	161	547	2.27e-12	69.7
WP_055996193.1	iJN1463.PP_0561	28.0	403	223	15	296	653	177	557	1.13e-10	64.3
WP_055996208.1	iHN637.CLJU_RS10465	36.9	333	204	3	28	355	302	633	1.59e-62	216
WP_055996214.1	iYL1228.KPN_01198	47.2	123	64	1	37	158	4	126	2.87e-38	127
WP_055996214.1	STM_v1_0.STM1291	47.4	116	60	1	44	158	21	136	3.57e-36	122
WP_055996214.1	iEK1008.Rv2674	45.7	127	66	2	37	160	7	133	3.67e-36	121
WP_055996214.1	iPC815.YPO2158	47.4	114	59	1	46	158	13	126	3.78e-36	121
WP_055996214.1	iML1515.b1778	47.4	116	60	1	44	158	11	126	7.58e-36	120
WP_055996214.1	iSSON_1240.SSON_1385	47.4	116	60	1	44	158	11	126	7.58e-36	120
WP_055996214.1	iSF_1195.SF1445	47.4	116	60	1	44	158	11	126	1.52e-35	120
WP_055996214.1	iSDY_1059.SDY_1489	46.6	116	61	1	44	158	11	126	3.05e-35	119
WP_055996217.1	iYS854.USA300HOU_RS14370	33.0	97	57	4	34	126	524	616	3.05e-04	40.4
WP_055996226.1	iEK1008.Rv1200	31.1	399	268	3	33	424	2	400	6.45e-52	180
WP_055996228.1	iYL1228.KPN_00393	64.9	658	228	2	10	665	2	658	0.0	897
WP_055996228.1	STM_v1_0.STM0442	65.0	657	229	1	10	665	2	658	0.0	897
WP_055996228.1	iML1515.b0431	64.3	658	232	2	10	665	2	658	0.0	892
WP_055996228.1	iSSON_1240.SSON_0414	64.3	658	232	2	10	665	2	658	0.0	892
WP_055996228.1	iSbBS512_1146.SbBS512_E0353	64.0	658	234	2	10	665	2	658	0.0	888
WP_055996228.1	iPC815.YPO3165	64.5	657	230	2	11	665	3	658	0.0	884
WP_055996228.1	iJN1463.PP_0813	62.5	659	244	2	10	666	2	659	4.14e-309	855
WP_055996228.1	iCN718.ABAYE_RS07350	61.9	657	246	3	8	662	3	657	4.36e-304	842
WP_055996231.1	STM_v1_0.STM0441	59.2	191	78	0	17	207	12	202	1.04e-82	244
WP_055996231.1	iML1515.b0430	58.6	191	79	0	17	207	12	202	2.09e-82	243
WP_055996231.1	iSSON_1240.SSON_0413	58.6	191	79	0	17	207	12	202	2.09e-82	243
WP_055996231.1	iSbBS512_1146.SbBS512_E0352	58.6	191	79	0	17	207	12	202	2.97e-82	243
WP_055996231.1	iJN1463.PP_0814	57.8	206	87	0	4	209	2	207	1.33e-81	241
WP_055996231.1	iYL1228.KPN_00392	58.8	194	77	1	17	207	8	201	2.34e-81	240
WP_055996231.1	iPC815.YPO3166	60.3	189	75	0	19	207	14	202	3.98e-80	237
WP_055996234.1	iPC815.YPO3167	55.3	103	44	2	15	117	8	108	5.12e-32	108
WP_055996234.1	iYL1228.KPN_00391	51.0	98	47	1	20	117	11	107	4.05e-31	106
WP_055996234.1	STM_v1_0.STM0440	51.0	98	47	1	20	117	11	107	2.32e-30	104
WP_055996234.1	iML1515.b0429	48.0	98	50	1	20	117	11	107	4.66e-30	103
WP_055996234.1	iSSON_1240.SSON_0412	48.0	98	50	1	20	117	11	107	4.66e-30	103
WP_055996234.1	iSbBS512_1146.SbBS512_E0351	48.0	98	50	1	20	117	11	107	1.33e-29	102
WP_055996241.1	iAF987.Gmet_1914	27.7	112	81	0	5	116	3	114	3.72e-10	57.4
WP_055996257.1	iYL1228.KPN_03673	61.4	1036	393	3	1	1034	1	1031	0.0	1231
WP_055996257.1	STM_v1_0.STM3391	60.9	1041	401	3	1	1039	1	1037	0.0	1230
WP_055996257.1	iML1515.b0462	60.6	1036	403	3	1	1034	1	1033	0.0	1218
WP_055996257.1	iJN1463.PP_1385	61.4	1035	396	2	1	1035	1	1031	0.0	1204
WP_055996257.1	iML1515.b3266	60.0	1036	408	3	1	1034	1	1032	0.0	1204
WP_055996257.1	iML1515.b2470	56.8	1034	443	1	1	1034	1	1030	0.0	1133
WP_055996257.1	iSSON_1240.SSON_2550	56.8	1034	443	1	1	1034	1	1030	0.0	1132
WP_055996257.1	iSF_1195.SF2512	56.6	1034	445	1	1	1034	1	1030	0.0	1131
WP_055996257.1	iSDY_1059.SDY_2654	56.5	1034	446	1	1	1034	1	1030	0.0	1123
WP_055996265.1	iJN1463.PP_4211	33.6	444	279	5	22	451	22	463	1.51e-50	177
WP_055996265.1	iJN1463.PP_1384	35.3	411	258	4	49	451	56	466	5.34e-50	176
WP_055996267.1	iML1515.b3241	25.5	322	170	8	38	352	10	268	2.18e-11	63.9
WP_055996272.1	iAF987.Gmet_2999	35.3	136	80	2	4	136	8	138	5.73e-18	81.3
WP_055996275.1	iJN1463.PP_0100	46.0	215	115	1	1	215	22	235	1.50e-66	205
WP_055996275.1	iYL1228.KPN_02014	46.4	209	108	3	1	207	1	207	2.28e-59	186
WP_055996281.1	iML1515.b0126	45.2	197	107	1	1	197	1	196	9.17e-61	189
WP_055996281.1	iSbBS512_1146.SbBS512_E0119	45.2	197	107	1	1	197	1	196	9.17e-61	189
WP_055996281.1	iSDY_1059.SDY_0035	45.2	197	107	1	1	197	1	196	9.17e-61	189
WP_055996281.1	iSF_1195.SF0123	45.2	197	107	1	1	197	1	196	9.17e-61	189
WP_055996281.1	iSSON_1240.SSON_0134	45.2	197	107	1	1	197	1	196	9.17e-61	189
WP_055996281.1	STM_v1_0.STM0171	45.7	197	106	1	1	197	1	196	5.23e-60	187
WP_055996281.1	iPC815.YPO3407	43.8	203	112	2	1	203	1	201	1.20e-58	183
WP_055996281.1	iYL1228.KPN_00134	48.0	173	90	0	19	191	3	175	5.93e-58	181
WP_055996284.1	iEK1008.Rv3777	28.3	321	192	6	27	331	26	324	5.62e-29	113
WP_055996287.1	iAF987.Gmet_1914	28.6	112	75	1	584	690	3	114	1.16e-09	60.8
WP_055996302.1	iAF987.Gmet_0069	33.6	119	75	2	3	117	5	123	2.12e-12	64.7
WP_055996302.1	iAF987.Gmet_1706	32.8	119	76	2	1	117	1	117	4.79e-11	60.8
WP_055996308.1	iSbBS512_1146.SbBS512_E0599	23.6	411	238	11	1	411	6	340	1.26e-04	43.9
WP_055996308.1	iML1515.b0650	23.6	411	238	11	1	411	6	340	1.67e-04	43.5
WP_055996308.1	STM_v1_0.STM0659	23.9	410	236	12	1	410	6	339	2.91e-04	42.7
WP_055996308.1	iSSON_1240.SSON_0604	23.6	411	238	11	1	411	6	340	2.91e-04	42.7
WP_055996311.1	iYL1228.KPN_03869	49.0	510	240	5	21	515	39	543	4.66e-155	453
WP_055996311.1	STM_v1_0.STM3603	47.9	507	250	4	21	515	39	543	2.34e-152	446
WP_055996311.1	iML1515.b3519	47.9	507	250	4	21	515	39	543	3.76e-151	443
WP_055996311.1	iSbBS512_1146.SbBS512_E3922	47.9	507	250	4	21	515	39	543	3.76e-151	443
WP_055996311.1	iSF_1195.SF3550	47.7	507	251	4	21	515	39	543	7.53e-151	442
WP_055996311.1	iSSON_1240.SSON_3567	47.7	507	251	4	21	515	39	543	7.53e-151	442
WP_055996311.1	iYL1228.KPN_02303	47.2	487	242	5	42	515	50	534	1.94e-145	429
WP_055996311.1	iML1515.b1197	47.2	489	239	6	42	515	45	529	1.66e-145	429
WP_055996311.1	iSDY_1059.SDY_1246	47.0	489	240	6	42	515	45	529	1.88e-144	426
WP_055996311.1	iSF_1195.SF1200	46.8	489	241	6	42	515	45	529	1.51e-143	424
WP_055996311.1	STM_v1_0.STM1796	47.3	490	237	7	42	515	52	536	6.37e-141	417
WP_055996322.1	iPC815.YPO0378	53.0	428	197	4	3	427	4	430	1.96e-152	438
WP_055996322.1	iJN1463.PP_4889	54.7	428	191	3	3	428	4	430	2.59e-152	438
WP_055996322.1	iML1515.b4177	53.3	428	196	4	3	427	4	430	1.04e-149	431
WP_055996322.1	iSbBS512_1146.SbBS512_E4708	53.3	428	196	4	3	427	4	430	1.04e-149	431
WP_055996322.1	iSDY_1059.SDY_4412	53.3	428	196	4	3	427	4	430	1.04e-149	431
WP_055996322.1	iSSON_1240.SSON_4362	53.3	428	196	4	3	427	4	430	1.04e-149	431
WP_055996322.1	iYL1228.KPN_04576	53.7	428	194	4	3	427	4	430	2.09e-149	431
WP_055996322.1	STM_v1_0.STM4366	53.0	428	197	4	3	427	4	430	2.97e-149	430
WP_055996322.1	iSF_1195.SF4332	53.0	428	197	4	3	427	4	430	5.96e-149	429
WP_055996322.1	iAF987.Gmet_3260	51.2	430	208	2	1	428	1	430	1.04e-146	424
WP_055996322.1	iCN718.ABAYE_RS12990	52.4	439	192	6	3	428	4	438	7.47e-144	417
WP_055996322.1	iHN637.CLJU_RS20860	49.6	423	211	2	1	421	1	423	4.18e-143	414
WP_055996322.1	iSynCJ816.SGL_RS05700	49.4	429	213	3	1	427	1	427	4.41e-136	397
WP_055996328.1	iPC815.YPO2751	58.1	358	141	3	1	355	1	352	4.13e-135	389
WP_055996328.1	iCN718.ABAYE_RS10010	57.6	356	142	3	1	353	1	350	1.26e-134	387
WP_055996328.1	iML1515.b2329	57.0	356	144	3	1	353	1	350	3.39e-129	374
WP_055996328.1	STM_v1_0.STM2384	56.5	356	146	3	1	353	1	350	9.66e-129	372
WP_055996328.1	iSDY_1059.SDY_2528	56.7	356	145	3	1	353	1	350	1.37e-128	372
WP_055996328.1	iSSON_1240.SSON_2387	56.5	356	146	3	1	353	1	350	5.53e-128	370
WP_055996328.1	iSbBS512_1146.SbBS512_E2707	56.5	356	146	3	1	353	1	350	7.84e-128	370
WP_055996328.1	iSF_1195.SF2405	56.5	356	146	3	1	353	1	350	7.84e-128	370
WP_055996328.1	iYL1228.KPN_02719	56.1	358	148	3	1	355	1	352	1.58e-127	369
WP_055996328.1	iJN1463.PP_1830	56.6	355	146	4	1	353	1	349	7.30e-124	360
WP_055996343.1	iJN1463.PP_2805	48.1	484	248	2	9	490	8	490	4.63e-165	476
WP_055996343.1	iCN718.ABAYE_RS02690	43.4	491	274	4	12	499	4	493	8.83e-152	442
WP_055996349.1	iAF987.Gmet_0069	40.2	174	102	1	826	997	130	303	1.12e-25	108
WP_055996349.1	iJN1463.PP_0129	41.6	161	94	0	836	996	483	643	3.10e-23	105
WP_055996349.1	iAF987.Gmet_2425	41.8	165	90	3	834	995	183	344	3.60e-23	102
WP_055996352.1	iSDY_1059.SDY_3762	32.7	150	90	3	49	197	22	161	1.95e-12	70.9
WP_055996352.1	iML1515.b3966	32.0	150	91	3	49	197	22	161	7.73e-12	68.9
WP_055996352.1	iSSON_1240.SSON_4139	32.0	150	91	3	49	197	22	161	7.73e-12	68.9
WP_055996352.1	STM_v1_0.STM2199	33.3	144	81	4	49	189	28	159	1.87e-11	67.8
WP_055996352.1	iSF_1195.SF4048	31.3	150	92	3	49	197	22	161	2.32e-11	67.4
WP_055996352.1	STM_v1_0.STM4130	33.8	154	81	5	49	196	22	160	3.06e-11	67.0
WP_055996352.1	iML1515.b2155	33.3	144	81	4	49	189	28	159	4.26e-11	66.6
WP_055996352.1	iSSON_1240.SSON_2211	33.3	144	81	4	49	189	28	159	4.26e-11	66.6
WP_055996352.1	iPC815.YPO3910	27.1	207	129	5	49	246	34	227	4.11e-11	66.6
WP_055996352.1	iYL1228.KPN_02593	33.1	139	78	4	54	189	14	140	1.64e-10	64.7
WP_055996358.1	iSSON_1240.SSON_4482	30.2	252	160	5	269	512	1	244	3.00e-22	96.7
WP_055996362.1	iCN900.CD630_31820	28.6	539	329	8	22	518	1	525	4.71e-68	228
WP_055996368.1	iYL1228.KPN_01308	48.3	319	163	1	2	318	1	319	2.43e-87	265
WP_055996368.1	iSbBS512_1146.SbBS512_E1559	49.2	307	154	1	2	306	1	307	5.54e-86	261
WP_055996368.1	iML1515.b1325	48.9	307	155	1	2	306	1	307	3.14e-85	259
WP_055996368.1	iSF_1195.SF1331	48.9	307	155	1	2	306	1	307	4.45e-85	259
WP_055996368.1	iSDY_1059.SDY_1403	48.9	307	155	1	2	306	15	321	9.72e-85	258
WP_055996368.1	iSSON_1240.SSON_1813	48.8	301	152	1	2	300	1	301	1.79e-82	251
WP_055996368.1	STM_v1_0.STM1681	48.2	307	157	1	2	306	1	307	4.59e-82	251
WP_055996371.1	iYO844.BSU10220	31.8	406	260	5	12	405	11	411	1.12e-52	181
WP_055996377.1	iML1515.b2430	28.1	303	165	11	55	307	98	397	3.18e-14	72.8
WP_055996380.1	iJN1463.PP_1355	30.3	478	313	8	22	484	19	491	8.95e-51	180
WP_055996383.1	iAF692.Mbar_A0309	25.0	356	219	10	276	631	252	559	2.34e-10	63.9
WP_055996419.1	iYS854.USA300HOU_RS03405	31.9	69	47	0	18	86	18	86	2.15e-09	49.7
WP_055996419.1	iYO844.BSU31650	38.8	80	46	1	9	88	8	84	1.06e-08	47.8
WP_055996422.1	iYS854.USA300HOU_RS04700	32.0	97	66	0	13	109	60	156	1.22e-16	70.5
WP_055996422.1	iYO844.BSU31640	30.5	105	73	0	6	110	53	157	3.68e-15	66.6
WP_055996425.1	iYO844.BSU31630	30.4	425	295	1	11	435	8	431	1.58e-59	203
WP_055996428.1	iJN1463.PP_2230	35.1	973	546	23	1	908	3	955	5.26e-117	380
WP_055996440.1	STM_v1_0.STM0364	26.7	690	442	19	63	730	55	702	2.03e-52	193
WP_055996440.1	iYL1228.KPN_00165	24.4	704	456	19	61	730	74	735	8.47e-49	183
WP_055996440.1	iJN1463.PP_0160	25.7	692	459	21	61	730	170	828	6.38e-47	178
WP_055996443.1	iSynCJ816.SGL_RS17805	40.4	364	212	3	15	373	31	394	1.16e-86	268
WP_055996449.1	iJN1463.PP_5182	40.7	437	247	6	13	445	18	446	2.80e-103	315
WP_055996449.1	iJN1463.PP_2180	41.8	438	244	7	11	445	16	445	1.08e-102	313
WP_055996449.1	iJN1463.PP_4421	36.4	451	276	5	8	447	11	461	1.43e-93	290
WP_055996452.1	iSSON_1240.SSON_1361	67.3	355	110	2	1	350	2	355	3.26e-175	490
WP_055996452.1	iML1515.b1800	67.0	355	111	2	1	350	2	355	6.56e-175	489
WP_055996452.1	iSDY_1059.SDY_1701	67.0	355	111	2	1	350	2	355	1.88e-174	488
WP_055996452.1	iSbBS512_1146.SbBS512_E2058	67.0	355	111	2	1	350	2	355	2.66e-174	488
WP_055996452.1	iYL1228.KPN_01015	65.9	355	115	2	5	354	6	359	8.83e-173	484
WP_055996452.1	iCN718.ABAYE_RS14760	64.6	356	120	2	4	354	5	359	6.64e-170	477
WP_055996452.1	iPC815.YPO2496	63.1	352	124	2	4	350	9	359	4.72e-164	462
WP_055996455.1	iJN1463.PP_5273	33.6	384	244	6	26	404	31	408	1.70e-51	178
WP_055996455.1	iJN1463.PP_3146	34.8	388	234	10	26	404	31	408	9.49e-50	174
WP_055996455.1	iJN1463.PP_4548	35.1	367	227	6	24	385	34	394	1.55e-45	162
WP_055996461.1	STM_v1_0.STM0850	35.9	309	188	3	10	317	5	304	9.05e-46	157
WP_055996461.1	iYL1228.KPN_00864	35.7	308	190	2	10	317	5	304	1.27e-45	156
WP_055996461.1	iML1515.b0831	35.0	309	191	3	10	317	5	304	3.52e-45	155
WP_055996461.1	iSDY_1059.SDY_0756	35.0	309	191	3	10	317	5	304	3.52e-45	155
WP_055996461.1	iSSON_1240.SSON_0813	35.0	309	191	3	10	317	5	304	4.95e-45	155
WP_055996461.1	iSF_1195.SF0781	34.6	309	192	3	10	317	5	304	1.37e-44	154
WP_055996461.1	iSbBS512_1146.SbBS512_E2517	34.6	309	192	3	10	317	5	304	5.34e-44	152
WP_055996461.1	iYL1228.KPN_03898	32.5	335	200	6	10	319	5	338	7.12e-41	145
WP_055996461.1	iML1515.b3543	31.3	335	204	5	10	319	5	338	2.73e-40	143
WP_055996461.1	STM_v1_0.STM3629	31.3	335	204	5	10	319	5	338	2.73e-40	143
WP_055996461.1	iSDY_1059.SDY_4566	31.3	335	204	5	10	319	5	338	2.73e-40	143
WP_055996461.1	iSSON_1240.SSON_3847	31.3	335	204	5	10	319	5	338	2.73e-40	143
WP_055996461.1	iJN1463.PP_0881	32.3	334	203	5	8	319	3	335	7.01e-40	142
WP_055996461.1	iSF_1195.SF3578	31.0	335	205	5	10	319	5	338	1.05e-39	142
WP_055996464.1	iYS854.USA300HOU_RS01060	38.1	210	130	0	50	259	169	378	1.47e-33	125
WP_055996464.1	iLJ478.TM1748	32.5	252	167	3	10	259	28	278	2.53e-32	119
WP_055996464.1	iJN1463.PP_0880	33.8	260	159	4	10	259	40	296	5.46e-31	116
WP_055996467.1	iSbBS512_1146.SbBS512_E2519	36.2	563	316	9	8	532	15	572	5.92e-99	313
WP_055996467.1	iSSON_1240.SSON_0811	35.7	563	319	7	8	532	4	561	4.80e-98	311
WP_055996467.1	iML1515.b0829	35.3	563	321	6	8	532	15	572	8.96e-98	310
WP_055996467.1	iSDY_1059.SDY_0758	35.3	563	321	6	8	532	4	561	9.48e-98	310
WP_055996467.1	iSF_1195.SF0779	35.5	563	320	8	8	532	4	561	5.18e-97	308
WP_055996467.1	iYL1228.KPN_00862	35.1	562	335	5	2	533	9	570	1.31e-95	305
WP_055996467.1	STM_v1_0.STM0848	36.1	551	306	9	22	532	28	572	7.91e-95	303
WP_055996473.1	iCN900.CD630_28190	30.9	350	226	8	17	364	3	338	4.09e-39	143
WP_055996478.1	iJN1463.PP_0612	26.3	434	224	10	17	428	2	361	1.03e-30	121
WP_055996478.1	iAT_PLT_636.1757	27.2	430	259	11	14	433	63	448	4.07e-26	111
WP_055996481.1	iSSON_1240.SSON_0604	41.6	546	302	8	1	544	6	536	8.94e-127	382
WP_055996481.1	iML1515.b0650	41.4	546	303	8	1	544	6	536	2.52e-126	381
WP_055996481.1	iSbBS512_1146.SbBS512_E0599	41.2	548	301	9	1	544	6	536	1.99e-125	379
WP_055996481.1	STM_v1_0.STM0659	40.6	547	306	9	1	544	6	536	1.36e-123	374
WP_055996493.1	iJN1463.PP_4794	48.4	878	395	11	1	831	1	867	5.78e-295	833
WP_055996493.1	iCN718.ABAYE_RS16150	47.7	876	404	15	1	830	6	873	2.26e-275	784
WP_055996493.1	iSynCJ816.SGL_RS05615	46.7	870	421	13	1	830	1	867	6.83e-268	764
WP_055996493.1	iSDY_1059.SDY_0564	46.6	863	423	12	1	830	1	858	8.15e-267	761
WP_055996493.1	iSF_1195.SF0639	46.3	864	424	12	1	830	1	858	8.15e-267	761
WP_055996493.1	iSbBS512_1146.SbBS512_E0609	46.6	864	421	13	1	830	1	858	2.31e-266	760
WP_055996493.1	STM_v1_0.STM0648	46.2	863	426	11	1	830	1	858	1.32e-265	758
WP_055996493.1	iSSON_1240.SSON_0596	46.5	864	422	13	1	830	1	858	1.06e-264	756
WP_055996493.1	iAF987.Gmet_2300	46.6	858	394	15	1	830	1	822	3.60e-264	753
WP_055996498.1	iPC815.YPO3712	50.1	359	177	1	1	357	1	359	7.95e-108	320
WP_055996498.1	STM_v1_0.STM4230	50.4	359	176	1	1	357	1	359	9.07e-107	317
WP_055996498.1	iML1515.b4035	50.4	361	175	2	1	357	1	361	5.50e-106	315
WP_055996498.1	iYL1228.KPN_04424	49.9	359	178	1	1	357	1	359	5.16e-106	315
WP_055996498.1	iSSON_1240.SSON_4213	50.4	361	175	2	1	357	1	361	5.50e-106	315
WP_055996498.1	iSF_1195.SF4170	50.1	361	176	2	1	357	1	361	4.43e-105	313
WP_055996498.1	iPC815.YPO3793	51.1	356	166	6	1	354	1	350	9.14e-104	309
WP_055996498.1	iEK1008.Rv2038c	49.3	365	170	6	1	359	1	356	1.91e-100	301
WP_055996498.1	STM_v1_0.STM3554	48.6	362	161	7	1	351	1	348	2.11e-99	298
WP_055996498.1	iML1515.b3450	48.2	359	167	5	1	351	1	348	3.39e-98	295
WP_055996498.1	iSbBS512_1146.SbBS512_E3873	48.5	359	166	5	1	351	1	348	6.80e-98	294
WP_055996498.1	iYL1228.KPN_03810	48.6	354	173	5	1	351	1	348	3.86e-97	292
WP_055996500.1	iYO844.BSU28730	35.7	241	147	1	43	283	49	281	4.02e-44	150
WP_055996500.1	iCN900.CD630_34150	31.1	264	172	2	20	282	32	286	2.11e-41	144
WP_055996500.1	iEK1008.Rv2834c	33.8	281	174	5	5	283	5	275	1.61e-41	144
WP_055996503.1	iCN900.CD630_34160	29.4	286	197	2	1	286	1	281	6.48e-48	161
WP_055996503.1	iEK1008.Rv2040c	32.8	296	187	5	3	292	4	293	7.99e-45	153
WP_055996503.1	iYO844.BSU28740	28.3	286	196	4	4	287	28	306	4.64e-43	149
WP_055996509.1	iYO844.BSU35550	35.6	90	58	0	14	103	10	99	5.40e-08	52.0
WP_055996509.1	iEK1008.Rv1500	28.2	131	81	2	2	132	9	126	2.63e-06	47.4
WP_055996515.1	iJN1463.PP_2408	31.1	399	255	4	19	410	22	407	5.91e-29	117
WP_055996515.1	iJN1463.PP_0045	30.4	395	255	3	23	410	31	412	2.46e-27	112
WP_055996518.1	iJN1463.PP_2409	37.3	343	207	5	40	378	65	403	2.09e-52	179
WP_055996518.1	iJN1463.PP_0044	36.9	339	207	4	44	377	78	414	1.55e-50	174
WP_055996521.1	iJN1463.PP_2410	52.1	1066	479	6	1	1057	1	1043	0.0	1001
WP_055996521.1	iJN1463.PP_0043	51.7	1058	480	6	1	1049	1	1036	0.0	999
WP_055996524.1	iSynCJ816.SGL_RS17340	60.7	305	119	1	12	316	15	318	2.40e-132	379
WP_055996530.1	iSynCJ816.SGL_RS08475	34.2	158	81	8	74	223	56	198	2.56e-08	53.1
WP_055996530.1	iJN1463.PP_4144	33.5	164	86	7	44	203	27	171	1.39e-07	51.2
WP_055996548.1	iCN718.ABAYE_RS16695	41.4	210	105	2	1	192	1	210	5.30e-53	169
WP_055996548.1	iLB1027_lipid.PHATRDRAFT_24772	41.6	214	107	2	1	196	565	778	3.59e-46	162
WP_055996548.1	iPC815.YPO0530	46.6	193	91	4	1	182	1	192	1.14e-48	157
WP_055996548.1	iJN1463.PP_1986	39.5	210	109	3	1	192	1	210	2.44e-48	157
WP_055996548.1	STM_v1_0.STM0110	45.1	193	94	4	2	183	3	194	1.07e-46	152
WP_055996551.1	iPC815.YPO0531	62.3	475	170	3	2	475	5	471	2.99e-210	589
WP_055996551.1	iMM904.YGL009C	59.8	473	190	0	2	474	6	478	1.76e-202	580
WP_055996551.1	STM_v1_0.STM0111	63.5	471	163	3	6	475	3	465	7.54e-206	577
WP_055996551.1	iLB1027_lipid.PHATRDRAFT_24772	61.0	472	179	4	5	474	40	508	2.28e-200	576
WP_055996551.1	iCN718.ABAYE_RS16700	61.1	468	181	1	6	473	4	470	2.17e-204	574
WP_055996551.1	iYL1228.KPN_00078	63.3	471	164	3	6	475	3	465	2.49e-204	573
WP_055996551.1	iML1515.b0072	63.3	471	164	3	6	475	3	465	3.53e-204	573
WP_055996551.1	iSbBS512_1146.SbBS512_E0066	63.3	471	164	3	6	475	3	465	3.53e-204	573
WP_055996551.1	iSSON_1240.SSON_0079	63.3	471	164	3	6	475	3	465	3.53e-204	573
WP_055996551.1	iSDY_1059.SDY_0099	63.3	471	164	3	6	475	3	465	5.01e-204	573
WP_055996551.1	iJN1463.PP_1985	61.4	471	180	1	6	476	4	472	2.11e-203	572
WP_055996551.1	iSF_1195.SF0067	63.1	471	165	3	6	475	3	465	2.88e-203	571
WP_055996551.1	iYO844.BSU28260	58.9	477	188	2	5	481	3	471	1.81e-198	559
WP_055996551.1	iEK1008.Rv2988c	60.6	477	176	5	2	475	5	472	3.77e-198	558
WP_055996554.1	iEK1008.Rv2503c	63.5	203	72	1	3	205	6	206	1.36e-91	267
WP_055996554.1	iCN718.ABAYE_RS09815	62.4	205	75	1	1	205	1	203	1.63e-91	266
WP_055996554.1	iAF987.Gmet_3297	63.8	207	73	1	1	207	1	205	4.50e-90	263
WP_055996554.1	iYO844.BSU38980	63.2	209	75	1	1	209	1	207	1.20e-89	262
WP_055996554.1	iYL1228.KPN_02054	63.9	202	71	1	4	205	3	202	4.03e-86	253
WP_055996554.1	iIT341.HP0692	58.3	206	83	2	5	210	2	204	3.23e-85	250
WP_055996554.1	iJN1463.PP_3123	61.0	205	78	1	1	205	1	203	1.33e-84	249
WP_055996557.1	iYL1228.KPN_04267	30.2	536	345	11	7	530	3	521	3.90e-58	202
WP_055996557.1	STM_v1_0.STM3901	29.1	526	364	7	7	530	3	521	7.53e-58	201
WP_055996557.1	iSynCJ816.SGL_RS09150	30.4	536	342	11	10	531	9	527	5.60e-57	199
WP_055996557.1	iCN718.ABAYE_RS16140	29.8	540	345	12	7	522	6	535	6.08e-55	194
WP_055996557.1	iYS854.USA300HOU_RS11065	27.3	545	366	9	5	532	35	566	7.87e-55	194
WP_055996557.1	iJN1463.PP_4680	28.8	534	358	8	7	522	6	535	4.28e-54	192
WP_055996557.1	iSynCJ816.SGL_RS09105	28.7	550	344	11	7	525	23	555	6.03e-52	187
WP_055996557.1	iNF517.LLMG_RS06485	29.0	513	338	9	4	501	9	510	3.84e-51	184
WP_055996557.1	iLJ478.TM0548	27.4	540	364	9	7	530	8	535	4.51e-51	184
WP_055996557.1	iHN637.CLJU_RS19160	27.4	536	367	10	9	534	15	538	3.94e-51	183
WP_055996557.1	iAF987.Gmet_1260	28.4	542	368	8	7	532	5	542	8.88e-51	182
WP_055996563.1	iJN1463.PP_2407	53.3	135	62	1	9	143	5	138	7.82e-45	143
WP_055996563.1	iCN718.ABAYE_RS08045	49.6	137	69	0	7	143	3	139	2.22e-42	137
WP_055996563.1	iAF987.Gmet_0981	52.9	136	63	1	9	144	3	137	1.23e-41	135
WP_055996563.1	iEK1008.Rv2537c	50.4	135	66	1	9	143	6	139	1.13e-41	135
WP_055996563.1	iJN1463.PP_0560	52.5	139	66	0	7	145	2	140	1.46e-40	132
WP_055996566.1	STM_v1_0.STM3379	49.4	158	72	3	19	170	1	156	1.05e-31	111
WP_055996566.1	iPC815.YPO3659	47.9	163	65	4	19	170	1	154	3.97e-31	109
WP_055996566.1	iML1515.b3255	46.8	156	79	1	19	170	1	156	3.35e-30	107
WP_055996566.1	iSbBS512_1146.SbBS512_E3287	46.8	156	79	1	19	170	1	156	3.35e-30	107
WP_055996566.1	iSF_1195.SF3293	46.8	156	79	1	19	170	1	156	3.35e-30	107
WP_055996566.1	iSSON_1240.SSON_3396	46.8	156	79	1	19	170	1	156	3.35e-30	107
WP_055996566.1	iSDY_1059.SDY_3432	46.2	156	80	1	19	170	1	156	2.67e-29	105
WP_055996569.1	iML1515.b3256	61.7	444	169	1	4	446	2	445	1.60e-197	554
WP_055996569.1	iSbBS512_1146.SbBS512_E3288	61.7	444	169	1	4	446	2	445	1.60e-197	554
WP_055996569.1	iSDY_1059.SDY_3433	61.7	444	169	1	4	446	2	445	1.60e-197	554
WP_055996569.1	iSSON_1240.SSON_3397	61.7	444	169	1	4	446	2	445	1.60e-197	554
WP_055996569.1	iYL1228.KPN_03665	61.7	444	169	1	4	446	2	445	1.31e-196	552
WP_055996569.1	iJN1463.PP_0558	60.5	448	176	1	3	449	4	451	1.40e-196	552
WP_055996569.1	iSF_1195.SF3294	61.3	444	171	1	4	446	2	445	1.51e-195	549
WP_055996569.1	iPC815.YPO3658	60.8	444	173	1	4	446	2	445	4.31e-195	548
WP_055996569.1	STM_v1_0.STM3380	61.5	444	170	1	4	446	2	445	8.67e-195	547
WP_055996569.1	iCN718.ABAYE_RS08035	60.4	445	174	2	4	447	2	445	6.95e-191	538
WP_055996569.1	iYO844.BSU24340	57.9	442	183	2	4	442	2	443	1.78e-182	516
WP_055996569.1	iHN637.CLJU_RS20745	56.0	439	191	2	6	442	4	442	1.88e-176	501
WP_055996572.1	iJN1463.PP_1645	49.1	112	53	1	4	111	5	116	3.25e-30	103
WP_055996575.1	iMM904.YKR031C	22.3	524	287	20	1	415	660	1172	1.88e-13	73.2
WP_055996575.1	iMM1415.18806	21.8	482	250	13	21	384	333	805	8.41e-13	70.9
WP_055996584.1	iYO844.BSU06480	51.1	744	343	10	3	737	11	742	5.52e-242	690
WP_055996584.1	iNF517.LLMG_RS04965	49.3	743	347	10	6	734	13	739	1.65e-232	666
WP_055996584.1	iYS854.USA300HOU_RS05325	51.2	680	300	6	7	675	16	674	2.95e-225	647
WP_055996584.1	iSynCJ816.SGL_RS02220	49.3	714	326	11	6	686	8	718	8.50e-216	624
WP_055996593.1	iML1515.b3336	56.7	157	68	0	1	157	1	157	7.60e-63	190
WP_055996599.1	iYO844.BSU32180	51.1	417	182	4	7	421	6	402	1.33e-121	358
WP_055996602.1	iJN1463.PP_5289	53.5	284	132	0	13	296	12	295	8.14e-106	310
WP_055996602.1	iAF987.Gmet_0203	54.3	289	131	1	9	297	4	291	5.64e-104	305
WP_055996602.1	iCN718.ABAYE_RS14570	53.0	285	133	1	12	296	11	294	7.86e-99	292
WP_055996611.1	iAF987.Gmet_2072	52.5	280	133	0	1	280	2	281	1.51e-91	272
WP_055996611.1	iYO844.BSU24160	50.7	280	138	0	1	280	3	282	1.38e-88	265
WP_055996611.1	iAF987.Gmet_1717	49.6	280	141	0	1	280	2	281	4.24e-86	258
WP_055996611.1	iJN1463.PP_3755	48.2	280	145	0	1	280	3	282	1.06e-81	247
WP_055996616.1	iEK1008.Rv3701c	38.1	310	174	6	16	314	17	319	1.36e-54	180
WP_055996619.1	iEK1008.Rv3703c	35.2	432	241	12	13	418	7	425	3.76e-48	169
WP_055996622.1	iCN718.ABAYE_RS03570	42.2	185	95	4	3	179	4	184	2.51e-34	119
WP_055996622.1	STM_v1_0.STM2050	44.2	163	89	1	7	167	3	165	2.79e-30	112
WP_055996622.1	iCHOv1.100751940	38.5	179	103	2	3	174	48	226	2.29e-29	108
WP_055996639.1	iJN1463.PP_0321	44.0	332	179	4	2	327	7	337	6.26e-78	241
WP_055996639.1	iAF987.Gmet_3503	42.9	338	186	4	2	333	12	348	4.88e-73	229
WP_055996641.1	iJN1463.PP_2872	25.2	286	187	6	18	294	11	278	1.08e-11	63.9
WP_055996650.1	iSynCJ816.SGL_RS12975	24.8	335	218	11	1	327	32	340	5.08e-12	66.6
WP_055996655.1	iJN1463.PP_4619	46.3	205	109	1	6	210	3	206	5.55e-56	176
WP_055996655.1	iCN718.ABAYE_RS00890	44.0	207	113	2	6	210	3	208	2.34e-52	167
WP_055996661.1	iML1515.b2564	59.0	239	97	1	5	242	4	242	2.52e-91	268
WP_055996661.1	STM_v1_0.STM2578	59.4	239	96	1	5	242	4	242	2.52e-91	268
WP_055996661.1	iSF_1195.SF2626	59.0	239	97	1	5	242	4	242	7.18e-91	267
WP_055996661.1	iSbBS512_1146.SbBS512_E2929	59.0	239	97	1	5	242	4	242	1.44e-90	266
WP_055996661.1	iSDY_1059.SDY_2805	58.6	239	98	1	5	242	4	242	2.05e-90	266
WP_055996661.1	iSSON_1240.SSON_2688	58.6	239	98	1	5	242	4	242	2.05e-90	266
WP_055996661.1	iYL1228.KPN_02889	58.2	239	99	1	5	242	4	242	9.57e-89	262
WP_055996661.1	iPC815.YPO2930	58.6	239	98	1	5	242	4	242	1.36e-88	261
WP_055996661.1	iCN718.ABAYE_RS05235	53.8	236	108	1	7	241	5	240	3.44e-81	243
WP_055996667.1	iAT_PLT_636.4512	61.7	519	181	6	32	546	2	506	2.68e-231	647
WP_055996667.1	iCHOv1.3979185	61.1	519	184	6	32	546	2	506	4.03e-226	634
WP_055996667.1	iMM904.Q0045	57.3	534	199	5	35	547	4	529	3.90e-219	617
WP_055996667.1	iJN1463.PP_0104	56.1	542	216	9	13	551	6	528	4.13e-210	593
WP_055996673.1	iSynCJ816.SGL_RS10195	42.7	295	147	5	10	294	16	298	1.94e-65	207
WP_055996673.1	iJN1463.PP_0110	43.4	290	158	3	10	298	10	294	1.58e-65	207
WP_055996686.1	iJN1463.PP_1471	52.1	461	218	2	1	458	1	461	9.83e-156	449
WP_055996692.1	iYL1228.KPN_02080	39.4	218	119	4	1	208	2	216	8.23e-33	117
WP_055996692.1	STM_v1_0.STM2253	40.7	172	101	1	8	178	9	180	1.52e-29	108
WP_055996692.1	iPC815.YPO2735	38.7	186	113	1	2	186	3	188	1.52e-29	108
WP_055996695.1	iJN1463.PP_4327	37.9	177	96	2	13	175	14	190	2.06e-27	102
WP_055996701.1	iMM1415.13180	53.3	92	41	1	4	93	8	99	2.69e-27	95.5
WP_055996701.1	iCHOv1.100767749	53.3	92	41	1	4	93	25	116	6.11e-27	95.1
WP_055996701.1	iSynCJ816.SGL_RS08415	48.9	92	45	1	4	95	7	96	8.24e-25	89.0
WP_055996710.1	iCN718.ABAYE_RS14110	43.8	352	185	7	8	347	27	377	2.06e-92	280
WP_055996710.1	iLJ478.TM0282	44.1	347	181	8	9	348	13	353	2.05e-83	256
WP_055996713.1	iYL1228.KPN_00852	28.0	553	352	16	369	902	228	753	8.20e-52	195
WP_055996713.1	iCHOv1.100770033	29.4	528	337	16	364	878	319	823	3.90e-51	194
WP_055996716.1	iYO844.BSU34130	23.9	159	110	4	40	194	10	161	7.77e-04	42.0
WP_055996719.1	iJN1463.PP_2080	38.7	1510	865	24	70	1525	98	1601	3.61e-293	880
WP_055996719.1	iEK1008.Rv2476c	37.4	1540	858	29	45	1505	73	1585	4.09e-261	797
WP_055996725.1	iAF692.Mbar_A3070	28.2	344	220	11	72	404	65	392	5.18e-14	73.2
WP_055996807.1	iEK1008.Rv3487c	26.0	258	137	10	47	277	9	239	1.65e-04	42.0
WP_055996879.1	iAM_Pc455.PCYB_113330	22.6	177	118	5	173	348	361	519	2.32e-07	55.1
WP_055996891.1	iAT_PLT_636.4905	32.5	194	109	7	137	309	254	446	8.60e-13	69.7
WP_055996891.1	iMM1415.18195	32.5	194	109	7	137	309	254	446	8.60e-13	69.7
WP_055996933.1	iJN1463.PP_2205	44.3	609	289	9	6	606	6	572	3.73e-163	478
WP_055996933.1	iJN1463.PP_5380	40.1	675	327	10	1	606	1	667	6.89e-148	442
WP_055996940.1	iYS854.USA300HOU_RS05515	49.6	413	200	4	36	440	31	443	1.12e-123	366
WP_055996979.1	iCN718.ABAYE_RS07220	66.5	412	138	0	17	428	15	426	2.16e-190	535
WP_055996984.1	iJN1463.PP_2193	25.0	741	471	24	27	735	130	817	5.52e-32	132
WP_055996996.1	iPC815.YPO1055	50.8	132	63	1	4	135	17	146	1.99e-42	138
WP_055996996.1	iYL1228.KPN_00193	50.8	132	63	1	4	135	17	146	2.34e-42	137
WP_055996996.1	iAF987.Gmet_2354	52.9	136	64	0	1	136	11	146	9.17e-42	135
WP_055996996.1	STM_v1_0.STM0227	50.0	132	64	1	4	135	17	146	9.45e-42	135
WP_055996996.1	iML1515.b0180	50.0	132	64	1	4	135	17	146	1.90e-41	134
WP_055996996.1	iSbBS512_1146.SbBS512_E0173	50.0	132	64	1	4	135	17	146	1.90e-41	134
WP_055996996.1	iSDY_1059.SDY_0196	50.0	132	64	1	4	135	17	146	1.90e-41	134
WP_055996996.1	iSF_1195.SF0170	50.0	132	64	1	4	135	17	146	1.90e-41	134
WP_055996996.1	iSSON_1240.SSON_0192	50.0	132	64	1	4	135	17	146	1.90e-41	134
WP_055996996.1	iNF517.LLMG_RS08935	53.4	131	58	2	1	131	12	139	2.18e-41	134
WP_055996996.1	iIT341.HP1376	50.4	137	64	2	4	136	21	157	6.86e-41	133
WP_055996996.1	iJN1463.PP_1602	52.3	130	60	2	4	131	28	157	2.89e-38	127
WP_055997007.1	iPC815.YPO0442	50.0	208	103	1	75	282	109	315	2.01e-56	184
WP_055997007.1	iML1515.b4388	51.0	208	101	1	75	282	108	314	5.05e-56	183
WP_055997007.1	iSbBS512_1146.SbBS512_E4935	51.0	208	101	1	75	282	108	314	5.05e-56	183
WP_055997007.1	iSDY_1059.SDY_4649	51.0	208	101	1	75	282	108	314	5.05e-56	183
WP_055997007.1	iSF_1195.SF4420	51.0	208	101	1	75	282	108	314	5.05e-56	183
WP_055997007.1	iSSON_1240.SSON_4538	51.0	208	101	1	75	282	108	314	5.05e-56	183
WP_055997007.1	iCN718.ABAYE_RS01030	48.2	222	112	2	66	285	179	399	1.19e-54	182
WP_055997007.1	iJN1463.PP_4909	46.4	211	112	1	75	285	199	408	3.27e-52	176
WP_055997007.1	STM_v1_0.STM4578	49.5	208	104	1	75	282	108	314	9.59e-53	174
WP_055997007.1	iYL1228.KPN_04843	49.0	208	105	1	75	282	109	315	1.95e-52	174
WP_055997007.1	iEK1008.Rv3042c	45.1	226	121	2	66	289	166	390	6.06e-51	172
WP_055997010.1	iSynCJ816.SGL_RS14545	49.5	182	89	2	24	204	48	227	1.82e-57	181
WP_055997010.1	iYO844.BSU22780	48.6	179	89	2	24	201	7	183	7.66e-57	177
WP_055997010.1	iCN900.CD630_14490	48.9	182	91	2	24	204	7	187	2.50e-55	174
WP_055997010.1	iHN637.CLJU_RS03120	46.9	177	92	1	28	204	9	183	6.28e-55	172
WP_055997010.1	iCHOv1.100750667	48.6	177	88	2	29	204	72	246	9.22e-53	169
WP_055997010.1	iEK1008.Rv3609c	49.4	178	86	2	29	204	24	199	6.70e-53	168
WP_055997010.1	iMM1415.14528	48.0	177	89	2	29	204	65	239	6.04e-52	167
WP_055997052.1	iYO844.BSU10270	33.8	515	318	9	51	561	16	511	2.84e-81	263
WP_055997052.1	iYO844.BSU28560	32.9	517	313	10	60	557	48	549	6.79e-74	245
WP_055997052.1	iAF987.Gmet_2692	33.3	508	302	10	74	560	47	538	1.10e-73	244
WP_055997052.1	iEK1008.Rv3561	36.4	538	295	12	33	560	6	506	5.22e-74	244
WP_055997052.1	iEK1008.Rv3089	34.6	511	290	14	59	563	27	499	1.30e-73	243
WP_055997052.1	iEK1008.Rv0166	34.4	500	296	11	69	563	59	531	4.41e-73	243
WP_055997052.1	iYO844.BSU18250	32.3	535	321	13	48	558	19	536	5.49e-73	242
WP_055997058.1	iJN1463.PP_2437	59.7	409	154	1	1	409	6	403	1.37e-166	473
WP_055997058.1	iMM1415.71985	54.8	398	174	1	14	411	159	550	6.47e-147	428
WP_055997061.1	iAF987.Gmet_1600	46.6	307	159	2	2	307	4	306	3.11e-74	230
WP_055997061.1	iJN1463.PP_1913	48.1	293	147	2	3	294	6	294	6.33e-72	224
WP_055997061.1	iML1515.b1092	46.3	296	154	2	3	297	5	296	7.36e-70	219
WP_055997061.1	iSbBS512_1146.SbBS512_E2232	46.3	296	154	2	3	297	5	296	7.36e-70	219
WP_055997061.1	STM_v1_0.STM1194	46.3	296	154	2	3	297	5	296	2.08e-69	218
WP_055997061.1	iYL1228.KPN_01090	45.6	296	156	2	3	297	5	296	3.30e-68	214
WP_055997061.1	iSSON_1240.SSON_1112	45.6	296	156	2	3	297	5	296	6.60e-68	214
WP_055997061.1	iSF_1195.SF1096	45.6	296	156	2	3	297	5	296	2.63e-67	212
WP_055997061.1	iSDY_1059.SDY_2058	45.3	296	157	2	3	297	5	296	3.71e-67	212
WP_055997097.1	iYO844.BSU00180	41.6	101	58	1	5	105	3	102	8.41e-21	83.2
WP_055997097.1	iCN900.CD630_00150	31.0	142	92	3	5	146	2	137	5.66e-19	78.2
WP_055997097.1	iAF692.Mbar_A3057	37.8	90	56	0	28	117	26	115	5.04e-18	75.9
WP_055997107.1	iJN1463.PP_0527	53.5	619	276	6	7	624	15	622	4.17e-213	608
WP_055997107.1	iAF987.Gmet_2822	51.9	620	290	5	9	624	4	619	4.93e-205	588
WP_055997107.1	iAF987.Gmet_1934	51.3	622	295	5	7	624	2	619	1.14e-203	584
WP_055997107.1	iML1515.b0420	50.8	616	281	8	8	617	9	608	5.60e-195	562
WP_055997107.1	iSbBS512_1146.SbBS512_E0341	50.6	616	282	8	8	617	9	608	7.92e-195	561
WP_055997107.1	iSDY_1059.SDY_0310	50.5	616	283	8	8	617	9	608	1.59e-194	561
WP_055997107.1	iSSON_1240.SSON_0397	50.3	616	284	8	8	617	9	608	9.04e-194	559
WP_055997107.1	iSF_1195.SF0357	50.3	616	284	8	8	617	9	608	1.81e-193	558
WP_055997107.1	iPC815.YPO3177	50.5	616	288	8	8	620	9	610	2.48e-193	558
WP_055997107.1	STM_v1_0.STM0422	50.1	619	287	8	8	620	9	611	5.14e-193	557
WP_055997157.1	iPC815.YPO2369	43.2	398	206	5	5	385	3	397	5.75e-99	301
WP_055997157.1	STM_v1_0.STM1449	42.6	394	206	5	5	381	3	393	4.58e-98	298
WP_055997157.1	iYL1228.KPN_01975	41.3	397	219	3	5	387	7	403	2.06e-97	297
WP_055997157.1	iSDY_1059.SDY_1860	41.7	391	214	3	5	381	3	393	2.91e-96	294
WP_055997157.1	iSbBS512_1146.SbBS512_E1829	41.7	391	214	3	5	381	3	393	8.19e-96	293
WP_055997157.1	iSSON_1240.SSON_1519	41.7	391	214	3	5	381	3	393	8.19e-96	293
WP_055997157.1	iYS854.USA300HOU_RS09175	42.1	397	213	6	5	387	2	395	4.60e-94	288
WP_055997157.1	iNF517.LLMG_RS02055	40.2	415	224	6	12	405	7	418	7.07e-93	285
WP_055997157.1	iEK1008.Rv1689	43.4	394	205	5	8	385	5	396	2.29e-89	276
WP_055997183.1	iAM_Pf480.PF3D7_0729200	28.2	163	103	4	3	152	59	220	3.93e-19	80.5
WP_055997183.1	iAM_Pv461.PVX_081760	30.6	147	89	4	3	137	57	202	2.86e-17	75.5
WP_055997183.1	iAM_Pb448.PBANKA_021330	30.0	140	89	3	25	156	98	236	4.49e-17	75.1
WP_055997183.1	iAM_Pc455.PCYB_022410	29.9	147	90	4	3	137	57	202	2.10e-16	73.2
WP_055997189.1	iEK1008.Rv3704c	31.0	355	210	12	14	358	23	352	9.38e-28	114
WP_055997198.1	iPC815.YPO2616	32.8	525	291	23	15	510	8	499	1.68e-44	164
WP_055997198.1	iML1515.b0657	32.1	505	303	16	15	502	8	489	4.20e-44	162
WP_055997198.1	iSF_1195.SF0625	31.9	505	304	16	15	502	8	489	1.10e-43	161
WP_055997198.1	iSbBS512_1146.SbBS512_E0590	32.3	524	319	18	15	523	8	510	1.51e-43	161
WP_055997198.1	iSSON_1240.SSON_0611	32.3	524	319	18	15	523	8	510	2.87e-43	160
WP_055997198.1	STM_v1_0.STM0666	32.1	505	303	15	15	502	8	489	3.95e-43	160
WP_055997198.1	iSDY_1059.SDY_0593	31.9	505	304	16	15	502	8	489	3.95e-43	160
WP_055997198.1	iYL1228.KPN_00682	30.6	526	327	15	15	523	8	512	2.49e-41	155
WP_055997218.1	iML1515.b4291	25.9	259	170	11	37	288	123	366	1.26e-07	55.1
WP_055997218.1	iSDY_1059.SDY_4297	25.9	259	170	11	37	288	123	366	1.26e-07	55.1
WP_055997218.1	iSSON_1240.SSON_4463	25.9	259	170	11	37	288	123	366	1.26e-07	55.1
WP_055997218.1	iPC815.YPO3910	28.9	228	127	12	53	258	59	273	1.15e-07	55.1
WP_055997218.1	iML1515.b3966	26.1	241	155	9	51	287	46	267	1.77e-06	51.2
WP_055997218.1	STM_v1_0.STM2199	26.4	193	115	6	1	186	10	182	1.83e-06	51.2
WP_055997218.1	iSSON_1240.SSON_4139	26.1	241	155	9	51	287	46	267	1.77e-06	51.2
WP_055997218.1	iSF_1195.SF4048	25.7	241	156	9	51	287	46	267	2.33e-06	50.8
WP_055997218.1	iSDY_1059.SDY_3762	26.5	219	132	8	51	253	46	251	3.07e-06	50.4
WP_055997238.1	iEK1008.Rv3777	48.7	310	156	1	19	325	19	328	5.39e-93	279
WP_055997269.1	iAF987.Gmet_0043	29.1	110	69	3	337	438	158	266	2.62e-05	46.2
WP_055997272.1	iMM1415.109801	61.9	160	59	2	7	166	27	184	2.73e-69	207
WP_055997272.1	iCHOv1.100764266	60.6	160	61	2	7	166	27	184	1.57e-68	206
WP_055997272.1	iAT_PLT_636.2739	62.8	156	56	2	7	162	27	180	3.67e-67	202
WP_055997275.1	iMM1415.16790	22.6	195	129	8	389	567	335	523	1.20e-04	45.4
WP_055997275.1	iAT_PLT_636.290	25.0	180	113	8	383	546	330	503	1.58e-04	45.1
WP_055997297.1	iML1515.b2661	60.7	463	182	0	2	464	14	476	3.99e-198	558
WP_055997297.1	iSSON_1240.SSON_2805	60.5	463	183	0	2	464	14	476	1.62e-197	556
WP_055997297.1	iYL1228.KPN_00256	59.8	463	186	0	2	464	14	476	4.33e-195	550
WP_055997297.1	iAF987.Gmet_3395	57.6	467	198	0	5	471	18	484	1.44e-191	541
WP_055997297.1	STM_v1_0.STM2791	59.7	462	186	0	3	464	15	476	2.69e-191	541
WP_055997297.1	iJN1463.PP_0213	58.9	462	188	1	3	464	15	474	2.35e-189	536
WP_055997297.1	iCN718.ABAYE_RS14730	57.6	462	196	0	3	464	16	477	4.98e-182	517
WP_055997297.1	iCN718.ABAYE_RS11770	54.8	469	212	0	3	471	15	483	2.02e-179	511
WP_055997308.1	iYS854.USA300HOU_RS11455	45.9	464	250	1	10	473	8	470	7.26e-120	358
WP_055997321.1	iMM904.YPL059W	48.1	104	51	1	1	101	30	133	2.16e-31	107
WP_055997321.1	iPC815.YPO2383	51.1	94	46	0	8	101	6	99	4.73e-31	105
WP_055997321.1	iYL1228.KPN_01992	48.5	97	50	0	5	101	4	100	1.31e-30	104
WP_055997321.1	iMM904.YER174C	51.6	91	44	0	3	93	143	233	3.55e-29	104
WP_055997321.1	STM_v1_0.STM1433	48.5	97	50	0	5	101	4	100	1.31e-30	104
WP_055997321.1	iML1515.b1654	48.5	97	50	0	5	101	4	100	3.75e-30	103
WP_055997321.1	iSbBS512_1146.SbBS512_E1850	48.5	97	50	0	5	101	4	100	3.75e-30	103
WP_055997321.1	iSDY_1059.SDY_1880	48.5	97	50	0	5	101	4	100	3.75e-30	103
WP_055997321.1	iSF_1195.SF1682	48.5	97	50	0	5	101	4	100	3.75e-30	103
WP_055997321.1	iMM904.YDR098C	50.5	91	45	0	3	93	148	238	1.59e-28	103
WP_055997321.1	iSSON_1240.SSON_1502	47.4	97	51	0	5	101	4	100	1.52e-29	102
WP_055997321.1	iAM_Pc455.PCYB_084470	46.3	95	50	1	8	101	73	167	2.09e-27	98.2
WP_055997321.1	iAM_Pv461.PVX_119350	46.3	95	50	1	8	101	73	167	2.95e-27	97.8
WP_055997348.1	iAF987.Gmet_1736	35.1	265	151	5	17	276	7	255	5.85e-35	131
WP_055997348.1	STM_v1_0.STM2415	32.2	270	159	5	13	275	2	254	2.31e-34	129
WP_055997348.1	iML1515.b2400	32.2	270	159	5	13	275	2	254	6.12e-34	128
WP_055997348.1	iSbBS512_1146.SbBS512_E2779	32.2	270	159	5	13	275	2	254	6.12e-34	128
WP_055997348.1	iSF_1195.SF2462	32.2	270	159	5	13	275	2	254	6.12e-34	128
WP_055997348.1	iSSON_1240.SSON_2491	32.2	270	159	5	13	275	2	254	6.12e-34	128
WP_055997348.1	iSynCJ816.SGL_RS14665	35.0	286	157	8	14	283	3	275	7.03e-34	128
WP_055997348.1	iYL1228.KPN_02750	31.4	271	160	4	13	275	2	254	1.18e-33	127
WP_055997348.1	iSDY_1059.SDY_2600	32.2	270	159	5	13	275	2	254	2.23e-33	127
WP_055997348.1	iPC815.YPO2984	31.7	265	167	2	13	275	2	254	4.26e-33	126
WP_055997348.1	iIT341.HP0476	31.2	276	172	3	14	285	4	265	6.75e-31	120
WP_055997354.1	iJN1463.PP_2017	47.6	879	433	8	11	861	6	884	1.16e-270	773
WP_055997354.1	iPC815.YPO1414	46.6	861	444	6	16	861	10	869	3.32e-261	749
WP_055997354.1	iYL1228.KPN_00968	46.2	863	445	6	16	861	10	870	6.64e-261	748
WP_055997354.1	iSbBS512_1146.SbBS512_E2386	46.3	862	445	6	16	861	10	869	1.34e-257	739
WP_055997354.1	iML1515.b0932	46.3	862	445	6	16	861	10	869	5.37e-257	738
WP_055997354.1	iSSON_1240.SSON_0935	46.1	862	447	6	16	861	10	869	3.05e-256	736
WP_055997354.1	STM_v1_0.STM1057	46.3	862	445	7	16	861	10	869	2.45e-255	734
WP_055997354.1	iSDY_1059.SDY_2325	45.8	862	449	6	16	861	10	869	1.96e-254	731
WP_055997354.1	iSF_1195.SF0929	46.4	865	441	10	16	861	10	870	4.62e-253	728
WP_055997361.1	iML1515.b2563	40.5	131	69	3	2	130	3	126	2.51e-16	69.7
WP_055997361.1	iYL1228.KPN_02888	38.2	131	72	3	2	130	3	126	7.04e-16	68.6
WP_055997361.1	STM_v1_0.STM2577	38.2	131	72	3	2	130	3	126	2.78e-15	67.0
WP_055997361.1	iPC815.YPO2929	38.2	131	72	3	2	130	3	126	2.78e-15	67.0
WP_055997361.1	iSbBS512_1146.SbBS512_E2928	38.9	131	71	3	2	130	3	126	3.92e-15	66.6
WP_055997361.1	iSF_1195.SF2625	38.9	131	71	3	2	130	3	126	3.92e-15	66.6
WP_055997361.1	iSSON_1240.SSON_2687	38.9	131	71	3	2	130	3	126	3.92e-15	66.6
WP_055997361.1	iSDY_1059.SDY_2804	38.9	131	71	3	2	130	3	126	5.52e-15	66.2
WP_055997364.1	iCN900.CD630_01870	46.0	187	95	4	6	191	6	187	4.42e-48	155
WP_055997364.1	iLJ478.TM0331	46.9	177	91	1	15	191	11	184	2.14e-44	145
WP_055997369.1	iCHOv1.3979189	43.2	292	130	5	5	295	4	260	1.29e-81	247
WP_055997369.1	iAT_PLT_636.4514	43.5	292	129	4	5	295	4	260	3.39e-79	241
WP_055997457.1	iYO844.BSU39780	26.5	325	187	9	4	313	1	288	3.72e-19	86.3
WP_055997460.1	iYL1228.KPN_04788	42.4	177	102	0	71	247	44	220	2.92e-39	137
WP_055997460.1	STM_v1_0.STM1101	42.4	177	102	0	71	247	223	399	4.26e-36	133
WP_055997460.1	iCHOv1.100766004	38.5	208	115	5	73	277	17	214	2.05e-37	131
WP_055997460.1	iSbBS512_1146.SbBS512_E4890	41.2	177	104	0	71	247	223	399	3.04e-33	125
WP_055997460.1	iSF_1195.SF4384	41.2	177	104	0	71	247	223	399	3.04e-33	125
WP_055997460.1	iSSON_1240.SSON_4499	41.2	177	104	0	71	247	223	399	3.04e-33	125
WP_055997469.1	STM_v1_0.STM3697	28.1	374	237	14	3	357	25	385	2.90e-25	105
WP_055997480.1	iLJ478.TM0076	26.9	620	313	20	34	561	70	641	2.87e-35	140
WP_055997480.1	iJN1463.PP_1403	31.1	370	206	9	39	402	80	406	7.43e-32	130
WP_055997489.1	iJN1463.PP_3427	32.5	464	295	6	13	472	16	465	7.00e-53	184
WP_055997492.1	iYO844.BSU03070	30.2	291	198	4	36	325	20	306	1.98e-33	132
WP_055997495.1	iLJ478.TM0076	38.9	772	424	13	38	786	4	750	1.14e-166	501
WP_055997514.1	iHN637.CLJU_RS20980	51.9	414	191	2	19	431	10	416	8.69e-138	401
WP_055997532.1	STM_v1_0.STM3694	63.8	376	133	1	5	380	4	376	1.07e-174	491
WP_055997532.1	iML1515.b3605	63.8	376	133	1	5	380	4	376	1.76e-173	488
WP_055997532.1	iSbBS512_1146.SbBS512_E4031	63.8	376	133	1	5	380	4	376	1.76e-173	488
WP_055997532.1	iSF_1195.SF3644	63.8	376	133	1	5	380	4	376	1.76e-173	488
WP_055997532.1	iSSON_1240.SSON_3800	63.8	376	133	1	5	380	4	376	1.76e-173	488
WP_055997532.1	iCN718.ABAYE_RS18840	64.1	376	132	1	5	380	4	376	2.24e-173	488
WP_055997532.1	iYL1228.KPN_03949	63.8	376	133	1	5	380	4	376	4.70e-173	487
WP_055997532.1	iSDY_1059.SDY_4038	63.8	376	133	1	5	380	4	376	5.04e-173	487
WP_055997532.1	iJN1463.PP_4736	63.0	376	136	1	5	380	4	376	2.29e-170	480
WP_055997532.1	iPC815.YPO1569	61.6	375	141	1	5	379	4	375	2.50e-167	472
WP_055997535.1	iYO844.BSU15910	39.0	246	147	3	2	247	1	243	3.68e-50	164
WP_055997535.1	iYS854.USA300HOU_RS06185	38.8	245	147	3	6	250	3	244	8.71e-48	158
WP_055997535.1	iEK1008.Rv1928c	38.9	247	145	3	3	247	9	251	5.81e-45	151
WP_055997544.1	iYL1228.KPN_04788	40.7	189	112	0	66	254	44	232	2.67e-45	153
WP_055997544.1	STM_v1_0.STM1101	38.7	194	119	0	61	254	218	411	6.08e-41	146
WP_055997544.1	iCHOv1.100766004	40.6	187	107	2	68	251	17	202	1.75e-40	139
WP_055997549.1	iYL1228.KPN_03152	35.3	402	234	5	22	398	14	414	4.09e-64	211
WP_055997549.1	iML1515.b2801	36.3	405	226	7	22	398	29	429	1.17e-63	210
WP_055997549.1	iSF_1195.SF2815	36.3	405	226	7	22	398	29	429	2.31e-63	209
WP_055997549.1	iSSON_1240.SSON_2958	36.0	405	227	7	22	398	29	429	8.98e-63	207
WP_055997625.1	iLJ478.TM0024	28.5	165	88	10	506	650	248	402	6.92e-05	45.8
WP_055997672.1	iAF987.Gmet_1914	31.0	168	109	2	2	167	3	165	2.10e-13	68.2
WP_055997672.1	iAF987.Gmet_1919	28.1	167	114	3	3	164	5	170	5.57e-13	66.6
WP_055997692.1	iCN718.ABAYE_RS14915	36.3	251	141	6	3	249	5	240	8.38e-34	122
WP_055997692.1	iCN718.ABAYE_RS11380	35.7	252	148	5	1	249	3	243	2.38e-33	120
WP_055997692.1	iYO844.BSU15910	35.5	251	151	4	4	252	5	246	1.87e-32	118
WP_055997692.1	iSynCJ816.SGL_RS07245	33.2	256	154	6	1	252	4	246	4.05e-31	115
WP_055997695.1	iCHOv1.100758427	30.3	218	140	4	10	224	28	236	4.86e-24	95.5
WP_055997747.1	iCHOv1.100766065	46.5	245	128	1	1	242	1	245	6.98e-64	199
WP_055997750.1	iLJ478.TM1724	37.0	243	148	2	7	245	2	243	2.17e-41	141
WP_055997750.1	STM_v1_0.STM1195	33.1	248	146	3	8	245	3	240	1.66e-36	129
WP_055997750.1	iYL1228.KPN_01091	33.1	248	146	3	8	245	3	240	4.64e-36	127
WP_055997750.1	iSDY_1059.SDY_2057	32.2	239	160	2	8	245	3	240	4.64e-36	127
WP_055997774.1	iJN1463.PP_4944	31.0	245	150	4	270	499	313	553	1.69e-23	103
WP_055997809.1	iSynCJ816.SGL_RS12595	32.5	234	137	8	156	375	89	315	1.14e-14	73.9
WP_055997809.1	iNF517.LLMG_RS11535	24.8	318	208	6	91	378	3	319	3.90e-13	69.3
WP_055997825.1	iJN1463.PP_2717	28.9	377	228	11	65	413	61	425	1.01e-23	102
WP_055997825.1	iJN1463.PP_1929	30.4	369	233	12	65	413	61	425	4.62e-23	100
WP_055997825.1	iPC815.YPO3347	26.4	356	246	8	65	405	61	415	7.16e-22	96.7
WP_055997829.1	iPC815.YPO3910	27.4	201	110	9	3	198	4	173	4.39e-04	43.9
WP_055997835.1	iML1515.b4031	34.3	460	253	8	14	425	18	476	8.38e-74	239
WP_055997835.1	iSF_1195.SF4174	34.3	461	252	8	14	425	18	476	1.65e-73	238
WP_055997835.1	iSSON_1240.SSON_4209	34.3	460	253	8	14	425	18	476	1.65e-73	238
WP_055997835.1	iSynCJ816.SGL_RS13045	33.0	442	262	7	14	421	25	466	4.33e-66	218
WP_055997835.1	iHN637.CLJU_RS08975	32.3	440	267	5	14	430	15	446	4.42e-66	218
WP_055997838.1	iLJ478.TM1624	25.7	692	374	29	278	921	24	623	2.01e-31	132
WP_055997847.1	iYS854.USA300HOU_RS09130	40.4	94	53	1	52	145	16	106	5.49e-17	78.6
WP_055997850.1	iJN1463.PP_0525	29.3	123	76	5	48	167	57	171	7.38e-06	49.3
WP_055997856.1	iAF987.Gmet_0069	36.4	129	73	3	1	122	1	127	3.80e-16	75.5
WP_055997862.1	iAF987.Gmet_2435	48.4	182	90	2	9	186	4	185	1.73e-50	161
WP_055997862.1	iEK1008.Rv1031	48.9	184	87	3	9	186	5	187	1.67e-45	148
WP_055997865.1	iJN1463.PP_4160	63.8	666	237	4	12	676	21	683	2.81e-264	742
WP_055997865.1	iML1515.b0697	62.2	672	240	5	8	669	7	674	2.45e-262	737
WP_055997865.1	iSSON_1240.SSON_0648	62.2	669	245	4	8	669	7	674	9.90e-262	736
WP_055997865.1	iYL1228.KPN_00716	61.9	669	247	4	8	669	7	674	2.14e-258	727
WP_055997865.1	STM_v1_0.STM0705	61.4	678	252	5	8	677	7	682	3.49e-257	724
WP_055997865.1	iEK1008.Rv1030	61.5	691	239	8	7	677	26	709	1.46e-255	721
WP_055997865.1	iAF987.Gmet_2434	60.1	677	258	4	8	672	10	686	4.78e-254	716
WP_055997865.1	iPC815.YPO2691	61.6	682	240	7	5	669	4	680	1.86e-253	715
WP_055997866.1	iYL1228.KPN_00717	58.8	563	227	4	1	562	1	559	4.05e-219	618
WP_055997866.1	iPC815.YPO2692	56.3	560	240	3	1	559	1	556	1.29e-213	604
WP_055997866.1	STM_v1_0.STM0706	56.2	562	241	4	1	561	1	558	5.04e-210	595
WP_055997866.1	iSSON_1240.SSON_0649	55.1	561	247	4	1	560	1	557	1.25e-202	576
WP_055997866.1	iML1515.b0698	54.9	561	248	4	1	560	1	557	1.43e-201	573
WP_055997866.1	iJN1463.PP_4161	55.0	555	249	1	8	561	8	562	1.70e-199	568
WP_055997887.1	STM_v1_0.STM4130	31.3	192	101	5	66	249	28	196	3.14e-14	76.6
WP_055997887.1	iML1515.b3966	34.2	149	81	3	66	212	28	161	1.49e-12	71.2
WP_055997887.1	iSSON_1240.SSON_4139	34.2	149	81	3	66	212	28	161	1.49e-12	71.2
WP_055997887.1	iSF_1195.SF4048	34.9	149	80	3	66	212	28	161	2.58e-12	70.5
WP_055997887.1	iPC815.YPO3910	32.2	149	86	3	65	212	38	172	4.57e-12	69.7
WP_055997890.1	iJN1463.PP_0115	50.4	677	317	6	20	688	38	703	5.23e-220	631
WP_055997890.1	STM_v1_0.STM1318	49.4	688	315	8	25	694	76	748	1.03e-213	617
WP_055997890.1	iML1515.b1732	49.1	685	316	8	25	691	79	748	4.57e-213	615
WP_055997890.1	iSF_1195.SF1496	49.1	685	316	8	25	691	79	748	4.57e-213	615
WP_055997890.1	iSSON_1240.SSON_1426	49.1	685	316	8	25	691	79	748	9.15e-213	614
WP_055997890.1	iYL1228.KPN_01236	49.3	687	315	9	26	694	79	750	2.02e-211	611
WP_055997890.1	iCN718.ABAYE_RS11495	47.9	680	332	6	20	689	38	705	4.36e-211	608
WP_055997890.1	iYO844.BSU39050	48.3	681	321	8	19	687	23	684	1.29e-203	588
WP_055997908.1	iAF987.Gmet_2136	27.9	785	487	19	40	778	1	752	1.97e-66	234
WP_055997908.1	iML1515.b2866	28.6	769	478	20	53	778	2	742	8.82e-61	218
WP_055997908.1	iSSON_1240.SSON_3017	29.0	754	494	17	53	778	2	742	8.82e-61	218
WP_055997908.1	iSF_1195.SF2868	28.4	781	488	20	41	778	3	755	1.44e-60	218
WP_055997908.1	iCN900.CD630_20730	28.9	741	454	22	86	778	42	757	2.18e-58	212
WP_055997911.1	iAF987.Gmet_2134	27.7	285	152	6	1	281	3	237	2.67e-15	74.7
WP_055997911.1	iML1515.b2867	29.0	279	142	9	4	275	2	231	1.08e-13	70.1
WP_055997911.1	iSF_1195.SF2869	29.0	279	142	9	4	275	2	231	2.68e-13	68.9
WP_055997911.1	iEK1008.Rv0375c	26.1	284	153	5	11	288	2	234	3.43e-13	68.6
WP_055997914.1	iAF987.Gmet_2135	43.0	158	75	1	1	158	16	158	1.05e-36	124
WP_055997914.1	iYO844.BSU32470	42.5	153	72	3	3	155	18	154	7.16e-35	119
WP_055997914.1	iHN637.CLJU_RS11605	38.5	156	81	1	3	158	7	147	8.63e-35	119
WP_055997914.1	iCN900.CD630_20880	40.4	161	81	1	1	161	4	149	1.26e-34	118
WP_055997914.1	iJN1463.PP_3947	41.1	163	81	2	1	163	5	152	3.66e-34	117
WP_055997926.1	iJN1463.PP_3668	59.5	741	265	7	25	736	16	750	2.31e-313	872
WP_055997926.1	iSynCJ816.SGL_RS09095	59.2	711	279	6	30	738	27	728	7.78e-299	834
WP_055997926.1	STM_v1_0.STM4106	59.8	712	270	8	25	736	30	725	3.05e-295	825
WP_055997926.1	iYL1228.KPN_01819	58.7	712	278	7	25	736	30	725	4.81e-294	822
WP_055997926.1	iSbBS512_1146.SbBS512_E4429	59.7	712	271	9	25	736	30	725	4.37e-290	812
WP_055997926.1	iML1515.b3942	59.7	712	271	9	25	736	30	725	6.20e-290	811
WP_055997926.1	iSSON_1240.SSON_4116	59.6	712	272	9	25	736	30	725	3.55e-289	810
WP_055997926.1	iSF_1195.SF4020	59.6	712	272	9	25	736	30	725	7.14e-289	809
WP_055997926.1	iEK1008.Rv1908c	55.8	737	311	9	3	736	15	739	3.59e-285	800
WP_055997932.1	iCN900.CD630_07170	27.6	163	98	5	111	260	8	163	1.53e-05	45.8
WP_055997944.1	iAF692.Mbar_A2049	34.0	382	236	8	15	388	3	376	6.38e-57	191
WP_055997977.1	iYL1228.KPN_04255	27.3	150	100	4	77	217	47	196	7.97e-06	49.3
WP_055997977.1	iSbBS512_1146.SbBS512_E0485	28.6	140	76	5	50	174	33	163	2.55e-05	47.8
WP_055997977.1	iSDY_1059.SDY_0512	28.6	140	76	5	50	174	33	163	2.55e-05	47.8
WP_055997977.1	iSF_1195.SF0496	28.6	140	76	5	50	174	33	163	2.55e-05	47.8
WP_055997977.1	iSSON_1240.SSON_0534	28.6	140	76	5	50	174	33	163	2.55e-05	47.8
WP_055997977.1	iML1515.b0584	27.9	140	77	5	50	174	33	163	7.60e-05	46.2
WP_055997986.1	iML1515.b3450	56.3	318	134	4	1	317	1	314	1.52e-113	334
WP_055997986.1	iSbBS512_1146.SbBS512_E3873	55.7	318	136	4	1	317	1	314	9.94e-112	329
WP_055997986.1	iYL1228.KPN_03810	54.7	318	139	3	1	317	1	314	1.14e-110	327
WP_055997986.1	iPC815.YPO3793	53.1	356	154	6	1	351	1	348	2.70e-109	323
WP_055997986.1	STM_v1_0.STM3554	55.0	318	138	4	1	317	1	314	4.23e-108	320
WP_055997986.1	iPC815.YPO3712	53.6	321	147	2	1	320	1	320	2.59e-107	318
WP_055997986.1	iYL1228.KPN_04424	54.2	321	145	2	1	320	1	320	2.09e-106	316
WP_055997986.1	STM_v1_0.STM4230	53.6	323	144	3	1	320	1	320	1.19e-105	314
WP_055997986.1	iSF_1195.SF4170	53.6	321	145	2	1	318	1	320	5.09e-105	313
WP_055997986.1	iML1515.b4035	53.3	321	146	2	1	318	1	320	2.89e-104	311
WP_055997986.1	iSSON_1240.SSON_4213	53.3	321	146	2	1	318	1	320	2.89e-104	311
WP_055997998.1	iEK1008.Rv2316	27.8	288	203	2	4	290	2	285	2.08e-30	115
WP_055997998.1	iEK1008.Rv2040c	28.0	286	200	5	9	289	7	291	1.92e-26	105
WP_055998001.1	iYO844.BSU28730	28.5	260	178	3	25	280	22	277	1.85e-30	115
WP_055998001.1	iEK1008.Rv2317	30.5	213	147	1	69	280	59	271	1.19e-29	112
WP_055998001.1	iYO844.BSU06990	28.7	258	178	4	25	278	36	291	9.79e-29	110
WP_055998001.1	iCN900.CD630_34150	28.0	254	171	5	19	267	24	270	3.04e-28	109
WP_055998001.1	iEK1008.Rv2039c	26.8	272	193	2	10	280	10	276	3.77e-28	108
WP_055998001.1	iEK1008.Rv2834c	32.4	179	118	2	102	278	92	269	1.80e-27	107
WP_055998007.1	iML1515.b3001	35.1	222	126	8	11	220	16	231	6.10e-26	104
WP_055998007.1	iSF_1195.SF3047	35.1	222	126	8	11	220	16	231	6.10e-26	104
WP_055998007.1	iSDY_1059.SDY_3073	35.2	219	124	8	14	220	19	231	4.38e-26	103
WP_055998007.1	iSbBS512_1146.SbBS512_E3430	35.1	222	126	8	11	220	16	231	2.23e-25	103
WP_055998007.1	iSSON_1240.SSON_3145	34.7	222	127	8	11	220	16	231	2.23e-25	103
WP_055998007.1	iYL1228.KPN_02741	33.8	222	130	9	11	221	4	219	2.73e-24	99.8
WP_055998016.1	STM_v1_0.STM2777	30.0	150	92	5	47	190	31	173	4.19e-06	50.4
WP_055998016.1	iSDY_1059.SDY_1022	29.8	131	85	4	66	190	43	172	4.88e-05	47.0
WP_055998025.1	iJN1463.PP_4210	36.4	398	222	10	16	402	277	654	3.20e-53	187
WP_055998028.1	iJN1463.PP_4210	47.5	221	114	2	6	225	4	223	4.07e-60	199
WP_055998028.1	iCN900.CD630_19470	44.5	218	121	0	8	225	10	227	1.42e-61	192
WP_055998031.1	iJN1463.PP_4209	33.0	312	192	5	55	357	39	342	1.91e-17	83.6
WP_055998069.1	iSynCJ816.SGL_RS04015	39.2	401	229	6	13	405	12	405	2.60e-82	258
WP_055998075.1	iJN1463.PP_3427	33.2	473	293	7	10	476	12	467	1.18e-54	189
WP_055998078.1	iML1515.b2430	24.4	386	249	13	40	408	34	393	1.37e-19	90.1
WP_055998078.1	iEK1008.Rv3775	26.5	392	209	13	69	426	56	402	1.02e-17	84.3
WP_055998089.1	iJN1463.PP_5040	63.3	327	115	3	5	328	4	328	5.86e-148	419
WP_055998110.1	iAF692.Mbar_A3178	28.5	144	87	5	19	160	7	136	3.39e-07	48.1
WP_055998113.1	iCN718.ABAYE_RS13035	59.2	319	130	0	1	319	1	319	6.49e-130	374
WP_055998113.1	iJN1463.PP_0591	57.0	307	132	0	5	311	3	309	5.31e-120	348
WP_055998119.1	iAF692.Mbar_A3252	32.3	424	259	10	5	425	4	402	9.43e-48	169
WP_055998125.1	iJN1463.PP_4281	52.9	433	196	6	1	426	3	434	4.74e-141	409
WP_055998131.1	iCN718.ABAYE_RS06015	52.4	762	353	4	17	769	19	779	1.93e-252	720
WP_055998131.1	iJN1463.PP_4279	52.9	745	348	3	20	762	31	774	5.84e-243	696
WP_055998134.1	iJN1463.PP_4278	44.1	478	252	4	3	465	2	479	5.65e-128	379
WP_055998134.1	iCN718.ABAYE_RS06010	44.9	463	232	8	14	454	17	478	9.63e-119	356
WP_055998136.1	iJN1463.PP_4653	50.6	443	201	3	14	450	1	431	3.40e-125	370
WP_055998136.1	iSDY_1059.SDY_4199	46.3	454	230	3	1	450	1	444	6.47e-118	352
WP_055998136.1	iML1515.b3714	46.7	448	225	3	7	450	7	444	9.15e-118	351
WP_055998136.1	iSSON_1240.SSON_3558	46.4	448	226	3	7	450	7	444	1.83e-117	350
WP_055998136.1	iSF_1195.SF3746	46.2	448	227	3	7	450	7	444	2.07e-116	348
WP_055998136.1	iJN1463.PP_4284	48.4	434	218	1	15	448	22	449	1.06e-114	343
WP_055998136.1	iSbBS512_1146.SbBS512_E4208	45.4	454	234	3	1	450	1	444	5.31e-114	342
WP_055998139.1	iYL1228.KPN_01770	46.2	442	220	3	14	438	15	455	1.28e-105	321
WP_055998142.1	iYL1228.KPN_01761	47.6	395	203	3	21	413	26	418	3.47e-96	294
WP_055998142.1	iPC815.YPO3249	45.7	392	209	3	13	403	19	407	1.89e-89	277
WP_055998148.1	iJN1463.PP_4286	56.2	299	124	3	5	299	7	302	4.37e-115	333
WP_055998148.1	iYL1228.KPN_01787	54.7	298	132	1	5	299	10	307	5.40e-114	331
WP_055998155.1	iJN1463.PP_4287	42.8	159	85	1	7	159	10	168	1.11e-32	114
WP_055998155.1	iCHOv1.100762187	42.1	159	89	2	7	162	11	169	8.79e-30	107
WP_055998164.1	iCN718.ABAYE_RS15900	27.3	245	165	8	28	262	2	243	2.44e-18	82.0
WP_055998168.1	iAF987.Gmet_1914	31.5	168	106	2	2	166	3	164	9.69e-15	72.0
WP_055998175.1	iJN1463.PP_0037	23.0	409	265	14	123	497	37	429	8.55e-11	63.5
WP_055998178.1	iJN1463.PP_0147	59.9	434	169	2	3	433	2	433	1.37e-176	500
WP_055998178.1	iYO844.BSU39060	57.4	427	172	2	3	426	2	421	5.57e-164	468
WP_055998184.1	iYL1228.KPN_01542	29.1	165	97	5	64	212	84	244	4.32e-07	48.9
WP_055998187.1	STM_v1_0.STM1221	51.3	228	108	2	7	231	43	270	4.66e-74	225
WP_055998196.1	iSSON_1240.SSON_0523	24.4	475	323	7	12	472	6	458	4.47e-24	104
WP_055998196.1	iSF_1195.SF0473	24.7	466	333	7	12	472	6	458	1.47e-23	102
WP_055998196.1	iML1515.b0572	23.9	472	327	6	12	471	6	457	4.72e-23	101
WP_055998196.1	iJN1463.PP_3427	23.1	459	345	3	15	472	11	462	2.28e-22	99.4
WP_055998196.1	iJN1463.PP_4211	26.5	480	313	12	12	474	9	465	2.27e-22	99.4
WP_055998199.1	iML1515.b3241	31.2	154	95	3	236	384	141	288	2.63e-13	69.7
WP_055998202.1	iYO844.BSU03070	32.0	409	266	10	14	418	12	412	2.92e-54	190
WP_055998236.1	iEK1008.Rv0773c	37.2	514	298	12	19	525	15	510	6.74e-66	221
WP_055998242.1	iJN1463.PP_4285	47.4	114	55	3	5	113	4	117	3.52e-25	91.3
WP_055998242.1	iYO844.BSU32460	42.3	111	62	1	5	113	4	114	1.31e-24	89.7
WP_055998257.1	iEK1008.Rv1399c	42.1	76	44	0	4	79	244	319	9.18e-10	52.8
WP_055998257.1	iEK1008.Rv2970c	33.8	74	49	0	1	74	297	370	5.60e-08	47.8
WP_055998263.1	iEK1008.Rv1124	26.4	295	176	10	21	293	40	315	2.52e-17	83.2
WP_055998263.1	iEK1008.Rv3617	26.5	309	193	9	13	291	14	318	2.72e-17	83.2
WP_055998266.1	iPC815.YPO3172	33.7	169	102	6	10	174	7	169	1.72e-14	68.2
WP_055998266.1	iAM_Pv461.PVX_114480	26.4	174	119	3	3	175	1	166	8.02e-13	63.5
WP_055998270.1	iLJ478.TM1724	38.8	245	144	3	3	243	2	244	3.22e-45	151
WP_055998273.1	iHN637.CLJU_RS20980	51.1	417	201	2	9	424	3	417	1.82e-132	387
WP_055998276.1	iPC815.YPO3312	47.9	451	232	3	1	450	1	449	2.90e-122	366
WP_055998276.1	iAF987.Gmet_1676	44.5	492	258	8	6	487	4	490	5.41e-117	352
WP_055998279.1	iLJ478.TM1071	26.7	251	171	10	11	253	21	266	2.67e-12	66.6
WP_055998282.1	iCN718.ABAYE_RS18840	67.5	375	121	1	1	374	1	375	3.45e-174	490
WP_055998282.1	iPC815.YPO1569	66.0	376	127	1	1	375	1	376	9.18e-174	489
WP_055998282.1	iML1515.b3605	66.1	375	126	1	1	374	1	375	1.47e-171	484
WP_055998282.1	iSbBS512_1146.SbBS512_E4031	66.1	375	126	1	1	374	1	375	1.47e-171	484
WP_055998282.1	iSF_1195.SF3644	66.1	375	126	1	1	374	1	375	1.47e-171	484
WP_055998282.1	iSSON_1240.SSON_3800	66.1	375	126	1	1	374	1	375	1.47e-171	484
WP_055998282.1	iYL1228.KPN_03949	66.2	379	127	1	1	378	1	379	1.95e-171	483
WP_055998282.1	iJN1463.PP_4736	65.9	375	127	1	1	374	1	375	1.75e-171	483
WP_055998282.1	STM_v1_0.STM3694	67.3	370	120	1	1	369	1	370	2.97e-171	483
WP_055998282.1	iSDY_1059.SDY_4038	66.1	375	126	1	1	374	1	375	4.21e-171	483
WP_055998290.1	iYL1228.KPN_01091	33.5	245	157	2	3	247	5	243	2.24e-32	118
WP_055998290.1	STM_v1_0.STM1195	33.5	245	157	2	3	247	5	243	1.22e-31	116
WP_055998290.1	iSDY_1059.SDY_2057	33.5	245	157	2	3	247	5	243	1.22e-31	116
WP_055998290.1	iLJ478.TM1724	33.3	246	159	3	3	247	5	246	2.53e-31	115
WP_055998290.1	iPC815.YPO1599	35.2	247	150	4	3	247	5	243	4.75e-31	114
WP_055998290.1	iML1515.b1093	33.1	245	158	2	3	247	5	243	1.31e-30	113
WP_055998290.1	iSbBS512_1146.SbBS512_E2231	33.1	245	158	2	3	247	5	243	1.31e-30	113
WP_055998290.1	iSF_1195.SF1097	33.1	245	158	2	3	247	5	243	1.31e-30	113
WP_055998290.1	iSSON_1240.SSON_1113	33.1	245	158	2	3	247	5	243	1.31e-30	113
WP_055998290.1	iCN718.ABAYE_RS14190	32.5	249	158	4	3	246	9	252	1.75e-29	110
WP_055998290.1	iCN900.CD630_25770	32.8	250	154	4	4	247	4	245	1.43e-29	110
WP_055998290.1	iAF987.Gmet_1694	35.1	248	146	5	3	244	5	243	2.01e-29	110
WP_055998290.1	iAF987.Gmet_1531	36.5	244	147	5	3	244	6	243	1.19e-28	108
WP_055998290.1	iYS854.USA300HOU_RS06185	32.4	244	157	3	7	247	6	244	1.49e-28	108
WP_055998290.1	iML1515.b2842	32.3	248	158	7	3	246	10	251	6.97e-28	106
WP_055998292.1	iML1515.b2371	30.6	382	240	7	5	375	11	378	1.06e-50	174
WP_055998292.1	iAF987.Gmet_1521	28.7	415	256	11	4	392	7	407	3.26e-48	168
WP_055998292.1	iML1515.b2374	29.0	417	249	8	2	383	3	407	7.36e-46	162
WP_055998292.1	iSF_1195.SF2441	29.0	417	249	8	2	383	3	407	7.36e-46	162
WP_055998292.1	iSSON_1240.SSON_2465	29.6	416	248	8	2	383	3	407	7.36e-46	162
WP_055998292.1	iSbBS512_1146.SbBS512_E2743	29.0	417	249	8	2	383	3	407	1.03e-45	162
WP_055998292.1	iSDY_1059.SDY_2572	29.6	416	248	8	2	383	3	407	1.03e-45	162
WP_055998292.1	iAF987.Gmet_1522	32.5	406	251	9	4	392	9	408	2.41e-45	160
WP_055998298.1	iAF987.Gmet_1716	42.5	247	139	2	10	253	11	257	1.20e-49	163
WP_055998298.1	iCN900.CD630_08000	38.7	256	151	3	2	253	4	257	1.45e-44	150
WP_055998301.1	iJN1463.PP_3376	40.3	320	171	10	7	315	4	314	1.04e-48	165
WP_055998301.1	iYS854.USA300HOU_RS12475	39.1	253	144	2	69	315	64	312	7.45e-48	162
WP_055998301.1	iYS854.USA300HOU_RS04605	34.4	314	199	5	7	315	3	314	8.48e-47	160
WP_055998301.1	iCHOv1.100752744	36.6	262	161	4	49	306	130	390	6.35e-45	157
WP_055998301.1	iPC815.YPO4078	35.6	306	191	4	5	306	2	305	4.22e-45	155
WP_055998301.1	iYL1228.KPN_03915	35.5	307	190	6	5	306	2	305	1.52e-44	154
WP_055998301.1	iMM1415.76238	34.1	320	203	6	2	314	3	321	6.65e-44	152
WP_055998315.1	STM_v1_0.STM3697	31.4	334	205	10	30	347	57	382	2.96e-28	114
WP_055998325.1	iCHOv1.100766065	56.8	241	101	1	2	239	3	243	1.12e-80	241
WP_055998334.1	iYL1228.KPN_04788	39.9	228	127	2	56	283	31	248	4.89e-47	157
WP_055998334.1	STM_v1_0.STM1101	39.1	207	118	1	66	272	218	416	9.50e-41	145
WP_055998378.1	iSbBS512_1146.SbBS512_E3430	32.2	348	203	13	6	344	15	338	1.13e-34	130
WP_055998378.1	iML1515.b3001	32.3	347	204	12	6	344	15	338	4.22e-34	128
WP_055998378.1	iSF_1195.SF3047	31.9	348	204	13	6	344	15	338	4.22e-34	128
WP_055998378.1	iSSON_1240.SSON_3145	31.9	348	204	13	6	344	15	338	4.22e-34	128
WP_055998378.1	iYO844.BSU39780	29.1	330	203	5	9	336	6	306	2.05e-33	125
WP_055998378.1	iCN718.ABAYE_RS12975	27.7	368	201	10	6	338	3	340	8.26e-31	119
WP_055998378.1	iYO844.BSU09530	29.5	359	217	7	6	358	3	331	8.27e-31	119
WP_055998381.1	iCHOv1.100767789	46.0	226	104	6	28	241	35	254	1.91e-47	174
WP_055998381.1	iEK1008.Rv2045c	31.3	482	257	12	29	450	19	486	5.68e-46	168
WP_055998381.1	iMM1415.11423	41.0	261	134	6	43	289	60	314	1.67e-44	166
WP_055998381.1	iCHOv1.100756666	40.6	283	139	9	24	288	30	301	2.58e-43	162
WP_055998381.1	iCHOv1.100770679	39.8	261	137	6	43	289	60	314	2.11e-42	159
WP_055998381.1	iMM1415.436059	41.7	259	128	8	42	288	53	300	8.37e-42	157
WP_055998384.1	iLJ478.TM0025	31.9	721	426	19	43	717	3	704	9.84e-85	283
WP_055998399.1	iYO844.BSU39060	43.3	430	237	4	1	429	1	424	7.09e-107	322
WP_055998399.1	iJN1463.PP_0147	39.8	437	251	5	1	431	1	431	1.35e-94	291
WP_055998402.1	iSF_1195.SF4048	39.0	123	65	3	118	240	49	161	4.75e-10	63.2
WP_055998402.1	iML1515.b3966	38.2	123	66	3	118	240	49	161	6.25e-10	62.8
WP_055998402.1	iSSON_1240.SSON_4139	38.2	123	66	3	118	240	49	161	6.25e-10	62.8
WP_055998402.1	STM_v1_0.STM2199	32.4	148	82	4	90	232	25	159	8.65e-10	62.4
WP_055998402.1	iML1515.b2155	31.9	144	80	4	94	232	29	159	1.50e-09	61.6
WP_055998402.1	iYL1228.KPN_02593	34.5	119	61	3	118	232	35	140	1.46e-09	61.6
WP_055998402.1	iSSON_1240.SSON_2211	31.9	144	80	4	94	232	29	159	1.50e-09	61.6
WP_055998402.1	STM_v1_0.STM4130	38.0	121	65	3	118	238	49	159	2.47e-09	60.8
WP_055998402.1	iSDY_1059.SDY_3762	37.4	123	67	3	118	240	49	161	3.24e-09	60.5
WP_055998402.1	iJN1463.PP_2242	34.0	141	77	4	116	240	54	194	2.44e-08	57.8
WP_055998417.1	iML1515.b3201	54.6	238	107	1	25	261	4	241	2.40e-86	256
WP_055998417.1	iSbBS512_1146.SbBS512_E3569	54.6	238	107	1	25	261	4	241	2.40e-86	256
WP_055998417.1	iSDY_1059.SDY_3382	54.6	238	107	1	25	261	4	241	2.40e-86	256
WP_055998417.1	iSF_1195.SF3241	54.6	238	107	1	25	261	4	241	2.40e-86	256
WP_055998417.1	iSSON_1240.SSON_3349	54.6	238	107	1	25	261	4	241	2.40e-86	256
WP_055998417.1	iAF987.Gmet_1282	53.5	241	112	0	21	261	6	246	9.29e-85	253
WP_055998417.1	iJN1463.PP_0953	55.0	238	106	1	25	261	4	241	2.58e-83	249
WP_055998459.1	iYO844.BSU35600	22.0	300	216	3	73	362	62	353	6.40e-20	92.0
WP_055998465.1	iAF692.Mbar_A0964	25.2	119	88	1	1	119	28	145	6.88e-12	60.1
WP_055998467.1	iYS854.USA300HOU_RS06130	28.2	216	133	9	17	225	8	208	3.74e-14	75.1
WP_055998483.1	iJN1463.PP_3581	34.7	681	399	12	11	656	5	674	1.49e-107	341
WP_055998483.1	iAF987.Gmet_0987	39.3	428	254	3	235	656	346	773	6.73e-96	313
WP_055998483.1	iJN1463.PP_1144	32.3	685	420	13	11	656	23	702	3.00e-95	310
WP_055998500.1	iJN1463.PP_1988	58.6	353	137	3	4	347	5	357	3.95e-133	383
WP_055998500.1	iSynCJ816.SGL_RS09375	58.7	332	132	2	4	330	7	338	2.12e-128	371
WP_055998500.1	iCN718.ABAYE_RS16685	55.9	354	146	4	4	347	5	358	1.03e-125	364
WP_055998512.1	iML1515.b1341	40.2	169	81	6	210	363	246	409	1.99e-21	94.4
WP_055998512.1	iJN1463.PP_0129	38.3	162	85	5	214	361	482	642	4.99e-19	88.2
WP_055998515.1	STM_v1_0.STM4425	26.3	152	104	3	2	145	3	154	2.77e-13	69.3
WP_055998515.1	iYL1228.KPN_00507	29.4	194	121	3	3	192	5	186	5.38e-12	65.5
WP_055998515.1	iAF692.Mbar_A1138	25.8	190	124	6	1	184	1	179	8.50e-12	64.7
WP_055998526.1	iMM904.Q0130	36.2	69	44	0	5	73	6	74	3.33e-05	37.7
WP_055998528.1	iMM904.Q0085	33.1	260	152	7	9	258	12	259	3.23e-32	118
WP_055998534.1	iMM904.YPR183W	32.2	258	158	8	1	246	1	253	2.22e-27	108
WP_055998534.1	iLB1027_lipid.PHATRDRAFT_19705	28.4	232	160	4	6	232	4	234	1.12e-26	105
WP_055998534.1	iAM_Pf480.PF3D7_1141600	28.9	228	156	4	6	228	27	253	6.56e-25	101
WP_055998542.1	iAF692.Mbar_A1916	25.8	186	134	3	403	585	364	548	5.39e-08	55.5
WP_055998544.1	iYO844.BSU03930	43.5	260	140	1	8	267	5	257	1.43e-66	207
WP_055998556.1	iYL1228.KPN_00852	27.8	708	427	28	92	744	78	756	7.49e-58	211
WP_055998556.1	iCHOv1.100752162	28.5	557	323	22	192	696	321	854	3.14e-50	190
WP_055998566.1	iJN1463.PP_4619	38.1	84	48	3	13	93	12	94	8.28e-07	47.8
WP_055998566.1	iMM1415.14874	37.1	89	47	3	13	95	17	102	7.29e-06	45.1
WP_055998566.1	iCHOv1.100764455	39.5	76	37	3	13	82	64	136	5.04e-05	43.1
WP_055998570.1	iHN637.CLJU_RS08530	45.7	1506	791	13	14	1500	11	1508	0.0	1209
WP_055998570.1	iSynCJ816.SGL_RS04160	43.3	1498	828	16	4	1486	21	1511	0.0	1180
WP_055998570.1	iYO844.BSU18450	43.7	1491	814	15	14	1494	10	1484	0.0	1160
WP_055998570.1	iSynCJ816.SGL_RS17380	43.6	1520	780	22	22	1484	33	1532	0.0	1144
WP_055998570.1	iEK1008.Rv3859c	43.1	1521	805	20	4	1486	1	1499	0.0	1139
WP_055998570.1	iSDY_1059.SDY_3393	44.1	1493	780	21	16	1485	2	1463	0.0	1121
WP_055998570.1	STM_v1_0.STM3330	44.0	1488	790	18	16	1485	2	1463	0.0	1118
WP_055998570.1	iSF_1195.SF3252	44.2	1494	778	21	16	1485	38	1499	0.0	1117
WP_055998570.1	iML1515.b3212	44.0	1492	783	20	16	1485	2	1463	0.0	1117
WP_055998570.1	iSbBS512_1146.SbBS512_E3558	44.1	1493	781	21	16	1485	2	1463	0.0	1115
WP_055998570.1	iSSON_1240.SSON_3360	44.0	1493	782	21	16	1485	33	1494	0.0	1114
WP_055998570.1	iPC815.YPO3557	43.8	1486	797	16	16	1485	2	1465	0.0	1107
WP_055998570.1	iYL1228.KPN_03624	44.4	1451	759	18	55	1485	3	1425	0.0	1105
WP_055998570.1	iJN1463.PP_5076	43.2	1488	802	17	15	1485	4	1465	0.0	1104
WP_055998574.1	iEK1008.Rv2136c	49.1	273	133	4	6	275	2	271	2.81e-78	238
WP_055998575.1	iCHOv1.100773563	34.6	309	186	7	5	303	55	357	3.64e-41	146
WP_055998575.1	iMM1415.66108	34.7	311	183	8	5	303	55	357	9.95e-41	145
WP_055998575.1	iAT_PLT_636.4704	33.7	315	181	7	5	303	55	357	7.90e-38	137
WP_055998578.1	iPC815.YPO1913	27.2	224	149	6	312	521	315	538	3.64e-11	65.5
WP_055998582.1	iCHOv1.100752960	29.5	207	135	5	36	240	64	261	2.05e-21	90.9
WP_055998582.1	iMM1415.235293	29.1	199	130	5	36	232	64	253	5.19e-20	87.0
WP_055998586.1	iYS854.USA300HOU_RS13900	30.3	502	329	12	1	488	1	495	3.87e-61	207
WP_055998588.1	iAM_Pc455.PCYB_052680	26.7	90	66	0	90	179	243	332	8.67e-04	38.9
WP_055998590.1	iSynCJ816.SGL_RS08445	31.8	255	155	4	13	255	25	272	2.55e-21	91.7
WP_055998596.1	iCN900.CD630_26230	31.4	226	139	4	7	219	10	232	6.46e-21	87.0
WP_055998596.1	iIS312.TCDM_08914	34.3	207	116	5	30	219	36	239	8.43e-21	87.0
WP_055998598.1	iML1515.b3715	26.7	195	135	4	1	192	1	190	1.11e-14	70.1
WP_055998600.1	iMM904.YEL039C	46.8	94	49	1	70	162	15	108	4.09e-26	97.4
WP_055998600.1	iMM904.YJR048W	45.7	94	50	1	70	162	11	104	6.82e-23	89.0
WP_055998601.1	iSbBS512_1146.SbBS512_E2986	36.0	275	168	4	23	289	101	375	1.16e-36	134
WP_055998601.1	iSSON_1240.SSON_2750	36.0	275	168	4	23	289	101	375	1.16e-36	134
WP_055998601.1	iML1515.b2599	36.0	275	168	4	23	289	101	375	2.26e-36	133
WP_055998601.1	iYL1228.KPN_02920	36.4	275	167	4	23	289	101	375	2.26e-36	133
WP_055998601.1	iSF_1195.SF2659	36.0	275	168	4	23	289	101	375	2.26e-36	133
WP_055998601.1	iSDY_1059.SDY_2767	36.0	275	168	4	23	289	101	375	1.19e-35	131
WP_055998601.1	iAF692.Mbar_A1930	34.1	252	144	3	58	289	57	306	5.61e-35	128
WP_055998601.1	iAF987.Gmet_0862	34.8	270	170	6	27	293	89	355	1.38e-33	125
WP_055998601.1	STM_v1_0.STM2667	34.5	275	172	4	23	289	101	375	3.27e-33	125
WP_055998601.1	iLB1027_lipid.PHATRDRAFT_3267	33.0	300	164	6	27	289	3	302	1.38e-33	124
WP_055998601.1	iSynCJ816.SGL_RS03135	35.5	242	149	4	51	289	38	275	2.32e-33	123
WP_055998603.1	iEK1008.Rv3199c	35.6	295	152	8	3	281	38	310	1.28e-38	137
WP_055998605.1	iEK1008.Rv3775	24.1	290	160	7	80	349	80	329	2.74e-11	64.7
WP_055998610.1	iJN1463.PP_1088	67.3	401	129	1	5	405	4	402	4.30e-192	537
WP_055998610.1	iAF987.Gmet_0206	62.1	398	145	4	3	399	6	398	1.45e-171	485
WP_055998612.1	iAF692.Mbar_A3635	28.0	164	90	5	26	173	29	180	2.18e-05	43.5
WP_055998612.1	iJN1463.PP_5098	29.7	101	57	3	26	116	18	114	3.22e-05	42.7
WP_055998612.1	iLB1027_lipid.PHATRDRAFT_20833	27.0	111	65	3	18	112	28	138	3.61e-04	39.7
WP_055998622.1	iML1515.b0465	35.9	156	100	0	226	381	905	1060	9.45e-30	122
WP_055998624.1	iYL1228.KPN_03428	50.1	389	185	5	12	393	8	394	9.54e-123	360
WP_055998624.1	iML1515.b3008	48.6	389	191	5	12	393	8	394	1.91e-122	359
WP_055998624.1	iSSON_1240.SSON_3151	48.8	389	190	5	12	393	8	394	2.71e-122	359
WP_055998624.1	iSF_1195.SF3053	48.3	389	192	5	12	393	8	394	1.09e-121	357
WP_055998624.1	iSDY_1059.SDY_3065	48.3	389	192	5	12	393	8	394	2.19e-121	357
WP_055998624.1	iSbBS512_1146.SbBS512_E3435	48.1	389	193	5	12	393	8	394	1.25e-120	355
WP_055998624.1	STM_v1_0.STM3161	46.6	388	200	5	12	393	8	394	6.02e-116	343
WP_055998625.1	iYL1228.KPN_02851	41.0	271	146	9	9	269	11	277	3.02e-55	179
WP_055998625.1	iCHOv1.100689314	39.8	284	150	10	2	268	8	287	2.63e-53	174
WP_055998625.1	iMM1415.246221	38.5	275	152	8	2	262	8	279	5.23e-53	174
WP_055998625.1	iPC815.YPO1194	38.7	274	158	6	4	269	6	277	5.16e-53	173
WP_055998625.1	iAT_PLT_636.7263	39.9	276	147	9	2	262	8	279	3.24e-51	169
WP_055998625.1	iAT_PLT_636.4357	38.2	275	153	8	2	262	28	299	1.09e-50	168
WP_055998625.1	iCHOv1.100763920	38.3	277	152	9	2	262	44	317	3.41e-50	167
WP_055998625.1	iSbBS512_1146.SbBS512_E2896	39.1	271	150	10	9	269	11	276	1.17e-50	167
WP_055998625.1	iML1515.b2521	39.1	271	150	10	9	269	11	276	3.29e-50	166
WP_055998625.1	iSSON_1240.SSON_2603	39.1	271	150	10	9	269	64	329	1.31e-49	166
WP_055998625.1	iMM1415.22117	38.4	284	154	10	2	268	8	287	1.00e-49	165
WP_055998625.1	STM_v1_0.STM2533	39.4	269	152	8	9	269	11	276	1.78e-49	164
WP_055998625.1	iSDY_1059.SDY_2717	38.7	271	151	10	9	269	64	329	7.22e-49	164
WP_055998628.1	iYS854.USA300HOU_RS03935	53.0	100	47	0	28	127	40	139	4.47e-32	111
WP_055998638.1	iEK1008.Rv0125	29.2	288	145	11	104	361	75	333	2.54e-16	80.1
WP_055998650.1	iML1515.b0465	31.4	204	140	0	519	722	841	1044	3.83e-26	115
WP_055998650.1	iML1515.b4159	28.5	305	213	3	472	773	781	1083	1.15e-25	113
WP_055998654.1	iJN1463.PP_0129	37.7	183	104	3	171	346	463	642	8.42e-22	96.3
WP_055998654.1	iAF987.Gmet_0840	38.3	175	80	4	195	346	240	409	1.22e-19	89.0
WP_055998654.1	iPC815.YPO0425	38.7	155	90	3	196	346	223	376	1.05e-19	89.0
WP_055998654.1	iML1515.b1025	37.4	179	91	7	180	347	273	441	5.09e-19	87.4
WP_055998654.1	iAF987.Gmet_2425	37.6	157	92	3	195	346	189	344	3.53e-19	87.0
WP_055998657.1	iML1515.b2480	30.7	114	77	1	55	168	33	144	5.64e-11	57.8
WP_055998657.1	iSbBS512_1146.SbBS512_E2852	30.7	114	77	1	55	168	33	144	5.64e-11	57.8
WP_055998657.1	iSDY_1059.SDY_2669	30.7	114	77	1	55	168	33	144	5.64e-11	57.8
WP_055998657.1	iSF_1195.SF2523	30.7	114	77	1	55	168	33	144	5.64e-11	57.8
WP_055998657.1	iSSON_1240.SSON_2561	30.7	114	77	1	55	168	33	144	5.64e-11	57.8
WP_055998657.1	iYL1228.KPN_02814	30.7	114	77	1	55	168	33	144	7.85e-11	57.4
WP_055998657.1	iPC815.YPO3064	28.1	114	80	1	55	168	34	145	2.12e-09	53.5
WP_055998661.1	iSynCJ816.SGL_RS08510	39.7	252	140	7	1	241	2	252	7.78e-44	149
WP_055998674.1	iYO844.BSU23260	58.8	165	66	2	191	353	232	396	3.96e-59	195
WP_055998674.1	iSynCJ816.SGL_RS10240	52.8	178	81	1	179	353	223	400	3.41e-56	191
WP_055998674.1	iAF987.Gmet_1626	55.7	174	76	1	181	353	224	397	3.47e-57	190
WP_055998674.1	iJN1463.PP_0522	60.4	164	64	1	191	353	31	194	1.62e-58	187
WP_055998674.1	iML1515.b1277	54.2	190	85	2	165	353	6	194	2.43e-58	187
WP_055998674.1	iSDY_1059.SDY_1353	54.2	190	85	2	165	353	6	194	2.43e-58	187
WP_055998674.1	iSF_1195.SF1281	54.2	190	85	2	165	353	6	194	2.43e-58	187
WP_055998674.1	iSSON_1240.SSON_1863	54.2	190	85	2	165	353	6	194	2.43e-58	187
WP_055998674.1	iYL1228.KPN_01273	54.7	190	84	2	165	353	6	194	7.75e-58	186
WP_055998674.1	iEK1008.Rv1415	57.4	169	66	2	191	353	237	405	7.20e-55	185
WP_055998674.1	iSbBS512_1146.SbBS512_E1505	53.7	190	86	2	165	353	6	194	1.92e-57	184
WP_055998674.1	STM_v1_0.STM1711	53.2	190	87	2	165	353	6	194	1.08e-56	182
WP_055998674.1	iCN718.ABAYE_RS02415	51.9	189	88	2	165	351	6	193	1.36e-55	180
WP_055998674.1	iPC815.YPO2222	52.1	190	89	2	165	353	6	194	9.51e-55	177
WP_055998680.1	iAM_Pb448.PBANKA_071570	44.1	145	80	1	139	282	187	331	1.14e-37	135
WP_055998680.1	iAM_Pc455.PCYB_052680	45.1	142	77	1	139	279	188	329	5.62e-37	134
WP_055998680.1	iAM_Pv461.PVX_089645	43.0	142	80	1	139	279	213	354	9.46e-36	131
WP_055998680.1	iAM_Pf480.PF3D7_0413700	43.7	142	79	1	139	279	179	320	7.99e-34	125
WP_055998682.1	iAF692.Mbar_A1507	27.6	508	315	15	39	507	23	516	7.87e-31	125
WP_055998696.1	iAF987.Gmet_3259	31.9	317	201	3	7	308	11	327	3.47e-23	99.8
WP_055998696.1	iJN1463.PP_4890	31.3	367	219	10	3	343	5	364	5.42e-22	95.9
WP_055998698.1	iSynCJ816.SGL_RS08600	45.2	520	282	3	1	518	1	519	1.33e-149	438
WP_055998698.1	iAF692.Mbar_A1431	43.4	516	289	3	3	517	2	515	3.22e-144	424
WP_055998698.1	iYO844.BSU23070	43.2	521	293	2	1	520	1	519	3.21e-139	412
WP_055998700.1	iAF692.Mbar_A1294	57.3	370	155	3	7	374	2	370	5.04e-151	430
WP_055998700.1	iLB1027_lipid.PHATRDRAFT_42458	58.3	374	148	5	8	374	35	407	1.70e-146	420
WP_055998704.1	iAF987.Gmet_1238	29.2	202	126	5	27	225	58	245	8.45e-15	73.9
WP_055998708.1	iEK1008.Rv2936	31.7	315	197	6	2	303	5	314	3.43e-41	145
WP_055998712.1	iLJ478.TM1169	33.9	254	144	4	1	253	1	231	3.59e-32	117
WP_055998721.1	STM_v1_0.STM1338	37.1	795	471	14	1	777	1	784	6.57e-146	447
WP_055998721.1	iPC815.YPO2428	37.6	796	466	15	1	777	1	784	7.18e-145	444
WP_055998721.1	iSF_1195.SF1518	36.4	796	475	15	1	777	1	784	7.19e-141	434
WP_055998721.1	iSbBS512_1146.SbBS512_E1955	36.3	796	476	15	1	777	1	784	2.00e-140	433
WP_055998721.1	iSSON_1240.SSON_1445	36.3	796	476	15	1	777	1	784	2.00e-140	433
WP_055998721.1	iYL1228.KPN_02175	36.2	796	477	16	1	777	1	784	3.05e-139	430
WP_055998721.1	iSDY_1059.SDY_1808	36.2	796	477	15	1	777	1	784	4.29e-139	429
WP_055998721.1	iJN1463.PP_2470	35.5	799	472	20	1	775	1	780	3.07e-134	417
WP_055998723.1	iCN900.CD630_34400	31.3	291	187	6	5	287	4	289	4.83e-38	135
WP_055998725.1	iSynCJ816.SGL_RS10930	30.6	487	297	14	8	466	11	484	1.30e-52	189
WP_055998725.1	iEK1008.Rv0684	29.4	489	298	12	1	457	7	480	3.69e-48	177
WP_055998729.1	iJN1463.PP_4755	22.3	707	442	25	57	739	168	791	3.17e-14	76.3
WP_055998757.1	iCN900.CD630_32700	42.8	138	69	6	9	142	3	134	8.32e-14	66.2
WP_055998759.1	iAT_PLT_636.6821	39.6	356	200	10	11	355	200	551	4.11e-71	231
WP_055998759.1	iCHOv1.100768542	39.1	353	200	11	11	352	193	541	2.69e-70	228
WP_055998759.1	iMM1415.211389	39.4	355	200	10	11	354	194	544	2.96e-69	226
WP_055998763.1	iMM904.YPL092W	21.6	370	235	7	24	338	9	378	1.25e-13	71.6
WP_055998765.1	iAT_PLT_636.6821	32.1	346	206	14	73	399	204	539	3.29e-36	139
WP_055998765.1	iCHOv1.100768542	31.3	345	210	13	73	399	197	532	1.84e-34	134
WP_055998765.1	iMM1415.211389	31.3	345	210	13	73	399	198	533	4.23e-33	130
WP_055998779.1	iLJ478.TM1374	26.9	156	102	6	7	156	6	155	1.51e-04	40.8
WP_055998796.1	iYS854.USA300HOU_RS03780	27.5	142	102	1	6	146	5	146	3.23e-10	57.0
WP_055998796.1	iYO844.BSU12010	34.3	102	66	1	50	150	549	650	1.10e-09	55.5
WP_055998796.1	iYO844.BSU14400	27.3	143	103	1	6	147	5	147	5.08e-09	53.5
WP_055998796.1	iCN900.CD630_30150	30.1	123	84	2	6	126	5	127	3.02e-09	52.4
WP_055998796.1	iNF517.LLMG_RS07900	29.9	134	91	2	3	134	2	134	2.35e-08	51.6
WP_055998802.1	iAF987.Gmet_1392	36.9	279	152	8	7	269	12	282	9.10e-39	136
WP_055998802.1	iAF692.Mbar_A0923	37.7	268	153	7	1	256	1	266	1.29e-36	130
WP_055998802.1	iSynCJ816.SGL_RS17415	34.6	266	158	8	7	258	13	276	2.28e-36	130
WP_055998802.1	iYO844.BSU25660	35.8	268	153	7	1	255	1	262	4.06e-34	124
WP_055998809.1	iSynCJ816.SGL_RS03055	37.1	151	79	4	8	149	2	145	2.67e-18	77.0
WP_055998815.1	iSynCJ816.SGL_RS13580	34.0	106	68	2	306	410	292	396	1.12e-04	44.7
WP_055998827.1	iJN1463.PP_1625	59.2	103	39	2	1	101	1	102	6.03e-43	135
WP_055998833.1	iJN1463.PP_0920	49.9	357	171	1	1	357	1	349	2.37e-118	346
WP_055998838.1	iYL1228.KPN_03954	46.0	63	25	2	18	75	11	69	6.63e-09	47.8
WP_055998838.1	iPC815.YPO0066	41.2	68	31	2	18	80	11	74	2.59e-08	46.2
WP_055998838.1	STM_v1_0.STM3702	44.4	63	26	2	18	75	11	69	5.30e-08	45.4
WP_055998838.1	iSF_1195.SF3649	39.7	63	29	2	18	75	11	69	4.22e-07	43.1
WP_055998844.1	iAF692.Mbar_A1452	33.0	669	360	12	7	607	8	656	1.46e-99	317
WP_055998844.1	iYS854.USA300HOU_RS13840	34.1	672	339	15	9	602	6	651	6.29e-97	310
WP_055998844.1	iHN637.CLJU_RS10635	34.3	607	358	13	6	604	3	576	6.57e-93	297
WP_055998844.1	iHN637.CLJU_RS06865	31.7	693	366	15	1	608	2	672	6.77e-91	295
WP_055998844.1	iCN900.CD630_32740	32.7	603	369	9	7	604	4	574	9.04e-90	291
WP_055998844.1	iIT341.HP0687	31.0	638	382	7	7	601	6	628	5.91e-89	288
WP_055998852.1	iEK1008.Rv1288	29.2	161	99	5	170	327	179	327	7.65e-10	60.1
WP_055998856.1	iLJ478.TM0306	25.9	544	262	20	46	554	7	444	1.07e-40	152
WP_055998859.1	iML1515.b4358	44.1	315	164	5	1	309	4	312	5.21e-82	252
WP_055998859.1	iSSON_1240.SSON_4504	44.1	315	164	5	1	309	9	317	6.06e-82	252
WP_055998859.1	iSbBS512_1146.SbBS512_E4898	43.8	315	165	5	1	309	4	312	2.08e-81	250
WP_055998863.1	iCN718.ABAYE_RS04615	68.0	434	134	2	7	435	5	438	2.36e-210	586
WP_055998863.1	iJN1463.PP_1400	66.1	419	139	2	15	433	21	436	5.43e-190	534
WP_055998865.1	iAF987.Gmet_1914	33.9	127	84	0	2	128	4	130	5.53e-13	70.1
WP_055998865.1	iAF987.Gmet_1919	29.0	131	93	0	2	132	5	135	6.36e-12	66.2
WP_055998865.1	iAF987.Gmet_0069	33.3	132	78	3	2	126	5	133	5.17e-11	63.2
WP_055998869.1	iYO844.BSU02340	28.0	411	266	6	13	415	8	396	1.45e-36	138
WP_055998869.1	iCN900.CD630_25410	30.8	377	242	8	46	416	86	449	8.04e-36	137
WP_055998869.1	iYO844.BSU10220	29.4	418	260	11	13	417	11	406	8.83e-35	133
WP_055998869.1	iHN637.CLJU_RS10210	29.2	411	266	8	13	415	15	408	8.78e-33	128
WP_055998869.1	iMM1415.55963	30.8	402	238	9	40	406	73	469	6.41e-32	127
WP_055998873.1	iMM1415.320127	32.5	83	54	1	25	105	958	1040	2.03e-04	41.2
WP_055998873.1	iAT_PLT_636.9162	32.4	74	50	0	32	105	958	1031	4.91e-04	40.0
WP_055998878.1	iHN637.CLJU_RS10465	48.0	75	38	1	623	696	562	636	9.53e-12	68.2
WP_055998880.1	iPC815.YPO2176	59.7	191	77	0	1	191	1	191	1.08e-80	238
WP_055998880.1	iML1515.b1238	57.6	191	81	0	1	191	1	191	1.38e-78	233
WP_055998880.1	iSF_1195.SF1238	57.6	191	81	0	1	191	1	191	1.38e-78	233
WP_055998880.1	iSSON_1240.SSON_1941	57.6	191	81	0	1	191	1	191	1.38e-78	233
WP_055998880.1	iSDY_1059.SDY_1290	57.9	190	80	0	1	190	1	190	5.59e-78	231
WP_055998880.1	iSbBS512_1146.SbBS512_E1403	57.1	191	82	0	1	191	1	191	1.60e-77	230
WP_055998880.1	STM_v1_0.STM1750	57.4	190	81	0	1	190	1	190	4.56e-77	229
WP_055998886.1	iCN900.CD630_24930	31.2	247	155	9	456	692	5	246	1.38e-18	90.5
WP_055998892.1	iYL1228.KPN_00869	41.1	336	182	11	64	386	35	367	1.10e-65	213
WP_055998892.1	iML1515.b0837	39.7	335	190	9	64	387	37	370	9.06e-65	210
WP_055998892.1	iSbBS512_1146.SbBS512_E2507	39.4	335	191	9	64	387	37	370	3.56e-64	209
WP_055998892.1	iSSON_1240.SSON_0820	39.4	335	191	9	64	387	37	370	5.01e-64	208
WP_055998900.1	iJN1463.PP_0687	44.8	315	172	1	23	337	10	322	5.13e-86	261
WP_055998900.1	iYL1228.KPN_03597	43.6	326	177	2	15	337	2	323	8.49e-85	258
WP_055998900.1	STM_v1_0.STM3305	42.9	324	178	2	15	335	2	321	8.75e-82	251
WP_055998900.1	iSbBS512_1146.SbBS512_E3583	42.3	326	181	2	15	337	2	323	1.24e-81	250
WP_055998900.1	iML1515.b3187	42.6	324	179	2	15	335	2	321	1.75e-81	250
WP_055998900.1	iSF_1195.SF3227	42.6	324	179	2	15	335	2	321	1.75e-81	250
WP_055998900.1	iSSON_1240.SSON_3335	42.6	324	179	2	15	335	2	321	1.75e-81	250
WP_055998900.1	iSDY_1059.SDY_3368	42.3	324	180	2	15	335	2	321	2.47e-81	249
WP_055998900.1	iAF987.Gmet_2455	42.7	316	181	0	20	335	5	320	6.79e-81	248
WP_055998900.1	iPC815.YPO3513	41.7	326	183	2	15	337	2	323	9.90e-81	248
WP_055998902.1	iYL1228.KPN_02922	38.0	79	49	0	4	82	3	81	7.23e-09	50.8
WP_055998902.1	iSF_1195.SF2660	36.7	79	50	0	4	82	3	81	2.52e-08	49.3
WP_055998902.1	STM_v1_0.STM2669	36.7	79	50	0	4	82	3	81	3.44e-08	48.9
WP_055998902.1	iML1515.b2600	36.7	79	50	0	4	82	3	81	4.71e-08	48.5
WP_055998902.1	iSbBS512_1146.SbBS512_E2987	36.7	79	50	0	4	82	3	81	4.71e-08	48.5
WP_055998902.1	iSSON_1240.SSON_2751	36.7	79	50	0	4	82	3	81	4.71e-08	48.5
WP_055998902.1	iPC815.YPO3285	38.0	79	49	0	4	82	3	81	4.71e-08	48.5
WP_055998907.1	iYO844.BSU23610	41.8	79	42	2	35	112	44	119	8.00e-13	63.2
WP_055998907.1	iJN1463.PP_0260	33.8	148	92	4	15	160	27	170	8.42e-12	60.5
WP_055998907.1	iYS854.USA300HOU_RS08015	42.2	83	44	2	35	116	43	122	1.99e-11	59.3
WP_055998913.1	iAF987.Gmet_0354	35.2	799	461	16	9	767	2	783	1.89e-124	394
WP_055998913.1	iJN1463.PP_5084	33.0	831	475	19	25	808	9	804	1.19e-115	370
WP_055998913.1	iPC815.YPO0145	32.6	818	465	14	24	767	5	810	2.13e-112	362
WP_055998913.1	STM_v1_0.STM3493	31.6	809	472	15	31	767	19	818	5.05e-111	359
WP_055998913.1	iSDY_1059.SDY_3682	31.8	814	474	16	26	767	14	818	1.41e-109	355
WP_055998919.1	iPC815.YPO1597	52.4	317	146	1	6	322	5	316	2.42e-102	302
WP_055998919.1	iAF987.Gmet_1599	49.4	330	155	3	1	322	1	326	2.71e-101	300
WP_055998919.1	STM_v1_0.STM1193	51.6	318	148	2	6	322	5	317	4.06e-101	299
WP_055998919.1	iML1515.b1091	52.2	318	146	2	6	322	5	317	5.75e-101	299
WP_055998919.1	iSbBS512_1146.SbBS512_E2233	52.2	318	146	2	6	322	5	317	5.75e-101	299
WP_055998919.1	iSSON_1240.SSON_1111	52.2	318	146	2	6	322	5	317	5.75e-101	299
WP_055998919.1	iSDY_1059.SDY_2059	51.9	318	147	2	6	322	5	317	2.32e-100	297
WP_055998919.1	iYL1228.KPN_01089	51.1	321	145	3	6	322	5	317	3.28e-100	297
WP_055998919.1	iSF_1195.SF1095	51.9	318	147	2	6	322	5	317	6.59e-100	296
WP_055998919.1	iSynCJ816.SGL_RS09325	45.0	327	164	4	6	322	10	330	1.28e-92	278
WP_055998921.1	iML1515.b1090	43.8	340	177	4	7	338	6	339	8.23e-81	249
WP_055998921.1	iSbBS512_1146.SbBS512_E2234	43.2	340	179	4	7	338	6	339	1.31e-79	246
WP_055998921.1	iSSON_1240.SSON_1110	43.9	335	174	4	12	338	1	329	5.48e-79	244
WP_055998921.1	iSDY_1059.SDY_2060	43.6	335	175	4	12	338	1	329	3.09e-78	243
WP_055998921.1	iSF_1195.SF1094	43.6	335	175	4	12	338	1	329	3.09e-78	243
WP_055998921.1	iJN1463.PP_1912	44.2	326	177	4	7	331	6	327	9.13e-78	241
WP_055998922.1	iCN900.CD630_27420	34.7	196	121	4	19	212	14	204	6.13e-31	112
WP_055998922.1	iEK1008.Rv2581c	34.6	214	126	6	12	212	7	219	2.16e-29	108
WP_055998923.1	iAF987.Gmet_3010	39.1	557	316	8	37	578	37	585	1.83e-98	311
WP_055998924.1	iCN718.ABAYE_RS05270	58.2	390	154	3	8	394	7	390	1.97e-144	416
WP_055998928.1	iYS854.USA300HOU_RS07280	45.4	152	81	2	47	197	6	156	3.41e-36	125
WP_055998928.1	iYS854.USA300HOU_RS06930	45.6	149	79	2	46	193	5	152	1.21e-34	120
WP_055998928.1	iAF987.Gmet_0268	42.4	151	85	2	42	191	5	154	1.57e-33	117
WP_055998928.1	iYO844.BSU21690	42.7	150	84	2	47	195	8	156	4.74e-33	117
WP_055998928.1	STM_v1_0.STM4408	44.2	163	82	5	36	193	37	195	1.20e-32	117
WP_055998928.1	iYL1228.KPN_04615	42.0	162	87	4	36	193	57	215	7.74e-32	115
WP_055998928.1	iSbBS512_1146.SbBS512_E4863	42.6	155	84	3	43	193	42	195	1.32e-31	114
WP_055998928.1	iML1515.b4219	42.6	155	84	3	43	193	42	195	2.61e-31	113
WP_055998928.1	iSF_1195.SF4268	42.6	155	84	3	43	193	42	195	2.61e-31	113
WP_055998928.1	iSSON_1240.SSON_4404	42.6	155	84	3	43	193	42	195	2.61e-31	113
WP_055998932.1	iJN1463.PP_4471	36.0	417	264	3	43	457	61	476	6.52e-76	245
WP_055998938.1	iAT_PLT_636.4905	36.0	272	155	5	499	753	242	511	4.07e-40	157
WP_055998938.1	iMM1415.18195	36.0	272	155	5	499	753	242	511	4.07e-40	157
WP_055998957.1	iAF987.Gmet_2929	27.4	208	119	5	5	207	20	200	9.22e-11	59.3
WP_055998972.1	iYL1228.KPN_00670	28.8	191	121	6	14	201	4	182	5.29e-12	62.4
WP_055998978.1	iAF987.Gmet_1750	37.0	227	132	2	299	525	31	246	9.68e-34	130
WP_055998980.1	iJN1463.PP_1924	40.4	178	102	1	2	179	5	178	2.18e-42	140
WP_055998989.1	iAF987.Gmet_1914	30.3	109	74	1	4	112	3	109	4.96e-13	63.9
WP_055999007.1	iAF987.Gmet_0351	41.6	1009	464	17	10	981	2	922	6.47e-243	708
WP_055999007.1	iJN1463.PP_0603	40.7	1016	465	22	10	977	3	929	1.52e-225	664
WP_055999007.1	iCN718.ABAYE_RS19095	39.7	1011	488	20	4	977	6	931	4.03e-223	658
WP_055999007.1	iPC815.YPO0475	39.1	1012	492	20	10	982	3	929	3.63e-222	655
WP_055999007.1	STM_v1_0.STM0046	38.4	1025	487	19	10	982	3	935	6.16e-222	655
WP_055999007.1	iSDY_1059.SDY_0048	38.9	1012	494	17	10	982	3	929	1.27e-219	649
WP_055999007.1	iSF_1195.SF0022	38.7	1012	496	16	10	982	3	929	1.27e-219	649
WP_055999007.1	iSbBS512_1146.SbBS512_E0030	38.9	1012	494	17	10	982	3	929	2.53e-219	648
WP_055999007.1	iSSON_1240.SSON_0031	39.0	1012	493	18	10	982	3	929	5.04e-219	647
WP_055999007.1	iYL1228.KPN_00021	38.7	998	488	19	24	982	1	913	4.26e-216	639
WP_055999010.1	iJN1463.PP_0602	39.9	291	174	1	15	305	15	304	1.92e-55	182
WP_055999010.1	iYL1228.KPN_00020	37.1	299	187	1	10	308	10	307	5.32e-54	178
WP_055999010.1	STM_v1_0.STM0045	36.8	299	188	1	10	308	10	307	7.49e-54	177
WP_055999010.1	iPC815.YPO0474	37.3	308	192	1	1	308	1	307	8.25e-53	175
WP_055999010.1	iAF987.Gmet_1388	35.5	290	185	2	18	307	18	305	9.17e-51	170
WP_055999010.1	iML1515.b0025	36.4	297	188	1	12	308	13	308	1.02e-50	169
WP_055999010.1	iSbBS512_1146.SbBS512_E0029	36.4	297	188	1	12	308	13	308	1.02e-50	169
WP_055999010.1	iSF_1195.SF0021	36.4	297	188	1	12	308	13	308	1.02e-50	169
WP_055999010.1	iSSON_1240.SSON_0030	36.4	297	188	1	12	308	13	308	1.02e-50	169
WP_055999010.1	iSDY_1059.SDY_0047	36.0	297	189	1	12	308	13	308	7.94e-50	167
WP_055999010.1	iSynCJ816.SGL_RS07670	40.8	294	166	6	19	307	16	306	1.12e-49	167
WP_055999012.1	iJN1463.PP_4213	28.4	261	118	5	192	383	186	446	5.90e-15	75.9
WP_055999015.1	iAF987.Gmet_2947	45.5	156	81	3	1	154	2	155	3.83e-38	127
WP_055999015.1	iJN1463.PP_5132	41.5	159	82	3	2	149	7	165	2.42e-33	115
WP_055999017.1	STM_v1_0.STM3001	64.0	264	95	0	1	264	1	264	1.26e-130	370
WP_055999017.1	iPC815.YPO0783	63.6	264	96	0	1	264	1	264	5.11e-130	368
WP_055999017.1	iYL1228.KPN_03236	64.8	264	93	0	1	264	1	264	1.03e-129	367
WP_055999017.1	iML1515.b2827	64.0	264	95	0	1	264	1	264	4.18e-129	366
WP_055999017.1	iSSON_1240.SSON_2984	64.0	264	95	0	1	264	1	264	4.18e-129	366
WP_055999017.1	iSF_1195.SF2837	63.6	264	96	0	1	264	1	264	5.94e-129	365
WP_055999017.1	iSDY_1059.SDY_3044	63.6	264	96	0	1	264	1	264	1.70e-128	364
WP_055999017.1	iSbBS512_1146.SbBS512_E3035	63.6	264	96	0	1	264	1	264	6.90e-128	363
WP_055999017.1	iEK1008.Rv2764c	62.5	264	98	1	1	264	1	263	2.10e-124	354
WP_055999017.1	iYO844.BSU21820	61.4	264	102	0	1	264	1	264	1.13e-119	342
WP_055999036.1	iEK1008.Rv2936	39.1	248	143	3	6	251	7	248	1.49e-48	164
WP_055999041.1	iYO844.BSU08790	70.2	573	131	5	19	579	19	563	2.90e-301	830
WP_055999041.1	iJN1463.PP_4922	67.6	627	162	7	16	627	23	623	3.11e-300	829
WP_055999041.1	iYL1228.KPN_04376	64.6	636	165	7	20	631	30	629	6.92e-291	806
WP_055999041.1	STM_v1_0.STM4164	65.8	619	166	7	28	631	42	629	1.98e-290	805
WP_055999041.1	iSbBS512_1146.SbBS512_E4485	65.4	628	160	8	24	631	39	629	2.29e-289	802
WP_055999041.1	iCN718.ABAYE_RS17505	69.9	571	150	7	20	575	30	593	2.61e-289	801
WP_055999041.1	iML1515.b3994	65.7	624	158	7	28	631	42	629	3.24e-289	801
WP_055999041.1	iSDY_1059.SDY_3732	65.4	619	168	7	28	631	42	629	1.52e-287	797
WP_055999041.1	iSSON_1240.SSON_4167	65.2	624	161	7	28	631	42	629	1.52e-287	797
WP_055999041.1	iSF_1195.SF4066	65.2	624	161	7	28	631	42	629	3.06e-287	796
WP_055999041.1	iPC815.YPO3739	63.0	622	196	6	28	627	57	666	1.25e-279	779
WP_055999056.1	iJN1463.PP_0686	51.6	93	42	2	7	99	23	112	7.64e-23	84.7
WP_055999058.1	iML1515.b2047	41.9	186	105	2	268	451	269	453	1.62e-33	131
WP_055999064.1	iAF987.Gmet_1919	26.5	136	93	3	7	140	5	135	8.99e-08	53.5
WP_055999073.1	iJN1463.PP_4150	23.7	497	278	16	23	458	28	484	1.00e-19	92.4
WP_055999073.1	iJN1463.PP_5179	30.7	215	124	5	265	460	6	214	6.72e-19	88.6
WP_055999073.1	iSynCJ816.SGL_RS04625	28.8	222	136	4	274	477	15	232	5.18e-19	87.4
WP_055999073.1	iML1515.b1858	34.2	190	100	5	281	458	4	180	4.12e-18	84.0
WP_055999073.1	iYL1228.KPN_00969	33.3	183	104	4	287	458	17	192	4.58e-18	84.0
WP_055999073.1	iSbBS512_1146.SbBS512_E0954	34.2	190	100	5	281	458	4	180	4.12e-18	84.0
WP_055999073.1	iSSON_1240.SSON_1283	34.2	190	100	5	281	458	4	180	4.12e-18	84.0
WP_055999073.1	iAF987.Gmet_0492	32.1	215	121	5	281	473	5	216	6.09e-18	83.6
WP_055999073.1	iSF_1195.SF1867	34.2	190	100	5	281	458	4	180	5.58e-18	83.6
WP_055999079.1	iAF987.Gmet_0069	34.5	119	74	2	3	117	5	123	2.58e-15	73.2
WP_055999087.1	STM_v1_0.STM4061	40.4	280	166	1	12	291	8	286	1.00e-63	203
WP_055999087.1	iYL1228.KPN_04222	39.8	284	170	1	12	295	8	290	2.83e-63	202
WP_055999087.1	iJN1463.PP_4774	40.0	290	170	2	2	291	4	289	1.67e-62	199
WP_055999087.1	iSF_1195.SF3993	39.3	280	169	1	12	291	8	286	3.16e-62	199
WP_055999087.1	iSSON_1240.SSON_4084	39.3	280	169	1	12	291	8	286	3.16e-62	199
WP_055999087.1	iML1515.b3915	39.3	280	169	1	12	291	8	286	4.46e-62	199
WP_055999087.1	iSDY_1059.SDY_3832	39.3	280	169	1	12	291	8	286	4.46e-62	199
WP_055999087.1	iSbBS512_1146.SbBS512_E4394	39.3	280	169	1	12	291	8	286	8.89e-62	198
WP_055999090.1	iSynCJ816.SGL_RS10830	51.6	188	91	0	4	191	43	230	1.30e-62	193
WP_055999090.1	iJN1463.PP_1129	49.7	191	94	1	3	191	25	215	2.31e-57	179
WP_055999096.1	iAF987.Gmet_2329	52.9	325	152	1	6	330	3	326	2.03e-106	313
WP_055999096.1	iAF987.Gmet_1486	51.8	328	156	2	5	332	2	327	2.15e-104	308
WP_055999099.1	iAF987.Gmet_0268	53.3	150	65	2	4	149	8	156	2.44e-52	164
WP_055999099.1	iSbBS512_1146.SbBS512_E4863	51.0	157	67	2	4	154	44	196	3.19e-51	163
WP_055999099.1	iML1515.b4219	51.0	157	67	2	4	154	44	196	6.39e-51	162
WP_055999099.1	iSF_1195.SF4268	51.0	157	67	2	4	154	44	196	6.39e-51	162
WP_055999099.1	iSSON_1240.SSON_4404	51.0	157	67	2	4	154	44	196	6.39e-51	162
WP_055999099.1	iSDY_1059.SDY_4456	51.0	157	67	2	4	154	44	196	1.28e-50	161
WP_055999099.1	STM_v1_0.STM4408	51.3	158	65	3	4	154	44	196	1.67e-48	156
WP_055999099.1	iYL1228.KPN_04615	48.1	160	71	3	4	155	64	219	5.41e-46	150
WP_055999117.1	iYL1228.KPN_00179	56.6	272	116	2	1	271	1	271	4.57e-92	273
WP_055999117.1	STM_v1_0.STM0213	55.9	272	118	2	1	271	1	271	2.12e-90	268
WP_055999117.1	iSDY_1059.SDY_0182	55.5	272	119	2	1	271	1	271	4.27e-90	268
WP_055999117.1	iML1515.b0166	55.9	272	118	2	1	271	1	271	1.21e-89	266
WP_055999117.1	iSF_1195.SF0156	55.9	272	118	2	1	271	1	271	1.21e-89	266
WP_055999117.1	iSSON_1240.SSON_0178	55.9	272	118	2	1	271	1	271	1.21e-89	266
WP_055999117.1	iSbBS512_1146.SbBS512_E0158	55.5	272	119	2	1	271	1	271	3.46e-89	265
WP_055999117.1	iPC815.YPO1041	54.0	272	123	2	1	271	1	271	1.98e-88	263
WP_055999117.1	iCN718.ABAYE_RS05125	54.0	272	123	2	1	271	1	271	5.45e-88	262
WP_055999123.1	iJN1463.PP_4213	27.7	368	227	8	66	396	90	455	6.67e-28	114
WP_055999135.1	iJN1463.PP_4201	68.0	306	96	2	1	305	1	305	2.84e-123	355
WP_055999138.1	iJN1463.PP_4202	74.9	243	61	0	1	243	1	243	7.18e-118	336
WP_055999141.1	iYO844.BSU16090	57.7	395	157	1	1	395	1	385	1.07e-147	423
WP_055999141.1	iYS854.USA300HOU_RS06265	56.5	398	163	1	1	398	1	388	1.57e-145	418
WP_055999141.1	iAF987.Gmet_2261	57.5	395	158	1	1	395	1	385	2.57e-141	407
WP_055999141.1	iAF987.Gmet_2069	56.5	395	162	1	1	395	1	385	3.52e-139	402
WP_055999141.1	STM_v1_0.STM0738	52.0	396	180	1	1	396	1	386	1.58e-135	392
WP_055999141.1	iML1515.b0728	52.0	396	180	1	1	396	1	386	3.17e-135	392
WP_055999141.1	iSF_1195.SF0569	52.0	396	180	1	1	396	1	386	3.17e-135	392
WP_055999141.1	iSSON_1240.SSON_0679	52.0	396	180	1	1	396	1	386	3.17e-135	392
WP_055999141.1	iSbBS512_1146.SbBS512_E0647	52.0	396	180	1	1	396	1	386	6.36e-135	391
WP_055999141.1	iSDY_1059.SDY_0666	51.8	396	181	1	1	396	1	386	3.64e-134	389
WP_055999141.1	iYL1228.KPN_00734	52.0	396	180	1	1	396	1	386	2.08e-133	387
WP_055999141.1	iPC815.YPO1115	51.4	395	182	1	1	395	1	385	6.79e-132	383
WP_055999154.1	iAF987.Gmet_2848	57.7	310	130	1	1	310	5	313	1.30e-118	343
WP_055999154.1	iJN1463.PP_0722	57.6	311	129	3	1	310	4	312	1.78e-118	343
WP_055999154.1	iCN718.ABAYE_RS14860	56.8	308	131	2	5	311	8	314	1.30e-116	338
WP_055999154.1	iPC815.YPO2013	54.5	312	140	2	1	311	4	314	3.15e-112	327
WP_055999154.1	iML1515.b1207	54.2	312	141	2	1	311	4	314	6.34e-112	326
WP_055999154.1	iYL1228.KPN_02238	53.8	312	142	2	1	311	1	311	5.73e-112	326
WP_055999154.1	iSDY_1059.SDY_1256	54.2	312	141	2	1	311	4	314	6.34e-112	326
WP_055999154.1	iSSON_1240.SSON_1971	54.2	312	141	2	1	311	4	314	6.34e-112	326
WP_055999154.1	iSF_1195.SF1210	54.2	312	141	2	1	311	4	314	8.99e-112	326
WP_055999154.1	STM_v1_0.STM1780	54.2	312	141	2	1	311	4	314	1.27e-111	325
WP_055999154.1	iSbBS512_1146.SbBS512_E1371	53.8	312	142	2	1	311	4	314	1.81e-111	325
WP_055999154.1	iIT341.HP0742	52.4	309	142	3	2	310	14	317	3.50e-107	314
WP_055999154.1	iHN637.CLJU_RS20580	55.0	313	137	4	1	311	8	318	1.18e-105	310
WP_055999156.1	iLJ478.TM1351	34.7	472	271	13	1	439	1	468	5.26e-75	241
WP_055999156.1	iYO844.BSU00920	34.9	475	267	10	5	438	8	481	8.82e-73	236
WP_055999156.1	iPC815.YPO2984	33.8	465	265	10	4	437	5	457	5.02e-72	234
WP_055999156.1	iYS854.USA300HOU_RS02780	34.2	476	269	11	5	438	8	481	5.73e-70	229
WP_055999156.1	iSynCJ816.SGL_RS14665	33.8	459	266	11	1	421	1	459	8.41e-69	226
WP_055999156.1	iYL1228.KPN_02750	33.4	461	272	9	4	437	5	457	1.27e-68	225
WP_055999156.1	iSDY_1059.SDY_2600	33.5	468	262	11	4	437	5	457	1.24e-68	225
WP_055999156.1	iML1515.b2400	33.0	463	271	10	4	437	5	457	4.80e-68	223
WP_055999156.1	iSbBS512_1146.SbBS512_E2779	33.0	463	271	10	4	437	5	457	4.80e-68	223
WP_055999156.1	iSSON_1240.SSON_2491	33.0	463	271	10	4	437	5	457	4.80e-68	223
WP_055999156.1	iSF_1195.SF2462	33.0	463	271	11	4	437	5	457	9.45e-68	223
WP_055999156.1	STM_v1_0.STM2415	32.8	461	275	9	4	437	5	457	2.79e-66	219
WP_055999165.1	iAF987.Gmet_1624	36.8	353	174	6	4	310	12	361	9.18e-60	195
WP_055999165.1	iYL1228.KPN_00366	37.9	354	170	6	1	305	7	359	9.50e-55	182
WP_055999165.1	iJN1463.PP_0514	37.4	353	171	7	1	305	15	365	2.46e-54	181
WP_055999165.1	iML1515.b0414	37.3	357	168	7	1	305	7	359	2.64e-54	181
WP_055999165.1	iSSON_1240.SSON_0391	37.0	357	169	7	1	305	7	359	2.64e-54	181
WP_055999165.1	iSF_1195.SF0351	35.9	354	177	5	1	305	7	359	7.35e-54	179
WP_055999165.1	iPC815.YPO3183	37.7	355	169	7	1	305	8	360	1.09e-53	179
WP_055999165.1	STM_v1_0.STM0416	36.2	354	176	5	1	305	7	359	1.45e-53	179
WP_055999165.1	iSbBS512_1146.SbBS512_E0335	37.5	357	167	8	1	305	7	359	1.45e-53	179
WP_055999165.1	iSDY_1059.SDY_0320	37.3	357	168	8	1	305	7	359	7.98e-53	177
WP_055999168.1	iCN718.ABAYE_RS17635	43.9	196	104	3	1	194	1	192	1.03e-51	165
WP_055999168.1	iJN1463.PP_0515	43.7	197	104	4	1	194	1	193	2.34e-45	149
WP_055999169.1	iAF987.Gmet_1626	49.6	369	172	5	18	373	7	374	1.20e-108	323
WP_055999169.1	iJN1463.PP_0516	47.8	358	181	4	14	368	9	363	1.26e-100	302
WP_055999172.1	iLJ478.TM1825	38.6	140	82	2	3	138	14	153	2.52e-23	89.0
WP_055999172.1	iHN637.CLJU_RS10825	38.6	140	82	2	3	138	14	153	1.05e-22	87.0
WP_055999172.1	iNF517.LLMG_RS07695	38.0	142	84	2	2	139	13	154	1.08e-22	87.0
WP_055999172.1	iPC815.YPO3182	38.4	138	80	2	2	134	13	150	1.60e-22	86.7
WP_055999172.1	STM_v1_0.STM0417	39.9	138	78	2	2	134	13	150	4.49e-22	85.5
WP_055999172.1	iML1515.b0415	39.1	138	79	3	2	134	13	150	8.95e-22	84.7
WP_055999172.1	iYL1228.KPN_00367	39.1	138	79	3	2	134	13	150	8.95e-22	84.7
WP_055999172.1	iSbBS512_1146.SbBS512_E0336	39.1	138	79	3	2	134	13	150	8.95e-22	84.7
WP_055999172.1	iSDY_1059.SDY_0319	39.1	138	79	3	2	134	13	150	8.95e-22	84.7
WP_055999172.1	iSF_1195.SF0352	39.1	138	79	3	2	134	13	150	8.95e-22	84.7
WP_055999172.1	iSSON_1240.SSON_0392	39.1	138	79	3	2	134	13	150	8.95e-22	84.7
WP_055999172.1	iJN1463.PP_0517	38.3	133	78	2	6	134	19	151	7.41e-21	82.4
WP_055999172.1	iYO844.BSU23250	38.6	140	82	2	3	138	14	153	9.50e-21	82.0
WP_055999175.1	iYL1228.KPN_03625	45.0	473	251	5	4	471	3	471	4.24e-128	380
WP_055999175.1	iPC815.YPO3558	44.7	472	254	5	4	471	3	471	4.24e-128	380
WP_055999175.1	iML1515.b3213	44.4	473	254	5	4	471	3	471	5.45e-126	374
WP_055999175.1	iSbBS512_1146.SbBS512_E3557	44.4	473	254	5	4	471	3	471	5.45e-126	374
WP_055999175.1	iSF_1195.SF3253	44.4	473	254	5	4	471	3	471	5.45e-126	374
WP_055999175.1	iSSON_1240.SSON_3361	44.4	473	254	5	4	471	3	471	5.45e-126	374
WP_055999175.1	iJN1463.PP_5075	47.4	460	230	6	17	471	19	471	7.71e-126	374
WP_055999175.1	STM_v1_0.STM3331	44.9	474	250	6	4	471	3	471	1.54e-125	373
WP_055999175.1	iSDY_1059.SDY_3394	43.8	473	257	5	4	471	3	471	2.79e-123	367
WP_055999175.1	iCN718.ABAYE_RS02030	43.9	467	251	6	9	470	11	471	2.61e-121	362
WP_055999187.1	iLB1027_lipid.PHATRDRAFT_19705	27.7	206	133	6	22	214	4	206	2.28e-10	60.1
WP_055999187.1	iCHOv1.100689420	28.2	202	133	5	22	212	34	234	1.37e-09	58.2
WP_055999187.1	STM_v1_0.STM2298	25.0	300	201	11	20	307	9	296	2.77e-08	54.7
WP_055999193.1	iMM904.YEL039C	40.7	91	54	0	55	145	23	113	8.86e-20	78.6
WP_055999193.1	iMM904.YJR048W	41.4	87	51	0	55	141	19	105	8.97e-19	75.9
WP_055999214.1	iPC815.YPO3430	39.9	148	86	3	2	147	14	160	3.72e-22	88.6
WP_055999214.1	iJN1463.PP_0631	37.4	174	106	3	2	173	20	192	4.05e-21	85.9
WP_055999214.1	iML1515.b0103	37.4	147	89	3	2	146	14	159	1.62e-19	81.6
WP_055999214.1	iSbBS512_1146.SbBS512_E0096	37.4	147	89	3	2	146	14	159	1.62e-19	81.6
WP_055999214.1	iSDY_1059.SDY_0133	37.4	147	89	3	2	146	14	159	1.62e-19	81.6
WP_055999214.1	iSSON_1240.SSON_0111	37.4	147	89	3	2	146	14	159	1.62e-19	81.6
WP_055999218.1	iML1515.b1856	35.4	243	149	5	233	471	188	426	9.40e-35	134
WP_055999222.1	STM_v1_0.STM0998	42.6	392	219	4	3	388	2	393	3.49e-101	305
WP_055999222.1	iML1515.b0928	41.8	392	222	4	3	388	2	393	1.79e-98	298
WP_055999222.1	iSbBS512_1146.SbBS512_E2390	41.8	392	222	4	3	388	2	393	1.79e-98	298
WP_055999222.1	iSDY_1059.SDY_2329	41.8	392	222	4	3	388	2	393	1.79e-98	298
WP_055999222.1	iSSON_1240.SSON_0931	41.8	392	222	4	3	388	2	393	1.79e-98	298
WP_055999222.1	iSF_1195.SF0925	41.6	392	223	4	3	388	2	393	2.53e-98	298
WP_055999222.1	iYL1228.KPN_00955	42.3	392	220	4	3	388	2	393	1.01e-97	296
WP_055999222.1	iPC815.YPO1410	40.6	392	227	4	3	388	2	393	2.57e-95	290
WP_055999231.1	iIS312.TCDM_05651	36.9	141	85	2	41	179	98	236	4.12e-32	116
WP_055999234.1	iEK1008.Rv2793c	34.9	327	165	5	3	327	7	287	1.52e-45	156
WP_055999234.1	iSynCJ816.SGL_RS18050	34.7	320	149	8	1	317	1	263	1.91e-41	145
WP_055999234.1	iNF517.LLMG_RS07220	29.6	304	172	5	1	302	5	268	4.49e-40	143
WP_055999243.1	iCN718.ABAYE_RS13010	55.7	418	177	4	1	412	1	416	1.73e-143	415
WP_055999243.1	iAF987.Gmet_1880	54.9	412	175	4	1	411	1	402	2.78e-142	411
WP_055999243.1	iJN1463.PP_4473	54.7	413	179	3	1	413	1	405	7.85e-141	407
WP_055999249.1	iLJ478.TM0800	40.2	323	172	6	3	325	6	307	5.64e-60	194
WP_055999249.1	iCN900.CD630_11800	40.0	310	159	6	14	319	14	300	1.20e-57	188
WP_055999252.1	iML1515.b3291	43.4	152	60	4	1	148	1	130	1.41e-26	97.1
WP_055999261.1	STM_v1_0.STM0047	32.3	124	81	2	33	154	37	159	3.90e-16	71.2
WP_055999264.1	iJN1463.PP_5233	54.1	416	183	4	42	453	31	442	1.36e-141	412
WP_055999264.1	iPC815.YPO3142	49.8	450	202	7	5	453	4	430	9.38e-126	371
WP_055999277.1	iML1515.b2049	46.0	337	174	2	1	329	22	358	1.63e-82	257
WP_055999277.1	iSbBS512_1146.SbBS512_E1183	46.0	337	174	2	1	329	22	358	1.63e-82	257
WP_055999277.1	iSSON_1240.SSON_2102	46.0	337	174	2	1	329	22	358	1.63e-82	257
WP_055999277.1	iPC815.YPO3099	45.3	329	178	1	1	327	20	348	1.32e-82	257
WP_055999277.1	iSF_1195.SF2112	45.6	338	174	3	1	329	22	358	3.61e-81	254
WP_055999277.1	iJN1463.PP_1277	41.2	330	190	2	1	326	18	347	8.27e-78	245
WP_055999290.1	iCN718.ABAYE_RS07200	44.2	407	208	5	25	415	30	433	2.57e-115	344
WP_055999300.1	iJN1463.PP_4755	23.9	610	406	18	105	687	216	794	3.28e-35	142
WP_055999300.1	iYL1228.KPN_00165	22.3	731	511	18	5	687	9	730	3.53e-35	142
WP_055999300.1	iYL1228.KPN_01250	26.0	704	415	28	71	689	78	760	5.11e-33	135
WP_055999300.1	iJN1463.PP_0160	24.6	663	452	23	65	691	177	827	1.82e-31	130
WP_055999351.1	iAF987.Gmet_1986	44.7	255	138	2	1	255	1	252	9.39e-67	207
WP_055999351.1	iHN637.CLJU_RS20455	42.6	258	139	4	1	253	1	254	7.07e-62	195
WP_055999354.1	iAF987.Gmet_3342	40.8	436	245	7	11	439	15	444	3.07e-95	296
WP_055999354.1	iSynCJ816.SGL_RS02610	40.8	375	213	4	66	435	73	443	6.50e-87	275
WP_055999357.1	iAF987.Gmet_3343	48.1	493	245	6	1	484	1	491	3.67e-152	444
WP_055999360.1	iAF987.Gmet_3344	42.5	684	293	14	44	691	46	665	1.46e-145	439
WP_055999363.1	iAF987.Gmet_3346	35.7	171	100	4	3	169	2	166	2.60e-15	70.1
WP_055999363.1	iCN718.ABAYE_RS15215	34.1	170	96	2	7	169	5	165	4.17e-14	67.0
WP_055999363.1	iAF987.Gmet_0165	32.6	175	87	5	7	169	6	161	3.30e-14	67.0
WP_055999363.1	iYL1228.KPN_02670	32.8	174	108	3	6	177	4	170	1.91e-13	65.5
WP_055999366.1	iCHOv1.100755890	74.8	151	37	1	12	161	60	210	2.45e-55	172
WP_055999366.1	iMM1415.225887	74.2	151	38	1	12	161	62	212	2.60e-55	172
WP_055999366.1	iAT_PLT_636.4728	74.8	151	37	1	12	161	60	210	4.91e-55	172
WP_055999366.1	iLB1027_lipid.PHATRDRAFT_14260	69.5	154	47	0	8	161	10	163	2.17e-53	166
WP_055999369.1	iAF987.Gmet_3348	46.2	346	145	7	10	332	7	334	5.25e-90	273
WP_055999369.1	iCHOv1.3979183	46.3	311	152	5	22	332	3	298	1.45e-85	261
WP_055999369.1	iAF987.Gmet_0161	46.7	319	145	6	37	346	27	329	5.79e-85	259
WP_055999369.1	iEK1008.Rv3152	45.0	327	147	4	32	339	23	335	1.64e-81	253
WP_055999369.1	iAT_PLT_636.4535	44.0	309	158	5	24	332	5	298	5.39e-80	246
WP_055999372.1	iMM1415.227197	48.9	709	300	16	3	668	33	722	1.04e-206	597
WP_055999372.1	iAT_PLT_636.4719	48.9	698	317	15	3	668	47	736	9.32e-206	595
WP_055999372.1	iCHOv1.100754223	48.7	702	312	15	3	668	33	722	1.35e-204	592
WP_055999375.1	iAT_PLT_636.4723	68.3	417	131	1	2	418	35	450	1.81e-215	600
WP_055999375.1	iMM1415.17995	68.1	417	132	1	2	418	35	450	4.22e-214	596
WP_055999375.1	iCHOv1.100757245	68.0	419	133	1	2	420	35	452	2.43e-213	594
WP_055999380.1	iAT_PLT_636.4729	51.1	190	84	3	20	208	53	234	3.04e-59	186
WP_055999380.1	iMM1415.72900	51.1	190	84	3	20	208	52	233	1.18e-58	185
WP_055999380.1	iCHOv1.100757242	50.5	190	85	3	20	208	71	252	1.17e-57	183
WP_055999383.1	iCHOv1.100768067	63.2	391	143	1	17	407	74	463	1.86e-186	525
WP_055999383.1	iMM1415.226646	63.1	388	142	1	20	407	77	463	5.31e-186	524
WP_055999383.1	iAT_PLT_636.4720	62.3	393	147	1	15	407	72	463	6.13e-185	521
WP_055999386.1	iAT_PLT_636.4722	51.9	158	76	0	35	192	83	240	3.44e-55	179
WP_055999386.1	iCHOv1.100761333	52.5	158	75	0	35	192	82	239	6.66e-55	178
WP_055999390.1	iMM1415.75406	77.6	147	33	0	42	188	73	219	2.44e-85	250
WP_055999390.1	iCHOv1.100766693	76.9	147	34	0	42	188	68	214	1.19e-84	248
WP_055999390.1	iLB1027_lipid.PHATRDRAFT_41645	78.0	141	31	0	42	182	15	155	1.57e-82	241
WP_055999393.1	iAF987.Gmet_3355	45.5	121	62	1	4	124	2	118	1.09e-29	103
WP_055999396.1	STM_v1_0.STM2546	44.4	252	134	2	7	258	4	249	6.06e-70	216
WP_055999396.1	iML1515.b2533	44.0	252	135	2	7	258	4	249	2.43e-69	214
WP_055999396.1	iSbBS512_1146.SbBS512_E2908	44.0	252	135	2	7	258	4	249	2.43e-69	214
WP_055999396.1	iSF_1195.SF2580	44.0	252	135	2	7	258	4	249	2.43e-69	214
WP_055999396.1	iJN1463.PP_0838	44.5	254	130	3	7	255	4	251	8.04e-69	213
WP_055999396.1	iPC815.YPO2899	42.1	252	140	2	7	258	4	249	1.95e-68	212
WP_055999396.1	iSDY_1059.SDY_2729	43.3	252	137	2	7	258	4	249	3.92e-68	211
WP_055999396.1	iSSON_1240.SSON_2615	43.7	252	136	2	7	258	4	249	3.92e-68	211
WP_055999396.1	iYL1228.KPN_02865	42.9	252	138	2	7	258	4	249	8.91e-67	208
WP_055999410.1	iAF987.Gmet_2909	46.5	170	87	2	44	210	32	200	7.83e-35	129
WP_055999410.1	iJN1463.PP_4783	44.1	179	98	2	38	216	15	191	1.37e-32	117
WP_055999413.1	iYS854.USA300HOU_RS14125	55.6	288	128	0	9	296	8	295	2.90e-103	303
WP_055999413.1	iSynCJ816.SGL_RS11345	53.8	286	131	1	9	293	13	298	5.01e-95	282
WP_055999413.1	iLB1027_lipid.PHATRDRAFT_42447	53.1	290	134	2	6	293	7	296	4.50e-93	277
WP_055999416.1	iYO844.BSU33930	49.0	394	194	3	4	394	2	391	1.89e-119	352
WP_055999416.1	iSynCJ816.SGL_RS11980	49.2	386	191	4	13	394	13	397	3.71e-110	328
WP_055999416.1	iLJ478.TM0689	46.1	386	203	3	13	394	10	394	1.25e-105	325
WP_055999416.1	iCN718.ABAYE_RS10675	46.9	405	186	10	4	394	2	391	1.06e-105	317
WP_055999422.1	iYO844.BSU33940	58.7	334	134	3	3	335	4	334	7.11e-132	379
WP_055999422.1	iAF987.Gmet_1946	57.1	331	138	3	3	332	4	331	2.08e-125	362
WP_055999422.1	iCN900.CD630_17670	55.0	333	147	3	3	333	4	335	5.71e-122	353
WP_055999422.1	iHN637.CLJU_RS06580	54.1	331	150	2	3	332	4	333	2.71e-118	345
WP_055999422.1	iEK1008.Rv1436	53.9	336	148	5	3	333	4	337	1.04e-117	343
WP_055999422.1	iJN1463.PP_1009	53.9	336	146	4	3	335	4	333	3.42e-117	341
WP_055999431.1	iSynCJ816.SGL_RS04360	38.5	104	58	3	81	178	80	183	8.93e-17	73.9
WP_055999431.1	iSbBS512_1146.SbBS512_E3332	26.9	197	116	6	1	177	57	245	6.34e-15	70.1
WP_055999431.1	iML1515.b2912	34.0	103	60	3	81	177	79	179	1.20e-14	68.2
WP_055999431.1	iSF_1195.SF2897	34.0	103	60	3	81	177	79	179	1.20e-14	68.2
WP_055999431.1	iSSON_1240.SSON_3064	34.0	103	60	3	81	177	79	179	1.20e-14	68.2
WP_055999431.1	iSDY_1059.SDY_3170	34.0	103	60	3	81	177	79	179	1.67e-14	67.8
WP_055999437.1	iYO844.BSU30220	38.9	337	199	4	39	373	44	375	3.96e-62	204
WP_055999437.1	STM_v1_0.STM0795	42.2	344	189	5	38	377	43	380	3.57e-62	204
WP_055999437.1	iYL1228.KPN_00801	41.3	383	196	9	19	381	11	384	1.96e-61	202
WP_055999437.1	iEK1008.Rv1569	41.5	337	185	6	38	371	44	371	7.87e-61	200
WP_055999437.1	iSDY_1059.SDY_0830	40.4	381	208	8	4	377	12	380	3.16e-59	196
WP_055999437.1	iML1515.b0776	39.9	381	210	8	4	377	12	380	8.78e-59	195
WP_055999437.1	iAF987.Gmet_0842	39.8	369	196	8	13	361	3	365	8.05e-58	192
WP_055999437.1	iSSON_1240.SSON_0755	39.6	381	211	8	4	377	12	380	6.75e-58	192
WP_055999437.1	iSF_1195.SF0726	39.6	381	211	8	4	377	12	380	9.48e-58	192
WP_055999437.1	iSbBS512_1146.SbBS512_E2576	39.6	381	211	8	4	377	12	380	1.87e-57	191
WP_055999439.1	iAF987.Gmet_1581	33.2	220	118	7	6	200	7	222	2.48e-22	90.5
WP_055999439.1	iMM904.YNR057C	38.6	189	99	8	3	174	13	201	4.66e-21	87.0
WP_055999439.1	iYO844.BSU30210	28.6	217	136	5	6	203	6	222	2.21e-20	85.1
WP_055999439.1	iYL1228.KPN_00803	38.0	166	87	5	6	155	7	172	7.06e-20	84.0
WP_055999439.1	iSDY_1059.SDY_0828	32.4	210	119	5	6	192	7	216	1.05e-19	83.2
WP_055999443.1	iJN1463.PP_4984	42.1	432	225	7	6	413	15	445	2.14e-103	314
WP_055999443.1	iPC815.YPO1150	41.6	413	223	7	6	408	13	417	9.71e-96	293
WP_055999443.1	iML1515.b0774	40.1	421	230	6	6	414	13	423	3.36e-92	284
WP_055999443.1	iSSON_1240.SSON_0753	40.1	421	230	6	6	414	13	423	3.36e-92	284
WP_055999446.1	iAF692.Mbar_A3140	52.4	334	159	0	1	334	9	342	7.40e-121	355
WP_055999452.1	iML1515.b2917	62.8	709	250	5	6	700	4	712	5.94e-304	845
WP_055999452.1	iSF_1195.SF2902	62.9	707	248	5	8	700	6	712	1.20e-303	845
WP_055999452.1	iSSON_1240.SSON_3068	62.7	707	250	5	8	700	6	712	4.55e-301	838
WP_055999452.1	iMM1415.17850	61.1	699	264	4	4	694	36	734	1.27e-289	810
WP_055999452.1	iAT_PLT_636.4594	60.8	699	266	4	4	694	38	736	1.81e-287	805
WP_055999452.1	iCHOv1.100765277	60.9	699	265	4	4	694	36	734	2.39e-287	805
WP_055999452.1	iEK1008.Rv1493	60.8	707	259	4	13	701	39	745	1.29e-282	793
WP_055999455.1	iJN1463.PP_3283	44.8	250	128	3	16	258	17	263	3.89e-58	185
WP_055999455.1	iYL1228.KPN_01475	42.4	262	147	2	1	258	1	262	3.42e-53	172
WP_055999455.1	iML1515.b1394	43.2	250	138	2	13	258	13	262	4.84e-53	172
WP_055999461.1	iLB1027_lipid.PHATRDRAFT_45886	66.3	504	166	2	6	508	81	581	3.85e-241	672
WP_055999461.1	iCHOv1.100759926	66.2	503	166	2	8	508	39	539	4.67e-239	665
WP_055999461.1	iAT_PLT_636.5096	64.4	525	163	3	6	508	37	559	1.04e-235	658
WP_055999461.1	iMM1415.66904	68.3	439	137	1	70	508	65	501	1.03e-216	607
WP_055999467.1	iCHOv1.100763022	51.5	130	61	2	3	131	51	179	2.18e-41	135
WP_055999467.1	iMM1415.73724	49.2	130	64	2	3	131	47	175	3.15e-40	132
WP_055999469.1	iLB1027_lipid.PHATRDRAFT_13557	30.0	207	119	6	42	223	15	220	1.34e-18	80.9
WP_055999469.1	iCHOv1.100757890	34.0	147	89	3	80	222	378	520	1.35e-16	77.8
WP_055999469.1	iMM1415.18451	30.1	183	116	5	48	222	342	520	1.35e-16	77.8
WP_055999469.1	iCHOv1.100766769	30.6	180	116	5	48	221	290	466	3.59e-15	73.6
WP_055999471.1	iYO844.BSU32000	33.0	200	132	2	5	204	6	203	3.75e-21	88.6
WP_055999474.1	iAF987.Gmet_1939	53.2	453	206	2	11	463	5	451	1.52e-172	493
WP_055999477.1	iAF692.Mbar_A3654	52.7	110	46	1	10	113	5	114	2.47e-34	115
WP_055999477.1	iYO844.BSU34860	58.5	94	39	0	13	106	8	101	7.07e-32	111
WP_055999477.1	iJN1463.PP_5014	53.0	100	46	1	13	111	9	108	6.78e-32	108
WP_055999477.1	iEK1008.Rv1606	52.0	102	49	0	5	106	4	105	3.59e-31	106
WP_055999477.1	iYL1228.KPN_02482	55.6	90	40	0	17	106	12	101	2.72e-29	104
WP_055999477.1	iSDY_1059.SDY_2215	54.4	90	41	0	17	106	16	105	3.07e-29	104
WP_055999477.1	iML1515.b2026	54.4	90	41	0	17	106	16	105	4.34e-29	103
WP_055999484.1	iYO844.BSU29710	29.3	290	174	8	27	289	30	315	7.26e-15	73.9
WP_055999484.1	iJN1463.PP_5340	30.6	173	99	6	117	275	158	323	9.86e-13	67.4
WP_055999487.1	iIT341.HP1228	37.7	151	82	6	8	153	6	149	3.62e-23	89.0
WP_055999489.1	iEK1008.Rv1202	28.1	302	172	12	65	348	46	320	5.27e-08	53.9
WP_055999491.1	iPC815.YPO1963	38.3	337	199	2	4	332	3	338	1.25e-67	215
WP_055999491.1	iSDY_1059.SDY_1530	41.7	300	163	3	5	304	4	291	5.89e-67	213
WP_055999491.1	iML1515.b1747	41.7	300	163	3	5	304	4	291	1.17e-66	213
WP_055999491.1	iSF_1195.SF1479	41.7	300	163	3	5	304	3	290	1.14e-66	213
WP_055999491.1	STM_v1_0.STM1304	39.5	329	194	4	5	330	4	330	3.29e-66	211
WP_055999491.1	iSSON_1240.SSON_1410	41.3	300	164	3	5	304	4	291	4.64e-66	211
WP_055999491.1	iSbBS512_1146.SbBS512_E1994	41.3	300	164	3	5	304	4	291	6.55e-66	211
WP_055999491.1	iYL1228.KPN_01494	38.7	331	197	3	6	335	4	329	2.32e-65	209
WP_055999491.1	iYL1228.KPN_01222	40.1	339	183	7	5	336	4	329	4.06e-64	206
WP_055999491.1	iJN1463.PP_4480	35.7	328	208	2	5	329	4	331	3.75e-60	196
WP_055999494.1	iCN718.ABAYE_RS02295	45.0	440	208	8	4	414	5	439	1.15e-112	337
WP_055999494.1	iYL1228.KPN_01496	46.0	439	211	8	4	416	5	443	2.28e-109	328
WP_055999494.1	iJN1463.PP_4477	43.6	440	214	7	4	414	5	439	3.53e-109	328
WP_055999494.1	iYL1228.KPN_01224	46.6	416	197	6	3	395	4	417	5.52e-109	327
WP_055999494.1	iML1515.b1745	43.8	429	220	5	4	411	5	433	4.78e-106	320
WP_055999494.1	iSbBS512_1146.SbBS512_E1991	43.8	429	220	5	4	411	5	433	5.74e-106	320
WP_055999494.1	iSSON_1240.SSON_1412	43.8	429	220	5	4	411	5	433	4.78e-106	320
WP_055999494.1	iPC815.YPO1965	44.6	437	213	6	4	414	5	438	9.56e-106	319
WP_055999494.1	STM_v1_0.STM1306	43.0	430	224	5	3	411	4	433	4.88e-100	305
WP_055999503.1	iSynCJ816.SGL_RS05590	24.0	313	204	11	13	310	76	369	6.95e-17	80.1
WP_055999503.1	iJN1463.PP_4523	26.2	279	178	9	43	302	49	318	8.91e-16	76.3
WP_055999509.1	iAM_Pb448.PBANKA_080930	42.8	166	89	2	4	168	60	220	2.73e-33	117
WP_055999509.1	iAM_Pv461.PVX_098840	40.4	166	93	2	4	168	10	170	2.13e-30	108
WP_055999509.1	iAM_Pf480.PF3D7_0907900	39.6	164	93	2	6	168	67	225	6.31e-29	106
WP_055999515.1	iSSON_1240.SSON_3428	48.0	298	145	5	1	289	5	301	1.51e-76	236
WP_055999515.1	iSDY_1059.SDY_3464	48.0	298	145	5	1	289	5	301	2.14e-76	235
WP_055999515.1	iJN1463.PP_0067	49.0	294	144	4	1	288	1	294	3.68e-76	234
WP_055999515.1	iSF_1195.SF3319	46.2	312	155	6	1	300	5	315	4.29e-76	234
WP_055999515.1	iSbBS512_1146.SbBS512_E3672	47.7	298	146	5	1	289	5	301	3.43e-75	232
WP_055999515.1	STM_v1_0.STM3407	46.6	311	153	6	1	299	5	314	1.94e-74	230
WP_055999515.1	iYL1228.KPN_03688	47.9	313	149	8	1	301	5	315	3.88e-74	229
WP_055999515.1	iPC815.YPO0241	45.2	312	158	6	1	300	5	315	3.56e-69	217
WP_055999518.1	iCN900.CD630_01030	31.2	247	164	4	1	245	1	243	1.79e-38	134
WP_055999518.1	iYS854.USA300HOU_RS12020	31.6	237	161	1	3	239	2	237	2.13e-35	126
WP_055999523.1	iML1515.b4167	30.4	434	265	16	17	419	25	452	8.54e-25	106
WP_055999529.1	iEK1008.Rv0189c	49.4	553	274	2	12	558	21	573	7.71e-174	504
WP_055999529.1	iSynCJ816.SGL_RS18015	46.0	550	295	1	12	559	7	556	9.73e-166	483
WP_055999529.1	iAF692.Mbar_A2069	46.4	549	286	5	15	558	6	551	2.09e-157	461
WP_055999534.1	iEK1008.Rv3373	39.1	128	77	1	10	136	49	176	9.14e-19	79.0
WP_055999537.1	iJN1463.PP_0723	34.8	276	162	4	5	274	7	270	1.50e-33	123
WP_055999537.1	iYL1228.KPN_02237	35.3	255	151	6	5	252	6	253	1.96e-33	122
WP_055999537.1	iAF987.Gmet_2849	37.0	265	151	6	6	260	8	266	2.77e-32	119
WP_055999537.1	iSDY_1059.SDY_1257	36.6	257	141	9	5	250	6	251	4.05e-32	119
WP_055999537.1	iML1515.b1208	36.6	257	141	9	5	250	6	251	7.93e-32	118
WP_055999537.1	iSbBS512_1146.SbBS512_E1372	36.6	257	141	9	5	250	6	251	7.93e-32	118
WP_055999537.1	iSF_1195.SF1211	36.6	257	141	9	5	250	6	251	7.93e-32	118
WP_055999537.1	iSSON_1240.SSON_1970	36.6	257	141	9	5	250	6	251	7.93e-32	118
WP_055999537.1	iPC815.YPO2014	35.3	252	148	7	5	250	16	258	2.17e-31	117
WP_055999537.1	STM_v1_0.STM1779	35.7	255	146	8	5	250	6	251	2.17e-31	117
WP_055999537.1	iYO844.BSU00460	37.2	180	111	2	2	180	3	181	5.00e-30	114
WP_055999540.1	iJN1463.PP_4203	56.7	556	233	6	3	553	8	560	1.74e-224	631
WP_055999540.1	iCHOv1.100763190	54.3	571	225	11	3	553	63	617	6.33e-209	594
WP_055999540.1	iMM1415.66841	54.1	571	226	11	3	553	62	616	4.96e-208	592
WP_055999540.1	iAT_PLT_636.2110	54.0	567	233	11	3	553	63	617	1.18e-206	588
WP_055999546.1	iJN1463.PP_2122	57.8	166	70	0	1	166	1	166	3.14e-60	184
WP_055999546.1	iJN1463.PP_4600	54.4	171	77	1	1	170	1	171	2.23e-56	174
WP_055999568.1	iML1515.b0421	45.5	301	153	6	7	301	4	299	1.35e-73	228
WP_055999568.1	iJN1463.PP_0528	46.3	283	150	2	19	299	11	293	1.20e-73	228
WP_055999568.1	iSbBS512_1146.SbBS512_E0342	45.5	301	153	6	7	301	4	299	1.35e-73	228
WP_055999568.1	iSDY_1059.SDY_0309	45.5	301	153	6	7	301	4	299	1.35e-73	228
WP_055999568.1	iSSON_1240.SSON_0398	45.5	301	153	6	7	301	4	299	1.35e-73	228
WP_055999568.1	STM_v1_0.STM0423	46.6	298	148	6	10	301	7	299	2.71e-73	227
WP_055999568.1	iSF_1195.SF0358	45.2	301	154	6	7	301	4	299	2.71e-73	227
WP_055999568.1	iPC815.YPO3176	47.3	296	144	6	15	300	12	305	1.34e-72	225
WP_055999568.1	iYL1228.KPN_00373	46.1	306	144	8	7	301	4	299	3.07e-72	224
WP_055999568.1	iAF987.Gmet_1935	44.4	295	161	3	8	299	1	295	9.23e-71	220
WP_055999568.1	iSynCJ816.SGL_RS02445	46.2	262	140	1	39	299	39	300	2.73e-68	214
WP_055999571.1	iNF517.LLMG_RS09290	26.7	172	116	4	21	183	30	200	2.36e-06	45.8
WP_055999582.1	iAF987.Gmet_3085	42.5	106	61	0	47	152	345	450	1.91e-19	93.6
WP_055999585.1	iML1515.b2842	60.2	251	99	1	1	250	3	253	4.26e-99	289
WP_055999588.1	iYO844.BSU22130	42.6	270	147	4	7	273	5	269	2.34e-76	233
WP_055999588.1	iML1515.b2843	43.3	268	145	4	8	271	6	270	8.31e-75	229
WP_055999590.1	iSynCJ816.SGL_RS03345	38.7	305	150	5	3	279	17	312	7.26e-66	208
WP_055999590.1	iJN1463.PP_0073	43.6	280	139	7	9	279	6	275	4.00e-65	205
WP_055999590.1	iPC815.YPO3032	42.9	275	142	5	12	279	10	276	4.76e-65	205
WP_055999590.1	iYL1228.KPN_02779	40.5	284	151	5	4	279	1	274	2.84e-64	203
WP_055999590.1	iSF_1195.SF2489	40.5	284	151	5	4	279	1	274	8.01e-64	202
WP_055999590.1	iSSON_1240.SSON_2525	40.5	284	151	5	4	279	1	274	3.19e-63	200
WP_055999590.1	iSDY_1059.SDY_2634	40.5	284	151	5	4	279	1	274	4.51e-63	200
WP_055999590.1	iSbBS512_1146.SbBS512_E2808	40.1	284	152	5	4	279	1	274	6.37e-63	199
WP_055999590.1	iML1515.b2436	40.1	284	152	5	4	279	1	274	1.80e-62	198
WP_055999590.1	iLB1027_lipid.PHATRDRAFT_15068	42.0	283	143	8	12	279	2	278	8.27e-62	197
WP_055999590.1	iCN718.ABAYE_RS02410	41.1	280	152	4	9	280	10	284	1.64e-61	196
WP_055999590.1	STM_v1_0.STM2451	39.4	284	154	5	4	279	1	274	2.85e-61	195
WP_055999590.1	iCHOv1.100772187	42.1	259	129	6	37	279	44	297	1.29e-59	192
WP_055999590.1	iMM904.YDR044W	39.4	307	147	8	3	279	4	301	4.03e-59	191
WP_055999590.1	iMM1415.12892	40.4	275	139	8	21	279	151	416	2.77e-57	189
WP_055999620.1	STM_v1_0.STM1209	36.1	313	182	11	1	305	1	303	2.05e-41	147
WP_055999620.1	iPC815.YPO1615	34.1	311	191	9	1	305	1	303	3.13e-40	144
WP_055999620.1	iSF_1195.SF1111	35.5	313	184	11	1	305	1	303	2.24e-39	141
WP_055999620.1	iML1515.b1107	35.5	313	184	11	1	305	1	303	4.38e-39	140
WP_055999620.1	iCN718.ABAYE_RS16285	33.0	309	194	9	4	307	5	305	8.19e-39	140
WP_055999620.1	iSDY_1059.SDY_2043	35.5	313	184	11	1	305	1	303	1.67e-38	139
WP_055999620.1	iSbBS512_1146.SbBS512_E2216	35.1	313	185	11	1	305	1	303	3.37e-37	135
WP_055999620.1	iSSON_1240.SSON_1127	34.8	313	186	11	1	305	1	303	6.56e-37	135
WP_055999624.1	iCN718.ABAYE_RS18530	38.2	617	303	11	9	574	7	596	1.53e-118	363
WP_055999624.1	iAF987.Gmet_1434	38.4	588	322	13	2	574	7	569	1.29e-112	347
WP_055999624.1	iYS854.USA300HOU_RS03230	39.6	573	314	13	11	574	4	553	1.14e-112	346
WP_055999624.1	iLJ478.TM1093	38.4	544	308	6	35	574	26	546	8.50e-107	331
WP_055999638.1	iAF987.Gmet_0415	25.2	250	170	5	46	282	380	625	1.44e-08	55.5
WP_055999644.1	iAF987.Gmet_0413	51.4	444	208	5	11	452	8	445	1.24e-142	416
WP_055999644.1	iJN1463.PP_1338	47.2	462	212	8	11	456	19	464	5.31e-128	379
WP_055999647.1	iAF987.Gmet_0412	33.7	359	221	8	6	355	4	354	2.13e-53	180
WP_055999647.1	iJN1463.PP_1337	34.4	358	220	7	3	356	6	352	3.70e-53	179
WP_055999653.1	iAF987.Gmet_0410	37.1	472	238	11	9	451	5	446	1.51e-57	196
WP_055999653.1	iML1515.b0088	37.5	387	202	12	93	451	63	437	4.39e-56	191
WP_055999653.1	iSDY_1059.SDY_0118	37.5	387	202	12	93	451	63	437	6.13e-56	191
WP_055999653.1	iSF_1195.SF0085	37.5	387	202	12	93	451	63	437	6.13e-56	191
WP_055999653.1	iSbBS512_1146.SbBS512_E0081	37.8	386	202	12	93	451	63	437	1.20e-55	190
WP_055999653.1	iSSON_1240.SSON_0096	37.6	386	203	12	93	451	63	437	3.40e-54	186
WP_055999653.1	iYL1228.KPN_00092	35.8	385	211	11	93	451	63	437	9.26e-54	185
WP_055999653.1	STM_v1_0.STM0126	37.1	380	199	13	93	444	63	430	4.91e-53	183
WP_055999659.1	iYL1228.KPN_00089	39.8	475	261	8	13	467	20	489	1.60e-80	258
WP_055999659.1	iML1515.b0085	41.0	468	251	10	20	467	27	489	2.24e-80	257
WP_055999659.1	iSbBS512_1146.SbBS512_E0078	41.0	468	251	10	20	467	27	489	2.24e-80	257
WP_055999659.1	iSF_1195.SF0082	41.0	468	251	10	20	467	27	489	2.24e-80	257
WP_055999659.1	iSSON_1240.SSON_0093	40.6	470	252	9	20	467	27	491	4.67e-80	256
WP_055999659.1	iEK1008.Rv2158c	40.1	474	260	13	11	466	58	525	9.41e-79	254
WP_055999659.1	iSDY_1059.SDY_0115	40.8	468	252	10	20	467	27	489	3.42e-79	254
WP_055999659.1	STM_v1_0.STM0123	40.4	468	254	9	20	467	27	489	1.34e-78	253
WP_055999659.1	iAF987.Gmet_0407	38.0	495	251	10	8	462	16	494	1.19e-76	248
WP_055999659.1	iPC815.YPO0550	38.9	471	257	9	20	467	22	484	8.11e-75	243
WP_055999659.1	iSynCJ816.SGL_RS16625	38.8	472	267	8	13	468	33	498	2.85e-71	234
WP_055999661.1	iAF987.Gmet_0406	31.4	522	301	17	66	543	56	564	4.18e-58	205
WP_055999661.1	STM_v1_0.STM0122	30.3	512	309	14	70	546	71	569	1.28e-57	202
WP_055999661.1	iML1515.b0084	30.6	510	306	14	70	544	71	567	3.40e-57	201
WP_055999661.1	iSbBS512_1146.SbBS512_E0077	30.6	510	306	14	70	544	71	567	3.40e-57	201
WP_055999661.1	iSDY_1059.SDY_0114	30.6	510	306	14	70	544	71	567	3.40e-57	201
WP_055999661.1	iJN1463.PP_1331	30.8	506	310	11	70	543	60	557	4.23e-57	201
WP_055999661.1	iSSON_1240.SSON_0092	30.4	510	307	14	70	544	71	567	3.31e-56	198
WP_055999661.1	iSF_1195.SF0081	30.4	510	307	14	70	544	71	567	4.59e-56	198
WP_055999661.1	iYL1228.KPN_00088	30.9	511	307	14	70	546	71	569	8.78e-56	197
WP_055999661.1	iPC815.YPO0549	31.4	510	302	15	70	544	70	566	1.19e-55	197
WP_055999667.1	iNF517.LLMG_RS08455	37.0	308	182	7	6	303	5	310	8.45e-48	162
WP_055999676.1	iSynCJ816.SGL_RS02310	55.1	323	145	0	1	323	1	323	2.65e-123	356
WP_055999684.1	iEK1008.Rv0391	48.4	386	193	2	18	397	20	405	1.16e-114	340
WP_055999684.1	iJN1463.PP_2001	46.4	384	203	2	19	400	21	403	1.62e-108	324
WP_055999684.1	iCN718.ABAYE_RS10080	44.0	384	212	2	19	400	13	395	3.24e-106	318
WP_055999690.1	iMM1415.15932	25.0	528	300	21	40	526	31	503	2.23e-20	94.7
WP_055999701.1	iCN718.ABAYE_RS04585	36.2	547	297	15	33	542	43	574	4.32e-96	303
WP_055999707.1	STM_v1_0.STM3134	48.7	415	206	3	3	410	2	416	5.57e-133	388
WP_055999707.1	iYL1228.KPN_03521	44.8	415	226	3	1	412	1	415	3.00e-119	353
WP_055999707.1	iML1515.b3093	44.1	415	229	3	1	412	1	415	4.11e-119	353
WP_055999707.1	iSF_1195.SF3133	44.1	415	229	3	1	412	1	415	4.11e-119	353
WP_055999716.1	STM_v1_0.STM4453	39.0	508	271	10	43	519	6	505	1.05e-113	348
WP_055999716.1	iYL1228.KPN_04651	37.0	559	289	14	43	558	7	545	3.20e-109	337
WP_055999716.1	iSF_1195.SF4251	36.8	508	282	10	43	519	7	506	7.73e-107	331
WP_055999716.1	iSSON_1240.SSON_4420	36.8	508	282	10	43	519	7	506	7.73e-107	331
WP_055999716.1	iSbBS512_1146.SbBS512_E4844	36.8	508	282	10	43	519	7	506	1.09e-106	330
WP_055999716.1	iSDY_1059.SDY_4258	36.8	508	282	10	43	519	7	506	3.04e-106	329
WP_055999716.1	iML1515.b4239	36.6	508	283	10	43	519	7	506	4.29e-106	329
WP_055999716.1	iYO844.BSU34560	36.2	514	288	9	43	519	4	514	1.24e-104	325
WP_055999716.1	iYS854.USA300HOU_RS08055	35.8	505	265	13	43	504	5	493	3.48e-104	324
WP_055999716.1	iEK1008.Rv2471	40.2	473	255	14	27	479	15	479	6.96e-103	320
WP_055999716.1	iYO844.BSU07810	33.7	561	323	12	42	563	7	557	5.85e-102	318
WP_055999735.1	iYO844.BSU35600	27.6	279	200	1	56	332	54	332	1.32e-24	106
WP_055999753.1	iJN1463.PP_1280	39.6	503	250	18	1	467	1	485	1.14e-94	294
WP_055999766.1	iML1515.b2302	58.5	207	85	1	1	206	1	207	3.30e-82	244
WP_055999772.1	iAF987.Gmet_1919	43.3	104	58	1	4	106	2	105	1.25e-19	85.9
WP_055999785.1	iJN1463.PP_1815	44.3	228	121	2	3	225	5	231	1.96e-53	171
WP_055999785.1	iPC815.YPO2227	43.6	227	123	3	4	225	15	241	6.40e-49	160
WP_055999785.1	STM_v1_0.STM1707	41.3	230	130	3	1	225	12	241	1.28e-48	159
WP_055999785.1	iML1515.b1281	42.2	230	128	3	1	225	12	241	2.55e-48	158
WP_055999785.1	iSSON_1240.SSON_1859	41.7	230	129	3	1	225	12	241	7.20e-48	157
WP_055999785.1	iSDY_1059.SDY_1357	41.7	230	129	3	1	225	12	241	2.03e-47	156
WP_055999785.1	iSbBS512_1146.SbBS512_E1510	41.3	230	130	3	1	225	12	241	2.87e-47	155
WP_055999785.1	iSF_1195.SF1285	41.3	230	130	3	1	225	12	241	5.72e-47	155
WP_055999790.1	iCN718.ABAYE_RS03580	39.0	210	120	4	5	211	12	216	3.89e-30	110
WP_055999790.1	iJN1463.PP_1995	36.6	213	110	5	5	208	7	203	3.38e-28	105
WP_055999793.1	iJN1463.PP_0083	66.7	405	127	2	5	408	4	401	1.19e-197	551
WP_055999793.1	iAF987.Gmet_2482	63.7	399	137	2	11	408	4	395	4.13e-184	516
WP_055999793.1	iCN718.ABAYE_RS03585	62.1	404	145	2	7	409	10	406	9.61e-179	503
WP_055999796.1	iSSON_1240.SSON_2374	48.4	277	143	0	1	277	1	277	1.11e-92	276
WP_055999796.1	STM_v1_0.STM2366	47.7	277	145	0	1	277	1	277	1.28e-91	273
WP_055999796.1	iML1515.b2316	48.0	277	144	0	1	277	1	277	1.81e-91	273
WP_055999796.1	iSbBS512_1146.SbBS512_E2694	48.0	277	144	0	1	277	1	277	5.15e-91	271
WP_055999796.1	iSDY_1059.SDY_2515	48.0	277	144	0	1	277	1	277	5.15e-91	271
WP_055999796.1	iYL1228.KPN_02706	47.3	277	146	0	1	277	1	277	2.21e-90	270
WP_055999796.1	iPC815.YPO2768	47.3	279	145	1	1	277	1	279	4.41e-87	261
WP_055999796.1	iAF987.Gmet_2476	45.4	280	153	0	1	280	1	280	2.48e-83	251
WP_055999799.1	iAF987.Gmet_2475	37.7	411	226	13	30	428	21	413	3.76e-57	193
WP_055999802.1	iJN1463.PP_1355	33.5	534	296	10	21	544	18	502	7.56e-74	243
WP_055999808.1	iCN718.ABAYE_RS13845	35.1	171	87	5	1	152	5	170	1.10e-16	73.6
WP_055999811.1	iJN1463.PP_0129	43.4	159	86	1	223	377	484	642	7.47e-28	115
WP_055999826.1	iSbBS512_1146.SbBS512_E0493	29.5	431	257	14	11	431	17	410	1.24e-20	93.2
WP_055999826.1	iSSON_1240.SSON_0542	29.5	431	257	14	11	431	17	410	1.67e-20	92.8
WP_055999826.1	iML1515.b0591	29.5	431	257	14	11	431	17	410	2.25e-20	92.4
WP_055999826.1	iSDY_1059.SDY_0522	29.2	431	258	14	11	431	17	410	4.37e-19	88.6
WP_055999826.1	iSF_1195.SF0505	29.1	433	250	15	11	431	17	404	5.63e-19	88.2
WP_055999829.1	iYO844.BSU00730	56.0	300	129	2	3	300	5	303	9.04e-109	318
WP_055999829.1	iYS854.USA300HOU_RS02630	53.8	299	135	2	4	300	7	304	3.17e-107	314
WP_055999829.1	iAF987.Gmet_2988	55.6	302	131	2	3	302	6	306	1.64e-106	312
WP_055999829.1	iAF692.Mbar_A2422	54.5	301	132	4	6	302	8	307	2.08e-97	289
WP_055999829.1	iNF517.LLMG_RS02585	52.0	296	140	2	4	298	6	300	1.27e-96	287
WP_055999839.1	iYO844.BSU06460	49.3	75	36	1	2	74	3	77	3.45e-19	73.6
WP_055999839.1	iSynCJ816.SGL_RS15525	50.0	74	34	1	4	74	8	81	3.38e-18	71.2
WP_055999842.1	iYO844.BSU06470	52.5	217	102	1	1	217	1	216	3.01e-76	229
WP_055999842.1	iEK1008.Rv0788	55.5	220	95	3	2	220	4	221	4.46e-75	226
WP_055999842.1	iNF517.LLMG_RS04960	53.2	218	100	2	1	217	1	217	1.10e-73	222
WP_055999842.1	iSynCJ816.SGL_RS15530	50.5	218	98	2	5	213	6	222	1.69e-72	219
WP_055999842.1	iAF692.Mbar_A2755	48.2	226	107	2	1	217	1	225	2.68e-68	209
WP_055999857.1	iML1515.b2302	29.6	216	133	7	1	207	1	206	1.83e-11	60.8
WP_055999857.1	iLB1027_lipid.PHATRDRAFT_36390	28.7	174	101	6	48	207	48	212	7.87e-10	56.6
WP_055999860.1	iJN1463.PP_3165	25.7	424	289	9	93	499	11	425	5.75e-22	98.2
WP_055999868.1	iAF987.Gmet_1919	30.2	116	79	2	678	792	4	118	3.96e-10	62.0
WP_055999874.1	iAF987.Gmet_1914	36.2	116	67	4	752	864	2	113	1.46e-08	57.8
WP_055999877.1	iML1515.b2478	45.6	294	157	2	1	293	1	292	1.11e-71	222
WP_055999877.1	iSF_1195.SF2521	45.6	294	157	2	1	293	1	292	1.11e-71	222
WP_055999877.1	iSbBS512_1146.SbBS512_E2850	45.2	294	158	2	1	293	1	292	4.43e-71	221
WP_055999877.1	iSSON_1240.SSON_2559	45.2	294	158	2	1	293	1	292	4.43e-71	221
WP_055999877.1	iSDY_1059.SDY_2667	45.2	294	158	2	1	293	1	292	6.27e-71	220
WP_055999877.1	iYL1228.KPN_02812	46.6	298	148	5	1	293	1	292	1.77e-70	219
WP_055999877.1	STM_v1_0.STM2489	44.2	294	161	2	1	293	1	292	4.54e-68	213
WP_055999877.1	iAF987.Gmet_0211	45.6	281	148	3	1	280	1	277	8.54e-68	212
WP_055999877.1	iPC815.YPO3062	42.7	295	165	3	1	293	1	293	8.41e-66	207
WP_055999877.1	iJN1463.PP_1237	43.3	300	157	6	1	293	1	294	2.01e-64	204
WP_055999897.1	iCN900.CD630_04310	23.3	537	288	15	20	519	17	466	9.20e-24	104
WP_055999897.1	iHN637.CLJU_RS00620	22.3	533	291	15	9	502	8	456	4.26e-22	99.4
WP_055999897.1	iYL1228.KPN_04154	22.7	534	282	16	9	501	7	450	2.43e-21	97.1
WP_055999897.1	iLJ478.TM0956	24.7	535	282	19	10	502	16	471	4.81e-21	96.3
WP_055999897.1	iML1515.b3749	22.6	535	281	16	9	501	7	450	1.03e-20	95.1
WP_055999897.1	STM_v1_0.STM3882	22.7	532	284	16	9	501	7	450	1.03e-20	95.1
WP_055999920.1	iAF692.Mbar_A1138	25.2	337	208	13	35	361	6	308	3.74e-17	80.9
WP_055999920.1	STM_v1_0.STM4433	24.0	292	197	10	86	363	54	334	1.37e-15	76.6
WP_055999940.1	iPC815.YPO0132	27.0	159	103	5	163	316	7	157	8.81e-08	53.5
WP_055999940.1	iIT341.HP0687	47.2	53	26	2	164	215	8	59	3.40e-07	51.6
WP_055999940.1	iSynCJ816.SGL_RS05125	25.6	164	111	4	165	326	24	178	7.81e-07	50.4
WP_055999940.1	iML1515.b4173	28.0	168	108	6	164	326	202	361	1.52e-06	49.3
WP_055999940.1	iHN637.CLJU_RS10635	25.2	163	108	5	162	322	4	154	3.15e-06	48.5
WP_055999940.1	iAF692.Mbar_A1452	24.6	171	118	3	164	332	10	171	3.29e-06	48.5
WP_055999942.1	iLB1027_lipid.PHATRDRAFT_31440	38.0	79	45	3	3	80	47	122	3.34e-05	38.9
WP_055999942.1	iMM904.YKL192C	34.7	49	32	0	25	73	68	116	4.73e-04	35.8
WP_055999945.1	iSbBS512_1146.SbBS512_E4818	28.4	327	215	8	46	360	39	358	5.91e-28	112
WP_055999945.1	iSSON_1240.SSON_4447	28.4	327	215	8	46	360	40	359	6.00e-28	112
WP_055999945.1	iML1515.b4262	28.4	327	215	8	46	360	39	358	1.12e-27	111
WP_055999945.1	iSDY_1059.SDY_4286	28.1	327	216	8	46	360	40	359	4.11e-27	109
WP_055999945.1	iSF_1195.SF4227	28.1	327	216	9	46	360	39	358	7.68e-27	108
WP_055999951.1	iMM904.YMR272C	28.7	150	91	4	65	207	231	371	6.92e-11	61.2
WP_055999969.1	iML1515.b2528	41.0	105	62	0	7	111	3	107	2.92e-16	68.2
WP_055999969.1	iSbBS512_1146.SbBS512_E2903	41.0	105	62	0	7	111	5	109	3.07e-16	68.2
WP_055999969.1	iSDY_1059.SDY_2724	41.0	105	62	0	7	111	3	107	2.92e-16	68.2
WP_055999969.1	iSF_1195.SF2575	41.0	105	62	0	7	111	3	107	2.92e-16	68.2
WP_055999969.1	iSSON_1240.SSON_2610	41.0	105	62	0	7	111	3	107	2.92e-16	68.2
WP_055999969.1	iYS854.USA300HOU_RS04660	38.8	80	49	0	30	109	28	107	7.82e-16	67.4
WP_055999969.1	iLB1027_lipid.PHATRDRAFT_7780	39.8	108	54	5	15	111	14	121	3.34e-15	65.9
WP_055999969.1	iSF_1195.SF1714	36.2	105	67	0	7	111	18	122	1.48e-13	61.6
WP_055999972.1	iML1515.b1856	46.3	121	64	1	241	360	287	407	1.97e-25	106
WP_055999972.1	iAF987.Gmet_3012	51.4	111	53	1	243	352	25	135	1.63e-24	99.4
WP_055999978.1	iML1515.b2480	46.9	147	78	0	3	149	4	150	1.65e-39	130
WP_055999978.1	iSbBS512_1146.SbBS512_E2852	46.9	147	78	0	3	149	4	150	1.65e-39	130
WP_055999978.1	iSDY_1059.SDY_2669	46.9	147	78	0	3	149	4	150	1.65e-39	130
WP_055999978.1	iSF_1195.SF2523	46.9	147	78	0	3	149	4	150	1.65e-39	130
WP_055999978.1	iSSON_1240.SSON_2561	46.9	147	78	0	3	149	4	150	1.65e-39	130
WP_055999978.1	iYL1228.KPN_02814	45.6	147	80	0	3	149	4	150	3.79e-38	127
WP_055999978.1	iPC815.YPO3064	45.3	150	82	0	3	152	5	154	3.15e-37	124
WP_055999978.1	iJN1463.PP_1235	41.2	153	90	0	1	153	1	153	4.46e-37	124
WP_055999995.1	iJN1463.PP_1225	30.6	121	63	4	2	121	4	104	8.60e-08	50.4
WP_055999998.1	iAF987.Gmet_3075	60.0	220	85	3	8	225	6	224	3.29e-90	265
WP_055999998.1	iJN1463.PP_1226	57.8	218	90	2	8	224	7	223	9.41e-87	256
WP_056000005.1	iYO844.BSU11250	55.7	262	108	2	45	298	46	307	1.40e-92	277
WP_056000005.1	iAF987.Gmet_0205	50.2	305	134	6	2	297	3	298	3.37e-92	275
WP_056000005.1	iJN1463.PP_1079	46.5	299	154	2	2	299	4	297	9.43e-85	256
WP_056000005.1	iAF692.Mbar_A3512	44.3	300	158	4	2	297	3	297	1.34e-83	253
WP_056000008.1	iJN1463.PP_4481	46.6	384	201	2	6	386	17	399	4.92e-112	333
WP_056000008.1	iSSON_1240.SSON_1409	45.6	390	206	3	6	391	14	401	6.36e-110	328
WP_056000008.1	iML1515.b1748	45.4	390	207	3	6	391	14	401	2.55e-109	326
WP_056000008.1	iAF987.Gmet_0204	45.9	379	202	3	6	383	14	390	2.89e-109	326
WP_056000008.1	iSbBS512_1146.SbBS512_E1995	45.4	390	207	3	6	391	14	401	1.45e-108	324
WP_056000008.1	iYL1228.KPN_03745	44.9	385	206	3	6	386	17	399	2.05e-108	324
WP_056000008.1	iLJ478.TM1785	45.4	379	203	4	6	383	3	378	5.96e-108	322
WP_056000008.1	STM_v1_0.STM1303	45.3	384	206	2	6	386	14	396	1.75e-107	322
WP_056000008.1	iYL1228.KPN_01221	44.7	389	211	2	6	391	14	401	2.32e-107	321
WP_056000008.1	iCN718.ABAYE_RS02280	45.1	384	207	2	6	386	16	398	6.18e-107	320
WP_056000008.1	iSF_1195.SF3378	43.8	384	212	2	6	386	17	399	9.32e-107	320
WP_056000008.1	iML1515.b3359	43.8	384	212	2	6	386	17	399	1.32e-106	319
WP_056000008.1	STM_v1_0.STM3468	43.9	387	207	3	6	386	17	399	1.81e-106	319
WP_056000008.1	iSbBS512_1146.SbBS512_E3735	43.5	384	213	2	6	386	17	399	5.28e-106	318
WP_056000008.1	iSDY_1059.SDY_3521	43.2	384	214	2	6	386	17	399	1.06e-105	317
WP_056000008.1	iSSON_1240.SSON_3490	43.5	384	213	2	6	386	17	399	1.06e-105	317
WP_056000008.1	iPC815.YPO1962	44.1	388	207	4	6	384	16	402	7.88e-102	307
WP_056000027.1	STM_v1_0.STM4081	41.2	250	142	4	3	247	2	251	1.80e-48	160
WP_056000027.1	iJN1463.PP_4715	41.8	249	138	4	3	245	2	249	9.03e-48	158
WP_056000027.1	iML1515.b3919	40.4	250	144	4	3	247	2	251	2.84e-47	157
WP_056000027.1	iSbBS512_1146.SbBS512_E4399	40.4	250	144	4	3	247	2	251	2.84e-47	157
WP_056000027.1	iSDY_1059.SDY_3826	40.4	250	144	4	3	247	2	251	2.84e-47	157
WP_056000027.1	iSF_1195.SF3997	40.4	250	144	4	3	247	2	251	2.84e-47	157
WP_056000027.1	iSSON_1240.SSON_4088	40.4	250	144	4	3	247	2	251	2.84e-47	157
WP_056000027.1	iYL1228.KPN_04005	41.0	244	139	4	9	247	2	245	6.76e-47	155
WP_056000027.1	iCN900.CD630_31720	37.6	245	149	2	3	243	2	246	1.27e-46	155
WP_056000027.1	iSynCJ816.SGL_RS13180	39.6	245	137	5	3	243	2	239	6.08e-43	145
WP_056000027.1	iPC815.YPO0085	39.8	254	138	5	3	246	2	250	8.62e-43	145
WP_056000027.1	iYO844.BSU33920	37.9	248	146	5	3	243	2	248	1.62e-42	144
WP_056000027.1	iMM904.YDR050C	39.8	246	144	3	1	243	1	245	1.42e-42	144
WP_056000033.1	iJN1463.PP_0417	45.8	483	235	10	27	495	24	493	2.43e-114	346
WP_056000033.1	iAF987.Gmet_2497	44.4	464	244	6	27	483	26	482	7.24e-113	342
WP_056000033.1	iCN718.ABAYE_RS17400	43.7	481	239	12	22	483	20	487	1.05e-104	321
WP_056000041.1	iSynCJ816.SGL_RS12975	29.6	385	246	7	6	380	32	401	3.42e-42	152
WP_056000041.1	iLB1027_lipid.PHATRDRAFT_50356	33.9	301	177	10	87	379	152	438	2.48e-41	151
WP_056000059.1	iAF987.Gmet_3169	54.4	524	237	2	4	526	6	528	3.53e-202	573
WP_056000059.1	iYO844.BSU30560	52.7	501	236	1	17	517	15	514	1.37e-183	525
WP_056000064.1	iAF987.Gmet_2999	37.9	116	69	1	5	117	10	125	1.29e-16	77.4
WP_056000067.1	iAF987.Gmet_0043	26.6	267	168	9	276	523	12	269	7.71e-12	67.4
WP_056000070.1	iYS854.USA300HOU_RS04115	42.3	78	44	1	6	82	135	212	2.89e-10	56.2
WP_056000078.1	iYO844.BSU13900	45.3	64	35	0	5	68	4	67	2.99e-09	48.9
WP_056000078.1	iNF517.LLMG_RS00670	37.7	69	43	0	14	82	13	81	3.37e-08	46.2
WP_056000078.1	iML1515.b2415	36.8	76	48	0	7	82	6	81	4.46e-08	45.8
WP_056000078.1	STM_v1_0.STM2431	36.8	76	48	0	7	82	6	81	4.46e-08	45.8
WP_056000078.1	iSbBS512_1146.SbBS512_E2765	36.8	76	48	0	7	82	6	81	4.46e-08	45.8
WP_056000078.1	iSDY_1059.SDY_2612	36.8	76	48	0	7	82	6	81	4.46e-08	45.8
WP_056000078.1	iSF_1195.SF2470	36.8	76	48	0	7	82	6	81	4.46e-08	45.8
WP_056000078.1	iSSON_1240.SSON_2504	36.8	76	48	0	7	82	6	81	4.46e-08	45.8
WP_056000078.1	iYL1228.KPN_02762	35.5	76	49	0	7	82	6	81	8.90e-08	45.1
WP_056000078.1	iML1515.b1198	35.4	82	53	0	7	88	160	241	1.14e-06	44.3
WP_056000078.1	iSbBS512_1146.SbBS512_E1357	35.4	82	53	0	7	88	160	241	1.14e-06	44.3
WP_056000084.1	iIT341.HP0416	34.6	407	239	9	3	400	1	389	8.22e-70	224
WP_056000084.1	iML1515.b1661	39.5	349	193	5	41	386	39	372	2.27e-67	218
WP_056000084.1	iSSON_1240.SSON_1495	39.5	349	193	5	41	386	39	372	2.27e-67	218
WP_056000084.1	iSDY_1059.SDY_1887	39.3	349	194	5	41	386	39	372	4.50e-67	217
WP_056000084.1	iSbBS512_1146.SbBS512_E1859	39.3	349	194	5	41	386	39	372	6.34e-67	217
WP_056000084.1	iSF_1195.SF1689	39.3	349	194	5	41	386	39	372	8.92e-67	216
WP_056000084.1	STM_v1_0.STM1427	39.0	349	195	5	41	386	39	372	9.74e-66	214
WP_056000084.1	iJN1463.PP_5365	41.7	266	148	2	124	382	141	406	2.49e-64	211
WP_056000084.1	iNF517.LLMG_RS10800	34.8	396	228	7	17	401	20	396	4.39e-64	210
WP_056000084.1	iPC815.YPO2390	39.0	346	191	6	41	382	39	368	1.81e-62	205
WP_056000098.1	iPC815.YPO0926	52.3	667	299	10	4	657	3	663	8.07e-224	638
WP_056000098.1	iSDY_1059.SDY_3141	52.3	662	297	10	4	652	3	658	1.90e-219	627
WP_056000098.1	iYL1228.KPN_03357	52.5	668	297	11	4	657	3	664	3.94e-219	626
WP_056000098.1	iML1515.b2935	52.0	662	299	10	4	652	3	658	6.17e-218	623
WP_056000098.1	STM_v1_0.STM3076	52.0	667	301	10	4	657	3	663	3.52e-217	621
WP_056000098.1	iSbBS512_1146.SbBS512_E3367	51.7	662	301	10	4	652	3	658	7.06e-217	620
WP_056000098.1	iYL1228.KPN_01127	51.9	665	300	11	7	657	10	668	6.75e-216	618
WP_056000098.1	STM_v1_0.STM2474	51.6	663	300	11	4	652	2	657	1.79e-215	617
WP_056000098.1	iML1515.b2465	51.0	668	308	10	4	658	2	663	1.50e-214	614
WP_056000098.1	iSF_1195.SF2507	50.9	668	309	10	4	658	2	663	4.25e-214	613
WP_056000098.1	iSSON_1240.SSON_2545	50.9	668	309	10	4	658	2	663	1.21e-213	612
WP_056000098.1	iJN1463.PP_4965	51.5	658	302	8	4	649	3	655	1.60e-213	612
WP_056000098.1	iYL1228.KPN_02799	50.7	661	307	10	4	651	2	656	1.63e-210	604
WP_056000098.1	iCN718.ABAYE_RS10795	49.5	664	311	11	3	653	5	657	4.17e-205	590
WP_056000098.1	iSynCJ816.SGL_RS05660	49.1	660	310	11	10	652	14	664	6.49e-201	580
WP_056000110.1	iCN718.ABAYE_RS10850	62.1	322	113	2	15	336	3	315	1.88e-137	393
WP_056000110.1	STM_v1_0.STM0794	62.5	315	106	2	19	330	7	312	1.61e-130	376
WP_056000110.1	iSF_1195.SF0724	61.6	318	110	2	16	330	4	312	2.63e-129	373
WP_056000110.1	iML1515.b0775	61.6	318	110	2	16	330	4	312	3.73e-129	372
WP_056000110.1	iSSON_1240.SSON_0754	61.6	318	110	2	16	330	4	312	3.73e-129	372
WP_056000110.1	iSbBS512_1146.SbBS512_E2577	61.3	318	111	2	16	330	4	312	1.51e-128	371
WP_056000110.1	iSDY_1059.SDY_0831	61.3	318	111	2	16	330	4	312	1.51e-128	371
WP_056000110.1	iPC815.YPO1151	62.2	312	112	1	19	330	7	312	8.36e-128	369
WP_056000110.1	iYL1228.KPN_00800	60.9	312	110	2	22	330	2	304	1.08e-126	366
WP_056000110.1	iJN1463.PP_0362	57.7	324	125	2	15	335	9	323	2.30e-124	360
WP_056000113.1	iJN1463.PP_3947	46.9	143	74	2	6	146	9	151	9.97e-38	127
WP_056000113.1	iCN900.CD630_20880	42.2	147	83	2	3	147	5	151	1.77e-35	121
WP_056000113.1	iHN637.CLJU_RS11750	41.8	153	87	2	1	151	1	153	2.21e-33	115
WP_056000113.1	iEK1008.Rv0374c	42.5	146	81	2	5	147	6	151	3.50e-33	115
WP_056000128.1	iPC815.YPO0452	33.9	165	99	5	385	542	466	627	5.45e-15	77.8
WP_056000128.1	iAF987.Gmet_1377	38.3	133	78	4	402	534	564	692	1.05e-14	77.0
WP_056000128.1	STM_v1_0.STM4582	34.0	147	93	2	399	543	502	646	1.29e-14	76.6
WP_056000128.1	iML1515.b4392	36.4	132	80	2	399	528	490	619	1.68e-14	76.3
WP_056000128.1	iSbBS512_1146.SbBS512_E4940	36.4	132	80	2	399	528	490	619	1.68e-14	76.3
WP_056000128.1	iSDY_1059.SDY_4653	36.4	132	80	2	399	528	499	628	1.70e-14	76.3
WP_056000128.1	iSF_1195.SF4424	36.4	132	80	2	399	528	499	628	1.70e-14	76.3
WP_056000128.1	iSSON_1240.SSON_4542	36.4	132	80	2	399	528	499	628	1.70e-14	76.3
WP_056000128.1	iYL1228.KPN_04847	36.4	132	80	2	399	528	498	627	2.96e-14	75.5
WP_056000128.1	iJN1463.PP_2130	38.1	139	76	5	407	541	511	643	1.20e-13	73.6
WP_056000134.1	iJN1463.PP_5123	43.0	142	80	1	2	143	19	159	3.50e-36	122
WP_056000134.1	iSSON_1240.SSON_3773	41.1	141	82	1	1	141	19	158	3.78e-35	119
WP_056000134.1	iML1515.b3634	41.1	141	82	1	1	141	19	158	7.58e-35	118
WP_056000134.1	iSbBS512_1146.SbBS512_E4059	41.1	141	82	1	1	141	19	158	7.58e-35	118
WP_056000134.1	iSF_1195.SF3673	41.1	141	82	1	1	141	19	158	7.58e-35	118
WP_056000134.1	iYL1228.KPN_03974	41.5	142	82	1	1	142	19	159	1.52e-34	117
WP_056000134.1	STM_v1_0.STM3725	39.4	142	85	1	1	142	19	159	4.31e-34	116
WP_056000134.1	iHN637.CLJU_RS06240	37.4	147	91	1	1	147	18	163	2.82e-33	114
WP_056000134.1	iSDY_1059.SDY_4064	39.7	141	84	1	1	141	19	158	4.91e-33	114
WP_056000134.1	iLJ478.TM0741	41.3	143	83	1	1	143	17	158	5.19e-33	114
WP_056000134.1	iAF987.Gmet_1759	39.9	143	85	1	1	143	20	161	2.20e-32	112
WP_056000134.1	iPC815.YPO0053	36.9	141	88	1	1	141	19	158	3.95e-32	111
WP_056000134.1	iCN900.CD630_25580	41.6	137	79	1	1	137	22	157	9.33e-32	110
WP_056000134.1	iCN718.ABAYE_RS14785	39.3	135	81	1	1	135	20	153	1.25e-31	110
WP_056000147.1	iLJ478.TM0067	35.0	337	210	4	2	332	3	336	8.78e-57	187
WP_056000153.1	iJN1463.PP_4801	38.0	171	101	3	50	219	38	204	1.34e-31	114
WP_056000153.1	iML1515.b0630	42.9	147	76	4	43	187	32	172	2.93e-29	108
WP_056000153.1	iSbBS512_1146.SbBS512_E0621	42.9	147	76	4	43	187	32	172	2.93e-29	108
WP_056000153.1	iSDY_1059.SDY_0552	42.9	147	76	4	43	187	10	150	1.69e-29	108
WP_056000153.1	iSSON_1240.SSON_0584	42.9	147	76	4	43	187	10	150	1.69e-29	108
WP_056000153.1	iSF_1195.SF0651	42.8	145	75	4	45	187	12	150	9.31e-29	106
WP_056000153.1	iLB1027_lipid.PHATRDRAFT_51454	40.4	161	81	5	48	197	1	157	2.11e-28	104
WP_056000156.1	iAF987.Gmet_0415	42.6	298	161	5	1	295	15	305	1.86e-67	221
WP_056000162.1	iAF987.Gmet_0409	54.8	345	153	2	14	356	15	358	1.12e-119	349
WP_056000162.1	iPC815.YPO0552	51.8	361	168	3	1	356	1	360	1.69e-119	349
WP_056000162.1	iJN1463.PP_1334	53.0	362	162	4	1	356	1	360	5.52e-118	345
WP_056000162.1	iSDY_1059.SDY_0117	52.1	361	167	4	1	356	1	360	1.80e-116	341
WP_056000162.1	STM_v1_0.STM0125	52.1	361	167	4	1	356	1	360	2.55e-116	341
WP_056000162.1	iYL1228.KPN_00091	52.6	361	165	4	1	356	1	360	3.62e-116	340
WP_056000162.1	iML1515.b0087	52.1	361	167	4	1	356	1	360	7.26e-116	340
WP_056000162.1	iSbBS512_1146.SbBS512_E0080	52.1	361	167	4	1	356	1	360	7.26e-116	340
WP_056000162.1	iSF_1195.SF0084	52.1	361	167	4	1	356	1	360	7.26e-116	340
WP_056000162.1	iSSON_1240.SSON_0095	52.1	361	167	4	1	356	1	360	7.26e-116	340
WP_056000175.1	iAF987.Gmet_3085	32.8	116	67	4	24	137	350	456	2.01e-08	52.8
WP_056000185.1	iJN1463.PP_0082	54.8	263	117	1	3	263	7	269	4.39e-82	247
WP_056000188.1	iAF987.Gmet_0843	28.7	272	187	6	1	272	1	265	7.75e-26	102
WP_056000220.1	iJN1463.PP_1803	30.5	266	143	11	3	231	8	268	3.25e-13	68.6
WP_056000233.1	iCN900.CD630_02840	34.4	131	85	1	1	130	1	131	3.49e-21	82.4
WP_056000239.1	iLJ478.TM1135	23.7	354	215	10	68	385	22	356	7.53e-07	50.4
WP_056000244.1	iYS854.USA300HOU_RS04360	26.3	171	116	5	13	180	7	170	5.07e-06	44.7
WP_056000250.1	STM_v1_0.STM2232	30.6	631	394	20	3	617	5	607	2.75e-76	254
WP_056000261.1	iJN1463.PP_0155	55.8	495	191	6	11	499	6	478	1.04e-171	492
WP_056000264.1	iCN718.ABAYE_RS15920	58.8	97	28	1	7	91	5	101	1.19e-27	96.3
WP_056000264.1	iML1515.b1603	58.4	89	35	1	2	90	423	509	5.85e-25	96.3
WP_056000264.1	STM_v1_0.STM1479	58.4	89	35	1	2	90	422	508	5.83e-25	96.3
WP_056000264.1	iSbBS512_1146.SbBS512_E1789	58.4	89	35	1	2	90	423	509	5.85e-25	96.3
WP_056000264.1	iSDY_1059.SDY_1550	58.4	89	35	1	2	90	423	509	5.85e-25	96.3
WP_056000264.1	iSF_1195.SF1624	58.4	89	35	1	2	90	428	514	5.93e-25	96.3
WP_056000264.1	iSSON_1240.SSON_1557	58.4	89	35	1	2	90	423	509	5.85e-25	96.3
WP_056000264.1	iYL1228.KPN_01526	58.4	89	35	1	2	90	427	513	8.11e-25	95.9
WP_056000264.1	iPC815.YPO2303	58.4	89	35	1	2	90	421	507	7.99e-25	95.9
WP_056000274.1	iJN1463.PP_0156	51.3	372	175	4	1	369	1	369	3.13e-99	298
WP_056000274.1	iCN718.ABAYE_RS15925	48.5	375	183	6	1	369	1	371	2.76e-95	288
WP_056000277.1	iAF987.Gmet_1919	27.3	110	77	1	9	118	5	111	8.81e-05	44.3
WP_056000277.1	iAF987.Gmet_1914	23.3	103	76	1	9	111	4	103	5.60e-04	42.0
WP_056000280.1	iYS854.USA300HOU_RS07985	35.2	179	93	4	5	178	67	227	9.52e-23	90.9
WP_056000280.1	iNF517.LLMG_RS06045	33.9	177	100	3	6	180	63	224	1.67e-22	90.1
WP_056000280.1	iCN900.CD630_20500	32.8	174	104	2	5	178	64	224	3.21e-22	89.4
WP_056000280.1	iCN900.CD630_04050	30.9	178	106	3	5	180	67	229	9.92e-20	82.8
WP_056000286.1	iJN1463.PP_1617	52.7	281	128	3	1	278	3	281	1.88e-100	295
WP_056000286.1	iCHOv1.100774799	49.1	281	137	5	1	278	3	280	2.69e-92	274
WP_056000286.1	iAT_PLT_636.2098	48.8	281	138	5	1	278	3	280	5.41e-92	273
WP_056000286.1	iMM1415.13885	48.8	281	138	5	1	278	16	293	1.34e-90	270
WP_056000286.1	iML1515.b2154	49.6	280	135	3	1	278	1	276	4.42e-90	268
WP_056000286.1	iSbBS512_1146.SbBS512_E0812	49.6	280	135	3	1	278	1	276	4.42e-90	268
WP_056000286.1	iSSON_1240.SSON_2210	49.6	280	135	3	1	278	1	276	8.88e-90	267
WP_056000292.1	iCHOv1.100758893	33.9	475	271	12	7	450	28	490	7.52e-67	228
WP_056000292.1	iAT_PLT_636.115584	33.1	475	275	12	7	450	28	490	3.23e-65	223
WP_056000292.1	iMM1415.233836	33.7	475	272	12	7	450	28	490	3.12e-65	223
WP_056000292.1	iAT_PLT_636.6526	35.5	519	255	20	3	466	5	498	8.84e-64	220
WP_056000292.1	iMM1415.53881	35.1	496	249	18	3	450	10	480	1.16e-61	214
WP_056000292.1	iCHOv1.100759273	34.7	501	249	19	3	450	5	480	1.61e-61	214
WP_056000292.1	iCHOv1.100770888	31.5	489	272	13	7	450	27	497	1.56e-60	211
WP_056000292.1	iMM1415.230612	32.6	506	281	14	3	466	29	516	1.84e-60	211
WP_056000292.1	iMM1415.246787	31.1	489	274	13	7	450	23	493	5.38e-60	209
WP_056000295.1	iSSON_1240.SSON_3644	36.7	286	170	5	6	284	5	286	1.02e-49	166
WP_056000295.1	iML1515.b3693	36.7	286	170	5	6	284	5	286	2.02e-49	165
WP_056000295.1	iSF_1195.SF3770	36.7	286	170	5	6	284	5	286	2.85e-49	164
WP_056000295.1	iYL1228.KPN_04097	36.4	286	171	5	6	284	5	286	1.05e-45	155
WP_056000295.1	STM_v1_0.STM3829	35.4	285	175	4	6	284	5	286	1.15e-44	152
WP_056000298.1	iYL1228.KPN_04096	49.0	198	101	0	15	212	8	205	2.00e-51	164
WP_056000298.1	iML1515.b4477	49.2	195	99	0	13	207	6	200	5.66e-51	163
WP_056000307.1	iJN1463.PP_5288	44.0	434	240	3	8	439	12	444	3.06e-104	317
WP_056000316.1	iJN1463.PP_4700	51.4	278	131	3	1	274	1	278	2.62e-78	238
WP_056000316.1	iML1515.b0133	50.0	278	133	4	1	273	1	277	1.56e-73	226
WP_056000316.1	iSbBS512_1146.SbBS512_E0126	50.0	278	133	4	1	273	1	277	1.56e-73	226
WP_056000316.1	iSF_1195.SF0130	50.0	278	133	4	1	273	1	277	1.56e-73	226
WP_056000316.1	iSSON_1240.SSON_0141	50.0	278	133	4	1	273	1	277	1.56e-73	226
WP_056000316.1	iPC815.YPO3402	49.1	277	137	3	1	273	1	277	1.61e-73	226
WP_056000316.1	STM_v1_0.STM0181	48.8	281	140	3	1	277	1	281	6.47e-73	224
WP_056000316.1	iSDY_1059.SDY_0155	49.6	278	134	4	1	273	1	277	2.52e-72	223
WP_056000316.1	iAF987.Gmet_1643	48.6	276	139	2	1	273	1	276	3.56e-72	223
WP_056000316.1	iCN718.ABAYE_RS15830	46.5	273	145	1	7	278	7	279	7.87e-71	219
WP_056000316.1	iYL1228.KPN_00140	48.4	281	141	3	1	277	1	281	2.37e-70	218
WP_056000328.1	iYL1228.KPN_01250	29.8	171	92	9	67	229	74	224	5.99e-06	49.7
WP_056000328.1	iYL1228.KPN_02593	27.8	144	92	3	40	178	4	140	2.90e-05	47.4
WP_056000361.1	iJN1463.PP_0043	50.3	1065	500	6	1	1060	1	1041	0.0	973
WP_056000361.1	iJN1463.PP_2410	50.5	1059	495	6	1	1054	1	1035	0.0	949
WP_056000363.1	iJN1463.PP_2409	29.9	291	195	4	98	384	116	401	1.03e-26	109
WP_056000363.1	iJN1463.PP_0044	28.9	291	201	3	98	384	125	413	4.14e-26	108
WP_056000399.1	iJN1463.PP_0184	52.7	446	210	1	2	447	14	458	2.39e-153	443
WP_056000399.1	iCN718.ABAYE_RS17470	51.9	451	215	2	1	450	19	468	9.01e-148	429
WP_056000399.1	iAF987.Gmet_0209	50.4	448	221	1	1	448	6	452	1.78e-145	422
WP_056000435.1	iMM904.YIL162W	31.6	374	208	20	16	362	26	378	9.44e-34	133
WP_056000441.1	iMM904.YIL162W	40.9	313	170	8	26	329	28	334	1.51e-72	239
WP_056000458.1	iYL1228.KPN_02862	32.0	369	231	8	1	353	3	367	4.34e-31	121
WP_056000458.1	iJN1463.PP_0842	30.2	377	227	7	1	353	3	367	1.14e-30	120
WP_056000458.1	iPC815.YPO2896	32.0	372	235	7	3	359	10	378	1.22e-30	120
WP_056000458.1	STM_v1_0.STM2543	31.7	369	232	8	1	353	3	367	1.57e-30	120
WP_056000458.1	iML1515.b2530	31.7	369	232	8	1	353	3	367	4.10e-30	119
WP_056000458.1	iSbBS512_1146.SbBS512_E2905	31.7	369	232	8	1	353	3	367	4.10e-30	119
WP_056000458.1	iSDY_1059.SDY_2726	31.7	369	232	8	1	353	11	375	4.58e-30	119
WP_056000458.1	iSF_1195.SF2577	31.7	369	232	8	1	353	3	367	4.10e-30	119
WP_056000458.1	iSSON_1240.SSON_2612	31.7	369	232	8	1	353	11	375	4.58e-30	119
WP_056000458.1	iJN1463.PP_2435	32.7	382	233	11	3	365	27	403	1.39e-28	114
WP_056000458.1	iSynCJ816.SGL_RS13005	30.5	370	241	5	3	359	5	371	5.32e-28	112
WP_056000458.1	iLB1027_lipid.PHATRDRAFT_34119	30.6	359	233	7	9	353	3	359	8.80e-28	112
WP_056000467.1	iAF692.Mbar_A0559	31.6	193	114	5	5	185	253	439	4.00e-19	86.3
WP_056000488.1	iSynCJ816.SGL_RS11360	68.6	194	60	1	34	227	7	199	7.40e-91	266
WP_056000492.1	iJN1463.PP_1929	75.8	426	103	0	1	426	1	426	4.40e-222	615
WP_056000492.1	iML1515.b3502	73.2	426	114	0	1	426	1	426	1.05e-218	606
WP_056000492.1	iSF_1195.SF3535	73.2	426	114	0	1	426	1	426	1.05e-218	606
WP_056000492.1	iSSON_1240.SSON_3737	73.2	426	114	0	1	426	8	433	1.36e-218	606
WP_056000492.1	iPC815.YPO3347	74.2	427	110	0	1	427	1	427	1.05e-218	606
WP_056000492.1	iSbBS512_1146.SbBS512_E3819	73.2	426	114	0	1	426	1	426	1.49e-218	606
WP_056000492.1	iYL1228.KPN_03304	73.5	426	113	0	1	426	1	426	3.12e-218	605
WP_056000492.1	iSDY_1059.SDY_3560	72.5	426	117	0	1	426	8	433	6.39e-217	602
WP_056000492.1	iJN1463.PP_2717	72.5	426	117	0	1	426	1	426	1.95e-211	588
WP_056000504.1	iEK1008.Rv2228c	32.5	169	100	5	2	161	166	329	2.10e-10	58.2
WP_056000504.1	iJN1463.PP_1680	29.6	152	99	3	5	153	5	151	2.35e-09	53.9
WP_056000510.1	iEK1008.Rv2207	46.3	326	171	3	6	329	19	342	5.33e-65	209
WP_056000510.1	iJN1463.PP_1679	43.8	320	174	5	2	318	18	334	4.73e-60	196
WP_056000513.1	iJN1463.PP_1677	50.9	446	216	3	1	445	1	444	4.16e-135	398
WP_056000515.1	iYO844.BSU07490	39.3	247	148	2	1	245	1	247	6.07e-45	151
WP_056000515.1	STM_v1_0.STM0590	39.2	265	150	5	1	256	1	263	4.98e-43	146
WP_056000515.1	iCN900.CD630_28750	35.5	245	156	2	9	251	9	253	8.91e-43	145
WP_056000515.1	iJN1463.PP_2592	39.2	237	142	2	12	247	10	245	8.45e-43	145
WP_056000515.1	iYL1228.KPN_00606	38.0	258	153	4	4	256	8	263	7.73e-42	143
WP_056000515.1	iYL1228.KPN_00166	37.1	248	154	2	2	247	10	257	2.22e-41	142
WP_056000515.1	iPC815.YPO3392	37.8	241	148	2	9	247	16	256	2.16e-41	142
WP_056000515.1	iJN1463.PP_4687	39.6	255	145	4	4	252	2	253	2.41e-41	142
WP_056000515.1	iSynCJ816.SGL_RS01940	34.6	257	163	4	4	256	10	265	9.40e-41	140
WP_056000515.1	iML1515.b0588	38.1	265	153	5	1	256	1	263	3.98e-40	139
WP_056000515.1	iSDY_1059.SDY_0519	38.1	265	153	5	1	256	1	263	3.98e-40	139
WP_056000515.1	iSF_1195.SF0502	38.1	265	153	5	1	256	1	263	3.98e-40	139
WP_056000515.1	iSSON_1240.SSON_0539	38.1	265	153	5	1	256	1	263	5.60e-40	139
WP_056000515.1	iML1515.b4287	36.0	247	157	1	4	249	3	249	1.04e-39	137
WP_056000515.1	iSbBS512_1146.SbBS512_E0489	37.6	263	157	4	1	256	1	263	2.19e-39	137
WP_056000515.1	iSF_1195.SF0143	37.3	241	149	2	9	247	17	257	1.89e-39	137
WP_056000515.1	iSSON_1240.SSON_0163	37.3	241	149	2	9	247	17	257	1.89e-39	137
WP_056000515.1	iSSON_1240.SSON_4459	36.0	247	157	1	4	249	3	249	1.47e-39	137
WP_056000515.1	iSbBS512_1146.SbBS512_E0143	37.3	241	149	2	9	247	17	257	2.66e-39	137
WP_056000515.1	iSDY_1059.SDY_0167	37.3	241	149	2	9	247	17	257	2.66e-39	137
WP_056000515.1	iNF517.LLMG_RS01785	35.8	240	150	3	6	242	5	243	3.22e-39	136
WP_056000518.1	iJN1463.PP_4688	39.6	338	174	8	2	313	8	341	1.66e-50	170
WP_056000518.1	iYL1228.KPN_02169	36.5	323	191	7	2	318	16	330	1.06e-47	162
WP_056000518.1	STM_v1_0.STM1340	38.3	321	184	7	3	317	14	326	1.42e-46	159
WP_056000518.1	iSDY_1059.SDY_1806	38.9	314	184	7	3	313	14	322	7.74e-46	157
WP_056000518.1	iSF_1195.SF1520	38.5	314	185	7	3	313	14	322	8.31e-45	155
WP_056000518.1	iML1515.b1711	38.5	314	185	7	3	313	14	322	1.17e-44	154
WP_056000518.1	iYO844.BSU33170	37.9	293	169	4	34	317	60	348	4.30e-44	154
WP_056000518.1	iML1515.b4288	36.8	307	183	6	16	316	17	318	1.89e-44	154
WP_056000518.1	iSSON_1240.SSON_1447	38.2	314	186	7	3	313	14	322	3.22e-44	153
WP_056000518.1	iSSON_1240.SSON_4460	36.8	307	183	6	16	316	17	318	2.66e-44	153
WP_056000522.1	iJN1463.PP_1672	50.5	202	100	0	1	202	1	202	3.03e-68	207
WP_056000525.1	iJN1463.PP_1676	35.7	325	183	10	10	314	4	322	5.11e-36	132
WP_056000528.1	STM_v1_0.STM4130	27.7	611	396	17	39	635	26	604	3.29e-44	167
WP_056000528.1	iML1515.b3966	27.2	610	400	15	39	635	26	604	2.09e-43	164
WP_056000528.1	iSSON_1240.SSON_4139	27.2	610	400	15	39	635	26	604	2.09e-43	164
WP_056000528.1	iPC815.YPO3910	28.3	633	376	24	39	638	37	624	2.49e-41	159
WP_056000528.1	iSDY_1059.SDY_3762	27.2	622	385	17	39	635	26	604	2.83e-41	158
WP_056000528.1	iSF_1195.SF4048	27.0	610	401	15	39	635	26	604	5.20e-41	157
WP_056000530.1	iAF987.Gmet_0466	44.2	172	90	2	1	166	1	172	8.49e-41	135
WP_056000530.1	iJN1463.PP_1678	44.6	166	87	3	6	166	4	169	8.29e-36	122
WP_056000539.1	iEK1008.Rv3032	29.3	389	230	11	1	363	1	370	1.58e-16	80.5
WP_056000541.1	iAF692.Mbar_A3140	33.7	344	208	9	5	342	9	338	1.65e-40	147
WP_056000544.1	iSynCJ816.SGL_RS16460	36.7	709	416	10	2	680	7	712	1.12e-137	420
WP_056000560.1	iSynCJ816.SGL_RS12955	44.0	125	64	3	5	123	4	128	1.33e-29	103
WP_056000560.1	iCN718.ABAYE_RS05715	40.3	124	68	3	3	120	2	125	3.68e-27	97.8
WP_056000566.1	iLJ478.TM1751	26.4	129	79	5	104	220	74	198	7.65e-05	43.5
WP_056000575.1	STM_v1_0.STM2199	27.3	132	84	3	135	266	24	143	9.04e-08	55.8
WP_056000575.1	iML1515.b2155	27.6	127	80	3	140	266	29	143	1.19e-07	55.5
WP_056000575.1	iSSON_1240.SSON_2211	27.6	127	80	3	140	266	29	143	1.19e-07	55.5
WP_056000575.1	iYL1228.KPN_02593	27.4	106	70	1	161	266	26	124	1.04e-06	52.4
WP_056000588.1	iEK1008.Rv2610c	27.1	332	172	14	121	406	62	369	6.49e-11	63.2
WP_056000594.1	iYL1228.KPN_02493	66.5	388	130	0	1	388	1	388	5.96e-186	520
WP_056000594.1	iSbBS512_1146.SbBS512_E1203	65.5	388	134	0	1	388	1	388	9.81e-185	517
WP_056000594.1	STM_v1_0.STM2080	63.9	388	140	0	1	388	1	388	4.13e-179	503
WP_056000594.1	iSSON_1240.SSON_2099	63.7	388	141	0	1	388	1	388	8.32e-179	502
WP_056000594.1	iML1515.b2028	63.7	388	141	0	1	388	1	388	1.18e-178	501
WP_056000594.1	iSDY_1059.SDY_2213	63.4	388	142	0	1	388	1	388	3.38e-178	500
WP_056000605.1	iMM904.YGL119W	37.5	421	259	3	11	429	69	487	1.20e-84	268
WP_056000610.1	iJN1463.PP_4217	21.8	807	452	30	59	828	148	812	9.69e-15	78.2
WP_056000627.1	iEK1008.Rv1348	40.6	212	123	3	354	564	624	833	7.76e-38	149
WP_056000627.1	iPC815.YPO1913	39.0	218	129	3	348	563	352	567	1.19e-35	141
WP_056000627.1	STM_v1_0.STM2774	27.5	444	309	6	129	564	755	1193	8.70e-34	137
WP_056000664.1	iSbBS512_1146.SbBS512_E1194	66.9	287	95	0	2	288	5	291	4.67e-139	393
WP_056000664.1	iSDY_1059.SDY_2206	67.2	287	94	0	2	288	5	291	9.40e-139	392
WP_056000664.1	iSF_1195.SF2102	66.9	287	95	0	2	288	5	291	5.42e-138	390
WP_056000664.1	iJN1463.PP_1783	67.5	283	92	0	2	284	4	286	1.86e-136	387
WP_056000664.1	STM_v1_0.STM2095	65.9	287	98	0	2	288	5	291	1.47e-135	384
WP_056000664.1	iYL1228.KPN_02490	66.3	279	94	0	1	279	1	279	8.83e-134	380
WP_056000664.1	iYL1228.KPN_02496	66.3	279	94	0	1	279	1	279	8.83e-134	380
WP_056000664.1	iML1515.b2039	67.3	278	91	0	2	279	5	282	4.12e-133	378
WP_056000664.1	iPC815.YPO3861	61.9	289	110	0	1	289	1	289	1.58e-130	372
WP_056000664.1	iML1515.b3789	63.7	289	105	0	1	289	1	289	2.25e-130	371
WP_056000664.1	iSbBS512_1146.SbBS512_E4132	63.7	289	105	0	1	289	1	289	2.25e-130	371
WP_056000664.1	iSF_1195.SF3863	63.7	289	105	0	1	289	1	289	2.25e-130	371
WP_056000664.1	iNF517.LLMG_RS01090	61.9	286	109	0	1	286	1	286	1.13e-129	369
WP_056000664.1	iSDY_1059.SDY_3959	63.3	289	106	0	1	289	1	289	2.60e-129	369
WP_056000664.1	iSSON_1240.SSON_3961	63.3	289	106	0	1	289	1	289	2.60e-129	369
WP_056000664.1	iYL1228.KPN_04289	61.2	289	112	0	1	289	2	290	3.12e-128	366
WP_056000667.1	iSynCJ816.SGL_RS02095	42.5	294	157	5	4	293	5	290	8.74e-60	192
WP_056000667.1	iJN1463.PP_1784	41.6	298	162	4	4	290	3	299	1.83e-54	178
WP_056000669.1	iPC815.YPO3862	65.5	351	117	3	2	348	3	353	3.40e-167	469
WP_056000669.1	iYL1228.KPN_02491	63.9	352	123	3	1	348	1	352	5.40e-166	466
WP_056000669.1	iSF_1195.SF2104	63.7	342	113	2	1	333	1	340	6.92e-166	466
WP_056000669.1	iYL1228.KPN_02497	63.1	352	126	3	1	348	1	352	7.66e-166	466
WP_056000669.1	iML1515.b2041	62.6	342	117	2	1	333	1	340	1.32e-163	461
WP_056000669.1	STM_v1_0.STM3922	63.7	339	120	2	2	337	3	341	1.07e-163	461
WP_056000669.1	iSbBS512_1146.SbBS512_E1192	62.6	342	117	2	1	333	1	340	1.87e-163	460
WP_056000669.1	STM_v1_0.STM2097	61.7	342	120	2	1	333	1	340	5.35e-163	459
WP_056000669.1	iSDY_1059.SDY_2204	62.6	342	117	2	1	333	1	340	3.08e-162	457
WP_056000669.1	iSSON_1240.SSON_3960	63.5	337	120	2	2	335	3	339	7.12e-162	456
WP_056000669.1	iSF_1195.SF3862	63.2	340	116	3	2	335	3	339	1.43e-161	455
WP_056000669.1	iML1515.b3788	63.2	337	121	2	2	335	3	339	2.03e-161	455
WP_056000669.1	iYL1228.KPN_04288	64.3	336	117	3	3	335	6	341	2.93e-159	449
WP_056000669.1	iJN1463.PP_1785	59.5	343	127	3	3	333	2	344	4.27e-149	424
WP_056000678.1	iAF987.Gmet_2351	47.5	360	187	2	4	362	2	360	1.05e-102	307
WP_056000681.1	iSDY_1059.SDY_3956	34.6	402	261	2	1	401	1	401	7.18e-54	184
WP_056000681.1	iML1515.b3792	34.1	402	263	2	1	401	1	401	5.63e-52	179
WP_056000681.1	iSbBS512_1146.SbBS512_E4129	34.1	402	263	2	1	401	1	401	5.63e-52	179
WP_056000681.1	iSF_1195.SF3866	34.1	402	263	2	1	401	1	401	5.63e-52	179
WP_056000681.1	iSSON_1240.SSON_3964	34.1	402	263	2	1	401	1	401	5.63e-52	179
WP_056000681.1	iYL1228.KPN_04292	33.8	408	256	2	1	401	1	401	3.00e-51	177
WP_056000681.1	iPC815.YPO3858	33.9	407	257	5	1	401	1	401	1.73e-49	172
WP_056000690.1	iJN1463.PP_1801	34.3	277	158	8	398	658	104	372	1.40e-20	94.0
WP_056000693.1	iJN1463.PP_1802	29.1	358	235	10	16	364	11	358	9.83e-26	106
WP_056000701.1	iEK1008.Rv3561	27.3	495	295	16	7	447	5	488	5.83e-28	115
WP_056000701.1	iEK1008.Rv3089	25.8	484	298	16	16	447	4	478	1.58e-26	111
WP_056000704.1	iAF987.Gmet_3272	33.1	338	208	5	8	342	2	324	3.13e-53	177
WP_056000704.1	iCN900.CD630_11790	33.0	342	202	7	10	344	5	326	2.77e-51	172
WP_056000704.1	iNF517.LLMG_RS08965	34.1	343	193	7	10	342	4	323	7.71e-50	169
WP_056000704.1	iYO844.BSU11330	30.4	336	205	6	10	344	3	310	1.66e-48	165
WP_056000704.1	iYO844.BSU10170	34.4	337	202	7	10	344	4	323	6.86e-47	161
WP_056000708.1	iEK1008.Rv2581c	30.4	207	112	8	14	196	8	206	5.04e-18	79.0
WP_056000711.1	iYL1228.KPN_01091	34.9	235	147	1	7	235	5	239	2.83e-41	140
WP_056000711.1	STM_v1_0.STM1195	35.3	235	146	1	7	235	5	239	1.57e-40	139
WP_056000711.1	iPC815.YPO1599	36.2	235	144	2	7	235	5	239	3.13e-40	138
WP_056000711.1	iML1515.b1093	35.7	235	145	1	7	235	5	239	4.41e-40	137
WP_056000711.1	iSbBS512_1146.SbBS512_E2231	35.7	235	145	1	7	235	5	239	4.41e-40	137
WP_056000711.1	iSDY_1059.SDY_2057	35.7	235	145	1	7	235	5	239	4.41e-40	137
WP_056000711.1	iSF_1195.SF1097	35.7	235	145	1	7	235	5	239	4.41e-40	137
WP_056000711.1	iSSON_1240.SSON_1113	35.7	235	145	1	7	235	5	239	4.41e-40	137
WP_056000711.1	iAF987.Gmet_1601	36.1	238	143	2	7	235	5	242	8.74e-37	129
WP_056000714.1	iNF517.LLMG_RS04495	31.9	119	77	2	58	176	58	172	3.04e-13	64.7
WP_056000714.1	iYS854.USA300HOU_RS00270	32.2	118	76	3	59	176	50	163	3.24e-12	61.6
WP_056000735.1	iCN718.ABAYE_RS14305	55.0	540	241	2	18	557	6	543	4.24e-214	605
WP_056000735.1	iSbBS512_1146.SbBS512_E0730	58.2	517	215	1	25	540	4	520	2.44e-211	598
WP_056000735.1	iSSON_1240.SSON_2268	58.2	517	215	1	25	540	4	520	3.45e-211	598
WP_056000735.1	iML1515.b2210	58.2	517	215	1	25	540	4	520	4.90e-211	597
WP_056000735.1	iSDY_1059.SDY_0866	58.2	517	215	1	25	540	4	520	4.90e-211	597
WP_056000735.1	iJN1463.PP_1251	54.4	522	233	3	47	564	5	525	6.24e-194	553
WP_056000735.1	iYL1228.KPN_02629	55.3	494	218	3	49	540	24	516	4.52e-193	551
WP_056000735.1	iJN1463.PP_2925	58.2	493	204	2	47	538	25	516	1.53e-192	550
WP_056000738.1	iYO844.BSU01580	59.3	474	189	2	9	481	8	478	6.39e-177	505
WP_056000772.1	iPC815.YPO1358	63.3	570	208	1	3	572	5	573	2.54e-261	726
WP_056000772.1	STM_v1_0.STM0935	61.2	570	219	1	3	572	5	572	7.85e-253	704
WP_056000772.1	iYL1228.KPN_00904	60.2	570	225	1	3	572	8	575	3.34e-250	698
WP_056000772.1	iSbBS512_1146.SbBS512_E2460	60.2	570	225	1	3	572	5	572	4.91e-249	695
WP_056000772.1	iSF_1195.SF0826	60.0	570	226	1	3	572	5	572	4.91e-249	695
WP_056000772.1	iSSON_1240.SSON_0857	60.2	570	225	1	3	572	5	572	4.91e-249	695
WP_056000772.1	iML1515.b0871	60.2	570	225	1	3	572	5	572	6.97e-249	694
WP_056000772.1	iSDY_1059.SDY_2392	59.8	570	227	1	3	572	5	572	4.00e-248	692
WP_056000799.1	iCN900.CD630_19470	44.3	219	120	2	2	218	10	228	1.56e-59	186
WP_056000799.1	iJN1463.PP_4210	44.5	220	120	2	1	218	5	224	3.74e-53	180
WP_056000834.1	iAF987.Gmet_3078	32.3	356	215	8	13	352	33	378	1.08e-37	139
WP_056000834.1	iAF987.Gmet_0065	33.9	342	214	8	11	345	116	452	4.91e-35	134
WP_056000834.1	iYL1228.KPN_00817	30.9	375	228	12	13	367	8	371	5.07e-34	130
WP_056000834.1	iYL1228.KPN_02190	28.0	393	229	9	11	371	116	486	1.24e-32	127
WP_056000834.1	iJN1463.PP_5364	29.7	344	227	9	11	345	119	456	2.21e-32	126
WP_056000834.1	STM_v1_0.STM1739	28.1	395	226	10	11	371	116	486	3.20e-32	126
WP_056000842.1	iNF517.LLMG_RS05120	47.7	256	125	3	8	262	6	253	1.13e-72	226
WP_056000842.1	iYO844.BSU05860	43.2	292	158	4	6	295	1	286	4.60e-71	222
WP_056000854.1	iAF987.Gmet_0222	65.4	130	45	0	13	142	14	143	3.89e-59	185
WP_056000854.1	iCN900.CD630_21660	63.6	129	47	0	14	142	187	315	3.50e-56	177
WP_056000854.1	iYO844.BSU21680	63.7	135	47	2	8	142	6	138	1.77e-56	172
WP_056000860.1	iAF987.Gmet_0486	42.4	302	150	6	1	280	7	306	1.58e-55	181
WP_056000868.1	iCN718.ABAYE_RS07230	46.9	228	121	0	13	240	16	243	5.09e-68	209
WP_056000868.1	iSynCJ816.SGL_RS03800	44.7	228	120	3	2	223	1	228	4.29e-62	194
WP_056000868.1	iJN1463.PP_4144	45.2	239	122	5	1	235	1	234	4.15e-60	189
WP_056000872.1	iEK1008.Rv3203	34.6	104	39	3	52	132	10	107	1.06e-06	47.8
WP_056000919.1	iJN1463.PP_4621	60.7	417	156	2	6	420	11	421	1.55e-186	525
WP_056000922.1	iJN1463.PP_3433	50.6	354	167	6	4	351	7	358	3.57e-112	330
WP_056000925.1	iJN1463.PP_0356	59.5	721	263	5	1	692	1	721	6.09e-288	805
WP_056000925.1	iEK1008.Rv1837c	57.7	714	271	6	10	692	10	723	2.35e-274	771
WP_056000925.1	iML1515.b2976	54.7	717	294	6	1	687	1	716	4.41e-260	734
WP_056000925.1	iSF_1195.SF3015	54.1	719	295	7	1	687	1	716	4.10e-258	729
WP_056000931.1	iJN1463.PP_0058	32.3	167	110	2	43	206	52	218	8.90e-18	79.3
WP_056000941.1	iJN1463.PP_0114	40.1	222	127	4	4	220	1	221	6.00e-46	155
WP_056000941.1	iSDY_1059.SDY_0218	34.8	224	142	2	4	223	1	224	2.39e-43	148
WP_056000941.1	iSbBS512_1146.SbBS512_E0193	34.8	224	142	2	4	223	1	224	3.36e-43	148
WP_056000941.1	iSSON_1240.SSON_0213	34.8	224	142	2	4	223	1	224	3.36e-43	148
WP_056000941.1	iML1515.b0199	34.8	224	142	2	4	223	1	224	4.72e-43	147
WP_056000941.1	iSF_1195.SF0190	34.8	224	142	2	4	223	1	224	6.63e-43	147
WP_056000941.1	STM_v1_0.STM0247	34.4	224	143	2	4	223	1	224	1.31e-42	146
WP_056000941.1	iYL1228.KPN_00213	36.5	203	127	2	19	220	19	220	5.11e-42	145
WP_056000941.1	iPC815.YPO1073	37.8	201	123	2	21	220	21	220	7.75e-41	142
WP_056000946.1	iYO844.BSU22620	35.2	364	221	6	7	362	4	360	1.89e-60	198
WP_056000946.1	iCN900.CD630_22000	34.5	359	219	7	10	362	10	358	2.70e-58	192
WP_056000946.1	iEK1008.Rv3772	38.5	301	176	4	7	305	6	299	2.41e-55	184
WP_056000948.1	iJN1463.PP_1770	46.3	281	143	3	6	282	15	291	7.97e-66	219
WP_056000966.1	STM_v1_0.STM2432	31.6	560	375	5	184	739	2	557	8.27e-90	293
WP_056000966.1	iYL1228.KPN_02763	31.4	560	376	5	184	739	2	557	2.26e-89	291
WP_056000966.1	iSDY_1059.SDY_2613	31.3	560	377	5	184	739	2	557	2.35e-88	289
WP_056000966.1	iSF_1195.SF2471	31.3	560	377	5	184	739	2	557	2.35e-88	289
WP_056000966.1	iSSON_1240.SSON_2505	31.3	560	377	5	184	739	2	557	2.35e-88	289
WP_056000966.1	iML1515.b2416	31.3	560	377	5	184	739	2	557	3.28e-88	288
WP_056000966.1	iSbBS512_1146.SbBS512_E2764	31.3	560	377	5	184	739	2	557	6.39e-88	288
WP_056000966.1	iJN1463.PP_0793	33.9	546	339	6	190	729	400	929	1.15e-82	282
WP_056000966.1	iYO844.BSU13910	29.8	554	379	4	192	739	8	557	8.95e-84	276
WP_056000978.1	iJN1463.PP_4619	30.0	207	121	7	4	201	7	198	1.71e-10	58.2
WP_056000981.1	iLB1027_lipid.PHATRDRAFT_34582	31.9	313	166	11	2	287	42	334	8.13e-28	110
WP_056000981.1	iCN900.CD630_25900	29.9	291	178	7	6	287	3	276	5.39e-28	109
WP_056000981.1	iAF987.Gmet_2992	31.3	297	169	12	6	287	3	279	4.39e-27	107
WP_056000981.1	iCN718.ABAYE_RS04830	30.7	300	162	9	6	287	5	276	8.16e-25	100
WP_056000981.1	iYO844.BSU32170	28.9	246	168	5	1	244	1	241	1.19e-24	100
WP_056001024.1	iSF_1195.SF0957	24.7	384	220	13	1	365	1	334	2.59e-11	63.9
WP_056001024.1	iML1515.b0957	35.7	112	61	3	265	365	221	332	6.14e-11	62.8
WP_056001024.1	iSbBS512_1146.SbBS512_E2359	35.7	112	61	3	265	365	221	332	6.14e-11	62.8
WP_056001024.1	iSDY_1059.SDY_0930	35.7	112	61	3	265	365	225	336	6.26e-11	62.8
WP_056001024.1	iSSON_1240.SSON_0961	35.7	112	61	3	265	365	221	332	6.14e-11	62.8
WP_056001024.1	iPC815.YPO1435	34.8	112	62	3	265	365	228	339	1.53e-09	58.5
WP_056001024.1	iYL1228.KPN_00986	36.3	113	59	4	265	365	231	342	2.07e-09	58.2
WP_056001027.1	iEK1008.Rv3817	34.6	266	124	13	14	262	7	239	4.73e-23	94.4
WP_056001033.1	iAF692.Mbar_A1783	36.8	397	230	8	23	401	21	414	3.80e-67	221
WP_056001039.1	iAF987.Gmet_0043	24.8	274	169	8	354	617	153	399	8.96e-10	61.2
WP_056001051.1	iJN1463.PP_1426	58.6	532	207	4	7	529	6	533	1.12e-212	599
WP_056001051.1	iYL1228.KPN_02899	58.9	526	209	3	9	529	10	533	6.28e-206	582
WP_056001051.1	iPC815.YPO2710	57.7	527	216	3	8	529	21	545	3.12e-205	581
WP_056001051.1	iSDY_1059.SDY_2815	58.0	526	214	3	9	529	10	533	7.48e-205	580
WP_056001051.1	iML1515.b2574	58.0	526	214	3	9	529	10	533	1.06e-204	579
WP_056001051.1	iCN718.ABAYE_RS05185	55.7	522	229	2	9	529	13	533	1.46e-201	572
WP_056001051.1	STM_v1_0.STM2641	57.4	526	217	3	9	529	10	533	5.31e-200	567
WP_056001057.1	iAF987.Gmet_2905	58.9	526	201	8	8	528	6	521	6.14e-189	538
WP_056001057.1	iYL1228.KPN_04388	58.1	534	200	9	7	528	8	529	1.61e-183	525
WP_056001057.1	iML1515.b4006	58.1	534	200	9	7	528	8	529	3.72e-182	521
WP_056001057.1	iSbBS512_1146.SbBS512_E4498	58.1	534	200	9	7	528	8	529	3.72e-182	521
WP_056001057.1	iSF_1195.SF4078	58.1	534	200	9	7	528	8	529	3.72e-182	521
WP_056001057.1	iSSON_1240.SSON_4179	58.1	534	200	9	7	528	8	529	3.72e-182	521
WP_056001057.1	iSDY_1059.SDY_3720	58.1	534	200	9	7	528	8	529	7.46e-182	521
WP_056001057.1	STM_v1_0.STM4176	57.3	534	204	9	7	528	8	529	3.01e-181	519
WP_056001057.1	iPC815.YPO3728	56.6	534	208	9	7	528	8	529	1.59e-178	512
WP_056001057.1	iJN1463.PP_4822	54.7	537	216	8	7	528	11	535	1.77e-171	494
WP_056001057.1	iCN718.ABAYE_RS07255	55.5	532	216	9	7	528	4	524	9.14e-169	487
WP_056001060.1	iLJ478.TM1724	37.2	258	139	8	3	251	2	245	2.26e-32	118
WP_056001060.1	iCHOv1.100766230	37.1	267	136	6	3	251	6	258	4.29e-32	118
WP_056001060.1	iMM1415.14979	37.5	267	135	6	3	251	6	258	3.26e-31	115
WP_056001060.1	iCHOv1.100766065	34.8	250	154	4	1	249	1	242	2.52e-30	113
WP_056001060.1	iYO844.BSU03930	34.9	261	141	9	4	250	5	250	5.06e-30	112
WP_056001060.1	iAF987.Gmet_1694	38.2	251	132	8	10	251	9	245	4.95e-30	112
WP_056001060.1	STM_v1_0.STM1195	34.5	252	145	5	5	250	4	241	2.76e-28	107
WP_056001060.1	iEK1008.Rv1350	35.2	256	140	6	4	249	5	244	5.78e-28	107
WP_056001066.1	iYO844.BSU15790	58.5	200	82	1	4	202	2	201	5.90e-78	233
WP_056001066.1	iAF987.Gmet_0067	57.6	198	84	0	5	202	3	200	1.80e-75	226
WP_056001066.1	iSynCJ816.SGL_RS09950	55.6	214	91	3	6	217	7	218	6.87e-75	225
WP_056001066.1	iCN900.CD630_25750	54.0	200	91	1	4	202	2	201	9.63e-71	214
WP_056001066.1	iCN718.ABAYE_RS15510	55.9	202	88	1	2	202	3	204	1.60e-70	214
WP_056001066.1	iYL1228.KPN_03757	55.2	203	90	1	1	202	1	203	2.93e-70	213
WP_056001066.1	iJN1463.PP_0415	55.7	203	89	1	1	202	1	203	8.07e-70	212
WP_056001066.1	STM_v1_0.STM3483	55.7	203	89	1	1	202	1	203	1.67e-69	211
WP_056001066.1	iPC815.YPO0155	53.7	218	98	2	1	217	1	216	3.36e-69	211
WP_056001079.1	iML1515.b2371	35.3	354	221	4	3	355	9	355	2.28e-66	214
WP_056001094.1	iLB1027_lipid.PHATRDRAFT_51811	44.2	283	151	3	3	278	9	291	4.54e-65	207
WP_056001094.1	iAF987.Gmet_3234	41.9	303	170	5	3	301	6	306	4.64e-62	199
WP_056001100.1	iAF987.Gmet_0008	44.4	331	173	6	2	322	4	333	4.26e-67	213
WP_056001100.1	iEK1008.Rv2982c	44.2	328	174	6	3	322	8	334	1.03e-64	207
WP_056001113.1	iJN1463.PP_5097	52.1	357	160	4	16	370	23	370	4.17e-122	357
WP_056001113.1	iAF692.Mbar_A2428	41.8	421	174	4	19	371	38	455	2.35e-109	331
WP_056001113.1	iAF987.Gmet_2783	46.7	366	184	5	8	372	8	363	6.59e-111	328
WP_056001113.1	iCN718.ABAYE_RS16385	48.3	358	177	3	16	371	21	372	1.84e-109	325
WP_056001123.1	iJN1463.PP_3426	26.4	1070	721	17	5	1030	2	1048	9.31e-86	299
WP_056001123.1	iSSON_1240.SSON_2550	27.6	1045	692	24	11	1015	6	1025	1.70e-80	284
WP_056001123.1	iML1515.b2470	27.5	1045	693	24	11	1015	6	1025	2.32e-80	283
WP_056001123.1	iSF_1195.SF2512	27.5	1045	693	24	11	1015	6	1025	1.08e-79	281
WP_056001123.1	iJN1463.PP_0043	26.1	1050	722	15	3	1013	2	1036	3.27e-79	280
WP_056001123.1	iJN1463.PP_2410	26.2	1053	723	15	3	1016	2	1039	4.87e-78	277
WP_056001123.1	iSDY_1059.SDY_2654	27.5	1045	693	24	11	1015	6	1025	5.84e-78	276
WP_056001125.1	iJN1463.PP_4209	28.2	255	145	9	67	293	33	277	1.80e-05	46.2
WP_056001125.1	iYL1228.KPN_03672	25.7	366	244	8	26	378	6	356	9.57e-05	43.9
WP_056001125.1	iYL1228.KPN_04737	30.5	118	80	2	267	383	275	391	1.79e-04	43.1
WP_056001138.1	iLB1027_lipid.PHATRDRAFT_45605	26.1	303	188	8	36	312	42	334	7.86e-16	76.6
WP_056001144.1	iMM1415.12850	52.8	144	63	2	14	153	49	191	4.13e-36	127
WP_056001144.1	iCHOv1.100762279	48.7	156	74	2	27	178	3	156	3.53e-35	120
WP_056001147.1	iJN1463.PP_0809	32.5	157	83	6	15	158	20	166	7.78e-08	48.9
WP_056001159.1	iAF987.Gmet_3200	35.5	141	89	2	3	141	2	142	3.37e-19	81.6
WP_056001168.1	iML1515.b3966	33.6	149	88	4	50	197	22	160	1.20e-12	71.6
WP_056001168.1	iSSON_1240.SSON_4139	33.6	149	88	4	50	197	22	160	1.20e-12	71.6
WP_056001168.1	STM_v1_0.STM4130	32.9	149	89	4	50	197	22	160	2.08e-12	70.9
WP_056001168.1	iSF_1195.SF4048	32.9	149	89	4	50	197	22	160	3.61e-12	70.1
WP_056001168.1	iSDY_1059.SDY_3762	32.9	149	89	4	50	197	22	160	6.26e-12	69.3
WP_056001168.1	iML1515.b2155	32.4	182	92	9	50	216	27	192	1.79e-10	64.7
WP_056001168.1	STM_v1_0.STM2199	32.4	185	94	9	47	216	24	192	1.79e-10	64.7
WP_056001168.1	iSSON_1240.SSON_2211	32.4	182	92	9	50	216	27	192	1.79e-10	64.7
WP_056001171.1	iCN900.CD630_10590	63.2	391	143	1	1	390	1	391	3.61e-162	460
WP_056001171.1	iJN1463.PP_4636	61.5	392	149	2	1	390	1	392	3.37e-153	437
WP_056001171.1	iCHOv1.100760000	58.1	389	161	1	4	390	8	396	8.16e-148	424
WP_056001171.1	iMM1415.224530	56.6	389	167	1	4	390	8	396	1.89e-146	420
WP_056001174.1	iSynCJ816.SGL_RS06270	25.8	295	192	7	55	324	84	376	2.57e-22	95.9
WP_056001192.1	iJN1463.PP_5366	58.2	467	185	5	6	466	4	466	1.28e-173	495
WP_056001192.1	iLB1027_lipid.PHATRDRAFT_26432	53.9	466	208	3	6	465	35	499	4.92e-159	459
WP_056001192.1	iAT_PLT_636.1738	53.4	470	208	6	5	465	41	508	1.23e-156	453
WP_056001192.1	iCHOv1.100689437	53.2	470	209	6	5	465	41	508	4.96e-156	452
WP_056001192.1	iMM1415.13382	52.6	468	211	6	7	465	43	508	3.23e-154	447
WP_056001198.1	iJN1463.PP_4188	58.8	422	155	5	1	418	1	407	1.78e-131	384
WP_056001198.1	iYL1228.KPN_00733	52.7	419	177	5	4	417	5	407	5.53e-128	375
WP_056001198.1	STM_v1_0.STM0737	48.2	417	193	4	4	417	5	401	6.42e-128	374
WP_056001198.1	iML1515.b0727	50.2	416	189	4	4	417	5	404	4.04e-127	372
WP_056001198.1	iSDY_1059.SDY_0665	48.3	416	197	4	4	417	5	404	4.04e-127	372
WP_056001198.1	iSSON_1240.SSON_0678	50.2	416	189	4	4	417	5	404	4.04e-127	372
WP_056001198.1	iSbBS512_1146.SbBS512_E0646	49.3	420	187	4	4	417	5	404	1.15e-126	371
WP_056001198.1	iSF_1195.SF0570	50.0	416	190	4	4	417	5	404	1.63e-126	371
WP_056001198.1	iCN718.ABAYE_RS04440	49.5	422	185	3	1	418	1	398	1.19e-124	366
WP_056001198.1	iPC815.YPO1114	45.9	414	212	3	4	417	5	406	1.92e-120	355
WP_056001204.1	iYO844.BSU16100	68.8	292	87	1	1	292	1	288	2.88e-136	387
WP_056001204.1	iYS854.USA300HOU_RS06270	67.6	290	90	1	1	290	1	286	8.37e-134	380
WP_056001204.1	iAF987.Gmet_2260	67.4	291	90	2	1	291	1	286	1.89e-132	377
WP_056001204.1	iCHOv1.100751457	66.6	287	95	1	3	288	50	336	1.79e-131	376
WP_056001204.1	iAF987.Gmet_2068	67.0	291	91	2	1	291	1	286	5.25e-131	373
WP_056001204.1	iAT_PLT_636.8802	66.9	287	94	1	3	288	50	336	4.17e-130	373
WP_056001204.1	iMM1415.56451	66.9	287	94	1	3	288	50	336	5.91e-130	372
WP_056001204.1	STM_v1_0.STM0739	64.7	292	99	1	1	292	1	288	1.29e-127	364
WP_056001204.1	iYL1228.KPN_00735	64.0	292	101	1	1	292	1	288	1.05e-126	362
WP_056001204.1	iSF_1195.SF0568	64.7	292	99	1	1	292	1	288	1.05e-126	362
WP_056001204.1	iPC815.YPO1116	64.7	292	99	1	1	292	1	288	1.09e-126	362
WP_056001204.1	iML1515.b0729	64.7	292	99	1	1	292	1	288	1.49e-126	362
WP_056001204.1	iSbBS512_1146.SbBS512_E0648	64.7	292	99	1	1	292	1	288	1.49e-126	362
WP_056001204.1	iSSON_1240.SSON_0680	64.7	292	99	1	1	292	1	288	1.49e-126	362
WP_056001204.1	iLB1027_lipid.PHATRDRAFT_42015	64.9	291	99	2	3	292	7	295	3.45e-125	359
WP_056001204.1	iCN718.ABAYE_RS04455	62.9	294	103	2	1	292	1	290	3.12e-125	358
WP_056001204.1	iSDY_1059.SDY_0667	64.4	292	100	1	1	292	1	288	4.94e-125	358
WP_056001204.1	iAF987.Gmet_0730	62.3	292	106	1	1	292	1	288	1.43e-122	352
WP_056001210.1	iAF987.Gmet_1360	58.4	317	128	1	1	313	1	317	5.19e-126	362
WP_056001227.1	iJN1463.PP_3427	31.6	471	310	3	6	473	9	470	1.14e-52	184
WP_056001229.1	iYO844.BSU03070	27.1	490	322	8	28	503	20	488	4.55e-38	145
WP_056001231.1	iML1515.b3241	26.6	357	188	12	21	370	6	295	1.18e-11	64.7
WP_056001237.1	iYS854.USA300HOU_RS06925	31.4	299	202	2	550	847	541	837	2.11e-40	160
WP_056001253.1	iCN900.CD630_26510	22.9	218	149	6	111	315	104	315	1.19e-05	46.6
WP_056001259.1	iYO844.BSU28510	50.5	491	237	4	37	524	5	492	8.08e-177	506
WP_056001283.1	iML1515.b2668	54.6	174	75	2	1	170	1	174	4.92e-55	171
WP_056001304.1	iYS854.USA300HOU_RS13605	30.5	118	75	4	65	178	57	171	6.65e-07	50.8
WP_056001304.1	iYO844.BSU26590	27.7	148	94	4	26	168	20	159	2.61e-06	48.9
WP_056001304.1	iML1515.b0353	23.4	342	237	11	71	400	67	395	2.62e-06	48.9
WP_056001304.1	iJN1463.PP_1376	24.5	331	199	11	59	347	69	390	3.74e-06	48.5
WP_056001304.1	iSSON_1240.SSON_0332	23.2	341	239	11	71	400	82	410	6.28e-06	47.8
WP_056001316.1	iHN637.CLJU_RS00610	28.9	388	268	3	19	403	13	395	3.60e-49	173
WP_056001316.1	iYO844.BSU06160	31.1	386	257	6	24	404	27	408	2.95e-45	163
WP_056001319.1	iJN1463.PP_3383	25.5	595	360	20	7	548	9	573	1.90e-19	91.7
WP_056001329.1	iYS854.USA300HOU_RS02940	42.3	78	38	2	71	148	73	143	1.21e-07	49.3
WP_056001332.1	iLJ478.TM0025	26.7	731	368	22	24	719	46	643	4.55e-54	199
WP_056001337.1	iML1515.b2155	30.5	141	80	4	48	178	27	159	9.29e-09	58.5
WP_056001337.1	iSSON_1240.SSON_2211	30.5	141	80	4	48	178	27	159	9.29e-09	58.5
WP_056001337.1	iYL1228.KPN_02593	30.7	137	77	4	52	178	12	140	1.58e-08	57.8
WP_056001337.1	STM_v1_0.STM2199	30.7	137	77	4	52	178	31	159	1.61e-08	57.8
WP_056001346.1	iCN718.ABAYE_RS00895	28.2	181	95	6	118	267	189	365	8.53e-04	40.4
WP_056001349.1	iJN1463.PP_4298	30.9	236	156	1	20	248	16	251	7.56e-27	104
WP_056001355.1	iYL1228.KPN_04677	31.0	155	95	6	138	285	128	277	6.25e-08	52.8
WP_056001360.1	iJN1463.PP_3537	54.5	391	177	1	4	393	2	392	9.06e-153	436
WP_056001363.1	iYO844.BSU38990	63.8	224	78	1	16	236	14	237	3.99e-95	278
WP_056001363.1	iCN718.ABAYE_RS09810	61.1	226	88	0	4	229	3	228	2.85e-94	275
WP_056001363.1	iAF987.Gmet_3296	62.0	229	86	1	4	232	2	229	3.41e-94	275
WP_056001363.1	iJN1463.PP_3122	63.8	221	78	2	12	232	14	232	2.51e-92	270
WP_056001363.1	iIT341.HP0691	60.6	216	85	0	17	232	15	230	1.28e-87	258
WP_056001366.1	iCN718.ABAYE_RS09815	65.5	206	71	0	1	206	1	206	4.34e-98	283
WP_056001366.1	iEK1008.Rv2503c	64.7	201	71	0	3	203	6	206	5.98e-97	280
WP_056001366.1	iAF987.Gmet_3297	64.9	208	73	0	1	208	1	208	4.64e-94	273
WP_056001366.1	iYL1228.KPN_02054	61.8	204	78	0	4	207	3	206	1.38e-88	259
WP_056001366.1	iYO844.BSU38980	59.6	208	84	0	1	208	1	208	1.05e-87	257
WP_056001369.1	iJN1463.PP_4656	50.0	226	110	2	5	227	12	237	4.06e-72	219
WP_056001372.1	iJN1463.PP_4655	36.4	214	102	8	21	218	5	200	4.07e-27	102
WP_056001375.1	iJN1463.PP_1379	41.0	346	200	2	14	355	14	359	1.74e-61	204
WP_056001378.1	iJN1463.PP_1380	36.6	257	156	5	5	256	6	260	1.41e-38	139
WP_056001381.1	iJN1463.PP_3280	68.1	398	126	1	3	399	8	405	1.09e-186	523
WP_056001381.1	iYL1228.KPN_01540	66.9	399	132	0	1	399	2	400	1.30e-186	523
WP_056001381.1	iJN1463.PP_1377	66.0	400	134	2	1	399	1	399	3.20e-182	511
WP_056001381.1	iCN718.ABAYE_RS08895	66.0	400	135	1	1	399	1	400	5.72e-179	503
WP_056001381.1	iCN718.ABAYE_RS08700	65.0	400	139	1	1	399	3	402	5.22e-177	498
WP_056001381.1	iML1515.b1397	65.3	400	138	1	1	399	1	400	9.23e-175	493
WP_056001381.1	iYL1228.KPN_01478	64.5	400	141	1	1	399	1	400	8.71e-173	488
WP_056001381.1	iCN718.ABAYE_RS11935	62.2	399	150	1	1	398	1	399	2.98e-171	484
WP_056001402.1	iNF517.LLMG_RS02035	36.0	186	111	3	2	185	3	182	1.95e-26	100
WP_056001423.1	iLB1027_lipid.PHATRDRAFT_1971	46.0	50	27	0	27	76	142	191	1.96e-04	43.1
WP_056001426.1	iCN718.ABAYE_RS09790	40.3	258	153	1	3	260	5	261	2.24e-54	176
WP_056001426.1	iCN900.CD630_26790	36.8	258	162	1	3	260	2	258	1.02e-48	161
WP_056001433.1	iAM_Pb448.PBANKA_091170	30.8	182	95	9	58	223	678	844	2.22e-08	57.8
WP_056001433.1	iAM_Pc455.PCYB_094280	24.4	266	152	9	58	298	706	947	3.37e-07	53.9
WP_056001433.1	iAM_Pv461.PVX_092460	29.3	191	99	8	58	236	861	1027	5.96e-07	53.1
WP_056001472.1	iCHOv1.100774083	29.4	486	303	10	239	704	238	703	7.43e-56	202
WP_056001475.1	iAF987.Gmet_0304	37.7	948	497	18	1	891	21	931	1.42e-159	490
WP_056001481.1	iEK1008.Rv0505c	28.7	136	94	2	90	225	208	340	1.33e-08	53.9
WP_056001481.1	iEK1008.Rv2483c	22.8	224	160	4	7	226	40	254	1.72e-07	50.8
WP_056001485.1	iJN1463.PP_0959	32.3	251	156	3	120	356	5	255	8.40e-29	112
WP_056001496.1	iAF987.Gmet_0798	37.3	212	117	6	1	203	1	205	8.21e-31	111
WP_056001496.1	iPC815.YPO3831	31.4	204	139	1	1	203	1	204	4.99e-29	107
WP_056001496.1	iML1515.b3824	30.9	204	140	1	1	203	1	204	7.68e-28	103
WP_056001496.1	iSbBS512_1146.SbBS512_E4291	30.9	204	140	1	1	203	1	204	7.68e-28	103
WP_056001496.1	STM_v1_0.STM3960	31.4	204	139	1	1	203	1	204	1.08e-27	103
WP_056001496.1	iYL1228.KPN_04320	29.4	204	143	1	1	203	1	204	1.18e-26	100
WP_056001520.1	iML1515.b1601	25.3	352	231	8	27	374	17	340	2.83e-19	89.4
WP_056001529.1	iCN718.ABAYE_RS07200	51.2	428	193	6	13	429	13	435	1.40e-153	442
WP_056001538.1	iJN1463.PP_0553	23.7	249	168	7	9	253	132	362	6.30e-09	55.5
WP_056001542.1	iJN1463.PP_3970	48.1	393	195	5	1	389	1	388	2.63e-114	338
WP_056001545.1	iYL1228.KPN_00096	30.0	240	134	8	117	354	96	303	6.52e-10	59.3
WP_056001545.1	iJN1463.PP_1339	25.8	244	128	8	117	352	111	309	1.25e-09	58.5
WP_056001556.1	iAF987.Gmet_0700	45.5	424	226	2	319	737	385	808	6.70e-107	345
WP_056001556.1	iAF987.Gmet_0957	43.4	424	234	2	322	739	189	612	4.22e-105	335
WP_056001556.1	iAF987.Gmet_2629	43.6	424	233	3	319	737	376	798	1.11e-102	333
WP_056001556.1	iAF987.Gmet_0782	42.0	424	241	2	319	737	292	715	1.58e-103	333
WP_056001556.1	iAF987.Gmet_3085	42.5	438	246	3	319	750	450	887	1.72e-101	332
WP_056001556.1	iAF987.Gmet_0987	42.9	424	237	2	319	737	351	774	4.57e-101	328
WP_056001556.1	iJN1463.PP_0914	39.7	474	269	5	289	746	210	682	4.56e-101	326
WP_056001556.1	iJN1463.PP_3581	42.2	422	238	3	323	739	257	677	7.96e-97	315
WP_056001556.1	iYL1228.KPN_02455	42.9	422	234	4	318	736	174	591	4.79e-97	312
WP_056001575.1	iML1515.b3662	31.6	285	191	2	36	316	33	317	1.39e-31	123
WP_056001608.1	iJN1463.PP_0072	29.7	337	213	6	1	327	1	323	8.70e-27	107
WP_056001608.1	iEK1008.Rv1912c	29.4	344	211	6	3	327	2	332	9.69e-26	104
WP_056001608.1	iEK1008.Rv2933	26.7	326	220	4	11	329	1467	1780	2.27e-23	100
WP_056001647.1	iLB1027_lipid.PHATRDRAFT_17671	23.2	241	156	7	3	218	56	292	1.41e-04	43.5
WP_056001651.1	iAF987.Gmet_1914	30.1	123	84	2	2	123	4	125	1.02e-05	47.4
WP_056001651.1	iAF987.Gmet_1919	30.9	123	83	2	2	123	5	126	8.35e-06	47.4
WP_056001651.1	iAF987.Gmet_2999	31.2	125	84	1	2	124	10	134	4.68e-05	45.1
WP_056001660.1	iAF987.Gmet_2349	37.8	513	312	3	79	588	62	570	5.22e-99	312
WP_056001660.1	iPC815.YPO1395	34.4	573	368	5	18	588	14	580	1.37e-89	288
WP_056001660.1	iCHOv1.100762480	34.2	553	351	6	46	590	113	660	2.97e-84	286
WP_056001660.1	iMM1415.18670	34.6	544	346	5	48	587	91	628	5.34e-83	282
WP_056001669.1	iCN900.CD630_00500	42.4	507	245	13	10	510	16	481	9.80e-120	360
WP_056001678.1	iCN900.CD630_16580	48.8	453	223	3	63	514	40	484	3.95e-154	448
WP_056001678.1	iHN637.CLJU_RS11880	50.4	446	212	3	70	514	47	484	7.93e-154	447
WP_056001678.1	iYS854.USA300HOU_RS08195	49.4	451	219	4	64	513	42	484	1.45e-147	432
WP_056001681.1	iHN637.CLJU_RS11885	44.6	446	240	5	3	447	4	443	4.57e-116	347
WP_056001681.1	iAF987.Gmet_3153	48.5	443	218	6	3	444	6	439	2.67e-115	345
WP_056001681.1	iCN900.CD630_16570	41.5	443	252	5	3	443	380	817	3.84e-105	330
WP_056001681.1	iYS854.USA300HOU_RS08200	43.4	440	243	4	2	441	4	437	1.25e-104	318
WP_056001684.1	iLB1027_lipid.PHATRDRAFT_32847	52.2	113	54	0	4	116	36	148	1.83e-38	126
WP_056001684.1	iAF987.Gmet_3154	50.4	123	61	0	1	123	1	123	2.79e-38	125
WP_056001684.1	iML1515.b2904	54.3	116	50	2	5	118	10	124	1.86e-37	123
WP_056001684.1	iSbBS512_1146.SbBS512_E3325	54.3	116	50	2	5	118	10	124	1.86e-37	123
WP_056001684.1	iSF_1195.SF2890	54.3	116	50	2	5	118	10	124	1.86e-37	123
WP_056001684.1	iSSON_1240.SSON_3057	54.3	116	50	2	5	118	10	124	1.86e-37	123
WP_056001684.1	iCHOv1.100765652	50.0	118	59	0	3	120	48	165	1.23e-36	122
WP_056001684.1	STM_v1_0.STM3054	54.3	116	50	2	5	118	10	124	3.74e-37	122
WP_056001684.1	iSDY_1059.SDY_3177	53.4	116	51	2	5	118	10	124	7.53e-37	121
WP_056001684.1	iMM1415.68133	49.2	118	60	0	3	120	48	165	3.49e-36	121
WP_056001684.1	iPC815.YPO0906	50.4	117	57	1	5	120	10	126	2.09e-36	120
WP_056001684.1	iJN1463.PP_0989	55.3	114	47	3	5	116	6	117	8.21e-36	119
WP_056001684.1	iYS854.USA300HOU_RS04375	44.8	116	64	0	5	120	9	124	2.27e-35	117
WP_056001684.1	iYL1228.KPN_03340	48.7	115	58	1	5	118	10	124	5.76e-34	114
WP_056001693.1	iJN1463.PP_0606	54.7	309	137	1	9	314	1	309	1.38e-112	328
WP_056001693.1	iCN718.ABAYE_RS02095	52.4	309	144	1	9	314	1	309	2.33e-111	325
WP_056001693.1	iPC815.YPO0477	52.1	309	145	2	9	314	1	309	6.41e-109	319
WP_056001693.1	iYL1228.KPN_00024	51.3	308	148	1	9	314	1	308	8.78e-109	318
WP_056001693.1	iEK1008.Rv1110	54.6	306	135	4	11	314	28	331	3.31e-108	318
WP_056001693.1	STM_v1_0.STM0049	51.6	308	147	1	9	314	1	308	7.12e-108	316
WP_056001693.1	iML1515.b0029	51.3	308	148	1	9	314	1	308	5.78e-107	314
WP_056001693.1	iSbBS512_1146.SbBS512_E0033	51.3	308	148	1	9	314	1	308	5.78e-107	314
WP_056001693.1	iSDY_1059.SDY_0051	51.3	308	148	1	9	314	1	308	5.78e-107	314
WP_056001693.1	iSSON_1240.SSON_0034	51.3	308	148	1	9	314	1	308	5.78e-107	314
WP_056001693.1	iSF_1195.SF0026	51.0	308	149	1	9	314	1	308	3.31e-106	312
WP_056001699.1	iJN1463.PP_0121	37.5	283	170	4	1	281	1	278	6.00e-45	155
WP_056001702.1	iEK1008.Rv2228c	31.3	144	77	7	9	146	2	129	4.54e-06	44.7
WP_056001703.1	iEK1008.Rv2601	30.6	193	113	9	18	198	262	445	7.16e-13	66.6
WP_056001706.1	iJN1463.PP_1256	58.5	521	215	1	1	520	1	521	9.55e-201	568
WP_056001709.1	iJN1463.PP_2246	42.3	371	188	9	8	356	9	375	1.66e-73	232
WP_056001712.1	STM_v1_0.STM3961	30.2	278	175	9	44	308	56	327	4.47e-21	91.7
WP_056001712.1	iML1515.b3825	31.6	282	154	13	50	308	62	327	1.06e-19	87.8
WP_056001712.1	iSbBS512_1146.SbBS512_E4292	31.6	282	154	13	50	308	62	327	1.06e-19	87.8
WP_056001712.1	iSDY_1059.SDY_3918	31.6	282	154	13	50	308	62	327	1.06e-19	87.8
WP_056001712.1	iSSON_1240.SSON_3999	31.6	282	154	13	50	308	62	327	1.06e-19	87.8
WP_056001712.1	iSF_1195.SF3903	31.2	282	155	13	50	308	62	327	1.29e-18	84.7
WP_056001712.1	iYL1228.KPN_04321	29.7	283	168	10	45	308	57	327	5.50e-18	82.8
WP_056001744.1	iAF987.Gmet_2940	62.2	882	330	2	4	884	5	884	0.0	1075
WP_056001744.1	iLJ478.TM0272	58.4	887	351	6	4	885	5	878	0.0	1001
WP_056001744.1	iHN637.CLJU_RS04010	56.2	884	369	3	4	885	6	873	0.0	982
WP_056001747.1	iAF987.Gmet_2941	35.2	765	389	15	1	739	1	684	9.27e-109	345
WP_056001747.1	iJN1463.PP_0060	34.9	759	388	16	3	737	5	681	3.40e-108	344
WP_056001747.1	STM_v1_0.STM3655	33.7	759	406	14	4	740	6	689	1.49e-107	342
WP_056001747.1	iCN718.ABAYE_RS02355	35.0	758	397	13	5	741	7	689	1.20e-105	337
WP_056001747.1	iYL1228.KPN_03922	33.4	758	410	13	4	740	6	689	1.68e-105	337
WP_056001747.1	iSF_1195.SF3602	33.5	759	408	15	4	740	6	689	9.08e-105	335
WP_056001747.1	iSSON_1240.SSON_3830	33.3	759	409	15	4	740	6	689	2.49e-104	334
WP_056001747.1	iSbBS512_1146.SbBS512_E3966	33.3	759	409	15	4	740	6	689	6.85e-104	333
WP_056001747.1	iSDY_1059.SDY_4345	33.3	759	409	15	4	740	6	689	2.63e-103	331
WP_056001747.1	iPC815.YPO4071	32.3	758	418	12	4	740	6	689	1.99e-102	329
WP_056001747.1	iCN900.CD630_24320	32.2	766	411	16	1	739	1	685	5.31e-102	328
WP_056001765.1	iAF987.Gmet_2444	47.8	46	23	1	2	47	21	65	5.60e-04	41.6
WP_056001768.1	iMM1415.18605	32.1	405	243	13	27	413	183	573	1.34e-53	191
WP_056001768.1	iCHOv1.100750518	32.1	405	243	12	27	413	183	573	3.43e-53	190
WP_056001768.1	iMM1415.209558	30.0	393	247	8	36	413	159	538	1.11e-50	182
WP_056001771.1	iYL1228.KPN_01468	28.3	152	101	4	2	148	529	677	2.43e-07	48.5
WP_056001771.1	iML1515.b1387	27.0	152	103	3	2	148	529	677	2.80e-06	45.4
WP_056001776.1	iYL1228.KPN_02482	51.8	85	41	0	6	90	113	197	7.63e-21	82.0
WP_056001776.1	iML1515.b2026	51.8	85	41	0	6	90	117	201	2.35e-20	80.9
WP_056001776.1	STM_v1_0.STM2078	51.8	85	41	0	6	90	117	201	2.35e-20	80.9
WP_056001776.1	iPC815.YPO1542	50.6	85	42	0	6	90	117	201	2.40e-20	80.9
WP_056001776.1	iAF987.Gmet_0390	46.2	104	56	0	2	105	6	109	2.98e-20	78.2
WP_056001776.1	iSbBS512_1146.SbBS512_E1206	50.6	85	42	0	6	90	117	201	2.57e-19	78.2
WP_056001776.1	iSDY_1059.SDY_2215	50.6	85	42	0	6	90	117	201	2.57e-19	78.2
WP_056001776.1	iSSON_1240.SSON_2097	50.6	85	42	0	6	90	117	201	2.57e-19	78.2
WP_056001776.1	iSF_1195.SF2088	50.6	85	42	0	6	90	117	201	1.00e-18	76.6
WP_056001776.1	iLJ478.TM1035	52.8	72	34	0	19	90	124	195	1.26e-18	76.3
WP_056001779.1	iML1515.b1103	47.8	113	58	1	12	124	4	115	1.08e-32	110
WP_056001782.1	iHN637.CLJU_RS10530	37.8	498	267	5	1	498	1	455	9.13e-107	326
WP_056001782.1	iHN637.CLJU_RS02330	35.9	499	271	5	1	496	1	453	2.60e-100	310
WP_056001782.1	iHN637.CLJU_RS02325	36.7	496	271	6	1	496	1	453	7.62e-99	306
WP_056001782.1	iEK1008.Rv2320c	37.9	496	268	8	5	498	14	471	2.08e-94	295
WP_056001785.1	iYL1228.KPN_00516	29.0	276	183	6	54	317	19	293	2.73e-18	83.6
WP_056001785.1	iMM904.YJR105W	27.3	337	210	14	5	316	2	328	2.47e-17	81.3
WP_056001785.1	iIS312.TCDM_01513	25.3	328	215	10	13	316	12	333	4.81e-17	80.5
WP_056001794.1	iMM1415.54128	27.2	261	151	12	1	243	1	240	2.31e-15	72.8
WP_056001794.1	iCHOv1.100765196	25.9	255	162	11	1	243	1	240	2.17e-14	70.1
WP_056001809.1	iNF517.LLMG_RS12210	29.5	312	208	8	31	332	5	314	8.16e-30	116
WP_056001812.1	iAF692.Mbar_A2345	48.6	146	70	2	32	172	30	175	9.18e-42	137
WP_056001823.1	iSDY_1059.SDY_3721	53.0	428	190	7	1	418	1	427	3.00e-131	384
WP_056001823.1	iSSON_1240.SSON_4178	53.0	428	190	7	1	418	1	427	6.01e-131	383
WP_056001823.1	iSF_1195.SF4077	52.8	428	191	7	1	418	1	427	4.85e-130	381
WP_056001823.1	iML1515.b4005	52.8	428	191	7	1	418	1	427	1.38e-129	380
WP_056001823.1	iSbBS512_1146.SbBS512_E4496	52.8	428	191	7	1	418	1	427	1.38e-129	380
WP_056001823.1	iYL1228.KPN_04387	51.9	428	195	6	1	418	1	427	5.91e-129	378
WP_056001823.1	iPC815.YPO3729	51.1	427	198	6	1	417	1	426	1.07e-128	377
WP_056001823.1	STM_v1_0.STM4175	51.6	428	196	7	1	418	1	427	1.27e-127	375
WP_056001823.1	iAF987.Gmet_2904	51.4	424	198	5	1	417	1	423	4.78e-126	370
WP_056001823.1	iYO844.BSU06530	48.9	421	205	5	1	415	1	417	3.72e-117	348
WP_056001843.1	iCN718.ABAYE_RS03915	43.0	370	199	4	3	365	4	368	3.19e-86	265
WP_056001843.1	iPC815.YPO3053	41.1	372	206	5	1	365	1	366	2.39e-85	263
WP_056001843.1	iJN1463.PP_1525	42.8	369	197	6	6	365	11	374	2.41e-84	261
WP_056001843.1	STM_v1_0.STM2483	41.1	372	206	5	1	365	1	366	1.69e-82	256
WP_056001843.1	iYL1228.KPN_02805	40.6	372	208	5	1	365	1	366	1.90e-81	253
WP_056001843.1	iML1515.b2472	40.9	372	207	5	1	365	1	366	3.79e-81	252
WP_056001843.1	iSbBS512_1146.SbBS512_E2843	40.9	372	207	5	1	365	1	366	3.79e-81	252
WP_056001843.1	iSF_1195.SF2514	40.9	372	207	5	1	365	1	366	3.79e-81	252
WP_056001843.1	iSSON_1240.SSON_2552	40.9	372	207	5	1	365	1	366	3.79e-81	252
WP_056001843.1	iSDY_1059.SDY_2656	40.3	372	209	5	1	365	1	366	1.68e-79	248
WP_056001846.1	iAF987.Gmet_2330	51.5	336	145	4	5	325	4	336	1.45e-109	322
WP_056001846.1	iYL1228.KPN_02492	50.3	336	146	5	6	325	4	334	2.21e-108	318
WP_056001846.1	iSbBS512_1146.SbBS512_E1204	51.2	336	143	5	6	325	4	334	6.29e-108	317
WP_056001849.1	STM_v1_0.STM2774	33.3	348	205	9	220	558	862	1191	1.44e-37	149
WP_056001849.1	iSDY_1059.SDY_1025	30.8	341	223	6	220	558	859	1188	3.51e-34	139
WP_056001849.1	iJN1463.PP_4935	31.9	279	179	6	269	546	299	567	9.83e-34	135
WP_056001849.1	iPC815.YPO1913	32.9	292	178	7	273	558	287	566	2.36e-33	134
WP_056001852.1	iML1515.b3241	31.7	161	99	6	242	398	87	240	1.36e-05	46.6
WP_056001855.1	iSDY_1059.SDY_3205	23.7	417	297	5	64	466	22	431	2.32e-16	81.6
WP_056001855.1	iML1515.b3035	23.7	417	297	5	64	466	20	429	4.07e-16	80.9
WP_056001855.1	iSSON_1240.SSON_3173	23.7	417	297	5	64	466	22	431	4.10e-16	80.9
WP_056001855.1	iSbBS512_1146.SbBS512_E3468	23.5	417	298	5	64	466	22	431	5.44e-16	80.5
WP_056001855.1	STM_v1_0.STM3186	23.7	418	293	6	64	466	22	428	7.12e-16	80.1
WP_056001855.1	iSF_1195.SF3075	23.5	417	298	5	64	466	20	429	1.68e-15	79.0
WP_056001891.1	iEK1008.Rv3032	23.7	291	202	7	94	370	109	393	1.63e-05	46.2
WP_056001897.1	iYO844.BSU35600	20.8	355	268	4	21	368	3	351	2.29e-16	81.3
WP_056001916.1	iSbBS512_1146.SbBS512_E4050	27.3	205	140	4	3	200	4	206	6.92e-12	65.1
WP_056001916.1	iSSON_1240.SSON_3782	27.3	205	140	4	3	200	4	206	6.92e-12	65.1
WP_056001922.1	iYL1228.KPN_04295	34.1	164	95	4	67	223	73	230	5.34e-21	88.2
WP_056001922.1	iSbBS512_1146.SbBS512_E4126	33.3	159	103	3	67	223	71	228	9.97e-20	84.7
WP_056001922.1	iSDY_1059.SDY_3953	33.3	159	103	3	67	223	71	228	9.97e-20	84.7
WP_056001922.1	iSSON_1240.SSON_3967	33.3	159	103	3	67	223	71	228	9.97e-20	84.7
WP_056001922.1	iSF_1195.SF3869	32.7	159	104	3	67	223	71	228	1.38e-19	84.3
WP_056001922.1	iML1515.b3794	32.7	159	104	3	67	223	71	228	7.12e-19	82.4
WP_056001922.1	iPC815.YPO3855	30.4	191	129	4	36	223	39	228	1.37e-18	81.6
WP_056001933.1	iJN1463.PP_4971	37.0	338	191	7	87	413	56	382	5.67e-61	202
WP_056001938.1	iML1515.b1069	36.8	516	315	5	1	516	1	505	4.59e-95	298
WP_056001938.1	iJN1463.PP_0601	38.3	515	303	6	1	513	1	502	4.72e-95	298
WP_056001938.1	iSbBS512_1146.SbBS512_E2257	36.8	516	315	5	1	516	1	505	6.47e-95	297
WP_056001938.1	iSF_1195.SF1075	36.8	516	315	5	1	516	1	505	6.47e-95	297
WP_056001938.1	iSSON_1240.SSON_1089	36.8	516	315	5	1	516	1	505	6.47e-95	297
WP_056001938.1	iSDY_1059.SDY_2083	36.6	516	316	5	1	516	1	505	2.54e-94	296
WP_056001941.1	iSynCJ816.SGL_RS07690	49.3	337	154	4	2	331	5	331	4.64e-95	285
WP_056001941.1	iLB1027_lipid.PHATRDRAFT_15595	45.4	359	161	6	2	331	1	353	2.99e-85	261
WP_056001945.1	iAT_PLT_636.5236	54.1	558	236	9	5	543	6	562	1.24e-197	563
WP_056001945.1	iMM1415.72157	53.8	560	235	9	5	543	6	562	5.01e-197	561
WP_056001945.1	iCHOv1.100753184	53.8	560	235	9	5	543	6	562	8.15e-196	558
WP_056001957.1	iLB1027_lipid.PHATRDRAFT_47199	45.5	266	115	4	7	242	56	321	4.89e-69	214
WP_056001957.1	iJN1463.PP_5011	47.3	243	124	2	4	242	13	255	3.70e-69	213
WP_056001957.1	iCN718.ABAYE_RS17020	45.7	247	130	2	1	243	69	315	1.24e-67	211
WP_056001957.1	iML1515.b3833	45.1	244	130	2	3	242	7	250	2.92e-67	207
WP_056001957.1	iSbBS512_1146.SbBS512_E4305	45.1	244	130	2	3	242	7	250	2.92e-67	207
WP_056001957.1	iSDY_1059.SDY_3910	45.1	244	130	2	3	242	7	250	2.92e-67	207
WP_056001957.1	iSF_1195.SF3911	45.1	244	130	2	3	242	7	250	2.92e-67	207
WP_056001957.1	iSSON_1240.SSON_4008	45.1	244	130	2	3	242	7	250	2.92e-67	207
WP_056001957.1	iPC815.YPO3781	45.1	244	130	2	3	242	7	250	2.92e-67	207
WP_056001957.1	iYL1228.KPN_04329	45.1	244	130	2	3	242	7	250	5.86e-67	207
WP_056001957.1	STM_v1_0.STM3970	45.1	244	130	2	3	242	7	250	2.35e-66	205
WP_056001957.1	iMM904.YML110C	44.6	258	119	6	7	243	53	307	1.45e-61	195
WP_056001960.1	iJN1463.PP_5013	36.1	443	272	5	63	499	67	504	7.68e-80	258
WP_056001960.1	iYL1228.KPN_04331	37.2	403	243	5	63	457	64	464	2.39e-74	244
WP_056001960.1	iSbBS512_1146.SbBS512_E4307	38.0	384	232	4	63	440	64	447	1.80e-73	242
WP_056001960.1	iSDY_1059.SDY_3908	38.0	384	232	4	63	440	64	447	1.80e-73	242
WP_056001960.1	iSF_1195.SF3913	38.0	384	232	4	63	440	64	447	1.80e-73	242
WP_056001960.1	iSSON_1240.SSON_4010	37.8	384	233	4	63	440	64	447	6.94e-73	240
WP_056001960.1	iPC815.YPO3779	36.6	404	248	3	63	458	64	467	6.47e-73	240
WP_056001960.1	STM_v1_0.STM3972	37.3	383	234	4	63	439	64	446	1.90e-72	239
WP_056001963.1	iJN1463.PP_5285	54.0	367	158	6	3	362	8	370	3.57e-107	320
WP_056001963.1	iCN718.ABAYE_RS03170	47.9	403	193	6	4	390	13	414	2.58e-102	308
WP_056001963.1	iPC815.YPO0048	48.8	387	193	4	4	386	9	394	3.13e-100	303
WP_056001963.1	iML1515.b3639	50.0	372	176	6	3	366	7	376	6.65e-100	302
WP_056001963.1	iSDY_1059.SDY_4069	50.0	372	176	6	3	366	31	400	1.96e-99	301
WP_056001963.1	iSSON_1240.SSON_3767	50.0	372	176	6	3	366	31	400	1.96e-99	301
WP_056001963.1	iSF_1195.SF3678	50.0	372	176	6	3	366	31	400	5.52e-99	300
WP_056001963.1	iYL1228.KPN_03979	49.7	372	181	5	3	369	8	378	3.65e-99	300
WP_056001963.1	iSbBS512_1146.SbBS512_E4064	49.5	372	178	6	3	366	7	376	1.50e-98	298
WP_056001963.1	STM_v1_0.STM3730	50.0	372	176	8	3	366	8	377	1.97e-96	293
WP_056001966.1	iAF987.Gmet_1593	60.4	144	54	2	4	145	6	148	2.45e-52	162
WP_056001971.1	iEK1008.Rv3116	43.9	244	134	2	7	249	18	259	7.74e-58	188
WP_056001971.1	iSDY_1059.SDY_0761	43.9	246	136	2	4	249	5	248	6.72e-59	186
WP_056001971.1	iSF_1195.SF0776	43.9	246	136	2	4	249	5	248	1.90e-58	185
WP_056001971.1	iML1515.b0826	43.5	246	137	2	4	249	5	248	2.69e-58	185
WP_056001971.1	iSbBS512_1146.SbBS512_E2522	43.5	246	137	2	4	249	5	248	2.69e-58	185
WP_056001971.1	iJN1463.PP_0735	43.1	246	139	1	4	249	3	247	2.29e-57	182
WP_056001971.1	iAF987.Gmet_2855	42.0	243	137	2	9	249	8	248	2.96e-57	182
WP_056001971.1	iSSON_1240.SSON_0808	43.1	246	138	2	4	249	5	248	3.05e-57	182
WP_056001971.1	iAF987.Gmet_1568	40.7	248	144	2	3	249	2	247	1.74e-55	178
WP_056001971.1	iEK1008.Rv3206c	44.5	245	129	3	4	243	16	258	3.67e-52	173
WP_056001976.1	iYO844.BSU35670	53.9	271	119	4	3	268	1	270	2.97e-96	285
WP_056001976.1	iAF987.Gmet_1159	51.7	286	132	4	5	285	2	286	3.80e-94	279
WP_056001976.1	iYS854.USA300HOU_RS13545	52.0	271	124	4	3	268	1	270	1.29e-91	273
WP_056001976.1	iCN900.CD630_34880	48.5	274	135	4	5	273	4	276	1.97e-88	266
WP_056001976.1	iCN900.CD630_27150	48.0	273	136	4	6	273	5	276	1.74e-87	262
WP_056001976.1	iHN637.CLJU_RS16855	46.9	273	139	4	6	273	3	274	3.55e-85	257
WP_056001980.1	iLB1027_lipid.PHATRDRAFT_47351	27.1	247	132	12	23	239	114	342	1.59e-07	51.2
WP_056001980.1	iPC815.YPO0490	40.0	80	41	2	24	103	4	76	7.67e-07	48.9
WP_056001989.1	iAF987.Gmet_0069	35.5	121	68	5	3	121	5	117	2.33e-10	56.2
WP_056001989.1	iAF987.Gmet_1914	31.8	107	64	3	2	105	3	103	2.34e-09	53.5
WP_056001995.1	iAF987.Gmet_2859	75.5	298	71	2	9	305	5	301	2.55e-161	451
WP_056001995.1	iPC815.YPO3366	74.2	299	75	2	8	305	5	302	3.57e-159	445
WP_056001995.1	iYL1228.KPN_03114	73.2	299	78	2	8	305	5	302	8.37e-158	442
WP_056001995.1	iCN718.ABAYE_RS13935	73.2	299	78	2	8	305	5	302	1.13e-155	436
WP_056001995.1	iML1515.b2752	72.2	299	81	2	8	305	5	302	4.59e-155	435
WP_056001995.1	iSF_1195.SF2775	72.2	299	81	2	8	305	5	302	4.59e-155	435
WP_056001995.1	iSSON_1240.SSON_2900	72.2	299	81	2	8	305	5	302	4.59e-155	435
WP_056001995.1	iSDY_1059.SDY_2951	71.9	299	82	2	8	305	5	302	1.07e-153	431
WP_056001995.1	STM_v1_0.STM2935	72.6	299	80	2	8	305	5	302	1.53e-153	431
WP_056001995.1	iSbBS512_1146.SbBS512_E3122	71.6	299	83	2	8	305	5	302	1.53e-153	431
WP_056001995.1	iJN1463.PP_1303	68.6	303	89	3	8	305	4	305	2.18e-149	421
WP_056001998.1	iJN1463.PP_1304	50.8	624	297	4	12	630	7	625	1.17e-210	602
WP_056001998.1	iAF987.Gmet_2860	65.2	425	147	1	12	436	7	430	9.23e-193	554
WP_056001998.1	iEK1008.Rv1286	51.3	612	280	9	28	628	3	607	1.93e-191	553
WP_056002004.1	iJN1463.PP_0026	38.7	261	159	1	47	306	28	288	1.67e-55	182
WP_056002007.1	iCN718.ABAYE_RS14110	41.5	383	214	5	1	377	1	379	1.05e-97	295
WP_056002010.1	iJN1463.PP_0964	52.8	426	192	3	1	424	1	419	3.07e-143	414
WP_056002010.1	iCN718.ABAYE_RS15605	52.8	426	190	4	1	424	1	417	8.94e-137	398
WP_056002010.1	iAF987.Gmet_0382	52.4	424	193	3	1	424	1	415	8.65e-137	398
WP_056002010.1	iYL1228.KPN_03599	52.3	426	191	4	1	424	1	416	9.79e-134	390
WP_056002010.1	iPC815.YPO3569	52.6	426	191	5	1	424	1	417	3.76e-131	384
WP_056002010.1	iYO844.BSU36760	48.2	427	212	3	1	426	1	419	3.62e-130	382
WP_056002010.1	iYS854.USA300HOU_RS11340	48.7	427	212	3	1	426	1	421	2.89e-128	376
WP_056002010.1	STM_v1_0.STM3307	50.5	426	199	4	1	424	1	416	5.43e-128	375
WP_056002010.1	iML1515.b3189	50.0	426	201	4	1	424	1	416	7.69e-128	375
WP_056002010.1	iSF_1195.SF3229	50.0	426	201	4	1	424	1	416	7.69e-128	375
WP_056002010.1	iSSON_1240.SSON_3337	50.0	426	201	4	1	424	1	416	7.69e-128	375
WP_056002010.1	iSbBS512_1146.SbBS512_E3581	49.8	426	202	4	1	424	1	416	3.09e-127	374
WP_056002016.1	iJN1463.PP_5005	36.7	502	306	9	83	581	68	560	4.71e-97	306
WP_056002016.1	iJN1463.PP_5003	34.9	493	307	12	94	581	76	559	1.56e-89	286
WP_056002019.1	iJN1463.PP_0817	53.3	390	182	0	5	394	10	399	3.78e-158	451
WP_056002019.1	iML1515.b2379	53.1	390	183	0	5	394	10	399	5.41e-153	438
WP_056002019.1	iSSON_1240.SSON_2470	53.1	390	183	0	5	394	10	399	5.41e-153	438
WP_056002019.1	iSF_1195.SF2445	53.1	390	183	0	5	394	10	399	2.18e-152	436
WP_056002019.1	iSbBS512_1146.SbBS512_E2748	52.8	390	184	0	5	394	10	399	4.39e-152	436
WP_056002019.1	iSDY_1059.SDY_2577	52.8	390	184	0	5	394	10	399	1.25e-151	434
WP_056002033.1	iAF987.Gmet_2325	39.9	717	405	10	1	695	1	713	2.79e-168	499
WP_056002033.1	iYL1228.KPN_03998	38.2	702	416	9	7	695	7	703	1.41e-156	469
WP_056002033.1	iJN1463.PP_5302	38.0	694	404	10	7	685	7	689	1.25e-156	469
WP_056002033.1	iML1515.b3650	38.9	700	410	11	7	695	7	699	1.39e-155	466
WP_056002033.1	iSbBS512_1146.SbBS512_E4101	38.9	700	410	11	7	695	7	699	1.39e-155	466
WP_056002033.1	iSDY_1059.SDY_4082	38.9	700	410	11	7	695	7	699	1.39e-155	466
WP_056002033.1	iSF_1195.SF3690	38.9	700	410	11	7	695	7	699	1.39e-155	466
WP_056002033.1	iSSON_1240.SSON_3755	38.9	700	410	11	7	695	7	699	1.39e-155	466
WP_056002033.1	STM_v1_0.STM3742	38.6	700	413	11	7	695	7	700	1.60e-154	463
WP_056002033.1	iPC815.YPO0038	38.6	696	409	11	11	695	11	699	3.83e-152	457
WP_056002043.1	iAF987.Gmet_0885	33.9	316	195	7	1	310	1	308	8.76e-50	168
WP_056002059.1	iAF987.Gmet_1282	36.0	214	130	3	5	212	7	219	1.81e-33	122
WP_056002059.1	iJN1463.PP_0240	36.7	218	128	6	8	223	17	226	3.33e-32	120
WP_056002059.1	iYO844.BSU02750	32.2	214	137	3	15	220	9	222	5.23e-32	119
WP_056002059.1	iEK1008.Rv2936	28.3	322	193	7	1	294	1	312	8.52e-31	117
WP_056002059.1	iCN900.CD630_16140	33.7	199	129	1	23	218	40	238	5.93e-31	116
WP_056002059.1	iML1515.b3201	32.7	220	136	4	8	218	4	220	9.95e-30	112
WP_056002059.1	iJN1463.PP_0953	28.5	239	155	3	8	235	4	237	9.95e-30	112
WP_056002059.1	iSbBS512_1146.SbBS512_E3569	32.7	220	136	4	8	218	4	220	9.95e-30	112
WP_056002059.1	iSDY_1059.SDY_3382	32.7	220	136	4	8	218	4	220	9.95e-30	112
WP_056002059.1	iSF_1195.SF3241	32.7	220	136	4	8	218	4	220	9.95e-30	112
WP_056002059.1	iSSON_1240.SSON_3349	32.7	220	136	4	8	218	4	220	9.95e-30	112
WP_056002068.1	iLB1027_lipid.PHATRDRAFT_9984	29.2	106	62	3	39	133	58	161	2.69e-04	40.8
WP_056002089.1	iML1515.b2302	27.3	194	124	7	24	204	14	203	7.52e-10	56.6
WP_056002092.1	iEK1008.Rv0577	32.8	256	161	5	3	253	8	257	6.93e-34	122
WP_056002113.1	iCHOv1.100761937	32.5	292	172	6	11	292	77	353	5.64e-45	155
WP_056002121.1	iJN1463.PP_0966	49.1	426	216	1	3	427	9	434	5.55e-128	376
WP_056002121.1	iAF987.Gmet_0384	47.5	425	222	1	4	427	4	428	2.57e-122	362
WP_056002121.1	iCN718.ABAYE_RS15595	47.5	427	223	1	1	426	1	427	2.14e-119	354
WP_056002124.1	iAF987.Gmet_0383	54.5	200	88	2	1	200	1	197	5.67e-69	209
WP_056002130.1	iEK1008.Rv2284	23.6	195	124	5	451	628	206	392	1.57e-04	44.3
WP_056002133.1	iJN1463.PP_0936	46.3	188	95	5	3	187	4	188	9.77e-34	118
WP_056002152.1	iJN1463.PP_1255	33.6	428	253	12	1	410	1	415	1.40e-46	164
WP_056002155.1	iHN637.CLJU_RS10530	42.7	447	242	4	23	467	21	455	2.88e-113	341
WP_056002155.1	iHN637.CLJU_RS02325	40.7	447	253	3	23	468	21	456	2.59e-105	321
WP_056002155.1	iHN637.CLJU_RS02330	40.2	460	264	3	10	468	7	456	7.75e-105	320
WP_056002160.1	iCN718.ABAYE_RS18220	30.0	267	186	1	14	279	5	271	2.62e-36	131
WP_056002160.1	iAF987.Gmet_0211	29.3	287	202	1	11	297	1	286	2.50e-36	131
WP_056002160.1	iAF692.Mbar_A1150	29.6	274	190	2	11	283	1	272	1.38e-35	129
WP_056002160.1	iCN900.CD630_32250	31.9	232	158	0	11	242	2	233	1.22e-32	122
WP_056002160.1	iCN900.CD630_32230	29.5	275	192	2	11	284	2	275	8.63e-32	119
WP_056002163.1	iJN1463.PP_2318	39.8	176	104	1	70	245	24	197	2.42e-33	119
WP_056002166.1	iCN900.CD630_19470	38.8	227	137	1	1	225	1	227	1.92e-48	158
WP_056002166.1	iJN1463.PP_4210	48.1	206	104	2	27	230	24	228	2.79e-44	156
WP_056002166.1	iEK1008.Rv0073	44.8	201	108	2	22	220	16	215	6.31e-42	144
WP_056002196.1	iJN1463.PP_0553	33.3	114	76	0	42	155	117	230	3.87e-12	65.9
WP_056002196.1	iEK1008.Rv3569c	35.2	122	73	4	41	156	18	139	2.05e-11	63.2
WP_056002196.1	iYL1228.KPN_02120	27.7	249	154	9	47	283	25	259	3.66e-11	62.4
WP_056002202.1	iYS854.USA300HOU_RS07595	32.1	433	235	12	8	390	5	428	9.26e-55	192
WP_056002219.1	iML1515.b3967	47.0	217	113	1	8	224	24	238	7.57e-54	175
WP_056002219.1	iSDY_1059.SDY_3761	47.0	217	113	1	8	224	28	242	8.46e-54	175
WP_056002219.1	iSSON_1240.SSON_4140	47.0	217	113	1	8	224	28	242	8.46e-54	175
WP_056002219.1	iSbBS512_1146.SbBS512_E4453	47.0	217	113	1	8	224	1	215	5.59e-54	175
WP_056002219.1	STM_v1_0.STM4131	47.5	217	112	1	8	224	24	238	1.43e-53	174
WP_056002219.1	iSF_1195.SF4049	47.0	217	113	1	8	224	1	215	7.89e-54	174
WP_056002219.1	iYL1228.KPN_04256	45.9	218	114	2	8	224	1	215	5.86e-50	164
WP_056002219.1	iPC815.YPO3909	45.5	220	118	2	9	228	29	246	4.21e-47	158
WP_056002222.1	iMM1415.11656	49.5	406	202	2	8	410	140	545	8.37e-138	406
WP_056002222.1	iAT_PLT_636.212	50.0	396	195	2	13	405	132	527	4.51e-137	404
WP_056002222.1	iAT_PLT_636.211	50.6	401	195	2	13	410	216	616	1.07e-135	403
WP_056002222.1	iCHOv1.100753315	49.0	406	204	2	8	410	140	545	1.07e-135	400
WP_056002222.1	iCHOv1.100766370	50.9	401	194	2	13	410	199	599	7.34e-135	400
WP_056002222.1	iMM1415.11655	51.1	401	193	2	13	410	201	601	1.56e-134	399
WP_056002222.1	iMM904.YDR232W	46.8	421	199	2	12	410	72	489	1.03e-123	369
WP_056002228.1	iLJ478.TM1080	49.6	139	70	0	3	141	2	140	1.23e-39	130
WP_056002228.1	iHN637.CLJU_RS01130	47.5	139	73	0	3	141	2	140	5.94e-39	128
WP_056002228.1	iNF517.LLMG_RS04880	42.4	139	80	0	3	141	2	140	4.47e-36	121
WP_056002228.1	iML1515.b4090	44.7	141	78	0	1	141	1	141	8.97e-36	120
WP_056002228.1	iYO844.BSU36920	42.1	140	80	1	3	141	2	141	1.45e-34	117
WP_056002231.1	iLJ478.TM0720	59.7	414	167	0	15	428	5	418	7.37e-174	493
WP_056002231.1	iJN1463.PP_0322	62.0	411	149	2	19	428	12	416	4.23e-173	490
WP_056002231.1	iAF987.Gmet_1605	60.1	414	158	2	15	428	4	410	7.93e-173	489
WP_056002231.1	iCN718.ABAYE_RS06300	58.6	420	167	2	10	428	2	415	2.47e-167	476
WP_056002231.1	iSynCJ816.SGL_RS04690	58.0	417	169	1	15	431	9	419	1.15e-165	472
WP_056002231.1	iJN1463.PP_0671	58.6	418	165	4	12	428	5	415	2.67e-164	468
WP_056002231.1	iYO844.BSU36900	57.3	417	171	2	15	431	4	413	2.87e-163	465
WP_056002231.1	STM_v1_0.STM2555	56.6	419	173	3	12	428	5	416	1.34e-159	456
WP_056002231.1	iNF517.LLMG_RS02930	60.4	379	149	1	19	396	12	390	4.11e-158	452
WP_056002231.1	iYL1228.KPN_02876	56.1	419	175	4	12	428	5	416	8.86e-158	451
WP_056002231.1	iYS854.USA300HOU_RS11410	56.4	415	173	4	15	428	4	411	7.46e-158	451
WP_056002231.1	iPC815.YPO2907	56.1	419	175	3	12	428	5	416	5.08e-157	449
WP_056002231.1	iSSON_1240.SSON_2634	55.8	419	176	3	12	428	5	416	2.05e-156	448
WP_056002231.1	iML1515.b2551	55.6	419	177	3	12	428	5	416	5.84e-156	447
WP_056002231.1	iSbBS512_1146.SbBS512_E2916	55.6	419	177	3	12	428	5	416	5.84e-156	447
WP_056002231.1	iSF_1195.SF2598	55.6	419	177	3	12	428	5	416	5.84e-156	447
WP_056002231.1	iSDY_1059.SDY_2741	55.4	419	178	3	12	428	5	416	2.36e-155	445
WP_056002256.1	iJN1463.PP_5098	45.8	166	90	0	2	167	6	171	1.00e-48	157
WP_056002264.1	iJN1463.PP_1470	43.8	436	227	6	3	427	2	430	1.01e-99	304
WP_056002264.1	iAF987.Gmet_1629	42.3	416	233	2	5	414	4	418	9.57e-98	299
WP_056002264.1	iCN718.ABAYE_RS17565	43.1	425	230	6	3	420	2	421	4.37e-95	292
WP_056002285.1	iEK1008.Rv3568c	25.6	285	167	10	7	257	3	276	9.61e-10	58.2
WP_056002306.1	iSDY_1059.SDY_3319	31.1	106	65	5	1	100	6	109	1.80e-05	44.7
WP_056002306.1	iML1515.b3125	30.2	106	66	5	1	100	1	104	1.03e-04	42.4
WP_056002306.1	iSbBS512_1146.SbBS512_E3233	30.2	106	66	5	1	100	1	104	1.03e-04	42.4
WP_056002306.1	iSF_1195.SF3162	30.2	106	66	5	1	100	6	109	1.04e-04	42.4
WP_056002306.1	iSSON_1240.SSON_3280	30.2	106	66	5	1	100	6	109	1.04e-04	42.4
WP_056002306.1	STM_v1_0.STM3248	28.7	129	83	6	1	122	3	129	1.38e-04	42.0
WP_056002311.1	iAF987.Gmet_0043	31.3	67	41	1	513	574	197	263	2.04e-04	43.9
WP_056002331.1	iYL1228.KPN_01272	65.0	884	299	6	12	889	10	889	0.0	1127
WP_056002331.1	iML1515.b1276	65.3	884	297	6	12	889	10	889	0.0	1120
WP_056002331.1	iSSON_1240.SSON_1864	65.2	884	298	6	12	889	10	889	0.0	1115
WP_056002331.1	iSF_1195.SF1280	65.0	884	299	6	12	889	10	889	0.0	1114
WP_056002331.1	STM_v1_0.STM1712	64.4	884	305	6	12	889	10	889	0.0	1110
WP_056002331.1	iJN1463.PP_2112	63.3	912	304	7	7	891	5	912	0.0	1104
WP_056002331.1	iCN718.ABAYE_RS16085	63.7	906	294	8	14	889	15	915	0.0	1103
WP_056002331.1	iPC815.YPO2221	63.6	874	308	5	22	889	20	889	0.0	1100
WP_056002331.1	iAF987.Gmet_1016	56.8	933	351	7	7	891	7	935	0.0	1014
WP_056002334.1	iAF987.Gmet_2727	35.9	103	66	0	114	216	293	395	6.85e-15	72.4
WP_056002334.1	iAF987.Gmet_1832	37.9	103	62	2	114	214	413	515	3.79e-14	70.5
WP_056002334.1	iML1515.b0957	35.5	121	67	2	110	219	217	337	3.55e-14	70.1
WP_056002334.1	iSbBS512_1146.SbBS512_E2359	35.5	121	67	2	110	219	217	337	3.55e-14	70.1
WP_056002334.1	iSDY_1059.SDY_0930	35.5	121	67	2	110	219	221	341	3.62e-14	70.1
WP_056002334.1	iSF_1195.SF0957	35.5	121	67	2	110	219	219	339	3.58e-14	70.1
WP_056002334.1	iSSON_1240.SSON_0961	35.5	121	67	2	110	219	217	337	3.55e-14	70.1
WP_056002334.1	iYL1228.KPN_00986	33.1	118	68	2	110	216	227	344	1.48e-12	65.5
WP_056002335.1	iNF517.LLMG_RS09230	45.1	142	78	0	1	142	12	153	9.25e-31	107
WP_056002335.1	iAF987.Gmet_3524	45.1	142	78	0	1	142	16	157	2.85e-30	107
WP_056002335.1	iYO844.BSU00180	40.1	142	85	0	1	142	8	149	2.24e-27	99.4
WP_056002359.1	iAF987.Gmet_2161	41.3	104	57	1	38	137	460	563	5.53e-17	78.2
WP_056002377.1	iML1515.b0417	38.4	302	149	10	21	291	26	321	1.32e-40	143
WP_056002377.1	iSbBS512_1146.SbBS512_E0338	38.4	302	149	10	21	291	26	321	1.32e-40	143
WP_056002377.1	iSF_1195.SF0354	38.1	302	150	10	21	291	26	321	5.09e-40	141
WP_056002377.1	iSSON_1240.SSON_0394	38.1	302	150	10	21	291	26	321	5.09e-40	141
WP_056002377.1	iSDY_1059.SDY_0317	41.1	246	127	6	21	250	26	269	7.13e-40	141
WP_056002377.1	STM_v1_0.STM0419	36.8	302	154	9	21	291	26	321	1.96e-39	140
WP_056002377.1	iYL1228.KPN_00369	38.1	302	150	11	21	291	26	321	3.91e-38	136
WP_056002377.1	iPC815.YPO3180	38.6	277	140	9	21	279	26	290	4.69e-37	134
WP_056002377.1	iJN1463.PP_0519	36.9	301	155	9	19	291	24	317	2.17e-36	132
WP_056002380.1	iAF987.Gmet_3239	56.6	716	271	5	4	719	6	681	3.27e-245	696
WP_056002383.1	iYS854.USA300HOU_RS08170	30.2	245	165	2	139	382	105	344	2.25e-27	110
WP_056002398.1	iCN900.CD630_32370	41.2	323	188	2	8	328	10	332	1.14e-83	256
WP_056002413.1	iJN1463.PP_4799	30.1	286	162	8	5	269	23	291	4.79e-21	90.1
WP_056002413.1	iSynCJ816.SGL_RS10890	29.4	245	136	8	44	269	60	286	1.03e-19	86.3
WP_056002413.1	STM_v1_0.STM1800	28.9	239	151	5	46	269	46	280	2.04e-19	85.5
WP_056002416.1	iEK1008.Rv2152c	35.3	476	254	15	9	451	15	469	1.47e-47	170
WP_056002416.1	iAF987.Gmet_0413	31.9	458	283	12	2	446	1	442	1.08e-44	162
WP_056002419.1	iSF_1195.SF2815	31.2	458	259	12	3	439	15	437	7.19e-43	156
WP_056002419.1	iML1515.b2801	31.0	462	255	12	3	439	15	437	3.68e-42	154
WP_056002419.1	iIT341.HP1174	31.2	429	248	7	13	432	8	398	5.45e-42	153
WP_056002419.1	iSSON_1240.SSON_2958	30.5	462	257	12	3	439	15	437	6.92e-41	150
WP_056002429.1	iCN900.CD630_21940	24.0	363	238	13	11	344	7	360	5.41e-18	84.7
WP_056002445.1	STM_v1_0.STM1220	32.9	292	188	3	6	290	6	296	5.80e-37	133
WP_056002445.1	iSSON_1240.SSON_1139	31.8	292	191	3	6	290	6	296	8.57e-36	130
WP_056002445.1	iSF_1195.SF1123	32.2	292	190	3	6	290	6	296	1.68e-35	129
WP_056002445.1	iML1515.b1119	31.8	292	191	3	6	290	6	296	3.29e-35	128
WP_056002445.1	iSDY_1059.SDY_2031	31.8	292	191	3	6	290	6	296	3.29e-35	128
WP_056002445.1	iAF987.Gmet_2805	34.0	297	179	4	2	290	5	292	5.65e-35	127
WP_056002445.1	iYL1228.KPN_01116	32.2	292	190	3	6	290	6	296	1.26e-34	127
WP_056002451.1	iAF987.Gmet_3356	29.8	393	227	12	112	483	17	381	4.46e-41	153
WP_056002468.1	iSynCJ816.SGL_RS12975	34.3	315	179	10	1	290	32	343	1.46e-46	162
WP_056002474.1	iJN1463.PP_5100	46.6	191	97	3	18	206	6	193	5.72e-43	142
WP_056002474.1	iPC815.YPO0945	40.8	196	107	3	18	208	3	194	8.88e-42	139
WP_056002474.1	iAF987.Gmet_1875	43.6	188	102	4	19	204	4	189	1.10e-39	134
WP_056002477.1	iCN900.CD630_33080	50.0	232	116	0	6	237	7	238	4.75e-67	213
WP_056002500.1	iJN1463.PP_2465	51.3	631	281	5	7	637	4	608	3.99e-226	643
WP_056002500.1	iCN718.ABAYE_RS15805	48.1	653	311	6	7	658	4	629	3.55e-214	613
WP_056002500.1	iPC815.YPO2433	47.7	661	313	9	7	661	4	637	1.56e-205	591
WP_056002500.1	STM_v1_0.STM1333	46.9	654	320	7	7	659	4	631	2.88e-203	585
WP_056002500.1	iSF_1195.SF1512	46.9	654	320	7	7	659	4	631	1.64e-202	583
WP_056002500.1	iSSON_1240.SSON_1439	46.9	654	320	7	7	659	4	631	1.64e-202	583
WP_056002500.1	iSDY_1059.SDY_1814	46.9	654	320	7	7	659	4	631	2.32e-202	583
WP_056002500.1	iSbBS512_1146.SbBS512_E1961	46.9	654	320	7	7	659	4	631	4.65e-202	582
WP_056002511.1	iCN718.ABAYE_RS15345	82.4	340	60	0	1	340	1	340	1.64e-210	578
WP_056002511.1	iJN1463.PP_2698	81.2	341	64	0	1	341	1	341	4.01e-208	572
WP_056002526.1	iPC815.YPO1145	49.4	251	123	4	4	252	11	259	2.43e-62	196
WP_056002526.1	iYL1228.KPN_00777	47.9	242	125	1	12	252	16	257	5.89e-60	189
WP_056002526.1	STM_v1_0.STM0781	46.7	240	127	1	14	252	18	257	3.84e-55	177
WP_056002529.1	STM_v1_0.STM0782	62.3	215	81	0	6	220	7	221	5.55e-91	266
WP_056002529.1	iPC815.YPO1146	60.8	217	85	0	6	222	7	223	5.93e-91	266
WP_056002529.1	iML1515.b0764	61.0	223	83	1	6	224	7	229	6.42e-90	264
WP_056002529.1	iSbBS512_1146.SbBS512_E0685	61.0	223	83	1	6	224	7	229	6.42e-90	264
WP_056002529.1	iSDY_1059.SDY_0711	61.0	223	83	1	6	224	7	229	6.42e-90	264
WP_056002529.1	iSSON_1240.SSON_0716	61.0	223	83	1	6	224	7	229	6.42e-90	264
WP_056002529.1	iSF_1195.SF0540	60.5	223	84	1	6	224	7	229	5.23e-89	261
WP_056002529.1	iYL1228.KPN_00778	60.5	215	85	0	6	220	7	221	7.42e-89	261
WP_056002572.1	iYL1228.KPN_01636	42.1	271	154	3	35	303	46	315	1.11e-62	200
WP_056002572.1	STM_v1_0.STM1525	41.3	271	150	4	38	303	42	308	7.18e-62	198
WP_056002572.1	iML1515.b1524	41.3	271	150	4	38	303	42	308	2.85e-61	196
WP_056002572.1	iSbBS512_1146.SbBS512_E1682	41.3	271	150	4	38	303	42	308	2.85e-61	196
WP_056002572.1	iSSON_1240.SSON_1604	41.3	271	150	4	38	303	42	308	2.85e-61	196
WP_056002572.1	iSDY_1059.SDY_1631	41.3	271	150	4	38	303	42	308	8.02e-61	195
WP_056002572.1	iSF_1195.SF1569	41.0	271	151	4	38	303	42	308	1.13e-60	195
WP_056002575.1	iCN718.ABAYE_RS15375	36.7	414	250	7	32	439	48	455	5.06e-80	254
WP_056002587.1	iCN900.CD630_34030	38.7	217	127	3	31	245	31	243	6.44e-39	135
WP_056002587.1	iYL1228.KPN_00932	37.3	233	126	3	33	245	23	255	5.58e-37	131
WP_056002587.1	STM_v1_0.STM0974	36.9	233	127	3	33	245	37	269	4.24e-36	129
WP_056002587.1	iHN637.CLJU_RS18460	38.5	226	126	3	32	244	32	257	1.04e-35	128
WP_056002587.1	iML1515.b0904	36.9	233	127	3	33	245	37	269	1.64e-35	127
WP_056002587.1	iSbBS512_1146.SbBS512_E2424	36.9	233	127	3	33	245	37	269	1.64e-35	127
WP_056002587.1	iSDY_1059.SDY_2357	36.9	233	127	3	33	245	37	269	1.64e-35	127
WP_056002587.1	iSSON_1240.SSON_0905	36.9	233	127	3	33	245	37	269	1.64e-35	127
WP_056002587.1	iPC815.YPO1384	33.3	255	150	2	11	245	15	269	6.37e-35	126
WP_056002587.1	iSF_1195.SF0899	36.5	233	128	3	33	245	37	269	3.45e-34	124
WP_056002606.1	iAF987.Gmet_2529	25.7	417	297	8	37	445	40	451	1.47e-26	111
WP_056002619.1	iLJ478.TM0306	26.8	291	157	9	80	354	99	349	7.85e-11	64.3
WP_056002626.1	iSDY_1059.SDY_2156	28.9	802	380	24	65	840	114	751	1.77e-73	256
WP_056002626.1	iSF_1195.SF2217	28.9	802	380	24	65	840	114	751	1.77e-73	256
WP_056002626.1	iML1515.b2132	28.9	802	380	24	65	840	114	751	2.44e-73	255
WP_056002626.1	iSSON_1240.SSON_2189	28.8	802	381	24	65	840	114	751	1.20e-72	253
WP_056002626.1	iSbBS512_1146.SbBS512_E0841	28.8	802	381	24	65	840	114	751	1.65e-72	253
WP_056002626.1	iLJ478.TM0076	28.0	782	403	21	69	840	113	744	3.88e-72	252
WP_056002626.1	iJN1463.PP_1403	29.6	801	379	26	65	840	109	749	2.03e-71	250
WP_056002626.1	iYL1228.KPN_02568	28.7	801	383	24	65	840	114	751	5.46e-71	249
WP_056002628.1	iLJ478.TM1624	32.8	805	467	22	55	846	25	768	1.09e-110	357
WP_056002634.1	iJN1463.PP_2242	28.1	135	82	5	64	186	68	199	7.85e-05	46.2
WP_056002634.1	iPC815.YPO3910	25.7	167	105	6	62	225	57	207	2.91e-04	44.3
WP_056002634.1	iYL1228.KPN_04255	24.6	130	87	3	63	189	47	168	8.63e-04	42.7
WP_056002637.1	iYL1228.KPN_00698	39.8	342	201	3	38	375	40	380	6.14e-75	236
WP_056002637.1	iPC815.YPO2626	37.6	340	207	3	40	375	42	380	4.10e-72	229
WP_056002637.1	iML1515.b0677	38.4	336	202	3	44	375	46	380	1.13e-68	220
WP_056002637.1	iSbBS512_1146.SbBS512_E0574	38.4	336	202	3	44	375	46	380	1.13e-68	220
WP_056002637.1	iSF_1195.SF0616	38.4	336	202	3	44	375	46	380	1.13e-68	220
WP_056002637.1	iSSON_1240.SSON_0631	38.4	336	202	3	44	375	46	380	1.13e-68	220
WP_056002637.1	iSDY_1059.SDY_0611	38.1	336	203	3	44	375	46	380	8.84e-68	218
WP_056002637.1	STM_v1_0.STM0683	37.8	336	204	3	44	375	46	380	4.04e-66	214
WP_056002640.1	iYO844.BSU07700	48.0	471	220	2	8	478	5	450	9.92e-137	404
WP_056002640.1	iSSON_1240.SSON_0633	46.6	496	227	6	3	485	2	472	3.78e-129	391
WP_056002640.1	iML1515.b0679	46.2	496	229	6	3	485	2	472	2.11e-128	389
WP_056002640.1	iSbBS512_1146.SbBS512_E0571	46.4	496	228	6	3	485	2	472	2.11e-128	389
WP_056002640.1	iSDY_1059.SDY_0613	46.2	496	229	6	3	485	2	472	8.36e-128	388
WP_056002640.1	STM_v1_0.STM0685	46.0	496	230	6	3	485	2	472	1.76e-127	387
WP_056002640.1	iSF_1195.SF0614	46.0	496	230	6	3	485	2	472	4.67e-127	386
WP_056002640.1	iYL1228.KPN_00700	44.6	511	245	5	3	500	2	487	8.49e-122	372
WP_056002650.1	iJN1463.PP_3570	24.5	363	233	13	48	379	65	417	1.57e-11	65.1
WP_056002650.1	iJN1463.PP_1019	22.6	394	247	14	36	379	57	442	5.15e-10	60.5
WP_056002657.1	iSynCJ816.SGL_RS14350	26.6	403	260	11	59	450	83	460	1.16e-22	100
WP_056002657.1	iPC815.YPO3506	27.3	433	269	17	36	441	36	449	3.71e-22	98.6
WP_056002662.1	iCHOv1.100766065	56.1	244	104	1	1	241	1	244	4.65e-85	253
WP_056002663.1	iYO844.BSU39780	26.9	316	182	9	10	310	16	297	6.05e-13	68.2
WP_056002666.1	iJN1463.PP_1616	65.9	367	125	0	1	367	3	369	1.27e-185	518
WP_056002666.1	iPC815.YPO1502	63.5	367	134	0	1	367	2	368	3.32e-180	504
WP_056002666.1	iCN718.ABAYE_RS09595	63.8	367	133	0	1	367	1	367	1.83e-175	492
WP_056002666.1	iML1515.b0356	63.1	369	136	0	1	369	1	369	1.50e-174	489
WP_056002666.1	iSynCJ816.SGL_RS04900	62.9	369	137	0	1	369	1	369	1.50e-174	489
WP_056002666.1	iSbBS512_1146.SbBS512_E0271	62.9	369	137	0	1	369	1	369	4.28e-174	488
WP_056002666.1	iSSON_1240.SSON_0335	62.9	369	137	0	1	369	1	369	4.28e-174	488
WP_056002666.1	STM_v1_0.STM1627	64.0	367	132	0	1	367	1	367	1.36e-173	487
WP_056002666.1	iYL1228.KPN_01952	64.0	367	132	0	1	367	1	367	1.93e-173	487
WP_056002672.1	iML1515.b1856	32.0	97	43	3	248	343	324	398	1.39e-04	43.5
WP_056002687.1	iEK1008.Rv3084	33.3	255	161	2	51	301	43	292	1.02e-41	146
WP_056002699.1	iIT341.HP1174	39.7	406	227	6	24	423	9	402	2.29e-77	246
WP_056002705.1	iML1515.b2251	55.2	29	13	0	35	63	31	59	7.51e-04	37.4
WP_056002711.1	iYO844.BSU08000	20.9	311	227	4	12	314	15	314	3.65e-16	77.4
WP_056002716.1	iJN1463.PP_5227	48.8	420	208	4	1	419	1	414	6.79e-113	337
WP_056002716.1	iCN718.ABAYE_RS04825	46.7	418	215	4	4	419	3	414	3.36e-105	317
WP_056002718.1	iYS854.USA300HOU_RS02940	31.7	139	79	5	45	174	47	178	6.06e-12	60.8
WP_056002753.1	iCN900.CD630_02510	44.8	415	226	2	26	440	27	438	6.20e-109	328
WP_056002843.1	iCN718.ABAYE_RS15890	38.9	211	114	5	9	210	10	214	1.74e-35	127
WP_056002846.1	iLB1027_lipid.PHATRDRAFT_38930	47.4	293	135	6	2	278	12	301	1.54e-82	250
WP_056002849.1	iJN1463.PP_0266	35.8	352	184	12	7	321	18	364	2.56e-52	176
WP_056002852.1	iAF987.Gmet_0497	63.5	211	77	0	1	211	1	211	1.83e-92	269
WP_056002852.1	iCN900.CD630_23290	56.9	209	90	0	1	209	1	209	1.81e-83	246
WP_056002852.1	iLJ478.TM0295	55.5	211	94	0	1	211	1	211	7.84e-83	245
WP_056002855.1	iAF987.Gmet_3405	37.0	81	49	1	2	82	5	83	2.48e-12	57.8
WP_056002855.1	iYO844.BSU36800	37.7	77	46	1	6	82	8	82	8.70e-12	56.2
WP_056002855.1	iSbBS512_1146.SbBS512_E4190	36.3	80	50	1	3	82	6	84	1.97e-11	55.5
WP_056002855.1	iIT341.HP1131	37.8	82	49	1	1	82	4	83	2.94e-11	54.7
WP_056002855.1	iPC815.YPO4120	36.3	80	50	1	3	82	7	85	5.61e-11	54.3
WP_056002855.1	iML1515.b3731	35.0	80	51	1	3	82	6	84	1.09e-10	53.5
WP_056002855.1	iYL1228.KPN_04136	35.0	80	51	1	3	82	6	84	1.09e-10	53.5
WP_056002855.1	STM_v1_0.STM3864	35.0	80	51	1	3	82	6	84	1.09e-10	53.5
WP_056002855.1	iSDY_1059.SDY_4017	35.0	80	51	1	3	82	6	84	1.09e-10	53.5
WP_056002855.1	iSF_1195.SF3811	35.0	80	51	1	3	82	4	82	1.05e-10	53.5
WP_056002855.1	iSSON_1240.SSON_3888	35.0	80	51	1	3	82	6	84	1.09e-10	53.5
WP_056002855.1	iSynCJ816.SGL_RS09710	34.1	82	50	2	2	82	3	81	2.89e-10	52.4
WP_056002859.1	iMM1415.11947	76.8	482	103	3	9	489	53	526	1.40e-259	716
WP_056002859.1	iCHOv1.100763024	77.2	474	100	2	17	489	65	531	9.69e-259	714
WP_056002859.1	iAT_PLT_636.506	77.4	474	99	2	17	489	60	526	8.07e-259	714
WP_056002859.1	iLB1027_lipid.PHATRDRAFT_54086	75.0	476	112	3	18	487	26	500	3.34e-251	694
WP_056002859.1	iMM904.YJR121W	75.2	479	111	2	13	490	39	510	5.58e-250	691
WP_056002859.1	iAM_Pc455.PCYB_146140	72.4	489	133	1	2	488	20	508	3.53e-246	682
WP_056002859.1	iAM_Pv461.PVX_100735	73.7	476	123	1	15	488	69	544	5.25e-245	680
WP_056002859.1	iAM_Pf480.PF3D7_1235700	73.4	473	124	1	18	488	60	532	2.27e-243	676
WP_056002859.1	iAM_Pb448.PBANKA_145030	72.7	480	128	2	11	488	53	531	1.73e-242	673
WP_056002859.1	iAF987.Gmet_3406	73.1	476	110	3	18	487	6	469	2.74e-240	665
WP_056002867.1	iAF987.Gmet_3407	44.4	297	151	4	1	295	1	285	3.23e-67	211
WP_056002870.1	iMM1415.11946	71.2	503	145	0	6	508	49	551	1.79e-254	705
WP_056002870.1	iCHOv1.100770431	70.6	506	146	1	6	508	49	554	6.24e-251	696
WP_056002870.1	iMM904.YBL099W	69.5	502	153	0	7	508	44	545	1.61e-248	690
WP_056002870.1	iAF987.Gmet_3408	67.8	509	155	3	1	508	1	501	8.53e-243	674
WP_056002870.1	iAT_PLT_636.498	67.8	503	140	1	6	508	49	529	9.82e-237	659
WP_056002873.1	iLB1027_lipid.PHATRDRAFT_44603	32.2	171	111	2	17	185	48	215	3.73e-23	91.7
WP_056002873.1	iSynCJ816.SGL_RS02680	35.2	162	103	2	21	181	14	174	2.01e-21	86.3
WP_056002878.1	iSF_1195.SF4048	28.1	224	143	8	38	257	25	234	1.45e-12	70.5
WP_056002878.1	iML1515.b3966	27.7	224	144	8	38	257	25	234	1.91e-12	70.1
WP_056002878.1	iSSON_1240.SSON_4139	27.7	224	144	8	38	257	25	234	1.91e-12	70.1
WP_056002878.1	iJN1463.PP_1006	22.6	553	354	19	43	531	135	677	5.41e-12	68.9
WP_056002878.1	iSDY_1059.SDY_3762	27.2	224	145	8	38	257	25	234	1.33e-11	67.4
WP_056002878.1	iPC815.YPO3910	28.4	155	107	3	40	190	38	192	1.63e-10	63.9
WP_056002878.1	iML1515.b2155	30.8	130	87	2	41	167	34	163	2.21e-10	63.5
WP_056002878.1	iSSON_1240.SSON_2211	30.8	130	87	2	41	167	34	163	2.21e-10	63.5
WP_056002885.1	iPC815.YPO1391	39.4	216	115	2	2	202	7	221	2.63e-42	142
WP_056002885.1	iSDY_1059.SDY_2348	39.6	212	112	2	2	198	7	217	4.83e-42	141
WP_056002885.1	iML1515.b0910	39.2	212	113	2	2	198	7	217	3.83e-41	139
WP_056002885.1	iEK1008.Rv1712	42.4	203	102	2	2	189	8	210	4.16e-41	139
WP_056002885.1	iSbBS512_1146.SbBS512_E2418	39.2	212	113	2	2	198	7	217	3.83e-41	139
WP_056002885.1	iSF_1195.SF0906	39.2	212	113	2	2	198	7	217	3.83e-41	139
WP_056002885.1	iJN1463.PP_1771	41.5	212	106	3	2	196	7	217	5.56e-41	138
WP_056002885.1	iSSON_1240.SSON_0912	38.7	212	114	2	2	198	7	217	1.08e-40	137
WP_056002885.1	STM_v1_0.STM0980	39.2	212	113	2	2	198	7	217	1.53e-40	137
WP_056002885.1	iYL1228.KPN_00937	38.7	212	114	2	2	198	7	217	2.15e-40	137
WP_056002885.1	iCN900.CD630_18160	38.8	209	116	3	1	198	4	211	2.24e-37	129
WP_056002888.1	iJN1463.PP_1770	54.7	426	185	2	15	440	320	737	5.13e-134	402
WP_056002888.1	iCN718.ABAYE_RS06470	51.8	427	196	5	23	443	322	744	1.32e-121	370
WP_056002895.1	iJN1463.PP_1700	34.9	418	244	8	7	411	45	447	1.23e-63	216
WP_056002897.1	iCN718.ABAYE_RS17215	37.8	193	100	6	2	180	7	193	3.64e-28	103
WP_056002897.1	iAF987.Gmet_1952	40.2	184	93	4	5	179	13	188	3.58e-25	96.3
WP_056002897.1	iJN1463.PP_4097	37.0	184	106	4	5	186	4	179	1.52e-24	94.4
WP_056002900.1	iSF_1195.SF0734	45.8	83	42	2	3	85	2	81	2.29e-14	61.6
WP_056002900.1	iSSON_1240.SSON_0763	45.8	83	42	2	3	85	2	81	2.29e-14	61.6
WP_056002900.1	iSDY_1059.SDY_0822	45.8	83	42	2	3	85	2	81	3.25e-14	61.2
WP_056002900.1	iML1515.b0784	44.6	83	43	2	3	85	2	81	4.60e-14	60.8
WP_056002900.1	iSbBS512_1146.SbBS512_E2568	44.6	83	43	2	3	85	2	81	4.60e-14	60.8
WP_056002903.1	iML1515.b0785	50.0	146	69	2	3	144	5	150	4.98e-41	134
WP_056002903.1	iSSON_1240.SSON_0764	50.0	146	69	2	3	144	5	150	7.06e-41	133
WP_056002903.1	iSDY_1059.SDY_0821	50.0	146	69	2	3	144	5	150	1.00e-40	133
WP_056002903.1	iSbBS512_1146.SbBS512_E2567	49.3	146	70	2	3	144	5	150	2.85e-40	132
WP_056002903.1	iSF_1195.SF0735	50.0	146	69	2	3	144	5	150	2.85e-40	132
WP_056002906.1	iSynCJ816.SGL_RS06280	42.0	131	61	3	89	219	15	130	7.86e-20	81.6
WP_056002912.1	iAT_PLT_636.5052	37.7	183	100	5	4	177	8	185	1.30e-36	125
WP_056002912.1	iMM1415.18477	36.4	176	103	4	11	177	10	185	2.93e-35	122
WP_056002912.1	iMM1415.21672	37.4	182	101	5	4	177	8	184	1.14e-34	120
WP_056002912.1	iAT_PLT_636.7001	40.1	152	84	3	33	177	33	184	3.59e-33	116
WP_056002912.1	STM_v1_0.STM0402	36.2	185	102	4	1	174	1	180	1.50e-32	115
WP_056002918.1	iYO844.BSU00930	48.9	219	105	5	1	215	1	216	1.19e-59	186
WP_056002918.1	iAF987.Gmet_0870	48.4	221	104	4	1	219	1	213	9.89e-58	182
WP_056002918.1	iCN718.ABAYE_RS11130	48.1	216	94	5	1	202	1	212	7.73e-57	181
WP_056002918.1	iJN1463.PP_0840	48.9	225	100	6	1	214	1	221	5.78e-57	181
WP_056002918.1	iCN900.CD630_15950	52.7	169	75	3	1	167	1	166	1.31e-56	178
WP_056002918.1	iAF692.Mbar_A2421	55.5	155	64	3	15	167	13	164	1.59e-51	169
WP_056002930.1	iAF987.Gmet_1706	35.0	120	76	1	5	124	2	119	3.14e-16	75.9
WP_056002930.1	iAF987.Gmet_2999	31.0	116	80	0	6	121	10	125	4.19e-14	70.1
WP_056002933.1	iCN900.CD630_32860	26.7	191	137	2	25	214	346	534	5.74e-08	52.4
WP_056002936.1	iCN900.CD630_32610	62.7	249	91	2	12	260	8	254	9.07e-111	319
WP_056002936.1	iJN1463.PP_5326	62.3	260	92	2	1	260	28	281	4.59e-110	318
WP_056002936.1	iAF692.Mbar_A1781	57.3	260	109	1	1	260	1	258	5.98e-110	317
WP_056002936.1	iSynCJ816.SGL_RS14180	62.3	257	85	2	13	260	13	266	7.86e-110	317
WP_056002936.1	iAF987.Gmet_2704	62.8	250	91	2	12	260	4	252	2.16e-106	308
WP_056002936.1	iML1515.b3725	57.3	255	108	1	6	260	4	257	4.21e-105	305
WP_056002936.1	iSbBS512_1146.SbBS512_E4203	57.3	255	108	1	6	260	4	257	4.21e-105	305
WP_056002936.1	iSDY_1059.SDY_4025	57.3	255	108	1	6	260	4	257	4.21e-105	305
WP_056002936.1	iSF_1195.SF3730	57.3	255	108	1	6	260	4	257	4.21e-105	305
WP_056002936.1	iSSON_1240.SSON_3909	57.3	255	108	1	6	260	4	257	4.21e-105	305
WP_056002936.1	iPC815.YPO4114	57.5	259	105	2	2	260	5	258	4.36e-105	305
WP_056002936.1	iYL1228.KPN_04130	57.2	257	108	2	5	260	2	257	5.97e-105	304
WP_056002936.1	STM_v1_0.STM3854	57.3	255	108	1	6	260	4	257	1.20e-104	303
WP_056002936.1	iSynCJ816.SGL_RS14185	54.2	264	109	2	6	260	9	269	1.81e-104	303
WP_056002936.1	iHN637.CLJU_RS06095	59.6	245	97	2	16	260	7	249	1.30e-104	303
WP_056002936.1	iYO844.BSU24960	58.4	255	101	2	10	260	16	269	3.95e-101	295
WP_056002936.1	iYO844.BSU24950	56.1	244	106	1	17	260	18	260	1.37e-99	291
WP_056002936.1	iLJ478.TM1261	56.8	250	107	1	11	260	3	251	1.01e-99	291
WP_056002936.1	iYS854.USA300HOU_RS07055	53.9	258	117	2	3	260	28	283	2.40e-98	288
WP_056002939.1	iYS854.USA300HOU_RS07065	42.8	297	159	4	163	459	23	308	3.65e-66	214
WP_056002942.1	iSynCJ816.SGL_RS14205	27.9	312	174	9	1	301	7	278	2.69e-27	109
WP_056002945.1	iAF987.Gmet_0043	26.7	255	166	7	155	393	17	266	1.77e-17	84.0
WP_056002962.1	iMM1415.15487	28.5	207	135	4	6	203	47	249	1.78e-20	88.2
WP_056002962.1	iCN718.ABAYE_RS14915	29.4	218	144	4	3	214	5	218	9.27e-19	82.4
WP_056002962.1	iCHOv1.100751291	25.6	203	144	3	6	203	53	253	3.27e-18	82.0
WP_056002962.1	iYL1228.KPN_01590	30.4	217	121	7	5	207	2	202	5.10e-18	80.5
WP_056002965.1	iJN1463.PP_0416	34.1	217	132	6	8	217	15	227	5.14e-29	109
WP_056002965.1	iPC815.YPO0156	34.4	215	135	4	9	219	10	222	6.38e-28	105
WP_056002965.1	iCN718.ABAYE_RS17405	32.7	214	138	4	7	216	10	221	4.15e-26	100
WP_056002965.1	iYL1228.KPN_03756	34.2	231	132	5	9	219	10	240	2.20e-25	99.4
WP_056002965.1	STM_v1_0.STM3482	33.2	232	132	6	9	219	10	239	4.22e-25	98.6
WP_056002968.1	iPC815.YPO4119	42.1	454	240	6	1	436	1	449	3.81e-103	314
WP_056002968.1	iJN1463.PP_5411	44.3	449	221	6	9	436	6	446	2.93e-102	312
WP_056002968.1	iYS854.USA300HOU_RS02555	40.8	449	245	5	8	438	5	450	2.24e-100	307
WP_056002968.1	iCN718.ABAYE_RS00995	42.6	439	229	6	9	429	6	439	4.98e-97	298
WP_056002968.1	iSbBS512_1146.SbBS512_E4191	40.3	449	245	5	6	436	6	449	1.49e-96	297
WP_056002968.1	iML1515.b3730	40.5	449	244	5	6	436	6	449	2.96e-96	296
WP_056002968.1	iSDY_1059.SDY_4018	40.5	449	244	5	6	436	6	449	4.18e-96	296
WP_056002968.1	iSF_1195.SF3810	40.5	449	244	5	6	436	6	449	4.18e-96	296
WP_056002968.1	iSSON_1240.SSON_3889	40.3	449	245	5	6	436	6	449	1.17e-95	295
WP_056002968.1	STM_v1_0.STM3862	40.8	449	243	5	6	436	6	449	3.67e-94	291
WP_056002968.1	iYL1228.KPN_04135	39.9	449	247	5	6	436	1	444	2.19e-91	284
WP_056002971.1	iSSON_1240.SSON_3890	53.5	613	275	6	1	607	1	609	3.62e-205	586
WP_056002971.1	iSF_1195.SF3809	53.5	613	275	6	1	607	1	609	5.13e-205	586
WP_056002971.1	iML1515.b3729	53.5	613	275	6	1	607	1	609	7.26e-205	585
WP_056002971.1	iSDY_1059.SDY_4019	53.5	613	275	6	1	607	1	609	1.03e-204	585
WP_056002971.1	iSbBS512_1146.SbBS512_E4192	53.5	613	275	6	1	607	1	609	1.46e-204	585
WP_056002971.1	STM_v1_0.STM3861	53.2	613	277	6	1	607	1	609	4.75e-203	581
WP_056002971.1	iCN718.ABAYE_RS00990	51.8	616	284	6	1	607	1	612	2.77e-200	574
WP_056002971.1	iJN1463.PP_5409	51.8	616	283	7	1	607	1	611	2.16e-199	572
WP_056002971.1	iPC815.YPO4118	51.9	613	285	6	1	607	1	609	6.57e-198	568
WP_056002971.1	iAF987.Gmet_0104	50.7	613	292	5	1	607	1	609	5.31e-197	565
WP_056002971.1	iAF987.Gmet_1487	51.6	611	290	4	1	607	1	609	5.60e-194	558
WP_056002971.1	iYL1228.KPN_04134	51.1	611	293	5	1	607	1	609	4.16e-191	550
WP_056002974.1	iSbBS512_1146.SbBS512_E4050	30.9	123	81	2	4	126	6	124	2.62e-08	53.9
WP_056002974.1	iSSON_1240.SSON_3782	30.9	123	81	2	4	126	6	124	2.62e-08	53.9
WP_056002974.1	iEK1008.Rv2957	33.1	127	80	3	1	125	20	143	2.78e-08	53.5
WP_056002974.1	iML1515.b1022	30.3	132	78	6	3	131	74	194	1.42e-07	52.0
WP_056002980.1	STM_v1_0.STM4130	27.5	142	91	5	52	191	20	151	3.28e-05	47.4
WP_056002980.1	iSDY_1059.SDY_3762	24.8	141	96	4	52	191	20	151	3.86e-04	43.9
WP_056002980.1	iML1515.b3966	24.8	141	96	4	52	191	20	151	6.66e-04	43.1
WP_056002980.1	iSSON_1240.SSON_4139	24.8	141	96	4	52	191	20	151	6.66e-04	43.1
WP_056002980.1	iSF_1195.SF4048	26.5	117	79	3	76	191	41	151	8.76e-04	42.7
WP_056002985.1	iJN1463.PP_3285	38.2	165	102	0	1	165	1	165	3.66e-28	103
WP_056002991.1	iLJ478.TM0064	26.6	447	311	8	17	460	10	442	1.03e-48	172
WP_056002991.1	iAF987.Gmet_0451	28.4	426	285	8	17	431	10	426	5.70e-45	163
WP_056002995.1	iSSON_1240.SSON_4478	40.9	469	259	9	7	457	3	471	8.20e-93	289
WP_056002995.1	iSbBS512_1146.SbBS512_E4791	40.9	469	259	9	7	457	3	471	1.16e-92	289
WP_056002995.1	iML1515.b4323	40.7	469	260	9	7	457	3	471	3.24e-92	288
WP_056002995.1	iSF_1195.SF4197	40.7	469	260	9	7	457	3	471	9.06e-92	286
WP_056002995.1	STM_v1_0.STM3136	41.3	463	251	12	15	457	12	473	8.74e-90	281
WP_056002995.1	iYL1228.KPN_01587	41.3	470	252	13	11	460	6	471	2.25e-89	280
WP_056003004.1	iYO844.BSU05860	38.9	296	170	4	18	308	4	293	6.41e-59	190
WP_056003014.1	iEK1008.Rv0684	25.1	509	243	11	3	382	8	507	2.20e-28	120
WP_056003014.1	iSynCJ816.SGL_RS10930	24.3	490	235	12	4	372	6	480	1.57e-26	114
WP_056003020.1	STM_v1_0.STM0783	49.2	181	89	2	27	206	24	202	3.59e-52	171
WP_056003020.1	iML1515.b0765	48.9	180	91	1	27	206	24	202	7.14e-52	170
WP_056003020.1	iSbBS512_1146.SbBS512_E0686	48.9	180	91	1	27	206	24	202	7.14e-52	170
WP_056003020.1	iSDY_1059.SDY_0712	48.9	180	91	1	27	206	24	202	7.14e-52	170
WP_056003020.1	iSF_1195.SF0539	48.9	180	91	1	27	206	24	202	7.14e-52	170
WP_056003020.1	iSSON_1240.SSON_0717	48.9	180	91	1	27	206	24	202	7.14e-52	170
WP_056003020.1	iYL1228.KPN_00779	45.1	206	110	2	1	206	1	203	1.03e-51	169
WP_056003020.1	iPC815.YPO1147	52.2	180	83	2	28	206	25	202	1.19e-51	169
WP_056003020.1	iJN1463.PP_3830	49.5	182	89	1	28	206	28	209	1.36e-47	159
WP_056003039.1	iJN1463.PP_0793	41.0	680	362	8	171	826	286	950	4.36e-130	412
WP_056003045.1	iCHOv1.100754017	38.5	265	139	7	34	276	31	293	8.47e-40	142
WP_056003045.1	iMM1415.11593	37.4	273	147	5	27	276	22	293	1.18e-39	142
WP_056003066.1	iEK1008.Rv0125	27.9	183	111	6	60	234	79	248	2.84e-10	61.6
WP_056003081.1	iYL1228.KPN_03519	48.4	492	250	3	10	497	4	495	9.95e-145	424
WP_056003081.1	iSF_1195.SF3131	47.2	492	256	3	10	497	4	495	6.69e-140	411
WP_056003081.1	iSbBS512_1146.SbBS512_E3527	46.7	492	258	3	10	497	4	495	2.68e-139	410
WP_056003081.1	iSSON_1240.SSON_3244	47.0	492	257	3	10	497	4	495	3.80e-139	409
WP_056003081.1	iML1515.b3091	47.0	492	257	3	10	497	4	495	5.37e-139	409
WP_056003081.1	iSDY_1059.SDY_3276	47.0	492	257	3	10	497	4	495	7.60e-139	409
WP_056003081.1	iPC815.YPO0581	45.5	492	264	3	10	497	5	496	1.43e-136	403
WP_056003081.1	iYO844.BSU12390	44.1	494	269	4	10	497	5	497	5.39e-134	396
WP_056003113.1	iJN1463.PP_0832	49.6	345	160	7	1	340	1	336	1.28e-86	264
WP_056003113.1	iYS854.USA300HOU_RS08725	41.8	347	190	5	1	341	1	341	5.91e-80	247
WP_056003118.1	iMM904.Q0105	49.7	362	174	2	38	399	21	374	5.44e-131	382
WP_056003118.1	iCHOv1.3979182	48.2	384	188	4	16	399	1	373	4.72e-123	362
WP_056003118.1	iMM1415.17711	48.9	362	175	3	38	399	22	373	6.91e-123	362
WP_056003118.1	iAT_PLT_636.4519	47.3	376	187	4	24	399	9	373	2.27e-118	350
WP_056003118.1	iJN1463.PP_1318	45.8	406	200	7	16	409	5	402	5.47e-117	347
WP_056003122.1	iCHOv1.100766032	40.3	248	136	5	42	287	78	315	6.31e-53	175
WP_056003122.1	iMM1415.66445	39.9	248	137	5	42	287	78	315	1.76e-52	174
WP_056003122.1	iAT_PLT_636.1537	39.5	248	138	5	42	287	78	315	3.50e-52	173
WP_056003122.1	iMM904.YOR065W	42.6	244	129	5	44	287	64	296	3.24e-52	172
WP_056003122.1	iAM_Pc455.PCYB_125240	40.4	225	115	4	41	265	155	360	1.27e-47	163
WP_056003122.1	iAM_Pv461.PVX_117325	40.4	225	115	4	41	265	155	360	3.51e-47	162
WP_056003125.1	iAF987.Gmet_0389	66.1	248	82	1	6	251	5	252	2.36e-107	310
WP_056003125.1	iJN1463.PP_0293	60.9	256	95	1	1	251	1	256	2.46e-105	305
WP_056003125.1	iCN718.ABAYE_RS01735	59.9	247	98	1	6	251	5	251	1.17e-102	298
WP_056003125.1	iEK1008.Rv1605	61.3	253	90	2	6	251	16	267	5.66e-97	284
WP_056003128.1	iAF987.Gmet_0388	53.0	236	109	1	4	237	1	236	2.50e-79	238
WP_056003128.1	iJN1463.PP_0292	52.5	236	109	2	4	236	1	236	2.58e-79	238
WP_056003128.1	iCN718.ABAYE_RS01765	50.0	234	116	1	4	236	1	234	3.68e-76	230
WP_056003128.1	iSynCJ816.SGL_RS17225	51.9	235	111	1	6	238	3	237	1.47e-73	224
WP_056003131.1	iCN718.ABAYE_RS01780	44.6	204	101	7	2	197	4	203	3.44e-46	150
WP_056003131.1	iAF987.Gmet_0387	42.0	205	104	6	2	194	4	205	4.61e-42	140
WP_056003131.1	iJN1463.PP_0290	41.3	208	107	6	2	197	4	208	4.87e-42	140
WP_056003131.1	iYO844.BSU34890	41.7	204	106	5	1	194	1	201	1.38e-41	139
WP_056003131.1	iSynCJ816.SGL_RS15330	40.7	204	108	7	2	196	4	203	1.84e-41	139
WP_056003131.1	iNF517.LLMG_RS06550	41.1	202	107	7	2	196	4	200	2.34e-40	135
WP_056003140.1	iCHOv1.100773218	61.4	458	176	1	5	461	48	505	3.71e-189	536
WP_056003140.1	iMM1415.14194	60.7	458	179	1	5	461	48	505	1.40e-186	529
WP_056003140.1	iAT_PLT_636.2271	60.7	458	179	1	5	461	51	508	2.54e-185	526
WP_056003140.1	iJN1463.PP_1755	60.5	458	179	2	4	460	2	458	2.41e-184	522
WP_056003140.1	iYL1228.KPN_01517	60.4	462	181	2	1	461	1	461	6.47e-180	511
WP_056003140.1	iML1515.b1611	59.7	462	184	2	1	461	1	461	1.55e-178	507
WP_056003140.1	iSbBS512_1146.SbBS512_E1796	59.7	462	184	2	1	461	1	461	1.55e-178	507
WP_056003140.1	iSDY_1059.SDY_1827	59.5	462	185	2	1	461	1	461	2.20e-178	507
WP_056003140.1	iSSON_1240.SSON_1549	59.5	462	185	2	1	461	1	461	4.42e-178	506
WP_056003140.1	iSF_1195.SF1634	59.5	462	185	2	1	461	1	461	1.79e-177	504
WP_056003140.1	STM_v1_0.STM1469	59.1	462	187	2	1	461	1	461	2.92e-176	501
WP_056003140.1	iLB1027_lipid.PHATRDRAFT_36139	58.7	453	185	2	11	461	1	453	4.62e-174	496
WP_056003140.1	iMM904.YPL262W	58.8	459	186	3	5	461	29	486	1.84e-172	493
WP_056003140.1	iCN718.ABAYE_RS08160	58.7	458	187	2	4	460	3	459	9.30e-172	490
WP_056003150.1	iYL1228.KPN_03996	51.0	204	96	3	15	215	3	205	2.22e-58	182
WP_056003150.1	iML1515.b3648	51.6	192	90	2	15	204	3	193	1.27e-57	181
WP_056003150.1	iSbBS512_1146.SbBS512_E4099	51.6	192	90	2	15	204	3	193	1.27e-57	181
WP_056003150.1	iSF_1195.SF3688	51.6	192	90	2	15	204	3	193	1.27e-57	181
WP_056003150.1	iSSON_1240.SSON_3757	51.6	192	90	2	15	204	3	193	1.27e-57	181
WP_056003150.1	STM_v1_0.STM3740	51.0	192	91	2	15	204	3	193	1.79e-57	180
WP_056003150.1	iSDY_1059.SDY_4080	51.0	192	91	2	15	204	3	193	1.45e-56	178
WP_056003150.1	iCN718.ABAYE_RS02090	44.4	189	104	1	16	204	3	190	1.48e-51	165
WP_056003153.1	iCN718.ABAYE_RS13105	25.8	267	177	2	5	255	1	262	1.47e-17	82.0
WP_056003153.1	iML1515.b0493	27.2	265	170	8	10	262	15	268	7.45e-17	79.7
WP_056003153.1	iCHOv1.100774578	29.0	248	162	5	13	250	35	278	4.23e-15	75.5
WP_056003153.1	iMM1415.70750	28.6	248	163	5	13	250	35	278	1.39e-14	73.9
WP_056003165.1	iMM904.YDL178W	30.3	459	299	7	24	471	82	530	2.22e-66	222
WP_056003173.1	iJN1463.PP_5029	27.6	243	141	9	19	249	13	232	1.37e-08	54.3
WP_056003177.1	iAF987.Gmet_1914	33.8	130	77	2	1	125	1	126	2.44e-15	70.5
WP_056003186.1	iSynCJ816.SGL_RS07160	35.1	479	264	13	44	501	18	470	6.22e-51	181
WP_056003186.1	iCN718.ABAYE_RS04050	32.7	489	301	12	25	501	4	476	2.69e-49	176
WP_056003186.1	iAF987.Gmet_0075	32.4	490	296	14	27	501	5	474	1.10e-45	166
WP_056003189.1	iYS854.USA300HOU_RS10880	23.8	362	239	13	85	440	54	384	1.22e-10	62.8
WP_056003192.1	iLJ478.TM1227	27.3	411	217	13	36	415	23	382	3.76e-37	143
WP_056003215.1	iJN1463.PP_0368	41.3	571	298	6	31	570	33	597	5.78e-129	390
WP_056003215.1	iJN1463.PP_2048	43.3	568	280	11	35	571	34	590	1.58e-119	365
WP_056003245.1	iYO844.BSU39980	30.9	110	72	3	13	121	22	128	3.78e-08	50.8
WP_056003248.1	iAF987.Gmet_1919	28.2	124	86	2	5	128	3	123	1.16e-06	47.8
WP_056003248.1	iAF987.Gmet_2999	27.8	126	86	3	1	124	4	126	1.71e-05	44.3
WP_056003251.1	iJN1463.PP_4702	66.2	628	210	1	14	641	17	642	0.0	885
WP_056003251.1	iJN1463.PP_4487	67.6	621	199	1	19	637	65	685	3.17e-319	881
WP_056003251.1	iPC815.YPO0253	65.2	629	217	1	14	640	17	645	3.81e-318	876
WP_056003251.1	iCN718.ABAYE_RS01415	65.8	628	211	2	14	638	15	641	2.77e-317	874
WP_056003251.1	iYL1228.KPN_04478	64.3	627	222	1	16	640	19	645	8.36e-315	868
WP_056003251.1	STM_v1_0.STM4275	63.1	645	233	3	1	640	1	645	1.59e-312	862
WP_056003251.1	iML1515.b4069	63.2	631	230	1	12	640	15	645	1.30e-311	860
WP_056003251.1	iSSON_1240.SSON_4250	63.2	631	230	1	12	640	15	645	1.30e-311	860
WP_056003254.1	iSSON_1240.SSON_4052	35.6	326	204	4	13	335	14	336	7.27e-56	194
WP_056003254.1	iYL1228.KPN_02458	35.8	321	192	5	23	335	26	340	5.86e-55	191
WP_056003254.1	iYL1228.KPN_02910	35.0	320	201	3	20	339	24	336	2.61e-54	189
WP_056003254.1	iML1515.b1981	36.0	317	191	5	23	333	27	337	4.18e-53	186
WP_056003254.1	iJN1463.PP_3666	36.1	313	193	3	22	330	29	338	4.78e-53	186
WP_056003254.1	iSDY_1059.SDY_2254	35.6	317	192	5	23	333	27	337	1.56e-52	184
WP_056003254.1	iCN718.ABAYE_RS07070	32.9	334	211	4	12	338	20	347	7.14e-52	184
WP_056003254.1	iJN1463.PP_2553	36.0	331	185	7	10	327	3	319	3.28e-52	184
WP_056003254.1	STM_v1_0.STM2654	35.2	332	202	5	11	339	16	337	1.94e-52	184
WP_056003254.1	iYS854.USA300HOU_RS03005	35.9	306	187	3	17	318	17	317	3.92e-51	181
WP_056003254.1	iJN1463.PP_1378	34.1	323	207	2	20	342	18	334	3.42e-51	181
WP_056003254.1	iJN1463.PP_2914	37.1	313	181	7	17	318	25	332	2.05e-50	180
WP_056003254.1	iEK1008.Rv1200	35.5	332	203	6	17	341	2	329	6.04e-51	180
WP_056003254.1	iSSON_1240.SSON_2713	35.0	326	193	6	20	339	24	336	9.79e-51	179
WP_056003254.1	iML1515.b2587	34.7	326	194	6	20	339	24	336	3.64e-50	178
WP_056003254.1	STM_v1_0.STM4290	35.3	317	188	7	20	324	27	338	1.44e-49	178
WP_056003254.1	iSDY_1059.SDY_2830	34.7	326	194	6	20	339	24	336	3.64e-50	178
WP_056003254.1	iSF_1195.SF2649	34.7	326	194	6	20	339	24	336	3.64e-50	178
WP_056003254.1	iYL1228.KPN_04503	34.9	321	192	7	17	325	10	325	5.59e-49	176
WP_056003263.1	iMM1415.11431	41.3	138	75	4	6	139	8	143	1.07e-24	93.2
WP_056003263.1	iCHOv1.100773599	42.8	138	73	4	6	139	8	143	1.67e-23	90.1
WP_056003285.1	iML1515.b2988	25.1	379	242	11	38	387	252	617	1.14e-24	105
WP_056003285.1	iSbBS512_1146.SbBS512_E3415	25.1	379	242	11	38	387	252	617	1.14e-24	105
WP_056003285.1	iSDY_1059.SDY_3085	25.1	379	242	11	38	387	252	617	1.14e-24	105
WP_056003285.1	iSF_1195.SF3035	25.1	379	242	11	38	387	252	617	1.14e-24	105
WP_056003285.1	iSSON_1240.SSON_3133	25.1	379	242	11	38	387	252	617	1.14e-24	105
WP_056003288.1	iYS854.USA300HOU_RS11805	31.9	163	108	2	35	196	15	175	5.43e-12	67.4
WP_056003298.1	iJN1463.PP_0510	33.0	285	181	5	12	296	16	290	1.75e-36	131
WP_056003310.1	iJN1463.PP_5197	35.6	407	246	7	3	399	4	404	4.96e-65	213
WP_056003310.1	iML1515.b2907	34.5	394	244	5	5	391	2	388	9.13e-61	201
WP_056003310.1	iSbBS512_1146.SbBS512_E3328	34.3	394	245	5	5	391	2	388	1.38e-59	198
WP_056003310.1	iSDY_1059.SDY_3174	34.0	394	246	5	5	391	2	388	2.92e-58	194
WP_056003310.1	iSF_1195.SF2893	34.3	394	245	5	5	391	2	388	2.92e-58	194
WP_056003310.1	iSSON_1240.SSON_3060	33.8	394	247	5	5	391	2	388	2.92e-58	194
WP_056003316.1	STM_v1_0.STM3165	41.8	268	148	3	2	262	5	271	3.46e-69	214
WP_056003316.1	iYL1228.KPN_03432	41.8	268	148	4	2	262	5	271	5.56e-68	211
WP_056003316.1	iYS854.USA300HOU_RS03800	40.8	267	149	4	6	264	8	273	1.26e-67	210
WP_056003316.1	iML1515.b3012	40.7	268	151	3	2	262	5	271	1.58e-67	210
WP_056003316.1	iPC815.YPO0676	41.9	270	145	5	4	264	7	273	1.67e-67	210
WP_056003316.1	iSbBS512_1146.SbBS512_E3440	40.7	268	151	3	2	262	5	271	8.94e-67	208
WP_056003316.1	iYO844.BSU33400	41.2	267	146	5	6	264	11	274	2.68e-63	199
WP_056003316.1	iYO844.BSU29050	39.9	271	148	5	6	264	11	278	6.83e-62	196
WP_056003325.1	iCHOv1.100771246	66.7	243	78	3	14	253	51	293	1.29e-119	343
WP_056003325.1	iMM1415.67680	66.3	243	79	3	14	253	29	271	1.73e-119	342
WP_056003325.1	iAT_PLT_636.6390	65.8	243	80	3	14	253	27	269	1.32e-118	340
WP_056003325.1	iLB1027_lipid.PHATRDRAFT_52539	68.4	231	70	2	25	252	38	268	6.92e-117	335
WP_056003325.1	iMM904.YLL041C	62.3	239	88	2	16	252	23	261	7.57e-110	317
WP_056003325.1	iAM_Pv461.PVX_123345	58.3	254	102	3	8	257	66	319	1.28e-108	317
WP_056003325.1	iAM_Pc455.PCYB_143960	58.1	253	102	3	8	256	69	321	5.71e-108	315
WP_056003325.1	iAM_Pf480.PF3D7_1212800	62.0	234	87	2	25	256	66	299	3.68e-106	310
WP_056003328.1	iCN900.CD630_20730	27.2	771	493	22	24	736	1	761	6.33e-65	229
WP_056003328.1	iAF987.Gmet_2136	26.9	772	483	19	24	736	7	756	8.69e-65	229
WP_056003328.1	iCN900.CD630_20870	27.5	752	487	20	21	729	1	737	4.38e-62	221
WP_056003328.1	iML1515.b2866	28.1	759	475	19	31	734	2	744	4.88e-61	218
WP_056003328.1	iSF_1195.SF2868	27.9	770	472	21	26	734	10	757	1.09e-60	218
WP_056003328.1	iSSON_1240.SSON_3017	28.1	759	475	19	31	734	2	744	9.16e-61	218
WP_056003328.1	iCN900.CD630_20790	27.1	761	493	22	24	732	1	751	9.56e-60	215
WP_056003328.1	iCN900.CD630_20990	26.7	765	486	21	24	732	3	748	2.18e-59	214
WP_056003328.1	iHN637.CLJU_RS11600	26.3	788	489	22	25	736	6	777	4.51e-57	207
WP_056003330.1	iAF987.Gmet_2134	26.8	280	155	5	15	293	19	249	6.94e-18	82.0
WP_056003343.1	iJN1463.PP_4490	44.3	235	129	2	24	258	15	247	7.67e-66	206
WP_056003350.1	iAF987.Gmet_1601	34.7	245	134	7	5	230	9	246	2.89e-27	104
WP_056003350.1	iCN718.ABAYE_RS14915	33.2	241	140	7	5	230	9	243	4.31e-25	98.6
WP_056003350.1	iYL1228.KPN_01091	33.3	243	137	9	5	230	9	243	4.31e-25	98.6
WP_056003350.1	iYO844.BSU15910	33.1	242	135	7	5	226	8	242	1.23e-24	97.4
WP_056003350.1	iNF517.LLMG_RS08950	32.4	241	138	8	3	226	7	239	4.41e-24	95.9
WP_056003350.1	iML1515.b1093	32.6	242	140	8	5	230	9	243	8.79e-24	95.1
WP_056003350.1	STM_v1_0.STM1195	32.5	243	139	8	5	230	9	243	8.79e-24	95.1
WP_056003350.1	iSbBS512_1146.SbBS512_E2231	32.6	242	140	8	5	230	9	243	8.79e-24	95.1
WP_056003350.1	iSF_1195.SF1097	32.6	242	140	8	5	230	9	243	8.79e-24	95.1
WP_056003350.1	iSSON_1240.SSON_1113	32.6	242	140	8	5	230	9	243	8.79e-24	95.1
WP_056003350.1	iJN1463.PP_2794	32.5	237	140	4	5	226	17	248	2.12e-23	94.4
WP_056003362.1	iMM904.YKL148C	63.2	603	215	4	2	601	42	640	8.77e-279	774
WP_056003362.1	iMM904.YJL045W	63.6	599	211	4	6	601	40	634	1.95e-271	755
WP_056003362.1	iCHOv1.100750732	59.6	601	222	3	6	589	55	651	5.54e-259	725
WP_056003362.1	iMM1415.66945	59.6	601	222	3	6	589	55	651	5.20e-257	720
WP_056003362.1	iAT_PLT_636.6389	59.8	595	219	3	6	583	55	646	2.99e-255	716
WP_056003362.1	iIS312.TCDM_06962	58.2	598	245	3	5	601	16	609	2.16e-252	706
WP_056003368.1	iYO844.BSU32500	33.3	198	108	8	9	187	9	201	1.26e-15	72.0
WP_056003380.1	iML1515.b4322	56.2	390	166	2	1	385	1	390	6.75e-153	436
WP_056003380.1	iSF_1195.SF4198	55.9	390	167	2	1	385	1	390	9.57e-153	436
WP_056003380.1	iSSON_1240.SSON_4477	55.6	390	168	2	1	385	1	390	3.87e-152	434
WP_056003380.1	STM_v1_0.STM3135	55.1	390	170	2	1	385	1	390	8.98e-151	431
WP_056003380.1	iSbBS512_1146.SbBS512_E4792	55.4	390	169	2	1	385	1	390	1.81e-150	430
WP_056003380.1	iPC815.YPO1283	55.3	387	168	1	1	382	1	387	5.35e-148	424
WP_056003380.1	iYL1228.KPN_02604	56.1	387	165	2	1	382	1	387	8.44e-147	421
WP_056003394.1	iNF517.LLMG_RS07670	32.3	226	138	6	98	315	79	297	1.14e-28	112
WP_056003394.1	iSbBS512_1146.SbBS512_E2975	30.9	330	183	15	10	318	10	315	2.49e-28	112
WP_056003394.1	iCN900.CD630_25960	27.9	323	194	12	4	312	2	299	2.27e-28	112
WP_056003394.1	iSF_1195.SF2653	30.7	329	185	14	10	318	10	315	4.77e-28	111
WP_056003394.1	iSSON_1240.SSON_2720	30.7	329	185	14	10	318	10	315	4.77e-28	111
WP_056003394.1	STM_v1_0.STM2662	29.7	327	191	12	10	318	10	315	4.58e-27	108
WP_056003394.1	iSDY_1059.SDY_2837	30.4	329	186	14	10	318	10	315	4.58e-27	108
WP_056003394.1	iYS854.USA300HOU_RS06015	33.8	225	135	6	98	315	83	300	3.16e-27	108
WP_056003394.1	iCN900.CD630_10600	28.8	288	180	9	32	315	33	299	6.98e-25	102
WP_056003397.1	iML1515.b0624	34.9	109	63	3	4	108	5	109	2.59e-08	48.5
WP_056003399.1	iCN718.ABAYE_RS00740	43.1	262	126	2	4	242	7	268	1.23e-54	176
WP_056003399.1	iJN1463.PP_4725	42.8	264	127	3	1	240	1	264	3.70e-52	169
WP_056003399.1	iPC815.YPO0480	41.8	263	129	2	4	242	8	270	7.74e-50	164
WP_056003399.1	iYL1228.KPN_00039	42.9	261	125	3	4	240	8	268	6.12e-49	161
WP_056003399.1	iML1515.b0031	43.3	261	124	4	4	240	8	268	1.72e-48	160
WP_056003399.1	iSF_1195.SF0028	43.3	261	124	4	4	240	8	268	1.72e-48	160
WP_056003399.1	iSDY_1059.SDY_0053	43.3	261	124	4	4	240	8	268	2.43e-48	160
WP_056003399.1	iSSON_1240.SSON_0036	43.0	263	126	4	4	242	8	270	3.43e-48	159
WP_056003403.1	iCN718.ABAYE_RS18975	44.8	736	322	20	6	679	4	717	4.77e-191	557
WP_056003403.1	iCN718.ABAYE_RS07965	43.3	755	334	24	4	679	2	741	1.36e-175	518
WP_056003407.1	iJN1463.PP_0867	28.1	349	200	16	466	783	472	800	7.03e-18	88.2
WP_056003434.1	iEK1008.Rv0220	26.4	261	170	8	83	329	148	400	4.16e-11	63.2
WP_056003434.1	iEK1008.Rv2284	30.5	190	99	7	98	269	186	360	2.54e-09	57.8
WP_056003445.1	STM_v1_0.STM4130	30.1	143	92	3	48	190	26	160	3.20e-06	50.4
WP_056003445.1	iML1515.b3966	29.9	144	93	3	48	191	26	161	1.66e-05	48.1
WP_056003445.1	iSSON_1240.SSON_4139	29.9	144	93	3	48	191	26	161	1.66e-05	48.1
WP_056003445.1	iSDY_1059.SDY_1022	27.0	141	83	7	68	194	51	185	5.27e-05	46.6
WP_056003445.1	iSF_1195.SF4048	29.2	144	94	3	48	191	26	161	4.97e-05	46.6
WP_056003445.1	iSDY_1059.SDY_3762	27.4	215	129	8	48	257	26	218	6.53e-05	46.2
WP_056003448.1	iEK1008.Rv0753c	63.6	517	164	6	4	508	5	509	1.53e-223	625
WP_056003454.1	iCHOv1.100751213	53.7	374	173	0	6	379	37	410	3.81e-144	414
WP_056003454.1	iAT_PLT_636.27034	53.5	374	174	0	6	379	41	414	3.54e-143	412
WP_056003454.1	iMM1415.66948	52.9	374	176	0	6	379	39	412	6.21e-141	406
WP_056003454.1	iEK1008.Rv0752c	55.4	379	162	2	4	375	2	380	2.32e-140	404
WP_056003457.1	iEK1008.Rv1071c	39.5	334	200	1	3	336	8	339	4.39e-84	258
WP_056003457.1	iCHOv1.100759780	40.1	347	198	5	3	340	37	382	6.47e-76	238
WP_056003460.1	iJN1463.PP_2217	64.3	255	91	0	4	258	3	257	2.38e-106	308
WP_056003460.1	iEK1008.Rv1070c	61.3	256	99	0	3	258	2	257	3.68e-103	300
WP_056003460.1	iCN718.ABAYE_RS18690	56.3	252	110	0	4	255	3	254	1.66e-94	278
WP_056003464.1	iEK1008.Rv0751c	49.5	291	145	2	1	291	1	289	9.07e-76	233
WP_056003464.1	iJN1463.PP_4666	47.4	291	151	1	3	291	2	292	1.76e-70	219
WP_056003475.1	iAF987.Gmet_1988	49.4	261	129	2	15	273	12	271	2.61e-73	225
WP_056003475.1	iJN1463.PP_0787	46.7	274	141	5	6	277	12	282	1.19e-67	211
WP_056003477.1	iYO844.BSU03930	39.4	241	145	1	2	242	12	251	7.65e-46	153
WP_056003477.1	iLB1027_lipid.PHATRDRAFT_13073	39.4	246	142	5	1	243	10	251	1.31e-41	142
WP_056003480.1	STM_v1_0.STM3697	28.4	310	165	7	45	350	72	328	1.81e-22	98.2
WP_056003483.1	iML1515.b0462	55.7	1048	444	6	1	1045	1	1031	0.0	1052
WP_056003483.1	iML1515.b2470	53.3	1048	466	5	1	1045	1	1028	0.0	1036
WP_056003483.1	iSSON_1240.SSON_2550	53.3	1048	466	5	1	1045	1	1028	0.0	1036
WP_056003483.1	iSDY_1059.SDY_2654	53.1	1048	469	5	1	1045	1	1028	0.0	1032
WP_056003483.1	iSF_1195.SF2512	53.1	1048	469	5	1	1045	1	1028	0.0	1031
WP_056003483.1	STM_v1_0.STM3391	54.1	1050	457	7	1	1045	1	1030	0.0	1026
WP_056003483.1	iYL1228.KPN_03673	54.4	1050	453	8	1	1045	1	1029	0.0	1022
WP_056003483.1	iML1515.b3266	53.1	1048	470	7	1	1045	1	1030	0.0	1000
WP_056003483.1	iJN1463.PP_1385	53.4	1044	468	5	1	1043	1	1026	0.0	998
WP_056003486.1	iJN1463.PP_1384	41.3	487	256	5	4	488	6	464	7.84e-102	314
WP_056003501.1	iHN637.CLJU_RS19425	40.1	157	88	1	49	205	81	231	1.87e-31	118
WP_056003501.1	iNF517.LLMG_RS08975	36.9	206	87	7	12	178	13	214	1.57e-29	113
WP_056003501.1	iYS854.USA300HOU_RS14360	38.4	172	96	3	49	211	78	248	1.49e-29	113
WP_056003501.1	iYO844.BSU12020	46.0	137	66	3	49	178	81	216	3.10e-28	109
WP_056003513.1	iMM904.YPL252C	36.4	99	62	1	3	101	62	159	5.51e-22	84.3
WP_056003522.1	STM_v1_0.STM2522	44.5	380	199	3	10	379	8	385	4.10e-95	291
WP_056003522.1	iYL1228.KPN_02844	46.1	360	182	3	30	379	18	375	8.57e-95	290
WP_056003522.1	iSbBS512_1146.SbBS512_E2889	44.0	375	198	3	10	374	8	380	2.31e-94	289
WP_056003522.1	iSF_1195.SF2560	44.3	375	197	3	10	374	8	380	4.60e-94	288
WP_056003522.1	iSSON_1240.SSON_2596	44.3	375	197	3	10	374	8	380	9.19e-94	288
WP_056003522.1	iSDY_1059.SDY_2710	44.0	375	198	3	10	374	8	380	3.65e-93	286
WP_056003522.1	iSynCJ816.SGL_RS13330	42.6	387	214	5	10	391	7	390	7.19e-93	286
WP_056003522.1	iPC815.YPO2878	44.4	378	202	3	10	379	8	385	2.90e-92	284
WP_056003522.1	iJN1463.PP_0854	48.6	321	164	1	10	329	8	328	9.46e-92	283
WP_056003522.1	iNF517.LLMG_RS11125	46.8	314	159	3	11	319	7	317	1.07e-87	272
WP_056003522.1	iAF987.Gmet_1913	43.0	358	201	3	10	365	5	361	2.59e-87	271
WP_056003528.1	iSynCJ816.SGL_RS09640	32.7	217	135	4	66	271	79	295	1.17e-23	97.1
WP_056003534.1	iNF517.LLMG_RS09290	34.6	191	120	2	1	186	1	191	2.68e-33	118
WP_056003537.1	iJN1463.PP_4993	43.6	319	176	4	1	317	1	317	5.93e-81	248
WP_056003537.1	iPC815.YPO0935	44.3	316	171	5	3	315	2	315	1.15e-78	242
WP_056003537.1	iSynCJ816.SGL_RS06800	42.3	307	165	5	3	299	1	305	6.05e-76	235
WP_056003537.1	iYL1228.KPN_03380	41.3	315	180	5	3	314	2	314	6.85e-74	229
WP_056003537.1	STM_v1_0.STM3095	40.6	315	183	4	3	315	2	314	9.39e-74	229
WP_056003537.1	iCN718.ABAYE_RS01270	39.1	312	186	4	3	312	1	310	1.82e-73	228
WP_056003537.1	iML1515.b2947	41.4	314	180	4	3	314	2	313	3.86e-73	228
WP_056003537.1	iSSON_1240.SSON_3101	41.4	314	180	4	3	314	2	313	3.86e-73	228
WP_056003537.1	iSbBS512_1146.SbBS512_E3379	41.4	314	180	4	3	314	2	313	7.72e-73	227
WP_056003537.1	iSF_1195.SF2938	41.4	314	180	4	3	314	2	313	1.54e-72	226
WP_056003537.1	iSDY_1059.SDY_3125	41.4	314	180	4	3	314	2	313	3.08e-72	225
WP_056003545.1	iAF987.Gmet_2530	26.7	454	270	8	39	435	32	479	9.78e-33	133
WP_056003545.1	iAF987.Gmet_2529	27.5	414	293	5	511	921	50	459	1.48e-31	129
WP_056003552.1	iJN1463.PP_0833	54.6	366	159	2	7	371	3	362	3.02e-133	385
WP_056003552.1	iYS854.USA300HOU_RS08720	49.9	363	178	1	10	372	11	369	1.46e-120	353
WP_056003555.1	iJN1463.PP_1308	38.9	411	221	9	33	438	11	396	5.75e-79	249
WP_056003555.1	iAF692.Mbar_A3023	37.2	401	224	7	42	439	19	394	2.98e-74	237
WP_056003561.1	iYO844.BSU26600	30.7	88	59	2	68	153	55	142	2.65e-06	44.7
WP_056003561.1	iCN900.CD630_12120	33.3	66	43	1	89	153	70	135	5.98e-05	40.8
WP_056003570.1	iJN1463.PP_3948	26.2	734	462	16	45	741	43	733	2.10e-37	150
WP_056003573.1	STM_v1_0.STM0489	43.5	315	173	3	14	325	5	317	1.80e-85	260
WP_056003573.1	iPC815.YPO3117	42.1	316	178	3	16	328	7	320	6.58e-83	253
WP_056003573.1	iSSON_1240.SSON_0462	42.5	315	176	3	14	325	5	317	9.30e-83	253
WP_056003573.1	iSDY_1059.SDY_0444	42.5	315	176	3	14	325	5	317	1.32e-82	253
WP_056003573.1	iML1515.b0475	42.5	315	176	3	14	325	5	317	1.86e-82	252
WP_056003573.1	iSbBS512_1146.SbBS512_E0408	42.5	315	176	3	14	325	5	317	3.73e-82	251
WP_056003573.1	iSF_1195.SF0420	42.2	315	177	3	14	325	5	317	7.45e-82	251
WP_056003576.1	iYS854.USA300HOU_RS06185	43.9	244	132	2	1	239	1	244	2.54e-63	197
WP_056003576.1	iSDY_1059.SDY_2057	46.0	239	126	2	3	239	6	243	3.59e-63	197
WP_056003576.1	iML1515.b1093	46.0	239	126	2	3	239	6	243	1.44e-62	195
WP_056003576.1	STM_v1_0.STM1195	46.4	239	125	2	3	239	6	243	1.44e-62	195
WP_056003576.1	iSbBS512_1146.SbBS512_E2231	46.0	239	126	2	3	239	6	243	1.44e-62	195
WP_056003576.1	iSF_1195.SF1097	46.0	239	126	2	3	239	6	243	1.44e-62	195
WP_056003576.1	iSSON_1240.SSON_1113	46.0	239	126	2	3	239	6	243	1.44e-62	195
WP_056003576.1	iYL1228.KPN_01091	44.8	239	129	2	3	239	6	243	1.32e-60	190
WP_056003576.1	iPC815.YPO1599	45.2	239	128	2	3	239	6	243	3.74e-60	189
WP_056003576.1	iYO844.BSU15910	44.9	243	127	2	3	239	5	246	3.19e-59	187
WP_056003576.1	iJN1463.PP_1914	43.2	241	133	1	3	239	6	246	1.65e-56	180
WP_056003576.1	iCN900.CD630_11820	40.9	242	138	2	3	239	7	248	1.44e-55	177
WP_056003579.1	iML1515.b3662	39.9	368	221	0	21	388	19	386	5.10e-76	241
WP_056003582.1	iAF987.Gmet_2135	43.0	158	75	1	47	204	16	158	2.95e-40	135
WP_056003582.1	iHN637.CLJU_RS11605	43.0	158	75	1	47	204	5	147	9.44e-38	128
WP_056003582.1	iEK1008.Rv0374c	44.5	155	70	3	47	200	3	142	2.12e-37	127
WP_056003582.1	iYO844.BSU32470	41.2	153	74	2	48	200	17	153	2.53e-36	125
WP_056003594.1	iCN718.ABAYE_RS01785	53.6	194	90	0	2	195	4	197	2.09e-72	217
WP_056003594.1	iJN1463.PP_0289	49.5	194	98	0	2	195	17	210	1.74e-64	197
WP_056003594.1	iSynCJ816.SGL_RS15395	49.5	194	98	0	2	195	17	210	4.97e-64	196
WP_056003600.1	STM_v1_0.STM0364	28.0	207	130	6	66	267	60	252	1.41e-07	55.1
WP_056003600.1	iJN1463.PP_4755	24.4	291	188	7	64	347	173	438	7.64e-07	52.8
WP_056003600.1	iYL1228.KPN_01250	31.0	116	75	3	121	235	122	233	2.94e-06	50.8
WP_056003600.1	iJN1463.PP_1006	32.1	134	81	4	51	178	135	264	5.28e-06	50.1
WP_056003617.1	iCN718.ABAYE_RS04670	47.9	334	149	6	12	321	38	370	4.09e-91	276
WP_056003620.1	iYO844.BSU32510	27.5	313	184	7	21	299	20	323	9.09e-19	84.7
WP_056003625.1	iCN718.ABAYE_RS16760	35.6	191	116	3	2	192	5	188	5.32e-26	100
WP_056003637.1	STM_v1_0.STM4425	28.5	179	113	6	41	215	3	170	1.89e-12	67.8
WP_056003640.1	iYL1228.KPN_04203	39.5	684	397	8	26	698	27	704	1.19e-143	436
WP_056003640.1	iPC815.YPO1581	41.5	569	328	4	26	591	27	593	1.35e-135	415
WP_056003650.1	iJN1463.PP_3342	31.8	151	91	4	11	149	15	165	3.72e-10	61.6
WP_056003671.1	iJN1463.PP_0977	43.8	997	417	16	4	928	1	926	4.79e-274	788
WP_056003671.1	iYL1228.KPN_04663	44.5	990	412	17	4	923	1	923	3.09e-270	778
WP_056003671.1	iSF_1195.SF4231	43.8	990	419	16	4	923	1	923	1.40e-268	774
WP_056003671.1	iSSON_1240.SSON_4443	43.8	990	419	16	4	923	1	923	1.98e-268	773
WP_056003671.1	iSbBS512_1146.SbBS512_E4823	43.8	990	419	16	4	923	1	923	2.81e-268	773
WP_056003671.1	iAF987.Gmet_0956	45.3	936	424	16	3	927	5	863	9.56e-269	772
WP_056003671.1	STM_v1_0.STM4475	44.0	1004	425	17	4	937	1	937	1.12e-267	771
WP_056003671.1	iPC815.YPO3443	43.6	991	420	17	4	923	15	937	2.51e-267	771
WP_056003671.1	iSDY_1059.SDY_4282	43.6	990	421	16	4	923	1	923	1.80e-266	768
WP_056003671.1	iCN718.ABAYE_RS04250	42.5	992	431	17	4	924	10	933	7.84e-259	749
WP_056003674.1	iYS854.USA300HOU_RS10305	27.2	246	176	2	34	276	34	279	8.23e-22	92.8
WP_056003674.1	iSynCJ816.SGL_RS16525	23.9	268	192	4	37	293	165	431	6.51e-21	91.7
WP_056003684.1	iMM1415.11605	29.9	354	152	13	37	362	38	323	3.70e-30	120
WP_056003684.1	iMM1415.17939	29.6	348	161	12	37	362	22	307	2.00e-28	115
WP_056003684.1	iCHOv1.100751670	26.4	382	196	12	37	394	22	342	3.73e-28	115
WP_056003684.1	iCHOv1.100752709	30.9	320	147	11	55	362	14	271	3.35e-27	111
WP_056003704.1	iSynCJ816.SGL_RS13580	48.9	446	212	7	5	438	7	448	1.83e-128	379
WP_056003724.1	iEK1008.Rv2498c	37.7	260	151	5	13	264	11	267	6.50e-33	120
WP_056003724.1	iHN637.CLJU_RS15035	32.1	277	163	4	10	261	6	282	1.89e-28	109
WP_056003724.1	iHN637.CLJU_RS12480	32.1	277	163	4	10	261	6	282	1.89e-28	109
WP_056003730.1	iAF987.Gmet_2293	58.9	477	196	0	6	482	9	485	2.76e-191	541
WP_056003730.1	iJN1463.PP_1031	58.3	480	196	3	6	482	8	486	1.49e-185	527
WP_056003730.1	STM_v1_0.STM2511	57.9	478	199	2	6	482	8	484	2.89e-185	526
WP_056003730.1	iML1515.b2508	57.7	478	200	2	6	482	8	484	8.24e-185	525
WP_056003730.1	iSbBS512_1146.SbBS512_E2883	57.7	478	200	2	6	482	8	484	8.24e-185	525
WP_056003730.1	iSF_1195.SF2554	57.7	478	200	2	6	482	8	484	8.24e-185	525
WP_056003730.1	iSSON_1240.SSON_2590	57.7	478	200	2	6	482	8	484	8.24e-185	525
WP_056003730.1	iSDY_1059.SDY_2704	57.5	478	201	2	6	482	8	484	6.69e-184	523
WP_056003730.1	iYL1228.KPN_02834	57.7	478	200	2	6	482	8	484	7.70e-183	520
WP_056003730.1	iLJ478.TM1347	57.3	478	200	2	6	482	4	478	2.91e-181	516
WP_056003730.1	iPC815.YPO2871	55.9	478	209	2	6	482	8	484	2.81e-180	513
WP_056003730.1	iCN718.ABAYE_RS01355	57.5	480	199	4	6	482	8	485	4.74e-179	510
WP_056003730.1	iNF517.LLMG_RS01210	55.5	479	211	1	6	482	12	490	7.98e-179	510
WP_056003730.1	iYO844.BSU00090	55.3	479	209	2	6	482	10	485	3.59e-176	503
WP_056003730.1	iEK1008.Rv3411c	57.4	488	200	4	5	485	43	529	1.91e-173	498
WP_056003730.1	iIT341.HP0829	55.1	477	210	3	6	482	7	479	7.49e-174	497
WP_056003730.1	iHN637.CLJU_RS18305	54.4	478	214	2	8	485	10	483	5.46e-172	492
WP_056003730.1	iYS854.USA300HOU_RS02065	55.1	479	211	3	6	482	10	486	6.26e-172	492
WP_056003745.1	iAF987.Gmet_3404	45.8	319	164	5	1	313	12	327	1.36e-77	240
WP_056003757.1	iJN1463.PP_0849	62.3	138	52	0	1	138	1	138	5.98e-55	168
WP_056003757.1	iAF987.Gmet_2686	60.0	135	54	0	5	139	3	137	4.09e-52	161
WP_056003757.1	iPC815.YPO2883	58.7	138	57	0	1	138	1	138	9.64e-52	160
WP_056003757.1	iIT341.HP0198	59.0	134	55	0	5	138	4	137	4.75e-51	158
WP_056003765.1	iJN1463.PP_1664	45.0	169	92	1	3	170	21	189	3.30e-39	132
WP_056003765.1	iMM1415.14450	41.6	166	96	1	3	167	823	988	7.26e-33	122
WP_056003765.1	iCHOv1.100689446	40.4	166	98	1	3	167	823	988	1.35e-32	122
WP_056003765.1	iAT_PLT_636.2618	39.8	166	99	1	3	167	823	988	3.41e-32	120
WP_056003765.1	iSSON_1240.SSON_2582	41.4	169	98	1	3	170	16	184	9.20e-35	120
WP_056003765.1	iSF_1195.SF2544	43.4	152	85	1	20	170	33	184	1.30e-34	120
WP_056003765.1	iPC815.YPO2829	43.6	156	87	1	16	170	30	185	1.30e-34	120
WP_056003765.1	iSbBS512_1146.SbBS512_E2874	43.4	152	85	1	20	170	33	184	1.83e-34	120
WP_056003765.1	iSDY_1059.SDY_2689	43.4	152	85	1	20	170	33	184	1.83e-34	120
WP_056003768.1	iCHOv1.100689446	56.8	333	142	2	10	340	434	766	8.81e-116	359
WP_056003768.1	iMM1415.14450	56.2	333	144	2	10	340	434	766	2.56e-114	355
WP_056003768.1	iAT_PLT_636.2618	54.6	337	151	2	12	346	436	772	2.15e-111	347
WP_056003768.1	iAF987.Gmet_1844	53.6	332	152	2	10	340	5	335	1.31e-116	342
WP_056003768.1	iML1515.b2499	53.2	333	153	2	12	344	8	337	6.78e-116	340
WP_056003768.1	iSbBS512_1146.SbBS512_E2873	53.2	333	153	2	12	344	8	337	6.78e-116	340
WP_056003768.1	iSDY_1059.SDY_2688	53.2	333	153	2	12	344	8	337	6.78e-116	340
WP_056003768.1	iSF_1195.SF2543	53.2	333	153	2	12	344	13	342	8.01e-116	340
WP_056003768.1	iSSON_1240.SSON_2581	53.2	333	153	2	12	344	8	337	6.78e-116	340
WP_056003768.1	iYL1228.KPN_02824	54.5	334	147	4	12	344	8	337	1.36e-115	339
WP_056003768.1	iMM904.YGL234W	51.2	346	162	3	12	350	451	796	1.35e-106	330
WP_056003768.1	iPC815.YPO2828	51.0	335	161	2	12	346	8	339	5.03e-111	327
WP_056003768.1	iJN1463.PP_1665	52.4	330	153	3	12	340	8	334	9.61e-110	324
WP_056003768.1	iCN718.ABAYE_RS04960	53.0	332	150	4	10	340	11	337	2.20e-109	323
WP_056003777.1	iSynCJ816.SGL_RS15845	45.1	697	345	11	5	671	5	693	1.12e-178	527
WP_056003777.1	iCN718.ABAYE_RS13985	42.7	691	373	9	7	685	6	685	1.64e-168	500
WP_056003777.1	iEK1008.Rv2984	43.0	693	358	12	6	671	36	718	2.68e-165	493
WP_056003786.1	iAF987.Gmet_1357	42.6	591	328	6	5	592	10	592	1.16e-154	456
WP_056003786.1	iSynCJ816.SGL_RS08775	45.4	601	302	14	5	591	2	590	3.89e-151	447
WP_056003786.1	iYS854.USA300HOU_RS08675	42.2	590	330	6	5	590	4	586	8.76e-150	444
WP_056003786.1	iJN1463.PP_1213	43.5	598	310	11	5	590	3	584	2.44e-147	437
WP_056003786.1	iLJ478.TM1441	43.9	590	311	10	5	590	3	576	9.45e-147	436
WP_056003786.1	iCN900.CD630_27390	42.1	594	327	8	5	592	9	591	1.40e-144	431
WP_056003786.1	iCN718.ABAYE_RS03490	41.6	601	331	10	5	597	3	591	9.04e-142	423
WP_056003795.1	iML1515.b2700	44.6	157	83	1	8	164	5	157	3.60e-31	110
WP_056003801.1	iJN1463.PP_1618	52.3	153	73	0	224	376	2	154	5.84e-48	159
WP_056003801.1	iSynCJ816.SGL_RS06450	51.6	153	74	0	224	376	5	157	1.43e-46	156
WP_056003801.1	iYO844.BSU00910	49.4	154	78	0	224	377	3	156	2.00e-45	153
WP_056003801.1	iCN900.CD630_00480	48.7	150	77	0	224	373	2	151	3.09e-45	152
WP_056003801.1	iAF987.Gmet_0059	50.7	150	74	0	224	373	2	151	7.60e-45	151
WP_056003801.1	iCN718.ABAYE_RS08190	49.0	153	78	0	224	376	6	158	3.26e-44	150
WP_056003811.1	iAF987.Gmet_1919	28.9	128	91	0	7	134	5	132	1.36e-13	71.6
WP_056003817.1	iAF987.Gmet_1919	35.0	137	87	1	5	141	5	139	2.04e-15	77.0
WP_056003817.1	iAF987.Gmet_1914	31.4	121	81	1	5	125	4	122	2.04e-13	71.6
WP_056003823.1	iML1515.b4173	44.4	390	213	4	36	424	27	413	4.19e-96	294
WP_056003823.1	iJN1463.PP_4893	41.6	413	234	5	17	428	12	418	6.27e-88	273
WP_056003825.1	iYL1228.KPN_03125	54.3	223	90	5	1	213	11	231	1.82e-72	221
WP_056003825.1	iML1515.b2781	55.0	222	90	5	1	213	11	231	1.47e-71	219
WP_056003825.1	iSbBS512_1146.SbBS512_E3092	55.0	222	90	5	1	213	11	231	1.47e-71	219
WP_056003825.1	iSSON_1240.SSON_2938	55.0	222	90	5	1	213	11	231	1.47e-71	219
WP_056003825.1	iSDY_1059.SDY_2998	55.0	222	90	5	1	213	11	231	2.08e-71	218
WP_056003825.1	iSF_1195.SF2796	54.5	222	91	5	1	213	11	231	5.91e-71	217
WP_056003825.1	STM_v1_0.STM2954	52.7	222	95	4	1	213	14	234	9.18e-71	217
WP_056003825.1	iPC815.YPO3378	49.6	258	102	7	1	235	22	274	9.16e-69	212
WP_056003825.1	iJN1463.PP_1657	51.7	230	94	3	1	213	12	241	3.36e-68	211
WP_056003837.1	iYO844.BSU00380	43.4	530	278	9	2	514	5	529	1.46e-141	422
WP_056003837.1	iAF987.Gmet_2321	45.5	514	264	6	1	508	1	504	3.43e-143	421
WP_056003837.1	iYS854.USA300HOU_RS02505	43.5	520	279	6	3	508	4	522	3.75e-137	410
WP_056003837.1	iLJ478.TM1085	44.8	473	254	5	5	472	3	473	3.68e-136	407
WP_056003837.1	iHN637.CLJU_RS00840	41.0	517	289	6	5	514	6	513	2.55e-134	403
WP_056003837.1	iNF517.LLMG_RS08860	41.8	529	278	10	5	514	7	524	6.79e-133	400
WP_056003837.1	iSynCJ816.SGL_RS14365	43.7	478	257	7	5	473	9	483	7.06e-129	385
WP_056003843.1	iAF987.Gmet_2318	42.7	211	114	4	4	208	2	211	4.59e-34	120
WP_056003846.1	iJN1463.PP_4803	40.1	354	198	4	34	387	42	381	4.98e-72	229
WP_056003852.1	iJN1463.PP_4805	31.9	270	159	4	78	340	92	343	2.42e-30	117
WP_056003852.1	iPC815.YPO2957	29.8	315	179	9	40	340	74	360	1.62e-27	110
WP_056003852.1	iYL1228.KPN_03036	30.8	305	176	8	45	340	46	324	3.02e-26	106
WP_056003874.1	iAF987.Gmet_2136	28.7	769	468	22	12	718	2	752	1.43e-62	223
WP_056003874.1	iCN900.CD630_20870	27.6	754	469	20	16	713	3	735	8.97e-59	211
WP_056003874.1	iSSON_1240.SSON_3017	29.8	751	461	21	24	718	2	742	1.48e-58	211
WP_056003874.1	iCN900.CD630_20730	28.3	734	444	21	57	722	42	761	2.46e-58	211
WP_056003874.1	iML1515.b2866	29.8	748	465	19	24	718	2	742	2.76e-58	210
WP_056003874.1	iSF_1195.SF2868	29.9	748	464	19	24	718	15	755	6.07e-58	209
WP_056003874.1	iHN637.CLJU_RS11600	26.0	784	481	19	18	718	6	773	1.89e-57	208
WP_056003874.1	iCN900.CD630_20990	27.3	763	489	21	15	722	1	752	1.21e-56	206
WP_056003885.1	iAF987.Gmet_0928	34.6	599	363	10	16	598	17	602	4.67e-103	327
WP_056003885.1	iJN1463.PP_4807	35.1	596	356	13	31	608	34	616	1.48e-94	305
WP_056003885.1	iPC815.YPO2604	32.0	609	381	12	9	598	13	607	2.56e-91	296
WP_056003888.1	iML1515.b0089	31.5	359	231	7	26	373	48	402	5.90e-48	167
WP_056003891.1	iPC815.YPO0364	52.6	287	129	4	1	281	1	286	5.90e-100	294
WP_056003891.1	iYL1228.KPN_04557	50.2	287	136	4	1	281	1	286	3.26e-93	278
WP_056003891.1	STM_v1_0.STM4348	49.1	287	139	4	1	281	1	286	1.60e-91	273
WP_056003891.1	iML1515.b4160	49.1	287	139	4	1	281	1	286	2.27e-91	273
WP_056003891.1	iSbBS512_1146.SbBS512_E4692	49.1	287	139	4	1	281	1	286	2.27e-91	273
WP_056003891.1	iSDY_1059.SDY_4432	49.1	287	139	4	1	281	1	286	2.27e-91	273
WP_056003891.1	iSF_1195.SF4318	49.1	287	139	4	1	281	1	286	2.27e-91	273
WP_056003891.1	iJN1463.PP_4908	50.0	288	136	5	1	283	1	285	2.97e-91	271
WP_056003891.1	iSSON_1240.SSON_4345	52.3	266	120	4	1	260	1	265	9.15e-91	271
WP_056003894.1	iAF987.Gmet_2161	36.0	111	60	4	61	161	482	591	2.62e-08	52.4
WP_056003905.1	iAF987.Gmet_2629	40.3	429	240	8	263	680	375	798	3.43e-86	288
WP_056003905.1	iYL1228.KPN_02455	39.8	415	245	3	268	679	179	591	5.32e-86	281
WP_056003905.1	iJN1463.PP_0914	36.9	510	295	9	203	691	183	686	2.73e-84	280
WP_056003905.1	iAF987.Gmet_0957	38.0	482	275	8	220	679	130	609	1.46e-82	273
WP_056003905.1	iAF987.Gmet_0700	38.5	444	261	6	246	680	368	808	1.68e-80	272
WP_056003905.1	iAF987.Gmet_0987	37.2	457	266	7	236	680	327	774	5.37e-80	270
WP_056003905.1	iAF987.Gmet_3085	36.6	470	282	9	223	680	409	874	2.85e-76	262
WP_056003911.1	iAF987.Gmet_2135	42.4	158	76	1	47	204	16	158	2.61e-41	137
WP_056003911.1	iHN637.CLJU_RS11605	41.8	158	77	1	47	204	5	147	7.54e-37	125
WP_056003914.1	iML1515.b2867	27.4	277	141	9	5	272	6	231	1.45e-12	66.6
WP_056003914.1	iSF_1195.SF2869	27.4	277	141	9	5	272	6	231	3.60e-12	65.5
WP_056003914.1	iSSON_1240.SSON_3018	26.7	277	143	9	5	272	6	231	1.76e-10	60.5
WP_056003917.1	iSSON_1240.SSON_3017	29.6	747	465	19	24	719	2	738	1.52e-60	217
WP_056003917.1	iSF_1195.SF2868	29.5	752	469	19	19	719	10	751	2.47e-60	216
WP_056003917.1	iML1515.b2866	29.6	747	465	19	24	719	2	738	5.35e-60	215
WP_056003917.1	iHN637.CLJU_RS11600	28.0	779	475	22	18	722	6	772	7.77e-53	195
WP_056003922.1	iML1515.b1616	24.3	460	305	13	17	461	11	442	4.56e-15	77.0
WP_056003924.1	STM_v1_0.STM4050	35.5	349	210	8	4	347	3	341	9.39e-67	213
WP_056003924.1	iPC815.YPO0334	33.8	346	215	7	6	347	6	341	7.39e-66	211
WP_056003924.1	iSbBS512_1146.SbBS512_E4385	33.9	348	217	8	4	347	3	341	1.04e-65	211
WP_056003924.1	iSSON_1240.SSON_4077	33.6	348	218	8	4	347	3	341	2.07e-65	210
WP_056003924.1	iYL1228.KPN_04216	34.3	344	212	7	8	347	8	341	4.12e-65	209
WP_056003924.1	iSDY_1059.SDY_3839	33.4	347	220	7	4	347	3	341	1.15e-64	208
WP_056003924.1	iML1515.b3907	33.5	349	217	8	4	347	3	341	6.43e-64	206
WP_056003933.1	iLJ478.TM1724	37.9	243	144	3	6	242	2	243	1.27e-42	144
WP_056003933.1	iHN637.CLJU_RS17225	37.8	238	140	3	12	242	11	247	1.56e-41	142
WP_056003933.1	iYL1228.KPN_01091	35.0	243	146	4	7	242	3	240	1.79e-38	134
WP_056003933.1	STM_v1_0.STM1195	35.0	240	150	4	7	242	3	240	3.54e-38	133
WP_056003935.1	iYL1228.KPN_04788	34.7	274	150	4	1	274	1	245	5.94e-47	157
WP_056003935.1	STM_v1_0.STM1101	37.7	215	126	1	60	274	218	424	2.71e-44	155
WP_056003935.1	iSbBS512_1146.SbBS512_E4890	37.6	210	123	1	65	274	223	424	1.60e-40	145
WP_056003935.1	iSF_1195.SF4384	37.6	210	123	1	65	274	223	424	1.60e-40	145
WP_056003935.1	iSSON_1240.SSON_4499	37.6	210	123	1	65	274	223	424	1.60e-40	145
WP_056003941.1	iYS854.USA300HOU_RS06185	38.0	245	149	3	7	251	3	244	1.58e-45	152
WP_056003941.1	iYO844.BSU03930	35.3	249	155	2	4	249	5	250	5.53e-44	149
WP_056003941.1	iHN637.CLJU_RS20765	37.3	249	153	3	1	249	1	246	1.09e-43	147
WP_056003941.1	iEK1008.Rv1928c	39.8	251	137	5	4	248	9	251	1.32e-43	147
WP_056003941.1	iYO844.BSU15910	35.6	247	156	3	3	249	1	244	1.46e-43	147
WP_056003941.1	iCHOv1.100766230	40.5	259	137	5	4	251	7	259	2.07e-43	147
WP_056003941.1	iML1515.b2842	35.8	246	153	2	4	248	8	249	2.49e-43	147
WP_056003941.1	iSynCJ816.SGL_RS07245	37.2	250	150	3	1	249	1	244	3.30e-42	144
WP_056003941.1	iMM1415.14979	39.0	259	141	4	4	251	7	259	6.39e-42	143
WP_056003941.1	iCN900.CD630_11820	34.9	249	159	3	4	252	4	249	1.38e-41	142
WP_056003941.1	iAF987.Gmet_1601	38.3	248	149	3	4	251	3	246	1.27e-41	142
WP_056003950.1	iSF_1195.SF0260	42.8	236	132	3	5	238	2	236	4.84e-57	181
WP_056003950.1	iSbBS512_1146.SbBS512_E0259	42.4	236	133	3	5	238	2	236	6.85e-57	181
WP_056003950.1	iSSON_1240.SSON_0318	42.4	236	133	3	5	238	2	236	6.85e-57	181
WP_056003950.1	iML1515.b0306	41.9	236	134	3	5	238	2	236	3.88e-56	179
WP_056003953.1	iML1515.b0307	39.8	462	269	5	3	460	10	466	1.05e-110	335
WP_056003953.1	iSF_1195.SF0259	39.6	462	270	5	3	460	10	466	4.17e-110	333
WP_056003953.1	iSSON_1240.SSON_0317	39.6	462	270	5	3	460	10	466	1.18e-109	332
WP_056003953.1	iSbBS512_1146.SbBS512_E0258	39.4	462	271	5	3	460	10	466	9.34e-109	330
WP_056003959.1	iJN1463.PP_5041	60.4	798	309	5	19	809	18	815	0.0	942
WP_056003962.1	iJN1463.PP_4058	55.9	717	297	9	10	710	18	731	2.64e-295	825
WP_056003962.1	STM_v1_0.STM3538	52.5	727	320	10	6	715	8	726	2.20e-272	766
WP_056003962.1	iYL1228.KPN_03798	53.4	727	314	10	6	715	8	726	3.12e-272	766
WP_056003962.1	iML1515.b3432	53.0	727	317	10	6	715	8	726	6.27e-272	765
WP_056003962.1	iSSON_1240.SSON_3672	53.0	727	317	10	6	715	8	726	6.27e-272	765
WP_056003962.1	iSF_1195.SF3455	52.8	727	318	10	6	715	8	726	8.89e-272	764
WP_056003962.1	iSDY_1059.SDY_3578	52.8	727	318	10	6	715	8	726	7.21e-271	762
WP_056003962.1	iSbBS512_1146.SbBS512_E3892	52.8	727	318	10	6	715	8	726	1.02e-270	762
WP_056003962.1	iPC815.YPO3942	52.8	720	319	9	11	715	13	726	2.81e-270	761
WP_056003968.1	iPC815.YPO3939	46.8	477	244	4	1	468	1	476	9.51e-139	407
WP_056003968.1	iYL1228.KPN_03795	46.3	477	246	4	1	468	1	476	5.59e-138	405
WP_056003968.1	STM_v1_0.STM3535	47.0	474	241	4	1	465	1	473	6.36e-137	402
WP_056003968.1	iML1515.b3429	47.0	474	241	4	1	465	1	473	5.11e-136	400
WP_056003968.1	iSDY_1059.SDY_3575	47.0	474	241	4	1	465	1	473	5.11e-136	400
WP_056003968.1	iSSON_1240.SSON_3669	47.0	474	241	4	1	465	1	473	7.24e-136	399
WP_056003968.1	iSF_1195.SF3452	46.6	474	243	4	1	465	1	473	1.65e-134	396
WP_056003968.1	iSbBS512_1146.SbBS512_E3895	46.6	474	243	4	1	465	1	473	3.30e-134	395
WP_056003972.1	iYL1228.KPN_03797	43.7	581	304	9	4	561	13	593	1.59e-148	442
WP_056003972.1	STM_v1_0.STM3537	43.2	581	307	9	4	561	13	593	3.55e-144	431
WP_056003972.1	iPC815.YPO3941	44.4	583	299	11	4	561	13	595	4.47e-143	429
WP_056003972.1	iML1515.b3431	42.3	581	312	9	4	561	13	593	3.41e-141	424
WP_056003972.1	iSbBS512_1146.SbBS512_E3893	42.3	581	312	9	4	561	13	593	4.82e-141	423
WP_056003972.1	iSDY_1059.SDY_3577	42.3	581	312	9	4	561	13	593	9.60e-141	422
WP_056003972.1	iSF_1195.SF3454	42.0	581	314	9	4	561	13	593	2.14e-139	419
WP_056003972.1	iSSON_1240.SSON_3671	42.0	581	314	9	4	561	13	593	3.02e-139	419
WP_056003972.1	iJN1463.PP_4055	41.7	629	322	16	4	588	26	653	2.41e-138	418
WP_056003972.1	iEK1008.Rv1564c	40.5	602	312	15	4	560	28	628	8.93e-133	404
WP_056003982.1	iEK1008.Rv2471	40.0	510	274	15	10	504	31	523	6.60e-104	322
WP_056003982.1	iYS854.USA300HOU_RS08055	35.6	519	289	13	8	495	3	507	2.83e-103	320
WP_056003982.1	iYO844.BSU34560	35.3	530	296	11	10	503	4	522	7.85e-103	320
WP_056003982.1	iNF517.LLMG_RS03830	34.0	530	283	10	8	504	3	498	5.10e-95	298
WP_056003982.1	iCN900.CD630_30910	33.1	513	312	7	8	495	2	508	8.24e-93	293
WP_056003982.1	iYL1228.KPN_04651	33.8	541	296	14	10	515	7	520	7.41e-93	293
WP_056003982.1	iML1515.b4239	34.1	528	296	14	10	504	7	515	2.06e-92	292
WP_056003982.1	iSbBS512_1146.SbBS512_E4844	34.2	523	292	14	6	495	3	506	8.05e-92	291
WP_056003984.1	iAF987.Gmet_0833	26.8	529	301	15	29	515	28	512	1.81e-38	149
WP_056003990.1	iML1515.b3751	25.4	232	149	8	83	297	38	262	3.32e-04	41.6
WP_056003995.1	iCHOv1.100752401	29.7	276	186	4	21	288	18	293	2.52e-32	120
WP_056003998.1	iLJ478.TM1724	33.3	243	159	2	21	262	3	243	1.00e-31	117
WP_056003998.1	iAF987.Gmet_1531	32.0	244	160	4	21	262	4	243	8.63e-30	112
WP_056003998.1	iCHOv1.100766065	32.1	249	154	5	21	263	4	243	1.55e-29	111
WP_056003998.1	iYL1228.KPN_02061	30.8	250	162	3	24	262	3	252	2.77e-29	110
WP_056003998.1	iCN900.CD630_25770	30.6	242	164	4	24	263	4	243	3.03e-29	110
WP_056003998.1	iPC815.YPO1599	30.9	243	164	2	20	262	2	240	1.20e-27	106
WP_056003998.1	iYL1228.KPN_01091	30.0	243	166	3	20	262	2	240	2.34e-27	105
WP_056003998.1	STM_v1_0.STM1195	31.8	245	159	5	20	262	2	240	2.34e-27	105
WP_056004003.1	iCN718.ABAYE_RS09215	63.2	585	213	1	10	592	11	595	3.73e-269	748
WP_056004006.1	iSynCJ816.SGL_RS13045	46.4	459	242	4	10	467	13	468	1.31e-133	393
WP_056004018.1	iPC815.YPO0683	29.0	138	94	3	1	136	1	136	1.30e-10	55.5
WP_056004018.1	iYL1228.KPN_03425	29.6	142	96	3	1	140	1	140	1.75e-10	55.1
WP_056004018.1	iML1515.b3005	29.6	142	96	3	1	140	1	140	1.31e-09	52.8
WP_056004018.1	iSbBS512_1146.SbBS512_E3433	29.6	142	96	3	1	140	1	140	1.31e-09	52.8
WP_056004018.1	iSF_1195.SF3050	29.6	142	96	3	1	140	1	140	1.31e-09	52.8
WP_056004018.1	iSSON_1240.SSON_3148	29.6	142	96	3	1	140	1	140	1.31e-09	52.8
WP_056004018.1	iSDY_1059.SDY_3068	29.6	142	96	3	1	140	1	140	3.56e-09	51.6
WP_056004018.1	STM_v1_0.STM3158	28.9	142	97	3	1	140	1	140	6.93e-09	50.8
WP_056004020.1	iSDY_1059.SDY_3068	28.4	141	85	4	10	150	11	135	1.06e-07	48.1
WP_056004020.1	iML1515.b3005	27.7	141	86	4	10	150	11	135	1.04e-06	45.4
WP_056004020.1	iSbBS512_1146.SbBS512_E3433	27.7	141	86	4	10	150	11	135	1.04e-06	45.4
WP_056004020.1	iSF_1195.SF3050	27.7	141	86	4	10	150	11	135	1.04e-06	45.4
WP_056004020.1	iSSON_1240.SSON_3148	27.7	141	86	4	10	150	11	135	1.04e-06	45.4
WP_056004020.1	iYL1228.KPN_03425	26.7	146	81	4	10	150	11	135	5.25e-06	43.5
WP_056004023.1	iPC815.YPO0682	28.8	205	143	1	24	225	126	330	2.92e-16	77.0
WP_056004023.1	STM_v1_0.STM3159	32.4	188	124	1	37	221	30	217	1.74e-16	76.3
WP_056004023.1	iML1515.b3006	32.3	167	110	1	37	200	30	196	3.30e-16	75.5
WP_056004023.1	iSDY_1059.SDY_3067	32.3	167	110	1	37	200	30	196	3.30e-16	75.5
WP_056004023.1	iSF_1195.SF3051	32.3	167	110	1	37	200	30	196	3.30e-16	75.5
WP_056004023.1	iSSON_1240.SSON_3149	32.3	167	110	1	37	200	30	196	3.30e-16	75.5
WP_056004023.1	iYL1228.KPN_03426	31.4	188	126	1	37	221	25	212	5.73e-16	74.7
WP_056004023.1	iSbBS512_1146.SbBS512_E3434	32.3	167	110	1	37	200	30	196	6.26e-16	74.7
WP_056004023.1	iJN1463.PP_5306	30.1	186	129	1	37	221	112	297	3.27e-14	70.9
WP_056004029.1	iSynCJ816.SGL_RS07840	34.0	241	148	6	1	231	3	242	3.58e-25	99.4
WP_056004045.1	iML1515.b1813	43.4	159	90	0	35	193	30	188	5.15e-36	124
WP_056004061.1	iHN637.CLJU_RS04210	54.7	236	103	1	1	236	1	232	1.05e-85	254
WP_056004061.1	iYO844.BSU06450	52.4	231	107	1	7	237	9	236	4.51e-81	243
WP_056004061.1	iCN900.CD630_02190	50.4	230	111	2	7	236	3	229	9.57e-81	242
WP_056004061.1	iCN718.ABAYE_RS00840	49.6	238	116	1	1	238	1	234	1.96e-79	239
WP_056004061.1	iSynCJ816.SGL_RS06690	51.9	235	106	2	6	236	19	250	1.16e-76	233
WP_056004063.1	iJN1463.PP_0368	48.3	598	307	2	1	597	1	597	2.11e-200	573
WP_056004063.1	iJN1463.PP_2048	46.0	596	315	3	3	598	2	590	1.97e-185	535
WP_056004082.1	iMM904.YBR221C	59.0	324	127	4	158	476	40	362	5.55e-128	375
WP_056004082.1	iLB1027_lipid.PHATRDRAFT_20183	56.8	329	138	2	155	479	28	356	7.33e-127	372
WP_056004082.1	iIS312.TCDM_03948	57.0	323	135	2	158	476	23	345	3.50e-124	365
WP_056004082.1	iAT_PLT_636.5162	55.9	324	139	2	156	475	14	337	2.11e-121	358
WP_056004082.1	iMM1415.68263	55.7	325	140	2	155	475	31	355	4.41e-120	355
WP_056004082.1	iCHOv1.100774878	55.4	325	141	2	155	475	34	358	1.38e-119	354
WP_056004085.1	iMM904.YER178W	53.1	324	143	6	27	346	74	392	9.88e-108	321
WP_056004085.1	iCHOv1.100774853	50.8	321	151	5	22	340	49	364	1.04e-102	307
WP_056004085.1	iMM1415.18597	50.8	321	151	5	22	340	49	364	1.04e-102	307
WP_056004085.1	iAT_PLT_636.5160	50.8	321	151	5	22	340	87	402	4.79e-102	306
WP_056004085.1	iMM1415.18598	50.8	321	151	5	22	340	50	365	4.92e-101	303
WP_056004085.1	iAT_PLT_636.5161	50.8	321	151	5	22	340	47	362	1.16e-98	296
WP_056004092.1	iAF692.Mbar_A0543	28.0	107	75	2	15	121	605	709	8.27e-08	48.9
WP_056004092.1	iJN1463.PP_1097	33.3	120	74	4	3	121	564	678	2.08e-07	47.8
WP_056004101.1	iHN637.CLJU_RS19255	63.2	416	153	0	4	419	7	422	8.90e-189	530
WP_056004101.1	iCN900.CD630_31700	64.8	421	146	1	1	419	1	421	9.59e-188	528
WP_056004101.1	iAF987.Gmet_2372	62.4	423	158	1	1	422	1	423	2.49e-185	521
WP_056004101.1	iYO844.BSU33900	62.5	421	156	1	1	419	1	421	3.67e-185	521
WP_056004101.1	iJN1463.PP_1612	62.6	428	156	1	1	424	1	428	7.12e-185	520
WP_056004101.1	iYS854.USA300HOU_RS04205	63.3	425	150	3	1	419	1	425	2.43e-184	519
WP_056004101.1	iNF517.LLMG_RS03215	61.6	424	158	3	1	419	1	424	2.71e-183	516
WP_056004101.1	iEK1008.Rv1023	63.2	419	152	2	1	419	1	417	4.85e-178	503
WP_056004101.1	iPC815.YPO3376	61.8	424	157	2	1	419	1	424	7.38e-178	503
WP_056004101.1	iYL1228.KPN_03123	61.6	425	158	2	1	420	1	425	6.23e-177	500
WP_056004101.1	STM_v1_0.STM2952	61.4	425	159	2	1	420	1	425	6.23e-177	500
WP_056004101.1	iML1515.b2779	60.9	425	161	2	1	420	1	425	8.83e-177	500
WP_056004101.1	iSbBS512_1146.SbBS512_E3094	60.9	425	161	2	1	420	1	425	8.83e-177	500
WP_056004101.1	iSDY_1059.SDY_2996	60.9	425	161	2	1	420	1	425	8.83e-177	500
WP_056004101.1	iSF_1195.SF2794	60.9	425	161	2	1	420	1	425	8.83e-177	500
WP_056004101.1	iLJ478.TM0877	60.6	416	164	0	4	419	3	418	4.26e-176	498
WP_056004101.1	iSSON_1240.SSON_2936	60.7	425	162	2	1	420	1	425	7.19e-176	498
WP_056004101.1	iCN718.ABAYE_RS08670	61.3	413	156	2	1	409	1	413	7.48e-175	495
WP_056004101.1	iSynCJ816.SGL_RS17675	61.3	416	158	2	4	418	9	422	1.20e-169	482
WP_056004120.1	iJN1463.PP_4723	63.1	1093	360	7	1	1089	4	1057	0.0	1280
WP_056004120.1	iAF987.Gmet_1774	59.8	1120	393	7	1	1104	1	1079	0.0	1264
WP_056004120.1	iCN718.ABAYE_RS04530	61.7	1097	371	12	1	1087	1	1058	0.0	1253
WP_056004120.1	iYL1228.KPN_00041	62.8	1098	359	10	1	1090	1	1056	0.0	1251
WP_056004120.1	STM_v1_0.STM0067	62.2	1096	368	9	1	1090	1	1056	0.0	1249
WP_056004120.1	iSbBS512_1146.SbBS512_E0037	62.4	1096	366	9	1	1090	1	1056	0.0	1249
WP_056004120.1	iML1515.b0033	62.4	1096	366	9	1	1090	1	1056	0.0	1248
WP_056004120.1	iSF_1195.SF0030	62.3	1096	367	9	1	1090	1	1056	0.0	1247
WP_056004120.1	iSSON_1240.SSON_0038	62.3	1096	367	9	1	1090	1	1056	0.0	1247
WP_056004120.1	iSDY_1059.SDY_0055	62.0	1096	370	9	1	1090	1	1056	0.0	1239
WP_056004120.1	iPC815.YPO0482	61.8	1098	369	10	1	1090	1	1056	0.0	1238
WP_056004120.1	iSynCJ816.SGL_RS14530	58.1	1118	416	11	1	1104	1	1079	0.0	1206
WP_056004123.1	STM_v1_0.STM0066	53.6	377	164	3	16	392	6	371	2.16e-131	382
WP_056004123.1	iPC815.YPO0481	53.3	383	156	5	16	392	6	371	9.53e-130	378
WP_056004123.1	iYL1228.KPN_00040	52.8	377	167	3	16	392	15	380	1.35e-129	377
WP_056004123.1	iML1515.b0032	52.6	378	166	4	16	392	6	371	8.09e-129	375
WP_056004123.1	iSbBS512_1146.SbBS512_E0036	52.6	378	166	4	16	392	6	371	8.09e-129	375
WP_056004123.1	iSSON_1240.SSON_0037	52.6	378	166	4	16	392	6	371	8.09e-129	375
WP_056004123.1	iSDY_1059.SDY_0054	52.6	378	166	4	16	392	6	371	1.15e-128	375
WP_056004123.1	iSF_1195.SF0029	52.6	378	166	4	16	392	6	371	1.62e-128	374
WP_056004123.1	iCN718.ABAYE_RS04535	51.4	381	166	5	16	392	6	371	6.29e-125	365
WP_056004123.1	iJN1463.PP_4724	50.8	382	177	4	16	397	6	376	1.22e-124	364
WP_056004145.1	iML1515.b3035	27.4	463	311	9	18	461	18	474	1.04e-22	100
WP_056004145.1	iSSON_1240.SSON_3173	27.4	463	311	9	18	461	20	476	1.06e-22	100
WP_056004145.1	iSbBS512_1146.SbBS512_E3468	27.2	463	312	9	18	461	20	476	1.41e-22	100
WP_056004145.1	iSDY_1059.SDY_3205	26.7	460	318	8	18	461	20	476	1.89e-22	100
WP_056004145.1	iSF_1195.SF3075	27.2	463	312	9	18	461	18	474	4.48e-22	99.0
WP_056004145.1	STM_v1_0.STM3186	26.2	427	300	6	23	441	25	444	6.10e-20	92.4
WP_056004149.1	iPC815.YPO3771	58.8	325	131	2	5	326	9	333	2.32e-127	367
WP_056004149.1	iJN1463.PP_3322	59.7	295	116	2	2	294	11	304	1.52e-116	339
WP_056004157.1	iJN1463.PP_4217	32.1	700	414	18	51	733	147	802	1.22e-93	309
WP_056004157.1	iJN1463.PP_0535	29.5	759	460	18	9	740	12	722	1.06e-90	299
WP_056004170.1	iJN1463.PP_4800	52.5	282	134	0	7	288	46	327	2.19e-94	282
WP_056004170.1	iYS854.USA300HOU_RS04580	49.1	281	141	2	11	290	7	286	1.14e-91	274
WP_056004170.1	iSbBS512_1146.SbBS512_E0542	49.5	283	142	1	7	288	29	311	1.53e-90	272
WP_056004170.1	iML1515.b0628	50.2	277	137	1	13	288	35	311	2.17e-90	271
WP_056004170.1	iSDY_1059.SDY_0550	50.2	277	137	1	13	288	35	311	2.17e-90	271
WP_056004170.1	iSF_1195.SF0653	50.2	277	137	1	13	288	35	311	2.17e-90	271
WP_056004170.1	iSSON_1240.SSON_0582	50.2	277	137	1	13	288	35	311	2.17e-90	271
WP_056004170.1	iAM_Pc455.PCYB_121910	46.6	294	152	4	14	303	109	401	5.82e-86	263
WP_056004170.1	iAM_Pv461.PVX_083125	47.3	294	145	5	6	292	135	425	3.34e-85	262
WP_056004170.1	iAM_Pb448.PBANKA_135750	45.9	281	149	3	14	292	161	440	5.91e-82	254
WP_056004179.1	iJN1463.PP_3376	39.4	315	177	7	3	307	2	312	6.34e-62	199
WP_056004179.1	iSbBS512_1146.SbBS512_E3973	36.4	316	183	7	3	306	2	311	9.23e-56	183
WP_056004179.1	iSDY_1059.SDY_4350	36.7	316	182	7	3	306	6	315	1.03e-55	183
WP_056004179.1	iSSON_1240.SSON_3835	36.4	316	183	7	3	306	6	315	1.03e-55	183
WP_056004179.1	iYS854.USA300HOU_RS04605	41.5	270	146	5	53	313	52	318	8.07e-56	183
WP_056004179.1	iML1515.b3553	36.1	316	184	7	3	306	2	311	5.12e-55	181
WP_056004179.1	iSF_1195.SF3587	36.1	316	184	7	3	306	2	311	5.12e-55	181
WP_056004187.1	iML1515.b2247	61.5	400	145	3	5	396	3	401	5.73e-182	511
WP_056004199.1	iJN1463.PP_0914	38.3	446	267	4	86	525	232	675	9.64e-86	279
WP_056004199.1	iJN1463.PP_3581	37.7	478	268	8	67	526	213	678	1.11e-83	273
WP_056004199.1	iAF987.Gmet_0957	37.4	438	266	5	95	526	178	613	4.18e-83	270
WP_056004199.1	iAF987.Gmet_3085	37.0	457	280	4	76	526	423	877	1.24e-79	267
WP_056004199.1	iAF987.Gmet_0782	33.7	496	317	6	36	526	230	718	2.81e-80	265
WP_056004199.1	iJN1463.PP_1144	35.5	465	281	8	67	523	250	703	1.52e-78	261
WP_056004199.1	iAF987.Gmet_0700	37.6	434	259	4	97	523	380	808	1.76e-76	257
WP_056004199.1	iML1515.b1285	37.4	433	264	5	97	527	222	649	3.69e-77	255
WP_056004199.1	iAF987.Gmet_0987	35.7	434	273	3	97	526	346	777	5.91e-76	255
WP_056004199.1	iAF987.Gmet_2629	36.9	434	267	4	97	526	371	801	9.15e-75	252
WP_056004214.1	iEK1008.Rv3703c	27.6	210	83	7	49	231	192	359	3.50e-10	59.7
WP_056004214.1	iJN1463.PP_4215	31.2	215	99	10	33	231	56	237	3.50e-09	56.2
WP_056004217.1	iMM1415.11881	29.7	316	160	7	41	352	46	303	4.54e-31	127
WP_056004220.1	iML1515.b0805	22.7	704	450	28	115	789	117	755	4.80e-12	69.3
WP_056004220.1	iYL1228.KPN_01250	22.0	700	461	25	115	789	117	756	4.80e-12	69.3
WP_056004220.1	iJN1463.PP_4217	20.9	751	476	27	61	791	157	809	5.86e-11	65.9
WP_056004243.1	iYL1228.KPN_00852	29.3	526	328	13	325	817	223	737	3.29e-58	213
WP_056004262.1	iJN1463.PP_3417	39.1	460	251	11	5	450	6	450	1.01e-80	256
WP_056004262.1	iPC815.YPO3954	39.1	442	250	9	16	450	9	438	2.92e-76	244
WP_056004262.1	iML1515.b3415	38.6	433	247	8	16	441	9	429	2.92e-72	234
WP_056004262.1	iSbBS512_1146.SbBS512_E3796	38.6	433	247	8	16	441	9	429	2.92e-72	234
WP_056004262.1	iSSON_1240.SSON_3547	38.6	433	247	8	16	441	9	429	2.92e-72	234
WP_056004262.1	STM_v1_0.STM3512	37.9	433	250	7	16	441	9	429	5.78e-72	233
WP_056004262.1	iSF_1195.SF3438	38.3	433	248	8	16	441	9	429	8.12e-72	233
WP_056004262.1	iSDY_1059.SDY_3661	38.3	433	248	8	16	441	9	429	2.25e-71	231
WP_056004268.1	iJN1463.PP_3416	48.7	154	78	1	1	154	11	163	4.12e-39	130
WP_056004271.1	iML1515.b3966	30.5	213	130	3	55	264	28	225	5.21e-17	85.5
WP_056004271.1	iSSON_1240.SSON_4139	30.5	213	130	3	55	264	28	225	5.21e-17	85.5
WP_056004271.1	iSF_1195.SF4048	30.0	213	131	3	55	264	28	225	1.58e-16	84.0
WP_056004271.1	iSDY_1059.SDY_3762	30.0	213	131	3	55	264	28	225	2.75e-16	83.2
WP_056004275.1	iJN1463.PP_3999	47.0	234	123	1	8	241	216	448	1.95e-56	187
WP_056004275.1	iPC815.YPO0158	44.9	234	125	2	8	241	213	442	2.36e-50	171
WP_056004275.1	iCN718.ABAYE_RS04340	42.8	236	134	1	6	241	214	448	5.04e-50	170
WP_056004275.1	STM_v1_0.STM3477	44.7	235	126	2	8	242	216	446	1.94e-49	168
WP_056004278.1	iCN718.ABAYE_RS08080	46.1	902	431	14	3	853	20	917	1.60e-270	775
WP_056004281.1	iYO844.BSU03300	51.9	797	364	8	13	805	3	784	7.53e-275	780
WP_056004284.1	iJN1463.PP_2092	61.8	393	149	1	16	407	12	404	1.87e-165	470
WP_056004286.1	iSynCJ816.SGL_RS06585	29.0	410	241	8	1	400	278	647	2.57e-41	154
WP_056004291.1	iML1515.b2155	24.4	315	192	13	41	325	24	322	9.35e-09	58.9
WP_056004291.1	iSSON_1240.SSON_2211	24.4	315	192	13	41	325	24	322	9.35e-09	58.9
WP_056004291.1	iYL1228.KPN_02593	25.1	227	149	8	64	280	24	239	2.74e-08	57.4
WP_056004291.1	STM_v1_0.STM2199	24.8	315	194	12	38	324	22	321	3.68e-08	57.0
WP_056004300.1	iEK1008.Rv2045c	31.6	487	281	17	46	497	32	501	6.00e-39	148
WP_056004303.1	iYL1228.KPN_04156	31.6	98	62	2	185	282	150	242	6.00e-07	50.1
WP_056004303.1	STM_v1_0.STM3884	31.6	98	62	2	185	282	150	242	6.00e-07	50.1
WP_056004303.1	iML1515.b3751	31.6	98	62	2	185	282	150	242	8.02e-07	49.7
WP_056004303.1	iJN1463.PP_2454	25.5	153	101	5	163	311	142	285	2.78e-06	48.1
WP_056004303.1	iYO844.BSU35960	19.1	225	166	6	62	280	35	249	1.98e-05	45.4
WP_056004306.1	iSSON_1240.SSON_0329	24.4	213	154	5	35	243	40	249	3.39e-05	43.9
WP_056004306.1	iML1515.b0350	24.4	213	154	5	35	243	38	247	6.04e-05	43.1
WP_056004309.1	iML1515.b3093	33.2	398	257	4	10	400	1	396	5.23e-62	206
WP_056004309.1	iSF_1195.SF3133	33.2	398	257	4	10	400	1	396	5.23e-62	206
WP_056004309.1	iYL1228.KPN_03521	32.8	399	257	5	10	400	1	396	1.48e-61	205
WP_056004309.1	iSbBS512_1146.SbBS512_E3529	32.9	398	258	4	10	400	1	396	2.02e-61	204
WP_056004309.1	STM_v1_0.STM3134	32.0	409	264	7	15	412	5	410	2.41e-59	199
WP_056004309.1	iPC815.YPO0577	32.1	414	262	6	10	412	2	407	4.72e-59	198
WP_056004309.1	iJN1463.PP_1710	31.2	423	282	3	9	423	20	441	1.72e-58	197
WP_056004309.1	iSDY_1059.SDY_3278	32.5	403	253	6	10	400	41	436	3.24e-57	194
WP_056004324.1	iAF987.Gmet_2999	32.8	131	76	5	6	130	11	135	4.26e-07	50.1
WP_056004330.1	iSbBS512_1146.SbBS512_E0142	23.5	221	153	6	582	797	494	703	3.23e-08	57.0
WP_056004330.1	iSSON_1240.SSON_0162	23.5	221	153	6	582	797	494	703	3.23e-08	57.0
WP_056004330.1	iSDY_1059.SDY_0166	22.9	227	145	9	582	797	514	721	6.60e-07	52.8
WP_056004330.1	iML1515.b0150	22.9	227	145	9	582	797	514	721	8.68e-07	52.4
WP_056004330.1	iSF_1195.SF0142	22.9	227	145	9	582	797	514	721	8.68e-07	52.4
WP_056004333.1	iSF_1195.SF2466	46.1	698	323	11	16	701	7	663	7.23e-173	510
WP_056004333.1	iSSON_1240.SSON_2500	46.3	698	322	12	16	701	7	663	2.88e-172	508
WP_056004333.1	iML1515.b2411	46.1	698	323	11	16	701	7	663	8.13e-172	507
WP_056004333.1	iSDY_1059.SDY_2608	46.1	698	323	11	16	701	7	663	2.29e-171	506
WP_056004333.1	iYL1228.KPN_02758	46.2	697	324	13	16	701	7	663	1.83e-170	504
WP_056004333.1	STM_v1_0.STM2427	46.7	698	319	12	16	701	7	663	5.15e-170	503
WP_056004344.1	STM_v1_0.STM1928	48.4	463	224	8	1	457	1	454	6.95e-143	417
WP_056004344.1	iML1515.b1896	47.3	459	228	7	1	453	1	451	2.33e-141	413
WP_056004344.1	iSDY_1059.SDY_1193	47.3	459	228	7	1	453	1	451	2.33e-141	413
WP_056004344.1	iSSON_1240.SSON_1221	47.3	459	228	7	1	453	1	451	2.33e-141	413
WP_056004344.1	iYL1228.KPN_02392	46.4	457	235	7	1	453	1	451	2.14e-139	408
WP_056004347.1	iAF692.Mbar_A1916	22.6	430	278	14	160	564	128	527	2.07e-19	91.7
WP_056004350.1	STM_v1_0.STM1929	38.8	227	134	4	20	244	18	241	4.23e-39	136
WP_056004350.1	iYL1228.KPN_02393	36.0	247	139	5	10	247	8	244	1.60e-37	132
WP_056004350.1	iML1515.b1897	37.6	229	134	5	20	244	18	241	3.79e-36	128
WP_056004350.1	iSF_1195.SF1944	37.6	229	134	5	20	244	18	241	3.79e-36	128
WP_056004350.1	iSSON_1240.SSON_1220	37.6	229	134	5	20	244	18	241	3.79e-36	128
WP_056004358.1	iML1515.b3966	37.1	143	86	1	38	180	21	159	1.49e-19	93.6
WP_056004358.1	iSSON_1240.SSON_4139	37.1	143	86	1	38	180	21	159	1.49e-19	93.6
WP_056004358.1	STM_v1_0.STM4130	37.2	145	87	1	38	182	21	161	2.59e-19	92.8
WP_056004358.1	iSF_1195.SF4048	37.1	143	86	1	38	180	21	159	4.53e-19	92.0
WP_056004358.1	iSDY_1059.SDY_3762	36.4	143	87	1	38	180	21	159	7.89e-19	91.3
WP_056004358.1	iPC815.YPO3910	32.7	199	118	6	42	231	36	227	3.03e-17	86.3
WP_056004362.1	iCN900.CD630_20200	53.0	857	395	4	1	850	1	856	7.81e-304	857
WP_056004365.1	iEK1008.Rv3818	35.9	78	48	2	111	188	1	76	4.47e-04	42.0
WP_056004371.1	iAF987.Gmet_3289	65.8	377	129	0	2	378	7	383	9.37e-171	481
WP_056004371.1	iJN1463.PP_4064	63.9	377	136	0	2	378	6	382	1.65e-163	463
WP_056004375.1	iAF987.Gmet_3290	68.1	536	165	2	1	531	1	535	3.08e-254	705
WP_056004375.1	iJN1463.PP_4065	67.9	536	166	2	1	531	1	535	8.60e-247	686
WP_056004375.1	iCHOv1.100756739	64.2	534	184	3	4	531	31	563	3.83e-233	652
WP_056004375.1	iMM1415.78038	64.4	534	183	3	4	531	31	563	1.09e-232	651
WP_056004378.1	iAF987.Gmet_3292	51.2	672	268	9	1	618	1	666	6.03e-193	558
WP_056004381.1	iJN1463.PP_4552	31.6	136	83	5	1	136	4	129	3.66e-11	57.4
WP_056004384.1	iEK1008.Rv2498c	38.1	270	151	6	7	276	11	264	7.77e-34	124
WP_056004390.1	iJN1463.PP_1761	32.1	318	186	5	287	587	253	557	3.42e-28	119
WP_056004390.1	iAF987.Gmet_2425	43.9	157	84	2	431	585	190	344	1.22e-25	108
WP_056004438.1	iCN900.CD630_02510	38.7	424	244	7	9	421	16	434	1.02e-78	250
WP_056004486.1	iAF987.Gmet_1637	49.8	741	366	6	11	745	5	745	8.54e-231	662
WP_056004486.1	STM_v1_0.STM2472	50.3	750	362	8	6	745	2	750	7.28e-226	650
WP_056004486.1	iML1515.b2463	49.9	749	366	8	6	745	2	750	8.28e-225	647
WP_056004486.1	iSDY_1059.SDY_2645	49.9	749	366	8	6	745	2	750	1.17e-224	647
WP_056004486.1	iSF_1195.SF2505	49.9	749	366	8	6	745	2	750	1.17e-224	647
WP_056004486.1	iSSON_1240.SSON_2543	49.9	749	366	8	6	745	2	750	1.17e-224	647
WP_056004486.1	iSbBS512_1146.SbBS512_E2829	49.8	749	367	8	6	745	2	750	3.32e-224	646
WP_056004486.1	iYL1228.KPN_02797	50.1	749	365	8	6	745	2	750	1.33e-223	644
WP_056004486.1	iPC815.YPO3034	49.5	752	367	9	6	745	2	752	4.59e-222	640
WP_056004486.1	iCN718.ABAYE_RS06135	46.9	748	384	9	6	744	3	746	3.66e-206	600
WP_056004490.1	iLB1027_lipid.PHATRDRAFT_12043	37.1	259	135	5	5	237	3	259	2.23e-41	141
WP_056004492.1	iML1515.b2842	37.8	254	140	6	5	248	4	249	2.20e-35	126
WP_056004492.1	iAF987.Gmet_1601	35.1	248	148	5	9	249	3	244	7.22e-35	125
WP_056004492.1	iPC815.YPO2539	36.3	256	150	6	5	252	3	253	1.73e-34	124
WP_056004492.1	iYO844.BSU15910	34.9	249	150	5	9	250	2	245	5.55e-34	122
WP_056004492.1	iEK1008.Rv1928c	34.6	254	157	3	1	248	1	251	2.68e-33	121
WP_056004492.1	iCN900.CD630_11820	34.8	253	151	6	6	250	1	247	9.02e-33	119
WP_056004492.1	iLJ478.TM1724	33.3	249	155	5	8	250	2	245	4.57e-32	117
WP_056004492.1	iYS854.USA300HOU_RS06185	35.4	243	145	5	14	249	5	242	1.20e-31	116
WP_056004492.1	iJN1463.PP_2794	37.4	257	144	7	6	254	8	255	6.01e-31	115
WP_056004495.1	iEK1008.Rv3032	27.6	323	211	7	92	412	107	408	3.09e-20	91.7
WP_056004512.1	iCN718.ABAYE_RS06065	61.2	467	179	1	5	469	2	468	9.65e-207	579
WP_056004512.1	iYL1228.KPN_04178	62.1	459	173	1	12	469	2	460	1.19e-205	576
WP_056004512.1	iPC815.YPO0024	60.6	467	183	1	4	469	2	468	2.25e-205	576
WP_056004512.1	iML1515.b3870	61.2	467	180	1	4	469	2	468	3.19e-205	575
WP_056004512.1	STM_v1_0.STM4007	61.5	467	179	1	4	469	2	468	3.19e-205	575
WP_056004512.1	iSbBS512_1146.SbBS512_E4346	61.2	467	180	1	4	469	2	468	3.19e-205	575
WP_056004512.1	iSDY_1059.SDY_3873	61.2	467	180	1	4	469	2	468	3.19e-205	575
WP_056004512.1	iSF_1195.SF3940	61.2	467	180	1	4	469	2	468	3.19e-205	575
WP_056004512.1	iSSON_1240.SSON_4042	61.2	467	180	1	4	469	2	468	3.19e-205	575
WP_056004512.1	iJN1463.PP_5046	59.0	466	189	2	6	469	2	467	2.63e-194	548
WP_056004512.1	iSynCJ816.SGL_RS04340	56.3	471	203	3	1	468	1	471	1.21e-186	528
WP_056004514.1	iSynCJ816.SGL_RS14865	56.1	239	104	1	27	264	13	251	3.86e-94	277
WP_056004518.1	iLB1027_lipid.PHATRDRAFT_43099	38.9	95	56	1	67	159	162	256	2.41e-11	62.4
WP_056004518.1	iCN718.ABAYE_RS03025	30.9	178	110	7	43	214	60	230	3.49e-11	61.2
WP_056004518.1	iLJ478.TM1693	37.1	97	60	1	61	156	73	169	3.45e-10	58.2
WP_056004518.1	iLB1027_lipid.PHATRDRAFT_11916	35.5	93	57	1	67	156	3	95	2.15e-10	57.0
WP_056004527.1	iSDY_1059.SDY_0983	52.7	182	85	1	8	189	9	189	1.02e-60	187
WP_056004527.1	iML1515.b1008	53.3	182	84	1	8	189	9	189	4.10e-60	186
WP_056004527.1	iSF_1195.SF1011	52.7	182	85	1	8	189	9	189	8.24e-60	185
WP_056004527.1	iSSON_1240.SSON_1026	51.6	182	87	1	8	189	9	189	5.42e-58	180
WP_056004535.1	iEK1008.Rv2187	31.6	605	370	12	10	594	17	597	1.05e-86	281
WP_056004537.1	iJN1463.PP_3535	42.9	552	289	9	42	572	45	591	2.72e-123	375
WP_056004537.1	iCN718.ABAYE_RS14460	43.7	574	273	19	45	575	90	656	4.05e-113	351
WP_056004537.1	iEK1008.Rv2394	41.1	559	294	11	49	575	84	639	1.51e-111	346
WP_056004541.1	iCN718.ABAYE_RS06810	45.3	329	171	4	6	328	8	333	1.60e-82	253
WP_056004541.1	iJN1463.PP_2095	44.5	326	173	4	7	325	8	332	3.08e-81	249
WP_056004541.1	iCHOv1.100756632	45.8	323	164	4	11	324	49	369	2.78e-78	244
WP_056004541.1	iMM1415.56749	44.9	323	167	4	11	324	49	369	2.78e-78	244
WP_056004543.1	iML1515.b1683	60.7	499	173	3	2	487	7	495	3.68e-222	620
WP_056004543.1	iSSON_1240.SSON_1473	60.7	499	173	3	2	487	20	508	5.85e-222	620
WP_056004543.1	iSF_1195.SF1713	60.5	499	174	3	2	487	7	495	6.04e-221	617
WP_056004547.1	iML1515.b1682	54.7	243	109	1	1	243	1	242	4.13e-90	266
WP_056004547.1	iSSON_1240.SSON_1474	54.7	243	109	1	1	243	1	242	5.86e-90	265
WP_056004547.1	iSF_1195.SF1712	54.3	243	110	1	1	243	1	242	1.67e-89	264
WP_056004547.1	iSDY_1059.SDY_1913	54.7	243	109	1	1	243	1	242	2.37e-89	264
WP_056004547.1	iYS854.USA300HOU_RS04515	54.8	241	106	2	2	242	5	242	1.06e-86	257
WP_056004549.1	iSF_1195.SF1711	26.3	369	243	8	4	344	41	408	1.76e-22	97.4
WP_056004549.1	iSSON_1240.SSON_1475	25.8	368	246	7	4	344	41	408	1.76e-22	97.4
WP_056004549.1	iML1515.b1681	27.3	260	178	3	96	344	149	408	3.26e-22	96.7
WP_056004549.1	iSDY_1059.SDY_1912	25.8	376	236	8	4	344	41	408	4.43e-22	96.3
WP_056004551.1	iSSON_1240.SSON_1476	46.2	405	211	3	10	407	2	406	1.79e-120	355
WP_056004551.1	iML1515.b1680	47.4	382	200	1	27	407	25	406	3.59e-120	354
WP_056004551.1	iSbBS512_1146.SbBS512_E1881	46.2	405	211	3	10	407	2	406	1.02e-119	353
WP_056004551.1	iSynCJ816.SGL_RS15265	44.1	383	210	1	28	406	31	413	1.98e-112	335
WP_056004551.1	iCN718.ABAYE_RS11400	43.1	392	217	2	14	404	262	648	2.27e-106	327
WP_056004551.1	iLB1027_lipid.PHATRDRAFT_19482	47.3	383	198	3	28	406	95	477	2.94e-108	327
WP_056004551.1	iYS854.USA300HOU_RS04525	44.0	382	212	1	27	406	31	412	2.04e-108	325
WP_056004551.1	iEK1008.Rv1464	46.9	388	196	4	27	407	31	415	1.91e-106	320
WP_056004553.1	iYS854.USA300HOU_RS04825	36.8	95	60	0	59	153	7	101	1.23e-19	78.2
WP_056004555.1	iJN1463.PP_0844	42.2	83	48	0	33	115	25	107	5.68e-20	77.8
WP_056004555.1	iML1515.b2528	37.7	106	65	1	10	115	3	107	4.58e-19	75.5
WP_056004555.1	iSbBS512_1146.SbBS512_E2903	37.7	106	65	1	10	115	5	109	4.82e-19	75.5
WP_056004555.1	iSDY_1059.SDY_2724	37.7	106	65	1	10	115	3	107	4.58e-19	75.5
WP_056004555.1	iSF_1195.SF2575	37.7	106	65	1	10	115	3	107	4.58e-19	75.5
WP_056004555.1	iSSON_1240.SSON_2610	37.7	106	65	1	10	115	3	107	4.58e-19	75.5
WP_056004555.1	iSF_1195.SF1714	36.8	106	66	1	10	115	18	122	6.04e-17	70.5
WP_056004557.1	iJN1463.PP_0525	25.3	229	139	4	417	645	409	605	7.32e-06	48.9
WP_056004557.1	iJN1463.PP_0867	28.8	139	84	5	22	150	122	255	7.08e-05	45.8
WP_056004565.1	iCN900.CD630_31950	31.8	999	461	18	3	974	1	806	1.00e-153	474
WP_056004574.1	STM_v1_0.STM0659	35.2	511	286	9	5	508	8	480	2.54e-88	285
WP_056004574.1	iSSON_1240.SSON_0604	36.4	484	263	9	5	481	8	453	2.35e-88	285
WP_056004574.1	iSbBS512_1146.SbBS512_E0599	36.5	485	261	10	5	481	8	453	6.48e-88	284
WP_056004574.1	iML1515.b0650	36.3	485	262	10	5	481	8	453	2.50e-87	282
WP_056004580.1	iAF987.Gmet_1943	64.1	434	152	2	1	434	1	430	3.15e-187	527
WP_056004585.1	iYO844.BSU40850	51.4	181	87	1	1	181	1	180	1.93e-59	183
WP_056004585.1	iYL1228.KPN_00440	49.4	176	88	1	6	181	5	179	1.10e-54	171
WP_056004589.1	iSynCJ816.SGL_RS16015	49.0	245	121	1	7	247	29	273	2.32e-77	234
WP_056004589.1	iSynCJ816.SGL_RS14865	49.0	241	122	1	7	247	12	251	3.89e-76	231
WP_056004608.1	iAF987.Gmet_1162	60.3	277	108	2	5	280	4	279	7.39e-106	309
WP_056004608.1	iJN1463.PP_2265	57.5	280	118	1	1	279	1	280	6.76e-99	291
WP_056004610.1	STM_v1_0.STM2199	34.4	151	75	4	45	189	27	159	4.18e-11	66.6
WP_056004610.1	iYL1228.KPN_02593	34.9	172	74	5	117	278	70	213	5.36e-11	66.2
WP_056004610.1	iML1515.b2155	35.1	151	73	5	46	189	27	159	9.52e-11	65.5
WP_056004610.1	iSSON_1240.SSON_2211	35.1	151	73	5	46	189	27	159	9.52e-11	65.5
WP_056004610.1	iJN1463.PP_2242	30.9	162	83	5	117	251	110	269	1.57e-09	61.6
WP_056004630.1	iLB1027_lipid.PHATRDRAFT_16693	38.3	201	100	4	1	188	6	195	4.75e-36	124
WP_056625253.1	iAF987.Gmet_2349	39.6	374	219	3	224	594	200	569	1.68e-73	245
WP_056625253.1	iYL1228.KPN_00941	39.0	385	228	5	217	597	201	582	6.00e-72	241
WP_056625253.1	iJN1463.PP_4935	40.4	381	212	6	217	590	216	588	2.59e-69	235
WP_056625253.1	STM_v1_0.STM0984	37.5	392	239	4	206	594	191	579	6.48e-68	231
WP_056625253.1	iML1515.b0914	38.2	382	229	5	217	594	201	579	1.26e-67	230
WP_056625253.1	iSbBS512_1146.SbBS512_E2410	38.2	382	229	5	217	594	201	579	1.26e-67	230
WP_056625253.1	iSDY_1059.SDY_2344	38.2	382	229	5	217	594	201	579	1.26e-67	230
WP_056625253.1	iSF_1195.SF0910	38.2	382	229	5	217	594	201	579	1.26e-67	230
WP_056625253.1	iSSON_1240.SSON_0916	38.2	382	229	5	217	594	201	579	1.26e-67	230
WP_056625253.1	iMM1415.18670	50.6	243	118	1	356	596	388	630	1.57e-64	229
WP_056625253.1	iPC815.YPO1395	37.7	377	230	4	217	590	201	575	4.75e-66	226
WP_056625253.1	iCHOv1.100682535	50.6	241	117	1	356	594	391	631	5.92e-63	225
WP_056625253.1	iJN1463.PP_3466	32.4	506	321	9	75	571	64	557	1.88e-65	224
WP_082438697.1	iCHOv1.100759002	56.6	145	56	2	50	194	99	236	1.21e-49	160
WP_082438697.1	iMM1415.66694	55.2	145	58	2	50	194	137	274	7.79e-48	157
WP_082438697.1	iMM904.YEL024W	46.2	171	84	3	22	191	50	213	1.50e-48	157
WP_082438697.1	iAT_PLT_636.7386	55.2	145	58	2	50	194	137	274	3.10e-47	155
WP_082438697.1	iLB1027_lipid.PHATRDRAFT_12233	46.0	174	84	4	24	194	13	179	2.69e-46	150
WP_082438706.1	iML1515.b0925	35.9	284	160	4	217	480	316	597	1.40e-46	171
WP_082449236.1	iLJ478.TM1724	64.3	28	10	0	29	56	219	246	4.92e-05	38.1
WP_082449236.1	iYS854.USA300HOU_RS13400	51.7	29	14	0	29	57	194	222	1.26e-04	37.0
WP_082449236.1	iYL1228.KPN_01869	64.0	25	9	0	29	53	230	254	4.52e-04	35.4
WP_082449240.1	iAF987.Gmet_3012	40.2	112	64	3	232	343	27	135	1.34e-13	68.6
WP_082449240.1	iML1515.b1856	41.2	102	58	2	257	357	314	414	3.13e-12	67.0
WP_082449240.1	iAF987.Gmet_1854	33.8	139	80	3	226	353	254	391	8.78e-12	65.5
WP_082449244.1	iLJ478.TM1873	30.2	348	214	13	61	398	43	371	3.73e-31	122
WP_082449244.1	iMM1415.18263	28.3	360	218	13	61	392	66	413	1.49e-28	116
WP_082449244.1	iCHOv1.100751960	29.3	358	214	15	61	392	66	410	3.66e-28	115
WP_082449250.1	iCN718.ABAYE_RS08330	46.8	406	208	4	11	408	11	416	2.25e-121	358
WP_082449252.1	iJN1463.PP_4325	45.0	231	124	2	5	234	9	237	8.03e-65	201
WP_082449252.1	STM_v1_0.STM2252	45.2	221	119	1	3	223	4	222	1.60e-59	187
WP_082449273.1	iJN1463.PP_4670	44.6	157	78	3	218	368	248	401	1.59e-28	115
WP_082449287.1	iJN1463.PP_5107	44.2	208	110	2	30	231	11	218	5.21e-48	158
WP_082449287.1	iML1515.b3208	53.3	150	69	1	71	219	66	215	5.37e-43	145
WP_082449313.1	iML1515.b2924	31.8	176	104	5	194	362	105	271	6.71e-16	77.0
WP_082449313.1	iML1515.b1330	26.7	195	136	3	176	364	136	329	3.14e-14	72.8
WP_082449379.1	iML1515.b1449	41.0	334	189	5	3	329	9	341	8.52e-74	231
WP_082449379.1	iJN1463.PP_2476	39.7	330	191	5	7	329	13	341	2.56e-66	211
WP_082449382.1	iML1515.b0463	50.7	373	180	3	2	371	3	374	1.37e-110	329
WP_082449382.1	iSSON_1240.SSON_0450	50.4	373	181	3	2	371	3	374	3.87e-110	328
WP_082449382.1	iSDY_1059.SDY_0456	50.4	373	181	3	2	371	3	374	3.11e-109	326
WP_082449382.1	iSF_1195.SF0408	50.1	373	182	3	2	371	3	374	6.23e-109	325
WP_082449382.1	iJN1463.PP_1386	50.4	369	160	6	5	371	11	358	1.51e-106	318
WP_082449382.1	iPC815.YPO3132	48.4	374	188	3	2	371	3	375	1.71e-105	316
WP_082449382.1	STM_v1_0.STM3390	47.0	368	195	0	4	371	6	373	1.82e-102	308
WP_082449382.1	iSbBS512_1146.SbBS512_E3648	46.2	370	194	1	8	377	15	379	7.31e-102	306
WP_082449382.1	iML1515.b3265	45.9	370	195	1	8	377	15	379	2.92e-101	305
WP_082449382.1	iYL1228.KPN_03672	46.8	361	183	3	11	371	17	368	7.76e-100	301
WP_082449406.1	iPC815.YPO3910	31.9	160	93	4	38	196	32	176	3.95e-14	76.3
WP_082449406.1	STM_v1_0.STM4130	30.0	150	89	4	45	193	28	162	6.06e-13	72.4
WP_082449406.1	iML1515.b3966	31.3	150	87	4	45	193	28	162	1.38e-12	71.2
WP_082449406.1	iSSON_1240.SSON_4139	31.3	150	87	4	45	193	28	162	1.38e-12	71.2
WP_082449406.1	iSF_1195.SF4048	30.7	150	88	4	45	193	28	162	4.17e-12	69.7
WP_082449406.1	iML1515.b2155	31.8	151	80	4	39	184	27	159	5.83e-12	69.3
WP_082449406.1	iSSON_1240.SSON_2211	31.8	151	80	4	39	184	27	159	5.83e-12	69.3
WP_082449406.1	iSDY_1059.SDY_3762	30.7	150	88	4	45	193	28	162	7.23e-12	68.9
WP_082449412.1	iCN718.ABAYE_RS09810	63.3	229	84	0	1	229	1	229	7.94e-105	302
WP_082449412.1	iYO844.BSU38990	63.6	231	83	1	1	231	1	230	1.42e-101	294
WP_082449412.1	iAF987.Gmet_3296	60.5	228	89	1	3	230	2	228	1.09e-96	281
WP_082449412.1	iJN1463.PP_3122	61.7	230	86	2	1	230	4	231	5.64e-95	277
WP_082449421.1	iSynCJ816.SGL_RS05320	35.4	536	303	12	148	645	219	749	1.68e-80	271
WP_082449421.1	iAF987.Gmet_0354	31.6	673	288	12	140	643	89	758	2.86e-76	262
WP_082449421.1	iAF987.Gmet_1671	33.3	556	344	11	140	674	66	615	7.37e-76	257
WP_082449464.1	iML1515.b0376	26.2	233	151	7	69	296	47	263	1.96e-07	52.8
WP_082449464.1	iYS854.USA300HOU_RS05260	23.4	256	160	9	74	322	91	317	1.45e-06	50.1
WP_082449476.1	iAF987.Gmet_0043	26.7	285	177	10	605	883	138	396	1.07e-09	62.0
WP_082449485.1	iYO844.BSU16540	50.4	123	57	2	110	228	137	259	3.72e-30	112
WP_082449485.1	iJN1463.PP_1596	37.2	226	117	5	30	234	42	263	1.07e-29	111
WP_082449485.1	iCN718.ABAYE_RS08240	46.3	147	70	3	91	231	118	261	1.59e-29	111
WP_082449485.1	iML1515.b0175	43.0	135	73	2	105	235	145	279	2.79e-29	110
WP_082449485.1	STM_v1_0.STM0222	43.0	135	73	2	105	235	145	279	2.79e-29	110
WP_082449485.1	iSbBS512_1146.SbBS512_E0168	43.0	135	73	2	105	235	145	279	2.79e-29	110
WP_082449485.1	iSDY_1059.SDY_0191	43.0	135	73	2	105	235	109	243	1.30e-29	110
WP_082449485.1	iSF_1195.SF0165	43.0	135	73	2	105	235	109	243	1.30e-29	110
WP_082449485.1	iSSON_1240.SSON_0187	43.0	135	73	2	105	235	109	243	1.30e-29	110
WP_082449485.1	iYL1228.KPN_00188	44.3	131	69	2	109	235	124	254	8.94e-29	108
WP_082449485.1	iPC815.YPO1050	41.5	135	75	2	105	235	145	279	1.40e-28	108
WP_082449485.1	iNF517.LLMG_RS12105	40.5	163	76	5	95	239	108	267	1.52e-27	105
WP_082449485.1	iIT341.HP0215	45.1	144	69	4	84	224	105	241	3.04e-26	102
WP_082449485.1	iYS854.USA300HOU_RS06355	41.6	137	76	2	103	235	122	258	5.27e-26	101
WP_082449507.1	iJN1463.PP_0434	36.7	371	214	5	2	361	3	363	2.63e-56	187
WP_082449507.1	iSbBS512_1146.SbBS512_E1832	37.1	369	213	7	4	361	7	367	9.16e-55	184
WP_082449507.1	iSDY_1059.SDY_1863	37.1	369	213	7	4	361	7	367	9.16e-55	184
WP_082449507.1	iSSON_1240.SSON_1516	37.1	369	213	7	4	361	7	367	9.16e-55	184
WP_082449507.1	iML1515.b1640	36.9	369	214	7	4	361	7	367	3.56e-54	182
WP_082449507.1	iYL1228.KPN_01978	37.9	369	210	8	4	361	7	367	7.94e-54	181
WP_082449507.1	STM_v1_0.STM1446	36.2	367	219	4	4	361	7	367	7.75e-54	181
WP_082449507.1	iSF_1195.SF1667	36.9	369	214	7	4	361	7	367	9.85e-54	181
WP_082449507.1	iPC815.YPO2372	37.2	355	206	6	4	348	7	354	8.25e-52	176
WP_082449520.1	iSynCJ816.SGL_RS08135	42.4	425	234	5	2	416	9	432	5.33e-107	323
WP_082449520.1	iEK1008.Rv1854c	40.7	447	243	7	2	433	14	453	1.65e-101	310
WP_082449520.1	iEK1008.Rv0392c	41.6	425	228	8	2	410	14	434	3.95e-95	293
WP_082449558.1	iAF692.Mbar_A2079	32.8	61	37	1	10	70	1	57	4.09e-05	39.3
WP_082449574.1	iPC815.YPO3910	33.3	141	77	5	102	239	60	186	1.50e-08	58.2
WP_082449574.1	STM_v1_0.STM2199	29.3	167	103	5	53	216	5	159	2.03e-08	57.8
WP_082449574.1	iSF_1195.SF4048	30.5	167	103	5	73	239	22	175	4.43e-08	56.6
WP_082449574.1	iML1515.b3966	32.4	170	96	7	73	239	22	175	5.83e-08	56.2
WP_082449574.1	iSSON_1240.SSON_4139	32.4	170	96	7	73	239	22	175	5.83e-08	56.2
WP_082449574.1	iYL1228.KPN_04255	32.2	121	79	2	160	280	97	214	1.75e-07	54.7
WP_082449574.1	iYL1228.KPN_02593	45.9	61	30	2	159	216	80	140	2.34e-07	54.3
WP_082449574.1	iSDY_1059.SDY_3762	31.8	170	97	7	73	239	22	175	3.02e-07	53.9
WP_082449574.1	iML1515.b2155	45.9	61	30	2	159	216	99	159	4.13e-07	53.5
WP_082449574.1	iSSON_1240.SSON_2211	45.9	61	30	2	159	216	99	159	4.13e-07	53.5
WP_082449574.1	STM_v1_0.STM4130	37.7	69	43	0	160	228	97	165	5.23e-07	53.1
WP_082449581.1	iSF_1195.SF2217	39.0	739	415	12	22	739	41	764	1.10e-162	488
WP_082449581.1	iML1515.b2132	39.0	739	415	12	22	739	41	764	3.08e-162	487
WP_082449581.1	iSDY_1059.SDY_2156	39.0	739	415	12	22	739	41	764	4.34e-162	486
WP_082449581.1	iSSON_1240.SSON_2189	38.8	739	416	12	22	739	41	764	1.72e-161	485
WP_082449581.1	iYL1228.KPN_02568	39.0	734	422	10	22	739	41	764	2.42e-161	484
WP_082449581.1	iSbBS512_1146.SbBS512_E0841	38.8	739	416	12	22	739	41	764	2.42e-161	484
WP_082449581.1	iJN1463.PP_1403	39.4	741	411	11	22	739	37	762	3.22e-161	484
WP_082449583.1	iCN900.CD630_08180	26.3	437	260	13	60	437	6	439	4.03e-30	121
WP_082449583.1	iCHOv1.100766856	27.3	462	249	16	60	446	1377	1826	2.71e-28	118
WP_082449583.1	iMM1415.226413	24.7	465	275	16	60	455	1382	1840	5.22e-26	111
WP_082449585.1	iML1515.b2247	62.3	400	142	3	2	393	3	401	2.40e-180	506
WP_082449603.1	iPC815.YPO3910	30.8	146	71	4	79	221	53	171	2.93e-08	57.4
WP_082449603.1	STM_v1_0.STM4130	31.3	144	73	4	79	221	42	160	8.63e-08	55.8
WP_082449603.1	iML1515.b3966	30.5	141	72	4	79	218	42	157	1.13e-07	55.5
WP_082449603.1	iSSON_1240.SSON_4139	30.5	141	72	4	79	218	42	157	1.13e-07	55.5
WP_082449603.1	iSF_1195.SF4048	29.8	141	73	4	79	218	42	157	1.49e-07	55.1
WP_082449603.1	iYL1228.KPN_04255	34.2	146	78	5	108	237	37	180	2.59e-07	54.3
WP_082449603.1	iSDY_1059.SDY_3762	29.8	141	73	4	79	218	42	157	5.87e-07	53.1
WP_082449605.1	iCHOv1.100755610	24.1	514	290	22	86	529	54	537	7.75e-21	95.5
WP_082449616.1	iSynCJ816.SGL_RS08885	45.3	353	187	3	27	378	20	367	2.49e-81	266
WP_082449618.1	iLJ478.TM1062	30.1	548	328	17	99	611	29	556	2.88e-55	196
WP_082449618.1	iML1515.b1617	26.3	624	362	19	44	617	15	590	1.84e-52	189
WP_082449628.1	iYO844.BSU24850	30.7	127	79	4	122	247	47	165	1.41e-07	52.4
WP_082449628.1	iCHOv1.100689450	28.0	157	105	5	94	247	419	570	2.45e-07	52.4
WP_082449628.1	iMM1415.50798	28.0	157	105	5	94	247	450	601	2.48e-07	52.4
WP_082449628.1	iNF517.LLMG_RS11535	33.0	109	69	3	140	247	63	168	2.53e-07	51.6
WP_082449628.1	iYS854.USA300HOU_RS08260	32.7	104	64	4	144	245	67	166	6.02e-06	47.4
WP_082449634.1	STM_v1_0.STM0364	24.9	201	124	6	86	272	57	244	3.95e-10	63.2
WP_082449634.1	iYL1228.KPN_00165	20.6	834	440	29	14	781	8	685	1.21e-09	61.6
WP_082449635.1	iSF_1195.SF2247	25.1	315	174	9	24	322	3	271	8.01e-18	82.8
WP_082449635.1	iML1515.b2162	24.8	315	175	9	24	322	3	271	1.09e-17	82.4
WP_082449635.1	iSSON_1240.SSON_2218	24.8	315	175	9	24	322	3	271	1.09e-17	82.4
WP_082449636.1	iML1515.b2430	25.5	188	114	7	52	219	56	237	1.63e-09	59.7
WP_082449636.1	iML1515.b0376	22.8	356	239	11	53	393	50	384	7.39e-08	54.3
WP_082449637.1	iJN1463.PP_3944	26.5	351	242	8	3	342	5	350	5.33e-14	73.6
WP_082449640.1	iAF987.Gmet_0552	46.2	305	162	2	15	317	8	312	1.05e-78	242
WP_082449640.1	iLJ478.TM0953	47.1	291	152	2	22	310	13	303	3.48e-76	235
WP_082449645.1	iJN1463.PP_1765	32.1	131	76	6	5	132	28	148	4.37e-08	50.4
WP_082449645.1	iCN718.ABAYE_RS19010	29.5	105	70	2	29	132	51	152	2.94e-07	48.1
WP_082449645.1	iYS854.USA300HOU_RS07520	28.3	127	81	2	19	141	40	160	4.10e-07	47.8
WP_082449649.1	iAF987.Gmet_1281	33.3	96	59	1	16	111	16	106	3.08e-07	47.8
WP_082449660.1	iJN1463.PP_4897	33.2	391	221	11	44	421	38	401	1.81e-45	163
WP_082449669.1	iJN1463.PP_0936	32.3	192	119	5	5	195	6	187	8.79e-14	66.6
WP_082449669.1	iML1515.b3248	30.0	190	112	6	2	185	3	177	4.04e-12	62.0
WP_082449670.1	iSDY_1059.SDY_3729	44.3	325	174	5	3	321	22	345	5.80e-81	249
WP_082449670.1	iML1515.b3997	44.3	325	174	5	3	321	22	345	3.27e-80	247
WP_082449670.1	iSbBS512_1146.SbBS512_E4488	44.3	325	174	5	3	321	22	345	3.27e-80	247
WP_082449670.1	iSSON_1240.SSON_4170	44.3	325	174	5	3	321	22	345	3.27e-80	247
WP_082449670.1	iSF_1195.SF4069	44.3	325	174	5	3	321	22	345	4.63e-80	247
WP_082449670.1	iYL1228.KPN_04379	43.1	325	178	5	3	321	22	345	7.38e-79	244
WP_082449670.1	STM_v1_0.STM4167	43.4	325	177	5	3	321	22	345	1.04e-78	243
WP_082449670.1	iPC815.YPO3734	42.8	327	180	5	1	321	20	345	3.03e-78	242
WP_082449670.1	iJN1463.PP_5074	43.4	325	177	5	3	321	22	345	4.69e-77	239
WP_082449674.1	iMM1415.230027	36.3	251	141	6	17	254	89	333	5.45e-43	149
WP_082449674.1	iCN718.ABAYE_RS19010	38.3	240	131	6	17	250	2	230	5.92e-44	148
WP_082449674.1	iJN1463.PP_1765	36.9	241	135	4	19	254	2	230	4.07e-43	145
WP_082449674.1	iYL1228.KPN_02641	39.3	234	126	5	25	253	16	238	2.11e-42	144
WP_082449674.1	STM_v1_0.STM2276	40.3	231	122	5	25	250	16	235	2.98e-42	144
WP_082449674.1	iSF_1195.SF2312	40.3	231	122	5	25	250	16	235	7.91e-42	142
WP_082449674.1	iSSON_1240.SSON_2290	40.3	231	122	5	25	250	16	235	7.91e-42	142
WP_082449674.1	iML1515.b2232	40.3	231	122	5	25	250	16	235	1.57e-41	142
WP_082449674.1	iSbBS512_1146.SbBS512_E2607	40.3	231	122	5	25	250	16	235	1.57e-41	142
WP_082449674.1	iSDY_1059.SDY_2424	40.3	231	122	5	25	250	16	235	1.57e-41	142
WP_082449674.1	iCHOv1.100763494	34.7	251	145	6	17	254	90	334	9.34e-40	140
WP_082449674.1	iPC815.YPO1215	36.4	250	143	5	10	254	1	239	2.84e-39	136
WP_082449678.1	iSbBS512_1146.SbBS512_E0302	32.2	202	115	7	183	367	169	365	1.46e-15	77.0
WP_082449678.1	iSDY_1059.SDY_0358	32.7	202	114	7	183	367	174	370	1.51e-15	77.0
WP_082449678.1	iAF987.Gmet_2425	35.8	165	98	3	201	357	173	337	2.41e-15	76.3
WP_082449678.1	iJN1463.PP_4670	35.4	189	90	5	208	374	241	419	6.34e-15	75.5
WP_082449678.1	iPC815.YPO0425	31.5	168	100	3	218	374	223	386	3.18e-14	73.2
WP_082449678.1	iJN1463.PP_4405	39.4	109	59	1	195	296	156	264	2.98e-14	72.8
WP_082449678.1	iJN1463.PP_1494	32.8	174	96	5	211	367	166	335	1.80e-13	70.5
WP_082449687.1	iAF692.Mbar_A1202	28.8	285	176	4	52	316	40	317	2.09e-25	104
WP_082449693.1	iML1515.b1601	26.5	359	223	10	45	388	8	340	6.37e-19	87.0
WP_082449695.1	iAF987.Gmet_1238	35.5	220	121	9	50	263	56	260	3.06e-21	92.8
WP_082449698.1	iCHOv1.100751499	38.7	346	192	6	8	337	62	403	9.11e-68	218
WP_082449698.1	iMM904.YER141W	39.3	349	169	10	18	325	86	432	1.21e-60	201
WP_082449704.1	iYL1228.KPN_00869	39.7	375	172	14	61	421	35	369	6.80e-67	217
WP_082449704.1	iML1515.b0837	38.4	372	183	12	59	420	35	370	2.81e-66	215
WP_082449704.1	iSbBS512_1146.SbBS512_E2507	38.2	372	184	12	59	420	35	370	1.10e-65	214
WP_082449704.1	iSSON_1240.SSON_0820	38.2	372	184	12	59	420	35	370	1.55e-65	213
WP_082449710.1	iHN637.CLJU_RS19935	29.3	123	77	3	75	191	53	171	5.77e-08	50.1
WP_082449715.1	iEK1008.Rv1200	39.3	410	239	4	5	406	2	409	1.06e-89	278
WP_082449716.1	iHN637.CLJU_RS19935	48.9	45	22	1	116	159	59	103	3.88e-04	40.8
WP_082449718.1	iJN1463.PP_2242	31.3	99	55	5	58	148	42	135	1.79e-04	40.4
WP_082449718.1	iSbBS512_1146.SbBS512_E0485	30.8	107	58	4	49	148	22	119	1.79e-04	40.4
WP_082449718.1	iSDY_1059.SDY_0512	30.8	107	58	4	49	148	22	119	1.79e-04	40.4
WP_082449718.1	iSF_1195.SF0496	30.8	107	58	4	49	148	22	119	1.79e-04	40.4
WP_082449718.1	iSSON_1240.SSON_0534	30.8	107	58	4	49	148	22	119	1.79e-04	40.4
WP_082449718.1	iML1515.b0584	29.9	107	59	4	49	148	22	119	5.98e-04	38.9
WP_082449718.1	STM_v1_0.STM0585	28.4	95	53	3	60	148	38	123	5.99e-04	38.9
WP_082449723.1	iJN1463.PP_0691	42.5	365	205	4	52	413	10	372	3.47e-79	248
WP_082449723.1	iAF987.Gmet_3198	40.5	365	212	5	52	413	11	373	1.85e-72	231
WP_082449723.1	iCN718.ABAYE_RS05325	41.1	367	208	6	50	412	14	376	1.15e-71	229
WP_082449724.1	iAF987.Gmet_0842	35.8	366	227	4	58	419	30	391	4.26e-74	236
WP_082449724.1	iEK1008.Rv0032	36.1	360	224	3	53	409	401	757	5.87e-66	224
WP_082449724.1	iYS854.USA300HOU_RS02890	34.6	358	224	5	62	414	38	390	3.82e-69	223
WP_082449724.1	iJN1463.PP_0363	35.5	349	220	4	59	406	31	375	2.38e-65	213
WP_082449738.1	iAF987.Gmet_0880	31.7	306	196	4	36	338	7	302	6.84e-36	135
WP_082449747.1	iML1515.b3503	55.1	138	62	0	4	141	3	140	4.74e-50	156
WP_082449747.1	iSbBS512_1146.SbBS512_E3818	55.1	138	62	0	4	141	3	140	4.74e-50	156
WP_082449747.1	iSF_1195.SF3536	55.1	138	62	0	4	141	3	140	4.74e-50	156
WP_082449747.1	iSSON_1240.SSON_3738	55.1	138	62	0	4	141	3	140	4.74e-50	156
WP_082449747.1	iSDY_1059.SDY_3559	54.3	138	63	0	4	141	3	140	1.11e-48	152
WP_082449748.1	iLJ478.TM0024	37.2	250	135	10	44	279	216	457	9.96e-41	148
WP_082449766.1	iML1515.b3496	31.1	495	302	9	11	490	13	483	5.89e-70	231
WP_082449766.1	iSSON_1240.SSON_3731	31.1	495	302	9	11	490	13	483	8.25e-70	231
WP_082449766.1	iSbBS512_1146.SbBS512_E3826	30.9	495	303	9	11	490	13	483	6.22e-69	229
WP_082449766.1	iML1515.b0709	31.6	455	276	9	8	449	5	437	1.67e-63	214
WP_082449766.1	iSF_1195.SF0588	31.6	455	276	9	8	449	5	437	2.33e-63	214
WP_082449766.1	iSbBS512_1146.SbBS512_E0626	31.6	455	276	9	8	449	5	437	3.26e-63	214
WP_082449766.1	iSSON_1240.SSON_0660	31.6	455	276	9	8	449	5	437	4.55e-63	213
WP_082449766.1	iML1515.b4130	30.7	486	311	9	11	490	7	472	1.03e-62	212
WP_082449766.1	iSSON_1240.SSON_4307	30.7	486	311	9	11	490	7	472	1.03e-62	212
WP_082449766.1	iSDY_1059.SDY_4467	30.2	486	313	9	11	490	7	472	2.90e-61	208
WP_082449782.1	iML1515.b2293	44.9	176	93	2	12	183	6	181	2.53e-40	136
WP_082449784.1	iJN1463.PP_3588	29.2	271	168	9	42	301	15	272	1.80e-14	74.3
WP_082449785.1	iAF987.Gmet_1854	33.3	120	72	2	270	381	272	391	1.82e-08	55.5
WP_082449786.1	iLB1027_lipid.PHATRDRAFT_29016	42.4	1044	481	21	3	963	58	1064	1.15e-270	785
WP_082449786.1	iYL1228.KPN_00732	45.7	966	471	14	7	962	11	932	2.12e-271	782
WP_082449786.1	iCN718.ABAYE_RS04435	44.8	969	478	14	7	962	11	935	1.77e-267	772
WP_082449786.1	iJN1463.PP_4189	45.7	963	474	15	12	962	16	941	4.53e-267	771
WP_082449786.1	iML1515.b0726	45.3	963	477	15	7	962	11	930	2.61e-266	769
WP_082449786.1	iSbBS512_1146.SbBS512_E0645	45.3	963	477	15	7	962	11	930	2.61e-266	769
WP_082449786.1	iSDY_1059.SDY_0664	45.3	963	477	15	7	962	11	930	2.61e-266	769
WP_082449786.1	iSF_1195.SF0571	45.3	963	477	15	7	962	11	930	2.61e-266	769
WP_082449786.1	iSSON_1240.SSON_0677	45.3	963	477	15	7	962	11	930	3.69e-266	768
WP_082449786.1	STM_v1_0.STM0736	45.1	962	480	15	7	962	11	930	4.18e-265	766
WP_082449786.1	iPC815.YPO1113	43.7	961	497	13	7	962	11	932	1.82e-261	756
WP_082449786.1	iMM904.YIL125W	43.6	983	493	16	18	962	52	1011	1.86e-259	754
WP_082449786.1	iAF987.Gmet_2769	44.2	960	461	17	10	963	3	893	2.12e-255	739
WP_082449786.1	iCHOv1.100764862	42.3	985	491	21	12	953	51	1001	1.11e-241	709
WP_082449786.1	iAT_PLT_636.4967	42.1	1012	496	22	12	966	51	1029	7.03e-241	707
WP_082449787.1	iYS854.USA300HOU_RS13930	33.3	84	44	2	18	98	17	91	1.39e-07	53.1
WP_082449787.1	STM_v1_0.STM2232	21.5	317	198	12	22	322	10	291	9.98e-07	50.4
WP_082449789.1	iML1515.b3502	50.8	118	53	2	2	116	107	222	1.99e-22	90.9
WP_082449789.1	iSbBS512_1146.SbBS512_E3819	50.8	118	53	2	2	116	107	222	1.99e-22	90.9
WP_082449789.1	iSF_1195.SF3535	50.8	118	53	2	2	116	107	222	1.99e-22	90.9
WP_082449789.1	iSSON_1240.SSON_3737	50.8	118	53	2	2	116	114	229	2.06e-22	90.9
WP_082449789.1	iSDY_1059.SDY_3560	50.0	118	54	2	2	116	114	229	7.37e-22	89.4
WP_082449789.1	iYL1228.KPN_03304	51.7	120	49	3	2	116	107	222	9.85e-22	89.0
WP_082449789.1	iJN1463.PP_1929	50.8	118	53	2	2	116	107	222	2.53e-21	87.8
WP_082449789.1	iPC815.YPO3347	50.9	116	52	2	2	114	107	220	4.82e-21	87.0
WP_082449789.1	iJN1463.PP_2717	50.0	116	53	2	2	114	107	220	6.06e-20	84.0
WP_082449790.1	iAF987.Gmet_0782	28.6	140	100	0	165	304	163	302	2.65e-12	70.1
WP_082449795.1	iYS854.USA300HOU_RS07595	23.4	351	206	15	23	354	19	325	2.55e-06	50.4
WP_082449801.1	iAF987.Gmet_1298	32.4	275	156	7	351	599	73	343	3.59e-31	124
WP_082449801.1	iAF987.Gmet_2425	40.1	187	109	2	419	605	166	349	4.88e-31	124
WP_082449801.1	iAF987.Gmet_0069	41.5	164	95	1	436	599	138	300	5.77e-31	122
WP_082449801.1	iAF987.Gmet_2721	36.9	225	126	6	391	603	446	666	1.23e-28	120
WP_082449801.1	iJN1463.PP_0129	38.6	197	110	4	409	599	450	641	1.07e-26	114
WP_082449807.1	iAF987.Gmet_2352	27.6	116	79	2	64	175	65	179	1.74e-05	45.4
WP_082449811.1	STM_v1_0.STM2393	40.0	280	163	3	6	283	13	289	9.35e-61	194
WP_082449811.1	iJN1463.PP_1156	41.4	268	155	2	15	280	7	274	8.63e-61	194
WP_082449811.1	iSDY_1059.SDY_2551	39.9	263	156	2	23	283	24	286	1.36e-59	191
WP_082449811.1	iSSON_1240.SSON_2404	39.9	263	156	2	23	283	24	286	1.36e-59	191
WP_082449811.1	iSbBS512_1146.SbBS512_E2730	39.9	263	156	2	23	283	24	286	2.70e-59	191
WP_082449811.1	iSF_1195.SF2425	40.2	249	147	2	37	283	1	249	2.36e-57	184
WP_082449815.1	iAF692.Mbar_A0023	40.8	306	180	1	29	334	13	317	3.77e-71	223
WP_082449824.1	iAF987.Gmet_0043	27.3	253	172	6	419	662	17	266	4.30e-16	82.0
WP_082449825.1	iJN1463.PP_1144	36.9	325	198	4	111	428	388	712	1.64e-50	182
WP_082449825.1	iJN1463.PP_3581	29.7	397	272	4	39	428	288	684	8.57e-46	168
WP_082449825.1	iAF987.Gmet_0782	30.2	401	256	9	48	432	336	728	7.72e-45	166
WP_082449826.1	iSDY_1059.SDY_1629	30.3	439	270	13	43	463	42	462	6.44e-42	155
WP_082449831.1	iJN1463.PP_3591	43.2	331	181	6	4	331	6	332	1.87e-64	206
WP_082449836.1	iLJ478.TM1751	34.6	309	188	5	40	340	12	314	2.14e-64	206
WP_082449845.1	iJN1463.PP_0986	50.9	385	161	5	31	408	9	372	3.19e-113	335
WP_082449847.1	iAF987.Gmet_3012	42.7	89	49	1	143	231	49	135	2.96e-14	68.9
WP_082449847.1	iML1515.b1856	37.5	104	63	1	142	245	312	413	4.44e-13	67.8
WP_082449847.1	iAF987.Gmet_1350	31.9	166	111	1	79	244	45	208	1.79e-12	64.7
WP_082449855.1	iPC815.YPO0616	30.6	572	334	16	54	599	12	546	1.15e-59	216
WP_082449855.1	iSF_1195.SF2217	30.3	577	339	17	58	599	38	586	1.53e-52	196
WP_082449861.1	STM_v1_0.STM4130	32.0	247	134	8	40	259	22	261	1.19e-19	94.0
WP_082449861.1	iML1515.b3966	33.8	195	109	5	40	217	22	213	2.08e-19	93.2
WP_082449861.1	iSF_1195.SF4048	34.4	195	108	5	40	217	22	213	2.08e-19	93.2
WP_082449861.1	iSSON_1240.SSON_4139	33.8	195	109	5	40	217	22	213	2.08e-19	93.2
WP_082449861.1	iSDY_1059.SDY_3762	32.7	245	135	8	40	259	22	261	6.33e-19	91.7
WP_082449861.1	iPC815.YPO3910	32.0	194	108	5	38	213	32	219	6.08e-18	88.6
WP_082449862.1	iML1515.b2801	43.7	419	225	3	16	428	16	429	4.83e-101	308
WP_082449862.1	iSSON_1240.SSON_2958	43.7	419	225	3	16	428	16	429	6.82e-101	307
WP_082449862.1	iSF_1195.SF2815	43.8	420	223	5	16	428	16	429	1.08e-99	304
WP_082449862.1	iYL1228.KPN_03152	42.8	414	226	3	21	428	6	414	1.22e-97	298
WP_082449864.1	iML1515.b2155	29.8	141	85	4	43	180	29	158	4.85e-11	66.2
WP_082449864.1	iSSON_1240.SSON_2211	29.8	141	85	4	43	180	29	158	4.85e-11	66.2
WP_082449864.1	STM_v1_0.STM2199	30.5	141	84	4	43	180	29	158	6.38e-11	65.9
WP_082449864.1	iYL1228.KPN_02593	30.0	120	75	3	64	180	26	139	2.91e-09	60.5
WP_082449869.1	iYL1228.KPN_04287	53.5	415	182	5	14	417	6	420	5.90e-143	413
WP_082449869.1	iML1515.b3787	54.2	415	179	5	14	417	6	420	8.36e-143	413
WP_082449869.1	iSF_1195.SF3861	54.2	415	179	5	14	417	6	420	8.36e-143	413
WP_082449869.1	iSSON_1240.SSON_3959	54.2	415	179	5	14	417	6	420	8.36e-143	413
WP_082449869.1	iSbBS512_1146.SbBS512_E4134	54.2	415	179	5	14	417	6	420	1.68e-142	412
WP_082449869.1	iSDY_1059.SDY_3961	54.2	415	179	5	14	417	6	420	1.68e-142	412
WP_082449869.1	iPC815.YPO3863	55.2	417	172	5	14	417	6	420	3.13e-140	406
WP_082449869.1	STM_v1_0.STM3921	53.7	415	181	5	14	417	6	420	2.05e-138	402
WP_082449872.1	iJN1463.PP_3144	54.7	459	193	6	4	450	3	458	7.10e-152	439
WP_082449872.1	iJN1463.PP_0987	54.8	456	197	5	4	450	3	458	1.15e-150	436
WP_082449872.1	iCN718.ABAYE_RS11985	52.7	459	203	7	4	450	3	459	3.33e-145	422
WP_082449872.1	iJN1463.PP_0297	51.2	459	209	4	4	450	3	458	1.70e-142	415
WP_082449872.1	iPC815.YPO1771	51.2	451	212	5	4	447	2	451	2.53e-138	404
WP_082449873.1	iSynCJ816.SGL_RS11800	33.9	165	74	8	10	145	36	194	2.41e-10	58.9
WP_082449873.1	iJN1463.PP_5011	32.6	144	81	6	10	144	37	173	2.71e-09	55.5
WP_082449873.1	iAF987.Gmet_0844	38.5	104	54	3	46	145	45	142	7.35e-09	54.3
WP_082449873.1	iYS854.USA300HOU_RS07520	31.0	171	99	6	10	169	18	180	1.13e-08	53.5
WP_082449876.1	iJN1463.PP_3999	32.2	289	153	6	6	253	4	290	4.10e-23	97.1
WP_082449876.1	iCN718.ABAYE_RS04340	29.5	288	160	7	7	253	5	290	5.06e-20	88.2
WP_082449878.1	iYS854.USA300HOU_RS07060	42.4	262	142	3	149	403	46	305	3.47e-60	197
WP_082449887.1	iHN637.CLJU_RS11605	44.6	157	73	2	1	157	5	147	1.88e-43	141
WP_082449887.1	iAF987.Gmet_2135	41.8	153	75	1	5	157	20	158	5.16e-39	130
WP_082449893.1	iJN1463.PP_5340	47.0	115	61	0	7	121	226	340	1.73e-28	105
WP_082449913.1	iAF987.Gmet_2999	39.5	114	66	1	7	117	7	120	9.64e-19	83.6
WP_082449913.1	iAF987.Gmet_0069	33.3	117	73	2	6	117	1	117	1.02e-16	77.4
WP_082449915.1	iML1515.b3430	57.6	406	172	0	12	417	20	425	2.38e-170	483
WP_082449915.1	iSDY_1059.SDY_3576	57.6	406	172	0	12	417	20	425	2.38e-170	483
WP_082449915.1	iSF_1195.SF3453	57.6	406	172	0	12	417	20	425	2.38e-170	483
WP_082449915.1	iSSON_1240.SSON_3670	57.6	406	172	0	12	417	20	425	2.38e-170	483
WP_082449915.1	iSbBS512_1146.SbBS512_E3894	57.6	406	172	0	12	417	20	425	6.78e-170	482
WP_082449915.1	STM_v1_0.STM3536	57.0	407	175	0	12	418	20	426	9.02e-168	477
WP_082449915.1	iYL1228.KPN_03796	57.4	406	173	0	12	417	20	425	1.82e-167	476
WP_082449915.1	iPC815.YPO3940	57.8	398	168	0	8	405	16	413	2.12e-162	465
WP_082449930.1	STM_v1_0.STM2232	31.0	500	311	14	31	523	6	478	3.57e-52	190
WP_082449937.1	iAF987.Gmet_2530	24.4	266	134	7	68	276	34	289	1.97e-09	60.8
WP_082449937.1	iAM_Pb448.PBANKA_083440	24.5	212	143	7	69	276	41	239	6.95e-08	55.8
WP_082449942.1	iYS854.USA300HOU_RS12610	20.1	394	226	11	71	424	33	377	3.53e-07	52.0
WP_082449942.1	iYS854.USA300HOU_RS06035	40.4	52	29	2	67	117	11	61	1.47e-06	50.1
WP_082449942.1	iHN637.CLJU_RS07520	32.4	105	47	3	67	171	13	93	2.04e-06	49.7
WP_082449942.1	STM_v1_0.STM0787	22.4	392	251	14	69	434	28	392	1.89e-06	49.7
WP_082449942.1	iJN1463.PP_5030	24.7	405	218	17	62	423	12	372	4.34e-06	48.5
WP_082449944.1	iMM1415.319945	30.9	243	156	5	4	239	14	251	1.30e-26	107
WP_082449944.1	iCHOv1.100774575	29.2	243	160	5	4	239	12	249	2.68e-24	100
WP_156347510.1	iMM904.YEL039C	39.8	88	52	1	38	124	24	111	5.97e-18	73.2
WP_156347510.1	iMM904.YJR048W	43.3	67	38	0	38	104	20	86	6.84e-16	67.8
WP_156357586.1	iSynCJ816.SGL_RS10110	33.5	200	122	5	7	202	4	196	2.34e-34	122
WP_156357586.1	iYL1228.KPN_02014	35.9	198	118	4	9	204	6	196	7.04e-35	122
WP_156357586.1	iJN1463.PP_0100	34.0	197	122	3	7	201	25	215	8.73e-33	117
WP_156357626.1	STM_v1_0.STM3002	38.6	293	151	9	1	272	1	285	1.06e-63	201
WP_156357915.1	iJN1463.PP_1336	31.6	364	229	9	32	384	20	374	1.48e-36	137
WP_156357915.1	iML1515.b0089	30.7	362	229	8	34	384	45	395	2.15e-33	129
WP_156361360.1	iML1515.b1022	34.0	238	155	2	730	965	76	313	7.18e-34	135
WP_156361364.1	iMM1415.74147	42.5	668	345	10	18	654	18	677	1.19e-148	448
WP_156361364.1	iCHOv1.100754698	41.0	670	356	9	18	654	18	681	1.64e-146	442
WP_156361380.1	iYO844.BSU05860	42.3	293	156	6	6	290	1	288	1.45e-61	196
WP_156361416.1	iAT_PLT_636.4905	29.3	164	99	6	116	263	245	407	1.89e-09	58.9
WP_156361416.1	iMM1415.18195	29.3	164	99	6	116	263	245	407	1.89e-09	58.9
WP_156361419.1	iAF987.Gmet_3262	31.4	118	72	3	18	130	136	249	3.10e-06	49.7
WP_156361431.1	iYO844.BSU16530	50.5	222	109	1	1	221	39	260	3.08e-68	209
WP_156361431.1	iCN900.CD630_21360	49.5	222	111	1	1	221	22	243	1.52e-67	207
WP_156361431.1	STM_v1_0.STM0221	50.2	221	109	1	1	220	24	244	2.22e-66	204
WP_156361431.1	iSbBS512_1146.SbBS512_E0167	50.2	221	109	1	1	220	24	244	3.15e-66	204
WP_156361431.1	iML1515.b0174	50.2	221	109	1	1	220	25	245	4.60e-66	204
WP_156361431.1	iSDY_1059.SDY_0190	50.2	221	109	1	1	220	25	245	4.60e-66	204
WP_156361431.1	iSF_1195.SF0164	50.2	221	109	1	1	220	25	245	4.60e-66	204
WP_156361431.1	iSSON_1240.SSON_0186	50.2	221	109	1	1	220	25	245	4.60e-66	204
WP_156361431.1	iYS854.USA300HOU_RS06350	47.3	222	116	1	1	221	32	253	8.16e-65	201
WP_156361431.1	iJN1463.PP_1595	49.5	220	110	1	1	219	20	239	7.36e-62	193
WP_156361431.1	iYL1228.KPN_00187	48.4	221	113	1	1	220	30	250	2.58e-61	192
WP_156361431.1	iAF987.Gmet_1254	45.0	220	120	1	1	219	17	236	2.54e-61	191
WP_156361431.1	iSynCJ816.SGL_RS16700	46.4	220	117	1	1	219	28	247	3.94e-61	191
WP_156361431.1	iPC815.YPO1049	46.6	221	117	1	1	220	23	243	2.45e-60	189
WP_156361504.1	iAF692.Mbar_A1731	23.6	195	111	7	114	296	113	281	9.48e-09	57.8
WP_156361504.1	iEK1008.Rv2610c	27.6	254	158	10	118	366	112	344	3.91e-08	55.8
WP_156361520.1	iPC815.YPO1654	25.5	490	292	18	75	519	127	588	2.75e-26	115
WP_156361520.1	iLJ478.TM1193	23.8	534	338	20	22	519	45	545	3.06e-24	108
WP_156361520.1	iSSON_1240.SSON_0299	25.0	551	328	21	22	519	55	573	2.65e-23	105
WP_156361527.1	iAF987.Gmet_0414	40.8	287	168	2	6	291	13	298	1.00e-59	192
WP_156361527.1	iNF517.LLMG_RS06735	40.9	281	163	3	13	291	18	297	2.36e-54	178
WP_156361542.1	iYL1228.KPN_04255	22.9	385	192	16	96	460	20	319	1.19e-04	45.8
WP_156361570.1	iJN1463.PP_4811	52.1	411	194	3	19	427	9	418	5.62e-129	378
WP_156361570.1	iCN718.ABAYE_RS16300	51.5	412	197	3	19	427	9	420	1.95e-126	372
WP_156361570.1	iAF987.Gmet_3199	50.1	409	202	2	21	427	9	417	3.54e-118	350
WP_156361572.1	iYO844.BSU03070	27.1	225	156	4	13	234	7	226	3.68e-18	86.7
WP_156361591.1	iEK1008.Rv2131c	51.6	244	95	7	15	243	25	260	1.48e-64	201
WP_156361617.1	iCN718.ABAYE_RS09215	62.9	590	215	1	7	596	10	595	5.97e-274	760
WP_156361622.1	iSbBS512_1146.SbBS512_E2335	32.0	403	216	14	23	377	30	422	3.09e-37	139
WP_156361622.1	iPC815.YPO1648	29.5	420	244	14	4	375	14	429	4.77e-36	136
WP_156361622.1	iML1515.b0980	31.7	404	216	15	23	377	30	422	5.75e-36	135
WP_156361622.1	iSSON_1240.SSON_0987	31.7	404	216	15	23	377	30	422	5.75e-36	135
WP_156361622.1	iSF_1195.SF0982	31.3	403	219	14	23	377	30	422	1.06e-34	132
WP_156361622.1	iSDY_1059.SDY_0956	31.3	403	219	14	23	377	32	424	1.51e-34	132
WP_156361623.1	iLJ478.TM1193	26.6	391	238	14	100	456	69	444	2.31e-25	113
WP_156361623.1	iYL1228.KPN_01610	32.6	368	190	18	154	485	147	492	3.84e-25	112
WP_156361623.1	iPC815.YPO1654	28.1	356	214	13	136	456	129	477	1.23e-22	104
WP_156361623.1	iSDY_1059.SDY_0378	25.8	515	296	22	136	606	67	539	2.61e-22	103
WP_156361624.1	iCN900.CD630_01200	31.3	310	192	6	38	329	299	605	2.76e-34	132
WP_156361624.1	iAF987.Gmet_0104	31.9	313	186	7	38	329	298	604	3.51e-31	123
WP_156361624.1	iHN637.CLJU_RS19905	30.7	313	190	7	38	329	297	603	4.13e-30	120
WP_156361624.1	iYO844.BSU01780	32.3	300	186	6	44	329	299	595	1.01e-29	119
WP_156361640.1	iML1515.b0054	22.7	737	483	24	32	719	36	734	8.01e-18	87.8
WP_156361640.1	iSF_1195.SF0051	22.8	737	482	24	32	719	36	734	8.01e-18	87.8
WP_156361640.1	iSSON_1240.SSON_0062	22.7	737	483	24	32	719	36	734	8.01e-18	87.8
WP_156361640.1	iSbBS512_1146.SbBS512_E0048	22.7	737	483	24	32	719	36	734	1.06e-17	87.4
WP_156361640.1	iSDY_1059.SDY_0079	22.5	737	484	24	32	719	36	734	7.29e-17	84.7
WP_156361641.1	iJN1463.PP_0980	45.2	352	182	6	142	487	147	493	1.20e-94	295
WP_156361641.1	iCN718.ABAYE_RS17615	44.6	370	191	7	122	487	117	476	1.55e-94	294
WP_156361641.1	iSDY_1059.SDY_4284	47.4	321	159	5	169	485	179	493	2.73e-87	276
WP_156361641.1	iML1515.b4260	47.4	321	159	5	169	485	179	493	3.84e-87	276
WP_156361641.1	iSSON_1240.SSON_4445	47.4	321	159	5	169	485	179	493	3.84e-87	276
WP_156361641.1	iSF_1195.SF4229	46.5	327	165	5	163	485	173	493	1.07e-86	275
WP_156361641.1	iSbBS512_1146.SbBS512_E4821	47.0	321	160	5	169	485	179	493	2.98e-86	273
WP_156361641.1	iPC815.YPO3441	47.0	321	160	5	169	485	179	493	2.98e-86	273
WP_156361641.1	STM_v1_0.STM4477	46.4	321	162	5	169	485	179	493	1.17e-85	272
WP_156361641.1	iYL1228.KPN_04665	46.4	321	162	5	169	485	179	493	9.04e-85	270
WP_156361650.1	iJN1463.PP_0897	69.9	502	149	2	3	502	4	505	1.38e-255	706
WP_156361650.1	iCN718.ABAYE_RS16340	64.8	503	175	2	3	504	5	506	3.75e-239	664
WP_162233640.1	iML1515.b2047	44.8	212	112	3	252	462	257	464	3.06e-46	166
WP_162233680.1	iAM_Pc455.PCYB_072560	27.0	252	154	7	38	263	28	275	1.43e-18	85.1
WP_162233680.1	iAM_Pv461.PVX_099320	27.1	251	155	7	38	263	28	275	1.94e-18	84.7
WP_162233680.1	iAM_Pf480.PF3D7_0918000	27.2	257	147	8	38	263	29	276	2.65e-18	84.3
WP_162233680.1	iAM_Pb448.PBANKA_081900	25.5	259	149	9	38	263	28	275	4.06e-17	80.9
WP_162235039.1	iSynCJ816.SGL_RS16185	45.7	105	55	1	127	231	189	291	4.50e-20	87.0
WP_162235041.1	iCN718.ABAYE_RS04295	33.3	132	80	4	95	222	71	198	4.93e-10	57.0
WP_162235041.1	iSynCJ816.SGL_RS14980	36.7	98	58	2	115	212	127	220	3.77e-08	52.0
WP_162235041.1	iYS854.USA300HOU_RS07240	40.0	100	55	4	116	214	96	191	3.76e-08	51.6
WP_162235045.1	iSDY_1059.SDY_2587	29.1	258	174	5	54	307	67	319	4.76e-19	85.5
WP_162235045.1	iSSON_1240.SSON_2480	29.1	258	174	5	54	307	67	319	6.51e-19	85.1
WP_162235045.1	iYL1228.KPN_02738	29.2	257	173	5	54	306	67	318	1.67e-18	84.0
WP_162235045.1	iML1515.b2388	28.7	258	175	5	54	307	67	319	2.28e-18	83.6
WP_162235045.1	iSbBS512_1146.SbBS512_E2757	28.7	258	175	5	54	307	67	319	2.28e-18	83.6
WP_162235045.1	iSF_1195.SF2454	28.3	258	176	5	54	307	67	319	2.77e-17	80.5
WP_162235045.1	iPC815.YPO2977	26.8	257	181	4	54	307	67	319	9.78e-17	79.0
WP_162235045.1	iJN1463.PP_1011	30.5	262	175	4	49	307	62	319	2.38e-16	77.8
WP_162235045.1	STM_v1_0.STM2403	26.7	296	206	7	16	307	31	319	2.43e-16	77.8
WP_162235052.1	STM_v1_0.STM2777	24.8	161	88	7	55	183	14	173	1.57e-05	48.5
WP_162235052.1	iML1515.b2155	22.6	115	85	2	72	182	45	159	5.97e-05	46.6
WP_162235052.1	iSSON_1240.SSON_2211	22.6	115	85	2	72	182	45	159	5.97e-05	46.6
WP_162235052.1	iYL1228.KPN_04255	28.6	105	72	2	79	180	47	151	7.64e-05	46.2
WP_162235052.1	iSDY_1059.SDY_1022	26.0	123	73	5	78	183	51	172	1.06e-04	45.8
WP_162235052.1	iYL1228.KPN_02593	21.7	115	86	2	72	182	26	140	1.76e-04	45.1
WP_162235056.1	iAF987.Gmet_0043	32.9	149	86	4	329	466	122	267	2.18e-09	59.3
WP_162235058.1	iAF987.Gmet_2529	26.0	420	299	6	493	906	43	456	1.03e-22	102
WP_162235060.1	iAF987.Gmet_0043	28.7	129	86	3	156	279	418	545	3.49e-07	51.2
WP_162235060.1	iJN1463.PP_0129	29.9	174	107	7	143	307	475	642	6.42e-07	50.4
WP_162235062.1	iJN1463.PP_3581	41.3	225	122	3	1	218	12	233	3.36e-35	143
WP_162235063.1	STM_v1_0.STM3315	27.5	189	110	8	46	212	142	325	6.80e-04	40.0
WP_162235064.1	iML1515.b1617	27.9	645	367	26	19	627	4	586	2.10e-40	157
WP_162235064.1	iLJ478.TM1062	27.0	582	344	20	58	619	30	550	3.32e-39	153
WP_162235069.1	iML1515.b1601	22.3	301	209	9	45	333	40	327	1.01e-07	52.8
WP_162235078.1	iAF692.Mbar_A1731	33.1	151	89	4	201	345	174	318	9.61e-16	77.8
WP_162235079.1	iSbBS512_1146.SbBS512_E4050	26.5	185	128	3	3	181	18	200	1.28e-05	45.4
WP_162235079.1	iSSON_1240.SSON_3782	26.5	185	128	3	3	181	18	200	1.28e-05	45.4
WP_162235085.1	iSDY_1059.SDY_3205	25.8	415	255	8	124	496	26	429	7.61e-22	98.2
WP_162235085.1	iSF_1195.SF3075	25.5	415	256	8	124	496	24	427	7.53e-22	98.2
WP_162235085.1	iML1515.b3035	25.5	415	256	8	124	496	24	427	1.35e-21	97.4
WP_162235085.1	iSSON_1240.SSON_3173	25.5	415	256	8	124	496	26	429	1.36e-21	97.4
WP_162235085.1	iSbBS512_1146.SbBS512_E3468	25.1	415	258	8	124	496	26	429	7.77e-21	95.1
WP_162235087.1	iNF517.LLMG_RS08595	35.6	87	49	1	7	86	71	157	5.58e-09	53.5
WP_162235087.1	iYL1228.KPN_00440	42.5	87	41	2	9	86	94	180	3.99e-08	51.6
WP_162235094.1	iJN1463.PP_4103	61.4	533	194	3	7	535	14	538	2.13e-210	594
WP_162235099.1	iAM_Pc455.PCYB_094280	28.7	251	135	10	78	309	722	947	6.61e-06	49.7
WP_162235099.1	iAM_Pv461.PVX_092460	27.5	251	138	10	78	309	877	1102	7.80e-05	46.2
WP_162235102.1	iAF987.Gmet_1238	26.6	173	92	7	200	345	97	261	4.08e-04	41.2
WP_162235106.1	iCHOv1.100756666	32.4	485	256	18	34	464	41	507	4.12e-45	166
WP_162235106.1	iMM1415.436059	31.2	471	249	16	50	464	57	508	1.50e-44	164
WP_162235106.1	iMM1415.11423	30.9	541	274	25	32	493	41	560	1.09e-43	162
WP_162235106.1	iCHOv1.100770679	30.6	543	280	24	32	498	41	562	2.98e-42	158
WP_162235106.1	iEK1008.Rv2045c	32.9	508	247	21	31	479	17	489	1.27e-42	158
WP_162235108.1	STM_v1_0.STM2232	31.9	113	70	2	12	124	10	115	3.08e-04	42.4
WP_162235113.1	iAM_Pf480.PF3D7_1136900	27.7	296	152	14	64	346	727	973	1.68e-08	58.2
WP_162235113.1	iAM_Pb448.PBANKA_110710	24.8	355	200	13	63	389	257	572	1.13e-07	55.1
WP_162235114.1	iAF987.Gmet_0700	40.6	453	260	4	118	563	358	808	4.60e-99	322
WP_162235114.1	iAF987.Gmet_2629	37.9	451	272	4	119	563	350	798	1.91e-96	315
WP_162235114.1	iAF987.Gmet_0782	38.3	431	257	4	140	563	287	715	3.93e-90	296
WP_183128830.1	iAF987.Gmet_3470	26.3	331	219	8	83	399	131	450	1.99e-17	84.3
WP_183128830.1	iAF692.Mbar_A2221	27.4	340	222	10	51	377	77	404	4.53e-17	83.2
WP_183128830.1	iJN1463.PP_3959	28.8	399	243	14	26	398	30	413	4.28e-16	79.7
WP_200909437.1	iJN1463.PP_4402	71.2	333	96	0	4	336	6	338	8.98e-184	510
WP_200910762.1	iLJ478.TM0055	39.6	671	379	9	28	684	7	665	3.19e-163	485
WP_200910764.1	iJN1463.PP_4762	49.5	279	139	2	12	289	8	285	7.44e-84	253
WP_200910764.1	iPC815.YPO3141	44.4	277	154	0	12	288	8	284	1.15e-79	242
WP_200910764.1	iYL1228.KPN_00415	42.4	283	159	2	9	289	5	285	4.55e-74	228
WP_200910766.1	iJN1463.PP_4619	31.1	164	102	8	12	171	9	165	6.02e-07	48.1
WP_200910766.1	iCHOv1.100764455	32.0	100	65	2	13	112	64	160	4.71e-06	46.2
WP_200910766.1	iMM1415.14874	33.0	100	64	2	13	112	17	113	7.21e-06	45.1
WP_200910766.1	iAT_PLT_636.2954	31.0	100	66	2	13	112	17	113	1.32e-05	44.3
WP_200910768.1	iAF987.Gmet_0782	32.1	399	235	6	280	655	339	724	2.39e-45	172
WP_200910768.1	iAF987.Gmet_0700	31.8	469	279	10	200	651	369	813	1.36e-44	170
WP_200910768.1	iJN1463.PP_0914	32.5	409	249	8	269	657	283	684	4.70e-44	167
WP_200910768.1	iAF987.Gmet_2629	32.5	406	243	10	272	657	415	809	6.92e-42	162
WP_200910768.1	iAF987.Gmet_0957	33.9	381	217	7	288	645	241	609	2.53e-42	162
WP_200910768.1	iJN1463.PP_1144	32.0	406	230	10	280	657	327	714	5.38e-41	159
WP_200910768.1	iAF987.Gmet_3085	30.5	397	244	5	280	655	498	883	3.97e-40	157
WP_200910769.1	iAF987.Gmet_0069	32.8	174	114	2	128	299	131	303	2.78e-24	99.8
WP_200910769.1	iAF987.Gmet_2721	37.6	181	108	4	125	301	488	667	3.86e-21	93.2
WP_200910769.1	iAF987.Gmet_0043	37.7	175	103	4	128	298	404	576	6.36e-21	92.4
WP_200910769.1	iAF987.Gmet_3085	27.3	289	193	7	9	294	342	616	1.05e-20	92.0
WP_200910769.1	iAF987.Gmet_2425	37.1	175	101	3	127	297	175	344	3.88e-21	91.7
WP_200910770.1	iJN1463.PP_0812	52.2	255	113	1	15	269	11	256	8.15e-93	280
WP_200910770.1	iML1515.b0432	43.5	294	153	5	24	313	21	305	7.49e-83	255
WP_200910770.1	iSSON_1240.SSON_0415	43.5	294	153	5	24	313	21	305	1.50e-82	254
WP_200910770.1	STM_v1_0.STM0443	42.8	299	158	5	19	313	16	305	3.28e-82	253
WP_200910770.1	iSbBS512_1146.SbBS512_E0354	43.6	291	151	5	24	310	21	302	2.99e-82	253
WP_200910773.1	iCN718.ABAYE_RS01830	41.8	483	265	6	13	494	14	481	6.92e-101	319
WP_200910778.1	iJN1463.PP_4817	50.0	132	65	1	11	142	20	150	2.81e-39	129
WP_200910784.1	iIT341.HP0195	52.1	259	124	0	1	259	4	262	1.81e-94	278
WP_200910784.1	iAF987.Gmet_2558	51.0	253	123	1	1	252	4	256	5.21e-87	259
WP_200910784.1	iYO844.BSU11720	52.2	251	118	1	1	249	5	255	2.58e-85	254
WP_200910784.1	iML1515.b1288	48.6	253	129	1	1	252	4	256	4.79e-84	251
WP_200910784.1	iSF_1195.SF1293	48.6	253	129	1	1	252	4	256	4.79e-84	251
WP_200910784.1	iSSON_1240.SSON_1852	48.6	253	129	1	1	252	4	256	4.79e-84	251
WP_200910787.1	iEK1008.Rv3141	41.0	332	180	6	1	329	1	319	6.63e-65	207
WP_200910799.1	iLJ478.TM1195	28.9	608	365	20	30	604	1	574	4.74e-63	221
WP_200910811.1	iLJ478.TM1751	24.1	316	187	11	53	358	15	287	1.07e-17	82.8
WP_200910813.1	iML1515.b2888	49.8	438	209	4	37	471	15	444	4.25e-133	393
WP_200910813.1	iJN1463.PP_4290	47.0	434	221	3	47	479	18	443	8.89e-122	363
WP_200910819.1	iYL1228.KPN_01762	57.8	391	165	0	1	391	17	407	5.91e-150	430
WP_200910833.1	iYL1228.KPN_02568	40.1	734	416	9	50	769	41	764	1.38e-163	492
WP_200910833.1	iML1515.b2132	40.1	725	410	9	50	760	41	755	6.04e-162	488
WP_200910833.1	iSDY_1059.SDY_2156	40.1	725	410	9	50	760	41	755	6.04e-162	488
WP_200910833.1	iSF_1195.SF2217	40.1	725	410	9	50	760	41	755	6.04e-162	488
WP_200910833.1	iJN1463.PP_1403	40.5	734	415	10	50	769	37	762	8.03e-162	487
WP_200910833.1	iSbBS512_1146.SbBS512_E0841	40.1	725	410	9	50	760	41	755	8.52e-162	487
WP_200910833.1	iSSON_1240.SSON_2189	40.0	725	411	9	50	760	41	755	3.37e-161	486
WP_200910833.1	iPC815.YPO0616	39.8	744	394	8	44	769	13	720	6.70e-160	481
WP_200910849.1	iJN1463.PP_2469	48.2	367	149	3	6	372	12	337	1.09e-115	340
WP_200910849.1	STM_v1_0.STM1337	50.0	370	133	5	3	372	9	326	1.60e-112	331
WP_200910849.1	iSbBS512_1146.SbBS512_E1956	50.0	366	131	5	7	372	13	326	3.68e-111	328
WP_200910849.1	iSDY_1059.SDY_1809	49.7	366	132	5	7	372	13	326	5.22e-111	327
WP_200910849.1	iSF_1195.SF1517	49.7	366	132	5	7	372	13	326	1.48e-110	326
WP_200910849.1	iYL1228.KPN_02176	49.7	366	132	5	7	372	13	326	2.10e-110	326
WP_200910849.1	iSSON_1240.SSON_1444	49.7	366	132	5	7	372	13	326	5.97e-110	325
WP_200910849.1	iCN718.ABAYE_RS15760	47.7	369	141	4	4	372	9	325	4.66e-109	322
WP_200910849.1	iPC815.YPO2429	47.5	366	140	5	7	372	13	326	2.04e-105	313
WP_200910861.1	iYL1228.KPN_02593	30.7	283	152	10	15	273	4	266	8.20e-15	78.2
WP_200910861.1	STM_v1_0.STM2199	28.3	283	161	10	15	273	22	286	5.31e-13	72.4
WP_200910861.1	iML1515.b2155	27.0	278	155	10	23	273	30	286	1.60e-12	70.9
WP_200910861.1	iSSON_1240.SSON_2211	27.0	278	155	10	23	273	30	286	1.60e-12	70.9
WP_200910863.1	iML1515.b4261	23.0	366	248	6	4	358	3	345	1.21e-18	86.3
WP_200910863.1	iSDY_1059.SDY_4285	23.0	366	248	6	4	358	3	345	1.21e-18	86.3
WP_200910863.1	iSF_1195.SF4228	23.0	366	248	6	4	358	3	345	1.21e-18	86.3
WP_200910863.1	iSSON_1240.SSON_4446	23.0	366	248	6	4	358	3	345	1.21e-18	86.3
WP_200910869.1	iYL1228.KPN_02872	37.5	443	249	7	29	449	41	477	1.00e-86	273
WP_200910869.1	iYO844.BSU33960	34.4	436	280	3	22	451	23	458	7.59e-87	273
WP_200910869.1	iML1515.b4031	35.4	463	254	8	29	451	17	474	3.17e-86	272
WP_200910869.1	iSSON_1240.SSON_4209	35.4	463	254	8	29	451	17	474	6.28e-86	271
WP_200910869.1	iSF_1195.SF4174	34.7	464	256	8	29	451	17	474	2.70e-84	267
WP_200910869.1	iHN637.CLJU_RS08975	34.3	429	271	7	30	451	15	439	1.61e-79	253
WP_200910871.1	iYO844.BSU19800	40.5	328	174	11	30	339	37	361	3.16e-61	200
WP_200910894.1	iCN718.ABAYE_RS15425	70.4	392	113	1	6	394	13	404	8.02e-197	548
WP_200910894.1	iJN1463.PP_0158	69.8	394	117	1	1	394	1	392	1.11e-193	540
WP_200910894.1	iCHOv1.100757019	64.9	390	132	3	7	394	40	426	2.29e-178	503
WP_200910894.1	iMM1415.270076	65.4	390	130	3	7	394	57	443	4.16e-178	503
WP_200910897.1	iJN1463.PP_3383	25.2	588	369	19	9	547	8	573	8.89e-26	111
WP_200910899.1	iJN1463.PP_0958	37.9	240	147	2	8	247	9	246	4.74e-49	163
WP_200910903.1	iAM_Pv461.PVX_099555	54.8	42	19	0	29	70	256	297	5.92e-06	41.6
WP_200910903.1	iAM_Pb448.PBANKA_082380	38.0	50	28	1	21	70	251	297	3.90e-05	39.3
WP_200910903.1	STM_v1_0.STM0598	41.1	56	28	1	21	71	192	247	9.76e-05	38.1
WP_200910907.1	iAF692.Mbar_A0022	62.0	408	155	0	20	427	10	417	1.28e-174	494
WP_200910918.1	iJN1463.PP_4900	42.0	333	185	7	11	338	21	350	1.20e-73	231
WP_200910920.1	iJN1463.PP_0920	54.4	114	52	0	24	137	84	197	4.90e-34	123
WP_200910920.1	iJN1463.PP_2486	54.5	121	48	3	24	137	87	207	8.10e-32	117
WP_200910921.1	iAF987.Gmet_2530	26.6	478	268	13	42	456	30	487	3.26e-32	128
WP_200910925.1	iML1515.b3786	55.2	368	163	2	3	368	2	369	2.09e-135	390
WP_200910925.1	STM_v1_0.STM3920	54.7	371	160	3	3	368	2	369	5.96e-135	389
WP_200910925.1	iSF_1195.SF3860	55.2	368	163	2	3	368	16	383	2.72e-134	388
WP_200910925.1	iSDY_1059.SDY_3962	54.9	368	164	2	3	368	16	383	3.86e-134	388
WP_200910925.1	iSSON_1240.SSON_3958	54.9	368	164	2	3	368	16	383	3.86e-134	388
WP_200910925.1	iSbBS512_1146.SbBS512_E4135	54.9	368	164	2	3	368	2	369	3.41e-134	387
WP_200910925.1	iPC815.YPO3864	53.6	371	164	3	3	368	2	369	9.07e-132	381
WP_200910925.1	iYL1228.KPN_04286	55.2	355	151	3	19	368	3	354	7.23e-130	376
WP_200910925.1	iJN1463.PP_1811	51.2	367	178	1	3	368	4	370	3.38e-125	365
WP_200910937.1	iCHOv1.100689402	35.8	120	73	3	7	125	50	166	3.42e-15	67.8
WP_200910937.1	iMM1415.66052	34.2	120	75	3	7	125	31	147	1.38e-13	63.2
WP_200910938.1	iLJ478.TM0076	40.1	790	390	12	40	791	3	747	4.11e-181	538
WP_200910940.1	iML1515.b0805	30.9	770	447	24	30	770	27	740	2.73e-82	278
WP_200910940.1	iYL1228.KPN_01250	30.3	732	435	20	62	770	62	741	2.16e-74	257
WP_200910942.1	iYO844.BSU03290	41.1	95	55	1	8	102	11	104	1.53e-21	81.6
WP_235519726.1	iLJ478.TM0954	50.0	260	129	1	26	285	19	277	2.50e-88	264
WP_235519726.1	iHN637.CLJU_RS01495	46.3	259	139	0	26	284	15	273	3.09e-81	246
WP_235519727.1	STM_v1_0.STM4299	42.9	56	32	0	54	109	37	92	3.08e-06	48.9
WP_235519727.1	iYL1228.KPN_04506	33.8	80	44	1	54	124	37	116	7.09e-06	47.8
WP_235519727.1	iML1515.b4120	41.1	56	33	0	54	109	37	92	9.41e-06	47.4
WP_235519727.1	iSF_1195.SF4103	41.1	56	33	0	54	109	33	88	9.37e-06	47.4
WP_235520057.1	iNF517.LLMG_RS11535	28.2	174	113	4	75	242	7	174	6.76e-11	62.4
WP_235520057.1	iAF987.Gmet_1639	27.3	187	115	4	67	243	1	176	7.20e-09	56.2
WP_235530376.1	iYO844.BSU31660	36.2	94	51	3	20	106	16	107	1.17e-09	52.0
WP_235530377.1	iAM_Pb448.PBANKA_130090	42.1	159	88	1	1	155	45	203	5.35e-42	139
WP_235530377.1	iAM_Pv461.PVX_118645	42.3	163	84	3	1	155	45	205	2.04e-39	132
WP_235530377.1	iAM_Pc455.PCYB_127810	41.7	163	85	3	1	155	45	205	5.75e-39	131
WP_235530377.1	iAM_Pf480.PF3D7_1475300	40.7	162	87	3	1	155	45	204	5.60e-39	131
WP_235530382.1	iCN718.ABAYE_RS02360	65.6	282	94	1	6	284	10	291	4.70e-137	390
WP_235530382.1	iJN1463.PP_0061	64.2	282	98	1	6	284	10	291	7.33e-134	381
WP_235530382.1	iSbBS512_1146.SbBS512_E3965	66.5	275	87	2	6	275	8	282	5.59e-133	379
WP_235530382.1	iSDY_1059.SDY_4344	66.5	275	87	2	6	275	8	282	5.59e-133	379
WP_235530382.1	iSF_1195.SF3603	66.5	275	87	2	6	275	8	282	5.59e-133	379
WP_235530382.1	iSSON_1240.SSON_3829	66.5	275	87	2	6	275	8	282	5.59e-133	379
WP_235530382.1	STM_v1_0.STM3656	66.2	275	88	2	6	275	8	282	2.27e-132	377
WP_235530382.1	iYL1228.KPN_03923	65.8	275	89	2	6	275	8	282	1.85e-131	375
WP_235530382.1	iPC815.YPO4072	65.5	275	90	2	6	275	8	282	7.77e-131	373
WP_235530382.1	iAF987.Gmet_2942	61.2	278	107	1	5	282	1	277	7.27e-126	360
WP_235530453.1	iMM1415.17939	39.1	394	208	11	44	412	18	404	3.37e-81	255
WP_235530453.1	iMM1415.11605	43.5	333	158	9	46	356	36	360	2.46e-79	250
WP_235530453.1	iCHOv1.100751670	38.9	391	213	9	44	412	18	404	5.82e-79	249
WP_235530465.1	STM_v1_0.STM2421	30.3	416	266	10	10	407	3	412	2.40e-56	190
WP_235530465.1	iYL1228.KPN_03396	31.6	408	253	11	9	395	2	404	9.02e-56	189
WP_235530465.1	STM_v1_0.STM3113	29.9	408	260	10	9	395	2	404	2.96e-52	179
WP_235530465.1	iSDY_1059.SDY_3108	29.5	410	267	10	6	398	15	419	4.22e-52	179
WP_235530465.1	iSF_1195.SF2961	29.5	410	267	10	6	398	15	419	4.22e-52	179
WP_235530465.1	iSSON_1240.SSON_3232	29.5	410	267	10	6	398	15	419	4.22e-52	179
WP_235530465.1	iML1515.b2964	29.7	407	264	10	9	398	2	403	5.80e-52	179
WP_235530465.1	iSbBS512_1146.SbBS512_E3397	29.7	407	264	10	9	398	2	403	5.80e-52	179
WP_235530465.1	iML1515.b2406	28.0	415	277	8	9	406	2	411	2.31e-50	174
WP_235530554.1	iAF987.Gmet_1762	42.8	360	198	2	7	366	32	383	8.39e-93	282
WP_235531596.1	iYL1228.KPN_01091	34.9	238	153	1	1	236	7	244	4.59e-36	127
WP_235531596.1	iML1515.b1093	34.9	238	153	1	1	236	7	244	2.54e-35	125
WP_235531596.1	iSbBS512_1146.SbBS512_E2231	34.9	238	153	1	1	236	7	244	2.54e-35	125
WP_235531596.1	iSF_1195.SF1097	34.9	238	153	1	1	236	7	244	2.54e-35	125
WP_235531596.1	iSSON_1240.SSON_1113	34.9	238	153	1	1	236	7	244	2.54e-35	125
WP_235531596.1	iSDY_1059.SDY_2057	34.5	238	154	1	1	236	7	244	7.69e-34	121
WP_235531596.1	STM_v1_0.STM1195	33.6	238	156	1	1	236	7	244	2.14e-33	120
WP_235531597.1	iLB1027_lipid.PHATRDRAFT_34119	39.9	368	205	7	13	367	3	367	1.35e-67	218
WP_235531597.1	iYL1228.KPN_02862	39.4	381	201	11	8	368	6	376	3.28e-62	204
WP_235531597.1	iSynCJ816.SGL_RS13005	39.1	376	212	8	8	370	6	377	4.08e-62	203
WP_235531597.1	iML1515.b2530	38.8	379	206	10	8	368	6	376	1.28e-61	202
WP_235531597.1	iSbBS512_1146.SbBS512_E2905	38.8	379	206	10	8	368	6	376	1.28e-61	202
WP_235531597.1	iSDY_1059.SDY_2726	38.8	379	206	10	8	368	14	384	1.57e-61	202
WP_235531597.1	iSF_1195.SF2577	38.8	379	206	10	8	368	6	376	1.28e-61	202
WP_235531597.1	iSSON_1240.SSON_2612	38.8	379	206	10	8	368	14	384	1.57e-61	202
WP_235531597.1	STM_v1_0.STM2543	39.6	371	194	11	8	358	6	366	2.53e-61	202
WP_235531597.1	iPC815.YPO2896	39.4	383	198	13	8	368	11	381	4.03e-61	201
WP_235531597.1	iJN1463.PP_0842	39.5	372	213	7	8	368	6	376	1.39e-60	200
WP_235531597.1	iJN1463.PP_2435	40.6	374	202	10	8	367	28	395	2.81e-60	199
WP_235531597.1	iCN900.CD630_12790	36.7	373	219	5	8	367	7	375	4.54e-60	198
WP_235531598.1	iMM904.YKL218C	39.7	295	166	4	11	300	30	317	5.02e-53	176
WP_235531598.1	iLJ478.TM0356	40.0	285	160	3	12	292	29	306	3.63e-50	170
WP_235531598.1	iCN718.ABAYE_RS05860	39.4	279	157	4	19	292	41	312	2.34e-49	166
WP_235531600.1	iJN1463.PP_1200	51.4	624	300	3	20	641	14	636	1.06e-222	633
WP_235531600.1	iPC815.YPO0006	48.0	617	319	2	26	641	7	622	6.09e-203	582
WP_235531600.1	iYL1228.KPN_04152	48.5	617	316	2	26	641	7	622	8.63e-203	582
WP_235531600.1	iML1515.b3747	48.0	617	319	2	26	641	7	622	2.45e-202	581
WP_235531600.1	iSbBS512_1146.SbBS512_E4173	48.0	617	319	2	26	641	7	622	3.47e-202	580
WP_235531600.1	iSSON_1240.SSON_3917	47.8	617	320	2	26	641	7	622	6.96e-202	580
WP_235531600.1	STM_v1_0.STM3880	47.8	617	320	2	26	641	7	622	1.98e-201	578
WP_235531600.1	iSF_1195.SF3828	47.6	617	321	2	26	641	7	622	1.59e-200	576
WP_235531600.1	iSDY_1059.SDY_4001	47.2	619	323	3	26	641	7	624	3.15e-198	570
WP_235531603.1	iMM1415.12091	31.6	392	201	16	41	419	34	371	8.76e-37	147
WP_235531603.1	iCHOv1.100767446	31.8	390	201	17	42	419	24	360	2.23e-34	140
WP_235531605.1	iPC815.YPO1511	50.9	542	246	5	12	537	20	557	6.98e-181	520
WP_235531605.1	STM_v1_0.STM1566	50.6	539	252	4	12	537	20	557	9.88e-181	520
WP_235531605.1	iML1515.b1479	49.7	539	257	4	12	537	20	557	2.97e-177	511
WP_235531605.1	iYL1228.KPN_01847	50.5	539	253	5	12	537	20	557	2.97e-177	511
WP_235531605.1	iSF_1195.SF1746	49.7	539	257	4	12	537	20	557	4.21e-177	510
WP_235531605.1	iSbBS512_1146.SbBS512_E1742	49.7	539	257	4	12	537	20	557	8.44e-177	509
WP_235531605.1	iSSON_1240.SSON_1645	49.5	539	258	4	12	537	29	566	4.58e-176	508
WP_235531605.1	iCN718.ABAYE_RS18525	49.0	543	255	5	12	537	20	557	1.56e-174	504
WP_235531606.1	iJN1463.PP_0860	40.6	857	454	14	8	818	2	849	1.04e-180	540
WP_235531608.1	iJN1463.PP_2454	27.2	232	144	9	87	300	35	259	1.63e-09	58.2
WP_235531608.1	iYO844.BSU35960	23.3	227	163	5	82	304	35	254	8.91e-08	52.8
WP_235531613.1	iAF987.Gmet_3085	28.7	143	101	1	154	296	85	226	1.07e-09	60.8
WP_235531614.1	iJN1463.PP_3720	32.1	140	79	1	17	140	7	146	3.25e-16	74.3
WP_235531623.1	iAF987.Gmet_1919	35.0	103	64	3	7	109	5	104	5.09e-07	50.4
WP_235531625.1	iJN1463.PP_3943	35.8	120	68	4	25	143	24	135	2.14e-06	47.4
WP_235531625.1	iEK1008.Rv0134	30.8	117	71	5	5	117	8	118	4.49e-05	43.5
WP_235531626.1	iJN1463.PP_4298	32.4	247	156	7	41	284	3	241	6.27e-25	100
WP_235531626.1	STM_v1_0.STM0518	30.8	182	116	4	107	284	66	241	6.00e-24	97.8
WP_235531626.1	iML1515.b0508	29.8	178	123	2	107	284	66	241	5.80e-22	92.4
WP_235531626.1	iSSON_1240.SSON_0503	29.8	178	123	2	107	284	66	241	8.91e-22	92.4
WP_235531632.1	iPC815.YPO3910	32.5	154	88	5	52	204	41	179	9.19e-11	65.5
WP_235531632.1	STM_v1_0.STM4130	33.1	142	79	5	52	191	30	157	4.68e-10	63.2
WP_235531632.1	iML1515.b3966	31.9	141	82	4	52	191	30	157	4.21e-09	60.1
WP_235531632.1	iSSON_1240.SSON_4139	31.9	141	82	4	52	191	30	157	4.21e-09	60.1
WP_235531632.1	iSDY_1059.SDY_3762	31.9	141	82	4	52	191	30	157	7.29e-09	59.3
WP_235531635.1	iCN718.ABAYE_RS04565	45.1	284	150	3	80	361	4	283	3.73e-63	202
WP_235531635.1	iPC815.YPO3501	47.6	269	137	4	94	361	10	275	1.23e-62	201
WP_235531635.1	iJN1463.PP_4717	47.1	278	143	4	85	361	8	282	8.24e-62	199
WP_235531635.1	iYL1228.KPN_03587	46.1	269	141	4	87	354	3	268	3.51e-60	195
WP_235531635.1	iML1515.b3177	45.4	262	139	4	94	354	10	268	1.32e-56	186
WP_235531635.1	STM_v1_0.STM3295	45.8	262	138	4	94	354	10	268	1.32e-56	186
WP_235531635.1	iSF_1195.SF3217	45.4	262	139	4	94	354	25	283	2.02e-56	186
WP_235531635.1	iSSON_1240.SSON_3325	45.4	262	139	4	94	354	25	283	2.02e-56	186
WP_235531635.1	iSbBS512_1146.SbBS512_E3593	45.0	262	140	4	94	354	10	268	2.62e-56	185
WP_235531635.1	iYO844.BSU00770	47.2	246	120	5	101	345	27	263	5.66e-56	184
WP_235531635.1	iSDY_1059.SDY_3358	45.0	262	140	4	94	354	25	283	2.22e-55	183
WP_235531636.1	iPC815.YPO3718	38.1	533	285	10	10	498	12	543	2.04e-103	320
WP_235531636.1	iCHOv1.100689468	36.2	541	297	10	2	496	8	546	6.52e-101	313
WP_235531636.1	iYL1228.KPN_04413	37.3	533	289	11	10	498	12	543	1.01e-100	313
WP_235531636.1	STM_v1_0.STM4221	36.4	533	294	9	10	498	12	543	2.83e-100	311
WP_235531636.1	iLB1027_lipid.PHATRDRAFT_23924	38.1	538	282	9	10	496	10	547	1.40e-98	307
WP_235531636.1	iSF_1195.SF4180	36.6	533	293	10	10	498	12	543	1.73e-98	307
WP_235531636.1	iML1515.b4025	36.6	533	293	10	10	498	12	543	2.43e-98	306
WP_235531636.1	iSbBS512_1146.SbBS512_E4530	36.6	533	293	10	10	498	12	543	2.43e-98	306
WP_235531636.1	iSDY_1059.SDY_4226	36.6	533	293	10	10	498	12	543	2.43e-98	306
WP_235531636.1	iSSON_1240.SSON_4203	36.6	533	293	10	10	498	12	543	2.43e-98	306
WP_235531636.1	iAT_PLT_636.2821	36.2	536	294	11	7	496	52	585	2.44e-97	305
WP_235531636.1	iMM1415.14751	37.4	522	280	11	21	496	26	546	3.41e-97	304
WP_235531636.1	iMM904.YBR196C	35.8	530	297	8	10	496	18	547	3.36e-96	301
WP_235531636.1	iIS312.TCDM_05039	36.0	505	276	8	38	496	96	599	2.74e-95	300
WP_235531636.1	iJN1463.PP_4701	35.3	515	289	10	3	476	8	519	7.28e-95	298
WP_235531636.1	iJN1463.PP_1808	35.4	514	288	10	3	475	8	518	1.03e-94	297
WP_235531636.1	iIT341.HP1166	34.6	523	301	7	14	496	16	537	1.60e-94	296
WP_235531636.1	iEK1008.Rv0946c	37.2	505	283	8	10	480	15	519	8.48e-93	292
WP_235531637.1	iCHOv1.100774083	26.6	608	406	15	96	686	116	700	1.66e-52	192
WP_235531640.1	iJN1463.PP_1384	42.2	498	249	8	9	502	3	465	5.82e-99	306
WP_235531644.1	iYO844.BSU31620	38.8	103	60	1	3	105	3	102	6.15e-11	55.1
WP_235531645.1	iSDY_1059.SDY_0757	25.7	479	327	12	39	493	30	503	2.95e-25	108
WP_235531645.1	iSbBS512_1146.SbBS512_E2518	25.5	479	328	12	39	493	30	503	1.29e-24	106
WP_235531645.1	iML1515.b0830	25.5	479	328	12	39	493	30	503	2.32e-24	105
WP_235531645.1	iSF_1195.SF0780	25.3	479	329	12	39	493	30	503	4.18e-24	105
WP_235531645.1	iSSON_1240.SSON_0812	25.3	479	329	12	39	493	30	503	4.18e-24	105
WP_235531645.1	STM_v1_0.STM0849	25.3	486	333	14	39	500	30	509	1.87e-22	100
WP_235531648.1	iLJ478.TM1839	28.4	116	83	0	22	137	23	138	1.99e-07	52.4
WP_235531648.1	iLJ478.TM1204	26.7	120	88	0	20	139	20	139	6.17e-07	50.8
WP_235531652.1	iAT_PLT_636.4513	41.5	234	113	5	92	321	7	220	3.58e-55	181
WP_235531652.1	iCHOv1.3979186	38.4	232	127	6	92	323	7	222	2.59e-51	171
WP_235531653.1	iCN718.ABAYE_RS09790	37.6	189	113	3	18	201	11	199	1.44e-22	93.2
WP_235531653.1	iLJ478.TM1724	36.3	190	116	3	13	197	4	193	4.07e-21	89.0
WP_235531653.1	iCN718.ABAYE_RS09965	32.6	227	137	4	19	229	12	238	1.96e-20	87.4
WP_235531653.1	iNF517.LLMG_RS08260	32.6	184	115	3	19	196	7	187	1.71e-20	87.4
WP_235531653.1	iYL1228.KPN_02061	35.5	183	112	3	19	195	7	189	6.65e-20	85.9
WP_235531657.1	iYO844.BSU28510	45.8	509	249	8	21	523	5	492	3.58e-157	456
WP_235531663.1	iML1515.b3390	40.9	132	77	1	1	131	13	144	5.03e-27	99.4
WP_235531663.1	iSbBS512_1146.SbBS512_E3767	40.9	132	77	1	1	131	13	144	5.03e-27	99.4
WP_235531663.1	iSDY_1059.SDY_3689	40.9	132	77	1	1	131	13	144	5.03e-27	99.4
WP_235531663.1	iSF_1195.SF3408	40.9	132	77	1	1	131	80	211	2.39e-26	99.4
WP_235531663.1	iSSON_1240.SSON_3521	40.9	132	77	1	1	131	13	144	5.03e-27	99.4
WP_235531663.1	iCN718.ABAYE_RS02010	38.2	131	81	0	1	131	27	157	1.06e-26	99.0
WP_235531663.1	iYL1228.KPN_03761	40.2	132	78	1	1	131	13	144	1.42e-26	98.2
WP_235531663.1	STM_v1_0.STM3487	40.2	132	78	1	1	131	13	144	3.98e-26	97.1
WP_235531663.1	iJN1463.PP_5079	39.1	161	93	3	1	158	10	168	5.48e-26	96.7
WP_235531663.1	iSynCJ816.SGL_RS03075	39.7	141	84	1	1	141	21	160	7.20e-24	91.7
WP_235531664.1	iCHOv1.100763073	39.7	310	176	4	14	316	42	347	5.38e-71	234
WP_235531664.1	iMM1415.102632	39.7	310	176	4	14	316	42	347	5.57e-68	226
WP_235531665.1	iJN1463.PP_1874	59.2	152	61	1	1	151	5	156	3.60e-60	183
WP_235531665.1	iCN718.ABAYE_RS11095	56.7	157	67	1	1	156	4	160	6.65e-58	177
WP_235531667.1	iML1515.b3003	55.9	261	115	0	1	261	30	290	1.87e-94	279
WP_235531668.1	iJN1463.PP_0228	54.8	261	112	2	17	275	43	299	2.94e-86	259
WP_235531669.1	iAF987.Gmet_2934	63.2	250	92	0	1	250	10	259	2.12e-103	300
WP_235531669.1	iJN1463.PP_5104	59.7	258	96	2	1	250	12	269	3.30e-95	280
WP_235531675.1	iCHOv1.100766065	51.1	235	112	1	1	232	11	245	1.05e-68	211
WP_235531680.1	iPC815.YPO1177	52.9	558	261	2	4	560	12	568	2.31e-212	601
WP_235531680.1	iYL1228.KPN_02569	53.1	554	258	2	8	560	15	567	1.32e-211	600
WP_235531680.1	iSSON_1240.SSON_2190	53.1	556	259	2	6	560	13	567	5.34e-211	598
WP_235531680.1	iML1515.b2133	53.1	556	259	2	6	560	13	567	1.52e-210	597
WP_235531680.1	iSbBS512_1146.SbBS512_E0839	52.9	556	260	2	6	560	13	567	1.52e-210	597
WP_235531680.1	iSF_1195.SF2218	52.9	556	260	2	6	560	13	567	3.06e-210	596
WP_235531680.1	iSDY_1059.SDY_2155	52.7	556	261	2	6	560	13	567	1.23e-209	594
WP_235531680.1	STM_v1_0.STM2167	52.5	556	262	2	6	560	13	567	4.47e-206	585
WP_235531680.1	iCN718.ABAYE_RS18835	51.9	561	265	4	2	560	6	563	9.01e-204	579
WP_235531686.1	iML1515.b0150	34.0	712	405	20	4	694	80	747	9.37e-108	343
WP_235531686.1	iSF_1195.SF0142	33.8	712	406	20	4	694	80	747	5.06e-107	341
WP_235531686.1	iSDY_1059.SDY_0166	33.7	712	407	20	4	694	80	747	1.39e-106	340
WP_235531686.1	iSSON_1240.SSON_0162	33.2	698	413	19	3	694	79	729	1.77e-106	339
WP_235531686.1	iSbBS512_1146.SbBS512_E0142	33.1	698	414	19	3	694	79	729	9.54e-106	337
WP_235531686.1	STM_v1_0.STM0191	32.9	700	413	19	3	694	79	729	5.15e-105	335
WP_235531686.1	iJN1463.PP_0160	33.0	703	414	16	1	694	174	828	6.07e-99	322
WP_235531686.1	iYL1228.KPN_00165	32.1	723	393	21	3	694	80	735	2.33e-97	315
WP_235531687.1	iYL1228.KPN_04255	29.9	107	55	2	175	281	365	451	2.03e-05	47.0
WP_235531694.1	iEK1008.Rv1212c	24.7	320	182	9	179	474	85	369	2.94e-09	58.5
WP_235531694.1	iJN1463.PP_4943	30.4	161	97	5	281	430	161	317	1.13e-07	53.5
WP_235531698.1	iLJ478.TM1193	37.6	1021	585	21	27	1039	7	983	4.02e-218	653
WP_235531700.1	iML1515.b1623	30.9	149	91	4	317	464	184	321	3.37e-10	61.2
WP_235531700.1	iSDY_1059.SDY_1846	30.9	149	91	4	317	464	184	321	3.37e-10	61.2
WP_235531700.1	iSF_1195.SF1648	30.9	149	91	4	317	464	184	321	3.37e-10	61.2
WP_235531700.1	iSSON_1240.SSON_1535	30.9	149	91	4	317	464	184	321	3.37e-10	61.2
WP_235531700.1	iHN637.CLJU_RS13960	27.0	141	91	4	325	464	196	325	8.35e-10	60.1
WP_235531700.1	iSbBS512_1146.SbBS512_E1811	31.7	139	83	4	327	464	194	321	7.99e-10	60.1
WP_235531700.1	iEK1008.Rv3313c	27.6	294	159	15	195	464	80	343	1.61e-08	56.2
WP_235531700.1	iAM_Pf480.PF3D7_1029600	26.2	164	107	5	307	464	202	357	1.63e-08	56.2
WP_235531701.1	STM_v1_0.STM4130	32.2	180	100	4	36	205	25	192	1.70e-14	77.4
WP_235531701.1	iML1515.b3966	31.8	179	102	3	36	205	25	192	2.96e-14	76.6
WP_235531701.1	iSSON_1240.SSON_4139	31.8	179	102	3	36	205	25	192	2.96e-14	76.6
WP_235531701.1	iSF_1195.SF4048	31.3	179	103	3	36	205	25	192	5.13e-14	75.9
WP_235531701.1	iSDY_1059.SDY_3762	31.3	179	103	3	36	205	25	192	1.55e-13	74.3
WP_235531701.1	iYL1228.KPN_02593	35.3	156	83	4	38	189	13	154	1.91e-12	70.9
WP_235531703.1	iYO844.BSU39780	28.6	231	130	7	13	241	15	212	5.76e-18	82.8
WP_235531703.1	iML1515.b1771	25.7	327	201	8	10	320	12	312	3.72e-16	77.8
WP_235531708.1	iLJ478.TM1724	40.2	102	54	2	2	100	147	244	1.54e-14	66.2
WP_235531708.1	iYO844.BSU03930	38.0	100	61	1	4	102	153	252	2.49e-14	65.9
WP_235531708.1	iYL1228.KPN_02061	40.0	110	56	2	1	100	144	253	6.36e-14	64.7
WP_235531708.1	iYL1228.KPN_01091	34.0	103	67	1	1	103	143	244	1.09e-12	61.2
WP_235531708.1	iEK1008.Rv1928c	44.1	93	50	1	7	99	161	251	1.66e-12	60.8
WP_235531711.1	iAF692.Mbar_A1138	25.4	319	216	9	18	335	2	299	6.80e-23	97.4
WP_235531713.1	iAF692.Mbar_A2583	35.1	148	91	2	1	146	1	145	1.13e-23	91.3
WP_235531713.1	iAF987.Gmet_0798	32.9	143	94	1	4	146	3	143	1.66e-22	88.2
WP_235531715.1	iJN1463.PP_0160	24.3	572	391	13	17	569	257	805	8.48e-31	127
WP_235531715.1	iML1515.b0150	25.1	630	409	23	1	593	144	747	7.31e-30	124
WP_235531715.1	iSDY_1059.SDY_0166	25.1	630	409	23	1	593	144	747	7.31e-30	124
WP_235531715.1	iSF_1195.SF0142	25.1	630	409	23	1	593	144	747	7.31e-30	124
WP_235531715.1	iYL1228.KPN_01250	23.9	656	399	22	7	593	137	761	1.77e-28	120
WP_235531715.1	iYL1228.KPN_00165	23.5	603	398	20	1	572	145	715	2.23e-28	120
WP_235531718.1	iEK1008.Rv1099c	49.5	313	154	4	18	328	30	340	6.66e-94	283
WP_235531718.1	iML1515.b3925	47.5	324	154	4	19	328	3	324	2.26e-88	268
WP_235531718.1	iSbBS512_1146.SbBS512_E4407	47.5	324	154	4	19	328	3	324	2.26e-88	268
WP_235531718.1	iSDY_1059.SDY_3819	47.5	324	154	4	19	328	3	324	2.26e-88	268
WP_235531718.1	iSF_1195.SF4003	47.5	324	154	4	19	328	3	324	2.26e-88	268
WP_235531718.1	iSSON_1240.SSON_4094	47.5	324	154	4	19	328	3	324	2.26e-88	268
WP_235531718.1	STM_v1_0.STM4085	47.5	324	154	4	19	328	3	324	1.28e-87	266
WP_235531718.1	iYL1228.KPN_04001	46.9	326	157	4	17	328	1	324	7.27e-87	264
WP_235531721.1	iAF987.Gmet_3221	31.5	365	243	4	5	365	17	378	1.01e-43	157
WP_235531722.1	iML1515.b3662	31.1	286	193	2	1	282	34	319	2.67e-30	119
WP_235531722.1	iJN1463.PP_2428	26.5	358	259	1	2	355	43	400	4.63e-27	110
WP_235531725.1	iHN637.CLJU_RS19935	31.4	121	73	2	78	194	57	171	2.63e-12	62.0
WP_235531731.1	iJN1463.PP_1132	48.3	373	187	3	9	380	18	385	6.48e-106	317
WP_235531731.1	STM_v1_0.STM0039	48.9	376	186	2	9	383	11	381	1.26e-103	311
WP_235531731.1	iSbBS512_1146.SbBS512_E0019	48.1	376	189	2	9	383	11	381	2.29e-101	305
WP_235531731.1	iSSON_1240.SSON_0021	48.1	376	189	2	9	383	11	381	2.29e-101	305
WP_235531731.1	iYL1228.KPN_00016	47.9	376	190	2	9	383	15	385	1.14e-100	303
WP_235531731.1	iML1515.b0019	47.9	376	190	2	9	383	11	381	2.60e-100	302
WP_235531731.1	iSF_1195.SF0016	47.9	376	190	2	9	383	11	381	2.60e-100	302
WP_235531731.1	iSDY_1059.SDY_0018	47.9	376	190	2	9	383	11	381	3.68e-100	302
WP_235531731.1	iPC815.YPO0470	46.4	384	199	3	1	383	4	381	4.43e-100	302
WP_235531734.1	iSynCJ816.SGL_RS05320	35.0	574	332	12	23	560	177	745	6.03e-88	290
WP_235531734.1	iAF987.Gmet_1671	33.5	620	372	12	6	599	21	626	1.31e-85	282
WP_235531734.1	iAF987.Gmet_0354	29.9	723	333	13	15	570	51	766	9.42e-82	276
WP_235531739.1	iEK1008.Rv3279c	37.0	238	135	9	13	240	30	262	1.30e-30	114
WP_235531742.1	iEK1008.Rv2471	43.3	504	254	13	7	490	29	520	5.73e-121	365
WP_235531742.1	iYO844.BSU34560	36.3	529	286	10	9	494	4	524	2.52e-120	364
WP_235531742.1	iYS854.USA300HOU_RS08055	37.0	552	302	11	9	521	5	549	1.24e-117	357
WP_235531742.1	iYO844.BSU07810	35.2	565	300	16	8	520	7	557	1.62e-108	334
WP_235531742.1	iYL1228.KPN_04651	38.0	519	270	12	9	489	7	511	3.78e-107	330
WP_235531743.1	iCHOv1.100765530	48.7	678	333	7	12	682	54	723	2.16e-205	594
WP_235531743.1	iMM1415.110821	48.5	678	334	7	12	682	55	724	5.07e-204	590
WP_235531743.1	iAT_PLT_636.5095	48.8	674	330	7	16	682	63	728	5.97e-201	583
WP_235531746.1	iSynCJ816.SGL_RS10140	35.4	449	257	13	26	464	25	450	5.33e-59	200
WP_235531746.1	iPC815.YPO0551	36.7	450	249	13	26	460	24	452	4.37e-58	197
WP_235531746.1	iAF987.Gmet_0408	37.0	462	264	9	11	456	2	452	7.98e-58	197
WP_235531746.1	iSbBS512_1146.SbBS512_E0079	35.2	443	272	8	22	460	15	446	3.97e-57	195
WP_235531746.1	iSSON_1240.SSON_0094	35.2	443	272	8	22	460	15	446	3.97e-57	195
WP_235531746.1	iSDY_1059.SDY_0116	35.2	443	272	8	22	460	15	446	5.55e-57	194
WP_235531746.1	iML1515.b0086	35.2	443	272	8	22	460	15	446	1.51e-56	193
WP_235531746.1	iYL1228.KPN_00090	36.0	431	261	8	34	460	27	446	8.05e-56	191
WP_235531746.1	iSF_1195.SF0083	34.8	443	274	8	22	460	15	446	2.19e-55	190
WP_235531746.1	STM_v1_0.STM0124	36.1	443	252	10	27	457	20	443	4.27e-55	189
WP_235531746.1	iYO844.BSU04570	33.5	439	267	9	32	460	28	451	3.62e-53	184
WP_235531749.1	iAF987.Gmet_3476	29.0	107	70	1	706	806	13	119	1.59e-07	54.3
WP_235531754.1	iAF987.Gmet_1377	30.3	314	179	7	400	693	403	696	1.33e-22	102
WP_235531754.1	iJN1463.PP_2130	44.3	131	67	2	560	689	511	636	1.53e-22	102
WP_235531754.1	iML1515.b4392	43.8	137	71	3	562	696	500	632	9.89e-21	96.7
WP_235531754.1	iSbBS512_1146.SbBS512_E4940	43.8	137	71	3	562	696	500	632	9.89e-21	96.7
WP_235531754.1	iSDY_1059.SDY_4653	43.8	137	71	3	562	696	509	641	1.01e-20	96.7
WP_235531754.1	iSF_1195.SF4424	43.8	137	71	3	562	696	509	641	1.01e-20	96.7
WP_235531754.1	iSSON_1240.SSON_4542	43.8	137	71	3	562	696	509	641	1.01e-20	96.7
WP_235531754.1	iYL1228.KPN_04847	45.4	130	65	4	562	689	508	633	1.76e-20	95.9
WP_235531754.1	STM_v1_0.STM4582	43.8	130	67	3	562	689	512	637	1.26e-19	93.2
WP_235531754.1	iPC815.YPO0452	43.1	130	68	2	562	689	494	619	1.60e-19	92.8
WP_235531764.1	iJN1463.PP_2408	27.9	380	242	5	58	423	48	409	2.01e-21	95.5
WP_235531764.1	iJN1463.PP_0045	27.2	412	266	10	30	423	19	414	4.23e-19	88.6
WP_235531766.1	iYL1228.KPN_01610	22.8	373	247	8	89	446	142	488	1.55e-10	65.1
WP_235531766.1	iSDY_1059.SDY_0378	24.1	357	225	11	89	428	81	408	4.49e-10	63.5
WP_235531766.1	iSSON_1240.SSON_0299	24.1	357	225	11	89	428	136	463	6.01e-10	63.2
WP_235531766.1	iML1515.b0344	24.1	357	225	11	89	428	136	463	3.07e-09	60.8
WP_235531774.1	iJN1463.PP_0510	37.5	64	39	1	84	147	27	89	8.58e-07	47.8
WP_235531778.1	iML1515.b1992	34.0	253	139	7	15	254	9	246	3.06e-16	75.5
WP_235531778.1	iSbBS512_1146.SbBS512_E0966	34.0	253	139	7	15	254	9	246	5.81e-16	74.7
WP_235531778.1	iSSON_1240.SSON_2053	34.0	253	139	7	15	254	9	246	5.81e-16	74.7
WP_235531778.1	iAF987.Gmet_0468	37.0	138	81	2	2	139	19	150	1.06e-15	74.3
WP_235531778.1	iSDY_1059.SDY_2241	34.0	253	139	7	15	254	9	246	1.10e-15	73.9
WP_235531778.1	iSF_1195.SF2060	33.6	253	140	7	15	254	9	246	1.42e-14	70.9
WP_235531778.1	STM_v1_0.STM2017	33.3	246	146	8	17	254	11	246	1.95e-14	70.5
WP_235531778.1	iYL1228.KPN_02464	32.3	260	135	9	14	254	8	245	4.98e-14	69.3
WP_235531783.1	STM_v1_0.STM2094	54.5	167	70	4	9	172	15	178	1.02e-55	174
WP_235531783.1	iJN1463.PP_1782	50.6	174	79	5	2	171	6	176	3.01e-52	165
WP_235531783.1	iYL1228.KPN_02494	51.2	164	76	3	11	171	16	178	8.44e-50	159
WP_235531783.1	iYL1228.KPN_02488	51.2	164	76	3	11	171	16	178	1.20e-49	158
WP_235531785.1	iML1515.b2047	43.5	186	99	3	226	409	273	454	7.91e-40	147
WP_235531793.1	iAF987.Gmet_1914	27.8	108	73	1	1	108	4	106	1.21e-07	53.1
WP_235531825.1	iCN718.ABAYE_RS19070	30.9	136	88	5	20	153	29	160	2.45e-10	56.6
WP_235531835.1	iLJ478.TM1193	36.4	1020	589	22	26	1026	5	983	9.09e-203	612
WP_235531836.1	iML1515.b3966	30.8	159	103	3	41	196	26	180	8.14e-13	72.0
WP_235531836.1	iSSON_1240.SSON_4139	30.8	159	103	3	41	196	26	180	8.14e-13	72.0
WP_235531836.1	STM_v1_0.STM4130	31.3	150	96	3	41	187	26	171	1.07e-12	71.6
WP_235531836.1	iSF_1195.SF4048	30.2	159	104	3	41	196	26	180	1.41e-12	71.2
WP_235531836.1	iPC815.YPO3910	30.2	182	118	3	19	196	15	191	3.30e-12	70.1
WP_235531836.1	iSDY_1059.SDY_3762	30.2	159	104	3	41	196	26	180	4.25e-12	69.7
WP_235531836.1	iML1515.b2155	30.0	140	86	2	35	168	25	158	1.78e-11	67.8
WP_235531836.1	STM_v1_0.STM2199	29.3	140	87	2	35	168	25	158	1.78e-11	67.8
WP_235531836.1	iSSON_1240.SSON_2211	30.0	140	86	2	35	168	25	158	1.78e-11	67.8
WP_235531838.1	iAT_PLT_636.4905	37.0	219	116	5	175	376	242	455	9.99e-30	124
WP_235531838.1	iMM1415.18195	37.0	219	116	5	175	376	242	455	9.99e-30	124
WP_235531844.1	iAF987.Gmet_3020	46.8	188	91	5	14	195	7	191	4.53e-36	124
WP_235531849.1	iPC815.YPO0364	30.3	287	185	6	29	301	2	287	1.54e-30	116
WP_235531849.1	STM_v1_0.STM4348	29.3	283	185	5	29	297	2	283	1.02e-28	112
WP_235531849.1	iML1515.b4160	29.7	259	168	4	29	274	2	259	7.29e-28	109
WP_235531849.1	iSbBS512_1146.SbBS512_E4692	29.7	259	168	4	29	274	2	259	7.29e-28	109
WP_235531849.1	iSDY_1059.SDY_4432	29.7	259	168	4	29	274	2	259	7.29e-28	109
WP_235531849.1	iSF_1195.SF4318	29.7	259	168	4	29	274	2	259	7.29e-28	109
WP_235531849.1	iSSON_1240.SSON_4345	29.7	259	168	4	29	274	2	259	7.29e-28	109
WP_235531849.1	iYL1228.KPN_04557	29.9	261	165	5	29	274	2	259	9.78e-28	109
WP_235531849.1	iJN1463.PP_4908	30.0	270	176	5	40	297	13	281	1.44e-26	105
WP_235531854.1	iMM1415.15212	28.6	434	271	12	91	517	121	522	1.28e-40	156
WP_235531854.1	iCHOv1.100756951	28.2	440	263	13	92	517	117	517	8.53e-38	148
WP_235531854.1	iCHOv1.100756663	28.0	440	264	13	92	517	117	517	7.50e-36	142
WP_235531856.1	iAF987.Gmet_3535	41.1	367	209	6	13	373	6	371	7.41e-70	224
WP_235531856.1	iPC815.YPO0946	42.0	295	158	5	7	293	2	291	4.77e-69	221
WP_235531856.1	iYL1228.KPN_03389	40.3	330	173	7	9	327	4	320	7.11e-69	221
WP_235531856.1	iEK1008.Rv2388c	38.0	382	216	6	11	384	5	373	2.21e-66	214
WP_235531856.1	iYO844.BSU25500	34.1	364	235	4	13	373	3	364	1.38e-61	202
WP_235531864.1	iAF987.Gmet_1639	33.8	133	84	2	132	264	66	194	1.37e-07	52.4
WP_235531864.1	iCN900.CD630_21940	24.2	231	161	6	13	235	21	245	2.21e-06	48.9
WP_235531870.1	iCHOv1.100774083	28.3	481	312	10	199	662	237	701	1.25e-46	175
WP_235531872.1	iYL1228.KPN_00409	56.9	343	148	0	14	356	5	347	1.49e-131	379
WP_235531884.1	iSSON_1240.SSON_2996	48.2	713	348	6	425	1125	4	707	4.39e-219	645
WP_235531884.1	STM_v1_0.STM3010	48.5	710	345	6	428	1125	7	707	8.74e-219	644
WP_235531884.1	iSbBS512_1146.SbBS512_E3026	48.2	713	348	6	425	1125	4	707	1.23e-218	644
WP_235531884.1	iSF_1195.SF2846	48.2	713	348	6	425	1125	4	707	2.46e-218	643
WP_235531884.1	iML1515.b2836	48.2	713	348	6	425	1125	4	707	3.47e-218	642
WP_235531884.1	iSDY_1059.SDY_3053	48.0	713	350	6	425	1125	4	707	7.71e-217	639
WP_235531884.1	iYL1228.KPN_03245	48.4	703	342	6	435	1125	14	707	2.41e-215	635
WP_235531884.1	iPC815.YPO0793	47.2	709	359	6	426	1125	5	707	1.12e-209	620
WP_235531887.1	iYL1228.KPN_04156	35.9	92	56	1	187	278	154	242	7.77e-06	46.6
WP_235531887.1	STM_v1_0.STM3884	38.3	94	51	2	187	278	154	242	7.77e-06	46.6
WP_235531887.1	iML1515.b3751	35.9	92	56	1	187	278	154	242	1.38e-05	45.8
WP_235531892.1	iJN1463.PP_1403	38.6	739	405	10	17	724	28	748	1.40e-145	444
WP_235531892.1	iYL1228.KPN_02568	39.3	733	406	11	17	724	32	750	2.09e-145	443
WP_235531892.1	iSF_1195.SF2217	38.7	729	398	11	26	724	41	750	2.76e-142	435
WP_235531892.1	iSDY_1059.SDY_2156	38.7	732	400	11	23	724	38	750	3.89e-142	435
WP_235531892.1	iML1515.b2132	38.7	732	400	11	23	724	38	750	7.70e-142	434
WP_235531892.1	iSbBS512_1146.SbBS512_E0841	38.7	732	400	11	23	724	38	750	7.70e-142	434
WP_235531892.1	iSSON_1240.SSON_2189	38.5	732	401	11	23	724	38	750	4.26e-141	432
WP_235531892.1	iPC815.YPO0616	38.3	721	400	10	21	724	14	706	1.18e-132	409
WP_235531905.1	iHN637.CLJU_RS19935	48.8	43	22	0	106	148	61	103	1.98e-06	47.0
WP_235531913.1	iSF_1195.SF0414	49.2	183	92	1	1	182	1	183	5.76e-51	161
WP_235531913.1	iML1515.b0469	49.2	183	92	1	1	182	1	183	1.16e-50	160
WP_235531913.1	iSbBS512_1146.SbBS512_E0401	49.2	183	92	1	1	182	1	183	1.16e-50	160
WP_235531913.1	iSDY_1059.SDY_0450	49.2	183	92	1	1	182	1	183	1.16e-50	160
WP_235531913.1	iSSON_1240.SSON_0456	49.2	183	92	1	1	182	1	183	1.16e-50	160
WP_235531913.1	STM_v1_0.STM0483	48.6	183	93	1	1	182	1	183	2.66e-49	157
WP_235531913.1	iYL1228.KPN_00451	48.1	183	94	1	1	182	1	183	6.12e-48	154
WP_235531913.1	iPC815.YPO3123	49.1	169	85	1	15	182	19	187	3.94e-47	152
WP_235531921.1	iJN1463.PP_1386	43.7	373	189	4	9	378	4	358	3.07e-87	269
WP_235531921.1	iYL1228.KPN_03672	44.0	366	194	4	14	378	13	368	3.73e-87	269
WP_235531921.1	STM_v1_0.STM3390	42.5	367	202	2	14	378	14	373	1.26e-86	268
WP_235531921.1	iML1515.b0463	41.8	378	211	4	12	387	13	383	2.25e-84	262
WP_235531921.1	iSDY_1059.SDY_0456	41.8	378	211	4	12	387	13	383	3.18e-84	262
WP_235531921.1	iSSON_1240.SSON_0450	41.5	378	212	4	12	387	13	383	6.33e-84	261
WP_235531921.1	iSF_1195.SF0408	41.8	378	211	4	12	387	13	383	8.93e-84	261
WP_235531921.1	iML1515.b3265	40.7	371	210	3	10	378	11	373	4.96e-83	258
WP_235531921.1	iPC815.YPO3132	41.2	369	209	2	12	378	13	375	1.33e-82	258
WP_235531921.1	iSbBS512_1146.SbBS512_E3648	40.4	371	211	3	10	378	11	373	1.40e-82	257
WP_235531925.1	iAM_Pv461.PVX_085660	30.3	218	143	4	25	240	82	292	1.39e-17	81.6
WP_235531928.1	iAF987.Gmet_0880	28.0	415	259	9	16	399	7	412	7.62e-20	92.0
WP_235531929.1	iAF987.Gmet_0700	24.9	189	122	4	292	480	187	355	1.07e-04	45.4
WP_235531934.1	iEK1008.Rv2284	26.8	209	125	10	69	261	186	382	1.40e-05	45.8
WP_235531947.1	iIS312.TCDM_03631	24.9	265	138	6	62	280	150	399	7.98e-11	62.8
WP_235531947.1	iNF517.LLMG_RS01990	26.5	223	149	7	104	312	91	312	1.61e-10	60.8
WP_235531954.1	iEK1008.Rv0467	66.3	409	134	3	13	420	22	427	8.66e-193	540
WP_235531954.1	iJN1463.PP_4116	60.0	423	151	4	13	420	21	440	5.65e-175	496
WP_235531954.1	iSbBS512_1146.SbBS512_E4509	62.2	418	146	6	13	420	19	434	1.79e-174	494
WP_235531954.1	iML1515.b4015	62.0	418	147	6	13	420	19	434	5.11e-174	493
WP_235531954.1	iSDY_1059.SDY_4328	62.0	418	147	6	13	420	19	434	5.11e-174	493
WP_235531954.1	iYL1228.KPN_04396	61.7	418	148	5	13	420	24	439	1.74e-173	492
WP_235531954.1	iSF_1195.SF4081	62.0	418	147	6	13	420	19	434	1.46e-173	492
WP_235531954.1	STM_v1_0.STM4184	61.0	418	151	5	13	420	19	434	6.81e-172	488
WP_235531956.1	iJN1463.PP_2428	27.6	257	184	2	12	267	31	286	1.30e-20	92.4
WP_235531956.1	iJN1463.PP_2647	27.8	291	189	4	9	288	24	304	6.49e-19	87.4
