WP_002976354.1	iJN1463.PP_1915	63.0	73	27	0	1	73	1	73	2.21e-24	86.7
WP_002976354.1	iML1515.b1094	63.0	73	27	0	1	73	1	73	1.28e-23	84.7
WP_002976354.1	iYL1228.KPN_01092	63.0	73	27	0	1	73	1	73	1.28e-23	84.7
WP_002976354.1	STM_v1_0.STM1196	63.0	73	27	0	1	73	1	73	1.28e-23	84.7
WP_002976354.1	iSbBS512_1146.SbBS512_E2230	63.0	73	27	0	1	73	1	73	1.28e-23	84.7
WP_002976354.1	iSDY_1059.SDY_2056	63.0	73	27	0	1	73	1	73	1.28e-23	84.7
WP_002976354.1	iSF_1195.SF1098	63.0	73	27	0	1	73	1	73	1.28e-23	84.7
WP_002976354.1	iSSON_1240.SSON_1114	63.0	73	27	0	1	73	1	73	1.28e-23	84.7
WP_002976354.1	iPC815.YPO1600	61.6	73	28	0	1	73	1	73	1.49e-22	82.0
WP_002979108.1	iLJ478.TM1615	56.8	44	19	0	10	53	25	68	5.98e-07	42.0
WP_002979108.1	iNF517.LLMG_RS09765	47.1	51	27	0	10	60	14	64	1.45e-05	38.1
WP_027380477.1	iAF987.Gmet_0069	29.9	154	95	5	1	150	1	145	8.88e-15	71.6
WP_027380477.1	iAF987.Gmet_1919	27.0	152	110	1	5	156	5	155	9.68e-14	68.9
WP_027380477.1	iAF987.Gmet_2999	34.9	106	67	1	5	108	10	115	6.37e-13	66.6
WP_027380477.1	iAF987.Gmet_1706	36.5	126	75	3	4	127	2	124	5.42e-13	66.6
WP_027380477.1	iAF987.Gmet_1914	28.7	136	96	1	3	138	2	136	1.92e-12	65.5
WP_034679196.1	iYL1228.KPN_01470	54.5	88	40	0	6	93	8	95	1.11e-33	111
WP_034679196.1	iML1515.b1389	52.6	95	43	1	1	93	1	95	9.11e-33	108
WP_034679196.1	iJN1463.PP_3277	51.6	93	45	0	1	93	1	93	1.22e-32	108
WP_047398853.1	iYS854.USA300HOU_RS04825	37.1	97	61	0	11	107	5	101	3.15e-19	75.5
WP_055978648.1	iEK1008.Rv3628	33.6	152	78	4	24	174	4	133	2.03e-18	78.2
WP_055978648.1	iJN1463.PP_0538	29.8	188	109	5	13	197	6	173	2.71e-18	78.2
WP_055978648.1	iCN718.ABAYE_RS18235	31.9	188	102	7	10	192	3	169	7.44e-18	77.0
WP_055978648.1	iML1515.b4226	31.0	184	104	6	13	193	6	169	1.06e-17	76.6
WP_055978648.1	iSbBS512_1146.SbBS512_E4858	31.0	184	104	6	13	193	6	169	1.06e-17	76.6
WP_055978648.1	iSDY_1059.SDY_4462	31.0	184	104	6	13	193	6	169	1.06e-17	76.6
WP_055978648.1	iSSON_1240.SSON_4408	31.0	184	104	6	13	193	6	169	1.06e-17	76.6
WP_055978648.1	iIT341.HP0620	32.2	177	95	5	21	195	13	166	1.39e-17	76.3
WP_055978648.1	STM_v1_0.STM4414	30.4	191	110	6	13	200	6	176	2.08e-17	75.9
WP_055978648.1	iSF_1195.SF4264	30.4	184	105	6	13	193	6	169	7.94e-17	74.3
WP_055978648.1	iPC815.YPO3521	32.1	162	82	6	13	168	6	145	1.09e-16	73.9
WP_055978648.1	iYL1228.KPN_04621	30.4	184	105	6	13	193	6	169	1.55e-16	73.6
WP_055978648.1	iSynCJ816.SGL_RS11485	29.0	169	96	3	22	190	14	158	9.95e-16	71.2
WP_055978664.1	iCN900.CD630_19470	43.3	224	118	3	2	221	10	228	2.08e-56	178
WP_055978668.1	iCHOv1.100773493	38.6	555	320	7	5	539	93	646	7.34e-100	315
WP_055978668.1	iMM1415.235339	39.7	557	307	10	5	539	93	642	9.32e-100	314
WP_055978668.1	iAT_PLT_636.1737	39.1	565	303	11	5	539	94	647	3.43e-97	308
WP_055978673.1	iAF987.Gmet_2760	45.5	312	169	1	10	321	15	325	4.73e-89	269
WP_055978673.1	iSynCJ816.SGL_RS12345	42.5	325	176	2	6	321	19	341	3.23e-88	268
WP_055978673.1	iMM1415.18598	44.3	316	169	5	10	323	63	373	4.14e-78	243
WP_055978673.1	iAT_PLT_636.5160	44.5	321	171	5	5	323	95	410	1.64e-77	243
WP_055978673.1	iLB1027_lipid.PHATRDRAFT_55035	40.9	323	182	5	13	329	71	390	1.09e-77	243
WP_055978691.1	iCN900.CD630_21150	46.9	687	343	9	275	947	154	832	7.70e-184	552
WP_055978699.1	iCN900.CD630_26230	39.6	230	124	3	2	217	6	234	8.14e-46	151
WP_055978699.1	iIS312.TCDM_08914	39.5	223	123	4	5	215	17	239	2.99e-40	137
WP_055978703.1	iAF987.Gmet_1919	36.3	146	88	2	4	149	5	145	5.53e-19	87.0
WP_055978706.1	iML1515.b1985	21.3	461	298	15	8	436	38	465	4.04e-08	55.1
WP_055978712.1	iML1515.b1448	27.8	151	108	1	4	154	1	150	1.14e-16	72.8
WP_055978722.1	iML1515.b3409	25.7	140	94	5	7	140	6	141	1.26e-05	46.2
WP_055978722.1	iYL1228.KPN_03779	30.3	122	75	5	7	122	6	123	1.26e-05	46.2
WP_055978722.1	iPC815.YPO0132	27.6	134	87	5	3	130	2	131	1.26e-05	46.2
WP_055978722.1	iSbBS512_1146.SbBS512_E3790	25.7	140	94	5	7	140	6	141	1.67e-05	45.8
WP_055978722.1	iSDY_1059.SDY_3667	25.7	140	94	5	7	140	6	141	1.67e-05	45.8
WP_055978722.1	iSF_1195.SF3428	25.7	140	94	5	7	140	6	141	1.67e-05	45.8
WP_055978722.1	STM_v1_0.STM3506	26.4	140	93	5	7	140	6	141	6.93e-05	43.9
WP_055978722.1	iSSON_1240.SSON_3540	25.0	140	95	5	7	140	6	141	9.21e-05	43.5
WP_055978725.1	iAF692.Mbar_A2838	32.9	301	187	4	8	295	15	313	1.10e-41	146
WP_055978728.1	iCN900.CD630_03000	22.1	271	164	8	62	305	40	290	1.94e-05	45.4
WP_055978734.1	iML1515.b1600	27.6	105	69	2	3	105	5	104	4.76e-06	42.0
WP_055978734.1	iSbBS512_1146.SbBS512_E1786	27.6	105	69	2	3	105	5	104	4.76e-06	42.0
WP_055978734.1	iSDY_1059.SDY_1553	27.6	105	69	2	3	105	5	104	4.76e-06	42.0
WP_055978734.1	iSF_1195.SF1621	27.6	105	69	2	3	105	5	104	4.76e-06	42.0
WP_055978734.1	iSSON_1240.SSON_1560	27.6	105	69	2	3	105	5	104	4.76e-06	42.0
WP_055978741.1	iLB1027_lipid.PHATRDRAFT_20470	35.0	100	65	0	127	226	140	239	4.24e-08	52.8
WP_055978741.1	iHN637.CLJU_RS19845	48.9	45	23	0	125	169	103	147	7.52e-07	48.5
WP_055978744.1	iSynCJ816.SGL_RS14865	45.2	230	125	1	9	237	12	241	7.00e-65	202
WP_055978744.1	iSynCJ816.SGL_RS14930	42.4	238	135	2	2	237	29	266	2.86e-62	197
WP_055978744.1	iSynCJ816.SGL_RS16015	43.4	235	127	3	9	237	29	263	1.35e-61	195
WP_055978751.1	iLB1027_lipid.PHATRDRAFT_9316	49.6	284	139	2	30	311	1	282	5.39e-90	271
WP_055978754.1	iCN900.CD630_31710	48.5	517	253	7	1	513	2	509	1.73e-161	468
WP_055978754.1	iHN637.CLJU_RS19260	48.3	515	256	7	1	512	1	508	9.37e-159	461
WP_055978754.1	iYO844.BSU33910	48.2	517	255	9	1	512	1	509	1.34e-150	440
WP_055978754.1	iAF692.Mbar_A1223	46.5	514	264	9	3	512	9	515	7.44e-149	436
WP_055978754.1	iAF987.Gmet_3203	44.3	517	277	6	1	513	1	510	5.08e-148	433
WP_055978766.1	iJN1463.PP_2943	28.2	255	167	6	308	561	59	298	7.89e-25	105
WP_055978766.1	iAF987.Gmet_3091	28.1	299	181	9	308	603	55	322	6.60e-23	100
WP_055978766.1	iIT341.HP1461	31.2	276	154	11	308	578	70	314	1.86e-21	95.9
WP_055978769.1	iYO844.BSU19630	29.4	248	134	8	20	265	4	212	1.54e-17	79.3
WP_055978769.1	iPC815.YPO3786	26.9	271	161	6	18	280	6	247	1.98e-16	76.6
WP_055978769.1	iML1515.b3831	28.3	251	145	5	18	262	6	227	7.07e-16	75.1
WP_055978769.1	iSbBS512_1146.SbBS512_E4303	28.3	251	145	5	18	262	6	227	7.07e-16	75.1
WP_055978769.1	iSDY_1059.SDY_3912	28.3	251	145	5	18	262	6	227	7.07e-16	75.1
WP_055978769.1	iSSON_1240.SSON_4006	27.9	251	146	5	18	262	6	227	9.70e-16	74.7
WP_055978769.1	iSF_1195.SF3909	27.9	251	146	5	18	262	6	227	2.51e-15	73.6
WP_055978769.1	STM_v1_0.STM3968	27.5	251	147	5	18	262	6	227	3.44e-15	73.2
WP_055978769.1	iYL1228.KPN_04327	27.5	251	147	5	18	262	6	227	4.71e-15	72.8
WP_055978769.1	iNF517.LLMG_RS08650	26.1	238	133	7	20	256	7	202	5.25e-15	72.4
WP_055978775.1	iAF987.Gmet_2558	34.0	259	163	5	4	258	2	256	8.39e-35	125
WP_055978775.1	iYO844.BSU11720	30.7	251	169	3	6	253	5	253	1.01e-32	120
WP_055978775.1	iYL1228.KPN_01284	31.6	263	168	6	4	260	2	258	6.33e-31	115
WP_055978775.1	iML1515.b1288	30.4	263	171	6	4	260	2	258	2.43e-30	114
WP_055978775.1	iSF_1195.SF1293	30.4	263	171	6	4	260	2	258	2.43e-30	114
WP_055978775.1	iSSON_1240.SSON_1852	30.4	263	171	6	4	260	2	258	2.43e-30	114
WP_055978775.1	STM_v1_0.STM1700	30.4	263	171	6	4	260	2	258	4.77e-30	113
WP_055978775.1	iSDY_1059.SDY_1368	30.4	263	171	6	4	260	2	258	4.77e-30	113
WP_055978778.1	iMM1415.14466	34.7	438	258	12	61	478	82	511	8.33e-77	249
WP_055978778.1	iCHOv1.100756635	34.3	434	265	12	61	478	82	511	1.35e-74	243
WP_055978781.1	iJN1463.PP_1403	44.3	733	371	8	27	732	34	756	1.12e-206	601
WP_055978781.1	iSDY_1059.SDY_2156	43.1	749	393	7	8	732	19	758	4.88e-203	592
WP_055978781.1	iSSON_1240.SSON_2189	43.1	749	393	7	8	732	19	758	4.88e-203	592
WP_055978781.1	iML1515.b2132	43.1	749	393	7	8	732	19	758	9.76e-203	591
WP_055978781.1	iSbBS512_1146.SbBS512_E0841	43.1	749	393	7	8	732	19	758	1.95e-202	590
WP_055978781.1	iSF_1195.SF2217	42.9	749	395	7	8	732	19	758	2.21e-201	587
WP_055978781.1	iYL1228.KPN_02568	42.5	749	398	7	8	732	19	758	1.59e-198	580
WP_055978783.1	iMM1415.14466	29.2	407	249	15	70	447	86	482	2.43e-43	159
WP_055978783.1	iCHOv1.100756635	28.7	401	247	15	76	447	92	482	1.49e-40	152
WP_055978789.1	iSbBS512_1146.SbBS512_E0485	32.4	142	69	7	57	179	50	183	1.89e-04	45.1
WP_055978789.1	iSDY_1059.SDY_0512	31.7	142	70	7	57	179	50	183	4.27e-04	43.9
WP_055978789.1	iSF_1195.SF0496	31.7	142	70	7	57	179	50	183	4.27e-04	43.9
WP_055978789.1	iSSON_1240.SSON_0534	31.7	142	70	7	57	179	50	183	4.27e-04	43.9
WP_055978789.1	iML1515.b0584	31.7	142	70	7	57	179	50	183	5.61e-04	43.5
WP_055978799.1	iAF987.Gmet_2075	56.7	388	165	3	7	392	5	391	9.72e-151	431
WP_055978799.1	iJN1463.PP_0158	54.8	378	171	0	15	392	15	392	4.42e-142	409
WP_055978799.1	iCHOv1.100757019	52.7	393	178	3	7	392	35	426	3.06e-136	395
WP_055978799.1	iCN718.ABAYE_RS15425	52.2	387	180	1	11	392	18	404	1.58e-135	393
WP_055978799.1	iMM1415.270076	52.3	390	183	2	5	392	55	443	3.51e-134	391
WP_055978818.1	iCN718.ABAYE_RS05270	44.1	395	216	2	3	396	4	394	5.61e-104	313
WP_055978818.1	iYO844.BSU22370	43.8	390	212	4	3	390	2	386	2.63e-100	303
WP_055978818.1	iHN637.CLJU_RS06550	42.0	395	226	3	4	396	3	396	3.81e-98	297
WP_055978818.1	iSynCJ816.SGL_RS13785	39.4	396	229	3	3	396	2	388	1.21e-94	288
WP_055978818.1	iIT341.HP0672	41.8	388	214	6	5	389	4	382	2.24e-92	282
WP_055978824.1	STM_v1_0.STM0402	42.9	210	106	3	1	210	1	196	7.00e-53	168
WP_055978824.1	iIT341.HP1563	44.2	172	82	2	39	210	37	194	1.58e-48	157
WP_055978824.1	iMM1415.18477	37.9	206	112	3	4	209	8	197	1.05e-46	152
WP_055978828.1	iAM_Pb448.PBANKA_082630	37.1	97	58	2	1	95	23	118	1.86e-18	73.9
WP_055978828.1	iMM904.YCR083W	33.3	84	54	1	3	86	31	112	3.36e-16	68.2
WP_055978843.1	iJN1463.PP_1625	68.4	19	6	0	7	25	38	56	4.85e-04	36.6
WP_055978843.1	iAF987.Gmet_1033	58.3	24	10	0	1	24	1	24	5.18e-04	35.4
WP_055978844.1	iYO844.BSU10020	46.2	353	187	3	1	351	1	352	2.52e-105	313
WP_055978846.1	iHN637.CLJU_RS00470	42.8	318	158	10	1	314	2	299	4.80e-70	219
WP_055978846.1	iLJ478.TM1401	42.8	320	154	9	2	314	5	302	2.56e-66	210
WP_055978846.1	iCN900.CD630_09950	39.7	315	165	8	3	312	4	298	8.73e-63	201
WP_055978875.1	iYS854.USA300HOU_RS02910	45.5	336	172	5	21	349	24	355	1.93e-94	285
WP_055978875.1	iYO844.BSU38550	43.5	345	190	3	15	355	19	362	9.04e-94	283
WP_055978875.1	iYO844.BSU02390	41.4	345	186	4	15	349	18	356	5.55e-85	261
WP_055978890.1	iHN637.CLJU_RS06205	51.0	210	103	0	6	215	4	213	7.94e-70	212
WP_055978890.1	iCN900.CD630_25750	48.3	211	108	1	6	215	4	214	8.06e-69	209
WP_055978890.1	iSynCJ816.SGL_RS09950	52.2	205	96	1	2	204	3	207	4.06e-68	208
WP_055978890.1	iAF987.Gmet_0067	50.0	212	106	0	4	215	2	213	4.33e-68	207
WP_055978890.1	iYO844.BSU15790	50.2	211	104	1	6	215	4	214	3.55e-66	202
WP_055978890.1	iYS854.USA300HOU_RS06140	46.9	213	112	1	3	215	2	213	3.96e-62	192
WP_055978890.1	iLJ478.TM1718	45.7	210	113	1	6	215	4	212	6.76e-62	192
WP_055978893.1	iAF987.Gmet_2686	50.4	133	66	0	5	137	4	136	4.98e-43	138
WP_055978893.1	iJN1463.PP_0849	52.6	133	63	0	5	137	6	138	1.13e-42	137
WP_055978893.1	iCN718.ABAYE_RS16260	51.1	133	65	0	5	137	6	138	6.90e-42	135
WP_055978893.1	iYL1228.KPN_02848	51.1	133	65	0	5	137	6	138	5.61e-41	133
WP_055978893.1	STM_v1_0.STM2526	50.4	133	66	0	5	137	6	138	1.60e-40	132
WP_055978893.1	iPC815.YPO2883	50.0	134	67	0	5	138	6	139	6.28e-40	130
WP_055978893.1	iML1515.b2518	49.6	133	67	0	5	137	6	138	1.30e-39	129
WP_055978893.1	iSbBS512_1146.SbBS512_E2893	49.6	133	67	0	5	137	6	138	1.30e-39	129
WP_055978893.1	iSDY_1059.SDY_2714	49.6	133	67	0	5	137	6	138	1.30e-39	129
WP_055978893.1	iSF_1195.SF2564	49.6	133	67	0	5	137	6	138	1.30e-39	129
WP_055978893.1	iSSON_1240.SSON_2600	49.6	133	67	0	5	137	6	138	1.30e-39	129
WP_055978893.1	iIT341.HP0198	47.4	137	72	0	1	137	1	137	3.10e-39	128
WP_055978895.1	iYL1228.KPN_04558	39.0	218	130	2	85	300	119	335	2.74e-47	162
WP_055978895.1	iML1515.b4161	38.2	217	132	2	85	300	119	334	3.85e-46	159
WP_055978895.1	iPC815.YPO0365	36.9	222	137	2	85	304	118	338	3.85e-46	159
WP_055978895.1	iSbBS512_1146.SbBS512_E4693	37.8	217	133	2	85	300	119	334	5.40e-46	158
WP_055978895.1	iSSON_1240.SSON_4346	37.8	217	133	2	85	300	106	321	3.98e-46	158
WP_055978895.1	STM_v1_0.STM4349	37.8	217	133	2	85	300	127	342	1.28e-45	157
WP_055978895.1	iSDY_1059.SDY_4431	37.8	217	133	2	85	300	106	321	7.84e-46	157
WP_055978895.1	iSF_1195.SF4320	37.8	217	133	2	85	300	130	345	1.92e-45	157
WP_055978895.1	iJN1463.PP_4903	33.6	253	165	2	43	295	82	331	7.85e-43	150
WP_055978895.1	iYS854.USA300HOU_RS06135	34.8	302	172	8	3	301	4	283	4.82e-42	146
WP_055978898.1	iCN900.CD630_18320	34.6	240	148	5	19	258	97	327	3.63e-40	144
WP_055978898.1	iCN900.CD630_14530	32.4	250	160	4	8	257	18	258	5.38e-36	131
WP_055978904.1	iCN900.CD630_20200	26.7	131	77	4	19	134	577	703	1.44e-04	43.5
WP_055978910.1	iYO844.BSU17000	37.7	355	216	3	64	416	40	391	3.11e-84	262
WP_055978910.1	iYS854.USA300HOU_RS02890	35.7	387	238	5	32	414	13	392	3.21e-78	247
WP_055978910.1	iAF987.Gmet_0842	35.3	385	238	6	32	412	9	386	1.38e-75	240
WP_055978919.1	iYO844.BSU33420	35.3	388	236	6	30	407	30	412	3.97e-60	209
WP_055978919.1	iCN900.CD630_26691	31.6	456	269	9	34	460	34	475	6.51e-53	190
WP_055978935.1	iML1515.b0844	33.8	263	173	1	3	264	2	264	4.89e-41	142
WP_055978935.1	iYL1228.KPN_00856	32.8	262	173	3	4	263	3	263	9.56e-37	130
WP_055978935.1	iML1515.b0822	33.1	263	173	3	3	263	2	263	2.65e-36	129
WP_055978935.1	iSSON_1240.SSON_0804	33.1	263	173	3	3	263	2	263	2.65e-36	129
WP_055978935.1	iSbBS512_1146.SbBS512_E2526	33.1	263	173	3	3	263	2	263	3.72e-36	129
WP_055978935.1	iSF_1195.SF0772	33.1	263	173	3	3	263	2	263	3.72e-36	129
WP_055978952.1	iAF987.Gmet_3091	37.3	252	147	4	80	323	46	294	3.07e-41	148
WP_055978952.1	iJN1463.PP_2943	34.8	273	166	5	89	351	59	329	6.69e-37	136
WP_055978954.1	iAF987.Gmet_0043	30.3	89	60	1	25	111	299	387	1.99e-07	47.8
WP_055978954.1	iAF987.Gmet_1706	24.3	111	84	0	5	115	2	112	2.91e-06	44.3
WP_055978962.1	iAF987.Gmet_1919	30.7	114	75	2	5	118	5	114	2.76e-10	55.8
WP_055978965.1	iAF987.Gmet_0043	23.1	411	261	6	511	915	26	387	6.78e-22	101
WP_055978968.1	iAF987.Gmet_2999	35.3	139	89	1	2	140	10	147	4.24e-17	82.4
WP_055978975.1	iEK1008.Rv3703c	26.6	301	168	6	137	389	127	422	4.40e-25	105
WP_055978978.1	iEK1008.Rv3701c	34.4	273	171	3	22	292	21	287	2.80e-42	148
WP_055978985.1	iAF987.Gmet_1919	29.4	119	80	2	34	148	34	152	1.59e-06	47.8
WP_055978988.1	iJN1463.PP_1478	45.0	353	188	4	3	351	4	354	6.29e-97	291
WP_055978991.1	iSynCJ816.SGL_RS06890	44.8	335	181	2	7	340	53	384	8.08e-103	307
WP_055978999.1	iCHOv1.100757328	32.7	147	83	5	4	144	240	376	1.46e-10	61.6
WP_055978999.1	iAF987.Gmet_0843	31.0	126	82	4	12	137	12	132	5.47e-09	55.8
WP_055979024.1	iSynCJ816.SGL_RS09430	24.4	131	94	2	96	226	33	158	7.54e-05	43.1
WP_055979033.1	iAF987.Gmet_0843	27.0	278	176	8	36	301	3	265	1.89e-22	94.0
WP_055979036.1	iJN1463.PP_3270	32.4	142	77	3	21	150	536	670	1.72e-07	49.3
WP_055979036.1	iJN1463.PP_4552	28.8	132	74	4	37	161	22	140	1.83e-07	47.8
WP_055979036.1	iMM1415.15488	31.2	93	59	2	33	122	486	576	2.69e-06	45.8
WP_055979039.1	iAF987.Gmet_0843	26.3	266	182	8	12	273	12	267	1.16e-13	68.9
WP_055979048.1	iAF987.Gmet_3508	24.8	290	215	2	49	335	76	365	1.94e-22	98.2
WP_055979054.1	STM_v1_0.STM1160	26.3	392	256	13	6	389	3	369	2.44e-22	97.1
WP_055979054.1	iMM1415.19193	22.3	400	263	8	2	389	4	367	1.62e-21	94.7
WP_055979054.1	iSDY_1059.SDY_2096	26.1	398	250	16	6	389	3	370	1.55e-21	94.7
WP_055979054.1	iSF_1195.SF1066	25.6	398	252	16	6	389	3	370	2.11e-21	94.4
WP_055979056.1	iCHOv1.100753207	23.2	328	202	12	235	561	214	492	4.14e-06	49.3
WP_055979058.1	iCHOv1.100774614	22.8	228	135	9	190	394	209	418	1.23e-04	45.1
WP_055979058.1	iMM1415.22178	21.6	222	137	7	190	390	209	414	1.63e-04	44.7
WP_055979058.1	iAT_PLT_636.7299	23.8	256	143	13	195	419	201	435	6.34e-04	42.7
WP_055979067.1	iYS854.USA300HOU_RS09450	30.9	97	63	2	118	214	109	201	2.11e-05	44.3
WP_055979128.1	iYL1228.KPN_01091	31.4	185	124	1	5	186	6	190	8.48e-27	104
WP_055979128.1	iYL1228.KPN_02061	32.6	187	119	2	3	182	1	187	1.09e-26	104
WP_055979128.1	iML1515.b1093	31.4	185	124	1	5	186	6	190	1.18e-26	103
WP_055979128.1	iSbBS512_1146.SbBS512_E2231	31.4	185	124	1	5	186	6	190	1.18e-26	103
WP_055979128.1	iSF_1195.SF1097	31.4	185	124	1	5	186	6	190	1.18e-26	103
WP_055979128.1	iSSON_1240.SSON_1113	31.4	185	124	1	5	186	6	190	1.18e-26	103
WP_055979128.1	iCHOv1.100773401	28.9	246	157	5	9	238	10	253	6.03e-26	103
WP_055979128.1	iYS854.USA300HOU_RS06185	33.2	184	116	1	3	179	1	184	1.65e-26	103
WP_055979128.1	iSDY_1059.SDY_2057	31.4	185	124	1	5	186	6	190	2.31e-26	103
WP_055979128.1	iNF517.LLMG_RS08260	31.3	230	146	5	3	225	1	225	1.47e-25	101
WP_055979128.1	STM_v1_0.STM1195	30.3	185	126	1	5	186	6	190	1.22e-25	101
WP_055979128.1	iMM1415.235033	27.6	246	160	5	9	238	10	253	8.98e-25	100
WP_055979128.1	iHN637.CLJU_RS20765	28.6	234	145	5	1	225	1	221	7.00e-25	99.4
WP_055979128.1	iCN718.ABAYE_RS13105	33.3	192	118	3	4	186	6	196	3.72e-24	98.2
WP_055979128.1	iCN718.ABAYE_RS01085	29.5	254	161	5	4	247	6	251	3.29e-24	98.2
WP_055979128.1	iLJ478.TM1724	32.6	184	118	2	5	182	6	189	2.53e-24	97.8
WP_055979128.1	iYO844.BSU15910	29.4	228	141	5	5	225	5	219	1.33e-23	95.9
WP_055979128.1	iYS854.USA300HOU_RS00665	29.7	202	135	2	1	195	1	202	6.25e-23	94.4
WP_055979181.1	iYS854.USA300HOU_RS05260	25.8	325	205	9	41	361	92	384	3.79e-18	85.9
WP_055979181.1	iSynCJ816.SGL_RS12260	24.8	351	219	14	23	340	31	369	1.76e-15	77.8
WP_055979204.1	iSynCJ816.SGL_RS12965	31.6	231	146	5	1	221	1	229	4.63e-22	91.3
WP_055979204.1	iCN900.CD630_11820	30.2	202	122	8	1	191	2	195	1.46e-19	84.3
WP_055979207.1	iML1515.b0493	30.5	266	172	3	1	263	14	269	5.94e-33	120
WP_055979207.1	iCHOv1.100773401	38.5	182	100	4	3	173	6	186	6.09e-30	114
WP_055979207.1	iMM1415.235033	32.7	251	144	6	3	232	6	252	2.53e-29	112
WP_055979216.1	iAF987.Gmet_2999	29.3	116	79	2	9	121	10	125	1.08e-13	65.5
WP_055979225.1	iAF692.Mbar_A0771	63.7	350	127	0	46	395	3	352	2.32e-167	472
WP_055979228.1	iML1515.b3662	37.1	372	230	1	13	384	19	386	9.51e-82	255
WP_055979234.1	iMM1415.235033	43.2	192	90	6	2	181	3	187	5.01e-30	114
WP_055979234.1	iCHOv1.100773401	36.8	253	138	7	8	244	9	255	1.24e-29	113
WP_055979234.1	iCN900.CD630_26790	34.6	191	122	1	1	188	1	191	8.68e-28	107
WP_055979234.1	iEK1008.Rv1350	33.2	199	128	3	3	197	6	203	1.93e-26	103
WP_055979237.1	iYO844.BSU39780	34.8	305	197	2	1	303	1	305	4.19e-51	171
WP_055979237.1	iLB1027_lipid.PHATRDRAFT_44546	34.0	294	170	5	14	303	18	291	6.81e-47	160
WP_055979237.1	iYO844.BSU09530	32.6	310	206	2	1	307	1	310	4.11e-45	156
WP_055979266.1	iLJ478.TM1724	29.7	236	165	1	4	238	3	238	8.59e-36	127
WP_055979266.1	iCN718.ABAYE_RS09965	32.0	253	157	5	1	239	2	253	9.56e-35	124
WP_055979266.1	iYO844.BSU15910	30.8	227	155	2	4	228	2	228	3.96e-33	120
WP_055979266.1	iSF_1195.SF1556	32.2	242	156	6	8	245	2	239	5.83e-33	119
WP_055979266.1	iYL1228.KPN_01590	32.8	241	156	4	8	245	2	239	8.39e-33	119
WP_055979266.1	iYS854.USA300HOU_RS06185	33.6	223	146	2	7	227	3	225	7.45e-33	119
WP_055979266.1	iSDY_1059.SDY_1586	31.8	242	157	6	8	245	2	239	1.62e-32	118
WP_055979266.1	STM_v1_0.STM1511	34.6	243	149	7	8	245	2	239	2.27e-32	118
WP_055979266.1	iML1515.b1539	32.2	242	156	6	8	245	2	239	3.19e-32	117
WP_055979266.1	iSSON_1240.SSON_1589	32.2	242	156	6	8	245	2	239	3.19e-32	117
WP_055979266.1	iHN637.CLJU_RS20765	29.2	240	168	2	1	238	1	240	4.48e-32	117
WP_055979266.1	iSynCJ816.SGL_RS07245	31.3	246	161	4	1	238	1	246	6.14e-32	117
WP_055979266.1	iCN718.ABAYE_RS13105	34.9	215	133	3	1	211	1	212	1.96e-31	116
WP_055979266.1	iSbBS512_1146.SbBS512_E1701	32.2	242	156	6	8	245	2	239	1.24e-31	116
WP_055979266.1	iCN900.CD630_11820	30.8	240	164	2	1	238	1	240	1.78e-31	115
WP_055979266.1	iCN900.CD630_26790	32.1	212	140	2	4	211	2	213	2.19e-31	115
WP_055979266.1	iAF987.Gmet_1601	30.0	237	165	1	3	238	2	238	1.66e-31	115
WP_055979269.1	iYO844.BSU39780	34.6	312	188	5	1	302	1	306	1.69e-49	167
WP_055979269.1	iLB1027_lipid.PHATRDRAFT_44546	40.2	301	150	11	14	308	18	294	1.18e-47	162
WP_055979269.1	iYO844.BSU09530	32.3	325	214	4	1	320	1	324	2.25e-43	151
WP_055979277.1	iYO844.BSU02750	36.1	202	125	4	18	216	19	219	3.04e-39	137
WP_055979277.1	iML1515.b3201	31.6	228	151	4	1	224	1	227	1.42e-34	125
WP_055979277.1	iSbBS512_1146.SbBS512_E3569	31.6	228	151	4	1	224	1	227	1.42e-34	125
WP_055979277.1	iSDY_1059.SDY_3382	31.6	228	151	4	1	224	1	227	1.42e-34	125
WP_055979277.1	iSF_1195.SF3241	31.6	228	151	4	1	224	1	227	1.42e-34	125
WP_055979277.1	iSSON_1240.SSON_3349	31.6	228	151	4	1	224	1	227	1.42e-34	125
WP_055979277.1	iCN900.CD630_16140	33.0	215	141	3	12	224	32	245	4.86e-34	124
WP_055979282.1	iYO844.BSU09530	34.2	269	168	6	9	271	6	271	1.43e-38	139
WP_055979282.1	iML1515.b1771	28.8	316	209	5	6	306	3	317	2.90e-34	127
WP_055979288.1	iYO844.BSU02130	38.7	106	56	1	34	130	36	141	2.75e-16	77.0
WP_055979288.1	iYS854.USA300HOU_RS09130	35.3	119	72	3	26	140	1	118	2.85e-16	76.3
WP_055979288.1	iYS854.USA300HOU_RS04760	32.1	193	106	6	33	204	51	239	2.85e-15	74.3
WP_055979307.1	iML1515.b2155	34.7	118	72	3	133	247	53	168	4.05e-09	60.1
WP_055979307.1	iSSON_1240.SSON_2211	34.7	118	72	3	133	247	53	168	4.05e-09	60.1
WP_055979307.1	iYL1228.KPN_02593	32.6	144	91	4	109	248	9	150	5.21e-09	59.7
WP_055979307.1	STM_v1_0.STM2199	30.1	153	103	3	111	259	30	182	5.32e-09	59.7
WP_055979310.1	iYO844.BSU19800	31.0	297	178	11	43	323	54	339	2.36e-37	137
WP_055979313.1	iYS854.USA300HOU_RS04875	31.0	348	197	7	5	351	5	310	3.90e-44	154
WP_055979313.1	iYO844.BSU11330	31.4	353	196	8	1	351	1	309	3.06e-42	149
WP_055979313.1	iAF987.Gmet_1599	32.2	348	195	9	3	343	4	317	3.20e-41	146
WP_055979313.1	iPC815.YPO1597	28.0	353	216	7	1	352	1	316	1.99e-39	141
WP_055979313.1	iSDY_1059.SDY_2059	28.6	353	215	8	1	352	1	317	7.79e-39	140
WP_055979313.1	iSF_1195.SF1095	28.6	353	215	8	1	352	1	317	7.79e-39	140
WP_055979313.1	iML1515.b1091	28.6	353	215	8	1	352	1	317	1.09e-38	139
WP_055979313.1	iSbBS512_1146.SbBS512_E2233	28.6	353	215	8	1	352	1	317	1.09e-38	139
WP_055979313.1	iSSON_1240.SSON_1111	28.6	353	215	8	1	352	1	317	1.09e-38	139
WP_055979318.1	iCN718.ABAYE_RS13055	35.3	173	111	1	12	183	12	184	1.88e-25	102
WP_055979318.1	iCN718.ABAYE_RS13105	26.5	283	194	4	9	278	2	283	5.63e-24	99.0
WP_055979318.1	iCN718.ABAYE_RS13080	31.3	217	143	4	17	228	18	233	3.47e-23	96.7
WP_055979318.1	iCN718.ABAYE_RS01085	27.6	246	168	4	9	250	2	241	3.47e-23	96.7
WP_055979339.1	iLJ478.TM0076	26.6	683	388	30	60	713	1	599	2.55e-33	137
WP_055979349.1	iLJ478.TM0025	50.9	744	323	12	67	797	2	716	1.21e-237	681
WP_055979360.1	iLJ478.TM1169	40.2	259	129	3	1	259	1	233	2.39e-48	159
WP_055979366.1	iJN1463.PP_3383	22.1	566	332	18	143	684	100	580	3.61e-07	53.1
WP_055979373.1	iYO844.BSU39780	32.8	317	199	6	3	314	1	308	6.56e-48	163
WP_055979378.1	iAF987.Gmet_1919	30.6	121	76	3	1	117	2	118	1.23e-07	48.1
WP_055979381.1	iAF987.Gmet_0043	25.0	236	152	6	395	614	41	267	2.04e-09	60.1
WP_055979396.1	iJN1463.PP_3970	48.2	392	193	4	1	386	1	388	1.64e-122	359
WP_055979398.1	iJN1463.PP_0115	55.3	705	284	8	7	706	25	703	9.42e-261	736
WP_055979398.1	iYO844.BSU39050	54.9	709	287	8	4	707	6	686	2.10e-258	729
WP_055979398.1	iSSON_1240.SSON_1426	52.7	700	308	7	8	703	62	742	3.84e-245	697
WP_055979398.1	iML1515.b1732	52.6	700	309	7	8	703	62	742	7.70e-245	697
WP_055979398.1	iSF_1195.SF1496	52.4	700	310	7	8	703	62	742	1.55e-244	696
WP_055979398.1	iCN718.ABAYE_RS11495	51.1	704	316	6	7	706	25	704	1.01e-242	690
WP_055979398.1	iYL1228.KPN_01236	52.0	698	316	5	8	703	61	741	6.35e-241	687
WP_055979398.1	STM_v1_0.STM1318	52.1	698	315	5	8	703	59	739	6.26e-238	679
WP_055979416.1	iAF692.Mbar_A1823	25.3	526	364	9	88	607	77	579	3.96e-46	171
WP_055979416.1	iAF987.Gmet_3470	26.5	479	330	5	135	609	146	606	2.66e-41	158
WP_055979423.1	iSynCJ816.SGL_RS14400	33.5	534	319	11	14	521	10	533	1.02e-69	241
WP_055979426.1	iAF987.Gmet_1914	29.5	105	70	2	7	109	3	105	5.84e-10	55.1
WP_055979429.1	iAF987.Gmet_0043	22.3	229	164	5	483	700	41	266	9.88e-09	58.2
WP_055979429.1	iAF987.Gmet_1991	22.9	214	149	7	483	688	196	401	2.32e-07	53.9
WP_055979431.1	iAF987.Gmet_3085	46.1	128	69	0	3	130	329	456	3.65e-28	118
WP_055979434.1	iAF987.Gmet_0069	30.1	123	82	3	4	122	3	125	2.98e-08	50.1
WP_055979434.1	iAF987.Gmet_1919	29.4	119	80	2	6	122	5	121	1.99e-07	47.8
WP_055979434.1	iAF987.Gmet_0043	27.4	117	83	1	5	119	279	395	5.49e-07	46.6
WP_055979442.1	iSynCJ816.SGL_RS08445	24.6	284	182	9	7	263	18	296	7.44e-11	61.2
WP_055979442.1	iYS854.USA300HOU_RS13905	21.4	281	190	7	7	265	5	276	1.32e-09	57.4
WP_055979445.1	iYS854.USA300HOU_RS13900	28.7	498	341	8	4	489	2	497	3.60e-61	207
WP_055979452.1	iAF987.Gmet_0069	32.8	125	77	4	1	120	1	123	1.13e-12	62.4
WP_055979452.1	iAF987.Gmet_2999	26.7	120	79	3	5	119	10	125	1.16e-11	59.7
WP_055979469.1	iMM904.YGL119W	27.3	381	268	7	7	381	70	447	5.03e-27	112
WP_055979477.1	iLJ478.TM1724	31.6	244	144	5	2	227	6	244	1.20e-25	100
WP_055979477.1	iLJ478.TM1169	29.6	233	159	4	2	232	8	237	4.01e-24	95.9
WP_055979477.1	iHN637.CLJU_RS20765	31.0	242	149	4	2	227	7	246	1.40e-22	92.0
WP_055979477.1	iMM904.YNL202W	35.6	149	95	1	79	227	121	268	1.10e-21	90.5
WP_055979489.1	iAF987.Gmet_0043	36.4	121	72	2	543	659	150	269	5.58e-13	71.6
WP_055979497.1	iAF987.Gmet_1919	31.6	117	73	3	7	118	6	120	3.22e-08	52.8
WP_055979500.1	iYS854.USA300HOU_RS10435	49.1	432	216	2	7	436	2	431	2.64e-136	399
WP_055979505.1	iML1515.b1967	24.3	230	140	7	5	218	60	271	3.64e-10	58.2
WP_055979508.1	iCHOv1.100751291	30.3	221	138	7	3	217	51	261	2.90e-24	98.6
WP_055979508.1	iMM1415.15487	33.3	204	123	5	1	196	43	241	5.00e-24	97.8
WP_055979508.1	iHN637.CLJU_RS17225	27.4	237	161	2	2	238	8	233	1.96e-21	89.7
WP_055979511.1	iAF987.Gmet_3509	25.7	1037	721	21	2	1006	4	1022	3.87e-79	279
WP_055979514.1	iAF987.Gmet_1548	19.9	352	248	9	28	357	78	417	2.52e-10	61.2
WP_055979525.1	iNF517.LLMG_RS07320	33.9	304	189	8	12	308	45	343	4.55e-46	159
WP_055979562.1	iHN637.CLJU_RS10530	32.9	554	269	9	4	554	3	456	2.49e-86	275
WP_055979562.1	iHN637.CLJU_RS02325	32.3	554	272	8	4	554	3	456	3.99e-80	258
WP_055979572.1	iAF987.Gmet_1919	33.1	124	76	3	4	122	6	127	9.23e-08	51.6
WP_055979583.1	iML1515.b0543	52.3	109	52	0	3	111	2	110	1.24e-28	99.8
WP_055979584.1	iAT_PLT_636.4905	34.3	140	80	3	53	180	256	395	1.64e-14	72.0
WP_055979584.1	iMM1415.18195	34.3	140	80	3	53	180	256	395	1.64e-14	72.0
WP_055979595.1	iSynCJ816.SGL_RS11955	54.0	954	425	6	6	951	33	980	0.0	992
WP_055979595.1	iPC815.YPO0905	52.1	956	437	10	6	951	14	958	0.0	960
WP_055979595.1	iML1515.b2903	53.0	956	434	9	2	951	10	956	0.0	956
WP_055979595.1	iSF_1195.SF2889	52.8	958	433	10	2	951	10	956	0.0	956
WP_055979595.1	iSDY_1059.SDY_3178	52.8	958	433	10	2	951	10	956	0.0	954
WP_055979595.1	iSSON_1240.SSON_3056	52.7	958	434	10	2	951	10	956	0.0	953
WP_055979595.1	iSbBS512_1146.SbBS512_E3324	52.5	958	436	10	2	951	10	956	0.0	951
WP_055979595.1	iLB1027_lipid.PHATRDRAFT_22187	51.4	965	444	8	6	951	37	995	0.0	951
WP_055979595.1	iJN1463.PP_0988	52.7	954	429	8	5	951	10	948	0.0	951
WP_055979595.1	STM_v1_0.STM3053	52.1	952	441	8	6	951	14	956	0.0	949
WP_055979595.1	iYL1228.KPN_03339	51.8	958	443	11	2	951	10	956	0.0	946
WP_055979595.1	iMM1415.104174	51.9	959	435	9	6	951	68	1013	0.0	944
WP_055979595.1	iJN1463.PP_5192	52.5	952	435	9	6	951	16	956	0.0	938
WP_055979595.1	iMM904.YMR189W	50.5	980	430	19	6	949	67	1027	5.34e-320	908
WP_055979620.1	iML1515.b3003	43.3	277	147	3	10	276	18	294	2.90e-73	226
WP_055979655.1	iCHOv1.100752423	42.9	212	116	4	568	774	642	853	5.73e-41	161
WP_055979655.1	iMM1415.18160	42.5	212	117	4	568	774	836	1047	2.01e-40	160
WP_055979655.1	iCHOv1.100772356	42.9	212	116	4	568	774	702	913	1.18e-39	157
WP_055979655.1	iAT_PLT_636.4882	42.9	212	116	4	568	774	828	1039	1.45e-39	157
WP_055979655.1	iAT_PLT_636.4881	42.5	212	117	4	568	774	840	1051	1.47e-39	157
WP_055979655.1	iMM1415.230103	42.9	212	116	4	568	774	825	1036	1.45e-39	157
WP_055979655.1	iCHOv1.100752832	40.3	216	123	3	563	774	366	579	5.55e-39	153
WP_055979655.1	iEK1008.Rv1625c	35.3	204	131	1	572	774	218	421	1.20e-39	152
WP_055979659.1	iJN1463.PP_4012	64.8	741	259	1	1	739	1	741	0.0	934
WP_055979659.1	iAF987.Gmet_1359	64.0	736	263	1	6	739	5	740	0.0	914
WP_055979662.1	iYO844.BSU26590	24.1	278	202	4	3	274	4	278	3.63e-13	70.1
WP_055979665.1	iYO844.BSU39780	36.7	316	188	5	1	312	1	308	5.85e-53	176
WP_055979681.1	iAF987.Gmet_1946	43.7	323	176	4	3	321	4	324	6.83e-86	261
WP_055979681.1	iCN900.CD630_31740	45.2	332	169	6	1	324	1	327	2.49e-84	257
WP_055979681.1	iLJ478.TM0688	43.6	326	177	5	1	321	1	324	2.34e-84	257
WP_055979681.1	iSynCJ816.SGL_RS17045	43.9	328	175	5	1	321	1	326	1.74e-79	245
WP_055979681.1	iYS854.USA300HOU_RS04185	42.3	333	179	6	3	327	4	331	9.52e-79	243
WP_055979681.1	iEK1008.Rv1436	42.9	329	175	8	3	321	4	329	1.47e-78	243
WP_055979681.1	iYO844.BSU33940	41.8	323	182	4	3	321	4	324	3.69e-78	241
WP_055979681.1	iSynCJ816.SGL_RS07215	43.0	335	180	4	1	327	1	332	4.16e-78	241
WP_055979681.1	iJN1463.PP_1009	43.4	332	175	7	3	327	4	329	2.77e-77	239
WP_055979681.1	iYO844.BSU29020	41.5	323	183	4	3	321	4	324	6.83e-77	238
WP_055979681.1	iCN900.CD630_17670	41.4	326	182	6	3	321	4	327	6.44e-77	238
WP_055979690.1	iCHOv1.100761937	29.7	118	82	1	9	126	75	191	7.08e-12	64.7
WP_055979690.1	iEK1008.Rv0134	32.8	119	76	2	12	129	20	135	1.06e-10	60.8
WP_055979690.1	iEK1008.Rv3617	29.2	113	78	2	11	122	12	123	3.92e-10	59.3
WP_055979690.1	iCN718.ABAYE_RS14020	30.5	118	77	3	9	124	63	177	7.64e-10	58.5
WP_055979695.1	iCN718.ABAYE_RS14020	25.0	284	198	7	8	287	60	332	2.88e-16	77.4
WP_055979695.1	iCHOv1.100761937	33.6	122	80	1	7	128	71	191	6.90e-15	73.6
WP_055979701.1	iAM_Pb448.PBANKA_070440	22.9	271	184	8	80	339	145	401	1.62e-06	49.3
WP_055979701.1	iAM_Pf480.PF3D7_1401300	26.2	122	84	3	70	186	151	271	7.01e-06	47.4
WP_055979704.1	iPC815.YPO3064	31.9	94	62	2	227	319	14	106	4.16e-07	48.9
WP_055979704.1	iYL1228.KPN_02814	30.9	94	63	2	227	319	13	105	1.39e-06	47.4
WP_055979704.1	iML1515.b2480	30.9	94	63	2	227	319	13	105	1.89e-06	47.0
WP_055979704.1	iSbBS512_1146.SbBS512_E2852	30.9	94	63	2	227	319	13	105	1.89e-06	47.0
WP_055979704.1	iSDY_1059.SDY_2669	30.9	94	63	2	227	319	13	105	1.89e-06	47.0
WP_055979704.1	iSF_1195.SF2523	30.9	94	63	2	227	319	13	105	1.89e-06	47.0
WP_055979704.1	iSSON_1240.SSON_2561	30.9	94	63	2	227	319	13	105	1.89e-06	47.0
WP_055979709.1	iAF987.Gmet_1919	33.6	113	65	5	4	111	4	111	5.53e-04	37.7
WP_055979714.1	iSF_1195.SF0957	29.1	110	74	2	353	458	197	306	2.29e-06	49.3
WP_055979714.1	iYL1228.KPN_00986	35.4	82	50	1	380	458	233	314	7.27e-06	47.8
WP_055979714.1	iML1515.b0957	29.5	112	73	3	353	458	193	304	9.39e-06	47.4
WP_055979714.1	iSbBS512_1146.SbBS512_E2359	29.5	112	73	3	353	458	193	304	9.39e-06	47.4
WP_055979714.1	iSDY_1059.SDY_0930	29.5	112	73	3	353	458	197	308	9.49e-06	47.4
WP_055979714.1	iSSON_1240.SSON_0961	29.5	112	73	3	353	458	193	304	9.39e-06	47.4
WP_055979721.1	iMM904.YOL151W	48.8	43	22	0	1	43	1	43	1.24e-04	42.7
WP_055979721.1	iEK1008.Rv1106c	39.4	71	37	2	2	70	16	82	3.08e-04	41.6
WP_055979721.1	iEK1008.Rv3634c	56.7	30	13	0	1	30	1	30	3.70e-04	41.2
WP_055979734.1	iCN900.CD630_04480	33.5	358	222	6	4	355	5	352	3.60e-68	218
WP_055979741.1	iIT341.HP1552	46.0	422	218	6	17	436	14	427	1.55e-107	325
WP_055979762.1	iCHOv1.100764465	29.2	120	81	3	121	238	274	391	4.87e-08	55.8
WP_055979765.1	iJN1463.PP_4944	29.5	275	177	6	234	492	275	548	1.64e-25	110
WP_055979771.1	iAF987.Gmet_3070	49.8	319	148	6	1	312	1	314	1.31e-99	295
WP_055979771.1	iCN718.ABAYE_RS14635	49.8	311	145	4	9	312	9	315	2.37e-97	289
WP_055979771.1	iSF_1195.SF0847	48.9	309	146	5	9	309	10	314	2.32e-96	287
WP_055979771.1	iCN718.ABAYE_RS18170	48.8	320	151	5	1	312	1	315	2.89e-96	286
WP_055979771.1	iML1515.b0888	48.9	309	146	5	9	309	10	314	3.29e-96	286
WP_055979771.1	iSDY_1059.SDY_2373	48.9	309	146	5	9	309	10	314	3.29e-96	286
WP_055979771.1	iSSON_1240.SSON_0889	48.9	309	146	5	9	309	10	314	3.29e-96	286
WP_055979771.1	iSbBS512_1146.SbBS512_E2441	48.9	309	146	5	9	309	10	314	4.67e-96	286
WP_055979771.1	iPC815.YPO1374	48.4	308	148	4	9	309	10	313	1.82e-95	285
WP_055979771.1	iJN1463.PP_0786	49.0	308	145	5	9	309	10	312	2.58e-95	284
WP_055979771.1	STM_v1_0.STM0958	47.9	309	149	5	9	309	10	314	1.11e-94	283
WP_055979771.1	iYL1228.KPN_00920	47.6	309	150	5	9	309	19	323	4.19e-94	281
WP_055979771.1	iMM904.YHR106W	45.8	308	159	3	10	309	31	338	2.50e-90	272
WP_055979771.1	iEK1008.Rv3913	43.5	310	172	2	2	311	11	317	4.02e-90	271
WP_055979771.1	iMM904.YDR353W	46.6	311	158	3	10	312	8	318	3.43e-90	271
WP_055979787.1	iSF_1195.SF2815	38.9	419	247	4	15	425	20	437	4.92e-91	281
WP_055979787.1	iML1515.b2801	39.0	420	245	5	15	425	20	437	1.95e-90	280
WP_055979787.1	iSSON_1240.SSON_2958	39.0	420	245	5	15	425	20	437	2.76e-90	280
WP_055979787.1	iYL1228.KPN_03152	38.2	419	250	4	15	425	5	422	3.95e-89	276
WP_055979790.1	iSSON_1240.SSON_3244	31.2	548	314	8	6	546	4	495	1.79e-79	257
WP_055979790.1	iYO844.BSU12390	31.8	525	303	7	6	526	5	478	2.64e-79	257
WP_055979790.1	iML1515.b3091	31.2	548	314	8	6	546	4	495	3.52e-79	256
WP_055979790.1	iSbBS512_1146.SbBS512_E3527	31.0	548	315	8	6	546	4	495	1.91e-78	254
WP_055979790.1	iSF_1195.SF3131	31.4	551	309	9	6	546	4	495	1.91e-78	254
WP_055979790.1	iSDY_1059.SDY_3276	31.4	548	313	10	6	546	4	495	5.64e-77	251
WP_055979790.1	iYL1228.KPN_03519	31.2	548	314	8	6	546	4	495	8.43e-76	248
WP_055979790.1	iPC815.YPO0581	31.0	548	317	10	5	546	4	496	4.18e-71	235
WP_055979793.1	iLJ478.TM1724	34.5	249	151	4	4	248	3	243	3.69e-44	149
WP_055979793.1	iYO844.BSU15910	35.6	250	148	3	4	248	2	243	1.62e-42	144
WP_055979793.1	iYL1228.KPN_02061	34.8	250	155	3	7	248	3	252	3.28e-41	141
WP_055979793.1	iCHOv1.100766065	34.3	251	157	4	1	250	1	244	3.82e-40	138
WP_055979793.1	iEK1008.Rv1928c	35.0	257	151	6	1	250	6	253	4.95e-40	138
WP_055979793.1	iNF517.LLMG_RS08260	35.9	251	150	4	6	248	2	249	9.32e-40	137
WP_055979793.1	iCN900.CD630_11820	35.6	253	150	4	1	248	1	245	1.67e-39	137
WP_055979796.1	STM_v1_0.STM1101	38.8	245	137	2	39	278	186	422	7.31e-50	169
WP_055979796.1	iYL1228.KPN_04788	43.0	200	106	1	73	272	46	237	2.99e-50	166
WP_055979796.1	iCHOv1.100766004	40.5	210	113	3	73	279	17	217	1.02e-48	160
WP_055979796.1	iSbBS512_1146.SbBS512_E4890	39.8	206	116	1	73	278	225	422	6.55e-46	159
WP_055979796.1	iSF_1195.SF4384	39.8	206	116	1	73	278	225	422	6.55e-46	159
WP_055979796.1	iSSON_1240.SSON_4499	39.8	206	116	1	73	278	225	422	6.55e-46	159
WP_055979806.1	iLJ478.TM1724	31.7	252	164	3	3	253	1	245	1.94e-30	113
WP_055979806.1	iHN637.CLJU_RS17225	33.3	255	157	6	1	251	2	247	2.37e-28	108
WP_055979815.1	iYO844.BSU15520	71.9	1060	296	1	1	1060	1	1058	0.0	1517
WP_055979815.1	iYS854.USA300HOU_RS06045	71.3	1060	301	2	1	1060	1	1057	0.0	1494
WP_055979815.1	iNF517.LLMG_RS05530	67.5	1061	337	3	1	1055	1	1059	0.0	1379
WP_055979818.1	iYO844.BSU15510	64.3	353	124	1	1	353	1	351	5.19e-171	480
WP_055979818.1	iYS854.USA300HOU_RS06040	59.4	357	145	0	2	358	4	360	1.77e-155	441
WP_055979820.1	iYO844.BSU15490	56.3	288	122	3	3	289	6	290	4.74e-110	320
WP_055979820.1	iNF517.LLMG_RS04560	54.5	286	126	2	7	288	19	304	1.02e-105	310
WP_055979820.1	iYS854.USA300HOU_RS06030	51.5	293	135	4	1	289	4	293	2.69e-104	305
WP_055979832.1	iCN718.ABAYE_RS17470	39.1	384	230	3	11	393	27	407	6.64e-77	246
WP_055979832.1	iLJ478.TM1781	39.6	328	198	0	64	391	59	386	1.87e-77	245
WP_055979832.1	iAF987.Gmet_0209	38.3	394	238	4	2	393	4	394	2.22e-76	244
WP_055979832.1	iJN1463.PP_0184	39.1	379	227	3	16	393	26	401	1.59e-75	243
WP_055979832.1	iHN637.CLJU_RS03300	36.7	368	230	3	25	391	23	388	2.83e-71	231
WP_055979832.1	STM_v1_0.STM4123	36.7	371	232	3	25	393	23	392	2.00e-69	226
WP_055979832.1	iPC815.YPO3924	37.5	371	229	3	25	393	23	392	1.95e-69	226
WP_055979832.1	iYL1228.KPN_04249	37.2	371	230	3	25	393	23	392	2.74e-69	226
WP_055979832.1	iSDY_1059.SDY_3795	35.8	371	235	3	25	393	23	392	5.40e-69	225
WP_055979832.1	iSynCJ816.SGL_RS05520	38.0	382	208	5	27	393	27	394	1.18e-68	224
WP_055979832.1	iML1515.b3960	35.8	371	235	3	25	393	23	392	2.10e-68	224
WP_055979832.1	iSbBS512_1146.SbBS512_E4446	35.8	371	235	3	25	393	23	392	2.10e-68	224
WP_055979832.1	iSF_1195.SF4037	35.8	371	235	3	25	393	23	392	2.10e-68	224
WP_055979832.1	iSSON_1240.SSON_4133	35.8	371	235	3	25	393	23	392	2.10e-68	224
WP_055979834.1	iCN900.CD630_03030	24.9	374	244	9	19	356	45	417	6.58e-19	87.0
WP_055979834.1	iNF517.LLMG_RS02810	24.7	376	246	12	14	359	1	369	1.18e-18	85.9
WP_055979834.1	iCN900.CD630_20840	25.6	399	237	16	11	359	4	392	2.54e-18	85.1
WP_055979834.1	iYS854.USA300HOU_RS10880	21.9	389	240	9	18	346	10	394	3.02e-17	82.0
WP_055979836.1	iCN900.CD630_20320	36.2	246	147	4	2	244	21	259	3.07e-38	135
WP_055979836.1	iLJ478.TM1784	34.8	244	146	5	4	244	22	255	1.65e-36	130
WP_055979836.1	iCN718.ABAYE_RS14570	32.8	253	150	6	4	244	28	272	8.02e-34	124
WP_055979836.1	iAF692.Mbar_A1181	31.9	254	156	4	3	244	44	292	1.21e-33	124
WP_055979836.1	iHN637.CLJU_RS10565	35.0	246	148	6	4	244	23	261	1.50e-33	122
WP_055979836.1	iJN1463.PP_5289	32.7	254	150	6	4	244	28	273	4.23e-33	122
WP_055979839.1	iAF692.Mbar_A3512	27.8	327	193	9	2	313	3	301	4.82e-29	112
WP_055979839.1	iHN637.CLJU_RS20970	29.2	339	188	11	1	315	3	313	6.16e-26	105
WP_055979843.1	iYO844.BSU11220	37.8	384	221	8	2	376	3	377	4.69e-73	232
WP_055979843.1	iLJ478.TM1785	36.0	392	231	8	1	379	1	385	3.19e-70	224
WP_055979843.1	iAF692.Mbar_A0871	35.2	364	221	6	16	373	47	401	7.34e-70	224
WP_055979843.1	iNF517.LLMG_RS08825	38.5	384	218	9	2	376	3	377	6.80e-67	216
WP_055979843.1	iAF987.Gmet_0204	35.0	391	229	9	5	379	16	397	2.90e-64	209
WP_055979843.1	iCN900.CD630_20310	36.8	378	207	10	17	376	28	391	5.18e-64	209
WP_055979846.1	iHN637.CLJU_RS10575	37.6	346	188	8	1	320	1	344	3.82e-66	211
WP_055979846.1	iYO844.BSU11190	39.1	343	179	8	4	318	3	343	9.68e-64	204
WP_055979846.1	iCN900.CD630_20340	37.3	338	187	8	4	317	6	342	6.46e-61	197
WP_055979846.1	iAF692.Mbar_A2001	37.7	332	186	8	1	313	1	330	2.11e-60	196
WP_055979846.1	iLJ478.TM1782	35.6	340	194	7	1	318	1	337	1.24e-59	194
WP_055979849.1	iNF517.LLMG_RS00750	33.1	375	234	8	2	367	3	369	1.82e-59	197
WP_055979849.1	iYS854.USA300HOU_RS04770	33.6	372	232	7	1	364	1	365	2.16e-58	195
WP_055979849.1	iAF692.Mbar_A2373	33.2	404	246	12	1	393	1	391	5.88e-56	188
WP_055979849.1	iYO844.BSU29450	33.8	370	230	6	3	364	5	367	1.97e-55	187
WP_055979849.1	iSynCJ816.SGL_RS18195	31.9	370	243	6	2	365	4	370	5.36e-54	183
WP_055979857.1	iJN1463.PP_1378	29.5	515	269	10	13	526	7	428	9.23e-66	219
WP_055979857.1	iCN718.ABAYE_RS07070	34.4	337	215	4	11	345	17	349	1.36e-62	212
WP_055979857.1	iSSON_1240.SSON_4052	31.5	495	242	14	24	510	20	425	1.26e-62	211
WP_055979857.1	STM_v1_0.STM2654	28.4	507	267	7	16	520	17	429	6.62e-61	206
WP_055979857.1	iJN1463.PP_1400	28.8	503	261	6	25	526	28	434	2.09e-60	205
WP_055979857.1	iML1515.b2587	28.4	522	278	10	1	520	1	428	6.72e-60	203
WP_055979857.1	iSDY_1059.SDY_2830	28.4	522	278	10	1	520	1	428	6.72e-60	203
WP_055979857.1	iSF_1195.SF2649	28.4	522	278	10	1	520	1	428	6.72e-60	203
WP_055979857.1	iYL1228.KPN_02910	28.2	503	267	9	19	520	19	428	9.39e-60	203
WP_055979857.1	iSSON_1240.SSON_2713	28.4	522	278	10	1	520	1	428	1.83e-59	202
WP_055979866.1	iAF987.Gmet_0043	25.6	250	173	7	645	885	20	265	2.47e-11	67.0
WP_055979868.1	iAF987.Gmet_2999	35.3	116	75	0	4	119	10	125	2.56e-16	72.8
WP_055979871.1	iJN1463.PP_2351	49.4	615	308	2	7	620	7	619	2.29e-234	662
WP_055979871.1	iCHOv1.100772576	50.1	577	287	1	46	621	5	581	9.76e-213	605
WP_055979874.1	STM_v1_0.STM4275	53.3	630	279	7	12	634	24	645	2.56e-236	668
WP_055979874.1	iYL1228.KPN_04478	52.9	631	280	8	12	634	24	645	2.08e-235	666
WP_055979874.1	iJN1463.PP_4702	51.5	620	296	4	16	635	28	642	1.57e-235	666
WP_055979874.1	iML1515.b4069	53.4	626	277	7	16	634	28	645	1.68e-234	664
WP_055979874.1	iSSON_1240.SSON_4250	53.4	626	277	7	16	634	28	645	1.68e-234	664
WP_055979874.1	iPC815.YPO0253	52.2	636	284	9	7	634	22	645	2.55e-231	655
WP_055979874.1	iCN718.ABAYE_RS01415	53.4	626	277	8	12	630	22	639	2.64e-230	653
WP_055979874.1	iJN1463.PP_4487	52.0	629	293	7	6	630	61	684	1.98e-226	645
WP_055979874.1	iCHOv1.100769754	49.6	615	304	4	18	630	74	684	8.43e-216	618
WP_055979874.1	iSynCJ816.SGL_RS15030	49.6	629	298	9	12	631	33	651	2.17e-212	607
WP_055979874.1	iCHOv1.100752902	46.2	695	302	12	2	634	37	721	1.41e-210	605
WP_055979883.1	iCN900.CD630_27440	36.5	753	432	14	6	734	3	733	2.03e-153	463
WP_055979883.1	iYO844.BSU27600	35.8	752	439	17	9	736	3	734	3.60e-147	447
WP_055979883.1	iHN637.CLJU_RS16615	35.4	746	440	13	12	736	1	725	7.38e-144	438
WP_055979883.1	iYS854.USA300HOU_RS08695	36.0	717	425	12	35	734	28	727	4.33e-140	428
WP_055979883.1	iAF987.Gmet_2325	35.7	718	424	14	34	736	22	716	2.56e-138	423
WP_055979886.1	iPC815.YPO0470	46.0	378	199	4	8	381	6	382	6.53e-103	309
WP_055979886.1	iYL1228.KPN_00016	44.9	381	202	6	6	380	7	385	1.96e-99	300
WP_055979886.1	iJN1463.PP_1132	43.8	386	213	3	7	388	11	396	2.08e-99	300
WP_055979886.1	iSbBS512_1146.SbBS512_E0019	44.4	383	207	5	9	386	6	387	1.26e-98	298
WP_055979886.1	iSSON_1240.SSON_0021	44.4	383	207	5	9	386	6	387	1.26e-98	298
WP_055979886.1	STM_v1_0.STM0039	45.9	377	198	5	9	380	6	381	3.56e-98	297
WP_055979886.1	iSF_1195.SF0016	44.4	383	207	5	9	386	6	387	1.01e-97	296
WP_055979886.1	iML1515.b0019	44.1	383	208	5	9	386	6	387	1.43e-97	295
WP_055979886.1	iSDY_1059.SDY_0018	44.1	383	208	5	9	386	6	387	2.02e-97	295
WP_055979886.1	iIT341.HP1552	41.3	426	207	5	3	386	10	434	2.07e-95	291
WP_055979902.1	iCN718.ABAYE_RS04295	38.7	111	55	6	61	166	81	183	1.30e-06	46.6
WP_055979902.1	iEK1008.Rv3807c	34.6	107	60	4	66	172	55	151	1.45e-05	43.1
WP_055979921.1	iIT341.HP0665	38.6	440	256	7	5	435	9	443	1.15e-98	303
WP_055979921.1	iSynCJ816.SGL_RS10380	35.2	463	276	8	4	452	14	466	3.63e-93	289
WP_055979928.1	iHN637.CLJU_RS10530	36.5	518	265	4	4	521	3	456	6.40e-101	312
WP_055979928.1	iHN637.CLJU_RS02325	35.4	525	275	4	4	528	3	463	6.77e-97	301
WP_055979928.1	iHN637.CLJU_RS02330	34.3	519	277	4	4	522	3	457	2.94e-92	290
WP_055979931.1	iPC815.YPO1128	24.8	214	133	6	21	216	25	228	1.52e-16	75.5
WP_055979936.1	iHN637.CLJU_RS05285	35.0	286	141	12	1	254	1	273	4.21e-30	113
WP_055979936.1	iSynCJ816.SGL_RS17890	29.8	282	165	10	1	254	3	279	1.83e-29	111
WP_055979936.1	iCN718.ABAYE_RS04830	30.2	285	157	9	1	254	3	276	1.02e-28	109
WP_055979936.1	iAF987.Gmet_2992	32.1	290	150	11	1	254	1	279	7.71e-28	107
WP_055979936.1	iCN900.CD630_25900	32.0	284	155	11	1	254	1	276	9.57e-28	107
WP_055979936.1	iIT341.HP0566	33.9	224	116	8	1	201	1	215	1.82e-26	103
WP_055979940.1	iCN900.CD630_12260	26.9	349	219	11	1	331	8	338	1.49e-23	99.4
WP_055979943.1	STM_v1_0.STM2199	34.9	146	79	7	123	255	27	169	9.82e-06	48.9
WP_055979943.1	iYL1228.KPN_02593	34.9	129	69	6	129	244	14	140	2.90e-05	47.4
WP_055979943.1	iML1515.b2155	39.6	96	45	5	160	244	66	159	3.86e-05	47.0
WP_055979943.1	iSSON_1240.SSON_2211	39.6	96	45	5	160	244	66	159	3.86e-05	47.0
WP_055979946.1	iYO844.BSU35740	35.7	129	75	4	8	135	5	126	5.00e-14	64.3
WP_055979946.1	iYS854.USA300HOU_RS03470	31.0	129	83	2	8	136	5	127	1.14e-12	60.8
WP_055979946.1	iIT341.HP0858	31.0	116	78	2	4	118	328	442	4.16e-11	59.3
WP_055979946.1	iPC815.YPO0654	31.0	116	76	3	4	117	340	453	7.75e-11	58.5
WP_055979946.1	iML1515.b3052	29.9	134	90	3	4	135	340	471	1.06e-10	58.2
WP_055979946.1	iSbBS512_1146.SbBS512_E3483	29.9	134	90	3	4	135	340	471	1.06e-10	58.2
WP_055979946.1	iSDY_1059.SDY_3235	29.9	134	90	3	4	135	340	471	1.06e-10	58.2
WP_055979949.1	iML1515.b1519	33.3	255	158	7	3	254	4	249	1.44e-34	124
WP_055979949.1	iSDY_1059.SDY_1625	33.3	255	158	7	3	254	4	249	3.98e-34	123
WP_055979949.1	iSF_1195.SF1576	33.3	255	158	7	3	254	4	249	1.10e-33	122
WP_055979949.1	iEK1008.Rv0294	30.0	257	169	6	3	254	2	252	1.11e-31	117
WP_055979949.1	iJN1463.PP_2545	29.2	264	168	7	1	253	15	270	7.67e-31	115
WP_055979949.1	iPC815.YPO2509	32.3	217	143	4	3	218	4	217	5.63e-31	115
WP_055979949.1	iSbBS512_1146.SbBS512_E1690	32.8	247	154	7	11	254	3	240	1.10e-30	114
WP_055979951.1	iCN900.CD630_27140	52.3	333	153	4	1	332	1	328	5.40e-116	338
WP_055979951.1	iYO844.BSU38860	52.0	333	154	3	1	332	1	328	3.53e-112	329
WP_055979951.1	iYL1228.KPN_00773	49.5	333	163	2	1	332	1	329	1.58e-110	325
WP_055979951.1	iSbBS512_1146.SbBS512_E0680	49.5	333	163	2	1	332	1	329	1.28e-109	322
WP_055979951.1	iSSON_1240.SSON_0711	49.5	333	163	2	1	332	1	329	1.28e-109	322
WP_055979951.1	iML1515.b0759	49.2	333	164	2	1	332	1	329	3.64e-109	321
WP_055979951.1	iSF_1195.SF0545	49.2	333	164	2	1	332	1	329	1.04e-108	320
WP_055979951.1	STM_v1_0.STM0776	48.0	333	168	2	1	332	1	329	1.47e-108	320
WP_055979951.1	iSDY_1059.SDY_0706	49.2	333	164	2	1	332	1	329	1.47e-108	320
WP_055979954.1	iAF987.Gmet_2351	42.3	366	203	3	4	369	3	360	5.02e-96	290
WP_055979960.1	iSynCJ816.SGL_RS11290	26.0	811	474	23	131	817	187	995	1.13e-62	228
WP_055979960.1	iAM_Pb448.PBANKA_101790	27.0	775	467	17	139	821	172	939	4.56e-61	224
WP_055979960.1	iAM_Pf480.PF3D7_1426700	27.2	788	473	18	128	822	175	954	1.22e-60	223
WP_055979960.1	iAM_Pc455.PCYB_133190	26.6	782	479	17	128	819	209	985	1.56e-60	223
WP_055979960.1	iAM_Pv461.PVX_085200	26.4	800	489	19	109	817	194	984	4.01e-60	221
WP_055979960.1	iCN718.ABAYE_RS00705	25.7	774	493	20	130	837	126	883	1.74e-57	212
WP_055979960.1	iAF987.Gmet_0304	26.2	645	401	14	236	823	285	911	1.39e-56	209
WP_055979968.1	iML1515.b3011	49.0	386	193	3	1	384	1	384	2.56e-123	361
WP_055979968.1	iJN1463.PP_2492	50.4	345	170	1	1	345	1	344	8.93e-121	354
WP_055979978.1	iYS854.USA300HOU_RS07595	22.6	341	237	9	17	348	4	326	1.90e-12	68.6
WP_055979981.1	iYL1228.KPN_04331	30.8	439	285	8	56	481	56	488	6.90e-55	193
WP_055979981.1	STM_v1_0.STM3972	31.8	415	270	7	55	459	55	466	6.78e-54	191
WP_055979981.1	iSbBS512_1146.SbBS512_E4307	31.6	415	271	7	55	459	55	466	1.80e-53	189
WP_055979981.1	iSDY_1059.SDY_3908	31.6	415	271	7	55	459	55	466	1.80e-53	189
WP_055979981.1	iSF_1195.SF3913	31.6	415	271	7	55	459	55	466	1.80e-53	189
WP_055979981.1	iSSON_1240.SSON_4010	31.6	415	271	7	55	459	55	466	1.80e-53	189
WP_055979981.1	iJN1463.PP_5013	30.5	387	264	2	56	437	59	445	2.05e-50	181
WP_055979981.1	iPC815.YPO3779	29.3	471	316	7	9	466	6	472	2.86e-49	178
WP_055979997.1	iCN900.CD630_04870	28.6	255	153	9	251	496	36	270	3.11e-23	99.0
WP_055980001.1	iSSON_1240.SSON_2589	58.3	516	204	3	5	509	10	525	2.41e-209	590
WP_055980001.1	iHN637.CLJU_RS18300	57.2	507	213	3	5	509	6	510	4.05e-209	588
WP_055980001.1	STM_v1_0.STM2510	58.3	516	204	3	5	509	10	525	6.86e-209	588
WP_055980001.1	iYO844.BSU06360	57.5	511	213	2	1	509	5	513	9.05e-209	588
WP_055980001.1	iML1515.b2507	58.1	516	205	3	5	509	10	525	1.96e-208	587
WP_055980001.1	iSF_1195.SF2553	57.9	516	206	3	5	509	10	525	1.96e-208	587
WP_055980001.1	iSbBS512_1146.SbBS512_E2882	58.1	516	205	3	5	509	10	525	5.58e-208	586
WP_055980001.1	iSDY_1059.SDY_2703	57.9	516	206	3	5	509	10	525	7.92e-208	586
WP_055980001.1	iYL1228.KPN_02833	57.6	516	208	3	5	509	10	525	1.12e-207	585
WP_055980001.1	iCN718.ABAYE_RS18570	56.4	511	217	3	5	509	12	522	1.55e-204	577
WP_055980001.1	iYS854.USA300HOU_RS02070	57.0	507	213	3	5	509	10	513	4.57e-204	576
WP_055980001.1	iCN900.CD630_01980	56.5	510	213	6	5	509	6	511	1.40e-202	572
WP_055980001.1	iAF987.Gmet_2292	58.5	511	206	4	5	509	10	520	6.31e-201	568
WP_055980001.1	iJN1463.PP_1032	56.0	516	216	3	5	509	10	525	3.04e-200	566
WP_055980001.1	iPC815.YPO2870	55.8	516	217	4	5	509	10	525	6.10e-200	566
WP_055980001.1	iSynCJ816.SGL_RS13520	51.9	514	238	2	5	509	29	542	9.61e-196	556
WP_055980001.1	iIT341.HP0409	55.3	508	223	3	5	509	2	508	2.77e-194	551
WP_055980001.1	iNF517.LLMG_RS05125	54.0	507	229	2	5	509	9	513	1.89e-193	549
WP_055980001.1	iLJ478.TM1820	55.2	507	218	6	5	509	2	501	1.43e-192	546
WP_055980003.1	iHN637.CLJU_RS04235	45.1	415	222	3	1	411	1	413	1.38e-125	369
WP_055980003.1	iCN900.CD630_02240	45.9	416	220	3	1	411	1	416	4.55e-122	360
WP_055980003.1	iYO844.BSU06530	43.0	416	228	4	1	410	1	413	2.50e-112	335
WP_055980005.1	iHN637.CLJU_RS04230	58.6	503	199	5	5	505	4	499	6.45e-202	570
WP_055980008.1	iHN637.CLJU_RS04225	43.5	191	104	2	1	187	1	191	5.68e-47	152
WP_055980008.1	iCN900.CD630_02220	41.3	189	104	4	1	187	1	184	9.65e-44	144
WP_055980012.1	iHN637.CLJU_RS04220	51.5	330	155	2	4	329	3	331	3.75e-122	353
WP_055980012.1	iPC815.YPO2828	50.9	338	153	4	2	326	6	343	9.80e-114	333
WP_055980012.1	iYL1228.KPN_02824	51.5	328	149	3	2	319	6	333	3.95e-110	323
WP_055980012.1	iML1515.b2499	51.5	326	148	3	2	317	6	331	1.12e-109	322
WP_055980012.1	iSbBS512_1146.SbBS512_E2873	51.2	326	149	3	2	317	6	331	1.83e-108	319
WP_055980012.1	iSF_1195.SF2543	51.2	326	149	3	2	317	11	336	2.15e-108	319
WP_055980012.1	iSSON_1240.SSON_2581	51.2	326	149	3	2	317	6	331	1.83e-108	319
WP_055980019.1	iNF517.LLMG_RS01985	26.7	146	97	5	1	145	1	137	1.62e-08	52.4
WP_055980040.1	iAF692.Mbar_A0543	35.2	710	393	14	6	667	10	700	9.97e-143	432
WP_055980059.1	iML1515.b0463	25.0	196	104	4	149	334	112	274	1.73e-09	58.5
WP_055980059.1	iSDY_1059.SDY_0456	25.0	196	104	4	149	334	112	274	2.31e-09	58.2
WP_055980059.1	iSSON_1240.SSON_0450	25.0	196	104	4	149	334	112	274	2.31e-09	58.2
WP_055980059.1	iML1515.b3241	22.2	325	180	10	40	356	15	274	2.21e-09	57.8
WP_055980059.1	iPC815.YPO3132	27.1	203	88	5	65	267	61	203	7.22e-09	56.6
WP_055980059.1	iSF_1195.SF0408	30.7	127	58	3	149	275	112	208	1.28e-08	55.8
WP_055980059.1	iYL1228.KPN_03672	24.1	274	141	8	65	334	58	268	6.83e-08	53.5
WP_055980069.1	iJN1463.PP_1382	27.3	143	93	4	8	147	8	142	2.22e-11	58.5
WP_055980084.1	iMM1415.11431	35.6	149	90	2	3	146	9	156	3.10e-25	94.0
WP_055980084.1	iCHOv1.100773599	34.9	149	91	2	3	146	9	156	6.10e-22	85.5
WP_055980089.1	iYS854.USA300HOU_RS06875	36.8	125	79	0	1	125	1	125	9.59e-26	94.7
WP_055980092.1	iYO844.BSU27900	45.1	286	150	6	1	280	1	285	3.70e-73	225
WP_055980092.1	iNF517.LLMG_RS09630	44.5	281	150	3	1	280	1	276	5.80e-68	212
WP_055980115.1	iML1515.b4167	30.8	490	320	9	3	487	17	492	2.04e-53	187
WP_055980119.1	iML1515.b3291	49.3	134	60	3	1	127	1	133	4.34e-29	102
WP_055980121.1	iHN637.CLJU_RS00470	44.2	319	156	9	1	316	2	301	3.85e-80	245
WP_055980125.1	iMM904.YPL117C	36.4	195	94	6	1	165	70	264	8.90e-25	96.7
WP_055980125.1	iMM1415.319554	38.6	189	83	12	3	163	75	258	2.33e-23	92.8
WP_055980125.1	iSbBS512_1146.SbBS512_E3308	36.7	158	97	2	3	157	4	161	3.08e-24	92.8
WP_055980125.1	iSDY_1059.SDY_3193	36.7	158	97	2	3	157	4	161	3.08e-24	92.8
WP_055980125.1	iSF_1195.SF2875	36.7	158	97	2	3	157	4	161	3.08e-24	92.8
WP_055980125.1	iCHOv1.100752366	35.5	186	93	8	3	163	77	260	1.28e-22	90.9
WP_055980125.1	iSSON_1240.SSON_3042	36.1	158	98	2	3	157	4	161	1.71e-23	90.9
WP_055980125.1	iML1515.b2889	35.4	158	99	2	3	157	4	161	9.44e-23	89.0
WP_055980131.1	iHN637.CLJU_RS11895	46.5	359	189	3	1	357	4	361	1.41e-110	327
WP_055980131.1	iYS854.USA300HOU_RS08205	43.7	357	194	3	1	354	5	357	6.30e-108	320
WP_055980131.1	iLJ478.TM0211	46.0	359	188	6	1	357	1	355	6.28e-103	307
WP_055980131.1	iCN900.CD630_16570	44.0	359	197	4	1	357	4	360	4.27e-96	303
WP_055980141.1	iAF987.Gmet_0769	33.9	118	78	0	14	131	13	130	3.39e-17	73.2
WP_055980162.1	iAF987.Gmet_1167	40.9	230	132	3	17	243	27	255	1.36e-50	165
WP_055980167.1	iYS854.USA300HOU_RS04875	29.9	355	203	12	2	354	1	311	1.55e-37	136
WP_055980167.1	iAF987.Gmet_1599	30.4	362	208	13	1	354	1	326	1.61e-32	123
WP_055980175.1	iCN900.CD630_17920	48.3	315	158	4	6	317	2	314	2.49e-102	302
WP_055980175.1	iYS854.USA300HOU_RS02905	47.1	314	163	3	6	317	2	314	7.67e-97	288
WP_055980178.1	iCN718.ABAYE_RS07220	66.4	414	138	1	2	414	13	426	5.85e-190	533
WP_055980191.1	iYS854.USA300HOU_RS05410	35.5	440	277	4	1	434	1	439	3.81e-94	291
WP_055980191.1	iYO844.BSU30710	36.6	426	265	2	1	422	1	425	4.85e-89	277
WP_055980194.1	iJN1463.PP_4650	28.4	327	189	13	12	322	16	313	6.00e-22	94.4
WP_055980194.1	iCN718.ABAYE_RS11265	32.4	170	107	5	6	175	9	170	2.59e-20	89.7
WP_055980225.1	iYO844.BSU39780	34.5	307	193	6	1	301	1	305	8.63e-46	157
WP_055980225.1	iYO844.BSU09530	33.7	303	196	4	9	307	11	312	7.15e-41	145
WP_055980243.1	iSynCJ816.SGL_RS14375	36.8	457	262	7	1	447	1	440	8.29e-94	290
WP_055980265.1	STM_v1_0.STM3002	31.3	291	158	11	5	272	8	279	1.35e-30	115
WP_055980271.1	iSynCJ816.SGL_RS16525	26.0	304	189	11	7	281	130	426	1.96e-11	63.5
WP_055980271.1	iEK1008.Rv2252	23.9	238	172	4	53	282	68	304	5.83e-11	61.6
WP_055980277.1	iHN637.CLJU_RS06565	62.2	473	179	0	3	475	4	476	2.06e-211	592
WP_055980277.1	iCN900.CD630_13340	61.0	474	184	1	3	475	8	481	7.23e-206	578
WP_055980277.1	iLB1027_lipid.PHATRDRAFT_18087	58.2	467	195	0	3	469	25	491	1.17e-189	537
WP_055980283.1	iHN637.CLJU_RS05660	49.3	1259	599	15	5	1231	4	1255	0.0	1167
WP_055980283.1	iCN900.CD630_02250	47.4	1265	625	20	2	1231	9	1268	0.0	1121
WP_055980297.1	iYO844.BSU25310	37.1	105	66	0	8	112	15	119	1.96e-12	58.9
WP_055980297.1	iAF987.Gmet_2369	30.8	104	72	0	13	116	39	142	1.86e-11	58.5
WP_055980297.1	iCN900.CD630_24390	31.8	107	73	0	6	112	10	116	7.99e-11	56.6
WP_055980304.1	STM_v1_0.STM1338	35.0	822	483	21	1	799	1	794	4.46e-143	440
WP_055980304.1	iAF987.Gmet_1416	35.6	825	481	19	1	799	1	801	3.14e-141	436
WP_055980304.1	iPC815.YPO2428	34.3	821	490	22	1	799	1	794	2.06e-140	433
WP_055980304.1	iSF_1195.SF1518	33.7	820	497	20	1	799	1	794	2.63e-137	425
WP_055980304.1	iSSON_1240.SSON_1445	33.7	820	497	20	1	799	1	794	3.69e-137	425
WP_055980304.1	iSbBS512_1146.SbBS512_E1955	33.7	820	497	20	1	799	1	794	1.44e-136	423
WP_055980304.1	iLJ478.TM0822	32.8	809	512	16	1	799	1	787	2.36e-136	422
WP_055980304.1	iYL1228.KPN_02175	33.9	818	498	20	1	799	1	794	4.00e-136	422
WP_055980304.1	iSDY_1059.SDY_1808	33.5	820	498	20	1	799	1	794	4.32e-135	419
WP_055980304.1	iYS854.USA300HOU_RS05695	33.3	802	497	14	1	782	1	784	1.23e-126	397
WP_055980323.1	iLJ478.TM1751	22.5	289	147	9	91	338	34	286	6.00e-18	84.7
WP_055980330.1	iAF987.Gmet_2352	38.8	317	180	2	2	317	5	308	2.94e-72	225
WP_055980336.1	iYL1228.KPN_03915	35.8	321	202	2	3	322	5	322	1.07e-61	199
WP_055980336.1	iSDY_1059.SDY_4350	38.5	273	168	0	50	322	54	326	1.92e-60	196
WP_055980336.1	iSbBS512_1146.SbBS512_E3973	38.1	273	169	0	50	322	50	322	3.42e-60	195
WP_055980336.1	iSF_1195.SF3587	35.2	321	204	2	3	322	5	322	6.80e-60	194
WP_055980336.1	iSSON_1240.SSON_3835	38.1	273	169	0	50	322	54	326	1.07e-59	194
WP_055980336.1	iYS854.USA300HOU_RS04605	34.1	320	208	3	1	319	2	319	8.35e-60	194
WP_055980336.1	STM_v1_0.STM3646	33.8	320	208	2	3	321	5	321	1.35e-59	193
WP_055980336.1	iML1515.b3553	37.7	273	170	0	50	322	50	322	1.91e-59	193
WP_055980336.1	iPC815.YPO4078	37.7	273	170	0	50	322	50	322	2.84e-59	192
WP_055980336.1	iMM1415.76238	39.8	251	151	0	66	316	74	324	3.31e-58	190
WP_055980336.1	iYS854.USA300HOU_RS12475	35.7	319	200	5	2	319	3	317	3.45e-58	189
WP_055980336.1	iCHOv1.100752744	38.6	251	154	0	66	316	151	401	2.80e-55	184
WP_055980336.1	iJN1463.PP_3376	36.5	271	170	2	50	319	50	319	3.24e-56	184
WP_055980348.1	iCHOv1.100761511	56.3	666	279	7	1	656	1	664	5.54e-253	712
WP_055980348.1	iMM1415.243537	53.7	700	278	8	1	656	1	698	5.87e-246	696
WP_055980371.1	iAF987.Gmet_0789	59.1	531	216	1	12	541	10	540	1.21e-219	618
WP_055980371.1	iJN1463.PP_3443	55.1	532	238	1	12	542	8	539	2.86e-210	594
WP_055980383.1	iEK1008.Rv3818	32.9	82	48	3	105	184	6	82	1.68e-04	43.1
WP_055980383.1	STM_v1_0.STM4382	22.2	185	124	5	144	312	101	281	5.67e-04	41.2
WP_055980399.1	iCN718.ABAYE_RS18920	58.6	321	125	3	3	317	17	335	5.72e-124	358
WP_055980402.1	iCN718.ABAYE_RS18925	61.4	425	150	2	6	427	7	420	3.80e-187	526
WP_055980410.1	iYO844.BSU35550	38.7	106	63	1	3	106	6	111	8.95e-18	81.3
WP_055980410.1	iSbBS512_1146.SbBS512_E4050	27.7	191	128	5	3	187	6	192	5.03e-16	77.4
WP_055980410.1	iSSON_1240.SSON_3782	27.7	191	128	5	3	187	6	192	5.03e-16	77.4
WP_055980418.1	iYS854.USA300HOU_RS07460	26.1	306	213	9	67	362	68	370	5.19e-21	92.8
WP_055980423.1	iYO844.BSU35590	25.1	307	197	12	58	360	109	386	2.14e-12	67.4
WP_055980432.1	iLJ478.TM1193	31.3	591	322	21	51	588	73	632	8.31e-64	234
WP_055980451.1	iPC815.YPO0334	37.0	362	199	8	4	360	6	343	6.05e-77	240
WP_055980451.1	iSDY_1059.SDY_3839	35.5	369	200	8	2	360	3	343	4.26e-74	233
WP_055980451.1	iSbBS512_1146.SbBS512_E4385	35.0	369	202	8	2	360	3	343	2.39e-73	231
WP_055980451.1	iSSON_1240.SSON_4077	35.2	369	201	8	2	360	3	343	3.38e-73	230
WP_055980451.1	iYL1228.KPN_04216	35.5	361	204	7	5	360	7	343	6.73e-73	229
WP_055980451.1	STM_v1_0.STM4050	35.0	369	202	8	2	360	3	343	9.49e-73	229
WP_055980451.1	iML1515.b3907	35.0	369	202	8	2	360	3	343	2.67e-72	228
WP_055980460.1	iYL1228.KPN_02061	34.7	262	151	6	443	694	2	253	1.45e-32	126
WP_055980460.1	iCN900.CD630_26790	32.9	225	136	5	444	666	5	216	3.41e-29	116
WP_055980460.1	iCN718.ABAYE_RS09790	33.7	264	157	8	439	693	3	257	3.13e-28	114
WP_055980463.1	iLJ478.TM1071	41.8	385	216	2	36	417	3	382	1.30e-100	304
WP_055980466.1	iSF_1195.SF3981	25.0	244	169	7	43	277	45	283	2.95e-07	52.4
WP_055980466.1	iML1515.b3904	25.0	244	169	7	43	277	45	283	3.90e-07	52.0
WP_055980466.1	iSbBS512_1146.SbBS512_E4382	24.6	244	170	7	43	277	45	283	1.17e-06	50.4
WP_055980466.1	iSSON_1240.SSON_4074	24.6	244	170	7	43	277	45	283	1.19e-06	50.4
WP_055980466.1	iHN637.CLJU_RS05695	25.0	196	133	6	6	191	4	195	2.82e-06	49.3
WP_055980466.1	iYO844.BSU31200	25.3	221	148	7	71	281	67	280	4.81e-06	48.5
WP_055980469.1	iCN718.ABAYE_RS18840	35.0	349	224	3	19	366	13	359	1.72e-70	225
WP_055980469.1	iPC815.YPO1569	34.1	349	227	3	19	366	13	359	1.62e-70	225
WP_055980469.1	iML1515.b3605	35.0	349	224	3	19	366	13	359	3.46e-70	225
WP_055980469.1	iSbBS512_1146.SbBS512_E4031	35.0	349	224	3	19	366	13	359	3.46e-70	225
WP_055980469.1	iSDY_1059.SDY_4038	35.0	349	224	3	19	366	13	359	3.46e-70	225
WP_055980469.1	iSF_1195.SF3644	35.0	349	224	3	19	366	13	359	3.46e-70	225
WP_055980469.1	iSSON_1240.SSON_3800	35.0	349	224	3	19	366	13	359	3.46e-70	225
WP_055980469.1	iJN1463.PP_4736	33.5	349	229	3	19	366	13	359	1.54e-67	218
WP_055980469.1	STM_v1_0.STM3694	33.8	349	228	3	19	366	13	359	6.45e-67	216
WP_055980469.1	iYL1228.KPN_03949	34.1	349	227	3	19	366	13	359	2.40e-66	215
WP_055980469.1	iEK1008.Rv1872c	32.2	342	224	3	19	359	44	378	5.21e-63	207
WP_055980481.1	iAF692.Mbar_A1369	24.6	142	93	2	411	538	363	504	7.86e-05	46.6
WP_055980490.1	iYO844.BSU23860	52.4	468	221	2	1	467	1	467	1.65e-166	477
WP_055980490.1	iNF517.LLMG_RS03045	47.3	469	244	2	1	467	1	468	5.83e-155	448
WP_055980490.1	iSynCJ816.SGL_RS12985	48.8	473	236	3	1	467	1	473	3.90e-151	438
WP_055980490.1	iSF_1195.SF2091	47.1	469	243	4	1	467	1	466	1.15e-148	432
WP_055980490.1	iSSON_1240.SSON_2100	47.1	469	243	4	1	467	1	466	3.26e-148	431
WP_055980490.1	iML1515.b2029	47.1	469	243	4	1	467	1	466	4.62e-148	430
WP_055980490.1	iSbBS512_1146.SbBS512_E1202	47.1	469	243	4	1	467	1	466	4.62e-148	430
WP_055980490.1	iSDY_1059.SDY_2212	47.1	469	243	4	1	467	1	466	4.62e-148	430
WP_055980490.1	iPC815.YPO1541	47.1	471	241	6	1	467	1	467	4.77e-148	430
WP_055980493.1	iAF987.Gmet_2619	49.1	493	248	3	4	493	6	498	2.88e-173	497
WP_055980497.1	iAF987.Gmet_2618	37.8	233	143	2	3	234	2	233	3.28e-48	158
WP_055980556.1	iYO844.BSU33420	33.8	364	232	4	50	405	50	412	2.41e-58	205
WP_055980556.1	iCN900.CD630_26691	31.0	422	254	7	31	422	31	445	1.39e-51	186
WP_055980565.1	iYL1228.KPN_01990	28.6	140	90	5	7	143	3	135	4.55e-05	42.4
WP_055980565.1	iPC815.YPO2381	26.9	130	86	3	7	133	3	126	5.30e-04	39.3
WP_055980571.1	iYL1228.KPN_01990	28.8	125	84	5	8	130	4	125	3.25e-05	42.7
WP_055980573.1	iSbBS512_1146.SbBS512_E0193	50.6	342	168	1	1	341	1	342	4.66e-114	334
WP_055980573.1	iSSON_1240.SSON_0213	50.6	342	168	1	1	341	1	342	4.66e-114	334
WP_055980573.1	iML1515.b0199	50.3	342	169	1	1	341	1	342	6.60e-114	333
WP_055980573.1	iSDY_1059.SDY_0218	50.6	342	168	1	1	341	1	342	6.60e-114	333
WP_055980573.1	iSF_1195.SF0190	50.3	342	169	1	1	341	1	342	3.78e-113	332
WP_055980573.1	iPC815.YPO1073	50.9	342	167	1	1	341	1	342	2.16e-112	330
WP_055980573.1	STM_v1_0.STM0247	50.3	342	169	1	1	341	1	342	3.51e-111	327
WP_055980573.1	iYL1228.KPN_00213	50.3	342	169	1	1	341	1	342	4.97e-111	326
WP_055980576.1	iYL1228.KPN_00212	60.8	217	85	0	2	218	1	217	1.18e-84	249
WP_055980576.1	STM_v1_0.STM0246	71.5	165	47	0	2	166	1	165	6.98e-79	235
WP_055980576.1	iPC815.YPO1072	71.5	165	47	0	2	166	1	165	2.83e-78	233
WP_055980576.1	iML1515.b0198	70.9	165	48	0	2	166	1	165	8.06e-78	232
WP_055980576.1	iSSON_1240.SSON_0212	70.9	165	48	0	2	166	1	165	8.06e-78	232
WP_055980576.1	iSF_1195.SF0189	70.3	165	49	0	2	166	1	165	1.32e-76	229
WP_055980579.1	iSDY_1059.SDY_0216	66.1	257	86	1	13	269	16	271	1.91e-121	347
WP_055980579.1	iSbBS512_1146.SbBS512_E0191	66.1	257	86	1	13	269	16	271	2.71e-121	347
WP_055980579.1	iSF_1195.SF0188	66.1	257	86	1	13	269	16	271	2.71e-121	347
WP_055980579.1	iSSON_1240.SSON_0211	66.1	257	86	1	13	269	16	271	2.71e-121	347
WP_055980579.1	iML1515.b0197	65.8	257	87	1	13	269	16	271	1.10e-120	345
WP_055980579.1	STM_v1_0.STM0245	65.8	257	87	1	13	269	16	271	3.64e-119	341
WP_055980579.1	iYL1228.KPN_00211	65.8	257	87	1	13	269	16	271	5.99e-118	338
WP_055980582.1	iLJ478.TM0025	34.4	755	413	23	37	752	2	713	3.43e-117	369
WP_055980591.1	iYO844.BSU03070	27.4	383	263	7	45	421	51	424	1.00e-30	124
WP_055980597.1	iYO844.BSU09530	39.0	328	182	4	1	326	1	312	2.65e-74	231
WP_055980597.1	iYO844.BSU39780	38.3	324	183	5	1	323	1	308	5.07e-66	209
WP_055980600.1	iAF987.Gmet_3011	37.2	288	167	5	4	280	2	286	1.91e-46	157
WP_055980600.1	iHN637.CLJU_RS00330	35.3	286	177	4	3	280	2	287	4.53e-43	148
WP_055980600.1	iCN900.CD630_28130	32.9	283	183	2	5	280	2	284	1.87e-41	144
WP_055980600.1	iYO844.BSU07990	35.3	286	174	7	5	280	2	286	8.02e-41	142
WP_055980603.1	iAF987.Gmet_1919	33.9	109	61	4	1	104	1	103	3.01e-04	40.4
WP_055980612.1	iAF692.Mbar_A1202	25.1	303	197	10	76	355	30	325	4.04e-21	92.8
WP_055980621.1	iIT341.HP0687	24.3	214	130	6	220	405	6	215	8.72e-05	44.7
WP_055980621.1	iAF987.Gmet_2444	27.3	121	85	2	217	337	21	138	2.02e-04	43.5
WP_055980624.1	iAM_Pb448.PBANKA_131810	30.7	639	375	15	4	581	127	758	4.49e-79	265
WP_055980624.1	iAM_Pc455.PCYB_126090	30.0	661	381	14	5	589	7	661	7.65e-77	256
WP_055980624.1	iAM_Pf480.PF3D7_1454400	30.5	639	380	16	10	589	139	772	1.23e-75	255
WP_055980624.1	iAM_Pv461.PVX_117760	30.8	662	374	15	5	589	159	813	3.23e-75	255
WP_055980637.1	iEK1008.Rv1187	50.6	539	265	1	4	541	3	541	4.23e-193	550
WP_055980646.1	iPC815.YPO3868	30.8	107	65	4	21	127	6	103	1.23e-09	55.1
WP_055980646.1	iMM904.YCR083W	34.8	92	52	4	26	117	31	114	8.91e-09	53.1
WP_055980651.1	iAF987.Gmet_1599	39.7	340	191	4	1	340	1	326	4.24e-81	249
WP_055980651.1	iIT341.HP0202	43.0	337	173	7	4	337	5	325	4.94e-81	249
WP_055980651.1	iCN900.CD630_11790	41.7	338	182	5	3	340	4	326	6.38e-81	249
WP_055980651.1	iPC815.YPO1597	41.2	335	174	5	6	340	5	316	1.76e-80	247
WP_055980651.1	iYL1228.KPN_01089	42.1	335	172	7	6	340	5	317	1.16e-78	243
WP_055980651.1	iYO844.BSU11330	38.3	339	180	4	2	340	1	310	3.18e-77	239
WP_055980651.1	STM_v1_0.STM1193	42.4	335	171	8	6	340	5	317	5.25e-77	238
WP_055980651.1	iSDY_1059.SDY_2059	41.8	335	173	7	6	340	5	317	2.96e-76	236
WP_055980651.1	iML1515.b1091	41.8	335	173	7	6	340	5	317	1.18e-75	235
WP_055980651.1	iSbBS512_1146.SbBS512_E2233	41.8	335	173	7	6	340	5	317	1.18e-75	235
WP_055980651.1	iSSON_1240.SSON_1111	41.8	335	173	7	6	340	5	317	1.18e-75	235
WP_055980651.1	iSynCJ816.SGL_RS09325	40.5	336	184	7	6	340	10	330	2.47e-75	234
WP_055980651.1	iSF_1195.SF1095	41.5	335	174	7	6	340	5	317	1.33e-74	232
WP_055980651.1	iYS854.USA300HOU_RS04875	37.3	335	182	5	6	340	5	311	1.88e-73	229
WP_055980654.1	iYO844.BSU08000	29.8	299	182	9	14	299	31	314	7.88e-25	101
WP_055980654.1	iYS854.USA300HOU_RS12695	23.0	309	212	7	3	299	20	314	9.04e-22	92.8
WP_055980673.1	iMM1415.235033	32.1	252	153	5	2	236	5	255	3.03e-35	128
WP_055980673.1	iCHOv1.100773401	31.7	262	157	6	3	247	6	262	1.47e-34	126
WP_055980673.1	iCN718.ABAYE_RS01085	34.5	258	145	8	3	246	7	254	6.12e-31	115
WP_055980679.1	iYO844.BSU03070	28.6	490	323	11	3	480	2	476	1.10e-51	183
WP_055980682.1	iML1515.b3241	24.4	336	173	7	22	350	13	274	5.72e-13	68.6
WP_055980703.1	STM_v1_0.STM0137	27.3	99	61	3	68	160	4	97	5.93e-06	43.9
WP_055980703.1	iPC815.YPO2167	31.0	84	47	4	79	156	12	90	5.18e-05	41.2
WP_055980703.1	iYO844.BSU23610	28.4	95	52	2	39	117	4	98	1.35e-04	40.8
WP_055980703.1	iSDY_1059.SDY_0129	27.3	99	61	3	68	160	4	97	1.03e-04	40.4
WP_055980703.1	iSSON_1240.SSON_0107	27.3	99	61	3	68	160	4	97	9.86e-05	40.4
WP_055980703.1	iCN900.CD630_12200	33.8	71	39	2	62	124	36	106	2.35e-04	40.0
WP_055980703.1	iML1515.b0099	35.1	57	31	1	68	118	4	60	1.35e-04	40.0
WP_055980703.1	iSbBS512_1146.SbBS512_E0093	35.1	57	31	1	68	118	4	60	1.35e-04	40.0
WP_055980703.1	iSF_1195.SF0096	35.1	57	31	1	68	118	4	60	1.35e-04	40.0
WP_055980706.1	iYS854.USA300HOU_RS11240	34.8	420	254	10	16	418	29	445	2.55e-64	213
WP_055980706.1	iCN900.CD630_26550	32.5	431	264	11	16	423	29	455	1.11e-63	211
WP_055980706.1	iHN637.CLJU_RS05195	31.2	426	269	8	15	417	28	452	2.59e-63	210
WP_055980706.1	iYO844.BSU04570	33.2	422	258	11	16	418	30	446	3.48e-61	204
WP_055980706.1	iCN718.ABAYE_RS01960	32.8	421	264	7	14	417	38	456	6.01e-61	204
WP_055980706.1	iML1515.b0086	34.2	418	257	8	16	418	27	441	4.34e-61	204
WP_055980706.1	iSbBS512_1146.SbBS512_E0079	34.2	418	257	8	16	418	27	441	1.19e-60	203
WP_055980706.1	iSSON_1240.SSON_0094	34.2	418	257	8	16	418	27	441	1.19e-60	203
WP_055980706.1	iSDY_1059.SDY_0116	34.2	418	257	8	16	418	27	441	3.29e-60	202
WP_055980706.1	iSF_1195.SF0083	34.0	418	258	8	16	418	27	441	4.60e-60	201
WP_055980706.1	iYL1228.KPN_00090	33.3	424	257	7	14	418	25	441	1.34e-58	197
WP_055980721.1	iAF987.Gmet_0711	39.9	341	192	7	14	349	4	336	1.85e-77	241
WP_055980724.1	iAF987.Gmet_0710	58.3	295	116	2	1	289	1	294	6.42e-126	360
WP_055980729.1	iCHOv1.100750969	65.7	431	145	2	8	438	5	432	2.52e-206	575
WP_055980729.1	iAT_PLT_636.191	65.4	431	146	2	8	438	5	432	2.52e-206	575
WP_055980729.1	iIS312.TCDM_07587	65.4	436	142	5	10	438	4	437	3.12e-201	563
WP_055980729.1	iMM904.YER043C	63.4	443	147	2	10	438	8	449	9.39e-194	544
WP_055980729.1	iEK1008.Rv3248c	55.2	478	166	4	8	438	19	495	4.89e-183	519
WP_055980735.1	iLJ478.TM0446	62.7	150	55	1	2	151	4	152	5.45e-62	188
WP_055980737.1	iYL1228.KPN_01622	23.6	284	197	8	13	287	12	284	3.15e-09	56.6
WP_055980739.1	iLJ478.TM0447	41.2	371	216	2	2	370	3	373	1.39e-92	281
WP_055980750.1	iCN900.CD630_27420	30.7	137	78	5	44	179	14	134	4.58e-12	63.5
WP_055980753.1	STM_v1_0.STM0235	62.6	123	46	0	2	124	6	128	1.45e-51	159
WP_055980765.1	iYS854.USA300HOU_RS03090	32.4	330	188	14	26	346	11	314	1.53e-30	118
WP_055980765.1	iMM904.YNR043W	30.2	344	185	12	19	332	5	323	1.18e-28	114
WP_055980765.1	iNF517.LLMG_RS02175	31.5	317	180	10	20	328	5	292	1.63e-26	107
WP_055980768.1	iEK1008.Rv2187	31.9	574	364	8	27	589	40	597	5.54e-83	271
WP_055980772.1	iAF692.Mbar_A0231	31.0	168	95	6	4	164	5	158	3.52e-07	50.8
WP_055980772.1	iJN1463.PP_1803	27.8	194	111	8	2	186	6	179	3.59e-06	47.8
WP_055980789.1	iAF987.Gmet_0843	23.0	270	158	7	14	256	19	265	5.33e-10	58.2
WP_055980789.1	iJN1463.PP_0553	28.1	146	92	3	16	157	133	269	8.47e-09	55.1
WP_055980789.1	iYL1228.KPN_02120	22.7	264	163	8	18	256	38	285	8.80e-09	54.7
WP_055980792.1	iAF987.Gmet_1885	36.6	232	143	3	1	230	1	230	3.04e-46	153
WP_055980792.1	iML1515.b2564	37.6	234	143	3	4	236	6	237	9.40e-43	144
WP_055980792.1	iSDY_1059.SDY_2805	37.6	234	143	3	4	236	6	237	9.40e-43	144
WP_055980792.1	iSynCJ816.SGL_RS02965	35.1	231	148	2	1	230	1	230	1.26e-42	144
WP_055980792.1	STM_v1_0.STM2578	36.8	234	145	3	4	236	6	237	5.25e-42	142
WP_055980792.1	iSbBS512_1146.SbBS512_E2929	37.2	234	144	3	4	236	6	237	5.25e-42	142
WP_055980792.1	iSF_1195.SF2626	37.2	234	144	3	4	236	6	237	5.25e-42	142
WP_055980792.1	iSSON_1240.SSON_2688	37.2	234	144	3	4	236	6	237	7.40e-42	142
WP_055980792.1	iPC815.YPO2930	35.7	227	144	2	4	229	6	231	2.30e-40	138
WP_055980831.1	iAF987.Gmet_0769	33.6	113	75	0	14	126	7	119	7.26e-18	73.9
WP_055980834.1	iCN900.CD630_30510	32.1	364	214	11	5	336	3	365	2.37e-43	153
WP_055980837.1	iJN1463.PP_4215	33.0	100	62	1	291	385	167	266	2.92e-06	48.9
WP_055980840.1	iML1515.b0577	39.6	265	160	0	153	417	135	399	8.74e-62	205
WP_055980845.1	iSynCJ816.SGL_RS08660	49.8	867	428	4	1	861	1	866	6.10e-310	874
WP_055980848.1	iSynCJ816.SGL_RS08655	32.6	224	150	1	53	275	36	259	3.95e-37	132
WP_055980852.1	iSynCJ816.SGL_RS11775	41.4	292	150	4	2	274	4	293	1.16e-58	189
WP_055980858.1	iMM904.YPR033C	34.4	479	234	20	7	439	59	503	7.54e-60	204
WP_055980858.1	iLB1027_lipid.PHATRDRAFT_16944	33.3	472	253	17	5	453	2	434	9.85e-61	204
WP_055980871.1	iYL1228.KPN_02801	54.6	185	82	1	4	188	3	185	1.73e-73	219
WP_055980871.1	iSDY_1059.SDY_2650	55.9	188	81	1	6	193	5	190	1.60e-72	217
WP_055980871.1	iML1515.b2467	55.9	188	81	1	6	193	5	190	2.27e-72	216
WP_055980871.1	iSbBS512_1146.SbBS512_E2835	55.9	188	81	1	6	193	5	190	3.21e-72	216
WP_055980871.1	iSSON_1240.SSON_2547	55.9	188	81	1	6	193	5	190	3.21e-72	216
WP_055980871.1	iSF_1195.SF2509	55.3	188	82	1	6	193	5	190	6.47e-72	215
WP_055980871.1	STM_v1_0.STM2477	54.8	188	83	1	6	193	5	190	7.49e-71	213
WP_055980881.1	iSbBS512_1146.SbBS512_E4295	53.2	759	341	6	4	762	6	750	3.36e-272	769
WP_055980881.1	iSSON_1240.SSON_4003	53.0	759	343	5	4	762	6	750	3.36e-272	769
WP_055980881.1	iSDY_1059.SDY_3914	52.8	759	344	5	4	762	6	750	1.35e-271	767
WP_055980881.1	iYL1228.KPN_04325	52.3	759	348	5	4	762	6	750	2.81e-271	766
WP_055980881.1	iPC815.YPO3788	52.1	762	354	5	4	765	6	756	3.23e-271	766
WP_055980881.1	iSF_1195.SF3907	52.7	759	345	5	4	762	6	750	3.85e-271	766
WP_055980881.1	iML1515.b3829	52.6	759	346	5	4	762	6	750	3.12e-270	764
WP_055980881.1	STM_v1_0.STM3965	52.2	760	349	5	3	762	5	750	6.01e-268	758
WP_055980881.1	iMM904.YER091C	51.4	770	352	9	1	760	2	759	2.17e-266	754
WP_055980893.1	iSF_1195.SF2512	28.9	1065	699	21	3	1037	1	1037	1.36e-96	329
WP_055980893.1	iML1515.b2470	28.9	1065	699	21	3	1037	1	1037	4.87e-96	328
WP_055980893.1	iSSON_1240.SSON_2550	28.9	1065	699	21	3	1037	1	1037	9.21e-96	327
WP_055980893.1	iSDY_1059.SDY_2654	28.7	1061	707	20	3	1037	1	1037	2.39e-95	326
WP_055980893.1	iML1515.b3266	29.7	1060	690	24	3	1033	1	1034	8.68e-92	316
WP_055980893.1	STM_v1_0.STM3391	29.1	1043	696	22	3	1020	1	1025	1.13e-90	313
WP_055980893.1	iYL1228.KPN_03673	29.2	1048	688	23	3	1020	1	1024	4.89e-89	308
WP_055980893.1	iAF987.Gmet_3509	27.1	1049	713	18	2	1024	4	1026	5.86e-88	305
WP_055980895.1	iAF987.Gmet_3508	27.5	291	182	8	74	339	117	403	3.47e-15	75.9
WP_055980895.1	iAF987.Gmet_1548	26.3	320	212	10	46	349	105	416	4.17e-13	69.7
WP_055980899.1	iSDY_1059.SDY_3205	24.7	449	305	11	10	445	4	432	8.33e-22	97.4
WP_055980899.1	iSbBS512_1146.SbBS512_E3468	24.5	449	306	11	10	445	4	432	2.70e-21	95.9
WP_055980899.1	iML1515.b3035	24.5	449	306	11	10	445	2	430	3.59e-21	95.5
WP_055980899.1	iSF_1195.SF3075	24.5	449	306	11	10	445	2	430	3.59e-21	95.5
WP_055980899.1	iSSON_1240.SSON_3173	24.5	449	306	11	10	445	4	432	3.62e-21	95.5
WP_055980899.1	STM_v1_0.STM3186	23.6	444	313	7	10	445	4	429	4.77e-21	95.1
WP_055980908.1	iLB1027_lipid.PHATRDRAFT_26432	54.1	468	209	4	3	466	34	499	1.38e-166	478
WP_055980908.1	iCHOv1.100689437	51.1	466	224	4	5	466	43	508	2.24e-157	455
WP_055980908.1	iMM1415.13382	50.4	470	225	5	3	466	41	508	1.28e-156	453
WP_055980908.1	iAT_PLT_636.1738	51.3	468	220	5	5	466	43	508	1.81e-156	453
WP_055980908.1	iJN1463.PP_5366	51.1	462	224	2	1	461	1	461	1.73e-156	451
WP_055980908.1	iMM904.YFL018C	51.3	468	218	4	5	462	28	495	1.37e-153	445
WP_055980908.1	iAF987.Gmet_2764	50.6	474	220	5	4	466	6	476	9.36e-154	445
WP_055980908.1	iJN1463.PP_4187	49.9	465	226	2	3	461	4	467	6.32e-152	440
WP_055980908.1	iCN718.ABAYE_RS04445	49.3	471	228	4	3	466	4	470	1.30e-148	432
WP_055980914.1	iML1515.b3628	28.6	234	144	10	138	360	136	357	7.78e-12	65.5
WP_055980914.1	STM_v1_0.STM3719	28.9	159	102	4	154	307	153	305	3.41e-10	60.5
WP_055980920.1	iYS854.USA300HOU_RS07595	30.5	436	252	10	12	406	6	431	3.24e-64	220
WP_055980922.1	iJN1463.PP_0957	44.9	321	173	3	2	318	3	323	1.08e-91	275
WP_055980922.1	iJN1463.PP_1806	41.4	309	180	1	3	310	2	310	9.86e-83	252
WP_055980922.1	iAF987.Gmet_1278	45.1	319	169	3	6	318	2	320	4.47e-82	251
WP_055980938.1	iPC815.YPO3506	26.7	420	251	14	56	440	56	453	3.75e-31	124
WP_055980947.1	iAF987.Gmet_0497	56.9	216	89	1	1	216	1	212	2.40e-83	246
WP_055980947.1	iCN900.CD630_23290	58.0	212	85	1	1	212	1	208	2.97e-82	243
WP_055980947.1	iLJ478.TM0295	54.0	215	95	1	1	215	1	211	3.67e-81	241
WP_055980947.1	iYO844.BSU37110	56.7	215	90	1	1	215	1	212	9.94e-80	237
WP_055980947.1	iHN637.CLJU_RS19520	54.7	212	92	1	1	212	1	208	1.19e-76	229
WP_055980955.1	iYS854.USA300HOU_RS13870	47.3	186	98	0	1	186	1	186	3.61e-57	178
WP_055980955.1	iCN900.CD630_08720	46.5	185	98	1	1	185	1	184	1.33e-56	176
WP_055980969.1	iSynCJ816.SGL_RS14580	37.6	213	128	3	9	216	11	223	3.36e-37	129
WP_055980969.1	iAF692.Mbar_A3172	36.5	222	137	3	8	226	12	232	1.73e-36	127
WP_055980969.1	iNF517.LLMG_RS12615	34.2	222	129	4	9	221	6	219	2.05e-32	117
WP_055980989.1	iSynCJ816.SGL_RS09640	30.8	247	160	6	45	282	52	296	5.08e-21	90.1
WP_055980989.1	iIT341.HP0381	33.0	200	123	4	21	216	15	207	1.31e-20	88.6
WP_055981009.1	iYL1228.KPN_00645	44.2	382	208	3	4	382	7	386	2.07e-110	328
WP_055981012.1	iYO844.BSU15910	39.0	254	144	3	1	252	2	246	2.25e-48	159
WP_055981012.1	iYS854.USA300HOU_RS06185	38.5	252	144	3	3	252	2	244	6.68e-47	155
WP_055981018.1	iAF987.Gmet_2444	27.2	103	55	3	2	102	23	107	4.18e-04	42.0
WP_055981018.1	iSynCJ816.SGL_RS05125	29.3	92	46	2	2	91	20	94	5.41e-04	41.6
WP_055981018.1	iAF692.Mbar_A1452	30.1	73	34	1	1	73	6	61	9.66e-04	40.8
WP_055981020.1	iYS854.USA300HOU_RS10275	34.4	160	102	1	6	165	2	158	1.60e-24	93.6
WP_055981025.1	iSynCJ816.SGL_RS17200	25.1	487	249	12	5	388	9	482	3.80e-27	116
WP_055981025.1	iEK1008.Rv0684	23.4	492	261	12	1	388	10	489	1.18e-25	111
WP_055981025.1	iSynCJ816.SGL_RS10930	23.6	487	261	11	1	388	7	481	1.12e-24	108
WP_055981048.1	iHN637.CLJU_RS10465	35.3	68	41	2	639	705	480	545	9.18e-05	45.4
WP_055981061.1	iYO844.BSU21770	51.6	415	200	1	7	421	9	422	4.82e-146	421
WP_055981061.1	iYS854.USA300HOU_RS11100	50.8	421	199	4	5	421	6	422	3.87e-140	406
WP_055981061.1	iNF517.LLMG_RS06470	48.9	411	206	2	14	421	7	416	2.15e-130	381
WP_055981065.1	iMM904.YLR355C	57.4	343	146	0	4	346	51	393	3.92e-143	410
WP_055981068.1	iAF987.Gmet_1261	41.2	153	89	1	6	158	3	154	1.65e-31	111
WP_055981068.1	iEK1008.Rv3002c	34.2	158	103	1	1	158	1	157	9.48e-29	104
WP_055981071.1	iYO844.BSU28310	48.5	559	279	5	19	575	18	569	3.71e-178	515
WP_055981071.1	iAF987.Gmet_1260	45.5	576	285	6	18	577	2	564	3.55e-171	497
WP_055981071.1	iAF692.Mbar_A0218	46.4	563	291	7	15	575	5	558	6.12e-167	487
WP_055981071.1	STM_v1_0.STM3901	45.8	561	288	5	19	578	1	546	2.43e-164	479
WP_055981071.1	iYS854.USA300HOU_RS11065	44.1	565	291	8	21	575	37	586	1.08e-159	468
WP_055981071.1	iYL1228.KPN_04267	43.8	564	295	5	19	578	1	546	1.63e-159	466
WP_055981075.1	iNF517.LLMG_RS06490	67.7	557	179	1	4	559	13	569	2.62e-276	763
WP_055981078.1	iYL1228.KPN_04269	33.2	283	179	4	8	281	8	289	1.58e-49	166
WP_055981078.1	iPC815.YPO3899	32.5	283	181	4	8	281	7	288	3.04e-49	165
WP_055981078.1	iCN718.ABAYE_RS03435	34.6	283	174	6	8	281	9	289	6.03e-49	164
WP_055981078.1	STM_v1_0.STM3903	33.6	283	178	4	8	281	8	289	6.19e-49	164
WP_055981078.1	iSF_1195.SF3845	32.9	283	180	4	8	281	8	289	2.43e-48	163
WP_055981078.1	iSSON_1240.SSON_3941	32.9	283	180	4	8	281	8	289	2.43e-48	163
WP_055981078.1	iML1515.b3770	32.9	283	180	4	8	281	8	289	3.42e-48	162
WP_055981078.1	iSbBS512_1146.SbBS512_E4150	32.9	283	180	4	8	281	8	289	3.42e-48	162
WP_055981078.1	iSDY_1059.SDY_3978	32.9	283	180	4	8	281	8	289	3.42e-48	162
WP_055981081.1	iJN1463.PP_2242	22.4	784	446	32	27	768	49	712	1.13e-23	106
WP_055981084.1	iMM1415.30962	29.3	433	287	8	5	424	27	453	2.04e-46	166
WP_055981098.1	iCN900.CD630_36640	29.1	381	262	5	90	467	15	390	4.68e-43	156
WP_055981109.1	iML1515.b0914	28.8	490	347	2	55	542	60	549	4.17e-62	214
WP_055981109.1	iSbBS512_1146.SbBS512_E2410	28.8	490	347	2	55	542	60	549	4.17e-62	214
WP_055981109.1	iSDY_1059.SDY_2344	28.8	490	347	2	55	542	60	549	4.17e-62	214
WP_055981109.1	iSF_1195.SF0910	28.8	490	347	2	55	542	60	549	4.17e-62	214
WP_055981109.1	iSSON_1240.SSON_0916	28.8	490	347	2	55	542	60	549	4.17e-62	214
WP_055981109.1	iPC815.YPO1395	27.7	524	377	2	21	542	26	549	5.79e-62	213
WP_055981109.1	STM_v1_0.STM0984	28.6	490	348	2	55	542	60	549	1.56e-60	209
WP_055981109.1	iYL1228.KPN_00941	27.6	490	353	2	55	542	60	549	1.09e-57	202
WP_055981109.1	iAF987.Gmet_2349	29.0	497	328	10	58	542	56	539	1.67e-55	196
WP_055981118.1	iAF692.Mbar_A1778	22.2	275	183	5	20	281	45	301	5.39e-12	64.7
WP_055981134.1	iPC815.YPO0682	32.9	85	56	1	195	279	242	325	4.88e-07	50.1
WP_055981134.1	iML1515.b3006	32.9	85	56	1	195	279	133	216	4.21e-07	49.7
WP_055981134.1	iSbBS512_1146.SbBS512_E3434	32.9	85	56	1	195	279	133	216	4.21e-07	49.7
WP_055981134.1	iSDY_1059.SDY_3067	32.9	85	56	1	195	279	133	216	4.21e-07	49.7
WP_055981134.1	iSF_1195.SF3051	32.9	85	56	1	195	279	133	216	4.21e-07	49.7
WP_055981134.1	iSSON_1240.SSON_3149	32.9	85	56	1	195	279	133	216	4.21e-07	49.7
WP_055981134.1	iJN1463.PP_5306	33.7	86	56	1	194	279	212	296	8.01e-07	49.3
WP_055981134.1	STM_v1_0.STM3159	31.8	85	57	1	195	279	133	216	2.50e-06	47.4
WP_055981134.1	iYL1228.KPN_03426	31.8	85	57	1	195	279	128	211	3.23e-06	47.0
WP_055981137.1	iYS854.USA300HOU_RS09335	44.4	941	379	10	1	936	1	802	1.17e-266	763
WP_055981137.1	iNF517.LLMG_RS08750	44.4	939	409	14	1	937	1	828	1.35e-258	743
WP_055981146.1	iYO844.BSU35550	37.2	247	152	2	2	246	5	250	1.89e-51	167
WP_055981152.1	iAF987.Gmet_2348	24.5	359	254	9	51	395	56	411	2.35e-21	95.1
WP_055981152.1	iYL1228.KPN_03972	25.6	305	212	7	51	344	50	350	2.60e-19	89.0
WP_055981152.1	iML1515.b3633	25.7	311	204	8	51	344	51	351	2.81e-18	85.9
WP_055981152.1	iSDY_1059.SDY_4063	26.3	319	192	11	51	344	51	351	2.81e-18	85.9
WP_055981152.1	iSF_1195.SF3672	25.7	311	204	8	51	344	51	351	2.81e-18	85.9
WP_055981152.1	iSSON_1240.SSON_3774	25.7	311	204	8	51	344	51	351	2.81e-18	85.9
WP_055981167.1	iMM1415.69156	32.4	213	131	4	6	210	50	257	6.75e-28	105
WP_055981167.1	iCHOv1.100762102	32.4	213	131	4	6	210	50	257	5.10e-27	103
WP_055981170.1	iAF987.Gmet_2727	31.6	114	72	2	150	263	291	398	7.44e-11	61.6
WP_055981175.1	iJN1463.PP_0561	25.5	381	255	10	215	588	159	517	1.99e-22	101
WP_055981175.1	STM_v1_0.STM4323	23.2	624	335	23	4	600	4	510	2.81e-19	91.7
WP_055981184.1	iML1515.b0349	26.3	262	152	9	2	237	26	272	3.95e-16	75.9
WP_055981184.1	iJN1463.PP_0553	37.3	110	69	0	1	110	122	231	2.57e-15	74.3
WP_055981184.1	iYL1228.KPN_02120	27.4	248	155	9	8	237	32	272	4.92e-15	72.8
WP_055981184.1	iCN718.ABAYE_RS14020	25.9	212	150	5	11	215	79	290	1.19e-13	69.3
WP_055981189.1	iMM904.YML059C	30.2	189	109	4	13	186	1371	1551	1.64e-15	75.9
WP_055981192.1	iHN637.CLJU_RS06465	30.7	319	203	10	18	332	14	318	2.12e-38	138
WP_055981195.1	iIT341.HP1576	36.4	209	132	1	18	226	10	217	4.92e-42	145
WP_055981195.1	iCN900.CD630_14890	34.5	226	146	2	11	235	1	225	2.55e-40	140
WP_055981195.1	iYO844.BSU32750	36.5	200	126	1	27	226	21	219	2.15e-39	138
WP_055981195.1	iCN900.CD630_19470	38.6	202	120	3	6	206	10	208	1.98e-40	138
WP_055981195.1	iNF517.LLMG_RS01755	35.7	227	123	5	25	236	22	240	2.22e-36	131
WP_055981195.1	iYS854.USA300HOU_RS02325	35.8	218	134	5	21	235	15	229	1.32e-36	131
WP_055981203.1	iAF987.Gmet_0043	31.5	108	66	2	382	481	159	266	6.13e-07	51.6
WP_055981206.1	iYL1228.KPN_00049	37.7	326	195	4	9	330	6	327	4.61e-63	204
WP_055981206.1	iSSON_1240.SSON_0060	38.0	326	194	4	9	330	6	327	4.61e-63	204
WP_055981206.1	iML1515.b0052	37.7	326	195	4	9	330	6	327	6.49e-63	203
WP_055981206.1	iSbBS512_1146.SbBS512_E0046	38.0	326	194	4	9	330	6	327	6.49e-63	203
WP_055981206.1	iSDY_1059.SDY_0077	38.0	326	194	4	9	330	6	327	2.56e-62	202
WP_055981206.1	STM_v1_0.STM0091	37.7	326	195	5	9	330	6	327	2.00e-61	199
WP_055981206.1	iSF_1195.SF0049	37.4	326	196	4	9	330	6	327	2.00e-61	199
WP_055981206.1	iPC815.YPO0493	35.7	333	206	4	5	333	3	331	5.57e-58	191
WP_055981206.1	iAF987.Gmet_3404	34.6	327	209	4	5	327	3	328	1.63e-55	184
WP_055981206.1	STM_v1_0.STM0163	34.2	322	207	4	10	327	6	326	2.34e-55	184
WP_055981215.1	iSynCJ816.SGL_RS13980	60.1	444	175	1	2	443	3	446	4.07e-186	525
WP_055981215.1	iYO844.BSU24340	58.0	445	184	2	1	442	1	445	5.05e-185	523
WP_055981215.1	iHN637.CLJU_RS20745	58.1	442	183	1	1	440	1	442	2.61e-184	521
WP_055981215.1	iAF987.Gmet_0984	57.5	447	187	2	1	445	1	446	1.45e-183	519
WP_055981215.1	iYS854.USA300HOU_RS08155	56.2	441	190	2	3	440	2	442	9.42e-176	499
WP_055981215.1	iCN900.CD630_19380	54.9	450	201	1	1	448	1	450	8.21e-175	497
WP_055981215.1	iNF517.LLMG_RS08930	55.5	445	190	4	1	439	1	443	3.11e-170	485
WP_055981215.1	iJN1463.PP_0558	54.9	441	194	4	3	440	6	444	2.06e-167	478
WP_055981225.1	iMM1415.18242	60.8	406	154	3	8	413	39	439	8.34e-184	518
WP_055981225.1	iCHOv1.100771896	61.1	406	153	3	8	413	39	439	1.18e-183	517
WP_055981225.1	iLB1027_lipid.PHATRDRAFT_27726	58.2	407	164	2	9	410	38	443	8.96e-176	498
WP_055981225.1	iAM_Pv461.PVX_113600	56.2	404	173	2	7	410	8	407	6.10e-168	476
WP_055981225.1	iAM_Pf480.PF3D7_0608800	55.7	404	175	2	7	410	8	407	3.50e-167	474
WP_055981228.1	iAF987.Gmet_2344	37.2	242	142	5	6	244	3	237	9.18e-42	142
WP_055981231.1	iAF987.Gmet_2344	36.0	247	154	2	1	247	1	243	3.79e-48	159
WP_055981237.1	STM_v1_0.STM2086	30.3	165	105	4	147	303	141	303	5.35e-13	68.9
WP_055981240.1	iML1515.b3629	22.0	291	176	8	62	320	33	304	2.72e-14	72.0
WP_055981243.1	STM_v1_0.STM2085	33.8	130	82	3	1	130	1	126	5.36e-09	56.2
WP_055981246.1	iML1515.b3629	26.8	194	124	7	143	327	112	296	5.69e-11	62.4
WP_055981249.1	iYO844.BSU35550	29.1	127	89	1	3	129	8	133	6.28e-12	64.3
WP_055981262.1	iAF987.Gmet_2471	54.9	113	51	0	1	113	1	113	1.91e-41	132
WP_055981265.1	iCN900.CD630_00510	34.2	588	271	10	4	573	3	492	1.86e-103	320
WP_055981265.1	iYO844.BSU00920	31.7	575	288	7	3	568	4	482	9.84e-93	292
WP_055981269.1	iAF987.Gmet_1216	49.8	313	154	2	4	316	7	316	3.63e-101	299
WP_055981269.1	iJN1463.PP_1607	46.2	312	166	1	3	314	5	314	2.47e-98	292
WP_055981269.1	iSSON_1240.SSON_0197	47.6	317	161	2	1	314	3	317	1.13e-97	290
WP_055981269.1	iPC815.YPO1060	48.6	317	158	2	1	314	3	317	1.13e-97	290
WP_055981269.1	iYL1228.KPN_00198	47.9	317	160	2	1	314	3	317	2.27e-97	290
WP_055981269.1	iYS854.USA300HOU_RS09015	47.0	313	164	1	4	316	2	312	2.74e-97	289
WP_055981269.1	iML1515.b0185	47.6	317	161	2	1	314	3	317	4.57e-97	289
WP_055981269.1	iSDY_1059.SDY_0201	47.6	317	161	2	1	314	3	317	4.57e-97	289
WP_055981269.1	iSF_1195.SF0175	47.6	317	161	2	1	314	3	317	4.57e-97	289
WP_055981269.1	STM_v1_0.STM0232	47.0	317	163	2	1	314	3	317	2.60e-96	287
WP_055981269.1	iSynCJ816.SGL_RS17700	48.2	313	160	1	4	316	11	321	4.62e-96	286
WP_055981269.1	iSbBS512_1146.SbBS512_E0178	47.3	317	162	2	1	314	3	317	1.48e-95	285
WP_055981269.1	iYO844.BSU29200	44.7	311	170	1	4	314	5	313	3.80e-92	276
WP_055981269.1	iCN900.CD630_19360	47.5	305	158	1	10	314	9	311	3.79e-92	276
WP_055981307.1	iAF987.Gmet_3251	32.6	611	325	15	511	1115	21	550	6.58e-77	263
WP_055981307.1	iML1515.b2917	33.7	594	310	14	518	1104	19	535	5.20e-69	245
WP_055981307.1	iSSON_1240.SSON_3068	33.1	593	315	12	518	1104	19	535	1.12e-67	241
WP_055981307.1	iSF_1195.SF2902	33.3	594	312	14	518	1104	19	535	9.57e-67	239
WP_055981337.1	iNF517.LLMG_RS07705	40.9	193	113	1	1	192	1	193	9.76e-48	155
WP_055981337.1	iYO844.BSU23270	39.2	199	120	1	1	198	1	199	3.55e-45	148
WP_055981337.1	iAF987.Gmet_1625	40.4	193	114	1	1	192	1	193	7.45e-42	140
WP_055981340.1	iML1515.b3255	39.2	158	94	2	1	158	1	156	2.65e-32	112
WP_055981340.1	iSbBS512_1146.SbBS512_E3287	39.2	158	94	2	1	158	1	156	2.65e-32	112
WP_055981340.1	iSF_1195.SF3293	39.2	158	94	2	1	158	1	156	2.65e-32	112
WP_055981340.1	iSSON_1240.SSON_3396	39.2	158	94	2	1	158	1	156	2.65e-32	112
WP_055981340.1	STM_v1_0.STM3379	39.9	158	93	2	1	158	1	156	5.30e-32	111
WP_055981340.1	iSDY_1059.SDY_3432	39.2	158	94	2	1	158	1	156	5.30e-32	111
WP_055981340.1	iSynCJ816.SGL_RS13735	39.5	157	84	3	5	159	7	154	7.10e-32	111
WP_055981340.1	iPC815.YPO3659	40.9	159	88	3	1	158	1	154	8.05e-31	108
WP_055981340.1	iYS854.USA300HOU_RS08160	40.5	158	88	4	1	157	1	153	6.44e-30	106
WP_055981350.1	iJN1463.PP_3122	64.2	229	81	1	2	230	4	231	1.49e-104	301
WP_055981350.1	iAF987.Gmet_3296	67.0	221	73	0	10	230	8	228	2.22e-103	298
WP_055981350.1	iCN718.ABAYE_RS09810	64.2	229	81	1	2	229	1	229	4.50e-97	282
WP_055981350.1	iYO844.BSU38990	64.2	226	81	0	4	229	3	228	7.31e-97	282
WP_055981350.1	iAT_PLT_636.5019	58.6	239	81	1	11	231	48	286	2.86e-92	279
WP_055981350.1	iMM1415.67041	59.0	239	80	1	11	231	48	286	5.12e-91	276
WP_055981350.1	iCHOv1.100766113	58.6	239	81	1	11	231	48	286	1.02e-90	276
WP_055981350.1	iIT341.HP0691	57.2	229	98	0	2	230	1	229	6.53e-94	274
WP_055981353.1	iYL1228.KPN_00941	28.3	520	360	5	77	592	72	582	7.04e-57	201
WP_055981353.1	iPC815.YPO1395	28.9	523	351	5	80	592	71	582	7.04e-57	201
WP_055981353.1	iML1515.b0914	28.0	521	360	6	77	592	72	582	6.82e-56	198
WP_055981353.1	iSbBS512_1146.SbBS512_E2410	28.0	521	360	6	77	592	72	582	6.82e-56	198
WP_055981353.1	iSDY_1059.SDY_2344	28.0	521	360	6	77	592	72	582	6.82e-56	198
WP_055981353.1	iSF_1195.SF0910	28.0	521	360	6	77	592	72	582	6.82e-56	198
WP_055981353.1	iSSON_1240.SSON_0916	28.0	521	360	6	77	592	72	582	6.82e-56	198
WP_055981353.1	STM_v1_0.STM0984	27.9	520	362	5	77	592	72	582	1.25e-54	194
WP_055981353.1	STM_v1_0.STM2774	31.6	386	246	7	218	594	833	1209	6.40e-50	186
WP_055981353.1	iSDY_1059.SDY_1025	31.2	321	216	1	276	591	883	1203	4.07e-48	181
WP_055981356.1	iJN1463.PP_3123	64.4	216	77	0	2	217	3	218	4.69e-96	278
WP_055981356.1	iYL1228.KPN_02054	60.4	217	86	0	1	217	1	217	4.89e-91	266
WP_055981356.1	iAF987.Gmet_3297	58.9	214	88	0	2	215	3	216	2.66e-88	259
WP_055981364.1	iCHOv1.100750552	26.4	428	264	10	94	508	114	503	6.68e-37	145
WP_055981364.1	iMM1415.15211	26.8	426	265	10	94	508	114	503	1.21e-36	144
WP_055981364.1	iMM1415.15212	25.7	451	288	10	60	500	89	502	1.34e-36	144
WP_055981373.1	iLJ478.TM1624	33.0	802	500	19	30	823	10	782	5.45e-129	404
WP_055981373.1	iMM1415.110173	32.1	870	502	29	27	824	26	878	5.21e-117	375
WP_055981381.1	iPC815.YPO3506	27.5	425	249	15	96	479	57	463	1.08e-28	118
WP_055981381.1	iJN1463.PP_2098	27.2	405	250	13	96	468	49	440	3.25e-28	116
WP_055981384.1	iSynCJ816.SGL_RS17040	24.5	383	244	15	163	517	141	506	6.06e-21	97.4
WP_055981390.1	iML1515.b3617	63.7	394	142	1	6	398	5	398	1.59e-181	509
WP_055981390.1	iSF_1195.SF3657	63.7	394	142	1	6	398	5	398	1.59e-181	509
WP_055981390.1	iSDY_1059.SDY_4050	63.7	394	142	1	6	398	5	398	2.25e-181	509
WP_055981390.1	iSSON_1240.SSON_3787	63.7	394	142	1	6	398	5	398	4.54e-181	508
WP_055981390.1	iSbBS512_1146.SbBS512_E4045	63.5	394	143	1	6	398	5	398	6.44e-181	508
WP_055981390.1	STM_v1_0.STM3709	63.7	394	142	1	6	398	5	398	1.30e-180	507
WP_055981390.1	iYL1228.KPN_03962	62.1	393	149	0	6	398	5	397	2.06e-179	504
WP_055981390.1	iPC815.YPO0059	62.4	394	147	1	6	398	10	403	5.60e-176	496
WP_055981393.1	iSynCJ816.SGL_RS03055	38.7	150	89	2	1	150	1	147	2.11e-28	104
WP_055981411.1	iYS854.USA300HOU_RS06185	34.3	204	129	2	9	208	7	209	7.13e-32	117
WP_055981411.1	iAF987.Gmet_1601	36.6	202	124	2	5	203	6	206	5.66e-31	115
WP_055981411.1	iHN637.CLJU_RS20765	31.7	202	133	2	4	201	6	206	1.63e-30	114
WP_055981414.1	iCHOv1.100774340	33.5	200	110	5	2	194	56	239	3.02e-22	93.2
WP_055981414.1	iMM1415.71911	33.3	201	109	6	2	194	56	239	4.17e-22	92.8
WP_055981414.1	iMM1415.235033	31.2	202	122	4	2	200	6	193	5.58e-21	89.4
WP_055981414.1	iCHOv1.100773401	31.2	202	122	4	2	200	6	193	5.04e-20	86.7
WP_055981414.1	iMM904.YMR226C	32.1	224	134	6	2	220	14	224	1.90e-19	84.3
WP_055981428.1	iAF987.Gmet_2858	45.6	226	110	4	12	234	20	235	4.25e-58	183
WP_055981431.1	iEK1008.Rv1285	58.2	299	122	1	4	302	37	332	2.92e-124	358
WP_055981434.1	iEK1008.Rv1286	49.0	412	209	1	3	413	4	415	7.29e-137	404
WP_055981434.1	iJN1463.PP_1304	49.0	416	203	4	2	413	23	433	8.33e-129	384
WP_055981434.1	iCN718.ABAYE_RS13930	50.7	416	195	4	2	412	23	433	8.69e-128	379
WP_055981445.1	iML1515.b2155	22.9	542	330	19	31	548	31	508	3.03e-13	72.8
WP_055981445.1	iSSON_1240.SSON_2211	22.9	542	330	19	31	548	31	508	3.03e-13	72.8
WP_055981445.1	STM_v1_0.STM2199	32.7	147	93	3	31	172	31	176	1.59e-12	70.5
WP_055981445.1	iYL1228.KPN_02593	32.7	147	93	3	31	172	12	157	2.04e-12	70.1
WP_055981451.1	iYO844.BSU33180	28.5	260	170	8	41	291	59	311	4.59e-16	76.6
WP_055981453.1	iJN1463.PP_4688	41.1	341	179	8	13	341	12	342	2.34e-72	228
WP_055981456.1	iJN1463.PP_4687	37.9	240	146	2	16	254	16	253	2.08e-49	162
WP_055981456.1	iML1515.b0588	32.3	260	161	5	2	254	8	259	7.65e-44	149
WP_055981456.1	iSbBS512_1146.SbBS512_E0489	32.3	260	161	5	2	254	8	259	7.65e-44	149
WP_055981456.1	iSDY_1059.SDY_0519	32.3	260	161	5	2	254	8	259	7.65e-44	149
WP_055981456.1	iSSON_1240.SSON_0539	32.3	260	161	5	2	254	8	259	1.08e-43	148
WP_055981456.1	iSF_1195.SF0502	32.3	260	161	5	2	254	8	259	1.52e-43	148
WP_055981464.1	iAM_Pb448.PBANKA_080930	33.7	184	106	6	26	202	53	227	3.01e-24	95.5
WP_055981464.1	iAM_Pv461.PVX_098840	40.2	132	76	3	57	186	26	156	6.24e-22	88.2
WP_055981470.1	iNF517.LLMG_RS12210	31.1	293	186	9	36	325	16	295	5.65e-39	141
WP_055981487.1	iJN1463.PP_2432	32.4	213	117	5	10	205	10	212	6.50e-27	102
WP_055981487.1	iYO844.BSU07830	32.7	196	119	5	3	186	8	202	1.07e-25	99.0
WP_055981491.1	iLB1027_lipid.PHATRDRAFT_51454	47.4	156	72	4	56	207	4	153	2.86e-42	140
WP_055981493.1	iMM904.YGL026C	39.5	220	130	3	7	224	23	241	2.16e-48	169
WP_055981493.1	iAF987.Gmet_2477	35.9	248	148	4	2	243	17	259	5.86e-49	161
WP_055981496.1	iLJ478.TM0138	60.9	381	144	4	11	390	3	379	5.84e-160	454
WP_055981496.1	iCN718.ABAYE_RS03585	55.7	388	168	3	7	391	14	400	3.94e-148	425
WP_055981496.1	iHN637.CLJU_RS07900	56.8	382	161	3	10	388	2	382	1.40e-146	421
WP_055981496.1	iSynCJ816.SGL_RS16740	54.6	399	172	3	3	393	11	408	1.65e-145	419
WP_055981496.1	iAF987.Gmet_2482	55.0	387	170	3	5	388	2	387	1.79e-143	413
WP_055981496.1	iJN1463.PP_0083	54.1	392	176	3	7	395	10	400	2.44e-143	413
WP_055981496.1	iNF517.LLMG_RS05280	53.9	397	175	4	4	395	3	396	4.91e-142	409
WP_055981500.1	iLJ478.TM0139	33.8	210	119	7	7	210	3	198	3.01e-30	110
WP_055981500.1	iYS854.USA300HOU_RS06980	34.2	202	125	5	7	207	2	196	3.72e-29	107
WP_055981500.1	iSynCJ816.SGL_RS12060	31.8	211	137	4	7	214	4	210	3.77e-27	102
WP_055981503.1	iCN718.ABAYE_RS06030	42.5	252	142	2	2	250	7	258	3.78e-60	191
WP_055981503.1	iHN637.CLJU_RS07890	41.7	254	144	4	3	254	2	253	2.58e-55	178
WP_055981503.1	iAF987.Gmet_2494	40.6	261	144	4	3	254	7	265	3.65e-54	175
WP_055981506.1	iAF987.Gmet_2495	32.8	344	208	7	1	324	2	342	3.08e-55	183
WP_055981506.1	iHN637.CLJU_RS07885	33.9	333	213	4	1	328	2	332	1.87e-53	178
WP_055981506.1	iYO844.BSU22670	33.1	329	213	4	1	324	1	327	4.87e-50	169
WP_055981506.1	iAF692.Mbar_A3624	34.2	325	206	5	1	320	1	322	5.24e-49	167
WP_055981509.1	iHN637.CLJU_RS07880	51.1	188	85	5	16	199	2	186	1.88e-58	182
WP_055981509.1	iLJ478.TM0141	48.4	190	94	3	13	199	44	232	1.90e-51	174
WP_055981509.1	iYL1228.KPN_03746	46.8	186	95	3	16	199	2	185	6.88e-53	167
WP_055981509.1	iAF987.Gmet_2496	48.9	186	91	3	16	199	2	185	2.95e-52	166
WP_055981509.1	iCN900.CD630_14450	46.8	186	95	3	16	199	2	185	9.76e-52	164
WP_055981509.1	iSDY_1059.SDY_3522	46.8	186	95	3	16	199	2	185	7.88e-52	164
WP_055981512.1	iHN637.CLJU_RS07875	33.5	457	281	9	17	461	27	472	2.98e-71	233
WP_055981512.1	iNF517.LLMG_RS05235	34.6	468	276	11	8	463	4	453	2.52e-71	233
WP_055981512.1	iLJ478.TM0142	33.9	472	274	7	14	471	9	456	5.64e-71	232
WP_055981512.1	iYO844.BSU22680	33.3	459	274	9	36	469	45	496	5.45e-65	218
WP_055981528.1	iCN900.CD630_35520	51.2	496	224	6	3	495	17	497	1.06e-157	460
WP_055981528.1	iML1515.b4129	49.0	502	225	10	10	498	22	505	3.41e-155	453
WP_055981528.1	iAF987.Gmet_2360	47.5	507	238	7	2	498	3	491	1.58e-152	446
WP_055981528.1	iSDY_1059.SDY_3192	47.6	502	232	9	10	498	22	505	1.62e-150	441
WP_055981528.1	iSbBS512_1146.SbBS512_E3309	47.6	502	232	9	10	498	22	505	2.29e-150	441
WP_055981528.1	iSF_1195.SF2876	47.6	502	232	9	10	498	22	505	2.29e-150	441
WP_055981528.1	iSSON_1240.SSON_3043	47.6	502	232	9	10	498	22	505	2.29e-150	441
WP_055981528.1	iYL1228.KPN_00502	47.0	502	235	9	10	498	22	505	9.17e-150	439
WP_055981528.1	iYS854.USA300HOU_RS02655	46.4	506	243	9	2	495	4	493	9.33e-150	439
WP_055981528.1	iYL1228.KPN_03318	47.0	502	235	9	10	498	22	505	1.84e-149	439
WP_055981528.1	STM_v1_0.STM3040	46.6	509	241	9	3	498	15	505	1.67e-147	434
WP_055981528.1	iPC815.YPO0888	46.4	511	241	10	2	498	14	505	6.69e-147	432
WP_055981528.1	iSynCJ816.SGL_RS06545	45.8	507	253	8	3	498	10	505	1.84e-142	421
WP_055981543.1	iEK1008.Rv3791	27.2	246	168	6	7	243	10	253	1.07e-20	87.4
WP_055981555.1	iCN900.CD630_27390	54.1	588	259	7	3	583	9	592	1.41e-215	611
WP_055981555.1	iAF987.Gmet_1357	49.1	588	288	6	3	583	10	593	1.33e-200	573
WP_055981555.1	iYS854.USA300HOU_RS08675	50.1	575	274	8	15	580	16	586	1.63e-197	565
WP_055981567.1	iAF987.Gmet_2727	40.3	67	40	0	83	149	93	159	2.37e-07	50.1
WP_055981573.1	iAF987.Gmet_2350	36.3	372	225	6	5	367	11	379	7.37e-72	228
WP_055981579.1	iAF987.Gmet_2397	29.1	206	144	2	4	209	3	206	1.86e-18	80.1
WP_055981582.1	iAF987.Gmet_2396	59.7	667	237	5	4	670	3	637	1.16e-286	797
WP_055981584.1	iAF987.Gmet_2395	61.0	251	97	1	1	251	1	250	7.83e-110	316
WP_055981612.1	iYS854.USA300HOU_RS08945	35.1	191	122	1	19	207	2	192	2.46e-28	105
WP_055981620.1	iCN718.ABAYE_RS00945	39.0	372	222	5	22	390	13	382	2.30e-76	242
WP_055981620.1	iYO844.BSU39370	36.3	399	248	6	9	404	14	409	2.09e-72	232
WP_055981620.1	iJN1463.PP_5030	37.5	373	226	5	22	390	13	382	2.90e-70	226
WP_055981620.1	iHN637.CLJU_RS10540	34.8	388	246	6	21	404	22	406	1.24e-69	225
WP_055981623.1	iCN718.ABAYE_RS00950	44.2	308	152	6	5	303	7	303	1.55e-75	233
WP_055981623.1	iHN637.CLJU_RS10515	41.0	315	163	9	4	300	13	322	7.52e-70	219
WP_055981626.1	iSynCJ816.SGL_RS12900	43.8	427	236	3	5	427	25	451	7.64e-116	346
WP_055981626.1	iAF692.Mbar_A1620	43.2	426	239	3	8	430	28	453	7.84e-113	338
WP_055981626.1	iAF692.Mbar_A2542	42.2	431	246	3	3	430	23	453	1.13e-109	330
WP_055981626.1	iYL1228.KPN_04772	42.0	429	244	4	5	428	25	453	3.83e-108	326
WP_055981629.1	iSynCJ816.SGL_RS07035	43.4	482	254	9	6	481	8	476	8.80e-114	347
WP_055981629.1	iAF987.Gmet_0122	42.4	479	264	6	1	478	1	468	1.88e-114	345
WP_055981629.1	iCN900.CD630_33940	40.6	475	273	5	5	478	5	471	5.28e-111	340
WP_055981629.1	iYO844.BSU29180	41.1	479	273	6	5	481	1	472	7.24e-111	339
WP_055981629.1	iHN637.CLJU_RS01595	40.5	476	274	6	5	478	1	469	1.26e-108	333
WP_055981629.1	iEK1008.Rv1617	40.1	474	271	5	6	478	3	464	3.31e-107	326
WP_055981629.1	iYS854.USA300HOU_RS09005	38.4	476	284	4	5	478	1	469	1.34e-104	323
WP_055981629.1	iSynCJ816.SGL_RS15640	39.7	478	267	9	7	478	17	479	1.03e-105	323
WP_055981629.1	iJN1463.PP_4301	39.6	477	276	4	6	481	5	470	1.13e-104	320
WP_055981637.1	iAF987.Gmet_1603	51.9	412	196	1	3	414	1	410	2.65e-138	401
WP_055981637.1	iCN900.CD630_11840	49.3	410	206	1	4	413	3	410	6.93e-134	390
WP_055981637.1	iYO844.BSU11340	50.6	413	201	2	1	413	1	410	2.88e-133	388
WP_055981637.1	iSynCJ816.SGL_RS05665	47.5	413	215	1	1	413	4	414	1.19e-130	382
WP_055981637.1	iHN637.CLJU_RS20760	48.3	410	209	2	4	413	3	409	2.96e-130	380
WP_055981637.1	iYS854.USA300HOU_RS04880	49.0	410	206	2	4	413	5	411	1.45e-128	376
WP_055981637.1	iML1515.b1095	47.5	415	215	2	1	414	1	413	1.30e-126	371
WP_055981637.1	iSF_1195.SF1099	47.5	415	215	2	1	414	1	413	1.30e-126	371
WP_055981637.1	iSSON_1240.SSON_1115	47.5	415	215	2	1	414	1	413	1.30e-126	371
WP_055981637.1	iSbBS512_1146.SbBS512_E2229	47.5	415	215	2	1	414	1	413	3.69e-126	370
WP_055981637.1	iPC815.YPO1601	45.8	415	222	2	1	414	1	413	3.69e-126	370
WP_055981637.1	iSDY_1059.SDY_2055	47.2	415	216	2	1	414	1	413	1.05e-125	369
WP_055981637.1	iYL1228.KPN_01093	46.0	415	221	2	1	414	1	413	2.40e-124	365
WP_055981637.1	iJN1463.PP_1916	46.0	413	221	1	1	413	1	411	3.51e-124	365
WP_055981637.1	STM_v1_0.STM1197	46.0	415	221	2	1	414	1	413	2.74e-123	363
WP_055981714.1	iJN1463.PP_3989	32.7	349	175	12	2	321	24	341	1.84e-38	140
WP_055981714.1	iSynCJ816.SGL_RS13525	30.3	386	204	10	4	328	7	388	5.43e-36	135
WP_055981754.1	iEK1008.Rv1400c	38.5	231	132	4	64	285	71	300	5.84e-47	160
WP_055981754.1	iEK1008.Rv1399c	37.6	229	129	6	61	278	67	292	1.42e-43	151
WP_055981755.1	iJN1463.PP_2647	26.9	342	241	4	11	347	32	369	8.02e-29	115
WP_055981755.1	STM_v1_0.STM1522	22.5	329	251	4	17	343	27	353	6.83e-29	115
WP_055981755.1	iML1515.b1528	23.4	329	248	4	17	343	27	353	1.77e-28	114
WP_055981755.1	iSbBS512_1146.SbBS512_E1677	23.4	329	248	4	17	343	27	353	1.77e-28	114
WP_055981755.1	iSSON_1240.SSON_1600	23.4	329	248	4	17	343	27	353	1.77e-28	114
WP_055981755.1	iSF_1195.SF1566	23.1	329	249	4	17	343	27	353	1.48e-28	114
WP_055981755.1	iYL1228.KPN_01628	22.6	328	252	2	17	343	27	353	1.23e-27	112
WP_055981767.1	iML1515.b1967	22.6	155	103	5	82	222	127	278	4.43e-05	43.1
WP_055981799.1	iJN1463.PP_0160	22.9	737	479	22	59	771	156	827	1.88e-35	144
WP_055981799.1	iSSON_1240.SSON_0162	22.5	761	499	20	36	771	34	728	1.29e-34	140
WP_055981799.1	iSbBS512_1146.SbBS512_E0142	22.3	761	500	20	36	771	34	728	9.47e-34	138
WP_055981799.1	iJN1463.PP_0350	23.9	737	473	24	59	771	137	809	1.58e-32	134
WP_055981799.1	iJN1463.PP_0535	24.0	779	457	29	36	770	36	723	6.62e-32	132
WP_055981799.1	STM_v1_0.STM0191	21.5	729	489	18	63	771	63	728	3.67e-31	130
WP_055981799.1	iSDY_1059.SDY_0166	22.3	772	505	23	36	771	34	746	3.90e-31	130
WP_055981808.1	iYS854.USA300HOU_RS13040	31.1	235	151	5	1	226	1	233	2.07e-35	125
WP_055981808.1	iNF517.LLMG_RS09915	33.3	228	138	6	1	218	5	228	3.26e-34	122
WP_055981808.1	iYO844.BSU02750	31.3	214	141	4	16	225	20	231	4.82e-34	122
WP_055981808.1	iCN900.CD630_21720	33.0	230	141	5	1	219	1	228	2.85e-33	120
WP_055981808.1	iCHOv1.100761226	33.7	208	133	3	6	209	903	1109	6.25e-31	119
WP_055981808.1	iMM1415.11303	33.7	208	133	3	6	209	903	1109	8.49e-31	119
WP_055981808.1	iYL1228.KPN_00838	32.6	230	139	5	1	215	1	229	6.38e-33	119
WP_055981808.1	iML1515.b0809	32.6	218	140	4	1	212	1	217	8.97e-33	118
WP_055981808.1	iSbBS512_1146.SbBS512_E2539	32.6	218	140	4	1	212	1	217	8.97e-33	118
WP_055981808.1	iSDY_1059.SDY_0787	32.6	218	140	4	1	212	1	217	8.97e-33	118
WP_055981808.1	iSSON_1240.SSON_0789	32.6	218	140	4	1	212	1	217	8.97e-33	118
WP_055981808.1	iCN900.CD630_09000	30.9	220	140	5	1	211	1	217	1.90e-31	118
WP_055981808.1	STM_v1_0.STM0828	32.1	218	141	4	1	212	1	217	2.49e-32	117
WP_055981808.1	iNF517.LLMG_RS01625	32.3	248	145	7	1	229	1	244	5.68e-32	116
WP_055981808.1	iJN1463.PP_0868	35.4	226	125	7	1	211	1	220	1.10e-30	116
WP_055981808.1	iSF_1195.SF0760	32.1	218	141	4	1	212	1	217	9.73e-32	115
WP_055981808.1	iCN900.CD630_32150	29.8	218	143	4	6	213	9	226	5.12e-31	114
WP_055981808.1	iML1515.b1917	32.5	234	131	5	6	220	8	233	6.71e-31	114
WP_055981808.1	iYL1228.KPN_03008	34.5	206	120	6	17	211	44	245	9.74e-30	114
WP_055981808.1	iML1515.b2677	34.0	206	121	6	17	211	44	245	1.35e-29	113
WP_055981808.1	STM_v1_0.STM2809	34.0	206	121	6	17	211	44	245	1.35e-29	113
WP_055981808.1	iSbBS512_1146.SbBS512_E3202	34.0	206	121	6	17	211	44	245	1.35e-29	113
WP_055981808.1	iSF_1195.SF2705	34.0	206	121	6	17	211	44	245	1.35e-29	113
WP_055981808.1	iSSON_1240.SSON_2822	34.5	206	120	6	17	211	44	245	1.35e-29	113
WP_055981808.1	iLJ478.TM1376	34.6	211	129	5	6	211	10	216	8.68e-30	113
WP_055981808.1	iPC815.YPO3964	31.7	230	149	4	1	223	6	234	3.78e-29	113
WP_055981841.1	iEK1008.Rv1854c	35.6	419	247	8	4	408	14	423	2.58e-72	234
WP_055981841.1	iSynCJ816.SGL_RS08135	32.9	422	270	7	4	416	9	426	3.15e-68	223
WP_055981841.1	iEK1008.Rv0392c	34.2	421	250	10	4	407	14	424	9.49e-66	217
WP_055981889.1	iYO844.BSU00090	59.5	484	194	1	5	486	4	487	1.14e-204	575
WP_055981889.1	iNF517.LLMG_RS01210	58.8	486	195	3	6	486	7	492	5.62e-199	561
WP_055981889.1	iHN637.CLJU_RS18305	58.4	481	199	1	6	486	3	482	8.23e-199	560
WP_055981889.1	iLJ478.TM1347	59.8	475	190	1	11	484	4	478	2.06e-196	554
WP_055981889.1	iYS854.USA300HOU_RS02065	56.4	486	207	3	5	486	4	488	5.52e-193	546
WP_055981889.1	iAF987.Gmet_2293	55.6	482	211	1	8	486	6	487	6.25e-183	520
WP_055981889.1	iIT341.HP0829	55.7	481	208	3	6	484	2	479	1.79e-182	519
WP_055981901.1	iAF692.Mbar_A2020	43.2	74	38	2	249	321	313	383	2.53e-09	58.2
WP_055981910.1	iPC815.YPO1390	33.3	420	235	10	11	399	14	419	5.08e-53	182
WP_055981910.1	STM_v1_0.STM0978	33.9	416	236	10	14	401	16	420	7.57e-51	176
WP_055981910.1	iSF_1195.SF0903	33.8	417	237	9	13	401	15	420	2.88e-50	174
WP_055981910.1	iML1515.b0908	33.6	417	238	9	13	401	15	420	2.99e-49	172
WP_055981910.1	iSbBS512_1146.SbBS512_E2420	33.6	417	238	9	13	401	15	420	2.99e-49	172
WP_055981910.1	iSDY_1059.SDY_2353	33.6	417	238	9	13	401	15	420	2.80e-49	172
WP_055981910.1	iSSON_1240.SSON_0909	33.6	417	238	9	13	401	15	420	2.99e-49	172
WP_055981910.1	iLB1027_lipid.PHATRDRAFT_18246	31.3	431	248	11	13	404	59	480	3.45e-47	167
WP_055981910.1	iYL1228.KPN_00936	32.2	422	247	11	13	406	15	425	4.42e-47	166
WP_055981913.1	iML1515.b0493	32.1	196	127	2	4	193	16	211	1.62e-23	95.9
WP_055981913.1	iCHOv1.100750866	31.0	197	117	3	1	180	1	195	1.09e-21	92.0
WP_055981913.1	iMM1415.235033	29.4	201	124	4	4	189	6	203	9.00e-22	92.0
WP_055981913.1	iCHOv1.100773401	29.5	200	123	4	4	188	6	202	1.61e-21	91.3
WP_055981913.1	iNF517.LLMG_RS08950	29.4	235	154	4	1	224	3	236	1.41e-21	90.1
WP_055981913.1	iMM1415.15485	30.5	200	120	4	1	183	1	198	7.95e-20	87.0
WP_055981921.1	iCN718.ABAYE_RS18975	32.0	824	407	27	1	779	1	716	4.57e-108	346
WP_055981964.1	iCHOv1.100771073	42.3	111	63	1	26	135	31	141	6.41e-26	94.7
WP_055981975.1	iYS854.USA300HOU_RS05260	25.1	211	134	8	29	238	63	250	1.93e-09	58.5
WP_055981975.1	iML1515.b0376	21.5	279	200	8	21	290	4	272	1.84e-08	55.5
WP_055981975.1	iML1515.b2430	21.3	400	242	17	19	360	7	391	4.81e-08	54.3
WP_055981988.1	iJN1463.PP_1254	65.0	360	126	0	9	368	4	363	1.42e-180	504
WP_055981988.1	iJN1463.PP_2489	61.9	360	137	0	9	368	4	363	5.17e-172	483
WP_055982001.1	iJN1463.PP_0072	30.7	202	131	5	2	201	3	197	1.27e-15	75.9
WP_055982001.1	iHN637.CLJU_RS11425	31.4	239	122	8	1	204	1	232	1.97e-13	69.7
WP_055982011.1	iJN1463.PP_0920	42.4	361	188	5	3	358	4	349	8.01e-87	265
WP_055982011.1	iJN1463.PP_2486	39.4	371	198	8	8	359	11	373	4.85e-86	264
WP_055982011.1	iJN1463.PP_3173	41.2	369	203	6	1	360	1	364	1.19e-81	253
WP_055982013.1	iYO844.BSU39980	24.6	126	92	3	8	133	190	312	2.04e-07	48.9
WP_055982016.1	iMM904.YMR226C	36.2	210	123	3	2	200	13	222	2.55e-33	122
WP_055982020.1	iEK1008.Rv3084	25.8	283	203	4	23	300	15	295	1.90e-19	86.3
WP_055982035.1	iYS854.USA300HOU_RS06185	35.7	126	71	5	2	124	3	121	2.00e-13	64.3
WP_055982035.1	iMM1415.17252	38.2	89	54	1	2	89	39	127	1.65e-12	62.4
WP_055982035.1	iNF517.LLMG_RS08260	32.3	130	78	3	2	127	3	126	2.05e-11	58.9
WP_055982035.1	STM_v1_0.STM1511	34.8	112	68	2	5	116	4	110	1.98e-11	58.9
WP_055982035.1	iSDY_1059.SDY_2057	35.7	115	68	4	2	116	6	114	2.64e-11	58.5
WP_055982047.1	iCN718.ABAYE_RS08155	25.2	131	89	4	3	124	2	132	3.01e-04	41.6
WP_055982051.1	iYL1228.KPN_01628	28.0	368	249	7	22	380	27	387	9.09e-33	126
WP_055982051.1	STM_v1_0.STM1522	27.8	370	247	7	22	380	27	387	1.57e-31	123
WP_055982051.1	iSbBS512_1146.SbBS512_E1677	28.1	370	246	8	22	380	27	387	2.17e-31	122
WP_055982051.1	iML1515.b1528	27.8	370	247	8	22	380	27	387	4.12e-31	122
WP_055982051.1	iSSON_1240.SSON_1600	27.8	370	247	8	22	380	27	387	4.12e-31	122
WP_055982138.1	iEK1008.Rv0958	42.7	370	200	4	8	377	8	365	1.63e-100	308
WP_055982141.1	iAF987.Gmet_3290	48.6	539	260	3	4	542	14	535	1.47e-163	475
WP_055982141.1	iAT_PLT_636.64087	45.9	527	269	3	16	542	53	563	2.07e-154	452
WP_055982141.1	iCHOv1.100756739	45.2	533	276	3	10	542	47	563	2.35e-153	450
WP_055982141.1	iMM1415.78038	44.3	533	281	3	10	542	47	563	6.05e-151	444
WP_055982141.1	iJN1463.PP_4065	44.5	521	272	3	22	542	32	535	7.91e-150	440
WP_055982158.1	iHN637.CLJU_RS10535	43.6	486	272	2	9	493	12	496	1.82e-128	382
WP_055982158.1	iCHOv1.100753802	41.4	493	282	4	6	491	119	611	6.11e-123	373
WP_055982158.1	iMM1415.15109	41.2	493	283	4	6	491	119	611	4.81e-122	371
WP_055982158.1	iCN718.ABAYE_RS00935	42.2	479	274	3	12	487	14	492	9.82e-121	363
WP_055982158.1	iJN1463.PP_5032	42.5	471	268	3	20	487	23	493	7.35e-120	360
WP_055982158.1	STM_v1_0.STM0791	41.9	482	277	3	9	487	12	493	9.19e-120	360
WP_055982158.1	iYL1228.KPN_00796	42.9	476	268	4	9	480	12	487	1.10e-118	357
WP_055982158.1	iYO844.BSU39350	40.3	484	286	3	12	493	13	495	3.10e-118	356
WP_055982158.1	iYS854.USA300HOU_RS00040	39.9	489	288	4	6	489	8	495	6.15e-114	345
WP_055982175.1	iYS854.USA300HOU_RS13930	27.2	367	232	15	15	362	22	372	4.21e-13	70.1
WP_055982191.1	iCHOv1.100774083	25.5	646	437	17	85	710	79	700	1.27e-50	187
WP_055982195.1	iML1515.b3350	39.0	590	342	5	11	600	12	583	8.30e-135	407
WP_055982195.1	iSSON_1240.SSON_3481	39.0	590	342	5	11	600	12	583	1.17e-134	406
WP_055982195.1	iSbBS512_1146.SbBS512_E3725	39.0	590	342	5	11	600	12	583	2.33e-134	405
WP_055982195.1	STM_v1_0.STM3457	37.5	590	351	5	11	600	12	583	4.42e-128	389
WP_055982195.1	iYL1228.KPN_03736	37.6	598	355	5	3	600	4	583	1.24e-127	388
WP_055982195.1	iSF_1195.SF3369	38.7	563	314	6	38	600	4	535	9.91e-123	374
WP_055982198.1	iML1515.b0046	40.5	111	66	0	5	115	3	113	5.98e-24	92.0
WP_055982210.1	iYO844.BSU21810	42.9	163	92	1	1	163	1	162	9.81e-39	129
WP_055982210.1	iCN718.ABAYE_RS16490	44.1	161	83	3	5	160	11	169	9.27e-37	124
WP_055982210.1	iYS854.USA300HOU_RS07290	41.5	147	82	1	3	149	4	146	3.96e-36	122
WP_055982210.1	iPC815.YPO0486	39.9	158	93	2	3	160	4	159	1.31e-34	118
WP_055982215.1	iSynCJ816.SGL_RS15225	50.7	148	72	1	3	150	2	148	6.10e-45	144
WP_055982215.1	iAF987.Gmet_1759	46.7	150	79	1	2	151	4	152	1.96e-44	143
WP_055982215.1	iYS854.USA300HOU_RS05615	46.6	148	78	1	3	150	5	151	1.67e-42	138
WP_055982215.1	iYO844.BSU15020	43.7	151	84	1	2	152	3	152	3.97e-41	134
WP_055982215.1	iIT341.HP1475	44.3	149	82	1	2	150	3	150	5.00e-41	134
WP_055982215.1	iSDY_1059.SDY_4064	46.3	149	79	1	2	150	3	150	5.31e-41	134
WP_055982215.1	iHN637.CLJU_RS06240	44.4	151	83	1	1	151	1	150	2.48e-40	132
WP_055982215.1	iML1515.b3634	45.6	149	80	1	2	150	3	150	6.09e-40	131
WP_055982215.1	iSbBS512_1146.SbBS512_E4059	45.6	149	80	1	2	150	3	150	6.09e-40	131
WP_055982215.1	iSF_1195.SF3673	45.6	149	80	1	2	150	3	150	6.09e-40	131
WP_055982215.1	iSSON_1240.SSON_3773	45.6	149	80	1	2	150	3	150	6.09e-40	131
WP_055982215.1	STM_v1_0.STM3725	44.3	149	82	1	2	150	3	150	1.73e-39	130
WP_055982215.1	iLJ478.TM0741	44.9	147	80	1	4	150	3	148	1.84e-39	130
WP_055982218.1	iYS854.USA300HOU_RS06130	24.0	204	145	6	45	246	380	575	2.58e-05	45.8
WP_055982221.1	iCN900.CD630_25960	41.7	309	159	5	43	350	13	301	2.13e-71	224
WP_055982221.1	iYS854.USA300HOU_RS06015	44.6	314	150	8	36	348	7	297	3.19e-71	224
WP_055982221.1	iNF517.LLMG_RS07670	40.5	321	160	7	37	352	4	298	1.39e-65	209
WP_055982245.1	iML1515.b0376	22.2	334	240	8	41	368	50	369	2.52e-12	68.2
WP_055982245.1	iML1515.b2430	23.4	393	223	18	40	379	56	423	1.62e-10	62.8
WP_055982248.1	iYS854.USA300HOU_RS13070	40.6	64	35	1	1	61	1	64	1.04e-05	43.5
WP_055982248.1	iYL1228.KPN_00768	33.9	62	38	1	3	61	5	66	2.83e-05	42.4
WP_055982248.1	iAF987.Gmet_1653	35.9	64	38	1	1	61	1	64	1.75e-04	40.0
WP_055982248.1	iMM904.YKL152C	34.3	67	41	1	1	64	1	67	3.22e-04	39.3
WP_055982254.1	iAM_Pb448.PBANKA_080930	37.7	175	99	1	3	177	60	224	1.06e-34	122
WP_055982254.1	iAM_Pf480.PF3D7_0907900	34.1	173	104	2	3	175	65	227	4.45e-31	112
WP_055982254.1	iAM_Pv461.PVX_098840	38.8	170	94	2	3	172	10	169	2.26e-31	112
WP_055982254.1	iAM_Pc455.PCYB_071570	37.6	173	98	2	3	175	65	227	2.45e-30	110
WP_055982260.1	iLJ478.TM0913	43.3	247	131	3	11	252	8	250	1.09e-60	191
WP_055982260.1	iAF987.Gmet_2399	40.7	253	142	3	10	254	7	259	4.01e-60	190
WP_055982260.1	iHN637.CLJU_RS20535	44.4	250	130	4	14	254	232	481	5.81e-56	186
WP_055982260.1	iCN900.CD630_34970	42.8	236	127	4	25	253	247	481	1.33e-53	179
WP_055982260.1	iCN718.ABAYE_RS15855	41.7	252	140	3	11	255	1	252	5.83e-55	177
WP_055982299.1	iAF987.Gmet_3342	35.1	461	279	7	5	452	18	471	1.15e-81	260
WP_055982302.1	iAF987.Gmet_3343	37.2	487	283	8	11	489	13	484	2.93e-100	310
WP_055982302.1	iIT341.HP1272	35.8	494	291	8	4	489	8	483	1.04e-91	288
WP_055982305.1	iAF987.Gmet_3344	46.1	679	307	17	1	634	1	665	1.28e-172	506
WP_055982308.1	iAF987.Gmet_3345	53.1	98	46	0	11	108	2	99	4.32e-29	100
WP_055982310.1	iAF987.Gmet_3346	36.0	172	98	3	1	165	1	167	3.83e-27	99.8
WP_055982312.1	iEK1008.Rv3153	47.8	113	58	1	51	163	54	165	7.45e-14	66.6
WP_055982312.1	iAF987.Gmet_0163	45.3	75	36	1	25	99	9	78	3.04e-13	64.3
WP_055982312.1	iAT_PLT_636.4728	41.7	72	37	1	26	97	64	130	7.10e-12	61.2
WP_055982314.1	iAF987.Gmet_0161	48.4	337	147	4	14	350	18	327	2.85e-102	304
WP_055982314.1	iAF987.Gmet_3348	45.2	354	150	4	11	349	20	344	2.95e-98	294
WP_055982316.1	iAT_PLT_636.4719	35.2	298	180	5	12	309	50	334	1.36e-57	197
WP_055982316.1	iMM1415.227197	35.2	298	180	5	12	309	36	320	4.27e-57	196
WP_055982316.1	iCHOv1.100754223	34.9	298	181	5	12	309	36	320	8.19e-57	195
WP_055982319.1	iCN718.ABAYE_RS15235	47.5	427	206	7	13	435	27	439	7.69e-130	382
WP_055982319.1	iEK1008.Rv3150	48.6	416	190	7	18	426	27	425	7.52e-128	377
WP_055982319.1	iAT_PLT_636.4723	47.9	401	195	5	24	422	59	447	2.78e-127	376
WP_055982319.1	iMM1415.17995	48.0	402	195	5	23	422	58	447	3.93e-127	376
WP_055982319.1	iCHOv1.100757245	46.9	418	207	6	24	438	59	464	2.23e-126	374
WP_055982319.1	iLJ478.TM0228	46.1	423	213	5	4	425	111	519	8.81e-124	370
WP_055982319.1	iLJ478.TM0010	44.1	431	227	4	19	448	132	549	5.43e-120	362
WP_055982319.1	STM_v1_0.STM2324	46.3	417	204	9	17	428	25	426	6.69e-118	352
WP_055982319.1	iSbBS512_1146.SbBS512_E2660	46.3	417	204	9	17	428	25	426	6.69e-118	352
WP_055982319.1	iSF_1195.SF2360	46.3	417	204	9	17	428	25	426	6.69e-118	352
WP_055982319.1	iSSON_1240.SSON_2341	46.3	417	204	9	17	428	25	426	6.69e-118	352
WP_055982319.1	iYL1228.KPN_02674	47.0	415	200	9	17	426	25	424	9.46e-118	351
WP_055982319.1	iML1515.b2284	46.3	417	204	9	17	428	25	426	1.34e-117	351
WP_055982319.1	iSDY_1059.SDY_2480	46.3	417	204	9	17	428	25	426	1.34e-117	351
WP_055982319.1	iAF987.Gmet_3350	43.1	408	218	4	19	425	128	522	2.13e-115	350
WP_055982319.1	iPC815.YPO2551	46.0	411	204	7	17	422	32	429	1.25e-116	349
WP_055982319.1	iAF987.Gmet_0157	46.6	412	200	8	18	425	17	412	1.03e-116	348
WP_055982322.1	iAT_PLT_636.4729	50.6	160	78	1	7	166	55	213	1.05e-54	172
WP_055982322.1	iMM1415.72900	51.3	160	77	1	7	166	54	212	1.02e-54	172
WP_055982322.1	iCHOv1.100757242	50.0	160	79	1	7	166	73	231	1.41e-53	170
WP_055982322.1	iLB1027_lipid.PHATRDRAFT_22919	46.8	158	84	0	7	164	46	203	3.85e-49	159
WP_055982325.1	iAF987.Gmet_3352	45.2	385	211	0	22	406	5	389	2.31e-122	359
WP_055982328.1	iAF692.Mbar_A3410	38.9	144	83	4	6	147	6	146	1.31e-28	103
WP_055982328.1	iAF987.Gmet_3353	37.6	149	91	2	2	150	4	150	2.06e-28	102
WP_055982331.1	iEK1008.Rv3146	53.3	137	64	0	22	158	10	146	2.98e-57	177
WP_055982331.1	iCN718.ABAYE_RS15250	57.1	140	56	1	24	159	36	175	2.23e-53	169
WP_055982331.1	iAF987.Gmet_3354	54.3	140	63	1	20	159	8	146	8.35e-54	168
WP_055982331.1	iAF987.Gmet_0153	50.7	148	68	1	26	173	13	155	6.39e-48	166
WP_055982331.1	iML1515.b2287	51.5	136	66	0	24	159	38	173	2.85e-50	161
WP_055982331.1	iSbBS512_1146.SbBS512_E2663	51.5	136	66	0	24	159	38	173	2.85e-50	161
WP_055982331.1	iSDY_1059.SDY_2483	51.5	136	66	0	24	159	38	173	2.85e-50	161
WP_055982331.1	iSF_1195.SF2363	51.5	136	66	0	24	159	38	173	2.85e-50	161
WP_055982331.1	iSSON_1240.SSON_2344	51.5	136	66	0	24	159	38	173	2.85e-50	161
WP_055982331.1	STM_v1_0.STM2327	51.5	136	66	0	24	159	38	173	5.71e-50	160
WP_055982332.1	iAF987.Gmet_3355	43.6	117	64	1	6	122	4	118	9.10e-31	105
WP_055982332.1	iEK1008.Rv3145	43.3	127	59	3	7	122	4	128	3.67e-27	97.1
WP_055982348.1	iCN900.CD630_17000	41.4	331	177	9	2	319	9	335	3.98e-66	212
WP_055982348.1	iNF517.LLMG_RS07710	42.4	297	151	7	3	284	4	295	1.87e-61	200
WP_055982348.1	iLJ478.TM1828	40.8	294	166	7	4	293	3	292	8.61e-59	192
WP_055982353.1	iHN637.CLJU_RS14365	39.0	254	124	10	8	241	6	248	1.58e-46	155
WP_055982362.1	iAF987.Gmet_3253	45.3	128	70	0	2	129	4	131	2.14e-32	110
WP_055982375.1	iEK1008.Rv2284	22.7	181	126	4	72	243	186	361	2.57e-05	45.1
WP_055982375.1	iEK1008.Rv2485c	20.8	221	161	5	64	275	166	381	4.40e-04	41.2
WP_055982394.1	iML1515.b2843	54.5	275	122	2	7	278	4	278	2.07e-105	307
WP_055982394.1	iYO844.BSU22130	51.1	274	134	0	5	278	2	275	1.27e-93	277
WP_055982396.1	iML1515.b4266	45.5	253	137	1	2	254	3	254	2.00e-75	229
WP_055982396.1	iSSON_1240.SSON_4451	45.5	253	137	1	2	254	3	254	2.84e-75	229
WP_055982396.1	iPC815.YPO2539	44.3	253	140	1	2	254	3	254	6.52e-74	225
WP_055982396.1	STM_v1_0.STM4483	43.1	253	143	1	2	254	3	254	1.21e-71	219
WP_055982399.1	iML1515.b3092	52.9	465	217	2	1	463	1	465	1.39e-183	520
WP_055982399.1	iSF_1195.SF3132	52.9	465	217	2	1	463	1	465	1.39e-183	520
WP_055982399.1	iSSON_1240.SSON_3245	52.9	465	217	2	1	463	1	465	1.39e-183	520
WP_055982399.1	iSbBS512_1146.SbBS512_E3528	52.7	465	218	2	1	463	1	465	5.63e-183	519
WP_055982399.1	iYL1228.KPN_03520	52.9	461	215	2	5	463	1	461	2.63e-180	512
WP_055982399.1	STM_v1_0.STM3137	51.4	467	223	4	1	463	1	467	1.07e-175	500
WP_055982399.1	iYO844.BSU12300	50.6	466	229	1	1	465	1	466	7.81e-174	496
WP_055982399.1	iPC815.YPO0579	50.5	465	228	2	1	463	1	465	3.64e-171	489
WP_055982401.1	iLJ478.TM0067	32.6	341	218	5	4	335	2	339	2.98e-65	209
WP_055982403.1	iLJ478.TM0066	39.9	158	90	2	34	191	30	182	2.62e-33	118
WP_055982403.1	iYO844.BSU22100	36.8	190	109	4	5	192	4	184	9.00e-32	114
WP_055982405.1	STM_v1_0.STM3134	26.2	432	264	8	7	428	1	387	5.88e-45	163
WP_055982405.1	iSbBS512_1146.SbBS512_E3529	26.5	423	262	8	13	430	8	386	1.80e-40	150
WP_055982405.1	iML1515.b3093	26.5	423	262	9	13	430	8	386	6.53e-40	149
WP_055982405.1	iYL1228.KPN_03521	27.2	423	259	10	13	430	8	386	6.65e-40	149
WP_055982405.1	iSF_1195.SF3133	26.5	423	262	9	13	430	8	386	6.53e-40	149
WP_055982407.1	iSF_1195.SF1572	42.5	464	261	2	21	478	15	478	1.34e-125	374
WP_055982407.1	iML1515.b1521	42.5	464	261	2	21	478	15	478	1.89e-125	374
WP_055982407.1	iSSON_1240.SSON_1607	42.5	464	260	4	21	478	15	477	4.68e-123	367
WP_055982407.1	iYO844.BSU12380	40.0	478	278	3	7	482	2	472	4.47e-120	360
WP_055982407.1	iYL1228.KPN_01640	41.0	466	269	3	21	480	15	480	1.58e-115	348
WP_055982409.1	iSSON_1240.SSON_3244	33.5	540	305	9	6	539	4	495	1.22e-86	276
WP_055982409.1	iYO844.BSU12390	34.6	547	297	13	3	539	2	497	1.81e-86	275
WP_055982409.1	iYL1228.KPN_03519	34.1	542	299	11	6	539	4	495	1.86e-85	273
WP_055982409.1	iSbBS512_1146.SbBS512_E3527	33.1	540	307	9	6	539	4	495	1.86e-85	273
WP_055982409.1	iML1515.b3091	33.3	540	306	9	6	539	4	495	3.67e-85	272
WP_055982409.1	iSDY_1059.SDY_3276	33.0	540	308	9	6	539	4	495	3.97e-84	269
WP_055982409.1	iSF_1195.SF3131	33.1	537	311	8	6	539	4	495	5.58e-84	269
WP_055982409.1	iPC815.YPO0581	32.5	541	315	10	3	539	2	496	2.60e-81	262
WP_055982419.1	iYL1228.KPN_01091	32.9	255	148	5	10	258	3	240	3.78e-35	125
WP_055982419.1	STM_v1_0.STM1195	32.2	255	150	5	10	258	3	240	5.74e-34	122
WP_055982419.1	iAF987.Gmet_1694	34.6	260	142	7	9	258	2	243	2.29e-33	121
WP_055982419.1	iML1515.b1093	31.8	255	151	5	10	258	3	240	6.18e-33	120
WP_055982419.1	iSbBS512_1146.SbBS512_E2231	31.8	255	151	5	10	258	3	240	6.18e-33	120
WP_055982419.1	iSDY_1059.SDY_2057	31.8	255	151	5	10	258	3	240	6.18e-33	120
WP_055982419.1	iSF_1195.SF1097	31.8	255	151	5	10	258	3	240	6.18e-33	120
WP_055982419.1	iSSON_1240.SSON_1113	31.8	255	151	5	10	258	3	240	6.18e-33	120
WP_055982419.1	iLJ478.TM1724	33.1	260	148	7	10	260	3	245	1.28e-32	119
WP_055982419.1	iNF517.LLMG_RS08950	32.9	258	146	6	9	258	2	240	4.61e-32	117
WP_055982419.1	iPC815.YPO1599	30.2	255	155	5	10	258	3	240	6.62e-32	117
WP_055982419.1	iCN900.CD630_11820	29.9	261	156	4	10	260	4	247	1.05e-31	117
WP_055982419.1	iLJ478.TM1169	34.1	246	140	5	13	258	8	231	1.10e-31	116
WP_055982419.1	iHN637.CLJU_RS17225	29.3	259	156	5	10	258	6	247	1.14e-30	114
WP_055982419.1	iHN637.CLJU_RS20765	29.8	258	154	5	13	260	7	247	1.52e-30	114
WP_055982434.1	iYS854.USA300HOU_RS11545	42.8	236	121	2	4	232	7	235	8.56e-56	177
WP_055982434.1	iYO844.BSU19630	40.2	229	136	1	1	229	1	228	5.15e-51	165
WP_055982434.1	STM_v1_0.STM4570	39.1	230	140	0	4	233	5	234	2.45e-50	164
WP_055982434.1	iML1515.b4384	39.1	230	140	0	4	233	5	234	4.88e-50	163
WP_055982434.1	iSbBS512_1146.SbBS512_E4931	39.1	230	140	0	4	233	5	234	4.88e-50	163
WP_055982434.1	iSSON_1240.SSON_4535	39.1	230	140	0	4	233	5	234	4.88e-50	163
WP_055982434.1	iSDY_1059.SDY_4644	39.1	230	140	0	4	233	5	234	6.90e-50	162
WP_055982434.1	iSF_1195.SF4416	39.1	230	140	0	4	233	5	234	6.90e-50	162
WP_055982434.1	iPC815.YPO0440	39.1	230	140	0	4	233	5	234	1.95e-49	161
WP_055982460.1	iSynCJ816.SGL_RS12955	24.6	130	81	4	5	125	3	124	3.64e-04	38.1
WP_055982469.1	iYO844.BSU01580	42.0	474	261	4	17	490	16	475	2.14e-118	356
WP_055982493.1	iCHOv1.100764429	29.1	179	106	7	2	168	23	192	1.64e-07	50.4
WP_055982495.1	iAF987.Gmet_3012	50.0	94	47	0	228	321	41	134	7.52e-24	96.7
WP_055982495.1	iAF987.Gmet_1350	47.4	95	50	0	234	328	107	201	1.74e-21	91.3
WP_055982495.1	iML1515.b1856	45.7	94	51	0	237	330	314	407	3.92e-19	87.4
WP_055982497.1	iYS854.USA300HOU_RS07540	29.5	325	220	4	21	340	4	324	9.47e-50	169
WP_055982497.1	iCN900.CD630_26300	31.9	320	214	3	17	335	4	320	3.96e-47	162
WP_055982497.1	iYO844.BSU22830	30.3	323	220	5	21	340	4	324	5.82e-47	162
WP_055982497.1	iHN637.CLJU_RS06125	29.8	325	224	3	20	343	4	325	1.17e-46	160
WP_055982499.1	iCN718.ABAYE_RS14305	48.5	491	251	2	10	500	38	526	3.41e-164	475
WP_055982499.1	iML1515.b2210	49.8	488	244	1	14	500	33	520	3.64e-164	475
WP_055982499.1	iSDY_1059.SDY_0866	49.8	488	244	1	14	500	33	520	5.15e-164	475
WP_055982499.1	iSbBS512_1146.SbBS512_E0730	49.6	488	245	1	14	500	33	520	2.07e-163	473
WP_055982499.1	iSSON_1240.SSON_2268	49.6	488	245	1	14	500	33	520	2.94e-163	473
WP_055982499.1	iYS854.USA300HOU_RS12800	50.3	481	237	2	8	488	3	481	9.13e-164	472
WP_055982499.1	iJN1463.PP_0751	50.6	476	232	2	14	488	8	481	2.07e-162	469
WP_055982499.1	iJN1463.PP_1251	49.2	488	247	1	12	498	10	497	1.92e-161	468
WP_055982499.1	iJN1463.PP_2925	49.3	489	246	2	12	499	30	517	1.31e-159	463
WP_055982499.1	iYS854.USA300HOU_RS14130	49.3	489	245	3	14	500	8	495	2.02e-156	454
WP_055982499.1	iYL1228.KPN_02629	48.9	489	247	3	14	500	29	516	4.20e-154	449
WP_055982504.1	iYO844.BSU26600	28.9	128	85	4	15	141	17	139	1.60e-07	47.8
WP_055982506.1	iYO844.BSU03930	42.0	264	144	2	5	268	5	259	6.09e-68	211
WP_055982513.1	iCHOv1.100759374	34.2	322	176	11	18	314	6	316	1.44e-36	137
WP_055982513.1	iAT_PLT_636.4907	32.3	303	162	8	39	314	28	314	1.11e-35	135
WP_055982513.1	iMM1415.23959	34.2	301	165	9	36	314	27	316	1.95e-34	131
WP_055982513.1	iYO844.BSU07840	31.8	289	139	11	40	295	669	932	2.33e-33	129
WP_055982515.1	iCN900.CD630_25370	25.7	218	137	3	52	254	303	510	1.33e-16	78.6
WP_055982515.1	iLJ478.TM1878	29.7	158	97	3	83	236	342	489	1.64e-16	78.2
WP_055982517.1	iLJ478.TM1521	40.9	279	160	3	3	277	1	278	1.16e-70	219
WP_055982517.1	iYO844.BSU16770	41.9	272	157	1	7	277	6	277	4.68e-69	215
WP_055982517.1	iCN718.ABAYE_RS00850	42.2	275	157	2	4	277	8	281	2.34e-65	206
WP_055982517.1	iCN900.CD630_32230	38.5	288	175	2	3	289	2	288	1.32e-63	201
WP_055982517.1	iJN1463.PP_1237	39.4	289	170	3	3	287	1	288	2.80e-63	201
WP_055982517.1	iHN637.CLJU_RS17040	36.6	290	181	3	1	289	1	288	1.49e-62	199
WP_055982528.1	iJN1463.PP_4235	37.1	35	22	0	25	59	461	495	4.35e-04	39.7
WP_055982528.1	iMM904.YCR083W	76.5	17	4	0	38	54	45	61	3.49e-04	38.5
WP_055982530.1	iYS854.USA300HOU_RS03930	29.9	511	305	14	15	503	22	501	2.69e-59	203
WP_055982530.1	iSbBS512_1146.SbBS512_E3826	27.2	489	331	8	16	498	13	482	8.05e-58	199
WP_055982530.1	iSSON_1240.SSON_3731	27.2	489	331	8	16	498	13	482	1.12e-57	198
WP_055982530.1	iML1515.b3496	27.0	489	332	8	16	498	13	482	2.18e-57	197
WP_055982530.1	iML1515.b0709	29.3	481	295	14	16	477	8	462	2.42e-56	195
WP_055982530.1	iSF_1195.SF0588	29.3	481	295	14	16	477	8	462	2.42e-56	195
WP_055982530.1	iSSON_1240.SSON_0660	29.3	481	295	14	16	477	8	462	2.42e-56	195
WP_055982530.1	iSbBS512_1146.SbBS512_E0626	28.9	481	297	14	16	477	8	462	4.76e-55	191
WP_055982532.1	iYS854.USA300HOU_RS03930	32.6	488	278	11	22	500	22	467	4.98e-67	226
WP_055982534.1	iYS854.USA300HOU_RS03930	28.1	549	317	12	5	547	22	498	7.99e-57	197
WP_055982543.1	iAF987.Gmet_3159	31.6	604	337	14	20	550	111	711	1.26e-77	261
WP_055982543.1	iAF692.Mbar_A2997	32.1	564	335	10	18	550	11	557	2.82e-72	240
WP_055982543.1	iAF692.Mbar_A3640	31.9	558	344	13	18	550	11	557	2.10e-71	238
WP_055982550.1	iYO844.BSU09840	19.3	212	162	5	140	346	165	372	2.31e-04	43.1
WP_055982552.1	iYS854.USA300HOU_RS13340	37.8	476	240	6	46	475	36	501	4.06e-90	285
WP_055982558.1	iAF987.Gmet_0977	35.0	163	101	3	3	165	15	172	5.16e-22	87.0
WP_055982558.1	iYO844.BSU03150	35.5	172	101	3	3	171	14	178	2.37e-21	85.5
WP_055982558.1	iLJ478.TM0348	41.1	146	77	5	1	146	1	137	1.08e-19	84.7
WP_055982560.1	iSF_1195.SF0130	40.2	291	147	6	1	278	1	277	6.07e-57	184
WP_055982560.1	iML1515.b0133	39.9	291	148	6	1	278	1	277	3.41e-56	182
WP_055982560.1	iSbBS512_1146.SbBS512_E0126	39.5	291	149	6	1	278	1	277	1.91e-55	180
WP_055982560.1	iSSON_1240.SSON_0141	39.5	291	149	6	1	278	1	277	1.91e-55	180
WP_055982560.1	STM_v1_0.STM0181	39.9	283	159	6	1	278	1	277	2.77e-55	179
WP_055982560.1	iCN718.ABAYE_RS15830	39.1	261	153	4	22	281	22	277	3.70e-55	179
WP_055982560.1	iSDY_1059.SDY_0155	39.5	291	149	6	1	278	1	277	7.58e-55	178
WP_055982560.1	iLJ478.TM1077	38.9	283	161	5	1	278	1	276	1.39e-54	177
WP_055982560.1	iYL1228.KPN_00140	40.1	292	146	7	1	278	1	277	6.16e-54	176
WP_055982560.1	iPC815.YPO3402	37.7	289	165	6	1	282	1	281	3.34e-50	166
WP_055982560.1	iAF987.Gmet_1643	37.5	280	169	5	1	278	1	276	4.59e-50	166
WP_055982562.1	iLJ478.TM0895	28.6	175	117	3	5	177	2	170	3.59e-23	97.4
WP_055982562.1	iAF987.Gmet_0707	30.6	180	117	4	1	177	1	175	8.41e-22	93.6
WP_055982562.1	iCN900.CD630_08840	32.0	178	105	4	5	177	2	168	1.26e-20	90.1
WP_055982567.1	iAF987.Gmet_1487	51.1	617	294	5	1	617	1	609	1.41e-212	605
WP_055982567.1	iAF987.Gmet_0104	50.7	617	296	5	1	617	1	609	6.50e-211	601
WP_055982568.1	iJN1463.PP_4215	28.9	187	109	7	275	460	138	301	6.68e-13	68.9
WP_055982587.1	iJN1463.PP_1386	26.2	355	245	7	2	342	7	358	1.09e-27	111
WP_055982587.1	STM_v1_0.STM3390	26.0	366	245	7	9	348	14	379	1.18e-24	103
WP_055982587.1	iYL1228.KPN_03672	24.9	365	250	7	5	346	9	372	2.07e-24	102
WP_055982587.1	iML1515.b3265	24.0	366	252	7	9	348	14	379	7.77e-24	100
WP_055982587.1	iSbBS512_1146.SbBS512_E3648	24.0	366	252	7	9	348	14	379	7.77e-24	100
WP_055982590.1	iJN1463.PP_3426	38.4	1053	630	7	3	1043	5	1050	2.42e-236	699
WP_055982590.1	iJN1463.PP_1385	36.7	1064	648	14	1	1056	1	1047	6.42e-210	630
WP_055982590.1	STM_v1_0.STM3391	36.8	1037	629	10	5	1029	5	1027	6.19e-210	630
WP_055982615.1	iML1515.b2472	26.3	190	103	6	113	299	59	214	4.08e-10	61.2
WP_055982615.1	iSbBS512_1146.SbBS512_E2843	26.3	190	103	6	113	299	59	214	4.08e-10	61.2
WP_055982615.1	iSDY_1059.SDY_2656	26.3	190	103	6	113	299	59	214	4.08e-10	61.2
WP_055982615.1	iSF_1195.SF2514	26.3	190	103	6	113	299	59	214	4.08e-10	61.2
WP_055982615.1	iSSON_1240.SSON_2552	26.3	190	103	6	113	299	59	214	4.08e-10	61.2
WP_055982615.1	iMM1415.109652	28.5	214	112	8	107	314	67	245	4.42e-09	58.2
WP_055982615.1	iCN718.ABAYE_RS03915	19.7	416	252	11	93	507	40	374	7.06e-09	57.4
WP_055982615.1	iYL1228.KPN_02805	25.0	216	122	7	113	322	59	240	1.24e-08	56.6
WP_055982615.1	STM_v1_0.STM2483	27.0	189	103	7	113	299	59	214	2.18e-08	55.8
WP_055982629.1	iSynCJ816.SGL_RS14375	31.0	410	244	9	1	396	1	385	1.96e-49	176
WP_055982629.1	iCN718.ABAYE_RS05060	33.8	343	184	7	1	316	4	330	5.80e-48	172
WP_055982629.1	iJN1463.PP_2102	39.2	273	141	7	1	268	1	253	1.05e-47	171
WP_055982629.1	iSbBS512_1146.SbBS512_E0152	28.4	566	259	15	24	540	32	500	4.70e-47	171
WP_055982629.1	iML1515.b0160	31.4	424	211	11	24	398	32	424	8.96e-47	170
WP_055982629.1	iSF_1195.SF0152	31.4	424	211	11	24	398	32	424	3.98e-47	170
WP_055982629.1	STM_v1_0.STM0208	28.1	566	261	17	24	540	32	500	2.91e-44	163
WP_055982629.1	iYL1228.KPN_00175	30.1	448	230	14	1	398	10	424	2.68e-43	160
WP_055982642.1	iPC815.YPO2161	38.3	350	185	7	2	337	3	335	1.85e-70	222
WP_055982642.1	iSDY_1059.SDY_1506	38.5	340	198	5	2	337	3	335	2.92e-69	219
WP_055982642.1	iML1515.b1767	38.2	340	199	5	2	337	3	335	1.64e-68	217
WP_055982642.1	iSSON_1240.SSON_1388	38.2	340	199	5	2	337	3	335	1.64e-68	217
WP_055982642.1	STM_v1_0.STM1294	38.0	345	193	6	2	337	3	335	3.26e-68	216
WP_055982642.1	iSbBS512_1146.SbBS512_E2022	37.9	340	200	5	2	337	3	335	4.60e-68	216
WP_055982642.1	iSF_1195.SF1456	37.9	340	200	5	2	337	3	335	2.57e-67	214
WP_055982642.1	iYL1228.KPN_01203	37.9	340	200	5	2	337	3	335	1.05e-66	213
WP_055982673.1	iCN900.CD630_34590	50.3	306	152	0	8	313	3	308	1.83e-104	307
WP_055982673.1	iCN900.CD630_23210	50.8	303	148	1	11	313	5	306	5.85e-104	306
WP_055982673.1	iAF987.Gmet_0552	49.5	303	153	0	11	313	7	309	1.42e-101	300
WP_055982673.1	iHN637.CLJU_RS01500	47.6	309	161	1	6	313	2	310	1.81e-99	295
WP_055982675.1	iHN637.CLJU_RS01495	48.0	275	138	4	1	275	1	270	4.97e-79	240
WP_055982675.1	iCN900.CD630_34600	46.3	268	139	4	8	275	7	269	6.14e-75	229
WP_055982675.1	iCN900.CD630_23220	46.3	268	139	4	8	275	4	266	6.82e-73	224
WP_055982675.1	iAF987.Gmet_0551	43.8	274	149	4	2	275	3	271	3.10e-70	218
WP_055982679.1	iCN900.CD630_06820	23.5	455	306	8	14	465	13	428	1.26e-20	94.7
WP_055982689.1	iYO844.BSU03070	28.4	415	276	11	19	421	18	423	3.15e-40	150
WP_055982692.1	STM_v1_0.STM0680	64.8	557	192	3	1	556	1	554	6.36e-270	746
WP_055982692.1	iML1515.b0674	64.2	556	195	3	1	555	1	553	1.48e-268	743
WP_055982692.1	iSSON_1240.SSON_0627	64.0	556	196	3	1	555	1	553	6.02e-268	741
WP_055982692.1	iYL1228.KPN_00695	64.2	556	195	3	1	555	1	553	8.54e-268	741
WP_055982692.1	iSDY_1059.SDY_0608	64.0	556	196	3	1	555	1	553	1.21e-267	741
WP_055982692.1	iSbBS512_1146.SbBS512_E0577	63.8	556	197	3	1	555	1	553	1.72e-267	740
WP_055982692.1	iPC815.YPO2623	64.0	556	196	3	1	555	1	553	2.68e-264	732
WP_055982698.1	iJN1463.PP_0686	56.6	113	48	1	1	113	1	112	1.17e-37	122
WP_055982698.1	iCN900.CD630_36220	56.0	116	47	2	1	114	1	114	6.91e-37	120
WP_055982700.1	iCN900.CD630_35300	33.7	315	189	5	3	308	4	307	2.95e-52	174
WP_055982700.1	iCN900.CD630_35270	32.4	315	193	5	3	308	4	307	5.37e-49	166
WP_055982700.1	iCN900.CD630_34170	30.0	317	193	5	3	302	4	308	1.71e-45	157
WP_055982704.1	iJN1463.PP_2469	46.2	318	162	5	23	334	24	338	8.64e-91	274
WP_055982704.1	iAF987.Gmet_1415	45.2	323	168	4	17	333	19	338	1.22e-90	274
WP_055982704.1	iHN637.CLJU_RS16970	40.7	332	187	5	10	333	8	337	4.34e-88	267
WP_055982704.1	iYL1228.KPN_02176	45.3	318	154	5	23	334	24	327	5.10e-87	264
WP_055982704.1	iSbBS512_1146.SbBS512_E1956	45.6	318	153	5	23	334	24	327	5.10e-87	264
WP_055982704.1	iSF_1195.SF1517	45.6	318	153	5	23	334	24	327	1.02e-86	263
WP_055982704.1	STM_v1_0.STM1337	45.6	318	153	5	23	334	24	327	2.05e-86	263
WP_055982704.1	iSDY_1059.SDY_1809	45.3	318	154	5	23	334	24	327	4.09e-86	262
WP_055982704.1	iLJ478.TM0821	43.5	338	170	7	2	333	3	325	3.09e-85	259
WP_055982704.1	iSSON_1240.SSON_1444	45.3	318	154	5	23	334	24	327	4.65e-85	259
WP_055982704.1	iPC815.YPO2429	45.5	314	151	5	27	334	28	327	6.58e-85	259
WP_055982704.1	iCN718.ABAYE_RS15760	43.2	317	160	5	23	333	23	325	9.02e-85	258
WP_055982704.1	iSynCJ816.SGL_RS14135	42.6	317	162	5	23	333	29	331	1.49e-84	258
WP_055982704.1	iYS854.USA300HOU_RS05690	40.1	344	194	5	1	336	7	346	6.42e-83	254
WP_055982704.1	iCN900.CD630_06990	41.2	323	182	4	17	333	19	339	4.41e-80	247
WP_055982708.1	iAF987.Gmet_1919	31.2	109	73	1	9	117	4	110	1.27e-09	56.6
WP_055982712.1	iYO844.BSU32110	41.9	315	175	4	5	318	9	316	1.05e-77	241
WP_055982714.1	iMM904.YPL252C	35.0	80	47	2	28	105	83	159	2.24e-10	54.3
WP_055982720.1	iAM_Pb448.PBANKA_071570	28.3	145	95	5	40	179	191	331	1.81e-08	52.8
WP_055982720.1	iAM_Pv461.PVX_089645	27.6	145	96	5	40	179	217	357	6.24e-08	51.2
WP_055982720.1	iAM_Pc455.PCYB_052680	26.2	145	98	5	40	179	192	332	6.71e-07	48.1
WP_055982721.1	iPC815.YPO3230	43.5	481	269	2	2	479	3	483	8.16e-140	410
WP_055982721.1	iSSON_1240.SSON_0279	43.3	483	271	2	2	481	3	485	8.53e-134	395
WP_055982721.1	STM_v1_0.STM0316	43.7	483	269	2	2	481	3	485	3.42e-133	393
WP_055982721.1	iML1515.b0237	43.1	483	272	2	2	481	3	485	6.85e-133	392
WP_055982721.1	iSbBS512_1146.SbBS512_E0234	43.1	483	272	2	2	481	3	485	6.85e-133	392
WP_055982721.1	iSDY_1059.SDY_0480	42.9	483	273	2	2	481	3	485	1.94e-132	391
WP_055982721.1	iSF_1195.SF0285	42.9	483	273	2	2	481	3	485	2.74e-132	391
WP_055982728.1	iEK1008.Rv0536	31.5	352	225	4	1	348	1	340	1.19e-48	167
WP_055982728.1	iAF692.Mbar_A1144	31.9	345	184	8	1	345	1	294	7.20e-43	150
WP_055982730.1	iML1515.b3629	27.7	83	60	0	246	328	222	304	8.27e-04	40.4
WP_055982734.1	iAF987.Gmet_2529	24.0	458	330	11	8	454	13	463	3.67e-29	121
WP_055982735.1	iAF987.Gmet_2530	25.4	465	282	6	24	429	29	487	1.46e-41	153
WP_055982737.1	iYS854.USA300HOU_RS06450	26.1	176	113	4	6	164	1	176	6.65e-11	59.3
WP_055982745.1	iEK1008.Rv0220	27.8	234	140	8	68	298	143	350	5.74e-17	80.9
WP_055982756.1	iCN718.ABAYE_RS00895	52.5	417	193	4	1	414	5	419	9.82e-155	444
WP_055982756.1	iAT_PLT_636.2184	50.1	415	203	4	3	414	2	415	1.15e-144	417
WP_055982756.1	iMM1415.14085	50.1	415	203	4	3	414	2	415	2.46e-141	409
WP_055982759.1	iAT_PLT_636.3242	45.4	383	194	7	5	376	3	381	2.39e-109	325
WP_055982759.1	iCHOv1.100768220	46.3	361	184	5	25	376	22	381	6.21e-107	319
WP_055982759.1	iMM1415.15445	46.0	361	185	5	25	376	22	381	1.24e-106	318
WP_055982761.1	iAF987.Gmet_2142	49.3	414	203	5	6	415	15	425	3.48e-124	372
WP_055982761.1	iCN900.CD630_23390	43.5	423	231	4	6	423	13	432	1.00e-112	337
WP_055982763.1	iLB1027_lipid.PHATRDRAFT_49112	21.5	317	199	10	108	381	158	467	3.09e-08	55.1
WP_055982763.1	iMM1415.15233	23.0	269	188	9	96	352	128	389	6.72e-08	53.9
WP_055982763.1	iCHOv1.100762426	22.7	277	179	10	96	352	128	389	8.91e-08	53.5
WP_055982763.1	iJN1463.PP_4621	24.7	154	107	4	105	256	135	281	8.39e-07	50.4
WP_055982765.1	iML1515.b2155	25.0	436	298	10	48	468	31	452	3.69e-24	107
WP_055982765.1	iSSON_1240.SSON_2211	25.0	436	298	10	48	468	31	452	3.69e-24	107
WP_055982765.1	iJN1463.PP_2242	22.3	623	379	21	104	637	106	712	9.62e-23	103
WP_055982765.1	iYL1228.KPN_02593	24.2	587	380	20	46	589	10	574	3.11e-22	101
WP_055982765.1	STM_v1_0.STM2199	23.1	567	366	18	48	583	31	558	1.01e-21	99.8
WP_055982780.1	iPC815.YPO0670	43.5	191	105	3	1	191	1	188	3.52e-50	160
WP_055982780.1	iML1515.b3028	41.5	195	111	3	1	195	1	192	1.10e-48	157
WP_055982780.1	iSbBS512_1146.SbBS512_E3461	41.5	195	111	3	1	195	1	192	1.10e-48	157
WP_055982780.1	iSDY_1059.SDY_3212	41.5	195	111	3	1	195	1	192	1.10e-48	157
WP_055982780.1	iIT341.HP0630	43.7	197	108	3	1	197	1	194	3.23e-48	155
WP_055982780.1	iSSON_1240.SSON_3166	41.5	195	111	3	1	195	1	192	3.13e-48	155
WP_055982780.1	STM_v1_0.STM3179	41.5	195	111	3	1	195	1	192	6.28e-48	155
WP_055982780.1	iYL1228.KPN_03442	41.0	195	112	3	1	195	1	192	3.57e-47	153
WP_055982780.1	iSF_1195.SF3068	40.0	195	114	3	1	195	1	192	5.75e-46	150
WP_055982786.1	iYO844.BSU33400	51.7	267	126	2	12	277	9	273	1.38e-91	272
WP_055982786.1	iML1515.b3012	49.6	268	129	3	11	275	6	270	5.38e-91	271
WP_055982786.1	iYL1228.KPN_03432	49.3	272	132	3	7	275	2	270	1.53e-90	270
WP_055982786.1	iSbBS512_1146.SbBS512_E3440	49.3	268	130	3	11	275	6	270	4.36e-90	268
WP_055982786.1	iPC815.YPO0676	47.3	273	138	3	7	276	2	271	1.07e-88	265
WP_055982786.1	STM_v1_0.STM3165	48.5	268	132	3	11	275	6	270	2.31e-87	261
WP_055982786.1	iYO844.BSU29050	48.7	277	135	3	9	280	6	280	1.44e-84	254
WP_055982786.1	iYS854.USA300HOU_RS03800	48.0	269	135	4	14	279	8	274	2.25e-83	251
WP_055982786.1	iHN637.CLJU_RS08755	45.5	264	141	2	14	277	10	270	4.67e-83	251
WP_055982786.1	iSF_1195.SF3057	50.9	232	109	2	47	275	2	231	7.33e-82	246
WP_055982786.1	iSDY_1059.SDY_3061	50.9	232	109	2	47	275	2	231	1.04e-81	246
WP_055982792.1	iJN1463.PP_0547	28.2	344	226	6	1	330	1	337	1.53e-41	152
WP_055982792.1	iYO844.BSU29790	29.1	381	238	11	4	374	5	363	7.77e-40	147
WP_055982792.1	iPC815.YPO3519	28.6	353	233	5	1	340	1	347	1.25e-39	147
WP_055982792.1	iSSON_1240.SSON_4414	28.7	352	226	7	1	336	1	343	1.57e-38	144
WP_055982792.1	iSbBS512_1146.SbBS512_E4851	28.7	352	226	7	1	336	1	343	2.17e-38	144
WP_055982792.1	iSDY_1059.SDY_4251	28.7	352	226	7	1	336	1	343	2.17e-38	144
WP_055982792.1	iSF_1195.SF4257	28.7	352	226	7	1	336	1	343	2.17e-38	144
WP_055982792.1	iML1515.b4233	28.7	352	226	7	1	336	1	343	5.70e-38	143
WP_055982792.1	iHN637.CLJU_RS20600	28.8	396	244	9	2	378	10	386	5.40e-37	140
WP_055982792.1	STM_v1_0.STM4416	27.7	350	232	6	1	336	1	343	7.66e-37	140
WP_055982792.1	iNF517.LLMG_RS11610	26.5	449	284	17	4	437	6	423	4.11e-36	137
WP_055982800.1	iAF987.Gmet_0068	33.5	167	99	6	43	204	31	190	2.51e-14	68.2
WP_055982803.1	iEK1008.Rv0386	37.7	53	33	0	157	209	1025	1077	6.65e-05	43.1
WP_055982824.1	iCN900.CD630_20200	39.5	683	368	10	183	822	177	857	1.43e-149	460
WP_055982826.1	iML1515.b0211	36.4	132	77	3	52	176	104	235	1.65e-15	75.9
WP_055982854.1	iCHOv1.100764720	33.5	173	104	5	9	176	26	192	4.69e-15	69.3
WP_055982862.1	iAF987.Gmet_0043	25.9	228	160	3	349	569	41	266	1.18e-15	79.7
WP_055982865.1	iSynCJ816.SGL_RS08885	39.7	353	208	3	15	366	19	367	7.30e-78	243
WP_055982871.1	iEK1008.Rv1031	44.4	189	97	4	1	181	1	189	1.17e-38	130
WP_055982874.1	iCN900.CD630_15920	61.3	675	243	6	11	676	11	676	5.08e-268	752
WP_055982874.1	iHN637.CLJU_RS19475	60.0	675	252	5	11	676	13	678	3.36e-264	742
WP_055982874.1	iYL1228.KPN_00716	57.9	681	280	3	1	677	1	678	1.32e-257	725
WP_055982874.1	iSSON_1240.SSON_0648	58.1	680	278	3	1	676	1	677	1.07e-256	723
WP_055982874.1	iML1515.b0697	58.1	680	278	3	1	676	1	677	1.51e-256	723
WP_055982874.1	iPC815.YPO2691	58.2	687	272	5	1	676	1	683	5.32e-256	721
WP_055982874.1	STM_v1_0.STM0705	57.7	681	281	3	1	677	1	678	4.96e-255	719
WP_055982874.1	iEK1008.Rv1030	59.0	683	260	7	7	675	27	703	1.46e-253	716
WP_055982874.1	iSynCJ816.SGL_RS08870	58.4	670	268	5	12	677	27	689	1.40e-246	697
WP_055982875.1	iCN900.CD630_15910	47.5	556	283	4	8	559	10	560	1.79e-172	499
WP_055982875.1	iHN637.CLJU_RS19480	46.0	557	297	4	4	559	2	555	7.96e-156	457
WP_055982878.1	iAF987.Gmet_1919	30.0	120	84	0	1	120	1	120	2.70e-13	70.5
WP_055982878.1	iAF987.Gmet_3476	29.0	131	86	3	4	132	11	136	3.00e-12	67.8
WP_055982878.1	iAF987.Gmet_1914	27.6	105	76	0	4	108	3	107	3.11e-11	64.7
WP_055982881.1	iYS854.USA300HOU_RS10340	41.1	662	382	7	5	663	4	660	3.86e-168	496
WP_055982881.1	iSDY_1059.SDY_2608	41.2	670	385	6	3	665	2	669	9.85e-167	493
WP_055982881.1	iSSON_1240.SSON_2500	41.0	669	388	5	3	665	2	669	1.39e-166	492
WP_055982881.1	iML1515.b2411	41.0	669	388	5	3	665	2	669	1.97e-166	492
WP_055982881.1	iSF_1195.SF2466	40.8	669	389	5	3	665	2	669	3.13e-165	489
WP_055982881.1	iYL1228.KPN_02758	40.4	671	389	7	3	665	2	669	2.23e-162	481
WP_055982881.1	STM_v1_0.STM2427	39.9	669	395	5	3	665	2	669	3.53e-158	471
WP_055982884.1	iNF517.LLMG_RS00415	26.6	252	149	9	16	244	33	271	9.55e-06	45.4
WP_055982884.1	iEK1008.Rv0317c	34.1	88	51	2	23	105	12	97	3.76e-05	43.5
WP_055982884.1	iLJ478.TM1621	25.0	232	143	9	22	241	3	215	1.04e-04	42.0
WP_055982885.1	iYS854.USA300HOU_RS06185	35.1	225	143	2	6	229	3	225	5.47e-34	122
WP_055982885.1	iNF517.LLMG_RS08950	39.6	192	115	1	1	192	1	191	8.15e-33	119
WP_055982885.1	iHN637.CLJU_RS17225	37.8	193	119	1	1	192	4	196	1.35e-32	118
WP_055982885.1	iYO844.BSU15910	37.7	191	118	1	3	192	2	192	1.73e-32	118
WP_055982885.1	iLJ478.TM1724	36.5	192	122	0	1	192	1	192	2.43e-32	117
WP_055982885.1	iCN900.CD630_11820	35.4	226	132	4	1	215	2	224	1.09e-30	113
WP_055982885.1	iAF987.Gmet_1601	36.7	207	129	1	1	207	1	205	2.01e-30	112
WP_055982888.1	iAF987.Gmet_1770	23.6	165	117	3	74	235	20	178	6.71e-06	48.1
WP_055982888.1	iEK1008.Rv1381	42.2	45	26	0	74	118	18	62	2.75e-05	46.2
WP_055982888.1	iHN637.CLJU_RS12870	40.3	67	33	3	74	134	24	89	7.27e-05	45.1
WP_055982888.1	iYO844.BSU14520	36.2	69	38	3	51	119	19	81	1.27e-04	44.3
WP_055982892.1	iML1515.b0867	44.0	243	117	7	103	338	43	273	1.86e-54	179
WP_055982895.1	iJN1463.PP_5338	60.4	462	182	1	3	463	10	471	1.20e-196	554
WP_055982895.1	iIT341.HP0649	59.8	460	185	0	5	464	2	461	7.02e-191	539
WP_055982895.1	iML1515.b4139	58.4	462	191	1	3	463	4	465	2.31e-189	535
WP_055982895.1	iSbBS512_1146.SbBS512_E4668	58.4	462	191	1	3	463	4	465	2.31e-189	535
WP_055982895.1	iSDY_1059.SDY_4444	58.4	462	191	1	3	463	19	480	3.90e-189	535
WP_055982895.1	iSF_1195.SF4293	58.4	462	191	1	3	463	19	480	3.90e-189	535
WP_055982895.1	iSSON_1240.SSON_4322	58.4	462	191	1	3	463	19	480	3.90e-189	535
WP_055982895.1	STM_v1_0.STM4326	58.9	462	189	1	3	463	4	465	1.88e-188	533
WP_055982895.1	iYL1228.KPN_04529	57.8	464	195	1	1	463	2	465	4.09e-185	525
WP_055982895.1	iPC815.YPO0348	56.7	462	199	1	3	463	4	465	7.22e-181	514
WP_055982897.1	iSbBS512_1146.SbBS512_E4050	28.1	135	83	4	5	139	10	130	2.41e-08	53.9
WP_055982897.1	iSSON_1240.SSON_3782	28.1	135	83	4	5	139	10	130	2.41e-08	53.9
WP_055982897.1	iYS854.USA300HOU_RS14480	27.5	120	78	3	6	125	52	162	1.68e-07	51.6
WP_055982897.1	iAM_Pf480.PF3D7_1141600	33.6	110	62	5	2	107	25	127	1.88e-07	50.8
WP_055982897.1	iML1515.b1022	30.6	121	76	4	5	125	79	191	7.41e-07	49.7
WP_055982910.1	iAF987.Gmet_3131	36.8	370	181	6	5	373	7	324	1.52e-73	231
WP_055982910.1	iYO844.BSU12840	39.6	379	173	7	5	379	6	332	5.31e-71	225
WP_055982910.1	iHN637.CLJU_RS06110	37.2	376	185	8	5	379	6	331	5.40e-67	214
WP_055982912.1	iAF692.Mbar_A1417	40.5	222	130	1	24	243	27	248	1.16e-52	175
WP_055982928.1	iML1515.b4173	26.3	175	122	4	157	327	192	363	3.14e-06	48.1
WP_055982930.1	iAF692.Mbar_A0086	38.6	215	104	3	2	190	1	213	1.16e-44	147
WP_055982930.1	iEK1008.Rv0733	43.6	179	93	4	2	180	1	171	7.21e-41	136
WP_055982932.1	iYO844.BSU00680	41.5	159	91	2	15	172	11	168	1.59e-34	119
WP_055982932.1	iYS854.USA300HOU_RS02615	38.8	165	99	2	15	178	10	173	1.54e-34	119
WP_055982932.1	iCN900.CD630_26910	38.0	166	101	2	15	179	9	173	3.50e-32	113
WP_055982932.1	iNF517.LLMG_RS05050	43.2	155	86	2	19	172	14	167	7.98e-32	112
WP_055982932.1	iHN637.CLJU_RS20465	38.4	159	96	2	15	172	13	170	9.17e-31	110
WP_055982934.1	iYO844.BSU02860	29.7	219	127	9	4	208	6	211	1.79e-20	90.1
WP_055982934.1	iAF692.Mbar_A2149	30.4	227	128	6	7	217	9	221	1.65e-17	84.7
WP_055982934.1	iYS854.USA300HOU_RS14570	24.5	554	308	24	20	529	25	512	3.27e-17	84.3
WP_055982938.1	iYO844.BSU40420	50.6	425	208	2	1	424	1	424	3.54e-157	450
WP_055982938.1	iNF517.LLMG_RS11055	49.1	428	218	0	1	428	1	428	1.89e-154	443
WP_055982938.1	iHN637.CLJU_RS20860	49.9	429	212	2	1	427	1	428	2.88e-153	440
WP_055982938.1	iCN900.CD630_36550	49.4	429	215	2	1	428	1	428	3.93e-151	435
WP_055982938.1	iYS854.USA300HOU_RS00085	47.9	428	222	1	1	428	1	427	2.58e-146	422
WP_055982938.1	iSynCJ816.SGL_RS05700	48.5	423	217	1	1	423	1	422	1.65e-143	416
WP_055982938.1	iAF987.Gmet_3260	47.0	430	225	2	1	428	1	429	2.46e-142	412
WP_055982947.1	iLJ478.TM1520	34.6	234	128	7	1	231	1	212	1.98e-36	127
WP_055982947.1	iCN718.ABAYE_RS00740	31.8	267	143	9	2	233	6	268	4.28e-31	115
WP_055982947.1	iHN637.CLJU_RS08870	31.3	265	139	7	1	233	2	255	6.26e-31	114
WP_055982950.1	iAM_Pc455.PCYB_094280	35.5	217	122	9	301	511	776	980	1.22e-22	102
WP_055982950.1	iAM_Pv461.PVX_092460	35.5	217	122	9	301	511	931	1135	3.98e-22	100
WP_055982955.1	iML1515.b0957	39.8	128	66	3	110	226	218	345	4.93e-16	75.5
WP_055982955.1	iSbBS512_1146.SbBS512_E2359	39.8	128	66	3	110	226	218	345	4.93e-16	75.5
WP_055982955.1	iSDY_1059.SDY_0930	39.8	128	66	3	110	226	222	349	5.06e-16	75.5
WP_055982955.1	iSF_1195.SF0957	39.8	128	66	3	110	226	220	347	5.00e-16	75.5
WP_055982955.1	iSSON_1240.SSON_0961	39.8	128	66	3	110	226	218	345	4.93e-16	75.5
WP_055982955.1	iYL1228.KPN_00986	37.9	124	66	3	110	222	228	351	5.48e-14	69.7
WP_055982955.1	iPC815.YPO1435	33.8	136	78	4	102	226	218	352	1.00e-13	68.9
WP_055982957.1	iEK1008.Rv3806c	33.3	285	175	8	6	285	19	293	3.81e-38	136
WP_055982958.1	iEK1008.Rv3790	35.0	414	251	9	8	408	12	420	1.15e-74	240
WP_055982960.1	iEK1008.Rv3791	33.9	171	111	2	69	239	84	252	1.02e-21	90.1
WP_055982962.1	iHN637.CLJU_RS04615	27.0	196	125	6	1	184	1	190	3.59e-13	65.1
WP_055982963.1	iML1515.b3781	49.5	103	51	1	3	104	6	108	1.10e-34	114
WP_055982963.1	STM_v1_0.STM3915	49.5	103	51	1	3	104	6	108	1.10e-34	114
WP_055982963.1	iSbBS512_1146.SbBS512_E4140	49.5	103	51	1	3	104	6	108	1.10e-34	114
WP_055982963.1	iSDY_1059.SDY_3968	49.5	103	51	1	3	104	24	126	1.86e-34	114
WP_055982963.1	iSF_1195.SF3854	49.5	103	51	1	3	104	24	126	1.86e-34	114
WP_055982963.1	iSSON_1240.SSON_3952	49.5	103	51	1	3	104	24	126	1.86e-34	114
WP_055982963.1	iYS854.USA300HOU_RS05725	49.0	102	51	1	3	104	4	104	9.49e-35	114
WP_055982963.1	iYL1228.KPN_04282	49.5	103	51	1	3	104	6	108	8.98e-34	112
WP_055982963.1	iJN1463.PP_5215	46.5	101	53	1	5	104	9	109	1.28e-33	112
WP_055982963.1	iIT341.HP0824	48.0	102	52	1	3	104	5	105	4.74e-33	110
WP_055982963.1	iPC815.YPO3868	46.6	103	54	1	3	104	6	108	2.89e-32	108
WP_055982963.1	iML1515.b2582	48.4	91	47	0	3	93	38	128	1.15e-30	105
WP_055982963.1	iSbBS512_1146.SbBS512_E2954	48.4	91	47	0	3	93	38	128	1.15e-30	105
WP_055982963.1	iSDY_1059.SDY_2825	48.4	91	47	0	3	93	38	128	1.15e-30	105
WP_055982963.1	iSF_1195.SF2644	48.4	91	47	0	3	93	38	128	1.15e-30	105
WP_055982963.1	iSSON_1240.SSON_2708	48.4	91	47	0	3	93	38	128	1.15e-30	105
WP_055982963.1	STM_v1_0.STM2649	47.3	91	48	0	3	93	38	128	6.57e-30	103
WP_055982973.1	iNF517.LLMG_RS08950	31.0	203	130	4	1	199	1	197	1.80e-21	89.7
WP_055982973.1	iCN900.CD630_25770	30.8	214	130	6	3	208	1	204	9.43e-19	82.4
WP_055982978.1	iMM1415.235033	31.6	253	156	6	2	239	5	255	7.72e-32	119
WP_055982978.1	iCHOv1.100773401	31.6	253	154	7	3	239	6	255	3.83e-30	114
WP_055982978.1	iMM904.YMR226C	35.7	196	111	6	2	185	13	205	4.56e-28	108
WP_055982978.1	iYL1228.KPN_02061	33.5	185	114	3	1	181	1	180	5.05e-28	107
WP_055982980.1	iYS854.USA300HOU_RS11455	43.6	470	264	1	1	469	1	470	2.81e-121	362
WP_055982980.1	iEK1008.Rv0223c	40.2	473	274	5	5	470	9	479	3.76e-107	326
WP_055982985.1	iLJ478.TM1724	35.1	245	132	6	7	242	10	236	2.39e-28	108
WP_055982985.1	iCN900.CD630_25770	33.0	203	126	2	2	194	3	205	1.25e-27	106
WP_055982985.1	iML1515.b0493	30.5	243	154	5	1	240	14	244	2.08e-27	106
WP_055982985.1	iMM904.YMR226C	37.3	193	108	4	2	181	13	205	1.99e-27	106
WP_055982985.1	iCN718.ABAYE_RS01085	31.3	249	154	6	7	245	11	252	4.74e-27	105
WP_055982985.1	iMM1415.235033	34.0	191	113	3	2	181	5	193	3.64e-26	103
WP_055982985.1	iCHOv1.100773401	35.4	189	109	4	4	181	7	193	1.74e-25	102
WP_055982985.1	iCN718.ABAYE_RS13105	30.3	251	153	6	7	245	11	251	7.80e-25	99.8
WP_055982996.1	iJN1463.PP_2432	30.7	215	139	4	5	210	4	217	6.06e-23	91.7
WP_055983001.1	iCHOv1.100773401	33.5	230	138	5	3	219	6	233	7.29e-25	100
WP_055983001.1	iLJ478.TM1724	36.2	188	116	3	3	188	6	191	1.14e-24	99.0
WP_055983001.1	iYO844.BSU15910	30.2	225	142	2	2	225	4	214	5.97e-23	94.4
WP_055983001.1	iCHOv1.100774340	31.9	188	120	4	3	184	56	241	3.54e-21	91.3
WP_055983005.1	iCHOv1.100773401	33.5	206	127	4	5	202	8	211	2.94e-28	109
WP_055983005.1	iMM1415.235033	31.3	208	133	4	3	202	6	211	3.24e-26	104
WP_055983005.1	iCN718.ABAYE_RS13105	30.6	209	140	2	2	205	6	214	9.49e-26	102
WP_055983012.1	iEK1008.Rv2048c	31.7	325	190	11	6	311	1362	1673	8.78e-27	110
WP_055983012.1	iEK1008.Rv3777	27.4	340	203	9	1	311	4	328	8.31e-25	101
WP_055983012.1	iJN1463.PP_0072	31.1	328	199	10	2	309	3	323	2.89e-24	100
WP_055983027.1	iYS854.USA300HOU_RS09175	46.9	431	209	9	2	428	3	417	6.77e-125	368
WP_055983027.1	iNF517.LLMG_RS02055	47.0	434	207	10	1	428	1	417	7.47e-124	365
WP_055983027.1	iSbBS512_1146.SbBS512_E1829	47.2	434	206	10	2	428	4	421	7.65e-117	347
WP_055983027.1	iSSON_1240.SSON_1519	47.2	434	206	10	2	428	4	421	7.65e-117	347
WP_055983027.1	iSDY_1059.SDY_1860	47.0	434	207	10	2	428	4	421	6.14e-116	345
WP_055983027.1	iYL1228.KPN_01975	45.7	433	214	10	2	428	8	425	1.27e-113	339
WP_055983027.1	STM_v1_0.STM1449	45.7	431	217	9	2	428	4	421	2.24e-113	338
WP_055983032.1	iYS854.USA300HOU_RS04580	47.9	280	144	2	10	287	9	288	4.23e-94	280
WP_055983032.1	iJN1463.PP_4800	43.7	284	158	2	7	288	49	332	4.35e-86	260
WP_055983032.1	iML1515.b0628	43.6	282	156	3	6	284	31	312	5.38e-83	252
WP_055983032.1	iAM_Pc455.PCYB_121910	45.7	280	149	3	11	287	109	388	6.58e-82	252
WP_055983032.1	iSbBS512_1146.SbBS512_E0542	43.6	282	156	3	6	284	31	312	5.38e-83	252
WP_055983032.1	iSDY_1059.SDY_0550	43.6	282	156	3	6	284	31	312	5.38e-83	252
WP_055983032.1	iSF_1195.SF0653	43.6	282	156	3	6	284	31	312	5.38e-83	252
WP_055983032.1	iSSON_1240.SSON_0582	43.6	282	156	3	6	284	31	312	5.38e-83	252
WP_055983054.1	iML1515.b2700	39.3	117	71	0	260	376	8	124	9.08e-24	96.7
WP_055983056.1	iML1515.b1022	33.6	259	165	4	749	1004	52	306	1.02e-36	144
WP_055983069.1	iAF987.Gmet_2683	50.2	303	148	3	1	303	1	300	3.95e-102	301
WP_055983073.1	iSynCJ816.SGL_RS04775	33.6	113	70	3	25	135	25	134	1.19e-10	60.1
WP_055983073.1	iCN718.ABAYE_RS14020	24.0	258	164	9	24	255	79	330	5.63e-09	55.5
WP_055983076.1	iEK1008.Rv3116	39.1	87	50	3	11	95	300	385	1.64e-09	52.8
WP_055983078.1	iJN1463.PP_4900	41.7	266	148	3	10	269	13	277	2.03e-71	224
WP_055983091.1	iCN900.CD630_20880	43.4	152	86	0	46	197	1	152	8.19e-41	135
WP_055983091.1	iHN637.CLJU_RS11605	45.8	131	71	0	62	192	18	148	2.34e-37	126
WP_055983091.1	iAF987.Gmet_2135	41.0	156	84	1	36	191	11	158	3.71e-37	126
WP_055983091.1	iYO844.BSU32470	48.8	125	63	1	70	194	37	160	1.77e-35	122
WP_055983091.1	iEK1008.Rv0374c	39.3	150	90	1	48	196	2	151	1.19e-35	122
WP_055983093.1	iAF987.Gmet_2134	21.9	279	164	6	25	300	30	257	1.62e-07	51.6
WP_055983093.1	iEK1008.Rv0375c	22.7	291	158	9	24	303	16	250	3.83e-07	50.4
WP_055983095.1	iCN900.CD630_20790	29.4	765	485	16	17	741	8	757	2.57e-72	250
WP_055983095.1	iCN900.CD630_20730	28.3	767	489	18	17	737	8	759	9.71e-66	232
WP_055983098.1	iML1515.b3662	41.6	377	220	0	11	387	16	392	2.01e-88	272
WP_055983100.1	iYO844.BSU32510	29.5	325	203	5	23	345	20	320	9.97e-40	143
WP_055983102.1	iAF987.Gmet_2095	40.4	285	166	3	4	284	5	289	1.73e-64	206
WP_055983102.1	iAF987.Gmet_0301	37.7	329	192	6	4	326	5	326	4.27e-62	200
WP_055983102.1	iYS854.USA300HOU_RS12285	38.7	279	158	6	2	269	5	281	8.51e-59	192
WP_055983102.1	iEK1008.Rv3109	39.5	291	164	6	2	282	18	306	1.98e-58	191
WP_055983103.1	iML1515.b2877	25.3	186	126	5	6	188	7	182	2.19e-09	54.3
WP_055983103.1	iSSON_1240.SSON_3028	24.7	186	127	5	6	188	7	182	7.85e-09	52.8
WP_055983109.1	iYS854.USA300HOU_RS12295	34.2	76	46	2	4	75	2	77	2.89e-09	48.1
WP_055983111.1	iEK1008.Rv3206c	39.3	369	202	7	7	363	22	380	5.43e-75	237
WP_055983111.1	iEK1008.Rv3116	40.4	366	196	10	7	361	21	375	2.96e-70	224
WP_055983111.1	iLB1027_lipid.PHATRDRAFT_20318	44.8	268	129	4	7	266	61	317	5.77e-68	221
WP_055983111.1	iAF987.Gmet_1568	48.0	225	113	1	6	230	8	228	1.74e-68	216
WP_055983113.1	iJN1463.PP_1294	30.9	123	82	2	11	133	7	126	8.03e-11	56.2
WP_055983113.1	iEK1008.Rv3119	30.7	127	85	3	16	142	19	142	4.20e-10	54.3
WP_055983114.1	iAF987.Gmet_1036	36.1	147	93	1	147	292	1	147	2.09e-27	104
WP_055983114.1	iJN1463.PP_1292	44.2	138	75	2	1	137	13	149	1.91e-25	99.0
WP_055983116.1	iML1515.b2530	47.2	377	193	2	7	377	5	381	3.19e-110	328
WP_055983116.1	iSbBS512_1146.SbBS512_E2905	47.2	377	193	2	7	377	5	381	3.19e-110	328
WP_055983116.1	iSDY_1059.SDY_2726	47.2	377	193	2	7	377	13	389	4.12e-110	328
WP_055983116.1	iSF_1195.SF2577	47.2	377	193	2	7	377	5	381	3.19e-110	328
WP_055983116.1	iSSON_1240.SSON_2612	47.2	377	193	2	7	377	13	389	4.12e-110	328
WP_055983116.1	STM_v1_0.STM2543	46.7	377	195	2	7	377	5	381	7.28e-109	324
WP_055983116.1	iYL1228.KPN_02862	46.2	377	197	2	7	377	5	381	4.14e-108	322
WP_055983116.1	iPC815.YPO2896	45.9	377	198	2	7	377	10	386	2.84e-104	313
WP_055983116.1	iJN1463.PP_0842	45.4	377	200	2	7	377	5	381	3.55e-101	305
WP_055983116.1	iAM_Pf480.PF3D7_0727200	44.6	383	202	6	6	378	146	528	6.67e-97	298
WP_055983116.1	iSynCJ816.SGL_RS13005	44.5	375	204	2	7	377	5	379	2.09e-98	297
WP_055983120.1	iJN1463.PP_0920	43.6	358	189	4	5	361	4	349	9.22e-95	286
WP_055983120.1	iJN1463.PP_2486	41.1	360	198	5	16	363	17	374	6.78e-84	259
WP_055983121.1	iNF517.LLMG_RS08950	30.5	203	131	5	1	199	1	197	8.06e-23	93.2
WP_055983121.1	iSynCJ816.SGL_RS12965	29.0	252	160	7	1	239	1	246	1.51e-20	87.4
WP_055983124.1	iEK1008.Rv1912c	26.4	337	236	5	1	330	1	332	3.06e-28	111
WP_055983134.1	iJN1463.PP_4286	28.8	278	180	6	44	306	20	294	1.01e-31	120
WP_055983143.1	iYO844.BSU14520	25.6	121	66	4	19	124	16	127	9.10e-05	45.1
WP_055983143.1	iHN637.CLJU_RS10540	28.1	139	76	5	62	199	51	166	5.41e-04	42.4
WP_055983151.1	iLJ478.TM1724	39.3	257	129	4	4	246	3	246	2.47e-40	139
WP_055983151.1	iNF517.LLMG_RS08260	35.3	249	151	3	6	244	2	250	6.47e-35	125
WP_055983155.1	iSynCJ816.SGL_RS06885	25.4	248	126	11	190	427	220	418	3.73e-09	58.9
WP_055983172.1	iMM1415.77974	34.6	315	167	5	31	339	35	316	2.25e-44	154
WP_055983172.1	iMM1415.17252	35.9	276	144	4	31	295	34	287	6.22e-44	153
WP_055983172.1	iCHOv1.100759583	34.0	315	169	4	31	339	35	316	5.01e-42	148
WP_055983172.1	iCHOv1.100759877	35.8	271	151	4	31	295	34	287	5.01e-42	148
WP_055983204.1	iJN1463.PP_1877	36.3	113	69	2	29	141	41	150	2.48e-18	76.3
WP_055983204.1	iML1515.b1832	33.1	127	82	2	23	149	28	151	5.95e-17	72.8
WP_055983206.1	iYO844.BSU33180	28.0	193	122	9	2	181	59	247	1.67e-10	59.7
WP_055983206.1	STM_v1_0.STM0206	28.3	184	122	6	2	179	25	204	1.71e-10	59.3
WP_055983206.1	iSDY_1059.SDY_0174	24.9	229	155	8	2	222	25	244	1.71e-10	59.3
WP_055983206.1	iSF_1195.SF0150	24.9	229	155	8	2	222	25	244	5.82e-10	57.8
WP_055983206.1	iML1515.b0158	24.5	229	156	8	2	222	25	244	7.90e-10	57.4
WP_055983206.1	iSSON_1240.SSON_0170	24.5	229	156	8	2	222	25	244	7.90e-10	57.4
WP_055983206.1	iLJ478.TM0080	26.6	244	147	8	2	220	70	306	8.70e-09	54.7
WP_055983208.1	iSynCJ816.SGL_RS06105	39.7	421	245	4	18	438	46	457	2.04e-66	219
WP_055983208.1	iLJ478.TM1161	37.9	427	256	1	17	443	29	446	1.64e-63	211
WP_055983208.1	iYO844.BSU13300	33.4	332	210	3	111	442	128	448	2.20e-60	203
WP_055983212.1	iHN637.CLJU_RS10465	33.1	130	71	6	585	705	430	552	4.95e-06	49.7
WP_055983242.1	iSynCJ816.SGL_RS15590	30.4	293	185	6	69	345	64	353	2.41e-31	120
WP_055983242.1	iSF_1195.SF2454	27.3	297	206	3	47	343	26	312	1.69e-27	109
WP_055983250.1	iAF987.Gmet_0695	44.9	419	205	6	46	445	74	485	1.75e-101	311
WP_055983250.1	iNF517.LLMG_RS04645	45.5	418	189	9	47	445	6	403	2.61e-99	303
WP_055983250.1	iHN637.CLJU_RS01975	43.0	407	215	7	44	444	6	401	7.30e-98	299
WP_055983250.1	iJN1463.PP_5233	42.4	443	236	10	15	444	2	438	4.06e-97	298
WP_055983250.1	iAF692.Mbar_A0157	42.1	404	212	9	49	444	9	398	3.63e-94	289
WP_055983250.1	iAF692.Mbar_A0158	42.0	410	211	6	42	444	3	392	4.01e-94	289
WP_055983252.1	iJN1463.PP_0987	46.8	474	231	7	3	472	2	458	8.09e-136	399
WP_055983252.1	iCN718.ABAYE_RS11985	47.3	474	228	8	4	472	3	459	5.63e-131	386
WP_055983252.1	iJN1463.PP_0297	45.1	468	238	10	3	466	2	454	4.13e-125	371
WP_055983252.1	iJN1463.PP_3144	45.0	469	237	7	3	466	2	454	3.75e-123	366
WP_055983253.1	iML1515.b0376	26.6	256	157	9	139	377	35	276	5.08e-13	70.5
WP_055983253.1	iSynCJ816.SGL_RS12260	30.3	145	94	3	181	318	80	224	1.68e-11	65.9
WP_055983263.1	iIT341.HP1380	37.5	267	159	5	12	276	2	262	3.08e-52	171
WP_055983269.1	iYS854.USA300HOU_RS09065	37.0	368	224	5	31	392	1	366	7.93e-73	231
WP_055983278.1	iYO844.BSU39050	30.4	112	70	2	2	113	541	644	8.66e-10	56.6
WP_055983278.1	iCN900.CD630_33570	23.2	177	123	4	4	170	2	175	6.62e-09	52.8
WP_055983284.1	iAF987.Gmet_1948	46.4	248	132	1	1	248	1	247	4.28e-72	220
WP_055983284.1	iHN637.CLJU_RS19265	47.2	248	129	1	1	248	1	246	5.51e-72	220
WP_055983284.1	iLJ478.TM0689	47.3	239	125	1	2	240	402	639	6.93e-67	218
WP_055983284.1	iCN900.CD630_31720	47.2	248	128	2	1	248	1	245	4.31e-71	218
WP_055983284.1	iYO844.BSU33920	43.0	249	141	1	1	249	1	248	3.55e-66	205
WP_055983284.1	STM_v1_0.STM4081	45.0	249	135	2	1	249	1	247	4.30e-65	202
WP_055983284.1	iML1515.b3919	46.2	249	132	2	1	249	1	247	1.22e-64	201
WP_055983284.1	iYL1228.KPN_04005	46.3	242	128	2	8	249	2	241	1.01e-64	201
WP_055983284.1	iSbBS512_1146.SbBS512_E4399	46.2	249	132	2	1	249	1	247	1.22e-64	201
WP_055983284.1	iSDY_1059.SDY_3826	46.2	249	132	2	1	249	1	247	1.22e-64	201
WP_055983284.1	iSF_1195.SF3997	46.2	249	132	2	1	249	1	247	1.22e-64	201
WP_055983284.1	iSSON_1240.SSON_4088	46.2	249	132	2	1	249	1	247	1.22e-64	201
WP_055983284.1	iPC815.YPO0085	45.8	249	133	2	1	249	1	247	1.22e-64	201
WP_055983291.1	iSynCJ816.SGL_RS05470	43.4	249	131	5	27	269	30	274	2.19e-55	180
WP_055983291.1	iLJ478.TM0040	37.6	263	156	4	18	276	9	267	1.79e-54	177
WP_055983291.1	iJN1463.PP_4717	38.0	276	163	5	5	277	1	271	1.13e-50	167
WP_055983291.1	iML1515.b3177	38.1	257	155	3	17	271	7	261	6.10e-50	166
WP_055983291.1	iSF_1195.SF3217	38.1	257	155	3	17	271	22	276	9.12e-50	166
WP_055983291.1	iSSON_1240.SSON_3325	38.1	257	155	3	17	271	22	276	9.12e-50	166
WP_055983291.1	iCN718.ABAYE_RS04565	36.8	272	162	5	5	271	3	269	1.25e-49	165
WP_055983291.1	iSbBS512_1146.SbBS512_E3593	37.7	257	156	3	17	271	7	261	1.21e-49	165
WP_055983291.1	iYL1228.KPN_03587	38.8	258	152	5	17	271	7	261	3.40e-49	164
WP_055983291.1	iYO844.BSU00770	40.7	246	134	5	27	269	27	263	5.19e-49	163
WP_055983291.1	iSDY_1059.SDY_3358	37.7	257	156	3	17	271	22	276	1.01e-48	163
WP_055983291.1	STM_v1_0.STM3295	37.0	257	158	3	17	271	7	261	1.34e-48	162
WP_055983308.1	iAF987.Gmet_0201	40.8	890	488	15	1	867	1	874	8.19e-208	612
WP_055983308.1	iYL1228.KPN_03029	41.2	889	458	19	2	857	4	860	3.14e-204	603
WP_055983308.1	iPC815.YPO3305	41.5	885	461	19	2	857	4	860	1.25e-203	602
WP_055983308.1	iJN1463.PP_4474	41.1	896	468	19	1	865	1	867	7.57e-202	597
WP_055983308.1	iSbBS512_1146.SbBS512_E3180	41.6	885	448	20	2	851	4	854	8.05e-202	597
WP_055983308.1	iSSON_1240.SSON_2841	41.6	885	448	20	2	851	4	854	1.60e-201	596
WP_055983308.1	iSDY_1059.SDY_2893	41.6	885	448	20	2	851	4	854	2.27e-201	596
WP_055983308.1	iSF_1195.SF2720	41.5	885	449	20	2	851	4	854	3.20e-201	595
WP_055983308.1	STM_v1_0.STM2827	41.3	884	452	20	2	851	4	854	1.42e-199	591
WP_055983308.1	iCN718.ABAYE_RS13005	40.2	889	461	18	1	850	1	857	3.21e-192	572
WP_055983308.1	iMM904.YOR335C	44.1	753	358	17	2	700	10	753	4.14e-189	567
WP_055983308.1	iLJ478.TM1396	38.3	885	493	21	1	863	4	857	5.04e-190	566
WP_055983308.1	iYS854.USA300HOU_RS08615	39.4	875	484	18	1	851	4	856	1.29e-187	560
WP_055983311.1	iYL1228.KPN_00838	31.9	226	143	3	4	218	1	226	2.22e-30	114
WP_055983311.1	iCN900.CD630_07520	29.5	234	154	3	4	226	1	234	3.11e-30	114
WP_055983311.1	iYO844.BSU23960	29.7	222	145	3	4	214	1	222	4.35e-30	113
WP_055983311.1	iYO844.BSU02750	32.9	210	122	5	19	215	21	224	5.00e-30	113
WP_055983311.1	iNF517.LLMG_RS09915	28.9	228	151	3	2	218	3	230	9.33e-30	112
WP_055983311.1	iSDY_1059.SDY_0787	32.6	218	136	3	4	210	1	218	3.25e-29	111
WP_055983311.1	iML1515.b0809	31.4	226	144	3	4	218	1	226	1.24e-28	109
WP_055983311.1	iSbBS512_1146.SbBS512_E2539	31.4	226	144	3	4	218	1	226	1.24e-28	109
WP_055983311.1	iSF_1195.SF0760	31.4	226	144	3	4	218	1	226	1.73e-28	109
WP_055983311.1	iSSON_1240.SSON_0789	32.1	218	137	3	4	210	1	218	1.73e-28	109
WP_055983311.1	iML1515.b0199	32.0	228	139	5	4	215	1	228	1.74e-27	108
WP_055983311.1	STM_v1_0.STM0828	31.0	226	145	3	4	218	1	226	2.41e-28	108
WP_055983311.1	iSbBS512_1146.SbBS512_E0193	32.0	228	139	5	4	215	1	228	1.74e-27	108
WP_055983311.1	iSDY_1059.SDY_0218	32.0	228	139	5	4	215	1	228	1.74e-27	108
WP_055983311.1	iSSON_1240.SSON_0213	32.0	228	139	5	4	215	1	228	1.74e-27	108
WP_055983311.1	STM_v1_0.STM0247	32.0	228	139	5	4	215	1	228	3.34e-27	108
WP_055983311.1	iSF_1195.SF0190	32.0	228	139	5	4	215	1	228	4.62e-27	107
WP_055983311.1	iCN900.CD630_03270	32.6	227	141	5	4	218	2	228	1.85e-27	107
WP_055983311.1	iNF517.LLMG_RS09720	31.1	225	144	3	5	218	7	231	1.49e-27	107
WP_055983311.1	iYL1228.KPN_00213	31.1	228	141	4	4	215	1	228	1.23e-26	106
WP_055983311.1	iYO844.BSU33730	30.1	226	147	6	4	218	1	226	5.44e-26	105
WP_055983311.1	iYO844.BSU32750	32.2	211	132	3	19	218	21	231	3.16e-26	105
WP_055983311.1	iCN900.CD630_01010	35.3	235	127	8	7	219	5	236	1.80e-26	105
WP_055983311.1	iCN900.CD630_16140	31.7	221	145	3	11	225	32	252	2.18e-26	104
WP_055983311.1	iYS854.USA300HOU_RS09925	28.7	223	148	4	4	215	3	225	1.92e-26	103
WP_055983311.1	iCN900.CD630_14890	30.3	228	147	5	4	219	1	228	1.18e-25	103
WP_055983311.1	iYO844.BSU33830	30.1	226	147	6	4	218	1	226	3.69e-25	103
WP_055983313.1	iAT_PLT_636.4905	25.3	166	114	3	152	307	242	407	8.52e-08	54.3
WP_055983313.1	iMM1415.18195	25.3	166	114	3	152	307	242	407	8.52e-08	54.3
WP_055983318.1	iCHOv1.100773211	26.5	136	88	3	21	156	70	193	3.79e-07	50.4
WP_055983318.1	iEK1008.Rv2284	25.2	218	138	9	42	241	154	364	3.23e-06	47.8
WP_055983323.1	iCN900.CD630_16280	24.2	289	183	11	5	268	9	286	1.09e-10	62.0
WP_055983331.1	iYS854.USA300HOU_RS05515	52.7	433	197	5	17	441	13	445	4.20e-140	408
WP_055983333.1	iAF987.Gmet_2727	26.0	453	258	12	1	432	1	397	4.60e-32	125
WP_055983335.1	iCN900.CD630_00500	51.1	489	221	2	3	491	11	481	8.67e-172	492
WP_055983344.1	iMM1415.14711	23.6	123	76	4	43	148	60	181	8.62e-07	48.5
WP_055983344.1	iCHOv1.100769585	25.8	124	72	4	43	148	60	181	2.22e-05	44.3
WP_055983352.1	iMM1415.17252	33.2	271	162	4	27	291	34	291	1.66e-41	146
WP_055983352.1	iMM1415.77974	31.4	312	177	4	27	332	35	315	9.42e-40	142
WP_055983352.1	iCHOv1.100759877	31.9	310	174	5	27	330	34	312	1.32e-39	141
WP_055983352.1	iCHOv1.100759583	32.1	312	175	4	27	332	35	315	3.78e-38	137
WP_055983354.1	iYS854.USA300HOU_RS01340	35.0	100	61	2	6	101	5	104	1.30e-11	65.1
WP_055983354.1	iSbBS512_1146.SbBS512_E4050	25.9	189	125	6	3	184	6	186	1.31e-11	64.3
WP_055983354.1	iSSON_1240.SSON_3782	25.9	189	125	6	3	184	6	186	1.31e-11	64.3
WP_055983354.1	iYO844.BSU35550	31.0	113	74	2	2	111	5	116	3.21e-11	62.4
WP_055983354.1	iML1515.b1022	26.2	202	133	5	3	195	75	269	8.30e-10	59.3
WP_055983356.1	iAF692.Mbar_A3023	35.3	368	221	8	19	380	22	378	1.78e-66	216
WP_055983356.1	iYO844.BSU27250	38.7	333	189	8	52	380	42	363	4.29e-63	207
WP_055983356.1	iJN1463.PP_2001	36.8	356	210	8	29	380	43	387	1.58e-62	206
WP_055983356.1	iCN718.ABAYE_RS10080	33.8	358	218	8	29	380	35	379	5.42e-61	202
WP_055983356.1	iIT341.HP0106	36.5	351	207	9	52	398	42	380	2.02e-60	200
WP_055983356.1	iCN900.CD630_35770	35.5	389	205	10	20	391	25	384	8.70e-60	198
WP_055983362.1	iYO844.BSU24040	37.1	337	193	4	357	690	7	327	2.37e-64	216
WP_055983362.1	iYS854.USA300HOU_RS08105	35.5	341	201	4	353	690	3	327	9.44e-60	203
WP_055983362.1	iJN1463.PP_4402	37.3	322	174	4	354	661	6	313	6.85e-58	199
WP_055983362.1	iAM_Pb448.PBANKA_110420	37.9	343	188	6	352	689	49	371	6.17e-57	197
WP_055983362.1	iIS312.TCDM_03721	37.1	345	192	8	350	690	45	368	5.48e-56	194
WP_055983375.1	iYO844.BSU31322	39.3	61	35	1	170	230	28	86	5.32e-08	52.8
WP_055983375.1	iML1515.b1250	30.4	56	39	0	176	231	159	214	2.09e-06	48.1
WP_055983375.1	iSbBS512_1146.SbBS512_E1419	30.4	56	39	0	176	231	159	214	2.09e-06	48.1
WP_055983375.1	iSDY_1059.SDY_1308	30.4	56	39	0	176	231	159	214	2.09e-06	48.1
WP_055983375.1	iSF_1195.SF1251	30.4	56	39	0	176	231	159	214	2.09e-06	48.1
WP_055983375.1	iSSON_1240.SSON_1930	30.4	56	39	0	176	231	159	214	2.09e-06	48.1
WP_055983380.1	iEK1008.Rv2187	33.2	570	360	7	28	588	40	597	5.73e-99	313
WP_055983382.1	iYO844.BSU37170	54.8	378	171	0	1	378	1	378	1.30e-129	376
WP_055983382.1	iCN900.CD630_10540	49.1	379	192	1	1	379	1	378	1.43e-123	361
WP_055983382.1	iYO844.BSU24150	51.1	372	182	0	4	375	2	373	2.75e-121	355
WP_055983382.1	iCHOv1.100774097	51.9	370	178	0	5	374	34	403	5.27e-119	350
WP_055983382.1	iAF987.Gmet_1715	48.8	375	192	0	1	375	1	375	5.10e-119	349
WP_055983382.1	iMM1415.11409	51.1	370	181	0	5	374	34	403	4.25e-118	348
WP_055983382.1	iCN900.CD630_03990	48.7	374	192	0	6	379	4	377	5.78e-115	339
WP_055983387.1	iEK1008.Rv0684	26.9	484	309	12	3	455	5	474	1.22e-48	178
WP_055983387.1	iSynCJ816.SGL_RS17200	28.7	488	293	12	6	458	3	470	4.76e-44	165
WP_055983387.1	iSynCJ816.SGL_RS10930	28.8	480	290	15	8	455	7	466	1.89e-42	160
WP_055983389.1	iJN1463.PP_4492	48.3	350	180	1	16	365	16	364	7.43e-104	312
WP_055983403.1	iAM_Pb448.PBANKA_146280	31.7	249	149	6	14	251	207	445	1.25e-31	120
WP_055983403.1	iAM_Pf480.PF3D7_1249900	31.2	247	152	6	17	251	374	614	3.21e-28	112
WP_055983408.1	iCN900.CD630_13320	37.5	280	150	5	1	269	7	272	6.03e-55	178
WP_055983408.1	iML1515.b3057	40.6	286	134	7	2	269	6	273	5.80e-52	170
WP_055983408.1	iSSON_1240.SSON_3194	40.2	286	135	7	2	269	6	273	8.18e-52	170
WP_055983408.1	iSbBS512_1146.SbBS512_E3488	40.2	286	135	7	2	269	6	273	1.63e-51	169
WP_055983408.1	iSF_1195.SF3098	40.2	286	135	7	2	269	6	273	1.63e-51	169
WP_055983408.1	iJN1463.PP_2862	39.6	268	139	4	6	265	10	262	5.11e-51	168
WP_055983408.1	STM_v1_0.STM3205	40.2	286	135	7	2	269	7	274	6.64e-51	167
WP_055983408.1	iYL1228.KPN_03461	39.2	286	138	7	2	269	6	273	1.43e-49	164
WP_055983410.1	iNF517.LLMG_RS07220	37.9	211	116	4	16	218	13	216	5.84e-39	137
WP_055983410.1	iEK1008.Rv2793c	37.7	215	117	4	11	218	8	212	1.70e-37	132
WP_055983410.1	iSynCJ816.SGL_RS18050	36.5	211	117	4	14	218	7	206	2.65e-35	126
WP_055983412.1	iYS854.USA300HOU_RS07985	36.0	242	142	8	2	233	4	242	7.72e-39	134
WP_055983412.1	iCN900.CD630_20500	32.9	237	148	7	5	231	2	237	9.07e-39	134
WP_055983424.1	iYS854.USA300HOU_RS07595	22.3	319	210	12	19	319	19	317	5.32e-11	63.9
WP_055983426.1	iHN637.CLJU_RS10465	33.0	352	220	4	46	382	286	636	4.45e-62	216
WP_055983431.1	iLB1027_lipid.PHATRDRAFT_54974	32.8	116	61	2	69	172	161	271	1.09e-13	71.2
WP_055983431.1	iEK1008.Rv3569c	33.1	121	77	2	52	170	24	142	3.66e-13	68.6
WP_055983431.1	iML1515.b0349	32.5	126	79	2	42	164	14	136	2.18e-12	66.2
WP_055983431.1	iYL1228.KPN_02120	35.0	100	62	1	68	164	37	136	9.76e-12	64.3
WP_055983438.1	iCN900.CD630_16260	32.2	363	204	7	1	322	1	362	2.25e-52	176
WP_055983438.1	iAF987.Gmet_0415	33.7	326	172	7	1	316	6	297	6.82e-46	164
WP_055983438.1	iCN900.CD630_14080	33.3	327	184	8	5	326	2	299	3.14e-48	163
WP_055983442.1	iCN900.CD630_35620	42.4	257	145	2	15	270	4	258	1.09e-66	208
WP_055983442.1	iAF987.Gmet_0547	42.0	255	145	2	13	266	2	254	4.20e-64	201
WP_055983442.1	iYO844.BSU28390	42.6	258	144	3	14	269	3	258	3.57e-63	199
WP_055983457.1	iCN900.CD630_30640	52.6	435	205	1	9	443	3	436	1.33e-169	483
WP_055983457.1	iLJ478.TM1667	52.9	437	201	2	9	443	3	436	1.40e-161	462
WP_055983457.1	iHN637.CLJU_RS08960	49.2	437	219	2	8	443	2	436	1.85e-158	454
WP_055983457.1	iYO844.BSU17600	50.5	434	213	2	10	443	11	442	3.33e-155	446
WP_055983457.1	iYL1228.KPN_03929	47.4	441	232	0	3	443	1	441	1.71e-152	439
WP_055983457.1	iSbBS512_1146.SbBS512_E3959	48.6	434	223	0	10	443	4	437	4.26e-152	438
WP_055983457.1	iSSON_1240.SSON_3820	48.6	434	223	0	10	443	4	437	4.26e-152	438
WP_055983457.1	iML1515.b3565	48.6	434	223	0	10	443	4	437	6.04e-152	438
WP_055983457.1	STM_v1_0.STM3661	47.9	434	226	0	10	443	4	437	8.56e-152	437
WP_055983457.1	iPC815.YPO4038	47.9	436	227	0	8	443	2	437	2.35e-151	436
WP_055983466.1	iJN1463.PP_4211	26.7	424	301	2	57	480	51	464	5.24e-39	147
WP_055983466.1	iSF_1195.SF0473	24.2	450	315	6	36	480	31	459	1.40e-36	140
WP_055983466.1	iSSON_1240.SSON_0523	23.6	450	318	6	36	480	31	459	4.59e-35	135
WP_055983479.1	iEK1008.Rv1426c	30.7	166	93	5	81	227	205	367	1.91e-13	69.3
WP_055983479.1	iEK1008.Rv0220	24.0	254	157	9	47	266	142	393	1.60e-11	63.5
WP_055983479.1	iEK1008.Rv1400c	36.7	90	52	1	60	144	85	174	2.20e-11	62.8
WP_055983491.1	iAF987.Gmet_2530	29.2	463	316	8	26	478	27	487	1.13e-52	192
WP_055983501.1	iHN637.CLJU_RS11570	22.4	259	156	12	11	247	9	244	7.82e-05	42.7
WP_055983501.1	iAF692.Mbar_A0171	22.7	260	169	10	11	255	9	251	1.39e-04	42.0
WP_055983501.1	iHN637.CLJU_RS02400	50.0	36	18	0	11	46	9	44	1.86e-04	41.6
WP_055983505.1	iYS854.USA300HOU_RS08635	37.7	382	228	6	3	381	2	376	9.53e-75	236
WP_055983505.1	iCN900.CD630_12790	36.1	382	235	5	3	381	5	380	4.31e-74	235
WP_055983505.1	iCN900.CD630_07530	37.8	378	223	6	3	376	2	371	1.10e-70	226
WP_055983519.1	iLJ478.TM0800	42.2	306	167	4	7	309	6	304	7.30e-75	232
WP_055983519.1	iCN900.CD630_11800	38.5	304	183	3	6	308	2	302	1.29e-68	216
WP_055983525.1	iSF_1195.SF0777	33.0	385	246	6	1	375	7	389	1.36e-56	190
WP_055983525.1	iML1515.b0827	32.7	395	254	6	1	385	7	399	1.90e-56	190
WP_055983525.1	iSbBS512_1146.SbBS512_E2521	33.0	385	246	6	1	375	7	389	1.90e-56	190
WP_055983525.1	iSSON_1240.SSON_0809	33.0	385	246	6	1	375	7	389	1.90e-56	190
WP_055983525.1	iYS854.USA300HOU_RS12310	30.8	402	261	7	2	389	9	407	9.42e-55	186
WP_055983525.1	iSDY_1059.SDY_0760	31.9	395	257	6	1	385	7	399	1.54e-54	185
WP_055983525.1	iAF987.Gmet_1804	32.5	394	254	7	6	390	6	396	3.83e-53	182
WP_055983525.1	iAF987.Gmet_0336	32.4	383	249	6	1	376	1	380	9.97e-53	180
WP_055983525.1	iAF987.Gmet_1038	32.9	398	257	6	1	390	1	396	1.74e-49	171
WP_055983529.1	iSynCJ816.SGL_RS04015	43.7	396	222	1	61	455	4	399	4.01e-98	309
WP_055983533.1	iCN900.CD630_21660	44.5	326	169	3	43	364	2	319	5.26e-90	273
WP_055983539.1	iML1515.b1093	28.8	243	139	6	3	244	2	211	1.69e-20	87.0
WP_055983539.1	iSbBS512_1146.SbBS512_E2231	28.8	243	139	6	3	244	2	211	1.69e-20	87.0
WP_055983539.1	iSF_1195.SF1097	28.8	243	139	6	3	244	2	211	1.69e-20	87.0
WP_055983539.1	iSSON_1240.SSON_1113	28.8	243	139	6	3	244	2	211	1.69e-20	87.0
WP_055983539.1	iMM1415.235033	32.3	220	114	7	5	217	4	195	9.53e-20	86.3
WP_055983539.1	iSDY_1059.SDY_2057	28.8	243	139	6	3	244	2	211	4.52e-20	85.9
WP_055983539.1	iCHOv1.100773401	34.4	215	106	8	10	217	9	195	2.35e-19	85.1
WP_055983539.1	iYL1228.KPN_01091	30.4	207	119	5	5	210	4	186	2.32e-19	84.0
WP_055983539.1	STM_v1_0.STM1195	28.2	241	139	6	5	244	4	211	2.32e-19	84.0
WP_055983539.1	iMM1415.77974	30.2	255	134	7	7	237	40	274	2.30e-18	82.4
WP_055983539.1	iNF517.LLMG_RS08260	31.3	208	119	5	6	212	2	186	1.90e-18	81.6
WP_055983539.1	iAF987.Gmet_1601	29.5	244	142	6	5	242	4	223	8.64e-18	79.7
WP_055983539.1	iPC815.YPO1599	29.5	207	121	5	5	210	4	186	8.37e-18	79.7
WP_055983539.1	iYS854.USA300HOU_RS06185	30.0	233	127	7	7	233	3	205	1.60e-17	79.0
WP_055983539.1	iCHOv1.100774340	31.5	216	114	8	7	212	56	247	6.90e-17	78.6
WP_055983549.1	iNF517.LLMG_RS08260	34.7	98	57	2	1	94	1	95	4.74e-10	57.8
WP_055983549.1	iCN718.ABAYE_RS09965	30.9	81	56	0	3	83	8	88	5.83e-09	54.7
WP_055983549.1	iYL1228.KPN_02546	22.7	185	138	2	3	187	8	187	9.40e-09	53.9
WP_055983549.1	iLB1027_lipid.PHATRDRAFT_25360	24.9	177	129	2	3	176	56	231	3.46e-08	52.8
WP_055983570.1	iJN1463.PP_3720	35.5	211	135	1	1	210	3	213	3.28e-45	150
WP_055983589.1	iHN637.CLJU_RS19680	45.5	385	201	3	1	378	1	383	6.90e-119	350
WP_055983589.1	iHN637.CLJU_RS12255	44.4	385	205	3	1	378	1	383	1.28e-116	344
WP_055983593.1	iML1515.b2132	48.4	735	366	4	41	771	37	762	3.93e-236	677
WP_055983593.1	iSDY_1059.SDY_2156	48.3	735	367	4	41	771	37	762	5.57e-236	677
WP_055983593.1	iSSON_1240.SSON_2189	48.3	735	367	4	41	771	37	762	1.12e-235	676
WP_055983593.1	iSbBS512_1146.SbBS512_E0841	48.3	735	367	4	41	771	37	762	3.17e-235	675
WP_055983593.1	iSF_1195.SF2217	48.2	735	368	4	41	771	37	762	3.17e-235	675
WP_055983593.1	iYL1228.KPN_02568	47.5	735	373	4	41	771	37	762	9.36e-232	666
WP_055983593.1	iJN1463.PP_1403	46.3	741	381	7	38	771	30	760	8.64e-224	646
WP_055983607.1	iJN1463.PP_1645	34.3	105	68	1	7	110	8	112	2.77e-14	63.5
WP_055983607.1	iPC815.YPO3070	30.9	110	74	2	3	110	4	113	7.98e-14	62.4
WP_055983609.1	iYO844.BSU00140	40.8	201	117	1	3	201	12	212	9.08e-52	166
WP_055983609.1	iYS854.USA300HOU_RS02920	38.3	196	119	1	3	196	12	207	1.16e-47	155
WP_055983618.1	iYO844.BSU33420	32.2	425	272	7	31	446	30	447	1.50e-54	194
WP_055983618.1	iJN1463.PP_1587	28.7	536	347	11	21	531	37	562	7.75e-55	193
WP_055983618.1	iEK1008.Rv2287	26.9	527	369	10	10	531	20	535	1.82e-53	189
WP_055983642.1	iJN1463.PP_5107	55.8	165	73	0	44	208	54	218	1.18e-60	189
WP_055983642.1	iML1515.b3208	56.6	173	73	2	37	208	56	227	9.18e-59	184
WP_055983644.1	iYO844.BSU33180	26.8	123	78	5	63	183	58	170	2.05e-04	42.4
WP_055983657.1	iML1515.b1856	37.2	121	73	3	142	260	288	407	6.13e-15	73.9
WP_055983657.1	iYS854.USA300HOU_RS01445	46.5	86	42	3	167	249	210	294	7.35e-14	70.1
WP_055983794.1	iAF987.Gmet_2999	27.5	182	119	3	2	177	9	183	1.96e-10	59.3
WP_055983797.1	iAF987.Gmet_0043	34.2	73	47	1	383	454	195	267	5.73e-04	42.0
WP_055983800.1	iAF987.Gmet_3508	26.9	324	225	3	42	355	86	407	4.87e-32	124
WP_055983803.1	iAF987.Gmet_3509	36.0	1042	644	7	5	1032	2	1034	8.01e-221	657
WP_055983803.1	iJN1463.PP_0043	35.7	1049	649	10	6	1031	3	1048	4.74e-204	614
WP_055983803.1	iJN1463.PP_2410	35.0	1053	648	11	6	1030	3	1047	4.50e-203	612
WP_055983809.1	iSynCJ816.SGL_RS10925	64.1	407	132	4	1	402	1	398	2.99e-183	514
WP_055983856.1	iCHOv1.100750518	34.0	415	249	12	21	424	178	578	2.61e-57	202
WP_055983856.1	iMM1415.18605	33.0	418	249	12	21	424	178	578	3.22e-56	199
WP_055983856.1	iMM1415.209558	31.4	408	231	11	43	424	159	543	2.18e-54	193
WP_055983867.1	iMM1415.436059	38.4	146	87	2	75	219	110	253	6.32e-28	115
WP_055983867.1	iCHOv1.100756666	37.9	132	79	2	89	219	125	254	5.65e-26	110
WP_055983867.1	iCHOv1.100767789	41.4	116	66	1	106	219	138	253	5.31e-25	107
WP_055983870.1	iSSON_1240.SSON_1983	49.9	491	243	3	2	490	3	492	5.87e-178	508
WP_055983870.1	iML1515.b1927	49.9	491	243	3	2	490	3	492	8.32e-178	508
WP_055983870.1	STM_v1_0.STM1963	49.3	491	246	3	2	490	3	492	8.04e-178	508
WP_055983870.1	iSDY_1059.SDY_1088	49.9	491	243	3	2	490	3	492	1.18e-177	507
WP_055983870.1	iSF_1195.SF1970	49.7	491	244	3	2	490	3	492	4.76e-177	506
WP_055983870.1	iSbBS512_1146.SbBS512_E1057	49.7	491	244	3	2	490	3	492	6.75e-177	505
WP_055983870.1	iYL1228.KPN_02419	48.3	491	251	3	2	490	3	492	2.71e-171	491
WP_055983876.1	iAM_Pb448.PBANKA_082630	37.3	51	27	1	52	97	30	80	9.05e-05	40.0
WP_055983882.1	iLJ478.TM1737	51.4	255	121	1	3	254	29	283	1.76e-84	254
WP_055983882.1	iHN637.CLJU_RS10190	46.4	265	142	0	5	269	13	277	5.15e-84	252
WP_055983882.1	iYO844.BSU23490	46.3	270	145	0	1	270	1	270	9.47e-83	249
WP_055983882.1	iCN900.CD630_12240	46.1	269	145	0	1	269	1	269	1.49e-81	246
WP_055983882.1	iMM1415.667034	45.8	262	131	4	3	255	23	282	1.39e-74	229
WP_055983885.1	iAF987.Gmet_2347	28.9	311	187	9	10	305	31	322	4.56e-26	106
WP_055983885.1	iYL1228.KPN_00942	27.1	325	199	10	6	324	16	308	2.93e-26	106
WP_055983885.1	STM_v1_0.STM0985	26.0	339	217	10	6	339	16	325	9.97e-25	102
WP_055983885.1	iPC815.YPO1396	26.3	320	202	11	6	321	16	305	1.35e-23	99.0
WP_055983888.1	iCN900.CD630_01030	38.8	240	142	4	5	241	6	243	5.66e-49	160
WP_055983888.1	iYS854.USA300HOU_RS12020	33.9	245	158	3	1	242	1	244	4.89e-47	156
WP_055983899.1	STM_v1_0.STM0984	33.1	577	378	5	2	572	5	579	4.20e-94	299
WP_055983899.1	iML1515.b0914	33.1	577	378	5	2	572	5	579	2.29e-93	297
WP_055983899.1	iSbBS512_1146.SbBS512_E2410	33.1	577	378	5	2	572	5	579	2.29e-93	297
WP_055983899.1	iSDY_1059.SDY_2344	33.1	577	378	5	2	572	5	579	2.29e-93	297
WP_055983899.1	iSF_1195.SF0910	33.1	577	378	5	2	572	5	579	2.29e-93	297
WP_055983899.1	iSSON_1240.SSON_0916	33.1	577	378	5	2	572	5	579	2.29e-93	297
WP_055983899.1	iYL1228.KPN_00941	32.6	577	381	5	2	572	5	579	3.22e-93	297
WP_055983899.1	iJN1463.PP_4935	35.5	498	298	7	85	569	102	589	5.03e-89	286
WP_055983899.1	iPC815.YPO1395	34.0	509	329	4	70	572	72	579	4.57e-88	283
WP_055983899.1	iAF987.Gmet_2349	33.1	493	324	3	85	572	78	569	1.72e-83	271
WP_055983908.1	iJN1463.PP_1400	68.7	425	129	2	3	427	16	436	4.30e-202	565
WP_055983922.1	iSynCJ816.SGL_RS12260	28.1	317	194	10	69	369	83	381	8.90e-21	94.0
WP_055983922.1	iYS854.USA300HOU_RS05260	29.1	247	152	6	35	280	87	311	1.01e-17	84.7
WP_055983927.1	iJN1463.PP_0121	24.5	282	194	8	1	280	1	265	1.30e-09	58.2
WP_055983952.1	iCN718.ABAYE_RS16270	33.9	62	39	1	207	268	109	168	2.09e-04	41.2
WP_055983953.1	iAF987.Gmet_2389	28.2	195	124	5	1	187	1	187	2.00e-15	70.9
WP_055983953.1	iJN1463.PP_0922	28.9	187	131	2	1	186	1	186	5.33e-13	64.3
WP_055983953.1	iPC815.YPO3193	25.5	192	135	5	1	187	1	189	5.25e-13	64.3
WP_055983970.1	iYS854.USA300HOU_RS06185	25.7	230	154	3	2	216	4	231	1.43e-17	79.0
WP_055983970.1	iEK1008.Rv1483	27.7	184	128	2	2	185	17	195	4.94e-15	72.0
WP_055983970.1	iCN900.CD630_26790	25.2	222	154	4	3	216	7	224	7.82e-15	71.6
WP_055983970.1	iMM1415.70750	25.2	226	154	3	2	216	34	255	2.10e-14	71.2
WP_055983976.1	iPC815.YPO2816	34.3	277	159	5	5	263	35	306	9.04e-41	142
WP_055983979.1	iAF692.Mbar_A1250	27.2	151	110	0	7	157	6	156	1.64e-11	60.5
WP_055983980.1	iYO844.BSU37150	55.6	527	232	2	6	531	2	527	1.40e-222	625
WP_055983980.1	iHN637.CLJU_RS01075	57.4	528	223	2	5	531	2	528	7.76e-222	623
WP_055983980.1	iYS854.USA300HOU_RS11480	54.3	530	241	1	6	534	2	531	1.28e-218	615
WP_055983980.1	iAF987.Gmet_1276	54.5	527	237	3	6	531	3	527	8.74e-200	567
WP_055983980.1	iSynCJ816.SGL_RS10805	50.5	531	261	2	6	535	2	531	2.85e-199	566
WP_055983989.1	iML1515.b0584	30.3	211	106	12	1	192	1	189	2.18e-05	48.1
WP_055983989.1	iSDY_1059.SDY_0512	30.3	211	106	12	1	192	1	189	2.18e-05	48.1
WP_055983989.1	iSF_1195.SF0496	30.3	211	106	12	1	192	1	189	2.18e-05	48.1
WP_055983989.1	iSSON_1240.SSON_0534	30.3	211	106	12	1	192	1	189	2.18e-05	48.1
WP_055983989.1	iSbBS512_1146.SbBS512_E0485	29.9	211	107	12	1	192	1	189	6.49e-05	46.6
WP_055983994.1	iNF517.LLMG_RS11600	30.3	594	376	12	1	586	1	564	7.00e-72	240
WP_055984005.1	iJN1463.PP_4253	34.0	147	71	4	90	217	26	165	1.20e-13	69.7
WP_055984005.1	iJN1463.PP_4258	31.6	152	78	5	92	217	28	179	3.25e-13	68.6
WP_055984007.1	iJN1463.PP_4255	48.4	496	224	5	8	502	10	474	9.73e-168	491
WP_055984007.1	iJN1463.PP_4250	50.4	478	210	4	8	484	9	460	6.33e-167	489
WP_055984007.1	iIT341.HP0144	42.7	503	256	5	7	500	8	487	7.56e-155	459
WP_055984024.1	iCN900.CD630_11820	41.6	255	139	4	1	255	1	245	4.76e-45	151
WP_055984024.1	iCN718.ABAYE_RS09790	34.8	256	160	3	4	255	5	257	4.04e-43	147
WP_055984024.1	iLJ478.TM1724	38.7	253	144	3	3	255	2	243	1.07e-42	145
WP_055984024.1	iCN900.CD630_26790	34.8	256	160	3	4	255	2	254	1.26e-40	140
WP_055984024.1	iYO844.BSU15910	37.7	252	147	3	4	255	2	243	2.01e-39	137
WP_055984029.1	iCHOv1.100754792	28.4	521	316	12	10	481	373	885	2.87e-57	208
WP_055984046.1	iPC815.YPO2157	73.8	328	85	1	3	330	5	331	3.08e-171	478
WP_055984046.1	STM_v1_0.STM1290	70.7	328	95	1	3	330	2	328	7.15e-167	467
WP_055984046.1	iML1515.b1779	70.7	328	95	1	3	330	2	328	1.01e-166	467
WP_055984046.1	iYL1228.KPN_01197	72.0	328	91	1	3	330	2	328	1.01e-166	467
WP_055984046.1	iSbBS512_1146.SbBS512_E2026	70.7	328	95	1	3	330	2	328	1.01e-166	467
WP_055984046.1	iSDY_1059.SDY_1488	70.7	328	95	1	3	330	2	328	1.01e-166	467
WP_055984046.1	iSF_1195.SF1444	70.7	328	95	1	3	330	2	328	1.01e-166	467
WP_055984046.1	iSSON_1240.SSON_1384	70.7	328	95	1	3	330	2	328	1.01e-166	467
WP_055984050.1	iYO844.BSU29190	53.8	325	142	3	6	328	1	319	8.20e-103	304
WP_055984050.1	iCN900.CD630_33950	49.8	323	158	2	6	328	1	319	3.51e-99	295
WP_055984050.1	iHN637.CLJU_RS01590	50.3	322	156	3	6	327	1	318	1.94e-98	293
WP_055984050.1	iYS854.USA300HOU_RS09010	54.8	303	133	2	6	307	1	300	1.26e-97	291
WP_055984050.1	iLJ478.TM0209	48.4	322	163	2	6	327	1	319	7.44e-96	286
WP_055984050.1	iNF517.LLMG_RS05680	51.3	300	143	2	6	305	1	297	3.33e-94	283
WP_055984060.1	iYS854.USA300HOU_RS13815	35.4	412	241	8	7	414	6	396	1.90e-66	218
WP_055984060.1	iNF517.LLMG_RS04750	34.5	391	236	7	51	440	38	409	2.94e-59	199
WP_055984069.1	iAF692.Mbar_A2221	29.0	390	240	11	36	401	41	417	1.90e-32	129
WP_055984069.1	iAF692.Mbar_A1823	26.7	389	250	11	36	401	40	416	6.59e-32	127
WP_055984072.1	iYO844.BSU16090	49.9	391	186	3	1	391	1	381	1.92e-127	372
WP_055984072.1	iCN718.ABAYE_RS04450	52.4	391	177	4	1	391	1	382	6.90e-126	368
WP_055984072.1	iYS854.USA300HOU_RS06265	48.4	395	194	3	1	395	1	385	3.94e-125	366
WP_055984072.1	iAF987.Gmet_2069	50.0	396	188	3	1	396	1	386	3.08e-124	363
WP_055984072.1	iAF987.Gmet_2261	49.5	396	190	3	1	396	1	386	1.57e-121	357
WP_055984072.1	STM_v1_0.STM0738	48.3	393	189	4	1	391	1	381	2.19e-119	351
WP_055984072.1	iYL1228.KPN_00734	48.3	393	189	4	1	391	1	381	1.25e-118	349
WP_055984072.1	iML1515.b0728	48.1	393	190	4	1	391	1	381	1.43e-117	347
WP_055984072.1	iSF_1195.SF0569	48.1	393	190	4	1	391	1	381	1.43e-117	347
WP_055984072.1	iSSON_1240.SSON_0679	48.1	393	190	4	1	391	1	381	1.43e-117	347
WP_055984072.1	iSDY_1059.SDY_0666	47.8	393	191	4	1	391	1	381	1.63e-116	344
WP_055984072.1	iSbBS512_1146.SbBS512_E0647	47.6	393	192	4	1	391	1	381	1.31e-115	342
WP_055984075.1	iML1515.b1330	26.0	289	174	9	10	277	59	328	6.86e-15	73.6
WP_055984078.1	iCN718.ABAYE_RS03640	74.8	210	52	1	1	209	1	210	6.52e-119	336
WP_055984087.1	iJN1463.PP_4217	24.4	747	479	20	32	761	133	810	8.51e-50	187
WP_055984088.1	iAF987.Gmet_2352	33.9	127	79	3	2	126	3	126	2.43e-11	63.5
WP_055984088.1	STM_v1_0.STM4433	33.0	100	65	1	52	149	54	153	9.58e-10	58.9
WP_055984091.1	iML1515.b0349	26.4	276	159	10	190	426	14	284	4.33e-10	60.1
WP_055984091.1	iYL1228.KPN_01542	21.5	251	168	7	205	428	1	249	2.52e-09	57.4
WP_055984094.1	iCN900.CD630_04310	24.1	556	295	19	2	516	3	472	3.02e-20	94.0
WP_055984094.1	iSSON_1240.SSON_4410	25.5	495	265	21	7	470	13	434	5.52e-19	90.1
WP_055984094.1	iNF517.LLMG_RS04060	23.9	560	313	19	4	528	3	484	2.93e-18	87.8
WP_055984094.1	iYO844.BSU03820	29.4	221	132	8	316	516	1	217	5.51e-19	86.7
WP_055984094.1	iML1515.b4485	24.7	511	249	20	7	470	13	434	9.46e-18	86.3
WP_055984094.1	iCN900.CD630_17760	29.2	243	125	8	316	533	1	221	7.76e-19	85.5
WP_055984094.1	iSF_1195.SF4262	24.3	511	251	20	7	470	13	434	2.94e-17	84.7
WP_055984103.1	iSynCJ816.SGL_RS08135	34.3	429	265	8	4	417	9	435	1.10e-75	242
WP_055984112.1	iCN900.CD630_15020	31.2	247	140	6	1	246	1	218	3.24e-28	106
WP_055984112.1	iYS854.USA300HOU_RS00730	33.6	253	129	9	2	248	1	220	2.12e-24	96.7
WP_055984112.1	iNF517.LLMG_RS05390	31.3	252	136	7	2	248	1	220	2.96e-24	96.3
WP_055984112.1	iYS854.USA300HOU_RS11540	34.0	253	128	9	2	248	1	220	2.96e-24	96.3
WP_055984115.1	iHN637.CLJU_RS17650	26.4	174	102	6	66	216	99	269	7.42e-06	47.0
WP_055984129.1	iCHOv1.100756786	41.8	466	247	7	10	452	14	478	1.12e-114	345
WP_055984129.1	iMM1415.22247	41.8	466	247	7	10	452	14	478	1.16e-114	345
WP_055984135.1	iAF692.Mbar_A2310	29.0	69	46	1	68	136	2	67	1.00e-05	42.0
WP_055984135.1	iCHOv1.100689433	32.8	58	33	1	63	114	350	407	4.34e-04	39.7
WP_055984140.1	iSynCJ816.SGL_RS06190	52.3	350	160	2	1	343	1	350	1.58e-125	364
WP_055984140.1	iLB1027_lipid.PHATRDRAFT_43429	50.0	360	169	4	3	351	28	387	8.93e-116	342
WP_055984145.1	iYO844.BSU35550	26.8	220	155	3	4	221	8	223	1.75e-16	76.6
WP_055984160.1	iYS854.USA300HOU_RS02640	34.8	112	72	1	4	114	5	116	1.83e-20	79.7
WP_055984160.1	iYO844.BSU00780	33.9	115	75	1	1	114	1	115	7.14e-20	78.2
WP_055984166.1	iSynCJ816.SGL_RS17340	56.4	305	132	1	31	335	15	318	7.28e-119	345
WP_055984168.1	iIT341.HP0321	42.3	182	103	2	4	185	7	186	3.09e-39	132
WP_055984168.1	iMM904.YDR454C	39.1	184	108	3	1	181	1	183	8.21e-38	128
WP_055984168.1	iSDY_1059.SDY_4080	41.9	179	100	3	6	182	8	184	8.01e-37	126
WP_055984168.1	iHN637.CLJU_RS06145	39.9	178	104	3	4	181	7	181	1.52e-36	125
WP_055984168.1	iML1515.b3648	41.3	179	101	3	6	182	8	184	8.98e-36	124
WP_055984168.1	iYL1228.KPN_03996	41.3	179	101	3	6	182	8	184	8.98e-36	124
WP_055984168.1	iSbBS512_1146.SbBS512_E4099	41.3	179	101	3	6	182	8	184	8.98e-36	124
WP_055984168.1	iSF_1195.SF3688	41.3	179	101	3	6	182	8	184	8.98e-36	124
WP_055984168.1	iSSON_1240.SSON_3757	41.3	179	101	3	6	182	8	184	8.98e-36	124
WP_055984168.1	iAF987.Gmet_2327	40.3	176	103	2	6	181	9	182	1.14e-35	123
WP_055984168.1	iLJ478.TM1689	35.9	181	114	2	3	183	4	182	3.57e-35	122
WP_055984168.1	iNF517.LLMG_RS10780	36.9	179	111	2	4	182	7	183	6.75e-35	121
WP_055984183.1	iSF_1195.SF0473	26.8	467	325	6	8	470	6	459	4.59e-51	179
WP_055984183.1	iML1515.b0572	26.3	464	327	4	8	468	6	457	1.62e-50	177
WP_055984183.1	iSSON_1240.SSON_0523	26.3	467	327	6	8	470	6	459	3.34e-50	177
WP_055984183.1	iYL1228.KPN_04739	26.6	451	308	6	26	469	61	495	9.48e-49	174
WP_055984183.1	iJN1463.PP_1384	28.4	464	311	10	15	469	15	466	1.44e-48	173
WP_055984186.1	iJN1463.PP_3426	40.9	1050	602	7	3	1039	5	1048	1.20e-259	759
WP_055984186.1	STM_v1_0.STM3391	39.2	1036	604	15	5	1027	5	1027	3.03e-232	687
WP_055984186.1	iYL1228.KPN_03673	39.2	1037	606	14	3	1027	3	1026	2.32e-231	685
WP_055984189.1	iML1515.b0463	31.1	373	251	5	10	379	13	382	1.57e-51	176
WP_055984189.1	iSSON_1240.SSON_0450	31.1	373	251	5	10	379	13	382	2.20e-51	176
WP_055984189.1	iSF_1195.SF0408	31.1	373	251	5	10	379	13	382	8.47e-51	174
WP_055984189.1	iSDY_1059.SDY_0456	30.8	373	252	5	10	379	13	382	2.32e-50	173
WP_055984189.1	STM_v1_0.STM3390	31.5	372	245	6	8	372	6	374	5.83e-46	161
WP_055984189.1	iML1515.b3265	30.2	364	249	4	11	372	14	374	2.22e-45	160
WP_055984189.1	iSbBS512_1146.SbBS512_E3648	30.2	364	249	4	11	372	14	374	2.22e-45	160
WP_055984203.1	iYL1228.KPN_02303	43.5	483	266	4	13	489	52	533	9.85e-132	393
WP_055984203.1	STM_v1_0.STM1796	42.4	483	271	3	13	489	54	535	1.79e-129	387
WP_055984203.1	iML1515.b1197	41.2	483	277	3	13	489	47	528	1.74e-125	377
WP_055984203.1	iSDY_1059.SDY_1246	41.0	483	278	3	13	489	47	528	2.76e-124	374
WP_055984203.1	iSF_1195.SF1200	40.8	483	279	3	13	489	47	528	1.10e-123	372
WP_055984203.1	iML1515.b3519	40.1	484	280	7	13	489	62	542	7.65e-123	369
WP_055984203.1	iSbBS512_1146.SbBS512_E3922	40.1	484	280	7	13	489	62	542	7.65e-123	369
WP_055984203.1	iSF_1195.SF3550	39.9	484	281	7	13	489	62	542	1.53e-122	369
WP_055984203.1	iSSON_1240.SSON_3567	39.9	484	281	7	13	489	62	542	1.53e-122	369
WP_055984203.1	STM_v1_0.STM3603	39.9	486	278	8	13	489	62	542	3.05e-122	368
WP_055984203.1	iYL1228.KPN_03869	40.5	484	278	7	13	489	62	542	2.50e-121	365
WP_055984206.1	iJN1463.PP_0525	25.0	188	130	4	35	220	55	233	5.11e-08	56.2
WP_055984206.1	STM_v1_0.STM2777	25.2	230	142	9	3	213	6	224	2.80e-07	53.9
WP_055984206.1	iJN1463.PP_2242	29.1	175	102	8	57	213	67	237	8.45e-07	52.4
WP_055984206.1	iML1515.b2155	28.7	150	97	6	36	182	31	173	1.83e-06	51.2
WP_055984206.1	iSSON_1240.SSON_2211	28.7	150	97	6	36	182	31	173	1.83e-06	51.2
WP_055984206.1	iSDY_1059.SDY_1022	26.1	165	100	7	56	202	51	211	2.50e-06	50.8
WP_055984214.1	iEK1008.Rv2581c	35.7	221	127	5	4	212	3	220	3.99e-35	123
WP_055984214.1	iCN900.CD630_27420	37.0	211	119	7	4	210	3	203	5.22e-34	120
WP_055984226.1	iJN1463.PP_0744	44.4	333	180	3	4	332	6	337	8.22e-103	305
WP_055984231.1	iLB1027_lipid.PHATRDRAFT_16693	28.0	186	118	5	108	283	13	192	4.16e-16	74.7
WP_055984234.1	iML1515.b1400	30.6	98	67	1	4	101	3	99	8.82e-09	52.4
WP_055984250.1	iAF987.Gmet_1626	45.6	373	191	3	9	373	6	374	2.99e-100	302
WP_055984250.1	iCN900.CD630_16980	43.7	375	197	4	7	373	3	371	5.61e-97	293
WP_055984250.1	iYO844.BSU23260	44.9	374	192	4	9	373	5	373	1.16e-96	293
WP_055984250.1	iSynCJ816.SGL_RS10240	43.4	376	203	5	7	373	3	377	1.06e-94	293
WP_055984250.1	iJN1463.PP_0516	42.4	368	204	5	4	371	7	366	3.02e-95	288
WP_055984250.1	iJN1463.PP_3813	42.3	371	199	6	7	371	4	365	1.12e-90	276
WP_055984250.1	iHN637.CLJU_RS10830	42.2	374	208	4	5	373	4	374	1.17e-88	272
WP_055984253.1	iCN900.CD630_25840	39.9	306	173	5	4	305	1	299	1.43e-76	236
WP_055984253.1	iAF987.Gmet_3339	39.2	309	179	5	1	307	1	302	2.00e-68	215
WP_055984253.1	iYS854.USA300HOU_RS06110	38.1	307	181	6	5	308	3	303	2.83e-68	215
WP_055984256.1	iYS854.USA300HOU_RS07595	32.9	414	252	8	15	407	6	414	2.95e-59	205
WP_055984258.1	iML1515.b0957	38.4	86	50	1	378	460	219	304	2.46e-09	58.5
WP_055984258.1	iSbBS512_1146.SbBS512_E2359	38.4	86	50	1	378	460	219	304	2.46e-09	58.5
WP_055984258.1	iSDY_1059.SDY_0930	38.4	86	50	1	378	460	223	308	2.51e-09	58.5
WP_055984258.1	iSF_1195.SF0957	38.4	86	50	1	378	460	221	306	2.48e-09	58.5
WP_055984258.1	iSSON_1240.SSON_0961	38.4	86	50	1	378	460	219	304	2.46e-09	58.5
WP_055984258.1	iYL1228.KPN_00986	36.0	86	52	1	378	460	229	314	3.42e-09	58.2
WP_055984261.1	iYL1228.KPN_00986	35.4	82	52	1	392	472	233	314	4.63e-08	54.7
WP_055984261.1	iML1515.b0957	35.4	82	52	1	392	472	223	304	1.02e-06	50.4
WP_055984261.1	iSbBS512_1146.SbBS512_E2359	35.4	82	52	1	392	472	223	304	1.02e-06	50.4
WP_055984261.1	iSDY_1059.SDY_0930	35.4	82	52	1	392	472	227	308	1.03e-06	50.4
WP_055984261.1	iSF_1195.SF0957	35.4	82	52	1	392	472	225	306	1.02e-06	50.4
WP_055984261.1	iSSON_1240.SSON_0961	35.4	82	52	1	392	472	223	304	1.02e-06	50.4
WP_055984265.1	iNF517.LLMG_RS06775	33.9	127	78	4	4	129	2	123	3.34e-13	64.7
WP_055984265.1	iCN718.ABAYE_RS15840	32.3	127	79	3	10	136	9	128	3.71e-13	62.4
WP_055984265.1	iYO844.BSU00790	30.1	123	80	3	8	129	7	124	1.16e-12	61.2
WP_055984265.1	iCN900.CD630_14520	32.1	134	83	5	5	136	3	130	1.65e-12	60.8
WP_055984265.1	iHN637.CLJU_RS03130	28.9	114	76	2	10	122	126	235	2.05e-11	59.3
WP_055984267.1	iAF987.Gmet_1750	35.6	219	133	1	300	518	39	249	1.82e-33	129
WP_055984275.1	iPC815.YPO2616	24.9	470	313	16	72	535	74	509	3.23e-21	96.7
WP_055984280.1	iJN1463.PP_5095	36.8	266	162	4	2	265	5	266	9.03e-46	154
WP_055984280.1	iCN718.ABAYE_RS15715	35.8	204	130	1	62	265	65	267	3.15e-40	140
WP_055984293.1	iJN1463.PP_1904	45.5	336	179	4	3	337	19	351	1.13e-102	305
WP_055984295.1	iCN900.CD630_13390	50.4	393	194	1	3	395	2	393	5.47e-134	389
WP_055984295.1	iHN637.CLJU_RS10450	48.5	392	201	1	4	395	3	393	1.17e-130	380
WP_055984322.1	iYL1228.KPN_03599	35.3	436	254	7	5	435	4	416	4.67e-79	250
WP_055984322.1	iPC815.YPO3569	34.9	436	257	7	5	435	4	417	1.34e-78	249
WP_055984322.1	iCN718.ABAYE_RS15605	34.7	432	263	7	5	435	4	417	7.04e-78	247
WP_055984322.1	iEK1008.Rv1315	35.9	437	257	6	1	435	1	416	7.04e-78	247
WP_055984322.1	iYS854.USA300HOU_RS11340	34.9	436	255	8	7	435	6	419	3.01e-77	246
WP_055984322.1	iIT341.HP0648	33.9	439	259	7	5	435	4	419	2.42e-76	243
WP_055984322.1	iJN1463.PP_0964	34.4	436	257	7	7	435	6	419	6.56e-76	242
WP_055984322.1	iAF987.Gmet_0382	33.3	430	266	6	7	435	6	415	1.16e-75	241
WP_055984322.1	STM_v1_0.STM3307	34.9	436	256	7	5	435	4	416	2.67e-74	238
WP_055984322.1	iML1515.b3189	34.4	436	258	7	5	435	4	416	5.79e-73	234
WP_055984322.1	iSF_1195.SF3229	34.4	436	258	7	5	435	4	416	5.79e-73	234
WP_055984322.1	iSSON_1240.SSON_3337	34.4	436	258	7	5	435	4	416	5.79e-73	234
WP_055984322.1	iYS854.USA300HOU_RS11465	34.3	428	262	7	5	432	6	414	1.15e-72	234
WP_055984322.1	iSbBS512_1146.SbBS512_E3581	34.2	436	259	7	5	435	4	416	2.27e-72	233
WP_055984322.1	iSDY_1059.SDY_3370	33.9	436	260	7	5	435	4	416	6.32e-72	232
WP_055984322.1	iSynCJ816.SGL_RS13460	33.9	434	266	8	5	435	17	432	2.91e-71	231
WP_055984322.1	iHN637.CLJU_RS01205	34.0	429	266	6	7	435	6	417	4.90e-71	229
WP_055984322.1	iYO844.BSU37100	34.1	431	264	8	5	434	4	415	1.26e-70	229
WP_055984322.1	iCN900.CD630_01230	34.0	430	263	8	7	435	12	421	1.52e-70	228
WP_055984332.1	iJN1463.PP_3668	70.3	761	200	8	9	758	5	750	0.0	1077
WP_055984336.1	iHN637.CLJU_RS10635	26.1	157	106	6	4	157	3	152	8.37e-06	47.8
WP_055984336.1	iHN637.CLJU_RS06865	27.7	166	103	9	4	161	7	163	8.84e-06	47.8
WP_055984336.1	iSynCJ816.SGL_RS05125	27.4	168	108	7	5	164	21	182	3.42e-05	45.8
WP_055984336.1	iCN900.CD630_32740	30.1	123	79	4	5	127	4	119	1.06e-04	44.3
WP_055984336.1	iYS854.USA300HOU_RS13840	28.0	157	102	6	7	159	6	155	1.07e-04	44.3
WP_055984339.1	iYS854.USA300HOU_RS11405	40.4	188	100	5	32	214	29	209	3.15e-35	123
WP_055984339.1	iYO844.BSU36890	38.4	185	108	4	32	214	29	209	2.73e-33	118
WP_055984339.1	iYL1228.KPN_02821	37.0	189	107	4	31	214	27	208	5.83e-32	115
WP_055984339.1	iNF517.LLMG_RS10940	37.3	185	112	3	32	214	29	211	8.86e-32	114
WP_055984339.1	iLJ478.TM0721	39.4	188	102	4	32	214	29	209	4.66e-31	112
WP_055984339.1	STM_v1_0.STM2498	36.5	189	108	4	31	214	27	208	1.27e-30	111
WP_055984342.1	iCN718.ABAYE_RS14020	25.0	224	145	6	2	202	80	303	2.89e-09	55.8
WP_055984354.1	iLJ478.TM0038	32.4	136	64	4	4	138	3	111	1.95e-14	65.1
WP_055984357.1	iAF987.Gmet_2776	27.2	206	146	2	38	243	23	224	5.02e-25	99.4
WP_055984380.1	iEK1008.Rv0386	43.2	44	25	0	160	203	1027	1070	2.92e-04	41.2
WP_055984390.1	iCN900.CD630_04310	24.0	550	327	16	2	531	5	483	9.80e-25	107
WP_055984398.1	iJN1463.PP_0525	32.3	93	61	1	128	218	84	176	1.76e-06	51.2
WP_055984398.1	STM_v1_0.STM2199	18.7	716	441	19	120	797	51	663	5.34e-06	49.7
WP_055984398.1	iML1515.b2155	19.3	719	433	20	120	797	51	663	2.76e-05	47.4
WP_055984398.1	iSSON_1240.SSON_2211	19.3	719	433	20	120	797	51	663	2.76e-05	47.4
WP_055984398.1	iYL1228.KPN_02593	28.7	115	78	1	120	230	32	146	6.20e-05	46.2
WP_055984440.1	iAT_PLT_636.7384	33.1	151	92	4	13	163	32	173	1.51e-14	77.0
WP_055984440.1	iMM1415.22273	34.5	145	86	4	19	163	38	173	1.51e-14	77.0
WP_055984440.1	iAM_Pv461.PVX_087035	24.8	234	159	7	15	244	11	231	7.30e-13	71.6
WP_055984454.1	iCHOv1.100766004	44.0	191	105	2	3	191	17	207	2.49e-50	162
WP_055984463.1	iAF987.Gmet_1264	43.7	135	60	5	8	137	19	142	1.38e-19	84.3
WP_055984466.1	iYS854.USA300HOU_RS03880	23.9	582	369	24	75	609	52	606	6.29e-14	74.7
WP_055984472.1	iLB1027_lipid.PHATRDRAFT_20183	51.1	325	154	2	5	324	31	355	6.02e-112	328
WP_055984472.1	iMM904.YBR221C	49.8	327	157	4	5	325	40	365	8.39e-111	326
WP_055984472.1	iAT_PLT_636.5162	50.0	330	160	2	1	325	12	341	1.21e-109	322
WP_055984472.1	iMM1415.68263	50.0	326	158	2	5	325	34	359	7.10e-108	318
WP_055984472.1	iCHOv1.100774878	50.0	326	158	2	5	325	37	362	3.15e-107	317
WP_055984472.1	iCN900.CD630_00370	49.2	319	161	1	3	320	5	323	1.11e-104	309
WP_055984472.1	iAF987.Gmet_2753	46.0	324	174	1	1	323	1	324	2.22e-104	308
WP_055984472.1	iIS312.TCDM_03948	46.5	316	164	2	5	315	23	338	2.35e-103	306
WP_055984474.1	iJN1463.PP_1200	36.3	531	292	16	19	525	22	530	9.87e-93	300
WP_055984474.1	iYL1228.KPN_04152	40.6	438	242	10	22	448	14	444	2.68e-92	298
WP_055984474.1	iPC815.YPO0006	40.3	439	242	9	22	448	14	444	1.52e-90	293
WP_055984474.1	iML1515.b3747	38.4	440	249	11	22	448	14	444	1.20e-88	288
WP_055984474.1	iSbBS512_1146.SbBS512_E4173	38.4	440	249	11	22	448	14	444	1.20e-88	288
WP_055984474.1	iSSON_1240.SSON_3917	38.4	440	249	11	22	448	14	444	1.20e-88	288
WP_055984474.1	iSF_1195.SF3828	38.2	440	250	11	22	448	14	444	1.68e-88	288
WP_055984474.1	STM_v1_0.STM3880	38.4	438	252	10	22	448	14	444	1.76e-87	285
WP_055984474.1	iSDY_1059.SDY_4001	38.2	442	249	12	22	448	14	446	9.89e-87	283
WP_055984474.1	iAF692.Mbar_A3491	35.4	523	290	12	14	505	3	508	6.23e-86	281
WP_055984489.1	iIT341.HP0772	41.9	124	66	4	16	134	208	330	5.71e-16	74.7
WP_055984489.1	iYO844.BSU35620	34.8	155	89	5	21	166	316	467	4.46e-14	69.3
WP_055984489.1	iAF987.Gmet_1425	40.9	88	51	1	19	105	194	281	1.03e-13	68.2
WP_055984495.1	iCHOv1.100753308	48.8	205	90	2	24	213	57	261	3.10e-66	204
WP_055984495.1	iSynCJ816.SGL_RS10830	49.8	211	105	1	3	213	21	230	9.63e-66	202
WP_055984495.1	iMM1415.103711	47.8	205	92	2	24	213	57	261	1.43e-64	200
WP_055984500.1	iIT341.HP0034	56.5	115	49	1	1	115	1	114	1.73e-38	125
WP_055984500.1	iYO844.BSU22410	50.9	110	54	0	5	114	5	114	3.13e-36	119
WP_055984500.1	iYS854.USA300HOU_RS14075	52.8	106	50	0	5	110	1	106	2.78e-36	119
WP_055984500.1	iEK1008.Rv3601c	53.2	109	51	0	1	109	1	109	1.46e-34	115
WP_055984542.1	iCHOv1.100774083	32.5	653	408	18	30	667	62	696	6.53e-90	294
WP_055984556.1	iAF692.Mbar_A1202	29.5	353	208	9	215	545	7	340	1.09e-37	141
WP_055984565.1	iCN900.CD630_22450	52.2	483	202	7	5	482	7	465	1.79e-177	505
WP_055984565.1	iPC815.YPO1412	52.0	483	204	8	6	482	6	466	5.30e-172	491
WP_055984565.1	iYL1228.KPN_00961	52.2	483	203	8	6	482	6	466	6.10e-171	489
WP_055984565.1	STM_v1_0.STM1000	52.5	484	200	9	6	482	6	466	6.10e-171	489
WP_055984565.1	iSbBS512_1146.SbBS512_E2388	52.2	483	203	8	6	482	6	466	8.64e-171	488
WP_055984565.1	iSF_1195.SF0927	52.2	483	203	8	6	482	6	466	8.64e-171	488
WP_055984565.1	iSSON_1240.SSON_0933	52.2	483	203	8	6	482	6	466	8.64e-171	488
WP_055984565.1	iSDY_1059.SDY_2327	52.2	483	203	8	6	482	6	466	3.49e-170	487
WP_055984565.1	iSynCJ816.SGL_RS16775	51.6	486	207	8	1	482	1	462	1.41e-168	483
WP_055984571.1	iEK1008.Rv2505c	53.6	535	243	4	2	533	11	543	2.33e-203	577
WP_055984571.1	iJN1463.PP_4063	49.0	553	262	2	2	534	3	555	1.46e-192	550
WP_055984584.1	iAF987.Gmet_1092	50.8	258	125	1	30	287	43	298	1.40e-83	253
WP_055984589.1	iHN637.CLJU_RS17105	44.3	872	452	15	2	853	6	863	7.68e-246	710
WP_055984589.1	iYS854.USA300HOU_RS08810	43.4	882	458	13	1	860	1	863	2.86e-244	706
WP_055984589.1	iCN900.CD630_32560	42.7	897	467	15	3	871	6	883	1.36e-242	702
WP_055984589.1	iLJ478.TM1817	43.0	880	474	12	2	871	3	864	5.81e-241	697
WP_055984589.1	iNF517.LLMG_RS12325	43.1	895	463	16	2	871	4	877	1.71e-238	691
WP_055984589.1	iAF987.Gmet_0956	41.6	891	473	13	2	864	5	876	1.01e-230	672
WP_055984599.1	iCN900.CD630_02990	32.3	285	192	1	10	293	4	288	8.76e-51	169
WP_055984624.1	iCHOv1.100761591	29.7	599	329	17	19	533	151	741	1.36e-59	211
WP_055984624.1	iMM1415.20133	29.7	599	329	17	19	533	151	741	1.36e-59	211
WP_055984624.1	iMM904.YIL066C	29.0	607	335	19	19	537	151	749	3.53e-55	199
WP_055984624.1	iMM904.YER070W	29.0	607	335	19	19	537	151	749	5.48e-55	199
WP_055984624.1	iAM_Pc455.PCYB_132180	28.6	605	338	18	19	537	179	775	7.09e-55	198
WP_055984624.1	iAM_Pf480.PF3D7_1437200	29.8	563	306	18	57	537	231	786	1.05e-54	197
WP_055984624.1	iAM_Pb448.PBANKA_061160	30.4	563	303	19	57	537	231	786	1.96e-54	197
WP_055984624.1	iAM_Pv461.PVX_084685	28.3	605	340	18	19	537	190	786	5.02e-54	196
WP_055984624.1	iCN718.ABAYE_RS15285	29.9	589	294	12	47	533	304	875	2.20e-53	194
WP_055984624.1	iJN1463.PP_1179	29.0	566	291	12	66	533	356	908	2.34e-53	194
WP_055984630.1	iAM_Pb448.PBANKA_103660	20.4	313	222	10	7	313	40	331	3.54e-08	53.9
WP_055984630.1	iAM_Pc455.PCYB_135090	20.1	313	223	10	7	313	46	337	6.43e-08	53.1
WP_055984630.1	iAM_Pf480.PF3D7_1405600	19.8	313	224	10	7	313	40	331	1.50e-07	52.0
WP_055984630.1	iAM_Pv461.PVX_086155	19.8	313	224	10	7	313	40	331	1.50e-07	52.0
WP_055984633.1	iCN900.CD630_19470	46.0	215	115	1	5	218	13	227	1.94e-56	179
WP_055984633.1	iJN1463.PP_4210	41.0	227	133	1	1	226	5	231	3.20e-52	178
WP_055984633.1	iYO844.BSU30420	42.6	223	123	2	1	218	1	223	8.50e-56	177
WP_055984633.1	iYS854.USA300HOU_RS13040	41.8	220	121	4	1	218	1	215	8.96e-50	162
WP_055984633.1	iCN900.CD630_14890	46.9	207	104	3	1	206	1	202	2.03e-48	161
WP_055984638.1	iJN1463.PP_4210	26.6	406	257	13	17	409	277	654	5.56e-28	115
WP_055984642.1	iJN1463.PP_4210	25.7	412	264	14	20	423	277	654	1.82e-26	111
WP_055984645.1	iJN1463.PP_5386	25.5	153	98	5	226	373	233	374	1.44e-04	43.5
WP_055984653.1	iIT341.HP0825	28.6	283	178	10	6	268	3	281	1.94e-19	86.3
WP_055984653.1	iNF517.LLMG_RS08000	27.6	294	198	9	2	283	3	293	3.22e-18	82.8
WP_055984653.1	iYO844.BSU34790	25.2	309	212	9	2	296	4	307	6.60e-18	82.0
WP_055984653.1	iCN900.CD630_23560	25.2	314	214	9	1	296	1	311	2.02e-16	77.8
WP_055984656.1	iAF987.Gmet_1605	58.3	410	155	1	4	413	11	404	1.07e-160	458
WP_055984656.1	STM_v1_0.STM2555	57.6	406	158	2	4	409	15	406	6.56e-160	456
WP_055984656.1	iML1515.b2551	58.6	406	154	2	4	409	15	406	1.32e-159	456
WP_055984656.1	iSbBS512_1146.SbBS512_E2916	58.6	406	154	2	4	409	15	406	1.32e-159	456
WP_055984656.1	iSF_1195.SF2598	58.6	406	154	2	4	409	15	406	1.32e-159	456
WP_055984656.1	iSSON_1240.SSON_2634	58.6	406	154	2	4	409	15	406	1.32e-159	456
WP_055984656.1	iYS854.USA300HOU_RS11410	57.7	411	157	2	3	412	10	404	1.11e-159	456
WP_055984656.1	iSDY_1059.SDY_2741	58.4	406	155	2	4	409	15	406	5.33e-159	454
WP_055984656.1	iYL1228.KPN_02876	57.1	406	160	2	4	409	15	406	7.56e-159	454
WP_055984656.1	iSynCJ816.SGL_RS04690	56.6	415	165	1	7	421	19	418	2.00e-156	448
WP_055984656.1	iJN1463.PP_0671	55.9	406	164	2	4	409	15	405	3.29e-155	444
WP_055984656.1	iYO844.BSU36900	55.9	406	163	1	4	409	11	400	5.01e-154	441
WP_055984656.1	iJN1463.PP_0322	55.9	408	166	1	2	409	13	406	5.37e-154	441
WP_055984656.1	iHN637.CLJU_RS05640	56.1	417	165	3	4	420	13	411	1.38e-153	440
WP_055984656.1	iPC815.YPO2907	57.0	402	159	2	8	409	19	406	6.18e-153	439
WP_055984656.1	iLJ478.TM0720	55.6	417	164	3	4	414	12	413	7.06e-152	436
WP_055984656.1	iCN718.ABAYE_RS06300	55.5	402	165	1	8	409	18	405	7.11e-152	436
WP_055984656.1	iCN900.CD630_27260	57.0	386	150	1	4	389	12	381	1.29e-151	435
WP_055984656.1	iAF692.Mbar_A2316	53.5	409	175	1	4	412	11	404	1.39e-150	432
WP_055984656.1	iNF517.LLMG_RS02930	53.2	406	174	2	8	412	19	409	5.76e-143	413
WP_055984659.1	iCN718.ABAYE_RS18875	39.7	463	260	9	164	615	146	600	3.68e-95	305
WP_055984659.1	iJN1463.PP_1805	44.3	375	185	5	276	627	294	667	3.12e-89	291
WP_055984668.1	iCN718.ABAYE_RS18925	58.6	435	162	5	4	433	3	424	1.50e-180	509
WP_055984676.1	iEK1008.Rv3265c	24.8	210	139	7	34	227	29	235	3.25e-08	53.5
WP_055984676.1	iYO844.BSU35680	26.2	141	99	2	2	137	9	149	2.48e-06	48.5
WP_055984686.1	STM_v1_0.STM2086	28.3	230	145	5	69	287	99	319	2.22e-16	78.6
WP_055984689.1	iML1515.b2032	24.8	258	172	8	78	318	90	342	9.70e-11	62.0
WP_055984689.1	STM_v1_0.STM2086	29.0	169	108	7	141	304	150	311	1.24e-09	58.5
WP_055984691.1	iCN718.ABAYE_RS18875	34.3	286	163	7	3	268	281	561	7.93e-38	142
WP_055984697.1	iAF987.Gmet_1504	33.7	329	211	3	4	327	1	327	2.13e-58	194
WP_055984697.1	iHN637.CLJU_RS16795	30.1	362	237	7	4	363	1	348	1.38e-53	180
WP_055984697.1	iAF692.Mbar_A0052	32.3	328	211	6	4	327	1	321	2.56e-53	180
WP_055984702.1	STM_v1_0.STM2082	36.8	201	107	4	3	185	276	474	2.58e-33	123
WP_055984702.1	iML1515.b2047	38.0	187	102	4	7	181	274	458	2.13e-30	115
WP_055984708.1	iAF987.Gmet_2351	33.4	347	205	11	32	372	34	360	1.60e-46	162
WP_055984708.1	iAF987.Gmet_0886	30.6	386	245	8	7	378	8	384	2.76e-44	157
WP_055984711.1	STM_v1_0.STM2082	28.6	206	103	4	5	183	277	465	2.57e-17	78.6
WP_055984711.1	iML1515.b2047	30.3	195	106	6	12	189	278	459	5.49e-16	74.7
WP_055984714.1	iAF692.Mbar_A0230	60.0	170	68	0	1	170	1	170	6.35e-72	214
WP_055984714.1	iSF_1195.SF2101	52.8	176	81	1	1	176	1	174	9.53e-64	194
WP_055984730.1	iAF987.Gmet_1919	27.4	124	90	0	1	124	1	124	6.53e-10	60.5
WP_055984730.1	iAF987.Gmet_1914	25.4	122	91	0	3	124	2	123	2.17e-09	59.3
WP_055984733.1	iAM_Pb448.PBANKA_145350	30.0	273	151	8	2	235	316	587	9.49e-27	112
WP_055984733.1	iAM_Pv461.PVX_100900	29.7	269	149	7	6	235	334	601	5.66e-26	110
WP_055984733.1	iAM_Pc455.PCYB_146470	31.9	226	115	6	6	192	329	554	4.64e-24	104
WP_055984736.1	iAF987.Gmet_2355	52.6	331	154	1	4	334	6	333	3.46e-33	125
WP_055984739.1	iJN1463.PP_1343	37.7	297	156	5	5	298	4	274	8.88e-54	182
WP_055984742.1	iAF987.Gmet_2353	42.6	195	111	1	62	255	62	256	3.37e-50	165
WP_055984745.1	iCN718.ABAYE_RS08265	40.0	60	36	0	158	217	183	242	1.62e-09	57.8
WP_055984745.1	iSbBS512_1146.SbBS512_E0172	49.2	59	30	0	159	217	181	239	1.55e-09	57.8
WP_055984745.1	iSF_1195.SF0169	49.2	59	30	0	159	217	181	239	1.55e-09	57.8
WP_055984745.1	iSSON_1240.SSON_0191	49.2	59	30	0	159	217	181	239	1.55e-09	57.8
WP_055984745.1	iML1515.b0179	47.5	59	31	0	159	217	181	239	2.07e-09	57.4
WP_055984745.1	iSDY_1059.SDY_0195	47.5	59	31	0	159	217	181	239	2.07e-09	57.4
WP_055984745.1	iYL1228.KPN_00192	49.2	59	30	0	159	217	181	239	2.78e-09	57.0
WP_055984745.1	STM_v1_0.STM0226	49.2	59	30	0	159	217	181	239	2.78e-09	57.0
WP_055984745.1	iPC815.YPO1054	47.5	59	31	0	159	217	181	239	1.20e-08	55.1
WP_055984748.1	iYO844.BSU16100	60.6	289	113	1	1	289	1	288	3.37e-122	351
WP_055984748.1	STM_v1_0.STM0739	59.5	289	116	1	1	289	1	288	2.24e-115	333
WP_055984748.1	iYS854.USA300HOU_RS06270	57.5	285	120	1	1	285	1	284	4.94e-115	333
WP_055984748.1	iYL1228.KPN_00735	58.8	289	118	1	1	289	1	288	1.28e-114	331
WP_055984748.1	iJN1463.PP_4185	60.1	288	114	1	1	288	1	287	1.52e-114	331
WP_055984748.1	iAF987.Gmet_2068	59.7	288	114	2	1	288	1	286	2.31e-114	331
WP_055984748.1	iPC815.YPO1116	59.2	289	117	1	1	289	1	288	1.89e-114	331
WP_055984748.1	iSF_1195.SF0568	59.2	289	117	1	1	289	1	288	2.11e-113	328
WP_055984748.1	iML1515.b0729	59.2	289	117	1	1	289	1	288	2.99e-113	328
WP_055984748.1	iAF987.Gmet_2260	58.3	288	118	2	1	288	1	286	3.20e-113	328
WP_055984748.1	iSbBS512_1146.SbBS512_E0648	59.2	289	117	1	1	289	1	288	2.99e-113	328
WP_055984748.1	iSSON_1240.SSON_0680	59.2	289	117	1	1	289	1	288	2.99e-113	328
WP_055984748.1	iCN718.ABAYE_RS04455	56.4	291	124	2	1	289	1	290	7.62e-113	327
WP_055984748.1	iSDY_1059.SDY_0667	58.8	289	118	1	1	289	1	288	4.89e-112	325
WP_055984748.1	iAF987.Gmet_0730	57.4	289	122	1	1	289	1	288	1.49e-111	323
WP_055984748.1	iLB1027_lipid.PHATRDRAFT_42015	57.4	289	121	2	3	289	7	295	3.89e-111	323
WP_055984748.1	iCHOv1.100751457	57.1	289	120	2	3	287	50	338	8.75e-109	318
WP_055984756.1	iYO844.BSU02750	32.5	212	137	4	15	220	15	226	9.06e-33	120
WP_055984756.1	iEK1008.Rv2936	31.7	218	146	2	7	221	13	230	2.12e-31	119
WP_055984756.1	iJN1463.PP_0953	28.4	218	148	5	2	213	4	219	2.54e-29	111
WP_055984756.1	iYO844.BSU32750	26.7	236	163	3	1	226	1	236	2.53e-28	111
WP_055984756.1	iCN900.CD630_16140	30.9	207	140	2	18	221	39	245	1.61e-28	110
WP_055984756.1	iYS854.USA300HOU_RS13270	27.3	216	150	5	1	210	1	215	4.45e-27	108
WP_055984759.1	iPC815.YPO3771	50.5	325	157	2	5	328	13	334	1.99e-111	327
WP_055984759.1	iAF987.Gmet_0189	51.1	325	152	2	5	329	7	324	1.05e-107	317
WP_055984759.1	iSynCJ816.SGL_RS09590	50.0	328	153	3	5	328	6	326	2.96e-105	310
WP_055984759.1	iCN718.ABAYE_RS14480	49.1	322	159	3	4	324	13	330	2.34e-104	308
WP_055984759.1	iYO844.BSU28130	49.8	321	154	2	4	324	6	319	1.24e-103	306
WP_055984759.1	iCN900.CD630_34190	49.1	326	157	4	5	329	4	321	1.29e-102	303
WP_055984759.1	iHN637.CLJU_RS15750	50.6	316	149	3	5	320	4	312	1.63e-101	301
WP_055984781.1	iCHOv1.100751940	41.8	189	105	2	2	188	51	236	2.82e-38	131
WP_055984781.1	STM_v1_0.STM2050	44.4	171	89	2	1	171	1	165	3.39e-34	123
WP_055984788.1	iIT341.HP0422	21.2	551	299	20	34	463	34	570	2.67e-12	68.6
WP_055984788.1	STM_v1_0.STM3086	19.6	485	268	12	51	417	93	573	1.50e-11	66.2
WP_055984788.1	iML1515.b2938	19.4	485	269	12	51	417	93	573	6.10e-11	64.3
WP_055984788.1	iSbBS512_1146.SbBS512_E3371	19.4	485	269	12	51	417	93	573	6.10e-11	64.3
WP_055984788.1	iSDY_1059.SDY_3134	19.4	485	269	12	51	417	93	573	6.10e-11	64.3
WP_055984788.1	iSF_1195.SF2931	19.4	485	269	12	51	417	97	577	6.15e-11	64.3
WP_055984788.1	iSSON_1240.SSON_3092	19.4	485	269	12	51	417	93	573	6.10e-11	64.3
WP_055984788.1	iPC815.YPO0929	19.7	483	270	14	51	417	94	574	8.07e-11	63.9
WP_055984788.1	iYL1228.KPN_03374	19.8	486	266	15	51	417	93	573	2.47e-10	62.4
WP_055984790.1	iCN900.CD630_21890	28.8	222	147	4	3	219	2	217	4.47e-24	95.1
WP_055984790.1	iAF692.Mbar_A0192	29.4	211	139	4	3	210	2	205	2.97e-23	92.8
WP_055984790.1	iML1515.b1727	27.9	226	124	5	5	210	9	215	3.25e-22	90.1
WP_055984790.1	iCN900.CD630_31280	29.2	185	124	3	3	182	1	183	1.31e-20	85.9
WP_055984790.1	iAF692.Mbar_A0742	30.9	191	114	7	3	186	2	181	1.10e-20	85.9
WP_055984813.1	iCN718.ABAYE_RS11110	45.5	409	218	3	4	407	3	411	1.90e-113	338
WP_055984822.1	iYS854.USA300HOU_RS04640	42.0	69	40	0	13	81	11	79	5.70e-14	60.5
WP_055984822.1	iLB1027_lipid.PHATRDRAFT_16693	40.5	74	41	2	8	78	122	195	4.47e-11	55.5
WP_055984886.1	iCN900.CD630_34910	31.4	303	183	7	1	283	1	298	6.70e-35	127
WP_055984889.1	STM_v1_0.STM2501	41.5	685	383	9	8	685	10	683	6.71e-175	515
WP_055984889.1	iPC815.YPO2836	41.5	689	381	11	5	685	7	681	6.50e-175	515
WP_055984889.1	iSF_1195.SF2545	41.3	688	380	11	8	685	10	683	1.34e-174	514
WP_055984889.1	iSDY_1059.SDY_2690	41.3	688	380	11	8	685	10	683	1.90e-174	514
WP_055984889.1	iML1515.b2501	41.3	688	380	11	8	685	10	683	2.68e-174	513
WP_055984889.1	iSbBS512_1146.SbBS512_E2875	41.3	688	380	11	8	685	10	683	2.68e-174	513
WP_055984889.1	iSSON_1240.SSON_2583	41.3	688	380	11	8	685	10	683	3.79e-174	513
WP_055984889.1	iYL1228.KPN_02826	41.5	685	381	10	8	685	10	681	2.83e-173	511
WP_055984892.1	STM_v1_0.STM0659	35.5	484	266	9	5	480	8	453	2.19e-82	269
WP_055984892.1	iSbBS512_1146.SbBS512_E0599	34.0	483	275	8	5	480	8	453	9.36e-78	257
WP_055984892.1	iML1515.b0650	34.0	483	275	8	5	480	8	453	2.55e-77	256
WP_055984892.1	iSSON_1240.SSON_0604	34.0	483	275	8	5	480	8	453	3.57e-77	255
WP_055984942.1	iSynCJ816.SGL_RS16190	26.7	247	136	9	66	304	62	271	6.85e-12	66.2
WP_055984967.1	iCN900.CD630_20200	35.4	865	506	15	1	818	1	859	2.26e-153	470
WP_055984972.1	iML1515.b1655	28.0	118	81	3	102	216	152	268	1.17e-08	53.5
WP_055985069.1	iLB1027_lipid.PHATRDRAFT_45443	45.5	211	106	3	8	210	54	263	9.46e-60	188
WP_055985069.1	iML1515.b0126	43.7	190	106	1	6	195	5	193	8.14e-57	179
WP_055985069.1	iSbBS512_1146.SbBS512_E0119	43.7	190	106	1	6	195	5	193	8.14e-57	179
WP_055985069.1	iSDY_1059.SDY_0035	43.7	190	106	1	6	195	5	193	8.14e-57	179
WP_055985069.1	iSF_1195.SF0123	43.7	190	106	1	6	195	5	193	8.14e-57	179
WP_055985069.1	iSSON_1240.SSON_0134	43.7	190	106	1	6	195	5	193	8.14e-57	179
WP_055985069.1	STM_v1_0.STM0171	43.2	190	107	1	6	195	5	193	2.31e-56	178
WP_055985069.1	iPC815.YPO3407	38.1	215	131	2	6	220	5	217	7.46e-55	174
WP_055985069.1	iYL1228.KPN_00134	45.4	174	94	1	22	195	5	177	7.41e-54	171
WP_055985075.1	iCN718.ABAYE_RS01830	42.7	499	274	6	16	513	17	504	1.66e-111	347
WP_055985078.1	iCN718.ABAYE_RS01830	40.6	212	121	3	5	211	516	727	1.85e-41	148
WP_055985109.1	iYL1228.KPN_00609	21.5	344	251	7	15	353	19	348	1.53e-06	49.7
WP_055985109.1	iSbBS512_1146.SbBS512_E0493	22.9	349	240	8	15	353	19	348	2.04e-06	49.3
WP_055985109.1	iML1515.b0591	22.6	349	241	8	15	353	19	348	3.59e-06	48.5
WP_055985109.1	iSSON_1240.SSON_0542	22.6	349	241	8	15	353	19	348	3.59e-06	48.5
WP_055985109.1	iSDY_1059.SDY_0522	22.6	349	241	8	15	353	19	348	6.31e-06	47.8
WP_055985109.1	iYS854.USA300HOU_RS11805	20.4	378	281	9	36	407	23	386	4.39e-05	45.1
WP_055985132.1	iYO844.BSU07830	32.3	195	118	6	4	185	9	202	3.15e-28	105
WP_055985132.1	iIT341.HP0642	31.7	189	120	5	9	188	12	200	3.11e-27	102
WP_055985132.1	iYS854.USA300HOU_RS13680	32.3	195	121	7	4	188	9	202	7.04e-27	102
WP_055985135.1	iAF987.Gmet_1954	45.2	520	275	5	2	521	3	512	5.50e-144	424
WP_055985138.1	iAF987.Gmet_1988	46.1	271	143	1	12	282	4	271	1.03e-71	221
WP_055985138.1	iHN637.CLJU_RS12010	42.9	275	154	1	11	285	5	276	6.86e-67	209
WP_055985138.1	iCN900.CD630_23700	43.2	271	150	2	16	286	2	268	3.66e-65	204
WP_055985141.1	iYL1228.KPN_02593	28.4	148	95	5	37	178	8	150	1.52e-04	45.1
WP_055985148.1	iCN900.CD630_32240	52.4	330	153	2	3	330	6	333	6.15e-114	333
WP_055985148.1	iHN637.CLJU_RS17045	52.9	325	149	3	3	325	5	327	6.40e-113	330
WP_055985151.1	iCN900.CD630_09020	28.6	280	183	5	17	290	15	283	3.43e-27	107
WP_055985182.1	iAM_Pb448.PBANKA_102230	24.1	241	167	4	1	236	1	230	1.66e-18	83.2
WP_055985182.1	iAF692.Mbar_A1937	25.0	240	166	5	1	235	1	231	3.80e-18	82.0
WP_055985182.1	iAM_Pf480.PF3D7_1420900	26.2	229	156	5	1	226	1	219	5.61e-18	81.6
WP_055985182.1	iAF987.Gmet_3178	24.2	240	161	5	1	232	1	227	2.96e-17	80.1
WP_055985182.1	iAM_Pc455.PCYB_133630	26.0	231	154	4	1	226	1	219	3.94e-17	79.3
WP_055985182.1	iAM_Pv461.PVX_085435	26.0	231	154	4	1	226	1	219	1.90e-16	77.4
WP_055985182.1	iMM904.YDL055C	27.7	231	156	6	1	227	1	224	4.66e-16	75.9
WP_055985185.1	iAM_Pf480.PF3D7_0413700	49.7	143	69	2	96	237	180	320	3.50e-37	133
WP_055985185.1	iAM_Pc455.PCYB_052680	48.3	143	71	2	96	237	189	329	4.30e-35	127
WP_055985185.1	iAM_Pb448.PBANKA_071570	45.3	148	78	2	87	233	179	324	9.08e-35	127
WP_055985185.1	iAM_Pv461.PVX_089645	46.9	143	73	2	96	237	214	354	5.06e-34	125
WP_055985200.1	iYS854.USA300HOU_RS08290	59.3	204	68	6	1	197	1	196	1.00e-83	246
WP_055985200.1	iYO844.BSU25020	56.6	205	77	6	1	198	1	200	2.45e-80	237
WP_055985200.1	iYS854.USA300HOU_RS00700	53.7	203	79	6	1	196	1	195	3.77e-74	221
WP_055985205.1	iCN900.CD630_02510	28.9	266	153	8	355	601	151	399	4.63e-14	74.3
WP_055985226.1	iAF987.Gmet_2349	40.3	509	296	4	104	609	66	569	6.01e-122	372
WP_055985226.1	iML1515.b0914	36.7	521	325	4	91	609	62	579	6.77e-110	341
WP_055985226.1	iSbBS512_1146.SbBS512_E2410	36.7	521	325	4	91	609	62	579	6.77e-110	341
WP_055985226.1	iSDY_1059.SDY_2344	36.7	521	325	4	91	609	62	579	6.77e-110	341
WP_055985226.1	iSF_1195.SF0910	36.7	521	325	4	91	609	62	579	6.77e-110	341
WP_055985226.1	iSSON_1240.SSON_0916	36.7	521	325	4	91	609	62	579	6.77e-110	341
WP_055985226.1	iYL1228.KPN_00941	36.1	521	328	4	91	609	62	579	2.07e-108	337
WP_055985226.1	STM_v1_0.STM0984	36.3	521	327	4	91	609	62	579	5.76e-108	336
WP_055985227.1	iAF987.Gmet_1263	39.6	164	98	1	49	212	52	214	7.15e-36	125
WP_055985231.1	iYL1228.KPN_00188	44.8	154	81	3	130	279	95	248	1.40e-36	130
WP_055985231.1	iYS854.USA300HOU_RS06355	41.2	182	96	5	100	278	78	251	2.77e-36	130
WP_055985231.1	iPC815.YPO1050	43.9	155	81	4	130	279	120	273	9.19e-36	129
WP_055985231.1	iYO844.BSU16540	38.9	190	107	4	103	289	85	268	3.67e-35	127
WP_055985231.1	iML1515.b0175	43.5	154	83	3	130	279	120	273	1.04e-34	126
WP_055985231.1	iSbBS512_1146.SbBS512_E0168	43.5	154	83	3	130	279	120	273	1.04e-34	126
WP_055985231.1	iSDY_1059.SDY_0191	43.5	154	83	3	130	279	84	237	4.45e-35	126
WP_055985231.1	iSF_1195.SF0165	43.5	154	83	3	130	279	84	237	4.45e-35	126
WP_055985231.1	iSSON_1240.SSON_0187	43.5	154	83	3	130	279	84	237	4.45e-35	126
WP_055985231.1	STM_v1_0.STM0222	42.2	154	85	3	130	279	120	273	3.01e-33	122
WP_055985236.1	iAT_PLT_636.4905	35.5	231	125	6	210	423	243	466	3.72e-28	120
WP_055985236.1	iMM1415.18195	35.5	231	125	6	210	423	243	466	3.72e-28	120
WP_055985242.1	iHN637.CLJU_RS13140	28.4	236	148	9	3	224	82	310	8.60e-15	72.0
WP_055985242.1	iYS854.USA300HOU_RS07450	33.8	154	96	5	12	161	93	244	2.10e-14	70.9
WP_055985247.1	iYS854.USA300HOU_RS08720	50.4	363	174	3	5	367	8	364	2.47e-121	355
WP_055985247.1	iJN1463.PP_0833	48.3	350	174	2	10	359	8	350	4.73e-109	323
WP_055985250.1	iEK1008.Rv2051c	47.3	224	117	1	4	226	613	836	7.17e-58	196
WP_055985268.1	iAF987.Gmet_0043	26.8	231	160	5	289	513	39	266	2.58e-13	72.0
WP_055985293.1	iCN718.ABAYE_RS07930	55.9	424	181	4	4	422	100	522	3.82e-157	453
WP_055985298.1	iCN900.CD630_11840	51.0	412	198	3	2	412	3	411	2.35e-134	391
WP_055985298.1	iAF987.Gmet_1603	48.5	412	208	3	1	411	1	409	1.23e-128	376
WP_055985298.1	iYO844.BSU11340	51.0	412	197	4	2	412	4	411	5.46e-128	375
WP_055985298.1	iYS854.USA300HOU_RS04880	48.8	412	206	4	2	412	5	412	6.46e-127	372
WP_055985298.1	iHN637.CLJU_RS20760	49.4	413	204	4	2	413	3	411	1.21e-126	371
WP_055985298.1	iSynCJ816.SGL_RS05665	48.1	412	210	3	2	412	7	415	5.12e-124	365
WP_055985309.1	iAF987.Gmet_1919	28.8	125	89	0	3	127	5	129	2.48e-13	67.8
WP_055985309.1	iAF987.Gmet_1706	38.8	116	67	3	1	114	1	114	5.52e-13	66.6
WP_055985309.1	iAF987.Gmet_1914	30.2	106	74	0	2	107	3	108	1.96e-12	65.5
WP_055985309.1	iAF987.Gmet_2999	28.0	132	92	2	3	131	10	141	4.04e-12	64.3
WP_055985309.1	iAF987.Gmet_0069	28.6	140	96	3	3	138	5	144	3.87e-11	61.2
WP_055985311.1	iAF987.Gmet_0043	33.0	100	58	3	360	451	165	263	1.50e-08	56.6
WP_055985318.1	iEK1008.Rv2674	51.9	131	60	2	19	146	5	135	1.06e-44	142
WP_055985318.1	iML1515.b1778	48.4	122	62	1	23	143	6	127	3.89e-40	131
WP_055985318.1	iSF_1195.SF1445	48.4	122	62	1	23	143	6	127	3.89e-40	131
WP_055985318.1	iSSON_1240.SSON_1385	48.4	122	62	1	23	143	6	127	3.89e-40	131
WP_055985318.1	STM_v1_0.STM1291	49.6	121	60	1	23	142	16	136	2.11e-39	129
WP_055985318.1	iSDY_1059.SDY_1489	47.5	122	63	1	23	143	6	127	1.57e-39	129
WP_055985327.1	iCN718.ABAYE_RS06810	43.6	335	174	5	1	329	1	326	5.53e-85	259
WP_055985327.1	iPC815.YPO1415	42.8	339	180	4	1	332	1	332	2.35e-84	258
WP_055985327.1	iYL1228.KPN_00974	42.2	341	179	5	1	332	1	332	8.51e-82	251
WP_055985327.1	iML1515.b0945	42.1	347	171	7	1	332	1	332	3.40e-81	250
WP_055985327.1	iSbBS512_1146.SbBS512_E2372	42.1	347	171	7	1	332	1	332	3.40e-81	250
WP_055985327.1	iSSON_1240.SSON_0949	42.1	347	171	7	1	332	1	332	3.40e-81	250
WP_055985327.1	iSDY_1059.SDY_0918	42.1	347	171	7	1	332	1	332	4.81e-81	249
WP_055985327.1	iSF_1195.SF0946	42.1	347	171	7	1	332	1	332	6.80e-81	249
WP_055985327.1	STM_v1_0.STM1058	42.5	341	178	6	1	332	1	332	9.61e-81	249
WP_055985327.1	iEK1008.Rv2139	40.4	342	187	5	5	339	4	335	2.29e-75	236
WP_055985327.1	iYS854.USA300HOU_RS14040	39.0	341	192	5	1	334	1	332	8.35e-75	234
WP_055985331.1	iNF517.LLMG_RS12010	32.5	209	125	4	3	210	82	275	6.40e-29	109
WP_055985338.1	iYS854.USA300HOU_RS08350	48.9	509	211	6	1	506	1	463	5.02e-162	467
WP_055985347.1	iAT_PLT_636.8398	27.2	364	198	18	6	341	426	750	1.65e-12	68.2
WP_055985347.1	iCHOv1.100751421	26.9	364	199	17	6	341	367	691	2.12e-12	67.8
WP_055985347.1	iAM_Pc455.PCYB_042080	28.4	289	162	11	2	269	383	647	3.85e-12	67.0
WP_055985347.1	iAM_Pv461.PVX_003910	28.0	289	163	11	2	269	385	649	9.17e-12	65.9
WP_055985347.1	iAM_Pf480.PF3D7_0209100	28.8	257	147	10	2	239	333	572	1.18e-11	65.5
WP_055985364.1	iCN900.CD630_00150	48.6	144	68	1	6	143	5	148	6.46e-43	138
WP_055985364.1	iYO844.BSU00180	46.3	149	74	1	1	143	1	149	1.23e-37	125
WP_055985367.1	iHN637.CLJU_RS20455	34.5	249	155	3	4	245	3	250	3.50e-44	149
WP_055985367.1	iAF987.Gmet_1986	32.7	248	163	2	4	248	3	249	1.37e-42	145
WP_055985373.1	iML1515.b1856	29.1	148	80	4	100	241	272	400	2.18e-13	69.3
WP_055985376.1	iSynCJ816.SGL_RS17040	22.6	305	180	11	306	577	250	531	2.22e-08	57.0
WP_055985381.1	iSynCJ816.SGL_RS11925	45.4	711	368	7	28	731	27	724	8.18e-208	602
WP_055985384.1	iML1515.b2175	37.0	135	80	1	81	215	56	185	1.02e-25	99.0
WP_055985391.1	iML1515.b0089	26.8	354	198	11	57	405	105	402	6.98e-25	105
WP_055985391.1	iJN1463.PP_1336	27.2	323	176	7	70	388	97	364	1.82e-21	95.1
WP_055985393.1	iAF987.Gmet_0928	31.3	608	348	19	22	599	36	603	2.04e-71	243
WP_055985393.1	iJN1463.PP_4807	32.1	624	347	22	18	604	34	617	4.09e-70	239
WP_055985393.1	iJN1463.PP_3741	29.8	644	368	23	2	604	18	618	3.92e-65	226
WP_055985403.1	STM_v1_0.STM0659	28.7	188	107	6	5	171	2	183	2.42e-09	58.2
WP_055985403.1	iSbBS512_1146.SbBS512_E0599	27.6	199	118	7	11	189	8	200	1.78e-08	55.5
WP_055985403.1	iML1515.b0650	27.6	199	118	7	11	189	8	200	2.37e-08	55.1
WP_055985403.1	iSSON_1240.SSON_0604	27.6	199	118	7	11	189	8	200	2.37e-08	55.1
WP_055985406.1	iAF987.Gmet_3233	30.0	350	224	7	12	346	2	345	1.47e-42	154
WP_055985406.1	iYO844.BSU28170	27.1	406	272	8	15	405	5	401	3.84e-39	145
WP_055985406.1	iAF692.Mbar_A1462	33.2	301	182	7	55	346	45	335	4.46e-37	140
WP_055985406.1	iYL1228.KPN_02235	29.1	351	228	7	16	351	6	350	3.73e-37	139
WP_055985409.1	iCN718.ABAYE_RS17455	36.4	302	185	5	1	296	1	301	1.25e-58	189
WP_055985409.1	iSbBS512_1146.SbBS512_E4264	36.1	302	186	5	4	299	13	313	1.02e-54	180
WP_055985409.1	iML1515.b3805	36.1	302	186	5	4	299	6	306	1.19e-54	179
WP_055985409.1	iSDY_1059.SDY_3941	36.1	302	186	5	4	299	13	313	2.85e-54	179
WP_055985409.1	iYO844.BSU28150	37.6	311	183	7	1	303	2	309	6.79e-54	177
WP_055985409.1	iAF692.Mbar_A1465	38.2	304	180	6	6	303	3	304	1.01e-53	177
WP_055985409.1	iSF_1195.SF3877	36.1	302	186	5	4	299	6	306	9.32e-54	177
WP_055985409.1	iSSON_1240.SSON_3977	35.8	302	187	5	4	299	13	313	1.58e-53	177
WP_055985409.1	iYL1228.KPN_04304	35.5	304	189	5	2	299	4	306	2.61e-53	176
WP_055985409.1	iPC815.YPO3849	37.7	305	181	6	2	299	4	306	2.87e-52	173
WP_055985409.1	STM_v1_0.STM3938	35.4	308	180	6	4	299	11	311	6.49e-52	172
WP_055985409.1	iAF987.Gmet_3234	36.8	307	180	5	2	299	4	305	9.14e-52	172
WP_055985420.1	iAT_PLT_636.7389	45.5	345	177	3	2	336	14	357	2.21e-105	313
WP_055985420.1	iCHOv1.100753284	44.9	345	179	3	2	336	14	357	1.64e-102	305
WP_055985420.1	iMM904.YDR047W	46.3	335	165	4	3	322	8	342	2.81e-102	305
WP_055985420.1	iSDY_1059.SDY_3729	45.3	342	180	3	2	336	4	345	9.96e-101	300
WP_055985420.1	iML1515.b3997	45.0	342	181	3	2	336	4	345	1.14e-99	298
WP_055985420.1	STM_v1_0.STM4167	44.7	342	182	3	2	336	4	345	1.14e-99	298
WP_055985420.1	iSbBS512_1146.SbBS512_E4488	45.0	342	181	3	2	336	4	345	1.14e-99	298
WP_055985420.1	iSSON_1240.SSON_4170	45.0	342	181	3	2	336	4	345	1.14e-99	298
WP_055985420.1	iSF_1195.SF4069	45.0	342	181	3	2	336	4	345	1.61e-99	297
WP_055985420.1	iJN1463.PP_5074	45.3	342	180	3	2	336	4	345	9.15e-99	295
WP_055985420.1	iPC815.YPO3734	44.7	342	182	3	2	336	4	345	1.89e-98	295
WP_055985420.1	iYL1228.KPN_04379	43.6	342	186	3	2	336	4	345	2.09e-97	292
WP_055985423.1	iJN1463.PP_2432	32.1	218	134	6	1	207	1	215	1.67e-27	103
WP_055985426.1	iSSON_1240.SSON_1476	48.5	406	204	5	2	405	3	405	2.46e-138	400
WP_055985426.1	iML1515.b1680	48.2	407	206	5	1	405	2	405	4.94e-138	400
WP_055985426.1	iSbBS512_1146.SbBS512_E1881	48.0	406	206	5	2	405	3	405	2.28e-136	395
WP_055985426.1	iSynCJ816.SGL_RS15265	49.3	404	199	4	7	406	13	414	2.21e-132	386
WP_055985426.1	iCN718.ABAYE_RS11400	46.2	394	209	3	3	395	249	640	9.02e-122	367
WP_055985432.1	iCN900.CD630_35140	53.7	307	138	3	8	310	10	316	6.80e-102	301
WP_055985432.1	iIT341.HP0742	51.6	304	145	2	8	310	15	317	1.92e-99	295
WP_055985432.1	iAF987.Gmet_2848	50.0	308	150	3	8	311	7	314	8.91e-97	288
WP_055985432.1	iYO844.BSU00510	49.5	305	152	2	8	310	12	316	1.82e-94	282
WP_055985432.1	iHN637.CLJU_RS20580	49.4	308	151	3	8	310	10	317	3.90e-94	281
WP_055985432.1	iNF517.LLMG_RS08760	50.6	308	147	3	8	310	8	315	8.47e-92	275
WP_055985432.1	iLJ478.TM1628	48.2	307	154	3	8	310	9	314	5.12e-91	273
WP_055985432.1	iJN1463.PP_0722	47.9	307	156	3	8	310	6	312	1.93e-90	271
WP_055985438.1	iJN1463.PP_1689	24.9	434	287	16	1	409	1	420	4.68e-19	88.2
WP_055985447.1	iAF987.Gmet_0354	28.2	793	444	22	30	738	29	780	2.20e-84	286
WP_055985447.1	iJN1463.PP_5084	28.8	778	431	23	28	714	3	748	5.71e-77	265
WP_055985459.1	iAF987.Gmet_1809	33.7	169	69	4	237	405	32	157	6.41e-26	103
WP_055985461.1	iAF987.Gmet_1811	44.1	263	102	4	750	1010	9	228	3.99e-68	227
WP_055985479.1	iCN900.CD630_27450	51.9	162	77	1	10	170	3	164	2.90e-47	151
WP_055985479.1	iSF_1195.SF0414	42.1	178	102	1	2	178	3	180	1.59e-44	145
WP_055985479.1	iML1515.b0469	42.1	178	102	1	2	178	3	180	2.26e-44	144
WP_055985479.1	iSbBS512_1146.SbBS512_E0401	42.1	178	102	1	2	178	3	180	2.26e-44	144
WP_055985479.1	iSDY_1059.SDY_0450	42.1	178	102	1	2	178	3	180	2.26e-44	144
WP_055985479.1	iSSON_1240.SSON_0456	42.1	178	102	1	2	178	3	180	2.26e-44	144
WP_055985479.1	iPC815.YPO3123	41.0	173	101	1	7	178	12	184	1.16e-42	140
WP_055985479.1	iHN637.CLJU_RS16620	45.7	162	87	1	10	170	3	164	2.13e-42	139
WP_055985479.1	iYS854.USA300HOU_RS08700	45.1	162	88	1	10	170	3	164	4.26e-42	138
WP_055985479.1	STM_v1_0.STM0483	40.4	178	105	1	2	178	3	180	8.33e-42	138
WP_055985479.1	iYL1228.KPN_00451	39.9	178	106	1	2	178	3	180	1.18e-41	137
WP_055985479.1	iMM1415.11821	42.2	180	98	2	3	178	2	179	1.53e-41	137
WP_055985483.1	iYS854.USA300HOU_RS09385	43.4	143	81	0	18	160	10	152	7.54e-40	132
WP_055985483.1	iCN900.CD630_16970	42.4	144	83	0	18	161	10	153	5.91e-39	129
WP_055985483.1	iHN637.CLJU_RS10825	42.4	144	83	0	17	160	10	153	2.38e-38	128
WP_055985483.1	iNF517.LLMG_RS07695	43.9	139	78	0	23	161	16	154	2.79e-37	125
WP_055985483.1	iYO844.BSU23250	42.4	139	80	0	22	160	15	153	7.93e-37	124
WP_055985495.1	iJN1463.PP_0844	48.9	92	44	3	19	109	18	107	2.31e-25	91.3
WP_055985495.1	iML1515.b2528	43.1	109	57	3	2	109	3	107	2.16e-23	86.3
WP_055985495.1	iSbBS512_1146.SbBS512_E2903	43.1	109	57	3	2	109	5	109	2.28e-23	86.3
WP_055985495.1	iSDY_1059.SDY_2724	43.1	109	57	3	2	109	3	107	2.16e-23	86.3
WP_055985495.1	iSF_1195.SF2575	43.1	109	57	3	2	109	3	107	2.16e-23	86.3
WP_055985495.1	iSSON_1240.SSON_2610	43.1	109	57	3	2	109	3	107	2.16e-23	86.3
WP_055985499.1	iML1515.b1683	63.7	479	156	4	18	482	21	495	4.99e-221	617
WP_055985499.1	iSSON_1240.SSON_1473	63.7	479	156	4	18	482	34	508	7.94e-221	617
WP_055985499.1	iSF_1195.SF1713	63.5	479	157	4	18	482	21	495	8.20e-220	614
WP_055985502.1	iSSON_1240.SSON_1474	55.5	245	108	1	1	245	1	244	3.50e-96	281
WP_055985502.1	iML1515.b1682	55.5	245	108	1	1	245	1	244	1.00e-95	280
WP_055985502.1	iSF_1195.SF1712	55.1	245	109	1	1	245	1	244	1.00e-95	280
WP_055985502.1	iSDY_1059.SDY_1913	55.1	245	109	1	1	245	1	244	2.85e-95	279
WP_055985502.1	iYS854.USA300HOU_RS04515	55.3	244	106	2	2	245	5	245	1.30e-87	259
WP_055985512.1	iJN1463.PP_0675	62.2	445	167	1	8	452	6	449	4.54e-205	573
WP_055985512.1	iCN718.ABAYE_RS13810	61.8	442	168	1	10	451	21	461	5.25e-200	561
WP_055985512.1	STM_v1_0.STM1299	58.7	443	181	2	10	452	7	447	5.01e-187	528
WP_055985512.1	iYL1228.KPN_01210	58.9	440	179	2	13	452	10	447	1.43e-186	526
WP_055985512.1	iSDY_1059.SDY_1514	58.7	443	181	2	10	452	7	447	1.17e-185	524
WP_055985512.1	iSbBS512_1146.SbBS512_E2014	58.7	443	181	2	10	452	7	447	1.65e-185	524
WP_055985512.1	iSSON_1240.SSON_1395	58.9	443	180	2	10	452	7	447	2.34e-185	523
WP_055985512.1	iML1515.b1761	58.7	443	181	2	10	452	7	447	6.69e-185	522
WP_055985512.1	iHN637.CLJU_RS01300	59.1	445	177	3	10	452	7	448	3.98e-184	520
WP_055985512.1	iPC815.YPO3971	58.6	442	181	2	10	451	7	446	6.29e-183	517
WP_055985528.1	iEK1008.Rv1607	46.5	333	173	1	29	356	28	360	3.58e-78	243
WP_055985546.1	iJN1463.PP_4974	43.9	401	218	5	8	404	6	403	3.11e-100	304
WP_055985552.1	iML1515.b4173	49.4	316	152	4	10	321	9	320	3.71e-88	273
WP_055985561.1	iAF692.Mbar_A1776	23.4	184	115	4	193	352	9	190	2.38e-04	43.5
WP_055985561.1	iSynCJ816.SGL_RS02940	22.2	185	119	3	193	352	12	196	7.14e-04	42.0
WP_055985576.1	iAF692.Mbar_A0543	30.6	85	58	1	5	89	602	685	5.56e-09	52.0
WP_055985576.1	iHN637.CLJU_RS00840	25.7	113	82	2	2	114	533	643	3.55e-08	49.7
WP_055985576.1	iYS854.USA300HOU_RS02505	28.6	105	69	3	4	108	550	648	2.29e-07	47.4
WP_055985589.1	iYO844.BSU18230	31.9	260	172	4	7	266	14	268	1.44e-36	131
WP_055985589.1	iCN900.CD630_07970	33.3	246	160	3	7	252	11	252	3.89e-36	130
WP_055985589.1	iCN718.ABAYE_RS11835	32.4	247	163	4	7	253	15	257	2.03e-35	129
WP_055985589.1	iJN1463.PP_3540	32.5	246	163	3	7	252	14	256	4.21e-35	127
WP_055985589.1	iMM1415.208982	31.6	250	168	3	7	256	55	301	2.84e-34	126
WP_055985589.1	iCHOv1.100763147	31.2	250	169	3	7	256	55	301	7.71e-34	125
WP_055985589.1	iAF987.Gmet_3293	28.4	268	189	3	7	274	14	278	1.12e-32	121
WP_055985589.1	iMM1415.15356	30.0	250	172	3	7	256	40	286	2.20e-31	118
WP_055985603.1	iAF987.Gmet_3213	37.2	290	163	5	12	299	3	275	3.65e-51	172
WP_055985603.1	iYO844.BSU05900	33.4	341	202	9	15	347	1	324	5.79e-48	164
WP_055985643.1	iAF987.Gmet_0941	32.6	285	183	4	2	283	3	281	1.25e-44	152
WP_055985643.1	iPC815.YPO1106	33.0	230	151	2	58	284	61	290	1.75e-43	149
WP_055985643.1	iYL1228.KPN_02937	30.7	261	175	4	27	284	32	289	2.40e-43	149
WP_055985643.1	STM_v1_0.STM2683	32.2	230	153	2	58	284	60	289	6.68e-43	148
WP_055985643.1	iML1515.b2615	30.4	260	175	4	28	284	33	289	1.02e-41	145
WP_055985643.1	iSbBS512_1146.SbBS512_E3004	30.4	260	175	4	28	284	33	289	1.02e-41	145
WP_055985643.1	iSF_1195.SF2674	30.4	260	175	4	28	284	33	289	1.02e-41	145
WP_055985643.1	iSSON_1240.SSON_2771	30.4	260	175	4	28	284	33	289	1.02e-41	145
WP_055985643.1	iSDY_1059.SDY_2788	30.4	260	175	4	28	284	33	289	2.01e-41	144
WP_055985643.1	iCN718.ABAYE_RS06435	36.1	233	144	3	57	285	62	293	3.60e-41	144
WP_055985643.1	iJN1463.PP_2012	35.0	277	168	7	12	283	38	307	7.83e-39	138
WP_055985644.1	iPC815.YPO0920	63.8	359	126	2	1	355	1	359	1.44e-159	451
WP_055985644.1	iML1515.b2925	62.4	359	131	2	1	355	1	359	1.17e-158	448
WP_055985644.1	iSDY_1059.SDY_3157	62.4	359	131	2	1	355	1	359	1.17e-158	448
WP_055985644.1	iSF_1195.SF2910	62.4	359	131	2	1	355	1	359	1.17e-158	448
WP_055985644.1	iSSON_1240.SSON_3077	62.4	359	131	2	1	355	1	359	1.17e-158	448
WP_055985644.1	iSbBS512_1146.SbBS512_E3350	62.1	359	132	2	1	355	1	359	6.75e-158	446
WP_055985644.1	STM_v1_0.STM3068	62.1	359	132	2	1	355	1	359	3.88e-157	444
WP_055985644.1	iYL1228.KPN_03354	62.7	359	130	2	1	355	1	359	5.50e-157	444
WP_055985646.1	iAF987.Gmet_2476	46.9	277	144	2	5	280	3	277	6.75e-81	245
WP_055985646.1	iJN1463.PP_1996	46.4	265	141	1	12	275	12	276	6.86e-77	235
WP_055985646.1	STM_v1_0.STM2366	45.7	282	146	3	5	281	3	282	2.41e-76	234
WP_055985646.1	iML1515.b2316	45.7	282	146	3	5	281	3	282	6.84e-76	233
WP_055985646.1	iSbBS512_1146.SbBS512_E2694	45.7	282	146	3	5	281	3	282	1.37e-75	232
WP_055985646.1	iSDY_1059.SDY_2515	45.7	282	146	3	5	281	3	282	1.37e-75	232
WP_055985646.1	iSSON_1240.SSON_2374	45.7	282	146	3	5	281	3	282	1.94e-75	232
WP_055985646.1	iYL1228.KPN_02706	44.9	285	150	3	5	284	3	285	5.84e-75	231
WP_055985646.1	iHN637.CLJU_RS20740	45.0	269	144	2	8	275	17	282	5.22e-75	230
WP_055985646.1	iSynCJ816.SGL_RS12910	43.6	282	154	3	3	279	4	285	6.83e-73	226
WP_055985646.1	iPC815.YPO2768	43.7	277	155	1	5	280	3	279	5.00e-73	226
WP_055985661.1	STM_v1_0.STM3159	27.9	222	138	7	28	235	11	224	6.85e-09	54.3
WP_055985661.1	iML1515.b3006	24.4	217	152	5	28	235	11	224	2.33e-08	52.8
WP_055985661.1	iSDY_1059.SDY_3067	24.4	217	152	5	28	235	11	224	2.33e-08	52.8
WP_055985661.1	iSSON_1240.SSON_3149	24.4	217	152	5	28	235	11	224	2.33e-08	52.8
WP_055985661.1	iSbBS512_1146.SbBS512_E3434	24.4	217	152	5	28	235	11	224	3.16e-08	52.4
WP_055985661.1	iSF_1195.SF3051	24.0	217	153	5	28	235	11	224	1.44e-07	50.4
WP_055985661.1	iPC815.YPO0682	25.0	240	147	6	17	235	106	333	2.85e-07	50.1
WP_055985661.1	iYL1228.KPN_03426	26.1	222	142	7	28	235	6	219	3.44e-07	49.3
WP_055985661.1	iJN1463.PP_5306	32.0	100	67	1	136	235	206	304	6.45e-07	48.9
WP_055985687.1	iPC815.YPO3064	48.0	127	66	0	2	128	5	131	2.94e-39	129
WP_055985687.1	iYL1228.KPN_02814	44.8	134	74	0	2	135	4	137	8.13e-39	128
WP_055985687.1	iML1515.b2480	44.0	134	75	0	2	135	4	137	4.65e-38	126
WP_055985687.1	iSbBS512_1146.SbBS512_E2852	44.0	134	75	0	2	135	4	137	4.65e-38	126
WP_055985687.1	iSDY_1059.SDY_2669	44.0	134	75	0	2	135	4	137	4.65e-38	126
WP_055985687.1	iSF_1195.SF2523	44.0	134	75	0	2	135	4	137	4.65e-38	126
WP_055985687.1	iSSON_1240.SSON_2561	44.0	134	75	0	2	135	4	137	4.65e-38	126
WP_055985696.1	iAF987.Gmet_1104	39.1	350	199	7	1	342	6	349	6.20e-74	232
WP_055985696.1	iCN900.CD630_27790	36.4	352	206	7	1	343	8	350	5.36e-69	219
WP_055985701.1	iSDY_1059.SDY_3205	24.2	442	295	14	1	426	3	420	3.55e-13	70.9
WP_055985701.1	iSbBS512_1146.SbBS512_E3468	23.5	439	302	13	1	426	3	420	4.72e-13	70.5
WP_055985701.1	iML1515.b3035	23.7	439	301	13	1	426	1	418	6.25e-13	70.1
WP_055985701.1	iSSON_1240.SSON_3173	23.7	439	301	13	1	426	3	420	6.27e-13	70.1
WP_055985701.1	iSF_1195.SF3075	23.5	439	302	13	1	426	1	418	2.59e-12	68.2
WP_055985702.1	iCN900.CD630_32530	35.6	436	228	12	6	403	3	423	2.08e-70	228
WP_055985702.1	iHN637.CLJU_RS17100	32.9	420	232	7	31	404	21	436	7.29e-68	221
WP_055985713.1	iPC815.YPO1395	26.7	566	383	11	9	555	14	566	2.54e-46	171
WP_055985713.1	iJN1463.PP_3466	24.9	542	397	5	14	547	19	558	2.47e-44	165
WP_055985713.1	iYL1228.KPN_00941	26.3	551	385	9	9	546	14	556	1.04e-43	163
WP_055985713.1	iML1515.b0914	26.3	566	384	11	9	553	14	567	4.99e-43	161
WP_055985713.1	iSbBS512_1146.SbBS512_E2410	26.3	566	384	11	9	553	14	567	4.99e-43	161
WP_055985713.1	iSDY_1059.SDY_2344	26.3	566	384	11	9	553	14	567	4.99e-43	161
WP_055985713.1	iSF_1195.SF0910	26.3	566	384	11	9	553	14	567	6.83e-43	161
WP_055985713.1	iSSON_1240.SSON_0916	26.3	566	384	11	9	553	14	567	9.35e-43	160
WP_055985713.1	STM_v1_0.STM0984	26.1	551	386	9	9	546	14	556	1.15e-41	157
WP_055985722.1	iAF987.Gmet_1919	29.1	117	76	3	8	119	6	120	6.86e-08	52.0
WP_055985727.1	iML1515.b1679	33.8	136	88	2	1	134	1	136	4.39e-21	82.4
WP_055985727.1	iSDY_1059.SDY_1910	33.8	136	88	2	1	134	1	136	8.76e-21	81.6
WP_055985727.1	iSSON_1240.SSON_1477	33.8	136	88	2	1	134	1	136	8.76e-21	81.6
WP_055985727.1	iSbBS512_1146.SbBS512_E1880	33.1	136	89	2	1	134	1	136	1.24e-20	81.3
WP_055985727.1	iJN1463.PP_1528	34.1	129	84	1	1	128	1	129	3.32e-20	80.1
WP_055985727.1	iSF_1195.SF1708	33.1	136	89	2	1	134	1	136	2.76e-19	77.8
WP_055985730.1	iAF692.Mbar_A1731	22.3	292	191	10	23	296	27	300	8.64e-06	47.0
WP_055985736.1	iCN900.CD630_20200	41.6	875	398	14	18	819	19	853	4.92e-206	607
WP_055985742.1	iAF987.Gmet_2862	26.6	188	97	6	2	188	28	175	5.13e-05	44.3
WP_055985747.1	iYO844.BSU15910	39.7	247	143	3	4	248	2	244	1.73e-50	165
WP_055985747.1	iYO844.BSU03930	38.1	247	150	2	4	248	5	250	4.18e-49	162
WP_055985747.1	iCN900.CD630_25770	40.1	247	140	5	4	247	1	242	3.34e-47	156
WP_055985747.1	iYS854.USA300HOU_RS06185	38.1	244	147	2	7	249	3	243	2.86e-45	151
WP_055985747.1	iLB1027_lipid.PHATRDRAFT_13073	38.6	246	144	4	7	248	7	249	7.29e-45	150
WP_055985750.1	iLJ478.TM1724	35.3	252	149	4	3	249	2	244	9.05e-39	135
WP_055985750.1	iCN900.CD630_25770	33.5	251	152	5	4	248	1	242	9.59e-34	122
WP_055985750.1	iHN637.CLJU_RS20765	33.3	255	155	5	1	249	1	246	1.45e-33	121
WP_055985786.1	iMM1415.20655	37.7	138	74	5	37	166	17	150	1.09e-20	82.8
WP_055985786.1	iCHOv1.100765091	37.0	138	75	5	37	166	17	150	4.30e-20	81.3
WP_055985786.1	iAT_PLT_636.6647	37.0	138	75	5	37	166	17	150	4.70e-19	78.6
WP_055985786.1	iAF692.Mbar_A2345	28.4	169	114	3	6	167	8	176	1.13e-18	78.2
WP_055985786.1	iHN637.CLJU_RS14690	33.6	146	69	5	37	167	44	176	1.62e-18	77.8
WP_055985792.1	iSynCJ816.SGL_RS18120	36.9	268	151	6	6	256	9	275	1.16e-56	182
WP_055985792.1	iLJ478.TM1662	38.1	247	149	2	6	252	3	245	2.90e-56	180
WP_055985792.1	iAF987.Gmet_1419	39.2	245	145	1	6	250	3	243	4.75e-56	179
WP_055985795.1	iML1515.b0104	73.0	344	93	0	1	344	1	344	1.47e-184	513
WP_055985795.1	iSSON_1240.SSON_0112	73.0	344	93	0	1	344	1	344	1.47e-184	513
WP_055985795.1	iSDY_1059.SDY_0134	72.7	344	94	0	1	344	1	344	5.96e-184	511
WP_055985795.1	iSbBS512_1146.SbBS512_E0097	72.7	344	94	0	1	344	1	344	8.46e-184	511
WP_055985795.1	STM_v1_0.STM0141	72.4	344	95	0	1	344	1	344	9.83e-183	508
WP_055985795.1	iSF_1195.SF0101	72.1	344	96	0	1	344	1	344	1.14e-181	506
WP_055985795.1	iYL1228.KPN_00107	72.7	344	94	0	1	344	1	344	1.62e-181	505
WP_055985795.1	iPC815.YPO3428	71.8	344	97	0	1	344	1	344	6.59e-181	504
WP_055985795.1	iCHOv1.100765304	68.8	343	106	1	2	344	3	344	1.23e-173	485
WP_055985795.1	iMM1415.66355	68.8	343	106	1	2	344	3	344	2.48e-173	484
WP_055985795.1	iAT_PLT_636.2766	68.8	343	106	1	2	344	3	344	2.03e-172	482
WP_055985801.1	iCN900.CD630_11820	54.9	244	109	1	4	246	4	247	4.05e-83	248
WP_055985801.1	iYO844.BSU15910	50.2	245	121	1	3	246	1	245	2.98e-77	233
WP_055985801.1	iLJ478.TM1724	49.8	247	116	3	4	246	3	245	1.58e-74	226
WP_055985801.1	iHN637.CLJU_RS17225	50.4	244	118	2	4	245	6	248	2.55e-74	226
WP_055985801.1	iYS854.USA300HOU_RS06185	48.4	246	114	2	7	245	3	242	2.11e-74	226
WP_055985801.1	iYL1228.KPN_01091	51.5	241	114	2	5	245	4	241	2.99e-74	225
WP_055985801.1	iSDY_1059.SDY_2057	50.6	241	116	2	5	245	4	241	5.99e-74	224
WP_055985801.1	STM_v1_0.STM1195	51.0	241	115	2	5	245	4	241	8.49e-74	224
WP_055985806.1	iAF692.Mbar_A0629	29.1	127	82	5	3	126	15	136	3.10e-05	43.5
WP_055985806.1	iHN637.CLJU_RS15700	28.2	124	83	3	3	126	2	119	3.78e-05	43.1
WP_055985811.1	iYO844.BSU37060	49.4	180	84	2	11	183	5	184	3.96e-55	173
WP_055985811.1	iYS854.USA300HOU_RS11440	51.1	174	78	2	13	179	7	180	8.32e-53	167
WP_055985815.1	iHN637.CLJU_RS15830	35.3	374	222	9	455	815	11	377	7.55e-61	210
WP_055985815.1	iHN637.CLJU_RS05895	34.5	371	228	8	455	815	11	376	2.38e-58	203
WP_055985815.1	iIT341.HP0941	33.8	382	229	11	449	813	3	377	6.44e-57	199
WP_055985815.1	iCN900.CD630_34630	33.5	373	232	9	452	815	8	373	1.82e-54	192
WP_055985819.1	iMM904.YML059C	30.6	206	115	7	32	236	1371	1549	1.75e-14	77.4
WP_055985830.1	iYO844.BSU33930	50.9	395	189	3	2	396	4	393	5.26e-132	384
WP_055985830.1	iLJ478.TM0689	51.7	393	186	3	3	394	5	394	6.56e-128	382
WP_055985830.1	iSynCJ816.SGL_RS11980	49.4	385	193	2	12	396	17	399	8.76e-122	358
WP_055985830.1	iHN637.CLJU_RS19270	47.6	397	201	4	2	396	6	397	9.38e-121	355
WP_055985830.1	iAF987.Gmet_1947	47.8	383	196	2	12	394	15	393	9.38e-121	355
WP_055985830.1	iCN900.CD630_31730	47.6	397	202	4	2	396	7	399	1.14e-119	352
WP_055985830.1	iLB1027_lipid.PHATRDRAFT_29157	47.2	398	205	4	1	396	46	440	3.44e-118	350
WP_055985833.1	iLJ478.TM1080	53.2	139	64	1	4	141	2	140	1.27e-48	152
WP_055985841.1	iSynCJ816.SGL_RS10890	31.4	303	186	9	2	299	6	291	3.62e-39	139
WP_055985850.1	STM_v1_0.STM1511	45.2	239	128	2	4	241	3	239	2.03e-68	211
WP_055985850.1	iYL1228.KPN_01590	43.9	239	131	2	4	241	3	239	1.93e-66	206
WP_055985850.1	iSDY_1059.SDY_1586	42.3	239	135	2	4	241	3	239	3.44e-64	200
WP_055985850.1	iML1515.b1539	42.3	239	135	2	4	241	3	239	4.87e-64	199
WP_055985850.1	iSSON_1240.SSON_1589	42.3	239	135	2	4	241	3	239	4.87e-64	199
WP_055985850.1	iSbBS512_1146.SbBS512_E1701	42.3	239	135	2	4	241	3	239	9.76e-64	199
WP_055985850.1	iSF_1195.SF1556	41.8	239	136	2	4	241	3	239	3.92e-63	197
WP_055985850.1	iMM904.YMR226C	39.5	253	147	2	2	248	14	266	7.89e-62	194
WP_055985856.1	iML1515.b3248	37.4	182	112	2	3	183	4	184	2.65e-27	101
WP_055985859.1	iAF987.Gmet_1279	33.7	163	108	0	4	166	2	164	1.20e-28	103
WP_055985859.1	STM_v1_0.STM3316	34.7	167	109	0	6	172	22	188	5.21e-28	102
WP_055985859.1	iYL1228.KPN_03608	32.7	171	115	0	2	172	18	188	1.04e-27	102
WP_055985859.1	iJN1463.PP_0956	32.9	155	104	0	8	162	10	164	1.02e-27	101
WP_055985859.1	iML1515.b3198	34.1	167	110	0	6	172	22	188	2.06e-27	101
WP_055985859.1	iSbBS512_1146.SbBS512_E3572	34.1	167	110	0	6	172	22	188	2.06e-27	101
WP_055985859.1	iSDY_1059.SDY_3379	34.1	167	110	0	6	172	22	188	2.06e-27	101
WP_055985859.1	iSF_1195.SF3238	34.1	167	110	0	6	172	22	188	2.06e-27	101
WP_055985859.1	iSSON_1240.SSON_3346	34.1	167	110	0	6	172	22	188	2.06e-27	101
WP_055985876.1	iEK1008.Rv0684	24.0	500	241	13	1	377	10	493	1.90e-23	104
WP_055985888.1	iMM1415.74167	27.3	143	72	5	27	142	197	334	3.01e-05	43.9
WP_055985888.1	iCHOv1.100766764	26.6	143	73	5	27	142	197	334	1.30e-04	42.0
WP_055985895.1	iSynCJ816.SGL_RS05700	30.5	279	164	9	6	262	5	275	1.07e-22	98.2
WP_055985895.1	iPC815.YPO0378	28.9	349	208	13	6	327	6	341	9.90e-23	98.2
WP_055985895.1	iJN1463.PP_4889	28.4	275	176	6	6	262	6	277	1.33e-22	97.8
WP_055985895.1	iLJ478.TM1096	28.4	334	220	9	5	326	3	329	2.54e-22	96.7
WP_055985895.1	iCN718.ABAYE_RS12990	28.3	276	176	7	6	262	6	278	6.55e-22	95.9
WP_055985895.1	STM_v1_0.STM4366	28.0	275	177	8	6	262	6	277	1.56e-21	94.7
WP_055985895.1	iML1515.b4177	28.0	275	177	8	6	262	6	277	2.12e-21	94.4
WP_055985895.1	iSbBS512_1146.SbBS512_E4708	28.0	275	177	8	6	262	6	277	2.12e-21	94.4
WP_055985895.1	iSDY_1059.SDY_4412	28.0	275	177	8	6	262	6	277	2.12e-21	94.4
WP_055985895.1	iSF_1195.SF4332	28.0	275	177	8	6	262	6	277	2.12e-21	94.4
WP_055985895.1	iSSON_1240.SSON_4362	28.0	275	177	8	6	262	6	277	2.12e-21	94.4
WP_055985895.1	iYL1228.KPN_04576	27.3	275	179	8	6	262	6	277	5.99e-20	90.1
WP_055985895.1	iIT341.HP0255	28.9	342	216	9	3	326	1	333	7.11e-20	89.7
WP_055985913.1	STM_v1_0.STM1221	51.8	191	82	6	3	185	42	230	2.16e-54	175
WP_055985948.1	iAF692.Mbar_A0721	36.7	447	264	8	8	451	7	437	2.05e-87	274
WP_055985948.1	iAF692.Mbar_A2225	36.9	445	266	7	8	451	7	437	8.27e-85	267
WP_055985956.1	iJN1463.PP_2872	30.0	160	94	8	5	161	4	148	3.44e-05	44.3
WP_055985961.1	iAF987.Gmet_1914	28.5	151	98	2	1	148	1	144	2.56e-16	77.0
WP_055986008.1	iHN637.CLJU_RS20600	35.0	451	255	12	11	438	12	447	3.22e-69	226
WP_055986008.1	iCN718.ABAYE_RS01280	32.1	467	279	10	1	441	16	470	3.25e-68	224
WP_055986008.1	iAF987.Gmet_0413	32.7	452	271	7	8	438	6	445	2.03e-62	209
WP_055986008.1	iCN900.CD630_35180	32.8	457	280	12	9	447	2	449	8.42e-62	207
WP_055986010.1	iYO844.BSU15220	36.5	353	220	3	5	355	1	351	4.36e-74	233
WP_055986010.1	iCN900.CD630_26510	35.2	366	230	4	5	365	2	365	5.42e-71	227
WP_055986015.1	iJN1463.PP_1336	28.4	377	225	14	36	397	42	388	1.65e-24	103
WP_055986015.1	iML1515.b0089	28.4	317	197	8	77	387	105	397	8.23e-22	96.3
WP_055986018.1	iNF517.LLMG_RS04655	40.4	443	247	12	2	437	11	443	3.45e-82	259
WP_055986018.1	iCN900.CD630_26530	36.6	448	267	9	2	439	7	447	1.23e-79	253
WP_055986018.1	iYO844.BSU15200	37.0	446	262	10	3	439	12	447	2.67e-78	249
WP_055986018.1	iYS854.USA300HOU_RS05945	37.3	442	259	9	3	438	12	441	7.06e-78	248
WP_055986021.1	iPC815.YPO0552	35.6	413	213	5	1	413	1	360	7.39e-75	237
WP_055986021.1	iJN1463.PP_1334	35.8	413	212	5	1	413	1	360	1.47e-74	236
WP_055986021.1	iAF987.Gmet_0409	37.9	391	191	7	23	413	20	358	3.05e-73	233
WP_055986021.1	iSDY_1059.SDY_0117	35.4	413	214	5	1	413	1	360	2.54e-72	230
WP_055986021.1	iML1515.b0087	35.4	413	214	5	1	413	1	360	3.58e-72	230
WP_055986021.1	iSbBS512_1146.SbBS512_E0080	35.4	413	214	5	1	413	1	360	3.58e-72	230
WP_055986021.1	iSF_1195.SF0084	35.4	413	214	5	1	413	1	360	3.58e-72	230
WP_055986021.1	iSSON_1240.SSON_0095	35.4	413	214	5	1	413	1	360	3.58e-72	230
WP_055986021.1	STM_v1_0.STM0125	34.9	413	216	5	1	413	1	360	2.80e-71	228
WP_055986021.1	iYL1228.KPN_00091	34.6	413	217	5	1	413	1	360	1.10e-70	226
WP_055986021.1	iCN718.ABAYE_RS01965	35.6	413	225	7	1	413	1	372	1.33e-68	221
WP_055986023.1	iCN900.CD630_26640	41.5	491	273	7	1	484	1	484	2.08e-127	379
WP_055986023.1	iAF987.Gmet_0407	40.3	509	277	8	1	485	1	506	5.00e-121	363
WP_055986023.1	iHN637.CLJU_RS05190	40.3	486	275	7	1	480	1	477	1.65e-117	353
WP_055986023.1	iYO844.BSU15180	39.7	486	274	6	1	475	1	478	3.39e-114	345
WP_055986026.1	iAF987.Gmet_0406	29.1	684	419	24	7	659	3	651	8.42e-57	203
WP_055986039.1	iNF517.LLMG_RS08455	42.7	309	159	5	3	296	5	310	2.15e-69	217
WP_055986045.1	iEK1008.Rv3569c	27.3	264	167	6	10	249	25	287	1.49e-17	79.7
WP_055986045.1	iCN718.ABAYE_RS14020	26.4	239	146	10	22	236	82	314	7.64e-16	75.5
WP_055986045.1	iML1515.b0349	25.7	265	174	9	7	249	22	285	9.03e-16	74.7
WP_055986045.1	iYL1228.KPN_02120	25.4	256	170	8	15	249	30	285	2.33e-15	73.6
WP_055986106.1	iAF987.Gmet_0268	52.4	145	69	0	6	150	7	151	4.91e-53	166
WP_055986106.1	iYS854.USA300HOU_RS07280	42.4	170	98	0	7	176	4	173	1.93e-48	155
WP_055986109.1	iNF517.LLMG_RS11535	34.1	317	202	6	12	323	7	321	1.22e-48	165
WP_055986109.1	iAF987.Gmet_1639	33.7	315	202	6	7	318	4	314	4.37e-45	155
WP_055986109.1	iLJ478.TM1469	32.4	315	202	7	12	322	7	314	1.02e-44	154
WP_055986109.1	iYO844.BSU24850	32.9	313	189	7	13	316	8	308	3.32e-43	150
WP_055986112.1	iJN1463.PP_0860	24.3	403	255	9	15	398	2	373	2.52e-24	105
WP_055986115.1	iJN1463.PP_2193	25.0	480	299	12	33	476	143	597	6.47e-23	103
WP_055986118.1	iJN1463.PP_0860	22.4	393	271	9	15	395	2	372	4.89e-21	95.1
WP_055986121.1	iYL1228.KPN_00165	23.1	684	436	22	46	680	65	707	3.37e-42	163
WP_055986121.1	STM_v1_0.STM0191	24.4	688	417	24	46	680	64	701	2.02e-40	158
WP_055986121.1	iJN1463.PP_4217	24.5	694	447	27	62	719	160	812	4.12e-40	157
WP_055986121.1	iSSON_1240.SSON_1122	24.4	713	448	25	49	719	66	729	3.64e-40	157
WP_055986121.1	iSDY_1059.SDY_2048	24.8	701	436	25	61	719	78	729	6.54e-40	156
WP_055986121.1	iSbBS512_1146.SbBS512_E2222	24.7	701	437	25	61	719	78	729	1.58e-39	155
WP_055986121.1	iSSON_1240.SSON_0162	24.0	684	425	23	46	680	64	701	1.58e-39	155
WP_055986121.1	iML1515.b1102	24.4	701	439	25	61	719	78	729	2.11e-39	155
WP_055986121.1	iSbBS512_1146.SbBS512_E0142	24.0	684	425	23	46	680	64	701	2.11e-39	155
WP_055986121.1	iJN1463.PP_0160	23.0	701	456	21	58	719	173	828	2.50e-38	152
WP_055986121.1	STM_v1_0.STM0364	23.9	665	437	22	59	690	57	685	3.35e-38	151
WP_055986121.1	STM_v1_0.STM1204	24.6	700	436	23	61	719	76	724	1.64e-37	149
WP_055986121.1	iSF_1195.SF0142	23.1	688	444	24	46	680	64	719	5.86e-37	147
WP_055986126.1	iYL1228.KPN_02492	38.5	353	176	4	1	337	1	328	3.63e-87	265
WP_055986126.1	iSbBS512_1146.SbBS512_E1204	38.2	351	180	3	1	337	1	328	6.61e-85	259
WP_055986126.1	iAF987.Gmet_2330	37.6	351	177	3	4	337	5	330	2.07e-78	243
WP_055986148.1	iYO844.BSU30820	31.4	484	295	16	21	477	21	494	8.01e-53	189
WP_055986148.1	iYS854.USA300HOU_RS05190	29.3	523	343	14	3	514	5	511	7.48e-53	188
WP_055986148.1	iNF517.LLMG_RS09160	30.9	556	343	20	21	555	17	552	5.65e-48	175
WP_055986153.1	iIT341.HP0293	32.2	329	191	12	12	315	27	348	3.66e-30	119
WP_055986153.1	iHN637.CLJU_RS07875	30.1	319	195	11	19	319	160	468	1.30e-29	117
WP_055986153.1	iCN718.ABAYE_RS15585	33.6	274	157	11	65	320	184	450	2.72e-28	113
WP_055986153.1	iCN900.CD630_14460	31.3	259	157	8	76	319	186	438	8.01e-27	109
WP_055986167.1	iLB1027_lipid.PHATRDRAFT_40261	32.3	96	31	3	154	215	203	298	9.06e-04	39.7
WP_055986170.1	iYS854.USA300HOU_RS03880	25.9	379	216	15	257	588	208	568	1.50e-13	73.6
WP_055986176.1	iAF987.Gmet_1919	25.8	155	110	1	3	157	5	154	1.66e-11	62.4
WP_055986176.1	iAF987.Gmet_1914	23.5	162	124	0	2	163	3	164	2.72e-11	62.0
WP_055986176.1	iAF987.Gmet_2999	28.9	152	103	3	3	150	10	160	3.52e-10	58.5
WP_055986191.1	iML1515.b0837	43.0	351	190	7	63	406	23	370	5.55e-88	271
WP_055986191.1	iSbBS512_1146.SbBS512_E2507	43.0	351	190	7	63	406	23	370	7.84e-88	270
WP_055986191.1	iSSON_1240.SSON_0820	42.7	351	191	7	63	406	23	370	3.12e-87	269
WP_055986191.1	iYL1228.KPN_00869	42.9	345	187	7	67	404	25	366	9.24e-83	257
WP_055986193.1	iYO844.BSU31400	32.8	366	228	11	22	381	25	378	1.95e-48	168
WP_055986193.1	iIT341.HP0672	30.1	359	238	7	28	381	32	382	2.23e-47	165
WP_055986193.1	iHN637.CLJU_RS06550	27.7	365	246	5	28	381	32	389	1.56e-42	152
WP_055986193.1	iAF692.Mbar_A2083	28.9	360	243	6	28	385	31	379	2.98e-42	151
WP_055986196.1	iYS854.USA300HOU_RS12480	20.2	341	261	5	3	340	2	334	4.85e-09	57.0
WP_055986196.1	iYL1228.KPN_01663	22.4	339	237	9	3	326	2	329	1.57e-08	55.5
WP_055986196.1	iCHOv1.100772925	23.1	355	233	13	3	329	11	353	2.50e-08	55.1
WP_055986196.1	iCN718.ABAYE_RS01180	21.1	337	243	7	4	326	3	330	4.95e-08	53.9
WP_055986230.1	iYS854.USA300HOU_RS10950	34.9	249	144	11	1	234	1	246	1.22e-28	108
WP_055986233.1	iML1515.b3781	32.6	89	60	0	7	95	16	104	1.56e-18	73.6
WP_055986233.1	STM_v1_0.STM3915	32.6	89	60	0	7	95	16	104	1.56e-18	73.6
WP_055986233.1	iSbBS512_1146.SbBS512_E4140	32.6	89	60	0	7	95	16	104	1.56e-18	73.6
WP_055986233.1	iSDY_1059.SDY_3968	32.6	89	60	0	7	95	34	122	2.45e-18	73.6
WP_055986233.1	iSF_1195.SF3854	32.6	89	60	0	7	95	34	122	2.45e-18	73.6
WP_055986233.1	iSSON_1240.SSON_3952	32.6	89	60	0	7	95	34	122	2.45e-18	73.6
WP_055986233.1	iYL1228.KPN_04282	33.7	89	59	0	7	95	16	104	3.14e-18	72.8
WP_055986233.1	iYS854.USA300HOU_RS05725	39.3	84	51	0	16	99	21	104	1.57e-17	70.9
WP_055986233.1	iAF692.Mbar_A2310	41.1	73	43	0	13	85	2	74	8.46e-17	68.6
WP_055986233.1	iPC815.YPO3868	32.6	89	60	0	7	95	16	104	5.62e-16	67.0
WP_055986236.1	iSynCJ816.SGL_RS08475	30.4	217	125	5	17	229	16	210	2.70e-23	97.8
WP_055986236.1	iCN718.ABAYE_RS09945	29.0	221	131	7	24	241	26	223	1.00e-20	90.5
WP_055986248.1	iSbBS512_1146.SbBS512_E2460	45.5	572	308	4	1	570	1	570	6.39e-181	522
WP_055986248.1	iSSON_1240.SSON_0857	45.5	572	308	4	1	570	1	570	6.39e-181	522
WP_055986248.1	iSDY_1059.SDY_2392	45.5	572	308	4	1	570	1	570	9.04e-181	521
WP_055986248.1	iSF_1195.SF0826	45.6	572	307	4	1	570	1	570	9.04e-181	521
WP_055986248.1	iML1515.b0871	45.5	572	308	4	1	570	1	570	1.28e-180	521
WP_055986248.1	iYL1228.KPN_00904	45.8	572	306	4	1	570	4	573	2.00e-180	521
WP_055986248.1	iPC815.YPO1358	46.3	572	304	3	1	570	1	571	7.92e-177	511
WP_055986248.1	STM_v1_0.STM0935	44.6	572	313	3	1	570	1	570	3.51e-175	507
WP_055986250.1	iYO844.BSU18540	24.6	366	229	17	35	375	34	377	2.27e-09	58.5
WP_055986290.1	iAF692.Mbar_A1238	48.4	91	47	0	8	98	11	101	3.34e-18	80.5
WP_055986290.1	iSF_1195.SF0776	45.8	83	45	0	16	98	24	106	1.23e-16	76.3
WP_055986290.1	iML1515.b0826	44.6	83	46	0	16	98	24	106	1.70e-16	75.9
WP_055986290.1	iSbBS512_1146.SbBS512_E2522	44.6	83	46	0	16	98	24	106	1.70e-16	75.9
WP_055986290.1	iSDY_1059.SDY_0761	44.6	83	46	0	16	98	24	106	4.48e-16	74.7
WP_055986290.1	iSSON_1240.SSON_0808	44.6	83	46	0	16	98	24	106	8.53e-16	73.9
WP_055986303.1	iYO844.BSU15700	47.6	391	203	2	3	391	2	392	4.70e-108	323
WP_055986303.1	iCN900.CD630_25870	42.8	400	225	3	3	400	2	399	3.27e-98	298
WP_055986303.1	iCN718.ABAYE_RS03170	43.0	402	214	8	6	394	11	410	2.55e-96	293
WP_055986314.1	iCN900.CD630_32150	30.1	236	161	3	1	233	4	238	2.35e-32	118
WP_055986314.1	iNF517.LLMG_RS08555	31.6	212	142	2	1	209	1	212	5.66e-30	113
WP_055986314.1	iYO844.BSU33730	29.1	227	153	3	1	219	1	227	3.79e-28	109
WP_055986314.1	iYO844.BSU32750	28.4	250	158	6	1	234	1	245	2.12e-28	109
WP_055986314.1	iIT341.HP0819	30.1	206	144	0	1	206	4	209	1.84e-28	107
WP_055986317.1	iML1515.b2431	32.7	260	158	6	50	302	47	296	2.08e-35	129
WP_055986329.1	iYL1228.KPN_01517	63.1	461	169	1	3	463	4	463	1.52e-203	571
WP_055986329.1	iCN718.ABAYE_RS08160	65.2	460	159	1	1	460	1	459	4.04e-203	570
WP_055986329.1	iYO844.BSU33040	62.8	460	169	2	1	460	1	458	2.36e-199	560
WP_055986329.1	iML1515.b1611	62.3	461	173	1	4	464	5	464	2.81e-199	560
WP_055986329.1	iSSON_1240.SSON_1549	62.3	461	173	1	4	464	5	464	5.66e-199	559
WP_055986329.1	iCHOv1.100773218	62.5	461	171	2	2	461	46	505	6.59e-198	558
WP_055986329.1	iSbBS512_1146.SbBS512_E1796	62.0	461	174	1	4	464	5	464	1.62e-198	558
WP_055986329.1	iAT_PLT_636.2271	62.7	461	170	2	2	461	49	508	5.95e-197	556
WP_055986329.1	iSF_1195.SF1634	61.8	461	175	1	4	464	5	464	1.87e-197	555
WP_055986329.1	STM_v1_0.STM1469	62.2	460	173	1	4	463	5	463	2.65e-197	555
WP_055986329.1	iMM1415.14194	62.0	461	173	2	2	461	46	505	1.53e-196	555
WP_055986329.1	iSDY_1059.SDY_1827	61.4	461	177	1	4	464	5	464	3.06e-196	552
WP_055986329.1	iIT341.HP1325	61.0	461	179	1	1	461	1	460	2.04e-193	545
WP_055986329.1	iSynCJ816.SGL_RS13465	60.0	462	184	1	2	463	4	464	1.73e-190	538
WP_055986329.1	iYS854.USA300HOU_RS09890	60.2	460	181	2	1	460	1	458	2.92e-190	537
WP_055986329.1	iMM904.YPL262W	61.4	461	176	2	2	461	27	486	8.68e-189	534
WP_055986335.1	iPC815.YPO3335	62.5	533	198	1	3	533	6	538	1.73e-250	696
WP_055986335.1	iYL1228.KPN_01516	62.5	536	193	2	3	533	6	538	5.93e-249	692
WP_055986335.1	iML1515.b4122	62.4	535	199	1	3	535	6	540	3.73e-245	682
WP_055986335.1	iML1515.b1612	62.1	533	200	1	3	533	6	538	2.14e-244	681
WP_055986335.1	iSbBS512_1146.SbBS512_E1798	62.1	533	200	1	3	533	6	538	4.31e-244	680
WP_055986335.1	iSSON_1240.SSON_1548	62.1	533	200	1	3	533	6	538	4.31e-244	680
WP_055986335.1	iSF_1195.SF1635	61.9	533	201	1	3	533	6	538	6.11e-244	679
WP_055986335.1	iSDY_1059.SDY_1828	61.9	533	201	1	3	533	6	538	1.23e-243	679
WP_055986335.1	STM_v1_0.STM1468	61.5	533	203	1	3	533	6	538	6.33e-242	676
WP_055986335.1	iAF987.Gmet_2570	62.8	535	194	3	3	533	6	539	1.28e-241	673
WP_055986335.1	STM_v1_0.STM4300	61.4	534	204	1	2	533	5	538	9.46e-241	671
WP_055986335.1	iIS312.TCDM_00874	62.8	543	185	5	3	533	17	554	1.41e-239	669
WP_055986335.1	iIS312.TCDM_06503	61.1	537	204	2	2	533	28	564	1.11e-231	649
WP_055986339.1	iYS854.USA300HOU_RS05260	27.4	234	154	4	25	256	78	297	1.52e-23	100
WP_055986339.1	iSynCJ816.SGL_RS12260	27.3	205	133	5	72	261	82	285	1.64e-21	94.4
WP_055986358.1	iCHOv1.100765277	63.9	676	240	3	27	701	63	735	2.89e-314	873
WP_055986358.1	iMM1415.17850	63.6	676	242	3	27	701	63	735	1.66e-313	871
WP_055986358.1	iAT_PLT_636.4594	63.3	676	244	3	27	701	65	737	2.06e-312	868
WP_055986358.1	iEK1008.Rv1493	63.4	661	233	3	50	702	81	740	8.21e-295	823
WP_055986358.1	iML1515.b2917	59.8	679	267	3	27	701	31	707	8.68e-293	817
WP_055986358.1	iSF_1195.SF2902	59.6	679	268	3	27	701	31	707	4.98e-292	815
WP_055986358.1	iSSON_1240.SSON_3068	59.6	679	268	3	27	701	31	707	7.06e-292	815
WP_055986368.1	iCN900.CD630_14890	31.4	172	115	2	28	197	21	191	2.67e-19	84.0
WP_055986368.1	iAF692.Mbar_A1305	31.5	168	107	3	32	197	26	187	6.83e-19	83.2
WP_055986368.1	iAF692.Mbar_A0472	26.9	212	146	5	3	206	9	219	4.71e-17	77.8
WP_055986385.1	iYL1228.KPN_01308	30.3	304	193	6	12	305	13	307	2.26e-27	108
WP_055986385.1	iSDY_1059.SDY_1403	29.0	303	198	6	12	305	27	321	6.92e-25	102
WP_055986385.1	iSbBS512_1146.SbBS512_E1559	29.0	303	198	6	12	305	13	307	1.07e-24	101
WP_055986385.1	iML1515.b1325	29.0	303	198	6	12	305	13	307	2.03e-24	100
WP_055986385.1	iSF_1195.SF1331	29.0	303	198	6	12	305	13	307	2.03e-24	100
WP_055986385.1	iSSON_1240.SSON_1813	29.2	298	194	6	12	300	13	302	2.85e-24	100
WP_055986400.1	iAF987.Gmet_1238	28.7	188	118	6	76	254	61	241	5.97e-24	97.1
WP_055986406.1	iJN1463.PP_0114	35.3	218	137	1	1	214	1	218	9.31e-41	143
WP_055986406.1	iCN900.CD630_14890	33.0	233	155	1	1	233	1	232	1.53e-38	137
WP_055986406.1	iYO844.BSU32750	33.8	263	161	4	1	253	1	260	6.46e-38	135
WP_055986406.1	iCN900.CD630_09000	32.6	270	171	4	1	262	1	267	1.34e-37	135
WP_055986406.1	iCN900.CD630_07520	35.1	211	135	2	1	211	1	209	1.68e-38	134
WP_055986406.1	iYS854.USA300HOU_RS04405	33.9	218	139	2	1	214	1	217	9.53e-37	132
WP_055986406.1	iPC815.YPO2514	33.5	227	149	2	1	227	1	225	9.24e-38	132
WP_055986406.1	iML1515.b0199	34.4	218	138	2	1	214	1	217	3.80e-36	131
WP_055986406.1	iSDY_1059.SDY_0218	34.4	218	138	2	1	214	1	217	3.80e-36	131
WP_055986406.1	iNF517.LLMG_RS09915	35.0	214	137	2	1	214	5	216	5.63e-37	130
WP_055986406.1	iSbBS512_1146.SbBS512_E0193	34.4	218	138	2	1	214	1	217	5.31e-36	130
WP_055986406.1	iSF_1195.SF0190	34.4	218	138	2	1	214	1	217	5.31e-36	130
WP_055986406.1	iSSON_1240.SSON_0213	34.4	218	138	2	1	214	1	217	5.31e-36	130
WP_055986406.1	iCN900.CD630_32150	34.5	235	145	4	1	231	4	233	1.96e-36	129
WP_055986406.1	iML1515.b0809	34.5	226	146	2	1	226	1	224	1.41e-36	129
WP_055986406.1	iSbBS512_1146.SbBS512_E2539	34.5	226	146	2	1	226	1	224	1.41e-36	129
WP_055986406.1	iJN1463.PP_1722	33.2	253	153	3	2	244	4	250	2.15e-35	129
WP_055986406.1	iYS854.USA300HOU_RS13040	34.4	215	140	1	1	215	1	214	3.02e-36	129
WP_055986409.1	iJN1463.PP_0959	27.8	237	131	7	30	247	46	261	2.94e-20	86.7
WP_055986412.1	iML1515.b2047	35.3	363	215	10	98	445	97	454	5.21e-48	171
WP_055986416.1	iYS854.USA300HOU_RS03835	33.1	166	89	6	15	158	4	169	1.01e-16	75.5
WP_055986417.1	iAF987.Gmet_0247	49.1	289	140	2	4	290	3	286	1.05e-92	276
WP_055986417.1	iCHOv1.100770086	48.8	293	144	3	2	288	37	329	2.31e-90	272
WP_055986417.1	iMM1415.17768	48.8	293	144	3	2	288	18	310	5.86e-89	268
WP_055986417.1	iAT_PLT_636.10797	48.5	293	145	3	2	288	37	329	3.00e-88	266
WP_055986417.1	iYL1228.KPN_00484	48.1	285	139	2	2	286	3	278	6.86e-88	263
WP_055986417.1	STM_v1_0.STM0542	48.1	285	139	2	2	286	3	278	1.95e-87	262
WP_055986417.1	iML1515.b0529	47.4	285	141	2	2	286	3	278	1.58e-86	260
WP_055986417.1	iSbBS512_1146.SbBS512_E0445	47.4	285	141	2	2	286	3	278	1.58e-86	260
WP_055986417.1	iSF_1195.SF0460	47.4	285	141	2	2	286	3	278	1.58e-86	260
WP_055986417.1	iSSON_1240.SSON_0489	47.4	285	141	2	2	286	3	278	1.58e-86	260
WP_055986417.1	iSDY_1059.SDY_0281	47.4	285	141	2	2	286	3	278	4.48e-86	259
WP_055986417.1	iPC815.YPO2824	46.0	285	145	2	2	286	3	278	1.03e-84	255
WP_055986417.1	iIT341.HP0577	45.3	285	147	2	4	288	10	285	9.42e-84	253
WP_055986417.1	iYS854.USA300HOU_RS05295	45.8	288	146	4	1	288	2	279	4.43e-83	251
WP_055986417.1	iNF517.LLMG_RS08520	47.2	284	138	4	4	286	3	275	3.47e-82	249
WP_055986420.1	iML1515.b4025	64.2	545	192	3	2	543	1	545	3.66e-253	703
WP_055986420.1	iSbBS512_1146.SbBS512_E4530	64.2	545	192	3	2	543	1	545	3.66e-253	703
WP_055986420.1	iSDY_1059.SDY_4226	64.2	545	192	3	2	543	1	545	3.66e-253	703
WP_055986420.1	iSSON_1240.SSON_4203	64.2	545	192	3	2	543	1	545	3.66e-253	703
WP_055986420.1	iSF_1195.SF4180	64.0	545	193	3	2	543	1	545	1.05e-252	702
WP_055986420.1	iPC815.YPO3718	63.7	548	196	3	2	546	1	548	4.47e-249	693
WP_055986420.1	iYL1228.KPN_04413	63.1	545	198	3	2	543	1	545	3.78e-248	691
WP_055986420.1	STM_v1_0.STM4221	62.8	545	200	3	2	543	1	545	8.81e-247	687
WP_055986420.1	iAT_PLT_636.2821	60.4	528	201	4	24	543	62	589	4.55e-227	639
WP_055986420.1	iMM1415.14751	60.5	539	204	5	14	543	12	550	2.68e-226	635
WP_055986426.1	iAF987.Gmet_2075	39.5	385	229	4	69	451	9	391	3.53e-89	276
WP_055986432.1	iML1515.b1601	22.4	344	251	7	6	347	11	340	1.09e-07	52.8
WP_055986434.1	iCHOv1.100768838	53.3	45	19	1	376	420	1	43	9.78e-05	43.5
WP_055986442.1	iAF987.Gmet_2065	29.3	450	262	11	4	444	3	405	1.00e-42	159
WP_055986442.1	iAF987.Gmet_2255	30.5	443	252	10	8	443	7	400	2.02e-40	152
WP_055986448.1	iAF987.Gmet_2065	49.0	241	119	4	19	258	419	656	3.44e-74	238
WP_055986448.1	iAF987.Gmet_2255	46.9	245	126	4	14	257	410	651	8.95e-74	236
WP_055986448.1	iAF987.Gmet_0685	43.1	246	137	3	14	258	411	654	6.83e-68	221
WP_055986448.1	iAF987.Gmet_2070	42.7	239	133	2	19	257	425	659	1.07e-66	218
WP_055986461.1	iAF987.Gmet_3528	47.2	316	163	3	104	415	99	414	1.99e-94	290
WP_055986461.1	iSynCJ816.SGL_RS05225	47.8	324	163	3	104	421	107	430	1.38e-93	288
WP_055986461.1	iLJ478.TM1379	45.6	425	226	4	1	421	1	424	4.72e-93	286
WP_055986461.1	iAF692.Mbar_A0541	39.7	416	244	5	1	415	28	437	3.08e-91	282
WP_055986461.1	iCN900.CD630_00140	41.6	425	241	5	1	421	1	422	2.47e-89	276
WP_055986461.1	iHN637.CLJU_RS00085	44.9	316	170	3	104	415	103	418	2.69e-89	276
WP_055986461.1	iYL1228.KPN_00925	40.7	428	239	7	1	417	1	424	3.76e-87	271
WP_055986461.1	iPC815.YPO1379	40.5	427	237	7	1	415	1	422	7.48e-87	270
WP_055986461.1	iSbBS512_1146.SbBS512_E2435	42.0	426	232	8	1	415	1	422	2.59e-84	264
WP_055986461.1	iNF517.LLMG_RS03735	45.7	315	168	3	104	415	101	415	2.99e-84	263
WP_055986461.1	iSF_1195.SF0852	41.8	426	233	8	1	415	1	422	1.44e-83	262
WP_055986461.1	iSSON_1240.SSON_0894	41.8	426	233	8	1	415	1	422	1.44e-83	262
WP_055986461.1	STM_v1_0.STM0963	39.7	426	242	7	1	415	1	422	2.04e-83	261
WP_055986461.1	iYS854.USA300HOU_RS00045	38.3	392	236	4	28	415	27	416	2.71e-83	261
WP_055986479.1	iJN1463.PP_4253	29.6	186	113	4	90	263	26	205	1.15e-15	75.5
WP_055986479.1	iJN1463.PP_4258	29.3	198	108	7	92	263	28	219	8.10e-15	73.2
WP_055986485.1	iJN1463.PP_4255	48.9	497	222	6	7	502	9	474	8.07e-168	491
WP_055986485.1	iJN1463.PP_4250	48.2	483	223	5	3	484	4	460	2.14e-163	480
WP_055986485.1	iIT341.HP0144	43.2	509	255	6	2	500	3	487	2.24e-155	460
WP_055986498.1	iAF987.Gmet_1642	50.8	264	130	0	8	271	3	266	1.14e-95	281
WP_055986498.1	iCN900.CD630_15130	47.9	263	137	0	9	271	2	264	1.39e-88	264
WP_055986498.1	iEK1008.Rv2225	46.8	263	139	1	9	271	20	281	2.55e-85	256
WP_055986503.1	iYS854.USA300HOU_RS06015	36.2	218	125	5	5	216	83	292	5.13e-29	110
WP_055986503.1	iNF517.LLMG_RS07670	34.0	215	133	4	4	214	78	287	3.68e-27	105
WP_055986506.1	iJN1463.PP_4922	74.2	604	143	4	9	602	23	623	0.0	918
WP_055986506.1	STM_v1_0.STM4164	74.0	603	145	4	10	603	27	626	0.0	904
WP_055986506.1	iSbBS512_1146.SbBS512_E4485	73.6	603	147	4	10	603	27	626	0.0	895
WP_055986506.1	iML1515.b3994	73.6	603	147	4	10	603	27	626	0.0	894
WP_055986506.1	iSDY_1059.SDY_3732	73.6	603	147	4	10	603	27	626	0.0	891
WP_055986506.1	iSF_1195.SF4066	73.3	603	149	4	10	603	27	626	0.0	890
WP_055986506.1	iYL1228.KPN_04376	73.1	603	150	4	10	603	27	626	0.0	890
WP_055986506.1	iSSON_1240.SSON_4167	73.1	603	150	4	10	603	27	626	0.0	890
WP_055986506.1	iCN718.ABAYE_RS17505	72.9	602	146	6	11	602	28	622	0.0	887
WP_055986506.1	iPC815.YPO3739	72.5	578	152	3	10	583	42	616	6.10e-316	870
WP_055986506.1	iYO844.BSU08790	69.6	606	142	3	8	602	15	589	6.11e-310	851
WP_055986509.1	iHN637.CLJU_RS06600	24.1	162	114	5	25	181	30	187	1.89e-10	57.4
WP_055986512.1	iHN637.CLJU_RS16285	34.4	247	146	5	8	242	4	246	2.57e-32	118
WP_055986518.1	iSbBS512_1146.SbBS512_E4481	64.5	251	89	0	6	256	2	252	4.12e-102	297
WP_055986518.1	iSSON_1240.SSON_4163	64.5	251	89	0	6	256	27	277	9.54e-102	297
WP_055986518.1	iPC815.YPO3742	63.2	261	86	1	6	256	2	262	6.83e-102	297
WP_055986518.1	iML1515.b3991	64.5	251	89	0	6	256	2	252	8.29e-102	296
WP_055986518.1	iYL1228.KPN_04372	64.9	251	88	0	6	256	2	252	1.67e-101	295
WP_055986518.1	STM_v1_0.STM4160	64.9	251	88	0	6	256	2	252	9.58e-101	293
WP_055986518.1	iSF_1195.SF4063	63.7	251	91	0	6	256	27	277	3.14e-100	293
WP_055986518.1	iSDY_1059.SDY_3736	63.7	251	91	0	6	256	27	277	8.97e-100	292
WP_055986521.1	iYL1228.KPN_04371	48.9	368	187	1	1	367	1	368	5.35e-124	362
WP_055986521.1	iPC815.YPO3743	48.9	366	183	2	6	367	4	369	1.69e-122	358
WP_055986521.1	STM_v1_0.STM4159	47.3	368	193	1	1	367	1	368	1.41e-121	355
WP_055986521.1	iML1515.b3990	48.1	368	190	1	1	367	1	368	2.84e-121	355
WP_055986521.1	iSDY_1059.SDY_3737	47.8	368	191	1	1	367	1	368	1.62e-120	353
WP_055986521.1	iSF_1195.SF4062	47.6	368	192	1	1	367	1	368	1.62e-120	353
WP_055986521.1	iSSON_1240.SSON_4162	47.8	368	191	1	1	367	1	368	2.29e-120	352
WP_055986527.1	iSbBS512_1146.SbBS512_E0111	31.1	930	527	31	3	912	8	843	1.86e-92	311
WP_055986527.1	iSDY_1059.SDY_0025	31.1	930	527	31	3	912	1	836	1.63e-92	311
WP_055986527.1	iML1515.b0118	31.1	930	527	31	3	912	1	836	3.12e-92	311
WP_055986527.1	iSF_1195.SF0115	31.1	930	527	31	3	912	1	836	3.12e-92	311
WP_055986527.1	iSSON_1240.SSON_0126	31.1	930	527	31	3	912	1	836	3.12e-92	311
WP_055986527.1	STM_v1_0.STM0158	30.6	929	533	29	3	912	1	836	1.58e-91	309
WP_055986527.1	iJN1463.PP_2339	29.5	929	534	26	7	910	5	837	1.59e-89	303
WP_055986527.1	iPC815.YPO3415	29.9	937	529	30	3	912	1	836	3.89e-89	302
WP_055986527.1	iCN718.ABAYE_RS07555	30.3	932	529	31	7	910	5	843	6.63e-88	299
WP_055986527.1	iYL1228.KPN_00124	29.8	915	528	27	18	912	2	822	2.76e-87	297
WP_055986527.1	iLB1027_lipid.PHATRDRAFT_26290	30.4	947	519	34	2	909	101	946	7.01e-86	296
WP_055986527.1	iSynCJ816.SGL_RS17360	29.2	918	529	30	3	902	1	815	4.16e-83	286
WP_055986527.1	iIT341.HP0779	29.6	916	543	32	2	906	4	828	4.16e-82	283
WP_055986537.1	iAF987.Gmet_0769	34.6	130	85	0	18	147	11	140	1.02e-21	85.5
WP_055986537.1	iCHOv1.100755154	33.3	135	88	1	8	140	165	299	1.67e-18	80.5
WP_055986543.1	iML1515.b0376	25.8	252	165	8	65	307	35	273	2.21e-13	70.9
WP_055986543.1	iSynCJ816.SGL_RS12260	26.8	194	120	8	103	292	75	250	5.63e-12	66.6
WP_055986543.1	iYS854.USA300HOU_RS05260	23.2	341	223	12	49	380	63	373	2.34e-11	64.7
WP_055986553.1	iJN1463.PP_4029	31.3	99	65	2	5	103	110	205	7.14e-09	53.1
WP_055986553.1	iLB1027_lipid.PHATRDRAFT_16157	26.8	153	102	4	2	152	6	150	1.55e-08	51.2
WP_055986561.1	iAF692.Mbar_A0853	40.7	140	72	2	5	133	8	147	1.69e-28	102
WP_055986561.1	iCN900.CD630_34770	39.9	138	72	3	4	130	5	142	2.32e-28	101
WP_055986561.1	iAF987.Gmet_1622	37.8	143	78	2	4	135	6	148	2.14e-25	94.0
WP_055986564.1	iAF987.Gmet_1716	50.6	259	122	3	1	255	1	257	1.79e-81	244
WP_055986564.1	iAF987.Gmet_2071	49.4	259	125	3	1	255	1	257	4.74e-79	238
WP_055986567.1	iJN1463.PP_0481	59.3	484	186	6	3	484	2	476	2.20e-202	570
WP_055986567.1	iYO844.BSU08820	58.1	487	195	4	1	486	1	479	1.04e-196	555
WP_055986567.1	iIT341.HP0875	56.4	475	190	7	5	471	7	472	1.41e-182	520
WP_055986572.1	iYS854.USA300HOU_RS09495	53.2	421	160	7	4	421	7	393	7.52e-143	412
WP_055986572.1	iHN637.CLJU_RS01260	52.6	422	165	8	1	421	1	388	1.87e-139	404
WP_055986572.1	iLJ478.TM1658	52.2	429	168	8	1	426	1	395	6.08e-139	402
WP_055986572.1	iYO844.BSU30550	49.6	425	170	7	4	421	7	394	8.14e-133	387
WP_055986572.1	iIT341.HP0197	51.8	423	161	8	2	424	4	383	9.87e-133	386
WP_055986572.1	iCN900.CD630_01300	48.6	422	180	8	3	421	4	391	1.37e-130	381
WP_055986572.1	iNF517.LLMG_RS10795	50.8	427	173	8	3	425	5	398	4.75e-129	377
WP_055986572.1	iJN1463.PP_4967	50.2	426	174	7	4	426	6	396	4.30e-129	377
WP_055986572.1	iCN718.ABAYE_RS10800	50.6	423	169	7	4	426	6	388	6.61e-129	377
WP_055986572.1	iAF987.Gmet_1290	49.1	424	176	6	3	426	6	389	3.15e-127	372
WP_055986577.1	iML1515.b4374	26.1	218	144	7	1	215	1	204	6.98e-18	79.0
WP_055986577.1	iSbBS512_1146.SbBS512_E4917	25.2	218	146	7	1	215	1	204	2.60e-17	77.4
WP_055986577.1	iSDY_1059.SDY_4633	26.2	221	145	8	1	218	1	206	2.60e-17	77.4
WP_055986577.1	iSF_1195.SF4405	25.3	221	147	8	1	218	1	206	4.93e-16	73.9
WP_055986577.1	iSSON_1240.SSON_4524	25.3	221	147	8	1	218	1	206	6.82e-16	73.6
WP_055986580.1	iJN1463.PP_1311	43.7	332	175	3	2	322	3	333	3.71e-84	260
WP_055986587.1	STM_v1_0.STM0047	24.6	191	85	4	11	199	19	152	2.44e-07	48.5
WP_055986592.1	iHN637.CLJU_RS00920	39.4	1123	538	26	13	1122	12	1005	1.58e-258	758
WP_055986597.1	iAF692.Mbar_A3422	21.4	355	214	13	3	331	2	317	5.44e-10	60.5
WP_055986599.1	iYO844.BSU39350	37.4	495	292	5	11	504	13	490	7.56e-97	301
WP_055986599.1	iYS854.USA300HOU_RS00040	36.7	501	298	5	7	504	10	494	8.20e-95	296
WP_055986602.1	iCN900.CD630_11820	48.5	241	118	3	4	241	9	246	3.89e-67	207
WP_055986602.1	iYO844.BSU15910	45.3	243	127	3	2	241	5	244	7.10e-67	206
WP_055986602.1	iHN637.CLJU_RS20765	44.9	243	128	3	2	241	7	246	2.79e-64	200
WP_055986602.1	iHN637.CLJU_RS17225	44.0	243	130	3	2	241	9	248	1.76e-60	190
WP_055986602.1	iYS854.USA300HOU_RS06185	43.3	245	131	4	2	242	3	243	1.18e-59	188
WP_055986602.1	iSynCJ816.SGL_RS07245	42.7	239	133	3	4	241	9	244	1.29e-59	188
WP_055986605.1	iPC815.YPO2757	40.9	406	233	5	4	405	3	405	5.11e-98	298
WP_055986605.1	iCN718.ABAYE_RS14690	42.4	410	225	7	4	406	3	408	9.74e-96	292
WP_055986605.1	iYL1228.KPN_02713	41.5	407	230	6	4	406	3	405	8.89e-96	292
WP_055986605.1	iSDY_1059.SDY_2522	41.5	405	229	6	4	404	3	403	1.26e-95	291
WP_055986605.1	iML1515.b2323	41.5	405	229	6	4	404	3	403	1.78e-95	291
WP_055986605.1	STM_v1_0.STM2378	41.7	405	228	6	4	404	3	403	1.67e-95	291
WP_055986605.1	iSSON_1240.SSON_2381	41.5	405	229	6	4	404	3	403	1.78e-95	291
WP_055986605.1	iSbBS512_1146.SbBS512_E2701	41.2	405	230	6	4	404	3	403	7.08e-95	290
WP_055986605.1	iSF_1195.SF2399	41.2	405	230	6	4	404	3	403	8.75e-95	290
WP_055986605.1	iJN1463.PP_4175	40.7	405	231	7	4	404	3	402	1.41e-94	289
WP_055986605.1	iLB1027_lipid.PHATRDRAFT_52648	39.4	416	237	8	4	405	11	425	8.23e-87	270
WP_055986608.1	iYS854.USA300HOU_RS06195	38.2	68	42	0	10	77	7	74	9.87e-10	49.7
WP_055986614.1	iYS854.USA300HOU_RS13915	23.3	494	329	19	7	476	5	472	7.58e-10	60.8
WP_055986614.1	iSynCJ816.SGL_RS16540	21.7	512	319	17	1	471	3	473	1.77e-09	59.7
WP_055986620.1	iCHOv1.100769679	25.6	219	132	8	13	203	54	269	1.65e-12	67.4
WP_055986620.1	iMM1415.66248	25.0	204	122	7	13	188	65	265	4.50e-11	63.2
WP_055986631.1	iAF692.Mbar_A0408	28.1	217	123	4	61	244	13	229	1.34e-21	89.7
WP_055986631.1	iMM904.YLR308W	33.9	168	100	5	63	223	119	282	2.95e-20	87.4
WP_055986639.1	iAF987.Gmet_1695	34.1	399	255	7	5	398	6	401	1.28e-65	214
WP_055986639.1	iYO844.BSU11340	34.7	409	252	7	3	398	4	410	3.47e-65	213
WP_055986639.1	iHN637.CLJU_RS20760	33.2	416	253	9	1	398	1	409	1.67e-61	203
WP_055986639.1	iIT341.HP0558	32.6	420	249	10	3	398	2	411	1.47e-58	196
WP_055986639.1	iSDY_1059.SDY_2055	32.0	415	257	8	3	398	4	412	1.61e-57	193
WP_055986639.1	iML1515.b1095	32.0	415	257	8	3	398	4	412	2.26e-57	192
WP_055986639.1	iSF_1195.SF1099	32.0	415	257	8	3	398	4	412	2.26e-57	192
WP_055986639.1	iSSON_1240.SSON_1115	32.0	415	257	8	3	398	4	412	2.26e-57	192
WP_055986641.1	iCN900.CD630_10620	37.0	81	40	3	6	83	3	75	7.11e-07	42.4
WP_055986641.1	iPC815.YPO1600	30.1	83	52	3	1	83	1	77	2.39e-05	38.5
WP_055986644.1	iCN900.CD630_11840	29.8	419	247	14	1	381	1	410	1.44e-40	147
WP_055986644.1	iYO844.BSU11340	26.2	416	261	12	3	381	4	410	1.03e-36	137
WP_055986644.1	iHN637.CLJU_RS20760	25.8	418	264	11	1	381	1	409	5.20e-36	135
WP_055986646.1	iYS854.USA300HOU_RS06875	27.5	131	94	1	7	137	2	131	6.82e-18	74.7
WP_055986651.1	iCN900.CD630_16140	41.2	233	136	1	13	245	31	262	2.24e-58	186
WP_055986660.1	iAF987.Gmet_2530	30.7	453	303	7	44	487	30	480	1.00e-60	215
WP_055986664.1	iIT341.HP1376	27.4	146	95	5	8	144	14	157	5.08e-06	43.5
WP_055986664.1	iCN900.CD630_01280	26.4	144	95	3	7	144	3	141	5.70e-06	43.1
WP_055986664.1	iCN718.ABAYE_RS08270	23.4	145	104	5	8	147	18	160	4.89e-05	40.8
WP_055986665.1	iLJ478.TM0801	25.2	139	81	5	11	138	4	130	9.45e-06	42.4
WP_055986668.1	iIT341.HP0202	21.7	355	218	10	12	361	13	312	6.13e-09	56.6
WP_055986668.1	iCN900.CD630_11790	20.2	356	232	9	6	361	7	310	4.56e-08	53.9
WP_055986668.1	iHN637.CLJU_RS20780	20.8	366	227	9	1	361	1	308	1.07e-07	52.8
WP_055986668.1	iSynCJ816.SGL_RS09325	20.8	284	181	9	80	361	73	314	1.94e-07	52.0
WP_055986671.1	iAF987.Gmet_0363	31.7	142	91	4	888	1023	66	207	1.95e-14	73.9
WP_055986688.1	iYO844.BSU35680	31.1	222	142	4	9	224	11	227	2.05e-26	109
WP_055986689.1	iYS854.USA300HOU_RS04040	32.1	287	172	8	36	320	19	284	3.84e-32	123
WP_055986689.1	iYO844.BSU35530	31.5	305	187	8	19	320	8	293	5.86e-31	120
WP_055986689.1	iEK1008.Rv1302	30.8	344	208	12	12	336	27	359	2.74e-28	114
WP_055986689.1	iAF987.Gmet_2161	31.3	291	179	6	27	315	10	281	5.31e-27	112
WP_055986704.1	iHN637.CLJU_RS06410	49.8	233	117	0	8	240	20	252	1.06e-82	247
WP_055986704.1	iSynCJ816.SGL_RS16700	47.6	233	122	0	8	240	15	247	8.75e-78	234
WP_055986704.1	iCN900.CD630_21360	47.2	233	123	0	8	240	9	241	6.93e-76	229
WP_055986704.1	iAF987.Gmet_1254	46.4	237	127	0	11	247	7	243	8.48e-75	227
WP_055986725.1	iHN637.CLJU_RS02740	35.9	295	177	2	3	287	2	294	1.70e-54	178
WP_055986725.1	iSynCJ816.SGL_RS02095	38.7	282	161	5	3	277	4	280	3.30e-54	177
WP_055986725.1	iAF987.Gmet_2472	37.6	279	166	3	4	282	2	272	1.81e-53	175
WP_055986725.1	iHN637.CLJU_RS02625	35.4	294	178	3	3	286	2	293	6.04e-52	171
WP_055986725.1	iJN1463.PP_1784	35.0	300	171	6	3	282	2	297	2.59e-48	162
WP_055986725.1	iAF692.Mbar_A0232	37.4	286	155	6	3	286	7	270	1.64e-48	162
WP_055986770.1	iNF517.LLMG_RS09175	24.3	329	215	12	33	336	130	449	9.54e-12	65.5
WP_055986787.1	iAF987.Gmet_0204	37.8	381	213	10	23	390	27	396	8.48e-78	245
WP_055986787.1	iLJ478.TM1785	36.0	389	222	9	13	388	8	382	2.25e-77	243
WP_055986787.1	iYO844.BSU11220	35.6	376	223	8	20	388	14	377	2.18e-74	236
WP_055986787.1	iAF692.Mbar_A3279	35.5	377	231	5	21	390	25	396	4.16e-72	230
WP_055986787.1	iML1515.b3073	34.6	402	235	11	5	386	50	443	8.92e-69	223
WP_055986787.1	iCN900.CD630_20310	35.3	382	226	9	19	390	23	393	2.37e-69	223
WP_055986787.1	STM_v1_0.STM3218	35.3	402	228	10	5	382	20	413	1.16e-68	222
WP_055986787.1	iSF_1195.SF3114	35.4	373	215	10	32	386	49	413	3.22e-68	221
WP_055986806.1	iAF987.Gmet_2330	23.0	256	140	9	1	202	1	253	5.94e-06	47.4
WP_055986813.1	iPC815.YPO1395	29.8	470	313	6	96	555	113	575	2.91e-53	190
WP_055986813.1	iJN1463.PP_4935	29.3	498	339	7	65	555	97	588	5.56e-53	190
WP_055986813.1	iAF987.Gmet_2349	28.8	556	365	9	12	557	33	567	1.60e-51	185
WP_055986813.1	iCHOv1.100682535	42.9	226	123	2	333	552	399	624	1.95e-49	184
WP_055986813.1	iMM1415.18670	42.9	226	123	2	333	552	396	621	1.56e-48	181
WP_055986813.1	iML1515.b0914	27.2	518	364	8	46	555	63	575	3.23e-49	179
WP_055986813.1	iSbBS512_1146.SbBS512_E2410	27.2	518	364	8	46	555	63	575	3.23e-49	179
WP_055986813.1	iSDY_1059.SDY_2344	27.2	518	364	8	46	555	63	575	3.23e-49	179
WP_055986813.1	iSF_1195.SF0910	27.2	518	364	8	46	555	63	575	3.23e-49	179
WP_055986813.1	iSSON_1240.SSON_0916	26.8	518	366	7	46	555	63	575	3.23e-49	179
WP_055986813.1	iYL1228.KPN_00941	28.2	468	323	7	96	555	113	575	8.43e-49	178
WP_055986813.1	iCHOv1.100762480	41.5	234	129	3	335	560	1085	1318	1.84e-46	175
WP_055986813.1	STM_v1_0.STM0984	26.6	518	367	7	46	555	63	575	7.84e-48	175
WP_055986816.1	iCHOv1.100768444	30.5	177	104	7	30	187	43	219	1.24e-08	53.1
WP_055986816.1	iMM1415.29807	36.9	103	53	5	28	118	41	143	2.45e-07	49.3
WP_055986823.1	iCN900.CD630_34200	23.4	167	114	6	34	189	282	445	5.55e-04	40.4
WP_055986835.1	iSSON_1240.SSON_1475	30.3	402	261	6	31	429	33	418	3.84e-48	169
WP_055986835.1	iSF_1195.SF1711	30.3	402	261	6	31	429	33	418	7.45e-48	169
WP_055986835.1	iML1515.b1681	29.9	402	263	6	31	429	33	418	2.05e-46	165
WP_055986835.1	iSDY_1059.SDY_1912	29.9	402	263	6	31	429	33	418	1.50e-44	160
WP_055986854.1	iYS854.USA300HOU_RS01730	40.2	169	91	4	7	165	91	259	1.41e-31	114
WP_055986864.1	iML1515.b2918	46.6	292	156	0	7	298	9	300	1.81e-80	247
WP_055986865.1	iML1515.b4407	37.2	43	27	0	26	68	24	66	5.33e-06	39.3
WP_055986865.1	iSDY_1059.SDY_3735	34.9	43	28	0	26	68	24	66	5.33e-06	39.3
WP_055986865.1	iSSON_1240.SSON_4164	34.9	43	28	0	26	68	24	66	2.14e-05	37.7
WP_055986865.1	iYL1228.KPN_04373	32.6	43	29	0	26	68	24	66	4.30e-05	37.0
WP_055986865.1	STM_v1_0.STM4161	37.2	43	27	0	26	68	24	66	1.22e-04	35.8
WP_055986867.1	iEK1008.Rv3206c	43.7	231	125	2	9	234	22	252	6.47e-56	182
WP_055986867.1	iLB1027_lipid.PHATRDRAFT_20318	40.8	213	119	1	8	213	60	272	5.87e-55	182
WP_055986867.1	iAF987.Gmet_1568	40.8	228	134	1	9	235	9	236	1.41e-56	181
WP_055986867.1	iAF987.Gmet_2855	42.8	215	122	1	1	214	1	215	6.10e-56	178
WP_055986867.1	iEK1008.Rv3116	40.5	232	137	1	5	235	17	248	1.33e-50	169
WP_055986869.1	iAT_PLT_636.50	58.7	741	298	3	12	752	45	777	1.45e-313	874
WP_055986869.1	iMM904.YLR304C	59.6	743	293	3	12	754	41	776	1.35e-313	874
WP_055986869.1	iMM1415.11429	58.4	741	300	3	12	752	45	777	2.37e-312	871
WP_055986869.1	iCHOv1.100759203	58.4	741	300	3	12	752	45	777	3.37e-312	871
WP_055986873.1	iLJ478.TM1401	37.1	272	164	1	33	304	36	300	9.54e-54	177
WP_055986873.1	iYS854.USA300HOU_RS09145	36.1	277	160	3	39	310	43	307	1.60e-47	166
WP_055986873.1	iHN637.CLJU_RS00470	36.5	274	159	4	33	302	33	295	2.25e-48	163
WP_055986873.1	iAF987.Gmet_2378	35.4	268	163	2	33	297	34	294	2.50e-46	163
WP_055986884.1	iAF987.Gmet_3239	46.2	695	341	10	12	700	14	681	2.83e-184	546
WP_055986884.1	iAF692.Mbar_A0186	44.8	703	333	8	2	694	3	660	2.93e-183	543
WP_055986884.1	iLB1027_lipid.PHATRDRAFT_15815	49.3	675	300	10	31	697	1	641	2.39e-180	535
WP_055986885.1	iYL1228.KPN_00645	34.4	369	227	7	11	371	18	379	7.40e-65	211
WP_055986896.1	iML1515.b0493	29.2	236	156	3	2	235	16	242	1.03e-28	109
WP_055986896.1	iMM1415.235033	31.7	202	128	3	2	194	6	206	2.61e-27	107
WP_055986896.1	iCHOv1.100750866	30.4	250	154	5	4	235	6	253	4.64e-27	106
WP_055986896.1	iMM1415.15485	29.7	249	157	4	4	235	6	253	5.58e-27	106
WP_055986896.1	iCHOv1.100773401	31.2	202	129	3	2	194	6	206	2.41e-26	104
WP_055986896.1	iCN718.ABAYE_RS01085	32.4	259	159	9	2	249	7	260	9.57e-25	99.4
WP_055986904.1	iCN900.CD630_31950	32.8	943	467	19	11	924	2	806	8.81e-140	436
WP_055986906.1	iSDY_1059.SDY_3762	22.2	559	364	18	1	521	1	526	8.38e-22	99.4
WP_055986906.1	iYL1228.KPN_02593	23.4	542	325	20	27	500	12	531	1.57e-21	98.6
WP_055986906.1	iML1515.b3966	21.4	566	360	17	1	521	1	526	1.96e-21	98.2
WP_055986906.1	iSSON_1240.SSON_4139	21.4	566	360	17	1	521	1	526	1.96e-21	98.2
WP_055986906.1	STM_v1_0.STM4130	22.6	554	368	20	1	521	1	526	1.42e-20	95.5
WP_055986906.1	STM_v1_0.STM2199	22.7	554	343	20	23	509	27	562	3.67e-20	94.4
WP_055986906.1	iSF_1195.SF4048	21.4	566	360	17	1	521	1	526	5.80e-20	93.6
WP_055986906.1	iML1515.b2155	21.7	558	342	20	24	509	28	562	8.05e-19	90.1
WP_055986906.1	iSSON_1240.SSON_2211	21.7	558	342	20	24	509	28	562	8.05e-19	90.1
WP_055986913.1	iYO844.BSU32820	41.0	593	334	9	9	595	10	592	3.08e-145	432
WP_055986915.1	iYO844.BSU32830	52.7	391	184	1	1	391	1	390	5.46e-135	391
WP_055986915.1	iYS854.USA300HOU_RS01190	49.6	393	193	4	1	390	1	391	4.41e-122	358
WP_055986919.1	iYO844.BSU32840	47.3	803	403	9	1	797	1	789	1.45e-237	683
WP_055986922.1	iYS854.USA300HOU_RS03500	33.8	234	151	3	7	236	8	241	5.13e-35	127
WP_055986922.1	iCN900.CD630_28750	35.2	230	145	3	9	234	10	239	1.85e-33	123
WP_055986922.1	iYS854.USA300HOU_RS03980	29.8	235	158	2	13	242	13	245	6.01e-33	121
WP_055986922.1	iYO844.BSU07490	30.7	228	154	3	3	227	4	230	8.52e-32	119
WP_055986922.1	iYO844.BSU33290	32.8	204	136	1	3	205	4	207	1.27e-31	118
WP_055986922.1	iSynCJ816.SGL_RS01940	27.4	252	180	2	3	253	10	259	9.26e-31	116
WP_055986922.1	iNF517.LLMG_RS01785	32.2	230	152	4	1	227	1	229	1.48e-30	115
WP_055986925.1	iAF692.Mbar_A2261	28.7	286	175	8	47	319	68	337	8.26e-23	96.7
WP_055986925.1	iSDY_1059.SDY_1806	27.8	295	196	5	35	322	42	326	3.24e-22	94.7
WP_055986925.1	iML1515.b1711	27.8	295	196	5	35	322	42	326	6.13e-22	94.0
WP_055986925.1	iIT341.HP0889	28.3	286	184	6	45	323	55	326	8.42e-22	93.6
WP_055986925.1	iSSON_1240.SSON_1447	27.8	295	196	5	35	322	42	326	8.42e-22	93.6
WP_055986925.1	iYO844.BSU33170	28.3	279	194	3	48	322	72	348	1.61e-21	93.2
WP_055986925.1	iSF_1195.SF1520	27.5	295	197	5	35	322	42	326	1.16e-21	93.2
WP_055986925.1	iNF517.LLMG_RS01790	26.5	287	199	6	40	322	38	316	2.63e-21	92.0
WP_055986925.1	STM_v1_0.STM1340	27.9	283	187	6	47	322	54	326	3.00e-21	92.0
WP_055986925.1	iYS854.USA300HOU_RS00590	27.4	281	190	5	48	322	59	331	6.08e-21	91.3
WP_055986925.1	iAF692.Mbar_A2393	27.0	319	214	5	9	322	51	355	5.36e-20	89.0
WP_055986925.1	iYL1228.KPN_02169	27.7	282	191	6	45	321	55	328	1.02e-19	87.8
WP_055986925.1	iPC815.YPO1311	26.1	280	199	4	47	321	81	357	1.88e-19	87.4
WP_055986925.1	iAF692.Mbar_A0466	26.0	334	225	8	6	322	16	344	2.26e-19	87.0
WP_055986925.1	iPC815.YPO2425	26.9	294	199	7	37	323	50	334	1.99e-19	87.0
WP_055986927.1	iMM904.YCR083W	42.2	64	27	3	58	121	38	91	2.29e-06	44.7
WP_055986927.1	iMM904.YLR043C	40.7	54	32	0	64	117	18	71	3.77e-05	40.8
WP_055986927.1	iMM904.YGR209C	40.4	52	31	0	64	115	19	70	3.84e-05	40.8
WP_055986930.1	iJN1463.PP_3274	30.3	370	237	5	10	372	1	356	2.99e-53	179
WP_055986937.1	iAM_Pv461.PVX_085660	28.6	91	55	2	23	110	80	163	2.00e-04	41.6
WP_055986949.1	iYO844.BSU22890	46.2	221	116	3	2	222	3	220	9.39e-60	187
WP_055986949.1	iNF517.LLMG_RS03780	44.8	223	114	2	1	223	1	214	7.02e-56	177
WP_055986949.1	iCN900.CD630_18160	43.6	218	114	3	5	221	5	214	1.30e-52	168
WP_055986954.1	iAF987.Gmet_1252	64.9	231	81	0	3	233	6	236	2.75e-102	296
WP_055986954.1	iSynCJ816.SGL_RS12175	58.8	233	96	0	1	233	1	233	2.79e-95	278
WP_055986962.1	iAF987.Gmet_1249	21.9	456	263	8	1	456	1	363	1.25e-16	81.3
WP_055986977.1	iJN1463.PP_5258	59.8	475	188	3	42	515	24	496	6.65e-199	562
WP_055986978.1	iEK1008.Rv3290c	48.1	426	212	5	11	432	18	438	1.87e-129	381
WP_055986984.1	iJN1463.PP_3425	23.0	383	275	6	5	386	12	375	2.25e-25	106
WP_055986984.1	iJN1463.PP_1386	22.8	377	258	6	7	378	10	358	2.78e-22	97.1
WP_055986986.1	iJN1463.PP_3426	38.7	1053	637	4	3	1048	5	1056	3.38e-241	711
WP_055986986.1	iYL1228.KPN_03673	36.9	1034	634	9	3	1028	3	1026	2.49e-221	659
WP_055986986.1	iJN1463.PP_1385	37.6	1045	619	11	3	1032	3	1029	7.94e-217	648
WP_055986986.1	STM_v1_0.STM3391	36.1	1032	642	9	5	1028	5	1027	3.01e-216	646
WP_055986988.1	iSF_1195.SF0473	26.9	457	322	5	18	471	12	459	8.97e-52	181
WP_055986988.1	iSSON_1240.SSON_0523	26.5	457	324	5	18	471	12	459	3.41e-50	177
WP_055986988.1	iML1515.b0572	26.4	455	323	5	18	469	12	457	2.33e-49	174
WP_055986992.1	iYL1228.KPN_00179	47.1	272	130	5	3	264	4	271	4.92e-50	165
WP_055986992.1	STM_v1_0.STM0213	47.6	273	127	6	3	264	4	271	4.92e-50	165
WP_055986992.1	iSDY_1059.SDY_0182	48.0	273	126	7	3	264	4	271	4.92e-50	165
WP_055986992.1	iSbBS512_1146.SbBS512_E0158	47.3	273	128	6	3	264	4	271	9.79e-50	164
WP_055986992.1	iML1515.b0166	46.9	273	129	6	3	264	4	271	2.75e-49	163
WP_055986992.1	iSF_1195.SF0156	46.9	273	129	6	3	264	4	271	2.75e-49	163
WP_055986992.1	iSSON_1240.SSON_0178	46.9	273	129	6	3	264	4	271	2.75e-49	163
WP_055986992.1	iCN718.ABAYE_RS05125	50.4	248	111	4	24	264	29	271	3.77e-49	163
WP_055986992.1	iPC815.YPO1041	46.5	273	130	6	3	264	4	271	2.16e-48	161
WP_055986994.1	iMM904.YPL057C	25.6	203	133	6	3	200	55	244	6.58e-10	57.8
WP_055986994.1	iMM904.YBR161W	26.5	162	102	5	3	157	62	213	5.30e-09	55.1
WP_055986996.1	STM_v1_0.STM2086	28.6	224	142	6	105	325	109	317	3.01e-17	81.6
WP_055986997.1	iPC815.YPO1549	41.9	291	158	3	4	283	7	297	1.78e-72	224
WP_055986997.1	STM_v1_0.STM2071	43.0	291	155	3	4	283	7	297	5.04e-72	223
WP_055986997.1	iML1515.b2019	42.3	291	157	3	4	283	7	297	4.04e-71	221
WP_055986997.1	iYL1228.KPN_02475	42.6	291	156	3	4	283	7	297	4.04e-71	221
WP_055986997.1	iSbBS512_1146.SbBS512_E1213	42.3	291	157	3	4	283	7	297	4.04e-71	221
WP_055986997.1	iSSON_1240.SSON_2090	42.3	291	157	3	4	283	7	297	4.04e-71	221
WP_055986997.1	iSDY_1059.SDY_2222	42.3	291	157	3	4	283	7	297	5.71e-71	220
WP_055986997.1	iSF_1195.SF2081	42.3	291	157	3	4	283	7	297	5.71e-71	220
WP_055986999.1	iSSON_1240.SSON_2091	51.1	415	194	6	14	424	19	428	1.73e-128	377
WP_055986999.1	iSbBS512_1146.SbBS512_E1212	50.8	415	195	6	14	424	19	428	6.96e-128	376
WP_055986999.1	iPC815.YPO1548	49.6	419	204	4	15	430	23	437	9.32e-128	376
WP_055986999.1	iML1515.b2020	50.6	415	196	6	14	424	19	428	5.60e-127	374
WP_055986999.1	STM_v1_0.STM2072	50.6	413	197	4	15	424	20	428	7.93e-127	373
WP_055986999.1	iSDY_1059.SDY_2221	50.4	415	197	6	14	424	19	428	1.28e-125	370
WP_055986999.1	iYL1228.KPN_02476	50.6	413	197	4	14	423	19	427	1.81e-125	370
WP_055986999.1	iSF_1195.SF2082	49.9	415	199	6	14	424	19	428	3.63e-125	369
WP_055986999.1	iMM904.YCL030C	45.8	432	227	4	1	425	359	790	7.88e-118	362
WP_055987000.1	iLB1027_lipid.PHATRDRAFT_38891	36.3	353	201	9	9	340	18	367	1.08e-63	206
WP_055987000.1	iMM904.YIL116W	34.8	379	199	13	4	339	3	376	4.20e-59	194
WP_055987003.1	iSDY_1059.SDY_2219	47.5	364	179	5	2	364	4	356	8.99e-113	332
WP_055987003.1	iPC815.YPO1546	47.0	364	181	5	2	364	3	355	2.83e-111	328
WP_055987003.1	iML1515.b2022	46.7	364	182	4	2	364	3	355	4.01e-111	328
WP_055987003.1	STM_v1_0.STM2074	46.2	364	184	4	2	364	3	355	8.05e-111	327
WP_055987003.1	iSF_1195.SF2084	47.3	364	180	5	2	364	3	355	8.05e-111	327
WP_055987003.1	iSSON_1240.SSON_2093	47.0	364	181	5	2	364	4	356	8.32e-111	327
WP_055987003.1	iSbBS512_1146.SbBS512_E1210	46.4	364	183	4	2	364	3	355	2.29e-110	326
WP_055987003.1	iYL1228.KPN_02478	46.2	364	184	4	2	364	3	355	5.25e-109	322
WP_055987005.1	iYL1228.KPN_02479	42.8	194	108	3	2	192	3	196	2.22e-46	150
WP_055987005.1	iSF_1195.SF2085	42.3	194	109	3	2	192	3	196	1.01e-44	146
WP_055987005.1	iML1515.b2023	42.3	194	109	3	2	192	3	196	1.44e-44	146
WP_055987005.1	iSbBS512_1146.SbBS512_E1209	42.3	194	109	3	2	192	3	196	1.44e-44	146
WP_055987005.1	iSDY_1059.SDY_2218	42.3	194	109	3	2	192	3	196	1.44e-44	146
WP_055987005.1	iSSON_1240.SSON_2094	42.3	194	109	3	2	192	3	196	1.44e-44	146
WP_055987005.1	iPC815.YPO1545	40.7	194	112	3	2	192	3	196	5.76e-44	144
WP_055987005.1	iCN718.ABAYE_RS01780	39.6	202	113	5	2	194	4	205	1.06e-43	144
WP_055987005.1	STM_v1_0.STM2075	40.7	194	112	3	2	192	4	197	3.36e-43	142
WP_055987007.1	iCN900.CD630_15520	40.9	235	138	1	1	235	1	234	1.72e-65	202
WP_055987007.1	iNF517.LLMG_RS06545	40.3	233	138	1	1	232	1	233	3.07e-62	194
WP_055987007.1	iHN637.CLJU_RS05745	40.1	232	138	1	1	232	1	231	2.14e-60	189
WP_055987009.1	iHN637.CLJU_RS05755	57.1	252	106	2	1	250	1	252	1.83e-100	292
WP_055987009.1	iNF517.LLMG_RS06540	56.3	252	108	1	1	250	1	252	3.46e-97	284
WP_055987009.1	iSynCJ816.SGL_RS10250	54.9	253	110	2	2	250	3	255	7.58e-92	271
WP_055987009.1	iYO844.BSU34870	54.8	252	112	1	1	250	1	252	9.20e-91	268
WP_055987009.1	iJN1463.PP_0293	51.6	254	118	2	2	250	3	256	4.90e-89	263
WP_055987012.1	iSDY_1059.SDY_2215	49.5	186	93	1	2	186	9	194	2.12e-56	176
WP_055987012.1	iSSON_1240.SSON_2097	49.5	186	93	1	2	186	9	194	2.12e-56	176
WP_055987012.1	iSbBS512_1146.SbBS512_E1206	48.9	186	94	1	2	186	9	194	6.04e-56	175
WP_055987012.1	iML1515.b2026	48.9	186	94	1	2	186	9	194	1.21e-55	174
WP_055987012.1	iYL1228.KPN_02482	47.3	186	97	1	2	186	5	190	1.69e-54	171
WP_055987012.1	iSF_1195.SF2088	48.4	186	95	1	2	186	9	194	5.59e-54	170
WP_055987012.1	iYS854.USA300HOU_RS14510	50.5	188	86	3	2	187	5	187	1.39e-53	169
WP_055987012.1	STM_v1_0.STM2078	46.8	186	98	1	2	186	9	194	3.19e-53	168
WP_055987012.1	iYO844.BSU34860	44.3	192	100	1	9	193	12	203	1.09e-52	167
WP_055987012.1	iPC815.YPO1542	46.8	186	98	1	2	186	9	194	1.87e-52	166
WP_055987019.1	iCN900.CD630_05740	50.2	639	305	9	1	636	1	629	2.64e-213	609
WP_055987019.1	iYS854.USA300HOU_RS08915	46.1	631	336	4	2	630	4	632	5.83e-206	591
WP_055987019.1	iAF987.Gmet_1411	46.5	637	330	5	2	636	13	640	2.96e-198	571
WP_055987019.1	iLJ478.TM0740	44.4	637	341	5	2	636	3	628	7.44e-195	562
WP_055987019.1	iNF517.LLMG_RS10900	44.2	633	349	3	1	630	1	632	2.69e-191	553
WP_055987023.1	iCN718.ABAYE_RS16700	53.9	464	201	3	6	456	4	467	5.46e-175	498
WP_055987023.1	iYL1228.KPN_00078	53.6	455	204	1	6	453	3	457	3.60e-174	496
WP_055987023.1	iML1515.b0072	53.8	455	203	1	6	453	3	457	1.46e-173	494
WP_055987023.1	iSbBS512_1146.SbBS512_E0066	53.8	455	203	1	6	453	3	457	1.46e-173	494
WP_055987023.1	iSSON_1240.SSON_0079	53.8	455	203	1	6	453	3	457	2.93e-173	494
WP_055987023.1	STM_v1_0.STM0111	54.1	455	202	1	6	453	3	457	5.88e-173	493
WP_055987023.1	iSDY_1059.SDY_0099	53.4	455	205	1	6	453	3	457	1.18e-172	492
WP_055987023.1	iSF_1195.SF0067	53.6	455	204	1	6	453	3	457	1.18e-172	492
WP_055987023.1	iPC815.YPO0531	52.7	455	208	1	6	453	9	463	9.55e-172	490
WP_055987023.1	iYO844.BSU28260	53.1	458	207	2	6	456	4	460	1.67e-171	489
WP_055987023.1	iJN1463.PP_1985	52.9	463	206	3	6	456	4	466	1.14e-170	488
WP_055987023.1	iEK1008.Rv2988c	52.6	460	206	3	6	455	9	466	2.14e-167	479
WP_055987023.1	iMM904.YGL009C	51.6	469	213	3	2	456	6	474	7.94e-156	460
WP_055987023.1	iSynCJ816.SGL_RS17620	51.0	457	217	2	6	455	4	460	9.55e-160	459
WP_055987023.1	iYS854.USA300HOU_RS11090	49.4	451	224	2	6	456	3	449	1.28e-159	459
WP_055987024.1	iYL1228.KPN_00077	48.1	183	93	2	12	192	13	195	8.10e-57	177
WP_055987024.1	iSF_1195.SF0066	49.2	183	91	2	12	192	13	195	1.63e-56	177
WP_055987024.1	iML1515.b0071	49.2	183	91	2	12	192	13	195	2.30e-56	176
WP_055987024.1	iSbBS512_1146.SbBS512_E0065	49.2	183	91	2	12	192	13	195	2.30e-56	176
WP_055987024.1	iSDY_1059.SDY_0098	49.2	183	91	2	12	192	13	195	2.30e-56	176
WP_055987024.1	iSSON_1240.SSON_0078	49.2	183	91	2	12	192	13	195	2.30e-56	176
WP_055987024.1	iNF517.LLMG_RS06500	48.2	195	96	3	1	194	1	191	6.82e-56	175
WP_055987024.1	STM_v1_0.STM0110	48.1	183	93	2	12	192	13	195	9.29e-56	175
WP_055987024.1	iPC815.YPO0530	50.0	180	88	2	13	190	13	192	1.81e-55	174
WP_055987024.1	iJN1463.PP_1986	46.3	190	92	4	13	192	13	202	3.93e-55	174
WP_055987024.1	iCN718.ABAYE_RS16695	43.2	206	107	3	1	196	1	206	7.48e-53	168
WP_055987026.1	iHN637.CLJU_RS04475	49.0	353	172	7	5	350	1	352	6.97e-109	322
WP_055987026.1	iYO844.BSU28270	48.2	342	170	5	6	341	4	344	2.83e-108	321
WP_055987026.1	iLJ478.TM0556	51.1	350	161	8	5	348	1	346	4.53e-107	318
WP_055987026.1	iCN900.CD630_09920	50.9	332	157	5	7	333	5	335	3.14e-105	313
WP_055987026.1	iJN1463.PP_1988	48.4	351	172	5	6	348	4	353	1.64e-103	309
WP_055987026.1	iSynCJ816.SGL_RS09375	48.7	343	165	5	1	335	1	340	1.74e-103	309
WP_055987026.1	iYS854.USA300HOU_RS11085	48.5	336	163	5	5	336	3	332	3.75e-99	297
WP_055987026.1	iHN637.CLJU_RS19450	46.6	354	179	7	5	349	3	355	1.77e-97	293
WP_055987026.1	iLB1027_lipid.PHATRDRAFT_20934	47.7	344	167	7	2	336	44	383	7.99e-96	291
WP_055987026.1	iSF_1195.SF0068	47.2	360	181	7	1	352	2	360	1.61e-96	291
WP_055987026.1	iAF987.Gmet_0602	47.6	359	176	7	1	348	1	358	2.14e-96	291
WP_055987026.1	iYL1228.KPN_00079	46.9	360	182	7	1	352	1	359	2.21e-96	291
WP_055987032.1	iAF692.Mbar_A2310	27.0	89	54	3	89	174	8	88	2.80e-04	38.1
WP_055987040.1	iYO844.BSU37170	49.9	375	188	0	1	375	1	375	1.17e-117	346
WP_055987040.1	iCN900.CD630_10540	46.8	370	197	0	10	379	9	378	1.94e-113	335
WP_055987040.1	iYO844.BSU18260	46.3	380	203	1	1	379	1	380	9.12e-107	318
WP_055987040.1	iYO844.BSU24150	44.4	365	203	0	11	375	9	373	2.29e-104	312
WP_055987048.1	iHN637.CLJU_RS04210	57.9	233	97	1	1	233	1	232	7.84e-95	277
WP_055987048.1	iCN900.CD630_02190	58.3	228	95	0	6	233	2	229	1.56e-91	268
WP_055987048.1	iYO844.BSU06450	53.7	231	107	0	3	233	5	235	6.12e-86	254
WP_055987052.1	iHN637.CLJU_RS04215	47.0	460	231	6	34	489	19	469	3.21e-140	412
WP_055987052.1	iCN900.CD630_02200	48.1	462	229	8	40	499	2	454	2.74e-140	411
WP_055987052.1	iNF517.LLMG_RS04970	44.5	454	240	4	37	488	21	464	6.11e-133	393
WP_055987052.1	iAF987.Gmet_1939	45.1	461	240	8	32	489	2	452	7.06e-130	385
WP_055987052.1	iYO844.BSU06490	43.3	460	246	7	37	490	9	459	2.21e-128	381
WP_055987052.1	iSynCJ816.SGL_RS13120	45.0	464	238	10	34	489	23	477	1.29e-126	377
WP_055987055.1	iCN900.CD630_18330	39.1	307	176	5	22	322	37	338	2.39e-58	192
WP_055987055.1	iIT341.HP0283	40.1	307	167	6	23	323	28	323	6.49e-55	182
WP_055987055.1	iSynCJ816.SGL_RS09600	36.3	317	180	7	23	325	38	346	1.03e-54	182
WP_055987055.1	iNF517.LLMG_RS09700	37.1	307	184	4	23	323	36	339	2.52e-54	181
WP_055987055.1	iAF987.Gmet_0978	38.9	280	163	3	49	322	62	339	1.09e-53	180
WP_055987057.1	iYS854.USA300HOU_RS07595	24.6	354	232	10	10	352	3	332	2.45e-18	85.9
WP_055987089.1	iCN718.ABAYE_RS19070	37.4	171	104	2	18	185	8	178	2.50e-32	114
WP_055987096.1	iYS854.USA300HOU_RS07595	20.7	314	213	10	28	337	35	316	1.10e-06	51.6
WP_055987101.1	iCN900.CD630_36640	23.3	318	242	2	135	450	32	349	1.96e-34	133
WP_055987105.1	iLB1027_lipid.PHATRDRAFT_36165	32.9	429	211	12	12	367	5	429	2.64e-54	184
WP_055987106.1	iCN718.ABAYE_RS14960	34.1	170	96	3	4	157	7	176	7.99e-19	80.5
WP_055987106.1	iMM904.YNR057C	37.7	175	89	7	3	158	14	187	1.67e-18	80.1
WP_055987106.1	iAF987.Gmet_1581	33.7	172	98	4	3	158	5	176	4.81e-18	79.0
WP_055987107.1	iLB1027_lipid.PHATRDRAFT_21296	56.6	316	131	3	7	318	89	402	1.36e-124	364
WP_055987107.1	iCN718.ABAYE_RS10850	56.5	315	134	2	7	321	3	314	1.90e-121	352
WP_055987107.1	STM_v1_0.STM0794	54.3	313	140	2	11	323	7	316	2.07e-117	342
WP_055987107.1	iSbBS512_1146.SbBS512_E2577	54.5	314	140	2	8	321	4	314	2.94e-117	342
WP_055987107.1	iPC815.YPO1151	54.4	316	141	2	9	324	5	317	5.71e-117	341
WP_055987107.1	iML1515.b0775	53.8	314	142	2	8	321	4	314	9.61e-116	338
WP_055987107.1	iYL1228.KPN_00800	54.4	307	137	2	15	321	3	306	7.36e-116	338
WP_055987107.1	iSSON_1240.SSON_0754	53.8	314	142	2	8	321	4	314	9.61e-116	338
WP_055987107.1	iSF_1195.SF0724	53.8	314	142	2	8	321	4	314	1.36e-115	338
WP_055987107.1	iSDY_1059.SDY_0831	53.5	314	143	2	8	321	4	314	3.88e-115	337
WP_055987107.1	iMM904.YGR286C	49.1	320	154	3	9	321	51	368	1.07e-111	329
WP_055987108.1	iJN1463.PP_4984	39.5	430	234	7	5	410	9	436	1.39e-106	322
WP_055987108.1	iAF987.Gmet_1580	39.7	438	235	7	3	414	9	443	5.35e-100	305
WP_055987108.1	iYS854.USA300HOU_RS13130	38.4	427	241	6	3	407	7	433	6.91e-100	305
WP_055987108.1	iCN718.ABAYE_RS14975	38.4	417	239	5	12	418	11	419	2.25e-97	297
WP_055987109.1	iNF517.LLMG_RS04495	27.2	92	67	0	91	182	88	179	1.14e-10	57.4
WP_055987109.1	iYS854.USA300HOU_RS00270	26.2	103	76	0	74	176	62	164	4.62e-10	55.5
WP_055987115.1	iSynCJ816.SGL_RS06280	44.1	145	64	4	45	188	3	131	9.09e-30	106
WP_055987118.1	iEK1008.Rv1854c	32.5	418	259	6	2	404	14	423	2.72e-64	213
WP_055987118.1	iSynCJ816.SGL_RS08135	31.6	421	275	6	2	412	9	426	3.95e-62	207
WP_055987118.1	iEK1008.Rv0392c	33.1	414	252	8	2	398	14	419	7.95e-60	201
WP_055987119.1	iYO844.BSU39780	24.0	317	191	7	12	310	16	300	1.02e-21	93.2
WP_055987128.1	iHN637.CLJU_RS12895	58.9	338	138	1	3	340	2	338	8.72e-137	392
WP_055987132.1	iLB1027_lipid.PHATRDRAFT_38946	30.1	448	235	15	11	381	34	480	1.18e-36	139
WP_055987145.1	iYS854.USA300HOU_RS12480	32.1	365	232	7	4	359	3	360	3.64e-50	172
WP_055987147.1	iJN1463.PP_2205	32.0	560	309	14	130	651	43	568	1.86e-74	254
WP_055987155.1	iAF987.Gmet_1277	46.4	261	139	1	5	264	7	267	7.47e-77	234
WP_055987155.1	iJN1463.PP_1611	43.3	263	148	1	7	268	10	272	7.34e-74	226
WP_055987155.1	iJN1463.PP_1807	42.8	271	152	1	1	268	1	271	2.98e-70	217
WP_055987155.1	iIT341.HP0003	43.3	261	135	1	18	265	13	273	3.73e-70	217
WP_055987155.1	iCN718.ABAYE_RS08665	43.8	258	144	1	5	261	12	269	1.97e-69	215
WP_055987163.1	iCHOv1.100762141	41.0	327	186	3	4	328	73	394	2.75e-79	251
WP_055987163.1	iMM1415.12411	41.0	327	186	3	4	328	73	394	7.66e-79	250
WP_055987163.1	iLB1027_lipid.PHATRDRAFT_42003	40.1	332	195	2	1	332	1	328	1.51e-79	250
WP_055987163.1	iEK1008.Rv1077	40.2	328	184	4	4	330	3	319	2.06e-78	247
WP_055987163.1	iMM904.YGR155W	38.5	335	194	5	7	332	13	344	2.28e-74	238
WP_055987163.1	iSynCJ816.SGL_RS02310	39.4	315	186	3	12	326	11	320	1.41e-74	233
WP_055987163.1	iHN637.CLJU_RS11990	39.4	312	175	3	4	315	3	300	2.98e-74	231
WP_055987165.1	iYS854.USA300HOU_RS02890	34.9	375	234	6	25	397	22	388	8.42e-64	209
WP_055987165.1	STM_v1_0.STM3709	32.2	360	237	5	43	401	41	394	1.14e-60	201
WP_055987165.1	iML1515.b3617	31.7	360	239	5	43	401	41	394	8.71e-60	199
WP_055987165.1	iSbBS512_1146.SbBS512_E4045	31.7	360	239	5	43	401	41	394	8.71e-60	199
WP_055987165.1	iSF_1195.SF3657	31.7	360	239	5	43	401	41	394	8.71e-60	199
WP_055987165.1	iSDY_1059.SDY_4050	31.4	360	240	5	43	401	41	394	3.38e-59	197
WP_055987165.1	iSSON_1240.SSON_3787	31.4	360	240	5	43	401	41	394	6.65e-59	197
WP_055987165.1	iYL1228.KPN_03962	31.9	357	236	5	46	401	43	393	9.10e-59	196
WP_055987165.1	iAF987.Gmet_0842	33.2	371	236	5	30	397	23	384	4.25e-58	194
WP_055987172.1	iIT341.HP1131	36.7	49	31	0	1	49	5	53	5.85e-07	43.9
WP_055987172.1	iSynCJ816.SGL_RS09710	33.3	42	28	0	1	42	3	44	1.42e-05	40.4
WP_055987174.1	iAF987.Gmet_1388	37.2	298	185	2	1	297	1	297	5.80e-68	214
WP_055987174.1	iCN900.CD630_13150	36.4	294	186	1	1	294	1	293	1.58e-67	213
WP_055987174.1	iYS854.USA300HOU_RS06410	39.4	297	169	6	8	298	13	304	1.06e-65	208
WP_055987174.1	iNF517.LLMG_RS07215	37.3	306	182	3	1	304	1	298	1.21e-61	197
WP_055987178.1	iCN718.ABAYE_RS11095	56.5	147	62	2	37	182	3	148	4.79e-55	171
WP_055987182.1	iAF987.Gmet_1275	39.3	252	140	3	1	241	1	250	7.89e-57	181
WP_055987188.1	iYO844.BSU22370	27.0	389	258	8	1	386	1	366	1.53e-42	153
WP_055987188.1	iHN637.CLJU_RS06550	27.6	424	273	14	1	417	1	397	1.17e-37	140
WP_055987191.1	iYO844.BSU09310	45.8	539	273	7	27	551	27	560	6.33e-152	448
WP_055987197.1	iAF987.Gmet_0885	31.3	304	194	5	3	306	6	294	7.62e-44	152
WP_055987197.1	iPC815.YPO2421	33.3	318	193	8	4	316	11	314	1.83e-41	146
WP_055987197.1	iYL1228.KPN_03846	35.0	257	158	5	4	259	11	259	3.58e-41	145
WP_055987197.1	iML1515.b2254	36.2	257	155	5	4	259	11	259	8.80e-41	144
WP_055987197.1	iSF_1195.SF2333	36.2	257	155	5	4	259	11	259	8.80e-41	144
WP_055987197.1	iSSON_1240.SSON_2315	36.2	257	155	5	4	259	11	259	8.80e-41	144
WP_055987197.1	STM_v1_0.STM2298	35.0	257	158	5	4	259	11	259	1.46e-39	141
WP_055987204.1	STM_v1_0.STM4090	41.3	286	156	5	4	289	13	286	5.57e-53	175
WP_055987204.1	iML1515.b3930	39.9	286	160	4	4	289	12	285	3.01e-52	173
WP_055987204.1	iSbBS512_1146.SbBS512_E4412	39.9	286	160	4	4	289	12	285	3.01e-52	173
WP_055987204.1	iSF_1195.SF4008	39.9	286	160	4	4	289	12	285	4.24e-52	173
WP_055987204.1	iSSON_1240.SSON_4099	39.5	286	161	4	4	289	12	285	1.18e-51	172
WP_055987204.1	iSDY_1059.SDY_3807	39.5	286	161	4	4	289	12	285	1.67e-51	171
WP_055987204.1	iPC815.YPO0104	37.9	306	174	7	4	307	13	304	4.30e-51	170
WP_055987204.1	iYL1228.KPN_04225	40.9	286	157	6	4	289	10	283	8.75e-51	169
WP_055987205.1	iEK1008.Rv0548c	64.3	283	86	3	4	271	25	307	3.24e-120	346
WP_055987205.1	iSynCJ816.SGL_RS06810	61.6	276	104	2	2	277	1	274	3.08e-116	334
WP_055987205.1	iYO844.BSU30800	57.7	272	108	2	1	272	1	265	7.91e-111	320
WP_055987205.1	iNF517.LLMG_RS09170	59.8	264	105	1	8	271	11	273	2.89e-108	314
WP_055987222.1	iCN900.CD630_31950	32.8	957	463	18	8	938	4	806	2.88e-159	487
WP_055987227.1	iYS854.USA300HOU_RS02895	25.7	210	141	5	22	218	75	282	1.21e-13	68.2
WP_055987229.1	iML1515.b1518	32.4	68	46	0	14	81	10	77	1.19e-06	42.7
WP_055987235.1	iYS854.USA300HOU_RS07350	29.0	469	294	7	1	467	7	438	4.43e-49	173
WP_055987235.1	iCHOv1.100770731	30.5	462	287	11	1	461	37	465	3.26e-45	165
WP_055987235.1	iMM1415.50934	30.3	462	288	11	1	461	35	463	5.86e-45	164
WP_055987235.1	iMM1415.30962	24.9	470	304	7	1	463	26	453	3.96e-45	164
WP_055987242.1	iAT_PLT_636.5625	36.5	244	152	1	146	386	346	589	2.80e-42	155
WP_055987242.1	iMM1415.19125	33.6	244	159	1	146	386	345	588	4.56e-40	149
WP_055987242.1	iCHOv1.100750856	32.8	244	161	1	146	386	345	588	6.27e-40	149
WP_055987246.1	iNF517.LLMG_RS02170	24.3	321	214	9	1	308	6	310	1.37e-10	60.8
WP_055987252.1	iMM1415.110446	58.9	392	158	2	1	392	36	424	3.54e-156	446
WP_055987252.1	iCHOv1.100770936	58.7	392	159	2	1	392	36	424	1.65e-154	442
WP_055987252.1	iAT_PLT_636.38	58.8	393	157	4	1	392	39	427	3.96e-151	433
WP_055987252.1	iLB1027_lipid.PHATRDRAFT_23913	55.7	397	169	4	1	392	1	395	3.00e-143	412
WP_055987252.1	iMM904.YPL028W	58.3	396	160	5	2	392	3	398	3.70e-142	409
WP_055987264.1	STM_v1_0.STM2421	48.2	456	192	3	1	456	1	412	1.57e-143	416
WP_055987264.1	iYL1228.KPN_03396	46.2	450	198	2	1	450	1	406	3.06e-143	416
WP_055987264.1	iML1515.b2406	49.3	460	186	4	1	460	1	413	6.34e-143	415
WP_055987264.1	STM_v1_0.STM3113	45.7	462	205	3	1	460	1	418	6.34e-143	415
WP_055987264.1	iML1515.b2964	46.0	450	199	2	1	450	1	406	2.06e-141	411
WP_055987264.1	iSbBS512_1146.SbBS512_E3397	46.0	450	199	2	1	450	1	406	2.06e-141	411
WP_055987264.1	iSDY_1059.SDY_3108	46.0	450	199	2	1	450	17	422	3.53e-141	411
WP_055987264.1	iSF_1195.SF2961	46.0	450	199	2	1	450	17	422	3.53e-141	411
WP_055987264.1	iSSON_1240.SSON_3232	46.0	450	199	2	1	450	17	422	3.53e-141	411
WP_055987266.1	iHN637.CLJU_RS19400	34.1	328	198	9	3	314	9	334	8.56e-46	157
WP_055987266.1	iAF987.Gmet_0684	52.8	125	59	0	190	314	313	437	6.56e-41	147
WP_055987266.1	iAF987.Gmet_2066	51.6	126	61	0	190	315	311	436	7.14e-41	147
WP_055987267.1	iJN1463.PP_4202	32.0	259	155	6	1	248	1	249	4.06e-30	112
WP_055987267.1	iAF987.Gmet_2263	34.4	209	128	4	1	203	1	206	7.75e-28	106
WP_055987267.1	iAF987.Gmet_2266	32.7	202	129	5	1	196	1	201	2.21e-27	105
WP_055987267.1	iAF987.Gmet_2153	31.3	262	161	8	1	248	1	257	1.58e-26	103
WP_055987267.1	iAF987.Gmet_3300	33.8	207	126	5	1	200	1	203	2.21e-26	102
WP_055987267.1	iAF987.Gmet_1713	31.3	252	158	7	1	242	1	247	4.32e-26	102
WP_055987267.1	iAT_PLT_636.2109	28.4	257	169	5	1	247	4	255	4.07e-26	102
WP_055987269.1	iHN637.CLJU_RS17225	36.4	198	123	3	2	197	6	202	4.09e-30	112
WP_055987269.1	iYO844.BSU15910	30.2	199	135	3	1	196	1	198	3.39e-26	101
WP_055987273.1	iCHOv1.100760626	35.2	463	278	7	7	453	10	466	2.38e-77	248
WP_055987281.1	iAF987.Gmet_2209	28.3	223	148	5	145	355	245	467	2.25e-20	92.4
WP_055987281.1	iML1515.b2917	27.4	223	150	4	145	355	237	459	9.53e-18	84.7
WP_055987281.1	iSSON_1240.SSON_3068	27.4	223	150	4	145	355	237	459	9.53e-18	84.7
WP_055987285.1	iYS854.USA300HOU_RS08580	44.8	201	111	0	3	203	6	206	2.37e-61	189
WP_055987285.1	iYO844.BSU27330	44.3	203	113	0	2	204	6	208	1.63e-57	180
WP_055987285.1	iNF517.LLMG_RS03940	43.5	200	113	0	2	201	5	204	4.21e-54	171
WP_055987290.1	iAF987.Gmet_3407	45.6	287	153	2	1	285	1	286	1.33e-80	244
WP_055987292.1	iMM1415.11946	58.7	513	189	5	7	515	49	542	3.33e-198	563
WP_055987292.1	iHN637.CLJU_RS01180	57.3	518	194	6	4	519	3	495	4.02e-197	558
WP_055987292.1	iAF987.Gmet_3408	55.9	524	205	6	3	524	2	501	7.80e-197	558
WP_055987292.1	iLJ478.TM1612	57.0	502	191	5	4	504	3	480	1.11e-196	557
WP_055987292.1	iCHOv1.100770431	58.5	516	188	6	7	515	49	545	1.39e-195	556
WP_055987292.1	iSynCJ816.SGL_RS02675	56.9	522	196	6	1	519	1	496	6.34e-196	555
WP_055987292.1	iYO844.BSU36830	58.5	494	181	4	4	497	3	472	4.97e-195	553
WP_055987292.1	iMM904.YBL099W	55.3	523	211	4	6	524	42	545	3.12e-194	553
WP_055987292.1	iCN900.CD630_34700	56.4	521	200	5	4	524	3	496	9.31e-195	552
WP_055987292.1	iYS854.USA300HOU_RS11370	56.9	518	192	4	4	514	3	496	1.00e-189	540
WP_055987292.1	iIT341.HP1134	52.7	526	224	4	1	525	1	502	4.19e-189	538
WP_055987292.1	iNF517.LLMG_RS09745	57.8	495	183	5	4	497	3	472	5.00e-187	533
WP_055987292.1	iAT_PLT_636.498	56.1	513	180	7	7	515	49	520	3.11e-183	524
WP_055987292.1	iJN1463.PP_5415	53.6	515	225	6	1	514	1	502	3.25e-181	518
WP_055987293.1	iAF987.Gmet_3409	25.1	175	128	2	1	173	1	174	9.39e-17	73.6
WP_055987293.1	iCN900.CD630_34710	27.5	171	119	5	6	173	5	173	2.03e-14	67.4
WP_055987295.1	iYS854.USA300HOU_RS11380	35.8	67	43	0	10	76	19	85	8.94e-04	37.7
WP_055987297.1	iAF987.Gmet_3359	29.0	214	121	6	153	357	36	227	1.68e-13	68.9
WP_055987314.1	iYO844.BSU24030	37.8	442	250	9	1	436	1	423	1.79e-80	254
WP_055987314.1	iYS854.USA300HOU_RS08100	34.9	435	267	7	5	436	2	423	7.34e-76	242
WP_055987322.1	iCN900.CD630_22060	44.6	455	249	2	1	453	1	454	8.41e-148	428
WP_055987322.1	iYS854.USA300HOU_RS10435	47.7	447	229	3	11	453	12	457	3.91e-142	414
WP_055987322.1	iSynCJ816.SGL_RS15360	45.1	450	244	2	6	453	7	455	6.88e-137	400
WP_055987322.1	iCHOv1.100757658	44.1	451	248	2	7	453	5	455	1.38e-135	398
WP_055987322.1	iMM1415.11671	44.9	445	239	3	14	453	12	455	2.59e-135	397
WP_055987326.1	iCN718.ABAYE_RS04940	23.6	259	169	11	41	286	40	282	1.99e-06	48.1
WP_055987328.1	iEK1008.Rv3265c	24.3	230	157	5	10	223	1	229	1.03e-14	73.2
WP_055987333.1	STM_v1_0.STM0737	46.9	414	199	5	1	407	1	400	4.87e-114	339
WP_055987333.1	iSDY_1059.SDY_0665	47.2	417	196	6	1	407	1	403	2.15e-113	337
WP_055987333.1	iML1515.b0727	47.2	417	196	6	1	407	1	403	3.04e-113	337
WP_055987333.1	iSSON_1240.SSON_0678	47.2	417	196	6	1	407	1	403	3.04e-113	337
WP_055987333.1	iSbBS512_1146.SbBS512_E0646	47.2	417	196	6	1	407	1	403	4.30e-113	337
WP_055987333.1	iSF_1195.SF0570	47.2	417	196	6	1	407	1	403	4.30e-113	337
WP_055987333.1	iPC815.YPO1114	45.8	419	201	5	1	407	1	405	1.84e-112	335
WP_055987333.1	iYL1228.KPN_00733	46.0	422	197	5	1	407	1	406	4.32e-111	332
WP_055987333.1	iCN718.ABAYE_RS04440	50.1	407	185	7	5	407	4	396	4.44e-111	331
WP_055987333.1	iJN1463.PP_4188	43.6	438	178	5	4	407	3	405	8.87e-105	315
WP_055987333.1	iAF987.Gmet_2766	41.3	450	188	6	4	409	1	418	1.13e-102	310
WP_055987336.1	iCN718.ABAYE_RS04435	44.8	932	482	16	7	919	14	932	4.05e-246	716
WP_055987336.1	iJN1463.PP_4189	42.5	935	511	16	7	922	15	941	6.61e-244	710
WP_055987336.1	iAF987.Gmet_2769	41.9	919	493	10	7	918	4	888	4.65e-243	706
WP_055987336.1	STM_v1_0.STM0736	42.4	936	509	14	5	925	13	933	1.09e-239	699
WP_055987336.1	iPC815.YPO1113	42.2	929	511	12	5	919	13	929	3.29e-239	697
WP_055987336.1	iSF_1195.SF0571	42.8	930	502	16	5	919	13	927	8.71e-239	696
WP_055987336.1	iSSON_1240.SSON_0677	42.7	930	503	16	5	919	13	927	2.46e-238	695
WP_055987336.1	iML1515.b0726	42.7	930	503	16	5	919	13	927	3.47e-238	695
WP_055987336.1	iSbBS512_1146.SbBS512_E0645	42.7	930	503	16	5	919	13	927	3.47e-238	695
WP_055987336.1	iYL1228.KPN_00732	42.0	936	515	12	5	925	13	935	1.48e-237	693
WP_055987336.1	iSDY_1059.SDY_0664	42.6	930	504	16	5	919	13	927	5.52e-237	692
WP_055987336.1	iLB1027_lipid.PHATRDRAFT_29016	38.4	1013	518	20	5	922	62	1063	7.04e-227	671
WP_055987336.1	iMM904.YIL125W	38.8	978	534	16	5	924	43	1013	4.15e-222	656
WP_055987339.1	iSynCJ816.SGL_RS18090	45.2	429	224	6	3	421	2	429	1.65e-125	369
WP_055987341.1	iAF987.Gmet_3175	34.4	489	284	14	1	466	1	475	4.22e-76	246
WP_055987341.1	iCN900.CD630_08840	33.7	486	291	14	1	466	1	475	1.60e-74	241
WP_055987341.1	iLJ478.TM0895	34.4	491	283	15	1	466	1	477	4.56e-71	233
WP_055987341.1	iAF987.Gmet_0707	32.6	479	298	13	7	466	10	482	3.88e-69	228
WP_055987341.1	iYO844.BSU30950	31.6	491	292	16	1	466	1	472	9.73e-69	226
WP_055987341.1	iNF517.LLMG_RS09370	31.9	492	292	15	1	466	1	475	4.79e-68	224
WP_055987343.1	iSynCJ816.SGL_RS12820	48.3	646	306	8	11	632	110	751	4.61e-231	660
WP_055987346.1	iCN900.CD630_13000	31.2	468	305	8	14	468	19	482	6.28e-66	219
WP_055987346.1	iJN1463.PP_0980	38.7	331	197	5	138	467	166	491	6.56e-65	217
WP_055987346.1	iAM_Pf480.PF3D7_1446200	33.7	454	275	13	28	469	163	602	2.50e-59	204
WP_055987346.1	iSF_1195.SF4229	36.7	327	198	6	146	469	175	495	9.60e-59	201
WP_055987346.1	iSDY_1059.SDY_4284	37.2	323	194	6	150	469	179	495	3.64e-58	199
WP_055987346.1	iML1515.b4260	36.8	323	195	6	150	469	179	495	5.08e-58	199
WP_055987346.1	iSSON_1240.SSON_4445	36.8	323	195	6	150	469	179	495	5.08e-58	199
WP_055987346.1	iAM_Pb448.PBANKA_130990	31.8	465	283	12	24	470	185	633	1.51e-56	197
WP_055987353.1	iJN1463.PP_3253	31.9	339	228	2	5	342	6	342	2.96e-51	174
WP_055987369.1	iSbBS512_1146.SbBS512_E2023	43.2	199	111	1	3	199	4	202	2.73e-58	182
WP_055987369.1	iSSON_1240.SSON_1387	43.2	199	111	1	3	199	10	208	3.28e-58	182
WP_055987369.1	iSDY_1059.SDY_1505	43.2	199	111	1	3	199	10	208	4.64e-58	181
WP_055987369.1	iML1515.b1768	42.7	199	112	1	3	199	4	202	1.56e-57	180
WP_055987369.1	iSF_1195.SF1455	42.2	199	113	1	3	199	10	208	2.14e-56	177
WP_055987369.1	STM_v1_0.STM1293	45.2	199	107	1	3	199	4	202	2.94e-56	177
WP_055987369.1	iYL1228.KPN_01202	43.7	199	110	1	3	199	4	202	1.16e-54	172
WP_055987369.1	iPC815.YPO2160	42.1	202	115	1	1	200	1	202	1.14e-52	167
WP_055987378.1	iYL1228.KPN_00869	41.0	346	195	6	68	408	24	365	8.39e-79	247
WP_055987378.1	iML1515.b0837	40.4	342	195	6	72	408	30	367	9.89e-78	244
WP_055987378.1	iSbBS512_1146.SbBS512_E2507	40.4	342	195	6	72	408	30	367	2.78e-77	243
WP_055987378.1	iSSON_1240.SSON_0820	40.1	342	196	6	72	408	30	367	5.52e-77	243
WP_055987380.1	iCN900.CD630_34680	66.2	485	132	3	7	491	5	457	1.90e-218	610
WP_055987380.1	iMM1415.11947	65.0	491	144	4	7	497	61	523	8.47e-214	601
WP_055987380.1	iCHOv1.100763024	64.3	496	149	4	7	502	66	533	1.43e-213	600
WP_055987380.1	iAT_PLT_636.506	65.0	491	144	4	7	497	61	523	1.70e-213	600
WP_055987380.1	iHN637.CLJU_RS01190	63.7	491	144	4	7	497	5	461	3.40e-214	599
WP_055987380.1	iYO844.BSU36810	63.1	499	145	5	6	497	3	469	1.09e-212	596
WP_055987380.1	iAM_Pf480.PF3D7_1235700	63.5	498	161	6	1	497	53	530	2.14e-208	587
WP_055987380.1	iMM904.YJR121W	62.5	496	158	5	5	500	42	509	1.31e-208	587
WP_055987380.1	iAM_Pv461.PVX_100735	64.0	491	157	5	7	497	72	542	6.54e-208	587
WP_055987380.1	iAM_Pb448.PBANKA_145030	64.6	483	151	5	7	489	59	521	1.62e-207	585
WP_055987380.1	iAM_Pc455.PCYB_146140	63.7	491	158	5	7	497	36	506	7.50e-208	585
WP_055987380.1	iAF987.Gmet_3406	63.0	497	148	4	7	499	6	470	2.87e-207	582
WP_055987380.1	iLB1027_lipid.PHATRDRAFT_54086	63.5	488	151	7	7	489	26	491	2.31e-204	576
WP_055987380.1	iYS854.USA300HOU_RS11360	61.8	495	153	6	7	497	4	466	1.79e-203	572
WP_055987380.1	iNF517.LLMG_RS09735	61.0	495	158	4	7	497	4	467	9.94e-203	570
WP_055987380.1	iLJ478.TM1610	61.2	498	160	4	1	497	1	466	1.36e-202	570
WP_055987380.1	iML1515.b3732	61.9	491	153	4	7	497	4	460	6.79e-201	565
WP_055987380.1	STM_v1_0.STM3865	61.9	491	153	4	7	497	4	460	6.79e-201	565
WP_055987380.1	iSbBS512_1146.SbBS512_E4189	61.9	491	153	4	7	497	4	460	6.79e-201	565
WP_055987380.1	iSF_1195.SF3812	61.9	491	153	4	7	497	4	460	6.79e-201	565
WP_055987380.1	iSSON_1240.SSON_3887	61.9	491	153	4	7	497	4	460	6.79e-201	565
WP_055987380.1	iSDY_1059.SDY_4016	61.7	491	154	4	7	497	4	460	5.53e-200	563
WP_055987380.1	iPC815.YPO4121	60.9	491	158	4	7	497	4	460	7.84e-200	563
WP_055987380.1	iSynCJ816.SGL_RS09705	60.4	495	167	4	7	497	11	480	1.02e-198	561
WP_055987380.1	iYL1228.KPN_04137	61.5	491	155	4	7	497	4	460	6.38e-199	560
WP_055987380.1	iIT341.HP1132	58.4	495	170	4	6	497	5	466	9.52e-196	553
WP_055987389.1	iCHOv1.100774930	36.1	310	168	7	11	318	85	366	8.68e-46	164
WP_055987389.1	iMM1415.17769	35.2	310	171	7	11	318	88	369	4.51e-45	162
WP_055987389.1	iAT_PLT_636.4524	37.1	299	158	8	11	307	96	366	2.09e-44	160
WP_055987389.1	iMM904.YGL125W	33.5	313	171	9	1	305	1	284	1.69e-42	154
WP_055987390.1	iCN718.ABAYE_RS14075	59.2	894	351	9	5	888	338	1227	0.0	1020
WP_055987390.1	iJN1463.PP_2375	58.4	891	363	5	2	884	341	1231	0.0	1009
WP_055987390.1	iYL1228.KPN_04399	58.4	889	354	9	5	884	341	1222	0.0	1001
WP_055987390.1	iPC815.YPO3722	57.4	888	363	9	5	884	346	1226	0.0	998
WP_055987390.1	iSDY_1059.SDY_4322	57.8	892	360	9	5	887	341	1225	0.0	997
WP_055987390.1	iML1515.b4019	58.0	889	357	9	5	884	341	1222	0.0	996
WP_055987390.1	iSSON_1240.SSON_4190	57.9	889	358	9	5	884	341	1222	0.0	995
WP_055987390.1	iSF_1195.SF4085	57.8	889	359	9	5	884	341	1222	0.0	991
WP_055987391.1	iJN1463.PP_2375	62.8	328	122	0	5	332	9	336	1.36e-142	433
WP_055987391.1	iCN718.ABAYE_RS14075	59.5	336	134	1	1	336	1	334	9.05e-142	431
WP_055987391.1	iSSON_1240.SSON_4190	59.5	328	133	0	5	332	6	333	3.39e-135	413
WP_055987391.1	iSF_1195.SF4085	59.1	328	134	0	5	332	6	333	6.65e-135	412
WP_055987391.1	iML1515.b4019	59.1	328	134	0	5	332	6	333	1.82e-134	411
WP_055987391.1	iYL1228.KPN_04399	58.8	328	135	0	5	332	6	333	1.82e-134	411
WP_055987391.1	iSDY_1059.SDY_4322	58.2	328	137	0	5	332	6	333	4.27e-132	405
WP_055987391.1	iPC815.YPO3722	58.0	326	137	0	5	330	11	336	3.28e-130	400
WP_055987392.1	iJN1463.PP_2001	47.9	382	199	0	18	399	19	400	1.38e-122	360
WP_055987392.1	iCN718.ABAYE_RS10080	44.7	387	214	0	14	400	7	393	4.14e-117	346
WP_055987395.1	iSDY_1059.SDY_0002	34.7	516	320	7	9	514	309	817	1.12e-86	283
WP_055987395.1	iML1515.b0002	34.5	516	321	7	9	514	309	817	3.05e-86	282
WP_055987395.1	iSSON_1240.SSON_0002	34.3	516	322	7	9	514	309	817	5.94e-86	281
WP_055987395.1	iSF_1195.SF0002	34.3	516	322	7	9	514	309	817	1.15e-85	281
WP_055987395.1	iSbBS512_1146.SbBS512_E0002	34.1	516	323	7	9	514	309	817	1.18e-84	278
WP_055987395.1	iYL1228.KPN_00002	33.7	516	325	7	9	514	309	817	1.69e-83	275
WP_055987395.1	STM_v1_0.STM0002	34.1	516	323	7	9	514	309	817	1.24e-82	273
WP_055987395.1	iPC815.YPO0459	33.9	513	321	7	12	514	312	816	1.21e-82	273
WP_055987397.1	iLB1027_lipid.PHATRDRAFT_16499	25.4	355	188	12	24	312	26	369	1.84e-19	87.4
WP_055987408.1	iAF692.Mbar_A1776	22.0	323	190	9	48	319	14	325	7.88e-07	50.4
WP_055987428.1	iYL1228.KPN_00986	39.0	82	48	1	353	432	230	311	2.48e-07	52.4
WP_055987428.1	iSF_1195.SF0957	37.2	94	56	2	342	432	210	303	2.41e-07	52.4
WP_055987428.1	iML1515.b0957	37.8	82	49	1	353	432	220	301	3.18e-07	52.0
WP_055987428.1	iSbBS512_1146.SbBS512_E2359	37.8	82	49	1	353	432	220	301	3.18e-07	52.0
WP_055987428.1	iSDY_1059.SDY_0930	37.8	82	49	1	353	432	224	305	3.23e-07	52.0
WP_055987428.1	iSSON_1240.SSON_0961	37.8	82	49	1	353	432	220	301	3.18e-07	52.0
WP_055987432.1	iCN900.CD630_04310	21.4	543	338	16	4	528	7	478	1.10e-15	79.3
WP_055987432.1	iCN900.CD630_03010	20.3	571	328	16	1	533	5	486	1.46e-14	75.9
WP_055987432.1	iYS854.USA300HOU_RS08305	26.7	240	127	8	4	226	13	220	3.57e-14	72.4
WP_055987432.1	iCN900.CD630_07520	26.4	235	139	6	1	226	1	210	3.52e-14	72.0
WP_055987432.1	iPC815.YPO2060	25.9	220	119	6	1	215	4	184	5.71e-14	71.6
WP_055987437.1	iYO844.BSU25640	32.0	194	126	2	1	194	1	188	5.51e-31	111
WP_055987437.1	iNF517.LLMG_RS07435	32.3	198	118	7	2	194	7	193	1.64e-28	105
WP_055987440.1	iSynCJ816.SGL_RS12260	23.9	201	116	7	44	243	53	217	8.24e-07	50.4
WP_055987446.1	iEK1008.Rv2601	32.8	506	319	10	12	500	21	522	7.86e-76	247
WP_055987454.1	iCN900.CD630_08890	35.4	79	51	0	8	86	7	85	1.92e-08	48.9
WP_055987454.1	iHN637.CLJU_RS10460	43.2	44	25	0	43	86	40	83	6.41e-07	44.7
WP_055987464.1	iEK1008.Rv0896	54.4	425	193	1	2	425	4	428	2.06e-166	474
WP_055987466.1	iYS854.USA300HOU_RS04205	68.1	429	134	2	1	426	1	429	1.81e-209	583
WP_055987466.1	iNF517.LLMG_RS03215	65.9	428	144	2	1	426	1	428	1.15e-200	561
WP_055987466.1	iYO844.BSU33900	61.5	429	158	3	1	426	1	425	1.04e-188	530
WP_055987513.1	iNF517.LLMG_RS05575	56.7	508	218	2	15	521	18	524	2.06e-203	575
WP_055987515.1	iLJ478.TM1430	64.6	478	169	0	4	481	2	479	3.27e-232	645
WP_055987515.1	iCN900.CD630_13820	63.5	496	180	1	1	495	1	496	3.20e-228	636
WP_055987515.1	iAF987.Gmet_1676	62.7	490	183	0	6	495	4	493	1.60e-226	632
WP_055987515.1	iSDY_1059.SDY_3818	61.1	496	192	1	3	497	4	499	9.31e-225	627
WP_055987515.1	iML1515.b3926	60.9	496	193	1	3	497	4	499	5.35e-224	625
WP_055987515.1	iSSON_1240.SSON_4095	60.9	496	193	1	3	497	11	506	7.12e-224	625
WP_055987515.1	STM_v1_0.STM4086	60.5	496	195	1	3	497	4	499	4.36e-223	623
WP_055987515.1	iSbBS512_1146.SbBS512_E4408	60.9	494	192	1	3	495	4	497	4.36e-223	623
WP_055987515.1	iYL1228.KPN_04011	60.7	496	194	1	3	497	4	499	2.60e-222	621
WP_055987515.1	iJN1463.PP_1075	59.8	490	192	1	6	495	10	494	5.39e-216	605
WP_055987515.1	iCN718.ABAYE_RS04620	59.6	497	200	1	3	498	6	502	8.51e-216	605
WP_055987515.1	iYO844.BSU09290	58.4	488	202	1	3	489	2	489	5.60e-215	602
WP_055987515.1	iYS854.USA300HOU_RS06545	59.3	492	199	1	3	493	2	493	5.66e-213	597
WP_055987515.1	iNF517.LLMG_RS05580	58.4	495	205	1	2	495	10	504	4.53e-209	588
WP_055987518.1	iLJ478.TM1429	55.0	240	95	2	1	238	1	229	2.80e-86	255
WP_055987518.1	iNF517.LLMG_RS05570	51.5	237	102	2	4	238	8	233	8.54e-80	239
WP_055987528.1	iMM904.YMR319C	28.4	67	48	0	6	72	80	146	6.51e-04	38.9
WP_055987530.1	iEK1008.Rv0684	55.2	707	297	7	4	705	9	700	3.06e-265	746
WP_055987530.1	iSynCJ816.SGL_RS17200	51.5	711	316	6	1	704	1	689	6.92e-245	694
WP_055987530.1	iSynCJ816.SGL_RS10930	50.3	702	329	7	5	705	7	689	3.66e-241	685
WP_055987536.1	iYS854.USA300HOU_RS11550	34.0	141	93	0	17	157	7	147	1.62e-25	94.7
WP_055987537.1	iAF692.Mbar_A3022	43.6	399	195	8	6	384	2	390	3.93e-106	318
WP_055987545.1	iLB1027_lipid.PHATRDRAFT_32823	30.5	164	94	5	3	148	16	177	1.88e-13	65.9
WP_055987546.1	iEK1008.Rv3116	33.3	90	55	1	145	234	298	382	2.27e-06	49.3
WP_055987553.1	iJN1463.PP_4897	31.3	240	141	5	24	253	175	400	6.51e-21	94.4
WP_055987553.1	iIT341.HP0772	33.2	232	137	6	24	250	214	432	3.37e-19	89.0
WP_055987553.1	iSDY_1059.SDY_4420	29.4	255	151	6	26	267	191	429	4.65e-19	88.6
WP_055987553.1	iML1515.b4169	29.4	255	151	6	26	267	191	429	6.24e-19	88.2
WP_055987553.1	iSSON_1240.SSON_4354	29.4	255	151	6	26	267	191	429	6.24e-19	88.2
WP_055987553.1	iML1515.b2435	31.9	235	138	7	26	253	56	275	1.86e-19	87.8
WP_055987553.1	iSbBS512_1146.SbBS512_E2807	31.9	235	138	7	26	253	56	275	1.86e-19	87.8
WP_055987553.1	iSDY_1059.SDY_2633	31.9	235	138	7	26	253	56	275	1.86e-19	87.8
WP_055987553.1	iSF_1195.SF2488	31.9	235	138	7	26	253	56	275	1.86e-19	87.8
WP_055987553.1	iSSON_1240.SSON_2524	31.9	235	138	7	26	253	56	275	1.86e-19	87.8
WP_055987553.1	iSbBS512_1146.SbBS512_E4700	29.0	255	152	6	26	267	191	429	2.71e-18	86.3
WP_055987553.1	iSF_1195.SF4324	29.0	255	152	6	26	267	191	429	3.63e-18	85.9
WP_055987553.1	STM_v1_0.STM4358	29.5	241	141	6	26	253	185	409	6.34e-18	85.1
WP_055987555.1	iML1515.b1010	29.8	124	85	2	2	124	3	125	8.75e-15	65.5
WP_055987555.1	iSDY_1059.SDY_0985	29.8	124	85	2	2	124	3	125	8.75e-15	65.5
WP_055987555.1	iSF_1195.SF1013	29.8	124	85	2	2	124	3	125	1.23e-14	65.1
WP_055987559.1	iEK1008.Rv0125	28.8	299	181	8	117	403	73	351	1.18e-22	99.0
WP_055987569.1	iAF987.Gmet_3091	31.8	305	165	9	65	351	45	324	3.70e-35	131
WP_055987569.1	iJN1463.PP_2943	31.4	287	169	8	73	349	57	325	1.46e-34	129
WP_055987575.1	iYO844.BSU25020	53.8	199	82	4	27	220	8	201	2.20e-73	221
WP_055987575.1	iJN1463.PP_0946	50.8	199	90	2	27	221	15	209	1.64e-67	206
WP_055987575.1	iYS854.USA300HOU_RS08290	49.0	200	91	4	22	217	3	195	6.62e-67	204
WP_055987575.1	iYS854.USA300HOU_RS00700	48.8	203	93	4	22	220	3	198	1.53e-65	201
WP_055987583.1	iSynCJ816.SGL_RS16100	48.9	626	306	6	29	647	103	721	5.20e-186	543
WP_055987583.1	iYO844.BSU33490	48.7	591	297	4	63	649	112	700	1.17e-182	534
WP_055987583.1	iCN900.CD630_03130	47.3	581	299	4	71	647	218	795	1.88e-173	513
WP_055987589.1	iLJ478.TM0349	55.1	138	60	1	1	136	1	138	4.07e-48	151
WP_055987591.1	iSDY_1059.SDY_3673	65.9	533	173	5	8	533	10	540	3.22e-257	713
WP_055987591.1	iSF_1195.SF3422	65.9	533	173	5	8	533	10	540	4.57e-257	712
WP_055987591.1	iML1515.b3403	65.9	533	173	5	8	533	10	540	6.48e-257	712
WP_055987591.1	iSbBS512_1146.SbBS512_E3782	65.9	533	173	5	8	533	10	540	6.48e-257	712
WP_055987591.1	iSSON_1240.SSON_3534	65.9	533	173	5	8	533	10	540	6.48e-257	712
WP_055987591.1	iPC815.YPO0138	65.7	533	174	6	8	533	9	539	5.10e-256	710
WP_055987591.1	STM_v1_0.STM3500	65.3	533	175	6	8	533	9	538	6.60e-254	704
WP_055987591.1	iYL1228.KPN_03773	64.2	539	184	5	1	532	3	539	5.79e-253	702
WP_055987596.1	iHN637.CLJU_RS20770	45.4	284	151	2	3	282	5	288	6.10e-78	239
WP_055987596.1	iYS854.USA300HOU_RS06180	43.8	290	160	1	3	289	5	294	4.92e-76	234
WP_055987596.1	iCN900.CD630_11810	46.2	286	148	3	3	284	5	288	9.12e-73	226
WP_055987596.1	iNF517.LLMG_RS08955	42.4	288	160	4	3	286	5	290	3.06e-71	221
WP_055987596.1	iYO844.BSU15900	43.2	285	157	2	3	282	5	289	1.20e-70	220
WP_055987596.1	iLJ478.TM0798	43.8	288	153	5	1	284	1	283	1.32e-69	217
WP_055987598.1	iYS854.USA300HOU_RS02340	25.0	204	120	8	94	297	31	201	5.73e-06	48.5
WP_055987600.1	iYS854.USA300HOU_RS05915	27.6	359	222	10	58	391	53	398	5.51e-32	129
WP_055987609.1	iML1515.b3590	32.1	249	154	8	515	755	2	243	2.37e-17	86.7
WP_055987616.1	STM_v1_0.STM2097	56.4	365	139	5	4	358	3	357	1.32e-144	413
WP_055987616.1	iAF987.Gmet_2473	55.7	357	148	2	2	358	8	354	2.60e-141	404
WP_055987616.1	iSF_1195.SF2104	54.9	364	146	4	4	358	3	357	3.33e-140	402
WP_055987616.1	iSbBS512_1146.SbBS512_E1192	54.8	365	145	5	4	358	3	357	5.45e-139	399
WP_055987616.1	iSDY_1059.SDY_2204	54.8	365	145	5	4	358	3	357	1.56e-138	397
WP_055987616.1	iML1515.b2041	54.5	365	146	5	4	358	3	357	6.29e-138	396
WP_055987616.1	iHN637.CLJU_RS02615	52.5	358	160	2	1	358	1	348	6.85e-135	388
WP_055987616.1	iPC815.YPO3862	54.8	354	148	5	1	350	1	346	1.11e-134	387
WP_055987616.1	iHN637.CLJU_RS02730	53.1	358	158	3	1	358	1	348	7.89e-134	385
WP_055987616.1	iJN1463.PP_1785	53.5	368	150	5	4	358	2	361	3.75e-133	384
WP_055987616.1	iSSON_1240.SSON_3960	53.9	356	150	6	1	351	1	347	1.04e-132	382
WP_055987616.1	iSF_1195.SF3862	53.7	356	151	6	1	351	1	347	4.22e-132	381
WP_055987616.1	iML1515.b3788	53.0	355	155	5	1	351	1	347	3.43e-131	379
WP_055987616.1	STM_v1_0.STM3922	52.7	355	156	5	1	351	1	347	1.38e-130	377
WP_055987616.1	iYL1228.KPN_02491	52.4	351	155	4	4	350	3	345	5.41e-130	375
WP_055987616.1	iYL1228.KPN_04288	51.5	355	160	5	1	351	3	349	9.77e-129	372
WP_055987619.1	STM_v1_0.STM2095	67.0	285	93	1	2	285	5	289	5.01e-138	390
WP_055987619.1	iML1515.b2039	67.3	281	91	1	2	281	5	285	6.02e-137	388
WP_055987619.1	iSbBS512_1146.SbBS512_E1194	66.3	285	95	1	2	285	5	289	5.82e-137	388
WP_055987619.1	iSDY_1059.SDY_2206	66.3	285	95	1	2	285	5	289	8.26e-137	387
WP_055987619.1	iSF_1195.SF2102	66.0	285	96	1	2	285	5	289	2.74e-135	384
WP_055987619.1	iYL1228.KPN_02490	63.1	287	105	1	1	286	1	287	7.75e-132	375
WP_055987619.1	iYL1228.KPN_02496	63.1	287	105	1	1	286	1	287	7.75e-132	375
WP_055987619.1	iEK1008.Rv0334	63.1	287	106	0	1	287	1	287	4.31e-131	373
WP_055987619.1	iNF517.LLMG_RS01090	64.0	286	102	1	1	285	1	286	1.81e-130	371
WP_055987619.1	iJN1463.PP_1783	64.2	285	101	1	2	285	4	288	4.86e-129	368
WP_055987619.1	iML1515.b3789	62.6	286	106	1	1	285	1	286	3.97e-128	365
WP_055987619.1	iSbBS512_1146.SbBS512_E4132	62.6	286	106	1	1	285	1	286	3.97e-128	365
WP_055987619.1	iSF_1195.SF3863	62.6	286	106	1	1	285	1	286	3.97e-128	365
WP_055987619.1	iSDY_1059.SDY_3959	62.2	286	107	1	1	285	1	286	4.60e-127	363
WP_055987619.1	iSSON_1240.SSON_3961	62.2	286	107	1	1	285	1	286	4.60e-127	363
WP_055987619.1	iPC815.YPO3861	61.0	287	111	1	1	286	1	287	7.55e-126	360
WP_055987619.1	iYL1228.KPN_04289	61.2	286	110	1	1	285	2	287	3.17e-125	358
WP_055987621.1	iJN1463.PP_1778	24.0	262	191	4	23	280	5	262	7.89e-23	94.4
WP_055987623.1	iJN1463.PP_1779	34.0	329	198	6	53	367	32	355	7.78e-54	184
WP_055987623.1	iNF517.LLMG_RS08170	44.2	199	109	2	60	258	45	241	1.44e-51	179
WP_055987623.1	iYO844.BSU35700	39.5	200	119	2	60	259	37	234	1.00e-47	170
WP_055987629.1	iNF517.LLMG_RS08595	44.3	88	46	1	69	156	76	160	1.99e-17	74.3
WP_055987629.1	iCN718.ABAYE_RS12475	32.5	160	97	4	1	154	46	200	6.58e-17	73.9
WP_055987633.1	iAF987.Gmet_2351	37.8	365	221	4	2	365	3	362	4.18e-78	244
WP_055987640.1	iNF517.LLMG_RS12590	30.5	610	396	11	1	591	1	601	2.34e-83	273
WP_055987640.1	iYO844.BSU30540	31.3	597	375	11	1	579	1	580	5.38e-83	272
WP_055987640.1	iAF987.Gmet_2172	33.9	608	329	17	1	541	1	602	1.25e-79	264
WP_055987643.1	iSbBS512_1146.SbBS512_E4050	28.8	212	124	7	3	208	8	198	1.25e-15	75.9
WP_055987643.1	iSSON_1240.SSON_3782	28.8	212	124	7	3	208	8	198	1.25e-15	75.9
WP_055987645.1	iSbBS512_1146.SbBS512_E4050	26.4	208	135	5	3	209	8	198	1.21e-13	70.1
WP_055987645.1	iSSON_1240.SSON_3782	26.4	208	135	5	3	209	8	198	1.21e-13	70.1
WP_055987645.1	iYO844.BSU35680	32.8	131	81	3	4	130	11	138	9.00e-13	68.6
WP_055987645.1	iYO844.BSU35690	33.1	139	80	6	4	135	3	135	3.80e-11	63.2
WP_055987648.1	iJN1463.PP_1280	38.3	410	228	11	1	405	1	390	9.53e-82	261
WP_055987651.1	iYO844.BSU35550	34.0	103	68	0	4	106	9	111	1.66e-12	65.5
WP_055987651.1	iYS854.USA300HOU_RS01340	27.9	208	137	8	1	201	2	203	3.93e-11	62.8
WP_055987653.1	iAF692.Mbar_A1731	29.2	130	90	1	209	336	193	322	5.62e-11	63.2
WP_055987653.1	iYS854.USA300HOU_RS07460	26.5	219	148	8	164	376	153	364	7.61e-11	62.8
WP_055987655.1	iHN637.CLJU_RS17065	45.5	55	30	0	93	147	170	224	9.58e-06	44.3
WP_055987655.1	iYS854.USA300HOU_RS07115	42.3	52	30	0	99	150	174	225	1.30e-05	43.9
WP_055987655.1	iML1515.b2033	28.1	96	63	2	53	142	88	183	1.89e-05	43.1
WP_055987655.1	iNF517.LLMG_RS08595	26.6	109	78	2	35	142	50	157	6.50e-05	41.2
WP_055987657.1	iYS854.USA300HOU_RS07460	22.8	241	173	5	103	333	81	318	1.32e-08	55.8
WP_055987659.1	iJN1463.PP_3136	30.2	169	113	3	8	176	5	168	9.16e-18	76.3
WP_055987659.1	iHN637.CLJU_RS19350	33.6	110	73	0	68	177	68	177	2.04e-17	75.9
WP_055987659.1	iYS854.USA300HOU_RS02785	32.9	155	91	3	25	179	37	178	1.49e-16	73.9
WP_055987659.1	iYO844.BSU40850	41.8	122	57	4	59	170	63	180	1.23e-15	70.9
WP_055987659.1	iYO844.BSU00930	36.9	103	65	0	68	170	66	168	1.13e-14	68.9
WP_055987665.1	iAF987.Gmet_1430	51.5	443	204	3	1	432	1	443	2.77e-156	449
WP_055987665.1	iPC815.YPO2174	47.5	446	225	3	1	437	1	446	2.30e-139	406
WP_055987668.1	iEK1008.Rv3265c	24.5	237	156	7	6	222	1	234	4.97e-06	47.0
WP_055987670.1	iYO844.BSU35680	28.1	221	134	7	2	218	9	208	7.94e-15	74.7
WP_055987670.1	iSbBS512_1146.SbBS512_E4050	26.5	211	127	5	3	208	8	195	7.65e-15	73.6
WP_055987670.1	iSSON_1240.SSON_3782	26.5	211	127	5	3	208	8	195	7.65e-15	73.6
WP_055987687.1	iAT_PLT_636.4905	26.8	250	143	14	266	478	257	503	3.47e-09	58.9
WP_055987687.1	iMM1415.18195	26.8	250	143	14	266	478	257	503	3.47e-09	58.9
WP_055987722.1	iLJ478.TM1190	39.9	361	201	5	27	387	5	349	4.14e-82	254
WP_055987724.1	iAF987.Gmet_0497	58.8	216	85	1	1	216	1	212	7.85e-85	250
WP_055987724.1	iCN900.CD630_23290	58.5	212	84	1	1	212	1	208	5.58e-83	245
WP_055987724.1	iLJ478.TM0295	54.4	215	94	1	1	215	1	211	1.13e-80	239
WP_055987724.1	iYO844.BSU37110	57.2	215	89	1	1	215	1	212	5.32e-80	238
WP_055987724.1	iHN637.CLJU_RS19520	55.2	212	91	1	1	212	1	208	3.90e-78	233
WP_055987726.1	iLJ478.TM0055	45.7	600	297	11	79	661	86	673	4.30e-180	527
WP_055987730.1	iLJ478.TM0061	37.4	340	179	11	29	360	370	683	7.46e-66	225
WP_055987732.1	iYO844.BSU06160	28.7	481	304	9	2	479	16	460	3.91e-59	201
WP_055987736.1	iSynCJ816.SGL_RS14875	28.0	132	91	4	6	136	1	129	6.44e-08	50.1
WP_055987736.1	iAF987.Gmet_0988	32.9	140	85	5	8	146	18	149	1.23e-07	49.3
WP_055987739.1	iCHOv1.100758893	32.3	489	286	16	8	475	28	492	2.22e-61	214
WP_055987739.1	iMM1415.233836	32.3	489	286	16	8	475	28	492	1.20e-59	209
WP_055987739.1	iMM1415.20537	30.5	491	297	12	8	475	28	497	7.39e-59	207
WP_055987739.1	iCHOv1.100767281	30.8	491	296	13	8	475	28	497	1.29e-57	204
WP_055987739.1	iAT_PLT_636.115584	31.5	489	290	15	8	475	28	492	2.16e-57	203
WP_055987739.1	iCHOv1.100759273	32.4	562	319	17	4	536	5	534	1.31e-55	199
WP_055987739.1	iAT_PLT_636.6526	34.3	495	281	16	4	473	5	480	1.31e-55	199
WP_055987739.1	iMM1415.230612	29.8	493	303	13	3	475	28	497	8.01e-55	196
WP_055987739.1	iAT_PLT_636.6523	29.8	486	307	14	8	475	28	497	1.57e-54	195
WP_055987739.1	iMM1415.53881	31.5	558	321	17	8	536	9	534	8.17e-54	194
WP_055987742.1	iLJ478.TM0282	49.2	358	167	7	33	383	5	354	1.33e-112	332
WP_055987742.1	iCN718.ABAYE_RS14110	47.1	359	181	4	36	385	23	381	1.38e-110	328
WP_055987743.1	iYL1228.KPN_00061	56.5	497	214	2	2	497	1	496	3.49e-212	595
WP_055987743.1	iSSON_1240.SSON_0068	56.7	497	213	2	2	497	1	496	4.66e-210	590
WP_055987743.1	iML1515.b0062	56.5	497	214	2	2	497	1	496	1.89e-209	588
WP_055987743.1	iSbBS512_1146.SbBS512_E0054	56.5	497	214	2	2	497	1	496	1.54e-208	586
WP_055987743.1	iSDY_1059.SDY_0089	56.3	497	215	2	2	497	1	496	1.54e-208	586
WP_055987743.1	iPC815.YPO2253	56.4	491	212	2	9	498	8	497	3.09e-208	585
WP_055987743.1	STM_v1_0.STM0102	56.3	497	215	2	2	497	1	496	1.77e-207	583
WP_055987743.1	iLJ478.TM0276	54.8	496	219	2	2	497	1	491	2.57e-201	568
WP_055987743.1	iYO844.BSU28800	55.8	496	213	4	5	498	2	493	2.09e-200	565
WP_055987746.1	iYO844.BSU28780	51.8	226	107	1	7	232	5	228	1.23e-78	235
WP_055987746.1	STM_v1_0.STM4388	47.8	228	117	1	5	232	2	227	6.80e-78	233
WP_055987746.1	iSF_1195.SF4353	46.9	228	119	1	5	232	2	227	7.83e-77	231
WP_055987746.1	iML1515.b4198	46.9	228	119	1	5	232	2	227	2.23e-76	229
WP_055987746.1	iSbBS512_1146.SbBS512_E4728	46.5	228	120	1	5	232	2	227	3.17e-76	229
WP_055987746.1	iSDY_1059.SDY_4367	46.5	228	120	1	5	232	2	227	3.17e-76	229
WP_055987746.1	iSSON_1240.SSON_4380	46.5	228	120	1	5	232	2	227	3.17e-76	229
WP_055987746.1	iCN900.CD630_22780	47.8	228	116	2	5	232	3	227	5.17e-75	226
WP_055987746.1	iYL1228.KPN_00060	47.6	229	119	1	5	232	3	231	5.69e-75	226
WP_055987746.1	iHN637.CLJU_RS00590	46.5	228	122	0	5	232	3	230	1.22e-74	225
WP_055987746.1	iSF_1195.SF0056	47.6	229	119	1	5	232	3	231	6.55e-74	223
WP_055987746.1	iML1515.b0061	47.2	229	120	1	5	232	3	231	2.64e-73	222
WP_055987746.1	iSDY_1059.SDY_0088	47.2	229	120	1	5	232	3	231	3.75e-73	221
WP_055987746.1	iSSON_1240.SSON_0067	46.7	229	121	1	5	232	3	231	7.53e-73	221
WP_055987746.1	iSbBS512_1146.SbBS512_E0053	46.7	229	121	1	5	232	3	231	1.07e-72	220
WP_055987746.1	iYL1228.KPN_04591	44.7	228	124	1	5	232	2	227	2.76e-72	219
WP_055987746.1	STM_v1_0.STM0101	46.7	229	121	1	5	232	3	231	3.04e-72	219
WP_055987746.1	STM_v1_0.STM3677	46.7	229	121	1	5	232	3	231	4.30e-72	219
WP_055987746.1	iML1515.b3583	46.3	229	122	1	5	232	3	231	8.65e-72	218
WP_055987746.1	iPC815.YPO3326	46.3	229	122	1	5	232	3	231	3.49e-71	216
WP_055987748.1	iPC815.YPO2254	46.5	550	287	4	6	553	14	558	5.43e-183	526
WP_055987748.1	iML1515.b0063	47.3	554	277	4	6	553	5	549	8.97e-179	516
WP_055987748.1	iSDY_1059.SDY_0090	47.1	554	278	4	6	553	5	549	8.97e-179	516
WP_055987748.1	iSF_1195.SF0058	47.1	554	278	4	6	553	5	549	1.27e-178	515
WP_055987748.1	iSbBS512_1146.SbBS512_E0055	47.1	554	278	4	6	553	5	549	2.55e-178	514
WP_055987748.1	iYL1228.KPN_00062	46.2	550	289	3	6	553	5	549	5.65e-178	514
WP_055987748.1	iSSON_1240.SSON_0069	47.1	554	278	4	6	553	5	549	5.11e-178	514
WP_055987748.1	STM_v1_0.STM0103	46.2	554	283	4	6	553	5	549	1.83e-176	510
WP_055987750.1	iYO844.BSU28510	23.5	490	272	18	227	660	50	492	4.37e-18	87.4
WP_055987753.1	iLJ478.TM0076	31.0	815	394	23	61	864	92	749	1.99e-92	308
WP_055987753.1	iYL1228.KPN_02568	28.0	853	430	27	27	859	63	751	2.70e-86	291
WP_055987753.1	iSF_1195.SF2217	28.0	828	424	24	47	862	87	754	2.70e-86	291
WP_055987753.1	iSDY_1059.SDY_2156	28.0	828	424	24	47	862	87	754	5.19e-86	290
WP_055987753.1	iML1515.b2132	27.9	828	425	24	47	862	87	754	1.91e-85	289
WP_055987753.1	iSbBS512_1146.SbBS512_E0841	27.9	828	425	24	47	862	87	754	1.91e-85	289
WP_055987753.1	iSSON_1240.SSON_2189	27.8	828	426	24	47	862	87	754	3.66e-85	288
WP_055987762.1	iEK1008.Rv1288	27.4	164	99	7	47	208	178	323	4.39e-07	50.4
WP_055987769.1	iSynCJ816.SGL_RS07245	33.3	267	156	5	4	268	1	247	1.02e-38	135
WP_055987769.1	iYO844.BSU15910	33.6	259	154	4	7	264	2	243	1.65e-36	129
WP_055987769.1	iLJ478.TM1724	32.4	259	156	4	7	264	3	243	2.31e-36	129
WP_055987769.1	iHN637.CLJU_RS17225	33.2	262	155	5	7	266	6	249	7.66e-35	125
WP_055987769.1	iML1515.b1619	33.7	255	152	4	10	264	12	249	2.39e-34	124
WP_055987771.1	iPC815.YPO1283	43.6	390	203	3	1	380	1	383	1.90e-108	323
WP_055987771.1	iML1515.b4322	44.1	395	204	4	1	385	1	388	6.92e-108	322
WP_055987771.1	iSF_1195.SF4198	43.8	395	205	4	1	385	1	388	9.79e-108	322
WP_055987771.1	STM_v1_0.STM3135	43.5	395	206	4	1	385	1	388	1.39e-107	321
WP_055987771.1	iSSON_1240.SSON_4477	43.8	395	205	4	1	385	1	388	2.78e-107	320
WP_055987771.1	iSbBS512_1146.SbBS512_E4792	43.5	395	206	4	1	385	1	388	7.87e-107	319
WP_055987771.1	iYL1228.KPN_02604	42.8	390	206	3	1	380	1	383	1.91e-105	316
WP_055987776.1	iCN900.CD630_30640	54.1	434	199	0	9	442	3	436	1.37e-171	488
WP_055987776.1	iLJ478.TM1667	51.8	434	209	0	9	442	3	436	4.11e-163	466
WP_055987776.1	iHN637.CLJU_RS08960	49.9	435	218	0	8	442	2	436	3.12e-159	456
WP_055987776.1	iYL1228.KPN_03929	48.5	435	221	2	10	442	8	441	1.35e-156	450
WP_055987776.1	STM_v1_0.STM3661	47.7	434	226	1	10	442	4	437	3.12e-154	444
WP_055987776.1	iSbBS512_1146.SbBS512_E3959	48.2	434	224	1	10	442	4	437	4.42e-154	443
WP_055987776.1	iSSON_1240.SSON_3820	48.2	434	224	1	10	442	4	437	4.42e-154	443
WP_055987776.1	iML1515.b3565	48.2	434	224	1	10	442	4	437	6.26e-154	443
WP_055987776.1	iPC815.YPO4038	47.6	437	226	2	8	442	2	437	1.72e-153	442
WP_055987778.1	iCN900.CD630_30650	33.3	471	290	11	2	459	3	462	6.57e-71	234
WP_055987778.1	iHN637.CLJU_RS08965	30.1	492	326	11	1	484	1	482	1.09e-67	225
WP_055987782.1	iLJ478.TM0156	33.5	418	206	8	16	365	4	417	1.10e-55	188
WP_055987782.1	iYS854.USA300HOU_RS14280	41.3	303	157	7	22	306	39	338	1.60e-51	178
WP_055987782.1	iYO844.BSU05740	33.8	414	191	11	34	368	45	454	1.40e-48	170
WP_055987783.1	iSbBS512_1146.SbBS512_E0485	31.3	128	71	6	57	173	50	171	1.77e-04	45.1
WP_055987783.1	iML1515.b0584	30.7	127	73	4	57	173	50	171	3.06e-04	44.3
WP_055987783.1	iSDY_1059.SDY_0512	31.3	128	71	6	57	173	50	171	3.06e-04	44.3
WP_055987783.1	iSF_1195.SF0496	31.3	128	71	6	57	173	50	171	3.06e-04	44.3
WP_055987783.1	iSSON_1240.SSON_0534	31.3	128	71	6	57	173	50	171	3.06e-04	44.3
WP_055987813.1	iCN900.CD630_19470	47.2	218	114	1	2	218	10	227	1.42e-61	192
WP_055987813.1	iJN1463.PP_4210	41.0	227	133	1	1	226	5	231	8.63e-51	174
WP_055987824.1	iYO844.BSU02750	37.0	216	121	5	17	225	20	227	2.22e-42	143
WP_055987824.1	iSynCJ816.SGL_RS17160	34.6	214	133	3	1	208	1	213	7.63e-37	132
WP_055987833.1	iMM904.YML059C	27.1	192	122	4	4	183	1369	1554	8.90e-13	67.8
WP_055987835.1	iCN718.ABAYE_RS09970	45.5	464	249	4	2	462	5	467	3.98e-141	412
WP_055987835.1	iYO844.BSU24060	44.7	470	250	3	2	461	4	473	1.14e-131	388
WP_055987835.1	iHN637.CLJU_RS18515	45.2	460	244	5	5	461	3	457	3.91e-126	374
WP_055987838.1	iLJ478.TM0076	33.8	884	434	20	24	884	3	758	8.89e-141	436
WP_055987840.1	iLJ478.TM0306	25.7	475	264	19	32	466	8	433	1.39e-31	125
WP_055987840.1	iMM1415.66848	26.7	405	229	18	32	411	28	389	7.64e-31	124
WP_055987840.1	iCHOv1.100752441	24.8	483	272	17	3	452	4	428	1.70e-29	120
WP_055987842.1	iAF692.Mbar_A0231	23.0	269	161	13	1	237	1	255	4.97e-04	40.8
WP_055987863.1	iJN1463.PP_0920	38.6	215	104	6	5	196	3	212	1.11e-39	143
WP_055987868.1	iYS854.USA300HOU_RS05460	33.7	300	190	7	497	793	25	318	3.14e-43	159
WP_055987868.1	iYO844.BSU24040	32.8	253	165	4	491	741	19	268	1.56e-42	157
WP_055987868.1	iYO844.BSU14590	33.6	277	176	6	497	770	25	296	2.77e-42	156
WP_055987868.1	iNF517.LLMG_RS00400	33.8	269	172	5	487	752	15	280	1.82e-41	154
WP_055987868.1	iJN1463.PP_4402	34.1	323	188	9	482	786	12	327	2.95e-40	151
WP_055987868.1	iYS854.USA300HOU_RS08105	33.2	292	187	6	482	770	10	296	3.03e-40	150
WP_055987870.1	iAF987.Gmet_2455	36.7	313	197	1	12	323	8	320	4.69e-63	202
WP_055987870.1	iJN1463.PP_0687	34.3	315	204	2	10	323	8	320	2.43e-56	185
WP_055987877.1	iYS854.USA300HOU_RS08725	45.3	349	183	4	1	349	1	341	4.75e-105	311
WP_055987894.1	iYS854.USA300HOU_RS12480	23.8	374	234	11	8	369	3	337	9.45e-14	71.6
WP_055987894.1	iJN1463.PP_3944	25.0	384	245	15	6	373	5	361	1.76e-13	70.9
WP_055987906.1	iLJ478.TM0156	31.2	397	189	2	276	588	21	417	7.98e-54	189
WP_055987909.1	iAF987.Gmet_1914	31.7	123	79	1	8	130	4	121	3.92e-09	58.2
WP_055987946.1	iYO844.BSU29120	44.7	304	162	5	2	302	7	307	1.79e-84	256
WP_055987946.1	iSynCJ816.SGL_RS14885	44.3	300	163	4	2	300	15	311	4.92e-79	243
WP_055987957.1	iMM904.YOL151W	29.4	340	209	8	9	322	2	336	3.07e-31	119
WP_055987959.1	iSynCJ816.SGL_RS12965	30.9	233	148	5	1	223	1	230	3.27e-21	89.0
WP_055987979.1	iCN900.CD630_07940	33.1	248	146	7	7	248	8	241	3.71e-33	120
WP_055987979.1	iAF692.Mbar_A2320	34.6	214	126	7	8	217	18	221	7.21e-33	120
WP_055987981.1	iPC815.YPO2830	27.5	160	95	4	5	158	4	148	2.63e-11	58.9
WP_055987981.1	iML1515.b1584	28.9	152	87	4	10	155	9	145	1.05e-10	57.4
WP_055987981.1	STM_v1_0.STM1502	28.6	154	85	5	10	155	9	145	3.87e-10	55.8
WP_055987985.1	iMM1415.11303	32.5	209	136	2	16	220	1901	2108	2.15e-26	108
WP_055987985.1	iCHOv1.100761226	32.1	209	137	2	16	220	1926	2133	3.27e-25	105
WP_055987985.1	iCN900.CD630_14890	27.2	232	157	4	4	227	1	228	8.01e-24	98.6
WP_055987987.1	iYS854.USA300HOU_RS05725	31.0	116	54	4	614	729	13	102	1.46e-08	52.8
WP_055987991.1	iYO844.BSU27250	53.1	377	175	1	1	377	1	375	5.58e-141	405
WP_055987991.1	iHN637.CLJU_RS11995	52.0	377	179	1	1	377	1	375	3.31e-140	403
WP_055987991.1	iIT341.HP0106	52.2	379	179	1	1	379	1	377	3.81e-139	400
WP_055987991.1	iEK1008.Rv1079	53.3	375	169	4	5	377	16	386	2.87e-138	399
WP_055987991.1	iNF517.LLMG_RS08915	53.5	374	170	2	5	377	6	376	2.04e-136	394
WP_055987991.1	iYS854.USA300HOU_RS02320	50.8	378	183	2	1	377	1	376	9.47e-130	377
WP_055987991.1	iYL1228.KPN_03410	52.8	377	174	4	3	377	4	378	4.69e-128	372
WP_055988010.1	iSDY_1059.SDY_3762	20.9	675	436	21	13	665	8	606	9.34e-15	77.4
WP_055988010.1	iML1515.b3966	20.6	679	433	24	13	665	8	606	2.84e-14	75.9
WP_055988010.1	iSSON_1240.SSON_4139	20.6	679	433	24	13	665	8	606	2.84e-14	75.9
WP_055988010.1	iSF_1195.SF4048	20.8	679	432	24	13	665	8	606	4.95e-14	75.1
WP_055988010.1	STM_v1_0.STM4130	21.3	625	403	21	59	665	53	606	1.38e-12	70.5
WP_055988012.1	iHN637.CLJU_RS08905	41.5	130	65	3	23	152	4	122	2.91e-23	88.6
WP_055988012.1	iCN900.CD630_24380	40.3	134	71	4	24	157	5	129	6.67e-22	85.1
WP_055988012.1	iYO844.BSU25300	38.8	134	71	4	24	157	5	127	5.69e-21	82.8
WP_055988014.1	iJN1463.PP_1478	47.3	353	178	5	1	346	3	354	3.11e-104	310
WP_055988032.1	iML1515.b0957	35.0	117	65	2	327	432	221	337	3.67e-09	59.3
WP_055988032.1	iSbBS512_1146.SbBS512_E2359	35.0	117	65	2	327	432	221	337	3.67e-09	59.3
WP_055988032.1	iSDY_1059.SDY_0930	35.0	117	65	2	327	432	225	341	3.75e-09	59.3
WP_055988032.1	iSF_1195.SF0957	35.0	117	65	2	327	432	223	339	3.71e-09	59.3
WP_055988032.1	iSSON_1240.SSON_0961	35.0	117	65	2	327	432	221	337	3.67e-09	59.3
WP_055988032.1	iAF987.Gmet_2727	29.2	106	75	0	322	427	288	393	2.48e-08	57.0
WP_055988032.1	iYL1228.KPN_00986	33.9	118	57	3	327	428	231	343	2.80e-08	56.6
WP_055988047.1	iCN718.ABAYE_RS15140	47.7	281	140	5	8	284	7	284	4.95e-78	239
WP_055988049.1	iYS854.USA300HOU_RS14370	29.4	153	95	4	26	166	322	473	1.53e-08	55.8
WP_055988050.1	iAF987.Gmet_3356	55.5	420	186	1	1	420	1	419	8.14e-160	457
WP_055988050.1	iYO844.BSU28120	53.7	421	193	1	3	423	4	422	1.29e-154	444
WP_055988050.1	iYL1228.KPN_00169	53.8	420	192	2	5	423	3	421	1.05e-152	439
WP_055988050.1	iJN1463.PP_4784	53.6	420	193	2	5	423	3	421	1.53e-152	438
WP_055988050.1	iPC815.YPO3389	52.9	420	196	2	5	423	3	421	4.22e-152	437
WP_055988050.1	iSbBS512_1146.SbBS512_E0146	53.6	420	193	2	5	423	3	421	5.99e-152	437
WP_055988050.1	iSSON_1240.SSON_0166	53.3	420	194	2	5	423	3	421	2.42e-151	435
WP_055988050.1	iML1515.b0154	53.8	420	192	2	5	423	3	421	3.43e-151	435
WP_055988050.1	STM_v1_0.STM0202	53.6	420	193	2	5	423	3	421	6.88e-151	434
WP_055988050.1	iSF_1195.SF0146	53.6	420	193	2	5	423	3	421	9.75e-151	434
WP_055988050.1	iCN718.ABAYE_RS05520	52.1	422	198	3	5	423	6	426	1.69e-150	433
WP_055988050.1	iSDY_1059.SDY_0170	53.6	420	193	2	5	423	3	421	1.38e-150	433
WP_055988050.1	iHN637.CLJU_RS02195	50.7	422	207	1	5	425	2	423	4.23e-149	429
WP_055988050.1	iYS854.USA300HOU_RS08830	51.1	421	202	2	1	420	1	418	8.41e-145	419
WP_055988050.1	iSynCJ816.SGL_RS13390	50.8	421	202	3	5	423	11	428	1.14e-143	416
WP_055988059.1	iJN1463.PP_1494	33.3	117	77	1	2	117	16	132	1.36e-12	65.5
WP_055988059.1	iAF987.Gmet_2999	32.7	101	68	0	6	106	10	110	1.72e-11	62.4
WP_055988061.1	iAF987.Gmet_0043	26.4	231	159	5	118	341	41	267	4.36e-14	72.8
WP_055988064.1	iLJ478.TM1840	20.9	465	247	19	14	376	58	503	5.00e-18	85.9
WP_055988064.1	iYO844.BSU07810	24.6	395	205	17	8	320	9	392	1.60e-17	84.3
WP_055988064.1	iPC815.YPO3696	23.2	370	198	14	8	300	8	368	2.12e-17	84.0
WP_055988064.1	iYS854.USA300HOU_RS08055	23.5	430	211	19	4	345	1	400	2.10e-16	80.9
WP_055988064.1	iEK1008.Rv1327c	27.2	243	150	9	26	243	254	494	8.03e-16	79.3
WP_055988064.1	iYO844.BSU34560	23.2	379	195	18	8	300	5	373	9.00e-16	79.0
WP_055988064.1	iNF517.LLMG_RS03845	23.5	379	212	12	26	339	31	396	2.05e-15	77.8
WP_055988064.1	iCN900.CD630_30910	26.0	208	109	7	6	175	2	202	2.80e-15	77.4
WP_055988064.1	iYL1228.KPN_04651	23.5	374	204	15	1	300	1	366	2.78e-15	77.4
WP_055988064.1	iSSON_1240.SSON_4420	23.3	374	205	15	1	300	1	366	2.78e-15	77.4
WP_055988072.1	iLJ478.TM1724	38.4	242	148	1	4	245	3	243	4.03e-54	174
WP_055988072.1	iYO844.BSU15910	39.8	244	145	2	3	245	1	243	1.61e-53	172
WP_055988072.1	iCN900.CD630_26790	36.2	257	151	2	3	247	1	256	4.03e-48	159
WP_055988072.1	iAM_Pf480.PF3D7_0922900	37.8	241	149	1	5	245	59	298	2.52e-47	158
WP_055988072.1	iCN718.ABAYE_RS09790	35.4	257	153	2	3	247	4	259	1.73e-47	157
WP_055988072.1	iAF987.Gmet_1531	36.7	245	147	3	4	245	4	243	1.76e-47	157
WP_055988074.1	iAF987.Gmet_1919	36.0	136	73	6	5	129	4	136	3.01e-07	50.1
WP_055988078.1	iJN1463.PP_4210	37.2	403	234	9	7	405	267	654	4.17e-69	229
WP_055988082.1	iJN1463.PP_4209	28.5	372	207	7	39	376	37	383	2.80e-32	125
WP_055988087.1	iYL1228.KPN_03236	69.7	264	80	0	1	264	1	264	2.93e-143	402
WP_055988087.1	iML1515.b2827	68.6	264	83	0	1	264	1	264	2.40e-142	399
WP_055988087.1	iSSON_1240.SSON_2984	68.6	264	83	0	1	264	1	264	2.40e-142	399
WP_055988087.1	iSF_1195.SF2837	68.2	264	84	0	1	264	1	264	3.41e-142	399
WP_055988087.1	iSDY_1059.SDY_3044	68.2	264	84	0	1	264	1	264	6.87e-142	398
WP_055988087.1	iSbBS512_1146.SbBS512_E3035	68.2	264	84	0	1	264	1	264	3.97e-141	396
WP_055988087.1	iYO844.BSU21820	67.0	264	87	0	1	264	1	264	5.63e-141	396
WP_055988087.1	iPC815.YPO0783	66.3	264	89	0	1	264	1	264	3.25e-140	394
WP_055988087.1	STM_v1_0.STM3001	67.0	264	87	0	1	264	1	264	1.32e-139	392
WP_055988088.1	iYS854.USA300HOU_RS05260	27.8	273	178	5	25	290	77	337	3.87e-24	103
WP_055988092.1	iSynCJ816.SGL_RS17040	29.1	701	450	16	42	728	32	699	1.98e-80	276
WP_055988096.1	iNF517.LLMG_RS04740	28.1	417	246	9	1	417	1	363	1.90e-48	169
WP_055988096.1	iYS854.USA300HOU_RS13820	27.9	434	249	11	1	426	1	378	1.16e-45	162
WP_055988101.1	iCN718.ABAYE_RS07685	65.1	493	169	1	17	509	14	503	9.35e-240	666
WP_055988101.1	STM_v1_0.STM3680	61.7	493	189	0	17	509	20	512	1.85e-227	635
WP_055988101.1	iSbBS512_1146.SbBS512_E4003	61.3	493	191	0	17	509	20	512	2.14e-226	632
WP_055988101.1	iSF_1195.SF3626	61.3	493	191	0	17	509	50	542	6.22e-226	632
WP_055988101.1	iML1515.b3588	61.1	493	192	0	17	509	20	512	2.47e-225	630
WP_055988101.1	iJN1463.PP_0545	62.0	492	187	0	18	509	15	506	4.65e-224	626
WP_055988101.1	iEK1008.Rv0458	61.1	491	191	0	19	509	17	507	3.93e-223	624
WP_055988101.1	iJN1463.PP_2680	60.4	492	195	0	18	509	15	506	6.77e-219	613
WP_055988101.1	iYL1228.KPN_02991	59.6	492	199	0	18	509	15	506	1.11e-217	610
WP_055988107.1	iHN637.CLJU_RS10210	27.8	400	264	11	14	396	16	407	4.66e-22	97.1
WP_055988107.1	iYO844.BSU02340	24.7	397	279	6	14	398	9	397	5.93e-21	93.6
WP_055988107.1	iYS854.USA300HOU_RS12895	23.0	404	284	12	11	396	15	409	3.91e-20	91.3
WP_055988107.1	iYO844.BSU10220	24.9	398	272	10	17	396	15	403	4.37e-19	88.2
WP_055988115.1	iEK1008.Rv1077	49.5	327	154	4	1	326	1	317	2.64e-98	297
WP_055988115.1	iCHOv1.100762141	47.9	326	166	3	2	326	72	394	1.02e-90	280
WP_055988115.1	iMM1415.12411	47.9	326	166	3	2	326	72	394	1.44e-90	280
WP_055988115.1	iLB1027_lipid.PHATRDRAFT_42003	46.0	326	173	2	2	327	3	325	3.91e-90	276
WP_055988123.1	iMM904.YCR083W	35.8	81	45	3	38	118	41	114	1.07e-07	50.1
WP_055988123.1	iIT341.HP0824	36.5	74	41	3	45	118	23	90	3.21e-07	48.1
WP_055988123.1	iPC815.YPO3868	27.9	86	56	3	38	123	19	98	1.59e-06	46.2
WP_055988123.1	iPC815.YPO0345	26.0	100	71	2	36	132	491	590	2.81e-05	45.8
WP_055988127.1	iSDY_1059.SDY_4227	32.1	392	240	9	3	377	6	388	7.40e-48	169
WP_055988127.1	iML1515.b4024	32.1	392	240	9	3	377	6	388	1.44e-47	168
WP_055988127.1	iSF_1195.SF4181	32.1	392	240	9	3	377	6	388	1.44e-47	168
WP_055988127.1	iSSON_1240.SSON_4202	32.1	392	240	9	3	377	6	388	1.44e-47	168
WP_055988127.1	STM_v1_0.STM4220	32.0	391	242	8	3	377	6	388	2.00e-47	167
WP_055988127.1	iSbBS512_1146.SbBS512_E4529	32.1	392	240	9	3	377	6	388	2.79e-47	167
WP_055988127.1	iYL1228.KPN_04412	31.7	391	243	8	3	377	6	388	2.03e-46	165
WP_055988127.1	iPC815.YPO3719	30.5	390	255	7	3	380	18	403	4.97e-45	161
WP_055988129.1	iPC815.YPO3520	66.3	329	108	2	6	332	1	328	3.64e-157	443
WP_055988129.1	iML1515.b4232	65.8	330	108	2	6	333	1	327	1.44e-155	439
WP_055988129.1	iSbBS512_1146.SbBS512_E4852	65.8	330	108	2	6	333	1	327	1.44e-155	439
WP_055988129.1	iSDY_1059.SDY_4250	65.8	330	108	2	6	333	1	327	1.44e-155	439
WP_055988129.1	iSF_1195.SF4258	65.8	330	108	2	6	333	1	327	1.44e-155	439
WP_055988129.1	iYL1228.KPN_04626	65.8	330	108	2	6	333	1	327	2.04e-155	438
WP_055988129.1	iSSON_1240.SSON_4413	65.5	330	109	2	6	333	1	327	4.10e-155	437
WP_055988129.1	STM_v1_0.STM4415	65.5	330	109	2	6	333	1	327	8.26e-155	437
WP_055988131.1	iNF517.LLMG_RS09180	24.3	304	202	12	18	305	21	312	3.02e-09	57.4
WP_055988133.1	STM_v1_0.STM0686	54.6	555	243	6	2	554	3	550	8.67e-210	594
WP_055988133.1	iYL1228.KPN_00701	54.4	555	244	6	2	554	3	550	1.41e-208	591
WP_055988133.1	iSDY_1059.SDY_0614	54.8	555	241	7	2	554	3	549	2.23e-207	588
WP_055988133.1	iSF_1195.SF0613	54.8	555	241	7	2	554	3	549	9.00e-207	586
WP_055988133.1	iSbBS512_1146.SbBS512_E0570	54.6	555	242	7	2	554	3	549	1.28e-206	586
WP_055988133.1	iSSON_1240.SSON_0634	54.6	555	242	7	2	554	3	549	1.81e-206	585
WP_055988133.1	iPC815.YPO2630	54.1	555	245	7	2	554	3	549	2.85e-203	577
WP_055988133.1	iCN900.CD630_20590	53.0	558	254	6	1	556	1	552	7.30e-201	571
WP_055988133.1	iCN718.ABAYE_RS07660	51.6	558	257	7	2	557	27	573	8.50e-195	556
WP_055988133.1	iJN1463.PP_2904	51.3	550	257	8	9	554	23	565	1.12e-190	546
WP_055988133.1	iAF987.Gmet_0058	51.2	549	257	7	9	554	10	550	3.97e-190	544
WP_055988137.1	iYS854.USA300HOU_RS07580	38.7	323	195	2	1	321	1	322	2.03e-85	259
WP_055988152.1	iAF692.Mbar_A1776	26.7	322	173	13	35	307	14	321	2.75e-04	42.4
WP_055988152.1	iEK1008.Rv0958	28.8	73	52	0	119	191	181	253	5.60e-04	41.2
WP_055988153.1	iCHOv1.100689427	40.8	142	76	1	1	134	1	142	3.00e-29	104
WP_055988153.1	iMM1415.20229	41.5	142	75	1	1	134	1	142	6.00e-29	103
WP_055988153.1	iCHOv1.100757665	38.3	141	79	2	1	133	1	141	5.71e-26	96.3
WP_055988153.1	iMM1415.69215	34.1	164	77	2	1	133	1	164	2.04e-25	95.5
WP_055988178.1	iCN718.ABAYE_RS05960	32.0	219	128	8	116	316	165	380	5.03e-20	89.4
WP_055988178.1	iYS854.USA300HOU_RS05185	29.0	262	154	8	71	311	137	387	5.46e-18	83.6
WP_055988188.1	iML1515.b1686	42.7	131	72	2	12	142	9	136	6.09e-25	92.4
WP_055988189.1	iCN718.ABAYE_RS10950	31.4	188	114	6	1	181	1	180	5.35e-18	77.4
WP_055988252.1	iAT_PLT_636.4905	27.9	215	128	10	231	421	256	467	5.35e-10	61.2
WP_055988252.1	iMM1415.18195	27.9	215	128	10	231	421	256	467	5.35e-10	61.2
WP_055988268.1	iSynCJ816.SGL_RS08475	28.0	218	132	4	17	230	16	212	2.97e-21	92.0
WP_055988268.1	iCN718.ABAYE_RS09945	28.2	209	126	5	24	230	26	212	4.13e-19	85.9
WP_055988268.1	iCN900.CD630_27420	30.0	213	100	6	17	207	16	201	1.52e-18	83.6
WP_055988276.1	iLJ478.TM0344	32.4	68	43	1	1	68	1	65	2.99e-04	40.8
WP_055988276.1	iAM_Pc455.PCYB_062380	30.5	95	65	1	135	229	79	172	5.12e-04	40.4
WP_055988276.1	iAM_Pv461.PVX_111245	30.5	95	65	1	135	229	79	172	6.83e-04	40.0
WP_055988277.1	iCHOv1.100773401	33.9	254	146	8	3	238	6	255	3.83e-29	112
WP_055988277.1	iMM1415.235033	32.5	252	152	7	3	238	6	255	1.58e-28	110
WP_055988277.1	iCHOv1.100751871	35.9	195	120	4	3	194	30	222	2.22e-25	102
WP_055988281.1	iYO844.BSU15910	35.9	248	148	3	4	249	5	243	9.36e-41	140
WP_055988281.1	iYS854.USA300HOU_RS06185	34.9	249	151	3	3	249	2	241	9.17e-37	129
WP_055988281.1	iCN900.CD630_11820	34.9	252	151	7	1	249	4	245	2.24e-35	126
WP_055988286.1	iAF987.Gmet_2999	28.3	113	69	4	7	112	10	117	7.27e-04	40.0
WP_055988292.1	iAF692.Mbar_A0771	77.4	349	78	1	43	390	4	352	5.44e-207	572
WP_055988296.1	iCN718.ABAYE_RS09965	35.1	242	145	3	1	230	1	242	7.44e-39	135
WP_055988296.1	iLJ478.TM1724	33.8	240	151	2	5	240	3	238	7.15e-39	135
WP_055988296.1	iYL1228.KPN_02061	37.1	229	138	3	8	234	3	227	1.20e-35	127
WP_055988296.1	iCN900.CD630_11820	31.8	239	160	3	4	240	3	240	2.00e-35	126
WP_055988296.1	iYO844.BSU15910	32.5	231	147	3	5	230	2	228	2.01e-34	123
WP_055988296.1	iSynCJ816.SGL_RS07245	38.2	191	117	1	8	197	7	197	2.90e-34	123
WP_055988296.1	iHN637.CLJU_RS20765	32.8	238	151	3	8	240	7	240	8.25e-34	122
WP_055988298.1	iNF517.LLMG_RS11185	34.5	87	57	0	105	191	9	95	1.03e-11	59.7
WP_055988303.1	iYS854.USA300HOU_RS04740	38.4	349	205	6	1	346	1	342	3.97e-74	234
WP_055988317.1	iCN900.CD630_06820	26.0	553	316	6	2	551	3	465	6.32e-51	182
WP_055988323.1	iML1515.b3915	23.4	291	205	7	6	295	11	284	2.85e-10	59.7
WP_055988323.1	iSDY_1059.SDY_3832	23.4	291	205	7	6	295	11	284	2.85e-10	59.7
WP_055988323.1	iCN900.CD630_35200	22.8	285	201	5	15	297	19	286	3.79e-10	59.3
WP_055988323.1	iSF_1195.SF3993	23.0	291	206	7	6	295	11	284	3.84e-10	59.3
WP_055988323.1	iSSON_1240.SSON_4084	23.0	291	206	7	6	295	11	284	3.84e-10	59.3
WP_055988323.1	iSbBS512_1146.SbBS512_E4394	23.4	291	205	7	6	295	11	284	5.17e-10	58.9
WP_055988323.1	iYL1228.KPN_04222	23.3	287	200	8	10	295	17	284	5.53e-09	55.8
WP_055988327.1	iAF987.Gmet_1991	28.8	156	97	6	672	819	196	345	1.03e-05	49.7
WP_055988327.1	iAF987.Gmet_2999	24.4	127	82	2	1059	1179	10	128	8.52e-06	49.3
WP_055988327.1	iAF987.Gmet_3476	25.4	118	84	1	913	1030	11	124	2.32e-05	48.1
WP_055988329.1	iAF987.Gmet_1919	31.9	116	79	0	3	118	5	120	5.51e-15	68.9
WP_055988329.1	iAF987.Gmet_1914	32.4	105	71	0	3	107	4	108	5.22e-13	63.5
WP_055988332.1	iYS854.USA300HOU_RS14480	32.6	276	134	8	63	336	50	275	4.81e-25	108
WP_055988368.1	iCN718.ABAYE_RS08155	25.2	131	89	2	3	124	2	132	2.23e-05	45.1
WP_055988370.1	STM_v1_0.STM1511	32.2	211	127	5	5	214	4	199	2.66e-22	91.7
WP_055988370.1	iYS854.USA300HOU_RS06185	33.8	204	117	6	2	202	3	191	6.67e-22	90.5
WP_055988370.1	iSDY_1059.SDY_2057	32.3	198	118	4	2	199	6	187	1.80e-21	89.4
WP_055988370.1	iCHOv1.100751897	30.7	202	124	5	2	201	83	270	1.45e-20	89.0
WP_055988370.1	iCN718.ABAYE_RS14915	30.8	201	123	5	2	202	6	190	4.86e-21	88.2
WP_055988370.1	iMM1415.17252	31.6	206	132	4	2	203	39	239	1.45e-20	88.2
WP_055988370.1	iYO844.BSU15910	30.0	247	154	7	2	243	5	237	9.74e-21	87.4
WP_055988370.1	iML1515.b1093	32.3	198	118	4	2	199	6	187	9.40e-21	87.4
WP_055988370.1	iSbBS512_1146.SbBS512_E2231	32.3	198	118	4	2	199	6	187	9.40e-21	87.4
WP_055988370.1	iSF_1195.SF1097	32.3	198	118	4	2	199	6	187	9.40e-21	87.4
WP_055988370.1	iSSON_1240.SSON_1113	32.3	198	118	4	2	199	6	187	9.40e-21	87.4
WP_055988370.1	iPC815.YPO2539	32.8	198	120	4	2	199	10	194	2.16e-20	86.7
WP_055988370.1	iCHOv1.100759877	32.0	206	131	4	2	203	39	239	7.29e-20	86.3
WP_055988370.1	iCHOv1.100689019	29.5	275	145	10	2	235	6	272	8.31e-20	85.5
WP_055988370.1	iYL1228.KPN_01590	29.9	201	125	5	5	204	4	189	7.39e-20	85.1
WP_055988370.1	iYL1228.KPN_01091	30.8	198	121	4	2	199	6	187	1.31e-19	84.3
WP_055988370.1	iCHOv1.100689020	29.7	279	139	10	2	235	6	272	3.05e-19	84.0
WP_055988370.1	iSDY_1059.SDY_1586	29.4	201	126	5	5	204	4	189	1.95e-19	84.0
WP_055988370.1	iSynCJ816.SGL_RS07245	31.5	203	125	5	2	203	7	196	2.65e-19	83.6
WP_055988370.1	iML1515.b1539	29.9	201	125	5	5	204	4	189	3.75e-19	83.2
WP_055988370.1	STM_v1_0.STM1195	31.3	198	120	4	2	199	6	187	3.50e-19	83.2
WP_055988370.1	STM_v1_0.STM4483	32.3	198	121	4	2	199	10	194	4.13e-19	83.2
WP_055988370.1	iSSON_1240.SSON_1589	29.9	201	125	5	5	204	4	189	3.75e-19	83.2
WP_055988370.1	iPC815.YPO1599	31.7	199	118	5	2	199	6	187	4.86e-19	82.8
WP_055988378.1	iJN1463.PP_3426	40.1	1050	620	7	3	1045	5	1052	1.35e-240	710
WP_055988380.1	iJN1463.PP_1384	25.5	471	320	10	20	478	15	466	1.99e-41	154
WP_055988409.1	iCN718.ABAYE_RS07200	47.1	446	211	9	1	435	2	433	5.56e-132	387
WP_055988412.1	iYO844.BSU15910	36.9	225	117	10	3	221	5	210	1.56e-27	105
WP_055988412.1	iAM_Pf480.PF3D7_0922900	34.0	235	130	7	3	236	61	271	6.66e-24	97.1
WP_055988412.1	iCHOv1.100759877	33.5	203	125	5	3	201	39	235	3.10e-23	95.5
WP_055988412.1	iNF517.LLMG_RS08950	29.7	239	146	7	3	236	6	227	8.90e-24	95.5
WP_055988412.1	iYS854.USA300HOU_RS06185	33.3	225	129	8	1	221	1	208	1.27e-23	95.1
WP_055988418.1	iPC815.YPO1505	54.2	201	90	1	18	218	22	220	9.74e-66	202
WP_055988418.1	STM_v1_0.STM2193	52.5	200	95	0	18	217	22	221	5.49e-63	195
WP_055988418.1	iYL1228.KPN_02591	52.5	200	95	0	18	217	22	221	1.10e-62	194
WP_055988418.1	iML1515.b2153	52.0	200	96	0	18	217	22	221	2.21e-62	193
WP_055988418.1	iSbBS512_1146.SbBS512_E0813	52.0	200	96	0	18	217	22	221	2.21e-62	193
WP_055988418.1	iSDY_1059.SDY_2127	52.0	200	96	0	18	217	22	221	2.21e-62	193
WP_055988418.1	iSF_1195.SF2238	52.0	200	96	0	18	217	22	221	2.21e-62	193
WP_055988418.1	iSSON_1240.SSON_2209	52.0	200	96	0	18	217	22	221	2.21e-62	193
WP_055988423.1	iLJ478.TM0719	37.5	501	270	9	3	502	1	459	2.29e-104	319
WP_055988423.1	STM_v1_0.STM0537	38.4	511	248	11	3	500	2	458	1.48e-102	315
WP_055988423.1	iSSON_1240.SSON_0492	37.8	511	251	11	3	500	2	458	5.86e-102	313
WP_055988423.1	iYL1228.KPN_00482	38.0	503	261	11	3	500	2	458	8.26e-102	313
WP_055988423.1	iSbBS512_1146.SbBS512_E0448	37.8	511	251	11	3	500	2	458	8.26e-102	313
WP_055988423.1	iYS854.USA300HOU_RS02790	35.7	502	279	11	3	500	2	463	1.07e-100	310
WP_055988423.1	iAF987.Gmet_0057	37.1	517	273	12	1	500	1	482	2.63e-100	310
WP_055988423.1	iSF_1195.SF0457	37.6	511	252	11	3	500	2	458	1.83e-100	309
WP_055988423.1	iSDY_1059.SDY_0278	37.4	511	253	11	3	500	2	458	3.65e-100	308
WP_055988423.1	iCN900.CD630_00520	36.5	501	276	9	3	500	1	462	3.59e-98	303
WP_055988423.1	iPC815.YPO3073	37.1	504	264	13	3	500	2	458	3.54e-97	301
WP_055988423.1	iAF692.Mbar_A1653	36.7	504	269	14	3	497	2	464	1.16e-94	295
WP_055988423.1	iJN1463.PP_2905	35.8	509	266	13	3	502	2	458	2.60e-93	291
WP_055988427.1	iSynCJ816.SGL_RS03010	29.3	317	200	7	247	551	20	324	4.85e-35	140
WP_055988434.1	iYS854.USA300HOU_RS10275	35.0	163	106	0	1	163	1	163	3.13e-38	128
WP_055988451.1	iYS854.USA300HOU_RS07460	44.8	382	203	6	1	378	1	378	2.72e-101	304
WP_055988453.1	iLJ478.TM0809	28.6	318	212	7	50	362	2	309	3.23e-33	132
WP_055988457.1	iCN900.CD630_16980	48.4	190	95	3	6	194	208	395	2.34e-57	185
WP_055988457.1	iHN637.CLJU_RS10830	45.4	194	104	2	1	193	205	397	3.63e-57	184
WP_055988457.1	iAF987.Gmet_1626	48.0	196	100	2	1	195	205	399	5.00e-57	184
WP_055988457.1	iYO844.BSU23260	46.7	195	101	3	1	193	203	396	1.26e-53	175
WP_055988457.1	iYL1228.KPN_01273	45.9	194	103	2	2	194	3	195	3.38e-55	173
WP_055988457.1	iYS854.USA300HOU_RS09390	44.3	192	104	2	2	193	205	393	8.80e-53	173
WP_055988457.1	iSbBS512_1146.SbBS512_E1505	45.9	194	103	2	2	194	3	195	6.00e-55	172
WP_055988457.1	iML1515.b1277	45.9	194	103	2	2	194	3	195	8.50e-55	172
WP_055988457.1	iSF_1195.SF1281	45.9	194	103	2	2	194	3	195	8.50e-55	172
WP_055988457.1	iSSON_1240.SSON_1863	45.9	194	103	2	2	194	3	195	8.50e-55	172
WP_055988457.1	STM_v1_0.STM1711	46.6	193	101	2	2	193	3	194	2.42e-54	171
WP_055988457.1	iSDY_1059.SDY_1353	45.4	194	104	2	2	194	3	195	3.42e-54	171
WP_055988470.1	iLJ478.TM0862	35.1	322	179	10	2	302	3	315	6.87e-37	135
WP_055988474.1	iYO844.BSU32410	30.5	433	289	9	4	429	6	433	1.10e-56	193
WP_055988474.1	iHN637.CLJU_RS07515	31.2	455	287	13	4	440	7	453	7.20e-56	191
WP_055988474.1	iHN637.CLJU_RS07520	31.6	449	268	13	5	430	6	438	7.00e-55	188
WP_055988474.1	iAF692.Mbar_A1783	31.9	420	262	9	4	408	5	415	1.43e-53	185
WP_055988474.1	iCN900.CD630_15260	30.0	413	270	9	20	426	21	420	7.93e-51	177
WP_055988474.1	iNF517.LLMG_RS07600	32.4	444	257	14	1	425	1	420	1.19e-49	174
WP_055988478.1	iYO844.BSU19230	32.3	198	130	3	1	194	1	198	5.10e-28	104
WP_055988485.1	iCHOv1.100753128	46.9	288	152	1	6	293	50	336	1.22e-86	262
WP_055988492.1	iSynCJ816.SGL_RS17040	21.7	235	171	4	382	606	309	540	3.66e-10	62.8
WP_055988494.1	iAF987.Gmet_0069	27.6	116	80	2	1	114	1	114	9.27e-06	45.1
WP_055988501.1	iAF987.Gmet_2161	33.6	211	125	4	31	234	389	591	2.26e-26	106
WP_055988503.1	iCN900.CD630_20200	51.2	865	403	5	1	854	1	857	8.82e-297	839
WP_055988507.1	iAF987.Gmet_1825	45.9	434	223	4	4	436	7	429	1.39e-132	388
WP_055988507.1	iCN718.ABAYE_RS11930	45.5	433	219	4	4	436	8	423	2.41e-129	380
WP_055988507.1	iJN1463.PP_3279	45.4	425	220	3	5	429	15	427	4.34e-127	374
WP_055988507.1	iML1515.b1398	46.0	426	217	5	5	429	10	423	1.86e-125	370
WP_055988507.1	iAF987.Gmet_1818	45.4	432	223	5	6	436	9	428	7.48e-124	366
WP_055988507.1	iYL1228.KPN_01479	45.3	426	220	4	5	429	10	423	8.03e-122	361
WP_055988510.1	iJN1463.PP_3274	38.1	360	219	3	1	360	1	356	9.97e-79	245
WP_055988512.1	iJN1463.PP_3278	65.5	304	99	2	6	308	26	324	1.27e-146	415
WP_055988512.1	iML1515.b1388	65.5	304	100	1	4	307	5	303	1.70e-144	409
WP_055988512.1	iYL1228.KPN_01469	64.9	305	102	1	4	308	5	304	1.14e-142	404
WP_055988513.1	iYL1228.KPN_01471	39.9	248	148	1	2	249	5	251	7.13e-59	186
WP_055988513.1	iJN1463.PP_3276	35.6	247	158	1	4	249	6	252	1.21e-51	168
WP_055988518.1	iJN1463.PP_3275	45.7	151	77	4	7	153	27	176	3.96e-45	145
WP_055988518.1	iML1515.b1391	48.0	148	75	2	7	153	18	164	1.58e-44	143
WP_055988518.1	iYL1228.KPN_01472	45.9	148	78	2	7	153	18	164	1.28e-43	141
WP_055988519.1	iCN718.ABAYE_RS11945	42.8	257	143	2	12	266	9	263	3.03e-65	204
WP_055988519.1	iYL1228.KPN_01475	43.3	247	138	1	20	266	18	262	6.85e-61	192
WP_055988519.1	iML1515.b1394	40.8	260	152	1	7	266	5	262	1.09e-59	189
WP_055988521.1	iCN718.ABAYE_RS11940	37.3	482	193	3	2	374	10	491	2.03e-97	298
WP_055988521.1	iJN1463.PP_3282	36.3	488	198	2	1	375	8	495	1.61e-91	283
WP_055988521.1	iYL1228.KPN_01476	37.5	456	202	3	2	374	8	463	2.70e-91	281
WP_055988525.1	iML1515.b1396	36.2	127	81	0	5	131	7	133	4.29e-24	90.1
WP_055988530.1	iCN718.ABAYE_RS08895	60.9	402	156	1	1	402	1	401	1.28e-173	490
WP_055988530.1	iCN718.ABAYE_RS08700	60.4	402	158	1	1	402	3	403	3.53e-173	489
WP_055988530.1	iJN1463.PP_3280	61.1	396	153	1	6	401	11	405	5.37e-166	471
WP_055988530.1	iML1515.b1397	59.2	402	163	1	1	402	1	401	2.99e-164	466
WP_055988530.1	iYL1228.KPN_01478	57.7	402	169	1	1	402	1	401	7.54e-160	455
WP_055988530.1	iYL1228.KPN_01540	58.0	402	167	2	1	402	2	401	1.07e-159	454
WP_055988530.1	iJN1463.PP_1377	58.5	402	165	2	1	402	1	400	1.46e-159	454
WP_055988530.1	iCN718.ABAYE_RS11935	57.1	401	171	1	1	401	1	400	2.23e-159	454
WP_055988532.1	iJN1463.PP_3285	39.9	178	107	0	1	178	1	178	1.40e-51	164
WP_055988532.1	iML1515.b1400	50.6	178	88	0	1	178	1	178	3.49e-46	150
WP_055988534.1	STM_v1_0.STM2775	24.2	161	112	4	32	191	178	329	2.08e-06	48.1
WP_055988537.1	iML1515.b1387	49.2	685	341	4	1	682	1	681	1.62e-219	634
WP_055988537.1	iYL1228.KPN_01468	48.9	679	341	3	1	677	1	675	2.98e-218	631
WP_055988537.1	iJN1463.PP_3270	49.5	677	338	3	4	677	7	682	4.34e-212	615
WP_055988553.1	iCN718.ABAYE_RS11580	27.5	251	171	6	3	246	4	250	6.33e-21	88.6
WP_055988573.1	iAF987.Gmet_2161	33.8	210	126	6	24	227	389	591	1.19e-25	103
WP_055988601.1	iAM_Pb448.PBANKA_061190	25.0	140	87	3	8	129	12	151	7.46e-04	37.4
WP_055988603.1	iCN900.CD630_20200	27.0	230	116	9	64	274	569	765	2.95e-04	42.7
WP_055988603.1	iCN900.CD630_18380	32.1	81	44	2	107	176	6	86	4.90e-04	40.4
WP_055988631.1	iSF_1195.SF0910	30.0	550	361	9	186	725	44	579	2.32e-61	216
WP_055988631.1	iSSON_1240.SSON_0916	30.0	550	361	9	186	725	44	579	4.41e-61	215
WP_055988631.1	iML1515.b0914	29.8	550	362	9	186	725	44	579	1.16e-60	214
WP_055988631.1	iSbBS512_1146.SbBS512_E2410	29.8	550	362	9	186	725	44	579	1.16e-60	214
WP_055988631.1	iSDY_1059.SDY_2344	29.8	550	362	9	186	725	44	579	1.16e-60	214
WP_055988631.1	STM_v1_0.STM0984	30.5	551	357	11	186	725	44	579	1.60e-60	213
WP_055988631.1	iYL1228.KPN_00941	29.3	588	387	11	153	725	6	579	3.04e-60	213
WP_055988631.1	iPC815.YPO1395	29.5	577	372	11	170	729	23	581	5.46e-59	209
WP_055988631.1	iAF987.Gmet_2349	33.2	391	258	2	336	725	181	569	9.50e-56	200
WP_055988631.1	iCHOv1.100682535	42.9	238	135	1	489	725	394	631	6.09e-53	198
WP_055988631.1	iMM1415.18670	44.8	223	121	1	505	725	1048	1270	1.09e-52	197
WP_055988636.1	iAF692.Mbar_A2310	37.7	53	32	1	252	303	2	54	2.39e-06	45.1
WP_055988636.1	iML1515.b2582	35.3	51	30	1	245	292	43	93	4.29e-05	42.7
WP_055988636.1	STM_v1_0.STM2649	35.3	51	30	1	245	292	43	93	4.29e-05	42.7
WP_055988636.1	iSbBS512_1146.SbBS512_E2954	35.3	51	30	1	245	292	43	93	4.29e-05	42.7
WP_055988636.1	iSDY_1059.SDY_2825	35.3	51	30	1	245	292	43	93	4.29e-05	42.7
WP_055988636.1	iSF_1195.SF2644	35.3	51	30	1	245	292	43	93	4.29e-05	42.7
WP_055988636.1	iSSON_1240.SSON_2708	35.3	51	30	1	245	292	43	93	4.29e-05	42.7
WP_055988636.1	iYS854.USA300HOU_RS05725	38.5	39	24	0	255	293	21	59	4.14e-05	42.0
WP_055988636.1	iAM_Pb448.PBANKA_082630	50.0	42	18	2	254	293	41	81	1.20e-04	41.2
WP_055988636.1	iYL1228.KPN_02905	34.2	38	25	0	255	292	56	93	2.05e-04	40.8
WP_055988638.1	iYS854.USA300HOU_RS05725	35.0	40	26	0	252	291	21	60	6.73e-04	38.5
WP_055988644.1	iIT341.HP1174	30.9	459	231	12	16	460	13	399	8.25e-56	191
WP_055988647.1	iLJ478.TM1693	26.3	171	119	4	56	223	70	236	1.17e-13	67.8
WP_055988647.1	iIT341.HP1348	25.9	170	119	4	65	231	69	234	1.88e-12	64.3
WP_055988647.1	iAF987.Gmet_0363	29.6	152	101	5	65	214	69	216	2.41e-12	63.9
WP_055988653.1	iAF987.Gmet_1637	51.7	750	351	7	14	756	5	750	8.32e-253	719
WP_055988653.1	iSF_1195.SF2505	48.5	755	375	9	12	756	5	755	1.00e-226	653
WP_055988653.1	iML1515.b2463	48.5	755	375	9	12	756	5	755	1.42e-226	652
WP_055988653.1	iSDY_1059.SDY_2645	48.5	755	375	9	12	756	5	755	2.01e-226	652
WP_055988653.1	iSSON_1240.SSON_2543	48.5	755	375	9	12	756	5	755	2.01e-226	652
WP_055988653.1	iSbBS512_1146.SbBS512_E2829	48.3	755	376	9	12	756	5	755	5.69e-226	651
WP_055988653.1	iYL1228.KPN_02797	47.3	761	381	9	9	756	2	755	4.57e-225	649
WP_055988656.1	iYS854.USA300HOU_RS04375	56.0	125	55	0	1	125	1	125	1.79e-49	153
WP_055988665.1	iAF987.Gmet_1914	31.1	106	72	1	5	109	3	108	3.44e-12	64.7
WP_055988665.1	iAF987.Gmet_0069	28.7	122	82	2	3	119	2	123	8.09e-12	63.2
WP_055988665.1	iAF987.Gmet_2999	32.0	97	64	1	24	118	29	125	1.47e-10	59.7
WP_082504879.1	iAF987.Gmet_0043	25.5	404	275	8	202	598	4	388	3.46e-29	122
WP_082504883.1	iJN1463.PP_0043	46.5	1044	534	12	1	1027	1	1036	5.07e-286	840
WP_082504883.1	iJN1463.PP_2410	44.6	1043	555	10	1	1027	1	1036	3.81e-274	809
WP_082504883.1	iAF987.Gmet_3509	41.6	1036	582	9	1	1027	1	1022	2.05e-262	778
WP_082504885.1	iML1515.b2430	22.2	406	242	18	2	347	3	394	1.60e-12	68.9
WP_082504885.1	iSynCJ816.SGL_RS12260	23.3	356	231	12	22	347	24	367	3.30e-12	67.8
WP_082504885.1	iYS854.USA300HOU_RS05260	23.0	339	193	11	35	352	80	371	1.77e-10	62.4
WP_082504887.1	iCN900.CD630_10570	32.5	194	129	2	50	243	32	223	1.15e-19	86.3
WP_082504887.1	iAT_PLT_636.1892	31.0	200	134	3	50	249	59	254	5.98e-19	84.7
WP_082504887.1	iAF987.Gmet_1575	33.0	188	119	3	56	240	32	215	1.03e-18	83.6
WP_082504887.1	iMM1415.93747	31.0	200	134	3	50	249	59	254	2.91e-18	82.8
WP_082504887.1	iCHOv1.100754654	31.0	200	134	3	50	249	59	254	1.03e-17	81.3
WP_082504887.1	iAF987.Gmet_2212	35.1	191	113	5	46	233	26	208	6.98e-18	81.3
WP_082504887.1	iAF987.Gmet_2071	31.9	204	130	3	50	249	26	224	6.24e-17	78.6
WP_082504887.1	iEK1008.Rv1070c	29.5	193	128	4	50	240	26	212	5.97e-17	78.6
WP_082504887.1	iJN1463.PP_2217	30.9	204	129	4	50	249	26	221	8.20e-17	78.2
WP_082504903.1	iYO844.BSU26590	30.3	363	234	9	38	390	11	364	4.71e-37	139
WP_082504905.1	iAF692.Mbar_A2221	26.0	400	269	12	35	412	42	436	1.53e-24	105
WP_082504905.1	iEK1008.Rv0143c	21.9	433	292	8	28	415	43	474	3.29e-24	104
WP_082504909.1	iML1515.b3003	40.9	247	138	3	4	244	46	290	1.25e-55	179
WP_082504930.1	iAT_PLT_636.10935	32.7	159	92	5	42	189	63	217	1.04e-13	67.0
WP_082504930.1	iMM1415.11757	31.4	159	94	5	42	189	64	218	9.98e-13	64.3
WP_082504943.1	iAF987.Gmet_1832	34.0	103	64	2	24	122	413	515	1.29e-05	45.8
WP_082504948.1	iCHOv1.100774799	23.8	252	157	9	29	250	23	269	4.36e-14	70.1
WP_082504948.1	iMM1415.13885	23.0	252	159	9	29	250	36	282	5.01e-12	64.3
WP_082504948.1	iAT_PLT_636.2098	23.0	252	159	9	29	250	23	269	6.18e-12	63.9
WP_082504954.1	iMM1415.18477	32.9	155	91	4	6	149	9	161	6.97e-22	86.7
WP_082504954.1	iAT_PLT_636.5052	36.6	134	72	4	6	128	9	140	9.79e-22	86.3
WP_082504954.1	iMM1415.21672	35.3	133	74	4	6	128	9	139	9.59e-22	86.3
WP_082504954.1	iAT_PLT_636.7001	35.3	133	74	4	6	128	9	139	3.74e-21	84.7
WP_082504956.1	iSynCJ816.SGL_RS07245	32.1	156	93	3	1	156	85	227	1.00e-12	63.5
WP_082504956.1	STM_v1_0.STM1511	33.3	135	78	4	1	134	75	198	1.40e-12	63.2
WP_082504956.1	iYL1228.KPN_01590	34.1	126	71	4	1	125	75	189	9.75e-12	60.8
WP_082504956.1	iML1515.b1539	33.3	126	72	4	1	125	75	189	1.33e-11	60.5
WP_082504956.1	iSbBS512_1146.SbBS512_E1701	33.3	126	72	4	1	125	75	189	1.33e-11	60.5
WP_082504956.1	iSSON_1240.SSON_1589	33.3	126	72	4	1	125	75	189	1.33e-11	60.5
WP_082504956.1	iSDY_1059.SDY_1586	32.5	126	73	4	1	125	75	189	1.84e-11	60.1
WP_082504956.1	iSF_1195.SF1556	32.5	126	73	4	1	125	75	189	4.80e-11	58.9
WP_082504956.1	iCHOv1.100773401	36.3	124	65	3	1	123	85	195	9.42e-11	58.5
WP_082504956.1	iCHOv1.100751897	34.2	120	67	3	4	123	164	271	2.74e-10	57.4
WP_082504959.1	iNF517.LLMG_RS07160	34.5	365	234	3	3	367	9	368	4.61e-70	224
WP_082504959.1	iCN900.CD630_24640	34.9	367	213	4	2	347	4	365	1.20e-66	215
WP_082504959.1	iHN637.CLJU_RS03910	33.2	374	242	5	2	373	14	381	3.17e-64	209
WP_082504959.1	iAF987.Gmet_3535	37.4	337	205	5	2	332	7	343	2.53e-63	206
WP_082504959.1	iYO844.BSU25500	33.9	327	212	4	3	326	5	330	6.93e-62	202
WP_082504961.1	iEK1008.Rv0220	25.0	208	126	5	74	263	154	349	2.01e-07	51.6
WP_082504962.1	iEK1008.Rv0220	26.5	181	115	3	85	247	153	333	1.75e-15	75.9
WP_082504964.1	iML1515.b4031	53.3	475	202	5	17	471	4	478	3.11e-162	467
WP_082504964.1	iSSON_1240.SSON_4209	52.8	475	204	5	17	471	4	478	2.52e-161	465
WP_082504964.1	iSF_1195.SF4174	52.4	475	206	5	17	471	4	478	2.33e-159	460
WP_082504966.1	iAF987.Gmet_2161	42.0	150	80	3	1	144	443	591	1.50e-28	108
WP_082504968.1	iSbBS512_1146.SbBS512_E4050	31.1	196	127	4	1	192	7	198	2.36e-23	96.7
WP_082504968.1	iSSON_1240.SSON_3782	31.1	196	127	4	1	192	7	198	2.36e-23	96.7
WP_082504968.1	iYO844.BSU35680	33.5	203	111	5	3	192	11	202	2.19e-21	93.2
WP_082504968.1	iYS854.USA300HOU_RS01340	30.6	196	132	4	3	196	5	198	2.31e-19	87.0
WP_082504971.1	iCN900.CD630_32700	36.0	164	95	3	14	169	11	172	2.05e-27	103
WP_082504977.1	iCHOv1.100753937	26.4	280	189	7	66	332	79	354	1.90e-20	90.5
WP_082504977.1	iCHOv1.100761937	25.8	302	194	10	56	332	55	351	8.79e-20	88.6
WP_082504998.1	iJN1463.PP_2426	57.1	347	149	0	4	350	2	348	7.25e-149	423
WP_082505006.1	iAF987.Gmet_1282	55.7	237	105	0	1	237	8	244	3.04e-86	260
WP_082505006.1	iML1515.b3201	53.8	236	108	1	3	237	4	239	1.18e-84	256
WP_082505006.1	iSbBS512_1146.SbBS512_E3569	53.8	236	108	1	3	237	4	239	1.18e-84	256
WP_082505006.1	iSDY_1059.SDY_3382	53.8	236	108	1	3	237	4	239	1.18e-84	256
WP_082505006.1	iSF_1195.SF3241	53.8	236	108	1	3	237	4	239	1.18e-84	256
WP_082505006.1	iSSON_1240.SSON_3349	53.8	236	108	1	3	237	4	239	1.18e-84	256
WP_082505006.1	iJN1463.PP_0953	53.4	236	109	1	3	237	4	239	3.51e-81	247
WP_082505018.1	iHN637.CLJU_RS19845	27.8	126	77	2	66	191	40	151	1.19e-06	48.1
WP_082505019.1	iHN637.CLJU_RS16295	39.1	169	97	2	27	195	32	194	6.53e-29	106
WP_082505019.1	iAF692.Mbar_A3318	31.4	191	124	3	10	200	25	208	1.75e-25	98.2
WP_082505021.1	iNF517.LLMG_RS02815	29.3	75	44	2	25	92	41	113	2.80e-08	48.9
WP_082505021.1	iHN637.CLJU_RS20750	32.0	97	49	4	25	114	45	131	2.86e-07	46.2
WP_082505023.1	STM_v1_0.STM2232	34.8	158	74	8	1	142	13	157	3.21e-06	48.5
WP_082505028.1	iAF692.Mbar_A1452	34.1	690	402	15	5	675	4	659	2.58e-118	368
WP_082505028.1	iYS854.USA300HOU_RS13840	33.1	692	398	17	11	675	6	659	1.23e-110	348
WP_082505031.1	iLB1027_lipid.PHATRDRAFT_11099	38.3	60	33	2	7	62	15	74	1.34e-04	40.4
WP_082505033.1	iYO844.BSU28280	54.3	387	173	3	5	387	3	389	3.24e-132	388
WP_082505033.1	iPC815.YPO0533	52.5	377	178	1	3	378	2	378	7.85e-131	385
WP_082505033.1	iAF987.Gmet_1265	51.6	376	180	2	6	379	7	382	2.46e-130	383
WP_082505033.1	STM_v1_0.STM0113	52.5	377	178	1	3	378	2	378	6.93e-130	382
WP_082505033.1	iSSON_1240.SSON_0081	52.8	377	177	1	3	378	2	378	6.93e-130	382
WP_082505033.1	iML1515.b0074	52.8	377	177	1	3	378	2	378	9.81e-130	382
WP_082505033.1	iSbBS512_1146.SbBS512_E0068	52.8	377	177	1	3	378	2	378	9.81e-130	382
WP_082505033.1	iSDY_1059.SDY_0101	52.8	377	177	1	3	378	2	378	9.81e-130	382
WP_082505033.1	iSF_1195.SF0069	52.8	377	177	1	3	378	2	378	9.81e-130	382
WP_082505033.1	iYL1228.KPN_00080	52.0	377	180	1	3	378	2	378	1.39e-129	382
WP_082505033.1	iHN637.CLJU_RS04460	52.1	378	179	2	5	380	3	380	1.31e-129	381
WP_082505033.1	iSynCJ816.SGL_RS12850	51.8	396	174	4	1	379	1	396	3.78e-129	381
WP_082505033.1	iLB1027_lipid.PHATRDRAFT_44618	50.1	399	174	6	6	379	90	488	2.42e-124	373
WP_082505033.1	iLJ478.TM0553	48.6	383	194	2	5	384	3	385	5.12e-119	354
WP_082505038.1	iNF517.LLMG_RS06045	39.9	233	136	2	87	316	1	232	3.25e-52	171
WP_082505038.1	iYS854.USA300HOU_RS07985	38.1	239	144	3	84	319	3	240	8.17e-48	160
WP_082505038.1	iCN900.CD630_20500	36.1	238	146	5	87	319	1	237	8.11e-46	155
WP_082505048.1	iSDY_1059.SDY_0705	50.4	347	170	1	11	357	2	346	6.25e-130	375
WP_082505048.1	iSSON_1240.SSON_0710	50.7	347	169	1	11	357	2	346	8.86e-130	375
WP_082505048.1	iML1515.b0758	50.7	347	169	1	11	357	2	346	1.78e-129	374
WP_082505048.1	iSF_1195.SF0546	50.7	347	169	1	11	357	2	346	5.08e-129	373
WP_082505048.1	STM_v1_0.STM0775	50.7	345	168	1	13	357	4	346	1.45e-128	372
WP_082505048.1	iSbBS512_1146.SbBS512_E0679	50.4	347	170	1	11	357	2	346	2.05e-128	371
WP_082505048.1	iYL1228.KPN_00772	50.1	347	171	1	11	357	2	346	2.36e-127	369
WP_082505048.1	iPC815.YPO1138	50.0	344	170	1	13	356	4	345	2.36e-125	363
WP_082505048.1	iMM904.YBR018C	48.6	358	167	5	13	354	6	362	1.31e-118	347
WP_082505055.1	iYS854.USA300HOU_RS13605	20.7	401	285	11	16	389	30	424	1.31e-04	43.5
WP_082505064.1	iAF987.Gmet_1919	22.0	200	144	5	9	204	5	196	1.83e-05	44.3
WP_117590774.1	iAF987.Gmet_2161	32.8	119	75	2	240	354	474	591	1.60e-12	68.2
WP_117590781.1	iNF517.LLMG_RS08260	34.2	114	69	2	2	115	3	110	2.43e-12	60.8
WP_117590781.1	iMM1415.17252	34.8	89	57	1	2	89	39	127	6.52e-12	60.1
WP_117590781.1	iCN718.ABAYE_RS09790	35.1	114	71	2	2	115	8	118	6.82e-12	59.7
WP_117590781.1	iCHOv1.100689019	37.0	119	63	4	2	115	6	117	7.56e-12	59.7
WP_117590781.1	iCHOv1.100689020	37.0	119	63	4	2	115	6	117	1.44e-11	58.9
WP_117590781.1	iCHOv1.100759877	33.7	89	58	1	2	89	39	127	3.17e-11	58.2
WP_117590781.1	iYS854.USA300HOU_RS06185	32.5	117	71	4	2	115	3	114	2.20e-11	58.2
WP_117590781.1	iYL1228.KPN_01590	32.7	110	69	2	6	115	5	109	3.16e-11	57.8
WP_117590781.1	STM_v1_0.STM1511	34.5	110	67	2	6	115	5	109	4.33e-11	57.4
WP_117590781.1	iSDY_1059.SDY_2057	33.0	112	69	4	2	113	6	111	4.21e-11	57.4
WP_117590781.1	iML1515.b1093	33.0	112	69	4	2	113	6	111	2.12e-10	55.5
WP_117590781.1	iSbBS512_1146.SbBS512_E2231	33.0	112	69	4	2	113	6	111	2.12e-10	55.5
WP_117590781.1	iSF_1195.SF1097	33.0	112	69	4	2	113	6	111	2.12e-10	55.5
WP_117590781.1	iSSON_1240.SSON_1113	33.0	112	69	4	2	113	6	111	2.12e-10	55.5
WP_117590781.1	iCHOv1.100752270	35.3	119	65	4	2	115	6	117	3.50e-10	55.1
WP_117590782.1	iEK1008.Rv1399c	35.6	264	166	3	109	370	56	317	2.46e-46	160
WP_117590782.1	iEK1008.Rv1400c	35.7	241	152	2	130	370	81	318	6.15e-42	149
WP_117590784.1	iJN1463.PP_2486	54.1	37	17	0	1	37	1	37	4.62e-07	43.1
WP_117590784.1	iJN1463.PP_3173	57.6	33	14	0	6	38	3	35	8.66e-07	42.4
WP_117590801.1	iAF692.Mbar_A0211	29.8	419	277	6	2	409	8	420	1.41e-57	194
WP_117590804.1	iML1515.b2175	43.2	125	63	4	66	189	68	185	1.50e-25	97.1
WP_131726174.1	iML1515.b1022	29.1	275	191	4	65	337	71	343	2.71e-25	107
WP_131726174.1	iYS854.USA300HOU_RS14480	30.9	236	144	7	65	291	43	268	2.26e-22	98.2
WP_157844694.1	iML1515.b2430	22.2	406	245	15	14	363	4	394	6.78e-12	66.2
WP_157844694.1	iYS854.USA300HOU_RS05260	27.7	177	110	6	64	239	91	250	4.56e-11	63.5
WP_157844694.1	iML1515.b0376	22.7	291	205	8	47	327	35	315	5.84e-10	60.1
WP_157844695.1	iML1515.b0325	43.8	32	18	0	1	32	47	78	4.80e-07	42.7
WP_157844695.1	iJN1463.PP_2426	55.6	27	12	0	3	29	50	76	1.69e-06	41.2
WP_157844695.1	iCN718.ABAYE_RS00775	43.3	30	17	0	1	30	50	79	5.94e-06	39.7
WP_157844695.1	iML1515.b4269	45.2	31	17	0	1	31	48	78	1.11e-05	38.9
WP_157844698.1	iCHOv1.100772356	41.1	231	129	5	442	666	689	918	1.42e-41	162
WP_157844698.1	iAT_PLT_636.4882	41.1	231	129	5	442	666	815	1044	1.71e-41	162
WP_157844698.1	iMM1415.230103	41.1	231	129	5	442	666	812	1041	2.27e-41	161
WP_157844698.1	iEK1008.Rv1625c	37.9	214	132	1	453	665	212	425	6.03e-43	160
WP_157844698.1	iCHOv1.100752423	40.3	226	130	4	442	662	629	854	7.03e-41	159
WP_157844698.1	iMM1415.18160	39.8	226	131	4	442	662	823	1048	2.32e-40	158
WP_157844698.1	iAT_PLT_636.4881	39.8	226	131	4	442	662	827	1052	4.15e-40	157
WP_157844698.1	iCHOv1.100750501	38.6	233	137	4	434	660	833	1065	1.39e-38	153
WP_157844698.1	iMM1415.14919	39.1	235	137	4	434	662	826	1060	1.84e-38	152
WP_157844698.1	iAT_PLT_636.3000	37.9	235	140	4	434	662	823	1057	1.81e-36	146
WP_157844698.1	iCHOv1.100755503	38.7	238	140	4	434	665	837	1074	2.43e-36	146
WP_157844727.1	iCN900.CD630_16150	30.3	89	58	2	44	130	551	637	2.31e-04	39.7
WP_157844738.1	iML1515.b0463	27.5	334	239	3	15	346	52	384	4.35e-39	142
WP_157844738.1	iSSON_1240.SSON_0450	27.2	334	240	3	15	346	52	384	1.17e-38	141
WP_157844738.1	iSF_1195.SF0408	27.5	334	239	3	15	346	52	384	2.27e-38	140
WP_157844738.1	iSDY_1059.SDY_0456	27.2	334	240	3	15	346	52	384	1.64e-37	138
WP_157844738.1	iML1515.b3265	29.9	324	222	4	15	335	51	372	2.56e-36	135
WP_157844738.1	STM_v1_0.STM3390	29.1	323	226	3	15	335	51	372	2.56e-36	135
WP_157844738.1	iSbBS512_1146.SbBS512_E3648	29.9	324	222	4	15	335	51	372	2.56e-36	135
WP_157844738.1	iJN1463.PP_3425	28.9	336	223	8	18	347	53	378	1.11e-35	134
WP_157844738.1	iPC815.YPO3132	26.9	335	242	2	15	347	53	386	8.20e-36	134
WP_157844738.1	iYL1228.KPN_03672	27.6	323	227	3	15	335	50	367	2.30e-35	132
WP_185113778.1	iCHOv1.100752423	40.4	225	129	3	454	673	629	853	1.77e-42	164
WP_185113778.1	iMM1415.18160	40.0	225	130	3	454	673	823	1047	6.12e-42	163
WP_185113778.1	iCHOv1.100772356	40.9	225	128	3	454	673	689	913	1.20e-41	162
WP_185113778.1	iAT_PLT_636.4882	40.9	225	128	3	454	673	815	1039	1.45e-41	162
WP_185113778.1	iAT_PLT_636.4881	40.0	225	130	3	454	673	827	1051	1.46e-41	162
WP_185113778.1	iMM1415.230103	40.9	225	128	3	454	673	812	1036	1.44e-41	162
WP_185113778.1	iEK1008.Rv1625c	37.6	210	130	1	465	673	212	421	1.26e-42	159
WP_185113778.1	iCHOv1.100750501	39.6	235	136	4	446	674	833	1067	1.56e-40	159
WP_185113778.1	iMM1415.14919	40.2	234	134	4	446	673	826	1059	3.66e-40	158
WP_185113778.1	iMM1415.245650	40.6	234	133	4	446	673	827	1060	3.66e-39	155
WP_185113778.1	iCHOv1.100755503	40.6	234	133	4	446	673	837	1070	6.56e-39	154
WP_185113778.1	iAT_PLT_636.2986	40.2	234	134	4	446	673	827	1060	1.16e-38	153
WP_185113778.1	iAT_PLT_636.3000	38.9	234	137	4	446	673	823	1056	2.73e-38	152
WP_185113782.1	iAF987.Gmet_1717	56.6	281	121	1	1	281	2	281	1.69e-102	300
WP_185113782.1	iCN900.CD630_10580	54.3	280	127	1	4	283	3	281	2.58e-99	292
WP_185113782.1	iYO844.BSU24160	52.7	283	133	1	1	283	3	284	1.18e-96	286
WP_185113782.1	iAF987.Gmet_2072	53.4	281	130	1	1	281	2	281	1.82e-94	280
WP_185113784.1	iCHOv1.100754017	37.1	340	167	8	13	317	5	332	1.90e-60	196
WP_185113784.1	iMM1415.11593	39.3	298	141	6	41	306	28	317	1.28e-57	189
WP_185113795.1	iML1515.b1528	27.6	373	256	8	6	372	14	378	7.90e-29	115
WP_185113795.1	iSbBS512_1146.SbBS512_E1677	27.6	373	256	8	6	372	14	378	7.90e-29	115
WP_185113795.1	iSSON_1240.SSON_1600	27.6	373	256	8	6	372	14	378	7.90e-29	115
WP_185113795.1	iYL1228.KPN_01628	28.2	376	251	9	6	369	14	382	5.49e-28	113
WP_185113795.1	iSF_1195.SF1566	28.0	347	237	7	6	346	14	353	1.59e-27	111
WP_185113795.1	STM_v1_0.STM1522	26.4	375	269	7	6	376	14	385	8.98e-27	110
WP_185113798.1	iCN900.CD630_33080	42.8	187	101	5	6	186	252	438	1.14e-36	132
WP_185113798.1	iAF987.Gmet_1875	41.2	187	103	3	6	186	3	188	1.40e-36	125
WP_185113798.1	iJN1463.PP_5100	37.6	186	110	3	6	186	6	190	7.35e-34	119
WP_185113812.1	iSbBS512_1146.SbBS512_E3024	33.5	409	250	7	1	392	12	415	6.50e-64	210
WP_185113812.1	iSSON_1240.SSON_2998	33.7	409	249	7	1	392	12	415	6.50e-64	210
WP_185113812.1	iML1515.b2838	33.5	409	250	7	1	392	12	415	9.13e-64	209
WP_185113812.1	iSDY_1059.SDY_3055	33.7	409	249	7	1	392	12	415	9.13e-64	209
WP_185113812.1	iSF_1195.SF2848	33.7	409	249	7	1	392	12	415	1.28e-63	209
WP_185113812.1	iYO844.BSU23380	32.8	408	255	10	5	393	21	428	2.21e-62	206
WP_185113812.1	iYL1228.KPN_03252	33.0	409	252	7	1	392	12	415	1.49e-61	204
WP_185113812.1	STM_v1_0.STM3013	33.5	409	250	8	1	392	12	415	2.94e-61	203
WP_185113812.1	iJN1463.PP_5227	33.2	397	246	8	6	391	18	406	1.99e-60	201
WP_185113812.1	iHN637.CLJU_RS18870	34.6	416	247	12	1	396	19	429	3.14e-59	198
WP_185113812.1	iLJ478.TM1517	32.6	396	248	10	6	396	4	385	3.08e-58	194
WP_185113812.1	iYS854.USA300HOU_RS07130	32.4	407	261	9	1	394	13	418	2.13e-56	190
WP_185113812.1	iCN718.ABAYE_RS04825	32.2	398	250	9	6	391	17	406	5.22e-56	189
WP_185113814.1	iJN1463.PP_2408	21.7	405	289	11	3	400	14	397	4.87e-06	48.1
WP_185113816.1	iMM904.YBR244W	29.3	92	62	3	17	107	5	94	2.25e-04	39.7
WP_185113819.1	iCN900.CD630_21150	26.3	750	494	21	80	774	74	819	9.64e-56	205
WP_185113819.1	iLJ478.TM0317	24.9	734	467	21	87	772	20	717	6.42e-55	201
WP_185113819.1	iYO844.BSU33500	26.6	740	475	21	83	773	72	792	5.74e-53	197
WP_185113819.1	iYS854.USA300HOU_RS13880	25.5	713	488	13	95	774	83	785	1.30e-50	190
WP_185113819.1	iAF692.Mbar_A1889	25.4	763	473	23	86	774	204	944	2.50e-49	187
WP_185113825.1	iCN900.CD630_19470	45.7	219	117	2	2	219	10	227	1.59e-58	184
WP_185113825.1	iJN1463.PP_4210	48.3	205	105	1	18	222	23	226	2.49e-54	184
WP_185113825.1	iYO844.BSU30420	42.2	225	124	3	1	220	1	224	3.28e-53	171
WP_185113830.1	iAF987.Gmet_1991	28.3	145	91	5	347	483	196	335	2.69e-06	50.8
WP_202966688.1	iIT341.HP1174	37.3	456	214	6	10	454	2	396	1.57e-88	276
WP_202966695.1	iJN1463.PP_0072	30.1	349	195	9	13	340	3	323	8.19e-27	107
WP_202966695.1	iEK1008.Rv1912c	28.8	358	200	8	12	340	1	332	2.38e-25	103
WP_202966695.1	iEK1008.Rv3777	28.8	340	193	10	26	342	15	328	4.12e-25	103
WP_202966696.1	iYS854.USA300HOU_RS02895	23.5	226	139	8	47	250	74	287	4.69e-13	67.0
WP_202966697.1	iEK1008.Rv3777	33.2	259	167	3	1	254	69	326	6.23e-39	137
WP_202966697.1	iJN1463.PP_0072	36.7	259	153	5	4	256	72	325	8.74e-38	134
WP_202966699.1	iYL1228.KPN_00773	27.3	128	74	4	5	117	1	124	1.98e-04	42.4
WP_202966701.1	iHN637.CLJU_RS19845	31.3	144	77	7	10	136	12	150	5.39e-09	54.3
WP_202966702.1	iYL1228.KPN_00909	46.7	227	120	1	7	233	4	229	9.02e-63	195
WP_202966702.1	iSbBS512_1146.SbBS512_E2456	46.3	227	121	1	7	233	4	229	1.03e-61	192
WP_202966702.1	iML1515.b0875	46.3	227	121	1	7	233	4	229	1.46e-61	192
WP_202966702.1	iSF_1195.SF0832	46.3	227	121	1	7	233	4	229	1.46e-61	192
WP_202966702.1	iJN1463.PP_4282	45.8	225	119	3	10	234	9	230	1.04e-58	185
WP_202966702.1	iSynCJ816.SGL_RS08525	44.9	236	119	4	7	232	3	237	2.54e-55	177
WP_202966708.1	iJN1463.PP_3219	29.9	87	61	0	75	161	55	141	3.33e-06	45.4
