WP_008245462.1	iSynCJ816.SGL_RS06885	32.1	237	138	7	79	310	452	670	2.53e-28	115
WP_008245473.1	iHN637.CLJU_RS18765	25.8	229	153	8	26	246	40	259	3.78e-09	55.5
WP_008245473.1	iAF692.Mbar_A1307	23.2	228	167	5	27	249	44	268	1.78e-08	53.5
WP_008508386.1	iJN1463.PP_1915	60.8	74	29	0	1	74	1	74	1.74e-23	84.3
WP_008508386.1	iPC815.YPO1600	60.5	76	30	0	1	76	1	76	1.74e-23	84.3
WP_008508386.1	iML1515.b1094	61.6	73	28	0	1	73	1	73	1.01e-22	82.4
WP_008508386.1	iYL1228.KPN_01092	61.6	73	28	0	1	73	1	73	1.01e-22	82.4
WP_008508386.1	STM_v1_0.STM1196	61.6	73	28	0	1	73	1	73	1.01e-22	82.4
WP_008508386.1	iSbBS512_1146.SbBS512_E2230	61.6	73	28	0	1	73	1	73	1.01e-22	82.4
WP_008508386.1	iSDY_1059.SDY_2056	61.6	73	28	0	1	73	1	73	1.01e-22	82.4
WP_008508386.1	iSF_1195.SF1098	61.6	73	28	0	1	73	1	73	1.01e-22	82.4
WP_008508386.1	iSSON_1240.SSON_1114	61.6	73	28	0	1	73	1	73	1.01e-22	82.4
WP_008508386.1	iYS854.USA300HOU_RS06195	58.2	67	28	0	7	73	6	72	1.14e-21	79.7
WP_010600239.1	iCN900.CD630_32730	45.8	72	38	1	1	71	1	72	4.63e-16	65.1
WP_010601380.1	iYS854.USA300HOU_RS04660	37.1	105	64	2	12	115	4	107	2.13e-17	71.6
WP_010601380.1	iJN1463.PP_0844	39.6	106	59	4	12	115	3	105	1.26e-16	69.3
WP_010601380.1	iML1515.b2528	38.7	106	60	4	12	115	3	105	2.01e-15	66.2
WP_010601380.1	iSbBS512_1146.SbBS512_E2903	38.7	106	60	4	12	115	5	107	2.11e-15	66.2
WP_010601380.1	iSDY_1059.SDY_2724	38.7	106	60	4	12	115	3	105	2.01e-15	66.2
WP_010601380.1	iSF_1195.SF2575	38.7	106	60	4	12	115	3	105	2.01e-15	66.2
WP_010601380.1	iSSON_1240.SSON_2610	38.7	106	60	4	12	115	3	105	2.01e-15	66.2
WP_010601761.1	STM_v1_0.STM0659	27.9	201	120	6	8	188	5	200	2.42e-11	64.3
WP_010601761.1	iML1515.b0650	27.8	198	118	6	11	188	8	200	2.42e-10	61.2
WP_010601761.1	iSSON_1240.SSON_0604	27.8	198	118	6	11	188	8	200	2.42e-10	61.2
WP_010601761.1	iSbBS512_1146.SbBS512_E0599	27.3	198	119	6	11	188	8	200	1.01e-09	59.3
WP_010601897.1	iAF987.Gmet_3345	59.3	91	37	0	11	101	2	92	8.70e-29	99.8
WP_010601899.1	iEK1008.Rv3153	45.7	140	73	3	24	163	32	168	2.06e-19	80.9
WP_010601899.1	iCHOv1.100755890	47.7	65	34	0	27	91	64	128	1.19e-16	73.6
WP_010601899.1	iMM1415.225887	47.7	65	34	0	27	91	66	130	1.23e-16	73.6
WP_010601899.1	iAT_PLT_636.4728	49.2	63	32	0	29	91	66	128	1.67e-16	73.2
WP_010602775.1	iAF987.Gmet_1168	37.1	232	134	3	15	246	9	228	3.34e-36	133
WP_010602775.1	iAF987.Gmet_1888	33.2	247	153	3	15	261	12	246	2.51e-35	126
WP_010602884.1	iCN900.CD630_19470	47.0	219	115	1	2	219	10	228	3.06e-61	191
WP_010602884.1	iJN1463.PP_4210	44.6	224	119	2	1	221	5	226	9.13e-55	185
WP_010602884.1	iYO844.BSU30420	41.6	221	124	2	1	216	1	221	5.86e-54	172
WP_025141704.1	iIT341.HP1563	45.8	179	82	2	32	210	31	194	2.03e-54	172
WP_025141704.1	STM_v1_0.STM0402	43.8	210	104	3	1	210	1	196	2.16e-54	172
WP_025142622.1	iJN1463.PP_0843	75.6	127	31	0	1	127	1	127	8.06e-68	200
WP_025142622.1	iML1515.b2529	70.2	124	37	0	1	124	1	124	6.05e-63	188
WP_025142622.1	iSDY_1059.SDY_2725	70.2	124	37	0	1	124	1	124	6.05e-63	188
WP_025142622.1	iSF_1195.SF2576	70.2	124	37	0	1	124	1	124	6.05e-63	188
WP_025142622.1	iSSON_1240.SSON_2611	70.2	124	37	0	1	124	1	124	6.05e-63	188
WP_025142622.1	iSbBS512_1146.SbBS512_E2904	69.4	124	38	0	1	124	1	124	1.42e-61	184
WP_025142623.1	iML1515.b2528	44.4	108	56	3	2	108	3	107	7.82e-26	92.4
WP_025142623.1	iSbBS512_1146.SbBS512_E2903	44.4	108	56	3	2	108	5	109	8.26e-26	92.4
WP_025142623.1	iSDY_1059.SDY_2724	44.4	108	56	3	2	108	3	107	7.82e-26	92.4
WP_025142623.1	iSF_1195.SF2575	44.4	108	56	3	2	108	3	107	7.82e-26	92.4
WP_025142623.1	iSSON_1240.SSON_2610	44.4	108	56	3	2	108	3	107	7.82e-26	92.4
WP_025142623.1	iJN1463.PP_0844	46.3	108	54	3	2	108	3	107	6.35e-25	90.1
WP_025144153.1	iJN1463.PP_0849	55.5	137	61	0	1	137	1	137	3.56e-44	141
WP_025144153.1	iPC815.YPO2883	52.5	139	66	0	1	139	1	139	6.02e-43	138
WP_025144153.1	iCN718.ABAYE_RS16260	51.1	137	67	0	1	137	1	137	1.02e-41	135
WP_025144153.1	iAF987.Gmet_2686	50.4	129	64	0	5	133	3	131	6.90e-41	132
WP_025144153.1	iYL1228.KPN_02848	53.4	133	62	0	1	133	1	133	8.26e-41	132
WP_025144153.1	STM_v1_0.STM2526	52.6	133	63	0	1	133	1	133	1.17e-40	132
WP_025144153.1	iIT341.HP0198	51.1	131	64	0	5	135	4	134	3.96e-40	130
WP_025144153.1	iML1515.b2518	51.1	133	65	0	1	133	1	133	3.85e-39	128
WP_025144153.1	iSbBS512_1146.SbBS512_E2893	51.1	133	65	0	1	133	1	133	3.85e-39	128
WP_025144153.1	iSDY_1059.SDY_2714	51.1	133	65	0	1	133	1	133	3.85e-39	128
WP_025144153.1	iSF_1195.SF2564	51.1	133	65	0	1	133	1	133	3.85e-39	128
WP_025144153.1	iSSON_1240.SSON_2600	51.1	133	65	0	1	133	1	133	3.85e-39	128
WP_025146905.1	iAF987.Gmet_2999	33.1	118	77	1	1	116	4	121	2.07e-15	73.9
WP_025146905.1	iAF987.Gmet_1914	33.6	137	87	3	6	138	3	139	3.78e-15	73.6
WP_025146905.1	iAF987.Gmet_0069	30.1	136	87	3	4	133	2	135	2.85e-15	73.2
WP_029274294.1	iAF987.Gmet_2353	34.0	256	168	1	1	255	1	256	5.27e-28	107
WP_029274294.1	iYL1228.KPN_00194	39.9	263	149	4	1	255	1	262	4.73e-25	99.8
WP_029274338.1	iAF987.Gmet_2999	34.6	130	84	1	8	136	10	139	1.26e-17	80.1
WP_029274338.1	iAF987.Gmet_1706	35.3	133	80	3	7	137	2	130	6.32e-17	77.8
WP_029287406.1	iHN637.CLJU_RS01165	50.8	65	29	1	5	66	12	76	7.02e-12	54.7
WP_029289075.1	iAM_Pf480.PF3D7_0413700	47.3	150	75	2	80	228	180	326	4.12e-38	135
WP_029289075.1	iAM_Pv461.PVX_089645	46.5	144	73	2	80	222	214	354	8.24e-36	129
WP_029289075.1	iAM_Pc455.PCYB_052680	46.5	144	73	2	80	222	189	329	7.21e-36	129
WP_029289075.1	iAM_Pb448.PBANKA_071570	44.2	147	78	2	80	225	188	331	1.53e-35	128
WP_039472971.1	iEK1008.Rv3146	52.8	142	67	0	17	158	10	151	8.93e-60	184
WP_039472971.1	iAF987.Gmet_3354	56.2	146	63	1	15	160	8	152	1.63e-59	182
WP_039472971.1	iAF987.Gmet_0153	53.6	140	65	0	21	160	13	152	9.20e-52	176
WP_039472971.1	iCN718.ABAYE_RS15250	50.3	165	77	2	1	160	17	181	1.94e-55	174
WP_056848082.1	iEK1008.Rv3116	37.1	105	62	3	4	105	286	389	3.48e-11	57.8
WP_056848084.1	iEK1008.Rv0125	30.2	86	59	1	493	577	268	353	1.10e-07	53.9
WP_056848090.1	iSynCJ816.SGL_RS14530	52.1	935	425	9	1	921	1	926	0.0	926
WP_056848090.1	iCN718.ABAYE_RS04530	51.9	925	433	6	1	921	1	917	0.0	924
WP_056848090.1	iYL1228.KPN_00041	52.3	929	424	8	1	921	1	918	0.0	923
WP_056848090.1	iML1515.b0033	52.1	929	426	8	1	921	1	918	0.0	920
WP_056848090.1	iSbBS512_1146.SbBS512_E0037	52.0	930	425	9	1	921	1	918	0.0	918
WP_056848090.1	iSSON_1240.SSON_0038	52.0	929	427	8	1	921	1	918	0.0	918
WP_056848090.1	STM_v1_0.STM0067	51.9	929	428	8	1	921	1	918	0.0	917
WP_056848090.1	iSF_1195.SF0030	52.0	929	427	8	1	921	1	918	0.0	917
WP_056848090.1	iSDY_1059.SDY_0055	52.0	929	427	8	1	921	1	918	0.0	915
WP_056848090.1	iPC815.YPO0482	52.1	929	426	8	1	921	1	918	0.0	912
WP_056848090.1	iAF987.Gmet_1774	51.0	936	435	7	1	921	1	927	5.11e-320	910
WP_056848090.1	iYS854.USA300HOU_RS06045	50.6	939	446	7	1	935	1	925	5.22e-320	909
WP_056848090.1	iLJ478.TM0557	51.2	957	420	8	1	931	1	936	2.53e-317	904
WP_056848090.1	iHN637.CLJU_RS12420	50.4	926	439	8	1	921	1	911	2.57e-317	902
WP_056848090.1	iJN1463.PP_4723	51.3	928	434	7	1	921	4	920	1.90e-316	900
WP_056848090.1	iYO844.BSU15520	50.2	941	447	8	1	935	1	925	4.78e-313	892
WP_056848090.1	iCN900.CD630_35900	49.8	937	455	6	1	933	1	926	6.98e-312	889
WP_056848090.1	iCN900.CD630_35880	49.9	937	454	6	1	933	1	926	2.80e-311	887
WP_056848090.1	iEK1008.Rv1384	49.7	956	447	8	1	926	1	952	3.39e-308	881
WP_056848090.1	iNF517.LLMG_RS05530	49.1	925	453	7	1	921	1	911	6.90e-303	865
WP_056848090.1	iAF987.Gmet_0661	48.6	923	458	8	1	921	1	909	3.96e-297	851
WP_056848090.1	iHN637.CLJU_RS02155	48.8	925	459	6	1	921	1	914	5.98e-297	850
WP_056848090.1	iAF692.Mbar_A2374	48.5	942	458	9	1	933	1	924	7.49e-296	848
WP_056848090.1	iYO844.BSU11240	48.9	926	452	11	1	921	1	910	5.06e-294	842
WP_056848090.1	iIT341.HP0919	47.7	963	456	13	1	933	1	945	1.22e-292	840
WP_056848096.1	iSSON_1240.SSON_4052	32.9	517	249	16	1	503	1	433	5.19e-65	217
WP_056848096.1	iJN1463.PP_1400	36.4	316	192	2	12	326	26	333	1.11e-64	216
WP_056848096.1	iCN718.ABAYE_RS07070	30.0	463	236	9	12	467	26	407	2.36e-62	211
WP_056848096.1	iJN1463.PP_1378	36.3	314	193	3	10	323	15	321	5.16e-62	208
WP_056848096.1	iCN718.ABAYE_RS04615	30.0	504	266	7	2	500	7	428	1.81e-61	207
WP_056848096.1	STM_v1_0.STM2654	30.0	487	255	7	7	492	19	420	3.05e-61	206
WP_056848096.1	iJN1463.PP_3666	27.9	484	266	6	12	491	25	429	5.57e-61	206
WP_056848096.1	iJN1463.PP_2914	38.9	314	172	8	12	312	26	332	2.01e-60	206
WP_056848096.1	iML1515.b4111	37.4	326	184	8	12	324	25	343	1.06e-59	204
WP_056848096.1	iSDY_1059.SDY_4102	37.4	326	184	8	12	324	25	343	1.06e-59	204
WP_056848096.1	iSF_1195.SF4112	37.4	326	184	8	12	324	25	343	1.06e-59	204
WP_056848096.1	iSSON_1240.SSON_4286	37.4	326	184	8	12	324	25	343	1.06e-59	204
WP_056848096.1	iYL1228.KPN_04503	35.9	315	180	6	12	312	11	317	1.09e-59	204
WP_056848096.1	STM_v1_0.STM4290	36.6	317	179	7	12	314	25	333	2.89e-59	203
WP_056848096.1	iYL1228.KPN_02910	36.0	317	195	3	7	323	18	326	1.19e-59	202
WP_056848096.1	iSSON_1240.SSON_2713	28.7	487	261	7	7	492	18	419	1.66e-59	202
WP_056848096.1	iML1515.b2587	28.7	487	261	7	7	492	18	419	2.33e-59	201
WP_056848096.1	iSDY_1059.SDY_2830	28.7	487	261	7	7	492	18	419	2.33e-59	201
WP_056848096.1	iSF_1195.SF2649	28.7	487	261	7	7	492	18	419	2.33e-59	201
WP_056848096.1	iJN1463.PP_2553	35.7	308	188	5	12	314	10	312	6.23e-57	196
WP_056848099.1	iYO844.BSU35960	24.9	269	178	7	61	318	35	290	2.53e-13	69.3
WP_056848105.1	iAF987.Gmet_0789	59.6	540	218	0	1	540	1	540	1.46e-232	650
WP_056848105.1	iJN1463.PP_3443	57.4	535	228	0	7	541	5	539	7.07e-223	626
WP_056848106.1	iML1515.b3093	27.9	477	284	11	5	479	3	421	6.22e-48	170
WP_056848106.1	iSF_1195.SF3133	27.9	477	284	11	5	479	3	421	6.22e-48	170
WP_056848106.1	STM_v1_0.STM3134	27.4	438	261	9	5	432	2	392	1.74e-47	169
WP_056848106.1	iSbBS512_1146.SbBS512_E3529	27.7	477	285	10	5	479	3	421	6.24e-47	167
WP_056848106.1	iSDY_1059.SDY_3278	27.5	477	286	11	5	479	43	461	1.86e-45	164
WP_056848106.1	iYL1228.KPN_03521	27.5	469	276	12	5	467	3	413	4.55e-45	162
WP_056848107.1	iLJ478.TM0067	30.0	333	225	4	14	345	2	327	7.76e-48	164
WP_056848108.1	iML1515.b3092	52.4	466	219	3	1	464	1	465	1.57e-175	500
WP_056848108.1	iSF_1195.SF3132	52.4	466	219	3	1	464	1	465	1.57e-175	500
WP_056848108.1	iSSON_1240.SSON_3245	52.4	466	219	3	1	464	1	465	1.57e-175	500
WP_056848108.1	iSbBS512_1146.SbBS512_E3528	52.1	466	220	3	1	464	1	465	6.35e-175	498
WP_056848108.1	STM_v1_0.STM3137	51.8	469	221	5	1	465	1	468	1.81e-174	497
WP_056848108.1	iYO844.BSU12300	51.4	467	225	2	1	466	1	466	8.11e-174	496
WP_056848108.1	iPC815.YPO0579	51.7	466	222	3	1	464	1	465	7.59e-171	488
WP_056848108.1	iYL1228.KPN_03520	51.5	462	221	3	5	464	1	461	1.95e-170	487
WP_056848109.1	iYO844.BSU12390	33.3	553	299	8	6	548	5	497	1.85e-80	260
WP_056848109.1	iSSON_1240.SSON_3244	32.7	547	309	11	6	548	4	495	2.30e-76	249
WP_056848109.1	iJN1463.PP_2834	31.1	546	324	8	5	545	12	510	9.96e-76	248
WP_056848109.1	iML1515.b3091	32.7	547	309	11	6	548	4	495	8.87e-76	248
WP_056848109.1	iSbBS512_1146.SbBS512_E3527	32.5	547	310	11	6	548	4	495	1.24e-75	247
WP_056848109.1	iSF_1195.SF3131	32.5	547	310	11	6	548	4	495	3.42e-75	246
WP_056848109.1	iSDY_1059.SDY_3276	32.4	547	311	11	6	548	4	495	1.32e-74	244
WP_056848109.1	iYL1228.KPN_03519	32.7	550	305	12	6	548	4	495	7.13e-74	243
WP_056848110.1	iYO844.BSU12380	35.9	471	286	6	25	494	14	469	1.35e-90	284
WP_056848110.1	iML1515.b1521	36.0	484	285	8	25	497	13	482	1.96e-83	266
WP_056848110.1	iSF_1195.SF1572	35.7	484	286	8	25	497	13	482	2.13e-82	263
WP_056848110.1	iSSON_1240.SSON_1607	36.0	484	284	9	25	497	13	481	2.26e-81	260
WP_056848112.1	iMM904.YJR153W	28.5	228	123	9	177	381	64	274	1.42e-11	65.9
WP_056848120.1	iJN1463.PP_5258	61.7	473	178	3	41	512	26	496	1.18e-203	574
WP_056848121.1	iSynCJ816.SGL_RS17040	30.8	559	354	11	13	559	1	538	1.02e-75	263
WP_056848125.1	iHN637.CLJU_RS14365	38.2	254	136	9	5	247	6	249	1.67e-35	127
WP_056848125.1	iYO844.BSU25660	31.3	262	155	8	2	245	3	257	1.36e-31	117
WP_056848128.1	iCN900.CD630_27420	32.5	212	128	6	4	211	3	203	7.72e-30	109
WP_056848129.1	iYO844.BSU30410	35.9	64	41	0	285	348	306	369	1.98e-05	46.2
WP_056848132.1	iAT_PLT_636.115584	31.7	480	290	13	5	460	28	493	4.59e-64	221
WP_056848132.1	iCHOv1.100758893	31.1	488	304	15	5	473	28	502	1.46e-62	217
WP_056848132.1	iMM1415.233836	31.1	486	293	15	1	460	24	493	1.14e-61	214
WP_056848132.1	iMM1415.20537	31.0	478	301	12	4	459	27	497	2.60e-60	211
WP_056848132.1	iCHOv1.100767281	29.9	482	301	13	4	459	27	497	3.43e-60	210
WP_056848132.1	iAT_PLT_636.6523	31.3	476	292	14	4	454	27	492	1.30e-59	209
WP_056848132.1	iMM1415.246787	30.4	487	306	15	4	465	22	500	6.95e-58	204
WP_056848132.1	iCHOv1.100770888	29.8	487	309	15	4	465	26	504	3.53e-56	199
WP_056848133.1	iCN900.CD630_30640	52.1	434	208	0	10	443	3	436	1.66e-165	473
WP_056848133.1	iYL1228.KPN_03929	51.6	434	209	1	11	443	8	441	3.01e-163	467
WP_056848133.1	iSbBS512_1146.SbBS512_E3959	52.3	434	206	1	11	443	4	437	7.46e-163	466
WP_056848133.1	iSSON_1240.SSON_3820	52.3	434	206	1	11	443	4	437	7.46e-163	466
WP_056848133.1	iPC815.YPO4038	51.1	436	212	1	9	443	2	437	1.02e-162	465
WP_056848133.1	iML1515.b3565	52.1	434	207	1	11	443	4	437	3.01e-162	464
WP_056848133.1	iHN637.CLJU_RS08960	49.7	435	219	0	9	443	2	436	6.06e-162	463
WP_056848133.1	iLJ478.TM1667	52.3	434	207	0	10	443	3	436	3.98e-161	461
WP_056848133.1	STM_v1_0.STM3661	50.9	434	212	1	11	443	4	437	4.59e-159	456
WP_056848133.1	iYO844.BSU17600	46.7	443	235	1	1	443	1	442	1.08e-148	430
WP_056848134.1	iCN900.CD630_30650	31.8	484	299	10	2	469	3	471	1.81e-69	230
WP_056848134.1	iHN637.CLJU_RS08965	30.0	494	316	13	1	480	1	478	3.14e-65	218
WP_056848135.1	iYO844.BSU00380	37.6	109	63	4	3	110	559	663	1.80e-11	58.9
WP_056848135.1	iLJ478.TM1085	39.4	109	59	5	4	110	525	628	4.01e-10	55.1
WP_056848135.1	iHN637.CLJU_RS00840	30.3	109	73	3	3	110	537	643	1.90e-09	53.1
WP_056848135.1	iAF692.Mbar_A0543	31.2	109	70	4	4	110	604	709	1.92e-09	53.1
WP_056848136.1	iCN900.CD630_00150	43.0	149	78	2	14	155	2	150	1.49e-34	117
WP_056848136.1	iAF987.Gmet_3524	42.2	147	80	1	14	155	11	157	1.69e-32	113
WP_056848137.1	iYO844.BSU25020	63.1	206	66	5	1	201	1	201	4.34e-89	259
WP_056848137.1	iYS854.USA300HOU_RS08290	60.9	202	68	4	1	198	1	195	2.88e-84	247
WP_056848137.1	iPC815.YPO4061	58.2	208	78	4	1	201	1	206	1.37e-79	236
WP_056848143.1	iYL1228.KPN_00698	37.6	380	218	5	1	362	1	379	4.93e-77	241
WP_056848143.1	STM_v1_0.STM0683	37.6	380	218	6	1	362	1	379	1.13e-72	230
WP_056848143.1	iPC815.YPO2626	37.4	380	219	6	1	362	1	379	1.47e-72	230
WP_056848143.1	iML1515.b0677	37.1	380	220	6	1	362	1	379	2.13e-72	229
WP_056848143.1	iSbBS512_1146.SbBS512_E0574	37.1	380	220	6	1	362	1	379	3.00e-72	229
WP_056848143.1	iSSON_1240.SSON_0631	37.1	380	220	6	1	362	1	379	4.23e-72	229
WP_056848143.1	iSDY_1059.SDY_0611	36.8	380	221	6	1	362	1	379	5.96e-72	228
WP_056848143.1	iSF_1195.SF0616	36.8	380	221	6	1	362	1	379	2.36e-71	227
WP_056848144.1	iAF987.Gmet_1252	64.2	232	83	0	3	234	6	237	1.03e-106	307
WP_056848144.1	iSynCJ816.SGL_RS12175	57.5	233	99	0	1	233	1	233	4.67e-96	280
WP_056848152.1	iYS854.USA300HOU_RS04375	57.6	125	53	0	1	125	1	125	4.81e-52	160
WP_056848157.1	iAF987.Gmet_1637	57.1	751	316	5	5	751	2	750	1.82e-289	813
WP_056848158.1	iCN718.ABAYE_RS18975	32.3	854	423	24	4	840	3	718	4.52e-111	355
WP_056848158.1	iCN718.ABAYE_RS07965	31.5	869	437	30	1	839	1	741	7.34e-103	334
WP_056848159.1	iAF987.Gmet_2556	30.6	382	224	10	74	438	96	453	8.30e-44	160
WP_056848159.1	iML1515.b0211	29.2	391	246	12	76	459	71	437	6.25e-40	149
WP_056848160.1	iYS854.USA300HOU_RS10320	46.8	464	242	5	3	463	4	465	5.25e-141	413
WP_056848160.1	iAF987.Gmet_0075	48.8	434	220	2	38	470	40	472	4.58e-134	395
WP_056848160.1	iCN718.ABAYE_RS04050	45.0	471	255	3	6	473	8	477	1.34e-129	384
WP_056848162.1	iAF987.Gmet_1854	33.6	134	78	7	306	431	262	392	3.30e-11	64.3
WP_056848165.1	iAF987.Gmet_1593	56.6	143	62	0	1	143	6	148	2.89e-53	164
WP_056848167.1	iLJ478.TM1564	40.2	87	52	0	1	87	1	87	2.12e-16	67.4
WP_056848168.1	iCN900.CD630_11800	45.5	297	158	3	1	296	1	294	1.09e-79	244
WP_056848168.1	iLJ478.TM0800	43.7	309	164	4	4	309	7	308	2.61e-76	236
WP_056848169.1	iAF692.Mbar_A3252	23.0	379	237	13	18	373	21	367	2.84e-10	61.2
WP_056848171.1	iAF987.Gmet_1919	26.9	119	87	0	4	122	5	123	1.19e-11	65.5
WP_056848171.1	iAF987.Gmet_1914	29.6	108	76	0	1	108	1	108	4.17e-11	64.3
WP_056848172.1	iAF987.Gmet_0043	24.7	405	258	14	329	714	27	403	5.09e-18	88.2
WP_056848173.1	iHN637.CLJU_RS13140	32.1	56	36	1	8	61	4	59	7.12e-04	39.7
WP_056848178.1	iEK1008.Rv0958	28.9	90	63	1	113	201	180	269	2.28e-04	42.4
WP_056848182.1	iJN1463.PP_0510	27.7	83	56	1	75	157	27	105	3.90e-05	42.7
WP_056848182.1	iMM904.YCR083W	31.6	76	41	2	50	117	11	83	1.23e-05	42.7
WP_056848182.1	iAF692.Mbar_A2310	38.5	52	30	1	75	126	2	51	8.25e-06	42.4
WP_056848182.1	iAM_Pc455.PCYB_051340	28.8	156	79	7	32	185	276	401	6.66e-04	39.3
WP_056848183.1	STM_v1_0.STM2199	22.9	715	392	29	94	732	15	646	3.86e-14	75.9
WP_056848183.1	iJN1463.PP_1006	23.4	611	351	26	131	650	154	738	1.39e-13	74.3
WP_056848183.1	iML1515.b2155	23.3	709	378	30	112	736	33	659	3.51e-13	72.8
WP_056848183.1	iSSON_1240.SSON_2211	23.3	709	378	30	112	736	33	659	3.51e-13	72.8
WP_056848183.1	iML1515.b3966	23.7	531	309	21	142	650	59	515	4.34e-13	72.4
WP_056848183.1	iSSON_1240.SSON_4139	23.7	531	309	21	142	650	59	515	4.34e-13	72.4
WP_056848183.1	iSDY_1059.SDY_3762	23.1	528	316	21	142	650	59	515	3.96e-12	69.3
WP_056848183.1	iSF_1195.SF4048	23.7	531	309	21	142	650	59	515	5.22e-12	68.9
WP_056848184.1	iJN1463.PP_1478	59.0	356	140	3	1	352	1	354	1.03e-145	416
WP_056848185.1	iYO844.BSU09530	38.1	328	185	3	1	326	1	312	4.01e-71	223
WP_056848187.1	iYO844.BSU30450	25.7	241	172	6	1	237	1	238	1.56e-25	102
WP_056848192.1	iHN637.CLJU_RS16185	49.2	59	30	0	28	86	427	485	6.31e-09	50.8
WP_056848196.1	STM_v1_0.STM4425	27.5	153	106	3	9	156	3	155	3.32e-12	66.2
WP_056848199.1	iCN900.CD630_32150	27.1	225	158	4	2	221	4	227	3.75e-24	96.3
WP_056848199.1	iYS854.USA300HOU_RS13270	28.3	226	156	5	2	222	1	225	2.82e-22	93.6
WP_056848199.1	iYO844.BSU02750	31.1	196	119	4	25	211	28	216	1.29e-22	92.0
WP_056848199.1	iCN900.CD630_09000	25.8	229	159	6	2	222	1	226	1.50e-21	91.3
WP_056848199.1	iSynCJ816.SGL_RS14425	31.1	225	135	7	3	218	51	264	6.69e-22	90.9
WP_056848199.1	iYO844.BSU33830	26.4	235	142	6	2	218	1	222	1.94e-20	88.2
WP_056848199.1	iAF987.Gmet_1282	31.5	219	139	6	1	212	8	222	3.57e-21	88.2
WP_056848202.1	iMM904.YER175C	22.1	244	145	9	9	207	11	254	5.66e-09	55.1
WP_056848203.1	iMM904.YBR221C	52.5	322	149	2	7	324	42	363	2.94e-109	322
WP_056848203.1	iCN900.CD630_00370	50.3	324	159	2	2	324	4	326	1.81e-106	313
WP_056848203.1	iAT_PLT_636.5162	50.5	329	157	3	1	324	12	339	4.51e-105	310
WP_056848203.1	iLB1027_lipid.PHATRDRAFT_20183	47.9	328	165	3	3	325	29	355	6.74e-104	308
WP_056848203.1	iMM1415.68263	51.1	327	154	3	3	324	32	357	9.24e-104	308
WP_056848203.1	iCHOv1.100774878	50.8	327	155	3	3	324	35	360	2.89e-103	306
WP_056848203.1	iAF987.Gmet_2753	48.9	325	164	2	1	324	1	324	1.26e-101	301
WP_056848203.1	iIS312.TCDM_03948	48.0	323	162	3	7	324	25	346	9.39e-101	300
WP_056848209.1	iAF692.Mbar_A1238	30.9	178	121	2	8	185	10	185	5.53e-21	88.6
WP_056848209.1	iYL1228.KPN_04374	33.3	159	99	3	1	153	1	158	2.11e-18	81.6
WP_056848216.1	iCHOv1.100773218	65.2	462	158	3	2	462	46	505	7.13e-205	576
WP_056848216.1	iMM1415.14194	64.5	462	161	3	2	462	46	505	7.75e-202	568
WP_056848216.1	iAT_PLT_636.2271	64.9	462	159	3	2	462	49	508	1.22e-201	568
WP_056848216.1	iYO844.BSU33040	60.7	461	178	2	1	461	1	458	1.17e-192	543
WP_056848216.1	iSDY_1059.SDY_1827	61.7	462	175	2	4	465	5	464	1.40e-192	543
WP_056848216.1	iCN718.ABAYE_RS08160	62.5	461	171	2	1	461	1	459	1.78e-192	543
WP_056848216.1	iMM904.YPL262W	61.3	463	174	4	2	462	27	486	4.14e-192	543
WP_056848216.1	STM_v1_0.STM1469	61.2	464	178	2	1	464	2	463	1.98e-192	543
WP_056848216.1	iSbBS512_1146.SbBS512_E1796	61.7	462	175	2	4	465	5	464	3.99e-192	542
WP_056848216.1	iML1515.b1611	61.7	462	175	2	4	465	5	464	1.14e-191	541
WP_056848216.1	iSSON_1240.SSON_1549	61.5	462	176	2	4	465	5	464	1.14e-191	541
WP_056848216.1	iYL1228.KPN_01517	62.3	461	172	2	4	464	5	463	1.56e-191	540
WP_056848216.1	iSF_1195.SF1634	61.5	462	176	2	4	465	5	464	4.60e-191	539
WP_056848216.1	iIT341.HP1325	59.1	462	187	2	1	462	1	460	1.65e-185	525
WP_056848216.1	iLB1027_lipid.PHATRDRAFT_36139	59.5	454	182	2	10	462	1	453	3.20e-185	524
WP_056848220.1	iAF987.Gmet_1357	52.7	583	266	5	3	578	10	589	1.22e-215	611
WP_056848220.1	iCN900.CD630_27390	52.7	586	267	6	3	581	9	591	3.13e-211	600
WP_056848220.1	iYS854.USA300HOU_RS08675	50.3	585	279	7	3	578	4	585	1.60e-204	583
WP_056848220.1	iNF517.LLMG_RS11115	51.4	588	272	7	1	578	1	584	4.46e-197	564
WP_056848225.1	iML1515.b0867	34.3	213	97	10	81	257	47	252	6.22e-21	89.4
WP_056848226.1	iAF987.Gmet_0058	59.2	547	214	7	8	549	10	552	1.05e-235	659
WP_056848226.1	iYL1228.KPN_00701	57.9	551	227	5	2	549	4	552	4.05e-231	648
WP_056848226.1	STM_v1_0.STM0686	57.2	551	231	5	2	549	4	552	4.39e-228	640
WP_056848226.1	iSDY_1059.SDY_0614	57.4	551	229	6	2	549	4	551	2.43e-227	638
WP_056848226.1	iSbBS512_1146.SbBS512_E0570	57.4	551	229	6	2	549	4	551	3.45e-227	638
WP_056848226.1	iSSON_1240.SSON_0634	57.4	551	229	6	2	549	4	551	3.45e-227	638
WP_056848226.1	iSF_1195.SF0613	57.4	551	229	6	2	549	4	551	4.89e-227	637
WP_056848226.1	iJN1463.PP_2904	55.5	546	234	7	8	547	23	565	7.26e-225	632
WP_056848226.1	iPC815.YPO2630	56.6	549	232	6	2	547	4	549	3.15e-223	628
WP_056848226.1	iCN900.CD630_20590	54.6	551	244	5	2	548	3	551	2.01e-221	623
WP_056848228.1	iAF987.Gmet_1574	45.4	130	67	1	7	136	4	129	2.96e-34	115
WP_056848229.1	iCN900.CD630_10570	49.0	257	127	3	3	257	9	263	7.53e-70	215
WP_056848229.1	iCN900.CD630_08000	46.7	257	133	3	5	259	6	260	3.36e-67	208
WP_056848229.1	iAF987.Gmet_2071	43.8	260	143	2	1	258	1	259	4.76e-67	208
WP_056848229.1	iAF987.Gmet_1716	46.4	261	137	2	1	259	1	260	1.91e-66	206
WP_056848237.1	iSynCJ816.SGL_RS08660	50.6	867	421	4	1	861	1	866	2.00e-312	880
WP_056848238.1	iSynCJ816.SGL_RS08655	36.9	222	134	4	55	273	41	259	2.64e-36	130
WP_056848239.1	iSynCJ816.SGL_RS11775	42.9	275	137	3	2	258	4	276	2.94e-59	191
WP_056848244.1	iMM1415.18670	37.4	182	103	3	3	178	1072	1248	2.05e-27	107
WP_056848244.1	STM_v1_0.STM0984	37.4	174	107	2	3	175	382	554	7.59e-27	105
WP_056848244.1	iCHOv1.100682535	35.4	178	112	2	3	178	1077	1253	1.77e-26	105
WP_056848244.1	iML1515.b0914	37.4	174	107	2	3	175	382	554	2.64e-26	104
WP_056848244.1	iYL1228.KPN_00941	36.8	174	108	2	3	175	382	554	2.64e-26	104
WP_056848244.1	iSbBS512_1146.SbBS512_E2410	37.4	174	107	2	3	175	382	554	2.64e-26	104
WP_056848244.1	iSDY_1059.SDY_2344	37.4	174	107	2	3	175	382	554	2.64e-26	104
WP_056848244.1	iSF_1195.SF0910	37.4	174	107	2	3	175	382	554	2.64e-26	104
WP_056848244.1	iSSON_1240.SSON_0916	37.4	174	107	2	3	175	382	554	2.64e-26	104
WP_056848244.1	iPC815.YPO1395	37.9	174	106	2	3	175	382	554	3.61e-26	103
WP_056848244.1	iCHOv1.100762480	37.0	173	108	1	3	175	461	632	2.10e-25	102
WP_056848244.1	STM_v1_0.STM2774	35.6	177	110	2	3	175	380	556	8.39e-24	97.4
WP_056848253.1	iML1515.b2175	40.5	111	65	1	65	175	76	185	6.74e-26	97.8
WP_056848254.1	iMM1415.235339	36.0	573	321	8	5	555	93	641	1.03e-85	278
WP_056848254.1	iAT_PLT_636.1737	36.7	570	325	11	5	555	94	646	1.70e-84	275
WP_056848254.1	iCHOv1.100773493	36.1	571	327	10	5	555	93	645	6.71e-83	271
WP_056848254.1	iAF987.Gmet_2752	36.6	456	228	7	132	555	3	429	1.13e-79	256
WP_056848258.1	iYS854.USA300HOU_RS05260	27.2	243	159	6	72	312	88	314	4.57e-17	82.0
WP_056848260.1	iCN900.CD630_27420	22.8	127	83	3	4	116	9	134	1.69e-05	43.9
WP_056848265.1	iCN900.CD630_19930	38.3	107	65	1	7	113	5	110	5.78e-21	80.5
WP_056848270.1	iLJ478.TM0809	29.1	306	205	7	53	353	16	314	1.16e-31	127
WP_056848272.1	iAM_Pc455.PCYB_113330	36.7	158	91	3	814	962	1215	1372	4.64e-21	99.8
WP_056848281.1	iSynCJ816.SGL_RS16525	30.1	256	153	7	46	282	178	426	1.36e-20	90.5
WP_056848281.1	iYS854.USA300HOU_RS10305	27.6	239	126	5	57	268	60	278	1.45e-18	83.6
WP_056848287.1	iML1515.b4173	44.2	362	183	6	14	366	9	360	2.57e-85	265
WP_056848287.1	iJN1463.PP_4893	41.9	344	186	6	14	352	10	344	3.97e-76	242
WP_056848288.1	STM_v1_0.STM0757	29.7	232	135	4	1	210	1	226	1.14e-29	110
WP_056848288.1	iPC815.YPO1128	31.3	230	136	4	1	211	1	227	1.28e-28	107
WP_056848288.1	iYL1228.KPN_00755	30.2	232	134	4	1	210	1	226	3.39e-28	106
WP_056848288.1	iML1515.b0751	30.6	229	137	4	1	210	1	226	1.84e-27	104
WP_056848288.1	iSF_1195.SF0553	30.6	229	137	4	1	210	1	226	1.84e-27	104
WP_056848288.1	iSSON_1240.SSON_0703	30.6	229	137	4	1	210	1	226	1.84e-27	104
WP_056848288.1	iSDY_1059.SDY_0695	30.6	229	137	4	1	210	1	226	7.12e-27	102
WP_056848288.1	iSbBS512_1146.SbBS512_E0673	30.5	210	128	3	16	210	15	221	8.96e-27	102
WP_056848289.1	iML1515.b4390	33.2	322	183	8	4	298	67	383	1.49e-42	151
WP_056848289.1	iSDY_1059.SDY_4651	33.2	322	183	8	4	298	74	390	1.70e-42	151
WP_056848289.1	iSF_1195.SF4422	33.2	322	183	8	4	298	74	390	1.70e-42	151
WP_056848289.1	iSbBS512_1146.SbBS512_E4937	33.2	322	183	8	4	298	67	383	2.07e-42	150
WP_056848289.1	iSSON_1240.SSON_4540	33.2	322	183	8	4	298	74	390	2.37e-42	150
WP_056848289.1	iPC815.YPO0444	32.0	344	199	10	4	318	67	404	2.78e-40	145
WP_056848289.1	iYL1228.KPN_04845	31.1	344	202	9	4	318	67	404	3.14e-39	142
WP_056848294.1	iAF987.Gmet_0122	46.1	466	247	3	7	472	7	468	3.59e-130	385
WP_056848294.1	iSynCJ816.SGL_RS15640	44.5	481	246	7	1	472	11	479	3.26e-126	375
WP_056848294.1	iCN900.CD630_33940	40.0	472	276	4	7	475	7	474	6.00e-124	373
WP_056848294.1	iHN637.CLJU_RS01595	40.1	474	275	5	7	475	3	472	9.06e-117	354
WP_056848294.1	iYO844.BSU29180	40.9	472	274	5	7	475	3	472	3.59e-116	353
WP_056848294.1	iSynCJ816.SGL_RS07035	42.3	477	266	5	3	475	5	476	6.02e-116	352
WP_056848294.1	iYS854.USA300HOU_RS09005	41.6	473	269	3	7	475	3	472	1.01e-115	352
WP_056848294.1	iEK1008.Rv1617	41.5	467	266	4	7	472	4	464	4.91e-117	351
WP_056848296.1	iYO844.BSU11340	53.8	416	188	3	1	416	1	412	1.89e-147	424
WP_056848296.1	iAF987.Gmet_1603	51.7	412	196	2	3	414	1	409	4.52e-145	418
WP_056848296.1	iCN900.CD630_11840	50.5	412	201	2	4	415	3	411	7.88e-144	415
WP_056848296.1	iYS854.USA300HOU_RS04880	52.7	414	190	4	4	416	5	413	9.68e-143	412
WP_056848296.1	iJN1463.PP_1916	51.1	415	200	2	1	415	1	412	5.53e-142	410
WP_056848296.1	iPC815.YPO1601	50.5	416	200	4	1	414	1	412	2.16e-141	409
WP_056848296.1	STM_v1_0.STM1197	50.6	415	201	3	1	414	1	412	4.33e-141	408
WP_056848296.1	iSSON_1240.SSON_1115	50.8	415	200	3	1	414	1	412	4.97e-140	405
WP_056848296.1	iML1515.b1095	50.6	415	201	3	1	414	1	412	2.01e-139	404
WP_056848296.1	iSF_1195.SF1099	50.6	415	201	3	1	414	1	412	2.01e-139	404
WP_056848296.1	iSynCJ816.SGL_RS05665	50.0	416	205	2	1	416	4	416	3.14e-139	404
WP_056848296.1	iSDY_1059.SDY_2055	50.6	415	201	3	1	414	1	412	5.71e-139	403
WP_056848296.1	iSbBS512_1146.SbBS512_E2229	50.6	415	201	3	1	414	1	412	1.15e-138	402
WP_056848296.1	iYL1228.KPN_01093	49.6	415	205	3	1	414	1	412	4.62e-138	400
WP_056848296.1	iHN637.CLJU_RS20760	48.6	414	209	3	4	417	3	412	8.32e-136	395
WP_056848298.1	iAF987.Gmet_0363	32.5	151	100	2	40	189	62	211	4.21e-18	78.6
WP_056848300.1	iLJ478.TM1689	41.7	187	103	3	3	189	2	182	3.85e-40	135
WP_056848300.1	iSynCJ816.SGL_RS02240	41.5	183	105	2	3	185	9	189	1.57e-38	130
WP_056848300.1	iAF987.Gmet_2327	41.2	182	105	2	2	183	3	182	3.49e-37	127
WP_056848300.1	iIT341.HP0321	43.1	167	93	2	6	172	7	171	3.78e-37	127
WP_056848300.1	iJN1463.PP_5296	41.1	175	101	2	4	178	6	178	3.00e-36	125
WP_056848300.1	iCN900.CD630_25880	37.7	183	112	2	1	183	3	183	8.24e-36	124
WP_056848300.1	iAM_Pv461.PVX_099895	39.5	185	106	5	7	186	7	190	6.46e-36	124
WP_056848300.1	iHN637.CLJU_RS06145	36.8	182	112	3	2	183	3	181	2.32e-35	122
WP_056848301.1	iYO844.BSU25640	36.0	189	118	2	2	190	3	188	3.40e-40	134
WP_056848302.1	iJN1463.PP_1384	29.3	423	285	7	49	465	52	466	3.68e-39	147
WP_056848303.1	iJN1463.PP_3426	40.7	1043	601	7	3	1031	5	1043	4.04e-246	724
WP_056848303.1	iYL1228.KPN_03673	39.0	1038	607	13	1	1024	1	1026	2.83e-230	682
WP_056848303.1	iJN1463.PP_1385	38.6	1056	627	10	1	1049	1	1042	2.96e-227	675
WP_056848303.1	STM_v1_0.STM3391	37.8	1039	619	14	1	1024	1	1027	2.14e-223	665
WP_056848303.1	iML1515.b3266	37.7	1040	623	13	1	1026	1	1029	3.75e-220	656
WP_056848304.1	iML1515.b0463	30.4	375	254	5	13	382	10	382	5.82e-46	162
WP_056848304.1	iSSON_1240.SSON_0450	30.4	375	254	5	13	382	10	382	8.13e-46	161
WP_056848304.1	iSF_1195.SF0408	30.4	375	254	5	13	382	10	382	2.21e-45	160
WP_056848304.1	iSDY_1059.SDY_0456	29.9	375	256	5	13	382	10	382	4.44e-44	157
WP_056848304.1	iPC815.YPO3132	29.9	348	237	5	35	377	33	378	1.70e-40	147
WP_056848304.1	iJN1463.PP_1386	28.6	374	242	8	4	374	7	358	1.90e-40	147
WP_056848305.1	iLB1027_lipid.PHATRDRAFT_34582	32.8	296	153	10	2	258	43	331	4.79e-35	127
WP_056848305.1	iIT341.HP0566	34.2	231	124	9	5	215	3	225	5.69e-33	120
WP_056848305.1	iHN637.CLJU_RS05285	32.0	281	155	9	3	258	1	270	7.97e-33	120
WP_056848305.1	iSynCJ816.SGL_RS17890	30.3	284	164	10	1	258	1	276	1.35e-31	117
WP_056848305.1	iCN900.CD630_25900	31.8	283	154	11	3	257	1	272	9.53e-31	115
WP_056848306.1	iEK1008.Rv0125	28.6	301	181	10	112	407	78	349	2.49e-21	95.1
WP_056848309.1	iAF987.Gmet_2397	33.2	214	140	2	9	222	5	215	3.11e-30	111
WP_056848310.1	iAF987.Gmet_2396	64.6	658	208	4	4	659	3	637	3.20e-305	843
WP_056848311.1	iAF987.Gmet_2395	60.8	245	96	0	6	250	7	251	3.12e-107	310
WP_056848317.1	iAF987.Gmet_0069	26.5	117	83	2	7	121	4	119	2.29e-05	43.9
WP_056848324.1	iEK1008.Rv2936	32.5	249	160	4	5	246	7	254	5.58e-31	118
WP_056848324.1	iYO844.BSU02750	31.0	210	131	4	21	221	21	225	5.00e-31	116
WP_056848324.1	iJN1463.PP_0958	30.5	236	155	2	2	228	5	240	1.70e-29	112
WP_056848324.1	iCN900.CD630_09000	31.1	241	150	5	6	235	2	237	1.63e-28	112
WP_056848324.1	iAF987.Gmet_1282	30.5	220	146	3	2	215	6	224	2.07e-28	109
WP_056848324.1	iAF987.Gmet_1903	29.8	225	149	2	5	221	2	225	3.48e-27	108
WP_056848324.1	iCN900.CD630_16140	31.9	204	134	2	21	220	40	242	1.61e-27	107
WP_056848324.1	iYS854.USA300HOU_RS08305	28.1	242	151	6	7	235	12	243	1.51e-27	107
WP_056848324.1	iML1515.b0199	34.7	222	127	6	13	220	11	228	1.28e-26	106
WP_056848326.1	iAF987.Gmet_1919	31.6	117	69	4	6	113	6	120	3.35e-07	50.1
WP_056848327.1	iLJ478.TM1693	28.3	205	137	7	38	240	40	236	2.01e-18	81.3
WP_056848327.1	iHN637.CLJU_RS03245	36.1	147	87	5	75	220	72	212	8.66e-16	73.9
WP_056848329.1	iCN900.CD630_12200	34.9	169	109	1	8	176	6	173	5.22e-22	87.4
WP_056848329.1	iAF987.Gmet_0048	38.5	130	80	0	47	176	40	169	1.81e-21	85.9
WP_056848331.1	iAF987.Gmet_2378	35.6	275	171	2	31	303	31	301	2.04e-53	182
WP_056848331.1	iLJ478.TM1401	34.4	273	174	3	31	303	33	300	1.27e-53	177
WP_056848331.1	iAF692.Mbar_A1431	32.4	306	191	4	3	303	2	296	2.23e-51	176
WP_056848331.1	iEK1008.Rv2996c	36.4	297	165	8	4	291	6	287	1.35e-48	169
WP_056848331.1	iYS854.USA300HOU_RS09145	34.8	279	167	4	23	296	26	294	2.93e-47	166
WP_056848334.1	iSynCJ816.SGL_RS17040	22.6	195	137	2	387	581	309	489	9.04e-08	55.1
WP_056848338.1	iJN1463.PP_0920	41.2	211	111	7	5	206	3	209	1.58e-37	137
WP_056848350.1	iYL1228.KPN_03779	32.6	129	76	4	8	129	6	130	1.81e-06	48.9
WP_056848350.1	STM_v1_0.STM3506	32.6	129	76	4	8	129	6	130	4.27e-06	47.8
WP_056848350.1	iPC815.YPO0132	29.1	172	110	5	4	168	2	168	5.67e-06	47.4
WP_056848350.1	iML1515.b3409	31.0	129	78	4	8	129	6	130	7.54e-06	47.0
WP_056848350.1	iSbBS512_1146.SbBS512_E3790	31.0	129	78	4	8	129	6	130	1.00e-05	46.6
WP_056848350.1	iSDY_1059.SDY_3667	31.0	129	78	4	8	129	6	130	1.00e-05	46.6
WP_056848350.1	iSF_1195.SF3428	31.0	129	78	4	8	129	6	130	1.00e-05	46.6
WP_056848350.1	iAF987.Gmet_2444	28.1	146	98	4	8	150	24	165	2.26e-05	45.4
WP_056848350.1	iSSON_1240.SSON_3540	30.2	129	79	4	8	129	6	130	5.50e-05	44.3
WP_056848351.1	iML1515.b3409	36.7	90	53	2	5	91	6	94	7.46e-07	51.2
WP_056848351.1	iYL1228.KPN_03779	34.4	90	55	2	5	91	6	94	7.46e-07	51.2
WP_056848351.1	iSSON_1240.SSON_3540	35.6	90	54	2	5	91	6	94	9.85e-07	50.8
WP_056848351.1	iSbBS512_1146.SbBS512_E3790	35.6	90	54	2	5	91	6	94	1.72e-06	50.1
WP_056848351.1	iSDY_1059.SDY_3667	35.6	90	54	2	5	91	6	94	1.72e-06	50.1
WP_056848351.1	iSF_1195.SF3428	35.6	90	54	2	5	91	6	94	1.72e-06	50.1
WP_056848351.1	iHN637.CLJU_RS10635	27.0	178	105	7	4	171	3	165	2.05e-06	49.7
WP_056848351.1	STM_v1_0.STM3506	35.6	90	54	2	5	91	6	94	2.27e-06	49.7
WP_056848351.1	iPC815.YPO0132	28.8	163	103	5	5	159	6	163	3.95e-06	48.9
WP_056848351.1	iSynCJ816.SGL_RS05125	26.6	173	108	6	5	168	21	183	2.56e-05	46.2
WP_056848355.1	iAF987.Gmet_0043	24.5	237	167	5	327	552	31	266	8.01e-11	64.3
WP_056848356.1	iAF987.Gmet_1706	31.7	167	106	3	5	165	1	165	2.92e-20	87.0
WP_056848358.1	iPC815.YPO3964	24.0	204	123	6	27	212	21	210	2.39e-04	41.6
WP_056848366.1	iCN900.CD630_21730	40.2	393	229	4	1	392	1	388	8.36e-98	296
WP_056848366.1	iYS854.USA300HOU_RS02885	40.5	388	222	6	8	392	6	387	6.90e-88	271
WP_056848366.1	iSynCJ816.SGL_RS15740	35.8	386	243	4	5	388	2	384	1.16e-86	268
WP_056848368.1	iML1515.b0376	21.9	398	255	15	14	383	7	376	2.61e-15	77.4
WP_056848374.1	iAF987.Gmet_2530	26.8	462	274	8	27	430	32	487	2.99e-43	158
WP_056848375.1	iML1515.b4025	72.8	548	148	1	2	548	1	548	3.18e-297	815
WP_056848375.1	iSbBS512_1146.SbBS512_E4530	72.8	548	148	1	2	548	1	548	3.18e-297	815
WP_056848375.1	iSDY_1059.SDY_4226	72.8	548	148	1	2	548	1	548	3.18e-297	815
WP_056848375.1	iSSON_1240.SSON_4203	72.8	548	148	1	2	548	1	548	3.18e-297	815
WP_056848375.1	iSF_1195.SF4180	72.6	548	149	1	2	548	1	548	9.09e-297	814
WP_056848375.1	STM_v1_0.STM4221	71.4	548	156	1	2	548	1	548	4.07e-293	805
WP_056848375.1	iYL1228.KPN_04413	71.4	548	156	1	2	548	1	548	1.65e-292	803
WP_056848375.1	iPC815.YPO3718	70.6	548	160	1	2	548	1	548	1.18e-287	791
WP_056848377.1	iSynCJ816.SGL_RS17805	41.6	413	211	9	16	421	4	393	4.02e-86	268
WP_056848384.1	iYS854.USA300HOU_RS08685	31.5	178	109	6	336	511	122	288	6.57e-14	72.0
WP_056848384.1	iIT341.HP0772	32.8	137	86	2	336	466	219	355	1.31e-11	66.2
WP_056848389.1	iAF987.Gmet_1809	40.5	158	62	4	232	389	34	159	5.66e-31	116
WP_056848390.1	iAF987.Gmet_1811	45.9	246	107	3	752	997	10	229	5.97e-71	235
WP_056848395.1	iJN1463.PP_0103	27.6	275	160	10	100	367	13	255	7.39e-20	90.1
WP_056848397.1	iEK1008.Rv1456c	45.9	37	20	0	23	59	28	64	2.09e-05	45.4
WP_056848398.1	iAM_Pc455.PCYB_102250	35.1	248	136	8	5	248	98	324	2.53e-31	120
WP_056848398.1	iAM_Pv461.PVX_080280	38.8	201	109	5	52	248	248	438	7.73e-31	120
WP_056848398.1	iAM_Pb448.PBANKA_123410	40.3	201	106	6	52	248	257	447	7.24e-30	118
WP_056848398.1	iAM_Pf480.PF3D7_0519300	34.1	249	137	9	5	248	315	541	3.55e-29	116
WP_056848398.1	iCHOv1.100764018	30.5	292	183	5	6	296	154	426	4.89e-28	112
WP_056848400.1	STM_v1_0.STM0441	29.1	203	112	5	32	234	30	200	1.93e-17	77.4
WP_056848400.1	iCN718.ABAYE_RS07345	29.8	208	107	4	32	234	29	202	5.39e-17	76.3
WP_056848400.1	iYO844.BSU38150	31.9	160	86	3	72	230	57	194	5.19e-17	76.3
WP_056848400.1	iSbBS512_1146.SbBS512_E0352	29.1	203	112	5	32	234	30	200	1.39e-16	75.1
WP_056848400.1	iML1515.b0430	29.1	203	112	5	32	234	30	200	2.68e-16	74.3
WP_056848400.1	iJN1463.PP_0106	31.3	227	110	10	9	233	111	293	9.50e-16	74.3
WP_056848400.1	iSSON_1240.SSON_0413	29.1	203	112	5	32	234	30	200	2.68e-16	74.3
WP_056848400.1	iYL1228.KPN_00392	29.6	203	111	5	32	234	29	199	3.66e-16	73.9
WP_056848400.1	iSynCJ816.SGL_RS09080	30.0	203	104	6	34	234	28	194	8.94e-16	72.8
WP_056848400.1	iJN1463.PP_0814	29.6	203	111	4	32	234	33	203	7.42e-15	70.5
WP_056848403.1	iYS854.USA300HOU_RS05575	31.6	133	91	0	45	177	6	138	9.38e-10	54.3
WP_056848413.1	iAF987.Gmet_1832	34.2	120	67	4	158	270	407	521	1.47e-12	67.0
WP_056848413.1	iAF987.Gmet_2727	31.6	114	72	2	157	270	291	398	7.62e-11	61.6
WP_056848417.1	iAF987.Gmet_2727	36.8	117	65	1	550	666	291	398	3.19e-13	71.6
WP_056848420.1	iAF987.Gmet_1919	20.8	154	111	4	6	155	6	152	2.72e-04	41.2
WP_056848422.1	iAF987.Gmet_2999	26.9	119	86	1	3	120	9	127	1.39e-10	57.0
WP_056848424.1	iJN1463.PP_1384	22.9	428	280	15	25	430	64	463	5.17e-09	57.8
WP_056848425.1	iJN1463.PP_3426	30.7	1054	697	11	1	1025	1	1050	4.16e-155	487
WP_056848425.1	iSSON_1240.SSON_2550	30.5	1038	690	17	8	1020	6	1037	1.56e-143	456
WP_056848425.1	iML1515.b2470	30.4	1038	691	17	8	1020	6	1037	3.05e-143	455
WP_056848425.1	iSF_1195.SF2512	30.3	1038	692	17	8	1020	6	1037	1.62e-142	453
WP_056848425.1	iSDY_1059.SDY_2654	30.5	1038	690	17	8	1020	6	1037	4.60e-141	449
WP_056848425.1	STM_v1_0.STM3391	32.3	1026	664	19	8	1008	6	1025	1.25e-140	448
WP_056848425.1	iML1515.b0462	31.7	1027	669	19	8	1008	6	1026	2.39e-139	445
WP_056848425.1	iYL1228.KPN_03673	32.0	1033	656	19	8	1008	6	1024	4.98e-138	441
WP_056848426.1	iJN1463.PP_1386	29.9	331	207	9	52	361	34	360	8.05e-27	109
WP_056848426.1	iJN1463.PP_3425	28.7	314	198	6	71	358	53	366	9.25e-25	103
WP_056848426.1	iSDY_1059.SDY_0456	26.4	345	222	8	51	363	34	378	6.98e-24	101
WP_056848426.1	iML1515.b0463	26.4	345	222	8	51	363	34	378	1.30e-23	100
WP_056848426.1	iSF_1195.SF0408	26.4	345	222	8	51	363	34	378	3.31e-23	99.4
WP_056848426.1	iSSON_1240.SSON_0450	27.0	345	220	9	51	363	34	378	3.31e-23	99.4
WP_056848429.1	iEK1008.Rv2187	32.5	587	369	9	11	581	22	597	1.60e-93	298
WP_056848430.1	iAF987.Gmet_2727	39.8	103	61	1	336	437	293	395	5.64e-17	82.0
WP_056848432.1	iYO844.BSU32840	49.0	802	395	8	1	801	1	789	5.82e-254	725
WP_056848434.1	iYO844.BSU32830	49.9	389	194	1	2	390	3	390	7.41e-130	378
WP_056848434.1	iYS854.USA300HOU_RS01190	51.8	390	185	3	2	389	3	391	1.23e-126	370
WP_056848436.1	iYO844.BSU32820	47.4	587	304	4	10	595	10	592	6.95e-178	516
WP_056848444.1	iAF987.Gmet_2769	46.6	909	464	11	4	908	1	892	1.59e-273	784
WP_056848444.1	iCN718.ABAYE_RS04435	44.7	933	474	14	7	908	14	935	2.35e-261	754
WP_056848444.1	iJN1463.PP_4189	44.2	938	480	12	1	904	9	937	1.70e-260	752
WP_056848444.1	iYL1228.KPN_00732	43.9	940	471	13	5	908	13	932	7.61e-257	743
WP_056848444.1	STM_v1_0.STM0736	44.3	941	464	15	5	908	13	930	5.16e-254	735
WP_056848444.1	iSF_1195.SF0571	44.2	941	465	15	5	908	13	930	7.30e-254	735
WP_056848444.1	iML1515.b0726	44.2	941	465	15	5	908	13	930	4.12e-253	733
WP_056848444.1	iSbBS512_1146.SbBS512_E0645	44.2	941	465	15	5	908	13	930	4.12e-253	733
WP_056848444.1	iSSON_1240.SSON_0677	44.2	941	465	15	5	908	13	930	8.25e-253	732
WP_056848444.1	iSDY_1059.SDY_0664	44.1	941	466	15	5	908	13	930	6.59e-252	730
WP_056848444.1	iPC815.YPO1113	43.1	941	477	14	5	908	13	932	5.62e-251	728
WP_056848444.1	iEK1008.Rv1248c	44.8	880	448	14	52	904	358	1226	1.27e-240	711
WP_056848445.1	iML1515.b0727	53.9	412	177	5	2	409	3	405	1.39e-130	381
WP_056848445.1	iSbBS512_1146.SbBS512_E0646	52.5	417	175	6	2	409	3	405	1.39e-130	381
WP_056848445.1	iSSON_1240.SSON_0678	53.9	412	177	5	2	409	3	405	1.39e-130	381
WP_056848445.1	iSF_1195.SF0570	53.6	412	178	5	2	409	3	405	5.58e-130	379
WP_056848445.1	iSDY_1059.SDY_0665	52.9	412	181	6	2	409	3	405	7.90e-130	379
WP_056848445.1	STM_v1_0.STM0737	52.2	410	184	4	2	409	3	402	1.01e-129	379
WP_056848445.1	iPC815.YPO1114	52.7	412	184	3	2	409	3	407	3.89e-128	375
WP_056848445.1	iCN718.ABAYE_RS04440	52.9	410	180	5	1	409	1	398	5.80e-128	374
WP_056848445.1	iYL1228.KPN_00733	52.3	413	185	4	2	409	3	408	6.01e-125	367
WP_056848445.1	iJN1463.PP_4188	52.7	423	170	6	1	409	1	407	7.97e-120	353
WP_056848449.1	STM_v1_0.STM0047	25.5	192	88	4	11	201	16	153	4.65e-04	39.3
WP_056848450.1	iHN637.CLJU_RS00920	39.7	1144	569	24	5	1140	2	1032	3.14e-268	783
WP_056848455.1	iMM904.YLR146C	28.5	151	90	4	20	154	72	220	9.20e-05	42.0
WP_056848456.1	iHN637.CLJU_RS10530	41.0	471	255	5	2	472	6	453	1.40e-112	340
WP_056848456.1	iHN637.CLJU_RS02330	39.3	456	257	4	20	475	21	456	3.73e-104	318
WP_056848456.1	iHN637.CLJU_RS02325	37.1	474	275	5	2	475	6	456	1.40e-103	317
WP_056848463.1	iYS854.USA300HOU_RS04605	36.9	317	196	4	1	316	2	315	4.52e-64	204
WP_056848463.1	iMM1415.76238	37.0	319	195	3	1	315	7	323	5.12e-62	199
WP_056848463.1	iCHOv1.100752744	36.4	294	186	1	23	315	107	400	3.62e-58	192
WP_056848463.1	iJN1463.PP_3376	37.8	259	161	0	55	313	55	313	1.57e-58	190
WP_056848463.1	iYL1228.KPN_03915	35.9	298	189	2	14	311	16	311	9.50e-58	188
WP_056848463.1	iPC815.YPO4078	33.6	301	199	1	11	311	12	311	3.18e-56	184
WP_056848465.1	iJN1463.PP_2432	30.0	213	139	4	1	204	1	212	6.39e-22	89.0
WP_056848470.1	iYO844.BSU14520	36.5	74	40	1	15	88	11	77	2.65e-08	56.2
WP_056848470.1	iHN637.CLJU_RS11775	38.8	67	34	1	22	88	16	75	9.67e-07	51.2
WP_056848471.1	iML1515.b2430	33.3	400	224	11	211	585	25	406	4.98e-52	184
WP_056848477.1	iAF987.Gmet_0268	53.0	149	70	0	25	173	8	156	7.31e-54	169
WP_056848477.1	iYO844.BSU21690	50.0	152	76	0	21	172	2	153	1.24e-50	161
WP_056848477.1	iCN900.CD630_21660	48.0	150	78	0	22	171	2	151	1.28e-45	152
WP_056848478.1	iSDY_1059.SDY_0278	38.9	486	265	9	5	485	2	460	6.21e-106	323
WP_056848478.1	iSF_1195.SF0457	38.9	486	265	9	5	485	2	460	3.49e-105	321
WP_056848478.1	iCN900.CD630_00520	38.3	494	264	10	5	486	1	465	7.85e-105	320
WP_056848478.1	iSbBS512_1146.SbBS512_E0448	38.7	486	266	9	5	485	2	460	3.90e-104	318
WP_056848478.1	iSSON_1240.SSON_0492	38.5	486	267	9	5	485	2	460	1.10e-103	317
WP_056848478.1	iYL1228.KPN_00482	38.3	491	261	9	5	485	2	460	1.55e-103	317
WP_056848478.1	iAF987.Gmet_0057	38.6	505	261	12	4	483	2	482	6.31e-103	316
WP_056848478.1	STM_v1_0.STM0537	38.1	491	262	11	5	485	2	460	1.93e-101	311
WP_056848478.1	iNF517.LLMG_RS10195	38.6	485	256	12	5	485	1	447	3.68e-101	310
WP_056848478.1	iJN1463.PP_2905	39.2	485	259	10	5	483	2	456	2.95e-100	308
WP_056848478.1	iYS854.USA300HOU_RS02790	35.9	490	279	13	5	485	2	465	1.56e-98	304
WP_056848478.1	iPC815.YPO3073	37.5	493	262	13	5	485	2	460	2.67e-98	303
WP_056848481.1	iYS854.USA300HOU_RS09130	24.8	274	164	9	22	289	7	244	2.13e-13	68.2
WP_056848481.1	iYO844.BSU02130	24.8	274	167	8	32	294	45	290	2.14e-12	65.9
WP_056848487.1	iYS854.USA300HOU_RS05760	42.1	190	107	3	1	188	1	189	8.11e-43	141
WP_056848491.1	iYS854.USA300HOU_RS07460	42.4	382	213	4	1	379	1	378	7.61e-95	288
WP_056848493.1	iNF517.LLMG_RS12210	34.6	347	210	11	26	367	5	339	2.85e-55	184
WP_056848494.1	iNF517.LLMG_RS06045	39.7	234	136	3	297	527	1	232	2.11e-54	183
WP_056848494.1	iCN900.CD630_20500	39.1	238	140	3	297	530	1	237	1.21e-51	176
WP_056848494.1	iYS854.USA300HOU_RS07985	42.9	240	132	3	294	530	3	240	1.10e-50	173
WP_056848495.1	iAF987.Gmet_2556	37.3	153	90	3	102	248	125	277	3.91e-25	103
WP_056848496.1	iJN1463.PP_3274	31.7	353	228	9	4	347	7	355	1.31e-44	156
WP_056848496.1	iML1515.b1392	30.8	321	214	4	30	347	35	350	3.78e-42	149
WP_056848496.1	iYL1228.KPN_01473	29.5	352	236	6	2	347	5	350	1.44e-41	148
WP_056848496.1	iEK1008.Rv3571	30.7	323	202	8	30	347	51	356	1.12e-40	145
WP_056848499.1	iCN900.CD630_31950	32.1	960	467	17	12	941	2	806	3.48e-159	488
WP_056848501.1	iPC815.YPO2161	44.0	336	182	2	3	337	5	335	1.69e-91	276
WP_056848501.1	iML1515.b1767	42.6	340	185	3	3	339	5	337	4.96e-88	267
WP_056848501.1	iSSON_1240.SSON_1388	42.6	340	185	3	3	339	5	337	4.96e-88	267
WP_056848501.1	iSbBS512_1146.SbBS512_E2022	42.4	340	186	3	3	339	5	337	1.40e-87	266
WP_056848501.1	iSDY_1059.SDY_1506	43.4	343	178	6	3	339	5	337	1.40e-87	266
WP_056848501.1	STM_v1_0.STM1294	42.4	340	186	3	3	339	5	337	1.99e-87	266
WP_056848501.1	iSF_1195.SF1456	42.1	340	187	3	3	339	5	337	2.25e-86	263
WP_056848501.1	iYL1228.KPN_01203	41.5	340	189	3	3	339	5	337	3.73e-85	260
WP_056848502.1	iCN718.ABAYE_RS09945	29.9	224	134	6	19	240	21	223	1.75e-22	95.5
WP_056848502.1	iSynCJ816.SGL_RS08475	28.4	218	135	6	24	240	26	223	3.56e-20	89.0
WP_056848503.1	iYS854.USA300HOU_RS07580	41.5	318	183	1	5	319	2	319	3.32e-89	269
WP_056848505.1	iLB1027_lipid.PHATRDRAFT_41254	28.3	127	78	5	79	194	32	156	4.33e-04	41.2
WP_056848507.1	iAF987.Gmet_2455	35.9	315	200	1	11	323	8	322	1.20e-59	193
WP_056848511.1	iCHOv1.100750969	70.3	431	124	3	9	438	5	432	6.04e-219	607
WP_056848511.1	iAT_PLT_636.191	69.4	431	128	3	9	438	5	432	5.43e-215	597
WP_056848511.1	iIS312.TCDM_07587	68.1	436	129	5	11	438	4	437	2.60e-207	578
WP_056848511.1	iMM904.YER043C	65.5	443	137	3	11	438	8	449	1.45e-202	566
WP_056848516.1	iEK1008.Rv0684	55.9	698	299	6	4	698	9	700	2.75e-268	754
WP_056848516.1	iSynCJ816.SGL_RS10930	51.4	695	325	7	5	698	7	689	1.18e-249	706
WP_056848521.1	iSynCJ816.SGL_RS14375	36.8	456	257	10	1	442	1	439	1.09e-79	253
WP_056848521.1	iJN1463.PP_2102	35.9	451	275	7	1	445	1	443	6.53e-79	251
WP_056848521.1	iCN718.ABAYE_RS05060	35.1	445	276	7	1	440	4	440	3.59e-71	231
WP_056848523.1	iMM904.YBR166C	45.7	422	217	5	3	414	16	435	6.87e-124	366
WP_056848534.1	iSynCJ816.SGL_RS14865	44.6	242	133	1	8	248	9	250	1.45e-67	209
WP_056848534.1	iSynCJ816.SGL_RS16015	41.3	247	139	3	8	248	26	272	3.30e-60	191
WP_056848541.1	iJN1463.PP_3383	24.1	601	394	18	14	575	9	586	1.70e-27	116
WP_056848542.1	iCN718.ABAYE_RS03665	37.9	396	236	8	2	394	12	400	7.99e-80	251
WP_056848543.1	STM_v1_0.STM0659	33.2	584	331	11	5	579	8	541	1.17e-83	273
WP_056848543.1	iML1515.b0650	35.0	483	270	9	5	480	8	453	9.44e-80	262
WP_056848543.1	iSbBS512_1146.SbBS512_E0599	35.0	483	270	9	5	480	8	453	9.44e-80	262
WP_056848543.1	iSSON_1240.SSON_0604	34.7	484	270	11	5	480	8	453	1.85e-79	261
WP_056848561.1	iSDY_1059.SDY_3762	21.8	633	404	27	62	671	45	609	3.49e-13	72.4
WP_056848561.1	iML1515.b3966	21.8	633	404	27	62	671	45	609	1.40e-12	70.5
WP_056848561.1	iSSON_1240.SSON_4139	21.8	633	404	27	62	671	45	609	1.40e-12	70.5
WP_056848561.1	iJN1463.PP_0525	22.3	525	346	19	30	546	45	515	4.37e-12	68.9
WP_056848561.1	iSF_1195.SF4048	21.8	633	404	27	62	671	45	609	1.69e-11	67.0
WP_056848561.1	STM_v1_0.STM4130	20.4	637	408	25	62	671	45	609	2.93e-11	66.2
WP_056848567.1	iEK1008.Rv3331	31.1	151	93	5	31	175	79	224	3.61e-06	48.5
WP_056848568.1	iCHOv1.100759926	61.1	509	187	4	8	513	39	539	6.90e-211	594
WP_056848568.1	iAT_PLT_636.5096	58.2	529	190	5	8	513	39	559	3.24e-204	578
WP_056848568.1	iLB1027_lipid.PHATRDRAFT_45886	56.7	503	205	3	14	513	89	581	6.89e-199	565
WP_056848568.1	iLJ478.TM0716	57.1	513	213	1	8	513	3	515	2.02e-199	564
WP_056848568.1	iEK1008.Rv3280	56.9	506	205	3	20	513	44	548	9.00e-194	551
WP_056848568.1	iYO844.BSU23920	57.3	503	209	2	11	513	11	507	3.10e-194	551
WP_056848570.1	iCN718.ABAYE_RS01830	45.7	503	251	11	25	519	14	502	4.02e-118	364
WP_056848571.1	STM_v1_0.STM0171	46.1	204	109	1	15	218	6	208	4.79e-75	225
WP_056848571.1	iML1515.b0126	45.6	204	110	1	15	218	6	208	3.89e-74	223
WP_056848571.1	iSbBS512_1146.SbBS512_E0119	45.6	204	110	1	15	218	6	208	3.89e-74	223
WP_056848571.1	iSDY_1059.SDY_0035	45.6	204	110	1	15	218	6	208	3.89e-74	223
WP_056848571.1	iSF_1195.SF0123	45.6	204	110	1	15	218	6	208	3.89e-74	223
WP_056848571.1	iSSON_1240.SSON_0134	45.6	204	110	1	15	218	6	208	3.89e-74	223
WP_056848571.1	iYL1228.KPN_00134	47.1	191	100	1	28	218	3	192	6.20e-72	217
WP_056848571.1	iPC815.YPO3407	43.3	201	113	1	16	216	7	206	6.85e-70	212
WP_056848573.1	iEK1008.Rv1187	53.7	538	247	2	8	544	7	543	3.83e-202	573
WP_056848575.1	iMM904.YKL192C	30.2	86	58	1	1	84	40	125	1.84e-06	42.4
WP_056848576.1	iNF517.LLMG_RS02815	33.0	115	73	1	1	115	7	117	7.57e-14	64.3
WP_056848576.1	iAF987.Gmet_2354	32.4	102	66	2	5	105	9	108	2.87e-13	62.8
WP_056848576.1	iNF517.LLMG_RS08935	29.2	144	97	2	1	144	6	144	5.01e-13	62.0
WP_056848577.1	iLB1027_lipid.PHATRDRAFT_26714	24.3	304	178	7	87	341	235	535	1.37e-15	77.4
WP_056848579.1	iAF692.Mbar_A1602	24.2	335	211	13	4	321	6	314	4.13e-09	57.4
WP_056848581.1	iPC815.YPO1396	35.8	204	116	8	8	199	14	214	1.35e-25	104
WP_056848581.1	iAF987.Gmet_2347	36.0	200	116	5	9	196	26	225	7.23e-25	103
WP_056848581.1	STM_v1_0.STM0985	35.3	184	109	7	9	185	15	195	7.66e-23	97.1
WP_056848582.1	iLJ478.TM1737	52.6	270	124	2	5	271	31	299	2.47e-92	274
WP_056848582.1	iYO844.BSU23490	51.5	266	128	1	5	270	5	269	1.61e-91	271
WP_056848582.1	iHN637.CLJU_RS10190	50.8	264	129	1	5	268	13	275	4.66e-85	255
WP_056848582.1	iCN900.CD630_12240	47.2	271	142	1	1	271	1	270	2.91e-84	253
WP_056848590.1	iNF517.LLMG_RS01005	35.4	474	268	8	3	444	5	472	1.70e-81	259
WP_056848592.1	iMM1415.11429	60.9	732	279	2	19	750	52	776	0.0	904
WP_056848592.1	iCHOv1.100759203	60.8	732	280	2	19	750	52	776	0.0	903
WP_056848592.1	iMM904.YLR304C	61.9	734	274	2	19	752	48	775	0.0	899
WP_056848592.1	iAT_PLT_636.50	60.4	732	283	2	19	750	52	776	0.0	897
WP_056848593.1	iSDY_1059.SDY_0025	31.0	932	525	30	3	912	1	836	2.16e-94	317
WP_056848593.1	iSbBS512_1146.SbBS512_E0111	31.0	932	525	30	3	912	8	843	3.43e-94	316
WP_056848593.1	iML1515.b0118	31.0	932	525	30	3	912	1	836	5.74e-94	315
WP_056848593.1	iSF_1195.SF0115	31.0	932	525	30	3	912	1	836	5.74e-94	315
WP_056848593.1	iSSON_1240.SSON_0126	31.0	932	525	30	3	912	1	836	5.74e-94	315
WP_056848593.1	STM_v1_0.STM0158	30.6	930	531	27	3	912	1	836	5.60e-93	313
WP_056848593.1	iCN718.ABAYE_RS07555	31.5	924	514	32	7	903	5	836	9.48e-91	307
WP_056848593.1	iSynCJ816.SGL_RS17360	30.1	911	522	28	7	902	5	815	3.76e-89	302
WP_056848593.1	iYL1228.KPN_00124	30.9	918	514	27	18	912	2	822	5.23e-89	301
WP_056848593.1	iPC815.YPO3415	30.6	929	533	32	3	912	1	836	1.30e-88	301
WP_056848593.1	iJN1463.PP_2339	30.2	922	521	27	7	902	5	829	2.66e-88	300
WP_056848593.1	iLB1027_lipid.PHATRDRAFT_26290	30.5	929	527	32	1	902	103	939	7.50e-84	290
WP_056848594.1	iAF692.Mbar_A0408	32.1	212	116	5	28	215	16	223	6.30e-22	89.7
WP_056848596.1	iYO844.BSU22830	33.2	325	213	3	4	327	3	324	7.78e-52	174
WP_056848596.1	iYS854.USA300HOU_RS07540	32.7	330	214	4	4	330	3	327	4.69e-50	169
WP_056848596.1	iHN637.CLJU_RS06125	30.8	321	217	3	1	321	1	316	1.97e-48	165
WP_056848596.1	iCN900.CD630_26300	30.0	320	215	4	4	321	7	319	1.51e-46	160
WP_056848601.1	iJN1463.PP_4702	55.8	617	271	2	9	625	24	638	5.67e-262	733
WP_056848601.1	iML1515.b4069	56.3	636	258	6	7	631	22	648	1.00e-259	728
WP_056848601.1	iSSON_1240.SSON_4250	56.1	636	259	6	7	631	22	648	4.05e-259	726
WP_056848601.1	STM_v1_0.STM4275	55.8	636	261	6	7	631	22	648	8.78e-256	717
WP_056848601.1	iPC815.YPO0253	55.5	633	270	7	7	632	22	649	4.09e-254	713
WP_056848601.1	iYL1228.KPN_04478	55.3	631	270	7	8	631	23	648	1.17e-253	712
WP_056848601.1	iCN718.ABAYE_RS01415	55.9	622	268	4	9	626	22	641	3.45e-252	708
WP_056848601.1	iJN1463.PP_4487	55.7	634	273	6	3	631	61	691	5.06e-251	707
WP_056848606.1	iAF987.Gmet_2530	25.8	457	319	8	47	490	31	480	6.75e-46	172
WP_056848607.1	iLJ478.TM1662	39.9	243	143	3	10	252	3	242	7.35e-55	177
WP_056848607.1	iAF987.Gmet_1419	37.2	250	150	3	10	257	3	247	4.24e-52	170
WP_056848607.1	iSynCJ816.SGL_RS18120	35.0	263	155	7	10	258	9	269	5.59e-49	163
WP_056848609.1	iAF987.Gmet_2350	33.1	378	225	7	5	364	11	378	5.21e-65	211
WP_056848609.1	iJN1463.PP_1604	36.6	339	208	3	5	337	8	345	8.28e-61	199
WP_056848610.1	iJN1463.PP_2193	35.4	158	78	8	133	283	132	272	2.68e-06	51.2
WP_056848619.1	iLJ478.TM1469	25.5	325	195	13	1	289	1	314	3.62e-16	77.0
WP_056848627.1	iAF692.Mbar_A3172	43.3	217	119	3	9	222	12	227	1.01e-50	164
WP_056848627.1	iML1515.b2914	44.1	202	107	3	6	207	3	198	5.08e-45	149
WP_056848627.1	iSbBS512_1146.SbBS512_E3334	44.1	202	107	3	6	207	3	198	5.08e-45	149
WP_056848627.1	iSDY_1059.SDY_3168	44.1	202	107	3	6	207	3	198	5.08e-45	149
WP_056848627.1	iSF_1195.SF2899	44.1	202	107	3	6	207	3	198	5.08e-45	149
WP_056848627.1	iSSON_1240.SSON_3066	44.1	202	107	3	6	207	3	198	5.08e-45	149
WP_056848634.1	iML1515.b1856	36.7	128	73	4	170	293	285	408	1.26e-14	75.1
WP_056848635.1	iSbBS512_1146.SbBS512_E0485	30.2	169	78	5	104	253	24	171	7.28e-05	46.6
WP_056848635.1	iML1515.b0584	30.2	169	78	5	104	253	24	171	1.26e-04	45.8
WP_056848635.1	iSDY_1059.SDY_0512	30.2	169	78	5	104	253	24	171	1.26e-04	45.8
WP_056848635.1	iSF_1195.SF0496	30.2	169	78	5	104	253	24	171	1.26e-04	45.8
WP_056848635.1	iSSON_1240.SSON_0534	30.2	169	78	5	104	253	24	171	1.26e-04	45.8
WP_056848635.1	STM_v1_0.STM0585	31.5	127	62	5	147	253	54	175	4.91e-04	43.9
WP_056848635.1	iSDY_1059.SDY_1022	33.0	106	47	4	166	252	71	171	4.86e-04	43.9
WP_056848635.1	iJN1463.PP_2193	34.2	73	39	2	201	266	207	277	8.64e-04	43.1
WP_056848654.1	iML1515.b2843	54.9	266	118	1	16	279	13	278	4.98e-104	303
WP_056848655.1	iYO844.BSU22140	52.4	254	118	2	1	254	4	254	1.32e-79	239
WP_056848655.1	iML1515.b2842	49.0	251	124	2	5	254	6	253	2.39e-77	234
WP_056848656.1	iLB1027_lipid.PHATRDRAFT_45443	43.9	214	112	3	3	208	51	264	1.68e-56	179
WP_056848656.1	iML1515.b0126	44.9	196	104	3	3	196	4	197	9.97e-57	178
WP_056848656.1	iSbBS512_1146.SbBS512_E0119	44.9	196	104	3	3	196	4	197	9.97e-57	178
WP_056848656.1	iSDY_1059.SDY_0035	44.9	196	104	3	3	196	4	197	9.97e-57	178
WP_056848656.1	iSF_1195.SF0123	44.9	196	104	3	3	196	4	197	9.97e-57	178
WP_056848656.1	iSSON_1240.SSON_0134	44.9	196	104	3	3	196	4	197	9.97e-57	178
WP_056848656.1	STM_v1_0.STM0171	43.1	195	109	2	3	196	4	197	1.61e-55	175
WP_056848656.1	iYL1228.KPN_00134	46.3	177	91	3	18	192	3	177	1.04e-52	167
WP_056848656.1	iPC815.YPO3407	43.2	192	105	3	3	192	4	193	6.77e-52	166
WP_056848664.1	iJN1463.PP_0525	37.0	100	53	3	165	259	88	182	4.36e-06	50.4
WP_056848664.1	iSDY_1059.SDY_1022	23.3	330	187	11	133	411	32	346	4.58e-06	50.4
WP_056848664.1	STM_v1_0.STM0585	29.7	145	80	5	133	260	36	175	3.13e-05	47.8
WP_056848664.1	iML1515.b0584	30.2	129	69	4	149	260	47	171	7.06e-05	46.6
WP_056848664.1	iSbBS512_1146.SbBS512_E0485	30.2	129	69	4	149	260	47	171	7.06e-05	46.6
WP_056848664.1	iSDY_1059.SDY_0512	30.2	129	69	4	149	260	47	171	7.06e-05	46.6
WP_056848664.1	iSF_1195.SF0496	30.2	129	69	4	149	260	47	171	7.06e-05	46.6
WP_056848664.1	iSSON_1240.SSON_0534	30.2	129	69	4	149	260	47	171	7.06e-05	46.6
WP_056848666.1	iMM1415.12091	37.3	603	330	19	27	590	30	623	2.05e-117	363
WP_056848666.1	iCHOv1.100767446	35.4	610	344	17	23	592	15	614	1.42e-113	353
WP_056848668.1	iCN900.CD630_32610	27.3	88	61	2	528	615	144	228	7.21e-04	41.6
WP_056848673.1	iAF987.Gmet_1919	25.3	150	110	1	3	150	5	154	4.83e-12	63.9
WP_056848673.1	iAF987.Gmet_1914	28.8	118	84	0	2	119	3	120	1.98e-11	62.4
WP_056848676.1	iNF517.LLMG_RS07320	34.6	315	192	9	2	308	27	335	2.71e-47	162
WP_056848679.1	iHN637.CLJU_RS02610	27.3	165	88	6	4	165	323	458	5.88e-07	47.8
WP_056848679.1	iJN1463.PP_1277	30.6	124	78	3	42	165	354	469	1.24e-05	43.9
WP_056848680.1	iJN1463.PP_0217	29.1	234	143	8	17	242	28	246	8.08e-21	89.7
WP_056848680.1	iSynCJ816.SGL_RS15040	32.2	227	120	10	23	238	101	304	2.38e-18	82.0
WP_056848685.1	STM_v1_0.STM0849	25.7	494	325	11	41	528	39	496	1.56e-43	161
WP_056848685.1	iSDY_1059.SDY_0757	26.2	496	320	13	41	528	39	496	1.56e-43	161
WP_056848685.1	iSbBS512_1146.SbBS512_E2518	26.2	496	320	13	41	528	39	496	2.95e-43	160
WP_056848685.1	iYO844.BSU12960	26.9	542	333	18	27	544	47	549	9.59e-43	160
WP_056848685.1	iSF_1195.SF0780	26.2	496	320	13	41	528	39	496	7.66e-43	159
WP_056848685.1	iSSON_1240.SSON_0812	26.2	496	320	13	41	528	39	496	7.66e-43	159
WP_056848685.1	iML1515.b0830	26.0	496	321	13	41	528	39	496	1.99e-42	158
WP_056848685.1	iYL1228.KPN_00863	26.4	496	319	14	41	528	39	496	2.02e-42	158
WP_056848687.1	iYS854.USA300HOU_RS02940	25.4	181	118	5	4	172	5	180	3.33e-07	47.8
WP_056848687.1	iJN1463.PP_4138	28.8	125	81	5	2	122	7	127	1.59e-06	45.8
WP_056848688.1	iCN900.CD630_07170	48.0	50	25	1	11	60	8	56	3.31e-05	43.9
WP_056848688.1	iAF692.Mbar_A0171	40.4	52	29	1	11	60	9	60	8.39e-05	42.7
WP_056848688.1	iHN637.CLJU_RS11570	38.9	54	31	1	11	62	9	62	4.85e-04	40.4
WP_056848688.1	iHN637.CLJU_RS02400	38.9	54	31	1	11	62	9	62	4.81e-04	40.4
WP_056848691.1	iLJ478.TM1520	33.6	244	127	7	1	242	1	211	9.22e-34	120
WP_056848691.1	iCN718.ABAYE_RS00740	36.3	193	118	4	43	234	68	256	1.51e-31	116
WP_056848691.1	iYL1228.KPN_00039	34.2	199	127	3	47	244	74	269	4.40e-30	112
WP_056848691.1	iSbBS512_1146.SbBS512_E0035	32.9	213	111	6	47	244	74	269	1.21e-29	111
WP_056848691.1	iHN637.CLJU_RS17035	31.6	253	154	8	1	242	2	246	1.44e-29	110
WP_056848691.1	iML1515.b0031	32.4	213	112	6	47	244	74	269	4.63e-29	110
WP_056848691.1	iSDY_1059.SDY_0053	32.4	213	112	6	47	244	74	269	4.63e-29	110
WP_056848691.1	iSF_1195.SF0028	32.4	213	112	6	47	244	74	269	4.63e-29	110
WP_056848691.1	iSSON_1240.SSON_0036	32.7	211	110	6	47	242	74	267	9.07e-29	109
WP_056848691.1	iJN1463.PP_4725	33.0	200	128	5	47	244	70	265	1.12e-28	108
WP_056848697.1	iLJ478.TM0306	30.4	381	202	14	38	388	13	360	1.06e-43	159
WP_056848697.1	iMM1415.66848	29.3	403	235	16	27	411	22	392	3.39e-42	155
WP_056848697.1	iCHOv1.100756134	28.2	450	254	18	28	450	28	435	6.46e-40	149
WP_056848698.1	iLJ478.TM0076	34.0	885	430	20	31	890	3	758	1.13e-139	434
WP_056848699.1	iHN637.CLJU_RS02910	36.1	349	207	4	18	359	18	357	1.07e-73	232
WP_056848700.1	iYS854.USA300HOU_RS05915	24.7	493	337	12	57	527	54	534	8.08e-39	148
WP_056848701.1	iLJ478.TM0306	34.0	347	179	10	32	337	22	359	1.34e-47	172
WP_056848701.1	iMM1415.71665	30.1	359	213	9	33	364	38	385	2.88e-43	160
WP_056848701.1	iCHOv1.100752441	31.2	333	190	9	32	336	47	368	3.17e-42	158
WP_056848705.1	iAF987.Gmet_2349	34.1	572	369	5	14	582	5	571	7.26e-110	340
WP_056848705.1	iJN1463.PP_4935	34.0	589	360	9	9	577	10	589	4.06e-99	313
WP_056848710.1	iSynCJ816.SGL_RS08655	21.6	231	152	7	65	283	9	222	1.89e-05	45.4
WP_056848711.1	iSynCJ816.SGL_RS08655	36.2	138	74	4	110	243	94	221	2.90e-19	84.7
WP_056848718.1	iYO844.BSU04470	62.4	407	152	1	7	412	6	412	9.92e-173	489
WP_056848720.1	iLJ478.TM1287	44.7	76	41	1	62	136	42	117	4.04e-15	66.6
WP_056848721.1	iYO844.BSU16100	60.1	288	115	0	1	288	1	288	2.05e-123	354
WP_056848721.1	iYS854.USA300HOU_RS06270	59.4	286	116	0	1	286	1	286	6.27e-123	353
WP_056848721.1	iJN1463.PP_4185	61.9	286	109	0	1	286	1	286	3.89e-122	350
WP_056848721.1	iAF987.Gmet_0730	58.8	291	118	2	1	290	1	290	5.43e-119	342
WP_056848721.1	STM_v1_0.STM0739	59.9	284	114	0	1	284	1	284	1.45e-118	341
WP_056848721.1	iYL1228.KPN_00735	59.2	284	116	0	1	284	1	284	1.67e-117	338
WP_056848721.1	iCN718.ABAYE_RS04455	58.6	290	118	1	1	288	1	290	6.07e-117	337
WP_056848721.1	iPC815.YPO1116	59.2	284	116	0	1	284	1	284	9.95e-117	337
WP_056848721.1	iAF987.Gmet_2068	58.5	284	117	1	1	284	1	283	4.94e-116	335
WP_056848721.1	iSF_1195.SF0568	58.1	284	119	0	1	284	1	284	6.39e-115	332
WP_056848721.1	iML1515.b0729	58.1	284	119	0	1	284	1	284	9.06e-115	332
WP_056848721.1	iSbBS512_1146.SbBS512_E0648	58.1	284	119	0	1	284	1	284	9.06e-115	332
WP_056848721.1	iSSON_1240.SSON_0680	58.1	284	119	0	1	284	1	284	9.06e-115	332
WP_056848721.1	iAF987.Gmet_2260	57.4	284	120	1	1	284	1	283	1.38e-114	331
WP_056848721.1	iSDY_1059.SDY_0667	57.7	284	120	0	1	284	1	284	2.11e-113	328
WP_056848721.1	iLB1027_lipid.PHATRDRAFT_42015	57.8	289	119	2	3	288	7	295	5.52e-111	323
WP_056848721.1	iMM1415.56451	56.0	293	124	2	3	290	50	342	2.67e-110	322
WP_056848721.1	iCHOv1.100751457	54.6	293	128	2	3	290	50	342	1.53e-109	320
WP_056848724.1	iMM1415.20135	68.3	325	99	2	1	323	68	390	1.09e-162	458
WP_056848724.1	iCHOv1.100752542	68.3	325	99	2	1	323	68	390	8.93e-162	456
WP_056848724.1	iIS312.TCDM_08240	66.4	324	106	3	2	323	15	337	8.75e-159	446
WP_056848724.1	iMM904.YJL026W	65.0	326	110	3	2	323	74	399	2.13e-150	427
WP_056848724.1	iCHOv1.100768429	67.6	299	93	2	27	323	1	297	2.68e-148	418
WP_056848724.1	iAM_Pc455.PCYB_135090	63.6	321	114	2	4	323	37	355	2.38e-146	416
WP_056848724.1	iAM_Pv461.PVX_086155	63.2	321	115	2	4	323	31	349	1.11e-145	414
WP_056848725.1	iCHOv1.100761591	66.3	795	260	4	1	792	1	790	0.0	1078
WP_056848725.1	iMM1415.20133	66.0	795	262	4	1	792	1	790	0.0	1077
WP_056848725.1	iLB1027_lipid.PHATRDRAFT_42726	66.8	761	246	2	1	755	3	762	0.0	1065
WP_056848725.1	iMM904.YER070W	67.2	759	241	3	1	753	1	757	0.0	1065
WP_056848725.1	iMM904.YIL066C	66.0	761	251	3	1	755	1	759	0.0	1050
WP_056848725.1	iAM_Pb448.PBANKA_061160	62.9	808	284	6	1	794	42	847	0.0	1035
WP_056848725.1	iAM_Pc455.PCYB_132180	62.7	809	285	6	1	794	31	837	0.0	1033
WP_056848725.1	iAM_Pv461.PVX_084685	62.3	809	288	6	1	794	42	848	0.0	1031
WP_056848725.1	iAM_Pf480.PF3D7_1437200	62.6	808	286	6	1	794	42	847	0.0	1027
WP_056848727.1	iAF987.Gmet_0710	59.0	295	114	2	1	289	1	294	7.43e-125	357
WP_056848728.1	iAF987.Gmet_0711	36.9	336	201	6	28	357	6	336	1.34e-73	231
WP_056848728.1	iJN1463.PP_0266	33.0	364	214	5	19	358	7	364	7.01e-65	209
WP_056848729.1	iCN900.CD630_11820	56.1	244	107	0	4	247	4	247	2.12e-90	266
WP_056848729.1	iYO844.BSU15910	52.7	245	116	0	3	247	1	245	2.25e-84	251
WP_056848729.1	iYS854.USA300HOU_RS06185	51.3	240	117	0	7	246	3	242	4.56e-81	243
WP_056848729.1	iHN637.CLJU_RS20765	51.0	247	121	0	1	247	1	247	2.10e-80	241
WP_056848737.1	iYS854.USA300HOU_RS04205	70.2	430	126	1	1	428	1	430	2.33e-217	603
WP_056848737.1	iNF517.LLMG_RS03215	68.8	429	133	1	1	428	1	429	3.33e-212	590
WP_056848737.1	iYO844.BSU33900	65.2	425	142	2	1	423	1	421	1.11e-195	548
WP_056848738.1	iJN1463.PP_4217	25.9	587	372	18	119	674	132	686	7.06e-43	167
WP_056848740.1	iLJ478.TM0869	33.1	323	181	9	87	404	17	309	1.22e-45	159
WP_056848740.1	iYS854.USA300HOU_RS04135	33.4	329	192	7	87	414	5	307	2.88e-45	158
WP_056848740.1	iMM904.YDR353W	32.5	338	190	10	90	414	6	318	4.07e-41	147
WP_056848740.1	iYO844.BSU34790	33.0	330	190	9	88	414	7	308	1.44e-40	146
WP_056848740.1	iAF692.Mbar_A2898	31.7	334	190	10	88	414	2	304	3.30e-40	145
WP_056848743.1	iAF987.Gmet_2999	25.9	108	78	1	4	109	10	117	7.69e-08	48.9
WP_056848744.1	iML1515.b3003	50.2	289	138	3	10	295	6	291	7.14e-85	256
WP_056848747.1	iAF987.Gmet_0043	27.0	226	156	3	274	490	41	266	2.63e-16	81.3
WP_056848748.1	iAF987.Gmet_0843	21.7	253	181	6	21	265	23	266	6.37e-09	55.1
WP_056848748.1	iSynCJ816.SGL_RS04775	29.1	127	85	4	21	146	27	149	3.02e-08	53.1
WP_056848754.1	STM_v1_0.STM0585	30.5	154	81	6	115	248	30	177	2.36e-05	48.1
WP_056848754.1	iML1515.b0584	29.3	147	78	6	121	247	32	172	2.08e-04	45.1
WP_056848754.1	iSbBS512_1146.SbBS512_E0485	29.3	147	78	6	121	247	32	172	2.08e-04	45.1
WP_056848754.1	iSDY_1059.SDY_0512	29.3	147	78	6	121	247	32	172	2.08e-04	45.1
WP_056848754.1	iSF_1195.SF0496	29.3	147	78	6	121	247	32	172	2.08e-04	45.1
WP_056848754.1	iSSON_1240.SSON_0534	29.3	147	78	6	121	247	32	172	2.08e-04	45.1
WP_056848756.1	iLJ478.TM1062	27.5	597	344	19	26	588	9	550	2.17e-41	160
WP_056848758.1	iJN1463.PP_2794	32.0	269	161	6	1	267	1	249	9.37e-35	125
WP_056848758.1	iML1515.b2842	34.7	265	148	7	9	268	6	250	2.99e-31	116
WP_056848758.1	iML1515.b1619	28.3	258	167	4	11	267	9	249	2.36e-30	114
WP_056848763.1	iAF987.Gmet_0043	30.0	150	98	3	234	378	119	266	6.31e-13	69.7
WP_056848766.1	iEK1008.Rv1399c	40.3	236	137	1	125	356	67	302	2.25e-47	163
WP_056848766.1	iEK1008.Rv2970c	34.2	304	181	8	55	349	58	351	7.42e-43	152
WP_056848768.1	iML1515.b2924	29.3	164	116	0	101	264	106	269	1.19e-22	94.0
WP_056848770.1	iAF987.Gmet_0043	23.3	245	176	6	498	731	20	263	8.03e-09	58.5
WP_056848773.1	iML1515.b2155	24.0	567	342	14	30	549	29	553	4.42e-29	122
WP_056848773.1	iSSON_1240.SSON_2211	24.0	567	342	14	30	549	29	553	4.42e-29	122
WP_056848773.1	STM_v1_0.STM2199	24.8	565	340	15	30	549	29	553	1.84e-28	120
WP_056848773.1	iYL1228.KPN_02593	23.5	565	334	19	35	549	15	531	8.68e-26	112
WP_056848775.1	iHN637.CLJU_RS00615	28.6	189	124	6	62	241	78	264	2.76e-12	66.6
WP_056848776.1	iAF692.Mbar_A1138	27.5	171	108	5	34	200	2	160	3.05e-11	63.9
WP_056848777.1	STM_v1_0.STM4382	21.9	183	124	5	150	315	108	288	2.48e-05	45.4
WP_056848777.1	iSbBS512_1146.SbBS512_E4722	22.0	186	126	5	150	318	108	291	2.48e-05	45.4
WP_056848777.1	iML1515.b4192	21.9	183	124	5	150	315	108	288	5.81e-05	44.3
WP_056848777.1	iSF_1195.SF4347	21.9	183	124	5	150	315	110	290	5.83e-05	44.3
WP_056848777.1	iSSON_1240.SSON_4374	21.9	183	124	5	150	315	110	290	5.83e-05	44.3
WP_056848777.1	iYL1228.KPN_04585	22.4	183	123	5	150	315	108	288	1.81e-04	42.7
WP_056848784.1	iEK1008.Rv0896	56.7	427	183	2	3	428	6	431	8.90e-178	503
WP_056848786.1	STM_v1_0.STM3113	45.7	451	201	3	1	450	1	408	3.47e-140	408
WP_056848786.1	iML1515.b2964	45.2	451	203	3	1	450	1	408	1.98e-139	406
WP_056848786.1	iSbBS512_1146.SbBS512_E3397	45.2	451	203	3	1	450	1	408	1.98e-139	406
WP_056848786.1	iSDY_1059.SDY_3108	45.2	451	203	3	1	450	17	424	3.38e-139	406
WP_056848786.1	iSF_1195.SF2961	45.2	451	203	3	1	450	17	424	3.38e-139	406
WP_056848786.1	iSSON_1240.SSON_3232	45.2	451	203	3	1	450	17	424	3.38e-139	406
WP_056848786.1	iYL1228.KPN_03396	45.0	460	209	3	1	459	1	417	1.09e-138	404
WP_056848786.1	STM_v1_0.STM2421	43.8	452	204	5	1	448	1	406	5.74e-131	384
WP_056848786.1	iML1515.b2406	43.0	465	214	6	1	461	1	418	4.24e-128	377
WP_056848788.1	iHN637.CLJU_RS19400	37.2	328	195	6	3	321	9	334	8.21e-57	186
WP_056848788.1	iAF987.Gmet_0684	36.0	325	201	5	3	321	114	437	9.66e-53	179
WP_056848788.1	iCN900.CD630_10560	35.0	326	206	5	2	321	3	328	9.98e-51	171
WP_056848788.1	iAF987.Gmet_2066	33.5	331	204	7	3	322	111	436	2.47e-49	170
WP_056848789.1	iJN1463.PP_4202	31.9	251	163	4	1	245	1	249	6.43e-32	117
WP_056848789.1	iAF987.Gmet_3300	32.6	258	160	6	1	245	1	257	1.56e-31	116
WP_056848789.1	iAF987.Gmet_2153	31.5	257	164	6	1	245	1	257	9.00e-30	111
WP_056848789.1	iAF987.Gmet_1713	30.7	257	166	6	1	245	1	257	9.53e-29	108
WP_056848789.1	iAT_PLT_636.2109	30.3	254	165	5	1	244	4	255	6.73e-28	106
WP_056848791.1	iAF987.Gmet_2731	30.3	178	95	4	236	403	11	169	8.96e-15	71.6
WP_056848791.1	iJN1463.PP_2556	24.6	370	235	9	23	357	30	390	1.43e-12	68.6
WP_056848795.1	iAF987.Gmet_1104	39.2	357	205	8	6	357	2	351	1.03e-81	253
WP_056848795.1	iCN900.CD630_27790	38.4	352	209	6	6	355	4	349	5.80e-78	243
WP_056848795.1	iHN637.CLJU_RS00940	35.2	352	222	5	6	357	3	348	4.80e-73	230
WP_056848795.1	iHN637.CLJU_RS02725	38.2	361	194	10	8	361	4	342	2.88e-71	229
WP_056848795.1	iHN637.CLJU_RS02610	37.9	359	198	8	8	361	4	342	4.49e-71	228
WP_056848796.1	iAF987.Gmet_1278	47.0	319	165	2	7	321	2	320	7.72e-92	276
WP_056848796.1	iCN718.ABAYE_RS12520	44.4	315	172	3	10	321	10	324	1.05e-87	265
WP_056848796.1	iJN1463.PP_0957	44.4	324	178	2	1	322	1	324	2.63e-85	259
WP_056848796.1	iYL1228.KPN_03607	42.2	315	181	1	9	322	20	334	2.30e-83	254
WP_056848796.1	iPC815.YPO3577	41.3	315	184	1	9	322	14	328	2.71e-83	254
WP_056848796.1	iJN1463.PP_1806	43.1	306	171	3	11	315	9	312	3.86e-83	253
WP_056848797.1	iYS854.USA300HOU_RS07595	33.3	436	241	11	7	401	2	428	5.61e-62	214
WP_056848798.1	iAF987.Gmet_1277	48.1	258	134	0	5	262	7	264	1.82e-80	243
WP_056848798.1	iJN1463.PP_1611	45.3	265	142	1	1	262	1	265	2.55e-77	235
WP_056848798.1	STM_v1_0.STM1772	48.6	249	126	1	16	262	19	267	6.41e-76	232
WP_056848798.1	iJN1463.PP_1807	45.5	264	142	1	1	262	1	264	2.28e-75	230
WP_056848798.1	iPC815.YPO2021	47.8	249	128	1	16	262	19	267	2.58e-75	230
WP_056848798.1	iML1515.b1215	48.2	249	127	1	16	262	19	267	1.67e-73	226
WP_056848798.1	iYL1228.KPN_02230	48.2	249	127	1	16	262	19	267	1.67e-73	226
WP_056848798.1	iSbBS512_1146.SbBS512_E1379	48.2	249	127	1	16	262	19	267	1.67e-73	226
WP_056848798.1	iSDY_1059.SDY_1264	48.2	249	127	1	16	262	19	267	1.67e-73	226
WP_056848798.1	iSF_1195.SF1218	48.2	249	127	1	16	262	19	267	1.67e-73	226
WP_056848798.1	iSSON_1240.SSON_1963	48.2	249	127	1	16	262	19	267	1.67e-73	226
WP_056848798.1	iCN718.ABAYE_RS08665	47.0	247	131	0	16	262	23	269	5.56e-72	222
WP_056848798.1	iIT341.HP0003	42.9	273	142	2	7	266	2	273	4.80e-71	219
WP_056848801.1	iAF987.Gmet_2727	40.4	109	65	0	519	627	289	397	2.96e-15	77.8
WP_056848802.1	iYS854.USA300HOU_RS03835	32.1	184	97	9	12	171	4	183	3.59e-17	76.6
WP_056848803.1	iYO844.BSU03290	26.8	82	59	1	19	99	23	104	2.61e-07	45.1
WP_056848805.1	iAF987.Gmet_0247	51.7	286	130	3	1	284	1	280	1.02e-92	276
WP_056848805.1	iSynCJ816.SGL_RS13155	45.7	289	151	2	3	291	10	292	5.24e-86	259
WP_056848805.1	iYO844.BSU24310	47.1	289	142	4	3	291	5	282	8.46e-85	255
WP_056848805.1	iNF517.LLMG_RS08520	47.1	291	143	3	1	291	1	280	7.28e-84	253
WP_056848805.1	iML1515.b0529	47.7	285	135	4	2	284	4	276	3.68e-82	249
WP_056848805.1	iSbBS512_1146.SbBS512_E0445	47.7	285	135	4	2	284	4	276	3.68e-82	249
WP_056848805.1	iSDY_1059.SDY_0281	47.7	285	135	4	2	284	4	276	3.68e-82	249
WP_056848805.1	iSF_1195.SF0460	47.7	285	135	4	2	284	4	276	3.68e-82	249
WP_056848805.1	iSSON_1240.SSON_0489	47.7	285	135	4	2	284	4	276	3.68e-82	249
WP_056848806.1	iEK1008.Rv0684	22.4	490	249	9	1	371	10	487	6.22e-25	109
WP_056848806.1	iSynCJ816.SGL_RS17200	24.0	487	235	15	5	371	9	480	2.45e-23	104
WP_056848806.1	iSynCJ816.SGL_RS10930	24.0	491	235	15	1	371	7	479	1.00e-22	102
WP_056848807.1	iYS854.USA300HOU_RS06875	24.8	117	81	3	31	143	6	119	7.31e-04	37.7
WP_056848810.1	iJN1463.PP_4799	33.5	251	159	4	29	275	4	250	1.55e-36	133
WP_056848810.1	iSynCJ816.SGL_RS10890	29.7	306	196	8	27	328	1	291	3.42e-35	129
WP_056848811.1	iAF987.Gmet_0923	39.7	156	88	2	4	154	10	164	3.21e-33	116
WP_056848811.1	iSbBS512_1146.SbBS512_E0194	38.9	144	82	2	4	142	7	149	4.82e-32	113
WP_056848811.1	iYL1228.KPN_00214	37.5	144	84	2	4	142	24	166	1.00e-31	112
WP_056848811.1	iML1515.b0200	38.9	144	82	2	4	142	7	149	1.39e-31	112
WP_056848811.1	iSF_1195.SF0191	38.9	144	82	2	4	142	7	149	1.39e-31	112
WP_056848811.1	iSSON_1240.SSON_0214	38.9	144	82	2	4	142	7	149	1.39e-31	112
WP_056848811.1	iSDY_1059.SDY_0219	38.9	144	82	2	4	142	7	149	2.71e-31	111
WP_056848811.1	STM_v1_0.STM0248	37.5	144	84	2	4	142	7	149	1.44e-30	109
WP_056848811.1	iPC815.YPO1074	36.1	144	86	2	4	142	7	149	1.44e-30	109
WP_056848812.1	iAF987.Gmet_0497	57.2	215	88	1	1	215	1	211	1.83e-83	246
WP_056848812.1	iCN900.CD630_23290	55.7	219	93	1	1	219	1	215	2.46e-79	236
WP_056848812.1	iLJ478.TM0295	52.1	215	99	1	1	215	1	211	5.28e-79	235
WP_056848812.1	iYO844.BSU37110	57.1	217	86	2	1	215	1	212	2.88e-77	231
WP_056848813.1	iSynCJ816.SGL_RS04160	56.2	1494	635	12	6	1489	32	1516	0.0	1645
WP_056848813.1	iHN637.CLJU_RS08530	53.5	1494	679	12	6	1489	12	1499	0.0	1553
WP_056848813.1	iEK1008.Rv3859c	52.6	1509	679	13	6	1489	7	1504	0.0	1527
WP_056848813.1	iYO844.BSU18450	52.8	1505	675	15	1	1495	6	1484	0.0	1518
WP_056848814.1	iHN637.CLJU_RS08535	60.1	479	187	3	1	479	1	475	6.62e-209	586
WP_056848818.1	iYO844.BSU30420	41.3	208	112	2	1	198	1	208	3.08e-47	154
WP_056848820.1	STM_v1_0.STM2777	22.4	642	380	25	98	679	29	612	1.54e-17	87.0
WP_056848824.1	iSSON_1240.SSON_2841	42.7	886	466	17	5	869	7	871	4.69e-214	629
WP_056848824.1	iSbBS512_1146.SbBS512_E3180	42.7	886	466	17	5	869	7	871	6.63e-214	628
WP_056848824.1	iSDY_1059.SDY_2893	42.7	886	466	17	5	869	7	871	9.37e-214	628
WP_056848824.1	iSF_1195.SF2720	42.5	887	466	18	5	869	7	871	9.37e-214	628
WP_056848824.1	iYL1228.KPN_03029	42.9	888	461	18	5	869	7	871	1.81e-213	627
WP_056848824.1	STM_v1_0.STM2827	42.8	887	463	18	5	869	7	871	1.87e-213	627
WP_056848824.1	iAF987.Gmet_0201	42.3	893	473	14	1	869	1	875	3.73e-213	626
WP_056848824.1	iJN1463.PP_4474	42.9	889	467	15	1	868	1	869	4.95e-213	626
WP_056848824.1	iPC815.YPO3305	42.3	888	468	18	5	870	7	872	2.28e-211	622
WP_056848824.1	iMM904.YOR335C	46.8	756	337	18	2	701	10	756	6.41e-209	618
WP_056848824.1	iCN718.ABAYE_RS13005	41.8	879	462	18	1	851	1	857	2.13e-197	586
WP_056848824.1	iLJ478.TM1396	40.5	886	483	20	1	869	4	862	7.55e-197	584
WP_056848825.1	iJN1463.PP_4900	42.3	305	170	2	6	305	9	312	3.59e-81	249
WP_056848827.1	iCN900.CD630_04870	30.1	266	155	10	246	502	32	275	2.44e-26	107
WP_056848827.1	iCHOv1.100756446	31.6	256	148	9	255	502	85	321	9.54e-23	98.6
WP_056848829.1	iSynCJ816.SGL_RS10830	52.2	209	100	0	8	216	22	230	2.86e-73	221
WP_056848829.1	iJN1463.PP_1129	51.2	211	101	1	8	216	5	215	5.42e-70	212
WP_056848830.1	iLJ478.TM0446	65.0	160	55	1	4	163	3	161	9.07e-67	200
WP_056848831.1	iLJ478.TM0447	42.6	371	212	1	9	379	3	372	4.74e-104	311
WP_056848832.1	iLB1027_lipid.PHATRDRAFT_45243	45.9	37	20	0	2	38	57	93	4.69e-04	42.0
WP_056848835.1	iHN637.CLJU_RS07520	28.8	160	94	5	654	806	6	152	4.78e-06	50.1
WP_056848836.1	iYS854.USA300HOU_RS07595	36.6	339	207	6	5	339	4	338	7.49e-60	206
WP_056848838.1	iSbBS512_1146.SbBS512_E0259	39.8	236	141	1	1	235	1	236	7.92e-57	181
WP_056848838.1	iML1515.b0306	39.8	236	141	1	1	235	1	236	2.24e-56	179
WP_056848838.1	iSSON_1240.SSON_0318	39.8	236	141	1	1	235	1	236	2.24e-56	179
WP_056848838.1	iSF_1195.SF0260	39.4	236	142	1	1	235	1	236	3.17e-56	179
WP_056848840.1	iCN900.CD630_05740	50.3	640	307	8	1	639	1	630	2.19e-220	627
WP_056848840.1	iYS854.USA300HOU_RS08915	47.5	632	326	5	2	631	4	631	2.31e-216	617
WP_056848840.1	iAF987.Gmet_1411	46.9	638	330	5	2	639	13	641	4.28e-201	578
WP_056848840.1	iLJ478.TM0740	43.9	640	344	7	2	639	3	629	2.16e-197	569
WP_056848840.1	iSynCJ816.SGL_RS15335	49.8	574	280	5	73	640	27	598	1.77e-197	568
WP_056848844.1	iLJ478.TM1429	55.5	238	98	2	1	238	1	230	2.43e-87	258
WP_056848844.1	iYS854.USA300HOU_RS06540	53.7	227	97	2	1	227	1	219	8.36e-77	233
WP_056848845.1	iAF987.Gmet_1676	61.1	489	189	1	4	491	3	491	4.24e-226	630
WP_056848845.1	iCN900.CD630_13820	63.3	490	178	2	3	490	4	493	3.76e-224	626
WP_056848845.1	STM_v1_0.STM4086	60.3	494	190	3	3	492	5	496	4.05e-223	623
WP_056848845.1	iYO844.BSU09290	61.3	494	189	2	1	492	1	494	6.57e-223	622
WP_056848845.1	iSDY_1059.SDY_3818	60.1	494	191	3	3	492	5	496	4.68e-222	620
WP_056848845.1	iSbBS512_1146.SbBS512_E4408	59.9	494	192	3	3	492	5	496	1.34e-221	619
WP_056848845.1	iML1515.b3926	59.9	494	192	3	3	492	5	496	2.69e-221	619
WP_056848845.1	iSSON_1240.SSON_4095	59.9	494	192	3	3	492	12	503	3.58e-221	619
WP_056848845.1	iYL1228.KPN_04011	59.9	494	192	3	3	492	5	496	3.95e-221	618
WP_056848845.1	iLJ478.TM1430	62.9	466	173	0	3	468	2	467	1.07e-220	616
WP_056848845.1	iJN1463.PP_1075	59.9	486	189	2	4	488	9	489	6.68e-214	600
WP_056848845.1	iYS854.USA300HOU_RS06545	58.2	493	200	3	1	489	1	491	5.25e-213	597
WP_056848845.1	iCN718.ABAYE_RS04620	59.0	490	195	3	3	488	7	494	3.78e-209	588
WP_056848846.1	iNF517.LLMG_RS05575	56.8	514	218	2	7	517	11	523	3.24e-205	580
WP_056848848.1	iAF987.Gmet_1919	31.0	113	74	2	9	119	8	118	3.49e-10	55.8
WP_056848848.1	iAF987.Gmet_2999	29.7	118	81	1	6	121	10	127	6.59e-10	55.1
WP_056848850.1	STM_v1_0.STM4433	23.6	348	240	10	42	375	4	339	1.18e-17	82.8
WP_056848851.1	iCN900.CD630_25770	32.5	237	156	2	15	247	4	240	4.02e-30	112
WP_056848851.1	iAF987.Gmet_1694	31.1	206	132	3	12	212	3	203	1.24e-27	105
WP_056848851.1	iHN637.CLJU_RS17225	30.5	236	156	3	15	242	9	244	2.71e-27	105
WP_056848852.1	iYO844.BSU06150	32.6	356	215	9	5	350	9	349	6.55e-47	162
WP_056848852.1	iCN900.CD630_23230	32.8	348	214	11	5	344	1	336	7.24e-47	162
WP_056848852.1	iAT_PLT_636.6652	30.4	319	204	7	27	338	30	337	1.07e-45	159
WP_056848852.1	iCN900.CD630_23240	31.3	352	214	10	5	344	1	336	1.78e-45	158
WP_056848852.1	iMM904.YJR159W	31.9	342	212	8	7	337	8	339	4.10e-45	157
WP_056848852.1	iCN900.CD630_04900	32.0	325	212	6	17	337	13	332	1.88e-44	155
WP_056848852.1	iCHOv1.100751427	30.5	321	205	9	27	340	30	339	6.32e-43	152
WP_056848852.1	iYS854.USA300HOU_RS01290	30.6	353	228	8	5	353	1	340	7.74e-43	151
WP_056848857.1	iEK1008.Rv0634c	26.0	169	80	5	80	229	68	210	2.22e-06	47.4
WP_056848862.1	iSynCJ816.SGL_RS07105	30.8	78	52	1	71	146	31	108	2.69e-04	40.4
WP_056848864.1	iLJ478.TM1835	26.6	399	250	16	23	406	37	407	1.72e-25	108
WP_056848866.1	iML1515.b1430	34.9	109	67	3	34	142	33	137	6.64e-12	61.6
WP_056848866.1	iSynCJ816.SGL_RS15350	40.6	101	55	3	34	133	74	170	2.37e-11	61.2
WP_056848866.1	iAF692.Mbar_A3635	36.1	122	68	5	21	139	21	135	2.34e-10	58.2
WP_056848869.1	iML1515.b0349	27.2	276	153	12	208	438	13	285	9.98e-12	65.1
WP_056848869.1	iAF987.Gmet_0843	27.8	259	145	9	217	438	12	265	8.51e-12	65.1
WP_056848869.1	iYL1228.KPN_02120	26.0	262	154	10	216	438	25	285	3.40e-10	60.5
WP_056848876.1	iMM1415.235293	31.8	217	131	4	50	254	70	281	3.76e-24	98.2
WP_056848876.1	iCHOv1.100752960	32.3	186	119	2	50	233	70	250	1.93e-23	96.3
WP_056848878.1	STM_v1_0.STM0585	34.0	150	84	6	104	247	38	178	7.98e-06	49.7
WP_056848878.1	iML1515.b0584	34.9	152	80	7	104	247	34	174	3.11e-05	47.8
WP_056848878.1	iSDY_1059.SDY_0512	34.9	152	80	7	104	247	34	174	3.11e-05	47.8
WP_056848878.1	iSF_1195.SF0496	34.9	152	80	7	104	247	34	174	3.11e-05	47.8
WP_056848878.1	iSSON_1240.SSON_0534	34.9	152	80	7	104	247	34	174	3.11e-05	47.8
WP_056848878.1	iYL1228.KPN_00602	30.4	158	96	6	91	242	25	174	4.07e-05	47.4
WP_056848878.1	iSbBS512_1146.SbBS512_E0485	34.9	152	80	7	104	247	34	174	4.08e-05	47.4
WP_056848881.1	iYS854.USA300HOU_RS06875	35.7	129	82	1	6	134	6	133	2.35e-23	88.6
WP_056848882.1	iCN900.CD630_12260	30.0	340	215	11	14	340	9	338	5.31e-33	125
WP_056848889.1	iMM1415.11593	39.1	294	159	4	39	317	27	315	6.74e-58	190
WP_056848889.1	iCHOv1.100754017	38.9	293	160	5	39	317	28	315	8.79e-55	182
WP_056848890.1	iYL1228.KPN_00645	47.5	375	196	1	5	378	9	383	4.96e-124	362
WP_056848891.1	iYO844.BSU10020	48.0	352	180	3	4	352	6	357	7.85e-118	345
WP_056848891.1	iJN1463.PP_1768	48.2	353	179	3	4	352	7	359	1.45e-113	334
WP_056848891.1	iCN718.ABAYE_RS04905	46.9	354	184	2	3	352	4	357	2.88e-110	325
WP_056848891.1	iPC815.YPO1389	47.0	355	183	4	3	352	5	359	7.06e-109	322
WP_056848891.1	iML1515.b0907	47.6	355	180	4	4	352	6	360	2.70e-106	315
WP_056848891.1	iSbBS512_1146.SbBS512_E2421	47.6	355	180	4	4	352	6	360	2.70e-106	315
WP_056848891.1	iSF_1195.SF0902	47.6	355	180	4	4	352	6	360	3.83e-106	315
WP_056848891.1	iSSON_1240.SSON_0908	47.6	355	180	4	4	352	6	360	3.83e-106	315
WP_056848891.1	iSDY_1059.SDY_2354	47.3	355	181	4	4	352	6	360	2.18e-105	313
WP_056848895.1	iAF987.Gmet_0916	35.7	297	159	8	11	288	10	293	4.55e-53	175
WP_056848895.1	iEK1008.Rv0780	38.9	285	152	9	20	291	14	289	1.14e-46	159
WP_056848899.1	iAF987.Gmet_1425	34.2	237	134	7	26	255	198	419	2.22e-25	103
WP_056848899.1	iPC815.YPO1023	33.2	223	142	5	30	251	190	406	6.95e-24	99.0
WP_056848899.1	iML1515.b2817	32.7	226	139	6	30	251	190	406	2.28e-22	94.7
WP_056848899.1	iSbBS512_1146.SbBS512_E3045	32.7	226	139	6	30	251	190	406	2.28e-22	94.7
WP_056848899.1	iSDY_1059.SDY_3034	32.7	226	139	6	30	251	220	436	2.76e-22	94.7
WP_056848899.1	iSF_1195.SF2828	32.7	226	139	6	30	251	220	436	2.76e-22	94.7
WP_056848899.1	iSSON_1240.SSON_2974	32.7	226	139	6	30	251	220	436	2.76e-22	94.7
WP_056848899.1	STM_v1_0.STM2991	32.7	226	139	6	30	251	190	406	3.12e-22	94.4
WP_056848899.1	iYL1228.KPN_03225	33.2	226	138	6	30	251	190	406	5.86e-22	93.6
WP_056848901.1	iML1515.b2700	44.4	153	84	1	255	406	5	157	6.68e-36	129
WP_056848902.1	iYO844.BSU24030	39.7	446	239	8	1	444	1	418	2.34e-88	275
WP_056848902.1	iYS854.USA300HOU_RS08100	36.6	440	253	7	5	443	2	416	2.64e-80	254
WP_056848903.1	iAF692.Mbar_A2310	50.0	84	42	0	12	95	2	85	2.59e-25	90.1
WP_056848903.1	iJN1463.PP_5215	41.9	93	54	0	5	97	16	108	1.32e-24	89.0
WP_056848903.1	iML1515.b3781	37.6	93	58	0	5	97	15	107	2.65e-24	88.2
WP_056848903.1	STM_v1_0.STM3915	37.6	93	58	0	5	97	15	107	2.65e-24	88.2
WP_056848903.1	iSbBS512_1146.SbBS512_E4140	37.6	93	58	0	5	97	15	107	2.65e-24	88.2
WP_056848903.1	iSDY_1059.SDY_3968	37.6	93	58	0	5	97	33	125	4.31e-24	88.2
WP_056848903.1	iSF_1195.SF3854	37.6	93	58	0	5	97	33	125	4.31e-24	88.2
WP_056848903.1	iSSON_1240.SSON_3952	37.6	93	58	0	5	97	33	125	4.31e-24	88.2
WP_056848903.1	iPC815.YPO3868	40.9	93	55	0	5	97	15	107	3.66e-24	87.8
WP_056848903.1	iYL1228.KPN_04282	37.6	93	58	0	5	97	15	107	1.52e-23	86.3
WP_056848903.1	iYS854.USA300HOU_RS05725	44.6	83	46	0	15	97	21	103	1.88e-23	85.9
WP_056848913.1	iAF987.Gmet_3291	34.0	256	166	3	5	258	6	260	1.07e-45	153
WP_056848913.1	iCN718.ABAYE_RS11580	33.1	248	164	2	12	258	13	259	4.91e-41	141
WP_056848918.1	iYO844.BSU37150	56.9	536	230	1	1	536	1	535	1.15e-229	643
WP_056848918.1	iHN637.CLJU_RS01075	59.2	529	215	1	2	530	3	530	3.17e-229	642
WP_056848918.1	iYS854.USA300HOU_RS11480	54.5	536	244	0	1	536	1	536	1.73e-224	630
WP_056848918.1	iAF987.Gmet_1276	55.6	538	235	3	2	538	3	537	6.21e-218	613
WP_056848918.1	iSynCJ816.SGL_RS10805	52.9	531	249	1	1	531	1	530	3.38e-211	597
WP_056848918.1	iJN1463.PP_1610	54.1	540	234	4	1	530	1	536	9.70e-206	582
WP_056848921.1	iAF987.Gmet_1275	47.3	241	120	3	11	245	6	245	6.59e-70	215
WP_056848923.1	iYO844.BSU00140	37.8	201	123	1	3	201	12	212	1.84e-44	147
WP_056848923.1	iYS854.USA300HOU_RS02920	36.2	196	123	1	3	196	12	207	1.14e-40	137
WP_056848923.1	iNF517.LLMG_RS06755	37.1	213	121	5	1	203	1	210	4.21e-39	133
WP_056848924.1	iCN900.CD630_26100	41.0	332	185	8	2	329	4	328	9.33e-74	230
WP_056848924.1	iYL1228.KPN_03755	41.2	337	180	9	2	329	3	330	1.08e-69	220
WP_056848924.1	iPC815.YPO0157	39.9	333	190	5	2	329	15	342	1.70e-68	217
WP_056848924.1	STM_v1_0.STM3481	41.0	334	185	7	2	329	3	330	1.70e-68	217
WP_056848924.1	iSbBS512_1146.SbBS512_E3761	39.6	333	191	5	2	329	3	330	4.78e-68	216
WP_056848924.1	iSDY_1059.SDY_3695	39.8	334	189	6	2	329	3	330	4.78e-68	216
WP_056848924.1	iSSON_1240.SSON_3515	39.6	333	191	5	2	329	3	330	4.78e-68	216
WP_056848924.1	iSF_1195.SF3402	39.6	333	191	5	2	329	3	330	6.75e-68	215
WP_056848925.1	iEK1008.Rv2483c	28.4	176	121	3	41	215	294	465	4.49e-16	76.6
WP_056848925.1	iHN637.CLJU_RS03245	28.3	159	110	3	75	232	74	229	1.40e-14	70.5
WP_056848926.1	iAF987.Gmet_0076	36.8	95	60	0	1	95	1	95	2.26e-17	70.1
WP_056848927.1	iJN1463.PP_4210	48.2	226	116	1	1	225	1	226	1.25e-67	220
WP_056848927.1	iCN900.CD630_19470	49.5	218	109	1	6	222	10	227	9.73e-68	208
WP_056848928.1	STM_v1_0.STM2050	43.5	170	96	0	1	170	1	170	4.17e-37	130
WP_056848928.1	iCN718.ABAYE_RS03570	41.1	192	92	5	2	182	7	188	9.18e-36	123
WP_056848928.1	iCHOv1.100751940	40.7	182	103	2	2	178	51	232	4.65e-34	120
WP_056848929.1	iYS854.USA300HOU_RS08725	46.1	349	180	4	1	349	1	341	4.15e-106	314
WP_056848931.1	iNF517.LLMG_RS10755	35.4	82	43	5	8	85	13	88	1.02e-04	40.0
WP_056848937.1	iAF987.Gmet_2999	32.2	115	73	3	3	114	9	121	3.58e-10	55.5
WP_056848937.1	iAF987.Gmet_1919	33.3	120	75	3	1	118	2	118	4.27e-09	52.4
WP_056848941.1	STM_v1_0.STM3039	35.6	160	100	3	2	158	3	162	9.02e-30	107
WP_056848941.1	iMM904.YPL117C	37.2	196	93	5	1	166	70	265	3.93e-28	105
WP_056848941.1	iSDY_1059.SDY_3193	36.5	159	98	2	3	158	4	162	2.89e-28	103
WP_056848941.1	iSbBS512_1146.SbBS512_E3308	36.5	159	98	2	3	158	4	162	5.76e-28	102
WP_056848941.1	iSSON_1240.SSON_3042	36.5	159	98	2	3	158	4	162	8.12e-28	102
WP_056848941.1	iML1515.b2889	36.5	159	98	2	3	158	4	162	1.14e-27	102
WP_056848941.1	iSF_1195.SF2875	35.8	159	99	2	3	158	4	162	4.53e-27	100
WP_056848941.1	iCHOv1.100752366	32.4	207	109	6	3	178	77	283	5.81e-26	100
WP_056848941.1	iYL1228.KPN_03317	33.5	164	106	2	3	163	4	167	7.40e-26	97.4
WP_056848956.1	iSynCJ816.SGL_RS17040	21.8	271	178	5	330	574	248	510	8.38e-10	61.6
WP_056848960.1	iAF987.Gmet_0073	47.9	480	244	4	9	485	2	478	1.10e-144	422
WP_056848960.1	iJN1463.PP_0930	44.5	481	257	4	10	484	3	479	4.71e-136	400
WP_056848960.1	iCN718.ABAYE_RS04045	45.8	474	252	3	10	480	13	484	8.92e-133	392
WP_056848960.1	iYS854.USA300HOU_RS10315	44.9	477	254	6	10	484	3	472	5.18e-131	387
WP_056848961.1	iPC815.YPO3064	31.1	74	50	1	228	300	1	74	2.30e-05	43.9
WP_056848961.1	iMM1415.21672	33.0	88	53	4	233	314	7	94	5.09e-05	43.5
WP_056848961.1	iAT_PLT_636.10935	26.1	153	100	5	231	370	62	214	4.37e-04	41.2
WP_056848961.1	iAT_PLT_636.7001	30.7	88	55	4	233	314	7	94	3.02e-04	41.2
WP_056848961.1	iMM1415.11757	25.3	150	99	5	234	370	66	215	5.86e-04	40.8
WP_056848962.1	iSDY_1059.SDY_2837	32.4	238	138	7	10	235	86	312	2.26e-25	101
WP_056848962.1	iSF_1195.SF2653	32.2	236	137	7	10	233	86	310	4.34e-24	97.8
WP_056848962.1	iSSON_1240.SSON_2720	32.2	236	137	7	10	233	86	310	4.34e-24	97.8
WP_056848962.1	iSbBS512_1146.SbBS512_E2975	32.2	236	137	7	10	233	86	310	6.02e-24	97.4
WP_056848962.1	iYS854.USA300HOU_RS06015	32.5	243	132	6	10	240	83	305	4.41e-24	97.4
WP_056848962.1	iMM904.YOL066C	33.1	181	116	2	10	185	163	343	1.08e-22	95.9
WP_056848962.1	iCN900.CD630_10600	29.7	236	135	6	10	235	85	299	5.66e-23	94.4
WP_056848962.1	STM_v1_0.STM2662	31.1	235	139	7	10	232	86	309	8.20e-23	94.4
WP_056848962.1	iNF517.LLMG_RS07670	32.8	174	104	3	10	172	79	250	2.96e-22	92.4
WP_056848962.1	iNF517.LLMG_RS12010	33.7	169	106	3	10	175	83	248	6.71e-22	91.3
WP_056848963.1	iAF987.Gmet_3470	27.1	595	383	12	19	590	43	609	1.87e-48	178
WP_056848963.1	iAF692.Mbar_A1823	27.0	570	373	15	29	584	37	577	2.65e-48	177
WP_056848964.1	iAF987.Gmet_1914	29.2	130	92	0	1	130	1	130	5.09e-14	73.6
WP_056848964.1	iAF987.Gmet_1919	28.2	124	89	0	4	127	5	128	9.47e-14	72.0
WP_056848964.1	iAF987.Gmet_0069	33.1	130	79	3	4	127	5	132	4.28e-12	66.6
WP_056848965.1	iJN1463.PP_0103	26.8	97	62	1	29	125	271	358	5.73e-07	47.0
WP_056848972.1	iYO844.BSU09310	48.2	517	259	4	40	548	34	549	4.19e-160	469
WP_056848972.1	iCN900.CD630_27800	47.7	556	266	9	15	558	10	552	2.58e-155	456
WP_056848972.1	iCN900.CD630_15770	45.3	556	281	8	11	557	6	547	1.00e-145	432
WP_056848973.1	iPC815.YPO3719	32.6	448	285	6	3	437	18	461	1.02e-71	233
WP_056848973.1	iYL1228.KPN_04412	34.6	454	268	9	3	437	6	449	1.05e-71	232
WP_056848973.1	iML1515.b4024	33.3	451	278	6	3	437	6	449	4.11e-71	231
WP_056848973.1	iSbBS512_1146.SbBS512_E4529	33.0	451	279	6	3	437	6	449	4.11e-71	231
WP_056848973.1	iSF_1195.SF4181	33.0	451	279	6	3	437	6	449	5.77e-71	230
WP_056848973.1	iSSON_1240.SSON_4202	33.0	451	279	6	3	437	6	449	5.77e-71	230
WP_056848973.1	iSDY_1059.SDY_4227	32.8	451	280	6	3	437	6	449	1.23e-69	227
WP_056848973.1	STM_v1_0.STM4220	32.6	448	285	5	3	437	6	449	9.47e-69	224
WP_056848974.1	iIT341.HP0290	41.3	366	209	3	10	373	8	369	2.99e-84	261
WP_056848974.1	iJN1463.PP_5227	38.2	359	218	3	15	373	27	381	2.60e-75	239
WP_056848978.1	iAF987.Gmet_2075	60.6	388	150	3	11	396	6	392	9.20e-167	472
WP_056848981.1	iAF987.Gmet_2727	35.9	103	65	1	324	425	293	395	3.87e-17	82.4
WP_056848983.1	iLJ478.TM0282	40.6	352	196	6	3	346	8	354	5.47e-80	248
WP_056848985.1	iPC815.YPO3786	27.1	280	155	9	16	284	6	247	3.19e-14	70.5
WP_056848985.1	iSSON_1240.SSON_4006	27.5	280	154	9	16	284	6	247	5.97e-14	69.7
WP_056848985.1	iSbBS512_1146.SbBS512_E4303	27.1	280	155	9	16	284	6	247	8.17e-14	69.3
WP_056848985.1	iSDY_1059.SDY_3912	27.1	280	155	9	16	284	6	247	8.17e-14	69.3
WP_056848985.1	iSF_1195.SF3909	26.8	280	156	9	16	284	6	247	1.12e-13	68.9
WP_056848985.1	iML1515.b3831	26.8	280	156	9	16	284	6	247	3.88e-13	67.4
WP_056848985.1	STM_v1_0.STM3968	25.5	278	162	8	16	284	6	247	9.84e-13	66.2
WP_056848985.1	iNF517.LLMG_RS08650	37.1	143	74	4	18	158	7	135	1.53e-12	65.5
WP_056848985.1	iYL1228.KPN_04327	25.5	278	162	8	16	284	6	247	2.49e-12	65.1
WP_056848989.1	iSynCJ816.SGL_RS09640	32.7	220	136	7	70	280	79	295	8.43e-21	89.7
WP_056848989.1	iIT341.HP0381	39.2	148	79	4	70	214	68	207	1.02e-18	83.6
WP_056848991.1	iIT341.HP1038	46.9	145	66	3	1	137	1	142	1.27e-42	138
WP_056848991.1	iLJ478.TM0349	48.2	141	69	2	1	139	1	139	1.05e-41	135
WP_056848991.1	iSynCJ816.SGL_RS06095	45.7	138	73	1	2	137	6	143	1.24e-39	130
WP_056848991.1	iAF987.Gmet_0981	44.9	138	74	1	1	136	1	138	5.44e-38	125
WP_056848993.1	iJN1463.PP_1735	24.2	285	209	5	9	290	20	300	1.51e-13	69.3
WP_056848993.1	iCN718.ABAYE_RS16620	25.1	287	203	6	9	290	26	305	1.72e-12	66.2
WP_056848993.1	iSDY_1059.SDY_2576	23.7	274	198	5	20	289	54	320	1.56e-11	63.5
WP_056848993.1	iML1515.b2378	23.7	274	198	5	20	289	32	298	1.86e-11	63.2
WP_056848993.1	iSF_1195.SF2444	23.7	274	198	5	20	289	54	320	2.10e-11	63.2
WP_056848995.1	iSynCJ816.SGL_RS16275	39.2	378	212	7	4	373	3	370	3.55e-82	255
WP_056848995.1	iSynCJ816.SGL_RS16695	36.8	356	209	5	18	371	36	377	2.37e-75	238
WP_056848995.1	iLJ478.TM0561	40.7	312	170	3	61	371	53	350	1.47e-73	232
WP_056848996.1	iYS854.USA300HOU_RS05000	35.1	322	209	0	125	446	134	455	9.54e-63	209
WP_056848996.1	iJN1463.PP_4471	35.4	325	210	0	125	449	156	480	8.79e-60	202
WP_056849005.1	iYO844.BSU26590	26.9	394	269	8	4	390	7	388	6.09e-34	130
WP_056849009.1	iSynCJ816.SGL_RS03345	46.8	314	139	5	3	290	21	332	8.61e-102	301
WP_056849010.1	iML1515.b0353	27.6	239	162	5	58	291	55	287	5.33e-13	69.7
WP_056849010.1	iSSON_1240.SSON_0332	27.6	239	162	5	58	291	70	302	7.52e-13	69.3
WP_056849010.1	iCN718.ABAYE_RS07070	26.8	369	230	17	68	404	82	442	8.75e-11	63.2
WP_056849010.1	iYL1228.KPN_02116	30.6	144	96	2	58	197	54	197	6.97e-11	63.2
WP_056849010.1	iJN1463.PP_3165	29.2	161	105	3	26	182	33	188	1.05e-10	62.8
WP_056849014.1	iML1515.b1985	25.9	451	316	10	3	441	25	469	2.03e-21	96.3
WP_056849016.1	iNF517.LLMG_RS01970	25.3	225	153	4	2	220	77	292	3.69e-22	91.7
WP_056849016.1	iNF517.LLMG_RS12010	31.0	210	127	6	3	210	82	275	3.53e-22	91.7
WP_056849016.1	iYS854.USA300HOU_RS06015	28.0	236	134	7	2	220	81	297	1.60e-20	87.4
WP_056849016.1	iCN900.CD630_25960	27.8	234	147	8	2	224	81	303	1.09e-19	85.1
WP_056849016.1	iNF517.LLMG_RS07670	27.8	234	132	7	2	217	77	291	1.47e-19	84.7
WP_056849016.1	iCN900.CD630_10600	26.6	237	135	7	2	221	83	297	7.35e-19	82.8
WP_056849017.1	iYO844.BSU29710	25.8	252	164	6	16	245	19	269	3.17e-14	72.0
WP_056849019.1	iMM904.YLR231C	45.0	442	208	11	20	427	13	453	5.09e-122	362
WP_056849022.1	iJN1463.PP_1877	52.1	142	67	1	17	157	14	155	1.33e-43	141
WP_056849022.1	iML1515.b1832	46.9	145	76	1	13	156	3	147	5.76e-41	134
WP_056849028.1	STM_v1_0.STM1221	49.7	185	88	3	2	181	42	226	4.31e-48	159
WP_056849030.1	iJN1463.PP_0525	28.9	484	311	15	22	493	46	508	1.94e-37	147
WP_056849030.1	iPC815.YPO3910	26.2	623	400	21	33	625	38	630	1.45e-36	144
WP_056849030.1	STM_v1_0.STM4130	26.2	621	415	22	22	624	17	612	2.90e-33	134
WP_056849031.1	iAF987.Gmet_1092	48.4	289	140	4	6	289	13	297	4.02e-94	280
WP_056849032.1	iAF987.Gmet_0354	28.2	714	428	14	51	702	66	756	7.83e-79	271
WP_056849034.1	iCN900.CD630_27420	33.9	112	59	6	74	182	35	134	1.08e-08	53.9
WP_056849037.1	iCHOv1.100756174	27.9	122	79	4	37	151	66	185	2.00e-04	41.2
WP_056849037.1	iMM1415.18476	27.9	122	79	4	37	151	22	141	1.71e-04	41.2
WP_056849038.1	iYS854.USA300HOU_RS09130	28.2	273	159	8	29	298	9	247	1.93e-18	82.4
WP_056849038.1	iYO844.BSU02130	27.2	276	165	9	34	300	42	290	2.26e-16	77.4
WP_056849042.1	iEK1008.Rv2702	29.2	226	137	10	15	227	23	238	4.09e-19	83.6
WP_056849043.1	iYO844.BSU23860	47.2	466	239	2	10	469	5	469	8.75e-151	437
WP_056849043.1	iLJ478.TM0438	44.9	463	249	3	11	469	5	465	9.74e-145	422
WP_056849043.1	iNF517.LLMG_RS03045	46.6	470	229	5	12	467	7	468	9.89e-143	417
WP_056849043.1	iAM_Pv461.PVX_117745	46.1	466	242	3	11	467	7	472	4.11e-142	415
WP_056849043.1	iAM_Pf480.PF3D7_1454700	46.0	465	243	2	11	467	4	468	5.17e-139	407
WP_056849043.1	iAM_Pb448.PBANKA_131840	45.5	466	244	3	11	467	7	471	2.70e-137	403
WP_056849043.1	iMM904.YHR183W	45.7	473	237	5	12	467	6	475	1.51e-135	399
WP_056849043.1	iSF_1195.SF2091	44.6	464	249	4	10	467	5	466	3.50e-134	395
WP_056849043.1	iSynCJ816.SGL_RS12985	45.7	470	238	7	12	467	7	473	6.21e-134	394
WP_056849043.1	iSDY_1059.SDY_2212	44.6	464	249	4	10	467	5	466	7.00e-134	394
WP_056849043.1	iSSON_1240.SSON_2100	44.6	464	249	4	10	467	5	466	7.00e-134	394
WP_056849043.1	iSbBS512_1146.SbBS512_E1202	44.6	464	249	4	10	467	5	466	9.91e-134	394
WP_056849044.1	iAF987.Gmet_2619	52.8	498	235	0	7	504	9	506	2.65e-194	551
WP_056849045.1	iAF987.Gmet_2618	36.4	236	147	3	5	239	4	237	1.34e-42	144
WP_056849046.1	iCN900.CD630_34910	26.5	306	194	8	2	284	1	298	1.09e-24	100
WP_056849046.1	iAF987.Gmet_0880	25.7	304	198	8	3	284	5	302	1.67e-22	96.7
WP_056849047.1	iML1515.b2501	42.7	694	381	11	1	685	1	686	1.05e-186	545
WP_056849047.1	iSbBS512_1146.SbBS512_E2875	42.7	694	381	11	1	685	1	686	1.05e-186	545
WP_056849047.1	iSDY_1059.SDY_2690	42.7	694	381	11	1	685	1	686	1.05e-186	545
WP_056849047.1	iSSON_1240.SSON_2583	42.7	694	381	11	1	685	1	686	1.49e-186	545
WP_056849047.1	iSF_1195.SF2545	42.5	694	382	11	1	685	1	686	2.11e-186	544
WP_056849047.1	iYL1228.KPN_02826	42.3	691	386	9	1	685	1	684	2.79e-186	544
WP_056849047.1	STM_v1_0.STM2501	42.5	694	382	11	1	685	1	686	5.96e-186	543
WP_056849047.1	iPC815.YPO2836	41.8	691	389	9	1	685	1	684	9.44e-182	532
WP_056849050.1	iYO844.BSU26600	32.6	86	46	3	52	125	49	134	1.67e-05	42.0
WP_056849052.1	iAM_Pb448.PBANKA_091170	36.7	215	116	9	282	487	748	951	6.93e-20	93.6
WP_056849052.1	iAM_Pc455.PCYB_103410	31.0	274	167	7	233	487	330	600	1.03e-19	92.4
WP_056849052.1	iAM_Pv461.PVX_092460	35.6	194	101	7	282	466	931	1109	3.44e-17	85.1
WP_056849053.1	iJN1463.PP_2426	50.6	350	169	3	1	348	1	348	2.76e-126	365
WP_056849053.1	iYO844.BSU27010	54.7	327	146	2	22	348	25	349	2.17e-125	363
WP_056849053.1	iEK1008.Rv3045	52.0	348	165	2	1	348	1	346	7.90e-125	362
WP_056849053.1	iML1515.b0325	49.4	346	171	3	5	348	4	347	7.60e-116	339
WP_056849054.1	iCN900.CD630_20870	28.2	734	469	19	14	700	13	735	8.04e-60	214
WP_056849054.1	iSSON_1240.SSON_3017	26.7	746	490	15	12	705	2	742	2.50e-59	213
WP_056849054.1	iML1515.b2866	26.8	746	489	16	12	705	2	742	2.26e-58	210
WP_056849054.1	iSF_1195.SF2868	26.7	746	490	16	12	705	15	755	6.80e-58	209
WP_056849054.1	iCN900.CD630_20730	26.9	758	482	19	12	705	8	757	4.60e-57	207
WP_056849054.1	iHN637.CLJU_RS11600	26.2	772	482	18	12	705	12	773	7.36e-57	206
WP_056849054.1	iCN900.CD630_20990	26.4	747	489	18	12	705	10	748	2.69e-54	199
WP_056849054.1	iCN900.CD630_20790	28.1	772	463	24	5	705	1	751	4.05e-54	198
WP_056849055.1	iAF987.Gmet_2134	26.4	303	171	6	1	300	3	256	5.76e-19	85.1
WP_056849056.1	iCN900.CD630_20880	48.0	148	75	1	50	197	1	146	8.80e-43	140
WP_056849056.1	iHN637.CLJU_RS11605	46.8	156	81	1	49	204	1	154	3.43e-42	139
WP_056849056.1	iAF987.Gmet_2135	43.6	149	84	0	55	203	16	164	5.52e-42	139
WP_056849056.1	iEK1008.Rv0374c	45.8	144	77	1	55	197	3	146	3.53e-40	134
WP_056849056.1	iYO844.BSU32470	41.1	151	88	1	52	202	13	162	4.80e-38	129
WP_056849059.1	iYL1228.KPN_01590	29.6	186	127	3	8	191	3	186	4.19e-16	75.1
WP_056849059.1	iJN1463.PP_4862	31.1	190	125	3	6	191	3	190	5.79e-15	72.0
WP_056849059.1	iYL1228.KPN_02546	32.0	181	117	3	10	188	12	188	6.30e-14	68.9
WP_056849062.1	iAF987.Gmet_1601	35.1	185	117	1	5	186	6	190	7.96e-30	112
WP_056849062.1	iYS854.USA300HOU_RS06185	35.5	183	114	1	3	181	1	183	1.12e-28	109
WP_056849062.1	iHN637.CLJU_RS17225	33.2	208	130	2	5	203	9	216	1.86e-27	106
WP_056849062.1	iYO844.BSU15910	31.4	185	123	1	5	185	5	189	1.30e-25	101
WP_056849063.1	iYS854.USA300HOU_RS06185	40.6	180	99	3	9	182	7	184	3.20e-30	113
WP_056849063.1	iAF987.Gmet_1601	36.0	189	116	2	5	189	6	193	1.00e-27	107
WP_056849063.1	iMM1415.235033	35.8	187	109	5	9	187	10	193	2.05e-25	102
WP_056849064.1	iAM_Pb448.PBANKA_135800	31.4	51	34	1	36	86	69	118	9.31e-04	37.4
WP_056849064.1	iMM904.YLR043C	44.7	38	19	1	24	61	7	42	9.08e-04	36.6
WP_056849065.1	iML1515.b2175	40.4	136	72	4	28	156	43	176	7.97e-25	94.4
WP_056849069.1	iAF987.Gmet_0986	25.1	255	169	9	4	237	3	256	5.34e-13	66.6
WP_056849070.1	iCN900.CD630_18140	28.8	198	138	3	5	201	6	201	1.98e-22	90.1
WP_056849071.1	iAF987.Gmet_3391	42.6	357	200	3	18	372	2	355	1.54e-99	300
WP_056849073.1	iEK1008.Rv1079	44.8	377	196	5	3	370	14	387	3.27e-104	311
WP_056849073.1	iIT341.HP0106	45.0	382	190	7	1	369	1	375	7.73e-98	295
WP_056849073.1	iYO844.BSU27250	42.2	384	200	6	1	370	1	376	1.23e-93	284
WP_056849075.1	iMM904.YLR303W	58.0	440	165	5	7	432	5	438	3.35e-177	502
WP_056849075.1	iAF987.Gmet_2390	57.8	429	174	2	3	431	4	425	4.82e-173	491
WP_056849076.1	iMM904.YNL277W	33.3	409	188	4	23	346	41	449	8.68e-70	226
WP_056849076.1	iLB1027_lipid.PHATRDRAFT_16499	34.9	358	199	6	21	345	13	369	3.56e-68	218
WP_056849077.1	iCN900.CD630_15800	37.3	308	190	2	1	306	1	307	1.62e-60	201
WP_056849077.1	iLB1027_lipid.PHATRDRAFT_48694	38.2	322	181	4	5	309	10	330	9.79e-60	200
WP_056849077.1	iHN637.CLJU_RS04950	36.0	317	192	3	3	309	2	317	4.71e-59	198
WP_056849077.1	iLB1027_lipid.PHATRDRAFT_26813	36.3	322	187	4	6	309	43	364	1.61e-58	197
WP_056849077.1	iCN900.CD630_11660	37.0	305	187	4	5	306	1	303	9.16e-58	194
WP_056849077.1	iYO844.BSU32260	33.9	322	202	3	3	314	2	322	7.59e-57	192
WP_056849077.1	iCN718.ABAYE_RS17565	34.0	321	203	2	3	315	2	321	2.92e-56	191
WP_056849077.1	iYS854.USA300HOU_RS06750	37.9	314	184	4	3	306	2	314	2.48e-56	191
WP_056849077.1	iNF517.LLMG_RS06750	35.5	318	190	5	5	309	3	318	1.96e-55	188
WP_056849077.1	iAF987.Gmet_1629	33.7	315	196	3	3	306	2	314	9.88e-53	181
WP_056849080.1	iJN1463.PP_3588	26.1	357	245	8	16	365	20	364	5.75e-23	99.4
WP_056849082.1	iAF987.Gmet_0067	56.6	212	88	2	5	214	4	213	2.09e-75	226
WP_056849082.1	iYO844.BSU15790	54.2	212	94	2	5	214	4	214	3.69e-75	226
WP_056849082.1	iCN900.CD630_25750	53.4	208	96	1	5	211	4	211	3.18e-70	213
WP_056849082.1	iHN637.CLJU_RS06205	52.1	213	102	0	5	217	4	216	2.37e-68	208
WP_056849082.1	iPC815.YPO0155	48.8	215	109	1	2	215	3	217	1.03e-66	204
WP_056849083.1	iHN637.CLJU_RS10465	51.4	74	34	2	631	703	480	552	1.30e-10	64.3
WP_056849089.1	iAF987.Gmet_0043	45.8	48	23	2	23	67	214	261	2.50e-04	37.0
WP_056849091.1	iAF987.Gmet_0043	32.5	117	74	1	368	479	151	267	2.60e-11	65.5
WP_056849091.1	iAF987.Gmet_3085	24.9	321	214	9	12	324	204	505	4.33e-11	65.1
WP_056849093.1	iAF692.Mbar_A1138	25.8	236	161	4	5	236	3	228	3.38e-23	98.2
WP_056849095.1	iSbBS512_1146.SbBS512_E0485	31.5	124	68	3	160	268	50	171	2.07e-06	51.6
WP_056849095.1	iML1515.b0584	30.6	124	69	3	160	268	50	171	4.68e-06	50.4
WP_056849095.1	iSDY_1059.SDY_0512	30.6	124	69	3	160	268	50	171	4.68e-06	50.4
WP_056849095.1	iSF_1195.SF0496	30.6	124	69	3	160	268	50	171	4.68e-06	50.4
WP_056849095.1	iSSON_1240.SSON_0534	30.6	124	69	3	160	268	50	171	4.68e-06	50.4
WP_056849095.1	STM_v1_0.STM0585	29.8	124	70	3	160	268	54	175	5.45e-05	47.0
WP_056849095.1	iYL1228.KPN_00602	29.3	123	70	3	160	267	55	175	7.13e-05	46.6
WP_056849097.1	iLJ478.TM1193	23.4	551	332	22	27	527	44	554	1.20e-19	94.7
WP_056849113.1	iML1515.b3656	25.8	550	348	14	145	674	160	669	9.09e-56	205
WP_056849113.1	iYL1228.KPN_00852	26.4	613	389	21	142	718	144	730	3.17e-51	192
WP_056849115.1	iML1515.b1617	19.5	493	303	14	33	492	15	446	5.83e-10	62.8
WP_056849115.1	iLJ478.TM1062	21.0	348	218	10	147	469	75	390	8.69e-09	58.9
WP_056849116.1	iMM904.YNR001C	29.9	127	73	4	110	228	168	286	6.39e-04	40.4
WP_056849121.1	iHN637.CLJU_RS00605	27.8	180	99	5	219	398	44	192	2.60e-12	69.3
WP_056849121.1	iYO844.BSU28510	23.3	484	268	23	224	652	50	485	5.42e-11	65.1
WP_056849122.1	iYO844.BSU28510	53.3	480	219	3	35	513	17	492	2.89e-194	550
WP_056849126.1	iML1515.b1617	24.0	551	350	15	99	605	63	588	6.37e-27	116
WP_056849126.1	iCHOv1.100757362	25.4	639	376	26	33	613	52	647	4.32e-25	110
WP_056849126.1	iLJ478.TM1062	26.5	381	232	12	105	456	52	413	6.40e-25	109
WP_056849126.1	iLJ478.TM1193	25.1	470	270	19	27	452	43	474	1.28e-23	107
WP_056849129.1	iYL1228.KPN_02872	45.8	459	233	3	1	443	22	480	4.16e-129	382
WP_056849130.1	iMM1415.12091	27.6	362	207	10	78	437	52	360	3.42e-27	117
WP_056849130.1	iCHOv1.100767446	38.8	139	84	1	78	215	41	179	1.47e-26	115
WP_056849131.1	iJN1463.PP_2426	57.5	348	147	1	1	347	1	348	1.16e-144	412
WP_056849154.1	iML1515.b0063	49.9	549	251	6	8	546	5	539	7.71e-183	526
WP_056849154.1	iSF_1195.SF0058	49.7	549	252	6	8	546	5	539	7.71e-183	526
WP_056849154.1	iSSON_1240.SSON_0069	49.7	549	252	6	8	546	5	539	1.09e-182	526
WP_056849154.1	iSbBS512_1146.SbBS512_E0055	49.7	549	252	6	8	546	5	539	1.55e-182	525
WP_056849154.1	iPC815.YPO2254	48.1	543	270	6	8	546	14	548	1.29e-181	523
WP_056849154.1	STM_v1_0.STM0103	49.5	548	255	5	8	546	5	539	2.77e-181	522
WP_056849154.1	iSDY_1059.SDY_0090	49.3	542	265	5	8	546	5	539	5.02e-181	521
WP_056849154.1	iYL1228.KPN_00062	49.0	541	268	5	8	546	5	539	1.03e-178	516
WP_056849155.1	iML1515.b0061	52.8	229	107	1	5	232	3	231	1.83e-83	248
WP_056849155.1	iSDY_1059.SDY_0088	52.8	229	107	1	5	232	3	231	1.83e-83	248
WP_056849155.1	iSF_1195.SF0056	52.8	229	107	1	5	232	3	231	2.59e-83	247
WP_056849155.1	iSSON_1240.SSON_0067	52.4	229	108	1	5	232	3	231	5.22e-83	246
WP_056849155.1	iSbBS512_1146.SbBS512_E0053	52.4	229	108	1	5	232	3	231	7.40e-83	246
WP_056849155.1	iYL1228.KPN_00060	52.0	229	109	1	5	232	3	231	2.99e-82	244
WP_056849155.1	STM_v1_0.STM0101	52.4	229	108	1	5	232	3	231	1.21e-81	243
WP_056849155.1	STM_v1_0.STM4388	51.5	233	101	3	5	232	2	227	2.39e-78	234
WP_056849155.1	iSF_1195.SF4353	51.5	229	107	2	5	232	2	227	9.64e-78	233
WP_056849155.1	iML1515.b4198	51.5	229	107	2	5	232	2	227	2.75e-77	232
WP_056849155.1	iSDY_1059.SDY_4367	51.1	229	108	2	5	232	2	227	3.90e-77	231
WP_056849155.1	iPC815.YPO3326	49.3	229	115	1	5	232	3	231	6.09e-77	231
WP_056849155.1	STM_v1_0.STM3677	48.9	229	116	1	5	232	3	231	1.22e-76	230
WP_056849155.1	iSbBS512_1146.SbBS512_E4728	51.1	229	108	2	5	232	2	227	1.11e-76	230
WP_056849155.1	iSSON_1240.SSON_4380	51.1	229	108	2	5	232	2	227	1.11e-76	230
WP_056849155.1	iML1515.b3583	48.5	229	117	1	5	232	3	231	2.83e-75	227
WP_056849155.1	iYL1228.KPN_04591	49.3	229	112	2	5	232	2	227	5.17e-75	226
WP_056849155.1	iCN900.CD630_22780	50.2	229	109	3	5	232	3	227	1.04e-74	225
WP_056849156.1	iLJ478.TM0276	56.2	498	208	2	1	495	1	491	1.01e-207	584
WP_056849156.1	iPC815.YPO2253	56.6	493	213	1	5	496	5	497	6.66e-207	582
WP_056849156.1	iYO844.BSU28800	56.5	496	213	2	1	496	1	493	2.34e-206	580
WP_056849156.1	iYL1228.KPN_00061	56.2	489	213	1	8	495	8	496	3.11e-205	578
WP_056849156.1	STM_v1_0.STM0102	55.8	489	215	1	8	495	8	496	6.37e-200	564
WP_056849156.1	iML1515.b0062	55.2	489	218	1	8	495	8	496	1.82e-199	563
WP_056849156.1	iSSON_1240.SSON_0068	55.2	489	218	1	8	495	8	496	2.58e-199	563
WP_056849156.1	iSDY_1059.SDY_0089	55.0	489	219	1	8	495	8	496	1.48e-198	561
WP_056849156.1	iSbBS512_1146.SbBS512_E0054	55.0	489	219	1	8	495	8	496	8.47e-198	559
WP_056849157.1	iLJ478.TM1724	35.3	252	155	4	3	253	1	245	3.87e-35	125
WP_056849157.1	iHN637.CLJU_RS20765	36.3	251	147	7	7	253	6	247	9.29e-33	119
WP_056849160.1	iYL1228.KPN_03152	41.8	414	234	4	14	421	2	414	7.25e-94	288
WP_056849160.1	iML1515.b2801	41.1	423	242	4	5	421	8	429	3.18e-93	287
WP_056849160.1	iSSON_1240.SSON_2958	41.1	423	242	4	5	421	8	429	3.18e-93	287
WP_056849160.1	iSF_1195.SF2815	41.1	423	242	4	5	421	8	429	4.49e-93	287
WP_056849162.1	iCHOv1.100753544	26.5	155	108	2	20	168	7	161	1.55e-08	55.1
WP_056849163.1	iML1515.b2371	30.2	384	247	9	3	378	9	379	2.56e-48	167
WP_056849164.1	iML1515.b2371	31.6	329	211	7	4	326	9	329	1.74e-47	165
WP_056849170.1	iCHOv1.100767281	28.9	478	298	6	6	442	21	497	1.94e-61	213
WP_056849170.1	iMM1415.20537	28.7	540	328	10	6	492	21	556	2.04e-61	213
WP_056849170.1	iMM1415.246787	29.8	530	306	10	12	483	23	544	1.49e-58	205
WP_056849170.1	iAT_PLT_636.6523	28.0	535	325	10	12	492	28	556	6.88e-58	203
WP_056849170.1	iCHOv1.100770888	28.5	533	313	10	12	485	27	550	4.03e-57	201
WP_056849170.1	iMM1415.230612	29.2	466	294	7	12	442	33	497	1.63e-55	197
WP_056849171.1	iAF987.Gmet_2352	32.7	98	63	2	27	124	31	125	1.22e-07	52.4
WP_056849171.1	STM_v1_0.STM4433	20.9	350	252	11	2	345	4	334	1.81e-06	48.9
WP_056849177.1	iLJ478.TM1193	28.1	893	483	37	40	828	63	900	9.62e-66	239
WP_056849191.1	iCN718.ABAYE_RS00850	22.5	271	191	7	6	269	9	267	9.28e-14	70.1
WP_056849191.1	iYS854.USA300HOU_RS07105	24.4	221	160	4	1	220	1	215	1.90e-12	66.2
WP_056849192.1	iCN900.CD630_22390	25.8	523	344	8	1	516	1	486	5.67e-59	202
WP_056849193.1	iSDY_1059.SDY_0378	23.7	410	250	15	61	437	29	408	1.20e-13	75.5
WP_056849193.1	iSSON_1240.SSON_0299	23.4	410	251	15	61	437	84	463	4.78e-13	73.6
WP_056849193.1	iML1515.b0344	23.4	410	251	15	61	437	84	463	7.24e-12	69.7
WP_056849198.1	iLJ478.TM1724	34.5	249	151	2	4	248	3	243	2.36e-45	152
WP_056849198.1	iYO844.BSU15910	36.4	250	146	4	4	248	2	243	1.09e-39	137
WP_056849199.1	iYL1228.KPN_04788	44.0	200	104	1	73	272	46	237	1.10e-50	167
WP_056849199.1	STM_v1_0.STM1101	41.3	206	113	1	67	272	219	416	3.45e-46	160
WP_056849199.1	iCHOv1.100766004	39.5	210	115	3	73	279	17	217	8.30e-48	158
WP_056849199.1	iSbBS512_1146.SbBS512_E4890	42.5	200	107	1	73	272	225	416	5.06e-45	157
WP_056849199.1	iSF_1195.SF4384	42.5	200	107	1	73	272	225	416	5.06e-45	157
WP_056849199.1	iSSON_1240.SSON_4499	42.5	200	107	1	73	272	225	416	5.06e-45	157
WP_056849202.1	iML1515.b3605	34.2	371	233	7	17	381	7	372	3.59e-64	209
WP_056849202.1	iSbBS512_1146.SbBS512_E4031	34.2	371	233	7	17	381	7	372	3.59e-64	209
WP_056849202.1	iSDY_1059.SDY_4038	34.2	371	233	7	17	381	7	372	3.59e-64	209
WP_056849202.1	iSF_1195.SF3644	34.2	371	233	7	17	381	7	372	3.59e-64	209
WP_056849202.1	iSSON_1240.SSON_3800	34.2	371	233	7	17	381	7	372	3.59e-64	209
WP_056849202.1	iCN718.ABAYE_RS18840	34.4	346	223	3	18	362	8	350	1.41e-63	207
WP_056849202.1	iEK1008.Rv1872c	33.1	372	240	3	15	385	36	399	4.41e-63	207
WP_056849202.1	iPC815.YPO1569	34.2	339	219	3	18	355	8	343	2.87e-62	204
WP_056849202.1	STM_v1_0.STM3694	33.2	367	239	5	17	381	7	369	5.97e-62	204
WP_056849202.1	iYL1228.KPN_03949	32.7	352	233	3	17	367	7	355	6.14e-61	201
WP_056849202.1	iJN1463.PP_4736	33.0	351	231	3	18	367	8	355	2.61e-59	196
WP_056849203.1	iLJ478.TM0282	50.0	348	160	7	42	382	13	353	2.41e-107	319
WP_056849203.1	iCN718.ABAYE_RS14110	42.3	395	196	8	1	381	1	377	4.34e-95	288
WP_056849204.1	iCN900.CD630_21890	31.0	184	118	5	10	187	4	184	4.16e-20	84.7
WP_056849204.1	iAF692.Mbar_A0742	28.3	187	124	7	10	193	4	183	9.19e-19	80.9
WP_056849204.1	iYO844.BSU34550	32.1	184	116	5	10	187	3	183	1.15e-17	78.2
WP_056849205.1	iSynCJ816.SGL_RS14875	32.5	123	78	3	14	135	10	128	4.08e-10	56.2
WP_056849208.1	iLJ478.TM1751	22.4	286	141	9	101	344	40	286	5.86e-14	72.8
WP_056849208.1	iLJ478.TM1752	24.9	285	146	16	103	344	33	292	2.83e-13	70.9
WP_056849221.1	iPC815.YPO0444	28.7	181	115	6	5	175	231	407	7.87e-11	59.3
WP_056849229.1	iAF987.Gmet_1919	39.1	128	78	0	1	128	1	128	4.33e-18	85.1
WP_056849229.1	iAF987.Gmet_1914	33.1	124	83	0	4	127	3	126	1.25e-17	84.7
WP_056849234.1	iAF987.Gmet_2760	45.8	310	168	0	12	321	15	324	6.71e-99	294
WP_056849234.1	iSynCJ816.SGL_RS12345	43.9	328	176	2	2	321	13	340	2.56e-92	278
WP_056849234.1	iAT_PLT_636.5161	46.8	316	162	5	12	325	60	371	2.71e-89	272
WP_056849234.1	iAT_PLT_636.5160	45.2	321	170	4	6	324	94	410	7.03e-88	270
WP_056849234.1	iCHOv1.100774853	44.9	321	171	4	6	324	56	372	6.51e-88	268
WP_056849234.1	iMM1415.18597	44.9	321	171	4	6	324	56	372	6.51e-88	268
WP_056849243.1	iEK1008.Rv0958	47.0	355	179	3	5	359	9	354	7.77e-106	323
WP_056849248.1	iSF_1195.SF3464	48.9	536	269	4	41	573	47	580	1.98e-167	488
WP_056849248.1	iML1515.b3447	48.7	536	270	4	41	573	47	580	7.95e-167	486
WP_056849248.1	iSDY_1059.SDY_3595	48.7	536	270	4	41	573	48	581	1.16e-166	486
WP_056849248.1	STM_v1_0.STM3551	49.1	534	267	4	43	573	49	580	1.59e-166	485
WP_056849248.1	iIT341.HP1118	49.1	529	265	2	41	565	36	564	1.47e-166	485
WP_056849248.1	iYL1228.KPN_03807	49.0	537	267	5	41	573	39	572	1.74e-166	485
WP_056849249.1	iSynCJ816.SGL_RS18325	25.1	303	204	6	3	289	16	311	9.85e-18	81.6
WP_056849249.1	iCN900.CD630_23560	25.8	322	200	11	3	298	5	313	3.22e-15	74.3
WP_056849249.1	iNF517.LLMG_RS08000	26.1	295	204	8	3	286	6	297	5.61e-15	73.6
WP_056849252.1	iAF692.Mbar_A0964	26.1	92	68	0	31	122	54	145	5.23e-12	60.5
WP_056849253.1	iJN1463.PP_1494	23.8	122	89	2	7	126	20	139	4.61e-05	43.1
WP_056849257.1	iCN718.ABAYE_RS14690	33.3	429	256	11	4	424	2	408	2.78e-52	180
WP_056849257.1	iCN900.CD630_11840	31.9	430	264	12	3	423	2	411	6.28e-50	174
WP_056849257.1	iAF987.Gmet_1603	33.7	424	260	12	4	422	2	409	1.64e-49	172
WP_056849257.1	iJN1463.PP_1916	30.0	427	280	10	1	423	1	412	6.79e-49	171
WP_056849257.1	iML1515.b2323	32.1	424	261	10	4	422	2	403	1.17e-46	165
WP_056849257.1	iYL1228.KPN_02713	32.2	426	262	10	4	424	2	405	1.17e-46	165
WP_056849257.1	STM_v1_0.STM2378	31.7	423	264	9	4	422	2	403	1.12e-46	165
WP_056849257.1	iYO844.BSU11340	31.7	429	269	12	1	423	1	411	3.68e-46	164
WP_056849257.1	iSbBS512_1146.SbBS512_E2701	31.8	424	262	10	4	422	2	403	4.43e-46	163
WP_056849257.1	iSDY_1059.SDY_2522	31.8	424	262	10	4	422	2	403	4.43e-46	163
WP_056849257.1	iSSON_1240.SSON_2381	31.8	424	262	10	4	422	2	403	4.43e-46	163
WP_056849257.1	iSF_1195.SF2399	31.8	424	262	10	4	422	2	403	9.96e-46	162
WP_056849270.1	iCN900.CD630_01030	35.7	241	150	3	8	246	6	243	5.47e-38	132
WP_056849270.1	iYS854.USA300HOU_RS12020	30.2	242	165	2	5	244	2	241	2.50e-34	124
WP_056849275.1	iLJ478.TM1062	24.1	582	352	17	78	630	42	562	4.17e-37	147
WP_056849278.1	iJN1463.PP_1494	43.1	72	39	2	45	114	53	124	1.77e-08	51.2
WP_056849285.1	iPC815.YPO0557	32.7	327	191	6	1	323	1	302	1.27e-52	175
WP_056849285.1	iSDY_1059.SDY_0122	32.5	329	191	7	1	324	1	303	7.67e-51	170
WP_056849285.1	iSbBS512_1146.SbBS512_E0085	32.5	329	191	7	1	324	1	303	1.08e-50	170
WP_056849285.1	iML1515.b0092	32.5	329	191	7	1	324	1	303	1.52e-50	169
WP_056849285.1	iSSON_1240.SSON_0100	32.5	329	191	7	1	324	1	303	1.52e-50	169
WP_056849285.1	iSF_1195.SF0089	32.2	329	192	7	1	324	1	303	5.95e-50	168
WP_056849285.1	STM_v1_0.STM0130	31.4	328	196	6	1	324	1	303	3.56e-48	163
WP_056849285.1	iAF987.Gmet_0415	34.2	304	172	8	3	306	9	284	2.35e-45	162
WP_056849285.1	iYL1228.KPN_00096	32.4	327	192	6	1	323	1	302	7.04e-48	162
WP_056849285.1	iCN900.CD630_16260	27.9	362	218	7	3	324	4	362	1.18e-46	161
WP_056849285.1	iCN900.CD630_14080	32.0	325	190	8	5	327	3	298	1.77e-46	159
WP_056849289.1	iAF987.Gmet_1425	30.0	270	130	6	29	285	198	421	3.99e-24	100
WP_056849289.1	iYL1228.KPN_03225	29.7	249	141	8	33	279	190	406	7.04e-21	91.3
WP_056849290.1	iYO844.BSU00900	35.6	225	141	3	1	221	1	225	1.39e-43	145
WP_056849290.1	iCN900.CD630_00470	34.7	222	139	5	3	219	2	222	6.93e-39	134
WP_056849292.1	iCN900.CD630_09020	28.5	253	165	5	17	266	45	284	1.13e-28	111
WP_056849293.1	iSynCJ816.SGL_RS08445	25.4	272	175	7	17	263	28	296	7.42e-06	46.2
WP_056849295.1	iNF517.LLMG_RS11210	49.5	366	182	2	21	383	31	396	1.19e-115	342
WP_056849295.1	iYO844.BSU38200	45.9	366	195	2	21	383	22	387	5.99e-103	309
WP_056849300.1	iYO844.BSU11340	52.2	416	190	5	2	415	4	412	8.95e-138	400
WP_056849300.1	iPC815.YPO1601	49.2	419	196	5	2	413	4	412	1.07e-128	377
WP_056849300.1	iSbBS512_1146.SbBS512_E2229	49.9	419	193	5	2	413	4	412	3.03e-128	375
WP_056849300.1	iSSON_1240.SSON_1115	49.9	419	193	5	2	413	4	412	4.29e-128	375
WP_056849300.1	iML1515.b1095	49.6	419	194	5	2	413	4	412	1.73e-127	374
WP_056849300.1	iSF_1195.SF1099	49.6	419	194	5	2	413	4	412	1.73e-127	374
WP_056849300.1	iSDY_1059.SDY_2055	49.6	419	194	5	2	413	4	412	2.44e-127	373
WP_056849300.1	STM_v1_0.STM1197	49.4	419	195	5	2	413	4	412	2.79e-126	370
WP_056849300.1	iSynCJ816.SGL_RS05665	47.1	416	212	4	2	415	7	416	6.18e-126	370
WP_056849300.1	iAF987.Gmet_1603	47.7	415	209	4	1	413	1	409	1.44e-125	369
WP_056849300.1	iYL1228.KPN_01093	49.2	419	196	5	2	413	4	412	1.59e-125	369
WP_056849300.1	iCN900.CD630_11840	48.0	415	208	4	2	414	3	411	3.09e-125	368
WP_056849300.1	iYS854.USA300HOU_RS04880	47.7	419	204	6	2	415	5	413	1.88e-124	366
WP_056849300.1	iJN1463.PP_1916	47.5	415	210	4	2	414	4	412	1.51e-123	363
WP_056849305.1	iML1515.b4358	42.4	337	192	2	1	336	4	339	3.18e-89	270
WP_056849305.1	iSSON_1240.SSON_4504	42.4	337	192	2	1	336	9	344	3.71e-89	270
WP_056849305.1	iSbBS512_1146.SbBS512_E4898	42.1	337	193	2	1	336	4	339	9.00e-89	269
WP_056849316.1	iML1515.b2155	31.1	148	80	8	109	246	35	170	3.72e-05	47.0
WP_056849316.1	iSSON_1240.SSON_2211	31.1	148	80	8	109	246	35	170	3.72e-05	47.0
WP_056849341.1	iYS854.USA300HOU_RS14570	24.4	570	329	24	1	530	5	512	2.74e-21	97.1
WP_056849341.1	iCN900.CD630_04310	25.6	562	284	24	2	529	5	466	2.64e-18	87.4
WP_056849342.1	STM_v1_0.STM2232	24.1	315	202	11	12	310	4	297	6.98e-10	60.1
WP_056849342.1	iYS854.USA300HOU_RS13930	26.1	326	190	14	18	311	21	327	1.63e-09	58.9
WP_056849346.1	iCN900.CD630_34400	34.7	303	164	4	1	285	1	287	2.81e-55	180
WP_056849355.1	iYO844.BSU39780	33.0	315	201	5	3	314	1	308	9.96e-47	160
WP_056849361.1	iML1515.b0957	35.1	94	57	2	542	631	220	313	1.63e-09	59.7
WP_056849361.1	iSbBS512_1146.SbBS512_E2359	35.1	94	57	2	542	631	220	313	1.63e-09	59.7
WP_056849361.1	iSDY_1059.SDY_0930	35.1	94	57	2	542	631	224	317	1.67e-09	59.7
WP_056849361.1	iSF_1195.SF0957	35.1	94	57	2	542	631	222	315	1.65e-09	59.7
WP_056849361.1	iSSON_1240.SSON_0961	35.1	94	57	2	542	631	220	313	1.63e-09	59.7
WP_056849365.1	iEK1008.Rv2051c	47.3	226	119	0	5	230	613	838	2.84e-60	203
WP_056849366.1	iML1515.b3496	29.1	470	314	10	25	486	13	471	1.54e-54	190
WP_056849366.1	iSbBS512_1146.SbBS512_E3826	29.1	470	314	10	25	486	13	471	1.54e-54	190
WP_056849366.1	iSSON_1240.SSON_3731	29.1	470	314	10	25	486	13	471	1.54e-54	190
WP_056849366.1	iSDY_1059.SDY_1857	27.5	459	318	7	1	457	1	446	3.73e-54	189
WP_056849366.1	iML1515.b1634	27.7	459	317	7	1	457	1	446	7.22e-54	188
WP_056849366.1	iSbBS512_1146.SbBS512_E1824	27.7	459	317	7	1	457	1	446	7.22e-54	188
WP_056849366.1	iSF_1195.SF1659	27.5	459	318	7	1	457	1	446	7.22e-54	188
WP_056849366.1	iSSON_1240.SSON_1524	27.7	459	317	7	1	457	1	446	7.22e-54	188
WP_056849366.1	iYS854.USA300HOU_RS03930	32.9	447	269	15	24	448	22	459	1.42e-53	187
WP_056849366.1	iSDY_1059.SDY_3566	28.6	416	281	8	25	433	13	419	1.42e-48	172
WP_056849367.1	iYS854.USA300HOU_RS03930	29.9	581	298	14	18	589	21	501	6.30e-61	209
WP_056849369.1	iLB1027_lipid.PHATRDRAFT_23913	54.8	400	167	7	1	391	1	395	1.25e-134	390
WP_056849369.1	iMM904.YPL028W	54.6	399	169	6	2	391	3	398	3.29e-130	379
WP_056849369.1	iMM1415.110446	54.2	393	174	4	1	391	36	424	3.13e-129	377
WP_056849369.1	iCHOv1.100770936	53.4	393	177	4	1	391	36	424	2.04e-127	373
WP_056849369.1	iAT_PLT_636.38	53.9	393	175	4	1	391	39	427	3.19e-127	372
WP_056849369.1	iAF987.Gmet_2074	49.5	392	196	2	1	391	1	391	1.55e-121	357
WP_056849369.1	iCN718.ABAYE_RS03735	50.8	390	190	2	1	389	1	389	6.25e-121	355
WP_056849372.1	iYO844.BSU02130	24.6	321	174	9	14	323	30	293	4.24e-14	71.2
WP_056849372.1	iYS854.USA300HOU_RS09130	23.9	301	168	10	19	318	7	247	2.94e-13	68.2
WP_056849389.1	iJN1463.PP_2943	36.7	283	161	7	51	322	31	306	1.08e-45	159
WP_056849389.1	iAF987.Gmet_3091	38.6	241	141	4	73	307	46	285	4.54e-43	152
WP_056849393.1	iJN1463.PP_2000	24.2	512	283	19	37	533	17	438	4.34e-25	108
WP_056849393.1	iPC815.YPO2772	27.2	489	250	21	40	513	21	418	2.56e-23	103
WP_056849396.1	iIT341.HP1174	29.8	453	237	11	16	455	13	397	1.85e-44	160
WP_056849397.1	iAF692.Mbar_A0853	39.5	167	80	4	1	156	1	157	2.85e-34	117
WP_056849397.1	iLJ478.TM0404	43.4	152	67	4	3	146	52	192	2.52e-30	108
WP_056849397.1	iCN900.CD630_34770	35.8	151	80	3	4	147	2	142	3.21e-30	106
WP_056849398.1	iAF987.Gmet_2292	54.2	513	229	5	3	509	8	520	3.90e-197	558
WP_056849398.1	iSF_1195.SF2553	54.6	520	223	6	2	509	7	525	1.24e-194	552
WP_056849398.1	iML1515.b2507	54.6	520	223	6	2	509	7	525	2.48e-194	551
WP_056849398.1	iSDY_1059.SDY_2703	54.4	520	224	6	2	509	7	525	1.00e-193	550
WP_056849398.1	iSbBS512_1146.SbBS512_E2882	54.2	520	225	6	2	509	7	525	1.42e-193	550
WP_056849398.1	iSSON_1240.SSON_2589	54.4	520	224	6	2	509	7	525	2.86e-193	549
WP_056849398.1	STM_v1_0.STM2510	53.7	521	226	6	2	509	7	525	1.88e-191	544
WP_056849398.1	iYL1228.KPN_02833	53.2	521	229	7	2	509	7	525	3.53e-189	538
WP_056849398.1	iPC815.YPO2870	53.7	521	226	7	2	509	7	525	1.33e-186	532
WP_056849398.1	iCN718.ABAYE_RS18570	52.3	514	239	4	2	509	9	522	1.47e-182	521
WP_056849398.1	iCN900.CD630_01980	51.7	513	237	8	3	509	4	511	2.88e-182	520
WP_056849398.1	iJN1463.PP_1032	51.7	518	237	6	4	509	9	525	9.33e-182	520
WP_056849398.1	iMM904.YMR217W	51.5	517	242	5	1	509	10	525	7.56e-181	517
WP_056849398.1	iSynCJ816.SGL_RS13520	48.5	515	254	4	5	509	29	542	5.42e-180	516
WP_056849398.1	iHN637.CLJU_RS18300	50.5	511	247	5	2	509	3	510	3.67e-180	515
WP_056849398.1	iLB1027_lipid.PHATRDRAFT_27735	51.6	519	238	7	4	509	20	538	1.25e-177	509
WP_056849398.1	iIT341.HP0409	51.6	510	239	6	5	509	2	508	1.82e-177	508
WP_056849400.1	iAM_Pf480.PF3D7_1020400	38.1	63	38	1	297	359	481	542	2.11e-05	46.2
WP_056849400.1	iAM_Pc455.PCYB_061470	32.2	90	59	2	297	385	389	477	7.91e-05	44.3
WP_056849400.1	iAM_Pv461.PVX_001880	37.7	69	41	2	297	364	432	499	1.91e-04	43.1
WP_056849403.1	iHN637.CLJU_RS02325	43.1	469	250	6	4	471	6	458	2.51e-118	355
WP_056849403.1	iHN637.CLJU_RS10530	43.7	474	248	7	1	471	1	458	3.55e-118	354
WP_056849403.1	iHN637.CLJU_RS02330	42.1	466	253	8	4	468	6	455	1.54e-111	337
WP_056849404.1	iAF987.Gmet_3239	45.2	710	353	10	4	706	1	681	1.69e-184	541
WP_056849404.1	iAF692.Mbar_A0186	44.6	718	338	10	5	710	1	670	1.57e-184	541
WP_056849404.1	iLB1027_lipid.PHATRDRAFT_15815	50.0	672	301	8	36	703	1	641	6.73e-179	526
WP_056849404.1	iLJ478.TM0174	43.9	732	350	11	8	700	6	715	5.71e-170	506
WP_056849405.1	iCHOv1.100770731	31.5	464	279	8	11	471	38	465	6.26e-56	194
WP_056849405.1	iMM1415.50934	30.6	464	283	8	11	471	36	463	1.56e-55	193
WP_056849405.1	iYS854.USA300HOU_RS07350	28.8	469	294	7	11	477	8	438	3.43e-54	187
WP_056849405.1	iCHOv1.100768258	30.4	480	284	12	6	478	91	527	4.25e-50	179
WP_056849405.1	iMM1415.20540	30.6	480	283	12	6	478	53	489	2.23e-50	179
WP_056849407.1	iNF517.LLMG_RS04645	51.4	403	184	8	40	435	5	402	4.19e-119	354
WP_056849407.1	iHN637.CLJU_RS01975	47.6	401	200	4	40	436	8	402	8.37e-118	350
WP_056849407.1	iAF987.Gmet_0695	46.9	431	196	7	29	435	63	484	2.88e-113	342
WP_056849407.1	iAF692.Mbar_A0157	45.6	395	208	4	43	435	9	398	1.76e-110	332
WP_056849407.1	iYO844.BSU36510	46.6	406	208	5	40	442	5	404	1.54e-108	327
WP_056849407.1	iAF692.Mbar_A0158	47.5	398	199	5	38	435	5	392	2.79e-107	323
WP_056849417.1	iCN900.CD630_04310	23.3	541	312	19	17	531	14	477	5.40e-22	99.0
WP_056849420.1	iCN900.CD630_20200	41.6	884	413	10	4	819	5	853	5.15e-213	625
WP_056849430.1	iYO844.BSU15700	46.8	402	206	4	1	397	1	399	6.81e-110	328
WP_056849430.1	iJN1463.PP_5285	45.8	395	208	4	2	393	4	395	2.12e-102	308
WP_056849430.1	iCN718.ABAYE_RS03170	44.9	405	210	5	1	393	7	410	2.95e-100	303
WP_056849430.1	iYS854.USA300HOU_RS06085	44.4	390	211	2	5	389	2	390	7.66e-99	299
WP_056849433.1	iYS854.USA300HOU_RS07595	22.4	348	243	12	1	335	1	334	1.79e-14	74.7
WP_056849443.1	iCHOv1.100769832	38.9	113	61	1	3	107	30	142	1.08e-21	83.6
WP_056849448.1	iJN1463.PP_1226	25.4	197	128	8	9	186	9	205	1.61e-04	40.8
WP_056849463.1	iMM1415.18453	20.3	133	88	3	29	161	353	467	2.37e-04	40.8
WP_056849463.1	iCHOv1.100689433	19.5	133	89	3	29	161	326	440	7.61e-04	39.3
WP_056849472.1	iYO844.BSU06510	37.4	190	109	3	3	187	2	186	9.80e-36	123
WP_056849472.1	iYS854.USA300HOU_RS05340	36.5	192	109	4	4	188	3	188	1.62e-35	122
WP_056849472.1	iAF692.Mbar_A1295	37.5	184	108	4	2	179	8	190	1.23e-32	115
WP_056849472.1	iNF517.LLMG_RS05025	36.2	188	105	4	4	187	2	178	9.70e-33	115
WP_056849481.1	iAF987.Gmet_1416	37.0	817	480	16	1	798	1	801	2.24e-156	475
WP_056849481.1	iYL1228.KPN_02175	36.3	813	484	18	1	798	1	794	3.52e-153	466
WP_056849481.1	STM_v1_0.STM1338	35.3	810	496	16	1	798	1	794	9.83e-153	465
WP_056849481.1	iPC815.YPO2428	35.6	811	492	16	1	798	1	794	8.39e-151	460
WP_056849481.1	iSF_1195.SF1518	36.0	812	488	18	1	798	1	794	3.30e-150	459
WP_056849481.1	iSSON_1240.SSON_1445	36.0	812	488	18	1	798	1	794	4.64e-150	458
WP_056849481.1	iSbBS512_1146.SbBS512_E1955	36.0	812	488	18	1	798	1	794	2.56e-149	456
WP_056849481.1	iSDY_1059.SDY_1808	35.8	812	489	18	1	798	1	794	5.08e-149	456
WP_056849485.1	iJN1463.PP_1382	28.5	151	97	4	20	169	10	150	1.14e-11	59.7
WP_056849494.1	iYO844.BSU37170	52.9	374	176	0	6	379	2	375	6.50e-131	380
WP_056849494.1	iCN900.CD630_10540	50.9	369	181	0	14	382	9	377	5.44e-127	370
WP_056849494.1	iYO844.BSU24150	50.7	373	184	0	10	382	4	376	1.84e-125	366
WP_056849494.1	iYO844.BSU18260	50.8	378	185	1	6	382	2	379	8.77e-124	362
WP_056849498.1	iSynCJ816.SGL_RS10925	69.7	399	115	2	1	394	1	398	8.79e-202	561
WP_056849504.1	iJN1463.PP_1689	25.3	407	283	9	16	407	21	421	7.22e-36	135
WP_056849509.1	iHN637.CLJU_RS11360	25.7	136	91	4	11	139	207	339	5.76e-07	48.5
WP_056849511.1	iCN718.ABAYE_RS05125	53.1	277	110	7	3	266	2	271	2.90e-61	194
WP_056849511.1	iYL1228.KPN_00179	50.0	272	122	5	5	266	4	271	1.20e-54	177
WP_056849511.1	STM_v1_0.STM0213	50.0	272	122	5	5	266	4	271	3.39e-54	176
WP_056849511.1	iSDY_1059.SDY_0182	48.5	272	126	4	5	266	4	271	3.39e-54	176
WP_056849511.1	iML1515.b0166	50.2	273	120	7	5	266	4	271	6.75e-54	175
WP_056849511.1	iSF_1195.SF0156	50.2	273	120	7	5	266	4	271	6.75e-54	175
WP_056849511.1	iSSON_1240.SSON_0178	50.2	273	120	7	5	266	4	271	6.75e-54	175
WP_056849511.1	iSbBS512_1146.SbBS512_E0158	50.2	273	120	7	5	266	4	271	9.53e-54	175
WP_056849514.1	iAF692.Mbar_A3057	57.6	151	63	1	8	158	8	157	6.68e-60	182
WP_056849514.1	iYO844.BSU13170	49.7	155	78	0	4	158	2	156	5.78e-56	172
WP_056849518.1	iCN900.CD630_01030	31.5	241	156	6	7	243	8	243	3.05e-29	110
WP_056849518.1	iYS854.USA300HOU_RS12020	29.1	244	167	4	1	241	1	241	2.75e-28	108
WP_056849518.1	iNF517.LLMG_RS02350	30.2	252	167	8	2	247	3	251	2.86e-28	108
WP_056849521.1	iHN637.CLJU_RS20535	44.7	255	130	3	20	268	232	481	4.48e-65	210
WP_056849521.1	iCN900.CD630_34970	41.0	268	146	4	6	267	220	481	9.87e-64	206
WP_056849521.1	iAF987.Gmet_2399	41.2	262	144	3	12	268	3	259	1.89e-64	202
WP_056849521.1	iLJ478.TM0913	42.0	255	131	4	17	266	8	250	8.40e-61	192
WP_056849524.1	iML1515.b1601	27.9	129	93	0	221	349	215	343	3.43e-07	51.2
WP_056849525.1	iYO844.BSU39780	34.9	324	181	8	1	311	1	307	6.41e-50	167
WP_056849529.1	iSynCJ816.SGL_RS16100	51.5	619	281	8	46	654	112	721	2.21e-192	560
WP_056849529.1	iCN900.CD630_03130	49.5	582	285	7	78	654	218	795	4.24e-177	523
WP_056849529.1	iYO844.BSU33490	49.7	586	287	6	76	656	118	700	1.96e-174	513
WP_056849531.1	iCN900.CD630_32560	42.2	919	466	19	2	895	5	883	1.60e-239	695
WP_056849531.1	iHN637.CLJU_RS17105	42.8	904	446	20	3	880	7	865	1.68e-237	690
WP_056849531.1	iLJ478.TM1817	42.6	883	459	16	3	877	4	846	1.26e-232	677
WP_056849531.1	iAF987.Gmet_0956	41.0	913	478	18	3	892	6	880	1.47e-225	659
WP_056849531.1	iNF517.LLMG_RS12325	39.8	919	481	15	3	895	5	877	9.40e-225	657
WP_056849531.1	iYS854.USA300HOU_RS08810	39.9	908	477	16	1	884	1	863	1.49e-219	644
WP_056849531.1	iSynCJ816.SGL_RS16980	39.9	939	488	19	2	896	4	910	4.30e-216	636
WP_056849533.1	STM_v1_0.STM4425	25.7	191	133	4	41	229	3	186	1.15e-09	59.3
WP_056849536.1	STM_v1_0.STM4425	25.8	198	130	3	32	229	3	183	1.92e-13	70.5
WP_056849543.1	iAF987.Gmet_0769	34.8	135	88	0	17	151	9	143	8.99e-23	88.2
WP_056849543.1	iMM1415.74156	33.8	139	92	0	14	152	11	149	7.64e-21	88.2
WP_056849543.1	iCHOv1.100752768	33.1	139	93	0	14	152	11	149	9.06e-20	85.1
WP_056849543.1	iCHOv1.100755154	34.2	146	93	2	18	160	174	319	1.20e-19	83.6
WP_056849544.1	iJN1463.PP_4298	30.0	230	155	3	58	284	15	241	3.26e-23	95.9
WP_056849544.1	STM_v1_0.STM0518	38.3	120	72	1	167	284	122	241	1.13e-21	91.7
WP_056849544.1	iML1515.b0508	36.4	140	86	2	165	302	120	258	2.08e-20	88.2
WP_056849544.1	iSSON_1240.SSON_0503	37.7	122	74	1	165	284	120	241	5.91e-20	87.4
WP_056849546.1	iYO844.BSU39700	24.2	227	134	6	41	264	2	193	3.16e-04	42.4
WP_056849546.1	iYL1228.KPN_04675	26.7	180	103	7	120	296	96	249	3.29e-04	42.4
WP_056849547.1	iJN1463.PP_4215	34.7	193	106	6	39	219	54	238	4.15e-22	94.0
WP_056849549.1	iJN1463.PP_3597	29.6	216	127	6	322	514	20	233	9.84e-18	83.2
WP_056849549.1	iCN900.CD630_04310	23.7	539	316	17	2	516	5	472	6.53e-16	80.5
WP_056849549.1	iCN900.CD630_14890	24.0	221	146	3	322	520	1	221	8.46e-16	78.6
WP_056849549.1	iAF692.Mbar_A1305	30.3	198	117	5	338	516	18	213	1.18e-15	78.6
WP_056849549.1	iCN900.CD630_35270	30.7	212	128	5	323	516	4	214	2.28e-15	77.4
WP_056849549.1	iYO844.BSU02860	25.9	255	125	9	1	231	3	217	7.41e-16	77.0
WP_056849549.1	iYS854.USA300HOU_RS01050	21.7	415	248	13	140	520	135	506	9.31e-15	77.0
WP_056849549.1	iYS854.USA300HOU_RS14570	23.5	548	348	22	1	514	5	515	1.35e-14	76.6
WP_056849549.1	iYS854.USA300HOU_RS13040	26.5	223	126	6	322	514	1	215	3.07e-15	75.5
WP_056849549.1	iLJ478.TM0191	29.5	210	131	5	322	514	1	210	3.91e-15	75.5
WP_056849550.1	iSbBS512_1146.SbBS512_E2835	58.4	190	77	1	4	193	3	190	6.50e-77	228
WP_056849550.1	iSSON_1240.SSON_2547	58.4	190	77	1	4	193	3	190	6.50e-77	228
WP_056849550.1	iSDY_1059.SDY_2650	57.9	190	78	1	4	193	3	190	1.31e-76	227
WP_056849550.1	iSF_1195.SF2509	57.9	190	78	1	4	193	3	190	1.31e-76	227
WP_056849550.1	iML1515.b2467	57.9	190	78	1	4	193	3	190	2.64e-76	226
WP_056849550.1	iYL1228.KPN_02801	56.6	189	80	1	5	193	4	190	1.35e-75	225
WP_056849550.1	STM_v1_0.STM2477	56.3	190	81	1	4	193	3	190	6.15e-75	223
WP_056849552.1	iJN1463.PP_1803	26.4	182	107	6	3	164	6	180	7.38e-06	45.4
WP_056849552.1	iAT_PLT_636.645	31.1	106	67	3	2	104	5	107	8.54e-06	44.7
WP_056849552.1	iNF517.LLMG_RS11200	26.3	160	103	4	1	151	1	154	5.89e-05	42.7
WP_056849552.1	iYL1228.KPN_00773	23.0	196	118	8	1	168	1	191	8.06e-05	42.4
WP_056849553.1	iPC815.YPO1415	46.5	340	168	6	2	337	3	332	7.98e-93	280
WP_056849553.1	iML1515.b0945	45.7	346	162	6	2	337	3	332	1.60e-92	279
WP_056849553.1	iSbBS512_1146.SbBS512_E2372	45.7	346	162	6	2	337	3	332	1.60e-92	279
WP_056849553.1	iSSON_1240.SSON_0949	45.7	346	162	6	2	337	3	332	1.60e-92	279
WP_056849553.1	iSF_1195.SF0946	45.7	346	162	6	2	337	3	332	2.26e-92	278
WP_056849553.1	iSDY_1059.SDY_0918	45.7	346	162	6	2	337	3	332	3.20e-92	278
WP_056849553.1	STM_v1_0.STM1058	44.7	342	171	7	2	337	3	332	1.46e-90	274
WP_056849553.1	iYL1228.KPN_00974	45.9	340	170	6	2	337	3	332	2.07e-90	273
WP_056849553.1	iSynCJ816.SGL_RS17005	43.9	342	178	4	11	341	17	355	1.50e-87	268
WP_056849553.1	iCN718.ABAYE_RS06810	43.8	345	177	6	1	341	2	333	5.69e-87	265
WP_056849553.1	iCHOv1.100756632	49.5	299	141	5	50	341	78	373	3.63e-86	265
WP_056849553.1	iEK1008.Rv2139	43.7	343	184	4	1	343	1	334	1.16e-86	265
WP_056849553.1	iJN1463.PP_2095	44.2	339	175	4	1	335	1	329	6.86e-87	265
WP_056849553.1	iMM1415.56749	45.8	336	163	8	13	341	50	373	2.30e-84	260
WP_056849560.1	iHN637.CLJU_RS20765	32.2	258	148	5	13	260	7	247	1.50e-35	127
WP_056849560.1	STM_v1_0.STM1195	33.3	255	147	5	10	258	3	240	5.31e-35	125
WP_056849560.1	iYL1228.KPN_01091	33.7	255	146	5	10	258	3	240	2.91e-34	123
WP_056849560.1	iSDY_1059.SDY_2057	34.1	258	141	6	10	258	3	240	4.09e-34	123
WP_056849560.1	iML1515.b1093	33.5	260	140	6	10	258	3	240	5.74e-34	122
WP_056849560.1	iSbBS512_1146.SbBS512_E2231	33.5	260	140	6	10	258	3	240	5.74e-34	122
WP_056849560.1	iSF_1195.SF1097	33.5	260	140	6	10	258	3	240	5.74e-34	122
WP_056849560.1	iSSON_1240.SSON_1113	33.5	260	140	6	10	258	3	240	5.74e-34	122
WP_056849560.1	iNF517.LLMG_RS08950	35.5	259	138	6	9	258	2	240	1.55e-33	121
WP_056849560.1	iCN900.CD630_11820	30.3	261	155	5	10	260	4	247	4.96e-33	120
WP_056849560.1	iHN637.CLJU_RS17225	31.9	260	148	5	10	258	6	247	5.08e-33	120
WP_056849560.1	iLJ478.TM1724	32.8	265	142	6	10	260	3	245	4.62e-33	120
WP_056849560.1	iPC815.YPO1599	31.8	255	151	5	10	258	3	240	2.40e-32	118
WP_056849560.1	iAM_Pf480.PF3D7_0922900	32.6	258	148	5	13	261	61	301	8.81e-31	115
WP_056849560.1	iAF987.Gmet_1601	31.4	258	151	6	10	258	3	243	5.28e-31	115
WP_056849569.1	iCN900.CD630_14890	35.8	218	138	2	6	222	1	217	2.49e-41	142
WP_056849569.1	iYO844.BSU32750	35.8	226	139	4	6	226	1	225	7.66e-41	142
WP_056849569.1	iCN900.CD630_19470	39.4	203	119	4	21	221	28	228	4.20e-40	137
WP_056849569.1	iJN1463.PP_0220	36.0	211	133	2	17	226	45	254	1.55e-38	136
WP_056849569.1	iYS854.USA300HOU_RS02325	34.1	208	135	2	16	222	15	221	3.65e-37	132
WP_056849569.1	iIT341.HP1576	30.9	223	151	3	6	226	2	223	3.85e-37	132
WP_056849569.1	STM_v1_0.STM0247	35.1	222	138	4	6	222	1	221	4.04e-36	129
WP_056849569.1	iYS854.USA300HOU_RS09925	34.1	217	142	1	6	222	3	218	5.84e-37	129
WP_056849573.1	iAF987.Gmet_1033	57.1	28	12	0	1	28	1	28	6.79e-05	37.7
WP_056849573.1	iJN1463.PP_1625	68.4	19	6	0	7	25	38	56	6.76e-04	36.2
WP_056849574.1	iML1515.b2430	27.0	392	222	16	27	389	32	388	6.69e-20	90.9
WP_056849578.1	iML1515.b2026	53.6	194	89	1	3	195	10	203	1.95e-69	209
WP_056849578.1	iSSON_1240.SSON_2097	52.6	194	91	1	3	195	10	203	9.11e-68	205
WP_056849578.1	iSDY_1059.SDY_2215	52.6	194	91	1	3	195	10	203	1.29e-67	205
WP_056849578.1	iSbBS512_1146.SbBS512_E1206	52.1	194	92	1	3	195	10	203	3.69e-67	204
WP_056849578.1	iSF_1195.SF2088	52.6	194	91	1	3	195	10	203	3.69e-67	204
WP_056849578.1	iYL1228.KPN_02482	51.3	193	93	1	3	194	6	198	6.32e-67	203
WP_056849578.1	STM_v1_0.STM2078	49.5	194	97	1	3	195	10	203	6.50e-63	193
WP_056849579.1	iSDY_1059.SDY_2217	36.2	243	144	4	1	237	1	238	2.56e-52	169
WP_056849579.1	STM_v1_0.STM2076	37.8	246	141	5	3	241	2	242	3.52e-52	169
WP_056849579.1	iSF_1195.SF2086	36.5	241	142	4	3	237	2	237	3.52e-52	169
WP_056849579.1	iSSON_1240.SSON_2095	36.2	243	144	4	1	237	1	238	7.23e-52	168
WP_056849579.1	iPC815.YPO1544	36.5	241	142	4	3	237	2	237	7.02e-52	168
WP_056849579.1	iML1515.b2024	36.1	241	143	4	3	237	2	237	1.98e-51	167
WP_056849579.1	iSbBS512_1146.SbBS512_E1208	36.1	241	143	4	3	237	2	237	2.80e-51	167
WP_056849579.1	iYL1228.KPN_02480	35.8	246	146	4	3	241	2	242	3.96e-51	166
WP_056849579.1	iNF517.LLMG_RS06545	35.6	239	146	4	1	237	1	233	2.88e-48	159
WP_056849579.1	iCN900.CD630_15520	34.9	238	147	3	1	237	1	231	6.85e-48	158
WP_056849579.1	iYO844.BSU34880	36.4	239	141	4	3	237	6	237	1.57e-47	157
WP_056849580.1	STM_v1_0.STM2075	46.7	195	98	6	4	195	6	197	2.91e-50	160
WP_056849580.1	iML1515.b2023	45.9	194	101	4	4	195	5	196	1.14e-49	159
WP_056849580.1	iYL1228.KPN_02479	45.4	194	102	4	4	195	5	196	1.14e-49	159
WP_056849580.1	iSbBS512_1146.SbBS512_E1209	45.9	194	101	4	4	195	5	196	1.14e-49	159
WP_056849580.1	iSDY_1059.SDY_2218	45.9	194	101	4	4	195	5	196	1.14e-49	159
WP_056849580.1	iSF_1195.SF2085	47.0	198	93	7	4	195	5	196	1.14e-49	159
WP_056849580.1	iSSON_1240.SSON_2094	45.9	194	101	4	4	195	5	196	1.14e-49	159
WP_056849580.1	iPC815.YPO1545	43.3	194	106	4	4	195	5	196	5.21e-48	155
WP_056849581.1	iYL1228.KPN_02478	46.3	378	176	6	2	377	3	355	3.49e-105	313
WP_056849581.1	iSbBS512_1146.SbBS512_E1210	45.0	378	181	6	2	377	3	355	4.15e-101	303
WP_056849581.1	iPC815.YPO1546	44.4	378	183	6	2	377	3	355	4.15e-101	303
WP_056849581.1	STM_v1_0.STM2074	44.2	378	184	5	2	377	3	355	8.32e-101	302
WP_056849581.1	iML1515.b2022	44.7	378	182	6	2	377	3	355	2.36e-100	301
WP_056849581.1	iSDY_1059.SDY_2219	44.7	378	182	6	2	377	4	356	4.88e-100	300
WP_056849581.1	iSSON_1240.SSON_2093	44.4	378	183	6	2	377	4	356	4.88e-100	300
WP_056849581.1	iSF_1195.SF2084	44.7	378	182	6	2	377	3	355	6.69e-100	300
WP_056849582.1	iLB1027_lipid.PHATRDRAFT_38891	43.8	352	184	6	6	345	18	367	3.50e-93	282
WP_056849582.1	STM_v1_0.STM2073	40.7	351	199	5	1	344	7	355	6.15e-85	260
WP_056849582.1	iSbBS512_1146.SbBS512_E1211	40.1	349	200	5	3	344	6	352	2.24e-84	259
WP_056849582.1	iSF_1195.SF2083	39.8	349	201	5	3	344	6	352	6.34e-84	258
WP_056849582.1	iML1515.b2021	39.8	349	201	5	3	344	6	352	3.58e-83	256
WP_056849582.1	iSDY_1059.SDY_2220	39.8	349	201	5	3	344	6	352	7.16e-83	255
WP_056849582.1	iSSON_1240.SSON_2092	39.8	349	201	5	3	344	6	352	2.02e-82	254
WP_056849583.1	iPC815.YPO1548	49.4	427	208	3	5	427	11	433	6.45e-130	381
WP_056849583.1	iMM904.YCL030C	49.9	419	202	4	14	424	370	788	3.50e-122	373
WP_056849583.1	iML1515.b2020	49.4	399	195	2	32	427	36	430	1.63e-125	370
WP_056849583.1	iSbBS512_1146.SbBS512_E1212	49.4	399	195	2	32	427	36	430	4.63e-125	369
WP_056849583.1	iSSON_1240.SSON_2091	49.4	399	195	2	32	427	36	430	6.56e-125	368
WP_056849583.1	STM_v1_0.STM2072	49.1	399	196	2	32	427	36	430	9.28e-125	368
WP_056849583.1	iSDY_1059.SDY_2221	49.4	399	195	2	32	427	36	430	1.31e-124	367
WP_056849583.1	iYL1228.KPN_02476	48.4	403	201	2	28	427	32	430	1.37e-121	360
WP_056849583.1	iSF_1195.SF2082	47.9	399	201	2	32	427	36	430	6.25e-120	355
WP_056849584.1	iYL1228.KPN_02475	44.1	290	149	4	4	280	7	296	8.31e-73	225
WP_056849584.1	STM_v1_0.STM2071	43.4	290	151	4	4	280	7	296	1.66e-72	224
WP_056849584.1	iML1515.b2019	43.1	290	152	4	4	280	7	296	3.33e-72	223
WP_056849584.1	iSbBS512_1146.SbBS512_E1213	43.1	290	152	4	4	280	7	296	3.33e-72	223
WP_056849584.1	iSSON_1240.SSON_2090	43.1	290	152	4	4	280	7	296	3.33e-72	223
WP_056849584.1	iSDY_1059.SDY_2222	43.1	290	152	4	4	280	7	296	4.71e-72	223
WP_056849584.1	iSF_1195.SF2081	43.1	290	152	4	4	280	7	296	6.66e-72	223
WP_056849584.1	iPC815.YPO1549	41.0	290	158	3	4	280	7	296	1.51e-70	219
WP_056849585.1	iML1515.b0925	28.7	289	154	7	224	509	358	597	3.16e-30	124
WP_056849601.1	iAF987.Gmet_1770	39.0	408	242	4	3	404	1	407	4.26e-95	291
WP_056849601.1	iCN900.CD630_15260	37.0	419	255	4	3	415	2	417	4.96e-84	263
WP_056849604.1	iAF987.Gmet_0885	33.3	255	163	3	3	257	6	253	3.86e-44	152
WP_056849605.1	iYS854.USA300HOU_RS01340	36.8	114	68	2	1	110	2	115	3.37e-14	72.8
WP_056849605.1	iSbBS512_1146.SbBS512_E4050	30.4	194	114	8	4	187	9	191	9.89e-14	70.5
WP_056849605.1	iSSON_1240.SSON_3782	30.4	194	114	8	4	187	9	191	9.89e-14	70.5
WP_056849611.1	iEK1008.Rv1288	29.4	211	112	11	85	287	126	307	1.68e-11	65.1
WP_056849620.1	iML1515.b2924	29.0	176	122	1	104	279	105	277	4.46e-23	95.9
WP_056849620.1	iML1515.b0465	32.2	143	96	1	99	240	916	1058	2.69e-20	90.9
WP_056849625.1	iSynCJ816.SGL_RS06280	40.8	147	66	4	49	192	3	131	2.60e-24	92.4
WP_056849629.1	iMM1415.211389	25.8	163	95	5	125	261	243	405	3.84e-12	65.5
WP_056849629.1	iCHOv1.100768542	25.8	182	104	8	109	261	225	404	1.26e-11	63.9
WP_056849629.1	iAT_PLT_636.6821	25.2	163	96	5	125	261	249	411	3.07e-11	62.8
WP_056849634.1	iML1515.b4159	29.4	204	143	1	538	740	830	1033	3.58e-23	105
WP_056849634.1	iML1515.b0465	28.3	219	152	2	538	753	842	1058	2.24e-21	99.8
WP_056849637.1	iEK1008.Rv3175	31.3	489	309	9	1	465	1	486	2.62e-55	191
WP_056849637.1	iAF987.Gmet_0075	29.9	475	297	10	19	466	11	476	1.17e-48	173
WP_056849647.1	iML1515.b2155	28.7	136	86	4	224	350	30	163	6.47e-05	46.6
WP_056849647.1	iSSON_1240.SSON_2211	28.7	136	86	4	224	350	30	163	6.47e-05	46.6
WP_056849647.1	STM_v1_0.STM2199	24.9	189	128	5	224	403	30	213	8.51e-05	46.2
WP_056849656.1	iAF987.Gmet_1036	37.7	154	95	1	147	299	1	154	4.48e-31	114
WP_056849656.1	iJN1463.PP_1292	45.7	138	73	2	1	137	13	149	5.92e-29	108
WP_056849656.1	iEK1008.Rv3111	42.6	148	83	2	1	147	19	165	9.64e-27	102
WP_056849657.1	iYS854.USA300HOU_RS12300	35.1	111	70	2	34	144	26	134	9.04e-15	66.6
WP_056849658.1	iEK1008.Rv3116	38.5	366	209	7	3	358	19	378	8.80e-71	226
WP_056849658.1	iEK1008.Rv3206c	36.7	371	207	7	5	358	22	381	6.46e-68	218
WP_056849658.1	iLB1027_lipid.PHATRDRAFT_20318	34.9	395	212	8	5	359	61	450	1.12e-65	214
WP_056849659.1	iYS854.USA300HOU_RS12295	23.7	76	55	2	4	76	2	77	6.22e-06	39.7
WP_056849660.1	iAF987.Gmet_0336	35.8	400	240	8	1	390	1	393	9.28e-63	206
WP_056849660.1	iYS854.USA300HOU_RS12310	33.2	401	253	7	2	389	9	407	5.99e-61	202
WP_056849660.1	iML1515.b0827	35.6	399	241	10	1	387	7	401	1.04e-59	198
WP_056849660.1	iSbBS512_1146.SbBS512_E2521	35.6	399	241	10	1	387	7	401	1.47e-59	198
WP_056849660.1	iSSON_1240.SSON_0809	35.6	399	241	10	1	387	7	401	1.47e-59	198
WP_056849660.1	iSF_1195.SF0777	35.3	399	242	10	1	387	7	401	1.57e-58	195
WP_056849660.1	iSDY_1059.SDY_0760	34.8	399	244	10	1	387	7	401	1.20e-57	193
WP_056849660.1	iEK1008.Rv0438c	31.2	404	258	6	1	387	1	401	8.47e-56	188
WP_056849661.1	iAF987.Gmet_2095	39.8	289	164	4	3	284	4	289	4.87e-64	205
WP_056849661.1	iAF987.Gmet_0301	40.3	278	162	3	2	275	3	280	3.03e-62	200
WP_056849661.1	iAF987.Gmet_0337	40.6	283	164	3	2	280	3	285	2.38e-61	198
WP_056849661.1	iEK1008.Rv3109	35.8	316	185	9	2	303	18	329	7.79e-58	190
WP_056849662.1	iML1515.b2877	22.7	185	133	4	6	189	7	182	1.76e-04	40.4
WP_056849662.1	iCN718.ABAYE_RS00995	25.0	140	98	2	1	138	1	135	5.50e-04	39.7
WP_056849663.1	iYO844.BSU32510	33.2	331	202	5	15	345	12	323	6.96e-53	177
WP_056849666.1	iJN1463.PP_3828	34.3	230	148	2	26	254	23	250	6.54e-33	120
WP_056849667.1	iJN1463.PP_3829	45.9	205	111	0	2	206	7	211	3.26e-55	175
WP_056849668.1	iHN637.CLJU_RS10870	44.9	196	97	3	4	193	5	195	8.07e-45	152
WP_056849668.1	iAF987.Gmet_1903	45.1	193	88	3	13	193	13	199	1.91e-43	148
WP_056849668.1	iJN1463.PP_1722	40.9	208	108	3	4	202	4	205	4.62e-41	141
WP_056849668.1	iYS854.USA300HOU_RS12330	43.5	161	91	0	33	193	29	189	7.04e-42	140
WP_056849668.1	iJN1463.PP_5168	43.6	181	84	2	25	193	25	199	7.04e-40	138
WP_056849669.1	iSynCJ816.SGL_RS14865	43.9	239	133	1	9	246	12	250	1.20e-63	199
WP_056849669.1	iSynCJ816.SGL_RS16015	44.0	234	125	3	19	246	39	272	1.30e-59	190
WP_056849670.1	iAT_PLT_636.51166	28.3	322	203	8	195	493	148	464	1.22e-23	103
WP_056849670.1	iCN900.CD630_36640	21.2	368	282	5	131	495	30	392	8.04e-22	97.1
WP_056849674.1	iAF987.Gmet_1991	24.2	231	155	8	114	327	121	348	4.15e-05	45.4
WP_056849679.1	iJN1463.PP_2371	32.4	485	297	9	20	482	12	487	3.87e-72	243
WP_056849679.1	iCN718.ABAYE_RS03715	30.5	491	319	7	6	482	5	487	5.13e-68	232
WP_056849680.1	iCN718.ABAYE_RS04340	42.8	236	134	1	7	241	215	450	3.37e-57	188
WP_056849680.1	iJN1463.PP_3999	40.7	236	135	2	9	241	217	450	1.14e-55	184
WP_056849680.1	iAF692.Mbar_A1791	41.4	237	136	2	9	242	7	243	8.14e-58	184
WP_056849680.1	iYO844.BSU15610	41.5	236	136	2	9	242	3	238	1.10e-55	179
WP_056849680.1	iYL1228.KPN_03754	43.0	235	128	4	9	241	208	438	1.45e-52	176
WP_056849680.1	STM_v1_0.STM3477	42.6	235	129	4	9	241	217	447	1.75e-52	176
WP_056849680.1	iML1515.b3368	41.7	235	131	4	9	241	217	447	3.66e-51	172
WP_056849680.1	iSbBS512_1146.SbBS512_E3744	41.7	235	131	4	9	241	217	447	3.66e-51	172
WP_056849680.1	iSF_1195.SF3387	41.7	235	131	4	9	241	217	447	3.66e-51	172
WP_056849680.1	iSSON_1240.SSON_3499	41.7	235	131	4	9	241	217	447	3.66e-51	172
WP_056849680.1	iSDY_1059.SDY_3530	41.3	235	132	4	9	241	217	447	1.01e-50	171
WP_056849680.1	iPC815.YPO0158	40.9	237	130	4	9	241	214	444	1.30e-50	171
WP_056849680.1	iSynCJ816.SGL_RS14480	38.8	250	147	4	9	255	12	258	3.70e-52	170
WP_056849681.1	iCN900.CD630_34180	29.0	176	120	2	23	198	2	172	3.88e-19	85.1
WP_056849682.1	iAF987.Gmet_2858	48.0	196	101	1	35	229	38	233	7.46e-63	196
WP_056849683.1	iEK1008.Rv1285	59.5	299	117	2	4	301	37	332	9.07e-128	367
WP_056849684.1	iCN718.ABAYE_RS13930	49.1	422	202	4	2	416	23	438	7.93e-124	369
WP_056849684.1	iYL1228.KPN_03113	48.8	414	201	4	2	410	26	433	2.34e-124	368
WP_056849684.1	STM_v1_0.STM2934	48.3	416	204	4	2	412	26	435	7.52e-124	367
WP_056849684.1	iEK1008.Rv1286	47.6	410	213	2	3	410	4	413	1.71e-121	365
WP_056849684.1	iSbBS512_1146.SbBS512_E3123	48.8	414	201	4	2	410	26	433	2.66e-123	365
WP_056849684.1	iML1515.b2751	48.8	414	201	4	2	410	26	433	3.76e-123	365
WP_056849684.1	iJN1463.PP_1304	49.3	414	198	4	3	410	24	431	4.12e-121	365
WP_056849684.1	iSSON_1240.SSON_2899	48.8	414	201	4	2	410	26	433	3.76e-123	365
WP_056849684.1	iSDY_1059.SDY_2950	48.6	414	202	4	2	410	26	433	1.07e-122	363
WP_056849684.1	iSF_1195.SF2774	48.6	414	202	4	2	410	26	433	3.02e-122	362
WP_056849684.1	iPC815.YPO3365	47.7	415	210	3	3	414	30	440	6.64e-122	362
WP_056849684.1	iAF987.Gmet_2860	46.7	415	215	2	2	414	23	433	1.56e-119	358
WP_056849690.1	iYO844.BSU15610	39.8	236	140	2	14	247	3	238	2.54e-50	165
WP_056849690.1	iCN718.ABAYE_RS04340	36.3	240	150	2	14	251	217	455	1.82e-43	152
WP_056849691.1	iCN900.CD630_08840	34.0	485	293	12	1	467	1	476	4.83e-82	261
WP_056849691.1	iAF987.Gmet_3175	35.7	501	263	15	1	467	1	476	5.87e-81	258
WP_056849691.1	iSynCJ816.SGL_RS12525	35.7	476	273	14	1	467	1	452	1.14e-78	252
WP_056849691.1	iYO844.BSU30950	34.0	485	290	11	1	467	1	473	3.18e-76	246
WP_056849691.1	iPC815.YPO3939	34.3	516	252	19	1	469	1	476	1.01e-75	244
WP_056849691.1	iSbBS512_1146.SbBS512_E3895	33.9	502	275	17	1	470	1	477	4.03e-75	243
WP_056849691.1	iML1515.b3429	33.9	502	275	17	1	470	1	477	1.57e-74	241
WP_056849691.1	iSDY_1059.SDY_3575	33.9	502	275	17	1	470	1	477	1.57e-74	241
WP_056849691.1	iAF987.Gmet_0707	33.4	497	282	14	1	466	4	482	4.14e-74	241
WP_056849691.1	iSSON_1240.SSON_3669	33.9	502	275	17	1	470	1	477	2.20e-74	241
WP_056849691.1	iSF_1195.SF3452	33.9	502	275	17	1	470	1	477	4.35e-74	240
WP_056849691.1	iSynCJ816.SGL_RS02105	33.0	500	295	12	1	470	1	490	3.38e-73	238
WP_056849691.1	iNF517.LLMG_RS09370	33.3	484	302	12	1	469	1	478	9.96e-73	237
WP_056849691.1	STM_v1_0.STM3535	33.3	502	278	17	1	470	1	477	2.55e-72	236
WP_056849691.1	iYL1228.KPN_03795	33.7	505	270	17	1	469	1	476	3.59e-72	235
WP_056849692.1	iSynCJ816.SGL_RS18090	46.1	427	222	5	4	422	3	429	6.86e-130	380
WP_056849696.1	iAF987.Gmet_1919	31.5	89	56	1	35	123	34	117	8.92e-07	50.4
WP_056849696.1	iAF987.Gmet_1914	31.3	99	63	1	23	121	21	114	7.97e-06	47.8
WP_056849697.1	iML1515.b0574	23.6	174	125	5	232	399	209	380	1.84e-04	43.1
WP_056849697.1	iSSON_1240.SSON_0525	23.6	174	125	5	232	399	209	380	2.44e-04	42.7
WP_056849698.1	iJN1463.PP_4210	19.8	429	272	14	5	404	266	651	7.25e-04	42.7
WP_056849700.1	iJN1463.PP_4210	21.4	421	279	16	5	408	266	651	2.73e-05	47.4
WP_056849704.1	iYO844.BSU30420	41.0	229	131	2	1	225	1	229	6.29e-57	180
WP_056849704.1	iCN900.CD630_19470	43.6	218	123	0	2	219	10	227	9.25e-56	177
WP_056849704.1	iJN1463.PP_4210	43.9	223	123	2	1	222	5	226	9.86e-50	171
WP_056849705.1	iLJ478.TM0080	24.5	278	181	7	4	260	53	322	2.99e-15	73.9
WP_056849705.1	iYO844.BSU33180	24.5	265	182	7	4	255	42	301	6.76e-15	72.8
WP_056849710.1	iCN900.CD630_20200	23.4	346	186	12	38	367	542	824	4.92e-06	48.5
WP_056849711.1	iYL1228.KPN_02445	28.6	283	156	6	42	279	186	467	2.85e-29	115
WP_056849711.1	iSSON_1240.SSON_2047	29.0	283	155	7	42	279	186	467	3.91e-29	115
WP_056849711.1	iML1515.b1982	28.6	283	156	7	42	279	186	467	1.39e-28	113
WP_056849711.1	iSbBS512_1146.SbBS512_E0986	28.6	283	156	7	42	279	84	365	4.59e-29	113
WP_056849711.1	STM_v1_0.STM2009	27.6	283	159	6	42	279	186	467	1.91e-28	113
WP_056849711.1	iSF_1195.SF2053	28.6	283	156	7	42	279	186	467	1.91e-28	113
WP_056849711.1	iSDY_1059.SDY_2253	28.3	283	157	7	42	279	186	467	6.78e-28	111
WP_056849711.1	iPC815.YPO2288	28.6	276	151	6	42	272	198	472	9.83e-28	111
WP_056849714.1	iYO844.BSU16090	53.2	395	175	3	1	395	1	385	1.64e-139	402
WP_056849714.1	iYS854.USA300HOU_RS06265	51.6	397	182	3	1	397	1	387	2.40e-137	397
WP_056849714.1	iCN718.ABAYE_RS04450	53.7	391	172	3	1	391	1	382	5.15e-134	389
WP_056849714.1	iAF987.Gmet_2261	53.3	396	175	4	1	396	1	386	4.82e-134	389
WP_056849714.1	iAF987.Gmet_2069	52.5	396	178	4	1	396	1	386	8.64e-130	378
WP_056849720.1	iCN900.CD630_19470	47.9	219	110	2	2	216	10	228	1.88e-63	196
WP_056849726.1	iEK1008.Rv1077	41.0	463	248	7	5	452	6	458	4.54e-115	345
WP_056849727.1	iCN718.ABAYE_RS15605	37.4	436	254	8	1	435	1	418	3.77e-86	269
WP_056849727.1	iSbBS512_1146.SbBS512_E3581	37.8	437	254	8	1	437	1	419	7.46e-83	260
WP_056849727.1	iPC815.YPO3569	36.8	437	259	6	1	437	1	420	2.15e-82	259
WP_056849727.1	iML1515.b3189	37.5	437	255	8	1	437	1	419	2.95e-82	259
WP_056849727.1	iSF_1195.SF3229	37.5	437	255	8	1	437	1	419	2.95e-82	259
WP_056849727.1	iSSON_1240.SSON_3337	37.5	437	255	8	1	437	1	419	2.95e-82	259
WP_056849727.1	iSDY_1059.SDY_3370	37.1	437	257	8	1	437	1	419	3.26e-81	256
WP_056849727.1	iYL1228.KPN_03599	36.6	437	259	8	1	437	1	419	6.47e-81	255
WP_056849727.1	iCN900.CD630_01230	37.1	423	247	6	12	434	18	421	2.03e-80	254
WP_056849727.1	iIT341.HP0648	35.6	438	259	8	1	434	1	419	3.91e-80	253
WP_056849727.1	STM_v1_0.STM3307	36.6	437	259	8	1	437	1	419	3.96e-79	251
WP_056849727.1	iJN1463.PP_0964	35.0	434	267	6	1	434	1	419	3.27e-78	248
WP_056849727.1	iYS854.USA300HOU_RS11465	36.1	432	249	7	4	431	6	414	2.65e-76	243
WP_056849727.1	iHN637.CLJU_RS01205	35.9	435	262	6	1	435	1	418	5.26e-76	243
WP_056849729.1	iSynCJ816.SGL_RS13795	25.6	168	106	5	4	160	2	161	3.20e-09	52.8
WP_056849730.1	iYL1228.KPN_03968	22.7	304	194	10	6	283	15	303	5.49e-09	56.6
WP_056849730.1	iAF987.Gmet_2345	24.4	315	214	10	2	299	11	318	4.14e-08	53.9
WP_056849732.1	iYS854.USA300HOU_RS05715	31.5	577	354	11	1	552	1	561	2.63e-81	265
WP_056849734.1	iAF987.Gmet_1750	37.2	196	122	1	329	524	55	249	6.63e-33	127
WP_056849735.1	iYS854.USA300HOU_RS02645	47.8	136	69	2	12	146	4	138	2.10e-39	130
WP_056849735.1	iHN637.CLJU_RS03130	42.0	157	85	3	9	164	119	270	4.15e-36	125
WP_056849737.1	iCN718.ABAYE_RS02880	33.2	217	113	7	6	208	46	244	3.30e-23	94.4
WP_056849737.1	iAF987.Gmet_1264	34.9	215	126	7	5	214	19	224	2.45e-22	91.7
WP_056849737.1	iHN637.CLJU_RS01425	35.7	157	97	3	2	157	3	156	4.17e-21	86.3
WP_056849738.1	iHN637.CLJU_RS01190	21.6	329	231	8	217	524	22	344	3.29e-08	55.8
WP_056849738.1	iYO844.BSU36810	22.2	288	203	8	249	524	74	352	7.72e-08	54.7
WP_056849738.1	iEK1008.Rv1310	24.6	228	162	5	304	523	139	364	7.88e-08	54.7
WP_056849738.1	iHN637.CLJU_RS01180	23.7	291	183	11	223	482	42	324	4.28e-07	52.4
WP_056849738.1	iYS854.USA300HOU_RS11360	23.2	306	207	10	238	524	53	349	4.09e-07	52.4
WP_056849738.1	iNF517.LLMG_RS09735	24.6	285	194	10	252	524	75	350	7.12e-07	51.6
WP_056849738.1	iCN900.CD630_34680	21.0	295	218	7	240	524	57	346	9.34e-07	51.2
WP_056849740.1	iHN637.CLJU_RS17585	36.5	282	153	10	6	266	6	282	1.02e-44	152
WP_056849745.1	iAT_PLT_636.8398	31.8	88	56	2	63	149	188	272	3.08e-06	47.0
WP_056849754.1	iYO844.BSU06160	36.8	459	266	4	5	459	22	460	6.00e-89	278
WP_056849759.1	iMM1415.19703	30.2	159	98	6	249	397	244	399	6.49e-08	53.9
WP_056849760.1	iCHOv1.100767789	32.7	523	293	16	33	510	34	542	2.25e-64	219
WP_056849772.1	iAF987.Gmet_2530	25.5	459	322	8	45	490	29	480	2.43e-47	176
WP_056849775.1	iYO844.BSU10020	48.3	356	180	3	1	352	1	356	1.19e-113	334
WP_056849775.1	iJN1463.PP_1768	43.9	355	194	3	3	352	4	358	5.47e-102	305
WP_056849775.1	iNF517.LLMG_RS02940	46.5	361	179	9	5	352	3	362	5.00e-101	302
WP_056849778.1	iCN900.CD630_27420	29.4	214	108	7	1	190	1	195	2.45e-15	74.3
WP_056849780.1	iMM904.YPL111W	41.1	56	31	1	17	72	97	150	1.23e-06	44.7
WP_056849780.1	iYO844.BSU40320	33.3	63	40	1	10	72	64	124	7.79e-06	42.4
WP_056849791.1	iCHOv1.100768542	34.0	347	198	12	49	375	184	519	7.62e-52	181
WP_056849791.1	iAT_PLT_636.6821	32.9	346	203	11	49	375	191	526	3.21e-49	174
WP_056849791.1	iMM1415.211389	32.8	345	205	11	49	375	185	520	2.09e-48	172
WP_056849795.1	iYO844.BSU33380	30.2	159	93	6	147	303	115	257	1.53e-08	54.3
WP_056849795.1	iHN637.CLJU_RS10880	24.8	238	150	6	79	305	52	271	5.43e-08	52.8
WP_056849799.1	iAF692.Mbar_A2221	25.7	389	242	11	29	392	38	404	5.71e-17	82.8
WP_056849799.1	iEK1008.Rv0143c	26.1	368	224	10	52	395	100	443	4.63e-16	79.7
WP_056849799.1	iAF987.Gmet_3470	25.7	323	203	6	87	395	131	430	2.38e-14	74.7
WP_056849801.1	iAF987.Gmet_2372	57.8	422	177	1	2	422	3	424	8.25e-177	500
WP_056849801.1	iHN637.CLJU_RS19255	57.7	423	177	2	1	422	5	426	5.36e-171	485
WP_056849801.1	iYO844.BSU33900	57.6	420	174	3	6	422	7	425	1.09e-167	477
WP_056849801.1	iJN1463.PP_1612	54.3	427	189	3	2	423	3	428	1.61e-164	469
WP_056849801.1	iCN718.ABAYE_RS08670	55.7	422	181	3	6	423	7	426	4.31e-162	462
WP_056849801.1	iCN900.CD630_31700	55.4	419	185	2	6	422	7	425	1.03e-160	459
WP_056849801.1	iYL1228.KPN_03123	55.3	427	186	2	2	423	3	429	1.57e-160	459
WP_056849801.1	STM_v1_0.STM2952	54.6	427	189	2	2	423	3	429	4.18e-158	452
WP_056849801.1	iML1515.b2779	54.6	427	189	2	2	423	3	429	5.92e-158	452
WP_056849801.1	iSbBS512_1146.SbBS512_E3094	54.6	427	189	2	2	423	3	429	5.92e-158	452
WP_056849801.1	iSDY_1059.SDY_2996	54.6	427	189	2	2	423	3	429	5.92e-158	452
WP_056849801.1	iSF_1195.SF2794	54.6	427	189	2	2	423	3	429	5.92e-158	452
WP_056849801.1	iSSON_1240.SSON_2936	54.6	427	189	2	2	423	3	429	8.40e-158	452
WP_056849801.1	iYS854.USA300HOU_RS04205	54.7	426	187	3	3	422	4	429	1.81e-157	451
WP_056849801.1	iLJ478.TM0877	55.1	423	188	2	1	422	1	422	2.86e-157	450
WP_056849810.1	iYS854.USA300HOU_RS06185	36.5	249	147	4	3	249	2	241	8.38e-38	132
WP_056849810.1	iYO844.BSU15910	33.5	251	156	3	1	249	2	243	1.75e-37	131
WP_056849810.1	iCN900.CD630_11820	33.5	251	156	4	1	249	4	245	2.43e-34	123
WP_056849810.1	iLJ478.TM1724	32.3	251	158	4	1	249	3	243	4.45e-34	122
WP_056849810.1	iCN718.ABAYE_RS11380	31.9	251	161	3	1	250	3	244	9.26e-33	119
WP_056849818.1	iSF_1195.SF4405	28.9	121	66	6	112	224	92	200	9.89e-04	38.9
WP_056849828.1	iAF987.Gmet_1919	33.0	109	69	2	1	107	1	107	6.19e-09	52.0
WP_056849828.1	iAF987.Gmet_0043	28.2	110	73	2	5	110	280	387	5.93e-08	49.3
WP_056849831.1	iHN637.CLJU_RS15830	35.9	368	220	8	461	816	11	374	3.84e-54	192
WP_056849831.1	iCN900.CD630_34630	34.8	368	226	9	458	816	8	370	2.40e-53	189
WP_056849831.1	iHN637.CLJU_RS05895	34.6	367	225	9	461	816	11	373	1.01e-50	182
WP_056849831.1	iHN637.CLJU_RS19890	33.1	366	233	8	460	816	10	372	8.08e-49	177
WP_056849831.1	iSynCJ816.SGL_RS15085	33.1	381	237	7	446	815	25	398	1.57e-48	176
WP_056849831.1	iAF987.Gmet_2908	34.4	375	224	10	458	816	6	374	1.61e-47	173
WP_056849833.1	iJN1463.PP_1645	44.4	117	56	2	2	113	4	116	6.93e-26	93.6
WP_056849836.1	iCN900.CD630_06820	24.9	490	335	9	1	477	1	470	1.12e-27	115
WP_056849839.1	iCN718.ABAYE_RS01085	35.0	263	155	6	2	251	3	262	9.03e-32	118
WP_056849839.1	iYO844.BSU15910	36.4	198	124	2	3	199	2	198	6.26e-32	117
WP_056849839.1	iSynCJ816.SGL_RS07245	37.4	190	118	1	3	191	4	193	1.76e-31	116
WP_056849839.1	iNF517.LLMG_RS08950	32.3	192	127	3	1	191	1	190	3.35e-30	113
WP_056849839.1	iCN718.ABAYE_RS13105	29.6	260	172	4	2	251	3	261	1.60e-29	112
WP_056849839.1	iHN637.CLJU_RS20765	35.2	182	117	1	6	186	7	188	1.03e-29	112
WP_056849839.1	iAF987.Gmet_1601	35.4	192	122	2	1	191	1	191	1.04e-28	109
WP_056849839.1	iSynCJ816.SGL_RS12965	29.0	259	171	4	1	256	1	249	1.38e-28	109
WP_056849839.1	iHN637.CLJU_RS17225	30.2	192	133	1	1	191	4	195	1.58e-28	108
WP_056849839.1	iMM1415.70750	38.3	183	106	4	8	184	35	216	3.95e-27	107
WP_056849840.1	iEK1008.Rv2485c	28.6	206	131	7	26	219	142	343	2.29e-16	78.2
WP_056849840.1	iEK1008.Rv0220	29.1	223	140	8	44	252	149	367	8.06e-15	73.6
WP_056849841.1	iCN900.CD630_36220	44.6	74	36	2	108	179	30	100	1.99e-12	60.8
WP_056849841.1	iJN1463.PP_0686	41.2	85	47	3	108	191	30	112	2.07e-10	55.5
WP_056849843.1	iJN1463.PP_1001	26.5	499	253	13	9	482	7	416	9.34e-45	161
WP_056849843.1	STM_v1_0.STM4467	27.3	483	256	13	12	481	6	406	3.66e-41	151
WP_056849843.1	iYS854.USA300HOU_RS14320	25.6	496	255	12	10	481	6	411	5.59e-41	151
WP_056849844.1	iNF517.LLMG_RS11600	30.2	562	351	11	36	590	37	564	2.53e-75	249
WP_056849849.1	iJN1463.PP_3425	26.9	316	210	7	47	342	53	367	1.06e-21	95.1
WP_056849850.1	iJN1463.PP_3426	38.2	1061	634	9	2	1048	3	1055	8.06e-232	687
WP_056849850.1	iJN1463.PP_1385	37.5	1036	621	13	5	1029	5	1024	1.36e-213	640
WP_056849850.1	iML1515.b2470	36.5	1039	635	11	1	1029	1	1024	1.41e-205	619
WP_056849851.1	iYL1228.KPN_04739	24.8	424	299	3	54	476	91	495	1.51e-39	149
WP_056849851.1	iSSON_1240.SSON_0523	24.4	475	332	9	8	476	5	458	1.11e-38	145
WP_056849851.1	iJN1463.PP_4211	26.2	424	303	2	53	476	50	463	4.67e-38	144
WP_056849851.1	iSF_1195.SF0473	23.8	475	335	8	8	476	5	458	1.44e-37	142
WP_056849851.1	iML1515.b0572	24.2	425	298	6	54	475	54	457	1.76e-36	139
WP_056849851.1	iJN1463.PP_1384	24.5	485	317	10	9	476	14	466	2.58e-36	139
WP_056849852.1	iYL1228.KPN_00016	49.1	377	184	4	11	379	9	385	1.07e-113	337
WP_056849852.1	STM_v1_0.STM0039	48.9	378	185	4	11	380	5	382	9.72e-113	334
WP_056849852.1	iSbBS512_1146.SbBS512_E0019	48.3	377	187	4	11	379	5	381	1.38e-112	333
WP_056849852.1	iSSON_1240.SSON_0021	48.3	377	187	4	11	379	5	381	1.38e-112	333
WP_056849852.1	iSF_1195.SF0016	48.3	377	187	4	11	379	5	381	1.11e-111	331
WP_056849852.1	iML1515.b0019	48.0	377	188	4	11	379	5	381	1.57e-111	331
WP_056849852.1	iSDY_1059.SDY_0018	48.0	377	188	4	11	379	5	381	2.22e-111	330
WP_056849852.1	iPC815.YPO0470	47.6	378	191	3	9	379	4	381	8.70e-110	327
WP_056849852.1	iIT341.HP1552	43.7	421	186	7	11	383	15	432	1.03e-102	310
WP_056849860.1	iYS854.USA300HOU_RS13340	35.0	488	274	7	43	492	33	515	1.34e-87	280
WP_056849862.1	iSynCJ816.SGL_RS16775	56.3	485	185	9	2	482	1	462	2.10e-185	525
WP_056849862.1	iYL1228.KPN_00961	54.0	485	190	11	7	482	6	466	2.30e-173	495
WP_056849862.1	STM_v1_0.STM1000	53.6	485	192	11	7	482	6	466	3.74e-172	492
WP_056849862.1	iCN900.CD630_22450	53.9	466	189	8	20	482	23	465	1.03e-171	491
WP_056849862.1	iSbBS512_1146.SbBS512_E2388	53.1	484	196	10	7	482	6	466	1.74e-170	488
WP_056849862.1	iSF_1195.SF0927	53.1	484	196	10	7	482	6	466	1.74e-170	488
WP_056849862.1	iSSON_1240.SSON_0933	53.1	484	196	10	7	482	6	466	1.74e-170	488
WP_056849862.1	iSDY_1059.SDY_2327	53.1	484	196	10	7	482	6	466	4.95e-170	486
WP_056849862.1	iPC815.YPO1412	52.9	484	197	11	7	482	6	466	1.14e-168	483
WP_056849867.1	iYS854.USA300HOU_RS10275	31.9	166	113	0	10	175	1	166	7.29e-30	107
WP_056849871.1	iCN718.ABAYE_RS09970	45.2	462	251	2	3	462	6	467	2.82e-133	392
WP_056849871.1	iYO844.BSU24060	46.4	470	240	4	3	461	5	473	5.70e-132	389
WP_056849871.1	iEK1008.Rv0462	43.4	463	257	5	2	461	3	463	3.24e-123	366
WP_056849879.1	iHN637.CLJU_RS04220	25.4	389	208	15	6	378	4	326	1.05e-22	97.4
WP_056849881.1	iSynCJ816.SGL_RS11925	47.2	705	361	6	25	724	26	724	5.06e-218	628
WP_056849883.1	iMM1415.237823	36.2	1294	713	26	24	1218	55	1334	1.16e-229	696
WP_056849883.1	iLB1027_lipid.PHATRDRAFT_17772	36.1	1227	716	25	50	1218	96	1312	1.28e-224	682
WP_056849883.1	iCHOv1.100760956	36.0	1298	711	30	24	1218	55	1335	2.69e-223	679
WP_056849883.1	iAT_PLT_636.5198	35.5	1287	732	26	22	1216	53	1333	5.72e-222	676
WP_056849883.1	iML1515.b2557	34.7	1261	741	27	21	1214	47	1292	2.30e-219	668
WP_056849883.1	iSSON_1240.SSON_2640	34.7	1261	742	27	21	1214	47	1292	8.97e-219	666
WP_056849883.1	iSbBS512_1146.SbBS512_E2922	34.6	1261	743	27	21	1214	47	1292	3.49e-218	665
WP_056849883.1	iSDY_1059.SDY_2747	34.6	1261	743	27	21	1214	47	1292	9.68e-218	664
WP_056849883.1	iYL1228.KPN_02882	34.6	1264	739	29	21	1214	47	1292	2.89e-216	660
WP_056849883.1	iSF_1195.SF2604	34.5	1261	744	27	21	1214	47	1292	5.70e-216	659
WP_056849883.1	STM_v1_0.STM2565	34.6	1247	735	26	33	1214	61	1292	2.39e-214	655
WP_056849883.1	iPC815.YPO2921	33.8	1277	771	27	3	1214	26	1293	8.41e-211	645
WP_056849883.1	iCN718.ABAYE_RS05065	35.3	1222	715	24	49	1215	75	1275	8.29e-209	640
WP_056849884.1	STM_v1_0.STM0235	65.0	123	43	0	4	126	6	128	4.73e-53	162
WP_056849885.1	iSynCJ816.SGL_RS09640	35.2	88	55	1	28	113	119	206	8.57e-06	45.4
WP_056849885.1	iAF987.Gmet_0844	30.4	79	51	1	35	113	42	116	1.50e-04	41.6
WP_056849886.1	iYS854.USA300HOU_RS05260	31.3	166	106	2	51	216	91	248	1.43e-19	90.9
WP_056849888.1	iPC815.YPO3520	60.9	325	126	1	5	328	1	325	8.87e-142	405
WP_056849888.1	iYL1228.KPN_04626	59.1	328	131	2	5	331	1	326	3.56e-135	388
WP_056849888.1	iML1515.b4232	58.2	328	134	2	5	331	1	326	1.66e-133	384
WP_056849888.1	iSbBS512_1146.SbBS512_E4852	58.2	328	134	2	5	331	1	326	1.66e-133	384
WP_056849888.1	iSDY_1059.SDY_4250	58.2	328	134	2	5	331	1	326	1.66e-133	384
WP_056849888.1	iSF_1195.SF4258	58.2	328	134	2	5	331	1	326	1.66e-133	384
WP_056849888.1	STM_v1_0.STM4415	57.7	331	137	2	5	334	1	329	9.53e-133	382
WP_056849888.1	iSSON_1240.SSON_4413	58.2	328	134	2	5	331	1	326	1.92e-132	381
WP_056849889.1	iEK1008.Rv2228c	36.1	83	49	2	2	80	3	85	1.84e-07	48.9
WP_056849897.1	STM_v1_0.STM3697	28.3	371	200	9	27	391	56	366	1.41e-30	120
WP_056849902.1	iCHOv1.100771073	36.9	111	69	1	26	135	31	141	2.08e-21	83.2
WP_056849903.1	STM_v1_0.STM2050	36.5	115	71	1	43	155	208	322	9.60e-10	55.8
WP_056849905.1	iCN718.ABAYE_RS05345	33.7	359	204	9	3	347	2	340	2.11e-47	163
WP_056849905.1	iEK1008.Rv2781c	33.8	349	211	7	9	349	7	343	1.63e-44	155
WP_056849907.1	iEK1008.Rv0134	35.7	126	76	3	40	163	10	132	1.62e-18	84.0
WP_056849917.1	iAF692.Mbar_A1231	34.2	447	237	12	36	450	54	475	2.49e-59	204
WP_056849917.1	iLJ478.TM0156	32.3	430	250	11	36	456	20	417	2.83e-58	197
WP_056849917.1	iYO844.BSU09410	28.6	458	298	7	5	456	21	455	6.16e-53	184
WP_056849920.1	iAF987.Gmet_0043	23.8	395	259	8	929	1316	39	398	2.18e-22	103
WP_056849930.1	iCN900.CD630_21150	46.4	812	398	13	22	802	20	825	1.55e-214	626
WP_056849930.1	iSynCJ816.SGL_RS05435	47.7	736	364	10	83	802	11	741	4.37e-205	598
WP_056849930.1	iYS854.USA300HOU_RS13880	43.1	791	422	12	22	802	19	791	6.17e-197	580
WP_056849930.1	iAF692.Mbar_A1889	42.4	812	434	11	22	805	148	953	1.49e-192	573
WP_056849930.1	iYO844.BSU33500	43.9	801	415	15	22	805	19	802	9.78e-193	569
WP_056849932.1	iJN1463.PP_2205	32.8	548	329	13	29	553	43	574	1.34e-75	254
WP_056849932.1	iJN1463.PP_5380	29.5	654	301	15	29	553	47	669	4.62e-68	236
WP_056849935.1	iAF987.Gmet_0069	22.9	131	92	2	4	125	6	136	8.15e-07	48.5
WP_056849935.1	iAF987.Gmet_1919	30.7	114	73	3	4	113	6	117	6.92e-06	45.8
WP_056849936.1	iAF987.Gmet_1991	26.5	162	105	5	239	392	196	351	5.33e-09	59.3
WP_056849936.1	iAF987.Gmet_2999	27.7	130	93	1	489	617	7	136	1.51e-08	57.0
WP_056849937.1	iJN1463.PP_1478	43.3	353	194	4	3	351	4	354	7.01e-92	279
WP_056849939.1	iSynCJ816.SGL_RS06890	44.6	336	184	1	5	340	51	384	7.10e-104	310
WP_056849943.1	iAF987.Gmet_0843	29.2	219	142	7	12	226	12	221	4.76e-12	64.3
WP_056849944.1	iYO844.BSU39050	59.0	710	252	5	16	722	11	684	2.82e-293	818
WP_056849944.1	iJN1463.PP_0115	58.8	714	251	7	17	723	26	703	1.24e-278	782
WP_056849944.1	iCN718.ABAYE_RS11495	54.2	708	290	5	19	723	28	704	4.83e-266	750
WP_056849944.1	STM_v1_0.STM1318	54.7	718	295	7	17	730	59	750	7.30e-265	748
WP_056849946.1	iSynCJ816.SGL_RS06280	42.9	147	63	4	41	184	3	131	3.31e-26	97.1
WP_056849956.1	iJN1463.PP_4737	41.0	920	516	9	25	937	28	927	1.14e-244	712
WP_056849958.1	iCN900.CD630_26790	29.8	258	172	4	5	258	2	254	2.07e-29	111
WP_056849958.1	iNF517.LLMG_RS08950	32.4	262	151	7	3	259	1	241	8.37e-28	106
WP_056849958.1	iHN637.CLJU_RS20765	26.3	259	167	6	8	260	7	247	1.31e-27	106
WP_056849958.1	iAM_Pf480.PF3D7_0922900	29.8	258	160	4	6	259	59	299	5.20e-27	105
WP_056849958.1	iCN718.ABAYE_RS14915	27.9	258	162	4	6	259	4	241	4.58e-27	104
WP_056849958.1	iCN718.ABAYE_RS09790	30.6	258	170	4	5	258	5	257	9.15e-27	104
WP_056849958.1	iYO844.BSU15910	26.5	260	171	5	5	260	2	245	1.31e-26	103
WP_056849958.1	iCN900.CD630_25770	29.1	261	163	5	5	260	1	244	3.49e-26	102
WP_056849958.1	iML1515.b1619	30.1	266	165	6	2	263	6	254	5.99e-26	102
WP_056849958.1	iSDY_1059.SDY_2057	30.1	259	161	6	3	259	1	241	4.77e-26	102
WP_056849958.1	iML1515.b1093	30.1	259	161	6	3	259	1	241	1.81e-25	100
WP_056849958.1	iSbBS512_1146.SbBS512_E2231	30.1	259	161	6	3	259	1	241	1.81e-25	100
WP_056849958.1	iSF_1195.SF1097	30.1	259	161	6	3	259	1	241	1.81e-25	100
WP_056849958.1	iSSON_1240.SSON_1113	30.1	259	161	6	3	259	1	241	1.81e-25	100
WP_056849959.1	iEK1008.Rv0137c	70.2	161	48	0	2	162	3	163	3.35e-90	260
WP_056849960.1	iAF987.Gmet_3509	37.3	1045	628	9	5	1036	2	1032	3.84e-231	684
WP_056849961.1	iAF987.Gmet_3508	26.9	331	230	3	43	363	84	412	4.45e-37	138
WP_056849962.1	iAF987.Gmet_0043	20.5	259	182	7	209	447	12	266	1.24e-06	50.4
WP_056849963.1	iAF987.Gmet_1914	32.8	131	86	2	1	131	1	129	2.31e-15	73.9
WP_056849963.1	iAF987.Gmet_2999	30.6	144	97	2	4	145	10	152	2.35e-15	73.6
WP_056849963.1	iAF987.Gmet_1919	29.1	148	104	1	8	155	9	155	4.13e-15	72.8
WP_056849963.1	iAF987.Gmet_1706	34.8	132	77	3	2	126	1	130	2.03e-13	67.8
WP_056849965.1	iLJ478.TM1190	42.5	362	194	5	21	382	3	350	2.64e-94	285
WP_056849967.1	iAF987.Gmet_2727	37.2	113	66	2	158	270	291	398	3.01e-13	68.9
WP_056849970.1	iAF987.Gmet_3468	30.1	991	531	24	4	841	12	993	2.19e-131	429
WP_056849970.1	iAF987.Gmet_2391	43.9	501	268	10	849	1347	5	494	1.94e-135	424
WP_056849970.1	iSynCJ816.SGL_RS03010	42.9	501	278	7	848	1345	4	499	5.32e-133	418
WP_056849974.1	iAF987.Gmet_3392	38.0	200	105	4	6	189	5	201	2.38e-38	130
WP_056849974.1	iJN1463.PP_0548	38.9	198	108	4	4	188	5	202	8.18e-37	126
WP_056849977.1	iML1515.b2533	38.3	264	154	2	6	260	4	267	5.82e-57	182
WP_056849977.1	iSbBS512_1146.SbBS512_E2908	38.3	264	154	2	6	260	4	267	5.82e-57	182
WP_056849977.1	iSF_1195.SF2580	38.0	263	154	2	6	259	4	266	2.32e-56	181
WP_056849977.1	iJN1463.PP_0838	38.0	263	157	2	6	262	4	266	3.79e-56	181
WP_056849977.1	iSDY_1059.SDY_2729	37.9	264	155	2	6	260	4	267	4.64e-56	180
WP_056849977.1	iSSON_1240.SSON_2615	37.9	264	155	2	6	260	4	267	9.26e-56	179
WP_056849977.1	STM_v1_0.STM2546	38.8	260	148	3	11	260	9	267	3.69e-55	178
WP_056849977.1	iPC815.YPO2899	37.4	254	158	1	11	263	9	262	2.08e-54	176
WP_056849977.1	iYL1228.KPN_02865	37.1	264	157	2	6	260	4	267	2.93e-54	176
WP_056849978.1	iLB1027_lipid.PHATRDRAFT_16693	35.6	191	107	5	3	178	6	195	9.06e-31	110
WP_056849979.1	iIS312.TCDM_07701	58.0	448	181	5	4	446	11	456	6.55e-178	505
WP_056849983.1	iEK1008.Rv0125	25.6	176	91	6	164	312	79	241	4.44e-05	44.7
WP_056849984.1	iCN718.ABAYE_RS03640	74.8	210	52	1	1	209	1	210	1.03e-115	328
WP_056849987.1	STM_v1_0.STM4220	30.3	393	258	7	3	386	6	391	4.96e-51	177
WP_056849987.1	iSDY_1059.SDY_4227	30.3	393	258	7	3	386	6	391	2.62e-50	176
WP_056849987.1	iML1515.b4024	30.3	393	258	8	3	386	6	391	1.38e-49	174
WP_056849987.1	iSF_1195.SF4181	30.3	393	258	8	3	386	6	391	1.38e-49	174
WP_056849987.1	iSSON_1240.SSON_4202	30.3	393	258	8	3	386	6	391	1.38e-49	174
WP_056849987.1	iSbBS512_1146.SbBS512_E4529	30.0	393	259	8	3	386	6	391	3.74e-49	172
WP_056849987.1	iYL1228.KPN_04412	29.4	394	260	8	3	386	6	391	1.41e-48	171
WP_056849988.1	iCHOv1.100689427	40.1	157	83	2	5	150	6	162	2.16e-30	107
WP_056849988.1	iMM1415.20229	40.8	157	82	2	5	150	6	162	8.61e-30	106
WP_056849989.1	iCN900.CD630_26230	41.9	229	122	3	2	221	6	232	1.29e-48	159
WP_056849992.1	iAF987.Gmet_3296	67.4	227	74	0	4	230	2	228	6.64e-110	315
WP_056849992.1	iYO844.BSU38990	63.2	231	85	0	2	232	1	231	7.73e-104	300
WP_056849992.1	iCN718.ABAYE_RS09810	62.4	234	87	1	2	234	1	234	1.49e-100	291
WP_056849992.1	iIT341.HP0691	57.6	229	97	0	2	230	1	229	1.87e-98	286
WP_056849993.1	iYL1228.KPN_02054	66.8	217	71	1	1	217	1	216	1.87e-98	285
WP_056849993.1	iJN1463.PP_3123	66.4	214	71	1	3	216	4	216	6.20e-97	281
WP_056849993.1	iAF987.Gmet_3297	60.6	216	84	1	3	218	4	218	2.48e-89	261
WP_056849994.1	iYS854.USA300HOU_RS02340	29.9	221	126	5	89	309	12	203	4.28e-13	70.1
WP_056849995.1	iYS854.USA300HOU_RS11550	38.0	142	87	1	16	157	7	147	5.25e-27	98.6
WP_056849999.1	iCN900.CD630_00500	52.5	488	216	3	3	490	10	481	2.56e-178	508
WP_056850000.1	iNF517.LLMG_RS08915	53.9	375	171	1	5	379	6	378	1.34e-139	402
WP_056850000.1	iHN637.CLJU_RS11995	51.1	380	182	2	1	379	1	377	1.09e-138	399
WP_056850000.1	iIT341.HP0106	52.0	377	179	1	1	377	1	375	5.81e-136	392
WP_056850000.1	iYO844.BSU27250	51.2	379	183	1	1	379	1	377	5.25e-134	387
WP_056850000.1	iEK1008.Rv1079	50.5	376	180	4	5	378	16	387	5.37e-131	380
WP_056850000.1	iYS854.USA300HOU_RS02320	50.7	379	184	2	1	378	1	377	3.33e-130	378
WP_056850000.1	iMM904.YAL012W	50.5	386	180	7	2	379	8	390	1.85e-125	366
WP_056850010.1	iCN900.CD630_32150	39.0	231	134	5	13	241	4	229	2.73e-46	154
WP_056850010.1	iCN900.CD630_14890	37.9	227	139	1	13	239	1	225	4.81e-44	150
WP_056850010.1	iAF987.Gmet_1903	35.5	242	145	5	14	252	3	236	7.59e-40	140
WP_056850010.1	iYO844.BSU29340	35.4	229	144	3	13	239	1	227	1.48e-40	140
WP_056850010.1	iCN718.ABAYE_RS05140	36.0	242	144	5	14	252	3	236	1.84e-39	139
WP_056850010.1	iNF517.LLMG_RS09915	35.5	245	144	5	11	249	3	239	1.41e-40	139
WP_056850010.1	iLJ478.TM1376	36.0	228	139	2	14	241	6	226	3.49e-39	139
WP_056850011.1	iJN1463.PP_0959	30.0	210	138	3	47	251	46	251	1.01e-28	109
WP_056850019.1	STM_v1_0.STM1963	50.9	495	239	3	1	494	1	492	1.62e-186	530
WP_056850019.1	iSDY_1059.SDY_1088	51.3	495	237	3	1	494	1	492	2.74e-185	527
WP_056850019.1	iSSON_1240.SSON_1983	51.3	495	237	3	1	494	1	492	5.51e-185	526
WP_056850019.1	iML1515.b1927	51.3	495	237	3	1	494	1	492	1.57e-184	525
WP_056850019.1	iSF_1195.SF1970	51.3	495	237	3	1	494	1	492	2.23e-184	525
WP_056850019.1	iSbBS512_1146.SbBS512_E1057	50.9	495	239	3	1	494	1	492	6.34e-184	523
WP_056850019.1	iYL1228.KPN_02419	49.5	495	246	3	1	494	1	492	1.47e-177	507
WP_056850025.1	iYL1228.KPN_04255	21.6	631	414	21	29	618	26	616	5.22e-22	100
WP_056850025.1	iPC815.YPO3910	22.1	639	405	24	20	610	28	621	1.26e-21	99.0
WP_056850025.1	iML1515.b3966	22.4	660	411	28	7	618	6	612	2.55e-19	91.7
WP_056850025.1	iSSON_1240.SSON_4139	22.4	660	411	28	7	618	6	612	2.55e-19	91.7
WP_056850030.1	iJN1463.PP_0561	32.0	225	135	8	77	291	169	385	3.06e-13	72.0
WP_056850030.1	iYL1228.KPN_04526	28.9	228	139	7	74	291	200	414	9.45e-13	70.5
WP_056850030.1	iPC815.YPO0345	29.3	225	136	8	77	291	196	407	3.80e-12	68.6
WP_056850030.1	iSbBS512_1146.SbBS512_E4665	27.0	244	155	7	58	291	150	380	4.81e-12	68.2
WP_056850030.1	iSF_1195.SF4290	27.0	244	155	7	58	291	150	380	4.81e-12	68.2
WP_056850030.1	iJN1463.PP_4235	25.6	402	219	19	77	458	159	500	6.42e-12	67.8
WP_056850030.1	iML1515.b4136	27.0	244	155	7	58	291	150	380	8.41e-12	67.4
WP_056850030.1	iSDY_1059.SDY_4441	27.0	244	155	7	58	291	150	380	8.41e-12	67.4
WP_056850030.1	STM_v1_0.STM4323	27.8	227	143	6	74	291	169	383	1.11e-11	67.0
WP_056850030.1	iSSON_1240.SSON_4319	28.8	229	138	9	74	291	166	380	2.57e-11	65.9
WP_056850031.1	iCN900.CD630_12790	35.8	380	227	6	6	377	7	377	4.86e-78	245
WP_056850031.1	iYS854.USA300HOU_RS08635	38.4	375	221	4	6	376	4	372	3.58e-73	232
WP_056850031.1	iCN900.CD630_07530	36.7	376	222	8	6	374	4	370	2.92e-69	222
WP_056850033.1	iYO844.BSU02750	33.5	218	137	4	1	211	1	217	1.34e-33	120
WP_056850033.1	iML1515.b2306	30.2	225	140	4	2	209	6	230	3.05e-30	112
WP_056850033.1	iSbBS512_1146.SbBS512_E2684	30.2	225	140	4	2	209	6	230	3.05e-30	112
WP_056850033.1	iSDY_1059.SDY_2505	30.2	225	140	4	2	209	6	230	3.05e-30	112
WP_056850033.1	iSF_1195.SF2382	30.2	225	140	4	2	209	6	230	3.05e-30	112
WP_056850033.1	iSSON_1240.SSON_2364	30.2	225	140	4	2	209	6	230	3.05e-30	112
WP_056850033.1	iNF517.LLMG_RS08555	33.2	214	134	6	1	207	1	212	3.11e-29	110
WP_056850033.1	iCN900.CD630_09000	33.0	215	138	4	1	209	1	215	1.40e-28	110
WP_056850033.1	iML1515.b2677	33.3	210	131	4	17	218	44	252	2.57e-28	110
WP_056850033.1	iSbBS512_1146.SbBS512_E3202	33.3	210	131	4	17	218	44	252	2.57e-28	110
WP_056850033.1	iSF_1195.SF2705	33.3	210	131	4	17	218	44	252	2.57e-28	110
WP_056850033.1	iSSON_1240.SSON_2822	33.3	210	131	4	17	218	44	252	2.57e-28	110
WP_056850033.1	iIT341.HP0819	33.0	197	128	3	6	199	9	204	1.78e-29	109
WP_056850036.1	iML1515.b1601	21.6	347	256	8	5	345	4	340	3.28e-12	66.6
WP_056850048.1	iSynCJ816.SGL_RS03420	29.0	462	287	12	13	457	12	449	1.31e-47	174
WP_056850048.1	STM_v1_0.STM3978	28.1	487	285	11	1	457	4	455	2.54e-45	167
WP_056850048.1	iIT341.HP0396	28.2	464	291	11	13	457	8	448	2.95e-44	166
WP_056850048.1	iJN1463.PP_5213	27.6	471	308	11	1	457	1	452	4.47e-45	166
WP_056850048.1	iSF_1195.SF3919	28.5	478	295	12	1	457	4	455	7.18e-45	166
WP_056850048.1	iYL1228.KPN_04337	28.4	472	303	12	1	457	1	452	2.30e-44	164
WP_056850048.1	iPC815.YPO3769	29.1	478	292	14	1	457	4	455	2.60e-44	164
WP_056850048.1	iSbBS512_1146.SbBS512_E4313	27.6	492	281	12	1	457	4	455	6.61e-44	163
WP_056850048.1	iML1515.b3843	27.6	492	281	12	1	457	4	455	1.24e-43	162
WP_056850048.1	iSDY_1059.SDY_3902	28.5	477	296	13	1	457	4	455	1.24e-43	162
WP_056850048.1	iSSON_1240.SSON_4016	27.6	492	281	12	1	457	4	455	1.24e-43	162
WP_056850049.1	iCHOv1.100756635	36.3	424	251	10	76	484	90	509	7.96e-81	259
WP_056850049.1	iMM1415.14466	36.4	407	241	9	74	466	88	490	2.21e-80	258
WP_056850050.1	iLJ478.TM1062	33.6	544	314	17	96	604	32	563	3.89e-75	249
WP_056850053.1	iSbBS512_1146.SbBS512_E2456	46.7	229	121	1	6	234	2	229	2.86e-63	196
WP_056850053.1	iML1515.b0875	46.7	229	121	1	6	234	2	229	4.05e-63	196
WP_056850053.1	iSF_1195.SF0832	46.7	229	121	1	6	234	2	229	4.05e-63	196
WP_056850053.1	iYL1228.KPN_00909	46.3	229	122	1	6	234	2	229	1.15e-62	195
WP_056850053.1	iJN1463.PP_4282	45.4	227	121	3	8	234	6	229	3.32e-59	186
WP_056850054.1	iNF517.LLMG_RS05525	44.2	156	84	2	19	171	2	157	3.03e-42	138
WP_056850054.1	iSynCJ816.SGL_RS11045	45.3	150	75	2	20	162	9	158	1.83e-38	129
WP_056850054.1	iMM904.YBR244W	46.4	151	77	3	21	167	6	156	4.23e-38	127
WP_056850054.1	iCN718.ABAYE_RS18440	42.7	171	79	2	18	169	3	173	2.06e-37	126
WP_056850055.1	iAF692.Mbar_A1202	28.8	250	133	11	68	276	39	284	4.44e-17	80.9
WP_056850059.1	STM_v1_0.STM2531	31.0	756	467	20	38	776	44	761	2.87e-93	308
WP_056850059.1	iJN1463.PP_0572	35.0	552	331	6	38	588	48	572	1.99e-91	303
WP_056850059.1	iSbBS512_1146.SbBS512_E2894	30.7	717	436	16	27	728	33	703	5.63e-88	294
WP_056850059.1	iML1515.b2519	30.3	717	439	16	27	728	33	703	5.62e-87	291
WP_056850059.1	iSSON_1240.SSON_2601	33.5	561	343	8	27	586	33	564	2.90e-86	289
WP_056850059.1	iYL1228.KPN_02849	29.3	767	485	18	38	784	44	773	8.25e-84	283
WP_056850061.1	iLB1027_lipid.PHATRDRAFT_10852	30.4	168	78	8	74	214	12	167	3.23e-09	55.5
WP_056850063.1	iAF987.Gmet_1991	23.4	381	256	16	38	392	42	412	4.55e-12	67.4
WP_056850069.1	iLJ478.TM1253	27.2	151	87	5	6	147	317	453	4.26e-05	45.1
WP_056850069.1	iYO844.BSU29450	27.0	148	89	6	1	146	1	131	1.96e-04	42.7
WP_056850072.1	iAF987.Gmet_1991	25.9	212	128	9	1389	1586	196	392	1.69e-07	55.8
WP_056850081.1	iSynCJ816.SGL_RS08655	29.3	259	172	5	15	270	9	259	1.02e-30	115
WP_056850094.1	iAF692.Mbar_A2310	31.9	91	35	3	266	356	2	65	1.81e-06	45.4
WP_056850094.1	iIT341.HP0824	29.0	93	39	3	267	359	20	85	5.06e-06	44.7
WP_056850094.1	iPC815.YPO3868	28.9	97	42	4	267	363	23	92	9.84e-06	43.9
WP_056850094.1	iMM1415.18453	38.3	47	29	0	266	312	44	90	1.76e-04	43.1
WP_056850094.1	iML1515.b3781	28.1	96	42	3	268	363	24	92	4.75e-05	42.0
WP_056850094.1	STM_v1_0.STM3915	28.1	96	42	3	268	363	24	92	4.75e-05	42.0
WP_056850094.1	iSbBS512_1146.SbBS512_E4140	28.1	96	42	3	268	363	24	92	4.75e-05	42.0
WP_056850094.1	iSDY_1059.SDY_3968	28.1	96	42	3	268	363	42	110	6.70e-05	42.0
WP_056850094.1	iSF_1195.SF3854	28.1	96	42	3	268	363	42	110	6.70e-05	42.0
WP_056850094.1	iSSON_1240.SSON_3952	28.1	96	42	3	268	363	42	110	6.70e-05	42.0
WP_056850094.1	iCHOv1.100689433	37.8	45	28	0	268	312	19	63	5.29e-04	41.6
WP_056850094.1	iYL1228.KPN_04282	27.8	97	43	3	267	363	23	92	8.84e-05	41.2
WP_056850094.1	iMM904.YIR037W	30.2	126	65	5	255	358	14	138	2.14e-04	41.2
WP_056850095.1	iAF987.Gmet_0043	23.9	230	167	4	247	468	38	267	6.48e-08	54.7
WP_056850096.1	iAF987.Gmet_1919	28.0	118	83	1	5	122	5	120	1.94e-11	62.4
WP_056850096.1	iAF987.Gmet_2999	28.3	120	82	2	4	121	9	126	1.65e-10	59.7
WP_056850099.1	iHN637.CLJU_RS11345	23.1	295	203	6	35	321	37	315	1.50e-11	64.3
WP_056850100.1	iJN1463.PP_4783	28.5	200	137	3	10	206	5	201	9.02e-20	83.2
WP_056850100.1	iAF987.Gmet_2935	29.0	207	136	6	5	206	2	202	2.84e-18	79.3
WP_056850100.1	iAF987.Gmet_2909	27.9	204	141	4	10	213	23	220	3.66e-17	79.0
WP_056850102.1	iMM1415.27419	39.3	713	414	11	26	727	28	732	4.98e-178	526
WP_056850102.1	iCHOv1.100757611	38.3	718	417	12	30	732	32	738	2.89e-177	525
WP_056850103.1	iCHOv1.100752593	28.6	329	160	14	82	348	416	731	2.94e-19	89.7
WP_056850104.1	iAM_Pf480.PF3D7_0918000	26.4	330	172	17	43	326	27	331	9.36e-16	77.0
WP_056850104.1	iAM_Pc455.PCYB_072560	25.8	325	174	18	43	324	26	326	2.64e-13	69.7
WP_056850106.1	iSbBS512_1146.SbBS512_E0485	31.7	142	68	7	130	250	50	183	7.55e-06	49.7
WP_056850106.1	iSDY_1059.SDY_0512	31.7	142	68	7	130	250	50	183	7.55e-06	49.7
WP_056850106.1	iSF_1195.SF0496	31.7	142	68	7	130	250	50	183	7.55e-06	49.7
WP_056850106.1	iSSON_1240.SSON_0534	31.7	142	68	7	130	250	50	183	7.55e-06	49.7
WP_056850106.1	iML1515.b0584	31.7	142	68	7	130	250	50	183	9.92e-06	49.3
WP_056850106.1	STM_v1_0.STM0585	21.5	763	408	33	130	846	54	671	1.52e-04	45.4
WP_056850107.1	iMM1415.56727	48.1	264	129	5	39	295	23	285	1.79e-82	249
WP_056850107.1	iAT_PLT_636.55586	49.4	259	123	5	44	295	28	285	2.89e-81	246
WP_056850107.1	iCHOv1.100756277	45.7	289	142	6	21	295	7	294	6.20e-80	243
WP_056850108.1	iYL1228.KPN_04156	23.8	273	193	9	64	327	28	294	9.90e-09	55.5
WP_056850109.1	iMM1415.233836	32.2	531	318	15	8	505	28	549	8.76e-64	220
WP_056850109.1	iCHOv1.100758893	33.3	474	286	13	8	460	28	492	1.10e-63	219
WP_056850109.1	iAT_PLT_636.115584	32.5	530	318	16	8	505	28	549	1.68e-61	214
WP_056850109.1	iCHOv1.100759273	30.3	555	314	18	4	505	5	539	7.46e-58	204
WP_056850109.1	iMM1415.53881	30.3	555	314	17	4	505	5	539	1.03e-57	204
WP_056850109.1	iAT_PLT_636.6526	29.7	555	317	17	4	505	5	539	7.06e-57	202
WP_056850113.1	iCHOv1.100770033	27.3	523	321	17	219	713	332	823	1.02e-49	188
WP_056850113.1	iYL1228.KPN_00852	25.5	608	392	19	148	716	145	730	2.00e-49	186
WP_056850113.1	iCHOv1.100769016	23.1	771	483	26	79	773	187	923	1.83e-45	176
WP_056850113.1	iCHOv1.100755105	26.0	600	352	23	190	723	302	875	1.76e-45	175
WP_056850113.1	iMM1415.14387	25.0	623	373	22	173	727	287	883	4.25e-45	174
WP_056850116.1	iLJ478.TM0306	27.2	523	252	17	42	535	8	430	4.23e-44	162
WP_056850117.1	iAF987.Gmet_0043	24.5	383	251	11	849	1218	41	398	1.53e-18	90.9
WP_056850121.1	iSDY_1059.SDY_1022	33.3	159	97	5	90	242	20	175	1.11e-08	58.9
WP_056850127.1	iCHOv1.100753544	33.6	152	100	1	4	154	3	154	1.46e-20	89.7
WP_056850130.1	iYS854.USA300HOU_RS07240	29.7	195	127	7	5	197	5	191	6.08e-20	83.6
WP_056850132.1	iAF692.Mbar_A0742	28.0	189	128	5	6	192	3	185	6.28e-18	78.6
WP_056850132.1	iYL1228.KPN_03021	31.1	183	118	5	7	187	7	183	1.03e-17	77.4
WP_056850132.1	iAF692.Mbar_A0192	28.5	186	130	3	6	191	3	185	2.62e-17	77.0
WP_056850132.1	STM_v1_0.STM2820	28.0	182	125	4	7	187	7	183	1.07e-15	72.0
WP_056850132.1	iSF_1195.SF2717	28.6	189	127	5	1	187	1	183	1.49e-15	71.6
WP_056850132.1	iML1515.b2690	28.6	189	127	5	1	187	1	183	2.07e-15	71.2
WP_056850132.1	iSSON_1240.SSON_2834	28.6	189	127	5	1	187	1	183	2.07e-15	71.2
WP_056850134.1	iJN1463.PP_0072	33.8	328	187	7	2	306	3	323	1.29e-37	135
WP_056850134.1	iEK1008.Rv1912c	36.8	234	142	3	1	233	1	229	6.19e-36	131
WP_056850140.1	iEK1008.Rv1564c	55.7	706	300	6	7	706	20	718	1.63e-295	824
WP_056850141.1	iML1515.b2430	23.5	328	195	13	43	327	59	373	1.49e-09	58.9
WP_056850148.1	iJN1463.PP_0525	35.9	128	72	6	103	224	55	178	9.11e-06	48.9
WP_056850148.1	iSF_1195.SF4048	38.1	105	58	4	126	225	48	150	1.18e-05	48.5
WP_056850148.1	iML1515.b2155	26.2	126	85	2	106	225	33	156	1.60e-05	48.1
WP_056850148.1	iML1515.b3966	37.1	105	59	4	126	225	48	150	1.55e-05	48.1
WP_056850148.1	iSDY_1059.SDY_3762	37.1	105	59	4	126	225	48	150	1.55e-05	48.1
WP_056850148.1	iSSON_1240.SSON_4139	37.1	105	59	4	126	225	48	150	1.55e-05	48.1
WP_056850148.1	iSSON_1240.SSON_2211	26.2	126	85	2	106	225	33	156	1.60e-05	48.1
WP_056850148.1	STM_v1_0.STM4130	34.6	107	63	4	124	225	46	150	2.04e-05	47.8
WP_056850148.1	iPC815.YPO3910	37.1	105	63	3	124	225	57	161	2.06e-05	47.8
WP_056850148.1	STM_v1_0.STM2199	27.7	119	78	2	113	225	40	156	4.78e-05	46.6
WP_056850148.1	iYL1228.KPN_04255	34.0	106	63	4	125	225	47	150	1.06e-04	45.4
WP_056850148.1	iYL1228.KPN_02593	28.1	114	74	2	118	225	26	137	1.41e-04	45.1
WP_056850152.1	iYO844.BSU31322	38.7	62	36	1	160	221	23	82	4.99e-09	55.8
WP_056850156.1	STM_v1_0.STM2050	33.8	133	86	2	1	132	199	330	3.10e-14	67.4
WP_056850158.1	iEK1008.Rv0132c	23.5	260	166	9	36	271	62	312	5.08e-05	44.3
WP_056850165.1	iJN1463.PP_1494	31.6	79	52	1	47	123	61	139	1.83e-05	44.3
WP_056850166.1	iAF987.Gmet_0043	34.7	118	71	2	246	358	151	267	5.08e-10	60.5
WP_056850169.1	iSynCJ816.SGL_RS07720	48.6	695	353	3	1	691	1	695	8.39e-226	645
WP_056850170.1	iHN637.CLJU_RS06265	50.1	393	188	5	1	390	1	388	1.38e-128	375
WP_056850170.1	iLJ478.TM0274	52.2	395	180	5	1	390	1	391	4.63e-128	374
WP_056850170.1	iCN900.CD630_11750	47.3	400	205	4	1	397	1	397	8.12e-120	353
WP_056850170.1	iAF692.Mbar_A1820	48.1	395	198	4	1	392	1	391	1.67e-116	345
WP_056850170.1	iYS854.USA300HOU_RS09075	48.0	392	194	6	3	390	5	390	1.04e-115	342
WP_056850170.1	iYO844.BSU29470	47.4	397	199	6	3	396	4	393	2.50e-115	341
WP_056850173.1	iAM_Pf480.PF3D7_0716600	24.0	183	116	6	55	215	126	307	6.70e-04	41.2
WP_056850174.1	iEK1008.Rv3701c	33.2	295	189	3	19	311	21	309	7.13e-42	147
WP_056850175.1	iEK1008.Rv3703c	27.0	396	231	8	34	381	37	422	2.51e-30	120
WP_056850176.1	iCN900.CD630_09010	33.8	512	197	5	7	376	5	516	8.98e-81	261
WP_056850176.1	iYS854.USA300HOU_RS03905	35.3	502	195	5	7	378	3	504	2.87e-78	254
WP_056850176.1	iNF517.LLMG_RS08550	33.3	492	195	3	15	376	11	499	4.44e-75	245
WP_056850177.1	iYO844.BSU33830	50.6	241	118	1	1	240	1	241	1.37e-83	256
WP_056850177.1	iPC815.YPO1198	52.8	250	115	2	1	249	1	248	6.93e-84	255
WP_056850177.1	iYO844.BSU33730	48.1	241	124	1	1	240	1	241	6.37e-82	252
WP_056850177.1	iCN900.CD630_09000	49.2	242	121	2	1	240	1	242	1.87e-77	241
WP_056850177.1	iYL1228.KPN_02565	47.7	256	132	1	1	256	1	254	3.25e-77	238
WP_056850177.1	iJN1463.PP_0868	45.7	269	141	2	1	264	1	269	1.02e-75	236
WP_056850177.1	iYS854.USA300HOU_RS13270	46.5	241	128	1	1	240	1	241	4.31e-74	233
WP_056850178.1	iHN637.CLJU_RS18515	33.0	452	287	7	6	451	3	444	1.63e-81	259
WP_056850178.1	iCN900.CD630_07230	32.2	447	296	5	6	451	3	443	1.30e-80	256
WP_056850178.1	iYS854.USA300HOU_RS03105	34.1	460	276	8	1	455	1	438	1.74e-78	250
WP_056850181.1	iAF987.Gmet_0043	29.8	104	65	3	22	120	297	397	4.51e-06	43.9
WP_056850184.1	iEK1008.Rv2045c	32.7	404	245	9	44	433	23	413	3.65e-53	188
WP_056850184.1	iCHOv1.100767789	31.6	528	292	21	39	526	35	533	1.05e-48	177
WP_056850184.1	iCHOv1.100756666	30.5	531	301	20	30	527	25	520	2.62e-48	176
WP_056850186.1	iLJ478.TM1724	40.3	243	143	2	4	246	3	243	1.47e-54	175
WP_056850186.1	iCN900.CD630_26790	37.7	257	148	3	4	249	2	257	1.67e-50	165
WP_056850186.1	iLB1027_lipid.PHATRDRAFT_13073	39.3	244	142	4	7	246	7	248	1.62e-49	162
WP_056850186.1	iCN718.ABAYE_RS09790	35.8	257	153	3	4	249	5	260	8.99e-48	158
WP_056850187.1	iYL1228.KPN_00869	40.9	337	191	5	76	407	32	365	2.90e-79	248
WP_056850187.1	iML1515.b0837	38.6	337	199	5	76	407	34	367	1.50e-76	241
WP_056850187.1	iSbBS512_1146.SbBS512_E2507	38.3	337	200	5	76	407	34	367	5.95e-76	240
WP_056850187.1	iSSON_1240.SSON_0820	38.3	337	200	5	76	407	34	367	8.39e-76	239
WP_056850219.1	iML1515.b2180	21.8	569	310	19	1	511	5	496	1.02e-17	85.9
WP_056850219.1	iCN900.CD630_04310	21.4	548	327	18	2	523	5	474	1.53e-16	82.0
WP_056850219.1	iLJ478.TM0191	26.9	253	127	7	1	238	1	210	2.09e-16	79.0
WP_056850219.1	iCN900.CD630_09000	27.1	221	131	6	328	522	2	218	1.99e-15	77.8
WP_056850219.1	iJN1463.PP_4150	20.7	561	302	16	20	521	29	505	5.20e-15	77.4
WP_056850225.1	iAF692.Mbar_A3140	29.5	346	207	8	19	355	27	344	4.64e-34	130
WP_056850226.1	iEK1008.Rv0752c	20.6	281	194	5	93	352	89	361	1.24e-05	46.6
WP_056850227.1	iYS854.USA300HOU_RS02975	26.9	193	125	7	29	217	8	188	1.20e-07	52.0
WP_056850231.1	iEK1008.Rv1607	46.0	354	187	2	9	358	7	360	9.57e-82	253
WP_056850232.1	iML1515.b3003	54.7	287	130	0	43	329	4	290	8.60e-103	303
WP_056850234.1	iAF987.Gmet_2134	27.3	304	169	6	1	301	3	257	3.86e-18	82.8
WP_056850235.1	iSSON_1240.SSON_3017	28.5	752	469	17	14	707	2	742	5.46e-71	245
WP_056850235.1	iSF_1195.SF2868	28.8	760	466	19	9	707	10	755	9.35e-71	245
WP_056850235.1	iML1515.b2866	28.6	753	467	18	14	707	2	742	5.25e-70	243
WP_056850235.1	iCN900.CD630_20730	29.9	770	456	26	8	707	2	757	1.79e-69	241
WP_056850235.1	iCN900.CD630_20790	29.1	777	447	23	8	707	2	751	5.67e-68	237
WP_056850235.1	iCN900.CD630_20990	28.6	754	475	17	8	707	4	748	8.87e-67	234
WP_056850236.1	iAF987.Gmet_2135	48.3	149	77	0	19	167	16	164	2.67e-46	149
WP_056850237.1	iAF987.Gmet_2134	26.4	296	168	5	1	295	3	249	3.95e-20	88.6
WP_056850238.1	iCN900.CD630_20790	26.6	778	493	18	7	739	2	746	2.42e-61	219
WP_056850238.1	iCN900.CD630_20870	24.4	765	520	19	3	739	1	735	6.77e-54	198
WP_056850240.1	iCN718.ABAYE_RS13080	33.9	189	123	2	3	190	12	199	5.69e-23	95.9
WP_056850240.1	iCN718.ABAYE_RS13055	35.0	183	117	2	9	190	17	198	1.48e-22	94.7
WP_056850241.1	iJN1463.PP_2318	34.6	182	114	3	4	184	24	201	1.84e-31	112
WP_056850242.1	iAM_Pf480.PF3D7_0922900	27.0	237	157	4	9	232	64	297	3.92e-22	92.8
WP_056850242.1	iCHOv1.100751291	31.4	185	116	6	7	184	52	232	1.68e-21	91.3
WP_056850242.1	iJN1463.PP_4862	35.3	184	116	3	10	191	7	189	1.29e-21	90.5
WP_056850242.1	iAM_Pv461.PVX_099555	30.1	196	136	1	9	203	63	258	3.75e-21	90.1
WP_056850242.1	iLB1027_lipid.PHATRDRAFT_25360	32.4	182	119	3	7	184	57	238	7.36e-21	89.7
WP_056850242.1	iSynCJ816.SGL_RS12965	31.7	186	124	2	9	191	9	194	3.77e-21	89.4
WP_056850242.1	iYL1228.KPN_02546	31.0	210	137	3	10	216	12	216	3.86e-21	89.0
WP_056850242.1	iYO844.BSU15910	28.9	187	132	1	9	194	8	194	8.01e-21	88.2
WP_056850242.1	iHN637.CLJU_RS17225	26.8	198	141	2	9	205	12	206	1.66e-20	87.4
WP_056850242.1	STM_v1_0.STM1511	32.6	184	114	3	6	185	1	178	1.60e-20	87.4
WP_056850242.1	iSynCJ816.SGL_RS07245	29.2	233	156	4	9	232	10	242	2.18e-20	87.0
WP_056850242.1	iMM1415.15487	30.6	183	118	4	7	184	46	224	7.30e-20	86.7
WP_056850242.1	iMM904.YMR226C	29.4	218	134	6	9	217	17	223	8.10e-20	85.9
WP_056850242.1	iML1515.b1093	29.8	191	131	1	1	191	1	188	7.65e-20	85.5
WP_056850242.1	iSbBS512_1146.SbBS512_E2231	29.8	191	131	1	1	191	1	188	7.65e-20	85.5
WP_056850242.1	iSF_1195.SF1097	29.8	191	131	1	1	191	1	188	7.65e-20	85.5
WP_056850242.1	iSSON_1240.SSON_1113	29.8	191	131	1	1	191	1	188	7.65e-20	85.5
WP_056850242.1	iNF517.LLMG_RS08950	31.5	197	122	4	1	191	1	190	1.04e-19	85.1
WP_056850242.1	iYS854.USA300HOU_RS06185	29.2	178	125	1	9	185	6	183	1.06e-19	85.1
WP_056850242.1	iSDY_1059.SDY_2057	30.4	191	130	1	1	191	1	188	3.91e-19	83.6
WP_056850242.1	iPC815.YPO1599	28.8	191	133	1	1	191	1	188	3.91e-19	83.6
WP_056850244.1	iAF987.Gmet_0043	24.5	233	152	6	145	360	41	266	1.76e-12	69.3
WP_056850245.1	iJN1463.PP_3426	39.9	1050	621	7	3	1046	5	1050	2.06e-241	712
WP_056850245.1	STM_v1_0.STM3391	38.3	1048	619	13	5	1042	5	1034	1.70e-220	657
WP_056850245.1	iYL1228.KPN_03673	38.6	1054	620	13	1	1045	1	1036	6.52e-220	656
WP_056850245.1	iJN1463.PP_1385	37.6	1051	636	8	1	1046	1	1036	2.76e-219	655
WP_056850245.1	iML1515.b3266	38.2	1038	621	10	5	1034	5	1029	2.00e-214	642
WP_056850246.1	iML1515.b3265	32.8	360	235	6	29	384	16	372	2.05e-46	163
WP_056850246.1	iSbBS512_1146.SbBS512_E3648	32.8	360	235	6	29	384	16	372	2.05e-46	163
WP_056850246.1	iYL1228.KPN_03672	31.4	360	239	4	30	387	17	370	3.50e-46	162
WP_056850246.1	STM_v1_0.STM3390	31.5	352	231	6	50	397	37	382	4.36e-43	154
WP_056850246.1	iML1515.b0463	30.8	367	242	6	30	390	19	379	2.97e-41	149
WP_056850246.1	iSSON_1240.SSON_0450	30.5	367	243	6	30	390	19	379	8.00e-41	148
WP_056850246.1	iSDY_1059.SDY_0456	30.5	367	243	6	30	390	19	379	1.55e-40	147
WP_056850246.1	iSF_1195.SF0408	31.0	374	232	8	30	390	19	379	2.15e-40	147
WP_056850248.1	iAF692.Mbar_A3623	39.8	254	145	5	3	254	9	256	7.95e-57	182
WP_056850248.1	iHN637.CLJU_RS07905	37.0	262	154	5	1	254	1	259	5.36e-54	174
WP_056850248.1	iMM904.YGL026C	35.2	227	145	2	9	234	14	239	4.29e-48	168
WP_056850248.1	iAF987.Gmet_2477	35.9	248	153	3	1	244	1	246	1.89e-50	166
WP_056850249.1	iYS854.USA300HOU_RS06980	32.8	201	128	6	4	202	1	196	3.64e-32	115
WP_056850249.1	iLJ478.TM0139	38.9	208	115	7	4	208	2	200	4.51e-32	115
WP_056850249.1	iNF517.LLMG_RS05270	34.8	207	116	7	4	209	1	189	7.54e-29	110
WP_056850250.1	iAF987.Gmet_2495	35.4	347	203	6	1	328	2	346	4.73e-54	180
WP_056850250.1	iHN637.CLJU_RS07885	36.3	331	206	4	1	327	2	331	2.63e-53	177
WP_056850250.1	iCN718.ABAYE_RS06035	35.0	326	202	6	5	321	7	331	1.96e-52	176
WP_056850250.1	iLJ478.TM0141	37.1	294	177	3	5	292	254	545	1.60e-49	173
WP_056850250.1	iSynCJ816.SGL_RS07485	36.5	299	180	6	5	295	13	309	3.16e-50	170
WP_056850250.1	iYO844.BSU22670	33.2	331	214	4	1	326	1	329	1.12e-47	163
WP_056850254.1	STM_v1_0.STM3086	18.2	534	314	12	43	460	87	613	1.49e-11	66.2
WP_056850254.1	iPC815.YPO0929	18.5	498	287	13	34	415	79	573	2.61e-11	65.5
WP_056850254.1	iIT341.HP0422	21.3	555	296	15	32	462	33	570	5.80e-11	64.3
WP_056850254.1	iML1515.b2938	18.0	534	315	12	43	460	87	613	7.99e-11	63.9
WP_056850254.1	iSbBS512_1146.SbBS512_E3371	18.0	534	315	12	43	460	87	613	7.99e-11	63.9
WP_056850254.1	iSDY_1059.SDY_3134	18.0	534	315	12	43	460	87	613	7.99e-11	63.9
WP_056850254.1	iSF_1195.SF2931	18.0	534	315	12	43	460	91	617	8.06e-11	63.9
WP_056850254.1	iSSON_1240.SSON_3092	18.0	534	315	12	43	460	87	613	7.99e-11	63.9
WP_056850254.1	iYL1228.KPN_03374	17.8	534	316	13	43	460	87	613	1.31e-09	60.1
WP_056850254.1	iYS854.USA300HOU_RS07130	25.8	271	171	10	155	411	125	379	9.33e-10	60.1
WP_056850258.1	iYL1228.KPN_00862	49.0	572	267	6	1	565	12	565	1.32e-181	525
WP_056850258.1	STM_v1_0.STM0848	50.3	572	262	8	1	565	12	568	2.43e-180	522
WP_056850258.1	iSDY_1059.SDY_0758	49.9	571	266	6	1	565	1	557	3.39e-180	521
WP_056850258.1	iSbBS512_1146.SbBS512_E2519	50.1	573	262	6	1	565	12	568	6.88e-180	521
WP_056850258.1	iSSON_1240.SSON_0811	50.3	573	261	7	1	565	1	557	6.80e-180	520
WP_056850258.1	iML1515.b0829	49.9	573	263	7	1	565	12	568	1.11e-178	518
WP_056850258.1	iSF_1195.SF0779	49.9	573	263	7	1	565	1	557	1.10e-178	517
WP_056850260.1	iAF692.Mbar_A1417	42.1	235	134	1	11	243	14	248	2.40e-59	192
WP_056850267.1	iCN718.ABAYE_RS11110	53.6	373	167	3	88	454	40	412	9.83e-125	369
WP_056850270.1	iYS854.USA300HOU_RS08370	39.8	108	65	0	13	120	1	108	9.02e-21	80.5
WP_056850270.1	iCN900.CD630_24390	40.9	115	68	0	13	127	11	125	4.08e-17	73.9
WP_056850270.1	iHN637.CLJU_RS03985	40.7	113	67	0	13	125	7	119	5.15e-17	73.6
WP_056850271.1	iCHOv1.100750552	28.4	415	251	9	101	512	114	485	3.26e-48	176
WP_056850271.1	iMM1415.15211	27.9	419	248	9	101	512	114	485	1.16e-47	175
WP_056850272.1	iPC815.YPO1374	52.1	311	140	4	6	309	5	313	4.20e-108	317
WP_056850272.1	iMM904.YHR106W	51.1	317	145	3	7	313	26	342	7.03e-107	315
WP_056850272.1	iJN1463.PP_0786	52.4	313	139	5	4	309	3	312	1.95e-106	313
WP_056850272.1	iML1515.b0888	51.9	312	140	5	6	309	5	314	8.12e-106	311
WP_056850272.1	STM_v1_0.STM0958	51.0	312	143	5	6	309	5	314	8.40e-106	311
WP_056850272.1	iSDY_1059.SDY_2373	51.9	312	140	5	6	309	5	314	8.12e-106	311
WP_056850272.1	iSSON_1240.SSON_0889	51.9	312	140	5	6	309	5	314	8.12e-106	311
WP_056850272.1	iYL1228.KPN_00920	51.6	312	141	5	6	309	14	323	1.60e-105	311
WP_056850272.1	iSbBS512_1146.SbBS512_E2441	51.9	312	140	5	6	309	5	314	1.15e-105	311
WP_056850272.1	iAF987.Gmet_3070	50.2	313	146	5	4	309	2	311	2.78e-105	310
WP_056850272.1	iSF_1195.SF0847	51.6	312	141	5	6	309	5	314	6.58e-105	309
WP_056850272.1	iMM904.YDR353W	50.2	317	148	3	7	313	3	319	2.31e-102	302
WP_056850272.1	iCN718.ABAYE_RS14635	49.4	310	148	4	7	309	5	312	4.07e-102	301
WP_056850272.1	iCN718.ABAYE_RS18170	49.2	313	150	4	4	309	2	312	1.24e-101	300
WP_056850272.1	iEK1008.Rv3913	49.0	308	156	1	11	318	18	324	6.17e-96	286
WP_056850273.1	iJN1463.PP_4213	25.3	395	253	12	22	380	58	446	2.26e-30	120
WP_056850275.1	iAF987.Gmet_3290	52.1	535	239	3	4	537	14	532	1.42e-184	528
WP_056850275.1	iJN1463.PP_4065	47.1	535	266	3	4	537	14	532	1.08e-168	488
WP_056850275.1	iAT_PLT_636.64087	47.8	529	261	2	5	533	42	555	1.62e-164	478
WP_056850277.1	iJN1463.PP_4817	50.7	142	67	3	9	148	8	148	2.09e-39	130
WP_056850278.1	iAM_Pb448.PBANKA_071570	32.0	75	51	0	93	167	242	316	1.07e-05	44.7
WP_056850278.1	iAM_Pc455.PCYB_052680	30.7	75	52	0	93	167	243	317	4.71e-05	42.7
WP_056850278.1	iAM_Pf480.PF3D7_0413700	42.6	47	27	0	93	139	234	280	6.30e-05	42.4
WP_056850278.1	iAM_Pv461.PVX_089645	44.7	47	26	0	93	139	268	314	8.79e-05	42.0
WP_056850279.1	iML1515.b0805	21.6	578	372	21	113	656	65	595	1.15e-08	58.5
WP_056850279.1	iYL1228.KPN_01250	20.9	604	405	17	116	692	68	625	6.96e-07	52.8
WP_056850281.1	iHN637.CLJU_RS18305	60.5	483	186	3	7	488	3	481	2.23e-204	575
WP_056850281.1	iYO844.BSU00090	60.1	486	188	3	6	488	4	486	2.09e-203	572
WP_056850281.1	iAF987.Gmet_2293	59.1	487	194	4	3	487	2	485	1.02e-199	563
WP_056850281.1	iLJ478.TM1347	59.0	478	191	3	12	487	4	478	1.05e-199	563
WP_056850281.1	iJN1463.PP_1031	60.0	480	187	4	12	487	8	486	3.85e-199	561
WP_056850281.1	iNF517.LLMG_RS01210	56.8	486	207	2	6	488	6	491	1.68e-196	555
WP_056850281.1	iYS854.USA300HOU_RS02065	57.2	486	203	4	6	488	4	487	2.50e-192	544
WP_056850281.1	iYL1228.KPN_02834	57.7	478	199	3	12	487	8	484	2.03e-191	542
WP_056850281.1	STM_v1_0.STM2511	58.1	482	191	5	12	487	8	484	2.03e-191	542
WP_056850281.1	iCN718.ABAYE_RS01355	58.2	483	196	5	9	487	5	485	4.08e-191	541
WP_056850281.1	iML1515.b2508	57.7	482	193	5	12	487	8	484	2.34e-190	539
WP_056850281.1	iSbBS512_1146.SbBS512_E2883	57.7	482	193	5	12	487	8	484	2.34e-190	539
WP_056850281.1	iSF_1195.SF2554	57.7	482	193	5	12	487	8	484	2.34e-190	539
WP_056850281.1	iSSON_1240.SSON_2590	57.7	482	193	5	12	487	8	484	2.34e-190	539
WP_056850281.1	iSDY_1059.SDY_2704	57.5	482	194	5	12	487	8	484	1.90e-189	537
WP_056850281.1	iPC815.YPO2871	56.7	478	204	3	12	487	8	484	2.44e-187	531
WP_056850283.1	iAF987.Gmet_2529	23.0	404	300	6	26	421	50	450	2.06e-26	110
WP_056850284.1	iAF987.Gmet_2530	29.6	456	255	9	8	402	34	484	3.60e-48	171
WP_056850285.1	iAF987.Gmet_3390	42.9	343	187	2	16	358	14	347	1.80e-87	268
WP_056850288.1	iAF987.Gmet_1919	36.1	108	62	3	7	110	6	110	1.89e-09	57.0
WP_056850288.1	iAF987.Gmet_1914	30.7	114	72	3	5	114	3	113	3.22e-08	53.5
WP_056850293.1	iAF692.Mbar_A2079	34.7	49	32	0	8	56	9	57	5.65e-04	37.0
WP_056850294.1	iHN637.CLJU_RS20600	29.6	392	244	10	2	376	10	386	8.61e-38	142
WP_056850294.1	iJN1463.PP_0547	23.9	397	267	8	1	375	1	384	9.31e-36	137
WP_056850294.1	STM_v1_0.STM4416	25.2	453	311	11	1	438	1	440	7.27e-35	134
WP_056850294.1	iSSON_1240.SSON_4414	24.1	452	317	9	1	438	1	440	2.52e-34	133
WP_056850294.1	iPC815.YPO3519	24.0	462	328	10	1	450	1	451	2.62e-34	133
WP_056850294.1	iSbBS512_1146.SbBS512_E4851	24.1	452	317	9	1	438	1	440	3.46e-34	132
WP_056850294.1	iSF_1195.SF4257	24.1	452	317	9	1	438	1	440	3.46e-34	132
WP_056850294.1	iML1515.b4233	24.1	452	317	9	1	438	1	440	8.95e-34	131
WP_056850294.1	iNF517.LLMG_RS11610	27.0	382	244	11	4	372	6	365	7.37e-34	131
WP_056850294.1	iAF987.Gmet_0413	26.4	397	261	10	2	382	7	388	2.43e-33	130
WP_056850294.1	iYO844.BSU29790	26.2	447	283	13	4	435	5	419	2.24e-33	130
WP_056850294.1	iSDY_1059.SDY_4251	24.9	390	275	7	1	376	1	386	8.16e-33	129
WP_056850295.1	iMM904.YBR034C	33.1	130	81	5	142	268	58	184	1.44e-06	48.5
WP_056850296.1	iHN637.CLJU_RS19265	48.4	250	123	3	1	248	1	246	4.88e-78	235
WP_056850296.1	iCN900.CD630_31720	47.2	250	125	4	1	248	1	245	2.19e-76	231
WP_056850296.1	iLJ478.TM0689	50.0	240	117	3	2	240	402	639	1.46e-71	230
WP_056850296.1	iYO844.BSU33920	44.4	250	136	2	1	249	1	248	7.99e-73	222
WP_056850297.1	iAF692.Mbar_A2020	34.2	73	46	1	247	319	313	383	2.29e-05	45.8
WP_056850299.1	iAF987.Gmet_3253	48.5	130	67	0	1	130	2	131	5.11e-39	127
WP_056850300.1	iML1515.b2530	61.0	405	155	2	1	403	1	404	6.05e-177	498
WP_056850300.1	iSbBS512_1146.SbBS512_E2905	61.0	405	155	2	1	403	1	404	6.05e-177	498
WP_056850300.1	iSDY_1059.SDY_2726	61.0	405	155	2	1	403	9	412	8.03e-177	498
WP_056850300.1	iSF_1195.SF2577	61.0	405	155	2	1	403	1	404	6.05e-177	498
WP_056850300.1	iSSON_1240.SSON_2612	61.0	405	155	2	1	403	9	412	8.03e-177	498
WP_056850300.1	iYL1228.KPN_02862	61.0	405	155	2	1	403	1	404	1.22e-176	498
WP_056850300.1	STM_v1_0.STM2543	60.5	405	157	2	1	403	1	404	1.73e-176	497
WP_056850300.1	iPC815.YPO2896	60.2	405	158	2	1	403	6	409	2.25e-173	489
WP_056850301.1	iCHOv1.100773264	30.9	609	369	17	40	631	106	679	5.09e-75	253
WP_056850301.1	iCHOv1.100751492	31.1	617	367	18	33	630	116	693	2.55e-74	251
WP_056850301.1	iSynCJ816.SGL_RS04190	29.9	612	370	13	51	630	52	636	7.31e-75	251
WP_056850301.1	iMM1415.14081	30.7	616	371	18	33	630	117	694	2.60e-73	249
WP_056850301.1	iMM1415.433256	29.8	650	390	20	7	631	71	679	7.13e-73	247
WP_056850301.1	iAT_PLT_636.51703	30.7	622	365	22	33	631	157	735	9.97e-71	243
WP_056850301.1	iEK1008.Rv2187	29.5	603	368	14	37	630	43	597	6.88e-72	243
WP_056850301.1	iAT_PLT_636.2180	30.7	576	337	16	76	630	125	659	4.75e-67	231
WP_056850303.1	iJN1463.PP_4817	48.9	135	66	3	9	141	8	141	5.41e-34	116
WP_056850304.1	iCN900.CD630_35520	48.5	499	236	7	5	500	17	497	1.38e-156	457
WP_056850304.1	iML1515.b4129	47.3	509	246	8	2	503	12	505	1.43e-152	447
WP_056850304.1	iYL1228.KPN_00502	46.5	507	253	6	2	503	12	505	4.61e-151	443
WP_056850304.1	iSynCJ816.SGL_RS06545	45.9	505	254	7	4	500	9	502	7.69e-151	442
WP_056850304.1	iPC815.YPO0888	47.3	499	241	7	12	503	22	505	6.52e-151	442
WP_056850304.1	STM_v1_0.STM3040	47.5	507	246	7	3	503	13	505	1.31e-150	442
WP_056850304.1	iSbBS512_1146.SbBS512_E3309	47.0	506	250	6	3	503	13	505	1.85e-150	441
WP_056850304.1	iSF_1195.SF2876	47.0	506	250	6	3	503	13	505	1.85e-150	441
WP_056850304.1	iSSON_1240.SSON_3043	47.0	506	250	6	3	503	13	505	1.85e-150	441
WP_056850304.1	iSDY_1059.SDY_3192	47.2	508	246	8	3	503	13	505	5.24e-150	440
WP_056850304.1	iYL1228.KPN_03318	46.2	507	255	6	2	503	12	505	2.38e-148	436
WP_056850304.1	iAF987.Gmet_2360	46.1	503	252	7	5	503	4	491	3.42e-147	432
WP_056850304.1	iYS854.USA300HOU_RS02655	44.8	509	256	6	1	500	1	493	2.21e-146	431
WP_056850304.1	iLJ478.TM1705	42.7	503	268	7	5	503	2	488	6.62e-139	412
WP_056850312.1	iYS854.USA300HOU_RS05515	45.7	431	221	5	6	423	13	443	5.43e-113	345
WP_056850323.1	iAF987.Gmet_0069	28.6	119	77	3	1	111	1	119	2.47e-09	56.2
WP_056850327.1	iML1515.b3291	55.3	132	51	4	1	126	1	130	5.78e-32	109
WP_056850332.1	iAM_Pf480.PF3D7_1239000	25.4	284	153	12	4	234	361	638	1.62e-08	55.1
WP_056850334.1	iMM904.YGL119W	25.7	385	270	9	6	380	69	447	6.84e-23	100
WP_056850354.1	iAF987.Gmet_0043	24.7	392	273	8	823	1208	25	400	2.45e-21	99.8
WP_056850358.1	iJN1463.PP_2193	28.7	164	97	6	166	320	177	329	2.81e-04	44.7
WP_056850361.1	iSynCJ816.SGL_RS11885	38.3	345	207	5	15	356	15	356	1.83e-66	213
WP_056850362.1	iML1515.b0650	31.4	191	112	6	7	194	9	183	3.55e-13	70.9
WP_056850362.1	iSbBS512_1146.SbBS512_E0599	31.4	191	112	6	7	194	9	183	3.55e-13	70.9
WP_056850362.1	iSSON_1240.SSON_0604	31.4	191	112	6	7	194	9	183	3.55e-13	70.9
WP_056850362.1	STM_v1_0.STM0659	30.4	194	110	5	7	194	9	183	1.48e-12	68.9
WP_056850368.1	iML1515.b3885	28.6	203	131	4	8	206	4	196	3.38e-21	86.7
WP_056850369.1	iAT_PLT_636.5625	41.1	241	139	1	156	393	349	589	3.29e-53	186
WP_056850369.1	iCHOv1.100750856	37.8	241	147	1	156	393	348	588	5.93e-49	174
WP_056850369.1	iMM1415.19125	38.2	241	146	1	156	393	348	588	5.78e-48	171
WP_056850371.1	iCN900.CD630_18330	37.6	311	176	6	30	330	37	339	1.24e-59	195
WP_056850371.1	iIT341.HP0283	40.0	310	182	2	20	329	17	322	2.57e-59	194
WP_056850371.1	iLB1027_lipid.PHATRDRAFT_20809	37.4	337	184	8	15	333	79	406	1.81e-57	192
WP_056850371.1	iYO844.BSU22700	35.7	308	185	6	30	330	37	338	3.03e-55	184
WP_056850371.1	iJN1463.PP_5078	42.5	275	142	4	66	330	70	338	1.94e-53	179
WP_056850371.1	iHN637.CLJU_RS14385	37.2	301	174	6	49	340	58	352	3.64e-53	179
WP_056850373.1	iHN637.CLJU_RS14370	34.0	268	175	2	6	272	108	374	9.65e-47	160
WP_056850373.1	iCN900.CD630_18360	34.0	268	173	3	7	272	129	394	6.45e-44	153
WP_056850374.1	iCN900.CD630_18320	32.2	264	165	6	2	259	71	326	1.68e-35	132
WP_056850374.1	iLJ478.TM0343	35.3	238	146	5	22	259	97	326	8.88e-34	127
WP_056850374.1	iCN900.CD630_14530	32.1	243	157	4	5	247	12	246	1.68e-33	125
WP_056850374.1	iAF987.Gmet_0346	33.6	241	152	5	19	259	96	328	2.40e-32	124
WP_056850374.1	iHN637.CLJU_RS14395	31.0	258	164	5	9	260	79	328	3.65e-32	123
WP_056850374.1	iAF987.Gmet_0024	34.3	230	141	6	20	248	96	316	4.94e-31	120
WP_056850375.1	iML1515.b0908	33.0	418	251	11	15	412	12	420	1.60e-56	191
WP_056850375.1	iSbBS512_1146.SbBS512_E2420	33.0	418	251	11	15	412	12	420	1.60e-56	191
WP_056850375.1	iSF_1195.SF0903	33.0	418	251	11	15	412	12	420	1.60e-56	191
WP_056850375.1	iSSON_1240.SSON_0909	33.0	418	251	11	15	412	12	420	1.60e-56	191
WP_056850375.1	iSDY_1059.SDY_2353	32.3	418	254	9	15	412	12	420	4.09e-56	190
WP_056850375.1	iPC815.YPO1390	32.5	418	249	10	15	410	13	419	8.79e-56	189
WP_056850375.1	iYL1228.KPN_00936	31.7	416	251	8	19	412	16	420	9.47e-54	184
WP_056850375.1	STM_v1_0.STM0978	30.7	420	258	7	15	412	12	420	9.47e-54	184
WP_056850375.1	iHN637.CLJU_RS14380	31.8	440	253	13	7	421	4	421	1.51e-49	173
WP_056850376.1	iSynCJ816.SGL_RS06190	59.0	361	142	4	3	362	2	357	1.33e-136	393
WP_056850376.1	iAF692.Mbar_A1438	53.7	361	160	4	1	360	1	355	2.97e-121	354
WP_056850378.1	iAF987.Gmet_1919	33.1	121	74	4	1	116	1	119	3.20e-08	53.1
WP_056850380.1	iYO844.BSU24040	33.2	289	187	5	477	763	8	292	1.44e-44	163
WP_056850380.1	iCN900.CD630_00370	29.9	321	219	4	477	795	10	326	7.74e-40	149
WP_056850382.1	iHN637.CLJU_RS10450	50.3	392	195	0	3	394	2	393	1.18e-137	398
WP_056850382.1	iCN900.CD630_13390	49.7	384	193	0	11	394	10	393	6.28e-135	391
WP_056850389.1	iJN1463.PP_4935	27.8	511	352	7	67	565	84	589	3.08e-48	177
WP_056850389.1	STM_v1_0.STM0984	24.9	498	369	3	76	568	82	579	5.54e-47	173
WP_056850389.1	iML1515.b0914	24.7	498	370	3	76	568	82	579	1.05e-46	172
WP_056850389.1	iSbBS512_1146.SbBS512_E2410	24.7	498	370	3	76	568	82	579	1.05e-46	172
WP_056850389.1	iSDY_1059.SDY_2344	24.7	498	370	3	76	568	82	579	1.05e-46	172
WP_056850389.1	iYL1228.KPN_00941	24.3	498	372	3	76	568	82	579	1.43e-46	172
WP_056850389.1	iSF_1195.SF0910	24.5	498	371	3	76	568	82	579	2.70e-46	171
WP_056850389.1	iSSON_1240.SSON_0916	24.5	498	371	3	76	568	82	579	5.09e-46	170
WP_056850389.1	iAF987.Gmet_2349	24.2	509	378	4	68	568	61	569	1.93e-44	166
WP_056850389.1	iPC815.YPO1395	24.5	486	362	3	84	564	90	575	2.02e-43	163
WP_056850389.1	iCHOv1.100682535	27.3	527	339	13	72	572	127	635	2.54e-41	160
WP_056850395.1	iCN718.ABAYE_RS13845	31.5	124	81	3	1	123	5	125	2.93e-13	64.3
WP_056850396.1	iSDY_1059.SDY_4064	39.0	146	89	0	2	147	3	148	5.51e-41	134
WP_056850396.1	iML1515.b3634	39.0	146	89	0	2	147	3	148	3.15e-40	132
WP_056850396.1	iSbBS512_1146.SbBS512_E4059	39.0	146	89	0	2	147	3	148	3.15e-40	132
WP_056850396.1	iSF_1195.SF3673	39.0	146	89	0	2	147	3	148	3.15e-40	132
WP_056850396.1	iSSON_1240.SSON_3773	39.0	146	89	0	2	147	3	148	3.15e-40	132
WP_056850396.1	iPC815.YPO0053	38.9	144	88	0	4	147	5	148	8.95e-40	131
WP_056850396.1	iYS854.USA300HOU_RS05615	38.9	144	88	0	3	146	5	148	2.12e-38	127
WP_056850396.1	STM_v1_0.STM3725	37.2	145	91	0	2	146	3	147	8.29e-38	126
WP_056850396.1	iAF987.Gmet_1759	36.8	152	93	1	2	150	4	155	1.32e-37	125
WP_056850396.1	iSynCJ816.SGL_RS15225	40.5	148	88	0	3	150	2	149	1.66e-37	125
WP_056850396.1	iYL1228.KPN_03974	38.5	143	88	0	4	146	5	147	2.36e-37	125
WP_056850396.1	iYO844.BSU15020	37.4	147	92	0	2	148	3	149	5.01e-37	124
WP_056850396.1	iCN718.ABAYE_RS14785	38.5	143	88	0	5	147	7	149	2.13e-36	122
WP_056850406.1	iLJ478.TM1193	26.1	433	256	14	30	430	45	445	2.15e-31	132
WP_056850409.1	iYL1228.KPN_02741	63.6	316	115	0	13	328	1	316	2.87e-147	417
WP_056850409.1	iSF_1195.SF3047	57.8	329	131	3	4	326	4	330	3.79e-135	387
WP_056850409.1	iML1515.b3001	57.4	329	132	3	4	326	4	330	5.38e-135	387
WP_056850409.1	iSSON_1240.SSON_3145	57.4	329	132	3	4	326	4	330	1.53e-134	385
WP_056850409.1	iSbBS512_1146.SbBS512_E3430	56.8	329	134	3	4	326	4	330	3.56e-133	382
WP_056850413.1	iAF987.Gmet_2999	33.6	116	75	2	5	118	10	125	7.65e-14	65.9
WP_056850415.1	iAF987.Gmet_2999	32.1	109	65	3	6	108	12	117	1.88e-05	44.7
WP_056850415.1	iAF987.Gmet_1914	24.0	96	69	2	21	112	18	113	5.11e-04	40.4
WP_056850417.1	iAF987.Gmet_2444	24.7	162	107	4	218	369	21	177	5.78e-07	51.6
WP_056850418.1	iYL1228.KPN_04739	29.0	345	236	3	127	467	156	495	1.98e-41	154
WP_056850418.1	iSSON_1240.SSON_0523	30.8	341	227	4	131	467	123	458	1.51e-41	153
WP_056850418.1	iJN1463.PP_1384	31.4	347	233	5	124	467	122	466	1.12e-40	151
WP_056850418.1	iSF_1195.SF0473	30.5	383	246	8	99	467	82	458	7.59e-41	151
WP_056850418.1	iML1515.b0572	30.7	339	228	4	131	466	123	457	3.63e-40	149
WP_056850436.1	iSynCJ816.SGL_RS03840	40.0	160	90	2	8	166	11	165	3.69e-33	115
WP_056850436.1	iPC815.YPO3364	37.3	161	93	2	4	161	42	197	2.02e-28	104
WP_056850436.1	iYO844.BSU15600	38.5	156	88	2	4	156	28	178	1.93e-28	104
WP_056850445.1	iAF987.Gmet_1790	46.8	124	66	0	2	125	23	146	2.16e-35	119
WP_056850456.1	iPC815.YPO0345	42.6	61	30	2	33	89	472	531	5.81e-05	42.4
WP_056850493.1	iYO844.BSU19230	35.0	200	124	4	1	195	1	199	5.06e-32	114
WP_056850494.1	iSynCJ816.SGL_RS10890	32.3	297	191	5	4	296	10	300	1.05e-43	150
WP_056850494.1	iJN1463.PP_4799	35.1	245	137	5	55	287	62	296	5.02e-39	139
WP_056850497.1	iSSON_1240.SSON_0534	27.2	217	127	8	122	325	50	248	4.69e-04	43.9
WP_056850509.1	iMM1415.69156	34.3	172	107	2	45	210	90	261	6.73e-26	100
WP_056850509.1	iCHOv1.100762102	33.7	172	108	2	45	210	90	261	1.32e-25	99.8
WP_056850510.1	iYS854.USA300HOU_RS14370	36.6	134	71	5	69	189	340	472	6.06e-08	53.1
WP_056850515.1	iLJ478.TM0751	34.8	66	40	1	73	138	267	329	9.58e-04	41.2
WP_056850516.1	iSynCJ816.SGL_RS02940	22.1	330	204	10	197	500	17	319	7.19e-07	51.6
WP_056850518.1	iAF987.Gmet_1914	30.0	120	70	5	1	112	1	114	1.27e-06	48.5
WP_056850519.1	iYL1228.KPN_04585	24.6	179	115	8	160	322	107	281	3.39e-04	42.0
WP_056850519.1	STM_v1_0.STM4382	25.1	179	114	9	160	322	107	281	4.50e-04	41.6
WP_056850540.1	iML1515.b1967	24.0	154	100	5	83	222	128	278	8.41e-04	39.3
WP_056850544.1	iNF517.LLMG_RS04530	48.4	413	199	6	9	414	8	413	5.69e-115	342
WP_056850544.1	iHN637.CLJU_RS02950	46.4	416	209	6	8	415	9	418	7.31e-106	318
WP_056850544.1	iSF_1195.SF0293	42.8	411	226	5	10	414	9	416	1.02e-102	310
WP_056850544.1	iSDY_1059.SDY_0473	42.8	411	226	5	10	414	9	416	2.05e-102	310
WP_056850544.1	iML1515.b0243	42.8	411	226	5	10	414	9	416	2.89e-102	309
WP_056850544.1	iSSON_1240.SSON_0285	42.8	411	226	5	10	414	9	416	2.89e-102	309
WP_056850544.1	iSbBS512_1146.SbBS512_E0240	42.8	411	226	5	10	414	9	416	1.16e-101	308
WP_056850545.1	iCN718.ABAYE_RS05325	35.8	363	215	7	6	354	15	373	3.36e-68	218
WP_056850545.1	iLJ478.TM0294	34.4	363	214	6	7	358	4	353	1.12e-62	203
WP_056850545.1	iAF987.Gmet_3198	34.8	345	213	7	6	344	10	348	1.63e-60	198
WP_056850547.1	iAM_Pv461.PVX_087035	26.3	415	267	8	5	390	27	431	7.02e-34	131
WP_056850547.1	iAM_Pc455.PCYB_074100	34.1	211	139	0	5	215	9	219	2.14e-32	127
WP_056850547.1	iAM_Pb448.PBANKA_083440	24.0	413	274	6	8	390	41	443	2.94e-30	121
WP_056850548.1	iAM_Pb448.PBANKA_080930	37.3	166	103	1	3	168	60	224	1.60e-32	116
WP_056850548.1	iAM_Pv461.PVX_098840	37.2	164	102	1	3	166	10	172	1.41e-31	112
WP_056850548.1	iAM_Pf480.PF3D7_0907900	33.3	165	109	1	2	166	64	227	1.09e-30	111
WP_056850548.1	iAM_Pc455.PCYB_071570	37.0	162	101	1	3	164	65	225	1.19e-29	108
WP_056850550.1	iYS854.USA300HOU_RS04640	45.6	68	36	1	5	72	10	76	2.91e-16	66.2
WP_056850551.1	iAF692.Mbar_A2421	33.8	74	48	1	6	79	226	298	1.23e-05	46.2
WP_056850552.1	iAF987.Gmet_3403	41.4	152	87	1	434	585	54	203	4.86e-32	126
WP_056850553.1	iYO844.BSU00680	44.1	161	88	2	12	171	8	167	3.58e-43	141
WP_056850553.1	iEK1008.Rv3624c	47.9	169	80	3	13	174	40	207	2.84e-42	140
WP_056850553.1	iNF517.LLMG_RS05050	46.8	154	80	2	12	164	7	159	5.78e-42	138
WP_056850553.1	iHN637.CLJU_RS20465	43.5	161	89	2	12	171	10	169	6.77e-41	135
WP_056850553.1	iCN900.CD630_32310	39.4	175	104	2	6	179	3	176	9.05e-41	135
WP_056850553.1	iYS854.USA300HOU_RS02615	43.5	161	89	2	12	171	7	166	3.63e-40	134
WP_056850553.1	iYL1228.KPN_00133	44.1	170	91	3	12	178	10	178	7.93e-40	133
WP_056850553.1	iNF517.LLMG_RS00090	45.2	166	87	4	8	171	7	170	1.31e-38	130
WP_056850553.1	iCN900.CD630_26910	42.4	158	89	2	15	171	9	165	4.18e-38	128
WP_056850554.1	iAF987.Gmet_1263	39.4	216	125	3	3	218	8	217	8.83e-41	138
WP_056850555.1	iML1515.b1330	32.2	199	127	4	181	373	138	334	6.19e-26	106
WP_056850563.1	iYO844.BSU29190	54.2	308	130	6	4	309	1	299	4.80e-99	294
WP_056850563.1	iHN637.CLJU_RS01590	52.6	304	139	4	4	306	1	300	8.61e-97	288
WP_056850563.1	iCN900.CD630_33950	54.0	289	128	4	4	291	1	285	1.26e-96	288
WP_056850563.1	iLJ478.TM0209	48.7	304	152	3	4	306	1	301	1.26e-96	288
WP_056850563.1	iYS854.USA300HOU_RS09010	51.3	302	142	4	4	303	1	299	3.18e-95	285
WP_056850563.1	iNF517.LLMG_RS05680	49.8	299	146	3	4	301	1	296	1.40e-87	266
WP_056850564.1	iJN1463.PP_0561	25.8	407	257	12	87	486	169	537	4.91e-24	105
WP_056850565.1	iYO844.BSU22440	29.8	248	169	3	8	253	79	323	2.43e-29	112
WP_056850567.1	iAT_PLT_636.4905	32.5	280	154	9	196	447	196	468	2.48e-28	120
WP_056850567.1	iMM1415.18195	32.5	280	154	9	196	447	196	468	2.48e-28	120
WP_056850568.1	iML1515.b0308	35.8	106	66	1	109	212	125	230	2.62e-14	68.9
WP_056850568.1	iSbBS512_1146.SbBS512_E0257	35.8	106	66	1	109	212	125	230	6.92e-14	67.8
WP_056850568.1	iSF_1195.SF0258	35.8	106	66	1	109	212	174	279	1.19e-13	67.8
WP_056850568.1	iSSON_1240.SSON_0316	35.8	106	66	1	109	212	125	230	1.82e-13	66.6
WP_056850569.1	iSynCJ816.SGL_RS09325	33.1	311	171	10	58	358	46	329	3.10e-40	144
WP_056850569.1	iSDY_1059.SDY_2059	30.5	357	202	13	7	359	3	317	9.50e-38	137
WP_056850569.1	iML1515.b1091	30.5	357	202	13	7	359	3	317	1.33e-37	137
WP_056850569.1	iSbBS512_1146.SbBS512_E2233	30.5	357	202	13	7	359	3	317	1.33e-37	137
WP_056850569.1	iSSON_1240.SSON_1111	30.5	357	202	13	7	359	3	317	1.33e-37	137
WP_056850569.1	STM_v1_0.STM1193	30.5	357	202	13	7	359	3	317	9.80e-37	134
WP_056850569.1	iSF_1195.SF1095	30.3	357	203	13	7	359	3	317	1.37e-36	134
WP_056850569.1	iYS854.USA300HOU_RS04875	28.5	355	208	10	5	358	1	310	1.75e-36	134
WP_056850596.1	iAF987.Gmet_0769	34.2	114	75	0	13	126	6	119	5.32e-18	74.3
WP_056850597.1	iSynCJ816.SGL_RS11800	29.0	100	69	2	54	153	96	193	5.65e-06	45.8
WP_056850598.1	iYS854.USA300HOU_RS06355	34.4	262	161	4	1	260	1	253	2.64e-38	134
WP_056850600.1	iCN900.CD630_16150	40.8	98	55	1	167	261	540	637	4.28e-13	69.3
WP_056850604.1	iYO844.BSU11670	22.3	372	258	12	15	379	4	351	2.21e-11	64.3
WP_056850604.1	iJN1463.PP_5257	22.0	373	261	7	17	376	34	389	1.51e-10	62.0
WP_056850604.1	iJN1463.PP_2448	22.0	381	246	11	17	374	31	383	1.99e-10	61.6
WP_056850606.1	iSSON_1240.SSON_1947	47.0	268	141	1	10	277	13	279	2.16e-83	251
WP_056850606.1	iSDY_1059.SDY_1284	46.6	268	142	1	10	277	13	279	4.32e-83	250
WP_056850606.1	iSbBS512_1146.SbBS512_E1397	46.6	268	142	1	10	277	13	279	6.13e-83	250
WP_056850606.1	iSF_1195.SF1232	46.6	268	142	1	10	277	13	279	6.13e-83	250
WP_056850606.1	iML1515.b1232	46.6	268	142	1	10	277	13	279	8.68e-83	249
WP_056850606.1	iYL1228.KPN_02206	46.6	268	142	1	10	277	13	279	1.74e-82	249
WP_056850606.1	STM_v1_0.STM1756	46.6	268	142	1	10	277	13	279	3.49e-82	248
WP_056850606.1	iIT341.HP1434	46.8	295	138	4	1	278	1	293	2.54e-77	236
WP_056850610.1	iAF987.Gmet_1954	53.1	514	233	5	5	516	6	513	4.61e-186	531
WP_056850610.1	iPC815.YPO2710	47.6	527	266	3	5	527	22	542	4.81e-166	481
WP_056850611.1	iJN1463.PP_3285	32.6	141	94	1	12	152	11	150	1.59e-21	86.3
WP_056850613.1	iSynCJ816.SGL_RS13580	42.7	82	46	1	308	388	292	373	2.74e-08	56.2
WP_056850614.1	iML1515.b2180	24.0	562	317	21	3	513	4	506	1.58e-24	107
WP_056850614.1	iCN900.CD630_04310	24.9	531	283	17	22	515	23	474	3.86e-24	105
WP_056850614.1	iYS854.USA300HOU_RS01050	22.0	540	318	17	21	516	25	505	8.89e-23	102
WP_056850617.1	iLJ478.TM0024	40.1	252	129	8	264	499	212	457	4.35e-48	175
WP_056850618.1	iCN718.ABAYE_RS18975	32.9	806	431	20	3	787	2	718	6.80e-126	393
WP_056850618.1	iCN718.ABAYE_RS07965	31.9	812	452	23	3	786	3	741	4.75e-114	362
WP_056850624.1	iML1515.b3241	26.3	316	168	6	18	327	16	272	1.47e-19	87.4
WP_056850625.1	iYO844.BSU03070	31.0	407	258	10	20	416	23	416	5.97e-48	173
WP_056850626.1	iSynCJ816.SGL_RS11290	26.3	855	490	23	136	859	187	1032	8.79e-75	264
WP_056850626.1	iCN718.ABAYE_RS00705	27.1	798	510	16	119	859	110	892	5.02e-68	243
WP_056850628.1	iAM_Pb448.PBANKA_082630	29.7	101	70	1	1	100	23	123	3.10e-14	63.2
WP_056850639.1	iYS854.USA300HOU_RS08275	32.1	156	101	3	1	155	1	152	4.01e-17	74.7
WP_056850643.1	iAF987.Gmet_2349	26.5	200	128	4	3	188	335	529	8.54e-16	74.7
WP_056850643.1	iCN900.CD630_14890	26.8	183	126	2	3	177	2	184	2.18e-15	72.8
WP_056850643.1	iSynCJ816.SGL_RS17160	28.3	166	116	1	1	163	1	166	2.68e-15	72.8
WP_056850643.1	iLJ478.TM1376	28.5	165	115	1	2	163	5	169	9.86e-15	71.2
WP_056850643.1	iCN900.CD630_03010	26.1	211	145	4	5	204	8	218	1.72e-14	70.9
WP_056850643.1	iML1515.b0652	26.2	191	129	3	3	183	2	190	4.80e-15	70.9
WP_056850643.1	iNF517.LLMG_RS09720	24.2	190	136	2	2	183	6	195	5.19e-15	70.9
WP_056850643.1	iSSON_1240.SSON_0606	26.2	191	129	3	3	183	2	190	4.80e-15	70.9
WP_056850643.1	iYS854.USA300HOU_RS03900	30.7	199	125	6	3	190	2	198	1.48e-14	70.5
WP_056850643.1	iYS854.USA300HOU_RS03500	28.9	173	112	4	17	179	18	189	1.23e-14	70.1
WP_056850643.1	iPC815.YPO2612	27.8	198	121	5	1	183	1	191	9.31e-15	70.1
WP_056850643.1	iSF_1195.SF0629	26.2	191	129	3	3	183	2	190	1.27e-14	69.7
WP_056850643.1	iCN900.CD630_03270	25.8	221	121	6	1	194	1	205	2.53e-14	69.3
WP_056850643.1	iYL1228.KPN_00678	25.3	194	127	4	3	183	2	190	1.76e-14	69.3
WP_056850643.1	iCN900.CD630_34170	29.0	186	127	3	3	183	4	189	6.05e-14	68.9
WP_056850643.1	iYS854.USA300HOU_RS08305	26.1	188	130	3	5	183	13	200	3.08e-14	68.9
WP_056850643.1	iCHOv1.100761226	26.5	185	131	3	21	200	919	1103	1.85e-13	68.2
WP_056850643.1	iYO844.BSU33160	29.1	172	112	2	17	178	15	186	1.86e-13	67.8
WP_056850643.1	iYO844.BSU23960	26.6	192	127	5	3	183	2	190	8.75e-14	67.4
WP_056850643.1	iYS854.USA300HOU_RS03980	26.3	171	113	4	3	163	2	169	1.02e-13	67.4
WP_056850644.1	iCN718.ABAYE_RS09345	39.4	66	36	2	73	135	89	153	6.02e-05	40.8
WP_056850645.1	iJN1463.PP_1343	36.8	299	160	5	3	298	2	274	3.19e-56	188
WP_056850645.1	iPC815.YPO0561	35.5	293	159	5	3	291	2	268	6.80e-50	172
WP_056850645.1	iYL1228.KPN_00100	35.5	293	159	5	3	291	2	268	9.26e-50	171
WP_056850645.1	iSbBS512_1146.SbBS512_E0090	35.8	293	158	5	3	291	2	268	9.26e-50	171
WP_056850645.1	STM_v1_0.STM0134	35.8	293	158	5	3	291	2	268	1.30e-49	171
WP_056850645.1	iML1515.b0096	35.8	293	158	5	3	291	2	268	1.81e-49	171
WP_056850645.1	iSDY_1059.SDY_0126	35.8	293	158	5	3	291	2	268	1.81e-49	171
WP_056850645.1	iSF_1195.SF0093	35.8	293	158	5	3	291	2	268	1.81e-49	171
WP_056850645.1	iSSON_1240.SSON_0104	35.8	293	158	5	3	291	2	268	1.81e-49	171
WP_056850646.1	iAF987.Gmet_2355	44.2	335	179	4	4	338	6	332	1.15e-39	143
WP_056850646.1	iJN1463.PP_1601	35.5	341	202	4	4	338	6	334	5.19e-37	136
WP_056850646.1	STM_v1_0.STM0226	34.1	331	212	4	8	338	9	333	1.18e-34	129
WP_056850647.1	iAM_Pv461.PVX_100900	29.0	293	162	7	2	250	328	618	1.26e-20	94.0
WP_056850647.1	iAM_Pb448.PBANKA_145350	28.6	287	162	6	5	250	320	604	5.33e-20	92.0
WP_056850647.1	iAM_Pf480.PF3D7_1239000	27.9	330	190	8	5	288	359	686	7.33e-20	91.7
WP_056850647.1	iAM_Pc455.PCYB_146470	29.0	293	148	8	2	250	323	599	9.68e-19	88.2
WP_056850648.1	iAF987.Gmet_1914	30.6	147	102	0	5	151	3	149	6.55e-15	76.6
WP_056850650.1	iYO844.BSU31930	37.4	356	219	4	36	390	3	355	1.98e-78	246
WP_056850650.1	iYS854.USA300HOU_RS09065	36.0	369	233	3	34	401	1	367	9.30e-78	244
WP_056850650.1	iEK1008.Rv2780	33.3	372	235	4	34	399	1	365	9.25e-71	226
WP_056850651.1	iML1515.b1488	29.4	177	124	1	46	222	6	181	1.52e-21	87.8
WP_056850651.1	iSbBS512_1146.SbBS512_E1751	29.4	177	124	1	46	222	6	181	1.52e-21	87.8
WP_056850651.1	iSSON_1240.SSON_1636	29.4	177	124	1	46	222	6	181	1.52e-21	87.8
WP_056850653.1	iYO844.BSU30220	24.4	299	196	7	1	281	19	305	3.30e-12	66.6
WP_056850653.1	iYS854.USA300HOU_RS02890	20.5	278	205	3	9	271	29	305	6.03e-12	65.9
WP_056850653.1	iEK1008.Rv1569	25.8	229	162	3	31	252	50	277	7.83e-12	65.5
WP_056850653.1	iSynCJ816.SGL_RS14860	24.7	279	181	6	15	274	37	305	4.64e-10	60.1
WP_056850654.1	iCHOv1.100750757	30.4	250	131	13	52	271	41	277	9.62e-18	83.6
WP_056850655.1	iSynCJ816.SGL_RS14350	26.0	439	247	17	48	437	63	472	1.54e-15	78.2
WP_056850663.1	iML1515.b1600	30.3	99	69	0	3	101	5	103	3.31e-10	52.8
WP_056850663.1	iSbBS512_1146.SbBS512_E1786	30.3	99	69	0	3	101	5	103	3.31e-10	52.8
WP_056850663.1	iSDY_1059.SDY_1553	30.3	99	69	0	3	101	5	103	3.31e-10	52.8
WP_056850663.1	iSF_1195.SF1621	30.3	99	69	0	3	101	5	103	3.31e-10	52.8
WP_056850663.1	iSSON_1240.SSON_1560	30.3	99	69	0	3	101	5	103	3.31e-10	52.8
WP_056850663.1	iML1515.b0543	36.1	72	46	0	9	80	10	81	1.61e-08	48.1
WP_056850666.1	iML1515.b1686	48.9	137	69	1	1	137	1	136	3.70e-48	151
WP_056850666.1	iML1515.b0597	48.9	137	69	1	1	137	1	136	1.19e-44	142
WP_056850669.1	iCN900.CD630_00510	38.9	507	270	9	5	494	3	486	1.21e-106	326
WP_056850669.1	iYO844.BSU00920	35.7	501	293	7	1	493	1	480	2.17e-101	312
WP_056850669.1	iCN718.ABAYE_RS01925	38.6	511	259	10	4	499	2	472	1.65e-99	308
WP_056850669.1	iLJ478.TM1351	37.4	495	279	7	5	497	2	467	1.26e-99	307
WP_056850669.1	iAF987.Gmet_1736	37.0	497	272	9	5	498	4	462	2.74e-97	301
WP_056850669.1	iHN637.CLJU_RS06575	38.4	511	268	11	4	502	3	478	5.19e-95	296
WP_056850671.1	iAF987.Gmet_2999	37.4	115	71	1	2	116	10	123	5.31e-16	78.2
WP_056850672.1	iAF987.Gmet_0069	33.9	121	77	2	1068	1186	3	122	8.89e-12	67.4
WP_056850672.1	iAF987.Gmet_2999	37.3	110	61	3	804	907	10	117	7.25e-11	65.1
WP_056850673.1	iAF987.Gmet_0069	32.2	118	77	3	3	118	2	118	4.43e-12	60.8
WP_056850673.1	iAF987.Gmet_2999	27.2	114	82	1	6	119	10	122	3.93e-10	55.5
WP_056850681.1	iYO844.BSU12840	46.5	329	163	4	5	329	7	326	6.15e-87	264
WP_056850681.1	iAF987.Gmet_3131	43.9	326	173	4	5	329	8	324	1.47e-79	245
WP_056850681.1	iHN637.CLJU_RS06110	43.4	327	169	7	7	328	9	324	6.23e-78	241
WP_056850686.1	iJN1463.PP_0987	51.0	467	211	6	6	468	3	455	5.21e-148	430
WP_056850686.1	iCN718.ABAYE_RS11985	49.8	472	208	7	6	467	3	455	1.75e-146	426
WP_056850686.1	iJN1463.PP_3144	47.8	475	224	7	6	475	3	458	8.59e-139	406
WP_056850686.1	iML1515.b1814	46.5	467	229	6	6	468	2	451	1.58e-135	398
WP_056850686.1	iSbBS512_1146.SbBS512_E2075	46.5	467	229	6	6	468	2	451	1.58e-135	398
WP_056850686.1	iSSON_1240.SSON_1346	46.5	467	229	6	6	468	2	451	1.58e-135	398
WP_056850686.1	iJN1463.PP_0297	47.2	475	227	7	6	475	3	458	2.55e-135	397
WP_056850686.1	iSF_1195.SF1414	46.5	467	229	6	6	468	2	451	2.23e-135	397
WP_056850686.1	iSDY_1059.SDY_1720	46.3	467	230	6	6	468	2	451	4.48e-135	397
WP_056850686.1	STM_v1_0.STM1826	46.2	465	233	6	6	468	2	451	6.34e-135	396
WP_056850686.1	iYL1228.KPN_03140	47.8	469	220	8	6	468	2	451	6.00e-133	391
WP_056850686.1	iSSON_1240.SSON_2954	47.3	467	225	7	6	468	2	451	1.20e-132	390
WP_056850686.1	STM_v1_0.STM2971	47.6	471	218	9	6	468	2	451	1.70e-132	390
WP_056850686.1	iML1515.b2797	47.1	465	229	6	6	468	2	451	2.41e-132	390
WP_056850686.1	iPC815.YPO1771	46.3	467	230	7	6	468	2	451	2.33e-132	390
WP_056850686.1	iSbBS512_1146.SbBS512_E3075	47.1	465	229	6	6	468	2	451	3.41e-132	389
WP_056850686.1	iSF_1195.SF2811	47.1	465	229	6	6	468	2	451	3.41e-132	389
WP_056850686.1	iML1515.b4471	46.9	465	230	5	6	468	2	451	1.87e-131	387
WP_056850686.1	iSDY_1059.SDY_3014	46.9	465	230	6	6	468	2	451	2.74e-131	387
WP_056850688.1	iCN900.CD630_32700	40.2	127	69	2	18	137	12	138	3.03e-23	92.8
WP_056850688.1	iSynCJ816.SGL_RS13435	42.2	116	66	1	18	132	9	124	4.13e-22	90.1
WP_056850688.1	iCN900.CD630_33750	35.0	123	79	1	18	139	9	131	3.71e-20	84.7
WP_056850708.1	iAF987.Gmet_0043	26.1	234	164	6	114	341	39	269	7.79e-13	68.9
WP_056850718.1	iAF987.Gmet_0043	24.7	231	167	3	380	605	38	266	7.26e-15	77.4
WP_056850719.1	iAF987.Gmet_2999	37.2	113	68	2	4	114	10	121	1.46e-13	68.6
WP_056850720.1	iAF987.Gmet_3380	45.4	273	143	1	1	273	6	272	5.49e-82	248
WP_056850721.1	iAF987.Gmet_3381	25.1	195	125	4	35	208	47	241	1.96e-14	69.3
WP_056850722.1	iSynCJ816.SGL_RS14545	55.5	191	81	1	20	206	37	227	4.41e-72	218
WP_056850722.1	iLB1027_lipid.PHATRDRAFT_21868	59.0	173	71	0	34	206	6	178	3.77e-72	216
WP_056850722.1	iJN1463.PP_2512	57.0	179	77	0	28	206	4	182	2.17e-71	214
WP_056850722.1	iJN1463.PP_1823	56.0	175	77	0	32	206	15	189	2.85e-70	212
WP_056850722.1	iMM1415.14528	53.5	185	86	0	22	206	55	239	3.86e-67	206
WP_056850722.1	iCHOv1.100750667	53.0	185	87	0	22	206	62	246	9.64e-67	205
WP_056850722.1	iMM904.YGR267C	53.3	184	84	2	24	206	56	238	1.90e-65	201
WP_056850723.1	iYO844.BSU15900	45.6	294	155	3	3	291	5	298	3.05e-77	237
WP_056850727.1	iCHOv1.100752593	26.5	359	200	12	7	315	386	730	8.07e-24	103
WP_056850728.1	iJN1463.PP_2454	21.0	291	188	12	65	327	35	311	4.70e-04	41.2
WP_056850729.1	iYO844.BSU35020	45.9	231	118	3	30	259	15	239	1.05e-55	189
WP_056850729.1	iYO844.BSU02360	45.9	229	120	3	35	261	17	243	4.94e-54	184
WP_056850729.1	iCN900.CD630_10110	40.3	236	139	1	30	265	12	245	6.87e-54	184
WP_056850729.1	iIS312.TCDM_02681	39.2	265	154	4	30	293	20	278	8.46e-50	174
WP_056850730.1	iCN900.CD630_30510	35.7	378	236	4	20	395	4	376	7.41e-77	242
WP_056850739.1	iCHOv1.100752441	29.8	369	200	17	20	359	31	369	3.26e-40	149
WP_056850739.1	iLJ478.TM0306	30.1	372	181	14	33	359	22	359	1.33e-39	147
WP_056850739.1	iCHOv1.100756134	28.8	416	223	20	19	406	30	400	7.90e-37	140
WP_056850739.1	iMM1415.71665	28.6	367	205	14	20	358	21	358	6.41e-37	140
WP_056850739.1	iMM1415.66848	28.8	403	223	18	19	387	25	397	5.01e-36	137
WP_056850741.1	iLJ478.TM1624	25.0	707	446	26	56	722	24	686	1.21e-41	163
WP_056850742.1	iMM904.YPL252C	33.7	104	64	3	2	104	60	159	4.24e-10	53.5
WP_056850743.1	iYO844.BSU32110	41.0	315	179	4	5	319	9	316	1.81e-77	240
WP_056850746.1	iAF987.Gmet_2776	27.5	240	167	4	7	246	5	237	1.12e-27	105
WP_056850752.1	iJN1463.PP_2239	42.0	274	156	2	9	280	14	286	6.40e-66	207
WP_056850752.1	iYL1228.KPN_00842	43.2	278	155	2	9	284	13	289	2.56e-65	206
WP_056850752.1	STM_v1_0.STM0832	43.9	278	153	2	9	284	13	289	1.02e-64	204
WP_056850752.1	iML1515.b0813	42.8	278	156	2	9	284	13	289	2.04e-64	203
WP_056850752.1	iSbBS512_1146.SbBS512_E2535	42.8	278	156	2	9	284	13	289	2.04e-64	203
WP_056850752.1	iSSON_1240.SSON_0793	42.8	278	156	2	9	284	13	289	2.04e-64	203
WP_056850752.1	iSF_1195.SF0764	42.1	278	158	2	9	284	13	289	6.48e-63	199
WP_056850753.1	iAF987.Gmet_2999	32.2	121	80	1	4	122	10	130	3.41e-15	73.2
WP_056850754.1	iAF987.Gmet_1991	19.8	131	101	2	280	407	195	324	7.18e-04	42.0
WP_056850757.1	iAF692.Mbar_A2345	30.9	178	116	4	1	173	1	176	2.17e-17	75.1
WP_056850759.1	iYS854.USA300HOU_RS09495	50.2	432	162	7	4	425	7	395	1.38e-133	389
WP_056850759.1	iHN637.CLJU_RS01260	48.1	432	171	7	1	423	1	388	2.10e-131	383
WP_056850759.1	iNF517.LLMG_RS10795	50.3	437	162	7	3	427	5	398	2.75e-131	383
WP_056850759.1	iJN1463.PP_4967	51.9	428	166	7	4	428	6	396	2.49e-131	383
WP_056850759.1	iLJ478.TM1658	51.0	439	160	9	1	428	1	395	2.75e-130	380
WP_056850759.1	iIT341.HP0197	51.3	425	162	8	2	426	4	383	3.95e-130	380
WP_056850759.1	STM_v1_0.STM3090	50.0	426	167	6	3	428	4	383	7.10e-128	374
WP_056850759.1	iSbBS512_1146.SbBS512_E3374	50.0	426	167	6	3	428	4	383	7.10e-128	374
WP_056850759.1	iML1515.b2942	49.8	426	168	6	3	428	4	383	5.73e-127	372
WP_056850759.1	iSDY_1059.SDY_3130	49.8	426	168	6	3	428	4	383	5.73e-127	372
WP_056850759.1	iSF_1195.SF2933	49.8	426	168	6	3	428	4	383	5.73e-127	372
WP_056850759.1	iSSON_1240.SSON_3096	49.8	426	168	6	3	428	4	383	5.73e-127	372
WP_056850759.1	iYO844.BSU30550	51.1	395	158	5	4	387	7	377	1.38e-126	371
WP_056850759.1	iYL1228.KPN_03375	49.8	426	168	6	3	428	4	383	1.15e-126	371
WP_056850759.1	iCN718.ABAYE_RS10800	48.9	425	175	6	4	428	6	388	7.49e-126	369
WP_056850759.1	iAF987.Gmet_1290	49.4	429	169	9	3	428	6	389	8.85e-125	366
WP_056850759.1	iPC815.YPO0931	49.5	426	169	6	3	428	4	383	4.27e-124	364
WP_056850759.1	iCHOv1.100752327	51.7	402	164	8	2	397	17	394	4.96e-123	362
WP_056850759.1	iMM1415.232087	51.7	402	164	8	2	397	17	394	4.96e-123	362
WP_056850759.1	iAT_PLT_636.4144	51.5	402	165	8	2	397	17	394	9.94e-123	361
WP_056850759.1	iMM1415.11720	52.4	391	158	7	2	388	18	384	8.27e-122	359
WP_056850759.1	iCHOv1.100758089	52.6	390	157	7	2	387	18	383	3.33e-121	357
WP_056850759.1	iCN900.CD630_01300	45.4	432	181	8	3	423	4	391	9.75e-121	356
WP_056850759.1	iMM904.YLR180W	51.9	387	158	6	2	384	4	366	4.80e-120	354
WP_056850759.1	iIS312.TCDM_02068	50.6	391	162	5	4	387	7	373	7.12e-120	354
WP_056850759.1	iMM904.YDR502C	52.7	387	155	7	2	384	6	368	5.85e-119	351
WP_056850762.1	iYO844.BSU30560	55.4	496	218	3	22	515	19	513	6.38e-196	556
WP_056850762.1	iHN637.CLJU_RS03050	53.9	508	229	4	10	515	4	508	9.38e-192	546
WP_056850762.1	iYS854.USA300HOU_RS09500	52.5	495	230	4	24	515	23	515	1.14e-184	528
WP_056850762.1	iAF987.Gmet_3169	51.3	495	238	3	24	515	24	518	1.22e-181	520
WP_056850763.1	iPC815.YPO0682	35.7	70	45	0	184	253	242	311	6.06e-06	46.6
WP_056850763.1	iJN1463.PP_5306	30.2	86	60	0	183	268	212	297	1.34e-05	45.4
WP_056850763.1	iML1515.b3006	35.7	70	45	0	184	253	133	202	1.36e-05	45.1
WP_056850763.1	iSbBS512_1146.SbBS512_E3434	35.7	70	45	0	184	253	133	202	1.36e-05	45.1
WP_056850763.1	iSDY_1059.SDY_3067	35.7	70	45	0	184	253	133	202	1.36e-05	45.1
WP_056850763.1	iSF_1195.SF3051	35.7	70	45	0	184	253	133	202	1.36e-05	45.1
WP_056850763.1	iSSON_1240.SSON_3149	35.7	70	45	0	184	253	133	202	1.36e-05	45.1
WP_056850763.1	STM_v1_0.STM3159	34.3	70	46	0	184	253	133	202	1.83e-05	44.7
WP_056850763.1	iYL1228.KPN_03426	35.4	65	42	0	184	248	128	192	2.37e-05	44.3
WP_056850768.1	iLJ478.TM1264	23.1	268	169	7	33	283	20	267	2.46e-05	44.7
WP_056850768.1	iCN900.CD630_32680	22.7	198	117	6	100	283	99	274	1.91e-04	42.0
WP_056850770.1	iAF987.Gmet_3355	43.9	114	64	0	10	123	5	118	1.49e-29	102
WP_056850771.1	iAF987.Gmet_3353	44.5	146	80	1	12	156	9	154	6.25e-39	129
WP_056850772.1	iAF987.Gmet_3352	42.2	389	222	1	15	403	4	389	3.26e-116	343
WP_056850773.1	iCHOv1.100757242	47.2	161	83	1	8	168	69	227	6.94e-46	150
WP_056850773.1	iAT_PLT_636.4729	46.0	161	85	1	8	168	51	209	1.21e-45	149
WP_056850773.1	iMM1415.72900	46.6	161	84	1	8	168	50	208	1.18e-45	149
WP_056850774.1	iEK1008.Rv3150	49.9	431	192	8	5	427	11	425	9.03e-138	402
WP_056850774.1	iAT_PLT_636.4723	47.7	398	194	5	39	434	73	458	1.98e-125	372
WP_056850774.1	iMM1415.17995	48.0	404	194	6	22	423	58	447	1.59e-124	369
WP_056850774.1	iCHOv1.100757245	47.5	398	195	5	39	434	73	458	1.28e-123	367
WP_056850775.1	iMM1415.227197	37.6	279	159	6	2	280	29	292	8.18e-53	184
WP_056850775.1	iCHOv1.100754223	37.3	279	160	6	2	280	29	292	1.56e-52	184
WP_056850775.1	iAT_PLT_636.4719	37.3	279	160	6	2	280	43	306	1.78e-52	184
WP_056850776.1	iAF987.Gmet_3348	47.2	352	162	3	1	341	8	346	3.49e-110	324
WP_056850776.1	iAF987.Gmet_0161	48.0	325	152	4	13	336	15	323	2.78e-105	311
WP_056850777.1	iAF987.Gmet_3346	42.6	169	86	3	1	162	1	165	5.08e-25	94.4
WP_056850779.1	iAF987.Gmet_3343	42.5	485	271	4	9	485	12	496	2.79e-131	390
WP_056850780.1	iAF987.Gmet_3342	41.9	463	255	8	5	456	18	477	7.63e-102	312
WP_056850782.1	iSynCJ816.SGL_RS11485	40.7	162	96	0	14	175	7	168	1.50e-40	134
WP_056850782.1	iAF692.Mbar_A1481	43.6	156	88	0	20	175	5	160	2.68e-40	134
WP_056850782.1	iAF692.Mbar_A3712	42.3	156	90	0	20	175	5	160	6.94e-38	127
WP_056850784.1	iAF987.Gmet_0816	42.9	98	55	1	66	163	1049	1145	8.66e-14	67.8
WP_056850784.1	iCN900.CD630_00210	33.6	107	68	2	61	166	1039	1143	1.87e-12	63.9
WP_056850784.1	iMM904.YBR218C	35.7	98	62	1	66	163	1071	1167	1.60e-11	61.2
WP_056850788.1	iSynCJ816.SGL_RS06450	48.7	156	80	0	3	158	4	159	4.68e-54	167
WP_056850788.1	iCN900.CD630_00480	44.8	154	85	0	3	156	1	154	7.21e-51	159
WP_056850788.1	iJN1463.PP_1618	48.7	154	79	0	3	156	1	154	3.65e-50	157
WP_056850788.1	iHN637.CLJU_RS00770	46.1	154	83	0	3	156	1	154	9.02e-49	154
WP_056850788.1	iAF987.Gmet_0059	47.4	156	82	0	3	158	1	156	1.71e-48	153
WP_056850788.1	iYL1228.KPN_03108	47.4	156	82	0	3	158	1	156	1.47e-47	151
WP_056850790.1	iYS854.USA300HOU_RS14480	30.8	237	159	2	757	988	49	285	1.60e-32	131
WP_056850790.1	iML1515.b1022	32.0	250	166	3	746	993	68	315	2.77e-31	128
WP_056850795.1	iJN1463.PP_3253	28.8	344	240	4	5	346	6	346	1.57e-40	146
WP_056850800.1	iYL1228.KPN_01990	26.8	142	86	5	5	138	3	134	3.59e-04	38.1
WP_056850801.1	iEK1008.Rv0684	25.2	493	252	14	1	389	10	489	1.15e-25	111
WP_056850801.1	iSynCJ816.SGL_RS10930	24.7	490	253	12	1	389	7	481	3.40e-24	107
WP_056850802.1	iJN1463.PP_1735	22.2	257	187	6	43	293	54	303	1.22e-06	48.9
WP_056850803.1	iJN1463.PP_1735	23.6	284	210	5	9	289	20	299	3.02e-11	62.8
WP_056850806.1	iEK1008.Rv2957	32.8	192	110	6	21	201	42	225	1.71e-22	92.8
WP_056850810.1	iLJ478.TM0306	45.5	77	39	1	66	142	100	173	5.20e-13	70.5
WP_056850812.1	iJN1463.PP_5098	27.6	98	68	2	44	141	23	117	6.06e-04	39.7
WP_056850814.1	iYO844.BSU35600	20.8	341	244	7	68	390	55	387	4.46e-06	48.5
WP_056850819.1	iNF517.LLMG_RS10940	28.5	193	130	4	26	214	23	211	4.33e-23	92.0
WP_056850819.1	iYS854.USA300HOU_RS11405	29.4	201	132	5	17	214	16	209	4.15e-23	92.0
WP_056850819.1	iYO844.BSU36890	29.6	203	129	7	17	214	16	209	5.82e-23	91.7
WP_056850819.1	iHN637.CLJU_RS01135	29.1	189	126	4	29	214	26	209	6.14e-22	89.0
WP_056850819.1	iLJ478.TM0721	31.2	199	125	6	20	214	19	209	4.61e-21	86.7
WP_056850819.1	iJN1463.PP_0746	28.5	186	125	4	32	214	28	208	9.59e-21	85.9
WP_056850819.1	iEK1008.Rv3309c	29.1	203	139	4	12	214	10	207	6.46e-20	83.6
WP_056850819.1	iCN900.CD630_34790	27.8	198	133	5	20	214	19	209	9.39e-20	83.2
WP_056850824.1	iAT_PLT_636.290	24.0	196	129	7	379	557	332	524	5.94e-06	49.7
WP_056850824.1	iMM1415.16790	23.9	197	128	7	379	557	331	523	1.77e-05	48.1
WP_056850837.1	iCN718.ABAYE_RS15035	32.3	254	146	12	1	243	1	239	4.68e-22	90.9
WP_056850843.1	iAF987.Gmet_2473	56.2	347	151	1	2	347	8	354	1.71e-144	412
WP_056850843.1	iSbBS512_1146.SbBS512_E1192	56.1	358	142	6	3	347	2	357	2.24e-138	397
WP_056850843.1	STM_v1_0.STM2097	55.6	358	144	5	3	347	2	357	3.17e-138	396
WP_056850843.1	iSDY_1059.SDY_2204	55.3	358	145	5	3	347	2	357	1.82e-137	394
WP_056850843.1	iSF_1195.SF2104	54.5	358	148	4	3	347	2	357	5.19e-137	393
WP_056850843.1	iHN637.CLJU_RS02730	53.8	353	158	3	1	350	1	351	5.23e-137	393
WP_056850843.1	iHN637.CLJU_RS02615	52.7	353	162	2	1	350	1	351	6.03e-136	390
WP_056850843.1	iML1515.b2041	55.0	358	146	5	3	347	2	357	1.71e-135	389
WP_056850843.1	iYL1228.KPN_02491	56.8	345	140	5	3	339	2	345	1.91e-135	389
WP_056850843.1	iYL1228.KPN_02497	55.4	345	145	5	3	339	2	345	1.68e-131	379
WP_056850843.1	iSF_1195.SF3862	55.2	348	147	5	1	340	1	347	4.94e-131	378
WP_056850843.1	iSSON_1240.SSON_3960	54.9	348	148	5	1	340	1	347	2.83e-130	376
WP_056850843.1	iML1515.b3788	54.9	348	148	5	1	340	1	347	8.08e-130	375
WP_056850843.1	STM_v1_0.STM3922	54.0	348	151	5	1	340	1	347	2.65e-128	371
WP_056850844.1	iAF692.Mbar_A0230	58.4	178	74	0	1	178	1	178	5.10e-69	207
WP_056850844.1	iSF_1195.SF2101	51.7	178	84	1	1	178	1	176	5.34e-61	187
WP_056850845.1	iSynCJ816.SGL_RS02095	40.6	281	156	4	3	276	4	280	3.39e-60	192
WP_056850845.1	iHN637.CLJU_RS02625	39.0	295	167	4	3	286	2	294	2.02e-59	191
WP_056850845.1	iAF987.Gmet_2472	40.1	282	156	6	4	282	2	273	2.60e-56	182
WP_056850845.1	iHN637.CLJU_RS02740	36.1	294	175	3	3	285	2	293	1.08e-55	181
WP_056850845.1	iAF692.Mbar_A0232	37.9	285	155	6	3	287	7	269	5.49e-56	181
WP_056850845.1	iML1515.b2040	38.0	292	168	4	4	283	3	293	3.06e-53	175
WP_056850845.1	iYL1228.KPN_02489	37.3	295	168	5	3	283	2	293	3.97e-53	174
WP_056850845.1	iYL1228.KPN_02495	37.3	295	168	5	3	283	2	293	3.97e-53	174
WP_056850845.1	iSbBS512_1146.SbBS512_E1193	38.0	292	168	4	4	283	3	293	6.08e-53	174
WP_056850845.1	iJN1463.PP_1784	37.1	302	167	6	3	284	2	300	1.24e-52	173
WP_056850846.1	iSbBS512_1146.SbBS512_E1194	65.7	286	97	1	2	286	5	290	2.39e-138	391
WP_056850846.1	iSDY_1059.SDY_2206	65.7	286	97	1	2	286	5	290	3.40e-138	391
WP_056850846.1	iML1515.b2039	65.0	286	99	1	2	286	5	290	8.23e-137	387
WP_056850846.1	iSF_1195.SF2102	65.4	286	98	1	2	286	5	290	1.60e-136	387
WP_056850846.1	STM_v1_0.STM2095	65.0	286	99	1	2	286	5	290	2.64e-135	384
WP_056850846.1	iNF517.LLMG_RS01090	64.0	286	102	1	1	285	1	286	3.19e-133	378
WP_056850846.1	iEK1008.Rv0334	64.3	286	102	0	1	286	1	286	2.52e-132	376
WP_056850846.1	iJN1463.PP_1783	64.7	286	100	1	2	286	4	289	3.00e-132	376
WP_056850846.1	iYL1228.KPN_02490	62.9	286	105	1	1	285	1	286	4.07e-129	368
WP_056850846.1	iYL1228.KPN_02496	62.9	286	105	1	1	285	1	286	4.07e-129	368
WP_056850846.1	iHN637.CLJU_RS02620	63.5	285	103	1	2	285	3	287	1.50e-127	364
WP_056850846.1	iPC815.YPO3861	61.5	286	109	1	1	285	1	286	5.12e-126	360
WP_056850846.1	iML1515.b3789	61.0	287	111	1	1	286	1	287	2.79e-123	353
WP_056850846.1	iSbBS512_1146.SbBS512_E4132	61.0	287	111	1	1	286	1	287	2.79e-123	353
WP_056850846.1	iSF_1195.SF3863	61.0	287	111	1	1	286	1	287	2.79e-123	353
WP_056850851.1	iHN637.CLJU_RS19350	32.7	107	70	1	65	171	68	172	7.23e-11	58.2
WP_056850851.1	iJN1463.PP_3136	35.3	119	71	2	54	169	47	162	5.11e-10	55.5
WP_056850852.1	iAF987.Gmet_0069	26.7	120	80	2	15	129	2	118	1.35e-07	48.5
WP_056850852.1	iAF987.Gmet_2999	30.2	116	79	2	17	131	9	123	1.67e-06	45.4
WP_056850853.1	STM_v1_0.STM2082	38.1	202	117	4	154	355	280	473	8.49e-32	124
WP_056850853.1	iML1515.b2047	36.4	220	108	6	141	348	255	454	1.84e-27	112
WP_056850858.1	iYO844.BSU35540	23.2	233	163	7	169	388	160	389	8.61e-11	62.8
WP_056850859.1	iCHOv1.100759604	26.6	289	173	10	15	280	206	478	3.76e-22	95.9
WP_056850859.1	iMM1415.233781	23.1	312	184	10	1	280	320	607	2.40e-21	93.6
WP_056850859.1	iMM1415.217119	26.3	289	174	10	15	280	247	519	4.26e-21	92.8
WP_056850861.1	iYS854.USA300HOU_RS01340	25.5	259	163	9	5	238	3	256	1.22e-10	61.2
WP_056850861.1	iYO844.BSU35550	26.9	219	144	9	4	214	6	216	1.20e-10	60.1
WP_056850863.1	iAM_Pf480.PF3D7_1141600	24.3	148	97	5	46	180	27	172	9.08e-05	42.7
WP_056850863.1	iCHOv1.100689420	27.5	149	93	6	46	181	34	180	1.67e-04	42.0
WP_056850864.1	iYO844.BSU35600	29.6	351	247	0	8	358	9	359	6.34e-48	171
WP_056850866.1	iYS854.USA300HOU_RS14480	24.4	90	68	0	12	101	49	138	4.82e-04	40.8
WP_056850868.1	iAF987.Gmet_1431	53.2	312	143	2	15	325	2	311	4.06e-117	340
WP_056850868.1	iCHOv1.100763471	53.6	306	140	1	14	319	50	353	2.06e-113	333
WP_056850868.1	iMM1415.67883	53.6	306	140	1	14	319	89	392	7.19e-113	333
WP_056850868.1	iSynCJ816.SGL_RS09825	51.6	306	146	1	15	320	2	305	4.09e-111	325
WP_056850869.1	iAF987.Gmet_1430	56.7	443	181	3	1	432	1	443	6.15e-179	507
WP_056850871.1	iCN718.ABAYE_RS18625	26.9	175	109	5	70	225	51	225	2.54e-13	67.0
WP_056850871.1	iCN718.ABAYE_RS16215	35.2	108	66	2	89	192	54	161	5.36e-12	62.8
WP_056850872.1	iJN1463.PP_4219	30.3	1048	679	18	49	1072	63	1083	1.13e-142	483
WP_056850873.1	iEK1008.Rv2935	35.1	993	595	19	591	1545	8	989	6.65e-165	548
WP_056850874.1	iYS854.USA300HOU_RS14480	27.5	236	153	6	48	272	49	277	1.53e-12	68.2
WP_056850875.1	iEK1008.Rv3265c	22.0	218	144	4	33	228	27	240	7.96e-09	55.5
WP_056850876.1	iCN718.ABAYE_RS18925	58.4	423	167	2	7	426	8	424	4.48e-173	490
WP_056850879.1	iML1515.b0046	38.3	149	86	4	4	151	3	146	1.07e-25	96.7
WP_056850886.1	iYS854.USA300HOU_RS14370	26.4	163	89	6	19	156	317	473	1.87e-05	44.7
WP_056850893.1	iAF987.Gmet_3213	33.6	342	202	7	10	344	3	326	9.96e-53	176
WP_056850893.1	iYO844.BSU05900	34.3	341	198	7	13	344	1	324	3.17e-49	167
WP_056850895.1	iSynCJ816.SGL_RS17340	66.4	304	102	0	24	327	15	318	3.40e-149	422
WP_056850898.1	iCHOv1.100750756	45.9	133	70	1	4	136	13	143	7.61e-41	132
WP_056850898.1	iMM1415.19286	45.1	133	71	2	4	136	13	143	1.43e-38	127
WP_056850904.1	iAM_Pf480.PF3D7_0627500	24.0	171	122	4	7	176	5	168	1.13e-04	40.8
WP_056850904.1	iAF692.Mbar_A2755	37.5	64	35	1	72	130	42	105	3.49e-04	39.7
WP_056850906.1	iYL1228.KPN_04830	31.7	224	139	6	5	225	6	218	2.58e-26	101
WP_056850906.1	iML1515.b4374	30.5	213	136	5	5	216	6	207	7.10e-26	100
WP_056850906.1	iSDY_1059.SDY_4633	30.5	213	136	5	5	216	6	207	7.10e-26	100
WP_056850906.1	iSF_1195.SF4405	29.6	213	138	5	5	216	6	207	2.89e-24	95.9
WP_056850906.1	iSSON_1240.SSON_4524	29.6	213	138	5	5	216	6	207	5.67e-24	95.1
WP_056850906.1	iSbBS512_1146.SbBS512_E4917	29.1	213	139	5	5	216	6	207	2.17e-23	93.6
WP_056850909.1	iCN718.ABAYE_RS07070	37.5	72	35	3	43	114	284	345	7.22e-04	41.6
WP_056850909.1	iYL1228.KPN_04503	29.4	143	85	6	43	178	274	407	9.47e-04	41.2
WP_056850909.1	iJN1463.PP_2914	28.8	139	83	6	43	174	289	418	9.58e-04	41.2
WP_056850910.1	iYO844.BSU07810	22.4	598	297	26	58	573	10	522	2.03e-13	72.8
WP_056850910.1	iYS854.USA300HOU_RS02395	25.9	274	132	10	52	325	2	204	4.55e-13	71.6
WP_056850910.1	iLJ478.TM1840	23.6	585	295	25	43	573	38	524	3.27e-12	68.9
WP_056850910.1	iMM1415.20532	23.3	347	178	13	62	402	122	386	6.70e-12	68.2
WP_056850911.1	iCN900.CD630_21880	50.2	741	357	6	4	741	5	736	2.79e-268	759
WP_056850911.1	iNF517.LLMG_RS03850	50.8	738	333	8	1	732	4	717	4.15e-260	738
WP_056850911.1	iYO844.BSU34570	49.7	734	351	5	6	737	8	725	2.05e-259	736
WP_056850912.1	iYO844.BSU34550	43.0	214	120	1	16	227	1	214	8.82e-54	172
WP_056850912.1	iCN900.CD630_21890	39.7	214	127	1	16	227	2	215	4.54e-51	165
WP_056850912.1	iNF517.LLMG_RS02315	43.7	213	119	1	17	228	3	215	5.54e-51	164
WP_056850912.1	iCN900.CD630_31280	38.2	212	129	1	16	225	1	212	3.39e-47	155
WP_056850915.1	iML1515.b0584	33.1	139	77	6	118	245	39	172	2.86e-05	47.8
WP_056850915.1	iSDY_1059.SDY_0512	33.1	139	77	6	118	245	39	172	3.76e-05	47.4
WP_056850915.1	iSF_1195.SF0496	33.1	139	77	6	118	245	39	172	3.76e-05	47.4
WP_056850915.1	iSSON_1240.SSON_0534	33.1	139	77	6	118	245	39	172	3.76e-05	47.4
WP_056850915.1	iSbBS512_1146.SbBS512_E0485	33.1	139	77	6	118	245	39	172	4.94e-05	47.0
WP_056850916.1	iHN637.CLJU_RS00615	22.8	101	76	1	53	151	71	171	3.00e-05	45.1
WP_056850917.1	iAF987.Gmet_2999	33.3	117	75	2	6	119	10	126	4.39e-12	60.8
WP_056850919.1	iYO844.BSU01580	39.2	475	276	2	15	489	14	475	1.31e-116	352
WP_056850926.1	iCN900.CD630_22540	44.8	221	117	2	1	217	1	220	8.25e-65	200
WP_056850926.1	iHN637.CLJU_RS14520	43.9	228	122	3	1	223	1	227	3.73e-61	191
WP_056850926.1	iCN718.ABAYE_RS07190	42.3	227	126	3	1	223	1	226	6.39e-57	180
WP_056850927.1	iHN637.CLJU_RS14130	36.7	49	31	0	6	54	64	112	2.99e-07	44.3
WP_056850927.1	iLB1027_lipid.PHATRDRAFT_44482	36.4	33	21	0	3	35	116	148	1.26e-05	40.8
WP_056850931.1	iJN1463.PP_1904	45.5	334	180	2	5	337	18	350	9.41e-102	303
WP_056850935.1	STM_v1_0.STM3186	22.8	439	320	6	8	441	4	428	2.57e-11	65.1
WP_056850935.1	iSDY_1059.SDY_3205	22.8	443	318	8	8	441	4	431	1.06e-10	63.2
WP_056850935.1	iSbBS512_1146.SbBS512_E3468	22.6	443	319	8	8	441	4	431	3.29e-10	61.6
WP_056850935.1	iML1515.b3035	22.6	443	319	8	8	441	2	429	4.34e-10	61.2
WP_056850935.1	iSSON_1240.SSON_3173	22.6	443	319	8	8	441	4	431	4.36e-10	61.2
WP_056850935.1	iSF_1195.SF3075	22.6	443	319	8	8	441	2	429	7.63e-10	60.5
WP_056850936.1	iAF987.Gmet_3508	31.7	180	119	4	167	344	230	407	3.79e-18	84.7
WP_056850936.1	iAF987.Gmet_1548	27.6	315	207	9	40	340	99	406	4.83e-17	81.6
WP_056850937.1	iSSON_1240.SSON_2550	27.5	1041	701	19	8	1017	6	1023	2.01e-98	334
WP_056850937.1	iML1515.b2470	27.4	1041	702	19	8	1017	6	1023	1.88e-97	332
WP_056850937.1	iSF_1195.SF2512	27.4	1041	702	19	8	1017	6	1023	1.88e-97	332
WP_056850937.1	iJN1463.PP_3426	25.9	1060	716	18	1	1017	1	1034	6.96e-97	330
WP_056850937.1	iSDY_1059.SDY_2654	27.4	1041	702	19	8	1017	6	1023	4.90e-97	330
WP_056850937.1	iML1515.b3266	28.4	1043	695	25	8	1019	6	1027	2.63e-90	311
WP_056850937.1	iYL1228.KPN_03673	28.0	1045	695	23	8	1019	6	1026	5.69e-88	305
WP_056850937.1	iML1515.b0462	27.2	1067	715	27	8	1037	6	1047	1.14e-86	301
WP_056850941.1	iLB1027_lipid.PHATRDRAFT_26432	53.5	469	212	5	2	467	34	499	4.98e-162	467
WP_056850941.1	iJN1463.PP_5366	54.5	459	203	5	2	458	3	457	1.94e-158	456
WP_056850941.1	iAT_PLT_636.1738	50.6	468	225	5	4	467	43	508	1.87e-156	453
WP_056850941.1	iCHOv1.100689437	50.4	468	226	5	4	467	43	508	2.14e-155	450
WP_056850941.1	iMM1415.13382	49.5	471	232	5	1	467	40	508	1.22e-154	448
WP_056850941.1	iJN1463.PP_4187	51.8	473	218	5	2	468	4	472	5.72e-153	443
WP_056850941.1	iMM904.YFL018C	50.0	476	225	7	2	467	26	498	2.63e-151	439
WP_056850942.1	iML1515.b2690	33.0	179	114	5	6	183	7	180	2.43e-21	87.0
WP_056850942.1	iSSON_1240.SSON_2834	33.0	179	114	5	6	183	7	180	2.43e-21	87.0
WP_056850942.1	iSDY_1059.SDY_2887	32.0	178	117	3	6	183	7	180	4.76e-21	86.3
WP_056850942.1	iSF_1195.SF2717	32.0	178	117	3	6	183	7	180	6.66e-21	85.9
WP_056850942.1	iSbBS512_1146.SbBS512_E3186	32.6	178	115	4	6	183	7	179	2.50e-20	84.3
WP_056850942.1	iYL1228.KPN_03021	28.1	178	124	4	6	183	7	180	1.91e-19	82.0
WP_056850942.1	STM_v1_0.STM2820	31.9	185	116	4	2	183	3	180	1.91e-19	82.0
WP_056850946.1	iAT_PLT_636.290	22.7	313	193	14	215	491	263	562	2.53e-08	56.6
WP_056850946.1	iCN718.ABAYE_RS07730	23.9	305	207	12	196	484	162	457	9.70e-08	54.7
WP_056850946.1	iMM1415.16790	21.8	234	156	7	287	493	331	564	2.28e-07	53.5
WP_056850946.1	iCHOv1.100751632	22.0	232	154	7	287	491	33	264	2.67e-07	53.1
WP_056850951.1	iJN1463.PP_4635	56.3	389	165	4	2	385	3	391	1.61e-143	413
WP_056850954.1	iYO844.BSU33240	34.2	76	45	1	31	101	73	148	3.96e-07	46.6
WP_056850957.1	iLJ478.TM0421	38.5	239	139	4	6	242	4	236	1.95e-47	163
WP_056850957.1	iCN900.CD630_10240	31.8	245	159	3	1	243	1	239	6.09e-46	159
WP_056850957.1	iCN900.CD630_35270	33.2	298	184	7	4	298	2	287	4.16e-46	159
WP_056850957.1	iCN900.CD630_35300	32.0	303	181	8	4	298	2	287	1.72e-44	154
WP_056850957.1	iNF517.LLMG_RS06730	32.8	250	160	3	1	247	1	245	1.83e-43	154
WP_056850957.1	iLJ478.TM1376	32.8	244	144	5	6	241	6	237	1.10e-43	153
WP_056850957.1	iJN1463.PP_5168	34.9	255	146	5	6	249	3	248	1.75e-43	152
WP_056850957.1	iYS854.USA300HOU_RS05485	32.8	247	152	4	5	246	4	241	2.90e-42	149
WP_056850957.1	iSynCJ816.SGL_RS10355	30.8	247	167	1	1	243	14	260	4.42e-42	149
WP_056850957.1	iCN900.CD630_32150	36.3	240	145	3	5	240	4	239	5.45e-43	148
WP_056850962.1	iSynCJ816.SGL_RS03055	35.0	180	107	2	9	183	3	177	1.01e-32	115
WP_056850965.1	iAF987.Gmet_0016	46.0	335	178	2	3	336	2	334	2.64e-107	317
WP_056850967.1	iAF987.Gmet_0043	26.4	174	122	2	117	285	91	263	4.45e-11	62.8
WP_056850968.1	iHN637.CLJU_RS15750	53.2	316	147	1	1	316	1	315	5.51e-118	342
WP_056850968.1	iAF987.Gmet_0189	51.0	312	152	1	4	315	7	317	2.15e-115	336
WP_056850968.1	iCN900.CD630_34190	52.4	317	148	3	1	316	1	315	2.17e-114	333
WP_056850968.1	iYO844.BSU28130	49.8	313	156	1	3	315	6	317	1.82e-111	326
WP_056850968.1	iSynCJ816.SGL_RS09590	51.6	316	148	2	4	315	6	320	2.01e-111	326
WP_056850972.1	iAF987.Gmet_3528	46.1	421	219	5	1	418	1	416	6.40e-116	345
WP_056850972.1	iLJ478.TM1379	43.1	425	238	4	1	422	1	424	7.26e-110	329
WP_056850972.1	iAF692.Mbar_A0541	43.0	419	231	6	1	418	28	439	2.88e-104	316
WP_056850972.1	iCN900.CD630_00140	41.6	435	228	7	1	422	1	422	7.12e-104	314
WP_056850972.1	iYS854.USA300HOU_RS00045	41.6	421	240	5	1	418	1	418	1.17e-103	313
WP_056850972.1	iCN718.ABAYE_RS04335	43.5	421	231	5	1	418	1	417	4.02e-103	312
WP_056850973.1	iHN637.CLJU_RS15755	25.8	132	88	4	1	125	1	129	4.90e-07	49.7
WP_056850973.1	iYS854.USA300HOU_RS12965	23.8	239	154	10	2	221	7	236	1.28e-06	48.1
WP_056850975.1	iYL1228.KPN_00682	25.7	389	243	13	133	511	136	488	2.13e-24	106
WP_056850975.1	iPC815.YPO2616	24.6	459	289	16	69	510	70	488	4.01e-23	102
WP_056850975.1	STM_v1_0.STM0666	24.5	458	292	16	69	511	70	488	1.68e-22	100
WP_056850977.1	STM_v1_0.STM0047	32.0	75	51	0	89	163	87	161	5.38e-08	49.7
WP_056850979.1	iSynCJ816.SGL_RS11255	47.3	547	278	5	3	540	4	549	6.89e-158	461
WP_056850982.1	iMM904.YML059C	23.7	266	165	5	3	233	1371	1633	2.53e-12	66.2
WP_056850984.1	iHN637.CLJU_RS11895	45.2	361	193	4	1	358	4	362	2.18e-107	318
WP_056850984.1	iLJ478.TM0211	46.0	361	189	6	1	359	1	357	5.71e-104	310
WP_056850984.1	iYS854.USA300HOU_RS08205	42.6	357	198	3	1	354	5	357	3.14e-103	308
WP_056850984.1	iCN900.CD630_16570	45.2	361	194	4	1	359	4	362	7.68e-98	307
WP_056850990.1	iLJ478.TM1748	43.3	224	126	1	153	376	65	287	1.56e-53	178
WP_056850990.1	iYO844.BSU12940	41.2	245	142	1	130	374	75	317	4.56e-50	170
WP_056850990.1	iML1515.b0832	40.9	220	129	1	155	374	82	300	1.83e-47	163
WP_056850990.1	iSbBS512_1146.SbBS512_E2516	40.9	220	129	1	155	374	82	300	2.57e-47	162
WP_056850990.1	iSSON_1240.SSON_0814	40.9	220	129	1	155	374	82	300	2.57e-47	162
WP_056850990.1	iSDY_1059.SDY_0755	40.9	220	129	1	155	374	82	300	7.09e-47	161
WP_056850991.1	iSynCJ816.SGL_RS10570	29.5	112	79	0	42	153	106	217	2.14e-09	58.5
WP_056850991.1	iML1515.b1022	25.9	239	149	9	46	274	77	297	6.10e-08	53.9
WP_056850998.1	iAF987.Gmet_3407	46.8	297	148	4	1	297	1	287	2.14e-79	242
WP_056850999.1	iAF987.Gmet_3408	58.5	525	192	6	2	524	1	501	1.93e-209	590
WP_056850999.1	iYO844.BSU36830	60.1	496	174	3	2	497	1	472	8.18e-206	580
WP_056850999.1	iLJ478.TM1612	58.7	504	183	5	2	504	1	480	8.47e-206	580
WP_056850999.1	iCN900.CD630_34700	58.5	523	190	5	2	524	1	496	1.77e-204	577
WP_056850999.1	iHN637.CLJU_RS01180	58.1	525	193	6	2	524	1	500	1.17e-203	575
WP_056850999.1	iIT341.HP1134	57.8	526	195	5	1	524	1	501	1.13e-203	575
WP_056850999.1	iMM1415.11946	56.9	520	199	4	8	524	50	547	2.43e-200	568
WP_056850999.1	iYS854.USA300HOU_RS11370	59.3	513	178	5	4	509	3	491	2.72e-199	564
WP_056850999.1	iCHOv1.100770431	56.8	523	198	5	8	524	50	550	1.01e-197	562
WP_056850999.1	iMM904.YBL099W	56.6	502	196	3	3	501	39	521	1.40e-197	561
WP_056850999.1	iSynCJ816.SGL_RS02675	58.2	522	185	5	1	519	1	492	6.53e-198	560
WP_056850999.1	iNF517.LLMG_RS09745	57.5	520	188	6	4	515	3	497	1.27e-194	552
WP_056850999.1	iEK1008.Rv1308	57.0	498	192	4	7	501	9	487	4.56e-192	547
WP_056850999.1	iJN1463.PP_5415	55.1	510	215	5	1	509	1	497	3.89e-187	533
WP_056850999.1	iAT_PLT_636.498	55.2	520	186	7	8	524	50	525	1.40e-186	533
WP_056851000.1	iSynCJ816.SGL_RS02680	30.0	170	117	2	5	173	9	177	5.75e-21	84.7
WP_056851000.1	iYS854.USA300HOU_RS11375	29.0	176	121	3	4	177	2	175	4.43e-18	77.0
WP_056851002.1	iAF987.Gmet_3359	33.2	211	126	7	179	388	33	229	3.05e-23	96.7
WP_056851006.1	iAF987.Gmet_0354	27.4	740	436	17	39	701	49	764	1.60e-77	266
WP_056851006.1	iAF987.Gmet_1671	28.8	677	363	13	52	719	39	605	9.95e-73	249
WP_056851011.1	iYO844.BSU28140	24.0	200	134	6	69	256	65	258	7.70e-04	39.7
WP_056851013.1	iCN718.ABAYE_RS13105	30.2	268	175	6	2	258	6	272	6.29e-29	110
WP_056851013.1	iMM1415.15483	32.1	234	143	7	3	231	76	298	2.98e-28	109
WP_056851013.1	iCHOv1.100762502	31.3	233	146	4	3	231	63	285	3.39e-26	103
WP_056851013.1	iMM1415.70750	32.0	228	145	6	5	224	35	260	1.08e-24	100
WP_056851022.1	iAF692.Mbar_A2838	35.4	294	178	5	5	286	15	308	4.58e-40	141
WP_056851023.1	iYL1228.KPN_04558	35.9	304	177	5	2	298	41	333	1.56e-56	186
WP_056851023.1	iSbBS512_1146.SbBS512_E4693	35.1	302	181	5	2	298	41	332	1.12e-55	183
WP_056851023.1	iSSON_1240.SSON_4346	35.1	302	181	5	2	298	28	319	8.01e-56	183
WP_056851023.1	iML1515.b4161	34.8	302	182	5	2	298	41	332	1.58e-55	183
WP_056851023.1	iSDY_1059.SDY_4431	34.8	302	182	5	2	298	28	319	2.24e-55	182
WP_056851023.1	iSF_1195.SF4320	35.1	302	181	5	2	298	52	343	4.15e-55	182
WP_056851023.1	STM_v1_0.STM4349	35.0	303	180	5	2	298	49	340	4.21e-54	179
WP_056851023.1	iJN1463.PP_4903	36.8	299	175	6	3	298	47	334	4.43e-53	176
WP_056851023.1	iPC815.YPO0365	34.0	303	184	5	2	298	40	332	1.47e-52	175
WP_056851025.1	iPC815.YPO0459	37.7	817	495	7	1	810	1	810	2.10e-177	530
WP_056851025.1	iML1515.b0002	37.5	816	499	7	1	810	1	811	9.19e-173	518
WP_056851025.1	iSbBS512_1146.SbBS512_E0002	37.4	816	500	7	1	810	1	811	1.83e-172	518
WP_056851025.1	iSDY_1059.SDY_0002	37.4	816	500	7	1	810	1	811	3.63e-172	517
WP_056851025.1	iSF_1195.SF0002	37.4	816	500	7	1	810	1	811	3.63e-172	517
WP_056851025.1	iSSON_1240.SSON_0002	37.4	816	500	7	1	810	1	811	5.12e-172	516
WP_056851025.1	iYL1228.KPN_00002	36.9	816	504	7	1	810	1	811	4.46e-170	511
WP_056851025.1	STM_v1_0.STM0002	36.4	816	508	7	1	810	1	811	3.03e-167	504
WP_056851026.1	iPC815.YPO0460	36.2	287	177	3	4	286	2	286	1.34e-46	159
WP_056851026.1	iSbBS512_1146.SbBS512_E0003	35.7	283	170	5	4	279	2	279	4.47e-44	152
WP_056851026.1	iSDY_1059.SDY_0003	35.7	283	170	5	4	279	2	279	4.47e-44	152
WP_056851026.1	iYL1228.KPN_00003	33.8	311	197	4	4	309	2	308	8.61e-44	151
WP_056851026.1	iSF_1195.SF0003	35.7	283	170	5	4	279	2	279	8.82e-44	151
WP_056851026.1	iML1515.b0003	35.3	283	171	5	4	279	2	279	1.74e-43	150
WP_056851026.1	iSSON_1240.SSON_0003	35.3	283	171	5	4	279	2	279	4.81e-43	149
WP_056851026.1	STM_v1_0.STM0003	32.8	311	200	4	4	309	2	308	9.93e-42	146
WP_056851027.1	iSbBS512_1146.SbBS512_E0004	43.2	433	238	4	1	433	1	425	2.57e-114	341
WP_056851027.1	iSDY_1059.SDY_0004	43.0	433	239	4	1	433	1	425	1.03e-113	340
WP_056851027.1	iML1515.b0004	43.0	433	239	4	1	433	1	425	2.06e-113	339
WP_056851027.1	iSSON_1240.SSON_0004	43.0	433	239	4	1	433	1	425	2.91e-113	338
WP_056851027.1	iSF_1195.SF0004	42.7	433	240	4	1	433	1	425	2.33e-112	336
WP_056851027.1	iPC815.YPO0461	42.0	433	243	4	1	433	1	425	1.36e-111	334
WP_056851027.1	iYL1228.KPN_00004	42.0	433	243	4	1	433	1	425	7.01e-111	332
WP_056851027.1	STM_v1_0.STM0004	42.7	433	240	5	1	433	1	425	2.11e-110	331
WP_056851032.1	iMM1415.17769	32.6	307	179	7	12	316	89	369	2.89e-44	160
WP_056851032.1	iCHOv1.100774930	32.9	307	178	7	12	316	86	366	7.19e-44	159
WP_056851032.1	iMM904.YGL125W	33.0	312	174	9	1	304	1	285	8.70e-44	157
WP_056851032.1	iAT_PLT_636.4524	31.6	307	182	6	12	316	97	377	1.57e-41	152
WP_056851034.1	iJN1463.PP_2375	61.0	1245	457	7	2	1238	10	1233	0.0	1483
WP_056851034.1	iYL1228.KPN_04399	60.1	1240	468	6	3	1238	8	1224	0.0	1463
WP_056851034.1	iML1515.b4019	60.0	1240	469	6	3	1238	8	1224	0.0	1462
WP_056851034.1	iSSON_1240.SSON_4190	59.8	1240	472	6	3	1238	8	1224	0.0	1458
WP_056851034.1	iSF_1195.SF4085	59.8	1240	471	7	3	1238	8	1224	0.0	1457
WP_056851034.1	iSDY_1059.SDY_4322	59.6	1240	474	6	3	1238	8	1224	0.0	1455
WP_056851034.1	iPC815.YPO3722	59.0	1239	482	7	3	1238	13	1228	0.0	1423
WP_056851034.1	iCN718.ABAYE_RS14075	58.9	1244	476	9	2	1236	6	1223	0.0	1418
WP_056851034.1	iCHOv1.100763416	57.1	1253	502	12	7	1238	13	1250	0.0	1373
WP_056851034.1	iMM1415.238505	57.0	1253	503	12	7	1238	13	1250	0.0	1363
WP_056851037.1	iCN900.CD630_30460	48.9	264	133	2	2	263	8	271	1.46e-79	242
WP_056851037.1	iYS854.USA300HOU_RS01010	50.6	239	118	0	14	252	16	254	1.45e-75	231
WP_056851037.1	iML1515.b2428	50.8	240	118	0	14	253	18	257	2.34e-74	228
WP_056851037.1	iSbBS512_1146.SbBS512_E2800	50.8	240	118	0	14	253	18	257	2.34e-74	228
WP_056851037.1	iSSON_1240.SSON_2517	50.4	240	119	0	14	253	18	257	9.37e-74	227
WP_056851037.1	iSDY_1059.SDY_2624	50.8	240	118	0	14	253	18	257	1.33e-73	226
WP_056851037.1	iSF_1195.SF2481	50.4	240	119	0	14	253	18	257	2.66e-73	226
WP_056851049.1	iSynCJ816.SGL_RS10930	28.6	483	287	14	6	453	7	466	2.14e-46	172
WP_056851049.1	iEK1008.Rv0684	26.8	474	314	11	5	453	9	474	1.61e-43	164
WP_056851051.1	iAF692.Mbar_A3342	51.4	549	249	7	7	545	5	545	7.29e-187	535
WP_056851054.1	iML1515.b0307	44.4	354	196	1	52	405	54	406	1.10e-106	324
WP_056851054.1	iSF_1195.SF0259	44.4	354	196	1	52	405	54	406	1.10e-106	324
WP_056851054.1	iSSON_1240.SSON_0317	44.4	354	196	1	52	405	54	406	2.20e-106	323
WP_056851054.1	iSbBS512_1146.SbBS512_E0258	44.4	354	196	1	52	405	54	406	1.24e-105	322
WP_056851056.1	iLJ478.TM1080	52.9	140	64	1	6	143	1	140	5.04e-46	146
WP_056851059.1	iYO844.BSU24340	60.2	450	176	2	1	447	1	450	4.56e-197	553
WP_056851059.1	iSynCJ816.SGL_RS13980	61.7	441	167	1	2	440	3	443	8.06e-195	547
WP_056851059.1	iAF987.Gmet_0984	59.7	442	175	2	1	440	1	441	1.03e-187	529
WP_056851059.1	iHN637.CLJU_RS20745	58.4	442	182	1	1	440	1	442	2.15e-187	528
WP_056851059.1	iYS854.USA300HOU_RS08155	56.1	449	194	2	3	448	2	450	1.27e-177	504
WP_056851060.1	iYS854.USA300HOU_RS08160	42.9	156	87	1	1	156	1	154	1.58e-35	120
WP_056851060.1	iYO844.BSU24350	48.4	157	79	2	1	156	2	157	9.50e-33	113
WP_056851060.1	iSynCJ816.SGL_RS13735	39.5	162	83	4	1	157	3	154	2.34e-32	112
WP_056851061.1	iCN900.CD630_11790	45.1	324	174	3	6	327	5	326	9.67e-97	289
WP_056851061.1	iAF987.Gmet_1599	43.8	324	179	2	6	327	4	326	2.57e-96	288
WP_056851062.1	iCN900.CD630_11780	40.7	327	170	4	1	307	1	323	3.66e-78	241
WP_056851062.1	iAF987.Gmet_1598	39.4	327	173	5	1	307	1	322	3.82e-76	236
WP_056851062.1	iHN637.CLJU_RS06280	39.0	328	175	5	1	308	1	323	3.87e-71	223
WP_056851064.1	iJN1463.PP_5118	37.1	280	167	4	4	276	3	280	9.09e-53	173
WP_056851065.1	iSynCJ816.SGL_RS16360	36.2	345	185	7	9	330	11	343	1.21e-60	198
WP_056851065.1	STM_v1_0.STM0163	36.7	324	198	4	7	326	6	326	1.32e-60	197
WP_056851065.1	iAF987.Gmet_3404	35.3	331	207	3	2	328	3	330	1.02e-59	195
WP_056851065.1	iYL1228.KPN_00049	41.7	247	144	0	83	329	81	327	3.04e-59	194
WP_056851065.1	STM_v1_0.STM0091	41.9	241	140	0	89	329	87	327	4.70e-58	191
WP_056851065.1	iML1515.b0052	41.0	244	144	0	86	329	84	327	6.61e-58	190
WP_056851065.1	iSF_1195.SF0049	41.0	244	144	0	86	329	84	327	9.31e-58	190
WP_056851065.1	iSbBS512_1146.SbBS512_E0046	41.0	244	144	0	86	329	84	327	1.31e-57	189
WP_056851065.1	iSSON_1240.SSON_0060	41.0	244	144	0	86	329	84	327	1.31e-57	189
WP_056851065.1	iSDY_1059.SDY_0077	41.0	244	144	0	86	329	84	327	2.60e-57	189
WP_056851065.1	iYL1228.KPN_01121	35.1	333	203	6	7	332	10	336	1.34e-55	184
WP_056851065.1	iPC815.YPO0493	39.4	249	151	0	84	332	83	331	9.89e-54	179
WP_056851065.1	iJN1463.PP_0402	39.7	242	146	0	89	330	87	328	1.32e-53	179
WP_056851071.1	iHN637.CLJU_RS06550	27.4	420	279	9	1	417	1	397	3.17e-43	155
WP_056851071.1	iCN900.CD630_01070	26.9	409	266	11	13	416	12	392	5.84e-39	144
WP_056851071.1	iYO844.BSU22370	27.5	418	273	11	1	415	1	391	1.09e-37	140
WP_056851074.1	iJN1463.PP_0184	36.5	386	241	3	10	394	22	404	1.34e-72	235
WP_056851074.1	iSDY_1059.SDY_3795	36.1	368	232	3	26	391	26	392	1.01e-72	235
WP_056851074.1	iML1515.b3960	36.1	368	232	3	26	391	26	392	1.99e-72	234
WP_056851074.1	iSbBS512_1146.SbBS512_E4446	36.1	368	232	3	26	391	26	392	1.99e-72	234
WP_056851074.1	iSF_1195.SF4037	36.1	368	232	3	26	391	26	392	1.99e-72	234
WP_056851074.1	iSSON_1240.SSON_4133	36.1	368	232	3	26	391	26	392	1.99e-72	234
WP_056851074.1	STM_v1_0.STM4123	35.3	368	235	3	26	391	26	392	4.04e-72	234
WP_056851074.1	iNF517.LLMG_RS00755	34.3	391	255	2	2	391	4	393	2.27e-71	232
WP_056851074.1	iSynCJ816.SGL_RS05520	36.5	378	229	4	26	397	28	400	9.30e-71	230
WP_056851074.1	iCN718.ABAYE_RS17470	36.8	383	238	3	13	394	31	410	1.49e-69	228
WP_056851074.1	iLJ478.TM1781	35.5	338	215	1	53	390	53	387	3.31e-70	227
WP_056851074.1	iYO844.BSU29440	34.4	381	246	3	12	391	15	392	2.78e-69	226
WP_056851074.1	iPC815.YPO3924	35.1	368	236	3	26	391	26	392	3.53e-69	226
WP_056851074.1	iYL1228.KPN_04249	34.8	368	237	3	26	391	26	392	6.95e-69	225
WP_056851074.1	iHN637.CLJU_RS03300	32.5	394	259	5	1	391	1	390	4.09e-65	215
WP_056851075.1	iCN900.CD630_03030	25.8	345	211	15	42	349	81	417	4.00e-20	90.5
WP_056851075.1	iCN900.CD630_20840	26.4	405	232	17	1	352	1	392	2.37e-18	85.1
WP_056851076.1	iAF692.Mbar_A0480	33.3	255	167	3	2	254	6	259	7.02e-38	134
WP_056851076.1	iSynCJ816.SGL_RS17305	36.2	218	135	3	51	267	53	267	4.50e-33	121
WP_056851077.1	iAF692.Mbar_A1181	33.2	259	154	6	4	256	46	291	2.13e-35	129
WP_056851077.1	iJN1463.PP_5289	32.7	257	152	5	6	256	31	272	3.75e-35	127
WP_056851077.1	iSynCJ816.SGL_RS05885	32.7	254	147	6	6	256	35	267	6.73e-35	127
WP_056851077.1	iHN637.CLJU_RS10565	32.0	256	148	6	6	256	26	260	9.90e-35	126
WP_056851077.1	iCN900.CD630_20320	30.1	256	151	5	6	256	26	258	7.83e-34	124
WP_056851077.1	iLJ478.TM1784	35.4	254	137	8	6	256	25	254	7.16e-34	124
WP_056851079.1	iAF692.Mbar_A3512	29.2	298	165	8	35	321	40	302	7.07e-26	104
WP_056851079.1	iAF987.Gmet_0205	27.4	299	170	10	35	321	40	303	1.23e-22	95.5
WP_056851080.1	iCN718.ABAYE_RS08590	39.3	359	182	12	1	339	1	343	2.60e-62	202
WP_056851080.1	iYO844.BSU11190	37.4	361	191	8	2	344	1	344	2.01e-60	197
WP_056851080.1	iAF692.Mbar_A2001	38.7	349	192	10	1	342	1	334	1.62e-60	197
WP_056851080.1	iLJ478.TM1782	35.9	357	197	8	1	344	1	338	2.65e-59	194
WP_056851080.1	iHN637.CLJU_RS10575	35.3	365	195	10	1	345	1	344	8.46e-59	192
WP_056851080.1	iJN1463.PP_0432	36.4	349	199	8	1	338	1	337	1.68e-58	192
WP_056851081.1	iSynCJ816.SGL_RS18195	31.9	392	260	5	3	389	5	394	6.22e-57	191
WP_056851081.1	iYS854.USA300HOU_RS04770	33.8	388	248	6	1	383	1	384	9.54e-56	188
WP_056851081.1	iNF517.LLMG_RS00750	32.3	396	259	5	3	393	4	395	6.58e-55	186
WP_056851081.1	iHN637.CLJU_RS03295	31.6	411	258	7	1	398	1	401	1.42e-54	185
WP_056851081.1	iAF692.Mbar_A2373	30.4	398	264	9	1	392	1	391	4.02e-51	176
WP_056851081.1	iYO844.BSU29450	31.2	401	263	6	2	397	4	396	2.59e-50	174
WP_056851081.1	iCN900.CD630_17850	30.8	390	258	7	1	382	1	386	2.36e-50	174
WP_056851085.1	iSF_1195.SF0142	26.1	632	394	15	131	720	71	671	8.24e-45	172
WP_056851085.1	iML1515.b0150	25.9	634	393	16	131	720	71	671	2.09e-43	168
WP_056851085.1	iYL1228.KPN_00165	23.4	753	478	22	85	781	14	723	1.91e-43	168
WP_056851085.1	iSDY_1059.SDY_0166	25.9	630	390	16	135	720	75	671	9.04e-43	166
WP_056851085.1	STM_v1_0.STM0191	24.4	693	444	21	127	781	67	717	4.74e-41	160
WP_056851085.1	iSSON_1240.SSON_1122	25.0	769	473	28	78	807	26	729	1.16e-39	156
WP_056851085.1	iSSON_1240.SSON_0162	24.9	694	431	22	131	781	71	717	2.06e-39	155
WP_056851085.1	iSbBS512_1146.SbBS512_E0142	24.9	694	431	22	131	781	71	717	2.76e-39	155
WP_056851086.1	iCN718.ABAYE_RS03975	25.7	401	252	12	10	386	2	380	2.25e-26	110
WP_056851086.1	iJN1463.PP_0860	23.1	381	273	10	16	384	7	379	8.44e-24	103
WP_056851095.1	iML1515.b4374	30.0	110	64	3	103	203	115	220	1.31e-04	41.2
WP_056851095.1	iSDY_1059.SDY_4633	30.0	110	64	3	103	203	115	220	1.31e-04	41.2
WP_056851095.1	iSF_1195.SF4405	30.0	110	64	3	103	203	115	220	1.31e-04	41.2
WP_056851095.1	iSSON_1240.SSON_4524	30.0	110	64	3	103	203	115	220	1.31e-04	41.2
WP_056851095.1	iYL1228.KPN_04830	28.7	115	69	3	98	203	110	220	5.87e-04	39.3
WP_056851095.1	iSbBS512_1146.SbBS512_E4917	29.1	110	65	3	103	203	115	220	7.91e-04	38.9
WP_056851097.1	iHN637.CLJU_RS10465	43.9	66	34	2	642	706	483	546	6.94e-09	58.9
WP_056851099.1	iML1515.b1330	24.9	197	129	4	126	310	99	288	3.24e-07	51.2
WP_056851100.1	iJN1463.PP_0422	41.2	257	145	3	3	254	6	261	2.22e-58	186
WP_056851100.1	iAF987.Gmet_2494	41.5	260	148	2	2	257	6	265	3.25e-55	178
WP_056851100.1	iCN718.ABAYE_RS06030	42.7	248	140	2	3	249	8	254	8.64e-53	172
WP_056851100.1	iHN637.CLJU_RS07890	43.6	220	122	2	40	259	38	255	1.30e-52	171
WP_056851101.1	iSDY_1059.SDY_3522	46.8	186	95	2	9	192	2	185	2.03e-55	173
WP_056851101.1	iML1515.b3360	46.8	186	95	2	9	192	2	185	4.08e-55	172
WP_056851101.1	iSF_1195.SF3379	46.8	186	95	2	9	192	2	185	4.08e-55	172
WP_056851101.1	iSSON_1240.SSON_3491	46.8	186	95	2	9	192	2	185	4.08e-55	172
WP_056851101.1	iSbBS512_1146.SbBS512_E3736	46.8	186	95	2	9	192	2	185	1.64e-54	171
WP_056851101.1	iYO844.BSU00750	45.2	186	98	3	9	192	2	185	3.32e-53	168
WP_056851101.1	iHN637.CLJU_RS07880	44.9	187	98	3	9	192	2	186	9.42e-52	164
WP_056851101.1	STM_v1_0.STM3469	45.2	186	98	2	9	192	2	185	2.48e-51	163
WP_056851101.1	iYL1228.KPN_03746	45.2	186	98	2	9	192	2	185	3.51e-51	162
WP_056851101.1	iAF987.Gmet_2496	44.1	186	100	2	9	192	2	185	1.50e-50	161
WP_056851101.1	iEK1008.Rv0013	43.6	195	93	4	9	193	3	190	1.08e-49	160
WP_056851101.1	iCN900.CD630_14450	40.6	187	107	2	9	193	2	186	4.97e-50	160
WP_056851101.1	iJN1463.PP_0420	44.5	191	97	4	9	192	2	190	5.44e-50	160
WP_056851102.1	iLJ478.TM0142	36.5	463	272	6	10	465	9	456	4.59e-79	253
WP_056851102.1	iHN637.CLJU_RS07875	36.0	456	275	7	10	455	24	472	1.47e-77	249
WP_056851102.1	iJN1463.PP_0417	33.7	466	294	5	12	463	24	488	2.28e-77	249
WP_056851102.1	iAF987.Gmet_2497	34.8	469	288	6	9	463	23	487	6.51e-76	245
WP_056851102.1	iCN718.ABAYE_RS17400	33.5	475	292	8	8	462	21	491	6.26e-74	240
WP_056851102.1	iNF517.LLMG_RS05235	35.3	468	265	9	9	457	5	453	8.56e-74	239
WP_056851104.1	iCN900.CD630_20830	34.7	101	50	2	572	672	4	88	1.94e-06	51.2
WP_056851104.1	iAF987.Gmet_1770	31.0	145	89	5	571	705	1	144	4.18e-06	50.1
WP_056851104.1	iNF517.LLMG_RS07600	40.0	85	41	3	570	647	2	83	9.62e-06	48.9
WP_056851104.1	STM_v1_0.STM0523	41.8	67	33	3	571	636	5	66	1.76e-05	48.1
WP_056851104.1	iYO844.BSU32410	22.4	419	239	18	584	939	16	411	5.25e-05	46.6
WP_056851106.1	STM_v1_0.STM0984	30.2	579	361	15	15	578	32	582	7.88e-60	208
WP_056851106.1	iSF_1195.SF0910	29.3	577	369	14	15	578	32	582	5.50e-58	203
WP_056851106.1	iML1515.b0914	29.3	576	370	14	15	578	32	582	1.46e-57	202
WP_056851106.1	iSbBS512_1146.SbBS512_E2410	29.3	576	370	14	15	578	32	582	1.46e-57	202
WP_056851106.1	iSDY_1059.SDY_2344	29.3	576	370	14	15	578	32	582	1.46e-57	202
WP_056851106.1	iSSON_1240.SSON_0916	29.3	577	369	14	15	578	32	582	1.46e-57	202
WP_056851106.1	iPC815.YPO1395	28.8	579	373	14	14	578	29	582	3.88e-57	201
WP_056851106.1	iYL1228.KPN_00941	30.2	580	360	17	15	578	32	582	7.43e-57	200
WP_056851106.1	iAF987.Gmet_2349	25.6	582	404	10	4	575	7	569	5.56e-54	192
WP_056851108.1	iSF_1195.SF0505	23.2	397	263	12	24	404	19	389	8.06e-12	66.2
WP_056851108.1	iSbBS512_1146.SbBS512_E0493	23.1	394	273	11	24	404	19	395	1.94e-11	65.1
WP_056851108.1	iML1515.b0591	23.1	394	273	11	24	404	19	395	2.58e-11	64.7
WP_056851108.1	iSSON_1240.SSON_0542	23.1	394	273	11	24	404	19	395	2.58e-11	64.7
WP_056851108.1	iSDY_1059.SDY_0522	22.8	394	274	11	24	404	19	395	2.53e-10	61.6
WP_056851108.1	STM_v1_0.STM0593	21.8	394	278	11	24	404	19	395	3.34e-10	61.2
WP_056851110.1	iML1515.b1010	30.3	122	85	0	2	123	3	124	1.41e-16	70.1
WP_056851110.1	iSDY_1059.SDY_0985	30.3	122	85	0	2	123	3	124	1.41e-16	70.1
WP_056851110.1	iSF_1195.SF1013	30.3	122	85	0	2	123	3	124	1.99e-16	69.7
WP_056851111.1	iAF987.Gmet_2727	35.9	103	65	1	352	453	290	392	2.13e-12	68.2
WP_056851111.1	iSF_1195.SF0957	38.8	103	60	1	341	440	209	311	2.93e-12	67.4
WP_056851111.1	iML1515.b0957	39.4	99	57	1	345	440	211	309	5.16e-12	66.6
WP_056851111.1	iSbBS512_1146.SbBS512_E2359	39.4	99	57	1	345	440	211	309	5.16e-12	66.6
WP_056851111.1	iSDY_1059.SDY_0930	39.4	99	57	1	345	440	215	313	5.29e-12	66.6
WP_056851111.1	iSSON_1240.SSON_0961	39.4	99	57	1	345	440	211	309	5.16e-12	66.6
WP_056851111.1	iYL1228.KPN_00986	41.4	87	48	1	357	440	233	319	3.10e-11	64.3
WP_056851111.1	iAF987.Gmet_1832	36.2	116	71	2	341	453	399	514	8.85e-11	63.5
WP_056851112.1	iYS854.USA300HOU_RS08170	30.1	246	130	6	175	408	123	338	1.53e-22	97.8
WP_056851113.1	iML1515.b2918	42.3	194	105	3	8	195	11	203	2.27e-38	137
WP_056851113.1	iMM1415.109136	44.2	147	82	0	49	195	143	289	1.60e-36	134
WP_056851113.1	iCHOv1.100772148	38.9	198	106	3	13	195	97	294	9.02e-36	132
WP_056851117.1	iAF987.Gmet_2349	38.6	513	312	1	95	607	60	569	2.64e-123	375
WP_056851120.1	iYO844.BSU35550	37.0	100	63	0	6	105	5	104	1.91e-13	68.6
WP_056851120.1	STM_v1_0.STM2087	36.5	115	70	2	8	119	2	116	1.31e-12	67.0
WP_056851121.1	iYS854.USA300HOU_RS01340	31.2	93	62	1	1	91	2	94	3.98e-07	50.1
WP_056851121.1	iML1515.b1022	35.5	93	56	3	3	93	77	167	3.74e-06	47.0
WP_056851121.1	STM_v1_0.STM2087	30.9	94	62	1	1	91	1	94	5.78e-06	46.2
WP_056851124.1	iML1515.b3590	31.3	243	152	9	529	763	2	237	2.91e-16	83.2
WP_056851129.1	iYO844.BSU37170	59.2	375	153	0	1	375	1	375	2.38e-147	421
WP_056851129.1	iCN900.CD630_10540	51.8	369	178	0	11	379	10	378	3.58e-134	388
WP_056851129.1	iAF987.Gmet_1715	50.9	375	184	0	1	375	1	375	8.55e-133	384
WP_056851131.1	iYS854.USA300HOU_RS14075	57.7	111	47	0	6	116	2	112	4.65e-42	134
WP_056851131.1	iYO844.BSU22410	58.6	111	46	0	4	114	4	114	3.02e-41	132
WP_056851132.1	iSbBS512_1146.SbBS512_E0126	42.0	283	160	3	1	281	1	281	3.16e-68	213
WP_056851132.1	iSSON_1240.SSON_0141	42.0	283	160	3	1	281	1	281	3.16e-68	213
WP_056851132.1	iSF_1195.SF0130	41.7	283	161	3	1	281	1	281	6.33e-68	212
WP_056851132.1	iML1515.b0133	41.7	283	161	3	1	281	1	281	8.95e-68	211
WP_056851132.1	iAF987.Gmet_1643	41.8	282	159	3	1	280	1	279	8.95e-68	211
WP_056851132.1	iJN1463.PP_4700	41.8	282	156	3	1	278	1	278	2.86e-67	210
WP_056851132.1	STM_v1_0.STM0181	43.6	282	149	5	1	277	1	277	3.69e-67	210
WP_056851132.1	iSDY_1059.SDY_0155	41.7	283	161	3	1	281	1	281	3.58e-67	210
WP_056851132.1	iIT341.HP0006	43.2	285	144	8	1	278	1	274	5.25e-65	204
WP_056851132.1	iYL1228.KPN_00140	43.3	284	153	4	1	280	1	280	1.33e-64	203
WP_056851132.1	iPC815.YPO3402	41.2	284	159	4	1	280	1	280	1.51e-63	201
WP_056851132.1	iLJ478.TM1077	39.5	286	160	4	1	280	1	279	2.13e-62	197
WP_056851134.1	iAF987.Gmet_1487	54.0	615	274	4	1	612	1	609	1.28e-224	636
WP_056851134.1	iAF987.Gmet_0104	51.6	612	293	2	1	612	1	609	2.21e-215	612
WP_056851134.1	iHN637.CLJU_RS19905	49.9	613	301	3	1	612	1	608	1.82e-206	590
WP_056851142.1	iYO844.BSU38550	44.9	334	180	2	21	350	19	352	4.06e-105	312
WP_056851142.1	iYS854.USA300HOU_RS02910	45.1	337	179	3	23	354	20	355	2.79e-104	310
WP_056851142.1	iYO844.BSU02390	44.2	335	182	2	21	350	18	352	1.20e-102	306
WP_056851142.1	iAF987.Gmet_2853	44.5	335	182	2	20	350	18	352	9.98e-102	303
WP_056851142.1	iHN637.CLJU_RS04310	41.8	342	195	2	13	350	11	352	1.64e-95	288
WP_056851143.1	iMM1415.56720	33.1	124	70	3	38	149	40	162	5.27e-09	56.6
WP_056851143.1	iCHOv1.100768126	33.6	125	68	4	38	149	41	163	1.26e-08	55.5
WP_056851144.1	iJN1463.PP_5155	40.2	102	61	0	332	433	308	409	3.95e-22	97.4
WP_056851144.1	iCN718.ABAYE_RS02190	41.2	102	60	0	332	433	309	410	1.09e-20	93.2
WP_056851144.1	iLB1027_lipid.PHATRDRAFT_19244	31.5	213	133	3	11	220	34	236	5.26e-21	91.3
WP_056851145.1	iAF692.Mbar_A1144	30.7	150	99	2	2	149	3	149	7.13e-12	64.7
WP_056851145.1	iMM1415.18194	24.9	265	181	6	4	257	31	288	1.36e-11	64.3
WP_056851145.1	iEK1008.Rv1106c	31.7	104	61	2	2	99	17	116	4.69e-10	59.7
WP_056851146.1	iYS854.USA300HOU_RS12630	23.6	271	188	7	47	304	46	310	1.39e-09	58.5
WP_056851147.1	iSynCJ816.SGL_RS11045	46.6	58	30	1	253	310	19	75	1.85e-06	47.4
WP_056851147.1	iYL1228.KPN_02814	29.5	132	74	4	240	358	7	132	9.45e-06	45.1
WP_056851147.1	iML1515.b2480	30.2	129	77	3	240	358	7	132	1.28e-05	44.7
WP_056851147.1	iSbBS512_1146.SbBS512_E2852	30.2	129	77	3	240	358	7	132	1.28e-05	44.7
WP_056851147.1	iSDY_1059.SDY_2669	30.2	129	77	3	240	358	7	132	1.28e-05	44.7
WP_056851147.1	iSF_1195.SF2523	30.2	129	77	3	240	358	7	132	1.28e-05	44.7
WP_056851147.1	iSSON_1240.SSON_2561	30.2	129	77	3	240	358	7	132	1.28e-05	44.7
WP_056851147.1	iMM1415.21672	34.4	90	47	4	233	314	2	87	2.92e-05	44.3
WP_056851147.1	iIT341.HP0824	27.0	122	57	4	259	377	14	106	1.30e-05	43.5
WP_056851147.1	iAT_PLT_636.7001	35.6	90	46	4	233	314	2	87	5.30e-05	43.5
WP_056851147.1	iMM904.YBR244W	27.0	159	84	5	245	376	7	160	4.71e-05	43.1
WP_056851148.1	iYL1228.KPN_04387	44.2	430	227	7	1	423	1	424	1.21e-112	337
WP_056851148.1	iPC815.YPO3729	43.0	430	232	7	1	423	1	424	4.39e-112	335
WP_056851148.1	STM_v1_0.STM4175	44.2	430	227	7	1	423	1	424	9.07e-112	334
WP_056851148.1	iCN900.CD630_02240	43.2	421	231	4	1	419	1	415	1.70e-111	333
WP_056851148.1	iML1515.b4005	43.5	430	230	7	1	423	1	424	3.63e-111	333
WP_056851148.1	iSbBS512_1146.SbBS512_E4496	43.5	430	230	7	1	423	1	424	3.63e-111	333
WP_056851148.1	iSSON_1240.SSON_4178	43.7	430	229	7	1	423	1	424	3.63e-111	333
WP_056851148.1	iSDY_1059.SDY_3721	43.5	430	230	7	1	423	1	424	1.03e-110	332
WP_056851148.1	iHN637.CLJU_RS04235	42.1	420	234	4	1	419	1	412	1.76e-110	330
WP_056851148.1	iSF_1195.SF4077	43.0	430	232	7	1	423	1	424	3.29e-109	328
WP_056851148.1	iCN718.ABAYE_RS07250	42.2	429	235	8	1	423	1	422	1.30e-105	318
WP_056851148.1	iMM904.YGL234W	41.4	442	231	12	1	420	2	437	4.66e-101	318
WP_056851148.1	iAT_PLT_636.2618	39.3	428	247	7	3	423	5	426	1.16e-98	316
WP_056851148.1	iCHOv1.100689446	39.3	428	247	7	3	423	5	426	8.55e-98	313
WP_056851148.1	iMM1415.14450	39.3	428	247	7	3	423	5	426	8.55e-98	313
WP_056851148.1	iJN1463.PP_4823	40.8	429	241	7	1	423	1	422	5.14e-103	312
WP_056851148.1	iSynCJ816.SGL_RS10950	42.4	425	229	8	1	419	1	415	1.28e-100	305
WP_056851149.1	iCHOv1.100753128	50.2	287	142	1	7	293	51	336	4.09e-90	271
WP_056851150.1	iMM1415.13177	34.8	244	157	2	12	253	44	287	3.11e-39	137
WP_056851150.1	iLB1027_lipid.PHATRDRAFT_18064	32.3	232	152	2	6	232	43	274	8.80e-37	131
WP_056851152.1	iEK1008.Rv0321	39.2	171	94	6	1	161	1	171	1.05e-22	89.4
WP_056851153.1	STM_v1_0.STM3583	28.6	126	82	4	40	159	21	144	1.02e-05	44.3
WP_056851153.1	iSF_1195.SF3493	30.3	119	75	4	47	159	28	144	1.20e-04	41.2
WP_056851153.1	iML1515.b3475	28.6	119	77	3	47	159	28	144	1.62e-04	40.8
WP_056851153.1	iSbBS512_1146.SbBS512_E3847	28.6	119	77	3	47	159	28	144	2.85e-04	40.0
WP_056851153.1	iSDY_1059.SDY_3630	28.6	119	77	3	47	159	28	144	2.97e-04	40.0
WP_056851153.1	iSSON_1240.SSON_3713	28.6	119	77	3	47	159	28	144	2.97e-04	40.0
WP_056851154.1	iLB1027_lipid.PHATRDRAFT_51454	48.4	157	71	4	61	213	7	157	3.95e-44	145
WP_056851159.1	iCN900.CD630_20500	32.2	230	148	3	8	229	2	231	2.02e-35	128
WP_056851159.1	iYS854.USA300HOU_RS07985	34.6	231	139	5	8	229	7	234	1.82e-34	125
WP_056851159.1	iNF517.LLMG_RS06045	31.9	235	148	6	8	233	2	233	2.43e-32	120
WP_056851165.1	iAF987.Gmet_1605	57.5	419	162	1	4	422	8	410	2.80e-166	473
WP_056851165.1	iSynCJ816.SGL_RS04690	57.4	423	157	3	4	422	13	416	1.40e-164	469
WP_056851165.1	iSSON_1240.SSON_2634	57.3	419	165	2	4	422	12	416	1.40e-164	468
WP_056851165.1	iML1515.b2551	57.0	419	166	2	4	422	12	416	4.00e-164	467
WP_056851165.1	iSbBS512_1146.SbBS512_E2916	57.0	419	166	2	4	422	12	416	4.00e-164	467
WP_056851165.1	iSF_1195.SF2598	57.0	419	166	2	4	422	12	416	4.00e-164	467
WP_056851165.1	iSDY_1059.SDY_2741	56.8	419	167	2	4	422	12	416	1.62e-163	466
WP_056851165.1	STM_v1_0.STM2555	56.6	419	168	2	4	422	12	416	6.54e-163	464
WP_056851165.1	iYO844.BSU36900	56.1	421	169	2	3	423	7	411	1.74e-162	463
WP_056851165.1	iYL1228.KPN_02876	56.3	419	169	2	4	422	12	416	1.52e-161	461
WP_056851165.1	iLJ478.TM0720	55.2	426	170	3	4	423	9	419	4.03e-159	455
WP_056851165.1	iHN637.CLJU_RS05640	55.1	419	170	2	4	422	10	410	2.96e-158	452
WP_056851165.1	iPC815.YPO2907	56.1	419	170	2	4	422	12	416	6.61e-158	451
WP_056851165.1	iYS854.USA300HOU_RS11410	53.7	423	179	2	2	423	6	412	3.19e-157	449
WP_056851165.1	iJN1463.PP_0671	54.9	421	175	2	2	422	10	415	5.37e-157	449
WP_056851165.1	iAF692.Mbar_A2316	53.4	421	181	1	2	422	6	411	6.41e-157	449
WP_056851165.1	iCN718.ABAYE_RS06300	53.9	419	179	1	4	422	11	415	5.78e-154	441
WP_056851165.1	iNF517.LLMG_RS02930	53.0	419	181	2	4	421	12	415	1.44e-151	435
WP_056851165.1	iJN1463.PP_0322	53.7	421	179	3	4	423	12	417	3.09e-151	434
WP_056851165.1	iCN900.CD630_27260	52.4	422	181	3	2	423	7	408	3.21e-150	432
WP_056851168.1	iAF987.Gmet_2822	47.6	622	319	5	8	628	4	619	2.81e-194	561
WP_056851168.1	iJN1463.PP_0527	47.8	623	310	6	7	629	16	623	3.48e-194	560
WP_056851168.1	iAF987.Gmet_1934	47.4	623	321	5	8	629	4	620	2.20e-188	545
WP_056851168.1	iPC815.YPO3177	47.7	618	307	7	7	624	9	610	2.90e-187	542
WP_056851168.1	iSynCJ816.SGL_RS04515	44.7	636	346	5	9	641	3	635	6.59e-186	540
WP_056851168.1	iSDY_1059.SDY_0310	46.7	614	312	6	7	620	9	607	1.62e-181	528
WP_056851168.1	iML1515.b0420	46.9	614	311	6	7	620	9	607	2.29e-181	527
WP_056851168.1	iSbBS512_1146.SbBS512_E0341	46.7	614	312	6	7	620	9	607	3.24e-181	527
WP_056851168.1	iSSON_1240.SSON_0397	46.6	614	313	6	7	620	9	607	1.30e-180	525
WP_056851168.1	iSF_1195.SF0357	46.4	614	314	6	7	620	9	607	7.37e-180	523
WP_056851168.1	STM_v1_0.STM0422	46.8	620	311	7	7	624	9	611	1.04e-179	523
WP_056851168.1	iYO844.BSU24270	44.3	623	340	5	9	629	3	620	1.28e-178	521
WP_056851168.1	iYL1228.KPN_00372	45.3	623	326	6	7	629	9	616	9.49e-178	518
WP_056851168.1	iCN900.CD630_12070	42.7	627	342	7	9	631	5	618	1.79e-175	512
WP_056851168.1	iCN718.ABAYE_RS02420	44.2	640	321	9	7	634	14	629	4.94e-173	506
WP_056851169.1	iML1515.b2047	37.5	317	193	4	141	454	142	456	3.05e-61	206
WP_056851171.1	iEK1008.Rv3265c	24.3	235	153	8	36	247	29	261	1.56e-11	63.5
WP_056851173.1	iJN1463.PP_1801	26.5	253	166	4	124	368	138	378	9.23e-25	103
WP_056851175.1	iEK1008.Rv3032	33.3	168	106	3	235	397	214	380	1.25e-16	80.9
WP_056851182.1	iCN718.ABAYE_RS18875	37.8	550	311	6	67	610	69	593	2.32e-111	347
WP_056851182.1	iJN1463.PP_1805	41.0	483	259	8	147	616	186	655	1.15e-102	327
WP_056851184.1	iAF987.Gmet_1505	26.4	261	158	8	24	258	24	276	2.25e-16	79.3
WP_056851185.1	iEK1008.Rv2957	25.0	216	151	4	4	215	26	234	4.09e-17	78.2
WP_056851186.1	iJN1463.PP_1801	26.6	237	152	6	130	345	142	377	2.00e-20	90.9
WP_056851188.1	iSbBS512_1146.SbBS512_E4050	27.8	194	119	6	2	182	7	192	3.88e-08	53.1
WP_056851188.1	iSSON_1240.SSON_3782	27.8	194	119	6	2	182	7	192	3.88e-08	53.1
WP_056851192.1	iSDY_1059.SDY_3957	51.4	368	166	5	1	363	1	360	1.64e-120	353
WP_056851192.1	iPC815.YPO3859	50.8	368	166	5	1	362	1	359	2.27e-115	340
WP_056851192.1	STM_v1_0.STM3925	51.1	368	165	5	1	362	1	359	3.67e-114	337
WP_056851192.1	iML1515.b3791	49.7	368	172	5	1	363	1	360	1.47e-113	335
WP_056851192.1	iSbBS512_1146.SbBS512_E4130	49.7	368	172	5	1	363	1	360	1.47e-113	335
WP_056851192.1	iSF_1195.SF3865	49.7	368	172	5	1	363	1	360	2.96e-113	335
WP_056851192.1	iSSON_1240.SSON_3963	49.7	368	172	5	1	363	1	360	5.93e-113	334
WP_056851192.1	iYL1228.KPN_04291	48.3	383	185	5	1	378	1	375	2.19e-110	327
WP_056851193.1	iJN1463.PP_1603	28.7	101	71	1	105	204	87	187	6.45e-05	42.4
WP_056851194.1	iHN637.CLJU_RS12420	25.4	240	164	9	40	270	603	836	2.04e-08	55.8
WP_056851194.1	iCN900.CD630_35900	23.4	274	195	9	7	270	571	839	5.90e-07	51.2
WP_056851197.1	iAF987.Gmet_1311	66.1	378	110	2	1	378	1	360	6.63e-183	511
WP_056851197.1	STM_v1_0.STM2109	66.8	370	116	1	2	371	3	365	1.06e-182	511
WP_056851197.1	iML1515.b2053	66.3	371	118	1	2	372	3	366	3.02e-182	509
WP_056851197.1	iSbBS512_1146.SbBS512_E1179	66.3	371	118	1	2	372	3	366	3.02e-182	509
WP_056851197.1	iSF_1195.SF2116	66.3	371	118	1	2	372	3	366	3.02e-182	509
WP_056851197.1	iSSON_1240.SSON_2106	66.3	371	118	1	2	372	3	366	3.02e-182	509
WP_056851197.1	iAF692.Mbar_A0034	70.1	355	89	3	2	356	3	340	2.02e-180	505
WP_056851197.1	iIT341.HP0044	64.6	378	133	1	2	378	4	381	7.14e-171	481
WP_056851201.1	iAF987.Gmet_3467	29.1	237	133	5	106	340	62	265	1.32e-23	105
WP_056851201.1	iEK1008.Rv1562c	28.3	276	160	9	74	346	17	257	6.07e-21	96.7
WP_056851201.1	iCN900.CD630_25260	26.8	340	206	10	59	380	68	382	3.09e-20	94.7
WP_056851204.1	iAF987.Gmet_2683	47.4	302	156	3	1	302	1	299	2.16e-96	286
WP_056851205.1	iYS854.USA300HOU_RS13900	30.1	501	334	8	6	492	2	500	4.51e-77	249
WP_056851208.1	iPC815.YPO3389	48.6	416	214	0	30	445	3	418	8.92e-144	417
WP_056851208.1	iCN718.ABAYE_RS05520	49.4	413	207	1	30	440	6	418	2.51e-142	414
WP_056851208.1	iJN1463.PP_4784	48.9	411	210	0	30	440	3	413	6.03e-142	412
WP_056851208.1	iSbBS512_1146.SbBS512_E0146	47.2	424	221	1	30	450	3	426	6.67e-141	410
WP_056851208.1	iYL1228.KPN_00169	47.4	424	220	1	30	450	3	426	9.45e-141	409
WP_056851208.1	STM_v1_0.STM0202	47.4	424	220	1	30	450	3	426	1.34e-140	409
WP_056851208.1	iML1515.b0154	47.2	424	221	1	30	450	3	426	3.81e-140	408
WP_056851208.1	iSSON_1240.SSON_0166	47.2	424	221	1	30	450	3	426	5.39e-140	407
WP_056851208.1	iSDY_1059.SDY_0170	46.9	424	222	1	30	450	3	426	1.53e-139	406
WP_056851208.1	iAF987.Gmet_3356	51.6	419	198	2	31	447	6	421	2.24e-139	406
WP_056851208.1	iSF_1195.SF0146	46.7	424	223	1	30	450	3	426	4.35e-139	405
WP_056851208.1	iYO844.BSU28120	50.2	418	199	3	35	445	4	419	4.59e-137	400
WP_056851208.1	iYS854.USA300HOU_RS08830	47.3	427	223	2	29	455	4	428	2.25e-134	393
WP_056851208.1	iSynCJ816.SGL_RS13390	46.7	413	219	1	29	441	10	421	1.39e-131	386
WP_056851210.1	iJN1463.PP_4215	26.9	186	107	6	246	429	138	296	1.12e-11	65.1
WP_056851211.1	iCN900.CD630_24640	31.2	391	247	4	1	373	1	387	1.62e-63	207
WP_056851211.1	iYO844.BSU25500	33.8	373	239	7	1	367	1	371	1.54e-60	199
WP_056851211.1	iAF987.Gmet_3535	33.1	375	241	6	2	367	5	378	7.81e-58	192
WP_056851211.1	iNF517.LLMG_RS07160	31.9	360	240	3	2	360	6	361	2.97e-56	188
WP_056851216.1	iCN900.CD630_00370	47.9	309	153	5	337	639	2	308	4.83e-79	254
WP_056851216.1	iYS854.USA300HOU_RS08105	42.9	308	167	4	343	643	6	311	4.31e-75	243
WP_056851216.1	iIS312.TCDM_03721	41.8	311	175	3	333	638	41	350	7.88e-74	241
WP_056851216.1	iAM_Pv461.PVX_097790	43.8	306	162	4	337	633	11	315	3.53e-73	239
WP_056851216.1	iAM_Pc455.PCYB_103700	44.2	294	157	3	346	633	58	350	2.05e-72	238
WP_056851216.1	iYO844.BSU24040	43.2	308	166	4	343	643	6	311	6.76e-73	238
WP_056851216.1	iAM_Pb448.PBANKA_110420	44.6	296	153	5	346	633	56	348	3.57e-72	237
WP_056851216.1	iAM_Pf480.PF3D7_0504600	43.9	294	158	3	346	633	66	358	9.04e-72	236
WP_056851216.1	iCHOv1.100774277	41.2	328	182	6	339	658	66	390	6.23e-71	234
WP_056851216.1	iMM1415.12040	41.2	328	182	6	339	658	66	390	1.70e-70	233
WP_056851216.1	iJN1463.PP_4402	41.6	315	165	4	337	633	2	315	5.48e-71	233
WP_056851216.1	iAT_PLT_636.594	40.5	328	184	6	339	658	68	392	3.52e-70	233
WP_056851217.1	iAM_Pv461.PVX_101390	29.9	224	145	5	37	252	276	495	3.76e-26	106
WP_056851217.1	iAM_Pb448.PBANKA_146280	30.0	243	159	6	15	252	207	443	1.86e-25	103
WP_056851217.1	iAM_Pf480.PF3D7_1249900	28.4	261	171	7	3	252	357	612	3.12e-23	98.2
WP_056851217.1	iAM_Pc455.PCYB_147430	29.3	225	146	6	37	252	96	316	1.28e-23	97.4
WP_056851218.1	iYO844.BSU11220	39.9	383	208	9	2	374	3	373	1.69e-72	230
WP_056851218.1	iAF692.Mbar_A0871	35.1	368	229	5	3	366	34	395	8.09e-68	219
WP_056851218.1	iCN718.ABAYE_RS08450	33.1	390	238	9	2	375	16	398	3.70e-65	212
WP_056851218.1	iLJ478.TM1785	34.4	392	232	9	1	376	1	383	1.31e-64	210
WP_056851223.1	iAF987.Gmet_0707	29.2	178	120	3	1	176	1	174	3.13e-23	98.2
WP_056851223.1	iLJ478.TM0895	27.6	174	118	2	5	176	2	169	2.92e-23	98.2
WP_056851228.1	iAF692.Mbar_A0035	67.4	304	96	2	1	301	1	304	5.06e-151	425
WP_056851228.1	iAF987.Gmet_1312	58.0	312	120	1	1	301	1	312	7.79e-136	387
WP_056851229.1	iML1515.b2053	65.1	370	123	2	2	370	3	367	1.20e-178	500
WP_056851229.1	iSbBS512_1146.SbBS512_E1179	65.1	370	123	2	2	370	3	367	1.20e-178	500
WP_056851229.1	iSF_1195.SF2116	65.1	370	123	2	2	370	3	367	1.20e-178	500
WP_056851229.1	iSSON_1240.SSON_2106	65.1	370	123	2	2	370	3	367	1.20e-178	500
WP_056851229.1	STM_v1_0.STM2109	64.3	370	126	2	2	370	3	367	8.03e-177	496
WP_056851229.1	iAF987.Gmet_1311	63.2	375	123	3	1	375	1	360	3.02e-171	481
WP_056851229.1	iAF692.Mbar_A0034	65.6	352	107	2	2	353	3	340	1.06e-167	473
WP_056851229.1	iIT341.HP0044	62.1	383	131	3	2	375	4	381	3.09e-164	464
WP_056851231.1	iNF517.LLMG_RS07605	51.2	205	100	0	7	211	3	207	6.61e-68	207
WP_056851231.1	iYO844.BSU15560	52.0	198	95	0	11	208	11	208	6.24e-65	199
WP_056851231.1	iYS854.USA300HOU_RS06055	50.5	198	98	0	10	207	4	201	1.26e-61	191
WP_056851233.1	iCN900.CD630_20200	52.6	871	394	5	1	861	1	862	3.71e-309	871
WP_056851237.1	iAF987.Gmet_3221	23.5	395	272	12	18	392	19	403	1.47e-06	49.7
WP_056851238.1	iML1515.b3713	39.8	171	99	3	1	169	1	169	1.02e-31	112
WP_056851246.1	iYS854.USA300HOU_RS14490	28.0	211	129	7	70	260	48	255	2.04e-12	65.9
WP_056851249.1	iJN1463.PP_1674	24.3	173	114	5	7	167	14	181	1.41e-06	46.6
WP_056851251.1	iCN900.CD630_14890	27.7	231	134	6	1	222	1	207	4.54e-17	82.0
WP_056851251.1	iNF517.LLMG_RS09720	27.0	241	128	7	2	226	7	215	3.16e-16	78.2
WP_056851251.1	iPC815.YPO2514	26.7	247	133	6	1	231	1	215	6.94e-16	77.0
WP_056851251.1	iCN900.CD630_15870	21.5	545	328	21	1	516	4	477	1.09e-14	76.3
WP_056851251.1	iYL1228.KPN_00838	25.5	247	136	5	1	231	1	215	1.27e-15	76.3
WP_056851251.1	iCN900.CD630_03010	21.1	550	347	16	1	529	5	488	1.46e-14	75.9
WP_056851251.1	STM_v1_0.STM0828	25.1	247	137	5	1	231	1	215	1.72e-15	75.9
WP_056851251.1	iYS854.USA300HOU_RS09925	25.2	226	147	4	1	223	3	209	1.78e-15	75.9
WP_056851251.1	iYS854.USA300HOU_RS08305	27.0	226	120	8	1	211	10	205	3.24e-15	75.5
WP_056851251.1	iCN900.CD630_04310	26.2	237	132	8	4	231	269	471	2.48e-14	75.1
WP_056851251.1	iAF692.Mbar_A0995	28.7	247	133	9	1	236	4	218	5.32e-15	74.7
WP_056851256.1	iYO844.BSU30780	28.0	364	251	7	1	359	2	359	8.78e-33	125
WP_056851256.1	iSDY_1059.SDY_1403	31.9	320	197	11	1	318	13	313	8.57e-31	119
WP_056851256.1	iML1515.b1325	33.0	303	183	10	17	318	16	299	1.76e-30	118
WP_056851256.1	iSbBS512_1146.SbBS512_E1559	33.0	303	183	10	17	318	16	299	1.76e-30	118
WP_056851256.1	iSF_1195.SF1331	33.0	303	183	10	17	318	16	299	2.44e-30	117
WP_056851256.1	STM_v1_0.STM1681	32.5	314	191	12	7	318	5	299	3.38e-30	117
WP_056851256.1	iYL1228.KPN_01308	30.4	316	199	10	5	318	3	299	4.58e-29	114
WP_056851261.1	iCHOv1.100760626	33.8	462	286	6	4	447	7	466	1.08e-73	239
WP_056851261.1	iCHOv1.100761203	31.7	476	300	9	1	456	22	492	9.62e-66	219
WP_056851270.1	iYS854.USA300HOU_RS08720	50.8	362	172	2	12	373	15	370	2.32e-124	363
WP_056851270.1	iJN1463.PP_0833	50.4	361	168	4	1	360	1	351	2.85e-118	347
WP_056851275.1	iCN718.ABAYE_RS10080	49.7	382	192	0	6	387	11	392	1.24e-128	375
WP_056851275.1	iJN1463.PP_2001	49.0	382	195	0	6	387	19	400	4.58e-128	374
WP_056851277.1	iYO844.BSU00460	32.0	259	166	6	7	257	9	265	1.02e-31	118
WP_056851277.1	iAF987.Gmet_2849	33.6	253	148	6	7	248	10	253	1.33e-29	112
WP_056851277.1	iYS854.USA300HOU_RS02530	31.2	253	156	6	7	247	8	254	1.35e-29	112
WP_056851277.1	iHN637.CLJU_RS01030	33.2	256	159	7	7	253	7	259	9.66e-29	110
WP_056851277.1	iCN900.CD630_35660	31.6	256	155	7	7	248	10	259	1.35e-27	107
WP_056851278.1	iML1515.b2827	72.3	264	73	0	1	264	1	264	1.23e-151	423
WP_056851278.1	iSSON_1240.SSON_2984	72.3	264	73	0	1	264	1	264	1.23e-151	423
WP_056851278.1	iSF_1195.SF2837	72.0	264	74	0	1	264	1	264	1.75e-151	422
WP_056851278.1	iSDY_1059.SDY_3044	72.0	264	74	0	1	264	1	264	3.54e-151	422
WP_056851278.1	iSbBS512_1146.SbBS512_E3035	72.0	264	74	0	1	264	1	264	2.04e-150	420
WP_056851278.1	iYL1228.KPN_03236	72.3	264	73	0	1	264	1	264	8.30e-150	418
WP_056851278.1	STM_v1_0.STM3001	70.8	264	77	0	1	264	1	264	8.30e-150	418
WP_056851278.1	iYO844.BSU21820	70.5	264	78	0	1	264	1	264	3.93e-148	414
WP_056851278.1	iPC815.YPO0783	68.6	264	83	0	1	264	1	264	1.45e-143	402
WP_056851280.1	iYO844.BSU21810	46.9	160	84	1	10	169	2	160	2.78e-52	164
WP_056851282.1	iSynCJ816.SGL_RS08135	37.8	421	251	6	11	421	10	429	6.28e-95	292
WP_056851282.1	iEK1008.Rv1854c	35.9	446	254	8	4	426	5	441	1.73e-86	271
WP_056851283.1	iYO844.BSU18230	32.4	262	174	3	12	273	14	272	1.51e-37	134
WP_056851283.1	iMM1415.15356	31.0	277	183	5	4	277	31	302	3.76e-37	134
WP_056851283.1	iCHOv1.100763147	32.0	272	181	4	7	277	49	317	1.50e-36	132
WP_056851283.1	iAF987.Gmet_3293	31.8	261	174	4	5	264	6	263	2.81e-36	131
WP_056851283.1	iMM1415.208982	31.3	272	183	4	7	277	49	317	2.18e-35	129
WP_056851283.1	iLB1027_lipid.PHATRDRAFT_13643	33.3	285	174	6	5	277	12	292	3.98e-34	125
WP_056851283.1	iCN900.CD630_07970	31.2	253	170	3	12	264	11	259	1.32e-33	124
WP_056851284.1	iCN718.ABAYE_RS03670	31.1	119	77	3	20	136	19	134	6.63e-14	63.9
WP_056851286.1	iPC815.YPO0920	67.8	348	110	2	8	354	11	357	6.14e-176	492
WP_056851286.1	iYL1228.KPN_03354	68.1	348	109	2	8	354	11	357	1.76e-175	491
WP_056851286.1	STM_v1_0.STM3068	66.4	348	115	2	8	354	11	357	1.67e-173	486
WP_056851286.1	iML1515.b2925	65.8	348	117	2	8	354	11	357	1.93e-172	483
WP_056851286.1	iSDY_1059.SDY_3157	65.8	348	117	2	8	354	11	357	1.93e-172	483
WP_056851286.1	iSF_1195.SF2910	65.8	348	117	2	8	354	11	357	1.93e-172	483
WP_056851286.1	iSSON_1240.SSON_3077	65.8	348	117	2	8	354	11	357	1.93e-172	483
WP_056851286.1	iSbBS512_1146.SbBS512_E3350	65.5	348	118	2	8	354	11	357	1.11e-171	481
WP_056851287.1	iAF987.Gmet_2476	50.2	279	137	1	1	279	1	277	2.36e-93	276
WP_056851287.1	STM_v1_0.STM2366	48.4	281	142	2	1	280	1	279	2.90e-87	262
WP_056851287.1	iSSON_1240.SSON_2374	48.4	281	142	2	1	280	1	279	5.82e-87	261
WP_056851287.1	iML1515.b2316	48.4	281	142	2	1	280	1	279	8.24e-87	261
WP_056851287.1	iHN637.CLJU_RS20740	50.2	265	129	1	16	280	27	288	7.71e-87	260
WP_056851287.1	iSbBS512_1146.SbBS512_E2694	48.4	281	142	2	1	280	1	279	1.17e-86	260
WP_056851287.1	iSDY_1059.SDY_2515	48.4	281	142	2	1	280	1	279	1.17e-86	260
WP_056851287.1	iYL1228.KPN_02706	47.7	281	144	2	1	280	1	279	1.00e-85	258
WP_056851287.1	iPC815.YPO2768	48.6	282	143	2	1	281	1	281	2.68e-85	257
WP_056851287.1	iJN1463.PP_1996	45.7	269	146	0	11	279	13	281	1.22e-84	255
WP_056851287.1	iIT341.HP0950	48.4	279	143	1	3	281	6	283	6.19e-83	250
WP_056851289.1	iYS854.USA300HOU_RS12480	25.2	369	223	12	8	363	3	331	7.25e-13	68.9
WP_056851291.1	iSynCJ816.SGL_RS05015	28.0	332	184	11	11	325	21	314	7.55e-25	102
WP_056851291.1	iJN1463.PP_4650	26.3	331	204	12	13	329	17	321	3.19e-22	95.1
WP_056851291.1	iNF517.LLMG_RS09330	25.3	324	225	11	16	334	19	330	1.07e-21	93.6
WP_056851292.1	iYS854.USA300HOU_RS05410	37.3	440	269	4	1	434	1	439	1.37e-99	305
WP_056851292.1	iYO844.BSU30710	36.7	439	265	4	1	431	1	434	2.39e-88	275
WP_056851294.1	iCN900.CD630_12790	36.8	383	229	8	2	378	4	379	5.43e-79	248
WP_056851294.1	iAF987.Gmet_0872	40.7	371	208	7	4	369	3	366	1.16e-76	241
WP_056851294.1	iYS854.USA300HOU_RS08635	37.7	374	221	7	4	372	3	369	6.30e-73	231
WP_056851294.1	iAF987.Gmet_0992	37.3	383	229	7	1	378	1	377	3.74e-71	227
WP_056851295.1	iAF692.Mbar_A0721	38.4	409	231	10	47	447	39	434	8.45e-76	244
WP_056851295.1	iAF692.Mbar_A2225	36.7	442	264	10	8	447	7	434	2.99e-74	240
WP_056851296.1	iCHOv1.100769585	30.9	123	69	2	45	151	60	182	1.83e-08	53.5
WP_056851296.1	iMM1415.14711	30.6	124	68	4	45	151	60	182	2.00e-07	50.4
WP_056851297.1	iEK1008.Rv3807c	36.3	102	54	3	78	179	65	155	3.43e-08	50.4
WP_056851297.1	iML1515.b0841	38.0	71	40	3	109	179	100	166	2.20e-06	45.8
WP_056851297.1	iSbBS512_1146.SbBS512_E2504	38.0	71	40	3	109	179	100	166	2.20e-06	45.8
WP_056851297.1	iSDY_1059.SDY_0843	38.0	71	40	3	109	179	100	166	2.20e-06	45.8
WP_056851297.1	iSF_1195.SF0794	38.0	71	40	3	109	179	100	166	2.20e-06	45.8
WP_056851297.1	iSSON_1240.SSON_0826	38.0	71	40	3	109	179	100	166	2.20e-06	45.8
WP_056851301.1	iCN900.CD630_11290	35.0	180	115	2	1	179	1	179	2.25e-28	105
WP_056851301.1	iCN718.ABAYE_RS17145	31.5	197	132	2	2	197	3	197	6.52e-27	101
WP_056851307.1	iYO844.BSU24080	50.0	352	175	1	11	362	3	353	1.20e-124	362
WP_056851308.1	iYL1228.KPN_00941	31.7	515	351	1	71	584	62	576	4.07e-84	273
WP_056851308.1	iML1515.b0914	31.5	515	352	1	71	584	62	576	1.25e-81	267
WP_056851308.1	iAF987.Gmet_2349	33.7	511	327	5	80	584	62	566	9.54e-82	267
WP_056851308.1	STM_v1_0.STM0984	31.8	515	350	1	71	584	62	576	1.25e-81	267
WP_056851308.1	iSbBS512_1146.SbBS512_E2410	31.5	515	352	1	71	584	62	576	1.25e-81	267
WP_056851308.1	iSDY_1059.SDY_2344	31.5	515	352	1	71	584	62	576	1.25e-81	267
WP_056851308.1	iSF_1195.SF0910	31.3	515	353	1	71	584	62	576	3.41e-81	266
WP_056851308.1	iSSON_1240.SSON_0916	31.3	515	353	1	71	584	62	576	3.41e-81	266
WP_056851308.1	iPC815.YPO1395	31.5	515	352	1	70	583	61	575	7.35e-79	259
WP_056851308.1	iJN1463.PP_4935	31.8	510	341	3	78	584	84	589	3.32e-77	256
WP_056851311.1	iSynCJ816.SGL_RS05125	32.0	103	50	4	4	104	20	104	1.02e-04	43.9
WP_056851311.1	iYL1228.KPN_03779	38.0	50	31	0	3	52	4	53	1.91e-04	43.1
WP_056851311.1	iAF692.Mbar_A1452	36.6	41	26	0	3	43	6	46	2.43e-04	42.7
WP_056851311.1	iML1515.b4173	44.2	52	29	0	7	58	202	253	2.71e-04	42.4
WP_056851311.1	iCN900.CD630_14790	31.6	76	34	2	1	76	1	58	4.33e-04	42.0
WP_056851311.1	iSSON_1240.SSON_3540	38.0	50	31	0	3	52	4	53	4.40e-04	42.0
WP_056851311.1	iSbBS512_1146.SbBS512_E3790	38.0	50	31	0	3	52	4	53	5.82e-04	41.6
WP_056851311.1	iSDY_1059.SDY_3667	38.0	50	31	0	3	52	4	53	5.82e-04	41.6
WP_056851311.1	iSF_1195.SF3428	38.0	50	31	0	3	52	4	53	5.82e-04	41.6
WP_056851311.1	STM_v1_0.STM3506	38.0	50	31	0	3	52	4	53	7.68e-04	41.2
WP_056851311.1	iAF987.Gmet_2444	41.9	43	25	0	4	46	23	65	9.79e-04	40.8
WP_056851313.1	iYS854.USA300HOU_RS05000	30.6	418	278	3	38	453	51	458	1.38e-70	230
WP_056851313.1	iSynCJ816.SGL_RS06105	31.9	445	294	4	1	444	17	453	2.51e-67	222
WP_056851314.1	iAF987.Gmet_2727	38.9	108	66	0	67	174	288	395	2.42e-16	75.1
WP_056851315.1	iAF987.Gmet_0843	21.4	252	181	6	20	263	23	265	4.25e-11	61.6
WP_056851317.1	iAF987.Gmet_1919	34.9	86	52	1	35	116	34	119	2.16e-06	47.4
WP_056851317.1	iAF987.Gmet_0069	26.9	104	69	2	4	101	6	108	6.54e-06	45.8
WP_056851317.1	iAF987.Gmet_2999	33.0	106	62	4	2	101	9	111	4.14e-05	43.5
WP_056851321.1	iMM904.YML059C	23.0	313	183	7	3	290	1359	1638	5.78e-14	75.9
WP_056851323.1	iCN900.CD630_34910	29.5	295	204	2	1	294	1	292	2.54e-39	139
WP_056851326.1	iML1515.b3248	41.4	181	102	2	9	186	6	185	1.24e-35	123
WP_056851326.1	iJN1463.PP_0936	41.6	173	97	3	6	175	3	174	4.50e-31	111
WP_056851328.1	iAF987.Gmet_1279	35.6	160	103	0	4	163	3	162	1.66e-32	114
WP_056851328.1	iYL1228.KPN_03608	34.2	161	106	0	2	162	19	179	6.53e-30	107
WP_056851328.1	iCN718.ABAYE_RS12515	30.7	163	113	0	3	165	7	169	4.09e-29	105
WP_056851328.1	iML1515.b3198	34.4	160	105	0	3	162	20	179	5.15e-29	105
WP_056851328.1	iSDY_1059.SDY_3379	34.4	160	105	0	3	162	20	179	5.15e-29	105
WP_056851328.1	iSF_1195.SF3238	34.4	160	105	0	3	162	20	179	5.15e-29	105
WP_056851328.1	iSSON_1240.SSON_3346	34.4	160	105	0	3	162	20	179	5.15e-29	105
WP_056851328.1	iJN1463.PP_0956	34.0	159	105	0	3	161	6	164	1.43e-28	103
WP_056851328.1	STM_v1_0.STM3316	33.8	160	106	0	3	162	20	179	2.04e-28	103
WP_056851328.1	iSbBS512_1146.SbBS512_E3572	34.4	160	105	0	3	162	20	179	2.88e-28	103
WP_056851330.1	iJN1463.PP_0847	40.5	84	50	0	22	105	21	104	6.36e-19	75.1
WP_056851337.1	iJN1463.PP_1587	30.5	547	352	12	9	534	25	564	5.62e-61	210
WP_056851337.1	iYO844.BSU33420	34.2	386	244	4	28	405	27	410	1.26e-58	206
WP_056851337.1	iEK1008.Rv2287	28.9	516	348	12	23	532	33	535	9.57e-58	201
WP_056851338.1	iAT_PLT_636.2746	52.0	477	214	7	7	471	82	555	1.11e-155	453
WP_056851339.1	iJN1463.PP_4325	27.0	137	99	1	33	169	54	189	3.81e-10	57.8
WP_056851339.1	STM_v1_0.STM2252	21.0	186	131	3	33	215	51	223	4.79e-10	57.4
WP_056851339.1	iYL1228.KPN_02079	25.3	190	117	6	33	213	51	224	7.77e-09	53.9
WP_056851346.1	iAF692.Mbar_A1783	30.6	425	259	10	5	408	5	414	1.05e-53	186
WP_056851346.1	iYO844.BSU32410	28.4	444	298	10	5	437	6	440	2.70e-50	176
WP_056851351.1	iML1515.b0650	34.1	496	281	13	17	500	5	466	4.35e-73	244
WP_056851351.1	iSbBS512_1146.SbBS512_E0599	33.9	496	282	13	17	500	5	466	1.18e-72	243
WP_056851351.1	iSSON_1240.SSON_0604	33.9	496	282	13	17	500	5	466	1.65e-72	243
WP_056851351.1	STM_v1_0.STM0659	34.3	484	274	10	18	490	6	456	1.34e-70	238
WP_056851366.1	iYO844.BSU02750	37.0	219	134	3	16	230	19	237	1.29e-45	152
WP_056851366.1	iCN900.CD630_16140	39.1	220	131	2	17	233	39	258	6.56e-44	148
WP_056851367.1	iYS854.USA300HOU_RS09130	36.0	139	78	5	51	181	12	147	1.08e-14	72.0
WP_056851368.1	iYS854.USA300HOU_RS08350	46.6	522	201	7	13	532	8	453	2.26e-156	454
WP_056851372.1	iJN1463.PP_4490	25.3	261	148	4	31	289	19	234	3.32e-19	87.4
WP_056851374.1	iNF517.LLMG_RS08950	31.6	244	137	8	2	228	7	237	1.90e-20	86.3
WP_056851374.1	iMM904.YMR226C	32.2	205	120	7	3	196	16	212	5.41e-19	82.8
WP_056851374.1	iML1515.b1619	33.5	197	111	5	4	192	15	199	1.20e-18	81.6
WP_056851374.1	iHN637.CLJU_RS20765	28.8	191	128	4	4	191	10	195	2.07e-18	80.9
WP_056851374.1	iCN718.ABAYE_RS09790	32.8	189	118	5	5	190	12	194	4.85e-18	80.1
WP_056851374.1	iYS854.USA300HOU_RS06185	30.2	192	126	4	4	192	6	192	3.74e-18	80.1
WP_056851374.1	iCN718.ABAYE_RS08850	29.6	196	129	5	3	195	5	194	5.27e-18	79.7
WP_056851374.1	iLJ478.TM1724	30.9	191	123	5	4	191	9	193	1.03e-17	79.0
WP_056851376.1	iML1515.b1655	26.9	134	88	6	43	173	130	256	1.32e-05	43.9
WP_056851379.1	iCN718.ABAYE_RS00895	27.2	360	189	17	35	325	70	425	4.29e-22	95.9
WP_056851382.1	iAT_PLT_636.3242	47.5	383	186	7	5	376	3	381	9.60e-109	323
WP_056851382.1	iCHOv1.100768220	47.6	361	179	5	25	376	22	381	2.19e-107	320
WP_056851382.1	iMM1415.15445	47.4	361	180	5	25	376	22	381	6.21e-107	319
WP_056851384.1	iPC815.YPO1358	47.7	572	297	2	1	571	1	571	3.24e-184	530
WP_056851384.1	iSDY_1059.SDY_2392	46.3	572	304	2	1	571	1	570	6.61e-181	522
WP_056851384.1	iSbBS512_1146.SbBS512_E2460	46.7	572	302	2	1	571	1	570	1.88e-180	521
WP_056851384.1	iSSON_1240.SSON_0857	46.7	572	302	2	1	571	1	570	1.88e-180	521
WP_056851384.1	iML1515.b0871	46.7	572	302	2	1	571	1	570	2.66e-180	520
WP_056851384.1	iYL1228.KPN_00904	46.7	572	302	2	1	571	4	573	4.16e-180	520
WP_056851384.1	iSF_1195.SF0826	46.5	572	303	2	1	571	1	570	5.33e-180	520
WP_056851384.1	STM_v1_0.STM0935	46.0	572	306	2	1	571	1	570	5.15e-175	507
WP_056851386.1	iMM1415.21672	34.2	155	90	4	5	149	9	161	9.77e-21	83.6
WP_056851386.1	iAT_PLT_636.5052	34.0	156	90	5	5	149	9	162	1.97e-20	82.8
WP_056851386.1	iAT_PLT_636.7001	33.5	155	91	4	5	149	9	161	2.71e-20	82.4
WP_056851386.1	iMM1415.18477	33.3	156	91	5	5	149	9	162	2.77e-20	82.4
WP_056851388.1	iYL1228.KPN_00869	41.4	353	194	8	56	400	19	366	1.15e-88	272
WP_056851388.1	iML1515.b0837	39.7	350	202	6	59	402	24	370	1.55e-86	267
WP_056851388.1	iSbBS512_1146.SbBS512_E2507	39.4	350	203	6	59	402	24	370	6.16e-86	265
WP_056851388.1	iSSON_1240.SSON_0820	39.4	350	203	6	59	402	24	370	8.70e-86	265
WP_056851389.1	iML1515.b3781	51.9	104	50	0	3	106	6	109	1.08e-37	122
WP_056851389.1	STM_v1_0.STM3915	51.9	104	50	0	3	106	6	109	1.08e-37	122
WP_056851389.1	iSbBS512_1146.SbBS512_E4140	51.9	104	50	0	3	106	6	109	1.08e-37	122
WP_056851389.1	iSDY_1059.SDY_3968	51.9	104	50	0	3	106	24	127	1.84e-37	122
WP_056851389.1	iSF_1195.SF3854	51.9	104	50	0	3	106	24	127	1.84e-37	122
WP_056851389.1	iSSON_1240.SSON_3952	51.9	104	50	0	3	106	24	127	1.84e-37	122
WP_056851389.1	iYL1228.KPN_04282	51.9	104	50	0	3	106	6	109	3.08e-37	121
WP_056851389.1	iIT341.HP0824	52.4	103	47	1	3	105	5	105	6.60e-36	117
WP_056851389.1	iJN1463.PP_5215	50.5	101	50	0	5	105	9	109	1.19e-34	114
WP_056851389.1	iPC815.YPO3868	47.6	103	54	0	3	105	6	108	2.32e-34	114
WP_056851389.1	iYS854.USA300HOU_RS05725	50.5	103	49	1	3	105	4	104	8.39e-34	112
WP_056851391.1	iYO844.BSU29120	46.6	309	159	5	2	307	7	312	4.66e-91	273
WP_056851391.1	iSynCJ816.SGL_RS14885	46.4	308	160	5	2	307	15	319	4.63e-86	261
WP_056851391.1	iAF692.Mbar_A1748	43.1	306	170	4	2	306	3	305	9.99e-84	254
WP_056851395.1	iAF987.Gmet_1919	32.9	143	89	1	3	138	5	147	3.33e-16	75.9
WP_056851395.1	iAF987.Gmet_1914	29.5	139	95	1	3	138	4	142	2.26e-15	73.9
WP_056851395.1	iAF987.Gmet_2999	26.6	177	126	2	2	176	9	183	2.30e-15	73.6
WP_056851396.1	iAF987.Gmet_0043	27.0	244	153	8	220	448	33	266	8.85e-10	60.5
WP_056851402.1	iAF987.Gmet_0043	25.1	235	166	4	387	613	33	265	7.89e-12	67.8
WP_056851404.1	iCN900.CD630_25840	43.0	300	169	2	1	299	1	299	6.89e-82	249
WP_056851404.1	iAF987.Gmet_3339	42.9	303	169	4	1	302	4	303	1.90e-79	243
WP_056851404.1	iYS854.USA300HOU_RS06110	42.0	300	170	4	2	299	3	300	1.39e-76	236
WP_056851405.1	iSbBS512_1146.SbBS512_E2228	27.2	243	169	3	20	260	12	248	5.49e-20	86.7
WP_056851405.1	iSDY_1059.SDY_2054	27.2	243	169	3	20	260	12	248	5.49e-20	86.7
WP_056851405.1	iSSON_1240.SSON_1116	27.2	243	169	3	20	260	12	248	5.49e-20	86.7
WP_056851405.1	iML1515.b1096	27.2	243	169	3	20	260	12	248	7.59e-20	86.3
WP_056851405.1	iSF_1195.SF1100	27.2	243	169	3	20	260	12	248	2.00e-19	85.1
WP_056851405.1	iAF692.Mbar_A0576	26.9	253	172	6	1	247	1	246	3.31e-17	79.3
WP_056851405.1	iCN900.CD630_14470	23.1	225	156	5	28	252	13	220	4.67e-17	78.2
WP_056851406.1	iYS854.USA300HOU_RS06015	45.0	313	149	5	22	333	8	298	4.85e-78	241
WP_056851406.1	iCN900.CD630_25960	43.7	316	157	5	20	334	6	301	8.23e-76	235
WP_056851406.1	iNF517.LLMG_RS07670	46.4	306	141	7	30	334	13	296	3.09e-75	233
WP_056851407.1	iCN718.ABAYE_RS15140	40.3	288	158	7	1	279	1	283	2.54e-57	185
WP_056851408.1	iEK1008.Rv3290c	47.2	436	224	4	9	443	18	448	3.26e-133	390
WP_056851410.1	iAF987.Gmet_2075	40.3	377	221	3	79	453	17	391	1.66e-87	272
WP_056851410.1	iCHOv1.100757019	37.2	379	236	2	76	453	49	426	1.11e-78	250
WP_056851410.1	iEK1008.Rv0400c	37.1	380	234	3	76	453	18	394	2.29e-78	248
WP_056851412.1	iYO844.BSU21900	50.3	147	71	2	7	152	2	147	1.98e-46	149
WP_056851412.1	iNF517.LLMG_RS05525	44.5	155	83	2	7	159	2	155	1.93e-43	141
WP_056851414.1	iCN900.CD630_27440	40.2	719	394	14	39	732	25	732	7.96e-175	518
WP_056851414.1	iHN637.CLJU_RS16615	40.5	724	387	16	35	732	17	722	9.20e-171	507
WP_056851414.1	iAF987.Gmet_2325	37.9	713	408	14	39	735	23	716	2.72e-164	490
WP_056851414.1	iYO844.BSU27600	37.5	717	412	17	39	732	28	731	1.16e-161	484
WP_056851414.1	iYS854.USA300HOU_RS08695	39.1	732	406	18	23	730	12	727	3.76e-155	467
WP_056851416.1	iAF987.Gmet_3260	43.8	429	226	5	6	426	5	426	2.65e-120	356
WP_056851416.1	iCN900.CD630_36550	44.7	421	225	5	7	423	6	422	2.92e-119	353
WP_056851416.1	iLB1027_lipid.PHATRDRAFT_26256	42.3	426	235	6	4	424	93	512	1.67e-117	352
WP_056851416.1	iMM904.YNL220W	44.6	433	221	7	4	423	2	428	2.14e-117	349
WP_056851416.1	iYO844.BSU40420	43.9	424	231	5	6	426	5	424	1.10e-116	347
WP_056851416.1	iNF517.LLMG_RS11055	44.7	421	225	6	6	422	5	421	6.26e-116	345
WP_056851416.1	iHN637.CLJU_RS20860	42.7	424	236	6	6	425	5	425	2.36e-115	343
WP_056851416.1	iEK1008.Rv0357c	43.9	428	226	6	6	426	5	425	4.29e-114	340
WP_056851416.1	iMM1415.11566	42.7	433	234	8	2	425	28	455	2.06e-112	337
WP_056851416.1	iJN1463.PP_4889	45.6	425	223	8	6	426	6	426	7.33e-112	335
WP_056851416.1	iCHOv1.100767083	42.5	433	235	8	2	425	28	455	2.33e-111	334
WP_056851416.1	iSynCJ816.SGL_RS05700	43.4	424	227	7	6	423	5	421	3.11e-111	333
WP_056851416.1	iCHOv1.100751825	43.2	433	230	8	2	425	31	456	9.59e-111	333
WP_056851416.1	iMM1415.11565	43.0	433	231	8	2	425	31	456	1.36e-110	332
WP_056851416.1	iCN718.ABAYE_RS12990	42.8	432	233	6	6	426	6	434	8.79e-110	330
WP_056851416.1	iYS854.USA300HOU_RS00085	41.8	423	233	6	6	422	5	420	2.42e-109	328
WP_056851416.1	iPC815.YPO0378	42.9	424	237	5	6	426	6	427	8.00e-109	327
WP_056851416.1	iIT341.HP0255	41.8	426	226	7	5	425	3	411	3.75e-107	322
WP_056851416.1	iAT_PLT_636.122622	42.4	434	233	9	2	425	31	457	1.60e-106	322
WP_056851417.1	iCN900.CD630_14460	33.1	423	250	7	27	419	30	449	2.21e-69	226
WP_056851417.1	iHN637.CLJU_RS17715	37.2	355	207	4	75	416	98	449	1.00e-65	216
WP_056851419.1	iYS854.USA300HOU_RS06885	36.0	200	119	3	10	207	7	199	1.93e-34	121
WP_056851420.1	iAF987.Gmet_1988	48.5	272	136	2	6	277	4	271	9.06e-82	247
WP_056851420.1	iHN637.CLJU_RS12010	43.9	278	152	2	1	278	1	274	7.71e-78	237
WP_056851423.1	iCHOv1.100768838	46.7	45	22	1	379	423	1	43	4.53e-04	41.6
WP_056851427.1	iCN900.CD630_18160	45.2	217	114	2	4	220	3	214	4.71e-56	177
WP_056851427.1	iYO844.BSU22890	41.2	221	129	1	1	221	1	220	2.83e-51	165
WP_056851427.1	iAF987.Gmet_0865	42.1	214	123	1	2	215	3	215	1.01e-50	164
WP_056851431.1	iHN637.CLJU_RS10465	35.5	338	209	3	84	413	298	634	1.71e-70	240
WP_056851432.1	iMM1415.15211	25.7	460	268	10	76	520	85	485	6.65e-44	163
WP_056851432.1	iCHOv1.100750552	25.8	434	256	8	95	520	110	485	9.14e-44	162
WP_056851432.1	iMM1415.15212	26.4	447	262	7	95	534	122	508	5.03e-43	160
WP_056851435.1	iAF987.Gmet_1768	39.4	175	104	2	2	176	4	176	2.93e-39	131
WP_056851435.1	iCN900.CD630_25950	38.1	176	107	2	1	176	2	175	3.67e-37	126
WP_056851435.1	iYS854.USA300HOU_RS06020	39.9	163	96	2	1	163	1	161	1.96e-36	124
WP_056851435.1	iSynCJ816.SGL_RS14540	40.1	172	100	3	6	177	8	176	3.02e-36	124
WP_056851436.1	iAF987.Gmet_1769	52.0	296	141	1	9	303	6	301	1.47e-101	300
WP_056851436.1	iEK1008.Rv1380	48.7	304	150	2	6	303	1	304	2.68e-96	286
WP_056851436.1	iJN1463.PP_4998	50.7	302	146	2	4	302	14	315	7.38e-92	276
WP_056851445.1	iAF987.Gmet_3251	31.1	630	340	18	504	1123	5	550	8.17e-72	249
WP_056851446.1	iLB1027_lipid.PHATRDRAFT_9316	45.7	304	152	4	34	326	4	305	1.23e-88	267
WP_056851459.1	iAM_Pb448.PBANKA_091170	29.3	273	121	10	289	553	748	956	1.06e-17	87.0
WP_056851459.1	iAM_Pv461.PVX_092460	29.6	291	124	10	244	527	893	1109	3.38e-17	85.5
WP_056851459.1	iAM_Pc455.PCYB_094280	29.6	291	124	10	244	527	738	954	7.38e-17	84.3
WP_056851459.1	iAM_Pf480.PF3D7_1136900	29.1	278	118	10	256	527	771	975	1.33e-16	83.6
WP_056851460.1	iJN1463.PP_4286	30.2	116	73	2	30	137	79	194	7.13e-09	55.1
WP_056851461.1	iAF987.Gmet_0885	29.2	305	214	2	2	305	3	306	5.99e-45	154
WP_056851467.1	iYO844.BSU40850	33.3	156	96	2	38	188	32	184	1.94e-22	89.4
WP_056851467.1	iNF517.LLMG_RS08595	33.1	157	104	1	31	186	2	158	1.09e-22	89.4
WP_056851467.1	iNF517.LLMG_RS03835	45.5	134	70	3	57	188	51	183	5.60e-22	88.6
WP_056851468.1	iNF517.LLMG_RS11185	39.7	73	43	1	137	208	19	91	1.47e-09	55.1
WP_056851474.1	iJN1463.PP_0860	24.5	396	261	16	24	404	8	380	9.71e-23	100
WP_056851474.1	iCN718.ABAYE_RS03975	22.3	404	276	13	17	406	2	381	2.33e-22	99.4
WP_056851475.1	iAF692.Mbar_A0861	25.7	479	309	17	1	454	1	457	1.24e-23	102
WP_056851477.1	iYL1228.KPN_01464	27.8	306	185	12	78	351	62	363	5.62e-18	84.3
WP_056851477.1	iPC815.YPO3928	25.7	369	229	11	23	351	9	372	2.95e-15	76.3
WP_056851478.1	iAF987.Gmet_1919	27.0	137	100	0	1	137	1	137	3.53e-14	73.2
WP_056851478.1	iAF987.Gmet_3476	31.6	136	91	2	5	138	12	147	9.79e-14	72.4
WP_056851479.1	iCN900.CD630_15910	46.5	564	290	4	8	570	10	562	4.17e-173	501
WP_056851480.1	iHN637.CLJU_RS19475	59.4	670	269	2	5	671	8	677	1.53e-271	761
WP_056851480.1	iCN900.CD630_15920	59.7	670	265	3	6	671	7	675	4.39e-268	752
WP_056851480.1	iML1515.b0697	61.4	669	252	3	7	670	8	675	1.13e-267	751
WP_056851480.1	iSSON_1240.SSON_0648	61.3	669	253	3	7	670	8	675	1.60e-267	750
WP_056851480.1	STM_v1_0.STM0705	61.1	673	254	4	7	673	8	678	5.24e-266	746
WP_056851480.1	iYL1228.KPN_00716	60.9	672	257	3	7	673	8	678	2.12e-265	745
WP_056851480.1	iPC815.YPO2691	61.6	675	247	5	7	670	8	681	7.45e-265	744
WP_056851480.1	iEK1008.Rv1030	59.9	676	260	4	7	671	28	703	1.67e-261	736
WP_056851480.1	iSynCJ816.SGL_RS08870	58.4	661	269	4	12	669	28	685	4.29e-257	724
WP_056851481.1	iAF987.Gmet_2435	51.0	145	65	3	45	186	46	187	9.50e-39	130
WP_056851481.1	iEK1008.Rv1031	40.2	189	110	2	1	186	1	189	4.84e-36	124
WP_056851481.1	iCN900.CD630_15930	38.4	198	103	2	8	186	7	204	1.14e-35	123
WP_056851481.1	iHN637.CLJU_RS19470	36.7	199	107	2	7	186	6	204	1.11e-35	123
WP_056851482.1	iSynCJ816.SGL_RS08885	39.1	353	211	2	21	373	19	367	8.16e-79	246
WP_056851483.1	iAF987.Gmet_0043	30.5	233	148	7	357	580	39	266	2.53e-18	88.2
WP_056851521.1	iAF987.Gmet_1249	28.0	200	138	3	15	211	16	212	9.22e-15	75.5
WP_056851522.1	iAF987.Gmet_1626	59.8	393	157	1	8	400	6	397	6.81e-168	475
WP_056851522.1	iYO844.BSU23260	58.8	396	156	4	8	400	5	396	5.29e-162	460
WP_056851522.1	iSynCJ816.SGL_RS10240	56.9	401	168	3	6	402	3	402	1.54e-159	460
WP_056851522.1	iHN637.CLJU_RS10830	55.0	402	174	3	1	400	1	397	5.25e-153	437
WP_056851527.1	iYL1228.KPN_01628	29.4	360	252	2	18	377	28	385	1.48e-36	137
WP_056851527.1	iML1515.b1528	28.3	360	256	2	18	377	28	385	3.65e-35	133
WP_056851527.1	iSbBS512_1146.SbBS512_E1677	28.3	360	256	2	18	377	28	385	3.65e-35	133
WP_056851527.1	iSSON_1240.SSON_1600	28.3	360	256	2	18	377	28	385	3.65e-35	133
WP_056851527.1	iSF_1195.SF1566	32.4	256	173	0	18	273	28	283	2.73e-35	132
WP_056851527.1	STM_v1_0.STM1522	27.2	360	260	2	18	377	28	385	6.77e-34	129
WP_056851530.1	iCN900.CD630_31950	33.8	947	456	18	12	929	2	806	6.12e-152	468
WP_056851533.1	iAF692.Mbar_A0669	25.6	704	419	16	5	651	4	659	1.97e-43	166
WP_056851533.1	iAF692.Mbar_A1651	28.6	384	269	3	5	387	4	383	3.16e-42	163
WP_056851533.1	iAF987.Gmet_1105	28.4	394	267	4	5	392	4	388	1.52e-40	158
WP_056851533.1	iYO844.BSU09850	27.9	398	278	4	3	395	1	394	4.49e-42	157
WP_056851533.1	iPC815.YPO3094	34.5	383	235	6	11	383	14	390	2.90e-40	155
WP_056851535.1	iAF987.Gmet_1388	36.6	320	179	4	1	319	1	297	1.92e-68	216
WP_056851535.1	iCN900.CD630_13150	36.4	319	180	3	1	319	1	296	4.09e-64	205
WP_056851535.1	iYS854.USA300HOU_RS06410	33.3	324	189	7	1	320	4	304	5.35e-62	200
WP_056851537.1	iNF517.LLMG_RS07220	38.2	225	129	3	18	234	8	230	1.40e-40	141
WP_056851537.1	iEK1008.Rv2793c	41.1	207	116	2	18	220	8	212	1.56e-38	135
WP_056851537.1	iSynCJ816.SGL_RS18050	36.6	227	138	3	19	242	5	228	1.15e-37	133
WP_056851537.1	iYS854.USA300HOU_RS06405	39.5	210	118	4	18	220	5	212	5.86e-36	129
WP_056851538.1	iCN900.CD630_13320	42.3	265	137	3	1	252	7	268	1.97e-65	204
WP_056851538.1	iNF517.LLMG_RS12440	40.7	275	141	5	1	253	1	275	7.77e-59	188
WP_056851538.1	iJN1463.PP_2862	42.0	262	132	4	4	252	8	262	8.97e-59	187
WP_056851538.1	iCN718.ABAYE_RS04130	44.8	261	127	6	5	253	8	263	3.10e-58	186
WP_056851544.1	iNF517.LLMG_RS08750	43.3	975	399	16	1	968	1	828	2.75e-266	764
WP_056851544.1	iYS854.USA300HOU_RS09335	41.0	975	394	9	1	967	1	802	1.31e-257	741
WP_056851547.1	STM_v1_0.STM0042	21.9	462	311	17	4	444	15	447	1.13e-07	53.5
WP_056851548.1	iYS854.USA300HOU_RS07350	31.0	442	286	9	4	440	8	435	1.86e-43	157
WP_056851553.1	iYS854.USA300HOU_RS08365	35.9	131	70	5	28	155	9	128	3.21e-17	73.2
WP_056851553.1	iNF517.LLMG_RS05395	35.4	127	70	4	30	155	11	126	8.87e-16	69.3
WP_056851553.1	iMM1415.72269	36.7	128	69	4	29	155	21	137	1.37e-14	66.6
WP_056851566.1	iJN1463.PP_0114	38.0	229	138	2	1	225	1	229	8.49e-47	158
WP_056851566.1	iCN900.CD630_14890	37.6	237	147	1	1	237	1	236	3.99e-44	150
WP_056851566.1	iPC815.YPO1073	39.3	219	129	3	32	248	36	252	2.59e-43	149
WP_056851566.1	iYO844.BSU32750	38.8	219	132	2	3	220	6	223	3.48e-43	149
WP_056851566.1	iNF517.LLMG_RS09720	38.4	237	143	3	2	237	7	241	9.41e-44	147
WP_056851566.1	iYS854.USA300HOU_RS13040	37.6	242	141	4	1	237	1	237	1.68e-43	147
WP_056851566.1	iSF_1195.SF0190	34.6	254	158	4	1	248	1	252	1.09e-41	145
WP_056851566.1	iSDY_1059.SDY_0218	34.6	254	158	4	1	248	1	252	1.53e-41	144
WP_056851566.1	iSbBS512_1146.SbBS512_E0193	34.6	254	158	4	1	248	1	252	2.14e-41	144
WP_056851566.1	iSSON_1240.SSON_0213	34.6	254	158	4	1	248	1	252	2.14e-41	144
WP_056851566.1	iML1515.b0199	34.3	254	159	4	1	248	1	252	3.01e-41	144
WP_056851566.1	iYO844.BSU23960	37.6	242	140	7	1	237	1	236	3.42e-42	143
WP_056851566.1	iNF517.LLMG_RS09915	35.3	238	151	3	1	237	5	240	7.57e-42	142
WP_056851566.1	STM_v1_0.STM0247	34.6	254	158	4	1	248	1	252	8.31e-41	142
WP_056851566.1	iYS854.USA300HOU_RS02325	36.0	242	149	3	1	237	1	241	1.12e-40	142
WP_056851567.1	iJN1463.PP_0959	28.4	215	152	2	30	243	49	262	1.29e-24	98.2
WP_056851568.1	iCN718.ABAYE_RS09965	32.3	186	125	1	3	187	10	195	3.56e-28	107
WP_056851568.1	iAF987.Gmet_1601	31.8	220	140	2	3	212	8	227	8.34e-25	97.8
WP_056851568.1	iYO844.BSU32000	29.1	234	146	2	3	216	11	244	1.56e-24	97.4
WP_056851572.1	iLB1027_lipid.PHATRDRAFT_44955	40.4	675	370	12	14	659	71	742	3.71e-140	427
WP_056851573.1	iML1515.b0577	42.6	310	177	1	111	420	103	411	1.14e-85	267
WP_056851575.1	iAF692.Mbar_A1462	29.9	334	217	5	29	358	27	347	3.47e-39	145
WP_056851575.1	iAF987.Gmet_3233	26.8	365	260	5	6	367	5	365	1.72e-35	135
WP_056851575.1	iYO844.BSU28170	26.3	335	240	5	3	334	2	332	4.46e-35	134
WP_056851575.1	iYL1228.KPN_02235	26.5	359	255	6	4	358	3	356	2.56e-35	134
WP_056851575.1	STM_v1_0.STM1777	26.4	360	256	6	4	359	3	357	4.88e-35	133
WP_056851575.1	iML1515.b1210	28.4	338	229	7	26	359	29	357	1.77e-34	132
WP_056851575.1	iSDY_1059.SDY_1259	28.4	338	229	7	26	359	29	357	2.45e-34	131
WP_056851576.1	iSSON_1240.SSON_0081	49.2	494	249	1	7	498	4	497	6.78e-156	453
WP_056851576.1	iYL1228.KPN_00080	49.9	497	241	3	7	498	4	497	9.59e-156	453
WP_056851576.1	iSbBS512_1146.SbBS512_E0068	49.2	494	249	1	7	498	4	497	9.59e-156	453
WP_056851576.1	iSF_1195.SF0069	49.2	494	249	1	7	498	4	497	9.59e-156	453
WP_056851576.1	iHN637.CLJU_RS04460	48.9	499	247	4	6	499	2	497	1.25e-155	452
WP_056851576.1	iPC815.YPO0533	48.9	497	246	3	7	498	4	497	2.47e-155	452
WP_056851576.1	iML1515.b0074	49.0	494	250	1	7	498	4	497	3.86e-155	451
WP_056851576.1	iSDY_1059.SDY_0101	49.0	494	250	1	7	498	4	497	7.73e-155	451
WP_056851576.1	iYO844.BSU28280	48.3	499	254	2	7	501	3	501	6.03e-153	446
WP_056851576.1	iAF987.Gmet_1265	48.5	495	251	3	8	499	7	500	1.13e-151	442
WP_056851576.1	STM_v1_0.STM0113	48.7	497	247	3	7	498	4	497	2.30e-151	442
WP_056851576.1	iSynCJ816.SGL_RS12850	47.3	512	250	5	6	499	6	515	4.11e-149	436
WP_056851576.1	iLJ478.TM0553	46.5	499	262	3	7	501	3	500	2.33e-143	421
WP_056851577.1	iHN637.CLJU_RS04475	52.0	356	163	5	5	356	3	354	1.98e-119	349
WP_056851577.1	iCN900.CD630_09920	51.0	357	167	5	1	353	1	353	3.20e-116	341
WP_056851577.1	iYO844.BSU28270	52.7	338	154	3	1	333	1	337	8.65e-116	340
WP_056851577.1	iSynCJ816.SGL_RS09375	50.0	360	171	4	4	358	6	361	2.55e-114	336
WP_056851577.1	iLB1027_lipid.PHATRDRAFT_20934	50.6	360	171	5	4	358	48	405	1.34e-111	331
WP_056851577.1	iJN1463.PP_1988	50.7	361	169	4	1	356	1	357	4.43e-112	330
WP_056851577.1	iHN637.CLJU_RS19450	49.5	364	174	6	1	358	1	360	2.53e-111	328
WP_056851577.1	iCN718.ABAYE_RS16685	48.8	365	173	6	1	357	1	359	4.53e-109	323
WP_056851578.1	iCN900.CD630_04310	21.2	501	337	15	3	477	2	470	1.23e-15	79.0
WP_056851578.1	iYS854.USA300HOU_RS14570	20.9	540	339	16	1	477	1	515	3.48e-15	77.8
WP_056851578.1	iYO844.BSU02860	25.9	220	156	2	258	476	2	215	1.78e-15	75.5
WP_056851578.1	iNF517.LLMG_RS06730	25.4	260	166	7	1	251	1	241	2.97e-14	74.3
WP_056851578.1	iHN637.CLJU_RS00620	21.3	525	344	17	1	489	1	492	5.05e-14	73.9
WP_056851578.1	iCN900.CD630_14890	26.8	224	150	5	259	477	1	215	2.63e-14	73.6
WP_056851578.1	iYS854.USA300HOU_RS08305	32.0	172	101	6	292	457	43	204	1.29e-14	73.6
WP_056851578.1	iCN900.CD630_03010	20.5	507	341	15	1	477	1	475	1.19e-13	72.8
WP_056851578.1	iYO844.BSU23960	24.2	248	142	6	251	486	8	221	2.33e-14	72.4
WP_056851578.1	iPC815.YPO1332	23.4	265	173	5	5	263	19	259	2.31e-13	71.2
WP_056851579.1	iJN1463.PP_1986	48.6	210	87	4	1	199	1	200	2.27e-57	179
WP_056851579.1	iYL1228.KPN_00077	46.0	202	96	4	2	200	3	194	3.06e-57	179
WP_056851579.1	iPC815.YPO0530	46.8	203	95	3	1	200	1	193	5.96e-57	178
WP_056851579.1	STM_v1_0.STM0110	46.3	201	95	4	2	199	3	193	1.23e-56	177
WP_056851579.1	iSF_1195.SF0066	46.3	201	95	3	2	199	3	193	7.04e-56	175
WP_056851579.1	iML1515.b0071	46.3	201	95	3	2	199	3	193	9.98e-56	175
WP_056851579.1	iSbBS512_1146.SbBS512_E0065	46.3	201	95	3	2	199	3	193	9.98e-56	175
WP_056851579.1	iSDY_1059.SDY_0098	46.3	201	95	3	2	199	3	193	9.98e-56	175
WP_056851579.1	iSSON_1240.SSON_0078	46.3	201	95	3	2	199	3	193	9.98e-56	175
WP_056851579.1	iYO844.BSU28250	43.5	200	102	3	1	199	1	190	9.93e-53	167
WP_056851582.1	iPC815.YPO0531	59.3	464	188	1	2	464	8	471	1.34e-195	551
WP_056851582.1	iML1515.b0072	57.7	466	194	2	1	464	1	465	2.58e-188	532
WP_056851582.1	iSbBS512_1146.SbBS512_E0066	57.7	466	194	2	1	464	1	465	2.58e-188	532
WP_056851582.1	iYL1228.KPN_00078	57.5	466	195	2	1	464	1	465	2.10e-187	530
WP_056851582.1	iSF_1195.SF0067	57.5	466	195	2	1	464	1	465	2.10e-187	530
WP_056851582.1	iSDY_1059.SDY_0099	57.3	466	196	2	1	464	1	465	2.98e-187	530
WP_056851582.1	iSSON_1240.SSON_0079	57.5	466	195	2	1	464	1	465	2.98e-187	530
WP_056851582.1	iYO844.BSU28260	55.6	464	204	2	1	463	2	464	2.43e-185	525
WP_056851582.1	STM_v1_0.STM0111	57.1	466	197	2	1	464	1	465	5.62e-185	524
WP_056851582.1	iEK1008.Rv2988c	55.8	464	203	2	3	464	9	472	1.46e-179	510
WP_056851583.1	iML1515.b3774	71.4	493	138	1	1	493	1	490	6.09e-250	691
WP_056851583.1	iSDY_1059.SDY_3974	71.2	493	139	1	1	493	1	490	6.09e-250	691
WP_056851583.1	iYL1228.KPN_04273	71.2	493	139	1	1	493	1	490	8.64e-250	690
WP_056851583.1	iSF_1195.SF3848	71.0	493	140	1	1	493	1	490	2.47e-249	689
WP_056851583.1	iSbBS512_1146.SbBS512_E4146	71.0	493	140	1	1	493	1	490	3.51e-249	689
WP_056851583.1	iSSON_1240.SSON_3945	71.0	493	140	1	1	493	1	490	3.51e-249	689
WP_056851583.1	STM_v1_0.STM3909	70.8	493	141	1	1	493	1	490	1.42e-248	687
WP_056851583.1	iPC815.YPO3888	69.4	494	147	2	1	493	1	491	1.19e-240	667
WP_056851585.1	iYO844.BSU28300	36.4	154	96	2	24	176	5	157	5.87e-24	93.2
WP_056851585.1	iAF987.Gmet_1261	35.7	154	96	3	22	174	3	154	8.28e-21	84.7
WP_056851586.1	iAF692.Mbar_A0218	50.1	559	270	6	23	580	8	558	2.59e-175	508
WP_056851586.1	iAF987.Gmet_1260	46.8	581	272	9	22	582	1	564	1.70e-170	495
WP_056851586.1	iYO844.BSU28310	46.4	577	293	7	8	580	5	569	1.15e-167	488
WP_056851586.1	iSynCJ816.SGL_RS09105	46.6	571	280	8	25	580	22	582	1.57e-160	472
WP_056851586.1	STM_v1_0.STM3901	45.5	556	287	5	26	580	3	543	7.04e-157	460
WP_056851587.1	iNF517.LLMG_RS06490	71.4	560	153	3	3	558	13	569	1.53e-282	779
WP_056851588.1	iML1515.b3770	36.5	263	159	4	10	264	9	271	4.56e-51	170
WP_056851588.1	iSbBS512_1146.SbBS512_E4150	36.5	263	159	4	10	264	9	271	4.56e-51	170
WP_056851588.1	iSDY_1059.SDY_3978	36.5	263	159	4	10	264	9	271	4.56e-51	170
WP_056851588.1	iSF_1195.SF3845	36.5	263	159	4	10	264	9	271	4.56e-51	170
WP_056851588.1	iSSON_1240.SSON_3941	36.5	263	159	4	10	264	9	271	4.56e-51	170
WP_056851588.1	iPC815.YPO3899	34.9	284	177	4	10	285	8	291	6.26e-51	169
WP_056851588.1	iYL1228.KPN_04269	35.2	284	176	4	10	285	9	292	1.27e-50	169
WP_056851588.1	STM_v1_0.STM3903	36.5	263	159	4	10	264	9	271	3.56e-50	167
WP_056851588.1	iCN718.ABAYE_RS03435	33.8	296	189	3	1	289	1	296	8.24e-48	161
WP_056851589.1	iSynCJ816.SGL_RS09710	36.7	79	49	1	1	79	3	80	7.89e-13	58.9
WP_056851589.1	iHN637.CLJU_RS01195	37.2	78	45	2	3	78	7	82	1.26e-10	53.1
WP_056851590.1	iMM904.YJR121W	65.7	499	143	5	2	500	41	511	2.63e-222	622
WP_056851590.1	iMM1415.11947	66.8	494	136	4	5	498	61	526	1.42e-221	620
WP_056851590.1	iAT_PLT_636.506	66.8	494	136	4	5	498	61	526	2.86e-221	620
WP_056851590.1	iCHOv1.100763024	66.6	494	137	4	5	498	66	531	6.88e-221	619
WP_056851590.1	iAF987.Gmet_3406	64.7	499	140	4	3	497	4	470	6.23e-218	609
WP_056851590.1	iCN900.CD630_34680	64.1	493	145	3	1	493	1	461	1.43e-217	608
WP_056851590.1	iHN637.CLJU_RS01190	64.4	495	142	4	1	495	1	461	1.17e-216	605
WP_056851590.1	iYO844.BSU36810	63.0	503	143	6	5	498	4	472	1.44e-212	595
WP_056851590.1	iAM_Pv461.PVX_100735	63.5	498	162	5	3	500	70	547	5.61e-211	594
WP_056851590.1	iAM_Pc455.PCYB_146140	63.1	498	164	5	3	500	34	511	2.60e-210	591
WP_056851590.1	iLB1027_lipid.PHATRDRAFT_54086	64.1	496	151	7	5	495	26	499	3.67e-210	590
WP_056851590.1	iSynCJ816.SGL_RS09705	62.8	497	156	5	3	495	9	480	2.24e-209	588
WP_056851590.1	iAM_Pf480.PF3D7_1235700	62.4	498	167	5	3	500	58	535	2.82e-208	587
WP_056851590.1	iAM_Pb448.PBANKA_145030	62.6	497	162	6	3	495	57	533	2.14e-207	585
WP_056851590.1	iLJ478.TM1610	61.4	492	157	4	5	495	7	466	5.00e-207	581
WP_056851590.1	iNF517.LLMG_RS09735	62.2	495	152	5	5	495	4	467	5.98e-206	578
WP_056851590.1	iYS854.USA300HOU_RS11360	61.6	500	156	6	3	498	2	469	5.05e-205	576
WP_056851590.1	iML1515.b3732	62.5	491	150	4	5	495	4	460	2.71e-202	569
WP_056851590.1	STM_v1_0.STM3865	62.5	491	150	4	5	495	4	460	2.71e-202	569
WP_056851590.1	iSbBS512_1146.SbBS512_E4189	62.5	491	150	4	5	495	4	460	2.71e-202	569
WP_056851590.1	iSF_1195.SF3812	62.5	491	150	4	5	495	4	460	2.71e-202	569
WP_056851590.1	iSSON_1240.SSON_3887	62.5	491	150	4	5	495	4	460	2.71e-202	569
WP_056851590.1	iSDY_1059.SDY_4016	62.3	491	151	4	5	495	4	460	2.21e-201	566
WP_056851590.1	iYL1228.KPN_04137	62.2	492	150	5	5	495	4	460	5.13e-200	563
WP_056851590.1	iIT341.HP1132	59.7	494	163	5	5	495	6	466	2.86e-199	561
WP_056851593.1	iHN637.CLJU_RS02625	35.1	271	159	6	1	266	1	259	1.07e-37	135
WP_056851593.1	iHN637.CLJU_RS02740	34.5	264	165	5	4	266	3	259	4.28e-36	130
WP_056851593.1	iSynCJ816.SGL_RS02095	32.7	263	148	5	4	265	5	239	3.45e-33	123
WP_056851594.1	iPC815.YPO3064	39.4	132	77	2	3	132	5	135	4.63e-26	96.3
WP_056851594.1	iYL1228.KPN_02814	40.9	132	75	2	3	132	4	134	6.37e-26	95.9
WP_056851594.1	iML1515.b2480	39.4	132	77	2	3	132	4	134	2.01e-24	92.0
WP_056851594.1	iSbBS512_1146.SbBS512_E2852	39.4	132	77	2	3	132	4	134	2.01e-24	92.0
WP_056851594.1	iSDY_1059.SDY_2669	39.4	132	77	2	3	132	4	134	2.01e-24	92.0
WP_056851594.1	iSF_1195.SF2523	39.4	132	77	2	3	132	4	134	2.01e-24	92.0
WP_056851594.1	iSSON_1240.SSON_2561	39.4	132	77	2	3	132	4	134	2.01e-24	92.0
WP_056851595.1	iYO844.BSU01370	39.9	208	98	2	2	182	1	208	3.99e-42	140
WP_056851595.1	iAF692.Mbar_A0086	35.5	214	112	2	2	189	1	214	3.01e-41	138
WP_056851595.1	iCN900.CD630_00910	34.4	212	112	2	2	186	1	212	8.75e-41	137
WP_056851595.1	iAT_PLT_636.203	38.4	185	109	2	4	187	11	191	1.34e-40	135
WP_056851595.1	iYS854.USA300HOU_RS12070	33.8	213	114	2	2	187	1	213	4.80e-40	135
WP_056851595.1	iCHOv1.100759346	37.8	185	110	2	4	187	12	192	2.20e-39	132
WP_056851595.1	iHN637.CLJU_RS20110	36.1	205	104	2	2	179	1	205	1.61e-38	131
WP_056851596.1	iML1515.b4173	28.3	127	89	1	166	292	200	324	2.42e-06	48.5
WP_056851601.1	iAF987.Gmet_0769	34.2	117	77	0	16	132	13	129	2.79e-20	81.3
WP_056851602.1	iSynCJ816.SGL_RS08885	38.8	353	212	2	19	371	19	367	4.22e-75	236
WP_056851603.1	iHN637.CLJU_RS19475	59.0	670	272	2	5	671	8	677	5.80e-269	754
WP_056851603.1	iCN900.CD630_15920	59.2	669	270	2	6	671	7	675	5.05e-267	749
WP_056851603.1	iPC815.YPO2691	60.8	676	253	5	7	671	8	682	2.28e-261	735
WP_056851603.1	iML1515.b0697	60.5	671	257	4	7	671	8	676	3.02e-260	732
WP_056851603.1	iSSON_1240.SSON_0648	60.4	671	258	4	7	671	8	676	4.28e-260	731
WP_056851603.1	iYL1228.KPN_00716	60.3	673	259	4	7	673	8	678	1.73e-259	730
WP_056851603.1	iEK1008.Rv1030	59.2	676	265	3	7	671	28	703	8.91e-259	729
WP_056851603.1	STM_v1_0.STM0705	60.3	673	259	4	7	673	8	678	9.89e-259	728
WP_056851603.1	iSynCJ816.SGL_RS08870	58.3	667	272	4	10	673	26	689	1.22e-256	723
WP_056851603.1	iAF987.Gmet_2434	55.1	679	293	5	7	674	11	688	8.21e-242	685
WP_056851604.1	iCN900.CD630_15910	46.1	564	292	4	5	567	7	559	2.37e-172	499
WP_056851604.1	iHN637.CLJU_RS19480	44.0	566	302	6	6	570	6	557	3.80e-153	450
WP_056851605.1	iAF987.Gmet_1919	31.1	135	89	2	5	135	5	139	7.83e-16	78.2
WP_056851605.1	iAF987.Gmet_3476	30.9	136	92	2	5	138	12	147	5.58e-14	73.2
WP_056851609.1	iCN900.CD630_06820	25.7	552	313	7	2	548	3	462	9.92e-47	171
WP_056851613.1	iAF987.Gmet_0043	27.0	233	152	5	822	1041	39	266	6.37e-13	72.4
WP_056851614.1	iAF987.Gmet_0043	32.7	107	66	2	512	612	161	267	3.87e-07	52.8
WP_056851615.1	iAF987.Gmet_0043	27.0	233	155	6	434	656	39	266	1.19e-15	80.1
WP_056851620.1	iYO844.BSU25790	64.6	342	121	0	13	354	2	343	1.89e-163	460
WP_056851620.1	iAF987.Gmet_0520	66.1	342	116	0	13	354	7	348	4.81e-160	451
WP_056851627.1	iML1515.b0957	33.0	97	55	3	541	630	220	313	3.84e-09	58.5
WP_056851627.1	iSbBS512_1146.SbBS512_E2359	33.0	97	55	3	541	630	220	313	3.84e-09	58.5
WP_056851627.1	iSDY_1059.SDY_0930	33.0	97	55	3	541	630	224	317	3.91e-09	58.5
WP_056851627.1	iSF_1195.SF0957	33.0	97	55	3	541	630	222	315	3.88e-09	58.5
WP_056851627.1	iSSON_1240.SSON_0961	33.0	97	55	3	541	630	220	313	3.84e-09	58.5
WP_056851627.1	iYL1228.KPN_00986	32.7	101	63	3	541	637	230	329	3.90e-08	55.5
WP_056851630.1	iHN637.CLJU_RS13875	37.6	282	171	3	1	277	1	282	1.56e-59	191
WP_056851630.1	iAF987.Gmet_3011	36.8	288	169	5	2	280	3	286	4.00e-55	179
WP_056851634.1	iPC815.YPO3954	49.0	420	195	5	20	425	21	435	1.60e-124	367
WP_056851634.1	STM_v1_0.STM4482	49.0	416	201	5	20	425	21	435	3.32e-124	367
WP_056851634.1	iSSON_1240.SSON_4450	49.3	416	200	5	20	425	21	435	1.88e-123	365
WP_056851634.1	iML1515.b4265	49.3	416	200	5	20	425	21	435	3.78e-123	364
WP_056851634.1	iHN637.CLJU_RS05690	49.4	439	208	6	1	426	1	438	2.29e-122	362
WP_056851634.1	iML1515.b3415	47.5	440	213	6	1	426	1	436	4.16e-122	361
WP_056851634.1	iSbBS512_1146.SbBS512_E3796	47.5	440	213	6	1	426	1	436	4.16e-122	361
WP_056851634.1	iSF_1195.SF3438	47.3	440	214	6	1	426	1	436	1.18e-121	360
WP_056851634.1	iSSON_1240.SSON_3547	47.5	440	213	6	1	426	1	436	1.18e-121	360
WP_056851634.1	STM_v1_0.STM3512	47.5	440	213	6	1	426	1	436	1.67e-121	360
WP_056851634.1	iSDY_1059.SDY_3661	47.3	440	214	6	1	426	1	436	3.34e-121	359
WP_056851634.1	iYL1228.KPN_03785	48.8	418	201	6	20	426	21	436	3.47e-118	351
WP_056851634.1	iYO844.BSU40070	46.4	446	217	9	1	425	1	445	1.26e-112	337
WP_056851637.1	iAF987.Gmet_1419	39.7	247	131	7	1	236	1	240	1.96e-49	162
WP_056851640.1	iYS854.USA300HOU_RS02990	37.2	207	129	1	3	208	2	208	8.95e-33	117
WP_056851641.1	iCN900.CD630_19470	44.4	216	118	1	8	221	13	228	2.89e-58	183
WP_056851641.1	iYO844.BSU30420	43.3	208	116	1	15	220	16	223	2.40e-52	168
WP_056851645.1	iJN1463.PP_0860	21.6	731	426	28	93	693	102	815	2.24e-16	83.2
WP_056851650.1	iPC815.YPO3506	28.7	411	244	13	70	453	66	454	7.25e-30	121
WP_056851650.1	iYL1228.KPN_03592	25.8	411	256	10	70	453	61	449	8.75e-26	109
WP_056851652.1	iHN637.CLJU_RS17045	56.0	325	140	2	3	325	5	328	7.49e-124	358
WP_056851652.1	iCN900.CD630_32240	55.9	331	139	4	3	329	6	333	2.55e-120	349
WP_056851652.1	iAF987.Gmet_0604	57.3	335	131	5	3	328	7	338	3.87e-116	338
WP_056851656.1	iJN1463.PP_4298	27.1	218	146	5	39	245	28	243	2.95e-16	75.9
WP_056851657.1	iSDY_1059.SDY_3108	30.7	417	262	7	2	402	16	421	2.90e-70	227
WP_056851657.1	iSF_1195.SF2961	30.7	417	262	7	2	402	16	421	2.90e-70	227
WP_056851657.1	iSSON_1240.SSON_3232	30.7	417	262	7	2	402	16	421	2.90e-70	227
WP_056851657.1	STM_v1_0.STM3113	31.2	413	257	7	6	402	4	405	2.68e-70	227
WP_056851657.1	iML1515.b2964	30.8	413	259	7	6	402	4	405	1.05e-69	225
WP_056851657.1	iSbBS512_1146.SbBS512_E3397	30.8	413	259	7	6	402	4	405	1.05e-69	225
WP_056851657.1	STM_v1_0.STM2421	33.0	415	251	7	1	400	1	403	2.08e-69	224
WP_056851657.1	iYL1228.KPN_03396	30.6	412	261	6	6	402	4	405	1.11e-68	223
WP_056851657.1	iML1515.b2406	32.1	408	252	5	8	400	6	403	6.29e-68	221
WP_056851659.1	iAF692.Mbar_A1138	28.8	146	100	2	49	194	4	145	6.97e-15	75.1
WP_056851661.1	iYO844.BSU39720	26.2	141	96	2	169	302	131	270	2.48e-09	57.4
WP_056851666.1	iJN1463.PP_0525	25.4	201	136	8	210	406	50	240	1.05e-04	45.8
WP_056851669.1	iYS854.USA300HOU_RS02905	46.5	314	163	4	3	314	2	312	5.84e-100	296
WP_056851669.1	iCN900.CD630_17920	46.3	313	163	4	3	313	2	311	1.22e-98	293
WP_056851672.1	iSSON_1240.SSON_2189	49.9	745	360	7	25	764	28	764	1.14e-248	709
WP_056851672.1	iML1515.b2132	49.9	745	360	7	25	764	28	764	2.29e-248	708
WP_056851672.1	iSDY_1059.SDY_2156	49.8	745	361	7	25	764	28	764	3.24e-248	708
WP_056851672.1	iSbBS512_1146.SbBS512_E0841	49.9	745	360	7	25	764	28	764	4.60e-248	707
WP_056851672.1	iSF_1195.SF2217	49.8	745	361	7	25	764	28	764	2.62e-247	706
WP_056851672.1	iYL1228.KPN_02568	48.6	745	370	7	25	764	28	764	2.22e-243	696
WP_056851672.1	iJN1463.PP_1403	47.8	767	377	11	11	764	6	762	8.04e-238	681
WP_056851686.1	iEK1008.Rv2957	29.0	210	133	4	4	206	26	226	6.05e-21	88.6
WP_056851687.1	iAF987.Gmet_1505	28.3	321	217	5	34	353	5	313	6.42e-34	131
WP_056851687.1	iYO844.BSU35530	30.3	297	192	6	66	357	42	328	2.30e-30	119
WP_056851688.1	iEK1008.Rv1436	51.3	337	155	4	1	328	3	339	9.92e-110	322
WP_056851688.1	iAF987.Gmet_1946	50.6	328	159	3	1	325	3	330	3.07e-109	321
WP_056851688.1	iHN637.CLJU_RS06580	49.3	337	166	3	1	332	3	339	9.63e-108	318
WP_056851688.1	iCN900.CD630_17670	48.3	331	165	4	1	325	3	333	2.69e-104	308
WP_056851688.1	iYO844.BSU33940	50.0	328	161	3	1	325	3	330	9.84e-104	307
WP_056851688.1	iYO844.BSU29020	46.3	328	173	3	1	325	3	330	1.88e-102	304
WP_056851688.1	iLJ478.TM0688	48.2	326	165	2	2	323	3	328	7.88e-100	297
WP_056851688.1	iHN637.CLJU_RS19275	47.0	330	170	3	1	325	2	331	9.61e-99	294
WP_056851688.1	iCN900.CD630_31740	48.9	327	155	4	1	319	2	324	1.93e-98	293
WP_056851698.1	iNF517.LLMG_RS08455	41.6	308	165	5	6	300	5	310	7.52e-62	198
WP_056851700.1	iAF987.Gmet_0406	27.7	690	435	20	7	687	9	643	7.17e-56	201
WP_056851701.1	iHN637.CLJU_RS05190	40.5	489	272	9	1	481	1	478	3.22e-114	345
WP_056851701.1	iCN900.CD630_26640	38.7	489	284	7	1	481	1	481	1.21e-108	330
WP_056851701.1	iYO844.BSU15180	39.4	500	277	8	1	484	1	490	9.04e-105	321
WP_056851702.1	iJN1463.PP_1334	38.1	415	202	7	1	415	1	360	3.33e-86	266
WP_056851702.1	iPC815.YPO0552	38.8	415	199	5	1	415	1	360	7.45e-85	263
WP_056851702.1	iAF987.Gmet_0409	38.6	402	192	4	14	415	12	358	1.98e-84	261
WP_056851702.1	iML1515.b0087	38.1	415	202	5	1	415	1	360	2.93e-81	253
WP_056851702.1	iSbBS512_1146.SbBS512_E0080	38.1	415	202	5	1	415	1	360	2.93e-81	253
WP_056851702.1	iSDY_1059.SDY_0117	38.1	415	202	5	1	415	1	360	2.93e-81	253
WP_056851702.1	iSF_1195.SF0084	38.1	415	202	5	1	415	1	360	2.93e-81	253
WP_056851702.1	iSSON_1240.SSON_0095	38.1	415	202	5	1	415	1	360	2.93e-81	253
WP_056851702.1	STM_v1_0.STM0125	37.6	415	204	5	1	415	1	360	8.25e-81	252
WP_056851702.1	iYL1228.KPN_00091	37.6	415	204	5	1	415	1	360	4.62e-80	250
WP_056851703.1	iML1515.b0089	27.9	315	216	6	70	378	102	411	1.23e-32	126
WP_056851704.1	iHN637.CLJU_RS20600	34.4	456	277	9	2	442	4	452	5.45e-75	241
WP_056851704.1	iCN718.ABAYE_RS01280	34.1	461	274	8	2	440	18	470	2.89e-74	240
WP_056851704.1	iYL1228.KPN_00095	32.3	470	282	7	2	444	15	475	3.44e-70	230
WP_056851704.1	iSDY_1059.SDY_0121	32.8	469	281	8	2	444	15	475	1.33e-69	228
WP_056851704.1	iML1515.b0091	32.5	468	284	7	2	444	15	475	2.63e-69	228
WP_056851704.1	iSSON_1240.SSON_0099	32.8	469	281	8	2	444	15	475	2.63e-69	228
WP_056851704.1	iSF_1195.SF0088	32.8	469	281	8	2	444	15	475	5.17e-69	227
WP_056851704.1	iSbBS512_1146.SbBS512_E0084	32.8	469	281	8	2	444	15	475	7.24e-69	226
WP_056851704.1	iJN1463.PP_1338	32.9	459	275	8	2	437	12	460	8.18e-69	226
WP_056851704.1	iPC815.YPO0556	31.6	472	283	7	2	444	15	475	2.00e-68	225
WP_056851704.1	STM_v1_0.STM0129	32.3	465	281	8	2	440	15	471	2.26e-66	220
WP_056851704.1	iAF987.Gmet_0413	32.6	469	281	7	5	451	4	459	5.98e-66	218
WP_056851707.1	STM_v1_0.STM3709	35.4	364	220	8	42	400	41	394	4.92e-65	213
WP_056851707.1	iML1515.b3617	34.9	364	222	8	42	400	41	394	1.92e-64	211
WP_056851707.1	iSbBS512_1146.SbBS512_E4045	34.9	364	222	8	42	400	41	394	1.92e-64	211
WP_056851707.1	iSF_1195.SF3657	34.9	364	222	8	42	400	41	394	1.92e-64	211
WP_056851707.1	iSDY_1059.SDY_4050	34.9	364	222	8	42	400	41	394	5.33e-64	210
WP_056851707.1	iYL1228.KPN_03962	34.8	365	222	9	42	400	39	393	1.03e-63	209
WP_056851707.1	iSSON_1240.SSON_3787	34.6	364	223	8	42	400	41	394	1.48e-63	209
WP_056851707.1	iPC815.YPO0059	34.2	363	226	7	42	400	46	399	2.11e-60	201
WP_056851707.1	iYS854.USA300HOU_RS02890	32.9	380	243	6	24	400	22	392	3.40e-60	200
WP_056851707.1	iAF987.Gmet_0842	33.4	365	231	6	29	390	23	378	1.79e-58	195
WP_056851708.1	iYO844.BSU16770	39.4	289	175	0	3	291	2	290	1.90e-72	224
WP_056851708.1	iLJ478.TM1521	37.9	290	173	4	4	287	2	290	5.52e-70	218
WP_056851708.1	iAF987.Gmet_0211	41.9	289	163	3	4	289	2	288	2.21e-68	214
WP_056851708.1	iYL1228.KPN_02812	41.4	292	169	2	4	294	2	292	7.49e-67	210
WP_056851708.1	STM_v1_0.STM2489	44.3	271	149	2	4	273	2	271	2.99e-66	208
WP_056851708.1	iCN900.CD630_32230	38.8	289	176	1	4	292	3	290	9.79e-65	204
WP_056851708.1	iSDY_1059.SDY_2667	41.1	292	170	2	4	294	2	292	1.90e-64	204
WP_056851708.1	iAF692.Mbar_A1150	38.3	290	175	3	4	292	2	288	7.35e-64	202
WP_056851708.1	iSbBS512_1146.SbBS512_E2850	40.8	292	171	2	4	294	2	292	7.57e-64	202
WP_056851708.1	iSSON_1240.SSON_2559	40.8	292	171	2	4	294	2	292	7.57e-64	202
WP_056851708.1	iPC815.YPO3062	40.3	293	172	3	4	294	2	293	1.10e-63	202
WP_056851709.1	iYS854.USA300HOU_RS10340	43.0	656	359	9	17	667	15	660	5.02e-175	514
WP_056851709.1	iML1515.b2411	39.0	670	401	6	5	669	3	669	1.06e-163	485
WP_056851709.1	iSDY_1059.SDY_2608	39.0	670	401	6	5	669	3	669	4.22e-163	483
WP_056851709.1	iSSON_1240.SSON_2500	38.8	670	402	6	5	669	3	669	8.42e-163	483
WP_056851709.1	iSF_1195.SF2466	38.7	670	403	6	5	669	3	669	1.89e-161	479
WP_056851709.1	STM_v1_0.STM2427	38.7	669	402	6	6	669	4	669	1.50e-160	477
WP_056851709.1	iYL1228.KPN_02758	38.3	669	405	6	6	669	4	669	9.46e-159	472
WP_056851711.1	iAM_Pv461.PVX_003910	28.6	126	74	4	2	116	382	502	4.28e-04	42.4
WP_056851711.1	iAM_Pc455.PCYB_042080	24.2	165	93	6	2	144	380	534	9.80e-04	41.2
WP_056851712.1	iYS854.USA300HOU_RS09175	45.9	429	216	8	1	425	1	417	6.31e-130	380
WP_056851712.1	iNF517.LLMG_RS02055	45.4	425	221	4	3	425	2	417	2.58e-126	371
WP_056851712.1	STM_v1_0.STM1449	45.7	427	220	6	2	425	4	421	1.39e-124	367
WP_056851712.1	iSbBS512_1146.SbBS512_E1829	45.0	427	223	6	2	425	4	421	1.97e-124	367
WP_056851712.1	iSSON_1240.SSON_1519	45.0	427	223	6	2	425	4	421	1.97e-124	367
WP_056851712.1	iSDY_1059.SDY_1860	44.7	427	224	6	2	425	4	421	1.59e-123	364
WP_056851712.1	iYL1228.KPN_01975	44.5	427	225	6	2	425	8	425	2.56e-123	364
WP_056851712.1	iPC815.YPO2369	43.5	428	228	6	2	425	4	421	7.56e-119	352
WP_056851718.1	iYL1228.KPN_00165	27.8	144	98	3	114	256	69	207	3.67e-05	47.4
WP_056851718.1	iSbBS512_1146.SbBS512_E0142	29.7	145	94	3	114	256	68	206	1.43e-04	45.4
WP_056851718.1	iSSON_1240.SSON_0162	29.7	145	94	3	114	256	68	206	1.43e-04	45.4
WP_056851718.1	STM_v1_0.STM0191	28.7	143	94	3	116	256	70	206	4.26e-04	43.9
WP_056851719.1	iCHOv1.100752162	35.0	569	330	12	168	701	276	839	1.12e-115	374
WP_056851719.1	iCHOv1.100770033	35.1	564	330	9	165	695	220	780	1.16e-110	359
WP_056851720.1	iSynCJ816.SGL_RS12820	49.1	644	305	5	30	652	110	751	5.01e-232	662
WP_056851720.1	iJN1463.PP_4058	50.0	626	307	4	31	652	111	734	3.06e-222	636
WP_056851720.1	iPC815.YPO3942	50.2	622	302	5	28	647	104	719	2.02e-215	619
WP_056851720.1	iSF_1195.SF3455	48.9	622	310	5	28	647	104	719	2.71e-213	613
WP_056851720.1	iML1515.b3432	48.6	622	312	5	28	647	104	719	4.38e-212	610
WP_056851720.1	iSSON_1240.SSON_3672	48.6	622	312	5	28	647	104	719	4.38e-212	610
WP_056851720.1	iSDY_1059.SDY_3578	48.7	622	311	5	28	647	104	719	6.20e-212	610
WP_056851720.1	iSbBS512_1146.SbBS512_E3892	48.4	622	313	5	28	647	104	719	7.07e-211	607
WP_056851720.1	STM_v1_0.STM3538	48.6	622	312	5	28	647	104	719	1.00e-210	607
WP_056851720.1	iYL1228.KPN_03798	48.6	622	312	5	28	647	104	719	1.42e-210	606
WP_056851721.1	iYL1228.KPN_04255	27.0	152	102	4	135	285	52	195	2.07e-09	60.5
WP_056851721.1	iJN1463.PP_0160	21.4	570	339	22	112	609	166	698	3.16e-09	60.1
WP_056851721.1	iML1515.b2155	27.5	142	94	3	102	239	27	163	3.38e-08	56.6
WP_056851721.1	iSSON_1240.SSON_2211	27.5	142	94	3	102	239	27	163	3.38e-08	56.6
WP_056851721.1	iYL1228.KPN_02593	21.0	568	351	20	101	611	7	533	9.97e-08	55.1
WP_056851721.1	iPC815.YPO3910	25.1	179	129	3	106	283	37	211	9.90e-08	55.1
WP_056851723.1	iPC815.YPO2157	74.3	327	81	3	3	328	7	331	1.29e-169	474
WP_056851723.1	iML1515.b1779	75.1	321	77	3	3	322	4	322	9.51e-169	472
WP_056851723.1	iSbBS512_1146.SbBS512_E2026	75.1	321	77	3	3	322	4	322	9.51e-169	472
WP_056851723.1	iSDY_1059.SDY_1488	75.1	321	77	3	3	322	4	322	9.51e-169	472
WP_056851723.1	iSF_1195.SF1444	75.1	321	77	3	3	322	4	322	9.51e-169	472
WP_056851723.1	iSSON_1240.SSON_1384	75.1	321	77	3	3	322	4	322	9.51e-169	472
WP_056851723.1	STM_v1_0.STM1290	74.1	321	80	3	3	322	4	322	4.48e-167	468
WP_056851723.1	iYL1228.KPN_01197	73.8	321	81	3	3	322	4	322	6.04e-165	462
WP_056851725.1	iYS854.USA300HOU_RS09010	50.8	325	156	3	5	328	1	322	6.00e-106	312
WP_056851725.1	iYO844.BSU29190	50.8	325	153	5	5	328	1	319	3.10e-105	310
WP_056851725.1	iCN900.CD630_33950	50.6	324	155	4	5	328	1	319	1.16e-102	303
WP_056851725.1	iLJ478.TM0209	47.1	323	167	3	5	327	1	319	7.04e-99	294
WP_056851725.1	iHN637.CLJU_RS01590	51.5	305	144	3	5	309	1	301	2.74e-98	292
WP_056851726.1	iSynCJ816.SGL_RS05525	25.8	120	72	5	28	142	31	138	6.25e-05	41.6
WP_056851727.1	iCN900.CD630_15850	27.0	159	108	4	2	153	4	161	1.65e-09	57.4
WP_056851728.1	iLJ478.TM1744	45.9	333	178	1	6	336	2	334	4.48e-93	280
WP_056851729.1	iCN718.ABAYE_RS02960	52.4	468	219	2	9	472	1	468	9.42e-166	483
WP_056851729.1	iAF987.Gmet_0984	53.2	440	205	1	13	452	4	442	2.20e-164	472
WP_056851729.1	iAF692.Mbar_A1587	53.4	438	203	1	13	450	4	440	2.19e-163	471
WP_056851729.1	iAF987.Gmet_3292	51.7	468	220	3	14	476	5	471	3.18e-158	464
WP_056851729.1	iYO844.BSU24340	53.4	444	206	1	11	453	2	445	3.81e-161	464
WP_056851729.1	iSynCJ816.SGL_RS13980	52.8	445	210	0	9	453	1	445	1.43e-160	462
WP_056851729.1	iJN1463.PP_4067	51.1	444	216	1	11	453	6	449	1.66e-156	459
WP_056851729.1	iCHOv1.100771229	50.9	444	217	1	11	453	45	488	7.08e-155	457
WP_056851729.1	iMM1415.72039	51.1	446	213	3	11	453	45	488	7.08e-155	457
WP_056851729.1	iAT_PLT_636.56922	49.5	469	235	2	11	477	49	517	4.02e-153	453
WP_056851729.1	iHN637.CLJU_RS20745	51.0	443	217	0	12	454	3	445	1.69e-156	452
WP_056851729.1	iAT_PLT_636.5095	52.0	444	211	2	13	454	65	508	1.97e-151	449
WP_056851729.1	iMM1415.110821	50.9	452	220	2	5	454	53	504	2.21e-149	444
WP_056851729.1	iYS854.USA300HOU_RS08155	49.0	443	225	1	11	452	1	443	1.17e-152	442
WP_056851729.1	iCN718.ABAYE_RS11585	49.8	460	230	1	13	471	4	463	4.10e-149	441
WP_056851729.1	iCHOv1.100765530	49.4	474	232	4	4	471	53	524	4.80e-148	440
WP_056851730.1	iNF517.LLMG_RS07705	44.4	198	105	4	1	195	1	196	2.49e-47	154
WP_056851730.1	iYO844.BSU23270	40.4	193	114	1	1	192	1	193	2.32e-42	141
WP_056851742.1	iCHOv1.100759877	35.6	208	123	7	2	204	39	240	1.51e-21	90.9
WP_056851742.1	iMM1415.77974	31.4	207	133	5	2	204	40	241	2.64e-19	84.7
WP_056851742.1	iMM1415.17252	36.3	215	113	9	2	211	39	234	3.64e-19	84.3
WP_056851742.1	iYS854.USA300HOU_RS06185	32.3	201	118	6	2	199	3	188	6.75e-19	82.4
WP_056851749.1	iJN1463.PP_0160	20.7	241	163	6	422	652	580	802	5.23e-07	52.8
WP_056851750.1	iCN718.ABAYE_RS07200	49.8	402	190	6	43	437	37	433	3.12e-139	406
WP_056851754.1	iJN1463.PP_4012	69.1	741	227	1	1	739	1	741	0.0	998
WP_056851754.1	iAF987.Gmet_1359	64.6	735	258	1	4	736	3	737	0.0	936
WP_056851757.1	iPC815.YPO3910	25.5	110	80	1	142	249	74	183	7.07e-06	49.3
WP_056851757.1	iYL1228.KPN_04255	22.7	110	83	1	142	249	63	172	4.78e-05	46.6
WP_056851767.1	iSynCJ816.SGL_RS07245	36.3	190	118	3	2	188	7	196	4.94e-30	111
WP_056851767.1	iHN637.CLJU_RS17225	37.3	185	113	3	2	183	9	193	4.77e-26	101
WP_056851769.1	iJN1463.PP_5107	46.9	213	113	0	24	236	10	222	4.68e-67	206
WP_056851769.1	iML1515.b3208	50.5	196	95	2	47	240	40	235	5.67e-59	186
WP_056851773.1	iAF987.Gmet_2255	44.7	246	127	6	19	262	415	653	1.11e-70	228
WP_056851773.1	iAF987.Gmet_2065	44.7	244	130	5	17	259	417	656	6.29e-70	226
WP_056851773.1	iAF987.Gmet_0685	44.9	243	128	5	19	259	416	654	2.46e-69	225
WP_056851773.1	iAF987.Gmet_2070	41.9	241	135	3	17	257	423	658	1.61e-65	215
WP_056851773.1	iAF987.Gmet_1714	41.4	244	140	2	12	255	416	656	1.36e-64	213
WP_056851773.1	iAF987.Gmet_2264	41.0	251	143	2	11	261	415	660	2.27e-64	212
WP_056851773.1	iAF987.Gmet_1527	46.8	237	116	6	19	255	421	647	3.95e-64	211
WP_056851774.1	iAF987.Gmet_2065	31.8	434	250	8	6	428	7	405	1.51e-57	199
WP_056851774.1	iAF987.Gmet_0685	32.0	431	242	10	12	428	9	402	3.97e-55	193
WP_056851774.1	iAF987.Gmet_2255	30.5	436	247	10	6	427	7	400	4.94e-53	187
WP_056851781.1	iAF987.Gmet_1919	34.9	106	62	3	5	105	6	109	1.41e-09	57.0
WP_056851784.1	iNF517.LLMG_RS08950	33.5	245	146	7	1	232	1	241	2.39e-27	104
WP_056851784.1	iCN900.CD630_25770	32.0	241	147	4	6	231	4	242	1.97e-25	99.8
WP_056851784.1	iLJ478.TM1724	32.8	247	148	5	1	232	1	244	2.01e-25	99.8
WP_056851784.1	iCN900.CD630_11820	33.1	239	143	6	9	232	10	246	8.17e-25	98.2
WP_056851784.1	iHN637.CLJU_RS20765	31.8	242	148	4	6	232	7	246	1.12e-24	97.8
WP_056851784.1	iEK1008.Rv1483	29.4	238	155	4	3	233	13	244	8.14e-24	95.5
WP_056851785.1	iPC815.YPO0334	36.9	360	197	7	5	359	7	341	4.57e-77	240
WP_056851785.1	iSbBS512_1146.SbBS512_E4385	36.1	360	200	7	5	359	7	341	7.16e-73	229
WP_056851785.1	iYL1228.KPN_04216	35.6	360	202	7	5	359	7	341	2.84e-72	228
WP_056851785.1	iSDY_1059.SDY_3839	35.3	360	203	7	5	359	7	341	1.13e-71	226
WP_056851785.1	iSSON_1240.SSON_4077	35.3	360	203	7	5	359	7	341	1.13e-71	226
WP_056851785.1	iML1515.b3907	35.0	360	204	7	5	359	7	341	3.17e-71	225
WP_056851785.1	STM_v1_0.STM4050	34.7	360	205	7	5	359	7	341	1.77e-70	223
WP_056851786.1	iLJ478.TM1724	32.2	267	152	6	442	702	3	246	7.64e-28	112
WP_056851786.1	iAF987.Gmet_1531	33.7	258	153	6	442	699	4	243	2.06e-27	111
WP_056851786.1	iAF987.Gmet_1601	33.2	265	152	8	442	702	3	246	6.54e-27	109
WP_056851786.1	iCN900.CD630_11820	31.2	263	161	6	442	702	4	248	2.39e-26	108
WP_056851786.1	iCN900.CD630_25770	32.3	257	154	6	445	699	4	242	5.46e-26	107
WP_056851786.1	iYL1228.KPN_02061	34.6	260	157	7	445	700	3	253	1.29e-25	106
WP_056851786.1	iCN718.ABAYE_RS09790	33.0	261	168	6	440	699	3	257	1.21e-24	103
WP_056851786.1	iML1515.b1619	32.2	258	158	5	442	699	9	249	1.97e-24	102
WP_056851787.1	iLJ478.TM1071	43.9	376	204	3	33	407	2	371	8.14e-102	307
WP_056851788.1	iHN637.CLJU_RS20995	23.8	261	179	10	10	258	8	260	4.53e-10	61.2
WP_056851790.1	iSynCJ816.SGL_RS02245	31.6	190	121	4	3	184	4	192	7.69e-27	105
WP_056851790.1	iAF987.Gmet_0469	28.4	197	138	2	3	197	6	201	2.52e-26	99.8
WP_056851790.1	iHN637.CLJU_RS17500	32.6	187	119	5	2	185	1	183	6.37e-26	98.6
WP_056851790.1	iSynCJ816.SGL_RS14390	31.1	190	126	4	2	188	3	190	1.78e-25	97.8
WP_056851791.1	iYO844.BSU02130	28.7	216	128	7	55	247	43	255	2.32e-15	74.7
WP_056851791.1	iYS854.USA300HOU_RS05595	35.7	157	81	7	15	161	18	164	2.30e-14	72.0
WP_056851794.1	iYS854.USA300HOU_RS11440	53.1	179	77	2	15	186	7	185	5.34e-58	180
WP_056851794.1	iYO844.BSU37060	53.9	178	75	2	15	185	7	184	1.90e-57	179
WP_056851796.1	iML1515.b0089	27.0	411	226	12	15	413	50	398	2.74e-29	117
WP_056851796.1	iJN1463.PP_1336	27.7	386	219	11	22	399	30	363	1.74e-26	109
WP_056851797.1	iAF987.Gmet_0928	31.2	616	370	16	2	586	12	604	1.84e-84	278
WP_056851800.1	iYO844.BSU06520	44.4	516	267	8	7	508	3	512	1.53e-137	406
WP_056851800.1	iSbBS512_1146.SbBS512_E4498	42.7	531	279	7	1	508	1	529	1.21e-132	394
WP_056851800.1	iSF_1195.SF4078	42.7	531	279	7	1	508	1	529	1.21e-132	394
WP_056851800.1	iSSON_1240.SSON_4179	42.7	531	279	7	1	508	1	529	1.21e-132	394
WP_056851800.1	iNF517.LLMG_RS05055	41.5	520	281	7	8	508	3	518	2.43e-132	393
WP_056851800.1	iSDY_1059.SDY_3720	42.7	531	279	6	1	508	1	529	4.85e-132	393
WP_056851800.1	iML1515.b4006	42.6	531	280	7	1	508	1	529	1.94e-131	391
WP_056851800.1	iYL1228.KPN_04388	42.4	531	281	7	1	508	1	529	8.74e-130	387
WP_056851800.1	STM_v1_0.STM4176	42.3	532	280	8	1	508	1	529	9.85e-129	384
WP_056851800.1	iSynCJ816.SGL_RS18300	44.0	511	270	8	10	508	5	511	2.25e-128	383
WP_056851800.1	iPC815.YPO3728	42.1	534	278	8	1	508	1	529	5.56e-128	382
WP_056851800.1	iCN718.ABAYE_RS07255	44.4	525	266	10	7	508	3	524	1.90e-127	381
WP_056851800.1	iHN637.CLJU_RS04230	42.4	514	268	7	7	508	2	499	8.86e-125	373
WP_056851800.1	iCN900.CD630_02230	41.6	514	281	7	8	508	3	510	3.96e-123	369
WP_056851800.1	iAF987.Gmet_2905	42.2	521	281	8	6	508	3	521	4.42e-122	367
WP_056851805.1	iYO844.BSU21770	59.1	408	166	1	10	416	15	422	3.84e-171	485
WP_056851805.1	iYS854.USA300HOU_RS11100	53.3	418	190	2	4	416	5	422	3.74e-154	442
WP_056851807.1	iAF987.Gmet_0043	29.8	235	147	7	353	576	39	266	3.55e-19	90.9
WP_056851808.1	iHN637.CLJU_RS19470	39.2	199	102	2	7	186	6	204	1.39e-39	133
WP_056851808.1	iAF987.Gmet_2435	51.0	145	65	3	45	186	46	187	1.68e-39	132
WP_056851808.1	iCN900.CD630_15930	40.6	192	95	2	8	180	7	198	3.21e-38	130
WP_056851808.1	iEK1008.Rv1031	41.3	189	108	2	1	186	1	189	2.42e-36	124
WP_056851808.1	iSynCJ816.SGL_RS08880	40.1	187	98	4	8	185	8	189	5.59e-35	121
WP_056851809.1	iEK1008.Rv1288	33.6	137	84	3	44	177	192	324	1.30e-16	79.0
WP_056851812.1	iLJ478.TM1641	25.2	159	101	5	34	184	17	165	2.07e-04	40.0
WP_056851815.1	iNF517.LLMG_RS04660	38.8	304	177	3	6	308	2	297	1.12e-69	222
WP_056851815.1	iCN900.CD630_26510	36.5	310	187	4	6	309	3	308	5.62e-67	216
WP_056851815.1	iYO844.BSU15220	37.0	303	188	2	6	307	2	302	3.92e-65	210
WP_056851819.1	iAF987.Gmet_0547	37.0	262	154	4	7	267	6	257	3.69e-49	163
WP_056851819.1	iCN900.CD630_35620	34.4	273	154	7	3	267	2	257	4.93e-49	162
WP_056851819.1	iYO844.BSU28390	35.3	272	148	6	6	267	5	258	2.94e-45	153
WP_056851822.1	iCN900.CD630_21360	51.1	233	114	0	7	239	9	241	1.65e-83	249
WP_056851822.1	iHN637.CLJU_RS06410	49.6	238	120	0	2	239	15	252	2.36e-83	249
WP_056851822.1	iAF987.Gmet_1254	52.7	239	113	0	7	245	4	242	7.12e-83	247
WP_056851822.1	iYO844.BSU16530	47.5	238	125	0	4	241	23	260	4.17e-75	228
WP_056851824.1	iAF987.Gmet_0941	30.3	290	187	5	2	287	3	281	8.64e-43	147
WP_056851824.1	iJN1463.PP_2012	32.9	289	183	5	3	287	26	307	5.62e-41	144
WP_056851824.1	iHN637.CLJU_RS05480	34.7	222	140	3	66	284	53	272	3.17e-39	138
WP_056851824.1	STM_v1_0.STM2683	30.4	289	189	5	3	287	8	288	7.39e-39	137
WP_056851824.1	iSDY_1059.SDY_2788	30.4	289	189	5	3	287	8	288	1.46e-38	137
WP_056851824.1	iPC815.YPO1106	33.9	230	150	2	60	287	60	289	2.09e-38	136
WP_056851824.1	iML1515.b2615	30.1	289	190	5	3	287	8	288	1.55e-37	134
WP_056851824.1	iSbBS512_1146.SbBS512_E3004	30.1	289	190	5	3	287	8	288	1.55e-37	134
WP_056851824.1	iSF_1195.SF2674	30.1	289	190	5	3	287	8	288	1.55e-37	134
WP_056851824.1	iSSON_1240.SSON_2771	30.1	289	190	5	3	287	8	288	1.55e-37	134
WP_056851824.1	iCN718.ABAYE_RS06435	33.2	235	155	2	61	293	63	297	2.74e-37	134
WP_056851825.1	iYO844.BSU29700	25.4	177	118	5	1	165	1	175	2.75e-11	60.5
WP_056851826.1	iCN718.ABAYE_RS14020	27.1	262	170	7	11	251	69	330	1.82e-21	91.3
WP_056851826.1	iEK1008.Rv3569c	28.8	260	161	5	13	248	28	287	6.15e-19	83.6
WP_056851828.1	iSDY_1059.SDY_1586	46.3	244	126	2	4	246	2	241	4.45e-71	218
WP_056851828.1	iSF_1195.SF1556	46.3	244	126	2	4	246	2	241	4.45e-71	218
WP_056851828.1	iML1515.b1539	46.3	244	126	2	4	246	2	241	8.93e-71	217
WP_056851828.1	iSSON_1240.SSON_1589	46.3	244	126	2	4	246	2	241	8.93e-71	217
WP_056851828.1	iSbBS512_1146.SbBS512_E1701	46.3	244	126	2	4	246	2	241	2.54e-70	216
WP_056851828.1	STM_v1_0.STM1511	45.9	244	127	2	4	246	2	241	7.21e-70	214
WP_056851828.1	iYL1228.KPN_01590	45.9	244	127	2	4	246	2	241	1.05e-69	214
WP_056851828.1	iJN1463.PP_4862	41.4	244	140	2	1	243	1	242	7.64e-63	197
WP_056851830.1	iAF987.Gmet_1167	45.5	244	127	4	2	243	16	255	9.73e-65	201
WP_056851832.1	iAF987.Gmet_3393	43.5	283	155	3	2	283	16	294	1.57e-70	219
WP_056851834.1	iJN1463.PP_3588	24.0	262	181	6	18	272	12	262	1.62e-12	68.2
WP_056851834.1	iYO844.BSU26590	28.0	189	133	2	10	198	4	189	2.94e-12	67.4
WP_056851835.1	iHN637.CLJU_RS10530	37.6	460	230	6	5	463	3	406	1.05e-93	296
WP_056851835.1	iHN637.CLJU_RS02325	37.2	460	232	8	5	463	3	406	8.94e-87	278
WP_056851835.1	iHN637.CLJU_RS02330	35.7	470	245	7	5	473	3	416	1.15e-83	270
WP_056851837.1	iYL1228.KPN_04152	41.6	447	238	9	3	437	5	440	6.27e-105	331
WP_056851837.1	STM_v1_0.STM3880	40.5	447	243	9	3	437	5	440	3.05e-101	321
WP_056851837.1	iML1515.b3747	40.5	447	243	9	3	437	5	440	4.28e-101	321
WP_056851837.1	iSbBS512_1146.SbBS512_E4173	40.5	447	243	9	3	437	5	440	4.28e-101	321
WP_056851837.1	iSF_1195.SF3828	40.3	447	244	9	3	437	5	440	6.00e-101	320
WP_056851837.1	iSSON_1240.SSON_3917	40.5	447	243	9	3	437	5	440	8.43e-101	320
WP_056851837.1	iJN1463.PP_1200	41.0	441	239	8	11	437	21	454	4.70e-100	318
WP_056851837.1	iPC815.YPO0006	42.1	449	236	10	2	437	3	440	3.27e-100	318
WP_056851837.1	iSDY_1059.SDY_4001	40.3	449	243	10	3	437	5	442	1.87e-99	317
WP_056851839.1	iCHOv1.100766004	43.8	201	113	0	3	203	17	217	1.00e-60	188
WP_056851840.1	iML1515.b1856	31.1	122	56	4	65	186	314	407	9.64e-08	54.3
WP_056851840.1	iAF987.Gmet_3012	28.2	131	59	5	64	187	49	151	1.75e-07	51.6
WP_056851841.1	iPC815.YPO3064	43.4	152	86	0	1	152	2	153	7.12e-44	141
WP_056851841.1	iYL1228.KPN_02814	44.7	150	83	0	1	150	1	150	7.95e-43	139
WP_056851841.1	iML1515.b2480	44.7	150	83	0	1	150	1	150	1.60e-42	138
WP_056851841.1	iSbBS512_1146.SbBS512_E2852	44.7	150	83	0	1	150	1	150	1.60e-42	138
WP_056851841.1	iSDY_1059.SDY_2669	44.7	150	83	0	1	150	1	150	1.60e-42	138
WP_056851841.1	iSF_1195.SF2523	44.7	150	83	0	1	150	1	150	1.60e-42	138
WP_056851841.1	iSSON_1240.SSON_2561	44.7	150	83	0	1	150	1	150	1.60e-42	138
WP_056851842.1	iAF987.Gmet_0551	49.3	272	134	3	5	276	6	273	7.82e-81	244
WP_056851842.1	iCN900.CD630_34600	48.5	270	133	4	6	274	5	269	1.36e-78	239
WP_056851842.1	iHN637.CLJU_RS01495	46.4	274	143	3	1	274	1	270	3.74e-78	238
WP_056851842.1	iCN900.CD630_23220	46.1	267	140	3	8	274	4	266	5.58e-74	227
WP_056851843.1	iHN637.CLJU_RS01500	50.5	307	151	1	12	317	7	313	6.91e-103	303
WP_056851843.1	iCN900.CD630_34590	50.2	307	153	0	12	318	6	312	1.39e-102	303
WP_056851843.1	iAF987.Gmet_0552	48.0	306	159	0	12	317	7	312	9.40e-101	298
WP_056851843.1	iCN900.CD630_23210	48.8	303	154	1	12	314	5	306	1.25e-96	287
WP_056851852.1	iAF692.Mbar_A0871	39.5	382	197	13	18	387	41	400	3.52e-80	251
WP_056851852.1	iML1515.b3073	39.6	376	201	9	32	389	76	443	3.31e-79	251
WP_056851852.1	iSF_1195.SF3114	39.4	376	202	9	32	389	46	413	5.76e-79	249
WP_056851852.1	iSSON_1240.SSON_3211	39.1	376	203	9	32	389	113	480	3.74e-77	246
WP_056851852.1	iYL1228.KPN_03501	39.3	369	202	8	32	382	46	410	1.26e-77	246
WP_056851852.1	STM_v1_0.STM3218	39.3	377	203	9	32	390	46	414	7.03e-77	244
WP_056851852.1	iLJ478.TM1785	37.4	377	215	9	24	389	14	380	2.79e-74	236
WP_056851852.1	iYS854.USA300HOU_RS00975	38.3	397	200	15	19	390	18	394	1.11e-72	232
WP_056851852.1	iYO844.BSU11220	37.5	368	213	8	22	383	13	369	7.44e-71	227
WP_056851853.1	iAF987.Gmet_0069	34.1	129	70	5	39	157	42	165	1.96e-11	62.0
WP_056851853.1	iAF987.Gmet_1919	29.6	152	102	3	3	151	5	154	6.27e-10	57.8
WP_056851858.1	iCHOv1.100756635	28.8	430	264	14	82	480	94	512	5.00e-43	159
WP_056851858.1	iMM1415.14466	28.7	428	267	14	82	480	94	512	4.46e-41	153
WP_056851861.1	iNF517.LLMG_RS12010	34.4	212	123	6	7	217	82	278	9.70e-22	90.5
WP_056851861.1	iNF517.LLMG_RS07670	29.4	228	147	6	7	228	78	297	3.99e-19	83.6
WP_056851862.1	iAF987.Gmet_1642	46.3	257	138	0	15	271	10	266	4.32e-88	262
WP_056851862.1	iCN900.CD630_15130	45.2	261	143	0	11	271	4	264	6.37e-82	247
WP_056851862.1	iLJ478.TM1728	48.2	257	131	2	15	271	6	260	1.43e-79	241
WP_056851862.1	iEK1008.Rv2225	46.0	263	141	1	9	271	20	281	4.06e-79	240
WP_056851863.1	iSynCJ816.SGL_RS17390	46.1	373	182	3	8	365	8	376	1.52e-106	317
WP_056851863.1	iLJ478.TM0558	45.6	386	180	3	9	365	5	389	2.23e-105	315
WP_056851863.1	iAF987.Gmet_1771	46.4	373	183	3	7	365	1	370	2.52e-105	314
WP_056851863.1	iYL1228.KPN_00040	45.6	373	185	4	9	365	14	384	2.46e-104	312
WP_056851863.1	STM_v1_0.STM0066	45.3	373	186	4	9	365	5	375	1.49e-103	310
WP_056851863.1	iML1515.b0032	45.0	373	187	4	9	365	5	375	8.43e-103	308
WP_056851863.1	iSbBS512_1146.SbBS512_E0036	45.0	373	187	4	9	365	5	375	8.43e-103	308
WP_056851863.1	iSSON_1240.SSON_0037	45.0	373	187	4	9	365	5	375	8.43e-103	308
WP_056851863.1	iSF_1195.SF0029	45.0	373	187	4	9	365	5	375	1.69e-102	307
WP_056851863.1	iSDY_1059.SDY_0054	44.8	373	188	4	9	365	5	375	3.38e-102	306
WP_056851863.1	iPC815.YPO0481	44.5	373	189	3	9	365	5	375	6.35e-102	306
WP_056851863.1	iHN637.CLJU_RS02150	44.3	357	185	5	7	361	1	345	1.98e-98	295
WP_056851863.1	iJN1463.PP_4724	45.6	373	185	3	8	364	4	374	4.96e-98	295
WP_056851863.1	iCN718.ABAYE_RS04535	43.6	374	193	5	8	365	4	375	5.81e-97	293
WP_056851863.1	iHN637.CLJU_RS12425	45.1	357	187	5	9	364	3	351	3.41e-95	287
WP_056851864.1	iCN900.CD630_16140	37.4	257	141	4	2	251	19	262	1.68e-43	147
WP_056851864.1	iEK1008.Rv2936	38.0	205	122	1	21	220	23	227	4.77e-42	145
WP_056851864.1	iCHOv1.100761226	36.9	225	133	4	8	224	899	1122	5.04e-37	138
WP_056851864.1	iMM1415.11303	36.9	225	133	4	8	224	899	1122	6.85e-37	137
WP_056851869.1	iHN637.CLJU_RS16970	47.3	334	167	3	12	341	9	337	7.09e-108	318
WP_056851869.1	iAF987.Gmet_1415	52.8	320	143	4	24	341	25	338	2.39e-106	314
WP_056851869.1	iCN900.CD630_06990	46.5	344	175	3	2	341	1	339	1.30e-103	307
WP_056851869.1	iYS854.USA300HOU_RS05690	47.6	334	164	4	17	344	18	346	2.58e-101	302
WP_056851869.1	iJN1463.PP_2469	46.0	326	168	3	19	342	19	338	3.77e-100	298
WP_056851869.1	iNF517.LLMG_RS11030	46.1	347	175	4	2	341	3	344	2.81e-96	289
WP_056851870.1	iPC815.YPO0059	62.2	389	145	1	9	395	14	402	2.14e-177	499
WP_056851870.1	iML1515.b3617	61.7	389	147	1	9	395	9	397	1.70e-175	494
WP_056851870.1	iSF_1195.SF3657	61.7	389	147	1	9	395	9	397	1.70e-175	494
WP_056851870.1	iSDY_1059.SDY_4050	61.7	389	147	1	9	395	9	397	2.41e-175	494
WP_056851870.1	iYL1228.KPN_03962	62.0	389	145	2	9	395	9	396	3.29e-175	493
WP_056851870.1	iSbBS512_1146.SbBS512_E4045	61.4	389	148	1	9	395	9	397	6.87e-175	493
WP_056851870.1	iSSON_1240.SSON_3787	61.4	389	148	1	9	395	9	397	1.38e-174	492
WP_056851870.1	STM_v1_0.STM3709	61.4	389	148	1	9	395	9	397	1.96e-174	491
WP_056851870.1	iIS312.TCDM_09537	56.9	392	167	2	5	394	13	404	7.44e-159	452
WP_056851876.1	iYO844.BSU30540	32.0	597	353	17	1	566	1	575	3.31e-77	256
WP_056851877.1	iEK1008.Rv2188c	33.7	166	97	3	172	330	185	344	3.62e-16	79.0
WP_056851877.1	iYO844.BSU35730	29.7	165	111	3	194	357	353	513	2.25e-13	71.2
WP_056851878.1	iJN1463.PP_1778	27.1	269	173	7	25	284	8	262	1.58e-27	107
WP_056851882.1	iJN1463.PP_1779	46.7	199	105	1	63	261	38	235	3.20e-51	177
WP_056851882.1	iNF517.LLMG_RS08170	41.0	222	123	4	63	278	45	264	2.79e-50	176
WP_056851886.1	iSbBS512_1146.SbBS512_E4050	33.3	114	67	3	4	117	8	112	1.02e-11	64.3
WP_056851886.1	iSSON_1240.SSON_3782	33.3	114	67	3	4	117	8	112	1.02e-11	64.3
WP_056851887.1	iCHOv1.100763494	25.2	103	61	3	42	128	151	253	4.47e-04	40.4
WP_056851888.1	iYO844.BSU35680	28.0	175	115	4	4	167	11	185	1.98e-12	66.6
WP_056851888.1	iYO844.BSU35550	27.4	215	150	4	3	213	8	220	7.66e-13	66.2
WP_056851888.1	iSbBS512_1146.SbBS512_E4050	30.3	185	112	8	3	175	8	187	1.41e-12	66.2
WP_056851888.1	iSSON_1240.SSON_3782	30.3	185	112	8	3	175	8	187	1.41e-12	66.2
WP_056851890.1	iSbBS512_1146.SbBS512_E1190	23.1	234	134	7	330	541	3	212	2.97e-09	58.9
WP_056851890.1	iCHOv1.100753544	24.4	287	162	9	43	316	44	288	1.83e-07	53.1
WP_056851893.1	iSynCJ816.SGL_RS12975	22.2	225	144	5	200	406	173	384	2.48e-10	61.6
WP_056851893.1	iLB1027_lipid.PHATRDRAFT_50356	23.9	213	148	5	203	406	220	427	1.25e-09	59.7
WP_056851897.1	iYO844.BSU35550	28.8	226	129	8	9	222	8	213	2.69e-09	56.6
WP_056851897.1	iSbBS512_1146.SbBS512_E4050	27.0	196	123	8	9	196	8	191	1.86e-07	51.6
WP_056851897.1	iSSON_1240.SSON_3782	27.0	196	123	8	9	196	8	191	1.86e-07	51.6
WP_056851899.1	iEK1008.Rv3032	24.1	294	199	8	114	396	110	390	9.63e-12	65.9
WP_056851902.1	iJN1463.PP_4944	33.9	593	349	19	3	574	5	575	1.41e-82	269
WP_056851907.1	iYO844.BSU03070	27.9	419	279	7	7	414	14	420	3.09e-44	162
WP_056851911.1	iEK1008.Rv2900c	48.9	754	376	5	21	768	26	776	6.73e-262	744
WP_056851912.1	iJN1463.PP_3944	26.2	347	215	7	2	335	6	324	1.06e-18	86.3
WP_056851912.1	iCN718.ABAYE_RS01180	26.6	394	206	17	1	362	1	343	6.64e-18	84.0
WP_056851912.1	iYL1228.KPN_01663	23.4	389	224	13	1	362	1	342	1.78e-16	79.7
WP_056851916.1	iJN1463.PP_0525	27.5	160	103	6	154	307	59	211	6.63e-05	46.6
WP_056851918.1	STM_v1_0.STM4425	25.8	159	108	4	34	190	3	153	1.13e-07	53.1
WP_056851930.1	iIT341.HP0742	53.6	304	140	1	9	311	14	317	1.32e-102	303
WP_056851930.1	iCN900.CD630_35140	51.8	309	144	3	8	311	8	316	4.91e-97	288
WP_056851930.1	iJN1463.PP_0722	50.6	308	147	3	10	312	6	313	1.45e-95	285
WP_056851930.1	iYO844.BSU00510	51.1	307	147	2	8	311	10	316	5.37e-94	281
WP_056851930.1	iHN637.CLJU_RS20580	50.0	310	149	3	8	311	8	317	8.11e-94	280
WP_056851930.1	iSynCJ816.SGL_RS15555	48.9	311	155	3	6	312	20	330	1.32e-92	278
WP_056851930.1	iYL1228.KPN_02238	49.4	310	151	4	8	311	1	310	5.98e-92	275
WP_056851930.1	iML1515.b1207	49.7	310	150	4	8	311	4	313	1.32e-91	275
WP_056851930.1	STM_v1_0.STM1780	49.7	310	150	4	8	311	4	313	1.32e-91	275
WP_056851930.1	iSDY_1059.SDY_1256	49.7	310	150	4	8	311	4	313	1.32e-91	275
WP_056851930.1	iSSON_1240.SSON_1971	49.7	310	150	4	8	311	4	313	1.32e-91	275
WP_056851930.1	iSF_1195.SF1210	49.7	310	150	4	8	311	4	313	1.87e-91	274
WP_056851930.1	iNF517.LLMG_RS08760	50.2	317	152	3	3	313	1	317	3.53e-91	274
WP_056851930.1	iSbBS512_1146.SbBS512_E1371	49.4	310	151	4	8	311	4	313	3.75e-91	273
WP_056851930.1	iPC815.YPO2013	49.7	310	150	4	8	311	4	313	3.75e-91	273
WP_056851938.1	iAF987.Gmet_2161	40.1	217	110	7	46	254	387	591	6.35e-36	134
WP_056851939.1	iHN637.CLJU_RS06465	33.9	333	200	11	6	335	5	320	7.03e-51	171
WP_056851940.1	iAF987.Gmet_2161	29.3	147	69	6	177	311	467	590	3.81e-08	54.3
WP_056851943.1	iCHOv1.100750552	24.9	441	275	13	117	552	114	503	3.50e-39	151
WP_056851943.1	iMM1415.15211	24.4	451	265	13	117	552	114	503	8.78e-39	150
WP_056851943.1	iCHOv1.100756951	24.7	429	253	13	117	534	121	490	1.29e-35	140
WP_056851943.1	iMM1415.15212	25.2	448	267	14	117	554	126	515	3.54e-35	139
WP_056851944.1	iJN1463.PP_3598	31.8	198	122	6	44	234	67	258	1.55e-25	100
WP_056851949.1	iYS854.USA300HOU_RS04580	51.1	282	135	2	12	290	7	288	3.63e-100	295
WP_056851949.1	iJN1463.PP_4800	49.3	280	139	2	12	288	50	329	2.26e-96	287
WP_056851949.1	iML1515.b0628	48.1	291	144	4	4	287	22	312	4.76e-89	268
WP_056851949.1	iSDY_1059.SDY_0550	48.1	291	144	4	4	287	22	312	4.76e-89	268
WP_056851949.1	iSF_1195.SF0653	48.1	291	144	4	4	287	22	312	4.76e-89	268
WP_056851949.1	iSSON_1240.SSON_0582	48.1	291	144	4	4	287	22	312	4.76e-89	268
WP_056851949.1	iSbBS512_1146.SbBS512_E0542	49.1	277	137	3	15	287	36	312	6.74e-89	267
WP_056851951.1	iJN1463.PP_0751	57.8	469	196	2	12	480	6	472	5.29e-196	555
WP_056851951.1	iYS854.USA300HOU_RS12800	54.2	493	223	2	7	499	2	491	1.75e-189	538
WP_056851951.1	iSDY_1059.SDY_0866	54.1	479	220	0	1	479	20	498	6.90e-188	536
WP_056851951.1	iML1515.b2210	54.1	479	220	0	1	479	20	498	9.77e-188	535
WP_056851951.1	iSbBS512_1146.SbBS512_E0730	54.1	479	220	0	1	479	20	498	9.77e-188	535
WP_056851951.1	iSSON_1240.SSON_2268	54.1	479	220	0	1	479	20	498	9.77e-188	535
WP_056851951.1	iJN1463.PP_2925	53.8	487	224	1	14	500	32	517	4.40e-184	526
WP_056851951.1	iYL1228.KPN_02629	52.1	497	236	2	4	499	19	514	1.48e-183	525
WP_056851951.1	iJN1463.PP_1251	53.9	466	215	0	14	479	12	477	1.79e-180	516
WP_056851953.1	iYS854.USA300HOU_RS09385	49.0	145	73	1	19	163	9	152	3.88e-40	132
WP_056851953.1	iNF517.LLMG_RS07695	47.6	143	74	1	21	163	12	153	3.14e-39	130
WP_056851953.1	iCN900.CD630_16970	45.4	141	76	1	19	159	9	148	3.49e-38	127
WP_056851953.1	iHN637.CLJU_RS10825	48.6	138	68	2	23	159	14	149	1.60e-36	123
WP_056851953.1	iAF987.Gmet_1627	48.1	133	68	1	23	155	15	146	2.74e-35	120
WP_056851956.1	iAF987.Gmet_1919	35.6	149	88	4	4	146	6	152	1.91e-14	70.9
WP_056851965.1	iAF987.Gmet_0887	24.9	334	220	10	28	351	39	351	2.86e-21	97.1
WP_056851966.1	iSynCJ816.SGL_RS02965	38.6	233	140	3	1	232	1	231	1.95e-44	149
WP_056851966.1	STM_v1_0.STM2578	38.2	228	138	3	4	230	6	231	1.81e-42	144
WP_056851966.1	iML1515.b2564	39.3	229	134	4	4	230	6	231	7.18e-42	142
WP_056851966.1	iSbBS512_1146.SbBS512_E2929	39.3	229	134	4	4	230	6	231	7.18e-42	142
WP_056851966.1	iSDY_1059.SDY_2805	39.3	229	134	4	4	230	6	231	7.18e-42	142
WP_056851966.1	iSF_1195.SF2626	39.3	229	134	4	4	230	6	231	7.18e-42	142
WP_056851966.1	iSSON_1240.SSON_2688	38.9	229	135	4	4	230	6	231	1.01e-41	142
WP_056851966.1	iAF987.Gmet_1885	37.9	232	141	3	1	231	1	230	3.60e-41	140
WP_056851966.1	iJN1463.PP_1436	38.3	235	128	6	4	230	9	234	1.71e-40	139
WP_056851966.1	iYL1228.KPN_02889	37.3	228	140	3	4	230	6	231	6.25e-40	137
WP_056851966.1	iCN718.ABAYE_RS05235	34.1	229	148	3	4	231	5	231	2.34e-39	135
WP_056851966.1	iPC815.YPO2930	38.2	228	138	3	4	230	6	231	2.47e-39	135
WP_056851969.1	iSynCJ816.SGL_RS11955	58.9	953	384	6	9	954	31	982	0.0	1098
WP_056851969.1	iJN1463.PP_0988	56.2	956	411	5	1	954	1	950	0.0	1068
WP_056851969.1	iJN1463.PP_5192	56.8	949	395	9	11	952	16	956	0.0	1032
WP_056851969.1	iLB1027_lipid.PHATRDRAFT_22187	54.2	971	416	11	8	955	34	998	0.0	1008
WP_056851969.1	iSF_1195.SF2889	55.7	948	409	9	11	952	14	956	0.0	1005
WP_056851969.1	iSSON_1240.SSON_3056	55.7	948	409	9	11	952	14	956	0.0	1005
WP_056851969.1	iSDY_1059.SDY_3178	55.7	948	409	9	11	952	14	956	0.0	1003
WP_056851969.1	STM_v1_0.STM3053	55.0	955	405	9	11	952	14	956	0.0	1003
WP_056851969.1	iML1515.b2903	55.7	948	409	9	11	952	14	956	0.0	1003
WP_056851969.1	iSbBS512_1146.SbBS512_E3324	55.4	948	412	9	11	952	14	956	0.0	999
WP_056851969.1	iMM1415.104174	54.0	952	426	8	9	952	66	1013	0.0	998
WP_056851971.1	iYS854.USA300HOU_RS05260	26.7	315	197	12	26	332	78	366	2.24e-21	94.0
WP_056851974.1	iAF987.Gmet_1282	57.3	239	102	0	1	239	8	246	1.71e-93	274
WP_056851974.1	iJN1463.PP_0953	56.3	238	103	1	3	239	4	241	9.01e-90	265
WP_056851974.1	iML1515.b3201	54.2	238	108	1	3	239	4	241	3.64e-89	263
WP_056851974.1	iSbBS512_1146.SbBS512_E3569	54.2	238	108	1	3	239	4	241	3.64e-89	263
WP_056851974.1	iSDY_1059.SDY_3382	54.2	238	108	1	3	239	4	241	3.64e-89	263
WP_056851974.1	iSF_1195.SF3241	54.2	238	108	1	3	239	4	241	3.64e-89	263
WP_056851974.1	iSSON_1240.SSON_3349	54.2	238	108	1	3	239	4	241	3.64e-89	263
WP_056851977.1	iHN637.CLJU_RS03010	35.8	53	29	2	74	121	210	262	3.73e-04	38.9
WP_056851980.1	iYL1228.KPN_03587	47.0	268	138	3	15	280	5	270	3.46e-76	233
WP_056851980.1	iML1515.b3177	45.9	268	141	3	15	280	5	270	1.39e-75	231
WP_056851980.1	iSF_1195.SF3217	45.9	268	141	3	15	280	20	285	2.21e-75	231
WP_056851980.1	iSSON_1240.SSON_3325	45.9	268	141	3	15	280	20	285	2.21e-75	231
WP_056851980.1	iSbBS512_1146.SbBS512_E3593	45.5	268	142	3	15	280	5	270	2.79e-75	231
WP_056851980.1	iLJ478.TM0040	44.0	266	147	2	18	282	9	273	3.48e-75	230
WP_056851980.1	STM_v1_0.STM3295	45.5	268	142	3	15	280	5	270	1.12e-74	229
WP_056851980.1	iSDY_1059.SDY_3358	45.5	268	142	3	15	280	20	285	2.52e-74	229
WP_056851980.1	iPC815.YPO3501	43.7	270	148	3	13	280	3	270	4.98e-72	222
WP_056851980.1	iJN1463.PP_4717	45.0	269	144	3	18	284	15	281	4.95e-68	212
WP_056851982.1	STM_v1_0.STM0850	32.4	349	191	5	1	349	1	304	4.05e-54	179
WP_056851982.1	iML1515.b0831	32.7	349	190	5	1	349	1	304	5.70e-54	179
WP_056851982.1	iSDY_1059.SDY_0756	32.7	349	190	5	1	349	1	304	5.70e-54	179
WP_056851982.1	iSSON_1240.SSON_0813	32.7	349	190	5	1	349	1	304	8.02e-54	179
WP_056851982.1	iML1515.b1486	35.7	353	175	6	14	348	16	334	2.78e-53	178
WP_056851982.1	iYL1228.KPN_00864	32.9	350	188	5	1	349	1	304	1.13e-53	178
WP_056851982.1	iSF_1195.SF0781	32.7	349	190	5	1	349	1	304	3.14e-53	177
WP_056851982.1	iSbBS512_1146.SbBS512_E2517	32.7	349	190	4	1	349	1	304	4.42e-53	177
WP_056851982.1	iSSON_1240.SSON_1638	35.4	353	176	6	14	348	16	334	1.08e-52	177
WP_056851982.1	iML1515.b3543	33.7	368	193	8	1	349	1	336	5.79e-52	175
WP_056851982.1	iSDY_1059.SDY_4566	33.7	368	193	8	1	349	1	336	5.79e-52	175
WP_056851982.1	iSSON_1240.SSON_3847	33.7	368	193	8	1	349	1	336	5.79e-52	175
WP_056851982.1	iSF_1195.SF3578	33.4	368	194	8	1	349	1	336	1.61e-51	174
WP_056851982.1	iYL1228.KPN_03898	33.4	368	194	8	1	349	1	336	2.44e-50	171
WP_056851982.1	STM_v1_0.STM3629	32.9	368	196	8	1	349	1	336	6.74e-50	169
WP_056851982.1	iJN1463.PP_0881	32.3	347	189	4	18	349	18	333	1.33e-48	166
WP_056851982.1	iAF692.Mbar_A0469	34.0	338	175	5	15	349	15	307	3.65e-48	164
WP_056851982.1	iYO844.BSU12930	34.1	340	172	7	16	350	12	304	1.39e-47	162
WP_056851983.1	iAF987.Gmet_0977	37.8	148	89	1	16	163	15	159	4.11e-24	92.8
WP_056851983.1	iIT341.HP0157	38.1	155	78	7	16	164	4	146	6.48e-22	86.7
WP_056851983.1	iSynCJ816.SGL_RS03075	37.2	156	91	3	16	171	15	163	2.40e-21	85.9
WP_056851983.1	iYL1228.KPN_03761	33.7	166	103	3	16	180	7	166	2.34e-21	85.5
WP_056851983.1	STM_v1_0.STM3487	33.7	166	103	3	16	180	7	166	3.30e-21	85.1
WP_056851984.1	iYS854.USA300HOU_RS13915	29.2	490	323	6	7	485	6	482	1.20e-63	214
WP_056851984.1	iYS854.USA300HOU_RS13900	28.1	505	337	10	4	492	1	495	5.35e-62	210
WP_056851990.1	iCN900.CD630_25950	32.1	165	103	3	7	162	7	171	1.06e-19	80.9
WP_056851990.1	iHN637.CLJU_RS05275	34.6	156	95	3	6	154	6	161	2.93e-19	79.7
WP_056851990.1	iYS854.USA300HOU_RS06020	33.7	175	106	4	3	168	2	175	5.53e-19	79.0
WP_056851990.1	iSynCJ816.SGL_RS14540	34.7	176	105	4	1	167	1	175	8.28e-19	78.6
WP_056851992.1	iYS854.USA300HOU_RS13910	26.3	251	171	8	31	276	32	273	3.73e-10	60.5
WP_056851994.1	iIT341.HP0400	33.5	275	179	1	5	279	1	271	2.45e-47	159
WP_056851994.1	iAF987.Gmet_0866	30.4	280	187	2	5	281	1	275	8.46e-47	157
WP_056851994.1	iCN900.CD630_18180	30.4	280	188	5	5	280	1	277	2.18e-46	156
WP_056851995.1	iSynCJ816.SGL_RS06460	23.8	223	125	11	31	223	47	254	4.33e-06	46.2
WP_056851996.1	iJN1463.PP_0744	41.8	337	190	5	1	334	1	334	3.85e-78	242
WP_056851996.1	iSDY_1059.SDY_0444	39.1	338	177	4	2	335	4	316	1.28e-74	232
WP_056851996.1	iML1515.b0475	38.8	338	178	4	2	335	4	316	2.56e-74	231
WP_056851996.1	STM_v1_0.STM0489	39.5	334	173	4	2	331	4	312	2.56e-74	231
WP_056851996.1	iSF_1195.SF0420	38.8	338	178	4	2	335	4	316	2.56e-74	231
WP_056851996.1	iSbBS512_1146.SbBS512_E0408	38.8	338	178	4	2	335	4	316	3.61e-74	231
WP_056851996.1	iSSON_1240.SSON_0462	38.8	338	178	4	2	335	4	316	7.21e-74	230
WP_056851996.1	iPC815.YPO3117	36.5	337	189	3	2	336	4	317	2.29e-72	226
WP_056851997.1	iPC815.YPO3953	51.3	154	75	0	5	158	6	159	3.45e-50	158
WP_056851997.1	iML1515.b4268	47.8	161	84	0	6	166	7	167	3.63e-49	156
WP_056851997.1	iSSON_1240.SSON_4453	47.8	161	84	0	6	166	7	167	3.63e-49	156
WP_056851997.1	STM_v1_0.STM4485	48.0	152	79	0	6	157	7	158	6.01e-48	153
WP_056851997.1	iML1515.b3437	46.4	153	82	0	6	158	12	164	8.80e-45	145
WP_056851997.1	iCN718.ABAYE_RS16310	51.4	138	67	0	5	142	3	140	1.52e-44	144
WP_056851997.1	iYL1228.KPN_03801	45.8	153	83	0	6	158	27	179	8.04e-44	143
WP_056851997.1	STM_v1_0.STM3542	45.8	153	83	0	6	158	12	164	5.33e-44	143
WP_056851997.1	iSF_1195.SF3459	47.0	151	80	0	8	158	1	151	3.41e-44	143
WP_056851998.1	iPC815.YPO0055	29.0	310	207	7	51	350	51	357	2.98e-27	112
WP_056851998.1	iSDY_1059.SDY_4063	26.8	370	228	11	27	364	20	378	2.30e-25	106
WP_056851998.1	STM_v1_0.STM3724	27.2	349	218	10	27	350	20	357	4.26e-25	105
WP_056851998.1	iYL1228.KPN_03972	28.2	312	207	8	51	350	50	356	1.06e-24	104
WP_056851998.1	iML1515.b3633	26.6	349	220	10	27	350	20	357	1.46e-24	104
WP_056851998.1	iSF_1195.SF3672	26.6	349	220	10	27	350	20	357	1.46e-24	104
WP_056851998.1	iSSON_1240.SSON_3774	26.6	349	220	10	27	350	20	357	1.46e-24	104
WP_056851998.1	iSbBS512_1146.SbBS512_E4058	26.6	349	220	10	27	350	20	357	6.77e-24	102
WP_056851999.1	iAF987.Gmet_1430	57.1	443	179	3	1	432	1	443	1.79e-181	513
WP_056852000.1	iAF987.Gmet_1431	55.2	308	135	2	5	311	2	307	7.43e-120	347
WP_056852000.1	iCHOv1.100763471	53.7	307	140	1	3	309	49	353	5.78e-113	332
WP_056852000.1	iMM1415.67883	53.7	307	140	1	3	309	88	392	2.01e-112	332
WP_056852000.1	iSynCJ816.SGL_RS09825	53.3	306	141	1	5	310	2	305	7.55e-114	332
WP_056852001.1	iCN900.CD630_27140	49.1	334	157	6	4	332	3	328	8.11e-108	318
WP_056852001.1	iYO844.BSU38860	49.4	334	156	6	4	332	3	328	3.23e-105	311
WP_056852001.1	iMM1415.74246	45.5	341	174	4	1	333	1	337	7.16e-101	300
WP_056852001.1	iCHOv1.100759306	45.1	339	174	4	3	333	20	354	7.99e-99	296
WP_056852001.1	iPC815.YPO1139	44.4	331	178	3	4	332	3	329	3.49e-99	296
WP_056852001.1	iAT_PLT_636.2582	44.5	339	176	4	3	333	4	338	1.93e-98	294
WP_056852001.1	iYL1228.KPN_00773	42.2	332	186	3	3	332	2	329	7.98e-98	292
WP_056852001.1	iSSON_1240.SSON_0711	42.6	333	183	4	3	332	2	329	4.54e-97	290
WP_056852001.1	iSbBS512_1146.SbBS512_E0680	42.6	333	183	4	3	332	2	329	6.43e-97	290
WP_056852001.1	iML1515.b0759	42.3	333	184	4	3	332	2	329	1.29e-96	289
WP_056852001.1	iSF_1195.SF0545	42.3	333	184	4	3	332	2	329	3.66e-96	288
WP_056852001.1	iSDY_1059.SDY_0706	42.3	333	184	4	3	332	2	329	5.18e-96	288
WP_056852004.1	iJN1463.PP_4210	37.5	272	155	10	144	409	392	654	7.98e-35	135
WP_056852005.1	iAF987.Gmet_3251	64.8	514	173	3	8	513	31	544	1.68e-227	637
WP_056852012.1	iNF517.LLMG_RS07275	24.9	197	116	6	77	247	54	244	1.17e-07	53.9
WP_056852021.1	iAM_Pc455.PCYB_122070	37.3	102	60	2	43	140	48	149	8.45e-09	53.5
WP_056852021.1	iAM_Pv461.PVX_083045	36.3	102	61	2	43	140	54	155	5.51e-08	51.2
WP_082454864.1	iAF692.Mbar_A1452	34.2	701	399	10	3	694	6	653	7.42e-122	378
WP_082454864.1	iYS854.USA300HOU_RS13840	35.2	714	381	16	7	699	6	658	1.23e-110	348
WP_082454864.1	iHN637.CLJU_RS06865	34.2	723	397	16	2	699	5	673	1.58e-108	343
WP_082454869.1	iAF987.Gmet_3529	33.0	279	149	9	43	305	23	279	1.23e-28	114
WP_082454877.1	iAF987.Gmet_2529	27.1	417	294	5	46	455	50	463	1.32e-37	146
WP_082454879.1	iJN1463.PP_0106	27.3	128	91	2	57	183	165	291	1.46e-08	52.8
WP_082454879.1	iCHOv1.3979189	23.9	176	116	5	19	182	85	254	3.20e-08	51.6
WP_082454879.1	iSynCJ816.SGL_RS05550	27.6	181	116	6	10	182	26	199	5.49e-08	50.4
WP_082454886.1	iJN1463.PP_4209	33.2	250	148	4	27	276	33	263	3.22e-08	55.1
WP_082454886.1	iAF987.Gmet_3508	23.6	314	193	11	29	340	81	349	7.72e-07	50.8
WP_082454890.1	iYS854.USA300HOU_RS09130	33.3	126	79	3	34	155	3	127	2.11e-15	73.9
WP_082454890.1	iYS854.USA300HOU_RS05595	29.9	224	132	7	43	248	48	264	5.83e-15	73.6
WP_082454890.1	iYS854.USA300HOU_RS04760	38.6	101	60	2	13	112	27	126	2.73e-14	71.6
WP_082454890.1	iNF517.LLMG_RS00415	36.3	135	76	3	38	164	34	166	7.42e-14	70.1
WP_082454890.1	iYO844.BSU02130	47.2	72	38	0	41	112	38	109	3.73e-13	68.2
WP_082454892.1	iAF987.Gmet_0043	22.1	398	262	7	834	1223	41	398	2.91e-19	93.2
WP_082454894.1	iHN637.CLJU_RS10220	31.1	270	179	4	123	390	48	312	8.28e-37	135
WP_082454894.1	iNF517.LLMG_RS11535	30.0	297	175	6	113	391	38	319	1.27e-34	130
WP_082454896.1	iSDY_1059.SDY_0759	49.4	318	152	3	25	341	3	312	8.82e-96	286
WP_082454896.1	iML1515.b0828	49.4	318	152	3	25	341	3	312	1.25e-95	286
WP_082454896.1	iSF_1195.SF0778	49.1	318	153	3	25	341	3	312	1.01e-94	284
WP_082454896.1	iSSON_1240.SSON_0810	49.1	318	153	3	25	341	3	312	1.43e-94	283
WP_082454896.1	iSbBS512_1146.SbBS512_E2520	48.7	318	154	3	25	341	3	312	8.11e-94	281
WP_082454896.1	STM_v1_0.STM0847	48.1	318	156	3	25	341	3	312	7.16e-93	279
WP_082454896.1	iYL1228.KPN_00861	47.5	318	158	3	25	341	3	312	1.01e-92	278
WP_082454906.1	iJN1463.PP_4210	25.9	413	275	11	9	414	265	653	2.68e-27	114
WP_082454928.1	iAF692.Mbar_A3318	27.9	190	131	3	20	209	32	215	2.06e-18	79.7
WP_082454928.1	iYO844.BSU38290	30.4	194	119	6	23	209	32	216	3.02e-16	73.9
WP_082454937.1	iEK1008.Rv3569c	31.7	142	90	4	31	169	5	142	2.18e-12	66.2
WP_082454937.1	iEK1008.Rv3617	37.8	90	54	1	70	157	30	119	9.56e-11	61.6
WP_082454937.1	iEK1008.Rv1938	37.2	94	57	1	66	157	27	120	1.49e-10	61.2
WP_082454962.1	iAF692.Mbar_A1138	30.9	139	82	2	116	253	63	188	1.44e-15	77.0
WP_082454973.1	iJN1463.PP_1801	24.5	375	253	7	38	393	14	377	1.23e-26	109
WP_082454973.1	STM_v1_0.STM2086	29.6	240	150	4	117	356	99	319	1.15e-26	108
WP_082454977.1	iAF692.Mbar_A3070	26.8	373	248	10	35	398	36	392	2.20e-18	86.3
WP_082454980.1	iYO844.BSU21680	48.7	115	58	1	50	164	12	125	1.02e-38	128
WP_082454980.1	iAF987.Gmet_0222	48.7	119	60	1	47	164	12	130	4.69e-35	124
WP_082454980.1	iCN900.CD630_21660	49.6	119	59	1	47	164	184	302	1.17e-33	120
WP_082454980.1	iYS854.USA300HOU_RS07275	47.9	119	61	1	47	164	6	124	6.77e-34	116
WP_082454988.1	iML1515.b0584	32.0	147	75	6	107	236	33	171	2.56e-06	51.2
WP_082454988.1	iSbBS512_1146.SbBS512_E0485	32.4	148	73	8	107	236	33	171	2.56e-06	51.2
WP_082454988.1	iSDY_1059.SDY_0512	32.4	148	73	8	107	236	33	171	2.56e-06	51.2
WP_082454988.1	iSF_1195.SF0496	32.4	148	73	8	107	236	33	171	2.56e-06	51.2
WP_082454988.1	iSSON_1240.SSON_0534	32.4	148	73	8	107	236	33	171	2.56e-06	51.2
WP_082454988.1	STM_v1_0.STM0585	33.6	152	73	9	103	236	34	175	4.43e-06	50.4
WP_082454991.1	iMM1415.14466	29.2	465	281	16	39	469	62	512	6.94e-49	174
WP_082454991.1	iCHOv1.100756635	27.5	465	289	15	39	469	62	512	8.38e-44	160
WP_082454994.1	iJN1463.PP_0510	30.0	50	35	0	247	296	9	58	9.71e-05	43.5
WP_082454994.1	iJN1463.PP_5215	31.1	74	42	2	267	340	25	89	1.95e-05	43.1
WP_082454994.1	iML1515.b3781	44.7	38	21	0	267	304	24	61	2.66e-05	42.7
WP_082454994.1	STM_v1_0.STM3915	44.7	38	21	0	267	304	24	61	2.66e-05	42.7
WP_082454994.1	iSbBS512_1146.SbBS512_E4140	44.7	38	21	0	267	304	24	61	2.66e-05	42.7
WP_082454994.1	iSDY_1059.SDY_3968	44.7	38	21	0	267	304	42	79	3.78e-05	42.7
WP_082454994.1	iSF_1195.SF3854	44.7	38	21	0	267	304	42	79	3.78e-05	42.7
WP_082454994.1	iSSON_1240.SSON_3952	44.7	38	21	0	267	304	42	79	3.78e-05	42.7
WP_082454994.1	iMM904.YGR209C	45.2	31	17	0	265	295	20	50	6.10e-05	41.6
WP_082454994.1	iMM904.YCR083W	47.2	36	16	1	267	302	46	78	9.53e-05	41.6
WP_082454994.1	iYS854.USA300HOU_RS05725	39.5	43	22	1	256	294	5	47	6.10e-05	41.6
WP_082454994.1	iPC815.YPO3868	39.5	38	23	0	267	304	24	61	9.04e-05	41.2
WP_082454994.1	iYL1228.KPN_04282	43.2	37	21	0	268	304	25	61	1.26e-04	40.8
WP_082454994.1	iMM904.YLR043C	48.3	29	15	0	265	293	19	47	1.11e-04	40.8
WP_082454994.1	iIT341.HP0824	40.0	35	21	0	260	294	14	48	1.62e-04	40.4
WP_082454994.1	iAM_Pb448.PBANKA_132090	28.2	71	43	2	258	323	7	74	3.95e-04	39.3
WP_082455003.1	iPC815.YPO1581	27.6	562	373	12	191	732	160	707	4.01e-64	226
WP_082455003.1	iYL1228.KPN_04203	27.3	564	373	12	191	732	159	707	8.90e-62	219
WP_082455007.1	iAF987.Gmet_3467	46.1	579	296	5	20	596	17	581	2.08e-183	531
WP_082455022.1	iYL1228.KPN_00772	49.7	338	166	2	11	347	10	344	1.34e-124	361
WP_082455022.1	iMM904.YBR018C	48.7	357	168	6	5	346	6	362	1.61e-122	357
WP_082455022.1	iML1515.b0758	48.5	338	170	2	11	347	10	344	2.89e-121	353
WP_082455022.1	iSDY_1059.SDY_0705	48.2	338	171	2	11	347	10	344	2.89e-121	353
WP_082455022.1	iSSON_1240.SSON_0710	48.5	338	170	2	11	347	10	344	2.89e-121	353
WP_082455022.1	iSF_1195.SF0546	48.5	338	170	2	11	347	10	344	1.65e-120	351
WP_082455022.1	iSbBS512_1146.SbBS512_E0679	48.2	338	171	2	11	347	10	344	6.67e-120	349
WP_082455022.1	STM_v1_0.STM0775	48.2	338	171	2	11	347	10	344	1.34e-119	348
WP_082455022.1	iPC815.YPO1138	46.7	338	176	2	11	347	10	344	1.33e-117	343
WP_082455022.1	iAT_PLT_636.2592	47.7	350	176	4	5	350	24	370	2.60e-114	336
WP_082455022.1	iCHOv1.100752522	46.3	350	181	3	5	350	40	386	4.03e-112	331
WP_082455022.1	iMM1415.14430	46.3	350	181	3	5	350	5	351	1.48e-111	328
WP_082455024.1	iYS854.USA300HOU_RS11805	27.1	391	262	11	13	393	3	380	1.11e-31	124
WP_082455028.1	iYS854.USA300HOU_RS02895	25.7	210	135	8	31	226	85	287	4.78e-10	58.5
WP_082455064.1	iJN1463.PP_0525	28.4	162	81	7	117	273	51	182	1.92e-04	45.1
WP_082455066.1	iYS854.USA300HOU_RS10305	28.6	269	182	6	17	278	8	273	5.45e-25	101
WP_082455070.1	iAF692.Mbar_A1202	26.7	296	172	7	94	366	40	313	7.88e-25	103
WP_082455071.1	iSynCJ816.SGL_RS12975	26.3	194	127	6	209	397	194	376	2.41e-09	58.5
WP_082455081.1	iSynCJ816.SGL_RS08250	27.3	491	288	18	127	589	3	452	4.36e-32	130
WP_082455081.1	iLJ478.TM1840	25.7	478	247	16	180	588	65	503	7.73e-30	124
WP_082455089.1	iJN1463.PP_1801	24.2	393	235	15	1	346	1	377	7.92e-21	92.0
WP_082455090.1	iAF692.Mbar_A2221	28.1	402	242	15	13	383	19	404	8.44e-24	103
WP_082455092.1	iAF987.Gmet_1104	36.2	365	209	9	8	366	2	348	4.43e-68	218
WP_082455092.1	iCN900.CD630_27790	33.5	358	222	5	10	366	6	348	4.89e-67	215
WP_082455092.1	iHN637.CLJU_RS02610	36.6	358	194	9	9	362	3	331	1.24e-62	207
WP_082455092.1	iHN637.CLJU_RS02725	35.2	358	199	9	9	362	3	331	1.69e-61	204
WP_082455092.1	iSynCJ816.SGL_RS10610	34.7	360	208	7	10	366	11	346	7.65e-62	202
WP_082455092.1	STM_v1_0.STM2084	34.9	373	215	10	10	375	6	357	1.69e-59	199
WP_082455100.1	iAF692.Mbar_A0408	31.6	114	67	4	130	234	16	127	4.63e-06	46.6
WP_082455106.1	iML1515.b2175	30.0	100	50	4	251	349	79	159	7.60e-07	48.9
WP_082455110.1	iYO844.BSU28080	34.3	400	243	9	24	412	34	424	8.20e-65	213
WP_082455110.1	iLJ478.TM0166	36.7	343	193	7	11	342	20	349	4.48e-64	211
WP_082455110.1	iCN900.CD630_32530	35.1	405	231	11	24	410	32	422	1.30e-63	210
WP_082455110.1	iHN637.CLJU_RS17100	32.4	410	251	7	24	412	32	436	2.89e-62	207
WP_082455110.1	iAF987.Gmet_2475	32.9	407	254	7	11	413	19	410	3.64e-60	201
WP_082455114.1	iNF517.LLMG_RS09290	29.1	117	76	2	48	157	48	164	8.04e-06	44.7
WP_082455117.1	iML1515.b0150	24.6	686	451	25	153	790	80	747	1.10e-33	138
WP_082455117.1	iSF_1195.SF0142	24.7	687	449	25	153	790	80	747	1.10e-33	138
WP_082455117.1	iSDY_1059.SDY_0166	24.5	694	456	26	145	790	74	747	3.43e-33	136
WP_082455117.1	iJN1463.PP_0160	22.8	756	485	28	83	790	124	828	6.87e-31	129
WP_082455124.1	iYO844.BSU15200	34.9	447	276	9	23	463	13	450	9.20e-75	241
WP_082455124.1	iCN718.ABAYE_RS17535	33.3	448	282	8	23	463	10	447	2.13e-71	232
WP_082455124.1	iCN900.CD630_26530	33.2	455	281	12	21	463	7	450	2.86e-68	224
WP_082455124.1	iAF987.Gmet_0410	33.7	448	282	8	22	463	8	446	3.14e-67	221
WP_082455133.1	iAF692.Mbar_A3635	30.8	263	165	6	5	253	3	262	5.97e-31	115
WP_082455135.1	iAF692.Mbar_A1138	24.7	194	118	4	59	252	49	214	5.43e-11	62.8
WP_082455135.1	iAF987.Gmet_2352	23.6	246	140	6	61	305	54	252	1.73e-10	61.2
WP_082455139.1	iSbBS512_1146.SbBS512_E4050	46.8	94	47	1	7	97	7	100	3.89e-19	85.9
WP_082455139.1	iSSON_1240.SSON_3782	46.8	94	47	1	7	97	7	100	3.89e-19	85.9
WP_082455140.1	iCN900.CD630_17090	27.2	158	103	5	7	164	24	169	3.09e-14	67.8
WP_082455145.1	STM_v1_0.STM0232	53.7	311	141	1	9	316	7	317	2.87e-111	325
WP_082455145.1	iYS854.USA300HOU_RS09015	52.6	308	146	0	9	316	3	310	4.88e-111	324
WP_082455145.1	iYO844.BSU29200	50.8	311	153	0	9	319	6	316	2.31e-109	320
WP_082455145.1	iAF987.Gmet_1216	51.9	308	147	1	9	316	8	314	1.83e-109	320
WP_082455145.1	iML1515.b0185	52.7	311	144	1	9	316	7	317	3.80e-109	320
WP_082455145.1	iYL1228.KPN_00198	52.4	311	145	1	9	316	7	317	3.80e-109	320
WP_082455145.1	iSDY_1059.SDY_0201	52.7	311	144	1	9	316	7	317	3.80e-109	320
WP_082455145.1	iSF_1195.SF0175	52.7	311	144	1	9	316	7	317	3.80e-109	320
WP_082455145.1	iSSON_1240.SSON_0197	52.7	311	144	1	9	316	7	317	5.39e-109	319
WP_082455145.1	iSbBS512_1146.SbBS512_E0178	52.4	311	145	1	9	316	7	317	1.24e-107	316
WP_082455145.1	iPC815.YPO1060	52.1	311	146	1	9	316	7	317	1.01e-106	313
WP_082455145.1	iSynCJ816.SGL_RS17700	48.7	308	158	0	9	316	12	319	2.20e-102	303
WP_082455145.1	iJN1463.PP_1607	48.5	309	159	0	9	317	7	315	3.08e-102	302
WP_082455145.1	iCN900.CD630_19360	53.2	284	133	0	33	316	28	311	4.23e-102	301
WP_082455148.1	iYO844.BSU23610	28.7	167	117	2	10	175	9	174	1.12e-18	79.0
WP_082455148.1	iCN900.CD630_12200	31.3	144	95	3	22	164	20	160	1.89e-18	78.2
WP_082455148.1	iYS854.USA300HOU_RS08015	32.5	154	100	3	23	175	21	171	1.07e-17	76.3
WP_157255607.1	iCHOv1.100760661	27.6	348	205	11	56	370	52	385	2.10e-36	137
WP_157255607.1	iMM1415.81600	26.9	386	228	10	25	370	14	385	7.23e-36	135
WP_157255607.1	iMM1415.71884	27.5	305	184	7	56	336	52	343	2.90e-33	127
WP_157255656.1	iSF_1195.SF2815	28.3	382	264	6	5	383	32	406	1.93e-46	165
WP_157255656.1	iML1515.b2801	28.2	383	263	7	5	383	32	406	3.74e-46	164
WP_157255656.1	iYL1228.KPN_03152	28.7	383	261	7	5	383	17	391	3.86e-46	164
WP_157255656.1	iSSON_1240.SSON_2958	28.2	383	263	7	5	383	32	406	5.21e-46	164
WP_157255656.1	iIT341.HP1174	29.7	414	259	9	6	413	15	402	2.07e-44	159
WP_157255664.1	iEK1008.Rv0220	23.8	256	168	7	46	282	124	371	6.40e-07	50.1
WP_157255665.1	iML1515.b1733	23.1	160	88	3	4	133	5	159	1.50e-07	50.1
WP_157255713.1	iLJ478.TM0306	31.6	152	80	3	69	207	98	238	2.69e-12	68.2
WP_157255713.1	iCHOv1.100752441	24.2	265	158	10	79	322	114	356	1.94e-10	62.4
WP_157255713.1	iMM1415.71665	24.0	263	135	12	79	309	104	333	1.90e-10	62.4
WP_157255728.1	iAF987.Gmet_0043	24.4	262	171	8	542	783	13	267	6.53e-15	78.2
WP_157255733.1	iLJ478.TM0282	47.0	336	165	7	60	389	25	353	4.11e-91	278
WP_157255733.1	iCN718.ABAYE_RS14110	41.2	345	194	4	53	388	33	377	8.97e-85	262
WP_157255754.1	iAF987.Gmet_1914	30.8	104	70	2	1	104	1	102	1.15e-08	53.9
WP_157255758.1	iAF987.Gmet_3344	47.8	667	305	12	1	626	1	665	2.47e-198	572
WP_157255770.1	iML1515.b2037	21.2	349	266	3	36	378	11	356	1.14e-15	78.2
WP_157255778.1	iAF987.Gmet_1238	30.3	175	113	4	89	260	75	243	1.13e-23	96.3
WP_157255788.1	iAF987.Gmet_0043	24.9	350	231	10	322	662	21	347	2.60e-16	82.4
WP_162237739.1	iAF987.Gmet_0043	23.8	399	253	11	824	1212	41	398	5.14e-16	82.8
WP_162237745.1	iJN1463.PP_5069	40.7	27	16	0	1	27	59	85	3.72e-04	37.7
WP_162237745.1	iJN1463.PP_0510	60.0	20	8	0	1	20	29	48	6.41e-04	37.7
WP_162237745.1	iPC815.YPO3270	32.7	49	31	1	1	49	55	101	3.75e-04	37.7
WP_162237745.1	iYS854.USA300HOU_RS05725	55.0	20	9	0	2	21	21	40	5.93e-04	36.6
WP_162237759.1	iAF987.Gmet_3469	40.8	502	291	5	42	539	12	511	5.83e-126	396
WP_162237759.1	iJN1463.PP_4059	39.9	474	279	5	42	510	14	486	1.12e-113	363
WP_162237759.1	iEK1008.Rv0126	39.5	478	276	6	42	510	41	514	9.60e-117	358
WP_162237760.1	iSDY_1059.SDY_1022	27.8	144	80	4	108	235	36	171	6.23e-04	43.5
WP_200926300.1	iHN637.CLJU_RS05705	31.3	217	143	3	4	220	2	212	2.46e-31	114
WP_200926300.1	iLJ478.TM0066	32.4	182	112	3	36	217	31	201	6.48e-31	112
WP_200926300.1	iHN637.CLJU_RS06680	31.1	212	141	3	9	220	8	214	2.46e-29	108
WP_200926304.1	iAF987.Gmet_2727	40.2	82	49	0	128	209	312	393	7.51e-12	63.5
WP_200926304.1	iAF987.Gmet_1832	42.5	73	41	1	141	212	446	518	3.88e-11	61.6
WP_200926304.1	iML1515.b0957	38.6	83	42	1	138	211	252	334	1.01e-10	60.1
WP_200926304.1	iSbBS512_1146.SbBS512_E2359	38.6	83	42	1	138	211	252	334	1.01e-10	60.1
WP_200926304.1	iSDY_1059.SDY_0930	38.6	83	42	1	138	211	256	338	1.02e-10	60.1
WP_200926304.1	iSF_1195.SF0957	38.6	83	42	1	138	211	254	336	1.02e-10	60.1
WP_200926304.1	iSSON_1240.SSON_0961	38.6	83	42	1	138	211	252	334	1.01e-10	60.1
WP_200926305.1	iJN1463.PP_1400	67.0	415	135	2	19	433	24	436	2.92e-194	545
WP_200926305.1	iCN718.ABAYE_RS04615	60.6	424	163	2	15	435	16	438	2.41e-176	499
WP_200926311.1	iSynCJ816.SGL_RS05545	43.8	548	267	9	28	574	21	528	8.39e-145	431
WP_200926311.1	iYO844.BSU14900	39.6	530	282	9	23	550	13	506	2.75e-128	390
WP_200926312.1	iCHOv1.100754792	27.2	662	397	19	16	610	376	1019	1.81e-58	212
WP_200926317.1	iEK1008.Rv2674	51.3	117	53	3	51	163	17	133	2.17e-36	122
WP_200926319.1	iAF987.Gmet_1717	59.2	282	114	1	1	282	1	281	4.12e-108	315
WP_200926319.1	iYO844.BSU24160	55.9	281	123	1	2	282	3	282	1.10e-104	306
WP_200926319.1	iAF987.Gmet_2072	55.7	282	124	1	1	282	1	281	5.18e-99	291
WP_200926323.1	iYS854.USA300HOU_RS10950	33.3	258	157	8	12	259	1	253	1.77e-34	124
WP_200926325.1	iHN637.CLJU_RS00470	44.4	315	152	7	1	310	1	297	1.97e-79	243
WP_200926325.1	iCN900.CD630_09950	45.6	320	150	8	1	314	1	302	1.30e-78	241
WP_200926327.1	iCN718.ABAYE_RS05270	46.5	391	203	2	4	393	5	390	1.04e-115	343
WP_200926327.1	iIT341.HP0672	46.3	389	196	5	5	390	4	382	6.83e-106	317
WP_200926327.1	iHN637.CLJU_RS06550	42.9	396	222	4	4	397	3	396	7.75e-104	312
WP_200926327.1	iYO844.BSU22370	43.5	395	215	4	4	396	3	391	1.94e-103	311
WP_200926337.1	iYO844.BSU28750	22.5	395	262	14	24	399	54	423	8.04e-14	72.4
WP_200926374.1	iJN1463.PP_3948	42.6	47	26	1	7	52	686	732	6.77e-04	35.0
WP_200926388.1	iSF_1195.SF0142	23.7	733	474	17	135	834	66	746	9.42e-46	175
WP_200926388.1	iSSON_1240.SSON_0162	24.8	734	449	23	134	834	65	728	8.06e-46	175
WP_200926388.1	iML1515.b0150	24.0	732	473	17	135	834	66	746	1.26e-45	175
WP_200926388.1	iSbBS512_1146.SbBS512_E0142	24.7	734	450	23	134	834	65	728	3.53e-45	173
WP_200926388.1	iSDY_1059.SDY_0166	23.8	732	475	17	135	834	66	746	2.39e-44	171
WP_200926388.1	iJN1463.PP_0350	23.4	748	453	24	130	834	139	809	8.73e-44	170
WP_200926388.1	iYL1228.KPN_00165	24.5	755	428	25	135	834	67	734	1.69e-43	168
WP_200926388.1	STM_v1_0.STM0191	23.2	723	472	20	135	834	66	728	2.16e-43	168
WP_200926392.1	iEK1008.Rv0220	29.3	188	129	3	107	291	144	330	6.38e-20	89.7
WP_200926402.1	iPC815.YPO1283	75.0	48	12	0	6	53	1	48	1.69e-24	92.4
WP_200926402.1	iML1515.b4322	79.2	48	10	0	6	53	1	48	2.29e-24	92.0
WP_200926402.1	iSF_1195.SF4198	79.2	48	10	0	6	53	1	48	2.29e-24	92.0
WP_200926402.1	iSSON_1240.SSON_4477	79.2	48	10	0	6	53	1	48	2.29e-24	92.0
WP_200926402.1	iYL1228.KPN_02604	75.0	48	12	0	6	53	1	48	6.18e-24	90.9
WP_200926402.1	STM_v1_0.STM3135	70.8	48	14	0	6	53	1	48	2.23e-23	89.4
WP_200926402.1	iSbBS512_1146.SbBS512_E4792	77.1	48	11	0	6	53	1	48	5.91e-23	88.2
WP_200926404.1	iLJ478.TM0138	63.2	383	138	3	8	390	2	381	2.91e-171	483
WP_200926404.1	iSynCJ816.SGL_RS16740	58.0	393	156	3	9	393	19	410	3.62e-163	463
WP_200926404.1	iAF987.Gmet_2482	55.7	384	166	3	6	386	5	387	6.14e-153	437
WP_200926415.1	iHN637.CLJU_RS05195	36.4	429	254	7	17	429	29	454	1.65e-73	237
WP_200926415.1	iYO844.BSU04570	34.0	450	264	9	5	431	10	449	1.75e-70	229
WP_200926417.1	iCN718.ABAYE_RS01085	30.8	146	92	5	3	144	38	178	9.43e-10	55.8
WP_200926417.1	iCN900.CD630_25770	27.1	166	110	4	9	174	49	203	7.75e-10	55.8
WP_200926417.1	iNF517.LLMG_RS08950	26.2	172	117	4	1	168	32	197	1.97e-09	54.7
WP_200926417.1	iCN718.ABAYE_RS13105	32.0	122	76	3	21	140	57	173	8.51e-09	53.1
WP_200926421.1	iYO844.BSU10220	26.9	398	270	8	16	398	12	403	5.98e-27	111
WP_200926421.1	iYS854.USA300HOU_RS12895	27.0	400	263	10	20	398	18	409	5.95e-25	105
WP_200926421.1	iJN1463.PP_2056	23.1	407	274	10	16	400	11	400	3.03e-24	103
WP_200926421.1	iYO844.BSU02340	22.8	412	293	9	16	411	9	411	1.15e-23	101
WP_200926421.1	iSDY_1059.SDY_4548	25.9	398	275	8	16	400	13	403	1.31e-23	101
WP_200926421.1	iML1515.b3528	25.9	398	275	8	16	400	13	403	3.28e-23	100
WP_200926421.1	iSbBS512_1146.SbBS512_E3934	25.9	398	275	8	16	400	13	403	3.28e-23	100
WP_200926421.1	iSSON_1240.SSON_3863	25.9	398	275	8	16	400	13	403	3.28e-23	100
WP_200926431.1	iCN718.ABAYE_RS17455	44.4	286	147	5	1	284	1	276	1.72e-60	201
WP_200926431.1	iIT341.HP0237	46.0	252	129	4	1	251	1	246	4.88e-60	200
WP_200926431.1	iYO844.BSU28150	46.2	253	129	4	1	251	2	249	3.31e-59	198
WP_200926431.1	iAF987.Gmet_3234	44.9	254	127	5	2	251	4	248	2.21e-56	191
WP_200926431.1	iCN900.CD630_34210	43.5	253	134	4	4	253	3	249	2.69e-56	190
WP_200926431.1	iYS854.USA300HOU_RS08845	41.9	258	143	4	1	256	1	253	6.72e-55	186
WP_200926434.1	iML1515.b0459	49.5	182	91	1	7	188	3	183	5.47e-52	165
WP_200926434.1	iSDY_1059.SDY_0460	49.5	182	91	1	7	188	3	183	5.47e-52	165
WP_200926434.1	iSSON_1240.SSON_0446	49.5	182	91	1	7	188	3	183	5.47e-52	165
WP_200926434.1	iCN900.CD630_08720	48.1	185	96	0	6	190	1	185	4.70e-51	162
WP_200926434.1	iYL1228.KPN_00440	44.8	181	99	1	8	188	4	183	7.29e-51	162
WP_200926434.1	STM_v1_0.STM0472	49.2	181	91	1	8	188	4	183	1.26e-50	161
WP_200926434.1	iSbBS512_1146.SbBS512_E0391	47.8	182	94	1	7	188	3	183	3.29e-48	155
WP_200926434.1	iYO844.BSU40850	44.0	184	102	1	5	188	2	184	1.10e-46	151
WP_200926436.1	iPC815.YPO1597	44.5	344	160	5	4	347	3	315	5.94e-89	269
WP_200926436.1	iAF987.Gmet_1599	41.7	348	181	7	1	348	1	326	1.05e-86	264
WP_200926436.1	STM_v1_0.STM1193	45.1	344	159	6	4	347	3	316	1.12e-86	263
WP_200926436.1	iML1515.b1091	45.3	344	158	6	4	347	3	316	3.17e-86	262
WP_200926436.1	iSbBS512_1146.SbBS512_E2233	45.3	344	158	6	4	347	3	316	3.17e-86	262
WP_200926436.1	iSSON_1240.SSON_1111	45.3	344	158	6	4	347	3	316	3.17e-86	262
WP_200926436.1	iCN900.CD630_11790	43.4	343	171	4	6	348	7	326	6.34e-86	262
WP_200926436.1	iSDY_1059.SDY_2059	45.1	344	159	6	4	347	3	316	1.27e-85	261
WP_200926436.1	iYL1228.KPN_01089	43.9	344	163	6	4	347	3	316	2.54e-85	260
WP_200926436.1	iSF_1195.SF1095	45.1	344	159	6	4	347	3	316	3.60e-85	259
WP_200926436.1	iIT341.HP0202	41.6	344	178	6	4	346	5	326	2.52e-83	255
WP_200926436.1	iYO844.BSU11330	39.9	343	169	5	6	348	5	310	1.01e-80	248
WP_200926459.1	iYS854.USA300HOU_RS02995	39.0	177	105	2	35	210	8	182	7.44e-31	111
WP_200926461.1	iJN1463.PP_3383	26.4	609	366	22	11	564	6	587	2.29e-31	128
WP_200926463.1	iAM_Pc455.PCYB_113330	30.0	207	132	4	660	856	333	536	6.08e-21	99.8
WP_200926470.1	iYO844.BSU33930	53.4	399	180	3	1	399	1	393	1.46e-137	398
WP_200926470.1	iCN900.CD630_31730	52.3	400	184	4	1	398	4	398	2.52e-132	385
WP_200926470.1	iLJ478.TM0689	51.6	399	186	5	1	397	1	394	7.31e-128	382
WP_200926470.1	iHN637.CLJU_RS19270	51.0	400	188	4	2	399	4	397	5.76e-128	374
WP_200926470.1	iAF987.Gmet_1947	49.5	400	196	3	1	399	1	395	9.34e-127	370
WP_200926472.1	iEK1008.Rv2899c	46.3	268	118	5	29	285	23	275	1.78e-70	218
WP_200926474.1	iML1515.b4322	57.6	92	33	2	1	86	296	387	2.01e-30	110
WP_200926474.1	iSF_1195.SF4198	57.6	92	33	2	1	86	296	387	2.01e-30	110
WP_200926474.1	iSSON_1240.SSON_4477	57.6	92	33	2	1	86	296	387	2.01e-30	110
WP_200926474.1	iSbBS512_1146.SbBS512_E4792	56.5	92	34	2	1	86	296	387	1.48e-29	107
WP_200926474.1	STM_v1_0.STM3135	55.4	92	35	2	1	86	296	387	3.99e-29	106
WP_200926474.1	iYL1228.KPN_02604	55.6	90	34	2	1	84	296	385	1.11e-27	102
WP_200926474.1	iPC815.YPO1283	55.6	90	34	3	1	84	296	385	2.16e-26	99.4
WP_235527245.1	iYL1228.KPN_01308	30.6	288	179	10	1	280	30	304	8.07e-25	101
WP_235527245.1	iJN1463.PP_3715	28.0	329	211	11	1	306	35	360	1.91e-22	95.9
WP_235527245.1	STM_v1_0.STM1681	29.9	284	186	8	1	280	30	304	1.39e-22	95.5
WP_235527249.1	iJN1463.PP_5033	66.7	24	8	0	2	25	529	552	2.03e-04	35.0
WP_235527250.1	iMM1415.11431	31.1	119	74	4	11	122	39	156	9.79e-12	58.2
WP_235527255.1	STM_v1_0.STM2199	39.1	92	43	5	136	215	69	159	2.43e-04	44.3
WP_235527255.1	iYL1228.KPN_02593	37.0	92	45	5	136	215	50	140	4.16e-04	43.5
WP_235527255.1	iJN1463.PP_2242	34.1	82	39	4	145	215	109	186	9.87e-04	42.4
WP_235527256.1	iSbBS512_1146.SbBS512_E0485	31.5	127	65	4	207	315	50	172	4.36e-05	47.4
WP_235527256.1	iML1515.b0584	30.7	127	66	4	207	315	50	172	9.88e-05	46.2
WP_235527256.1	iSDY_1059.SDY_0512	30.7	127	66	4	207	315	50	172	9.88e-05	46.2
WP_235527256.1	iSF_1195.SF0496	30.7	127	66	4	207	315	50	172	9.88e-05	46.2
WP_235527256.1	iSSON_1240.SSON_0534	30.7	127	66	4	207	315	50	172	9.88e-05	46.2
WP_235527257.1	iLJ478.TM0024	38.2	249	130	8	60	291	216	457	1.64e-41	151
WP_235527266.1	STM_v1_0.STM3186	25.0	212	144	5	41	241	223	430	7.49e-08	54.3
WP_235527266.1	iML1515.b0572	21.8	399	263	11	51	435	63	426	2.18e-07	52.8
WP_235527266.1	iSSON_1240.SSON_0523	21.8	399	263	11	51	435	63	426	5.09e-07	51.6
WP_235527266.1	iSbBS512_1146.SbBS512_E3468	21.8	202	152	2	41	236	223	424	7.06e-07	51.2
WP_235527266.1	iML1515.b3035	21.8	202	152	2	41	236	221	422	9.31e-07	50.8
WP_235527266.1	iSDY_1059.SDY_3205	21.8	202	152	2	41	236	223	424	9.33e-07	50.8
WP_235527266.1	iSSON_1240.SSON_3173	21.8	202	152	2	41	236	223	424	9.33e-07	50.8
WP_235527266.1	iSF_1195.SF3075	21.8	202	152	2	41	236	221	422	1.23e-06	50.4
WP_235527266.1	iSF_1195.SF0473	21.6	399	264	11	51	435	63	426	2.06e-06	49.7
WP_235527273.1	iYS854.USA300HOU_RS03880	23.6	364	208	13	272	589	213	552	1.18e-10	64.3
WP_235527276.1	iML1515.b4322	43.1	404	162	4	6	407	1	338	1.18e-109	327
WP_235527276.1	iSF_1195.SF4198	43.1	404	162	4	6	407	1	338	1.18e-109	327
WP_235527276.1	iSSON_1240.SSON_4477	43.1	404	162	4	6	407	1	338	3.33e-109	326
WP_235527276.1	iSbBS512_1146.SbBS512_E4792	42.3	404	165	4	6	407	1	338	4.29e-107	321
WP_235527276.1	STM_v1_0.STM3135	41.6	404	168	4	6	407	1	338	2.43e-106	319
WP_235527276.1	iYL1228.KPN_02604	41.3	404	169	4	6	407	1	338	1.66e-104	314
WP_235527276.1	iPC815.YPO1283	40.3	404	173	4	6	407	1	338	6.86e-104	313
WP_235527277.1	iAF987.Gmet_1706	27.3	110	79	1	3	112	6	114	3.01e-10	55.5
WP_235527279.1	iJN1463.PP_3970	41.7	386	214	3	1	376	4	388	2.03e-105	315
WP_235527279.1	iYO844.BSU26970	41.8	378	215	4	1	376	4	378	1.69e-101	305
WP_235527281.1	iAF987.Gmet_3091	31.3	329	197	11	6	323	12	322	2.01e-37	136
WP_235527282.1	iLJ478.TM1828	42.4	297	160	6	1	296	6	292	1.19e-69	221
WP_235527282.1	iNF517.LLMG_RS07710	40.7	317	167	6	1	306	8	314	1.96e-68	218
WP_235527282.1	iCN900.CD630_17000	38.1	323	172	6	1	308	14	323	3.45e-68	218
WP_235527282.1	iAF987.Gmet_1624	36.8	315	182	2	1	306	9	315	9.68e-68	216
WP_235527282.1	iHN637.CLJU_RS10840	39.3	323	166	8	1	306	11	320	6.59e-62	201
WP_235527285.1	iLB1027_lipid.PHATRDRAFT_10852	26.6	143	91	4	92	222	27	167	5.11e-08	52.0
WP_235527290.1	iJN1463.PP_3270	36.3	146	87	2	37	176	537	682	1.57e-17	79.0
WP_235527291.1	iLJ478.TM1193	28.7	443	258	17	56	461	39	460	6.53e-44	171
WP_235527293.1	iMM1415.14466	29.8	433	274	14	27	435	86	512	5.85e-47	168
WP_235527293.1	iCHOv1.100756635	29.5	437	270	15	27	435	86	512	1.50e-44	162
WP_235527296.1	iAF692.Mbar_A0035	63.2	296	106	1	1	293	15	310	1.71e-140	398
WP_235527296.1	iAF987.Gmet_1312	60.3	305	110	1	1	294	15	319	6.69e-140	397
WP_235527311.1	iEK1008.Rv1436	42.3	234	129	4	75	304	92	323	4.64e-54	180
WP_235527311.1	iAF987.Gmet_1946	40.9	235	133	4	75	304	85	318	1.35e-50	171
WP_235527311.1	iCN900.CD630_17670	40.4	235	134	4	75	304	88	321	2.26e-50	170
WP_235527311.1	iHN637.CLJU_RS06580	41.9	234	130	4	75	303	87	319	3.12e-50	170
WP_235527311.1	iHN637.CLJU_RS19275	36.9	282	170	6	29	304	40	319	5.82e-50	169
WP_235527311.1	iYO844.BSU33940	39.1	235	137	4	75	304	85	318	1.61e-49	168
WP_235527311.1	iYO844.BSU29020	38.2	259	152	6	52	304	62	318	2.57e-49	167
WP_235527311.1	iLJ478.TM0688	36.9	282	169	7	29	304	40	318	1.78e-47	162
WP_235527316.1	iNF517.LLMG_RS07320	25.7	303	213	8	12	305	46	345	1.12e-22	96.3
WP_235527318.1	iCN900.CD630_21300	54.8	383	172	1	11	392	2	384	2.56e-142	409
WP_235527319.1	iYO844.BSU21690	44.7	150	83	0	40	189	5	154	1.79e-45	149
WP_235527319.1	iYS854.USA300HOU_RS07280	43.3	150	85	0	40	189	3	152	4.05e-44	145
WP_235527319.1	iAF987.Gmet_0268	46.3	147	79	0	38	184	5	151	4.71e-42	139
WP_235527319.1	iCN900.CD630_21660	43.0	149	85	0	41	189	5	153	4.22e-40	139
WP_235527319.1	iAF987.Gmet_0222	45.3	150	78	1	40	189	156	301	2.72e-39	137
WP_235527319.1	iYS854.USA300HOU_RS06930	41.1	151	89	0	39	189	2	152	2.62e-40	135
WP_235527323.1	iLB1027_lipid.PHATRDRAFT_12331	24.7	255	156	11	127	358	6	247	6.19e-13	68.9
WP_235527324.1	iMM904.YBR126C	39.7	471	276	3	4	466	19	489	1.92e-127	387
WP_235527324.1	iMM904.YDR074W	32.0	663	404	12	69	687	133	792	1.10e-110	356
WP_235527327.1	iYL1228.KPN_00941	30.9	376	245	5	183	554	215	579	2.06e-52	187
WP_235527327.1	iAF987.Gmet_2349	29.0	435	298	6	123	556	147	571	2.37e-52	187
WP_235527327.1	iML1515.b0914	30.6	376	246	5	183	554	215	579	1.03e-51	186
WP_235527327.1	STM_v1_0.STM0984	30.9	376	245	5	183	554	215	579	1.03e-51	186
WP_235527327.1	iSbBS512_1146.SbBS512_E2410	30.6	376	246	5	183	554	215	579	1.03e-51	186
WP_235527327.1	iSDY_1059.SDY_2344	30.6	376	246	5	183	554	215	579	1.03e-51	186
WP_235527327.1	iSF_1195.SF0910	30.6	376	246	5	183	554	215	579	1.03e-51	186
WP_235527327.1	iSSON_1240.SSON_0916	30.6	376	246	5	183	554	215	579	1.03e-51	186
WP_235527327.1	iPC815.YPO1395	29.8	372	254	3	183	554	215	579	9.33e-50	180
WP_235527327.1	iCHOv1.100682535	30.2	410	248	11	167	557	244	634	9.29e-48	179
WP_235527327.1	iMM1415.18670	30.6	412	244	12	167	557	241	631	1.25e-47	178
WP_235527327.1	iJN1463.PP_4935	29.1	447	288	9	113	550	162	588	2.06e-47	174
WP_235527329.1	iMM1415.246787	32.4	454	280	4	1	431	25	474	1.32e-78	259
WP_235527329.1	iCHOv1.100770888	31.9	454	282	4	1	431	29	478	2.89e-77	256
WP_235527329.1	iMM1415.20537	30.9	466	298	5	6	451	35	496	9.15e-77	254
WP_235527329.1	iCHOv1.100767281	29.8	466	303	5	6	451	35	496	6.37e-76	252
WP_235527329.1	iAT_PLT_636.6526	32.4	481	295	7	2	457	12	487	1.02e-72	245
WP_235527329.1	iMM1415.230612	31.3	470	300	6	6	458	40	503	5.54e-73	245
WP_235527329.1	iMM1415.53881	31.1	483	299	6	2	457	12	487	1.41e-72	244
WP_235527329.1	iCHOv1.100759273	31.8	485	293	7	2	457	12	487	1.97e-72	244
WP_235527329.1	iAT_PLT_636.6523	30.0	466	302	5	6	451	35	496	2.71e-72	243
WP_235527329.1	iCHOv1.100758893	29.5	482	303	7	6	463	35	503	2.93e-71	240
WP_235527329.1	iMM1415.233836	30.1	478	295	8	6	458	35	498	4.63e-70	237
WP_235527330.1	iYO844.BSU15910	34.4	250	152	6	4	248	1	243	9.12e-37	130
WP_235527330.1	iCN900.CD630_25770	32.5	249	156	8	5	248	1	242	1.13e-33	122
WP_235527330.1	iYS854.USA300HOU_RS06185	33.5	242	149	4	12	248	7	241	1.10e-33	122
WP_235527330.1	iNF517.LLMG_RS08950	30.4	250	162	5	5	251	3	243	4.49e-32	117
WP_235527333.1	iJN1463.PP_0045	23.9	364	254	7	28	387	39	383	4.37e-17	82.4
WP_235527334.1	iNF517.LLMG_RS03940	31.2	205	138	1	5	206	2	206	1.52e-27	103
WP_235527334.1	iYS854.USA300HOU_RS08580	32.4	182	123	0	5	186	2	183	3.33e-26	100
WP_235527334.1	iYO844.BSU27330	29.9	184	129	0	3	186	1	184	3.92e-25	97.4
WP_235527335.1	iMM1415.20541	47.0	66	31	2	7895	7959	439	501	2.06e-04	48.5
WP_235527335.1	iCHOv1.100760799	43.8	64	33	1	7891	7954	435	495	4.62e-04	47.4
WP_235527336.1	iHN637.CLJU_RS05755	58.3	252	103	1	21	270	2	253	5.49e-100	292
WP_235527336.1	iLJ478.TM1036	56.8	250	107	1	21	270	2	250	1.38e-95	281
WP_235527336.1	iYO844.BSU34870	54.6	251	112	1	21	269	2	252	3.58e-93	275
WP_235527336.1	iNF517.LLMG_RS06540	53.2	252	116	2	21	270	2	253	4.87e-90	267
WP_235527336.1	iCN718.ABAYE_RS01735	52.2	251	119	1	21	270	2	252	5.48e-90	266
WP_235527336.1	iAF987.Gmet_0389	52.0	252	119	1	21	270	2	253	4.60e-89	264
WP_235527339.1	iYO844.BSU03930	42.3	246	142	0	6	251	6	251	6.74e-64	200
WP_235527346.1	iMM1415.73724	30.2	106	63	2	27	121	50	155	1.08e-04	40.0
WP_235527346.1	iCHOv1.100763022	27.6	134	79	4	27	147	54	182	2.85e-04	38.9
WP_235527353.1	iPC815.YPO2836	38.5	686	399	12	6	677	4	680	4.41e-145	438
WP_235527353.1	iSF_1195.SF2545	37.3	687	408	10	6	677	4	682	5.04e-144	435
WP_235527353.1	iSbBS512_1146.SbBS512_E2875	37.3	687	408	10	6	677	4	682	1.00e-143	434
WP_235527353.1	iSDY_1059.SDY_2690	37.3	687	408	10	6	677	4	682	1.00e-143	434
WP_235527353.1	iML1515.b2501	37.3	687	408	10	6	677	4	682	1.41e-143	434
WP_235527353.1	iSSON_1240.SSON_2583	37.3	687	408	10	6	677	4	682	1.99e-143	434
WP_235527353.1	STM_v1_0.STM2501	38.0	689	400	13	6	677	4	682	1.57e-142	431
WP_235527353.1	iYL1228.KPN_02826	37.6	686	405	12	6	677	4	680	2.08e-142	431
WP_235527356.1	iSF_1195.SF0910	30.8	578	366	13	29	590	8	567	3.03e-64	221
WP_235527356.1	iSSON_1240.SSON_0916	30.8	578	366	13	29	590	8	567	3.03e-64	221
WP_235527356.1	iML1515.b0914	30.8	578	366	13	29	590	8	567	5.84e-64	220
WP_235527356.1	iSbBS512_1146.SbBS512_E2410	30.8	578	366	13	29	590	8	567	5.84e-64	220
WP_235527356.1	iSDY_1059.SDY_2344	30.8	578	366	13	29	590	8	567	5.84e-64	220
WP_235527356.1	iYL1228.KPN_00941	29.7	575	376	11	29	590	8	567	2.18e-63	218
WP_235527356.1	STM_v1_0.STM0984	30.5	574	371	11	29	589	8	566	1.56e-62	216
WP_235527356.1	iPC815.YPO1395	29.1	567	376	9	29	583	8	560	1.53e-60	211
WP_235527356.1	iAF987.Gmet_2349	28.8	500	346	5	93	589	63	555	6.26e-59	206
WP_235527358.1	iJN1463.PP_3668	69.3	747	209	7	5	739	12	750	0.0	1042
WP_235527359.1	iAF987.Gmet_2135	40.1	172	83	3	18	188	16	168	4.78e-40	134
WP_235527359.1	iHN637.CLJU_RS11605	45.0	151	65	2	31	181	18	150	3.10e-37	126
WP_235527359.1	iCN900.CD630_20880	37.7	162	83	2	18	179	4	147	3.61e-36	123
WP_235527363.1	iAF692.Mbar_A0543	34.7	735	410	14	36	731	7	710	3.69e-138	422
WP_235527368.1	iEK1008.Rv1912c	32.6	86	58	0	1	86	144	229	8.39e-07	46.2
WP_235527369.1	iJN1463.PP_0072	35.8	95	59	1	2	96	54	146	1.02e-10	56.2
WP_235527369.1	iCN900.CD630_23230	28.2	117	58	3	4	95	54	169	2.41e-09	52.4
WP_235527371.1	iMM1415.50773	29.3	164	104	7	1	152	7	170	1.74e-12	62.4
WP_235527380.1	iEK1008.Rv2957	26.5	219	147	7	1	207	42	258	6.69e-16	73.9
WP_235527384.1	iML1515.b1022	36.6	101	59	2	56	155	69	165	6.89e-10	60.1
WP_235527388.1	iHN637.CLJU_RS19260	50.0	506	249	4	5	507	4	508	1.22e-170	491
WP_235527388.1	iCN900.CD630_31710	49.6	508	248	5	5	507	4	508	1.54e-168	485
WP_235527388.1	iAF692.Mbar_A1223	51.0	508	243	6	5	507	9	515	5.56e-168	484
WP_235527388.1	iYO844.BSU33910	48.6	510	257	3	2	507	1	509	5.50e-164	474
WP_235527388.1	iAF692.Mbar_A2222	48.2	517	252	7	5	506	6	521	1.50e-159	463
WP_235527388.1	iSbBS512_1146.SbBS512_E4040	47.1	510	263	7	2	506	3	510	3.25e-153	446
WP_235527388.1	iSSON_1240.SSON_3793	47.1	510	263	7	2	506	3	510	3.25e-153	446
WP_235527388.1	iML1515.b3612	46.8	511	265	7	1	506	2	510	9.23e-153	445
WP_235527388.1	iSF_1195.SF3651	46.9	510	264	7	2	506	3	510	3.71e-152	444
WP_235527388.1	iAF987.Gmet_3203	47.5	510	258	7	5	507	3	509	6.96e-152	443
WP_235527388.1	iSDY_1059.SDY_4045	46.7	510	265	7	2	506	3	510	7.43e-152	443
WP_235527391.1	iCN900.CD630_03030	23.1	342	218	12	61	365	87	420	1.34e-17	83.6
WP_235527398.1	iJN1463.PP_2318	40.3	181	105	2	49	228	23	201	1.45e-43	145
WP_235527399.1	iNF517.LLMG_RS07320	28.3	304	207	7	29	325	45	344	2.46e-38	139
WP_235527404.1	iYO844.BSU35550	26.0	250	153	10	1	240	25	252	9.27e-12	63.5
WP_235527406.1	STM_v1_0.STM3714	30.9	165	107	3	209	371	183	342	3.50e-08	54.7
WP_235527411.1	iML1515.b4167	30.6	481	305	11	3	473	16	477	2.17e-46	168
