WP_018327941.1	iAF987.Gmet_1914	35.0	103	67	0	4	106	3	105	5.57e-13	63.5
WP_056332699.1	iCHOv1.100754380	51.4	70	34	0	5	74	71	140	3.14e-17	70.1
WP_056332699.1	iCHOv1.100752739	51.4	70	34	0	5	74	66	135	2.80e-17	70.1
WP_056332699.1	iCHOv1.100772366	51.4	70	34	0	5	74	186	255	2.22e-16	70.1
WP_056332699.1	iAT_PLT_636.518	51.4	70	34	0	5	74	72	141	3.21e-17	70.1
WP_056332699.1	iAT_PLT_636.516	51.4	70	34	0	5	74	66	135	2.80e-17	70.1
WP_056332699.1	iAT_PLT_636.517	51.4	70	34	0	5	74	87	156	4.45e-17	70.1
WP_056332699.1	iMM1415.11951	51.4	70	34	0	5	74	66	135	2.80e-17	70.1
WP_056332699.1	iMM904.Q0130	46.5	71	38	0	5	75	6	76	2.09e-16	66.2
WP_056339603.1	iAF987.Gmet_2999	29.1	127	86	2	3	125	10	136	3.20e-14	70.5
WP_056339603.1	iAF987.Gmet_0069	26.1	249	151	11	2	231	3	237	8.55e-14	68.9
WP_056339603.1	iAF987.Gmet_1914	31.1	106	73	0	2	107	3	108	2.51e-13	68.2
WP_062468130.1	iAF987.Gmet_1919	36.5	115	73	0	5	119	4	118	3.17e-14	73.6
WP_062468130.1	iAF987.Gmet_1914	34.3	105	69	0	6	110	4	108	2.95e-12	68.2
WP_062468369.1	iAF987.Gmet_2999	28.6	119	85	0	2	120	7	125	1.58e-13	65.1
WP_062468393.1	iAF987.Gmet_3345	49.5	99	49	1	3	101	2	99	1.04e-25	91.7
WP_062468393.1	iSynCJ816.SGL_RS16985	45.6	103	53	2	1	101	1	102	6.06e-23	84.7
WP_062468393.1	iIT341.HP1270	44.0	100	55	1	3	102	2	100	7.92e-23	84.3
WP_062468397.1	iLB1027_lipid.PHATRDRAFT_14260	66.3	160	53	1	4	163	5	163	1.61e-58	179
WP_062468397.1	iMM1415.225887	63.6	162	58	1	2	163	52	212	9.16e-54	169
WP_062468397.1	iCHOv1.100755890	63.3	158	57	1	6	163	54	210	3.48e-53	167
WP_062468397.1	iAT_PLT_636.4728	64.6	158	55	1	6	163	54	210	3.48e-53	167
WP_062468417.1	iAF987.Gmet_3355	44.9	118	65	0	4	121	1	118	1.36e-34	115
WP_062468772.1	iSF_1195.SF1955	39.2	194	99	5	8	196	3	182	6.96e-34	118
WP_062468772.1	iML1515.b1912	39.2	194	99	5	8	196	3	182	1.39e-33	117
WP_062468772.1	iSbBS512_1146.SbBS512_E1039	39.2	194	99	5	8	196	3	182	1.39e-33	117
WP_062468772.1	iSDY_1059.SDY_1106	39.2	194	99	5	8	196	3	182	1.39e-33	117
WP_062468772.1	iSSON_1240.SSON_1206	39.2	194	99	5	8	196	3	182	1.39e-33	117
WP_062468772.1	iYL1228.KPN_02410	38.7	191	104	4	8	196	3	182	5.52e-33	116
WP_062468772.1	iJN1463.PP_4097	42.0	188	96	6	9	193	2	179	8.68e-33	115
WP_062468772.1	STM_v1_0.STM1945	39.3	191	103	4	8	196	3	182	1.10e-32	115
WP_062468772.1	iCN718.ABAYE_RS17215	40.9	193	98	5	9	193	8	192	1.73e-31	112
WP_062468856.1	iYS854.USA300HOU_RS06195	66.7	72	24	0	6	77	5	76	9.20e-28	95.1
WP_062468856.1	iML1515.b1094	62.8	78	29	0	1	78	1	78	9.05e-26	90.1
WP_062468856.1	iYL1228.KPN_01092	62.8	78	29	0	1	78	1	78	9.05e-26	90.1
WP_062468856.1	STM_v1_0.STM1196	62.8	78	29	0	1	78	1	78	9.05e-26	90.1
WP_062468856.1	iSbBS512_1146.SbBS512_E2230	62.8	78	29	0	1	78	1	78	9.05e-26	90.1
WP_062468856.1	iSDY_1059.SDY_2056	62.8	78	29	0	1	78	1	78	9.05e-26	90.1
WP_062468856.1	iSF_1195.SF1098	62.8	78	29	0	1	78	1	78	9.05e-26	90.1
WP_062468856.1	iSSON_1240.SSON_1114	62.8	78	29	0	1	78	1	78	9.05e-26	90.1
WP_062468856.1	iJN1463.PP_1915	62.8	78	29	0	1	78	1	78	1.29e-25	89.7
WP_062468856.1	iPC815.YPO1600	61.0	77	30	0	1	77	1	77	1.29e-25	89.7
WP_062469353.1	iJN1463.PP_0915	53.8	197	85	4	1	196	1	192	8.45e-66	200
WP_062469353.1	iYO844.BSU25020	49.8	203	95	4	1	198	1	201	3.15e-64	196
WP_062469353.1	iSynCJ816.SGL_RS09370	49.2	193	95	2	1	191	1	192	2.87e-64	196
WP_062469353.1	STM_v1_0.STM1431	53.1	192	84	4	1	191	1	187	7.27e-61	187
WP_062469353.1	iNF517.LLMG_RS02190	47.1	206	100	5	1	198	1	205	1.26e-59	185
WP_062469353.1	iML1515.b1656	51.6	192	87	4	1	191	1	187	1.68e-59	184
WP_062469353.1	iSbBS512_1146.SbBS512_E1853	51.6	192	87	4	1	191	1	187	1.68e-59	184
WP_062469353.1	iSDY_1059.SDY_1882	51.6	192	87	4	1	191	1	187	1.68e-59	184
WP_062469353.1	iSF_1195.SF1684	51.6	192	87	4	1	191	1	187	1.68e-59	184
WP_062469353.1	iSSON_1240.SSON_1500	51.6	192	87	4	1	191	1	187	1.68e-59	184
WP_062469489.1	iIT341.HP0195	52.9	261	123	0	6	266	2	262	4.39e-95	280
WP_062469489.1	iYO844.BSU11720	53.4	251	115	1	8	256	5	255	2.71e-87	260
WP_062469489.1	iYL1228.KPN_01284	50.6	259	127	1	6	263	2	260	3.55e-86	257
WP_062469489.1	iML1515.b1288	49.8	259	129	1	6	263	2	260	1.01e-85	256
WP_062469489.1	iSDY_1059.SDY_1368	49.8	259	129	1	6	263	2	260	1.01e-85	256
WP_062469489.1	iSF_1195.SF1293	49.8	259	129	1	6	263	2	260	1.01e-85	256
WP_062469489.1	iSSON_1240.SSON_1852	49.8	259	129	1	6	263	2	260	1.01e-85	256
WP_062469489.1	STM_v1_0.STM1700	49.8	259	129	1	6	263	2	260	2.03e-85	255
WP_062469489.1	iSbBS512_1146.SbBS512_E1522	49.4	259	130	1	6	263	2	260	1.64e-84	253
WP_062470068.1	iJN1463.PP_0881	61.0	333	130	0	1	333	1	333	1.24e-144	411
WP_062470068.1	STM_v1_0.STM3629	58.9	336	135	1	1	333	1	336	6.47e-143	407
WP_062470068.1	iML1515.b3543	58.9	336	135	1	1	333	1	336	3.72e-142	405
WP_062470068.1	iYL1228.KPN_03898	58.9	336	135	1	1	333	1	336	3.72e-142	405
WP_062470068.1	iSDY_1059.SDY_4566	58.9	336	135	1	1	333	1	336	3.72e-142	405
WP_062470068.1	iSSON_1240.SSON_3847	58.9	336	135	1	1	333	1	336	3.72e-142	405
WP_062470068.1	iSF_1195.SF3578	58.6	336	136	1	1	333	1	336	1.51e-141	403
WP_062470356.1	iAF987.Gmet_1706	32.8	116	75	2	8	123	2	114	6.80e-11	57.8
WP_062470377.1	iAF987.Gmet_0069	38.3	115	69	2	1	113	1	115	1.04e-23	92.4
WP_062470642.1	iCN900.CD630_32610	65.5	249	84	2	23	271	8	254	2.07e-112	323
WP_062470642.1	iJN1463.PP_5326	65.8	243	82	1	29	271	40	281	4.91e-110	318
WP_062470642.1	iHN637.CLJU_RS06095	61.2	245	93	2	27	271	7	249	4.19e-106	307
WP_062470642.1	iAF692.Mbar_A1781	59.2	245	98	1	27	271	16	258	2.31e-105	306
WP_062470642.1	iYS854.USA300HOU_RS07055	59.2	245	99	1	27	271	40	283	2.51e-103	301
WP_062470642.1	iAF987.Gmet_2704	61.9	244	91	2	29	271	10	252	1.77e-103	301
WP_062470642.1	iYO844.BSU24960	60.8	250	97	1	22	271	21	269	7.33e-102	297
WP_062470642.1	iYO844.BSU24950	58.8	243	99	1	29	271	19	260	3.11e-101	295
WP_062470642.1	iNF517.LLMG_RS09490	59.8	244	97	1	28	271	11	253	2.45e-101	295
WP_062470835.1	iLB1027_lipid.PHATRDRAFT_16693	42.1	195	98	6	1	185	6	195	4.15e-42	139
WP_062470909.1	iCN900.CD630_33080	53.4	232	107	1	6	237	7	237	8.11e-75	233
WP_062473564.1	iML1515.b2904	52.1	119	56	1	2	119	8	126	1.52e-40	130
WP_062473564.1	iSbBS512_1146.SbBS512_E3325	52.1	119	56	1	2	119	8	126	1.52e-40	130
WP_062473564.1	iSF_1195.SF2890	52.1	119	56	1	2	119	8	126	1.52e-40	130
WP_062473564.1	iSSON_1240.SSON_3057	52.1	119	56	1	2	119	8	126	1.52e-40	130
WP_062473564.1	STM_v1_0.STM3054	52.1	119	56	1	2	119	8	126	3.06e-40	130
WP_062473564.1	iSDY_1059.SDY_3177	51.3	119	57	1	2	119	8	126	6.16e-40	129
WP_062473564.1	iJN1463.PP_0989	54.6	119	52	2	2	119	4	121	8.24e-40	129
WP_062473564.1	iYL1228.KPN_03340	51.3	119	57	1	2	119	8	126	4.10e-38	124
WP_062473564.1	iLB1027_lipid.PHATRDRAFT_32847	49.1	114	58	0	4	117	37	150	3.05e-36	120
WP_062473564.1	iPC815.YPO0906	50.4	115	56	1	2	115	8	122	1.31e-36	120
WP_062473564.1	iMM1415.68133	47.9	117	61	0	3	119	49	165	8.87e-36	120
WP_062473564.1	iCHOv1.100765652	47.0	117	62	0	3	119	49	165	1.26e-35	119
WP_062473564.1	iYS854.USA300HOU_RS04375	42.4	118	68	0	2	119	7	124	7.12e-36	119
WP_062474084.1	iAF987.Gmet_1261	49.4	168	77	2	23	190	2	161	1.92e-49	157
WP_062475077.1	iSbBS512_1146.SbBS512_E3434	40.5	220	128	2	11	229	8	225	1.19e-40	139
WP_062475077.1	iML1515.b3006	39.8	221	128	2	11	229	8	225	3.33e-40	138
WP_062475077.1	iSDY_1059.SDY_3067	39.8	221	128	2	11	229	8	225	3.33e-40	138
WP_062475077.1	iSSON_1240.SSON_3149	39.8	221	128	2	11	229	8	225	3.33e-40	138
WP_062475077.1	iSF_1195.SF3051	39.8	221	128	2	11	229	8	225	6.61e-40	137
WP_062475077.1	STM_v1_0.STM3159	38.2	233	139	2	11	239	8	239	3.68e-39	135
WP_062475077.1	iPC815.YPO0682	39.3	219	130	2	12	229	118	334	1.31e-36	131
WP_062475077.1	iYL1228.KPN_03426	39.0	218	132	1	12	229	4	220	7.57e-37	129
WP_062475077.1	iJN1463.PP_5306	37.6	226	138	2	12	237	91	313	1.41e-35	128
WP_062476632.1	iMM904.YML059C	29.6	108	64	2	40	135	968	1075	8.11e-06	44.3
WP_062477263.1	iCN900.CD630_02840	31.1	132	90	1	1	131	1	132	2.31e-21	82.8
WP_062477287.1	iML1515.b3781	55.6	99	44	0	4	102	6	104	7.49e-36	117
WP_062477287.1	STM_v1_0.STM3915	55.6	99	44	0	4	102	6	104	7.49e-36	117
WP_062477287.1	iSbBS512_1146.SbBS512_E4140	55.6	99	44	0	4	102	6	104	7.49e-36	117
WP_062477287.1	iSDY_1059.SDY_3968	55.6	99	44	0	4	102	24	122	1.27e-35	117
WP_062477287.1	iSF_1195.SF3854	55.6	99	44	0	4	102	24	122	1.27e-35	117
WP_062477287.1	iSSON_1240.SSON_3952	55.6	99	44	0	4	102	24	122	1.27e-35	117
WP_062477287.1	iYL1228.KPN_04282	55.6	99	44	0	4	102	6	104	6.13e-35	115
WP_062477287.1	iJN1463.PP_5215	54.6	97	44	0	6	102	9	105	7.11e-34	112
WP_062477287.1	iPC815.YPO3868	51.5	99	48	0	4	102	6	104	5.64e-33	110
WP_062591654.1	iJN1463.PP_0044	24.5	245	158	7	115	356	115	335	8.27e-04	40.8
WP_062591655.1	iCN900.CD630_19470	40.2	219	131	0	9	227	10	228	9.74e-58	182
WP_062591659.1	iNF517.LLMG_RS04935	42.4	92	52	1	42	132	13	104	5.85e-22	89.7
WP_062591661.1	iAF987.Gmet_3085	31.8	173	106	6	32	197	97	264	1.11e-09	60.5
WP_062591663.1	iJN1463.PP_3970	43.0	398	210	7	1	391	1	388	7.38e-106	317
WP_062591669.1	iAF692.Mbar_A1138	24.1	299	176	9	1	299	2	249	3.20e-11	63.5
WP_062591671.1	iYO844.BSU34150	28.3	293	192	5	10	285	120	411	3.68e-35	130
WP_062591671.1	iEK1008.Rv2316	32.4	275	177	4	2	274	3	270	8.74e-36	129
WP_062591671.1	iLJ478.TM1121	30.7	280	187	5	12	287	21	297	3.29e-34	125
WP_062591671.1	iYO844.BSU34600	29.8	295	173	9	10	276	128	416	8.60e-32	122
WP_062591671.1	iLJ478.TM0419	30.8	276	183	5	12	283	7	278	1.11e-32	121
WP_062591671.1	iEK1008.Rv2040c	29.0	286	194	4	11	289	9	292	9.32e-32	119
WP_062591671.1	iYS854.USA300HOU_RS01100	29.1	299	184	7	10	286	122	414	9.78e-31	119
WP_062591672.1	iEK1008.Rv1237	34.4	256	164	3	31	285	21	273	3.49e-36	130
WP_062591672.1	iYS854.USA300HOU_RS01105	32.5	271	178	4	17	285	11	278	4.43e-34	124
WP_062591675.1	iYL1228.KPN_03813	23.9	401	251	16	41	404	38	421	6.07e-15	75.9
WP_062591675.1	STM_v1_0.STM3557	25.8	295	178	11	138	404	140	421	6.13e-14	72.8
WP_062591675.1	iML1515.b3453	23.9	401	251	16	41	404	38	421	1.45e-13	71.6
WP_062591675.1	iSbBS512_1146.SbBS512_E3870	23.9	401	251	16	41	404	38	421	1.94e-13	71.2
WP_062591675.1	iLJ478.TM1120	27.0	337	210	10	105	411	101	431	2.57e-13	70.9
WP_062591675.1	iCN900.CD630_34140	22.8	342	226	11	80	409	111	426	4.54e-13	70.1
WP_062591677.1	STM_v1_0.STM4230	51.4	362	173	3	1	359	1	362	1.68e-116	342
WP_062591677.1	iPC815.YPO3712	50.8	362	175	3	1	359	1	362	6.77e-116	341
WP_062591677.1	iSF_1195.SF4170	52.2	366	166	5	1	359	1	364	1.45e-115	340
WP_062591677.1	iML1515.b4035	51.9	366	167	5	1	359	1	364	8.27e-115	338
WP_062591677.1	iSSON_1240.SSON_4213	51.9	366	167	5	1	359	1	364	8.27e-115	338
WP_062591677.1	iYL1228.KPN_04424	50.7	363	174	4	1	359	1	362	2.52e-113	334
WP_062591677.1	iPC815.YPO3793	53.5	314	142	2	1	313	1	311	1.98e-104	311
WP_062591679.1	iCN900.CD630_28190	27.5	374	230	11	13	359	3	362	5.86e-32	123
WP_062591688.1	iAF987.Gmet_1601	36.9	241	145	5	5	241	7	244	4.13e-27	104
WP_062591688.1	iAF987.Gmet_1694	34.7	239	149	4	7	241	9	244	8.24e-26	101
WP_062591688.1	iAF987.Gmet_1531	32.5	240	153	6	5	240	8	242	1.80e-24	97.8
WP_062591689.1	iMM1415.15212	25.7	362	223	10	269	622	173	496	4.14e-38	148
WP_062591689.1	iMM1415.15211	27.5	360	220	9	268	620	160	485	4.91e-36	142
WP_062591689.1	iCHOv1.100750552	26.7	359	224	8	268	620	160	485	5.52e-35	139
WP_062591689.1	iCHOv1.100756951	24.9	361	225	10	269	621	168	490	1.11e-33	135
WP_062591701.1	STM_v1_0.STM4433	22.8	294	203	7	135	417	54	334	5.88e-13	69.3
WP_062591701.1	iAF692.Mbar_A1138	23.3	317	212	11	79	395	3	288	2.87e-11	63.9
WP_062591707.1	iJN1463.PP_1478	47.9	355	183	2	6	359	4	357	4.78e-101	303
WP_062591709.1	iML1515.b0046	44.7	161	84	3	4	161	2	160	2.17e-38	130
WP_062591711.1	iML1515.b0047	43.4	617	319	6	7	619	8	598	8.27e-134	406
WP_062591711.1	iYL1228.KPN_00044	43.4	615	323	8	7	619	8	599	8.52e-134	406
WP_062591711.1	iSF_1195.SF0044	43.4	617	319	6	7	619	8	598	1.17e-133	406
WP_062591711.1	iSbBS512_1146.SbBS512_E0041	43.4	617	319	6	7	619	8	598	2.32e-133	405
WP_062591711.1	iSSON_1240.SSON_0055	43.4	617	319	6	7	619	8	598	2.32e-133	405
WP_062591711.1	iML1515.b3350	40.7	612	340	5	2	611	4	594	1.98e-129	394
WP_062591711.1	iSSON_1240.SSON_3481	40.7	612	340	5	2	611	4	594	2.79e-129	394
WP_062591711.1	STM_v1_0.STM0086	43.5	614	323	8	7	619	8	598	6.90e-129	394
WP_062591711.1	STM_v1_0.STM3457	41.6	603	329	4	11	611	13	594	3.93e-129	394
WP_062591711.1	iSbBS512_1146.SbBS512_E3725	40.7	612	340	5	2	611	4	594	3.93e-129	394
WP_062591711.1	iYL1228.KPN_03736	41.1	608	325	6	11	611	13	594	4.35e-128	391
WP_062591713.1	iYO844.BSU29700	33.1	133	76	3	245	377	5	124	6.57e-11	61.2
WP_062591713.1	iLJ478.TM1347	26.9	130	70	3	250	377	92	198	9.23e-09	56.6
WP_062591719.1	iYO844.BSU03950	25.5	549	343	19	17	536	22	533	1.95e-12	69.3
WP_062591721.1	STM_v1_0.STM0245	48.2	245	122	4	42	282	28	271	1.13e-68	213
WP_062591721.1	iSbBS512_1146.SbBS512_E0191	47.3	245	124	4	42	282	28	271	1.13e-68	213
WP_062591721.1	iSF_1195.SF0188	47.3	245	124	4	42	282	28	271	1.13e-68	213
WP_062591721.1	iSSON_1240.SSON_0211	47.3	245	124	4	42	282	28	271	1.13e-68	213
WP_062591721.1	iML1515.b0197	46.3	246	125	4	42	282	28	271	3.21e-68	212
WP_062591721.1	iSDY_1059.SDY_0216	46.9	245	125	4	42	282	28	271	3.21e-68	212
WP_062591721.1	iYL1228.KPN_00211	45.9	244	129	2	42	282	28	271	7.29e-67	209
WP_062591723.1	iJN1463.PP_0219	62.1	211	80	0	7	217	4	214	2.78e-82	243
WP_062591723.1	iCN718.ABAYE_RS11025	58.1	217	91	0	1	217	1	217	8.98e-75	224
WP_062591727.1	iEK1008.Rv2287	27.5	506	335	11	23	500	35	536	2.89e-31	126
WP_062591731.1	iSynCJ816.SGL_RS17805	29.1	381	253	6	11	383	27	398	2.09e-37	139
WP_062591733.1	iSynCJ816.SGL_RS16080	34.4	61	40	0	7	67	14	74	2.04e-07	48.5
WP_062591735.1	STM_v1_0.STM0353	61.0	747	284	4	80	824	7	748	6.46e-294	827
WP_062591737.1	iYO844.BSU33510	34.5	58	35	1	6	60	8	65	2.58e-04	35.0
WP_062591737.1	iYS854.USA300HOU_RS13885	54.5	22	10	0	5	26	7	28	3.58e-04	34.7
WP_062591739.1	STM_v1_0.STM2935	68.8	295	92	0	23	317	8	302	3.27e-151	426
WP_062591739.1	iML1515.b2752	68.5	295	93	0	23	317	8	302	4.65e-151	425
WP_062591739.1	iYL1228.KPN_03114	68.1	295	94	0	23	317	8	302	4.65e-151	425
WP_062591739.1	iSF_1195.SF2775	68.5	295	93	0	23	317	8	302	4.65e-151	425
WP_062591739.1	iSSON_1240.SSON_2900	68.5	295	93	0	23	317	8	302	4.65e-151	425
WP_062591739.1	iAF987.Gmet_2859	68.1	295	94	0	23	317	7	301	6.37e-151	425
WP_062591739.1	iPC815.YPO3366	68.8	295	92	0	23	317	8	302	1.89e-150	424
WP_062591739.1	iSbBS512_1146.SbBS512_E3122	67.8	295	95	0	23	317	8	302	1.54e-149	421
WP_062591739.1	iSDY_1059.SDY_2951	68.1	295	94	0	23	317	8	302	1.54e-149	421
WP_062591739.1	iCN718.ABAYE_RS13935	66.4	295	99	0	23	317	8	302	4.18e-147	415
WP_062591739.1	iJN1463.PP_1303	65.6	299	99	2	23	317	7	305	4.65e-147	415
WP_062591741.1	iAF987.Gmet_2858	43.3	208	117	1	29	235	26	233	2.45e-57	182
WP_062591743.1	iJN1463.PP_5064	50.6	545	259	7	4	540	6	548	1.54e-183	527
WP_062591743.1	iCHOv1.100772204	50.7	531	254	3	5	527	48	578	3.56e-180	520
WP_062591743.1	iML1515.b0311	50.2	542	260	7	1	534	1	540	3.42e-180	518
WP_062591743.1	iMM1415.218865	48.8	539	268	3	5	535	45	583	8.43e-178	514
WP_062591743.1	iCN718.ABAYE_RS14300	49.3	548	263	8	4	540	7	550	1.11e-177	512
WP_062591743.1	iYS854.USA300HOU_RS14155	47.5	535	273	6	4	531	9	542	1.13e-168	489
WP_062591749.1	iPC815.YPO1166	55.3	476	208	5	10	481	10	484	2.54e-177	506
WP_062591749.1	iCN718.ABAYE_RS14295	54.8	480	212	5	10	485	10	488	4.13e-176	503
WP_062591749.1	iYL1228.KPN_00585	55.2	480	210	5	10	485	7	485	7.49e-176	502
WP_062591749.1	iML1515.b0312	54.4	480	214	5	10	485	10	488	1.45e-171	491
WP_062591749.1	iJN1463.PP_5063	54.2	476	213	5	10	481	10	484	9.50e-170	487
WP_062591749.1	iCHOv1.100758951	51.3	485	227	7	9	487	37	518	4.93e-162	468
WP_062591749.1	iAT_PLT_636.223	51.5	485	226	7	9	487	37	518	3.80e-158	458
WP_062591757.1	iEK1008.Rv3777	46.1	310	161	3	28	332	20	328	1.90e-83	255
WP_062591769.1	iAF987.Gmet_2999	26.3	118	80	4	5	122	9	119	1.60e-04	39.7
WP_062591774.1	iEK1008.Rv0911	28.8	260	152	8	10	257	14	252	1.66e-24	98.2
WP_062591774.1	iEK1008.Rv0577	41.5	130	63	3	4	130	140	259	9.38e-24	96.3
WP_062591776.1	iAF987.Gmet_0798	31.7	205	136	2	6	209	5	206	3.01e-29	107
WP_062591776.1	iAF692.Mbar_A2583	30.1	209	137	2	1	205	1	204	2.45e-28	105
WP_062591780.1	iYO844.BSU03590	49.8	245	121	1	1	245	1	243	4.39e-78	235
WP_062591780.1	iJN1463.PP_0225	51.7	242	117	0	1	242	1	242	2.08e-77	234
WP_062591780.1	iYS854.USA300HOU_RS09925	48.6	245	120	2	1	245	3	241	4.93e-76	230
WP_062591780.1	iML1515.b1917	50.2	241	120	0	2	242	4	244	4.17e-74	225
WP_062591780.1	iYS854.USA300HOU_RS13040	48.4	246	122	2	1	246	1	241	2.70e-73	223
WP_062591780.1	iYO844.BSU27430	46.9	245	124	1	1	245	1	239	7.44e-73	222
WP_062591780.1	iCN900.CD630_21720	46.4	250	131	1	1	250	1	247	9.29e-73	222
WP_062591780.1	iCN900.CD630_07520	45.3	245	128	1	1	245	1	239	6.98e-73	222
WP_062591780.1	iYO844.BSU29340	49.2	248	119	2	1	246	1	243	1.80e-72	221
WP_062591780.1	iYO844.BSU23960	47.8	245	122	2	1	245	1	239	2.60e-70	215
WP_062591780.1	iJN1463.PP_0283	45.2	248	131	1	2	244	8	255	5.07e-69	213
WP_062591780.1	iSDY_1059.SDY_0787	48.0	246	122	1	1	246	1	240	2.98e-69	213
WP_062591780.1	iPC815.YPO2514	46.7	246	125	1	1	246	1	240	2.98e-69	213
WP_062591780.1	iSSON_1240.SSON_0789	48.0	246	122	1	1	246	1	240	4.22e-69	212
WP_062591780.1	iML1515.b0809	48.0	246	122	1	1	246	1	240	5.97e-69	212
WP_062591780.1	iSbBS512_1146.SbBS512_E2539	48.0	246	122	1	1	246	1	240	5.97e-69	212
WP_062591782.1	iML1515.b1918	56.7	217	93	1	1	217	1	216	8.50e-71	215
WP_062591782.1	iJN1463.PP_0226	58.1	210	87	1	5	214	6	214	7.92e-69	210
WP_062591782.1	iYO844.BSU03600	58.0	205	85	1	15	218	27	231	3.30e-68	209
WP_062591784.1	iYS854.USA300HOU_RS13050	46.7	242	124	2	21	257	16	257	8.97e-72	220
WP_062591784.1	iYO844.BSU03610	48.1	235	120	2	24	257	35	268	5.44e-70	216
WP_062591786.1	iML1515.b1489	21.7	212	149	8	46	247	46	250	1.35e-07	54.3
WP_062591786.1	iSSON_1240.SSON_1635	21.7	212	149	8	46	247	54	258	1.35e-07	54.3
WP_062591786.1	iSbBS512_1146.SbBS512_E1752	21.7	212	149	8	46	247	54	258	1.78e-07	53.9
WP_062591802.1	iAF987.Gmet_0987	37.8	558	333	5	124	675	226	775	1.72e-107	344
WP_062591802.1	iAF987.Gmet_3085	41.9	434	245	3	247	673	440	873	1.46e-105	342
WP_062591802.1	iAF987.Gmet_0700	37.6	558	329	8	126	673	259	807	9.14e-106	340
WP_062591802.1	iAF987.Gmet_0957	42.7	447	249	4	244	683	173	619	1.81e-107	339
WP_062591802.1	iAF987.Gmet_2629	42.6	444	248	4	249	686	368	810	1.83e-105	339
WP_062591802.1	iML1515.b1285	36.1	518	326	3	161	675	131	646	2.15e-100	322
WP_062591802.1	iAF987.Gmet_0782	36.0	575	337	10	127	684	165	725	1.95e-98	318
WP_062591803.1	iCHOv1.100752401	24.5	257	173	10	32	280	18	261	8.49e-11	61.2
WP_062591808.1	iML1515.b4266	50.6	247	118	1	5	247	4	250	4.17e-80	241
WP_062591808.1	iSSON_1240.SSON_4451	50.6	247	118	1	5	247	4	250	5.91e-80	240
WP_062591808.1	iPC815.YPO2539	49.8	247	120	1	5	247	4	250	1.80e-76	231
WP_062591808.1	STM_v1_0.STM4483	48.2	247	124	1	5	247	4	250	1.03e-75	229
WP_062591810.1	iML1515.b0462	59.4	1037	416	3	1	1032	1	1037	0.0	1135
WP_062591810.1	STM_v1_0.STM3391	59.8	1032	411	3	1	1028	1	1032	0.0	1129
WP_062591810.1	iML1515.b3266	59.9	1034	411	3	1	1030	1	1034	0.0	1127
WP_062591810.1	iML1515.b2470	58.4	1037	428	2	1	1035	1	1036	0.0	1123
WP_062591810.1	iYL1228.KPN_03673	59.7	1031	412	3	1	1028	1	1031	0.0	1123
WP_062591810.1	iSF_1195.SF2512	58.4	1037	428	2	1	1035	1	1036	0.0	1123
WP_062591810.1	iSDY_1059.SDY_2654	58.4	1037	428	2	1	1035	1	1036	0.0	1122
WP_062591810.1	iSSON_1240.SSON_2550	58.4	1037	428	2	1	1035	1	1036	0.0	1122
WP_062591810.1	iJN1463.PP_1385	58.2	1037	429	2	1	1034	1	1036	0.0	1097
WP_062591811.1	iYL1228.KPN_00863	29.1	494	319	11	20	490	12	497	1.51e-53	188
WP_062591811.1	STM_v1_0.STM0849	29.7	495	317	11	19	490	11	497	1.06e-52	186
WP_062591811.1	iML1515.b0830	28.3	501	326	12	13	490	7	497	1.97e-49	177
WP_062591811.1	iSbBS512_1146.SbBS512_E2518	28.3	501	326	12	13	490	7	497	1.97e-49	177
WP_062591811.1	iSDY_1059.SDY_0757	28.5	491	318	12	23	490	17	497	2.73e-49	176
WP_062591811.1	iSF_1195.SF0780	28.3	501	326	12	13	490	7	497	3.78e-49	176
WP_062591811.1	iSSON_1240.SSON_0812	28.3	501	326	12	13	490	7	497	3.78e-49	176
WP_062591812.1	STM_v1_0.STM0850	40.1	309	173	2	6	312	6	304	9.71e-65	206
WP_062591812.1	iYL1228.KPN_00864	39.9	308	173	2	7	312	7	304	1.94e-64	205
WP_062591812.1	iML1515.b0831	39.3	308	175	2	7	312	7	304	2.74e-64	204
WP_062591812.1	iSDY_1059.SDY_0756	39.3	308	175	2	7	312	7	304	2.74e-64	204
WP_062591812.1	iSSON_1240.SSON_0813	39.3	308	175	2	7	312	7	304	2.74e-64	204
WP_062591812.1	iSF_1195.SF0781	39.0	308	176	2	7	312	7	304	1.09e-63	203
WP_062591812.1	iSbBS512_1146.SbBS512_E2517	39.0	308	176	2	7	312	7	304	4.32e-63	201
WP_062591812.1	STM_v1_0.STM3629	38.6	334	179	4	6	314	6	338	1.22e-61	199
WP_062591812.1	iYL1228.KPN_03898	39.2	334	177	5	6	314	6	338	4.82e-61	197
WP_062591812.1	iML1515.b3543	38.3	334	180	4	6	314	6	338	1.35e-60	196
WP_062591812.1	iSDY_1059.SDY_4566	38.3	334	180	4	6	314	6	338	1.35e-60	196
WP_062591812.1	iSSON_1240.SSON_3847	38.3	334	180	4	6	314	6	338	1.35e-60	196
WP_062591812.1	iSF_1195.SF3578	38.3	334	180	4	6	314	6	338	1.90e-60	196
WP_062591812.1	iJN1463.PP_0881	37.0	327	185	2	7	312	7	333	9.34e-57	186
WP_062591813.1	iYL1228.KPN_02194	46.4	321	170	2	5	325	19	337	1.24e-95	286
WP_062591813.1	STM_v1_0.STM1743	46.1	321	171	2	5	325	17	335	3.29e-95	285
WP_062591813.1	iSbBS512_1146.SbBS512_E1415	45.5	321	173	2	5	325	19	337	5.67e-94	282
WP_062591813.1	iSDY_1059.SDY_1304	45.5	321	173	2	5	325	19	337	1.14e-93	281
WP_062591813.1	iSF_1195.SF1247	45.5	321	173	2	5	325	19	337	1.14e-93	281
WP_062591813.1	iSSON_1240.SSON_1934	45.5	321	173	2	5	325	19	337	1.14e-93	281
WP_062591813.1	iML1515.b1246	45.2	321	174	2	5	325	19	337	2.60e-92	278
WP_062591813.1	iEK1008.Rv1281c	47.8	318	163	3	4	319	3	319	3.97e-85	268
WP_062591813.1	iYO844.BSU12950	42.5	315	178	2	5	317	4	317	2.12e-85	260
WP_062591814.1	iJN1463.PP_0878	49.7	328	151	5	6	328	4	322	7.74e-98	291
WP_062591814.1	iPC815.YPO3999	46.5	310	162	3	5	311	32	340	1.55e-87	266
WP_062591814.1	iYL1228.KPN_03895	45.5	310	165	3	5	311	11	319	1.84e-86	263
WP_062591817.1	iAF987.Gmet_0075	32.2	487	281	11	3	452	2	476	3.18e-45	164
WP_062591819.1	iYL1228.KPN_02865	30.6	206	135	3	26	224	23	227	6.57e-26	102
WP_062591819.1	iEK1008.Rv2701c	34.6	211	119	5	41	235	54	261	1.01e-25	102
WP_062591819.1	iJN1463.PP_0838	30.5	236	137	4	5	221	2	229	1.96e-25	101
WP_062591819.1	iLJ478.TM1415	32.1	184	122	1	38	221	9	189	6.40e-25	99.0
WP_062591819.1	iPC815.YPO2899	29.3	205	133	4	26	221	23	224	6.76e-24	97.1
WP_062591819.1	STM_v1_0.STM2546	28.6	203	137	3	26	221	23	224	1.31e-23	96.3
WP_062591819.1	iML1515.b2533	28.6	210	128	4	26	221	23	224	1.82e-23	95.9
WP_062591819.1	iSbBS512_1146.SbBS512_E2908	28.6	210	128	4	26	221	23	224	1.82e-23	95.9
WP_062591819.1	iSDY_1059.SDY_2729	28.6	210	128	4	26	221	23	224	1.82e-23	95.9
WP_062591819.1	iSF_1195.SF2580	28.6	210	128	4	26	221	23	224	1.82e-23	95.9
WP_062591819.1	iSynCJ816.SGL_RS10525	34.4	195	106	4	41	221	50	236	1.83e-22	93.6
WP_062591819.1	iSSON_1240.SSON_2615	28.1	210	129	4	26	221	23	224	2.52e-22	92.8
WP_062591823.1	iCN900.CD630_19800	28.9	204	145	0	13	216	23	226	1.52e-28	108
WP_062591826.1	iCN900.CD630_19790	22.5	298	194	10	26	302	41	322	2.80e-11	63.2
WP_062591828.1	iYL1228.KPN_02551	38.4	245	120	4	9	225	10	251	7.15e-38	132
WP_062591828.1	iSbBS512_1146.SbBS512_E1134	37.2	231	119	2	21	225	23	253	6.81e-36	127
WP_062591828.1	iYO844.BSU38300	34.5	264	143	4	6	239	3	266	1.21e-35	127
WP_062591828.1	iML1515.b2104	35.9	231	122	2	21	225	23	253	2.66e-35	126
WP_062591828.1	iSDY_1059.SDY_2278	36.4	231	121	2	21	225	23	253	3.74e-35	125
WP_062591828.1	iSSON_1240.SSON_2152	36.4	231	121	2	21	225	23	253	7.38e-35	125
WP_062591828.1	iSF_1195.SF2166	35.9	231	122	2	21	225	23	253	2.04e-34	124
WP_062591828.1	STM_v1_0.STM2147	34.3	242	133	2	10	225	12	253	3.08e-34	123
WP_062591828.1	iYS854.USA300HOU_RS11300	35.3	258	136	6	13	240	4	260	6.24e-33	120
WP_062591830.1	iAF692.Mbar_A3318	39.1	179	103	2	34	212	38	210	2.47e-32	116
WP_062591830.1	iHN637.CLJU_RS16295	37.3	204	123	1	8	211	2	200	2.25e-32	116
WP_062591832.1	iPC815.YPO2859	50.8	260	127	1	6	264	7	266	1.11e-76	233
WP_062591832.1	iCN900.CD630_15990	50.4	258	123	4	6	262	9	262	6.58e-70	216
WP_062591832.1	iYL1228.KPN_02550	47.5	261	136	1	5	264	6	266	5.63e-69	213
WP_062591832.1	iML1515.b2103	47.9	261	135	1	5	264	6	266	1.13e-68	213
WP_062591832.1	STM_v1_0.STM2146	48.3	261	134	1	5	264	6	266	1.13e-68	213
WP_062591832.1	iSbBS512_1146.SbBS512_E1135	47.9	261	135	1	5	264	6	266	1.13e-68	213
WP_062591832.1	iSSON_1240.SSON_2151	47.9	261	135	1	5	264	6	266	1.13e-68	213
WP_062591832.1	iAF987.Gmet_2909	48.6	255	127	3	6	259	229	480	1.09e-65	212
WP_062591832.1	iSF_1195.SF2165	47.9	261	135	1	5	264	6	266	2.26e-68	212
WP_062591832.1	iSDY_1059.SDY_2277	47.5	261	136	1	5	264	6	266	9.06e-68	210
WP_062591841.1	iJN1463.PP_1169	28.8	285	192	4	3	281	1	280	2.35e-33	125
WP_062591841.1	iML1515.b3579	27.2	276	193	4	27	295	16	290	5.13e-31	119
WP_062591842.1	iYS854.USA300HOU_RS08170	32.5	237	154	2	136	371	113	344	3.14e-31	121
WP_062591845.1	iHN637.CLJU_RS11915	27.7	307	207	6	25	322	22	322	1.04e-25	104
WP_062591846.1	iJN1463.PP_2168	58.7	315	122	2	1	315	1	307	5.45e-123	354
WP_062591846.1	iSDY_1059.SDY_0008	57.7	317	133	1	1	316	1	317	5.32e-118	342
WP_062591846.1	iML1515.b0008	57.7	317	133	1	1	316	1	317	7.54e-118	342
WP_062591846.1	iSF_1195.SF0009	57.7	317	133	1	1	316	1	317	7.54e-118	342
WP_062591846.1	iSSON_1240.SSON_0009	57.7	317	133	1	1	316	1	317	7.54e-118	342
WP_062591846.1	iYL1228.KPN_00008	57.4	317	134	1	1	316	1	317	2.15e-117	340
WP_062591846.1	iSbBS512_1146.SbBS512_E0008	57.4	317	134	1	1	316	1	317	3.05e-117	340
WP_062591846.1	STM_v1_0.STM0007	57.1	317	135	1	1	316	1	317	1.75e-116	338
WP_062591846.1	iPC815.YPO0463	56.2	317	138	1	1	316	1	317	1.00e-115	336
WP_062591846.1	iSynCJ816.SGL_RS03080	56.9	318	133	2	5	318	6	323	1.23e-111	328
WP_062591846.1	iML1515.b2464	54.7	316	142	1	2	316	1	316	2.10e-112	328
WP_062591846.1	iSbBS512_1146.SbBS512_E2830	54.4	316	143	1	2	316	1	316	5.98e-112	327
WP_062591846.1	iCHOv1.100689344	55.0	320	140	3	1	316	11	330	1.71e-111	326
WP_062591846.1	iMM1415.21351	55.3	320	139	3	1	316	11	330	1.71e-111	326
WP_062591846.1	iAT_PLT_636.6888	55.0	320	140	3	1	316	11	330	2.42e-111	326
WP_062591846.1	iYL1228.KPN_02798	53.8	318	146	1	2	318	1	318	5.19e-111	324
WP_062591846.1	iSSON_1240.SSON_2544	54.4	316	143	1	2	316	1	316	4.85e-111	324
WP_062591846.1	iYL1228.KPN_01126	53.9	317	145	1	1	316	1	317	2.87e-110	322
WP_062591846.1	STM_v1_0.STM2473	53.8	316	145	1	2	316	1	316	7.92e-110	321
WP_062591847.1	STM_v1_0.STM0103	42.4	543	282	9	4	522	5	540	8.24e-130	390
WP_062591847.1	iSF_1195.SF0058	41.7	544	284	10	4	522	5	540	1.68e-128	387
WP_062591847.1	iML1515.b0063	41.7	544	284	10	4	522	5	540	2.37e-128	386
WP_062591847.1	iPC815.YPO2254	42.0	545	281	10	4	522	14	549	2.45e-128	386
WP_062591847.1	iSSON_1240.SSON_0069	41.5	544	285	10	4	522	5	540	6.69e-128	385
WP_062591847.1	iSbBS512_1146.SbBS512_E0055	41.5	544	285	10	4	522	5	540	1.33e-127	384
WP_062591847.1	iYL1228.KPN_00062	42.0	543	284	9	4	522	5	540	4.60e-126	380
WP_062591847.1	iSDY_1059.SDY_0090	40.9	541	293	8	4	522	5	540	4.70e-125	378
WP_062591849.1	iYL1228.KPN_00061	57.9	489	204	2	8	494	8	496	1.42e-212	597
WP_062591849.1	iML1515.b0062	57.2	493	209	2	8	498	8	500	6.64e-211	592
WP_062591849.1	iSSON_1240.SSON_0068	57.2	493	209	2	8	498	8	500	9.42e-211	592
WP_062591849.1	iSDY_1059.SDY_0089	57.0	493	210	2	8	498	8	500	5.41e-210	590
WP_062591849.1	iSbBS512_1146.SbBS512_E0054	57.0	493	210	2	8	498	8	500	3.11e-209	588
WP_062591849.1	iPC815.YPO2253	56.7	496	213	2	5	498	5	500	8.86e-209	587
WP_062591849.1	STM_v1_0.STM0102	56.8	493	211	2	8	498	8	500	4.14e-207	583
WP_062591849.1	iLJ478.TM0276	54.7	495	219	4	1	494	1	491	8.62e-196	554
WP_062591849.1	iYO844.BSU28800	52.7	499	232	3	1	498	1	496	1.14e-193	548
WP_062591851.1	iML1515.b0061	60.1	228	88	2	6	230	4	231	2.10e-93	273
WP_062591851.1	iSF_1195.SF0056	60.1	228	88	2	6	230	4	231	2.10e-93	273
WP_062591851.1	iSDY_1059.SDY_0088	60.1	228	88	2	6	230	4	231	2.98e-93	273
WP_062591851.1	iSSON_1240.SSON_0067	59.6	228	89	2	6	230	4	231	5.99e-93	272
WP_062591851.1	iSbBS512_1146.SbBS512_E0053	59.6	228	89	2	6	230	4	231	8.50e-93	271
WP_062591851.1	STM_v1_0.STM0101	59.2	228	90	2	6	230	4	231	9.84e-92	269
WP_062591851.1	iYL1228.KPN_04591	56.0	225	99	0	6	230	3	227	2.54e-91	268
WP_062591851.1	iYL1228.KPN_00060	58.8	228	91	2	6	230	4	231	5.65e-91	267
WP_062591851.1	iSF_1195.SF4353	56.0	225	99	0	6	230	3	227	2.94e-90	265
WP_062591851.1	iSDY_1059.SDY_4367	55.6	225	100	0	6	230	3	227	1.69e-89	263
WP_062591851.1	iML1515.b4198	56.0	225	99	0	6	230	3	227	2.40e-89	263
WP_062591851.1	STM_v1_0.STM4388	55.6	225	100	0	6	230	3	227	2.40e-89	263
WP_062591851.1	iSbBS512_1146.SbBS512_E4728	55.1	225	101	0	6	230	3	227	1.38e-88	261
WP_062591851.1	iSSON_1240.SSON_4380	55.1	225	101	0	6	230	3	227	1.95e-88	260
WP_062591851.1	STM_v1_0.STM3677	55.3	228	99	2	6	230	4	231	1.65e-85	253
WP_062591851.1	iML1515.b3583	55.3	228	99	2	6	230	4	231	2.71e-84	250
WP_062591851.1	iCN900.CD630_22780	56.3	224	97	1	7	230	5	227	1.41e-83	248
WP_062591858.1	iML1515.b4485	61.0	492	191	1	8	499	9	499	1.50e-209	590
WP_062591858.1	iSSON_1240.SSON_4410	61.0	492	191	1	8	499	9	499	8.61e-209	588
WP_062591858.1	iYL1228.KPN_04623	61.6	492	188	1	8	499	9	499	1.22e-208	587
WP_062591858.1	iSF_1195.SF4262	60.4	492	194	1	8	499	9	499	1.15e-206	582
WP_062591858.1	iPC815.YPO3907	58.9	482	197	1	18	499	14	494	5.86e-196	555
WP_062591861.1	iPC815.YPO3906	63.3	305	112	0	14	318	25	329	1.53e-123	358
WP_062591861.1	iML1515.b4230	62.4	306	115	0	12	317	22	327	2.67e-122	355
WP_062591861.1	iYL1228.KPN_04624	61.3	310	120	0	13	322	23	332	5.36e-122	354
WP_062591861.1	iSSON_1240.SSON_4411	62.1	306	116	0	12	317	22	327	1.24e-120	350
WP_062591861.1	iSF_1195.SF4261	61.4	306	118	0	12	317	22	327	3.53e-120	349
WP_062591861.1	iSbBS512_1146.SbBS512_E4854	61.4	306	118	0	12	317	22	327	2.02e-119	347
WP_062591863.1	iML1515.b4231	64.0	317	114	0	4	320	4	320	2.06e-129	372
WP_062591863.1	iSbBS512_1146.SbBS512_E4853	63.4	317	115	1	4	320	4	319	2.65e-127	366
WP_062591863.1	iSSON_1240.SSON_4412	64.5	310	110	0	11	320	3	312	4.20e-127	365
WP_062591863.1	iYL1228.KPN_04625	63.3	316	116	0	4	319	4	319	3.28e-126	363
WP_062591863.1	iSF_1195.SF4260	64.5	287	102	0	4	290	4	290	9.33e-116	335
WP_062591871.1	iCN718.ABAYE_RS04780	46.5	763	390	6	6	757	18	773	4.13e-236	678
WP_062591874.1	iLJ478.TM1724	41.9	246	136	4	3	244	2	244	9.25e-51	166
WP_062591874.1	iAF987.Gmet_1531	37.1	248	150	4	1	245	1	245	1.41e-47	157
WP_062591874.1	iEK1008.Rv1350	41.7	242	131	4	7	243	8	244	1.49e-46	155
WP_062591884.1	iEK1008.Rv2188c	28.8	233	146	6	140	354	148	378	5.14e-11	63.2
WP_062591884.1	iLB1027_lipid.PHATRDRAFT_50356	31.6	98	64	1	215	312	304	398	6.70e-11	63.2
WP_062591884.1	iSynCJ816.SGL_RS12975	40.4	89	50	1	215	303	260	345	4.11e-09	57.4
WP_062591890.1	iJN1463.PP_0129	43.1	174	97	2	211	384	471	642	9.57e-31	123
WP_062591896.1	iML1515.b0886	29.1	158	98	5	773	929	424	568	2.79e-09	60.5
WP_062591896.1	iSSON_1240.SSON_0887	29.1	158	98	5	773	929	424	568	2.79e-09	60.5
WP_062591896.1	iSF_1195.SF0845	28.5	158	99	5	773	929	424	568	4.83e-09	59.7
WP_062591896.1	iJN1463.PP_4935	20.0	451	312	9	59	502	53	461	8.66e-09	58.9
WP_062591896.1	iSbBS512_1146.SbBS512_E2443	27.2	158	101	4	773	929	424	568	1.45e-08	58.2
WP_062591897.1	iEK1008.Rv2188c	29.6	203	140	3	203	402	172	374	3.70e-19	88.2
WP_062591899.1	iSynCJ816.SGL_RS06335	34.7	395	240	6	9	393	40	426	4.17e-70	226
WP_062591900.1	iLJ478.TM1065	56.1	360	157	1	46	405	6	364	5.22e-148	424
WP_062591900.1	iLJ478.TM0059	56.1	360	157	1	47	406	3	361	7.25e-142	408
WP_062591902.1	iLJ478.TM1066	54.4	327	149	0	1	327	1	327	1.17e-115	337
WP_062591902.1	iLJ478.TM0060	52.3	329	154	3	1	327	1	328	5.60e-114	333
WP_062591904.1	iLJ478.TM1067	29.0	614	416	12	32	635	51	654	1.12e-75	254
WP_062591904.1	iLJ478.TM0056	29.9	612	375	18	32	613	49	636	8.85e-67	230
WP_062591906.1	iEK1008.Rv1319c	31.1	212	126	5	197	400	336	535	4.30e-17	83.2
WP_062591908.1	iLJ478.TM0583	47.2	426	215	5	8	429	1	420	1.92e-128	378
WP_062591908.1	iHN637.CLJU_RS16810	45.0	422	224	4	9	428	8	423	2.60e-124	367
WP_062591918.1	iAF987.Gmet_3433	36.8	372	232	3	8	377	9	379	1.96e-77	244
WP_062591922.1	iCN718.ABAYE_RS13105	35.0	200	123	4	9	207	6	199	1.59e-20	88.6
WP_062591922.1	iSynCJ816.SGL_RS07245	34.5	194	119	5	11	203	8	194	8.62e-21	88.6
WP_062591922.1	iJN1463.PP_4862	38.2	173	98	3	14	183	7	173	1.35e-20	88.2
WP_062591922.1	iHN637.CLJU_RS17225	32.8	195	123	5	11	204	10	197	1.69e-19	85.1
WP_062591922.1	iLJ478.TM1724	33.5	197	120	5	11	205	7	194	4.18e-19	84.0
WP_062591922.1	iCN718.ABAYE_RS01085	33.3	195	124	4	9	202	6	195	9.38e-19	83.6
WP_062591922.1	iCN718.ABAYE_RS13055	36.0	203	120	5	7	207	11	205	1.27e-18	83.2
WP_062591922.1	iJN1463.PP_3073	34.0	200	121	5	12	210	8	197	4.69e-18	81.3
WP_062591922.1	iCN718.ABAYE_RS13080	38.4	203	115	5	7	207	12	206	1.65e-17	80.1
WP_062591922.1	iNF517.LLMG_RS08260	33.9	192	114	4	11	200	4	184	1.17e-17	80.1
WP_062591928.1	iJN1463.PP_0261	41.9	260	135	4	2	254	1	251	9.58e-57	182
WP_062591928.1	iSF_1195.SF4272	44.5	254	126	5	1	252	1	241	2.40e-55	177
WP_062591928.1	iSbBS512_1146.SbBS512_E4758	44.5	254	126	5	1	252	1	241	1.36e-54	176
WP_062591928.1	iSDY_1059.SDY_4385	44.5	254	126	5	1	252	1	241	1.36e-54	176
WP_062591928.1	iSSON_1240.SSON_4399	44.5	254	126	5	1	252	1	241	1.36e-54	176
WP_062591928.1	iML1515.b4214	44.1	254	127	5	1	252	1	241	1.92e-54	175
WP_062591930.1	iJN1463.PP_4866	45.8	301	158	3	4	300	5	304	2.37e-75	232
WP_062591930.1	iYL1228.KPN_03819	45.1	304	159	3	3	300	7	308	1.52e-74	230
WP_062591930.1	iML1515.b3457	44.7	304	160	3	3	300	7	308	1.72e-73	228
WP_062591930.1	STM_v1_0.STM3563	44.7	304	160	3	3	300	7	308	1.72e-73	228
WP_062591930.1	iSbBS512_1146.SbBS512_E3865	44.7	304	160	3	3	300	7	308	1.72e-73	228
WP_062591930.1	iSSON_1240.SSON_3695	44.7	304	160	3	3	300	7	308	1.72e-73	228
WP_062591930.1	iSF_1195.SF3475	44.4	304	161	3	3	300	7	308	3.89e-72	224
WP_062591930.1	iPC815.YPO3807	43.8	304	163	3	3	300	7	308	3.89e-72	224
WP_062591930.1	iJN1463.PP_1140	44.4	304	161	3	3	300	6	307	1.51e-71	223
WP_062591935.1	iJN1463.PP_4864	47.8	293	126	3	9	277	1	290	1.62e-86	260
WP_062591935.1	STM_v1_0.STM3561	52.1	259	115	3	13	271	4	253	2.67e-84	253
WP_062591935.1	iYL1228.KPN_03817	51.7	259	116	3	13	271	4	253	4.33e-83	250
WP_062591935.1	iPC815.YPO3805	51.7	263	118	4	9	271	1	254	2.47e-82	248
WP_062591935.1	iML1515.b3455	51.0	259	118	3	13	271	4	253	9.95e-82	247
WP_062591935.1	iSbBS512_1146.SbBS512_E3867	51.0	259	118	3	13	271	4	253	9.95e-82	247
WP_062591935.1	iSF_1195.SF3473	51.0	259	118	3	13	271	4	253	9.95e-82	247
WP_062591935.1	iSSON_1240.SSON_3693	51.0	259	118	3	13	271	4	253	9.95e-82	247
WP_062591935.1	iSDY_1059.SDY_3604	50.6	259	119	3	13	271	4	253	2.83e-81	246
WP_062591935.1	iJN1463.PP_1138	49.0	263	124	5	9	271	1	253	9.18e-80	242
WP_062591935.1	iLJ478.TM1138	47.0	285	129	3	5	273	2	280	2.32e-79	242
WP_062591936.1	iJN1463.PP_4863	59.7	238	94	2	2	239	3	238	4.22e-93	273
WP_062591936.1	iJN1463.PP_1137	57.7	234	98	1	4	237	1	233	1.11e-89	264
WP_062591936.1	iLJ478.TM1139	57.5	233	97	2	4	235	5	236	3.15e-88	260
WP_062591936.1	STM_v1_0.STM3560	57.3	234	99	1	4	237	5	237	7.90e-86	254
WP_062591936.1	iPC815.YPO3804	56.4	234	101	1	4	237	1	233	2.80e-85	253
WP_062591936.1	iYL1228.KPN_03816	56.0	234	102	1	4	237	5	237	9.11e-85	251
WP_062591936.1	iML1515.b3454	56.4	234	101	1	4	237	5	237	2.60e-84	250
WP_062591936.1	iSbBS512_1146.SbBS512_E3868	56.4	234	101	1	4	237	9	241	2.96e-84	250
WP_062591936.1	iSSON_1240.SSON_3692	56.4	234	101	1	4	237	9	241	2.96e-84	250
WP_062591936.1	iSF_1195.SF3472	56.4	234	101	1	4	237	5	237	3.69e-84	250
WP_062591936.1	iSDY_1059.SDY_3603	56.0	234	102	1	4	237	9	241	3.42e-83	248
WP_062591940.1	iJN1463.PP_4867	51.8	369	170	6	2	366	7	371	1.21e-117	345
WP_062591942.1	iAF987.Gmet_2999	43.1	116	66	0	11	126	10	125	1.20e-25	104
WP_062591944.1	iJN1463.PP_4841	65.0	406	131	5	4	399	4	408	1.79e-177	501
WP_062591946.1	iJN1463.PP_4842	53.7	438	198	3	102	535	59	495	2.37e-125	375
WP_062591948.1	iJN1463.PP_4843	57.0	351	144	2	8	358	12	355	8.52e-139	399
WP_062591950.1	iJN1463.PP_4844	60.9	243	95	0	8	250	43	285	2.03e-97	286
WP_062591950.1	iSynCJ816.SGL_RS13090	54.3	245	111	1	5	249	1	244	1.27e-85	259
WP_062591952.1	iJN1463.PP_4845	50.9	232	113	1	1	231	1	232	3.02e-77	232
WP_062591952.1	iSynCJ816.SGL_RS14500	49.1	234	115	2	1	231	1	233	1.67e-74	225
WP_062591957.1	iYL1228.KPN_03465	73.7	99	26	0	1	99	1	99	5.97e-50	152
WP_062591957.1	iJN1463.PP_2843	70.7	99	29	0	1	99	1	99	3.31e-47	145
WP_062591962.1	iJN1463.PP_2844	72.3	101	28	0	1	101	1	101	4.01e-47	145
WP_062591962.1	iSynCJ816.SGL_RS11790	67.3	101	33	0	1	101	1	101	4.98e-45	140
WP_062591962.1	iCN718.ABAYE_RS13875	63.4	101	37	0	1	101	1	101	1.94e-42	134
WP_062591970.1	iSynCJ816.SGL_RS04480	74.0	570	147	1	1	570	1	569	1.66e-312	855
WP_062591970.1	iYL1228.KPN_03467	71.9	566	157	2	5	570	4	567	1.46e-303	833
WP_062591970.1	iJN1463.PP_2845	71.4	566	160	2	5	570	4	567	3.96e-301	827
WP_062591970.1	iCN718.ABAYE_RS13870	72.5	567	154	2	4	570	2	566	1.09e-300	825
WP_062591974.1	iSynCJ816.SGL_RS06645	39.8	123	74	0	22	144	19	141	5.01e-21	83.6
WP_062591975.1	iJN1463.PP_2849	66.0	203	68	1	1	203	1	202	1.32e-96	279
WP_062591975.1	iSynCJ816.SGL_RS03920	69.1	191	59	0	7	197	5	195	2.45e-94	273
WP_062591977.1	iYL1228.KPN_04320	35.6	205	128	2	1	205	1	201	2.07e-26	100
WP_062591977.1	STM_v1_0.STM3960	34.1	205	131	2	1	205	1	201	2.24e-25	97.8
WP_062591977.1	iML1515.b3824	35.1	205	129	2	1	205	1	201	3.14e-25	97.4
WP_062591977.1	iSbBS512_1146.SbBS512_E4291	35.1	205	129	2	1	205	1	201	3.14e-25	97.4
WP_062591977.1	iPC815.YPO3831	32.1	209	138	1	1	209	1	205	3.14e-25	97.4
WP_062591979.1	iJN1463.PP_3426	26.6	1061	725	22	1	1031	1	1037	3.61e-80	284
WP_062591979.1	iSDY_1059.SDY_2654	26.0	1053	718	19	8	1031	6	1026	1.29e-79	282
WP_062591979.1	iSSON_1240.SSON_2550	26.1	1061	707	22	8	1031	6	1026	1.29e-79	282
WP_062591979.1	iML1515.b2470	26.1	1060	708	22	8	1031	6	1026	1.75e-79	281
WP_062591979.1	iSF_1195.SF2512	26.1	1060	708	22	8	1031	6	1026	8.06e-79	280
WP_062591981.1	iCN900.CD630_19790	32.7	113	71	3	25	134	40	150	1.88e-10	60.8
WP_062591983.1	iCN900.CD630_19800	26.6	244	165	3	38	275	14	249	5.28e-26	102
WP_062591983.1	iYO844.BSU08850	27.4	270	186	5	18	284	14	276	1.52e-25	102
WP_062591985.1	iSynCJ816.SGL_RS06590	26.4	182	125	3	61	238	50	226	1.29e-12	66.2
WP_062591985.1	iCN900.CD630_19040	28.5	151	96	3	86	232	72	214	1.01e-11	63.5
WP_062591985.1	iSynCJ816.SGL_RS16570	22.5	160	118	2	84	242	82	236	2.35e-10	59.7
WP_062591987.1	iAF987.Gmet_1899	40.8	240	130	5	22	257	7	238	1.82e-58	187
WP_062591987.1	iJN1463.PP_0209	41.0	239	139	1	22	260	11	247	2.23e-55	179
WP_062591987.1	iYL1228.KPN_00312	40.2	249	138	3	31	270	7	253	7.92e-55	177
WP_062591987.1	iSynCJ816.SGL_RS16580	42.8	236	129	5	33	264	17	250	8.78e-51	176
WP_062591987.1	iSynCJ816.SGL_RS05565	38.2	249	146	2	27	269	8	254	6.11e-54	175
WP_062591987.1	iYO844.BSU08830	39.0	228	127	4	39	264	20	237	4.99e-53	172
WP_062591987.1	iJN1463.PP_0232	39.7	229	131	2	41	264	21	247	8.61e-53	172
WP_062591987.1	iCN900.CD630_23610	37.2	247	150	2	22	268	3	244	1.72e-52	171
WP_062591991.1	iJN1463.PP_4036	52.9	476	221	1	5	477	4	479	3.72e-181	515
WP_062591997.1	iJN1463.PP_0614	47.1	408	216	0	5	412	13	420	1.28e-127	374
WP_062591997.1	iJN1463.PP_4034	47.5	400	210	0	10	409	15	414	7.75e-127	372
WP_062591999.1	iSynCJ816.SGL_RS08340	29.0	286	200	2	248	532	11	294	5.20e-35	134
WP_062592001.1	iJN1463.PP_1251	69.8	493	148	1	47	539	6	497	8.05e-250	695
WP_062592001.1	iJN1463.PP_2925	69.0	496	151	3	45	539	23	516	3.87e-246	686
WP_062592001.1	iSSON_1240.SSON_2268	62.6	521	192	2	49	567	29	548	3.50e-232	651
WP_062592001.1	iSbBS512_1146.SbBS512_E0730	62.6	521	192	2	49	567	29	548	4.96e-232	650
WP_062592001.1	iML1515.b2210	62.6	521	192	2	49	567	29	548	9.98e-232	650
WP_062592001.1	iSDY_1059.SDY_0866	62.4	521	193	2	49	567	29	548	2.01e-231	649
WP_062592001.1	iYL1228.KPN_02629	62.0	495	187	1	49	543	25	518	1.10e-222	627
WP_062592003.1	iJN1463.PP_4038	66.2	432	131	5	1	430	1	419	4.65e-202	564
WP_062592005.1	iJN1463.PP_4037	51.7	439	205	3	12	444	12	449	1.63e-140	410
WP_062592007.1	iHN637.CLJU_RS11915	26.0	319	214	8	10	316	12	320	1.48e-18	84.3
WP_062592010.1	iHN637.CLJU_RS00965	26.4	220	153	5	115	333	125	336	2.54e-08	55.5
WP_062592012.1	iEK1008.Rv2040c	29.3	259	175	5	11	264	13	268	1.25e-29	113
WP_062592012.1	iLJ478.TM1121	30.1	282	186	8	7	282	17	293	3.60e-26	104
WP_062592014.1	iEK1008.Rv1237	29.9	278	180	5	6	274	2	273	5.00e-30	113
WP_062592014.1	iCN900.CD630_34150	28.1	253	176	5	26	274	36	286	1.88e-26	104
WP_062592015.1	iPC815.YPO3712	51.5	361	147	3	1	333	1	361	5.59e-114	334
WP_062592015.1	iYL1228.KPN_04424	50.7	361	150	4	1	333	1	361	3.88e-109	322
WP_062592015.1	iML1515.b4035	50.1	363	151	4	1	333	1	363	1.18e-108	321
WP_062592015.1	iSSON_1240.SSON_4213	50.1	363	151	4	1	333	1	363	1.18e-108	321
WP_062592015.1	iSF_1195.SF4170	49.9	363	152	4	1	333	1	363	9.51e-108	318
WP_062592015.1	STM_v1_0.STM4230	49.9	361	153	4	1	333	1	361	2.53e-107	317
WP_062592015.1	STM_v1_0.STM3554	49.3	357	155	7	1	332	1	356	3.53e-104	309
WP_062592015.1	iML1515.b3450	48.2	357	159	6	1	332	1	356	2.85e-103	306
WP_062592015.1	iEK1008.Rv1238	46.3	380	150	5	1	326	1	380	9.22e-103	306
WP_062592015.1	iSbBS512_1146.SbBS512_E3873	48.2	357	159	6	1	332	1	356	1.62e-102	305
WP_062592015.1	iPC815.YPO3793	47.5	356	162	4	1	332	1	355	3.36e-102	304
WP_062592015.1	iYL1228.KPN_03810	48.3	350	156	5	1	326	1	349	3.72e-101	301
WP_062592017.1	iYL1228.KPN_02061	38.0	250	152	1	7	253	3	252	7.85e-50	164
WP_062592017.1	iCN718.ABAYE_RS09965	38.3	256	155	1	1	253	2	257	2.83e-48	160
WP_062592017.1	iEK1008.Rv1928c	38.7	256	138	5	4	253	9	251	2.34e-45	152
WP_062592019.1	STM_v1_0.STM3136	37.8	484	293	5	9	485	4	486	1.01e-98	305
WP_062592019.1	iSbBS512_1146.SbBS512_E4791	39.7	469	276	5	20	482	14	481	2.20e-96	299
WP_062592019.1	iSSON_1240.SSON_4478	39.4	469	277	5	20	482	14	481	1.23e-95	297
WP_062592019.1	iML1515.b4323	39.2	469	278	5	20	482	14	481	2.43e-95	296
WP_062592019.1	iSF_1195.SF4197	39.2	469	278	5	20	482	14	481	1.35e-94	295
WP_062592019.1	iYL1228.KPN_01587	38.7	478	284	6	13	484	6	480	2.39e-92	289
WP_062592021.1	iML1515.b3715	33.7	190	125	1	1	189	1	190	2.20e-27	103
WP_062592023.1	iYL1228.KPN_02547	39.6	523	300	4	5	515	8	526	1.02e-113	347
WP_062592032.1	iJN1463.PP_4687	38.2	254	144	4	12	264	12	253	1.01e-47	159
WP_062592032.1	iSSON_1240.SSON_4459	35.8	260	153	4	6	264	7	253	9.27e-42	143
WP_062592032.1	iML1515.b4287	35.8	260	153	4	6	264	7	253	1.30e-41	143
WP_062592035.1	iJN1463.PP_4689	34.5	264	169	4	44	304	29	291	2.36e-36	131
WP_062592052.1	iML1515.b1487	29.0	528	339	11	18	539	12	509	8.56e-49	176
WP_062592052.1	iSSON_1240.SSON_1637	28.6	528	341	11	18	539	12	509	4.12e-47	171
WP_062592052.1	iSbBS512_1146.SbBS512_E1750	28.2	529	342	12	18	539	12	509	1.08e-46	170
WP_062592054.1	iSSON_1240.SSON_1638	43.8	315	176	1	39	353	20	333	2.48e-85	261
WP_062592054.1	iML1515.b1486	43.8	315	176	1	39	353	20	333	4.97e-85	260
WP_062592054.1	iJN1463.PP_0881	41.7	331	190	2	26	355	5	333	1.26e-81	251
WP_062592054.1	iYL1228.KPN_03898	40.8	333	193	3	26	355	5	336	6.27e-77	239
WP_062592054.1	iSF_1195.SF3578	39.6	333	197	3	26	355	5	336	9.94e-76	236
WP_062592056.1	iSSON_1240.SSON_1639	46.4	291	151	4	19	309	11	296	5.36e-75	231
WP_062592056.1	iML1515.b1485	46.0	291	152	4	19	309	11	296	6.07e-74	229
WP_062592056.1	iJN1463.PP_0880	46.0	276	143	2	35	305	29	303	1.16e-73	228
WP_062592056.1	iSbBS512_1146.SbBS512_E1748	45.7	291	149	5	19	309	11	292	4.87e-72	224
WP_062592056.1	iYL1228.KPN_03897	46.0	276	143	2	35	305	23	297	2.33e-71	222
WP_062592056.1	iSDY_1059.SDY_4565	46.0	276	143	2	35	305	23	297	9.32e-71	221
WP_062592056.1	STM_v1_0.STM3628	44.9	276	146	2	35	305	23	297	2.10e-69	217
WP_062592056.1	iML1515.b3542	45.3	276	145	2	35	305	23	297	2.97e-69	217
WP_062592056.1	iSSON_1240.SSON_3848	44.9	276	146	2	35	305	23	297	5.94e-69	216
WP_062592056.1	iSF_1195.SF3577	44.9	276	146	2	35	305	23	297	8.39e-69	216
WP_062592056.1	iPC815.YPO4001	44.6	276	147	2	35	305	23	297	3.77e-67	211
WP_062592058.1	iSSON_1240.SSON_1640	46.3	270	142	3	3	269	4	273	3.22e-72	224
WP_062592058.1	iSbBS512_1146.SbBS512_E1747	46.3	270	142	3	3	269	4	273	1.03e-70	220
WP_062592058.1	iML1515.b1484	46.3	270	142	3	3	269	4	273	1.45e-70	220
WP_062592058.1	iSDY_1059.SDY_1304	44.9	276	149	3	4	277	19	293	3.77e-70	219
WP_062592058.1	iSF_1195.SF1247	44.9	276	149	3	4	277	19	293	3.77e-70	219
WP_062592058.1	iSSON_1240.SSON_1934	44.9	276	149	3	4	277	19	293	3.77e-70	219
WP_062592058.1	iYO844.BSU12950	44.6	276	150	3	1	273	1	276	5.03e-70	219
WP_062592058.1	iSbBS512_1146.SbBS512_E1415	44.9	276	149	3	4	277	19	293	5.33e-70	219
WP_062592058.1	iML1515.b1246	44.9	276	149	3	4	277	19	293	7.53e-70	218
WP_062592058.1	iLJ478.TM1749	45.8	262	140	2	1	260	1	262	5.16e-70	218
WP_062592058.1	STM_v1_0.STM1743	46.4	261	137	3	4	262	17	276	2.84e-69	217
WP_062592058.1	iYL1228.KPN_02194	44.9	276	149	3	4	277	19	293	4.25e-69	216
WP_062592058.1	STM_v1_0.STM3627	46.2	262	139	2	4	263	3	264	4.50e-69	216
WP_062592058.1	iYL1228.KPN_03896	45.8	262	140	2	4	263	3	264	8.99e-69	215
WP_062592058.1	iML1515.b3541	45.5	268	144	2	4	269	3	270	1.80e-68	214
WP_062592058.1	iSF_1195.SF3576	45.5	268	144	2	4	269	3	270	1.80e-68	214
WP_062592058.1	iPC815.YPO4000	46.6	262	138	2	4	263	3	264	2.47e-68	214
WP_062592058.1	iSSON_1240.SSON_3849	45.5	268	144	2	4	269	3	270	5.07e-68	213
WP_062592058.1	iSDY_1059.SDY_4564	45.1	268	145	2	4	269	3	270	5.71e-67	211
WP_062592058.1	iYS854.USA300HOU_RS01050	45.2	272	144	4	1	268	1	271	1.27e-64	210
WP_062592058.1	iLJ478.TM0058	42.9	268	145	4	1	260	1	268	1.61e-64	204
WP_062592058.1	iJN1463.PP_0879	46.2	264	137	4	4	263	3	265	2.49e-64	204
WP_062592058.1	iLJ478.TM1064	44.6	276	147	4	1	270	1	276	6.59e-64	203
WP_062592058.1	iSDY_1059.SDY_0758	44.2	265	140	3	4	260	1	265	7.18e-61	202
WP_062592058.1	iSSON_1240.SSON_0811	44.2	265	140	3	4	260	1	265	1.00e-60	202
WP_062592061.1	iYS854.USA300HOU_RS01050	41.7	230	127	3	17	240	294	522	2.04e-59	196
WP_062592061.1	iEK1008.Rv1281c	46.7	229	117	3	16	240	373	600	3.54e-56	189
WP_062592061.1	iLJ478.TM1063	44.8	221	110	4	18	226	29	249	1.92e-57	186
WP_062592061.1	iJN1463.PP_4150	47.2	231	115	4	18	243	300	528	2.76e-55	185
WP_062592061.1	iYS854.USA300HOU_RS04905	42.3	234	127	3	16	242	24	256	3.59e-57	184
WP_062592061.1	iML1515.b1247	44.6	231	121	3	18	242	38	267	4.98e-56	182
WP_062592061.1	iSDY_1059.SDY_1305	44.6	231	121	3	18	242	38	267	4.98e-56	182
WP_062592061.1	iSF_1195.SF1248	44.6	231	121	3	18	242	38	267	4.98e-56	182
WP_062592061.1	iSSON_1240.SSON_1933	44.6	231	121	3	18	242	38	267	7.03e-56	181
WP_062592061.1	iJN1463.PP_0878	41.9	258	134	5	1	243	1	257	7.21e-56	181
WP_062592061.1	iSbBS512_1146.SbBS512_E1416	44.6	231	121	3	18	242	38	267	9.92e-56	181
WP_062592061.1	STM_v1_0.STM1742	44.2	231	122	3	18	242	38	267	2.78e-55	180
WP_062592061.1	iSF_1195.SF0779	43.0	235	128	3	13	242	322	555	1.02e-52	179
WP_062592061.1	iML1515.b0829	43.0	235	128	3	13	242	333	566	1.65e-52	179
WP_062592061.1	iSbBS512_1146.SbBS512_E2519	43.0	235	128	3	13	242	333	566	1.65e-52	179
WP_062592061.1	iSSON_1240.SSON_0811	43.0	235	128	3	13	242	322	555	1.42e-52	179
WP_062592061.1	iYL1228.KPN_03895	44.0	232	122	4	18	243	36	265	8.44e-55	179
WP_062592061.1	iSDY_1059.SDY_0758	43.0	235	128	3	13	242	322	555	1.98e-52	179
WP_062592061.1	iSDY_1059.SDY_4563	43.5	232	123	4	18	243	36	265	1.10e-54	178
WP_062592061.1	STM_v1_0.STM0848	41.7	235	131	3	13	242	333	566	6.17e-52	177
WP_062592061.1	iSF_1195.SF3575	43.5	232	123	4	18	243	36	265	3.09e-54	177
WP_062592061.1	iSSON_1240.SSON_3850	43.5	232	123	4	18	243	36	265	3.09e-54	177
WP_062592061.1	iML1515.b3540	43.5	232	123	4	18	243	36	265	4.36e-54	177
WP_062592061.1	iYL1228.KPN_02193	43.3	231	124	3	18	242	38	267	4.36e-54	177
WP_062592061.1	iLJ478.TM1750	41.2	228	128	3	18	240	31	257	5.26e-54	176
WP_062592062.1	iML1515.b3253	47.7	325	168	2	6	330	2	324	2.99e-97	290
WP_062592071.1	iJN1463.PP_0382	32.0	228	129	9	26	245	29	238	2.22e-16	76.3
WP_062592073.1	iLB1027_lipid.PHATRDRAFT_12043	35.4	158	85	4	46	188	58	213	1.28e-20	87.0
WP_062592077.1	iYL1228.KPN_00507	39.2	329	197	2	4	330	5	332	1.91e-70	222
WP_062592077.1	STM_v1_0.STM4433	38.7	328	189	6	3	322	4	327	2.13e-64	206
WP_062592082.1	iPC815.YPO4037	35.1	353	206	9	1	353	1	330	4.86e-53	177
WP_062592082.1	iML1515.b3566	35.5	324	188	7	30	353	28	330	1.43e-51	174
WP_062592082.1	iSF_1195.SF3610	35.5	324	188	7	30	353	28	330	1.43e-51	174
WP_062592082.1	iSbBS512_1146.SbBS512_E3956	35.2	324	182	8	30	353	40	335	9.55e-50	169
WP_062592082.1	iYL1228.KPN_03930	33.6	324	194	6	30	353	10	312	1.83e-46	160
WP_062592084.1	iSbBS512_1146.SbBS512_E3955	48.0	506	257	4	4	507	3	504	3.17e-154	449
WP_062592084.1	iML1515.b3567	48.2	506	256	4	4	507	3	504	4.49e-154	449
WP_062592084.1	iYL1228.KPN_03931	48.1	509	259	4	4	511	3	507	9.01e-154	448
WP_062592084.1	iSF_1195.SF3611	48.0	506	257	4	4	507	3	504	2.56e-153	447
WP_062592084.1	iPC815.YPO4036	46.7	505	265	3	4	507	3	504	1.87e-152	444
WP_062592086.1	iYL1228.KPN_03932	39.2	401	223	3	3	401	11	392	4.66e-82	256
WP_062592086.1	iML1515.b3568	38.1	383	219	2	21	401	26	392	2.82e-77	244
WP_062592086.1	iSbBS512_1146.SbBS512_E3954	38.1	383	219	2	21	401	26	392	2.82e-77	244
WP_062592086.1	iSF_1195.SF3612	38.1	383	219	2	21	401	26	392	2.82e-77	244
WP_062592086.1	iPC815.YPO4035	37.6	391	210	4	21	401	27	393	1.15e-76	242
WP_062592101.1	iJN1463.PP_0612	27.6	392	228	12	7	373	4	364	2.96e-20	90.9
WP_062592108.1	iJN1463.PP_4286	60.9	302	117	1	1	302	1	301	2.20e-141	400
WP_062592110.1	iJN1463.PP_4288	49.3	152	76	1	6	156	4	155	1.13e-43	142
WP_062592112.1	iJN1463.PP_4285	56.0	116	51	0	5	120	2	117	5.54e-43	136
WP_062592112.1	iYO844.BSU32460	53.4	116	51	1	5	120	2	114	3.38e-41	132
WP_062592114.1	STM_v1_0.STM3694	46.8	370	195	2	7	375	7	375	6.69e-118	347
WP_062592114.1	iYL1228.KPN_03949	46.5	370	196	2	7	375	7	375	3.57e-117	345
WP_062592114.1	iML1515.b3605	46.5	370	196	2	7	375	7	375	5.40e-117	345
WP_062592114.1	iSbBS512_1146.SbBS512_E4031	46.5	370	196	2	7	375	7	375	5.40e-117	345
WP_062592114.1	iSF_1195.SF3644	46.5	370	196	2	7	375	7	375	5.40e-117	345
WP_062592114.1	iSSON_1240.SSON_3800	46.5	370	196	2	7	375	7	375	5.40e-117	345
WP_062592114.1	iSDY_1059.SDY_4038	46.5	370	196	2	7	375	7	375	7.65e-117	344
WP_062592114.1	iCN718.ABAYE_RS18840	46.2	370	197	2	7	375	7	375	1.63e-115	340
WP_062592114.1	iJN1463.PP_4736	46.9	371	193	3	7	375	7	375	1.41e-113	335
WP_062592114.1	iPC815.YPO1569	44.9	372	203	2	7	377	7	377	3.99e-113	334
WP_062592116.1	iCN718.ABAYE_RS19255	48.0	431	215	5	5	431	9	434	1.91e-141	411
WP_062592116.1	iJN1463.PP_4281	49.8	414	204	3	17	429	19	429	2.27e-138	403
WP_062592116.1	iML1515.b2883	47.9	399	206	1	31	429	37	433	3.69e-133	390
WP_062592116.1	iYL1228.KPN_01791	47.9	401	207	1	28	428	31	429	6.17e-131	384
WP_062592128.1	iJN1463.PP_4279	54.9	762	340	3	15	776	24	781	2.27e-286	807
WP_062592128.1	iCN718.ABAYE_RS06015	52.2	760	354	6	19	772	19	775	5.19e-260	739
WP_062592130.1	iJN1463.PP_4278	45.4	474	249	4	19	487	2	470	8.68e-131	388
WP_062592130.1	iCN718.ABAYE_RS06010	44.2	468	243	5	32	487	19	480	1.85e-122	367
WP_062592132.1	iSynCJ816.SGL_RS16015	33.2	247	156	4	8	247	29	273	2.05e-42	145
WP_062592132.1	iSynCJ816.SGL_RS14930	33.3	231	153	1	12	241	40	270	2.62e-41	142
WP_062592132.1	iSynCJ816.SGL_RS14865	33.3	249	162	4	1	247	5	251	2.61e-41	141
WP_062592134.1	iEK1008.Rv1819c	22.3	364	241	8	80	405	58	417	4.87e-11	64.3
WP_062592140.1	iAF987.Gmet_2444	37.4	115	68	3	5	119	24	134	1.68e-08	56.6
WP_062592140.1	iCN900.CD630_14790	26.2	187	127	6	1	181	1	182	4.01e-08	55.5
WP_062592140.1	iPC815.YPO0132	30.2	162	104	5	4	159	5	163	1.25e-07	53.9
WP_062592140.1	iML1515.b3409	30.9	162	103	5	4	159	5	163	2.87e-07	52.8
WP_062592140.1	iSbBS512_1146.SbBS512_E3790	30.9	162	103	5	4	159	5	163	3.79e-07	52.4
WP_062592140.1	iSDY_1059.SDY_3667	30.9	162	103	5	4	159	5	163	3.79e-07	52.4
WP_062592140.1	iSF_1195.SF3428	30.9	162	103	5	4	159	5	163	3.79e-07	52.4
WP_062592140.1	iHN637.CLJU_RS06865	29.9	157	103	6	2	155	5	157	6.30e-07	51.6
WP_062592140.1	STM_v1_0.STM3506	30.1	166	99	6	4	159	5	163	6.59e-07	51.6
WP_062592140.1	iAF692.Mbar_A1452	26.4	182	109	6	5	174	8	176	8.24e-07	51.2
WP_062592142.1	iSF_1195.SF3557	36.9	306	186	5	3	302	77	381	1.09e-52	176
WP_062592142.1	STM_v1_0.STM3612	36.8	307	187	5	3	303	4	309	4.79e-53	175
WP_062592142.1	iML1515.b3526	36.6	306	187	5	3	302	4	308	9.51e-53	174
WP_062592142.1	iSSON_1240.SSON_3865	36.6	306	187	5	3	302	77	381	8.39e-52	174
WP_062592142.1	iYL1228.KPN_03876	38.0	308	182	6	3	303	4	309	3.75e-52	173
WP_062592142.1	iSbBS512_1146.SbBS512_E3932	36.3	306	188	5	3	302	4	308	2.08e-51	171
WP_062592142.1	iPC815.YPO3990	37.3	316	172	8	4	302	6	312	3.66e-50	168
WP_062592144.1	iEK1008.Rv2471	39.5	544	279	14	2	523	17	532	3.08e-113	347
WP_062592144.1	iYO844.BSU34560	36.2	533	278	13	10	502	3	513	4.37e-107	331
WP_062592144.1	iYS854.USA300HOU_RS08055	34.9	539	309	11	8	520	2	524	1.06e-104	325
WP_062592144.1	iCN900.CD630_30910	34.6	534	301	14	10	513	3	518	2.13e-102	319
WP_062592144.1	iYL1228.KPN_04651	36.6	524	283	14	9	504	5	507	1.90e-102	319
WP_062592149.1	iSSON_1240.SSON_3619	41.0	559	314	7	14	561	26	579	3.06e-132	397
WP_062592149.1	iSF_1195.SF3796	41.0	559	314	7	14	561	26	579	2.43e-131	395
WP_062592149.1	iML1515.b3665	40.8	559	315	7	14	561	26	579	4.84e-131	394
WP_062592149.1	iSDY_1059.SDY_4146	41.0	559	310	8	14	561	26	575	1.71e-130	393
WP_062592149.1	iSbBS512_1146.SbBS512_E4254	40.6	559	316	7	14	561	7	560	3.05e-130	392
WP_062592149.1	iYO844.BSU14520	40.7	573	325	9	5	565	6	575	1.73e-128	387
WP_062592149.1	iHN637.CLJU_RS11775	38.9	566	334	7	5	564	4	563	1.70e-126	382
WP_062592157.1	iCN718.ABAYE_RS06905	53.4	429	195	4	13	438	28	454	5.02e-160	459
WP_062592157.1	iJN1463.PP_0596	50.9	422	202	4	12	430	17	436	6.18e-151	436
WP_062592159.1	iJN1463.PP_0294	57.7	279	118	0	7	285	6	284	2.77e-103	308
WP_062592161.1	iJN1463.PP_0295	54.2	273	125	0	4	276	2	274	1.49e-89	267
WP_062592163.1	iJN1463.PP_0296	61.1	293	111	2	27	316	21	313	1.31e-120	348
WP_062592165.1	STM_v1_0.STM1750	60.9	192	75	0	1	192	1	192	1.73e-77	230
WP_062592165.1	iSDY_1059.SDY_1290	61.1	190	74	0	1	190	1	190	9.92e-77	228
WP_062592165.1	iML1515.b1238	60.5	190	75	0	1	190	1	190	8.09e-76	226
WP_062592165.1	iSF_1195.SF1238	60.5	190	75	0	1	190	1	190	8.09e-76	226
WP_062592165.1	iSSON_1240.SSON_1941	60.5	190	75	0	1	190	1	190	8.09e-76	226
WP_062592165.1	iPC815.YPO2176	58.6	191	79	0	1	191	1	191	8.55e-76	225
WP_062592165.1	iSbBS512_1146.SbBS512_E1403	60.0	190	76	0	1	190	1	190	9.36e-75	223
WP_062592171.1	iLB1027_lipid.PHATRDRAFT_17238	49.5	766	334	13	13	728	93	855	3.22e-233	675
WP_062592173.1	STM_v1_0.STM4061	30.8	263	180	2	27	289	26	286	1.13e-35	130
WP_062592173.1	iJN1463.PP_4774	33.2	262	173	2	28	289	30	289	1.26e-35	130
WP_062592173.1	iYL1228.KPN_04222	31.7	265	179	2	27	291	26	288	3.07e-35	129
WP_062592173.1	iML1515.b3915	30.7	267	183	2	23	289	22	286	3.19e-34	126
WP_062592173.1	iSDY_1059.SDY_3832	30.7	267	183	2	23	289	22	286	3.19e-34	126
WP_062592173.1	iSF_1195.SF3993	30.7	267	183	2	23	289	22	286	4.46e-34	126
WP_062592173.1	iSSON_1240.SSON_4084	30.7	267	183	2	23	289	22	286	4.46e-34	126
WP_062592173.1	iSbBS512_1146.SbBS512_E4394	30.7	267	183	2	23	289	22	286	6.23e-34	125
WP_062592175.1	iYS854.USA300HOU_RS03935	54.1	111	51	0	26	136	31	141	3.24e-39	130
WP_062592179.1	iJN1463.PP_2847	35.9	181	101	9	17	194	13	181	5.49e-11	58.5
WP_062592185.1	iJN1463.PP_1025	55.4	552	235	7	18	567	10	552	2.19e-211	598
WP_062592185.1	iEK1008.Rv3710	53.3	589	217	9	27	562	58	641	3.25e-207	591
WP_062592185.1	iCN718.ABAYE_RS16380	52.0	548	251	6	22	566	14	552	6.56e-195	557
WP_062592185.1	iCN900.CD630_09890	50.0	560	270	4	18	567	5	564	1.44e-192	551
WP_062592195.1	iAF987.Gmet_0843	30.7	254	140	7	59	281	17	265	1.00e-21	91.7
WP_062592207.1	iAF987.Gmet_0068	36.5	156	99	0	59	214	34	189	1.71e-34	121
WP_062592207.1	iML1515.b1813	37.4	171	104	2	42	212	17	184	3.96e-32	115
WP_062592215.1	iML1515.b0469	51.4	183	87	1	1	181	1	183	5.84e-63	192
WP_062592215.1	iSbBS512_1146.SbBS512_E0401	51.4	183	87	1	1	181	1	183	5.84e-63	192
WP_062592215.1	iSDY_1059.SDY_0450	51.4	183	87	1	1	181	1	183	5.84e-63	192
WP_062592215.1	iSSON_1240.SSON_0456	51.4	183	87	1	1	181	1	183	5.84e-63	192
WP_062592215.1	iSF_1195.SF0414	51.4	183	87	1	1	181	1	183	1.17e-62	191
WP_062592215.1	iPC815.YPO3123	51.2	170	83	0	12	181	18	187	3.10e-61	187
WP_062592215.1	iYL1228.KPN_00451	50.3	183	89	1	1	181	1	183	3.87e-61	187
WP_062592215.1	STM_v1_0.STM0483	50.9	173	85	0	9	181	11	183	6.33e-60	184
WP_062592215.1	iAF987.Gmet_1422	51.9	158	76	0	8	165	3	160	1.90e-56	175
WP_062592217.1	iCN900.CD630_14790	42.2	45	25	1	1	45	1	44	5.74e-04	41.6
WP_062592217.1	iAF987.Gmet_2444	45.7	46	24	1	2	47	21	65	7.44e-04	41.2
WP_062592217.1	iSynCJ816.SGL_RS05125	31.9	116	46	5	4	111	20	110	9.63e-04	40.8
WP_062592224.1	iAF987.Gmet_2629	37.6	452	274	4	332	782	366	810	2.76e-83	282
WP_062592224.1	iAF987.Gmet_3085	37.1	450	275	4	332	779	440	883	1.57e-82	282
WP_062592224.1	iAF987.Gmet_0987	34.6	558	350	9	219	771	228	775	2.28e-83	282
WP_062592224.1	iAF987.Gmet_0700	31.9	621	412	5	154	770	195	808	9.97e-83	281
WP_062592224.1	iAF987.Gmet_0957	37.8	437	264	4	337	771	181	611	1.53e-81	273
WP_062592224.1	iJN1463.PP_3581	36.7	431	265	4	352	781	263	686	4.07e-77	263
WP_062592224.1	iAF987.Gmet_0782	36.7	444	274	3	337	779	287	724	3.33e-76	261
WP_062592224.1	iJN1463.PP_1144	33.0	449	284	6	338	780	276	713	1.55e-73	254
WP_062592226.1	iJN1463.PP_3581	34.7	677	413	8	11	663	5	676	2.16e-112	354
WP_062592226.1	iAF987.Gmet_2629	40.6	438	255	2	238	671	371	807	1.61e-106	342
WP_062592226.1	iJN1463.PP_1144	32.6	650	406	9	49	668	62	709	5.61e-104	333
WP_062592226.1	iYL1228.KPN_02455	43.0	423	237	3	243	664	175	594	1.46e-104	330
WP_062592226.1	iAF987.Gmet_0987	40.7	430	251	1	238	663	346	775	4.12e-101	327
WP_062592232.1	STM_v1_0.STM3680	71.9	491	138	0	12	502	22	512	6.96e-266	732
WP_062592232.1	iSbBS512_1146.SbBS512_E4003	71.3	491	141	0	12	502	22	512	1.40e-265	731
WP_062592232.1	iSF_1195.SF3626	71.3	491	141	0	12	502	52	542	4.20e-265	731
WP_062592232.1	iML1515.b3588	71.1	491	142	0	12	502	22	512	1.63e-264	729
WP_062592232.1	iEK1008.Rv0458	69.9	492	148	0	11	502	16	507	1.57e-263	726
WP_062592232.1	iCN718.ABAYE_RS07685	69.9	492	145	1	11	502	15	503	3.69e-261	720
WP_062592232.1	iJN1463.PP_0545	66.9	492	163	0	11	502	15	506	2.88e-254	702
WP_062592232.1	iJN1463.PP_2680	66.7	492	164	0	11	502	15	506	1.11e-251	696
WP_062592232.1	iYL1228.KPN_02991	64.0	492	177	0	11	502	15	506	1.20e-241	671
WP_062592236.1	iAF987.Gmet_1167	32.0	97	56	2	86	172	69	165	7.85e-07	48.5
WP_062592239.1	iML1515.b4544	34.3	67	44	0	56	122	43	109	1.12e-04	38.5
WP_062592241.1	iAF987.Gmet_2848	56.0	309	136	0	1	309	5	313	9.39e-121	348
WP_062592241.1	iJN1463.PP_0722	56.1	310	134	2	1	309	4	312	2.43e-118	342
WP_062592241.1	iCN718.ABAYE_RS14860	55.8	310	134	3	3	310	6	314	1.78e-116	338
WP_062592241.1	iPC815.YPO2013	54.5	312	139	3	1	310	4	314	1.40e-115	335
WP_062592241.1	iSF_1195.SF1210	54.8	312	138	3	1	310	4	314	1.99e-115	335
WP_062592241.1	STM_v1_0.STM1780	54.8	312	138	3	1	310	4	314	5.66e-115	334
WP_062592241.1	iML1515.b1207	54.8	312	138	3	1	310	4	314	8.03e-115	333
WP_062592241.1	iSDY_1059.SDY_1256	54.8	312	138	3	1	310	4	314	8.03e-115	333
WP_062592241.1	iSSON_1240.SSON_1971	54.8	312	138	3	1	310	4	314	8.03e-115	333
WP_062592241.1	iSbBS512_1146.SbBS512_E1371	54.5	312	139	3	1	310	4	314	2.29e-114	332
WP_062592241.1	iYL1228.KPN_02238	53.8	312	141	3	1	310	1	311	5.90e-114	331
WP_062592241.1	iIT341.HP0742	52.6	308	142	2	2	309	14	317	1.46e-108	318
WP_062592244.1	iJN1463.PP_4432	27.1	369	252	8	3	358	8	372	2.83e-28	114
WP_062592250.1	STM_v1_0.STM3002	44.4	293	121	8	9	271	4	284	1.37e-77	237
WP_062592256.1	iLJ478.TM1085	31.5	108	71	2	3	110	523	627	2.03e-09	53.1
WP_062592264.1	iAF987.Gmet_0043	26.2	130	87	3	320	441	123	251	6.81e-06	48.1
WP_062592266.1	iAF987.Gmet_1919	38.1	118	72	1	12	128	3	120	3.60e-18	81.6
WP_062592268.1	iCN900.CD630_27420	36.5	203	120	5	10	210	9	204	9.64e-35	122
WP_062592276.1	iCN718.ABAYE_RS05270	54.0	391	174	2	4	394	5	389	2.34e-138	400
WP_062592276.1	iYO844.BSU22370	48.7	392	195	3	4	395	3	388	1.78e-128	375
WP_062592276.1	iHN637.CLJU_RS06550	47.1	397	208	2	4	400	3	397	9.36e-127	370
WP_062592279.1	iJN1463.PP_0920	48.6	370	168	7	1	369	1	349	6.67e-106	315
WP_062592279.1	iJN1463.PP_2486	45.4	377	185	7	2	367	4	370	7.78e-103	308
WP_062592279.1	iJN1463.PP_3173	46.1	375	182	5	4	371	3	364	5.84e-103	308
WP_062592285.1	iCN718.ABAYE_RS14635	55.0	320	129	5	1	313	1	312	3.83e-114	332
WP_062592285.1	iCN718.ABAYE_RS18170	55.6	320	127	5	1	313	1	312	1.09e-111	326
WP_062592285.1	iYL1228.KPN_00920	55.6	322	127	6	2	315	12	325	3.50e-111	325
WP_062592285.1	iAF987.Gmet_3070	54.4	320	130	6	1	313	1	311	6.04e-111	324
WP_062592285.1	STM_v1_0.STM0958	55.6	322	127	6	2	315	3	316	8.49e-110	322
WP_062592285.1	iML1515.b0888	54.7	322	130	6	2	315	3	316	4.70e-109	320
WP_062592285.1	iSDY_1059.SDY_2373	54.7	322	130	6	2	315	3	316	4.70e-109	320
WP_062592285.1	iSSON_1240.SSON_0889	54.7	322	130	6	2	315	3	316	4.70e-109	320
WP_062592285.1	iSbBS512_1146.SbBS512_E2441	54.7	322	130	6	2	315	3	316	6.66e-109	319
WP_062592285.1	iPC815.YPO1374	54.5	321	131	5	2	315	3	315	1.29e-108	318
WP_062592285.1	iSF_1195.SF0847	54.3	322	131	6	2	315	3	316	3.81e-108	317
WP_062592285.1	iJN1463.PP_0786	53.3	319	133	6	4	315	5	314	2.25e-104	308
WP_062592288.1	iYS854.USA300HOU_RS07460	30.2	179	122	1	157	332	185	363	3.36e-15	75.5
WP_062592288.1	iEK1008.Rv0486	31.3	243	133	8	120	338	211	443	2.73e-14	73.2
WP_062592292.1	iEK1008.Rv0486	31.6	158	102	2	141	296	237	390	4.50e-11	63.5
WP_062592292.1	iYS854.USA300HOU_RS07460	41.9	86	49	1	226	310	247	332	3.61e-09	57.4
WP_062592301.1	iCN718.ABAYE_RS04530	59.4	1146	366	11	1	1139	1	1054	0.0	1261
WP_062592301.1	iJN1463.PP_4723	58.8	1147	377	9	1	1145	4	1057	0.0	1240
WP_062592301.1	iYL1228.KPN_00041	59.5	1147	373	11	1	1146	1	1056	0.0	1234
WP_062592301.1	STM_v1_0.STM0067	59.1	1148	375	11	1	1146	1	1056	0.0	1231
WP_062592301.1	iML1515.b0033	59.1	1148	375	11	1	1146	1	1056	0.0	1230
WP_062592301.1	iSbBS512_1146.SbBS512_E0037	59.0	1148	377	11	1	1146	1	1056	0.0	1228
WP_062592301.1	iSSON_1240.SSON_0038	59.1	1148	376	11	1	1146	1	1056	0.0	1228
WP_062592301.1	iSF_1195.SF0030	59.1	1148	376	11	1	1146	1	1056	0.0	1228
WP_062592301.1	iAF987.Gmet_1774	56.4	1173	405	10	1	1160	1	1079	0.0	1227
WP_062592301.1	iSDY_1059.SDY_0055	58.8	1148	379	11	1	1146	1	1056	0.0	1220
WP_062592301.1	iSynCJ816.SGL_RS14530	55.5	1175	412	17	1	1160	1	1079	0.0	1197
WP_062592301.1	iPC815.YPO0482	58.2	1147	388	10	1	1146	1	1056	0.0	1196
WP_062592307.1	iYO844.BSU26590	27.5	357	240	8	18	366	19	364	1.30e-28	115
WP_062592309.1	iML1515.b1985	23.8	420	301	8	28	438	45	454	4.19e-08	55.1
WP_062592315.1	iYO844.BSU26600	31.6	57	39	0	103	159	84	140	2.96e-04	39.3
WP_062592331.1	iJN1463.PP_1256	60.4	507	200	1	1	506	1	507	9.03e-192	545
WP_062592335.1	iNF517.LLMG_RS09290	35.5	200	128	1	1	199	1	200	7.21e-40	135
WP_062592338.1	iSynCJ816.SGL_RS06280	41.9	148	63	3	39	182	3	131	1.12e-23	90.5
WP_062592345.1	iAF987.Gmet_3476	37.4	139	85	2	4	140	10	148	1.69e-18	87.0
WP_062592345.1	iAF987.Gmet_1914	33.8	157	95	2	6	158	4	155	3.50e-16	80.1
WP_062592347.1	iAF987.Gmet_2629	36.9	572	334	11	355	910	237	797	1.04e-103	341
WP_062592347.1	iAF987.Gmet_0987	41.3	448	254	5	480	918	334	781	5.63e-95	317
WP_062592347.1	iAF987.Gmet_0700	41.0	441	252	5	478	910	367	807	1.38e-94	316
WP_062592347.1	iAF987.Gmet_3085	31.5	708	428	16	249	926	209	889	1.93e-93	315
WP_062592347.1	iJN1463.PP_3581	40.1	439	256	5	497	928	255	693	4.39e-93	309
WP_062592347.1	iYL1228.KPN_02455	40.8	417	242	4	500	913	180	594	1.89e-93	307
WP_062592348.1	iAF987.Gmet_3085	23.6	246	168	7	18	251	94	331	7.97e-08	55.1
WP_062592361.1	iCHOv1.100768542	32.4	71	46	1	145	213	330	400	1.84e-06	47.8
WP_062592361.1	iAT_PLT_636.6821	32.4	71	46	1	145	213	337	407	1.85e-06	47.8
WP_062592361.1	iMM1415.211389	32.4	71	46	1	145	213	331	401	1.85e-06	47.8
WP_062592361.1	iLB1027_lipid.PHATRDRAFT_44482	29.9	77	52	1	136	210	366	442	4.58e-06	46.6
WP_062592367.1	iJN1463.PP_0411	40.2	346	203	4	12	354	20	364	5.22e-83	256
WP_062592367.1	iSSON_1240.SSON_1696	41.9	351	176	5	1	349	1	325	1.54e-81	251
WP_062592367.1	iML1515.b1441	41.9	351	176	5	1	349	1	325	2.17e-81	251
WP_062592367.1	iSDY_1059.SDY_1733	41.9	351	176	5	1	349	1	325	6.13e-81	250
WP_062592367.1	iJN1463.PP_1484	43.9	305	147	3	12	314	10	292	1.47e-80	249
WP_062592367.1	iLJ478.TM1376	38.7	359	213	4	6	357	5	363	1.55e-77	242
WP_062592367.1	iHN637.CLJU_RS10680	38.3	350	211	3	9	357	12	357	5.34e-77	241
WP_062592367.1	iSDY_1059.SDY_2026	42.6	319	170	3	7	317	18	331	3.26e-76	239
WP_062592367.1	iYS854.USA300HOU_RS05485	40.7	337	187	5	11	347	9	332	2.18e-76	239
WP_062592367.1	iML1515.b1126	42.6	319	170	3	7	317	18	331	4.60e-76	239
WP_062592367.1	STM_v1_0.STM4230	41.6	317	179	3	5	317	2	316	3.55e-76	239
WP_062592367.1	iSF_1195.SF1128	42.6	319	170	3	7	317	18	331	4.60e-76	239
WP_062592367.1	iSbBS512_1146.SbBS512_E1304	42.3	319	171	3	7	317	18	331	1.83e-75	237
WP_062592367.1	iSSON_1240.SSON_1144	42.3	319	171	3	7	317	18	331	1.83e-75	237
WP_062592367.1	iYL1228.KPN_01927	40.5	351	181	4	1	349	1	325	4.37e-75	235
WP_062592367.1	iYL1228.KPN_01132	42.0	314	169	3	12	317	23	331	2.03e-74	234
WP_062592367.1	iYL1228.KPN_04424	40.7	317	182	3	5	317	2	316	3.13e-74	234
WP_062592367.1	iCN900.CD630_10240	40.1	309	178	2	7	315	6	307	4.66e-74	233
WP_062592367.1	STM_v1_0.STM1226	42.4	314	168	3	12	317	23	331	3.19e-73	231
WP_062592367.1	iML1515.b4035	42.0	319	177	5	5	317	2	318	3.69e-73	231
WP_062592367.1	iSF_1195.SF4170	42.0	319	177	5	5	317	2	318	3.69e-73	231
WP_062592367.1	iSSON_1240.SSON_4213	42.0	319	177	5	5	317	2	318	3.69e-73	231
WP_062592371.1	iHN637.CLJU_RS10675	29.9	221	152	2	49	269	31	248	1.92e-22	94.4
WP_062592371.1	iJN1463.PP_5178	31.2	231	143	4	45	262	32	259	8.49e-21	90.1
WP_062592371.1	iSbBS512_1146.SbBS512_E1303	31.0	242	161	4	31	269	5	243	8.88e-21	89.7
WP_062592371.1	STM_v1_0.STM1225	30.6	242	162	4	31	269	5	243	2.32e-20	88.6
WP_062592371.1	iML1515.b0856	34.3	175	112	3	88	262	99	270	1.24e-19	87.0
WP_062592371.1	iSbBS512_1146.SbBS512_E2475	34.3	175	112	3	88	262	99	270	1.24e-19	87.0
WP_062592371.1	iSF_1195.SF0810	34.3	175	112	3	88	262	99	270	1.24e-19	87.0
WP_062592371.1	iSSON_1240.SSON_0841	34.3	175	112	3	88	262	99	270	1.24e-19	87.0
WP_062592371.1	iYL1228.KPN_01131	29.9	234	161	3	36	269	13	243	1.12e-19	86.7
WP_062592371.1	iPC815.YPO1333	36.0	175	109	3	88	262	103	274	1.79e-19	86.7
WP_062592371.1	iML1515.b1125	31.1	225	152	3	45	269	12	233	1.32e-19	86.3
WP_062592371.1	iSDY_1059.SDY_2027	31.1	225	152	3	45	269	12	233	1.32e-19	86.3
WP_062592371.1	iSDY_1059.SDY_0739	34.3	175	112	3	88	262	99	270	2.34e-19	86.3
WP_062592371.1	iSF_1195.SF1127	31.1	225	152	3	45	269	12	233	1.32e-19	86.3
WP_062592371.1	iSSON_1240.SSON_1143	31.1	225	152	3	45	269	12	233	1.32e-19	86.3
WP_062592372.1	iML1515.b1443	32.5	228	141	5	3	226	2	220	1.68e-26	103
WP_062592372.1	iLJ478.TM1378	28.6	227	154	5	21	245	15	235	2.84e-25	100
WP_062592372.1	iYL1228.KPN_01925	34.3	213	123	5	21	226	18	220	6.97e-25	99.8
WP_062592372.1	iSSON_1240.SSON_1694	31.6	228	143	5	3	226	2	220	3.37e-24	97.8
WP_062592374.1	iYL1228.KPN_01788	52.3	237	110	3	1	235	4	239	3.90e-62	194
WP_062592376.1	iSynCJ816.SGL_RS13165	24.7	438	293	7	6	407	24	460	2.80e-24	104
WP_062592389.1	iPC815.YPO1310	37.4	356	214	6	25	373	24	377	1.80e-73	233
WP_062592391.1	iJN1463.PP_0350	36.4	690	401	16	62	729	137	810	3.76e-129	402
WP_062592391.1	iYL1228.KPN_00165	35.2	685	400	15	69	727	67	733	2.79e-125	390
WP_062592391.1	iML1515.b0150	35.9	675	372	17	69	703	66	719	3.51e-117	369
WP_062592391.1	iJN1463.PP_0160	33.2	689	423	11	62	729	156	828	2.59e-116	369
WP_062592391.1	STM_v1_0.STM0191	36.8	655	375	16	69	703	66	701	4.35e-117	368
WP_062592391.1	iSF_1195.SF0142	35.9	675	372	18	69	703	66	719	6.92e-117	368
WP_062592391.1	iSSON_1240.SSON_0162	36.7	654	377	15	69	703	66	701	4.35e-117	368
WP_062592391.1	iSbBS512_1146.SbBS512_E0142	36.5	654	378	15	69	703	66	701	2.37e-116	366
WP_062592391.1	iSDY_1059.SDY_0166	35.4	675	375	17	69	703	66	719	4.02e-115	363
WP_062592393.1	iAF987.Gmet_0268	47.3	146	76	1	58	203	8	152	4.21e-40	135
WP_062592393.1	iSbBS512_1146.SbBS512_E4863	46.4	153	78	2	58	207	44	195	1.39e-38	133
WP_062592393.1	iML1515.b4219	46.4	153	78	2	58	207	44	195	2.76e-38	132
WP_062592393.1	iSF_1195.SF4268	46.4	153	78	2	58	207	44	195	2.76e-38	132
WP_062592393.1	iSSON_1240.SSON_4404	46.4	153	78	2	58	207	44	195	2.76e-38	132
WP_062592393.1	iYL1228.KPN_04615	47.1	153	77	2	58	207	64	215	9.35e-38	131
WP_062592393.1	iSDY_1059.SDY_4456	46.4	153	78	2	58	207	44	195	5.48e-38	131
WP_062592393.1	STM_v1_0.STM4408	45.8	153	79	2	58	207	44	195	2.39e-36	127
WP_062592393.1	iJN1463.PP_0336	47.1	153	74	3	60	208	54	203	1.23e-35	125
WP_062592393.1	iAF987.Gmet_0222	43.5	154	82	2	54	207	153	301	1.48e-33	122
WP_062592395.1	iJN1463.PP_0517	30.8	146	98	1	7	152	13	155	2.80e-16	71.2
WP_062592395.1	iAF987.Gmet_1627	35.1	111	72	0	10	120	15	125	3.69e-16	70.9
WP_062592395.1	iCN900.CD630_16970	32.4	111	75	0	10	120	13	123	1.93e-15	68.9
WP_062592395.1	iPC815.YPO3182	29.4	119	83	1	3	120	7	125	2.88e-15	68.6
WP_062592395.1	STM_v1_0.STM0417	31.4	118	80	1	4	120	8	125	4.04e-15	68.2
WP_062592395.1	iML1515.b0415	29.7	118	82	1	4	120	8	125	1.56e-14	66.6
WP_062592395.1	iYL1228.KPN_00367	29.7	118	82	1	4	120	8	125	1.56e-14	66.6
WP_062592395.1	iSbBS512_1146.SbBS512_E0336	29.7	118	82	1	4	120	8	125	1.56e-14	66.6
WP_062592395.1	iSDY_1059.SDY_0319	29.7	118	82	1	4	120	8	125	1.56e-14	66.6
WP_062592395.1	iSF_1195.SF0352	29.7	118	82	1	4	120	8	125	1.56e-14	66.6
WP_062592395.1	iSSON_1240.SSON_0392	29.7	118	82	1	4	120	8	125	1.56e-14	66.6
WP_062592398.1	iCN900.CD630_35300	54.8	259	112	1	1	259	1	254	2.97e-94	283
WP_062592398.1	iCN900.CD630_35270	54.4	259	113	1	1	259	1	254	2.39e-93	281
WP_062592398.1	iJN1463.PP_1722	46.0	341	161	4	1	341	1	318	5.11e-92	278
WP_062592398.1	iHN637.CLJU_RS10680	44.0	352	193	2	2	351	8	357	6.08e-91	276
WP_062592398.1	iSDY_1059.SDY_2026	54.8	241	109	0	6	246	20	260	8.65e-86	263
WP_062592398.1	iML1515.b1126	54.8	241	109	0	6	246	20	260	1.22e-85	263
WP_062592398.1	iSF_1195.SF1128	54.8	241	109	0	6	246	20	260	1.22e-85	263
WP_062592398.1	iSbBS512_1146.SbBS512_E1304	54.8	241	109	0	6	246	20	260	1.73e-85	263
WP_062592398.1	iSSON_1240.SSON_1144	54.8	241	109	0	6	246	20	260	1.73e-85	263
WP_062592398.1	iYL1228.KPN_01132	50.2	279	135	2	6	281	20	297	6.89e-85	261
WP_062592398.1	iLJ478.TM1376	47.5	282	142	2	4	281	6	285	2.04e-84	259
WP_062592398.1	iYL1228.KPN_00886	43.7	359	188	7	4	351	36	391	6.05e-84	259
WP_062592398.1	STM_v1_0.STM1226	53.9	241	111	0	6	246	20	260	3.88e-84	259
WP_062592398.1	iAF987.Gmet_1903	52.9	244	111	1	4	243	3	246	1.08e-83	257
WP_062592398.1	iSF_1195.SF0809	45.0	318	168	4	4	314	47	364	1.32e-82	256
WP_062592398.1	iML1515.b0855	45.0	318	168	4	4	314	20	337	1.20e-82	255
WP_062592398.1	iJN1463.PP_0411	44.7	313	165	4	9	315	20	330	1.10e-82	255
WP_062592400.1	iJN1463.PP_3816	21.7	217	152	6	5	213	13	219	8.19e-09	54.7
WP_062592400.1	STM_v1_0.STM1223	29.0	124	83	2	134	253	131	253	7.68e-09	54.7
WP_062592400.1	iYO844.BSU32740	27.1	133	93	3	123	253	87	217	8.75e-08	51.2
WP_062592400.1	iCN900.CD630_10250	23.3	275	182	7	1	255	1	266	2.29e-07	50.4
WP_062592400.1	iHN637.CLJU_RS10875	26.8	123	84	2	87	204	39	160	4.16e-07	49.3
WP_062592407.1	iMM904.YDL210W	26.4	397	252	11	12	392	57	429	1.95e-25	109
WP_062592409.1	iEK1008.Rv2860c	49.7	451	222	5	4	453	10	456	1.13e-138	405
WP_062592411.1	iAF987.Gmet_1046	35.9	382	232	5	4	377	7	383	7.11e-70	224
WP_062592411.1	iCN718.ABAYE_RS07700	34.7	372	226	5	4	365	10	374	4.41e-65	211
WP_062592411.1	iMM904.YGL256W	33.9	381	243	4	1	377	1	376	1.67e-62	204
WP_062592411.1	iYL1228.KPN_03491	36.6	380	222	6	10	377	11	383	2.67e-62	204
WP_062592416.1	iJN1463.PP_5257	42.9	415	232	3	14	427	13	423	8.30e-102	309
WP_062592426.1	iCN900.CD630_04310	22.9	525	310	16	12	509	10	466	1.56e-23	103
WP_062592426.1	iNF517.LLMG_RS04060	23.8	520	280	15	9	491	5	445	1.21e-22	100
WP_062592428.1	iAF987.Gmet_0844	29.4	153	90	3	160	298	46	194	2.08e-07	51.2
WP_062592428.1	iAF692.Mbar_A3635	24.3	189	124	4	148	318	23	210	2.69e-07	50.8
WP_062592428.1	iYL1228.KPN_02641	27.6	98	71	0	158	255	58	155	1.83e-06	48.1
WP_062592428.1	iLB1027_lipid.PHATRDRAFT_9984	28.6	105	73	1	158	260	59	163	3.45e-06	47.4
WP_062592428.1	iNF517.LLMG_RS03890	31.7	104	68	1	159	259	50	153	6.08e-06	46.6
WP_062592428.1	iPC815.YPO3781	31.3	115	75	2	158	268	65	179	6.27e-06	46.6
WP_062592428.1	iJN1463.PP_5011	34.0	106	66	2	160	261	72	177	8.64e-06	46.2
WP_062592430.1	iYL1228.KPN_04239	40.8	282	159	3	11	292	20	293	3.77e-67	211
WP_062592430.1	STM_v1_0.STM4105	40.8	282	159	3	11	292	20	293	7.77e-67	210
WP_062592430.1	iML1515.b3941	40.4	282	160	3	11	292	20	293	1.75e-65	207
WP_062592430.1	iSbBS512_1146.SbBS512_E4428	40.4	282	160	3	11	292	20	293	1.75e-65	207
WP_062592430.1	iSF_1195.SF4019	40.4	282	160	3	11	292	20	293	1.75e-65	207
WP_062592430.1	iSSON_1240.SSON_4115	40.4	282	160	3	11	292	20	293	1.75e-65	207
WP_062592430.1	iSDY_1059.SDY_3776	40.4	282	160	3	11	292	20	293	2.47e-65	206
WP_062592430.1	iPC815.YPO0117	38.7	282	165	3	11	292	20	293	1.65e-62	199
WP_062592432.1	iYL1228.KPN_01622	29.8	295	179	11	18	300	6	284	7.63e-16	76.3
WP_062592432.1	STM_v1_0.STM1517	30.0	297	176	11	18	300	7	285	4.17e-14	71.2
WP_062592440.1	iLB1027_lipid.PHATRDRAFT_42872	33.7	163	91	6	9	154	550	712	3.67e-11	61.6
WP_062592442.1	iAF987.Gmet_0700	39.4	411	244	2	49	454	398	808	6.77e-94	301
WP_062592442.1	iAF987.Gmet_2629	37.9	427	259	3	42	463	382	807	6.37e-88	285
WP_062592442.1	iAF987.Gmet_3085	35.9	432	265	4	49	471	463	891	1.95e-86	283
WP_062592442.1	iAF987.Gmet_0957	38.1	428	259	3	42	463	192	619	1.31e-88	283
WP_062592442.1	iAF987.Gmet_0987	36.6	426	261	3	45	463	360	783	7.67e-87	282
WP_062592445.1	iAF692.Mbar_A1202	24.3	292	174	11	162	424	40	313	4.99e-11	63.5
WP_062592448.1	iLB1027_lipid.PHATRDRAFT_55126	47.8	404	199	6	6	398	15	417	2.00e-116	345
WP_062592452.1	iML1515.b0867	37.7	231	124	7	30	246	46	270	5.18e-38	134
WP_062592456.1	iNF517.LLMG_RS08455	38.6	308	178	7	18	315	4	310	1.22e-51	173
WP_062592459.1	iAF987.Gmet_0406	34.4	511	298	11	90	570	60	563	3.27e-72	243
WP_062592461.1	iJN1463.PP_1333	33.5	462	280	11	8	464	8	447	2.10e-58	199
WP_062592461.1	iAF987.Gmet_0408	33.4	482	285	13	4	470	2	462	3.05e-57	196
WP_062592461.1	iSDY_1059.SDY_0116	34.5	383	234	5	29	410	27	393	8.27e-55	189
WP_062592461.1	iYL1228.KPN_00090	34.6	405	247	6	5	408	4	391	1.15e-54	189
WP_062592461.1	iYS854.USA300HOU_RS11240	31.9	452	278	8	22	465	22	451	3.13e-54	187
WP_062592461.1	STM_v1_0.STM0124	32.0	472	281	9	8	469	10	451	6.09e-54	187
WP_062592461.1	iML1515.b0086	34.2	383	235	5	29	410	27	393	1.19e-53	186
WP_062592461.1	iSbBS512_1146.SbBS512_E0079	34.2	383	235	5	29	410	27	393	1.19e-53	186
WP_062592461.1	iSSON_1240.SSON_0094	34.2	383	235	5	29	410	27	393	1.19e-53	186
WP_062592461.1	iPC815.YPO0551	34.0	450	270	9	26	469	29	457	5.09e-53	184
WP_062592461.1	iSF_1195.SF0083	34.2	383	235	5	29	410	27	393	8.70e-53	184
WP_062592461.1	iSynCJ816.SGL_RS10140	31.5	448	269	10	26	465	30	447	1.79e-51	180
WP_062592461.1	iYO844.BSU04570	32.4	445	281	9	26	467	27	454	3.70e-51	179
WP_062592463.1	iAF987.Gmet_0409	53.6	362	159	2	5	366	6	358	2.13e-127	369
WP_062592463.1	iJN1463.PP_1334	52.2	366	164	3	5	366	2	360	5.63e-123	358
WP_062592463.1	STM_v1_0.STM0125	51.0	367	172	4	1	366	1	360	6.89e-119	348
WP_062592463.1	iYL1228.KPN_00091	51.2	367	171	4	1	366	1	360	1.38e-118	347
WP_062592463.1	iML1515.b0087	50.7	367	173	4	1	366	1	360	5.58e-118	345
WP_062592463.1	iSbBS512_1146.SbBS512_E0080	50.7	367	173	4	1	366	1	360	5.58e-118	345
WP_062592463.1	iSF_1195.SF0084	50.7	367	173	4	1	366	1	360	5.58e-118	345
WP_062592463.1	iSSON_1240.SSON_0095	50.7	367	173	4	1	366	1	360	5.58e-118	345
WP_062592463.1	iSDY_1059.SDY_0117	50.4	367	174	4	1	366	1	360	1.59e-117	344
WP_062592463.1	iPC815.YPO0552	49.9	367	176	4	1	366	1	360	5.18e-116	340
WP_062592465.1	iAF987.Gmet_0410	37.1	461	261	10	7	455	3	446	6.85e-65	215
WP_062592466.1	iJN1463.PP_1336	32.8	360	222	10	17	360	21	376	1.80e-40	147
WP_062592466.1	iML1515.b0089	30.5	357	230	8	18	360	45	397	3.02e-40	147
WP_062592468.1	iAF987.Gmet_0412	33.6	357	221	4	6	353	3	352	5.58e-51	174
WP_062592468.1	iJN1463.PP_1337	34.7	360	225	5	6	363	8	359	2.03e-49	169
WP_062592470.1	iAF987.Gmet_0413	48.2	461	230	4	10	468	8	461	1.07e-145	424
WP_062592470.1	iJN1463.PP_1338	47.8	458	226	6	10	461	19	469	1.72e-136	401
WP_062592472.1	iAF987.Gmet_0414	41.5	289	165	3	20	307	13	298	7.60e-62	198
WP_062592472.1	iCN900.CD630_34020	39.9	283	166	4	27	307	22	302	1.25e-54	180
WP_062592477.1	iEK1008.Rv1200	42.4	408	228	4	25	425	3	410	2.78e-98	300
WP_062592479.1	iAF987.Gmet_0415	24.8	109	81	1	86	194	416	523	1.07e-06	49.7
WP_062592487.1	STM_v1_0.STM2427	47.0	706	326	12	17	715	6	670	1.27e-194	566
WP_062592487.1	iSDY_1059.SDY_2608	46.5	707	328	13	17	715	6	670	1.63e-192	560
WP_062592487.1	iML1515.b2411	46.3	707	330	13	17	715	6	670	1.30e-191	558
WP_062592487.1	iYL1228.KPN_02758	45.3	707	337	12	17	715	6	670	3.69e-191	557
WP_062592487.1	iSSON_1240.SSON_2500	46.0	707	332	13	17	715	6	670	2.95e-190	555
WP_062592487.1	iSF_1195.SF2466	46.0	707	332	13	17	715	6	670	5.91e-190	554
WP_062592489.1	iAF987.Gmet_1643	48.4	277	142	1	1	277	1	276	5.87e-82	248
WP_062592489.1	iLJ478.TM1077	46.6	279	148	1	1	279	1	278	2.15e-81	246
WP_062592489.1	iJN1463.PP_4700	49.8	279	136	3	1	277	1	277	1.40e-78	239
WP_062592489.1	iPC815.YPO3402	46.8	282	144	4	1	279	1	279	2.06e-77	236
WP_062592489.1	iYL1228.KPN_00140	45.6	281	149	3	1	279	1	279	1.22e-73	227
WP_062592489.1	iLB1027_lipid.PHATRDRAFT_22955	50.5	291	126	7	3	277	20	308	1.11e-72	225
WP_062592491.1	iLJ478.TM1728	50.0	260	128	2	19	277	6	264	2.31e-77	235
WP_062592491.1	iIT341.HP1058	45.2	259	141	1	9	267	6	263	1.86e-76	233
WP_062592491.1	iCN900.CD630_15130	46.7	246	130	1	31	275	21	266	3.23e-73	225
WP_062592491.1	iAF987.Gmet_1642	44.7	266	143	3	12	274	3	267	4.06e-72	222
WP_062592493.1	iSF_1195.SF2709	33.3	192	123	4	3	189	12	203	1.35e-20	86.7
WP_062592493.1	iSbBS512_1146.SbBS512_E3194	32.5	194	126	4	1	189	10	203	1.88e-20	86.3
WP_062592493.1	iSDY_1059.SDY_2877	32.5	194	126	4	1	189	10	203	1.88e-20	86.3
WP_062592493.1	iML1515.b2682	32.8	192	124	4	3	189	12	203	2.62e-20	85.9
WP_062592493.1	iSSON_1240.SSON_2826	32.8	192	124	4	3	189	12	203	3.64e-20	85.5
WP_062592500.1	iIS312.TCDM_05651	35.7	140	87	2	39	176	99	237	1.53e-25	99.4
WP_062592507.1	iSDY_1059.SDY_1505	50.5	182	85	3	2	181	10	188	1.03e-55	176
WP_062592507.1	iSbBS512_1146.SbBS512_E2023	50.5	182	85	3	2	181	4	182	1.22e-55	176
WP_062592507.1	iSSON_1240.SSON_1387	50.5	182	85	3	2	181	10	188	1.46e-55	176
WP_062592507.1	iCN718.ABAYE_RS00855	44.2	208	111	3	2	208	10	213	1.78e-55	175
WP_062592507.1	iML1515.b1768	50.5	182	85	3	2	181	4	182	2.45e-55	175
WP_062592507.1	iYL1228.KPN_01202	51.6	184	80	4	2	181	4	182	4.90e-55	174
WP_062592507.1	iSF_1195.SF1455	49.5	182	87	3	2	181	10	188	1.34e-53	171
WP_062592507.1	STM_v1_0.STM1293	49.5	182	87	3	2	181	4	182	7.40e-53	169
WP_062592509.1	iYS854.USA300HOU_RS11010	25.3	296	159	13	123	395	57	313	1.69e-05	46.2
WP_062592518.1	iJN1463.PP_1386	25.6	355	238	10	67	398	31	382	1.14e-13	71.6
WP_062592518.1	iSF_1195.SF0408	26.8	365	226	10	70	399	34	392	2.90e-13	70.5
WP_062592518.1	iML1515.b0463	26.6	365	227	10	70	399	34	392	1.23e-12	68.6
WP_062592518.1	iSSON_1240.SSON_0450	26.3	365	228	10	70	399	34	392	2.92e-12	67.4
WP_062592518.1	iSDY_1059.SDY_0456	26.2	366	227	10	70	399	34	392	5.20e-12	66.6
WP_062592521.1	iJN1463.PP_3426	31.5	1053	656	15	15	1017	3	1040	7.66e-123	401
WP_062592521.1	iML1515.b0462	31.8	1044	668	21	19	1025	5	1041	6.24e-122	399
WP_062592521.1	iYL1228.KPN_03673	31.9	1036	657	20	19	1016	5	1029	9.21e-122	398
WP_062592521.1	iJN1463.PP_1385	31.4	1028	669	14	19	1015	5	1027	1.23e-121	398
WP_062592521.1	STM_v1_0.STM3391	31.8	1040	653	20	19	1016	5	1030	1.31e-120	395
WP_062592521.1	iML1515.b3266	32.0	1036	662	18	19	1019	5	1033	8.79e-119	390
WP_062592521.1	iSF_1195.SF2512	30.7	1044	658	20	19	1016	5	1028	4.81e-118	388
WP_062592521.1	iML1515.b2470	30.6	1044	659	20	19	1016	5	1028	2.45e-116	383
WP_062592521.1	iSSON_1240.SSON_2550	30.6	1044	659	20	19	1016	5	1028	2.45e-116	383
WP_062592521.1	iSDY_1059.SDY_2654	30.6	1042	661	19	19	1016	5	1028	2.42e-115	380
WP_062592522.1	iAT_PLT_636.197257	50.6	443	215	2	28	466	41	483	2.69e-150	436
WP_062592522.1	iCHOv1.100769710	49.6	452	223	3	20	466	32	483	1.14e-146	427
WP_062592522.1	iMM1415.52815	48.9	452	226	3	20	466	32	483	6.50e-146	425
WP_062592528.1	iYO844.BSU21820	64.4	264	94	0	1	264	1	264	6.91e-135	380
WP_062592528.1	iYL1228.KPN_03236	65.9	264	90	0	1	264	1	264	1.98e-134	379
WP_062592528.1	STM_v1_0.STM3001	65.2	264	92	0	1	264	1	264	1.98e-134	379
WP_062592528.1	iML1515.b2827	64.4	264	94	0	1	264	1	264	1.62e-133	377
WP_062592528.1	iSSON_1240.SSON_2984	64.4	264	94	0	1	264	1	264	1.62e-133	377
WP_062592528.1	iSF_1195.SF2837	64.0	264	95	0	1	264	1	264	2.30e-133	377
WP_062592528.1	iSbBS512_1146.SbBS512_E3035	64.0	264	95	0	1	264	1	264	2.67e-132	374
WP_062592528.1	iSDY_1059.SDY_3044	63.6	264	96	0	1	264	1	264	3.79e-132	374
WP_062592528.1	iPC815.YPO0783	64.8	264	93	0	1	264	1	264	1.08e-131	372
WP_062592528.1	iCN718.ABAYE_RS16485	61.8	280	91	3	1	264	1	280	7.32e-129	366
WP_062592528.1	iEK1008.Rv2764c	62.5	264	98	1	1	264	1	263	8.98e-126	357
WP_062592529.1	iAF987.Gmet_2947	46.7	169	79	4	6	174	3	160	6.65e-43	140
WP_062592529.1	iJN1463.PP_5132	46.9	162	82	2	8	167	9	168	8.96e-43	140
WP_062592529.1	iYL1228.KPN_00045	42.4	165	88	2	6	170	2	159	8.54e-38	127
WP_062592536.1	iJN1463.PP_0686	49.3	69	35	0	3	71	44	112	5.05e-18	71.2
WP_062592536.1	iCN900.CD630_36220	47.3	74	36	1	2	72	41	114	4.79e-16	66.2
WP_062592542.1	iCN718.ABAYE_RS01030	47.4	230	118	2	68	295	178	406	4.43e-53	178
WP_062592542.1	iJN1463.PP_4909	47.6	229	117	2	66	292	185	412	1.20e-50	172
WP_062592555.1	STM_v1_0.STM1288	54.9	277	119	3	10	280	9	285	3.79e-98	289
WP_062592555.1	iYL1228.KPN_01195	53.1	277	124	3	10	280	18	294	1.02e-92	275
WP_062592555.1	iML1515.b1781	51.6	277	128	3	10	280	8	284	8.49e-92	273
WP_062592555.1	iSbBS512_1146.SbBS512_E2029	50.9	277	130	3	10	280	8	284	1.38e-90	270
WP_062592555.1	iSSON_1240.SSON_1381	51.3	277	129	3	10	280	8	284	2.78e-90	269
WP_062592562.1	iML1515.b2564	35.0	240	147	4	5	244	6	236	4.00e-38	133
WP_062592562.1	iSDY_1059.SDY_2805	35.0	240	147	4	5	244	6	236	4.00e-38	133
WP_062592562.1	iSbBS512_1146.SbBS512_E2929	35.0	240	147	4	5	244	6	236	5.64e-38	132
WP_062592562.1	iSF_1195.SF2626	35.0	240	147	4	5	244	6	236	5.64e-38	132
WP_062592562.1	iSSON_1240.SSON_2688	34.6	240	148	4	5	244	6	236	7.94e-38	132
WP_062592562.1	STM_v1_0.STM2578	34.6	240	148	4	5	244	6	236	1.72e-36	129
WP_062592562.1	iPC815.YPO2930	34.9	235	144	4	5	239	6	231	1.45e-34	124
WP_062592562.1	iYL1228.KPN_02889	34.7	242	143	5	5	243	6	235	5.66e-34	122
WP_062592562.1	iSynCJ816.SGL_RS02965	34.0	244	146	5	5	245	4	235	4.15e-33	120
WP_062592569.1	iCN900.CD630_22540	48.2	220	114	0	1	220	1	220	6.41e-69	211
WP_062592569.1	iCN718.ABAYE_RS07190	45.8	238	125	1	1	238	1	234	2.29e-67	207
WP_062592569.1	iHN637.CLJU_RS14520	43.5	230	129	1	1	229	1	230	1.23e-61	192
WP_062592575.1	iAF987.Gmet_1262	60.5	339	133	1	1	339	1	338	6.69e-151	427
WP_062592575.1	iCN718.ABAYE_RS16130	59.3	339	137	1	1	339	1	338	2.42e-146	416
WP_062592575.1	iJN1463.PP_4678	59.6	339	136	1	1	339	1	338	3.44e-146	415
WP_062592575.1	iLJ478.TM0550	57.8	334	139	2	3	336	4	335	4.80e-136	389
WP_062592575.1	iSynCJ816.SGL_RS17215	59.3	327	132	1	2	328	20	345	1.03e-135	389
WP_062592575.1	iHN637.CLJU_RS10005	58.0	331	138	1	1	331	4	333	5.74e-135	387
WP_062592575.1	iHN637.CLJU_RS10010	58.0	331	138	1	1	331	4	333	5.74e-135	387
WP_062592579.1	iYL1228.KPN_02741	33.0	327	201	8	1	319	1	317	1.02e-40	145
WP_062592579.1	iYO844.BSU39780	32.6	322	202	6	1	319	1	310	1.81e-38	139
WP_062592579.1	iCN718.ABAYE_RS12975	31.0	342	193	7	1	309	1	332	3.12e-37	136
WP_062592579.1	iYO844.BSU09530	33.8	328	187	11	1	317	1	309	2.14e-37	136
WP_062592579.1	iSF_1195.SF3047	29.7	327	208	7	1	315	13	329	1.11e-36	135
WP_062592579.1	iSSON_1240.SSON_3145	29.7	327	208	7	1	315	13	329	1.11e-36	135
WP_062592579.1	iML1515.b3001	29.4	327	209	7	1	315	13	329	2.99e-36	134
WP_062592579.1	iSbBS512_1146.SbBS512_E3430	29.7	327	208	7	1	315	13	329	5.81e-36	133
WP_062592588.1	iML1515.b1489	22.1	280	182	10	41	308	44	299	4.33e-08	55.8
WP_062592588.1	iSSON_1240.SSON_1635	22.1	280	182	10	41	308	52	307	4.34e-08	55.8
WP_062592588.1	iSbBS512_1146.SbBS512_E1752	22.1	280	182	10	41	308	52	307	5.72e-08	55.5
WP_062592595.1	iHN637.CLJU_RS17680	33.4	377	234	9	14	377	9	381	9.81e-55	184
WP_062592595.1	iCN718.ABAYE_RS07975	37.8	336	197	8	49	377	55	385	1.24e-52	179
WP_062592595.1	iMM904.YGL256W	30.9	388	246	9	1	377	4	380	3.57e-50	172
WP_062592595.1	STM_v1_0.STM2461	35.2	335	210	5	44	376	65	394	5.32e-48	167
WP_062592597.1	STM_v1_0.STM0163	45.3	322	161	3	5	311	6	327	1.89e-88	267
WP_062592599.1	iYL1228.KPN_03899	30.7	450	267	15	70	480	65	508	2.59e-45	166
WP_062592599.1	iML1515.b3544	30.4	450	268	15	70	480	74	517	1.08e-44	164
WP_062592599.1	iSDY_1059.SDY_4567	30.4	450	268	15	70	480	74	517	1.08e-44	164
WP_062592599.1	iSF_1195.SF3579	30.4	450	268	15	70	480	74	517	1.08e-44	164
WP_062592599.1	iSSON_1240.SSON_3846	30.4	450	268	15	70	480	74	517	1.08e-44	164
WP_062592599.1	STM_v1_0.STM3630	29.5	451	271	15	70	480	74	517	6.93e-43	159
WP_062592599.1	iPC815.YPO4003	29.1	450	274	15	70	480	74	517	1.04e-39	150
WP_062592600.1	iSSON_1240.SSON_0813	39.0	305	185	1	1	304	1	305	2.42e-65	207
WP_062592600.1	iML1515.b0831	39.0	305	185	1	1	304	1	305	6.82e-65	206
WP_062592600.1	iSDY_1059.SDY_0756	39.0	305	185	1	1	304	1	305	6.82e-65	206
WP_062592600.1	iSF_1195.SF0781	39.0	305	185	1	1	304	1	305	3.83e-64	204
WP_062592600.1	iSbBS512_1146.SbBS512_E2517	38.7	305	186	1	1	304	1	305	1.08e-63	202
WP_062592600.1	STM_v1_0.STM0850	37.7	305	189	1	1	304	1	305	4.29e-63	201
WP_062592600.1	iYL1228.KPN_00864	37.7	305	189	1	1	304	1	305	6.06e-63	201
WP_062592600.1	iJN1463.PP_0881	38.0	334	177	4	1	304	1	334	5.61e-62	199
WP_062592600.1	iYL1228.KPN_03898	37.7	337	177	5	1	304	1	337	4.63e-58	189
WP_062592600.1	STM_v1_0.STM3629	36.8	337	180	5	1	304	1	337	5.11e-57	186
WP_062592602.1	iJN1463.PP_0880	37.2	290	178	3	6	293	15	302	9.20e-54	177
WP_062592602.1	iML1515.b1485	35.4	271	170	1	23	293	26	291	4.43e-48	162
WP_062592602.1	iSSON_1240.SSON_1639	35.4	271	170	1	23	293	26	291	4.43e-48	162
WP_062592604.1	iSbBS512_1146.SbBS512_E2519	47.9	572	255	6	2	531	9	579	2.02e-160	470
WP_062592604.1	iML1515.b0829	48.3	572	253	7	2	531	9	579	2.85e-160	469
WP_062592604.1	iSDY_1059.SDY_0758	48.5	569	250	7	5	531	1	568	2.85e-160	469
WP_062592604.1	iSSON_1240.SSON_0811	48.3	569	251	7	5	531	1	568	5.71e-160	468
WP_062592604.1	iYL1228.KPN_00862	48.7	559	247	7	5	524	12	569	1.62e-158	465
WP_062592604.1	iSF_1195.SF0779	48.2	569	252	7	5	531	1	568	1.83e-158	464
WP_062592604.1	STM_v1_0.STM0848	48.9	562	244	7	5	524	12	572	1.47e-157	462
WP_062592604.1	iJN1463.PP_4150	47.3	528	262	5	3	518	4	527	7.83e-146	429
WP_062592606.1	iCN900.CD630_36270	33.9	289	188	3	3	290	4	290	4.57e-52	172
WP_062592606.1	iAF987.Gmet_0211	34.2	295	187	5	1	293	1	290	3.04e-46	157
WP_062592608.1	iJN1463.PP_1257	73.3	307	82	0	1	307	1	307	2.39e-157	441
WP_062592608.1	iCN718.ABAYE_RS12040	74.1	301	78	0	5	305	4	304	4.85e-156	438
WP_062592610.1	iYO844.BSU39780	32.8	317	189	9	1	308	1	302	7.25e-39	139
WP_062592610.1	iYO844.BSU09530	32.4	299	187	6	1	294	1	289	1.36e-33	125
WP_062592612.1	iPC815.YPO4035	36.0	430	234	6	6	435	5	393	6.20e-69	223
WP_062592612.1	iML1515.b3568	36.8	408	220	5	29	436	24	393	1.98e-66	217
WP_062592612.1	iSbBS512_1146.SbBS512_E3954	36.8	408	220	5	29	436	24	393	1.98e-66	217
WP_062592612.1	iSF_1195.SF3612	36.8	408	220	5	29	436	24	393	1.98e-66	217
WP_062592612.1	iYL1228.KPN_03932	35.1	407	226	5	30	436	25	393	9.74e-63	207
WP_062592614.1	iML1515.b3566	41.3	315	179	4	18	331	18	327	1.20e-71	225
WP_062592614.1	iSF_1195.SF3610	41.3	315	179	4	18	331	18	327	1.20e-71	225
WP_062592614.1	iYL1228.KPN_03930	43.3	305	167	4	20	323	2	301	3.94e-71	223
WP_062592614.1	iSbBS512_1146.SbBS512_E3956	40.0	315	176	5	18	331	30	332	4.28e-67	214
WP_062592614.1	iPC815.YPO4037	39.9	326	190	3	7	331	7	327	3.82e-67	214
WP_062592616.1	iYO844.BSU24850	26.3	217	144	7	148	354	67	277	6.31e-04	41.2
WP_062592619.1	iML1515.b4020	34.4	535	337	4	7	533	4	532	2.25e-89	285
WP_062592619.1	iJN1463.PP_0145	32.3	541	360	3	7	541	4	544	1.93e-80	261
WP_062592626.1	STM_v1_0.STM3390	22.9	363	257	6	11	353	18	377	6.76e-16	77.8
WP_062592626.1	iML1515.b3265	23.3	373	258	7	3	353	11	377	4.02e-15	75.5
WP_062592626.1	iSbBS512_1146.SbBS512_E3648	23.3	373	258	7	3	353	11	377	4.02e-15	75.5
WP_062592628.1	iSDY_1059.SDY_2654	25.0	1044	694	29	18	1004	13	1024	3.67e-57	214
WP_062592628.1	iSSON_1240.SSON_2550	25.0	1044	694	29	18	1004	13	1024	2.06e-56	212
WP_062592628.1	iML1515.b2470	24.9	1044	695	31	18	1004	13	1024	4.87e-56	211
WP_062592628.1	iSF_1195.SF2512	24.9	1044	695	31	18	1004	13	1024	2.04e-55	209
WP_062592634.1	iCN718.ABAYE_RS18215	29.6	203	139	4	29	231	31	229	6.08e-18	80.5
WP_062592636.1	iAF987.Gmet_3085	42.3	104	60	0	37	140	347	450	1.77e-18	88.6
WP_062592644.1	iMM904.YPR035W	46.4	334	164	7	7	333	27	352	3.51e-95	287
WP_062592644.1	iLB1027_lipid.PHATRDRAFT_51092	43.1	343	174	8	7	335	66	401	8.32e-85	262
WP_062592653.1	STM_v1_0.STM2232	29.1	498	328	12	4	499	7	481	8.11e-42	160
WP_062592653.1	iYS854.USA300HOU_RS13930	34.3	350	207	13	2	332	16	361	1.46e-38	150
WP_062592655.1	iAF987.Gmet_1903	52.5	356	137	4	1	343	1	337	3.43e-117	342
WP_062592655.1	iCN718.ABAYE_RS05140	52.5	341	155	4	1	339	1	336	1.10e-115	338
WP_062592655.1	iJN1463.PP_5168	50.3	346	145	3	1	341	1	324	1.07e-112	330
WP_062592655.1	iML1515.b2422	56.7	282	122	0	1	282	1	282	4.58e-110	325
WP_062592655.1	iSDY_1059.SDY_2618	56.7	282	122	0	1	282	1	282	4.58e-110	325
WP_062592655.1	iYL1228.KPN_02770	56.4	282	123	0	1	282	1	282	6.29e-110	324
WP_062592655.1	iPC815.YPO3012	55.7	282	125	0	1	282	1	282	6.09e-110	324
WP_062592655.1	iSSON_1240.SSON_2511	56.4	282	123	0	1	282	1	282	3.70e-109	322
WP_062592655.1	STM_v1_0.STM2441	56.7	282	122	0	1	282	1	282	1.49e-108	321
WP_062592655.1	iSbBS512_1146.SbBS512_E2794	56.0	282	124	0	1	282	1	282	1.20e-107	318
WP_062592655.1	iSynCJ816.SGL_RS17160	48.4	347	166	5	1	343	1	338	8.04e-106	313
WP_062592658.1	iAF987.Gmet_1904	70.0	267	80	0	18	284	7	273	9.13e-128	364
WP_062592658.1	iCN718.ABAYE_RS05145	67.2	265	87	0	18	282	17	281	9.45e-122	350
WP_062592658.1	iJN1463.PP_5169	64.8	267	94	0	12	278	7	273	3.64e-118	340
WP_062592660.1	iCN718.ABAYE_RS05150	60.3	267	106	0	16	282	7	273	1.00e-114	331
WP_062592660.1	iAF987.Gmet_1905	60.8	268	105	0	12	279	8	275	1.31e-110	320
WP_062592660.1	iJN1463.PP_5170	60.6	259	102	0	16	274	8	266	1.67e-102	300
WP_062592662.1	iAF987.Gmet_1906	64.3	342	116	3	1	341	1	337	7.37e-153	432
WP_062592662.1	iJN1463.PP_5171	61.7	334	121	6	8	338	11	340	7.19e-140	399
WP_062592662.1	iCN718.ABAYE_RS05160	62.9	313	113	3	27	338	19	329	8.00e-140	399
WP_062592662.1	iYL1228.KPN_04008	64.7	312	99	4	30	336	21	326	6.12e-138	394
WP_062592669.1	iAF987.Gmet_1706	33.1	133	82	3	144	276	3	128	1.58e-12	66.2
WP_062592670.1	iAF987.Gmet_0069	32.9	298	189	3	141	427	4	301	5.96e-34	129
WP_062592670.1	iAF987.Gmet_2425	40.1	192	105	4	247	431	160	348	5.54e-30	119
WP_062592695.1	iJN1463.PP_1677	49.8	474	233	5	4	475	3	473	9.17e-145	423
WP_062592697.1	iAF987.Gmet_0466	51.2	166	78	1	11	173	7	172	2.32e-48	154
WP_062592697.1	iJN1463.PP_1678	49.7	167	82	1	10	174	4	170	1.18e-43	142
WP_062592697.1	iCN718.ABAYE_RS10200	47.3	167	86	1	10	174	4	170	9.22e-43	140
WP_062592700.1	iJN1463.PP_4639	32.4	355	195	13	20	364	3	322	9.14e-36	132
WP_062592702.1	iJN1463.PP_3507	49.8	1246	600	11	1	1234	1	1233	0.0	1115
WP_062592704.1	iJN1463.PP_1672	49.0	196	98	2	13	208	9	202	2.18e-62	192
WP_062592704.1	iSynCJ816.SGL_RS08905	48.5	204	102	3	7	209	2	203	2.18e-62	192
WP_062592708.1	iAF987.Gmet_3235	49.8	241	121	0	17	257	11	251	3.40e-70	224
WP_062592708.1	iJN1463.PP_3999	46.7	255	134	1	3	257	204	456	2.11e-66	213
WP_062592708.1	iCN718.ABAYE_RS04340	46.1	243	129	1	15	257	216	456	2.40e-63	205
WP_062592708.1	iYL1228.KPN_03754	46.8	248	127	2	10	257	202	444	2.98e-62	202
WP_062592709.1	iAF987.Gmet_0470	38.6	459	248	11	1	439	1	445	3.61e-75	242
WP_062592709.1	iAF692.Mbar_A1187	38.1	431	249	9	3	431	4	418	4.23e-74	238
WP_062592709.1	iAF692.Mbar_A2158	37.0	432	252	10	3	431	4	418	5.25e-67	220
WP_062592709.1	STM_v1_0.STM2035	35.9	440	261	8	5	432	9	439	2.39e-66	219
WP_062592711.1	iJN1463.PP_1676	40.1	334	177	8	5	328	2	322	3.16e-58	190
WP_062592713.1	iAF987.Gmet_0486	44.6	294	140	6	4	290	7	284	2.70e-57	187
WP_062592713.1	iYL1228.KPN_03199	39.4	320	174	7	1	313	1	307	1.90e-50	169
WP_062592718.1	iJN1463.PP_1602	50.0	56	28	0	6	61	34	89	6.14e-13	62.8
WP_062592718.1	iAF987.Gmet_2354	30.3	132	88	2	6	134	20	150	2.55e-12	60.8
WP_062592718.1	iLB1027_lipid.PHATRDRAFT_55157	31.3	134	82	4	6	137	69	194	1.09e-11	60.1
WP_062592718.1	iYL1228.KPN_00193	31.1	122	80	2	6	124	23	143	9.90e-12	59.3
WP_062592718.1	STM_v1_0.STM0227	31.1	122	80	2	6	124	23	143	9.90e-12	59.3
WP_062592718.1	iML1515.b0180	31.1	122	80	2	6	124	23	143	1.93e-11	58.5
WP_062592718.1	iSbBS512_1146.SbBS512_E0173	31.1	122	80	2	6	124	23	143	1.93e-11	58.5
WP_062592718.1	iSDY_1059.SDY_0196	31.1	122	80	2	6	124	23	143	1.93e-11	58.5
WP_062592718.1	iSF_1195.SF0170	31.1	122	80	2	6	124	23	143	1.93e-11	58.5
WP_062592718.1	iSSON_1240.SSON_0192	31.1	122	80	2	6	124	23	143	1.93e-11	58.5
WP_062592718.1	iNF517.LLMG_RS02815	31.0	116	77	2	9	123	25	138	5.24e-11	57.4
WP_062592718.1	iIT341.HP1376	33.3	129	70	6	8	125	29	152	1.17e-10	56.6
WP_062592718.1	iPC815.YPO1055	34.3	102	61	3	6	102	23	123	1.65e-10	56.6
WP_062592720.1	iCHOv1.100769182	29.0	290	164	8	7	275	44	312	4.60e-12	67.0
WP_062592722.1	iAF987.Gmet_1603	39.5	413	235	5	14	421	4	406	2.98e-75	240
WP_062592722.1	iIT341.HP0558	38.5	416	237	5	14	421	4	408	4.54e-71	229
WP_062592722.1	iYO844.BSU11340	36.3	408	254	2	14	421	6	407	1.54e-68	223
WP_062592722.1	iML1515.b1095	36.0	411	253	4	14	421	6	409	4.65e-67	219
WP_062592722.1	iSDY_1059.SDY_2055	36.0	411	253	4	14	421	6	409	4.65e-67	219
WP_062592722.1	iSF_1195.SF1099	36.0	411	253	4	14	421	6	409	4.65e-67	219
WP_062592722.1	iSSON_1240.SSON_1115	36.0	411	253	4	14	421	6	409	4.65e-67	219
WP_062592722.1	iYL1228.KPN_01093	35.3	411	256	4	14	421	6	409	1.29e-66	218
WP_062592722.1	STM_v1_0.STM1197	35.3	411	256	4	14	421	6	409	1.29e-66	218
WP_062592722.1	iSbBS512_1146.SbBS512_E2229	36.0	411	253	4	14	421	6	409	3.58e-66	216
WP_062592724.1	iEK1008.Rv3777	29.5	352	206	5	1	339	4	326	5.61e-39	140
WP_062592724.1	iJN1463.PP_0072	35.0	263	143	3	19	281	22	256	7.90e-37	134
WP_062592727.1	iYO844.BSU23860	49.6	470	234	2	1	470	1	467	2.33e-150	436
WP_062592727.1	iPC815.YPO1541	49.5	471	233	4	1	470	1	467	4.31e-148	431
WP_062592727.1	STM_v1_0.STM2081	49.5	471	232	4	1	470	1	466	2.38e-147	429
WP_062592727.1	iNF517.LLMG_RS03045	49.2	472	234	3	1	470	1	468	5.44e-147	428
WP_062592727.1	iSbBS512_1146.SbBS512_E1202	48.8	471	235	4	1	470	1	466	9.56e-147	427
WP_062592727.1	iSDY_1059.SDY_2212	48.8	471	235	4	1	470	1	466	9.56e-147	427
WP_062592727.1	iSSON_1240.SSON_2100	48.8	471	235	4	1	470	1	466	2.71e-146	426
WP_062592727.1	iMM904.YGR256W	49.5	455	226	3	2	455	4	455	8.48e-146	426
WP_062592727.1	iML1515.b2029	48.4	471	237	4	1	470	1	466	7.71e-146	425
WP_062592727.1	iSF_1195.SF2091	48.8	471	235	4	1	470	1	466	7.71e-146	425
WP_062592727.1	iMM904.YHR183W	48.5	454	230	3	3	455	2	452	4.98e-144	421
WP_062592727.1	iYL1228.KPN_02499	48.4	471	237	4	1	470	1	466	1.42e-143	419
WP_062592727.1	iSynCJ816.SGL_RS12985	50.0	466	224	5	1	461	1	462	2.33e-141	414
WP_062592727.1	iEK1008.Rv1844c	48.6	473	234	4	4	472	11	478	3.68e-140	411
WP_062592727.1	iMM1415.110208	48.5	460	231	5	1	458	1	456	2.77e-139	409
WP_062592727.1	iAT_PLT_636.5226	48.5	460	231	5	1	458	1	456	6.33e-138	405
WP_062592727.1	iYS854.USA300HOU_RS08075	48.2	467	236	4	5	470	4	465	8.86e-137	402
WP_062592727.1	iCHOv1.100765199	48.0	460	233	5	1	458	1	456	1.64e-135	399
WP_062592728.1	iJN1463.PP_1015	40.1	367	205	9	4	362	6	365	2.03e-68	222
WP_062592731.1	iJN1463.PP_1016	42.3	279	161	0	28	306	22	300	3.53e-79	242
WP_062592733.1	iJN1463.PP_1017	48.2	278	135	1	37	314	13	281	2.97e-90	270
WP_062592736.1	iJN1463.PP_1018	49.6	357	164	3	15	362	16	365	6.23e-109	323
WP_062592736.1	iML1515.b3450	48.9	348	172	3	15	362	15	356	1.32e-106	316
WP_062592736.1	STM_v1_0.STM3554	49.0	349	170	4	15	362	15	356	5.32e-106	315
WP_062592736.1	iSbBS512_1146.SbBS512_E3873	48.9	348	172	3	15	362	15	356	5.32e-106	315
WP_062592736.1	iYL1228.KPN_03810	48.3	358	178	4	5	361	4	355	1.51e-105	313
WP_062592736.1	iPC815.YPO3793	46.2	359	185	4	5	362	4	355	1.87e-101	303
WP_062592736.1	iSynCJ816.SGL_RS17635	54.4	287	128	1	3	289	2	285	3.79e-97	292
WP_062592738.1	iLJ478.TM1624	33.9	743	449	18	11	738	5	720	3.10e-113	362
WP_062592738.1	iMM1415.110173	34.0	679	386	21	12	640	25	691	2.24e-108	352
WP_062592742.1	iSynCJ816.SGL_RS02995	31.2	199	120	6	7	198	13	201	3.88e-13	69.3
WP_062592742.1	iYL1228.KPN_00507	28.5	137	98	0	9	145	8	144	5.95e-11	62.8
WP_062592744.1	iSF_1195.SF3047	56.5	345	146	1	1	341	1	345	1.23e-144	412
WP_062592744.1	iML1515.b3001	56.2	345	147	1	1	341	1	345	1.75e-144	411
WP_062592744.1	iSSON_1240.SSON_3145	56.2	345	147	1	1	341	1	345	4.98e-144	410
WP_062592744.1	iSbBS512_1146.SbBS512_E3430	55.9	345	148	1	1	341	1	345	1.42e-143	409
WP_062592744.1	iYL1228.KPN_02741	62.7	314	115	2	13	325	1	313	1.48e-136	390
WP_062592746.1	iAF987.Gmet_1903	62.3	252	93	1	1	250	1	252	4.37e-104	308
WP_062592746.1	iJN1463.PP_5168	49.7	344	145	7	1	337	1	323	4.14e-101	300
WP_062592746.1	iCN718.ABAYE_RS05140	54.1	281	124	2	1	276	1	281	3.32e-98	294
WP_062592746.1	iSynCJ816.SGL_RS17160	50.7	296	137	4	1	293	1	290	5.71e-97	291
WP_062592746.1	iSSON_1240.SSON_2511	53.2	280	127	2	1	276	1	280	1.57e-96	290
WP_062592746.1	STM_v1_0.STM2441	53.6	280	126	2	1	276	1	280	2.22e-96	290
WP_062592746.1	iML1515.b2422	52.9	280	128	2	1	276	1	280	4.44e-96	289
WP_062592746.1	iYL1228.KPN_02770	52.9	280	128	2	1	276	1	280	4.31e-96	289
WP_062592746.1	iSDY_1059.SDY_2618	52.9	280	128	2	1	276	1	280	4.44e-96	289
WP_062592746.1	iPC815.YPO3012	49.0	302	147	3	1	295	1	302	1.90e-94	285
WP_062592746.1	iSbBS512_1146.SbBS512_E2794	52.5	280	129	2	1	276	1	280	2.87e-94	284
WP_062592749.1	iCN718.ABAYE_RS05145	58.8	255	105	0	22	276	27	281	4.63e-101	298
WP_062592749.1	iAF987.Gmet_1904	61.9	239	91	0	40	278	35	273	2.72e-101	298
WP_062592749.1	iPC815.YPO3013	56.6	251	109	0	35	285	32	282	1.36e-94	281
WP_062592749.1	STM_v1_0.STM2442	54.9	266	117	1	13	278	13	275	1.79e-92	276
WP_062592749.1	iML1515.b2423	56.4	243	106	0	36	278	33	275	3.60e-92	275
WP_062592749.1	iSbBS512_1146.SbBS512_E2795	56.4	243	106	0	36	278	33	275	3.60e-92	275
WP_062592749.1	iSDY_1059.SDY_2619	56.4	243	106	0	36	278	33	275	3.60e-92	275
WP_062592749.1	iSSON_1240.SSON_2512	56.4	243	106	0	36	278	33	275	3.60e-92	275
WP_062592749.1	iYL1228.KPN_02771	55.6	250	111	0	36	285	33	282	5.10e-92	275
WP_062592749.1	iJN1463.PP_5169	56.6	244	106	0	35	278	36	279	4.93e-92	275
WP_062592753.1	iYL1228.KPN_02773	55.2	328	139	4	1	321	6	332	1.30e-115	337
WP_062592753.1	iML1515.b2425	54.5	321	138	4	9	321	12	332	3.01e-114	333
WP_062592753.1	iPC815.YPO3015	54.4	318	135	4	11	321	25	339	5.39e-114	333
WP_062592753.1	iSSON_1240.SSON_2514	54.2	321	139	4	9	321	12	332	6.06e-114	333
WP_062592753.1	STM_v1_0.STM2444	55.0	320	136	4	9	321	14	332	8.58e-114	332
WP_062592753.1	iSbBS512_1146.SbBS512_E2797	54.2	321	139	4	9	321	12	332	1.22e-113	332
WP_062592753.1	iSDY_1059.SDY_2621	54.2	321	139	4	9	321	12	332	1.72e-113	332
WP_062592753.1	iAF987.Gmet_1906	52.0	325	148	3	7	323	10	334	1.66e-108	319
WP_062592753.1	iJN1463.PP_4305	50.8	311	146	4	18	322	20	329	5.62e-103	305
WP_062592753.1	iYL1228.KPN_04008	48.6	321	159	2	7	321	6	326	1.45e-102	303
WP_062592757.1	iSynCJ816.SGL_RS10910	47.5	507	189	4	9	515	7	436	1.30e-139	412
WP_062592763.1	iJN1463.PP_0117	58.0	255	107	0	2	256	1	255	1.55e-85	256
WP_062592763.1	iPC815.YPO2059	51.0	253	124	0	4	256	3	255	5.44e-76	231
WP_062592763.1	iML1515.b1859	52.2	247	118	0	11	257	10	256	7.71e-76	231
WP_062592763.1	iSDY_1059.SDY_1146	51.8	247	119	0	11	257	10	256	7.71e-76	231
WP_062592763.1	iSSON_1240.SSON_1282	51.8	247	119	0	11	257	10	256	7.71e-76	231
WP_062592766.1	iML1515.b1400	45.1	164	82	3	1	161	1	159	8.07e-19	79.3
WP_062592768.1	iCHOv1.100766004	46.7	197	100	3	30	224	15	208	1.34e-47	156
WP_062592784.1	iSDY_1059.SDY_1505	25.7	179	93	4	1	140	7	184	2.65e-07	48.5
WP_062592784.1	iML1515.b1768	25.7	179	93	4	1	140	1	178	3.46e-07	48.1
WP_062592784.1	iSSON_1240.SSON_1387	25.7	179	93	4	1	140	7	184	3.61e-07	48.1
WP_062592784.1	iYL1228.KPN_01202	27.0	178	92	5	1	140	1	178	2.24e-06	45.8
WP_062592784.1	iSF_1195.SF1455	25.8	178	94	3	1	140	7	184	2.32e-06	45.8
WP_062592784.1	iSbBS512_1146.SbBS512_E2023	25.1	179	94	4	1	140	1	178	7.70e-06	44.3
WP_062592787.1	iAF987.Gmet_0769	39.1	115	70	0	9	123	6	120	4.48e-19	77.0
WP_062592793.1	iEK1008.Rv2936	32.1	312	198	7	5	307	8	314	9.70e-41	144
WP_062592793.1	iCHOv1.100761226	37.2	226	137	4	5	226	899	1123	2.41e-37	141
WP_062592793.1	iMM1415.11303	37.2	226	137	4	5	226	899	1123	2.41e-37	141
WP_062592793.1	iCN900.CD630_16140	34.3	239	134	4	11	235	30	259	3.58e-37	133
WP_062592793.1	iML1515.b2422	37.2	215	126	4	5	212	3	215	3.31e-35	130
WP_062592793.1	iSDY_1059.SDY_2618	37.2	215	126	4	5	212	3	215	3.31e-35	130
WP_062592793.1	iYL1228.KPN_02770	37.2	215	126	4	5	212	3	215	4.53e-35	130
WP_062592793.1	iSSON_1240.SSON_2511	37.2	215	126	4	5	212	3	215	4.61e-35	130
WP_062592805.1	iYO844.BSU13170	33.6	113	68	4	21	130	13	121	6.07e-07	47.0
WP_062592805.1	iAF692.Mbar_A3057	26.8	82	60	0	19	100	13	94	4.11e-06	44.7
WP_062592806.1	iJN1463.PP_3999	40.4	448	258	3	9	451	5	448	7.97e-94	292
WP_062592806.1	STM_v1_0.STM3477	38.4	445	270	3	9	452	5	446	5.54e-89	279
WP_062592806.1	iML1515.b3368	38.7	445	267	5	9	451	5	445	4.07e-85	269
WP_062592806.1	iSbBS512_1146.SbBS512_E3744	38.4	445	268	5	9	451	5	445	1.13e-84	268
WP_062592806.1	iSF_1195.SF3387	38.4	445	268	5	9	451	5	445	1.13e-84	268
WP_062592806.1	iSSON_1240.SSON_3499	38.4	445	268	5	9	451	5	445	1.13e-84	268
WP_062592806.1	iSDY_1059.SDY_3530	38.4	445	268	5	9	451	5	445	8.82e-84	266
WP_062592806.1	iYL1228.KPN_03754	37.8	437	268	3	16	451	3	436	5.34e-83	263
WP_062592807.1	iJN1463.PP_2371	54.3	551	249	2	1	551	1	548	2.89e-219	618
WP_062592807.1	iCN718.ABAYE_RS03715	53.1	550	253	4	1	549	1	546	1.75e-207	588
WP_062592813.1	iJN1463.PP_1638	55.8	251	109	2	21	269	7	257	2.40e-95	280
WP_062592818.1	iJN1463.PP_1300	82.9	240	41	0	17	256	15	254	6.99e-149	415
WP_062592820.1	iJN1463.PP_1299	54.2	371	157	2	14	384	8	365	2.76e-129	375
WP_062592822.1	iJN1463.PP_1298	48.0	383	193	2	22	403	15	392	4.31e-106	318
WP_062592824.1	iJN1463.PP_1297	56.6	343	145	3	1	342	3	342	2.26e-141	403
WP_062592826.1	iML1515.b3008	45.1	395	203	5	8	391	1	392	1.60e-105	316
WP_062592826.1	iSSON_1240.SSON_3151	45.1	395	203	5	8	391	1	392	1.60e-105	316
WP_062592826.1	iSF_1195.SF3053	45.1	395	203	5	8	391	1	392	9.08e-105	314
WP_062592826.1	iSDY_1059.SDY_3065	45.1	395	203	5	8	391	1	392	1.82e-104	313
WP_062592826.1	iSbBS512_1146.SbBS512_E3435	44.8	395	204	5	8	391	1	392	3.64e-104	313
WP_062592826.1	iYL1228.KPN_03428	44.8	397	201	6	8	391	1	392	5.15e-104	312
WP_062592826.1	STM_v1_0.STM3161	44.5	391	201	6	13	391	6	392	2.64e-101	305
WP_062592826.1	iMM904.YFR055W	43.0	342	191	2	4	345	3	340	3.48e-96	290
WP_062592830.1	iAF987.Gmet_0843	31.9	257	126	14	14	238	8	247	1.85e-11	62.4
WP_062592830.1	iJN1463.PP_0553	33.9	165	95	6	18	181	123	274	4.05e-11	62.0
WP_062592830.1	iYL1228.KPN_01542	27.0	222	125	7	21	220	5	211	1.37e-10	59.7
WP_062592830.1	iEK1008.Rv1938	37.1	105	57	3	28	129	27	125	7.71e-10	58.2
WP_062592830.1	iEK1008.Rv3617	32.8	128	71	3	14	129	12	136	1.69e-09	57.0
WP_062592830.1	iJN1463.PP_1380	25.2	258	160	7	21	255	13	260	1.68e-09	56.6
WP_062592832.1	iML1515.b3607	51.0	253	124	0	20	272	6	258	5.28e-85	255
WP_062592832.1	STM_v1_0.STM3699	51.4	253	123	0	20	272	6	258	5.28e-85	255
WP_062592832.1	iSbBS512_1146.SbBS512_E4035	51.0	253	124	0	20	272	6	258	5.28e-85	255
WP_062592832.1	iSF_1195.SF3646	51.0	253	124	0	20	272	6	258	5.28e-85	255
WP_062592832.1	iSSON_1240.SSON_3798	51.0	253	124	0	20	272	6	258	5.28e-85	255
WP_062592832.1	iYL1228.KPN_03951	51.0	253	124	0	20	272	6	258	2.13e-84	253
WP_062592832.1	iSDY_1059.SDY_4040	50.6	253	125	0	20	272	6	258	6.05e-84	252
WP_062592838.1	iCN900.CD630_20200	36.3	875	391	14	8	748	10	852	1.67e-169	512
WP_062592840.1	iJN1463.PP_3588	28.2	287	170	10	22	293	28	293	2.08e-13	70.9
WP_062592844.1	iML1515.b1103	37.6	117	68	3	7	120	4	118	8.79e-17	70.9
WP_062592859.1	iCN900.CD630_21360	50.4	236	117	0	3	238	8	243	2.84e-80	241
WP_062592859.1	iHN637.CLJU_RS06410	50.4	230	114	0	9	238	25	254	2.47e-76	231
WP_062592859.1	iAF987.Gmet_1254	49.6	232	117	0	9	240	9	240	3.44e-74	226
WP_062592859.1	iSynCJ816.SGL_RS16700	48.3	236	122	0	3	238	14	249	1.08e-73	224
WP_062592859.1	iLJ478.TM1398	50.4	230	112	1	9	238	3	230	2.60e-73	223
WP_062592859.1	iEK1008.Rv2361c	50.0	232	116	0	6	237	64	295	2.41e-70	218
WP_062592860.1	iPC815.YPO1050	28.4	285	163	8	5	255	2	279	3.47e-26	103
WP_062592860.1	STM_v1_0.STM0222	29.2	291	153	8	5	255	2	279	9.89e-26	102
WP_062592860.1	iML1515.b0175	29.1	285	161	9	5	255	2	279	1.38e-25	102
WP_062592860.1	iSbBS512_1146.SbBS512_E0168	29.1	285	161	9	5	255	2	279	1.38e-25	102
WP_062592860.1	iSDY_1059.SDY_0191	39.5	147	84	3	113	255	98	243	9.74e-25	99.0
WP_062592860.1	iSF_1195.SF0165	39.5	147	84	3	113	255	98	243	9.74e-25	99.0
WP_062592860.1	iSSON_1240.SSON_0187	39.5	147	84	3	113	255	98	243	9.74e-25	99.0
WP_062592860.1	iYL1228.KPN_00188	38.4	146	87	2	113	255	109	254	6.32e-24	97.1
WP_062592860.1	iCN718.ABAYE_RS08240	31.4	258	155	7	8	248	4	256	1.58e-23	96.3
WP_062592860.1	iJN1463.PP_1596	33.8	275	144	13	5	254	2	263	1.07e-22	94.0
WP_062592860.1	iNF517.LLMG_RS12105	30.7	264	146	9	8	246	4	255	1.39e-22	93.6
WP_062592867.1	STM_v1_0.STM0226	44.0	250	127	6	13	261	4	241	2.54e-26	107
WP_062592867.1	iSbBS512_1146.SbBS512_E0172	43.2	250	129	6	13	261	4	241	1.18e-24	102
WP_062592867.1	iSF_1195.SF0169	43.2	250	129	6	13	261	4	241	1.18e-24	102
WP_062592867.1	iSSON_1240.SSON_0191	43.2	250	129	6	13	261	4	241	1.18e-24	102
WP_062592867.1	iML1515.b0179	42.8	250	130	6	13	261	4	241	1.62e-24	102
WP_062592867.1	iSDY_1059.SDY_0195	42.8	250	130	6	13	261	4	241	1.62e-24	102
WP_062592867.1	iYL1228.KPN_00192	43.2	250	129	6	13	261	4	241	2.05e-23	99.0
WP_062592867.1	iPC815.YPO1054	44.0	250	127	6	13	261	4	241	7.17e-23	97.4
WP_062592869.1	iIT341.HP1376	49.3	146	68	1	22	161	14	159	8.50e-48	152
WP_062592869.1	iAF987.Gmet_2354	49.7	143	70	1	21	161	6	148	2.81e-44	142
WP_062592871.1	iAF987.Gmet_2353	40.5	210	124	1	52	261	46	254	5.26e-41	141
WP_062592876.1	iNF517.LLMG_RS12615	39.8	226	126	4	4	228	6	222	7.35e-39	134
WP_062592876.1	iAF692.Mbar_A3172	41.2	199	111	4	13	210	19	212	3.10e-36	127
WP_062592880.1	iJN1463.PP_3819	49.4	449	221	5	3	449	2	446	1.41e-137	402
WP_062592886.1	iJN1463.PP_1866	63.5	446	160	2	1	445	1	444	3.01e-207	579
WP_062592898.1	iML1515.b2463	58.6	751	308	3	18	766	5	754	2.83e-302	845
WP_062592898.1	iSbBS512_1146.SbBS512_E2829	58.5	751	309	3	18	766	5	754	2.83e-302	845
WP_062592898.1	iSDY_1059.SDY_2645	58.6	751	308	3	18	766	5	754	5.69e-302	845
WP_062592898.1	iSSON_1240.SSON_2543	58.6	751	308	3	18	766	5	754	5.69e-302	845
WP_062592898.1	iSF_1195.SF2505	58.6	751	308	3	18	766	5	754	1.62e-301	843
WP_062592898.1	iYL1228.KPN_02797	58.6	751	308	3	18	766	5	754	6.55e-301	842
WP_062592898.1	STM_v1_0.STM2472	58.3	751	310	3	18	766	5	754	7.55e-300	839
WP_062592898.1	iPC815.YPO3034	57.5	753	315	4	18	766	5	756	9.33e-299	837
WP_062592898.1	iCN718.ABAYE_RS06135	55.6	750	326	5	18	765	6	750	1.37e-279	788
WP_062592900.1	iAF987.Gmet_2776	26.1	241	162	8	14	247	2	233	1.36e-11	62.8
WP_062592902.1	STM_v1_0.STM2554	30.3	370	233	8	22	379	9	365	2.00e-30	120
WP_062592902.1	iSbBS512_1146.SbBS512_E2910	27.8	371	241	8	22	379	9	365	1.26e-28	115
WP_062592902.1	iML1515.b2536	28.3	371	239	8	22	379	9	365	1.74e-28	114
WP_062592902.1	iSSON_1240.SSON_2618	28.3	371	239	8	22	379	9	365	2.39e-28	114
WP_062592902.1	iYL1228.KPN_02870	29.7	320	212	5	22	337	9	319	6.09e-28	113
WP_062592902.1	iSF_1195.SF2583	27.6	373	239	8	22	379	9	365	1.16e-27	112
WP_062592902.1	iSDY_1059.SDY_2732	27.1	373	241	8	22	379	9	365	1.06e-26	109
WP_062592904.1	iYL1228.KPN_01308	44.8	319	174	1	1	317	1	319	8.51e-87	263
WP_062592904.1	iSbBS512_1146.SbBS512_E1559	44.3	314	173	1	1	312	1	314	1.00e-82	253
WP_062592904.1	iSDY_1059.SDY_1403	44.3	314	173	1	1	312	15	328	4.36e-82	251
WP_062592904.1	iML1515.b1325	43.9	314	174	1	1	312	1	314	4.01e-82	251
WP_062592904.1	iSF_1195.SF1331	43.9	314	174	1	1	312	1	314	1.14e-81	250
WP_062592904.1	iSSON_1240.SSON_1813	44.2	301	166	1	1	299	1	301	1.30e-78	241
WP_062592904.1	STM_v1_0.STM1681	43.0	314	177	1	1	312	1	314	1.05e-76	237
WP_062592906.1	iEK1008.Rv3496c	25.7	237	138	8	15	221	20	248	7.39e-05	44.7
WP_062592906.1	iEK1008.Rv3498c	29.0	124	78	4	10	132	16	130	3.39e-04	42.4
WP_062592913.1	STM_v1_0.STM0984	31.8	584	370	12	29	603	17	581	1.17e-69	236
WP_062592913.1	iPC815.YPO1395	31.4	583	374	12	29	603	17	581	8.59e-68	231
WP_062592913.1	iML1515.b0914	31.5	584	372	12	29	603	17	581	1.20e-67	230
WP_062592913.1	iSbBS512_1146.SbBS512_E2410	31.5	584	372	12	29	603	17	581	1.20e-67	230
WP_062592913.1	iSDY_1059.SDY_2344	31.5	584	372	12	29	603	17	581	1.20e-67	230
WP_062592913.1	iSF_1195.SF0910	31.5	584	372	12	29	603	17	581	1.66e-67	230
WP_062592913.1	iSSON_1240.SSON_0916	31.5	584	372	12	29	603	17	581	3.22e-67	229
WP_062592913.1	iYL1228.KPN_00941	31.1	585	373	11	29	603	17	581	1.21e-65	225
WP_062592913.1	iAF987.Gmet_2349	33.6	402	251	6	205	601	179	569	1.85e-62	216
WP_062592915.1	iAF987.Gmet_2349	32.2	482	297	9	141	610	106	569	8.34e-65	223
WP_062592915.1	iPC815.YPO1395	29.7	583	376	9	42	612	21	581	2.00e-63	219
WP_062592915.1	STM_v1_0.STM0984	30.3	594	358	15	42	612	21	581	1.03e-62	217
WP_062592915.1	iML1515.b0914	29.6	594	362	14	42	612	21	581	2.75e-62	216
WP_062592915.1	iSbBS512_1146.SbBS512_E2410	29.6	594	362	14	42	612	21	581	2.75e-62	216
WP_062592915.1	iSDY_1059.SDY_2344	29.6	594	362	14	42	612	21	581	2.75e-62	216
WP_062592915.1	iSF_1195.SF0910	29.6	594	362	14	42	612	21	581	2.75e-62	216
WP_062592915.1	iSSON_1240.SSON_0916	29.6	594	362	14	42	612	21	581	2.75e-62	216
WP_062592915.1	iYL1228.KPN_00941	46.1	245	125	3	370	612	342	581	2.65e-60	211
WP_062592915.1	iPC815.YPO1914	31.1	485	297	12	161	623	124	593	1.32e-58	206
WP_062592915.1	iJN1463.PP_4935	46.9	245	118	3	380	623	366	599	1.89e-58	206
WP_062592920.1	iAT_PLT_636.7386	47.6	191	80	4	6	192	100	274	2.13e-58	184
WP_062592920.1	iMM1415.66694	46.1	191	83	4	6	192	100	274	1.37e-56	179
WP_062592920.1	iCHOv1.100759002	45.0	191	85	4	6	192	62	236	5.17e-56	176
WP_062592920.1	iMM904.YEL024W	47.4	171	75	2	19	189	58	213	2.75e-56	176
WP_062592920.1	iLB1027_lipid.PHATRDRAFT_12233	47.3	184	79	3	12	192	11	179	1.94e-53	168
WP_062592922.1	iMM1415.17711	48.4	376	183	3	23	398	9	373	1.18e-134	391
WP_062592922.1	iMM904.Q0105	51.6	372	171	2	27	398	12	374	1.10e-133	389
WP_062592922.1	iCHOv1.3979182	47.6	376	186	3	23	398	9	373	1.40e-130	380
WP_062592922.1	iAT_PLT_636.4519	46.3	376	191	3	23	398	9	373	1.11e-124	365
WP_062592931.1	iMM904.YPL252C	45.5	101	54	1	3	103	62	161	2.55e-23	87.8
WP_062592936.1	iAF987.Gmet_1889	45.8	275	140	3	16	283	13	285	6.18e-63	199
WP_062592936.1	iYO844.BSU00770	43.7	247	138	1	23	269	18	263	4.78e-61	194
WP_062592936.1	iCN900.CD630_14500	45.3	256	140	0	27	282	9	264	3.98e-61	194
WP_062592936.1	iHN637.CLJU_RS03115	42.6	265	145	2	22	283	10	270	2.60e-60	192
WP_062592936.1	iSynCJ816.SGL_RS05470	43.9	264	139	3	27	282	25	287	4.78e-59	189
WP_062592936.1	iYL1228.KPN_03587	44.1	261	139	2	32	286	17	276	1.74e-57	185
WP_062592938.1	iCN900.CD630_14510	38.4	112	69	0	7	118	4	115	1.73e-21	82.4
WP_062592939.1	iHN637.CLJU_RS03130	48.9	133	68	0	9	141	119	251	1.07e-34	122
WP_062592939.1	iYS854.USA300HOU_RS02645	46.5	129	69	0	11	139	3	131	3.32e-34	118
WP_062592939.1	iCN900.CD630_14520	36.9	141	89	0	10	150	2	142	3.95e-32	113
WP_062592960.1	iAF987.Gmet_0043	27.0	289	153	10	589	866	154	395	1.96e-12	70.5
WP_062592964.1	iML1515.b2165	52.6	291	137	1	14	303	14	304	1.17e-87	264
WP_062592966.1	iML1515.b2166	25.3	316	219	6	4	312	7	312	3.41e-12	65.9
WP_062592970.1	iYL1228.KPN_03029	53.3	885	380	11	6	881	7	867	7.28e-306	864
WP_062592970.1	STM_v1_0.STM2827	52.9	874	379	11	6	870	7	856	2.27e-302	855
WP_062592970.1	iSbBS512_1146.SbBS512_E3180	52.6	874	381	11	6	870	7	856	1.48e-300	850
WP_062592970.1	iSF_1195.SF2720	52.5	874	382	11	6	870	7	856	5.97e-300	849
WP_062592970.1	iSSON_1240.SSON_2841	52.6	874	381	11	6	870	7	856	5.97e-300	849
WP_062592970.1	iSDY_1059.SDY_2893	52.6	874	381	11	6	870	7	856	8.45e-300	848
WP_062592970.1	iPC815.YPO3305	52.5	874	382	11	6	870	7	856	6.10e-297	841
WP_062592970.1	iJN1463.PP_4474	51.1	874	395	10	6	870	5	855	2.56e-285	811
WP_062592970.1	iAF987.Gmet_0201	49.5	883	419	9	5	878	4	868	7.78e-285	810
WP_062592970.1	iCN718.ABAYE_RS13005	50.9	873	402	11	6	869	5	859	2.96e-277	791
WP_062592976.1	iCHOv1.100757665	29.9	77	53	1	65	141	70	145	5.39e-04	38.1
WP_062592978.1	iEK1008.Rv3339c	72.2	403	110	2	3	403	6	408	4.67e-211	585
WP_062592978.1	iAT_PLT_636.3418	69.0	407	119	2	3	402	43	449	3.99e-206	574
WP_062592978.1	iCHOv1.103158535	68.3	407	122	2	3	402	43	449	1.88e-204	570
WP_062592978.1	iMM1415.269951	68.1	407	123	2	3	402	43	449	2.66e-204	570
WP_062592978.1	iAT_PLT_636.3417	67.1	407	123	4	1	398	1	405	1.35e-197	551
WP_062592978.1	iCHOv1.100758958	66.3	412	128	4	1	403	1	410	5.50e-197	550
WP_062592978.1	iMM1415.15926	67.6	401	123	4	10	403	10	410	1.28e-195	546
WP_062592994.1	iML1515.b1524	50.0	304	147	3	11	312	8	308	9.02e-96	285
WP_062592994.1	iSbBS512_1146.SbBS512_E1682	50.0	304	147	3	11	312	8	308	9.02e-96	285
WP_062592994.1	iSSON_1240.SSON_1604	50.0	304	147	3	11	312	8	308	9.02e-96	285
WP_062592994.1	iSDY_1059.SDY_1631	50.0	304	147	3	11	312	8	308	1.28e-95	285
WP_062592994.1	iSF_1195.SF1569	49.7	304	148	3	11	312	8	308	3.63e-95	283
WP_062592994.1	iYL1228.KPN_01636	49.3	304	149	3	11	312	15	315	5.21e-94	281
WP_062592994.1	STM_v1_0.STM1525	48.7	304	151	3	11	312	8	308	3.84e-92	276
WP_062592996.1	iLB1027_lipid.PHATRDRAFT_29004	29.2	253	160	4	8	248	100	345	3.27e-22	94.4
WP_062592996.1	iLJ478.TM1415	31.1	212	129	5	33	244	3	197	2.68e-22	92.0
WP_062592996.1	iAF987.Gmet_0697	31.3	259	151	7	10	261	6	244	1.17e-19	85.5
WP_062592998.1	iPC815.YPO4048	28.9	228	151	4	1	226	1	219	3.06e-17	82.8
WP_062592998.1	iML1515.b4337	25.9	205	150	2	23	227	14	216	1.06e-14	75.1
WP_062592999.1	iML1515.b4337	27.4	219	157	2	36	254	27	243	2.75e-18	85.9
WP_062593001.1	iMM904.YPL059W	49.0	102	49	1	4	102	34	135	1.09e-32	111
WP_062593001.1	iPC815.YPO2383	49.5	97	49	0	6	102	5	101	2.37e-32	109
WP_062593001.1	STM_v1_0.STM1433	45.4	108	59	0	1	108	1	108	9.31e-32	107
WP_062593001.1	iML1515.b1654	45.0	109	60	0	1	109	1	109	1.32e-31	107
WP_062593001.1	iSbBS512_1146.SbBS512_E1850	45.0	109	60	0	1	109	1	109	1.32e-31	107
WP_062593001.1	iSDY_1059.SDY_1880	45.0	109	60	0	1	109	1	109	1.32e-31	107
WP_062593001.1	iSF_1195.SF1682	45.0	109	60	0	1	109	1	109	1.32e-31	107
WP_062593001.1	iYL1228.KPN_01992	47.1	102	54	0	1	102	1	102	1.87e-31	107
WP_062593001.1	iSSON_1240.SSON_1502	44.0	109	61	0	1	109	1	109	5.35e-31	105
WP_062593007.1	iYO844.BSU06480	51.2	670	316	6	18	683	22	684	1.49e-221	638
WP_062593007.1	iSynCJ816.SGL_RS02220	48.4	703	331	8	8	680	4	704	1.77e-210	611
WP_062593007.1	iNF517.LLMG_RS04965	45.5	732	372	9	18	735	20	738	3.31e-203	591
WP_062593007.1	iYS854.USA300HOU_RS05325	46.9	684	339	7	18	694	22	688	9.57e-203	590
WP_062593009.1	iCHOv1.100771752	28.6	182	113	4	165	329	103	284	3.74e-14	73.2
WP_062593009.1	iAT_PLT_636.51166	29.1	182	112	5	165	329	142	323	1.63e-13	72.0
WP_062593014.1	iSynCJ816.SGL_RS15530	48.9	219	105	1	5	216	6	224	1.75e-72	219
WP_062593014.1	iNF517.LLMG_RS04960	52.3	218	103	1	1	218	1	217	1.07e-71	217
WP_062593014.1	iYO844.BSU06470	52.8	216	100	1	1	216	1	214	4.45e-71	216
WP_062593018.1	iSynCJ816.SGL_RS15525	50.7	75	37	0	5	79	8	82	1.19e-19	75.1
WP_062593020.1	iYO844.BSU06450	53.7	231	104	1	7	237	9	236	5.71e-83	248
WP_062593020.1	iHN637.CLJU_RS04210	51.3	236	111	1	1	236	1	232	4.38e-81	243
WP_062593020.1	iCN900.CD630_02190	50.9	230	110	1	7	236	3	229	3.01e-78	235
WP_062593020.1	iCN718.ABAYE_RS00840	49.6	232	113	1	7	238	7	234	7.06e-76	229
WP_062593020.1	iJN1463.PP_1240	46.6	238	123	2	1	238	1	234	6.41e-76	229
WP_062593022.1	iJN1463.PP_3581	31.3	447	291	5	162	603	251	686	1.96e-60	213
WP_062593022.1	iAF987.Gmet_2629	29.6	439	293	4	169	602	381	808	2.54e-59	212
WP_062593022.1	iAF987.Gmet_0700	33.3	441	279	5	169	604	390	820	1.21e-58	210
WP_062593022.1	iAF987.Gmet_0957	31.0	458	298	7	145	595	167	613	6.42e-58	205
WP_062593022.1	iJN1463.PP_1144	32.7	382	251	4	216	592	323	703	2.17e-55	200
WP_062593022.1	iJN1463.PP_0914	30.0	447	292	5	170	608	256	689	8.69e-54	194
WP_062593022.1	iAF987.Gmet_0987	29.8	449	296	7	161	602	348	784	4.81e-53	194
WP_062593028.1	iAF987.Gmet_1943	67.7	433	137	1	1	433	1	430	1.22e-207	578
WP_062593032.1	iAF987.Gmet_0067	58.3	218	86	3	6	221	3	217	9.52e-82	243
WP_062593032.1	iYO844.BSU15790	57.7	201	82	1	5	202	2	202	1.11e-79	237
WP_062593032.1	iCN900.CD630_25750	57.2	201	83	2	5	202	2	202	9.69e-75	225
WP_062593032.1	iSynCJ816.SGL_RS09950	53.8	221	95	4	1	217	1	218	2.44e-74	224
WP_062593032.1	iCN718.ABAYE_RS15510	54.6	227	96	5	1	223	1	224	6.52e-74	223
WP_062593036.1	iYO844.BSU32510	27.6	315	209	9	23	326	17	323	3.01e-20	89.7
WP_062593038.1	iYO844.BSU32500	27.4	201	120	7	367	555	9	195	2.92e-05	45.1
WP_062593044.1	iYS854.USA300HOU_RS07595	22.4	340	240	9	21	354	11	332	1.12e-11	66.6
WP_062593048.1	iJN1463.PP_1235	48.3	143	74	0	12	154	11	153	1.20e-40	133
WP_062593054.1	iJN1463.PP_0434	35.6	362	212	6	8	362	5	352	2.24e-54	182
WP_062593054.1	iPC815.YPO2372	35.2	375	218	9	8	372	7	366	1.19e-51	176
WP_062593054.1	iML1515.b1640	35.4	376	216	8	8	372	7	366	1.73e-50	172
WP_062593054.1	iSbBS512_1146.SbBS512_E1832	35.4	376	216	8	8	372	7	366	1.73e-50	172
WP_062593054.1	iSDY_1059.SDY_1863	35.4	376	216	8	8	372	7	366	1.73e-50	172
WP_062593054.1	iSSON_1240.SSON_1516	35.4	376	216	8	8	372	7	366	1.73e-50	172
WP_062593054.1	iYL1228.KPN_01978	35.4	378	213	9	8	372	7	366	3.84e-50	172
WP_062593054.1	iSF_1195.SF1667	35.1	376	217	8	8	372	7	366	9.38e-50	171
WP_062593054.1	STM_v1_0.STM1446	34.8	374	221	9	8	372	7	366	2.14e-48	167
WP_062593059.1	iML1515.b1683	61.4	484	165	4	19	489	21	495	4.08e-217	607
WP_062593059.1	iSSON_1240.SSON_1473	61.4	484	165	4	19	489	34	508	6.49e-217	607
WP_062593059.1	iSF_1195.SF1713	61.2	484	166	4	19	489	21	495	6.70e-216	604
WP_062593062.1	iSSON_1240.SSON_1474	58.4	243	99	1	1	243	1	241	1.90e-94	277
WP_062593062.1	iML1515.b1682	58.4	243	99	1	1	243	1	241	5.43e-94	276
WP_062593062.1	iSDY_1059.SDY_1913	58.0	243	100	1	1	243	1	241	5.43e-94	276
WP_062593062.1	iSF_1195.SF1712	58.0	243	100	1	1	243	1	241	5.43e-94	276
WP_062593065.1	iML1515.b1681	27.1	388	249	5	41	408	33	406	1.19e-32	127
WP_062593065.1	iSSON_1240.SSON_1475	28.0	378	258	6	41	408	33	406	8.06e-32	125
WP_062593065.1	iSF_1195.SF1711	27.8	378	259	6	41	408	33	406	2.09e-31	124
WP_062593065.1	iSDY_1059.SDY_1912	26.8	388	250	4	41	408	33	406	3.61e-30	120
WP_062593067.1	iSynCJ816.SGL_RS15265	49.1	401	201	1	15	412	13	413	3.11e-139	404
WP_062593067.1	iCN718.ABAYE_RS11400	48.0	402	209	0	6	407	244	645	2.06e-134	399
WP_062593067.1	iSSON_1240.SSON_1476	48.4	399	204	2	10	407	3	400	7.03e-127	372
WP_062593067.1	iML1515.b1680	48.1	399	205	2	10	407	3	400	2.00e-126	370
WP_062593067.1	iSbBS512_1146.SbBS512_E1881	47.9	399	206	2	10	407	3	400	4.58e-125	367
WP_062593067.1	iYS854.USA300HOU_RS04525	44.7	409	225	1	5	412	4	412	6.35e-125	367
WP_062593069.1	iYS854.USA300HOU_RS04825	38.5	96	59	0	33	128	5	100	5.57e-23	85.9
WP_062593071.1	iJN1463.PP_0844	36.8	106	66	1	6	111	3	107	2.06e-21	82.0
WP_062593071.1	iML1515.b1684	39.8	103	61	1	6	108	18	119	2.77e-19	77.0
WP_062593071.1	iSSON_1240.SSON_1472	39.8	103	61	1	6	108	18	119	2.77e-19	77.0
WP_062593071.1	iSF_1195.SF1714	37.7	106	65	1	6	111	18	122	5.53e-19	76.3
WP_062593073.1	iAF987.Gmet_3085	23.5	328	203	12	10	316	87	387	3.30e-04	43.5
WP_062593075.1	iJN1463.PP_0986	60.8	375	138	5	20	392	5	372	1.35e-148	425
WP_062593079.1	iJN1463.PP_5256	47.2	53	28	0	172	224	135	187	1.77e-05	46.2
WP_062593079.1	iML1515.b1330	27.7	166	86	7	134	280	110	260	1.84e-04	42.7
WP_062593087.1	iJN1463.PP_3561	30.4	181	106	4	112	292	125	285	2.51e-04	42.0
WP_062593089.1	iYL1228.KPN_00687	32.1	392	239	9	5	378	7	389	1.00e-42	153
WP_062593089.1	iJN1463.PP_5197	30.2	394	251	8	5	378	6	395	2.72e-40	147
WP_062593089.1	STM_v1_0.STM0671	30.3	389	250	6	5	378	7	389	2.00e-38	142
WP_062593089.1	iSbBS512_1146.SbBS512_E0585	30.3	390	249	7	5	378	7	389	1.03e-37	140
WP_062593089.1	iSF_1195.SF0620	30.3	390	249	7	5	378	7	389	1.03e-37	140
WP_062593089.1	iPC815.YPO2621	30.2	391	252	6	3	378	7	391	1.49e-37	139
WP_062593089.1	iSSON_1240.SSON_0616	30.0	390	250	7	5	378	7	389	3.83e-37	138
WP_062593091.1	iIT341.HP1071	26.4	129	79	4	20	140	11	131	1.64e-06	47.4
WP_062593091.1	iCN718.ABAYE_RS02880	22.5	120	84	2	20	134	47	162	1.57e-05	44.7
WP_062593093.1	iJN1463.PP_0072	53.5	325	150	1	1	324	1	325	1.16e-110	324
WP_062593095.1	iPC815.YPO1508	33.1	505	322	6	8	508	13	505	3.03e-83	267
WP_062593095.1	iPC815.YPO0958	33.9	501	312	6	5	500	2	488	2.52e-83	267
WP_062593095.1	STM_v1_0.STM2189	32.7	513	325	7	2	508	7	505	5.98e-83	266
WP_062593095.1	iML1515.b2149	32.9	513	324	7	2	508	7	505	8.39e-83	266
WP_062593095.1	iSF_1195.SF2234	32.9	513	324	7	2	508	7	505	8.39e-83	266
WP_062593095.1	iSSON_1240.SSON_2205	32.9	513	324	7	2	508	7	505	8.39e-83	266
WP_062593095.1	iJN1463.PP_2455	35.1	507	301	11	4	500	12	500	1.03e-81	263
WP_062593095.1	iPC815.YPO3964	32.5	505	322	5	8	507	6	496	7.13e-81	261
WP_062593095.1	iNF517.LLMG_RS04060	32.4	503	320	5	9	506	3	490	1.87e-80	259
WP_062593095.1	iYL1228.KPN_02587	31.7	502	327	6	11	508	1	490	9.95e-80	257
WP_062593095.1	iSbBS512_1146.SbBS512_E1024	34.0	503	311	8	9	504	8	496	5.42e-79	256
WP_062593095.1	iML1515.b1900	33.8	503	312	8	9	504	8	496	1.50e-78	254
WP_062593095.1	iSDY_1059.SDY_1121	33.8	503	312	8	9	504	8	496	1.50e-78	254
WP_062593095.1	iSSON_1240.SSON_1218	33.8	503	312	8	9	504	8	496	4.14e-78	253
WP_062593095.1	iLJ478.TM0956	34.4	485	305	5	8	485	12	490	6.69e-78	253
WP_062593095.1	iHN637.CLJU_RS00620	32.0	503	317	7	7	500	4	490	1.98e-77	251
WP_062593095.1	iLJ478.TM0115	33.6	494	297	6	8	487	14	490	5.03e-76	248
WP_062593095.1	iYL1228.KPN_04623	32.4	497	321	5	4	496	5	490	1.76e-74	244
WP_062593095.1	iYO844.BSU35940	30.5	505	328	6	9	506	3	491	4.07e-74	243
WP_062593095.1	iML1515.b3567	33.5	490	305	6	8	486	4	483	6.69e-74	243
WP_062593095.1	iCN900.CD630_03010	29.3	485	325	6	8	487	5	476	7.33e-74	242
WP_062593095.1	iSbBS512_1146.SbBS512_E3955	33.3	490	306	6	8	486	4	483	9.37e-74	242
WP_062593095.1	iSSON_1240.SSON_4410	32.6	494	316	6	8	496	9	490	1.34e-73	241
WP_062593095.1	iML1515.b4485	32.0	493	320	5	8	496	9	490	2.62e-73	241
WP_062593099.1	iSF_1195.SF1584	30.0	140	83	2	68	202	93	222	5.53e-05	43.9
WP_062593099.1	iML1515.b1514	29.3	140	84	2	68	202	93	222	7.37e-05	43.5
WP_062593107.1	iML1515.b0827	37.2	387	230	7	3	384	7	385	2.47e-70	226
WP_062593107.1	iJN1463.PP_2123	38.8	384	220	9	3	383	13	384	3.21e-70	226
WP_062593107.1	iSbBS512_1146.SbBS512_E2521	37.2	387	230	7	3	384	7	385	6.89e-70	225
WP_062593107.1	iSSON_1240.SSON_0809	37.2	387	230	7	3	384	7	385	6.89e-70	225
WP_062593107.1	iSF_1195.SF0777	37.2	387	230	7	3	384	7	385	1.36e-69	224
WP_062593107.1	iAF987.Gmet_1038	38.9	383	226	7	24	404	21	397	7.01e-68	220
WP_062593107.1	iSDY_1059.SDY_0760	36.4	387	233	7	3	384	7	385	8.22e-68	220
WP_062593109.1	iAF987.Gmet_2494	55.4	260	115	1	3	261	6	265	4.64e-87	259
WP_062593109.1	iJN1463.PP_0422	51.4	249	120	1	4	251	6	254	7.92e-78	236
WP_062593111.1	iAF987.Gmet_2495	44.5	348	177	3	4	335	2	349	2.13e-81	251
WP_062593111.1	iAF692.Mbar_A3624	43.1	320	179	2	4	321	1	319	1.09e-79	247
WP_062593111.1	iJN1463.PP_0421	42.7	335	185	3	3	330	2	336	7.47e-76	236
WP_062593111.1	iHN637.CLJU_RS07885	41.9	334	192	2	4	335	2	335	1.48e-75	235
WP_062593117.1	iJN1463.PP_5411	43.2	444	220	8	15	435	6	440	3.87e-95	294
WP_062593117.1	iCN718.ABAYE_RS00995	40.8	444	237	8	15	438	6	443	5.30e-95	293
WP_062593117.1	iPC815.YPO4119	39.6	442	239	7	15	435	9	443	1.58e-94	292
WP_062593117.1	iSSON_1240.SSON_3889	39.9	444	245	6	15	440	9	448	2.23e-94	292
WP_062593117.1	iYS854.USA300HOU_RS02555	40.7	450	237	6	14	440	5	447	2.64e-94	291
WP_062593117.1	iML1515.b3730	39.6	444	246	6	15	440	9	448	8.81e-94	290
WP_062593117.1	iSbBS512_1146.SbBS512_E4191	39.4	444	247	6	15	440	9	448	8.81e-94	290
WP_062593117.1	iSDY_1059.SDY_4018	39.6	444	246	6	15	440	9	448	8.81e-94	290
WP_062593117.1	iSF_1195.SF3810	39.6	444	246	6	15	440	9	448	1.24e-93	290
WP_062593117.1	iLJ478.TM1629	41.3	445	232	8	14	440	3	436	2.22e-91	284
WP_062593117.1	iNF517.LLMG_RS10360	40.5	454	242	8	14	445	5	452	4.55e-91	283
WP_062593117.1	STM_v1_0.STM3862	39.2	444	248	6	15	440	9	448	4.76e-90	281
WP_062593117.1	iYL1228.KPN_04135	39.2	444	248	6	15	440	4	443	3.24e-89	278
WP_062593117.1	iCN900.CD630_35150	38.1	446	253	6	14	440	5	446	8.10e-89	278
WP_062593117.1	iAF987.Gmet_0103	39.2	469	237	9	14	440	6	468	8.79e-86	270
WP_062593119.1	iJN1463.PP_5409	49.3	613	304	7	1	608	1	611	2.41e-188	543
WP_062593119.1	iCN718.ABAYE_RS00990	48.5	617	304	6	1	608	1	612	9.20e-186	537
WP_062593119.1	iAF987.Gmet_1487	49.3	612	303	4	1	608	1	609	3.81e-184	533
WP_062593119.1	iAF987.Gmet_0104	47.2	614	313	6	1	608	1	609	2.36e-177	515
WP_062593119.1	iPC815.YPO4118	47.2	615	312	9	1	608	1	609	3.33e-177	515
WP_062593119.1	STM_v1_0.STM3861	47.0	613	316	7	1	608	1	609	8.63e-175	509
WP_062593119.1	iSSON_1240.SSON_3890	46.8	613	317	7	1	608	1	609	1.73e-174	508
WP_062593119.1	iSF_1195.SF3809	46.8	613	317	7	1	608	1	609	2.45e-174	508
WP_062593119.1	iML1515.b3729	46.8	613	317	7	1	608	1	609	3.46e-174	507
WP_062593119.1	iSbBS512_1146.SbBS512_E4192	46.8	613	317	7	1	608	1	609	3.46e-174	507
WP_062593119.1	iSDY_1059.SDY_4019	46.8	613	317	7	1	608	1	609	4.90e-174	507
WP_062593134.1	iML1515.b3870	64.9	467	163	1	3	468	2	468	1.55e-224	624
WP_062593134.1	iSbBS512_1146.SbBS512_E4346	64.9	467	163	1	3	468	2	468	1.55e-224	624
WP_062593134.1	iSDY_1059.SDY_3873	64.9	467	163	1	3	468	2	468	1.55e-224	624
WP_062593134.1	iSF_1195.SF3940	64.9	467	163	1	3	468	2	468	1.55e-224	624
WP_062593134.1	iSSON_1240.SSON_4042	64.9	467	163	1	3	468	2	468	1.55e-224	624
WP_062593134.1	STM_v1_0.STM4007	64.5	467	165	1	3	468	2	468	2.55e-223	621
WP_062593134.1	iPC815.YPO0024	64.7	467	164	1	3	468	2	468	7.27e-223	620
WP_062593134.1	iYL1228.KPN_04178	64.9	459	160	1	11	468	2	460	3.14e-222	618
WP_062593134.1	iJN1463.PP_5046	63.3	460	167	2	11	468	8	467	4.58e-214	598
WP_062593134.1	iCN718.ABAYE_RS06065	62.1	467	175	2	4	468	2	468	5.19e-211	590
WP_062593138.1	iCN900.CD630_31950	32.7	981	456	18	5	957	2	806	1.19e-159	489
WP_062593151.1	iYO844.BSU24160	28.3	286	201	3	6	291	3	284	2.82e-34	125
WP_062593151.1	iLB1027_lipid.PHATRDRAFT_39681	27.2	294	199	5	3	289	34	319	3.62e-33	124
WP_062593151.1	iMM1415.15107	29.4	289	197	3	6	289	27	313	1.98e-32	121
WP_062593151.1	iIS312.TCDM_04758	27.6	286	200	3	9	289	35	318	8.61e-31	117
WP_062593153.1	STM_v1_0.STM3356	21.6	394	275	11	18	395	1	376	1.17e-09	59.7
WP_062593182.1	iJN1463.PP_4803	33.7	353	227	2	24	376	37	382	1.50e-59	197
WP_062593185.1	iAF987.Gmet_2318	45.1	206	110	1	7	212	4	206	3.34e-48	157
WP_062593190.1	iAF987.Gmet_2321	50.3	507	241	6	7	510	5	503	3.82e-166	479
WP_062593190.1	iYO844.BSU00380	47.0	526	264	8	3	515	4	527	1.63e-163	478
WP_062593190.1	iNF517.LLMG_RS08860	45.3	525	274	7	1	515	1	522	2.98e-152	449
WP_062593190.1	iYS854.USA300HOU_RS02505	45.9	516	267	6	7	510	6	521	2.56e-152	449
WP_062593190.1	iLJ478.TM1085	45.0	513	269	7	7	513	3	508	1.59e-146	434
WP_062593200.1	iJN1463.PP_0833	54.4	355	161	1	7	361	3	356	2.05e-133	385
WP_062593200.1	iYS854.USA300HOU_RS08720	49.0	365	186	0	4	368	5	369	4.66e-124	362
WP_062593202.1	iJN1463.PP_0832	48.0	358	166	7	1	357	1	339	1.83e-93	282
WP_062593202.1	iYS854.USA300HOU_RS08725	42.8	355	187	5	1	354	1	340	4.72e-89	271
WP_062593208.1	iJN1463.PP_5123	42.2	161	88	2	1	161	1	156	2.06e-39	130
WP_062593208.1	iPC815.YPO0053	41.1	163	91	2	1	163	2	159	3.90e-39	130
WP_062593208.1	iSSON_1240.SSON_3773	43.1	160	86	1	4	163	5	159	2.22e-38	128
WP_062593208.1	iML1515.b3634	43.1	160	86	1	4	163	5	159	3.15e-38	127
WP_062593208.1	iSbBS512_1146.SbBS512_E4059	43.1	160	86	1	4	163	5	159	3.15e-38	127
WP_062593208.1	iSF_1195.SF3673	43.1	160	86	1	4	163	5	159	3.15e-38	127
WP_062593208.1	iCN900.CD630_25580	40.6	155	87	1	4	158	8	157	5.30e-38	127
WP_062593208.1	iYL1228.KPN_03974	42.7	157	85	1	2	158	3	154	6.31e-38	127
WP_062593208.1	STM_v1_0.STM3725	44.5	155	81	1	4	158	5	154	8.94e-38	126
WP_062593208.1	iSDY_1059.SDY_4064	42.5	160	87	1	4	163	5	159	3.59e-37	125
WP_062593208.1	iCN718.ABAYE_RS14785	39.7	156	89	1	2	157	4	154	3.24e-36	122
WP_062593248.1	iJN1463.PP_0220	51.5	324	146	4	45	361	49	368	5.92e-93	282
WP_062593251.1	iJN1463.PP_0077	48.0	498	249	6	1	496	10	499	7.00e-156	452
WP_062593253.1	iSynCJ816.SGL_RS15655	32.0	284	173	3	2	285	34	297	2.66e-36	133
WP_062593256.1	iML1515.b1990	33.1	136	73	6	122	250	98	222	2.94e-09	56.2
WP_062593256.1	iML1515.b0819	30.4	135	81	4	120	250	100	225	1.28e-08	54.3
WP_062593256.1	STM_v1_0.STM1375	31.7	145	83	5	122	259	98	233	1.40e-08	54.3
WP_062593256.1	STM_v1_0.STM0837	31.1	135	80	4	120	250	100	225	3.13e-08	53.1
WP_062593256.1	iML1515.b1678	31.0	145	84	5	122	259	98	233	4.59e-08	52.8
WP_062593256.1	iML1515.b1113	32.1	134	81	5	122	250	104	232	4.41e-08	52.8
WP_062593264.1	iYL1228.KPN_00869	44.3	357	180	10	82	430	23	368	2.89e-88	272
WP_062593264.1	iML1515.b0837	42.4	356	186	10	81	428	24	368	6.77e-84	261
WP_062593264.1	iSbBS512_1146.SbBS512_E2507	42.1	356	187	10	81	428	24	368	2.69e-83	259
WP_062593264.1	iSSON_1240.SSON_0820	42.1	356	187	10	81	428	24	368	3.79e-83	259
WP_062593266.1	iLB1027_lipid.PHATRDRAFT_9427	36.7	60	38	0	267	326	57	116	2.95e-04	40.0
WP_062593268.1	STM_v1_0.STM0848	46.0	633	303	13	6	631	11	611	1.64e-154	459
WP_062593268.1	iYL1228.KPN_00862	45.4	637	313	12	6	639	11	615	9.16e-153	454
WP_062593268.1	iML1515.b0829	44.5	631	317	12	5	631	10	611	1.31e-150	449
WP_062593268.1	iSbBS512_1146.SbBS512_E2519	44.5	631	317	13	5	631	10	611	1.04e-149	446
WP_062593268.1	iSSON_1240.SSON_0811	44.5	629	316	12	7	631	1	600	1.04e-149	446
WP_062593268.1	iSDY_1059.SDY_0758	44.4	630	315	12	7	631	1	600	2.08e-149	445
WP_062593268.1	iSF_1195.SF0779	44.0	629	319	12	7	631	1	600	4.14e-146	437
WP_062593268.1	iEK1008.Rv1281c	42.2	621	301	10	7	586	4	607	1.29e-141	425
WP_062593276.1	iAF987.Gmet_2999	28.8	118	81	2	923	1037	10	127	1.07e-07	55.1
WP_062593276.1	iAF987.Gmet_1914	29.2	113	77	2	923	1033	4	115	3.25e-07	53.9
WP_062593276.1	iAF987.Gmet_1919	33.3	105	67	2	922	1024	4	107	2.39e-07	53.9
WP_062593276.1	iAF987.Gmet_1991	25.2	139	100	3	676	811	196	333	1.29e-06	52.4
WP_062593278.1	iSynCJ816.SGL_RS04405	29.2	195	135	2	28	220	25	218	4.23e-19	84.3
WP_062593289.1	iJN1463.PP_4688	51.8	342	154	5	28	363	8	344	7.96e-91	276
WP_062593293.1	iAF692.Mbar_A1138	29.5	207	125	3	1	207	2	187	4.27e-17	80.5
WP_062593296.1	iJN1463.PP_4213	26.2	397	224	8	5	346	68	450	1.09e-26	109
WP_062593300.1	iJN1463.PP_4287	46.4	153	81	1	10	161	16	168	1.24e-34	119
WP_062593300.1	iLB1027_lipid.PHATRDRAFT_49522	41.5	164	89	3	1	161	11	170	9.57e-30	110
WP_062593332.1	iJN1463.PP_4724	51.3	386	176	5	11	393	2	378	6.12e-126	368
WP_062593332.1	iCN718.ABAYE_RS04535	51.2	381	178	5	14	393	5	378	7.25e-125	365
WP_062593332.1	iML1515.b0032	50.4	379	180	4	14	391	5	376	1.13e-124	365
WP_062593332.1	iSbBS512_1146.SbBS512_E0036	50.4	379	180	4	14	391	5	376	1.13e-124	365
WP_062593332.1	iSSON_1240.SSON_0037	50.4	379	180	4	14	391	5	376	1.13e-124	365
WP_062593332.1	iSF_1195.SF0029	50.4	379	180	4	14	391	5	376	3.23e-124	363
WP_062593332.1	iSDY_1059.SDY_0054	50.4	379	180	4	14	391	5	376	4.57e-124	363
WP_062593332.1	STM_v1_0.STM0066	49.9	379	182	4	14	391	5	376	3.69e-123	361
WP_062593332.1	iYL1228.KPN_00040	50.9	379	174	6	14	389	14	383	1.41e-122	360
WP_062593332.1	iAF987.Gmet_1771	49.7	380	182	4	14	393	3	373	2.42e-119	351
WP_062593332.1	iPC815.YPO0481	51.0	384	166	7	14	389	5	374	3.41e-118	348
WP_062593349.1	iLB1027_lipid.PHATRDRAFT_31599	32.2	466	294	7	3	453	1	459	5.86e-69	226
WP_062593349.1	iAF692.Mbar_A1620	31.3	416	279	4	40	453	39	449	1.70e-66	219
WP_062593349.1	iAF987.Gmet_2131	31.8	456	299	5	2	452	19	467	9.33e-65	216
WP_062593349.1	iYL1228.KPN_04772	33.5	415	272	3	39	452	39	450	7.36e-65	215
WP_062593349.1	iAF692.Mbar_A2542	29.1	457	317	4	4	458	3	454	1.04e-63	212
WP_062593349.1	iEK1008.Rv0223c	33.0	430	284	3	26	453	50	477	3.50e-61	206
WP_062593360.1	iCHOv1.100765858	23.8	210	144	4	3	208	6	203	1.49e-04	43.1
WP_062593360.1	iMM1415.19193	22.5	293	202	8	5	288	8	284	1.61e-04	43.1
WP_062593362.1	iAF987.Gmet_0415	42.1	309	161	6	4	305	9	306	4.12e-65	215
WP_062593364.1	iML1515.b0096	41.6	286	161	5	9	292	4	285	2.64e-70	220
WP_062593364.1	iSDY_1059.SDY_0126	41.6	286	161	5	9	292	4	285	2.64e-70	220
WP_062593364.1	iSF_1195.SF0093	41.6	286	161	5	9	292	4	285	2.64e-70	220
WP_062593364.1	iSSON_1240.SSON_0104	41.6	286	161	5	9	292	4	285	2.64e-70	220
WP_062593364.1	STM_v1_0.STM0134	42.0	286	160	5	9	292	4	285	3.73e-70	219
WP_062593364.1	iYL1228.KPN_00100	42.0	286	160	5	9	292	4	285	5.27e-70	219
WP_062593364.1	iSbBS512_1146.SbBS512_E0090	41.6	286	161	5	9	292	4	285	5.27e-70	219
WP_062593364.1	iPC815.YPO0561	40.9	286	163	5	9	292	4	285	2.17e-69	218
WP_062593364.1	iJN1463.PP_1343	40.6	286	163	6	9	292	4	284	8.89e-68	213
WP_062593366.1	iAM_Pb448.PBANKA_131810	26.5	638	397	14	15	593	127	751	5.39e-56	202
WP_062593366.1	iAM_Pf480.PF3D7_1454400	26.9	640	403	14	6	593	124	750	6.73e-55	199
WP_062593366.1	iAM_Pv461.PVX_117760	38.9	285	162	4	311	591	513	789	8.97e-52	190
WP_062593366.1	iAM_Pc455.PCYB_126090	37.9	285	165	4	311	591	361	637	1.12e-50	185
WP_062593370.1	iCN900.CD630_36640	38.1	396	234	6	8	401	5	391	4.33e-86	267
WP_062593376.1	iLJ478.TM0956	40.9	232	136	1	2	233	16	246	3.33e-54	182
WP_062593376.1	iPC815.YPO3964	41.6	233	134	2	1	233	9	239	7.19e-53	178
WP_062593376.1	iML1515.b3749	37.8	233	144	1	1	233	7	238	7.12e-51	172
WP_062593376.1	iHN637.CLJU_RS00620	40.0	235	137	3	1	233	8	240	9.62e-51	172
WP_062593376.1	STM_v1_0.STM3882	37.8	233	144	1	1	233	7	238	1.39e-50	172
WP_062593376.1	iPC815.YPO3907	38.9	234	139	3	1	233	7	237	1.78e-50	171
WP_062593376.1	iCN900.CD630_03010	37.1	240	141	3	1	236	8	241	2.11e-49	169
WP_062593376.1	iYL1228.KPN_04154	36.1	252	157	2	1	249	7	257	7.78e-49	167
WP_062593376.1	iNF517.LLMG_RS04060	39.9	233	139	1	1	233	5	236	9.31e-49	167
WP_062593376.1	iYO844.BSU35940	37.3	233	145	1	1	233	5	236	1.32e-48	166
WP_062593376.1	iLJ478.TM0115	37.5	240	138	3	2	233	18	253	2.08e-48	166
WP_062593384.1	iAF692.Mbar_A2221	27.8	554	384	9	27	575	40	582	3.43e-50	182
WP_062593384.1	iAF987.Gmet_3470	27.7	509	347	7	75	572	105	603	7.80e-45	167
WP_062593384.1	iAF692.Mbar_A1823	27.6	507	361	5	71	575	79	581	6.06e-45	167
WP_062593392.1	iSynCJ816.SGL_RS10915	44.1	177	94	1	1	172	1	177	7.28e-41	136
WP_062593402.1	STM_v1_0.STM2017	34.3	248	149	6	4	247	9	246	3.03e-20	86.3
WP_062593402.1	iSF_1195.SF2060	35.9	248	145	7	4	247	9	246	4.21e-20	85.9
WP_062593402.1	iML1515.b1992	33.5	248	151	6	4	247	9	246	8.11e-20	85.1
WP_062593402.1	iSbBS512_1146.SbBS512_E0966	34.7	248	148	6	4	247	9	246	1.13e-19	84.7
WP_062593402.1	iSSON_1240.SSON_2053	34.7	248	148	6	4	247	9	246	1.13e-19	84.7
WP_062593402.1	iSDY_1059.SDY_2241	34.7	248	148	6	4	247	9	246	2.17e-19	84.0
WP_062593402.1	iYL1228.KPN_02464	35.6	253	140	9	3	247	8	245	7.88e-19	82.4
WP_062593403.1	iEK1008.Rv2207	43.8	338	170	3	21	338	10	347	1.63e-68	218
WP_062593403.1	iJN1463.PP_1679	41.4	336	177	4	22	337	14	349	2.44e-68	217
WP_062593403.1	iCN718.ABAYE_RS10195	39.3	323	175	5	35	336	25	347	5.00e-61	198
WP_062593406.1	iJN1463.PP_1657	50.0	274	121	3	10	275	8	273	3.18e-82	248
WP_062593406.1	iPC815.YPO3378	49.8	279	117	5	7	275	15	280	4.21e-78	238
WP_062593406.1	iYL1228.KPN_03125	47.6	271	129	2	7	275	4	263	1.40e-77	236
WP_062593406.1	iML1515.b2781	48.4	273	124	3	7	275	4	263	1.98e-77	235
WP_062593406.1	iSbBS512_1146.SbBS512_E3092	48.4	273	124	3	7	275	4	263	1.98e-77	235
WP_062593406.1	iSDY_1059.SDY_2998	48.4	273	124	3	7	275	4	263	1.98e-77	235
WP_062593406.1	iSF_1195.SF2796	48.4	273	124	3	7	275	4	263	1.98e-77	235
WP_062593406.1	iSSON_1240.SSON_2938	48.4	273	124	3	7	275	4	263	1.98e-77	235
WP_062593406.1	STM_v1_0.STM2954	45.9	279	134	3	1	275	1	266	1.24e-76	233
WP_062593416.1	iLJ478.TM1621	27.6	217	123	8	18	222	4	198	5.29e-12	63.2
WP_062593418.1	iJN1463.PP_1593	52.1	236	113	0	4	239	9	244	3.85e-86	255
WP_062593418.1	iAF987.Gmet_1252	55.4	233	104	0	5	237	4	236	3.41e-85	253
WP_062593418.1	iML1515.b0171	49.6	238	120	0	2	239	4	241	1.83e-80	241
WP_062593418.1	iSbBS512_1146.SbBS512_E0164	49.6	238	120	0	2	239	4	241	1.83e-80	241
WP_062593418.1	iSF_1195.SF0161	49.6	238	120	0	2	239	4	241	1.83e-80	241
WP_062593418.1	iSSON_1240.SSON_0183	49.6	238	120	0	2	239	4	241	1.83e-80	241
WP_062593418.1	STM_v1_0.STM0218	49.2	238	121	0	2	239	4	241	2.60e-80	240
WP_062593418.1	iSDY_1059.SDY_0187	49.2	238	121	0	2	239	4	241	3.68e-80	240
WP_062593418.1	iSynCJ816.SGL_RS12175	52.6	234	111	0	7	240	3	236	5.06e-80	239
WP_062593418.1	iYL1228.KPN_00184	48.7	238	122	0	2	239	4	241	7.40e-80	239
WP_062593418.1	iPC815.YPO1046	48.7	236	121	0	2	237	4	239	2.43e-78	235
WP_062593420.1	iJN1463.PP_1604	37.6	370	215	9	4	370	3	359	1.02e-57	192
WP_062593427.1	iJN1463.PP_0073	42.9	289	135	6	22	302	9	275	4.25e-68	214
WP_062593427.1	iYL1228.KPN_02779	42.7	279	136	6	34	302	10	274	3.01e-67	211
WP_062593427.1	iSynCJ816.SGL_RS03345	41.0	322	141	10	6	302	15	312	1.39e-66	211
WP_062593427.1	iML1515.b2436	41.0	293	138	7	20	302	7	274	6.76e-66	208
WP_062593427.1	iSDY_1059.SDY_2634	40.6	293	139	7	20	302	7	274	1.35e-65	207
WP_062593427.1	iSF_1195.SF2489	40.6	293	139	7	20	302	7	274	1.35e-65	207
WP_062593427.1	iSSON_1240.SSON_2525	40.6	293	139	7	20	302	7	274	2.69e-65	206
WP_062593427.1	STM_v1_0.STM2451	41.2	274	137	6	39	302	15	274	3.81e-65	206
WP_062593427.1	iSbBS512_1146.SbBS512_E2808	40.3	293	140	7	20	302	7	274	3.03e-64	204
WP_062593427.1	iPC815.YPO3032	42.0	283	137	8	32	302	9	276	1.14e-63	202
WP_062593427.1	iCHOv1.100772187	39.6	303	147	8	15	302	16	297	5.49e-62	199
WP_062593427.1	iMM1415.12892	40.3	303	145	9	15	302	135	416	1.65e-60	198
WP_062593427.1	iLB1027_lipid.PHATRDRAFT_15068	38.7	300	142	9	22	302	2	278	5.49e-60	193
WP_062593431.1	iAT_PLT_636.1537	42.6	237	117	2	54	290	91	308	5.36e-61	196
WP_062593431.1	iMM1415.66445	43.5	237	115	2	54	290	91	308	1.07e-60	195
WP_062593431.1	iCHOv1.100766032	43.0	237	116	2	54	290	91	308	4.23e-60	194
WP_062593431.1	iMM904.YOR065W	43.9	221	104	3	59	278	76	277	2.31e-55	181
WP_062593431.1	iAM_Pc455.PCYB_125240	42.0	226	104	4	46	271	158	356	7.90e-54	179
WP_062593431.1	iAM_Pv461.PVX_117325	39.2	255	118	6	46	290	158	385	1.56e-53	179
WP_062593448.1	iSDY_1059.SDY_1860	41.1	419	236	4	6	414	4	421	1.51e-104	315
WP_062593448.1	iSbBS512_1146.SbBS512_E1829	41.1	419	236	4	6	414	4	421	4.26e-104	314
WP_062593448.1	iSSON_1240.SSON_1519	41.1	419	236	4	6	414	4	421	4.26e-104	314
WP_062593448.1	STM_v1_0.STM1449	40.6	419	238	4	6	414	4	421	1.36e-102	310
WP_062593448.1	iYL1228.KPN_01975	40.8	422	233	5	6	414	8	425	2.17e-102	310
WP_062593448.1	iPC815.YPO2369	40.6	419	238	4	6	414	4	421	7.75e-99	301
WP_062593448.1	iYS854.USA300HOU_RS09175	40.8	422	224	7	9	414	6	417	9.70e-99	300
WP_062593448.1	iNF517.LLMG_RS02055	38.7	413	241	5	12	414	7	417	1.19e-96	295
WP_062593448.1	iSF_1195.SF1662	38.7	419	246	4	6	414	4	421	9.80e-94	288
WP_062593450.1	iAF987.Gmet_0872	38.3	389	220	7	6	385	3	380	1.91e-66	215
WP_062593450.1	iCN900.CD630_12790	36.2	392	235	6	1	385	1	384	1.97e-63	207
WP_062593452.1	iJN1463.PP_0988	60.0	944	362	4	21	954	14	951	0.0	1140
WP_062593452.1	iJN1463.PP_5192	59.2	941	373	5	20	951	18	956	0.0	1119
WP_062593452.1	STM_v1_0.STM3053	60.1	944	360	7	21	951	17	956	0.0	1091
WP_062593452.1	iYL1228.KPN_03339	60.0	944	361	7	21	951	17	956	0.0	1084
WP_062593452.1	iSynCJ816.SGL_RS11955	57.2	955	393	5	14	953	29	982	0.0	1083
WP_062593452.1	iML1515.b2903	59.2	944	368	7	21	951	17	956	0.0	1077
WP_062593452.1	iSF_1195.SF2889	59.2	944	368	7	21	951	17	956	0.0	1076
WP_062593452.1	iSDY_1059.SDY_3178	59.2	944	368	7	21	951	17	956	0.0	1076
WP_062593452.1	iSSON_1240.SSON_3056	59.1	944	369	7	21	951	17	956	0.0	1075
WP_062593452.1	iSbBS512_1146.SbBS512_E3324	59.0	944	370	7	21	951	17	956	0.0	1074
WP_062593452.1	iPC815.YPO0905	58.4	944	380	5	20	951	16	958	0.0	1074
WP_062593452.1	iMM1415.104174	56.5	951	398	8	15	951	65	1013	0.0	1058
WP_062593456.1	iML1515.b0783	64.5	152	54	0	6	157	4	155	1.31e-60	184
WP_062593456.1	iSbBS512_1146.SbBS512_E2569	64.5	152	54	0	6	157	4	155	1.31e-60	184
WP_062593456.1	iSDY_1059.SDY_0823	64.5	152	54	0	6	157	4	155	1.31e-60	184
WP_062593456.1	iSF_1195.SF0733	64.5	152	54	0	6	157	4	155	1.31e-60	184
WP_062593456.1	iSSON_1240.SSON_0762	63.8	152	55	0	6	157	4	155	5.31e-60	183
WP_062593460.1	iAF987.Gmet_0916	35.2	298	162	10	9	289	10	293	3.92e-51	170
WP_062593460.1	iEK1008.Rv0780	37.8	291	154	10	17	293	13	290	2.23e-50	168
WP_062593460.1	iMM904.YAR015W	32.5	302	168	9	12	289	12	301	8.61e-49	164
WP_062593468.1	iAF987.Gmet_2999	28.9	114	73	2	25	133	8	118	1.52e-10	58.9
WP_062593468.1	iAF987.Gmet_1919	27.6	116	80	1	25	136	3	118	9.27e-10	56.6
WP_062593468.1	iAF987.Gmet_1914	25.5	110	82	0	27	136	4	113	1.60e-08	53.1
WP_062593471.1	iML1515.b1678	36.0	139	84	3	85	221	98	233	1.33e-12	65.5
WP_062593471.1	STM_v1_0.STM1375	34.0	141	88	3	85	223	98	235	2.45e-12	64.7
WP_062593471.1	iML1515.b1113	34.8	141	85	3	85	221	104	241	1.07e-11	62.8
WP_062593471.1	iML1515.b1990	34.5	148	76	6	85	223	98	233	1.39e-11	62.4
WP_062593474.1	iJN1463.PP_0356	67.1	717	232	2	4	716	5	721	0.0	969
WP_062593474.1	iEK1008.Rv1837c	62.3	721	266	3	2	716	3	723	0.0	893
WP_062593476.1	iCHOv1.100768211	27.6	384	256	10	93	461	124	500	1.31e-35	137
WP_062593476.1	iCHOv1.100767921	26.8	396	244	9	93	461	127	503	2.55e-35	137
WP_062593476.1	iCHOv1.100755384	28.0	418	275	12	62	460	104	514	5.30e-35	136
WP_062593476.1	iMM1415.13117	26.0	415	284	9	57	457	96	501	2.34e-34	134
WP_062593476.1	iCHOv1.100767149	26.8	403	249	9	86	461	123	506	3.24e-34	134
WP_062593476.1	iCHOv1.100768783	27.0	415	276	10	59	457	98	501	1.53e-33	132
WP_062593476.1	iMM1415.64385	27.5	429	262	14	64	461	113	523	6.59e-33	130
WP_062593476.1	iCHOv1.100774306	28.0	425	265	14	64	461	106	516	7.31e-32	127
WP_062593476.1	iCHOv1.100773614	27.8	421	275	14	62	461	104	516	7.18e-32	127
WP_062593476.1	iCHOv1.100766524	27.3	410	261	12	54	442	79	472	1.11e-31	126
WP_062593476.1	iCHOv1.100769255	25.3	466	294	16	19	457	60	498	1.60e-31	126
WP_062593476.1	iMM1415.13113	26.3	396	265	9	54	433	79	463	3.82e-31	125
WP_062593485.1	iCN718.ABAYE_RS01785	51.5	194	94	0	7	200	4	197	1.33e-67	205
WP_062593485.1	iAF987.Gmet_0386	51.5	194	93	1	7	200	3	195	2.51e-67	204
WP_062593485.1	iJN1463.PP_0289	49.5	194	98	0	7	200	17	210	1.08e-64	198
WP_062593485.1	iSynCJ816.SGL_RS15395	49.0	194	99	0	7	200	17	210	3.08e-64	197
WP_062593485.1	iHN637.CLJU_RS05735	50.0	194	96	1	7	200	2	194	2.46e-62	191
WP_062593485.1	iYO844.BSU34900	51.6	188	90	1	13	200	8	194	2.83e-61	189
WP_062593485.1	iAF692.Mbar_A1310	46.4	194	100	2	7	200	2	191	7.34e-61	187
WP_062593489.1	iAF987.Gmet_0387	41.3	213	110	6	3	211	4	205	2.26e-44	147
WP_062593489.1	iYO844.BSU34890	36.9	214	120	4	3	213	2	203	9.59e-41	137
WP_062593489.1	iAF692.Mbar_A3476	38.0	213	114	6	2	212	3	199	7.25e-41	137
WP_062593489.1	iCN718.ABAYE_RS01780	38.7	217	113	6	2	214	3	203	1.77e-39	134
WP_062593489.1	iJN1463.PP_0290	38.0	216	119	5	3	214	4	208	2.14e-39	134
WP_062593489.1	iEK1008.Rv1602	40.4	213	109	6	3	212	6	203	7.22e-39	132
WP_062593490.1	iAF987.Gmet_0388	58.1	241	101	0	1	241	1	241	1.80e-90	266
WP_062593492.1	iAF987.Gmet_0389	65.4	257	84	1	3	259	2	253	4.56e-113	325
WP_062593492.1	iJN1463.PP_0293	64.3	258	90	1	1	258	1	256	5.06e-113	325
WP_062593492.1	iCN718.ABAYE_RS01735	64.6	257	85	1	3	259	2	252	2.07e-111	321
WP_062593492.1	iSynCJ816.SGL_RS10250	59.3	258	102	1	1	258	1	255	4.77e-105	305
WP_062593494.1	iSbBS512_1146.SbBS512_E1206	50.6	89	44	0	4	92	113	201	1.23e-20	81.6
WP_062593494.1	iSDY_1059.SDY_2215	50.6	89	44	0	4	92	113	201	1.23e-20	81.6
WP_062593494.1	iSSON_1240.SSON_2097	50.6	89	44	0	4	92	113	201	1.23e-20	81.6
WP_062593494.1	iSF_1195.SF2088	50.6	89	44	0	4	92	113	201	2.44e-20	80.9
WP_062593494.1	iML1515.b2026	49.4	89	45	0	4	92	113	201	1.34e-19	79.0
WP_062593494.1	iYL1228.KPN_02482	48.3	89	46	0	4	92	109	197	1.22e-19	79.0
WP_062593494.1	iAF987.Gmet_0390	44.0	100	56	0	5	104	7	106	1.24e-19	76.6
WP_062593494.1	STM_v1_0.STM2078	47.2	89	47	0	4	92	113	201	1.04e-18	76.6
WP_062593494.1	iPC815.YPO1542	46.0	87	47	0	6	92	115	201	1.14e-17	73.9
WP_062593502.1	iAF987.Gmet_1294	69.0	461	143	0	6	466	16	476	4.63e-227	631
WP_062593503.1	iYO844.BSU13900	42.4	66	38	0	14	79	13	78	1.94e-10	52.0
WP_062593503.1	iPC815.YPO1298	33.7	89	56	1	3	88	286	374	6.93e-08	47.8
WP_062593503.1	STM_v1_0.STM2206	33.7	89	56	1	3	88	286	374	9.46e-08	47.4
WP_062593508.1	iAF987.Gmet_0043	33.6	116	63	5	481	590	161	268	1.34e-05	47.8
WP_062593510.1	iAF987.Gmet_3169	53.7	529	230	4	1	526	12	528	1.83e-197	561
WP_062593510.1	iYO844.BSU30560	52.8	509	235	5	24	529	19	525	7.06e-184	526
WP_062593510.1	iYS854.USA300HOU_RS09500	50.7	499	242	4	26	521	23	520	1.16e-175	505
WP_062593519.1	iAF987.Gmet_2475	35.4	429	249	11	10	435	5	408	2.33e-59	199
WP_062593521.1	STM_v1_0.STM2366	47.7	300	153	2	1	299	1	297	7.55e-87	262
WP_062593521.1	iML1515.b2316	47.2	299	154	2	1	298	1	296	3.04e-86	260
WP_062593521.1	iPC815.YPO2768	47.0	283	150	0	1	283	1	283	3.04e-86	260
WP_062593521.1	iSbBS512_1146.SbBS512_E2694	47.2	299	154	2	1	298	1	296	6.09e-86	259
WP_062593521.1	iSDY_1059.SDY_2515	47.2	299	154	2	1	298	1	296	6.09e-86	259
WP_062593521.1	iSSON_1240.SSON_2374	47.2	299	154	2	1	298	1	296	8.62e-86	259
WP_062593521.1	iYL1228.KPN_02706	47.7	302	152	4	1	299	1	299	7.39e-85	257
WP_062593521.1	iCN718.ABAYE_RS03615	51.4	257	124	1	27	283	43	298	1.31e-83	253
WP_062593521.1	iAF987.Gmet_2476	47.5	263	138	0	20	282	18	280	8.44e-83	251
WP_062593521.1	iSynCJ816.SGL_RS12910	46.6	283	146	1	19	296	26	308	3.58e-82	251
WP_062593521.1	iJN1463.PP_1996	46.0	276	148	1	2	276	3	278	1.07e-79	243
WP_062593523.1	iJN1463.PP_0082	54.6	271	118	1	4	274	3	268	2.47e-97	286
WP_062593525.1	iJN1463.PP_0083	72.4	391	108	0	8	398	4	394	3.95e-214	593
WP_062593525.1	iCN718.ABAYE_RS03585	66.9	393	130	0	14	406	14	406	1.91e-194	543
WP_062593525.1	iAF987.Gmet_2482	65.8	392	134	0	14	405	4	395	9.76e-194	541
WP_062593526.1	iCN718.ABAYE_RS03580	35.7	213	130	4	6	216	12	219	7.85e-34	120
WP_062593526.1	iJN1463.PP_1995	36.1	208	125	4	6	213	7	206	3.11e-33	118
WP_062593526.1	iAF987.Gmet_2492	34.8	204	124	3	3	206	2	196	3.72e-30	110
WP_062593540.1	iJN1463.PP_4971	30.8	321	213	5	41	360	69	381	1.91e-40	146
WP_062593550.1	iYO844.BSU29060	35.0	203	106	4	2	189	3	194	6.28e-24	93.6
WP_062593550.1	iAF987.Gmet_3026	37.0	189	114	3	1	184	1	189	1.45e-22	90.1
WP_062593550.1	iCN900.CD630_11290	30.3	175	119	2	1	172	1	175	3.91e-22	89.0
WP_062593550.1	iCN718.ABAYE_RS17145	31.8	198	128	4	3	196	4	198	7.36e-22	88.2
WP_062593553.1	iAF987.Gmet_1392	38.3	277	157	7	14	281	12	283	6.07e-42	145
WP_062593553.1	iYO844.BSU25660	34.3	277	167	6	14	283	7	275	1.83e-38	136
WP_062593553.1	iSynCJ816.SGL_RS17415	34.5	275	167	6	14	279	13	283	4.88e-37	132
WP_062593555.1	iML1515.b3248	32.0	194	110	5	5	198	4	175	1.09e-14	69.3
WP_062593555.1	iJN1463.PP_0936	30.8	195	111	6	5	198	4	175	1.16e-12	63.9
WP_062593560.1	iJN1463.PP_5074	42.1	342	191	5	4	339	5	345	4.31e-83	255
WP_062593560.1	iCN718.ABAYE_RS05970	43.4	341	177	7	2	330	3	339	3.77e-82	253
WP_062593560.1	iYL1228.KPN_04379	40.9	345	195	6	4	341	5	347	5.53e-78	242
WP_062593560.1	iML1515.b3997	40.9	345	195	7	4	341	5	347	3.50e-76	238
WP_062593560.1	iSbBS512_1146.SbBS512_E4488	40.9	345	195	7	4	341	5	347	3.50e-76	238
WP_062593560.1	iSSON_1240.SSON_4170	40.9	345	195	7	4	341	5	347	3.50e-76	238
WP_062593560.1	iSF_1195.SF4069	40.6	345	196	7	4	341	5	347	1.97e-75	236
WP_062593560.1	iSDY_1059.SDY_3729	40.6	345	196	7	4	341	5	347	1.10e-74	234
WP_062593560.1	STM_v1_0.STM4167	40.0	345	198	7	4	341	5	347	6.20e-74	232
WP_062593560.1	iAT_PLT_636.7389	40.1	347	197	7	4	341	15	359	2.54e-73	231
WP_062593560.1	iCHOv1.100753284	39.8	347	198	7	4	341	15	359	5.06e-73	230
WP_062593560.1	iIT341.HP0604	42.2	325	181	6	21	342	17	337	2.32e-73	230
WP_062593562.1	iSynCJ816.SGL_RS03055	32.6	141	89	2	51	185	5	145	9.59e-24	92.4
WP_062593564.1	iIT341.HP0687	29.9	87	60	1	223	309	6	91	5.65e-04	42.0
WP_062593566.1	iSynCJ816.SGL_RS13580	40.5	84	49	1	308	390	292	375	5.95e-07	52.0
WP_062593578.1	iJN1463.PP_4794	48.6	884	421	14	4	874	3	866	2.02e-286	813
WP_062593578.1	iAF987.Gmet_2300	47.1	882	396	14	4	875	3	823	1.20e-276	787
WP_062593578.1	iCN718.ABAYE_RS16150	47.4	888	426	16	6	875	10	874	1.11e-271	776
WP_062593578.1	STM_v1_0.STM0648	45.7	878	450	12	4	875	3	859	5.09e-261	748
WP_062593578.1	iSF_1195.SF0639	45.4	882	447	14	4	875	3	859	7.49e-258	740
WP_062593578.1	iSDY_1059.SDY_0564	45.4	882	447	14	4	875	3	859	4.25e-257	738
WP_062593578.1	iYL1228.KPN_00674	45.1	882	449	14	4	875	3	859	6.01e-257	738
WP_062593578.1	iSSON_1240.SSON_0596	45.4	882	447	14	4	875	3	859	6.01e-257	738
WP_062593578.1	iSbBS512_1146.SbBS512_E0609	45.4	884	444	15	4	875	3	859	1.20e-256	737
WP_062593580.1	iMM1415.114863	38.4	216	114	7	30	226	42	257	3.20e-27	104
WP_062593580.1	iIS312.TCDM_08914	36.3	234	119	9	5	219	17	239	3.32e-24	96.3
WP_062593584.1	iJN1463.PP_4487	67.6	642	205	2	6	646	50	689	0.0	906
WP_062593584.1	iPC815.YPO0253	64.5	643	225	2	6	647	7	647	8.46e-320	880
WP_062593584.1	iML1515.b4069	65.9	633	213	2	15	646	16	646	2.29e-318	877
WP_062593584.1	iSSON_1240.SSON_4250	65.9	633	213	2	15	646	16	646	2.29e-318	877
WP_062593584.1	iYL1228.KPN_04478	64.6	642	224	2	6	646	7	646	7.53e-317	873
WP_062593584.1	iJN1463.PP_4702	64.2	646	224	3	4	648	5	644	1.86e-315	869
WP_062593584.1	STM_v1_0.STM4275	65.2	633	217	2	15	646	16	646	1.01e-314	868
WP_062593584.1	iCN718.ABAYE_RS01415	63.7	641	230	2	3	642	2	640	1.73e-312	862
WP_062593594.1	iAF987.Gmet_2905	57.4	528	203	10	19	537	7	521	5.14e-180	516
WP_062593594.1	STM_v1_0.STM4176	55.3	537	211	11	16	537	7	529	1.10e-178	513
WP_062593594.1	iSDY_1059.SDY_3720	55.9	537	208	11	16	537	7	529	1.55e-178	513
WP_062593594.1	iYL1228.KPN_04388	55.5	537	210	11	16	537	7	529	2.20e-178	512
WP_062593594.1	iSbBS512_1146.SbBS512_E4498	55.7	537	209	11	16	537	7	529	4.41e-178	511
WP_062593594.1	iSF_1195.SF4078	55.7	537	209	11	16	537	7	529	4.41e-178	511
WP_062593594.1	iSSON_1240.SSON_4179	55.7	537	209	11	16	537	7	529	4.41e-178	511
WP_062593594.1	iML1515.b4006	55.5	537	210	11	16	537	7	529	7.16e-177	508
WP_062593594.1	iPC815.YPO3728	54.9	536	215	11	16	537	7	529	2.04e-176	507
WP_062593594.1	iJN1463.PP_4822	54.4	542	217	11	13	537	7	535	9.28e-174	501
WP_062593594.1	iCN718.ABAYE_RS07255	55.8	534	212	10	16	537	3	524	9.08e-174	500
WP_062593594.1	iYO844.BSU06520	49.3	527	245	6	16	537	3	512	2.87e-164	476
WP_062593594.1	iSynCJ816.SGL_RS18300	51.1	524	238	7	17	537	3	511	4.14e-161	468
WP_062593596.1	iJN1463.PP_2080	40.0	1612	911	16	21	1603	27	1611	0.0	1034
WP_062593598.1	iSbBS512_1146.SbBS512_E2791	33.7	264	162	4	9	263	18	277	2.40e-30	115
WP_062593598.1	iSSON_1240.SSON_2508	33.7	264	162	4	9	263	18	277	2.40e-30	115
WP_062593598.1	iSDY_1059.SDY_2615	33.7	264	162	4	9	263	18	277	4.67e-30	114
WP_062593598.1	iML1515.b2418	33.7	264	162	4	9	263	18	277	6.52e-30	114
WP_062593598.1	iSF_1195.SF2473	33.3	264	163	4	9	263	18	277	9.10e-30	113
WP_062593598.1	iLB1027_lipid.PHATRDRAFT_8828	31.1	267	163	7	9	261	6	265	4.05e-29	112
WP_062593598.1	STM_v1_0.STM1450	32.8	253	157	6	9	250	4	254	7.12e-29	111
WP_062593598.1	iYL1228.KPN_02766	32.8	259	170	2	9	263	23	281	1.03e-28	110
WP_062593598.1	iCHOv1.100768396	33.3	237	138	4	9	226	7	242	2.27e-28	110
WP_062593598.1	iMM1415.216134	33.5	242	131	6	9	226	7	242	4.38e-28	109
WP_062593598.1	iML1515.b1636	33.2	253	156	7	9	250	5	255	7.41e-28	108
WP_062593598.1	iJN1463.PP_5357	31.7	265	169	6	9	263	7	269	1.09e-27	108
WP_062593598.1	iSDY_1059.SDY_1859	32.8	253	157	7	9	250	5	255	1.44e-27	107
WP_062593598.1	iSSON_1240.SSON_1520	32.8	253	157	7	9	250	5	255	2.79e-27	107
WP_062593598.1	iYL1228.KPN_01974	32.5	252	159	5	9	250	4	254	5.29e-27	106
WP_062593598.1	iSF_1195.SF1661	32.4	253	158	6	9	250	5	255	1.04e-26	105
WP_062593600.1	iYL1228.KPN_02014	31.5	203	134	3	6	208	2	199	1.04e-35	124
WP_062593600.1	iJN1463.PP_0100	33.8	207	125	6	6	208	23	221	9.29e-34	120
WP_062593603.1	iJN1463.PP_4805	37.4	147	90	2	94	238	106	252	4.15e-22	93.6
WP_062593603.1	iYL1228.KPN_03036	37.1	124	75	3	115	236	113	235	7.06e-19	84.3
WP_062593604.1	iAF987.Gmet_0604	53.9	334	154	0	3	336	5	338	3.32e-121	352
WP_062593606.1	STM_v1_0.STM4290	36.0	328	194	6	17	333	21	343	8.98e-56	196
WP_062593606.1	iCN718.ABAYE_RS07070	34.7	317	202	4	20	333	25	339	2.98e-55	195
WP_062593606.1	iJN1463.PP_2914	38.0	313	178	7	20	321	25	332	3.30e-55	195
WP_062593606.1	iSSON_1240.SSON_4052	37.9	319	188	4	20	333	18	331	5.58e-55	193
WP_062593606.1	iJN1463.PP_3666	36.9	320	193	3	20	334	24	339	9.59e-55	192
WP_062593606.1	iYL1228.KPN_04503	36.1	316	186	6	17	321	7	317	3.33e-54	192
WP_062593606.1	iML1515.b4111	34.8	328	198	6	17	333	21	343	1.18e-53	191
WP_062593606.1	iSDY_1059.SDY_4102	34.8	328	198	6	17	333	21	343	1.18e-53	191
WP_062593606.1	iSF_1195.SF4112	34.8	328	198	6	17	333	21	343	1.18e-53	191
WP_062593606.1	iSSON_1240.SSON_4286	34.8	328	198	6	17	333	21	343	1.18e-53	191
WP_062593606.1	iYL1228.KPN_02910	34.0	338	207	4	11	342	9	336	1.91e-53	188
WP_062593606.1	iJN1463.PP_1400	33.8	325	208	2	12	336	17	334	1.14e-52	186
WP_062593606.1	iJN1463.PP_1378	34.1	334	210	3	16	345	7	334	1.23e-51	183
WP_062593606.1	STM_v1_0.STM2654	35.1	322	198	3	23	342	25	337	1.87e-51	183
WP_062593606.1	iML1515.b1981	36.7	324	191	7	20	336	21	337	7.63e-51	181
WP_062593606.1	iYL1228.KPN_02458	35.1	345	208	7	1	336	1	338	1.49e-50	181
WP_062593606.1	iSDY_1059.SDY_2254	36.4	324	192	7	20	336	21	337	3.86e-50	179
WP_062593606.1	iML1515.b2587	34.2	322	201	3	23	342	24	336	6.47e-50	179
WP_062593606.1	iJN1463.PP_2553	36.8	315	191	5	13	323	2	312	1.10e-49	179
WP_062593606.1	iSDY_1059.SDY_2830	34.2	322	201	3	23	342	24	336	6.47e-50	179
WP_062593606.1	iSF_1195.SF2649	34.2	322	201	3	23	342	24	336	6.47e-50	179
WP_062593606.1	iSSON_1240.SSON_2713	34.2	322	201	3	23	342	24	336	1.71e-49	177
WP_062593606.1	iEK1008.Rv1200	34.4	311	200	3	20	326	2	312	2.80e-49	177
WP_062593608.1	iYS854.USA300HOU_RS07240	30.5	128	70	4	90	208	84	201	4.70e-07	48.5
WP_062593610.1	iJN1463.PP_1988	56.3	366	153	2	3	368	2	360	6.86e-140	401
WP_062593610.1	iCN718.ABAYE_RS16685	55.4	361	155	1	3	363	2	356	4.73e-135	389
WP_062593610.1	iSynCJ816.SGL_RS09375	53.1	360	162	3	3	362	4	356	2.13e-124	362
WP_062593618.1	iJN1463.PP_5258	68.6	494	152	3	17	509	5	496	7.41e-238	661
WP_062593620.1	iJN1463.PP_4469	46.7	180	90	3	9	187	13	187	4.88e-41	137
WP_062593622.1	iML1515.b4095	47.7	377	193	3	6	379	2	377	4.05e-105	314
WP_062593624.1	iSynCJ816.SGL_RS13385	65.3	346	120	0	1	346	1	346	1.18e-163	461
WP_062593624.1	iJN1463.PP_4960	63.4	333	122	0	1	333	1	333	2.71e-149	424
WP_062593628.1	STM_v1_0.STM2788	42.8	491	278	3	1	489	1	490	2.11e-123	370
WP_062593628.1	iJN1463.PP_1416	40.1	489	290	2	1	487	1	488	1.33e-109	334
WP_062593633.1	iAF987.Gmet_0069	39.1	128	73	3	3	126	5	131	4.80e-18	80.9
WP_062593635.1	iML1515.b2661	59.4	458	185	1	24	481	25	481	9.14e-197	555
WP_062593635.1	iSSON_1240.SSON_2805	59.2	458	186	1	24	481	25	481	1.30e-196	555
WP_062593635.1	iYL1228.KPN_00256	59.6	458	184	1	24	481	25	481	4.93e-194	548
WP_062593635.1	STM_v1_0.STM2791	58.7	458	188	1	24	481	25	481	9.29e-192	542
WP_062593635.1	iJN1463.PP_0213	58.6	457	186	2	24	480	25	478	4.66e-189	535
WP_062593635.1	iAF987.Gmet_3395	55.4	460	204	1	24	483	26	484	2.50e-187	531
WP_062593641.1	iPC815.YPO3172	31.2	170	105	6	10	173	6	169	5.98e-12	61.2
WP_062593641.1	iCN900.CD630_33570	28.2	188	100	7	8	174	2	175	2.07e-10	57.0
WP_062593659.1	iJN1463.PP_1082	51.0	151	74	0	1	151	1	151	8.64e-46	147
WP_062593659.1	iML1515.b3336	49.0	151	77	0	1	151	1	151	2.06e-44	143
WP_062593660.1	iIT341.HP1228	42.7	124	64	3	52	175	37	153	3.99e-22	87.0
WP_062593662.1	iML1515.b3614	22.5	200	150	3	178	376	25	220	6.45e-09	56.6
WP_062593666.1	iJN1463.PP_4811	48.8	416	211	2	10	425	5	418	2.00e-131	384
WP_062593666.1	iAF987.Gmet_3199	48.3	416	214	1	10	425	3	417	1.79e-128	377
WP_062593666.1	iHN637.CLJU_RS02950	47.9	405	210	1	21	425	14	417	4.90e-123	363
WP_062593666.1	iCN718.ABAYE_RS16300	48.3	418	212	4	10	425	5	420	1.08e-122	362
WP_062593667.1	iJN1463.PP_0691	43.2	370	208	2	5	372	2	371	2.40e-90	276
WP_062593667.1	iML1515.b0242	42.9	366	206	3	8	371	1	365	1.46e-81	254
WP_062593667.1	iSbBS512_1146.SbBS512_E0239	42.9	366	206	3	8	371	1	365	1.46e-81	254
WP_062593667.1	iSDY_1059.SDY_0474	42.9	366	206	3	8	371	1	365	1.46e-81	254
WP_062593667.1	iSF_1195.SF0292	42.9	366	206	3	8	371	1	365	1.46e-81	254
WP_062593667.1	iSSON_1240.SSON_0284	42.9	366	206	3	8	371	1	365	1.46e-81	254
WP_062593667.1	iAF987.Gmet_3198	42.2	367	210	2	8	372	6	372	3.89e-80	250
WP_062593669.1	iAF987.Gmet_2444	31.8	88	49	1	164	251	26	102	5.54e-06	47.8
WP_062593669.1	iSynCJ816.SGL_RS05125	35.2	71	44	1	165	233	24	94	1.19e-04	43.5
WP_062593681.1	iPC815.YPO3758	53.1	309	142	3	11	318	10	316	1.54e-107	315
WP_062593681.1	iSF_1195.SF4052	51.5	309	147	3	11	318	2	308	6.75e-107	313
WP_062593681.1	STM_v1_0.STM4139	51.1	309	148	3	11	318	10	316	1.25e-106	313
WP_062593681.1	iML1515.b3974	51.5	309	147	3	11	318	10	316	1.77e-106	313
WP_062593681.1	iSSON_1240.SSON_4147	51.5	309	147	3	11	318	10	316	1.77e-106	313
WP_062593681.1	iSDY_1059.SDY_3754	51.5	309	147	3	11	318	10	316	2.51e-106	312
WP_062593681.1	iSbBS512_1146.SbBS512_E4462	51.5	309	147	3	11	318	10	316	5.04e-106	311
WP_062593681.1	iYL1228.KPN_04352	51.1	309	148	3	11	318	12	318	1.53e-105	310
WP_062593681.1	iYO844.BSU23760	49.8	307	153	1	13	318	12	318	1.94e-101	300
WP_062593681.1	iEK1008.Rv1092c	51.6	312	141	3	11	319	8	312	1.01e-99	295
WP_062593685.1	iSynCJ816.SGL_RS11220	39.6	91	55	0	5	95	2	92	3.58e-13	67.8
WP_062593685.1	iEK1008.Rv3264c	25.3	241	163	6	5	237	7	238	5.01e-12	64.3
WP_062593685.1	iIS312.TCDM_10698	36.4	110	66	2	5	110	15	124	5.36e-12	64.3
WP_062593692.1	iYL1228.KPN_04783	50.8	254	125	0	6	259	3	256	5.32e-85	254
WP_062593692.1	iSF_1195.SF4379	50.8	248	122	0	6	253	3	250	2.29e-84	253
WP_062593692.1	iSSON_1240.SSON_4494	49.2	258	131	0	6	263	3	260	2.76e-84	252
WP_062593692.1	iSbBS512_1146.SbBS512_E4885	48.8	258	132	0	6	263	3	260	5.54e-84	251
WP_062593692.1	STM_v1_0.STM1106	48.7	261	132	1	6	266	3	261	8.64e-81	243
WP_062593706.1	iJN1463.PP_1418	33.2	295	191	4	26	314	32	326	1.43e-38	138
WP_062593712.1	iYS854.USA300HOU_RS08170	31.8	154	99	3	261	412	201	350	1.71e-14	73.9
WP_062593712.1	iJN1463.PP_3667	23.7	278	199	4	146	410	118	395	7.33e-13	69.3
WP_062593718.1	iAF987.Gmet_1854	26.1	142	86	3	317	451	263	392	6.54e-10	60.5
WP_062593722.1	iYO844.BSU25640	31.1	132	89	2	10	139	4	135	4.19e-19	80.5
WP_062593722.1	iAF987.Gmet_3200	28.3	191	123	5	8	190	1	185	3.79e-18	78.6
WP_062593735.1	iAF987.Gmet_1953	43.7	126	70	1	4	128	75	200	4.85e-28	103
WP_062593777.1	iAT_PLT_636.1757	25.8	430	267	9	11	431	59	445	1.99e-21	97.1
WP_062593785.1	iJN1463.PP_0411	51.4	360	174	1	12	370	7	366	5.87e-117	344
WP_062593787.1	iJN1463.PP_0412	40.6	342	193	5	15	356	12	343	4.41e-81	250
WP_062593788.1	iJN1463.PP_0413	43.3	393	208	5	1	381	15	404	5.23e-98	297
WP_062593790.1	iJN1463.PP_0414	53.9	241	104	1	7	247	16	249	3.81e-72	222
WP_062593793.1	iAF692.Mbar_A0883	34.4	442	243	8	42	451	36	462	1.78e-75	244
WP_062593793.1	iAF987.Gmet_0075	31.8	446	268	7	39	454	38	477	2.68e-68	225
WP_062593798.1	iJN1463.PP_3667	27.0	415	215	15	5	376	24	393	6.07e-25	104
WP_062593802.1	iML1515.b1490	37.2	156	94	1	92	243	298	453	4.06e-22	94.0
WP_062593802.1	iAF987.Gmet_0069	40.1	167	93	4	83	243	136	301	7.67e-22	91.7
WP_062593802.1	iML1515.b1025	32.5	157	102	3	92	244	285	441	8.81e-21	90.1
WP_062593802.1	iAF987.Gmet_1298	35.1	171	105	3	79	243	174	344	4.41e-21	90.1
WP_062593802.1	iAF987.Gmet_2982	32.8	180	108	4	73	244	166	340	7.47e-21	89.4
WP_062593802.1	iAF987.Gmet_2425	34.2	158	101	2	89	243	187	344	4.13e-20	87.4
WP_062593802.1	iSbBS512_1146.SbBS512_E0302	34.7	170	106	2	77	242	193	361	6.36e-20	87.0
WP_062593802.1	iJN1463.PP_0129	39.1	156	90	2	92	243	488	642	1.91e-19	86.7
WP_062593802.1	iAF987.Gmet_1706	36.8	171	100	5	77	241	138	306	1.52e-19	85.5
WP_062593802.1	iSDY_1059.SDY_0358	34.1	170	107	2	77	242	198	366	3.22e-19	85.1
WP_062593811.1	iEK1008.Rv2970c	42.0	255	136	6	41	285	99	351	1.35e-47	163
WP_062593816.1	iAF692.Mbar_A1138	33.3	147	94	4	9	154	2	145	3.42e-17	80.9
WP_062593816.1	STM_v1_0.STM4433	24.0	363	232	10	7	353	2	336	3.78e-16	78.2
WP_062593820.1	iYO844.BSU15790	33.6	211	137	2	22	231	7	215	3.48e-27	103
WP_062593820.1	iNF517.LLMG_RS11000	37.6	197	119	3	22	217	8	201	7.81e-26	100
WP_062593820.1	iYL1228.KPN_03757	33.2	211	136	4	22	230	9	216	1.29e-24	97.1
WP_062593820.1	iCN900.CD630_25750	33.5	203	130	4	22	222	7	206	1.73e-24	96.7
WP_062593820.1	iJN1463.PP_0415	34.2	202	128	4	22	221	9	207	6.77e-24	95.1
WP_062593820.1	iPC815.YPO0155	33.2	208	134	4	22	227	9	213	6.91e-24	95.1
WP_062593820.1	iSynCJ816.SGL_RS09950	35.1	208	129	5	22	226	10	214	1.07e-23	94.7
WP_062593820.1	STM_v1_0.STM3483	33.7	208	133	4	22	227	9	213	1.35e-23	94.4
WP_062593822.1	iHN637.CLJU_RS10220	39.0	310	180	5	10	315	10	314	7.70e-58	189
WP_062593826.1	iAF692.Mbar_A0920	34.3	265	161	4	3	261	4	261	1.02e-45	154
WP_062593826.1	iAF692.Mbar_A0753	34.2	263	160	4	3	259	7	262	4.14e-42	144
WP_062593828.1	iML1515.b3883	32.6	282	184	5	12	290	8	286	9.37e-24	98.2
WP_062593830.1	iEK1008.Rv1238	51.3	388	173	4	1	377	1	383	8.20e-122	357
WP_062593830.1	iSynCJ816.SGL_RS17635	53.8	325	137	5	1	320	1	317	8.72e-109	323
WP_062593832.1	iJN1463.PP_1015	24.8	266	174	10	10	259	14	269	4.85e-06	48.1
WP_062593834.1	iLJ478.TM1203	35.3	224	128	5	70	279	316	536	5.56e-30	119
WP_062593834.1	iCN900.CD630_34160	30.4	276	180	5	32	303	9	276	4.29e-31	117
WP_062593834.1	iCN900.CD630_25490	30.4	260	176	4	24	282	16	271	5.95e-31	117
WP_062593834.1	iYO844.BSU28740	30.6	284	182	8	10	287	12	286	3.67e-28	110
WP_062593835.1	iEK1008.Rv1237	32.4	281	178	4	6	284	3	273	2.42e-36	130
WP_062593835.1	iEK1008.Rv2039c	32.8	274	179	4	6	278	4	273	8.18e-35	126
WP_062593835.1	iCN900.CD630_34150	29.0	241	168	2	33	272	36	274	9.90e-34	124
WP_062593835.1	iYO844.BSU28730	28.7	275	190	4	13	284	9	280	9.33e-33	121
WP_062593835.1	iYO844.BSU06990	28.3	283	196	4	7	284	16	296	1.87e-31	118
WP_062593837.1	iYL1228.KPN_01622	22.9	284	202	7	5	280	7	281	2.38e-09	57.0
WP_062593837.1	iML1515.b1533	22.9	280	195	8	11	280	13	281	3.20e-09	56.6
WP_062593837.1	iJN1463.PP_2872	25.4	287	195	8	3	283	5	278	3.12e-09	56.6
WP_062593837.1	STM_v1_0.STM1517	23.4	295	205	8	11	295	14	297	3.22e-09	56.6
WP_062593851.1	iJN1463.PP_3599	50.8	301	147	1	1	300	1	301	1.82e-103	304
WP_062593853.1	iML1515.b0830	26.6	399	262	12	85	463	84	471	1.06e-26	112
WP_062593853.1	STM_v1_0.STM0849	26.1	394	270	11	85	463	84	471	1.06e-26	112
WP_062593853.1	iSbBS512_1146.SbBS512_E2518	26.6	399	262	12	85	463	84	471	1.06e-26	112
WP_062593853.1	iSDY_1059.SDY_0757	27.4	394	250	14	85	453	84	466	1.06e-26	112
WP_062593853.1	iSF_1195.SF0780	26.6	399	262	12	85	463	84	471	1.06e-26	112
WP_062593853.1	iSSON_1240.SSON_0812	26.3	399	263	12	85	463	84	471	3.50e-26	111
WP_062593853.1	iYL1228.KPN_03899	26.0	373	237	11	75	412	67	435	1.68e-25	109
WP_062593853.1	iYL1228.KPN_03850	25.8	500	319	19	38	498	31	517	1.65e-25	109
WP_062593853.1	iYL1228.KPN_00863	26.1	387	257	12	85	450	84	462	2.81e-25	108
WP_062593853.1	iML1515.b3544	25.5	373	239	11	75	412	76	444	7.73e-25	107
WP_062593853.1	iSDY_1059.SDY_4567	25.5	373	239	11	75	412	76	444	7.73e-25	107
WP_062593853.1	iSF_1195.SF3579	25.5	373	239	11	75	412	76	444	7.73e-25	107
WP_062593853.1	iSSON_1240.SSON_3846	25.5	373	239	11	75	412	76	444	7.73e-25	107
WP_062593853.1	iPC815.YPO4003	25.4	382	238	11	70	412	71	444	1.86e-24	106
WP_062593855.1	iJN1463.PP_0881	38.0	334	177	4	1	304	1	334	2.00e-62	200
WP_062593855.1	iJN1463.PP_3343	36.5	307	191	2	1	303	1	307	2.81e-56	184
WP_062593855.1	iML1515.b3543	35.6	337	184	4	1	304	1	337	6.20e-55	181
WP_062593855.1	iSDY_1059.SDY_4566	35.6	337	184	4	1	304	1	337	6.20e-55	181
WP_062593855.1	iSSON_1240.SSON_3847	35.6	337	184	4	1	304	1	337	6.20e-55	181
WP_062593855.1	iSSON_1240.SSON_0813	34.8	305	198	1	1	304	1	305	2.57e-55	181
WP_062593857.1	iJN1463.PP_0880	37.0	270	169	1	23	291	34	303	2.85e-51	171
WP_062593857.1	iML1515.b1485	35.5	262	164	1	30	291	36	292	9.44e-50	166
WP_062593857.1	iSSON_1240.SSON_1639	35.1	262	165	1	30	291	36	292	2.64e-49	165
WP_062593857.1	iSbBS512_1146.SbBS512_E1748	35.1	262	161	2	30	291	36	288	6.62e-49	164
WP_062593857.1	iSbBS512_1146.SbBS512_E2516	35.9	270	167	2	23	291	36	300	1.81e-47	160
WP_062593857.1	iSSON_1240.SSON_0814	35.9	270	167	2	23	291	36	300	1.81e-47	160
WP_062593857.1	iML1515.b0832	35.6	270	168	2	23	291	36	300	2.55e-47	160
WP_062593857.1	iSDY_1059.SDY_0755	35.6	270	168	2	23	291	36	300	7.10e-47	159
WP_062593871.1	iLJ478.TM1120	24.4	275	171	12	69	326	91	345	2.49e-04	42.7
WP_062593875.1	iSF_1195.SF2233	26.7	318	188	11	71	378	36	318	6.04e-05	44.3
WP_062593875.1	iML1515.b2148	26.4	318	189	11	71	378	36	318	8.03e-05	43.9
WP_062593875.1	iSbBS512_1146.SbBS512_E0823	26.4	318	189	11	71	378	36	318	8.03e-05	43.9
WP_062593875.1	iSSON_1240.SSON_2204	26.4	318	189	11	71	378	36	318	8.03e-05	43.9
WP_062593875.1	iPC815.YPO1509	29.3	157	83	5	222	378	190	318	4.41e-04	41.6
WP_062593875.1	iYL1228.KPN_04155	27.7	195	117	6	138	330	99	271	7.52e-04	40.8
WP_062593877.1	iPC815.YPO2257	23.9	243	157	8	29	266	85	304	9.50e-10	58.5
WP_062593877.1	iYL1228.KPN_04624	24.1	266	177	6	5	259	49	300	2.22e-09	57.4
WP_062593877.1	iCN900.CD630_03020	23.9	243	162	7	29	268	66	288	2.98e-08	53.9
WP_062593880.1	iML1515.b1011	30.8	172	116	2	27	195	15	186	5.19e-23	92.8
WP_062593880.1	iSSON_1240.SSON_1030	30.8	172	116	2	27	195	29	200	6.85e-23	92.8
WP_062593880.1	iSF_1195.SF1014	30.2	172	117	2	27	195	29	200	1.90e-21	89.0
WP_062593884.1	iHN637.CLJU_RS00620	31.3	492	318	9	12	497	2	479	8.13e-71	234
WP_062593884.1	iPC815.YPO3964	30.3	482	324	6	18	497	7	478	2.04e-69	230
WP_062593884.1	STM_v1_0.STM3882	31.2	497	326	8	22	514	9	493	1.05e-66	223
WP_062593884.1	iLJ478.TM0956	31.1	489	321	9	18	497	13	494	3.39e-66	222
WP_062593884.1	iYL1228.KPN_04154	31.2	477	312	8	22	494	9	473	4.00e-66	221
WP_062593884.1	iML1515.b3749	30.4	497	330	8	22	514	9	493	4.18e-65	219
WP_062593884.1	iML1515.b4087	31.4	491	314	9	18	494	6	487	1.40e-64	218
WP_062593884.1	iSbBS512_1146.SbBS512_E3955	31.8	484	318	10	18	494	5	483	2.09e-64	217
WP_062593884.1	iML1515.b3567	31.8	484	318	10	18	494	5	483	4.08e-64	216
WP_062593884.1	iML1515.b4485	31.1	483	321	7	18	497	10	483	3.04e-64	216
WP_062593884.1	iSSON_1240.SSON_4410	31.2	484	319	8	18	497	10	483	3.04e-64	216
WP_062593884.1	iSF_1195.SF3611	31.6	484	319	10	18	494	5	483	5.70e-64	216
WP_062593884.1	iPC815.YPO0958	30.5	482	323	6	18	497	6	477	1.13e-63	215
WP_062593884.1	iSF_1195.SF4262	31.2	484	319	8	18	497	10	483	1.62e-63	214
WP_062593884.1	iPC815.YPO3907	31.3	483	316	8	18	495	5	476	2.88e-63	214
WP_062593884.1	STM_v1_0.STM2189	29.8	487	327	8	10	492	7	482	1.92e-62	212
WP_062593884.1	iPC815.YPO4036	30.6	484	324	9	18	494	5	483	4.08e-62	211
WP_062593886.1	iSSON_1240.SSON_1030	30.5	223	149	4	1	219	15	235	4.52e-26	100
WP_062593886.1	iML1515.b1011	30.5	223	149	4	1	219	1	221	9.23e-26	99.8
WP_062593886.1	iSF_1195.SF1014	29.6	223	151	4	1	219	15	235	1.83e-24	96.7
WP_062593890.1	iCN718.ABAYE_RS12205	47.5	560	282	6	42	600	34	582	1.50e-153	454
WP_062593890.1	iMM904.YBR208C	42.3	615	318	12	12	600	15	618	4.43e-132	424
WP_062593892.1	iAF987.Gmet_1659	25.4	232	143	7	28	252	22	230	1.01e-07	51.2
WP_062593894.1	iCN900.CD630_19790	24.1	319	201	12	22	321	38	334	1.11e-09	58.5
WP_062593896.1	iAF987.Gmet_1899	44.4	234	121	4	15	242	7	237	2.68e-60	191
WP_062593896.1	iSynCJ816.SGL_RS05565	40.8	238	127	2	29	255	20	254	1.82e-55	179
WP_062593896.1	iJN1463.PP_0209	45.8	203	107	2	30	232	29	228	5.18e-53	173
WP_062593896.1	iYO844.BSU08830	46.4	196	99	2	31	226	22	211	4.68e-53	172
WP_062593898.1	iCN900.CD630_19800	29.9	211	144	1	36	246	24	230	1.20e-21	90.9
WP_062593901.1	iSynCJ816.SGL_RS06770	42.0	405	226	3	29	428	49	449	2.12e-103	314
WP_062593903.1	iSynCJ816.SGL_RS09800	42.2	429	242	4	13	440	15	438	1.84e-111	335
WP_062593905.1	iJN1463.PP_3720	31.9	163	88	5	1	148	2	156	1.47e-13	66.6
WP_062593914.1	iLJ478.TM1195	32.1	514	321	14	21	517	1	503	9.10e-73	248
WP_062593916.1	iPC815.YPO3712	51.9	366	167	2	1	366	1	357	3.03e-115	339
WP_062593916.1	iSF_1195.SF4170	50.8	372	164	5	1	366	1	359	1.20e-112	333
WP_062593916.1	iML1515.b4035	50.5	372	165	5	1	366	1	359	6.84e-112	331
WP_062593916.1	iSSON_1240.SSON_4213	50.5	372	165	5	1	366	1	359	6.84e-112	331
WP_062593916.1	iYL1228.KPN_04424	50.0	366	174	2	1	366	1	357	5.17e-111	328
WP_062593916.1	STM_v1_0.STM4230	50.3	366	173	2	1	366	1	357	7.32e-111	328
WP_062593916.1	STM_v1_0.STM3554	52.0	321	148	4	1	320	1	316	3.01e-104	311
WP_062593918.1	iJN1463.PP_1017	35.3	278	174	3	8	283	8	281	4.48e-50	166
WP_062593920.1	iEK1008.Rv2835c	31.1	251	170	3	39	286	47	297	2.54e-39	139
WP_062593920.1	iEK1008.Rv2316	29.6	267	177	3	12	277	16	272	2.27e-36	131
WP_062593920.1	iLJ478.TM1121	28.5	274	193	3	14	284	20	293	2.24e-35	129
WP_062593924.1	iLJ478.TM1469	31.9	213	130	4	143	340	64	276	1.20e-30	119
WP_062593924.1	iCHOv1.100689450	31.0	203	124	3	140	326	467	669	6.76e-29	118
WP_062593924.1	iMM1415.50798	30.0	203	126	2	140	326	498	700	9.47e-29	117
WP_062593924.1	iHN637.CLJU_RS10220	30.4	247	156	5	140	371	66	311	4.27e-28	112
WP_062593924.1	iCN900.CD630_21940	30.0	260	158	5	12	258	17	265	4.96e-26	107
WP_062593928.1	iML1515.b3253	48.8	322	163	2	6	327	5	324	1.80e-100	298
WP_062593930.1	iLJ478.TM1724	36.8	253	145	5	1	246	1	245	1.43e-35	127
WP_062593930.1	iNF517.LLMG_RS08260	34.5	249	155	2	5	245	2	250	1.51e-32	119
WP_062593930.1	iYL1228.KPN_01091	34.3	248	153	3	1	245	1	241	9.29e-32	117
WP_062593930.1	iEK1008.Rv1350	35.0	246	150	3	3	244	5	244	2.75e-31	115
WP_062593930.1	iML1515.b1093	33.5	248	155	3	1	245	1	241	3.60e-31	115
WP_062593930.1	iSbBS512_1146.SbBS512_E2231	33.5	248	155	3	1	245	1	241	3.60e-31	115
WP_062593930.1	iSF_1195.SF1097	33.5	248	155	3	1	245	1	241	3.60e-31	115
WP_062593930.1	iSSON_1240.SSON_1113	33.5	248	155	3	1	245	1	241	3.60e-31	115
WP_062593932.1	STM_v1_0.STM0371	63.6	627	226	2	3	629	2	626	4.25e-293	811
WP_062593932.1	iML1515.b0335	63.5	627	227	2	3	629	2	626	2.00e-291	807
WP_062593934.1	iEK1008.Rv3084	29.9	268	177	3	39	302	36	296	2.20e-25	102
WP_062593934.1	iEK1008.Rv3487c	29.9	234	155	4	72	299	13	243	4.52e-23	95.9
WP_062593934.1	iEK1008.Rv0217c	34.1	229	144	3	75	302	74	296	1.30e-22	95.1
WP_062593938.1	iCHOv1.100759926	64.6	509	174	2	4	510	35	539	8.52e-233	650
WP_062593938.1	iLB1027_lipid.PHATRDRAFT_45886	65.0	506	171	2	6	510	81	581	3.08e-231	647
WP_062593938.1	iAT_PLT_636.5096	62.8	530	171	3	3	510	34	559	2.68e-229	642
WP_062593939.1	iCHOv1.100765530	51.1	673	307	7	4	665	60	721	9.42e-219	627
WP_062593939.1	iMM1415.110821	51.1	671	310	8	4	665	61	722	3.91e-218	626
WP_062593939.1	iAT_PLT_636.5095	49.9	681	303	8	4	665	65	726	1.73e-212	612
WP_062593942.1	iAT_PLT_636.4594	61.9	698	262	3	9	704	42	737	6.68e-301	839
WP_062593942.1	iMM1415.17850	61.5	698	265	3	9	704	40	735	1.17e-298	833
WP_062593942.1	iML1515.b2917	60.8	707	269	3	7	706	4	709	5.72e-298	830
WP_062593942.1	iCHOv1.100765277	61.0	698	268	3	9	704	40	735	3.86e-297	830
WP_062593942.1	iSF_1195.SF2902	60.7	705	269	3	9	706	6	709	9.35e-297	827
WP_062593942.1	iSSON_1240.SSON_3068	60.6	705	270	3	9	706	6	709	3.08e-295	823
WP_062593942.1	iEK1008.Rv1493	59.9	696	264	4	23	706	46	738	5.24e-273	768
WP_062593944.1	iCHOv1.100763022	60.2	133	51	2	2	133	51	182	1.59e-45	145
WP_062593944.1	iMM1415.73724	58.6	133	53	2	2	133	47	178	2.30e-44	142
WP_062593957.1	iAF987.Gmet_3085	30.9	139	86	5	133	266	190	323	1.89e-04	43.1
WP_062593960.1	iJN1463.PP_1494	36.4	195	123	1	170	363	138	332	1.12e-31	122
WP_062593963.1	iYL1228.KPN_01622	25.2	286	193	7	13	287	7	282	1.04e-08	55.1
WP_062593970.1	iCN718.ABAYE_RS02190	58.8	408	166	1	5	412	5	410	3.86e-167	474
WP_062593970.1	iYL1228.KPN_03348	58.4	409	169	1	4	412	3	410	5.48e-167	474
WP_062593970.1	iJN1463.PP_5155	59.2	407	164	1	6	412	5	409	5.29e-167	474
WP_062593970.1	iSDY_1059.SDY_3169	57.7	409	172	1	4	412	3	410	5.48e-167	474
WP_062593970.1	iML1515.b2913	57.5	409	173	1	4	412	3	410	4.46e-166	471
WP_062593970.1	iSF_1195.SF2898	57.5	409	173	1	4	412	3	410	4.46e-166	471
WP_062593970.1	iSSON_1240.SSON_3065	57.5	409	173	1	4	412	3	410	4.46e-166	471
WP_062593970.1	iPC815.YPO0914	57.7	411	172	2	4	412	3	413	1.41e-165	470
WP_062593970.1	iSbBS512_1146.SbBS512_E3333	57.5	409	173	1	4	412	3	410	2.56e-165	469
WP_062593970.1	STM_v1_0.STM3062	57.7	409	172	1	4	412	3	410	5.15e-165	469
WP_062593974.1	iCN900.CD630_03000	37.2	282	173	4	29	310	43	320	4.65e-52	173
WP_062593976.1	iLJ478.TM0115	36.4	258	157	4	9	263	15	268	1.71e-51	175
WP_062593976.1	iHN637.CLJU_RS00620	37.7	252	154	2	9	260	6	254	3.37e-50	171
WP_062593976.1	iCN900.CD630_03010	38.7	243	143	3	9	250	6	243	1.48e-47	164
WP_062593976.1	iML1515.b2149	36.8	247	151	2	7	253	12	253	1.56e-47	164
WP_062593976.1	STM_v1_0.STM2189	36.8	247	151	2	7	253	12	253	1.56e-47	164
WP_062593976.1	iSbBS512_1146.SbBS512_E0817	36.8	247	151	2	7	253	12	253	4.53e-49	164
WP_062593976.1	iSF_1195.SF2234	36.8	247	151	2	7	253	12	253	1.56e-47	164
WP_062593976.1	iSSON_1240.SSON_2205	36.8	247	151	2	7	253	12	253	1.56e-47	164
WP_062593976.1	iML1515.b3749	35.7	255	158	3	9	263	5	253	3.90e-47	163
WP_062593976.1	iPC815.YPO1508	37.1	245	149	2	9	253	14	253	4.24e-47	163
WP_062593976.1	iLJ478.TM0956	40.8	238	135	5	14	250	18	250	7.73e-47	163
WP_062593976.1	iML1515.b4087	37.2	250	151	4	6	253	4	249	4.64e-46	160
WP_062593976.1	iYL1228.KPN_02587	36.2	243	150	2	11	253	1	238	3.41e-46	160
WP_062593976.1	iYO844.BSU35940	37.4	246	150	3	8	253	2	243	4.92e-46	160
WP_062593976.1	iML1515.b4485	38.3	264	154	3	2	265	3	257	2.09e-45	159
WP_062593976.1	iYL1228.KPN_04623	39.1	248	146	2	3	250	4	246	2.91e-45	158
WP_062593976.1	iNF517.LLMG_RS04060	36.5	244	151	3	8	251	2	241	2.56e-45	158
WP_062593976.1	iSSON_1240.SSON_4410	38.3	264	154	3	2	265	3	257	4.06e-45	158
WP_062593977.1	iPC815.YPO2499	45.2	312	166	3	25	336	19	325	7.80e-73	228
WP_062593982.1	iAT_PLT_636.64080	33.9	304	183	5	3	292	18	317	3.62e-29	113
WP_062593982.1	iIS312.TCDM_01953	36.4	319	164	10	2	292	17	324	4.15e-28	110
WP_062593982.1	iCHOv1.100762399	34.5	293	171	6	14	292	6	291	3.13e-28	110
WP_062593982.1	iPC815.YPO0008	31.4	299	188	4	5	292	8	300	2.75e-25	102
WP_062593984.1	iSynCJ816.SGL_RS03975	38.2	254	152	5	26	278	13	262	3.27e-39	138
WP_062593985.1	iJN1463.PP_4034	40.3	407	240	1	2	408	10	413	1.33e-95	293
WP_062593985.1	iJN1463.PP_0614	41.3	402	233	1	7	408	18	416	3.95e-94	289
WP_062593987.1	iHN637.CLJU_RS10220	25.2	309	218	4	84	381	6	312	1.77e-29	116
WP_062593987.1	iMM1415.50798	28.1	317	198	10	85	382	441	746	6.30e-28	115
WP_062593987.1	iYO844.BSU24850	28.3	290	195	4	112	389	32	320	1.65e-27	110
WP_062593987.1	iCHOv1.100689450	27.1	317	201	10	85	382	410	715	5.20e-26	110
WP_062593987.1	iLJ478.TM1469	27.7	253	167	4	147	384	64	315	7.61e-27	108
WP_062593987.1	iYS854.USA300HOU_RS08260	24.0	325	229	5	83	390	4	327	1.74e-26	108
WP_062593989.1	iYO844.BSU28790	37.9	533	291	9	5	501	3	531	3.10e-109	336
WP_062593991.1	iYO844.BSU35960	30.3	290	175	10	36	321	32	298	1.63e-23	98.6
WP_062593993.1	iCN900.CD630_33570	25.2	127	88	2	62	181	66	192	1.56e-07	49.7
WP_062593997.1	iJN1463.PP_0411	45.8	356	179	5	6	350	3	355	2.66e-94	285
WP_062593997.1	iYS854.USA300HOU_RS05485	42.1	349	183	5	17	357	4	341	2.62e-86	265
WP_062593997.1	iYL1228.KPN_01132	47.6	311	151	4	17	318	17	324	5.65e-86	264
WP_062593997.1	iLJ478.TM1376	45.0	302	163	2	18	318	6	305	3.33e-85	262
WP_062593997.1	iCN900.CD630_10240	42.0	350	185	4	17	359	5	343	2.49e-85	261
WP_062593997.1	iSbBS512_1146.SbBS512_E1304	47.6	313	148	4	17	318	17	324	8.99e-85	261
WP_062593997.1	iSSON_1240.SSON_1144	47.6	313	148	4	17	318	17	324	8.99e-85	261
WP_062593997.1	iSDY_1059.SDY_2026	47.6	313	148	4	17	318	17	324	1.27e-84	261
WP_062593997.1	iML1515.b1126	47.6	313	148	4	17	318	17	324	1.79e-84	260
WP_062593997.1	STM_v1_0.STM1226	47.9	311	150	4	17	318	17	324	1.79e-84	260
WP_062593997.1	iSF_1195.SF1128	47.6	313	148	4	17	318	17	324	1.79e-84	260
WP_062593997.1	iPC815.YPO2846	44.9	321	164	4	18	329	5	321	2.42e-83	257
WP_062593999.1	iYL1228.KPN_00887	37.2	183	114	1	84	266	117	298	1.21e-32	122
WP_062593999.1	iCN900.CD630_10250	31.1	244	160	4	23	266	20	255	1.45e-32	120
WP_062593999.1	iPC815.YPO1333	36.6	186	117	1	83	268	120	304	4.96e-32	120
WP_062593999.1	iML1515.b0856	36.4	184	116	1	83	266	116	298	6.40e-32	120
WP_062593999.1	STM_v1_0.STM0879	36.1	183	116	1	84	266	117	298	6.40e-32	120
WP_062593999.1	iSF_1195.SF0810	36.4	184	116	1	83	266	116	298	6.40e-32	120
WP_062593999.1	iSSON_1240.SSON_0841	36.4	184	116	1	83	266	116	298	6.40e-32	120
WP_062593999.1	STM_v1_0.STM1225	36.6	183	115	1	84	266	83	264	6.76e-32	119
WP_062593999.1	iSDY_1059.SDY_0739	36.4	184	116	1	83	266	116	298	1.25e-31	119
WP_062593999.1	iML1515.b1125	36.6	183	115	1	84	266	73	254	7.29e-32	119
WP_062593999.1	iYL1228.KPN_01131	36.1	183	116	1	84	266	83	264	9.05e-32	119
WP_062593999.1	iSbBS512_1146.SbBS512_E2475	35.9	184	117	1	83	266	116	298	1.74e-31	119
WP_062593999.1	iSbBS512_1146.SbBS512_E1303	36.6	183	115	1	84	266	83	264	9.45e-32	119
WP_062593999.1	iSDY_1059.SDY_2027	36.6	183	115	1	84	266	73	254	7.29e-32	119
WP_062593999.1	iSF_1195.SF1127	36.6	183	115	1	84	266	73	254	7.29e-32	119
WP_062593999.1	iSSON_1240.SSON_1143	36.6	183	115	1	84	266	73	254	7.29e-32	119
WP_062593999.1	iHN637.CLJU_RS10675	32.6	218	145	2	48	265	53	268	5.24e-31	117
WP_062594001.1	iJN1463.PP_0414	29.3	239	168	1	10	247	22	260	3.36e-26	103
WP_062594001.1	iJN1463.PP_5177	31.7	243	155	5	9	242	11	251	9.73e-24	97.1
WP_062594001.1	iCN900.CD630_10260	30.3	231	157	3	17	244	2	231	9.84e-23	93.2
WP_062594004.1	iAF987.Gmet_1659	26.3	240	147	6	25	257	21	237	1.16e-11	62.8
WP_062594013.1	iAF692.Mbar_A3252	26.4	462	289	8	28	482	12	429	2.53e-37	142
WP_062594015.1	iEK1008.Rv3777	37.2	317	186	4	15	323	15	326	5.27e-58	189
WP_062594020.1	iYO844.BSU08860	25.4	370	214	12	22	385	4	317	3.41e-15	76.6
WP_062594020.1	iYL1228.KPN_00971	24.6	366	201	11	28	385	21	319	1.52e-13	71.6
WP_062594020.1	iJN1463.PP_0238	24.8	411	230	15	29	426	22	366	6.49e-13	69.7
WP_062594020.1	iPC815.YPO3625	24.5	408	236	12	29	430	22	363	6.49e-13	69.7
WP_062594022.1	iPC815.YPO2499	35.7	311	191	4	23	330	26	330	5.81e-42	148
WP_062594022.1	iLJ478.TM0955	35.9	315	183	4	20	322	13	320	4.93e-39	140
WP_062594024.1	iYL1228.KPN_04155	31.9	301	191	4	37	331	22	314	5.64e-22	94.4
WP_062594024.1	iPC815.YPO2499	31.5	286	188	2	55	339	52	330	8.74e-22	94.0
WP_062594024.1	iML1515.b3750	31.2	301	193	4	37	331	22	314	2.00e-21	92.8
WP_062594024.1	STM_v1_0.STM3883	30.5	305	198	4	33	331	18	314	2.48e-20	89.7
WP_062594024.1	iPC815.YPO3906	30.0	287	177	5	40	310	28	306	5.75e-20	89.0
WP_062594024.1	iYO844.BSU35950	31.4	312	201	4	34	342	21	322	1.65e-19	87.4
WP_062594027.1	iHN637.CLJU_RS00620	40.6	495	292	2	12	505	6	499	1.10e-123	370
WP_062594027.1	iYO844.BSU35940	40.1	486	289	2	17	502	8	491	4.65e-118	356
WP_062594027.1	iCN900.CD630_03010	37.6	473	290	4	12	482	6	475	9.98e-114	345
WP_062594027.1	iPC815.YPO3964	40.0	490	290	2	17	505	12	498	9.96e-112	340
WP_062594027.1	iNF517.LLMG_RS04060	38.5	486	296	3	17	502	8	490	3.98e-110	335
WP_062594029.1	iCN900.CD630_03000	28.1	313	200	11	25	327	20	317	1.34e-16	79.0
WP_062594029.1	iYO844.BSU35960	26.3	297	206	5	25	319	16	301	2.47e-15	75.1
WP_062594029.1	iNF517.LLMG_RS04070	26.3	281	195	5	49	327	51	321	7.31e-15	73.9
WP_062594029.1	iLJ478.TM0958	25.8	295	201	8	45	329	30	316	2.43e-14	72.4
WP_062594031.1	iYL1228.KPN_04155	36.2	304	179	5	47	348	24	314	4.72e-41	146
WP_062594031.1	iPC815.YPO2499	35.3	312	172	6	46	351	38	325	1.14e-40	145
WP_062594031.1	iML1515.b3750	34.7	303	185	6	47	348	24	314	1.40e-38	139
WP_062594031.1	STM_v1_0.STM3883	34.7	303	185	6	47	348	24	314	1.04e-37	137
WP_062594031.1	iCN900.CD630_03020	31.8	292	185	2	57	348	41	318	9.70e-37	135
WP_062594033.1	iPC815.YPO3964	36.0	492	297	8	4	491	5	482	3.18e-81	261
WP_062594033.1	iPC815.YPO2256	36.0	500	297	9	4	495	18	502	2.62e-80	259
WP_062594033.1	iYL1228.KPN_04623	35.9	493	287	11	5	486	9	483	7.01e-77	249
WP_062594033.1	iML1515.b4485	34.8	491	295	9	5	486	9	483	8.03e-75	244
WP_062594033.1	iYO844.BSU35940	31.3	486	319	6	6	488	3	476	9.44e-75	244
WP_062594033.1	iSSON_1240.SSON_4410	34.4	494	293	10	5	486	9	483	1.13e-74	244
WP_062594033.1	iHN637.CLJU_RS00620	31.7	482	314	6	1	478	1	471	3.03e-74	243
WP_062594033.1	iSbBS512_1146.SbBS512_E1024	32.8	488	310	7	4	486	6	480	3.43e-74	243
WP_062594033.1	iML1515.b1900	32.6	488	311	7	4	486	6	480	4.81e-74	242
WP_062594033.1	iSDY_1059.SDY_1121	32.6	488	311	7	4	486	6	480	4.81e-74	242
WP_062594033.1	iSF_1195.SF4262	34.6	491	296	9	5	486	9	483	1.20e-73	241
WP_062594033.1	iSSON_1240.SSON_1218	32.6	488	311	7	4	486	6	480	1.33e-73	241
WP_062594033.1	iYL1228.KPN_04154	33.1	484	305	9	5	483	4	473	4.76e-73	239
WP_062594033.1	iNF517.LLMG_RS04060	32.4	484	305	9	6	483	3	470	2.06e-72	238
WP_062594033.1	iLJ478.TM0115	33.1	489	308	7	5	485	14	491	5.71e-72	237
WP_062594035.1	iML1515.b3751	25.7	272	190	6	41	305	29	295	2.28e-10	60.5
WP_062594035.1	STM_v1_0.STM3884	26.0	273	188	7	41	305	29	295	2.28e-10	60.5
WP_062594035.1	iYL1228.KPN_04156	26.3	278	181	9	41	305	29	295	3.22e-09	57.0
WP_062594037.1	iYO844.BSU04520	23.8	366	240	8	29	379	23	364	1.41e-14	74.3
WP_062594039.1	iJN1463.PP_0238	60.7	382	148	2	8	389	3	382	1.95e-171	483
WP_062594039.1	iPC815.YPO3625	61.0	382	147	2	8	389	3	382	4.55e-170	479
WP_062594039.1	iYL1228.KPN_00971	60.7	382	147	2	8	389	3	381	6.23e-170	479
WP_062594039.1	iSF_1195.SF0934	60.2	382	149	2	8	389	3	381	5.09e-169	477
WP_062594039.1	iML1515.b0935	59.9	382	150	2	8	389	3	381	4.15e-168	474
WP_062594039.1	iYO844.BSU08860	64.4	348	124	0	8	355	1	348	9.37e-166	468
WP_062594041.1	iJN1463.PP_3637	49.8	211	101	2	16	221	23	233	7.72e-59	187
WP_062594041.1	iYO844.BSU08830	49.1	214	106	2	23	234	27	239	1.82e-58	186
WP_062594041.1	iJN1463.PP_0209	49.7	199	96	2	27	221	39	237	4.11e-58	186
WP_062594041.1	iSynCJ816.SGL_RS16580	44.0	234	124	2	10	236	17	250	5.86e-52	179
WP_062594041.1	iSynCJ816.SGL_RS06585	48.1	212	101	3	17	220	24	234	2.24e-51	177
WP_062594041.1	iJN1463.PP_0240	45.0	242	125	3	2	243	17	250	8.99e-54	174
WP_062594041.1	iSynCJ816.SGL_RS05565	46.2	208	108	2	13	217	17	223	1.60e-53	174
WP_062594041.1	iJN1463.PP_0232	43.3	217	120	2	1	214	3	219	2.85e-53	173
WP_062594041.1	iYL1228.KPN_00312	43.1	216	120	2	1	214	1	215	5.22e-52	169
WP_062594044.1	iJN1463.PP_0237	36.8	231	137	4	29	251	26	255	1.06e-33	125
WP_062594046.1	iEK1008.Rv3567c	34.8	141	84	3	43	179	21	157	9.01e-22	87.0
WP_062594046.1	iSSON_1240.SSON_1025	33.8	130	83	2	36	164	1	128	4.68e-20	81.6
WP_062594046.1	iML1515.b1007	32.4	136	89	2	30	164	7	140	8.74e-20	81.3
WP_062594046.1	iSDY_1059.SDY_0982	33.8	130	83	2	36	164	1	128	9.25e-20	80.9
WP_062594046.1	iSF_1195.SF1010	33.8	130	83	2	36	164	1	128	9.25e-20	80.9
WP_062594046.1	iCN718.ABAYE_RS15340	34.6	159	83	5	33	178	8	158	1.69e-19	80.5
WP_062594048.1	iJN1463.PP_0233	45.1	308	157	6	22	328	21	317	5.13e-75	233
WP_062594048.1	iYL1228.KPN_00311	41.0	329	179	7	1	328	1	315	1.17e-66	212
WP_062594048.1	iSbBS512_1146.SbBS512_E0278	41.4	307	168	5	24	328	19	315	2.34e-66	211
WP_062594048.1	iSSON_1240.SSON_0343	41.7	307	167	5	24	328	38	334	8.02e-66	210
WP_062594050.1	iYL1228.KPN_00312	51.3	228	111	0	21	248	16	243	5.04e-82	246
WP_062594050.1	iJN1463.PP_0232	51.1	233	114	0	16	248	15	247	2.92e-80	242
WP_062594050.1	iML1515.b0366	46.9	243	127	1	6	248	3	243	2.17e-78	237
WP_062594050.1	iSSON_1240.SSON_0344	46.9	243	127	1	6	248	3	243	2.17e-78	237
WP_062594050.1	iSbBS512_1146.SbBS512_E0279	46.9	243	127	1	6	248	3	243	3.07e-78	236
WP_062594050.1	iSF_1195.SF0252	46.5	243	128	1	6	248	3	243	3.52e-77	234
WP_062594050.1	iSDY_1059.SDY_0504	46.5	243	128	1	6	248	3	243	1.42e-76	232
WP_062594050.1	iJN1463.PP_0209	49.8	235	109	3	20	252	28	255	1.79e-73	225
WP_062594052.1	iJN1463.PP_0231	52.6	247	117	0	50	296	31	277	6.37e-82	248
WP_062594052.1	iYL1228.KPN_00313	53.0	247	115	1	50	295	26	272	1.28e-80	244
WP_062594052.1	iSF_1195.SF0251	53.0	247	115	1	50	295	26	272	5.17e-80	243
WP_062594052.1	iML1515.b0367	53.0	247	115	1	50	295	26	272	1.47e-79	242
WP_062594052.1	iSSON_1240.SSON_0345	52.6	247	116	1	50	295	26	272	2.08e-79	241
WP_062594052.1	iSbBS512_1146.SbBS512_E0280	52.6	247	116	1	50	295	26	272	8.35e-79	240
WP_062594059.1	iAT_PLT_636.197257	51.5	441	210	2	25	461	44	484	7.92e-150	435
WP_062594059.1	iMM1415.52815	50.5	444	216	2	22	461	41	484	4.16e-147	428
WP_062594059.1	iCHOv1.100769710	50.5	444	216	2	22	461	41	484	6.73e-146	425
WP_062594061.1	iPC815.YPO0794	46.6	749	390	6	6	747	7	752	3.15e-226	652
WP_062594063.1	iJN1463.PP_3342	30.8	357	220	11	83	433	63	398	6.84e-38	146
WP_062594063.1	iML1515.b0830	30.1	352	212	10	87	433	62	384	1.31e-36	142
WP_062594063.1	iSbBS512_1146.SbBS512_E2518	30.1	352	212	10	87	433	62	384	1.31e-36	142
WP_062594063.1	iSDY_1059.SDY_0757	30.1	352	212	10	87	433	62	384	1.31e-36	142
WP_062594063.1	STM_v1_0.STM0849	30.9	349	213	10	87	433	62	384	2.43e-36	141
WP_062594063.1	iSF_1195.SF0780	29.8	352	213	10	87	433	62	384	4.52e-36	140
WP_062594063.1	iSSON_1240.SSON_0812	29.8	352	213	10	87	433	62	384	4.52e-36	140
WP_062594063.1	iYL1228.KPN_00863	29.8	410	246	12	29	433	12	384	1.57e-35	139
WP_062594065.1	iAF692.Mbar_A0469	32.2	301	204	0	11	311	7	307	9.03e-42	147
WP_062594065.1	iYL1228.KPN_00864	33.1	305	199	3	8	311	4	304	3.25e-41	145
WP_062594065.1	iSbBS512_1146.SbBS512_E2517	32.1	305	202	3	8	311	4	304	2.60e-39	140
WP_062594065.1	iML1515.b0831	32.1	305	202	3	8	311	4	304	5.09e-39	139
WP_062594065.1	iSDY_1059.SDY_0756	32.1	305	202	3	8	311	4	304	5.09e-39	139
WP_062594065.1	STM_v1_0.STM0850	32.1	305	202	3	8	311	4	304	7.13e-39	139
WP_062594065.1	iSF_1195.SF0781	32.1	305	202	3	8	311	4	304	9.97e-39	139
WP_062594065.1	iSSON_1240.SSON_0813	32.1	305	202	2	8	311	4	304	5.35e-38	137
WP_062594067.1	iSSON_1240.SSON_1639	31.4	258	173	3	23	278	31	286	5.29e-41	143
WP_062594067.1	iML1515.b1485	31.4	258	173	3	23	278	31	286	1.04e-40	142
WP_062594067.1	iSbBS512_1146.SbBS512_E1748	31.4	258	169	4	23	278	31	282	2.01e-39	139
WP_062594067.1	iSbBS512_1146.SbBS512_E2516	36.9	252	157	2	29	278	43	294	5.58e-37	132
WP_062594067.1	iSSON_1240.SSON_0814	36.9	252	157	2	29	278	43	294	5.58e-37	132
WP_062594067.1	iML1515.b0832	36.5	252	158	2	29	278	43	294	7.83e-37	132
WP_062594067.1	iSF_1195.SF0782	38.1	252	154	2	29	278	43	294	1.10e-36	132
WP_062594067.1	iYL1228.KPN_00865	35.6	250	159	2	31	278	31	280	2.20e-36	130
WP_062594067.1	iSDY_1059.SDY_0755	36.1	252	159	2	29	278	43	294	4.23e-36	130
WP_062594069.1	iJN1463.PP_4150	40.3	536	293	5	23	545	6	527	6.90e-110	338
WP_062594069.1	iML1515.b2180	40.6	535	291	8	23	543	5	526	2.04e-107	332
WP_062594069.1	iSbBS512_1146.SbBS512_E2519	38.5	576	308	10	23	560	12	579	3.95e-106	332
WP_062594069.1	iSF_1195.SF0779	38.4	576	309	10	23	560	1	568	2.94e-106	332
WP_062594069.1	iYL1228.KPN_00862	38.9	545	289	8	37	547	31	565	7.02e-106	331
WP_062594069.1	iSDY_1059.SDY_0758	38.4	576	309	10	23	560	1	568	3.20e-105	329
WP_062594069.1	iSSON_1240.SSON_0811	38.4	576	309	10	23	560	1	568	4.51e-105	328
WP_062594069.1	iML1515.b0829	38.4	576	309	10	23	560	12	579	8.51e-105	328
WP_062594069.1	STM_v1_0.STM0848	38.2	557	312	8	23	547	12	568	1.01e-102	323
WP_062594069.1	iEK1008.Rv1281c	36.8	614	290	9	21	547	2	604	3.46e-100	316
WP_062594069.1	iYS854.USA300HOU_RS01050	34.9	533	327	6	23	546	4	525	1.90e-97	306
WP_062594073.1	iJN1463.PP_3219	35.1	370	222	4	1	362	1	360	7.60e-74	233
WP_062594076.1	iJN1463.PP_0238	36.9	360	197	12	8	353	6	349	5.62e-50	171
WP_062594076.1	iML1515.b0935	35.8	360	201	11	8	353	6	349	1.21e-47	165
WP_062594076.1	iYL1228.KPN_00971	35.5	363	198	9	8	353	6	349	1.69e-47	164
WP_062594076.1	iSF_1195.SF0934	35.6	360	202	11	8	353	6	349	1.28e-46	162
WP_062594076.1	iYO844.BSU08860	33.6	363	209	9	6	353	2	347	2.24e-46	161
WP_062594076.1	iJN1463.PP_3219	34.7	329	200	6	31	351	27	348	7.21e-45	157
WP_062594078.1	iJN1463.PP_2765	28.4	197	114	5	115	310	94	264	3.23e-11	64.3
WP_062594078.1	iYO844.BSU08860	29.1	165	91	4	87	250	55	194	4.52e-10	60.8
WP_062594078.1	iML1515.b1012	29.7	232	117	7	91	310	89	286	8.17e-10	60.1
WP_062594078.1	iJN1463.PP_3219	24.1	307	191	8	87	388	55	324	2.41e-09	58.5
WP_062594080.1	iMM1415.50798	29.5	271	173	5	86	340	436	704	2.70e-25	107
WP_062594080.1	iHN637.CLJU_RS10220	27.3	271	185	3	91	350	7	276	6.39e-26	106
WP_062594080.1	iCHOv1.100689450	29.2	271	174	5	86	340	405	673	1.55e-24	105
WP_062594080.1	iLJ478.TM1469	29.5	275	174	4	91	350	7	276	7.87e-25	103
WP_062594080.1	iCN900.CD630_21940	25.6	250	177	4	25	269	21	266	6.36e-24	102
WP_062594080.1	iNF517.LLMG_RS11535	26.2	328	214	6	87	394	3	322	5.78e-24	100
WP_062594082.1	iJN1463.PP_1015	30.0	227	133	12	83	300	92	301	8.01e-13	69.3
WP_062594084.1	iEK1008.Rv2835c	34.3	274	176	3	17	289	25	295	7.68e-52	172
WP_062594084.1	iEK1008.Rv2040c	34.9	278	176	3	18	293	16	290	8.58e-50	166
WP_062594086.1	iYO844.BSU28730	37.6	279	167	4	16	290	6	281	1.86e-57	185
WP_062594088.1	iPC815.YPO3793	53.0	353	162	3	1	351	1	351	1.16e-119	349
WP_062594088.1	iML1515.b3450	51.7	354	166	3	1	351	1	352	7.36e-118	345
WP_062594088.1	iSbBS512_1146.SbBS512_E3873	51.7	354	166	3	1	351	1	352	2.97e-117	343
WP_062594088.1	iJN1463.PP_1018	52.8	358	159	5	1	348	1	358	2.12e-116	342
WP_062594088.1	STM_v1_0.STM3554	50.8	354	169	3	1	351	1	352	6.84e-116	340
WP_062594088.1	iYL1228.KPN_03810	50.3	362	159	4	1	351	1	352	8.32e-112	329
WP_062594088.1	iYS854.USA300HOU_RS01090	50.0	370	156	4	1	351	1	360	2.37e-108	321
WP_062594092.1	iJN1463.PP_3740	38.8	405	246	1	1	403	1	405	8.69e-86	269
WP_062594096.1	iCN718.ABAYE_RS13155	52.8	269	125	2	9	275	8	276	3.72e-96	283
WP_062594096.1	iJN1463.PP_3358	53.2	267	123	2	10	274	10	276	1.67e-94	279
WP_062594098.1	iJN1463.PP_3357	57.1	464	198	1	15	478	20	482	1.81e-185	526
WP_062594107.1	iPC815.YPO4037	29.8	295	185	5	44	333	42	319	9.53e-34	127
WP_062594107.1	iML1515.b3566	27.9	333	217	6	8	335	7	321	3.50e-32	122
WP_062594107.1	iSF_1195.SF3610	27.9	333	217	6	8	335	7	321	3.50e-32	122
WP_062594107.1	iYL1228.KPN_03930	28.4	292	197	5	44	335	24	303	3.41e-31	119
WP_062594107.1	iSbBS512_1146.SbBS512_E3956	27.8	338	214	7	3	335	14	326	2.71e-30	117
WP_062594109.1	iPC815.YPO3964	36.4	242	148	3	18	259	5	240	2.20e-46	161
WP_062594111.1	iML1515.b3568	33.1	305	201	3	18	321	19	321	3.70e-33	127
WP_062594111.1	iSbBS512_1146.SbBS512_E3954	33.1	305	201	3	18	321	19	321	3.70e-33	127
WP_062594111.1	iSF_1195.SF3612	33.1	305	201	3	18	321	19	321	3.70e-33	127
WP_062594111.1	iYL1228.KPN_03932	33.3	318	204	4	5	321	11	321	1.55e-29	117
WP_062594111.1	iPC815.YPO4035	31.4	328	208	7	2	321	4	322	2.96e-29	117
WP_062594112.1	iCN900.CD630_27100	24.7	259	182	7	25	280	20	268	2.24e-13	68.6
WP_062594114.1	STM_v1_0.STM4433	36.4	332	206	4	3	331	5	334	7.36e-62	200
WP_062594114.1	iYL1228.KPN_00507	37.0	332	201	6	3	331	5	331	1.05e-56	186
WP_062594116.1	iAF692.Mbar_A1138	24.1	266	173	8	11	271	7	248	2.12e-09	57.8
WP_062594116.1	STM_v1_0.STM4425	31.5	92	62	1	64	154	60	151	2.38e-09	57.8
WP_062594116.1	iYL1228.KPN_04675	32.1	109	72	2	64	170	86	194	2.63e-08	54.7
WP_062594120.1	iYL1228.KPN_03491	29.3	372	223	8	15	346	16	387	4.55e-32	123
WP_062594123.1	iYL1228.KPN_01873	33.8	290	162	9	20	292	24	300	8.13e-38	135
WP_062594123.1	iJN1463.PP_3166	31.3	275	172	6	12	276	16	283	1.16e-35	129
WP_062594123.1	iJN1463.PP_3713	30.0	280	172	6	14	276	18	290	3.71e-35	128
WP_062594154.1	iJN1463.PP_0553	26.8	257	155	9	22	268	132	365	4.26e-15	73.9
WP_062594154.1	iAF987.Gmet_0843	34.7	121	73	3	6	125	4	119	4.50e-14	70.1
WP_062594154.1	iSynCJ816.SGL_RS04775	24.1	261	167	5	10	250	12	261	6.00e-13	67.0
WP_062594158.1	iYO844.BSU39700	40.9	110	61	2	9	114	3	112	3.48e-12	66.6
WP_062594158.1	iSynCJ816.SGL_RS02995	28.7	338	204	14	8	330	10	325	1.41e-10	61.6
WP_062594163.1	STM_v1_0.STM0848	46.1	560	272	7	5	536	12	569	3.40e-149	441
WP_062594163.1	iSbBS512_1146.SbBS512_E2519	45.4	559	277	6	5	536	12	569	1.53e-147	437
WP_062594163.1	iML1515.b0829	45.4	559	277	7	5	536	12	569	4.33e-147	436
WP_062594163.1	iSDY_1059.SDY_0758	45.6	559	276	7	5	536	1	558	3.09e-147	436
WP_062594163.1	iSSON_1240.SSON_0811	45.6	559	276	8	5	536	1	558	3.09e-147	436
WP_062594163.1	iYS854.USA300HOU_RS01050	44.4	532	284	4	5	534	4	525	3.28e-148	436
WP_062594163.1	iSF_1195.SF0779	45.6	559	276	6	5	536	1	558	1.74e-146	434
WP_062594163.1	iYL1228.KPN_00862	45.5	556	278	9	5	536	12	566	2.44e-145	431
WP_062594163.1	iJN1463.PP_4150	44.9	532	280	6	5	533	6	527	6.78e-146	430
WP_062594163.1	iML1515.b2180	43.4	535	290	5	1	531	1	526	1.08e-140	416
WP_062594163.1	iEK1008.Rv1281c	40.2	609	286	8	3	537	2	606	4.00e-136	407
WP_062594168.1	iEK1008.Rv3409c	41.6	534	292	8	7	527	4	530	1.56e-117	358
WP_062594179.1	iEK1008.Rv0873	25.6	227	152	6	44	256	82	305	1.26e-09	59.7
WP_062594179.1	iEK1008.Rv3504	26.6	316	204	9	52	356	52	350	1.17e-09	59.3
WP_062594179.1	iJN1463.PP_4064	25.1	295	204	9	27	311	25	312	1.50e-09	58.9
WP_062594179.1	iEK1008.Rv3570c	23.5	405	253	12	21	396	13	389	2.04e-09	58.5
WP_062594179.1	iCN718.ABAYE_RS11570	26.4	212	145	6	23	225	21	230	6.18e-08	53.9
WP_062594185.1	iJN1463.PP_2998	24.9	325	197	9	6	308	5	304	3.70e-11	62.8
WP_062594196.1	iEK1008.Rv2933	28.7	331	219	4	5	329	1461	1780	1.78e-31	124
WP_062594196.1	iEK1008.Rv1912c	30.5	344	207	6	3	327	2	332	2.90e-30	117
WP_062594196.1	iJN1463.PP_0072	30.7	244	164	2	1	244	1	239	1.26e-28	112
WP_062594197.1	iCHOv1.100767445	33.4	308	194	7	7	304	43	349	5.21e-39	141
WP_062594208.1	iLJ478.TM1724	31.9	260	150	4	7	256	3	245	1.62e-26	103
WP_062594208.1	iYL1228.KPN_01091	31.1	257	153	6	5	254	1	240	3.03e-26	102
WP_062594208.1	iAF987.Gmet_1694	31.1	257	148	6	9	254	5	243	2.30e-25	100
WP_062594208.1	iML1515.b1093	30.7	257	154	6	5	254	1	240	3.15e-25	99.8
WP_062594208.1	iSbBS512_1146.SbBS512_E2231	30.7	257	154	6	5	254	1	240	3.15e-25	99.8
WP_062594208.1	iSF_1195.SF1097	30.7	257	154	6	5	254	1	240	3.15e-25	99.8
WP_062594208.1	iSSON_1240.SSON_1113	30.7	257	154	6	5	254	1	240	3.15e-25	99.8
WP_062594208.1	STM_v1_0.STM1195	30.7	257	154	6	5	254	1	240	4.39e-25	99.4
WP_062594208.1	iSDY_1059.SDY_2057	30.4	257	155	6	5	254	1	240	8.80e-24	95.9
WP_062594218.1	iEK1008.Rv3777	29.7	320	208	5	16	326	15	326	1.39e-22	95.9
WP_062594220.1	iYS854.USA300HOU_RS11455	44.5	470	260	1	1	469	1	470	7.06e-133	392
WP_062594224.1	iCN718.ABAYE_RS00890	30.3	201	131	4	1	193	1	200	2.82e-18	79.0
WP_062594227.1	STM_v1_0.STM2556	34.5	249	155	4	334	579	153	396	5.40e-32	128
WP_062594227.1	iPC815.YPO2908	32.9	252	160	4	333	579	149	396	5.03e-30	122
WP_062594227.1	iYL1228.KPN_02877	33.1	248	160	2	334	579	153	396	9.18e-30	121
WP_062594227.1	iML1515.b2552	33.7	249	157	4	334	579	153	396	1.68e-29	120
WP_062594227.1	iSSON_1240.SSON_2635	33.7	249	157	4	334	579	153	396	3.06e-29	120
WP_062594227.1	iSbBS512_1146.SbBS512_E2917	33.3	249	158	4	334	579	153	396	4.13e-29	119
WP_062594227.1	iSF_1195.SF2599	33.3	249	158	4	334	579	153	396	7.52e-29	119
WP_062594227.1	iSDY_1059.SDY_2742	33.3	249	158	4	334	579	153	396	1.01e-28	118
WP_062594236.1	iEK1008.Rv0134	28.5	281	184	9	47	317	19	292	1.27e-24	100
WP_062594238.1	iYO844.BSU03930	43.0	256	139	1	12	267	9	257	9.75e-70	215
WP_062594250.1	iHN637.CLJU_RS10220	27.2	261	171	7	154	405	68	318	2.88e-20	90.9
WP_062594250.1	iAF987.Gmet_1639	27.4	219	145	3	196	405	108	321	2.14e-18	85.5
WP_062594250.1	iSynCJ816.SGL_RS12595	26.2	256	158	4	155	403	89	320	2.21e-18	85.5
WP_062594252.1	iYO844.BSU39720	24.5	261	159	8	43	269	35	291	2.11e-10	59.7
WP_062594254.1	iPC815.YPO3318	25.8	256	171	8	69	318	37	279	5.75e-09	56.6
WP_062594256.1	iAF692.Mbar_A1138	31.4	210	121	6	4	212	1	188	1.85e-17	82.0
WP_062594256.1	STM_v1_0.STM4433	27.1	343	182	13	59	383	37	329	3.36e-17	81.6
WP_062594258.1	iCN900.CD630_15880	33.0	306	189	6	13	311	7	303	9.65e-48	162
WP_062594258.1	iPC815.YPO2499	37.7	297	181	4	22	317	35	328	7.49e-47	160
WP_062594258.1	iYO844.BSU35950	38.5	299	180	3	22	318	25	321	8.64e-47	160
WP_062594258.1	iLJ478.TM0955	34.0	318	185	4	13	311	9	320	1.99e-42	149
WP_062594258.1	iHN637.CLJU_RS00625	36.1	294	183	3	21	313	24	313	6.38e-42	147
WP_062594266.1	iSynCJ816.SGL_RS07090	34.1	276	158	4	12	286	276	528	1.79e-34	130
WP_062594268.1	iSDY_1059.SDY_0785	30.5	243	152	9	51	289	13	242	8.59e-19	83.6
WP_062594268.1	iML1515.b0811	30.5	243	152	9	51	289	13	242	1.18e-18	83.2
WP_062594268.1	iSF_1195.SF0762	30.5	243	152	9	51	289	13	242	1.18e-18	83.2
WP_062594268.1	iSSON_1240.SSON_0791	30.5	243	152	9	51	289	13	242	1.18e-18	83.2
WP_062594268.1	iSbBS512_1146.SbBS512_E2537	31.0	232	143	9	62	289	24	242	8.05e-18	80.9
WP_062594268.1	iYL1228.KPN_00840	29.6	230	146	7	64	289	25	242	1.11e-17	80.5
WP_062594268.1	STM_v1_0.STM0830	29.2	243	155	8	51	289	13	242	2.88e-17	79.3
WP_062594272.1	iJN1463.PP_3815	33.2	250	164	3	10	258	41	288	6.41e-32	119
WP_062594272.1	STM_v1_0.STM0879	27.9	233	163	3	39	270	82	310	6.37e-28	108
WP_062594274.1	iJN1463.PP_0414	33.5	239	156	1	23	261	22	257	1.46e-34	125
WP_062594276.1	iJN1463.PP_4432	23.4	201	145	4	144	336	110	309	7.24e-05	44.7
WP_062594280.1	iJN1463.PP_3530	63.6	272	99	0	1	272	1	272	1.98e-130	370
WP_062594282.1	iAF987.Gmet_1914	29.2	113	74	2	12	121	4	113	3.50e-08	52.4
WP_062594282.1	iAF987.Gmet_1919	25.9	116	86	0	10	125	3	118	4.18e-08	52.0
WP_062594294.1	iYS854.USA300HOU_RS14125	50.7	294	144	1	7	300	3	295	9.78e-92	274
WP_062594294.1	iSynCJ816.SGL_RS11345	50.8	297	146	0	1	297	2	298	1.58e-91	274
WP_062594294.1	iLB1027_lipid.PHATRDRAFT_42447	50.3	290	143	1	9	297	7	296	2.40e-85	258
WP_062594303.1	iCN900.CD630_26790	31.0	187	125	1	3	185	5	191	4.77e-24	97.4
WP_062594303.1	iEK1008.Rv1350	33.0	182	119	1	6	184	11	192	2.01e-21	90.1
WP_062594303.1	iML1515.b1093	32.3	192	122	3	3	188	6	195	1.35e-20	87.8
WP_062594303.1	iYL1228.KPN_01091	31.8	192	123	3	3	188	6	195	1.35e-20	87.8
WP_062594303.1	iSbBS512_1146.SbBS512_E2231	32.3	192	122	3	3	188	6	195	1.35e-20	87.8
WP_062594303.1	iSF_1195.SF1097	32.3	192	122	3	3	188	6	195	1.35e-20	87.8
WP_062594303.1	iSSON_1240.SSON_1113	32.3	192	122	3	3	188	6	195	1.35e-20	87.8
WP_062594307.1	iAF987.Gmet_2136	29.5	776	485	21	48	792	8	752	2.30e-75	259
WP_062594307.1	iCN900.CD630_20730	28.4	740	466	17	90	792	45	757	1.30e-66	235
WP_062594310.1	iJN1463.PP_4278	27.3	278	145	8	19	294	213	435	1.36e-14	73.9
WP_062594318.1	iSynCJ816.SGL_RS03900	28.0	574	315	22	49	562	40	575	4.13e-33	135
WP_062594328.1	iYS854.USA300HOU_RS14375	23.4	154	92	4	6	138	5	153	4.49e-05	42.0
WP_062594328.1	iCN900.CD630_36320	23.4	128	91	4	8	132	3	126	3.50e-04	39.3
WP_062594333.1	iYO844.BSU14900	42.2	516	294	3	31	544	16	529	1.26e-140	429
WP_062594339.1	iJN1463.PP_5181	23.7	278	153	9	43	278	32	292	1.70e-04	42.7
WP_062594339.1	iML1515.b1123	22.0	236	163	6	52	273	43	271	2.91e-04	42.0
WP_062594339.1	iSDY_1059.SDY_2029	22.0	236	163	6	52	273	43	271	2.91e-04	42.0
WP_062594339.1	iSF_1195.SF1125	22.0	236	163	6	52	273	43	271	2.91e-04	42.0
WP_062594339.1	iSSON_1240.SSON_1141	23.8	202	133	6	86	273	77	271	5.14e-04	41.2
WP_062594343.1	iCN718.ABAYE_RS01180	24.6	329	241	5	5	330	3	327	3.69e-18	85.1
WP_062594345.1	iLJ478.TM0114	26.7	296	205	6	49	340	44	331	4.75e-26	105
WP_062594346.1	iNF517.LLMG_RS04060	43.4	493	273	4	7	498	3	490	2.96e-136	402
WP_062594346.1	iYO844.BSU35940	41.4	493	284	3	7	498	3	491	3.15e-133	395
WP_062594346.1	iPC815.YPO3964	43.9	499	271	5	4	499	4	496	5.56e-132	392
WP_062594346.1	iCN900.CD630_03010	40.4	495	289	4	6	498	5	495	9.80e-132	391
WP_062594346.1	iHN637.CLJU_RS00620	41.7	496	282	5	6	498	5	496	5.52e-130	387
WP_062594346.1	iML1515.b3749	42.1	496	276	4	7	498	5	493	3.00e-127	380
WP_062594346.1	STM_v1_0.STM3882	42.5	496	274	4	7	498	5	493	3.00e-127	380
WP_062594346.1	iLJ478.TM0956	43.6	500	269	7	7	496	13	509	1.89e-125	376
WP_062594346.1	iPC815.YPO4036	40.9	501	281	6	7	496	5	501	2.84e-124	372
WP_062594346.1	iML1515.b2149	40.7	494	286	4	7	497	14	503	1.42e-123	370
WP_062594346.1	iSF_1195.SF2234	40.7	494	286	4	7	497	14	503	1.42e-123	370
WP_062594346.1	iSSON_1240.SSON_2205	40.7	494	286	4	7	497	14	503	1.42e-123	370
WP_062594346.1	iYL1228.KPN_04154	40.6	493	288	3	7	498	5	493	1.71e-123	370
WP_062594346.1	iYL1228.KPN_03931	40.7	501	282	6	7	496	5	501	2.79e-122	367
WP_062594346.1	iSbBS512_1146.SbBS512_E3955	40.1	501	285	6	7	496	5	501	3.95e-122	367
WP_062594346.1	iYL1228.KPN_02587	40.6	490	284	4	11	497	3	488	2.82e-122	367
WP_062594346.1	iML1515.b3567	39.9	501	286	6	7	496	5	501	7.88e-122	366
WP_062594346.1	STM_v1_0.STM2189	39.7	494	291	4	7	497	14	503	1.79e-121	365
WP_062594346.1	iPC815.YPO1508	39.9	494	290	4	7	497	14	503	3.58e-121	364
WP_062594346.1	iSF_1195.SF3611	39.9	501	286	6	7	496	5	501	6.26e-121	364
WP_062594346.1	iPC815.YPO0958	38.7	491	296	3	7	496	6	492	4.07e-121	364
WP_062594348.1	iHN637.CLJU_RS11915	21.9	301	234	1	28	327	22	322	1.38e-21	93.2
WP_062594349.1	iYO844.BSU09530	43.8	322	167	4	10	328	6	316	1.43e-83	255
WP_062594350.1	iSynCJ816.SGL_RS11080	30.5	550	329	16	12	538	8	527	7.98e-67	226
WP_062594351.1	STM_v1_0.STM3674	34.9	493	311	4	1	490	1	486	1.07e-91	288
WP_062594351.1	iML1515.b3580	34.1	493	315	3	1	490	1	486	3.90e-88	279
WP_062594352.1	iCHOv1.100772204	41.2	532	303	4	15	537	46	576	7.46e-123	373
WP_062594352.1	iMM1415.218865	40.0	532	309	4	15	537	43	573	9.43e-120	365
WP_062594355.1	iYL1228.KPN_01526	52.0	492	218	6	8	497	38	513	3.48e-158	459
WP_062594355.1	STM_v1_0.STM1479	51.0	488	225	6	11	498	36	509	2.38e-157	456
WP_062594355.1	iPC815.YPO2303	51.0	488	224	6	11	498	36	508	3.72e-156	453
WP_062594355.1	iSynCJ816.SGL_RS06815	51.9	491	217	7	11	497	55	530	9.97e-154	448
WP_062594355.1	iSSON_1240.SSON_1557	49.9	497	224	7	8	498	33	510	5.91e-153	445
WP_062594355.1	iML1515.b1603	50.2	494	227	6	8	498	33	510	8.37e-153	445
WP_062594355.1	iSDY_1059.SDY_1550	49.9	497	224	7	8	498	33	510	1.18e-152	444
WP_062594355.1	iSbBS512_1146.SbBS512_E1789	49.7	497	225	7	8	498	33	510	9.54e-152	442
WP_062594355.1	iSF_1195.SF1624	49.7	497	225	7	8	498	38	515	1.12e-151	442
WP_062594356.1	iML1515.b1602	60.3	476	157	7	4	471	4	455	7.20e-178	506
WP_062594356.1	iSbBS512_1146.SbBS512_E1788	60.3	476	157	7	4	471	4	455	7.20e-178	506
WP_062594356.1	iSDY_1059.SDY_1551	60.3	476	157	7	4	471	4	455	7.20e-178	506
WP_062594356.1	iSF_1195.SF1623	60.3	476	157	7	4	471	4	455	7.20e-178	506
WP_062594356.1	iSSON_1240.SSON_1558	60.3	476	157	7	4	471	4	455	7.20e-178	506
WP_062594356.1	iYL1228.KPN_01527	60.4	475	158	6	4	471	4	455	2.05e-177	505
WP_062594356.1	STM_v1_0.STM1480	60.0	475	160	4	4	471	4	455	1.67e-176	503
WP_062594356.1	iPC815.YPO2302	59.8	480	159	7	1	471	1	455	2.92e-175	499
WP_062594356.1	iSynCJ816.SGL_RS06840	57.1	478	175	6	9	478	9	464	1.09e-166	478
WP_062594357.1	iAF987.Gmet_2817	30.0	220	153	1	86	304	153	372	5.75e-26	105
WP_062594357.1	iAF987.Gmet_0849	37.6	170	104	2	128	296	503	671	4.01e-25	105
WP_062594357.1	iAF987.Gmet_2559	32.4	179	119	2	131	308	363	540	1.37e-22	97.4
WP_062594357.1	iAF987.Gmet_2714	27.2	276	191	7	23	295	40	308	1.62e-22	95.1
WP_062594360.1	iML1515.b1489	21.4	266	189	9	1	255	3	259	2.52e-08	56.6
WP_062594360.1	iSSON_1240.SSON_1635	23.8	223	150	9	44	255	54	267	3.33e-08	56.2
WP_062594360.1	iSbBS512_1146.SbBS512_E1752	23.8	223	150	9	44	255	54	267	7.60e-08	55.1
WP_062594361.1	iML1515.b0046	30.6	173	100	6	21	179	3	169	3.38e-18	77.4
WP_062594370.1	iEK1008.Rv0132c	27.8	252	138	9	36	278	56	272	5.20e-12	66.6
WP_062594374.1	iJN1463.PP_1418	22.4	263	189	7	30	283	32	288	3.30e-06	47.8
WP_062594376.1	iSSON_1240.SSON_1361	68.2	355	103	3	12	361	6	355	6.73e-179	500
WP_062594376.1	iML1515.b1800	68.2	355	103	3	12	361	6	355	1.92e-178	499
WP_062594376.1	iSbBS512_1146.SbBS512_E2058	68.2	355	103	3	12	361	6	355	1.92e-178	499
WP_062594376.1	iSDY_1059.SDY_1701	67.9	355	104	3	12	361	6	355	1.57e-177	496
WP_062594376.1	iYL1228.KPN_01015	66.2	355	114	2	12	361	6	359	1.05e-175	492
WP_062594376.1	iCN718.ABAYE_RS14760	65.2	356	118	2	11	361	5	359	9.68e-174	487
WP_062594376.1	iPC815.YPO2496	65.4	358	118	2	9	361	7	363	7.68e-172	482
WP_062594377.1	STM_v1_0.STM3697	25.2	365	244	9	12	372	39	378	3.90e-27	110
WP_062594378.1	iSDY_1059.SDY_3319	27.7	112	75	3	1	107	6	116	9.08e-07	48.5
WP_062594378.1	iYL1228.KPN_03537	27.7	112	75	3	1	107	3	113	1.21e-06	48.1
WP_062594378.1	iML1515.b3125	27.7	112	75	3	1	107	1	111	1.61e-06	47.8
WP_062594378.1	iSbBS512_1146.SbBS512_E3233	27.7	112	75	3	1	107	1	111	1.61e-06	47.8
WP_062594378.1	iSF_1195.SF3162	27.7	112	75	3	1	107	6	116	1.64e-06	47.8
WP_062594378.1	iSSON_1240.SSON_3280	27.7	112	75	3	1	107	6	116	1.64e-06	47.8
WP_062594378.1	STM_v1_0.STM3248	26.2	126	86	4	1	120	3	127	3.94e-06	46.6
WP_062594379.1	iMM1415.235033	36.2	265	143	7	3	255	5	255	8.15e-34	125
WP_062594379.1	iCHOv1.100773401	36.6	262	140	7	6	255	8	255	2.08e-32	121
WP_062594381.1	iCHOv1.100757118	37.8	312	160	7	20	319	42	331	2.01e-45	157
WP_062594381.1	iMM1415.77974	35.9	309	168	8	18	323	35	316	1.39e-44	154
WP_062594381.1	iMM1415.105014	37.2	312	162	7	20	319	42	331	3.01e-44	154
WP_062594381.1	iCHOv1.100759583	35.3	309	170	8	18	323	35	316	5.79e-43	150
WP_062594381.1	iMM1415.17252	34.2	307	172	7	16	319	32	311	6.95e-40	142
WP_062594383.1	iAF692.Mbar_A0753	26.9	268	176	10	7	271	11	261	2.88e-20	87.4
WP_062594383.1	iAF692.Mbar_A0920	26.8	265	170	11	6	265	7	252	9.60e-19	83.2
WP_062594383.1	iML1515.b1517	27.0	274	170	10	8	277	39	286	2.42e-17	79.7
WP_062594384.1	iAF987.Gmet_3085	24.2	161	113	5	21	175	222	379	5.46e-04	42.7
WP_062594385.1	STM_v1_0.STM2788	42.5	497	284	1	1	495	1	497	5.81e-125	374
WP_062594385.1	iJN1463.PP_1416	43.8	496	276	2	1	494	1	495	1.05e-119	360
WP_062594391.1	iSSON_1240.SSON_4451	33.0	221	128	4	1	219	7	209	1.90e-22	92.0
WP_062594391.1	iJN1463.PP_4862	28.8	236	141	6	5	224	4	228	5.13e-22	90.9
WP_062594391.1	iML1515.b4266	32.6	221	129	4	1	219	7	209	7.15e-22	90.5
WP_062594391.1	iMM1415.77974	29.0	255	160	5	3	240	39	289	1.86e-21	90.5
WP_062594391.1	iMM1415.105014	30.3	264	148	7	1	232	42	301	6.10e-21	89.4
WP_062594391.1	STM_v1_0.STM4483	33.5	221	127	4	1	219	7	209	1.93e-21	89.4
WP_062594391.1	iCHOv1.100757118	30.6	265	146	8	1	232	42	301	8.42e-21	89.0
WP_062594391.1	iCHOv1.100759583	29.5	254	160	4	3	240	39	289	6.80e-21	89.0
WP_062594391.1	iCHOv1.100689020	29.1	275	154	7	4	240	6	277	5.45e-21	88.6
WP_062594391.1	iMM1415.235033	32.3	201	119	5	4	200	6	193	1.82e-20	87.8
WP_062594391.1	iCHOv1.100689019	28.2	273	159	6	4	240	6	277	2.02e-20	87.0
WP_062594391.1	iCN718.ABAYE_RS09790	26.3	255	148	5	3	229	7	249	3.02e-20	86.3
WP_062594391.1	iMM1415.12408	28.9	273	151	9	7	240	9	277	1.43e-19	84.7
WP_062594391.1	iYS854.USA300HOU_RS06185	29.5	244	141	6	4	229	3	233	8.46e-20	84.7
WP_062594391.1	iCHOv1.100759877	28.6	255	161	6	3	240	38	288	6.20e-19	83.6
WP_062594395.1	iYL1228.KPN_00507	28.4	271	178	7	3	268	4	263	2.80e-16	78.2
WP_062594395.1	STM_v1_0.STM4433	30.8	211	129	6	55	256	56	258	9.02e-14	70.9
WP_062594396.1	iML1515.b1694	39.8	525	296	10	9	527	20	530	4.63e-117	355
WP_062594397.1	iAF987.Gmet_1572	36.3	259	162	2	1	257	1	258	2.18e-44	150
WP_062594397.1	iCN900.CD630_08000	35.7	252	159	2	6	255	7	257	2.13e-41	142
WP_062594397.1	iYO844.BSU18220	38.1	247	149	3	14	257	14	259	4.23e-41	141
WP_062594397.1	iAF987.Gmet_1716	38.9	247	147	3	14	257	14	259	8.38e-41	140
WP_062594397.1	iYO844.BSU28540	38.9	257	151	5	6	258	4	258	6.20e-40	138
WP_062594397.1	iJN1463.PP_3284	36.9	260	146	5	8	257	5	256	2.37e-39	137
WP_062594398.1	iYO844.BSU31060	40.5	484	283	3	20	498	5	488	2.85e-120	361
WP_062594398.1	iYO844.BSU19310	40.0	475	281	4	19	491	21	493	5.95e-118	355
WP_062594398.1	iYS854.USA300HOU_RS14160	40.0	482	281	3	19	496	10	487	3.45e-117	353
WP_062594398.1	iCHOv1.100768654	40.3	496	286	7	7	496	7	498	2.58e-111	338
WP_062594398.1	iCHOv1.100768367	40.9	484	276	7	19	496	49	528	1.25e-110	338
WP_062594398.1	iJN1463.PP_5063	39.1	481	284	6	19	493	8	485	5.70e-111	337
WP_062594398.1	iMM1415.11668	39.9	496	288	7	7	496	10	501	1.58e-110	337
WP_062594398.1	iJN1463.PP_3463	39.8	480	278	5	16	487	17	493	2.21e-109	333
WP_062594398.1	iJN1463.PP_2589	41.2	478	275	6	21	493	21	497	3.12e-109	333
WP_062594398.1	iAT_PLT_636.220	38.2	492	298	6	7	494	21	510	1.37e-108	332
WP_062594398.1	iYL1228.KPN_01018	38.9	478	278	7	17	487	20	490	4.78e-108	330
WP_062594398.1	iMM1415.19378	40.0	477	280	6	19	491	39	513	9.14e-108	330
WP_062594398.1	iPC815.YPO1166	37.3	480	292	6	19	492	8	484	1.12e-107	329
WP_062594398.1	iJN1463.PP_5278	39.8	472	278	6	19	485	21	491	1.95e-107	328
WP_062594398.1	iMM1415.56847	38.0	489	297	6	7	491	21	507	4.29e-107	328
WP_062594398.1	iCHOv1.100765516	38.9	494	296	6	2	491	23	514	1.48e-106	327
WP_062594398.1	iMM904.YER073W	40.3	437	258	3	55	491	82	515	1.52e-106	327
WP_062594398.1	iCHOv1.100768227	37.6	489	299	6	7	491	21	507	3.38e-106	326
WP_062594400.1	iJN1463.PP_1016	54.7	285	129	0	7	291	16	300	1.07e-114	332
WP_062594401.1	iJN1463.PP_1017	58.0	257	99	1	38	294	34	281	6.34e-102	299
WP_062594402.1	iJN1463.PP_1018	51.1	372	173	5	1	370	1	365	5.27e-123	359
WP_062594403.1	iEK1008.Rv3409c	41.4	58	34	0	441	498	469	526	2.01e-06	50.1
WP_062594404.1	iHN637.CLJU_RS17225	35.9	248	152	4	9	256	10	250	3.02e-34	123
WP_062594404.1	iCN900.CD630_11820	33.2	247	156	5	9	254	8	246	2.76e-30	113
WP_062594404.1	iYS854.USA300HOU_RS06185	32.9	246	156	5	10	254	5	242	3.45e-30	112
WP_062594405.1	iJN1463.PP_4300	43.6	445	219	4	5	447	4	418	1.05e-104	317
WP_062594407.1	STM_v1_0.STM1731	26.4	258	159	9	1	254	1	231	1.80e-16	77.8
WP_062594423.1	iCHOv1.100772204	39.8	540	310	5	3	530	46	582	6.39e-121	368
WP_062594423.1	iMM1415.218865	39.7	536	308	5	3	526	43	575	8.26e-121	368
WP_062594423.1	iJN1463.PP_5064	41.6	541	299	7	3	531	5	540	5.24e-120	365
WP_062594423.1	iML1515.b0311	40.5	538	313	5	1	531	1	538	1.40e-117	358
WP_062594423.1	iCN718.ABAYE_RS14300	40.0	537	314	5	3	531	6	542	1.71e-114	350
WP_062594423.1	iYS854.USA300HOU_RS14155	36.8	538	327	8	3	530	8	542	3.29e-109	337
WP_062594431.1	iAF692.Mbar_A0465	40.6	249	139	3	4	245	3	249	6.16e-61	192
WP_062594432.1	iPC815.YPO1311	52.5	337	158	2	15	350	22	357	2.34e-111	328
WP_062594432.1	iAF692.Mbar_A0466	48.8	342	175	0	13	354	6	347	1.31e-107	318
WP_062594433.1	iPC815.YPO1310	37.2	349	212	3	29	374	33	377	8.01e-88	270
WP_062594434.1	iYS854.USA300HOU_RS07520	32.3	130	82	3	35	160	26	153	2.48e-12	64.7
WP_062594434.1	iJN1463.PP_5011	27.7	173	108	5	2	160	6	175	1.18e-10	60.1
WP_062594435.1	iMM1415.218865	35.3	541	303	14	25	527	43	574	3.34e-91	291
WP_062594435.1	iCHOv1.100772204	34.4	544	304	12	25	527	46	577	1.50e-89	286
WP_062594435.1	iML1515.b0311	34.5	542	314	12	25	532	3	537	2.16e-83	269
WP_062594438.1	iAF987.Gmet_1694	32.7	257	144	7	9	254	5	243	3.95e-28	107
WP_062594438.1	iLJ478.TM1724	31.9	260	150	4	7	256	3	245	2.26e-26	102
WP_062594438.1	iYL1228.KPN_01091	31.1	257	153	6	5	254	1	240	4.23e-26	102
WP_062594438.1	iML1515.b1093	31.5	257	152	6	5	254	1	240	8.27e-26	101
WP_062594438.1	iSbBS512_1146.SbBS512_E2231	31.5	257	152	6	5	254	1	240	8.27e-26	101
WP_062594438.1	iSF_1195.SF1097	31.5	257	152	6	5	254	1	240	8.27e-26	101
WP_062594438.1	iSSON_1240.SSON_1113	31.5	257	152	6	5	254	1	240	8.27e-26	101
WP_062594438.1	STM_v1_0.STM1195	30.7	257	154	6	5	254	1	240	8.56e-25	98.6
WP_062594438.1	iSDY_1059.SDY_2057	31.1	257	153	6	5	254	1	240	2.32e-24	97.4
WP_062594442.1	iCN718.ABAYE_RS05715	26.5	136	86	2	18	150	1	125	5.55e-09	51.2
WP_062594443.1	iAF987.Gmet_1601	36.6	191	117	1	2	188	6	196	2.44e-27	105
WP_062594443.1	iCHOv1.100750866	34.1	249	146	7	6	240	8	252	6.25e-26	103
WP_062594443.1	iMM1415.15485	34.1	249	146	7	6	240	8	252	1.03e-25	103
WP_062594443.1	iCHOv1.100773401	37.2	188	104	5	6	183	10	193	8.76e-26	103
WP_062594443.1	iMM1415.235033	36.7	188	105	5	6	183	10	193	9.38e-25	100
WP_062594443.1	iCHOv1.100772460	35.4	189	116	5	5	189	32	218	3.51e-24	99.0
WP_062594443.1	iMM1415.19682	36.0	189	115	5	5	189	32	218	3.51e-24	99.0
WP_062594443.1	iCHOv1.100774578	34.4	180	109	2	6	176	37	216	5.95e-24	98.6
WP_062594443.1	iMM1415.70750	34.4	180	109	2	6	176	37	216	8.23e-24	98.2
WP_062594443.1	iHN637.CLJU_RS20765	33.3	192	123	1	2	188	7	198	2.75e-24	97.8
WP_062594443.1	iYL1228.KPN_02061	34.6	185	116	3	2	181	3	187	4.49e-24	97.4
WP_062594444.1	iJN1463.PP_0303	27.0	278	172	9	10	262	5	276	6.97e-11	61.2
WP_062594446.1	iJN1463.PP_4421	35.9	421	257	6	20	435	42	454	1.40e-78	251
WP_062594446.1	iAF987.Gmet_1580	34.1	428	263	8	19	442	38	450	2.45e-73	237
WP_062594446.1	iJN1463.PP_2180	34.3	428	257	9	15	436	36	445	7.98e-70	228
WP_062594447.1	iPC815.YPO2512	67.5	237	76	1	11	246	10	246	9.94e-113	323
WP_062594447.1	iYL1228.KPN_00840	64.9	248	84	3	1	246	1	247	1.52e-107	310
WP_062594447.1	STM_v1_0.STM0830	65.5	238	80	2	11	246	10	247	2.16e-107	310
WP_062594447.1	iML1515.b0811	64.7	238	82	2	11	246	10	247	5.83e-105	303
WP_062594447.1	iSSON_1240.SSON_0791	64.7	238	82	2	11	246	10	247	5.83e-105	303
WP_062594447.1	iSF_1195.SF0762	64.3	238	83	2	11	246	10	247	4.76e-104	301
WP_062594447.1	iSbBS512_1146.SbBS512_E2537	63.9	238	84	2	11	246	10	247	9.58e-104	300
WP_062594447.1	iSDY_1059.SDY_0785	64.3	238	83	2	11	246	10	247	9.58e-104	300
WP_062594448.1	iML1515.b0810	64.4	219	77	1	1	218	1	219	1.37e-93	272
WP_062594448.1	iSDY_1059.SDY_0786	64.4	219	77	1	1	218	1	219	1.37e-93	272
WP_062594448.1	iSF_1195.SF0761	64.4	219	77	1	1	218	1	219	1.37e-93	272
WP_062594448.1	iSSON_1240.SSON_0790	64.4	219	77	1	1	218	1	219	1.37e-93	272
WP_062594448.1	iSbBS512_1146.SbBS512_E2538	63.9	219	78	1	1	218	1	219	1.94e-93	272
WP_062594448.1	iPC815.YPO2513	63.3	218	80	0	1	218	1	218	8.82e-92	268
WP_062594448.1	STM_v1_0.STM0829	63.5	219	79	1	1	218	1	219	3.70e-91	266
WP_062594448.1	iYL1228.KPN_00839	63.0	219	80	1	1	218	1	219	1.50e-90	265
WP_062594449.1	STM_v1_0.STM0828	73.6	239	63	0	3	241	1	239	1.20e-126	358
WP_062594449.1	iSDY_1059.SDY_0787	73.2	239	64	0	3	241	1	239	3.99e-125	354
WP_062594449.1	iSSON_1240.SSON_0789	73.2	239	64	0	3	241	1	239	5.66e-125	353
WP_062594449.1	iML1515.b0809	72.8	239	65	0	3	241	1	239	3.27e-124	352
WP_062594449.1	iSbBS512_1146.SbBS512_E2539	72.8	239	65	0	3	241	1	239	3.27e-124	352
WP_062594449.1	iYL1228.KPN_00838	72.4	239	66	0	3	241	1	239	9.35e-124	350
WP_062594449.1	iSF_1195.SF0760	72.4	239	66	0	3	241	1	239	3.80e-123	349
WP_062594449.1	iPC815.YPO2514	71.1	239	69	0	3	241	1	239	6.94e-119	338
WP_062594463.1	iJN1463.PP_0145	33.5	541	354	3	7	541	4	544	2.66e-82	266
WP_062594463.1	iML1515.b4020	34.7	530	340	5	7	532	4	531	1.83e-79	259
WP_062594465.1	iJN1463.PP_1018	40.0	385	215	6	1	375	1	379	3.02e-82	255
WP_062594465.1	iSynCJ816.SGL_RS17635	41.8	361	198	4	1	355	1	355	1.62e-82	255
WP_062594465.1	iLJ478.TM0421	38.9	360	212	3	1	358	1	354	9.03e-78	243
WP_062594465.1	STM_v1_0.STM1226	48.8	295	138	4	4	294	18	303	2.22e-77	243
WP_062594465.1	iML1515.b1126	48.5	295	139	4	4	294	18	303	6.24e-77	241
WP_062594465.1	iSF_1195.SF1128	48.5	295	139	4	4	294	18	303	6.24e-77	241
WP_062594465.1	iSbBS512_1146.SbBS512_E1304	48.1	295	140	4	4	294	18	303	2.47e-76	240
WP_062594465.1	iSSON_1240.SSON_1144	48.1	295	140	4	4	294	18	303	2.47e-76	240
WP_062594465.1	iYL1228.KPN_01132	48.1	295	140	4	4	294	18	303	3.49e-76	239
WP_062594465.1	iEK1008.Rv2038c	41.2	369	195	8	1	361	1	355	2.68e-76	239
WP_062594465.1	iSDY_1059.SDY_2026	48.1	295	140	4	4	294	18	303	9.80e-76	238
WP_062594465.1	iYL1228.KPN_03810	38.1	362	214	5	1	360	1	354	2.90e-75	236
WP_062594465.1	iML1515.b3450	39.2	367	203	8	1	360	1	354	5.78e-75	236
WP_062594465.1	iEK1008.Rv1238	38.7	393	198	8	1	359	1	384	2.35e-74	235
WP_062594465.1	iPC815.YPO2846	40.1	359	202	7	4	355	5	357	1.88e-74	234
WP_062594465.1	STM_v1_0.STM3554	37.8	370	204	5	1	360	1	354	2.29e-74	234
WP_062594465.1	iSbBS512_1146.SbBS512_E3873	39.2	367	203	8	1	360	1	354	2.29e-74	234
WP_062594465.1	iJN1463.PP_0411	45.9	294	147	5	4	293	15	300	7.67e-74	233
WP_062594465.1	iCN900.CD630_10240	50.6	249	115	2	2	250	4	244	4.96e-74	233
WP_062594465.1	iPC815.YPO3793	38.4	362	204	8	4	359	4	352	1.86e-73	232
WP_062594465.1	iYL1228.KPN_04424	43.6	319	169	5	1	315	1	312	3.71e-73	231
WP_062594465.1	iPC815.YPO3712	42.3	319	173	5	1	315	1	312	7.39e-73	231
WP_062594466.1	iJN1463.PP_4882	24.9	486	306	9	75	555	57	488	1.40e-29	122
WP_062594467.1	iJN1463.PP_0838	36.8	223	131	2	23	235	13	235	5.14e-39	137
WP_062594467.1	iYL1228.KPN_02865	36.7	218	133	2	23	235	13	230	4.90e-38	134
WP_062594467.1	iSDY_1059.SDY_2729	36.2	218	134	2	23	235	13	230	3.76e-37	132
WP_062594467.1	iML1515.b2533	36.2	218	134	2	23	235	13	230	5.28e-37	132
WP_062594467.1	iSF_1195.SF2580	36.2	218	134	2	23	235	13	230	5.28e-37	132
WP_062594467.1	iLJ478.TM1415	40.1	192	109	2	45	235	9	195	6.05e-37	130
WP_062594467.1	iSbBS512_1146.SbBS512_E2908	35.8	218	135	2	23	235	13	230	2.87e-36	130
WP_062594467.1	STM_v1_0.STM2546	35.8	218	135	2	23	235	13	230	4.03e-36	129
WP_062594467.1	iSSON_1240.SSON_2615	35.8	218	135	2	23	235	13	230	7.94e-36	129
WP_062594467.1	iPC815.YPO2899	35.8	218	135	2	23	235	13	230	4.59e-34	124
WP_062594469.1	iAF692.Mbar_A0420	28.7	328	225	5	1	321	2	327	2.55e-39	141
WP_062594469.1	iEK1008.Rv0132c	31.8	330	201	10	3	321	44	360	5.66e-36	132
WP_062594470.1	iJN1463.PP_4059	44.7	474	257	4	5	474	15	487	2.39e-141	436
WP_062594470.1	iAF987.Gmet_3469	41.1	491	284	4	3	490	11	499	4.69e-132	411
WP_062594470.1	iEK1008.Rv0126	40.0	503	293	4	6	500	43	544	3.43e-131	395
WP_062594471.1	iNF517.LLMG_RS03830	55.4	498	213	5	14	511	4	492	2.00e-209	592
WP_062594471.1	iYO844.BSU07810	47.1	548	275	5	15	549	8	553	1.20e-190	545
WP_062594472.1	iYO844.BSU03070	22.3	399	301	5	27	423	27	418	9.08e-19	88.6
WP_062594487.1	iAF692.Mbar_A1144	29.0	286	168	7	4	286	2	255	3.86e-21	90.9
WP_062594496.1	iEK1008.Rv0684	61.0	693	260	5	11	698	14	701	6.47e-300	834
WP_062594497.1	iSynCJ816.SGL_RS10925	71.7	368	92	4	1	358	1	366	7.51e-184	514
WP_062594501.1	iJN1463.PP_2764	45.8	166	81	2	6	166	56	217	1.93e-40	137
WP_062594502.1	iJN1463.PP_2765	78.5	354	75	1	7	359	3	356	6.81e-211	581
WP_062594503.1	iLJ478.TM1138	39.9	273	143	3	44	296	7	278	6.97e-66	207
WP_062594503.1	iPC815.YPO3805	40.2	251	150	0	46	296	4	254	3.26e-65	205
WP_062594503.1	iAF987.Gmet_1820	41.8	249	144	1	48	296	1	248	5.59e-65	204
WP_062594503.1	iYL1228.KPN_03817	39.1	253	154	0	46	298	3	255	3.68e-64	202
WP_062594503.1	STM_v1_0.STM3561	39.1	253	154	0	46	298	3	255	3.68e-64	202
WP_062594503.1	iJN1463.PP_1138	36.8	253	160	0	46	298	3	255	1.17e-62	198
WP_062594503.1	iSSON_1240.SSON_3693	37.9	253	157	0	46	298	3	255	3.31e-62	197
WP_062594503.1	iML1515.b3455	37.9	253	157	0	46	298	3	255	4.68e-62	197
WP_062594503.1	iSbBS512_1146.SbBS512_E3867	37.9	253	157	0	46	298	3	255	4.68e-62	197
WP_062594503.1	iSF_1195.SF3473	37.9	253	157	0	46	298	3	255	4.68e-62	197
WP_062594503.1	iSDY_1059.SDY_3604	37.5	253	158	0	46	298	3	255	1.32e-61	196
WP_062594503.1	iJN1463.PP_4864	36.7	283	149	2	48	300	6	288	9.55e-59	189
WP_062594504.1	iAF987.Gmet_1822	29.7	290	198	3	11	298	9	294	4.28e-34	125
WP_062594505.1	iAF987.Gmet_1821	31.9	295	180	5	51	341	45	322	3.64e-29	114
WP_062594505.1	iJN1463.PP_4865	29.4	344	198	9	9	329	99	420	4.00e-27	110
WP_062594507.1	iAF987.Gmet_1819	45.7	245	124	3	7	248	1	239	2.89e-68	211
WP_062594507.1	iLJ478.TM1139	45.0	242	125	4	6	247	4	237	5.39e-64	199
WP_062594508.1	iYO844.BSU18260	24.1	374	228	14	39	384	13	358	1.03e-16	80.9
WP_062594508.1	iCN900.CD630_10540	23.5	344	233	11	53	384	31	356	4.67e-15	75.9
WP_062594518.1	iYO844.BSU03070	25.7	413	293	6	2	407	11	416	2.07e-34	134
WP_062594521.1	iJN1463.PP_1031	57.5	487	197	3	12	495	7	486	3.37e-190	539
WP_062594521.1	iLJ478.TM1347	57.1	485	198	3	12	495	3	478	3.75e-190	539
WP_062594521.1	iAF987.Gmet_2293	56.2	484	206	2	12	495	8	485	2.09e-184	525
WP_062594521.1	iYO844.BSU00090	56.1	490	208	2	6	495	3	485	8.74e-183	520
WP_062594521.1	iML1515.b2508	56.1	485	205	3	12	495	7	484	2.32e-180	514
WP_062594521.1	iSbBS512_1146.SbBS512_E2883	56.1	485	205	3	12	495	7	484	2.32e-180	514
WP_062594521.1	iSF_1195.SF2554	56.1	485	205	3	12	495	7	484	2.32e-180	514
WP_062594521.1	iSSON_1240.SSON_2590	56.1	485	205	3	12	495	7	484	2.32e-180	514
WP_062594521.1	iHN637.CLJU_RS18305	53.7	495	214	3	1	495	1	480	4.07e-180	513
WP_062594521.1	iCN718.ABAYE_RS01355	54.8	487	209	4	12	495	7	485	1.89e-179	512
WP_062594521.1	iSDY_1059.SDY_2704	55.9	485	206	3	12	495	7	484	1.89e-179	512
WP_062594521.1	STM_v1_0.STM2511	55.7	485	207	3	12	495	7	484	3.79e-179	511
WP_062594521.1	iYL1228.KPN_02834	55.7	485	207	3	12	495	7	484	3.53e-177	506
WP_062594521.1	iNF517.LLMG_RS01210	53.9	490	222	1	6	495	5	490	5.94e-177	506
WP_062594521.1	iPC815.YPO2871	55.7	485	207	3	12	495	7	484	1.95e-176	504
WP_062594521.1	iEK1008.Rv3411c	55.8	489	202	5	14	495	45	526	1.64e-175	503
WP_062594521.1	iYS854.USA300HOU_RS02065	53.3	490	223	3	6	495	3	486	3.06e-173	496
WP_062594521.1	iIT341.HP0829	54.0	485	213	4	13	497	7	481	1.12e-171	492
WP_062594523.1	iCN900.CD630_26790	39.2	255	154	1	3	257	2	255	3.24e-56	180
WP_062594523.1	iCN718.ABAYE_RS09790	37.6	255	158	1	3	257	5	258	1.25e-50	166
WP_062594528.1	iEK1008.Rv3704c	29.8	400	237	13	7	398	19	382	2.03e-26	110
WP_062594530.1	iIT341.HP1491	41.9	477	233	2	62	494	48	524	7.85e-112	341
WP_062594532.1	iML1515.b0819	37.4	139	76	4	70	204	100	231	2.62e-22	92.4
WP_062594532.1	STM_v1_0.STM0837	38.1	139	75	4	70	204	100	231	7.00e-22	91.3
WP_062594532.1	iML1515.b1990	35.2	142	81	4	70	207	97	231	3.77e-21	89.4
WP_062594532.1	iML1515.b1113	34.1	164	96	4	70	228	103	259	1.50e-19	85.1
WP_062594532.1	STM_v1_0.STM1375	33.1	160	101	3	70	228	97	251	6.19e-19	83.6
WP_062594533.1	iML1515.b0819	40.5	148	81	3	134	277	87	231	1.15e-26	105
WP_062594533.1	STM_v1_0.STM0837	40.5	148	81	3	134	277	87	231	4.30e-26	103
WP_062594533.1	iML1515.b1990	39.9	148	82	3	134	277	84	228	3.29e-25	101
WP_062594537.1	iMM904.YPR033C	26.8	489	295	17	2	459	47	503	1.28e-38	147
WP_062594537.1	iLB1027_lipid.PHATRDRAFT_16944	29.6	439	254	17	34	459	24	420	9.58e-39	146
WP_062594537.1	iLB1027_lipid.PHATRDRAFT_23920	29.7	468	274	17	13	475	81	498	1.26e-37	144
WP_062594538.1	iAF692.Mbar_A3452	24.9	381	178	13	12	365	11	310	4.39e-09	57.4
WP_062594538.1	iLB1027_lipid.PHATRDRAFT_16944	22.2	369	218	10	17	375	28	337	4.54e-08	54.3
WP_062594539.1	iAF692.Mbar_A1312	36.8	190	100	7	3	192	2	171	1.06e-24	98.6
WP_062594541.1	iJN1463.PP_2933	44.7	219	108	4	21	231	45	258	4.19e-55	177
WP_062594541.1	iML1515.b2302	43.8	210	109	3	21	229	2	203	9.13e-53	169
WP_062594541.1	iML1515.b2989	42.1	216	112	4	21	228	45	255	2.59e-49	162
WP_062594542.1	iML1515.b2542	35.8	408	250	8	16	419	1	400	2.40e-65	214
WP_062594542.1	iSSON_1240.SSON_2624	35.3	408	252	8	16	419	1	400	2.60e-64	211
WP_062594547.1	iEK1008.Rv1692	27.7	249	158	10	9	250	2	235	1.34e-09	57.8
WP_062594548.1	iYL1228.KPN_00020	39.9	298	177	2	13	310	10	305	7.85e-59	191
WP_062594548.1	iSDY_1059.SDY_0047	37.9	306	188	2	11	316	9	312	9.87e-57	186
WP_062594548.1	iML1515.b0025	37.9	306	188	2	11	316	9	312	1.39e-56	185
WP_062594548.1	iSbBS512_1146.SbBS512_E0029	37.9	306	188	2	11	316	9	312	1.39e-56	185
WP_062594548.1	iSF_1195.SF0021	37.9	306	188	2	11	316	9	312	1.39e-56	185
WP_062594548.1	iSSON_1240.SSON_0030	37.9	306	188	2	11	316	9	312	1.39e-56	185
WP_062594548.1	STM_v1_0.STM0045	38.9	296	179	2	13	308	10	303	3.79e-56	184
WP_062594548.1	iPC815.YPO0474	37.7	305	188	2	13	317	10	312	3.79e-56	184
WP_062594548.1	iJN1463.PP_0602	39.6	293	174	3	18	309	14	304	9.23e-55	181
WP_062594548.1	iAF987.Gmet_1388	34.2	298	193	3	17	314	14	308	1.53e-54	180
WP_062594554.1	iCHOv1.100757665	35.4	164	94	3	5	157	6	168	2.59e-32	112
WP_062594554.1	iMM1415.69215	31.6	187	93	3	5	157	6	191	1.96e-31	111
WP_062594555.1	iAF987.Gmet_3524	46.8	139	74	0	7	145	15	153	1.98e-29	105
WP_062594555.1	iYO844.BSU00180	42.4	144	81	2	7	149	7	149	4.86e-28	101
WP_062594555.1	iNF517.LLMG_RS09230	40.6	143	85	0	7	149	11	153	1.05e-25	95.1
WP_062594556.1	iCN718.ABAYE_RS13845	33.8	151	90	4	1	147	5	149	6.24e-17	74.3
WP_062594557.1	iMM904.YML059C	29.6	196	120	6	12	202	1367	1549	1.61e-12	67.4
WP_062594558.1	iJN1463.PP_3311	46.0	544	286	5	14	553	16	555	5.96e-137	411
WP_062594558.1	STM_v1_0.STM3457	43.9	556	295	6	7	554	6	552	6.42e-126	383
WP_062594558.1	iSSON_1240.SSON_3481	43.3	550	295	6	13	554	12	552	3.12e-123	376
WP_062594558.1	iML1515.b3350	43.5	550	294	6	13	554	12	552	4.40e-123	376
WP_062594558.1	iSbBS512_1146.SbBS512_E3725	43.3	550	295	6	13	554	12	552	8.74e-123	375
WP_062594558.1	iYL1228.KPN_03736	42.3	544	309	4	13	554	12	552	7.58e-121	370
WP_062594560.1	iSynCJ816.SGL_RS16880	30.7	254	149	7	15	247	14	261	5.23e-24	97.8
WP_062594560.1	iJN1463.PP_0261	31.4	239	144	7	18	240	4	238	8.99e-22	91.3
WP_062594560.1	iAF987.Gmet_0697	30.2	252	154	7	15	255	6	246	3.00e-21	89.7
WP_062594560.1	iSynCJ816.SGL_RS10525	29.3	239	151	7	15	241	18	250	8.88e-21	89.0
WP_062594562.1	STM_v1_0.STM3724	35.6	413	259	5	20	426	13	424	3.98e-72	233
WP_062594562.1	iYL1228.KPN_03972	34.9	410	258	6	20	422	12	419	3.00e-71	230
WP_062594562.1	iPC815.YPO0055	34.9	421	267	5	8	422	1	420	2.38e-70	228
WP_062594562.1	iSbBS512_1146.SbBS512_E4058	35.4	413	260	5	20	426	13	424	6.61e-70	227
WP_062594562.1	iSDY_1059.SDY_4063	35.4	413	260	5	20	426	13	424	6.61e-70	227
WP_062594562.1	iML1515.b3633	35.4	413	260	5	20	426	13	424	9.30e-70	226
WP_062594562.1	iSSON_1240.SSON_3774	35.4	413	260	5	20	426	13	424	9.30e-70	226
WP_062594562.1	iSF_1195.SF3672	35.4	413	260	5	20	426	13	424	3.63e-69	225
WP_062594562.1	iJN1463.PP_4928	36.3	410	250	7	22	422	15	422	2.87e-67	220
WP_062594563.1	iYS854.USA300HOU_RS02915	24.0	225	166	3	13	234	4	226	1.25e-12	65.1
WP_062594564.1	iAF987.Gmet_2347	36.9	317	162	9	46	343	58	355	4.82e-41	147
WP_062594564.1	STM_v1_0.STM0985	37.0	292	166	8	11	294	9	290	3.60e-40	144
WP_062594564.1	iML1515.b0915	33.4	299	168	7	11	294	9	291	4.01e-39	141
WP_062594564.1	iSF_1195.SF0911	33.4	299	168	7	11	294	9	291	4.01e-39	141
WP_062594564.1	iSSON_1240.SSON_0917	33.4	299	168	7	11	294	9	291	4.01e-39	141
WP_062594564.1	iYL1228.KPN_00942	34.6	292	173	8	11	294	9	290	1.05e-38	140
WP_062594564.1	iSbBS512_1146.SbBS512_E2409	33.1	299	169	7	11	294	9	291	2.98e-38	139
WP_062594564.1	iSDY_1059.SDY_2343	32.8	299	170	7	11	294	9	291	2.20e-37	136
WP_062594564.1	iPC815.YPO1396	35.7	283	166	7	20	294	16	290	1.62e-36	134
WP_062594567.1	iAF987.Gmet_1917	24.6	130	95	2	137	263	125	254	1.13e-05	47.8
WP_062594568.1	iCN718.ABAYE_RS08940	63.4	574	206	2	6	575	4	577	4.40e-259	721
WP_062594570.1	iML1515.b4477	45.1	195	107	0	10	204	6	200	2.23e-46	152
WP_062594570.1	iYL1228.KPN_04096	44.6	193	107	0	12	204	8	200	3.57e-45	149
WP_062594571.1	iYL1228.KPN_04097	34.6	309	181	8	4	311	2	290	1.65e-33	124
WP_062594571.1	STM_v1_0.STM3829	33.1	308	187	7	4	311	2	290	2.31e-33	124
WP_062594571.1	iML1515.b3693	33.5	310	183	8	4	311	2	290	4.65e-32	120
WP_062594571.1	iSSON_1240.SSON_3644	33.5	310	183	8	4	311	2	290	6.49e-32	120
WP_062594571.1	iSF_1195.SF3770	33.2	310	184	8	4	311	2	290	3.43e-31	118
WP_062594575.1	iYL1228.KPN_04313	37.2	298	179	3	28	325	43	332	2.72e-54	180
WP_062594575.1	STM_v1_0.STM3952	37.4	302	177	5	26	325	25	316	5.44e-53	176
WP_062594575.1	iPC815.YPO3837	36.0	300	180	4	28	325	27	316	7.66e-53	176
WP_062594575.1	iML1515.b3816	37.3	300	176	5	28	325	27	316	5.96e-52	173
WP_062594575.1	iSbBS512_1146.SbBS512_E4281	37.3	300	176	5	28	325	27	316	5.96e-52	173
WP_062594575.1	iSDY_1059.SDY_3929	37.3	300	176	5	28	325	27	316	5.96e-52	173
WP_062594575.1	iSF_1195.SF3894	37.3	300	176	5	28	325	27	316	5.96e-52	173
WP_062594575.1	iSSON_1240.SSON_3991	37.3	300	176	5	28	325	27	316	5.96e-52	173
WP_062594575.1	iAF987.Gmet_0134	34.0	303	181	7	27	325	30	317	1.56e-48	164
WP_062594577.1	iMM904.Q0085	34.8	224	145	1	15	237	34	257	2.69e-36	128
WP_062594580.1	iPC815.YPO3831	30.5	197	135	2	9	204	9	204	2.46e-20	84.3
WP_062594580.1	STM_v1_0.STM3960	29.3	198	138	2	8	204	8	204	3.60e-19	81.3
WP_062594580.1	iML1515.b3824	27.3	198	142	2	8	204	8	204	3.73e-18	78.6
WP_062594580.1	iYL1228.KPN_04320	29.0	200	136	3	8	204	8	204	3.73e-18	78.6
WP_062594580.1	iSbBS512_1146.SbBS512_E4291	27.3	198	142	2	8	204	8	204	3.73e-18	78.6
WP_062594583.1	iJN1463.PP_4600	59.7	159	64	0	9	167	9	167	1.28e-63	193
WP_062594583.1	iJN1463.PP_2122	59.5	158	64	0	9	166	9	166	3.04e-61	187
WP_062594585.1	STM_v1_0.STM3305	47.4	321	168	1	16	336	2	321	7.16e-92	276
WP_062594585.1	iML1515.b3187	46.1	321	172	1	16	336	2	321	1.86e-89	270
WP_062594585.1	iSbBS512_1146.SbBS512_E3583	46.1	321	172	1	16	336	2	321	1.86e-89	270
WP_062594585.1	iSF_1195.SF3227	46.1	321	172	1	16	336	2	321	1.86e-89	270
WP_062594585.1	iSSON_1240.SSON_3335	46.1	321	172	1	16	336	2	321	1.86e-89	270
WP_062594585.1	iSDY_1059.SDY_3368	45.8	321	173	1	16	336	2	321	2.63e-89	270
WP_062594585.1	iYL1228.KPN_03597	45.5	321	174	1	16	336	2	321	5.27e-89	269
WP_062594585.1	iJN1463.PP_0687	47.4	312	162	1	27	338	13	322	1.45e-88	268
WP_062594585.1	iPC815.YPO3513	44.2	321	178	1	16	336	2	321	7.04e-84	256
WP_062594585.1	iAF987.Gmet_2455	43.5	310	175	0	27	336	11	320	9.66e-84	256
WP_062594587.1	iAF987.Gmet_1750	33.2	187	123	1	38	224	51	235	2.82e-19	85.5
WP_062594592.1	iCN718.ABAYE_RS02355	32.7	816	408	15	4	810	6	689	2.72e-109	349
WP_062594592.1	iAF987.Gmet_2941	32.6	820	407	18	1	809	1	685	3.54e-102	330
WP_062594594.1	iSDY_1059.SDY_3721	57.0	426	177	5	1	420	1	426	2.95e-154	442
WP_062594594.1	iSSON_1240.SSON_4178	57.0	426	177	5	1	420	1	426	5.92e-154	442
WP_062594594.1	iML1515.b4005	57.0	426	177	5	1	420	1	426	1.19e-153	441
WP_062594594.1	iSbBS512_1146.SbBS512_E4496	57.0	426	177	5	1	420	1	426	1.19e-153	441
WP_062594594.1	iSF_1195.SF4077	56.8	426	178	5	1	420	1	426	1.19e-153	441
WP_062594594.1	STM_v1_0.STM4175	56.8	426	178	5	1	420	1	426	1.69e-153	441
WP_062594594.1	iYL1228.KPN_04387	55.9	426	182	5	1	420	1	426	2.56e-153	440
WP_062594594.1	iPC815.YPO3729	54.5	426	188	5	1	420	1	426	5.72e-149	429
WP_062594594.1	iAF987.Gmet_2904	51.8	425	198	3	1	420	1	423	1.57e-142	412
WP_062594594.1	iCN718.ABAYE_RS07250	52.2	425	197	5	1	420	1	424	6.06e-141	409
WP_062594594.1	iJN1463.PP_4823	53.4	427	189	6	1	420	1	424	2.02e-137	400
WP_062594595.1	iCN900.CD630_10270	26.1	306	211	5	24	323	32	328	3.90e-29	114
WP_062594595.1	STM_v1_0.STM1222	26.5	339	231	9	2	332	6	334	2.41e-26	107
WP_062594595.1	iYL1228.KPN_01129	25.4	339	235	9	2	332	6	334	4.31e-25	103
WP_062594597.1	iMM1415.71883	40.3	293	165	3	20	310	63	347	8.12e-63	203
WP_062594597.1	iLB1027_lipid.PHATRDRAFT_12269	39.9	298	167	6	19	310	2	293	1.61e-59	192
WP_062594597.1	iCHOv1.100755903	39.0	277	159	3	36	310	2	270	1.81e-56	184
WP_062594601.1	iJN1463.PP_0315	47.5	413	209	5	4	412	17	425	1.47e-137	400
WP_062594604.1	iAF987.Gmet_0134	28.0	107	70	1	229	328	209	315	2.54e-05	45.1
WP_062594605.1	iJN1463.PP_2048	48.7	476	223	6	2	470	3	464	1.16e-133	402
WP_062594605.1	iJN1463.PP_0368	46.3	473	233	6	2	463	4	466	6.93e-132	398
WP_062594606.1	iCN718.ABAYE_RS11685	38.8	240	146	1	12	250	21	260	1.45e-41	142
WP_062594609.1	iJN1463.PP_0527	51.8	627	286	8	4	627	9	622	2.50e-207	594
WP_062594609.1	iAF987.Gmet_2822	51.7	623	287	6	12	627	4	619	2.64e-205	589
WP_062594609.1	iAF987.Gmet_1934	51.4	627	287	7	10	627	2	619	1.29e-200	577
WP_062594609.1	iSDY_1059.SDY_0310	48.4	618	307	6	11	627	9	615	1.94e-193	558
WP_062594609.1	iML1515.b0420	48.5	618	306	6	11	627	9	615	3.89e-193	557
WP_062594609.1	iSbBS512_1146.SbBS512_E0341	48.4	618	307	6	11	627	9	615	5.51e-193	557
WP_062594609.1	iSSON_1240.SSON_0397	48.4	618	307	6	11	627	9	615	5.51e-193	557
WP_062594609.1	iSF_1195.SF0357	48.2	618	308	6	11	627	9	615	1.56e-192	556
WP_062594609.1	iPC815.YPO3177	49.3	614	298	7	11	623	9	610	3.03e-192	555
WP_062594609.1	STM_v1_0.STM0422	48.1	618	309	6	11	627	9	615	1.43e-190	551
WP_062594609.1	iYL1228.KPN_00372	48.1	618	309	6	11	627	9	615	1.63e-189	548
WP_062594610.1	iML1515.b0586	35.5	138	77	7	62	192	1041	1173	3.93e-07	52.0
WP_062594610.1	iSbBS512_1146.SbBS512_E0488	34.1	135	83	5	62	192	1041	1173	5.19e-07	51.6
WP_062594610.1	iSSON_1240.SSON_0537	45.9	61	30	2	135	192	1113	1173	2.09e-06	49.7
WP_062594610.1	STM_v1_0.STM0588	51.1	47	21	1	148	192	1128	1174	1.11e-05	47.4
WP_062594611.1	iYS854.USA300HOU_RS12355	39.0	177	103	1	1	177	1	172	1.38e-31	112
WP_062594612.1	iAF987.Gmet_2439	37.7	215	131	3	15	226	19	233	1.68e-38	133
WP_062594612.1	iSynCJ816.SGL_RS14425	38.5	218	129	4	3	217	51	266	5.17e-38	133
WP_062594615.1	iYO844.BSU23260	41.1	370	206	4	8	366	5	373	6.70e-91	278
WP_062594615.1	iAF987.Gmet_1626	40.2	368	210	2	7	364	5	372	1.61e-86	266
WP_062594615.1	iEK1008.Rv1415	42.2	374	197	6	11	366	10	382	2.91e-81	254
WP_062594615.1	iHN637.CLJU_RS10830	38.0	374	220	4	1	364	1	372	2.32e-80	251
WP_062594616.1	iYL1228.KPN_02719	57.5	365	139	4	1	362	1	352	2.21e-142	407
WP_062594616.1	iML1515.b2329	57.3	368	141	5	1	365	1	355	3.61e-141	404
WP_062594616.1	iSDY_1059.SDY_2528	57.1	368	142	5	1	365	1	355	1.46e-140	403
WP_062594616.1	iSbBS512_1146.SbBS512_E2707	57.1	368	142	5	1	365	1	355	8.37e-140	401
WP_062594616.1	iSSON_1240.SSON_2387	57.1	368	142	5	1	365	1	355	8.37e-140	401
WP_062594616.1	iSF_1195.SF2405	56.8	368	143	5	1	365	1	355	3.39e-139	399
WP_062594616.1	STM_v1_0.STM2384	56.3	368	145	5	1	365	1	355	1.28e-136	393
WP_062594616.1	iPC815.YPO2751	56.4	365	143	5	1	362	1	352	2.97e-135	389
WP_062594616.1	iJN1463.PP_1830	58.8	362	134	5	1	360	1	349	1.83e-134	387
WP_062594616.1	iCN718.ABAYE_RS10010	54.5	363	149	5	1	360	1	350	3.95e-131	379
WP_062594617.1	iAF987.Gmet_0957	37.4	449	264	8	458	895	171	613	3.35e-81	275
WP_062594617.1	iAF987.Gmet_3085	34.6	437	265	7	476	899	453	881	7.49e-75	263
WP_062594617.1	iAF987.Gmet_0700	37.0	422	260	3	476	892	388	808	1.40e-74	261
WP_062594617.1	iAF987.Gmet_2629	34.5	432	272	5	475	899	378	805	1.95e-74	260
WP_062594617.1	iJN1463.PP_3581	34.6	442	272	5	466	895	242	678	1.54e-71	249
WP_062594619.1	iHN637.CLJU_RS17500	31.7	167	98	6	1	162	1	156	1.93e-15	70.9
WP_062594619.1	iSynCJ816.SGL_RS02245	29.5	183	99	7	3	170	227	394	5.90e-14	68.9
WP_062594619.1	iSDY_1059.SDY_4656	38.6	101	54	2	3	103	4	96	3.62e-14	67.8
WP_062594619.1	STM_v1_0.STM4585	37.6	101	55	2	3	103	4	96	9.67e-14	66.6
WP_062594619.1	iSbBS512_1146.SbBS512_E4944	38.6	101	54	2	3	103	4	96	9.67e-14	66.6
WP_062594619.1	iSF_1195.SF4427	38.6	101	54	2	3	103	4	96	9.67e-14	66.6
WP_062594619.1	iSSON_1240.SSON_4545	38.6	101	54	2	3	103	4	96	9.67e-14	66.6
WP_062594622.1	iSynCJ816.SGL_RS10830	46.3	190	100	1	17	206	43	230	2.03e-55	175
WP_062594622.1	iJN1463.PP_1129	45.6	193	101	2	16	206	25	215	9.57e-53	168
WP_062594622.1	iCHOv1.100753308	44.0	184	102	1	16	198	57	240	1.48e-48	159
WP_062594628.1	iAT_PLT_636.4512	61.7	533	173	6	30	558	2	507	2.20e-240	670
WP_062594628.1	iCHOv1.3979185	60.8	533	178	6	30	558	2	507	1.46e-231	648
WP_062594628.1	iMM904.Q0045	59.6	493	177	3	32	523	3	474	3.11e-221	622
WP_062594629.1	iJN1463.PP_0110	41.0	293	164	3	15	304	5	291	7.53e-56	182
WP_062594629.1	iEK1008.Rv1451	40.6	283	164	3	25	306	23	302	2.11e-51	171
WP_062594629.1	iSynCJ816.SGL_RS10195	40.3	288	163	6	20	303	16	298	2.85e-50	169
WP_062594631.1	iAM_Pb448.PBANKA_130090	42.1	164	88	2	25	183	45	206	1.85e-42	142
WP_062594631.1	iAM_Pf480.PF3D7_1475300	39.9	173	96	3	17	183	37	207	6.76e-40	135
WP_062594631.1	iAM_Pc455.PCYB_127810	39.8	166	91	2	25	183	45	208	9.80e-40	135
WP_062594631.1	iAM_Pv461.PVX_118645	39.8	166	91	2	25	183	45	208	2.76e-39	134
WP_062594632.1	iCHOv1.3979189	50.9	281	115	5	4	283	2	260	3.13e-99	291
WP_062594632.1	iAT_PLT_636.4514	48.4	281	122	4	4	283	2	260	6.80e-96	283
WP_062594635.1	iJN1463.PP_0606	51.6	314	145	3	21	331	1	310	2.15e-96	288
WP_062594635.1	iPC815.YPO0477	54.2	284	123	4	21	301	1	280	3.71e-95	285
WP_062594635.1	iEK1008.Rv1110	51.6	310	144	4	23	331	28	332	1.32e-94	284
WP_062594635.1	iML1515.b0029	52.7	283	128	3	21	301	1	279	2.89e-94	283
WP_062594635.1	iSbBS512_1146.SbBS512_E0033	52.7	283	128	3	21	301	1	279	2.89e-94	283
WP_062594635.1	iSDY_1059.SDY_0051	52.7	283	128	3	21	301	1	279	2.89e-94	283
WP_062594635.1	iSSON_1240.SSON_0034	52.7	283	128	3	21	301	1	279	2.89e-94	283
WP_062594635.1	STM_v1_0.STM0049	50.8	313	148	3	21	331	1	309	4.10e-94	282
WP_062594635.1	iSF_1195.SF0026	52.3	283	129	3	21	301	1	279	5.80e-94	282
WP_062594635.1	iCN718.ABAYE_RS02095	48.3	321	158	4	21	338	1	316	4.67e-93	280
WP_062594635.1	iYL1228.KPN_00024	49.5	313	152	3	21	331	1	309	4.28e-91	275
WP_062594636.1	iJN1463.PP_0121	33.9	319	208	3	1	319	1	316	4.22e-56	184
WP_062594638.1	iMM904.YLR109W	35.6	132	79	4	34	161	47	176	1.09e-20	83.2
WP_062594638.1	iAM_Pf480.PF3D7_0729200	33.3	114	74	2	25	137	93	205	4.05e-19	80.5
WP_062594638.1	iAM_Pb448.PBANKA_021330	31.6	133	79	4	14	137	81	210	4.62e-17	75.1
WP_062594641.1	iPC815.YPO2830	37.1	62	39	0	122	183	96	157	1.02e-07	49.7
WP_062594641.1	iML1515.b1584	27.0	89	64	1	116	203	90	178	2.46e-06	45.8
WP_062594641.1	iYL1228.KPN_01583	31.7	82	55	1	120	200	94	175	2.46e-06	45.8
WP_062594641.1	STM_v1_0.STM1502	31.9	69	47	0	116	184	90	158	4.57e-06	45.1
WP_062594642.1	iJN1463.PP_1471	52.9	463	214	3	4	463	1	462	5.76e-166	476
WP_062594642.1	iAF987.Gmet_1631	48.9	464	230	4	4	464	1	460	8.53e-151	437
WP_062594645.1	iML1515.b3715	33.2	196	126	4	1	194	1	193	3.48e-26	100
WP_062594658.1	iAF987.Gmet_2940	62.1	884	332	2	3	885	4	885	0.0	1080
WP_062594658.1	iLJ478.TM0272	57.4	890	361	5	3	887	4	880	0.0	975
WP_062594659.1	iAF987.Gmet_1706	39.9	188	90	5	400	586	144	309	1.57e-27	113
WP_062594659.1	iAF987.Gmet_0700	39.5	200	98	5	392	590	381	558	8.19e-25	109
WP_062594659.1	iML1515.b1285	37.1	197	100	4	392	588	223	395	2.54e-24	107
WP_062594673.1	iYL1228.KPN_00221	45.3	267	142	4	11	275	3	267	1.24e-68	213
WP_062594673.1	iJN1463.PP_2368	44.2	267	145	4	11	275	3	267	1.41e-67	210
WP_062594673.1	STM_v1_0.STM0255	44.9	267	143	4	11	275	3	267	6.40e-66	206
WP_062594673.1	iSbBS512_1146.SbBS512_E0204	43.4	267	147	4	11	275	3	267	1.28e-65	205
WP_062594673.1	iSSON_1240.SSON_0221	43.1	267	148	4	11	275	3	267	7.25e-65	203
WP_062594673.1	iML1515.b0207	43.1	267	148	4	11	275	3	267	1.45e-64	202
WP_062594673.1	iSF_1195.SF0192	42.7	267	149	4	11	275	3	267	5.80e-64	201
WP_062594673.1	iPC815.YPO1075	41.2	267	153	4	11	275	3	267	9.28e-63	198
WP_062594674.1	STM_v1_0.STM1522	33.1	347	225	4	3	348	13	353	1.37e-41	150
WP_062594674.1	iYL1228.KPN_01628	33.2	346	226	4	3	348	13	353	3.96e-40	146
WP_062594674.1	iSF_1195.SF1566	33.5	352	217	7	3	348	13	353	2.62e-40	146
WP_062594674.1	iML1515.b1528	33.2	352	218	7	3	348	13	353	7.23e-40	145
WP_062594674.1	iSSON_1240.SSON_1600	33.2	352	218	7	3	348	13	353	7.23e-40	145
WP_062594674.1	iSbBS512_1146.SbBS512_E1677	33.2	352	218	7	3	348	13	353	1.40e-39	145
WP_062594674.1	iJN1463.PP_2428	31.1	350	232	5	3	350	28	370	2.34e-36	136
WP_062594677.1	iAF987.Gmet_1914	29.5	112	74	3	11	119	4	113	6.06e-11	58.2
WP_062594678.1	iJN1463.PP_2545	50.6	265	114	4	1	255	15	272	3.27e-81	244
WP_062594678.1	iPC815.YPO2509	49.8	251	126	0	3	253	4	254	1.57e-78	237
WP_062594678.1	iYL1228.KPN_01646	48.6	253	124	1	3	255	18	264	1.56e-75	230
WP_062594678.1	iSDY_1059.SDY_1625	48.0	254	126	1	3	256	4	251	2.55e-73	224
WP_062594678.1	iSF_1195.SF1576	48.4	256	122	2	3	256	4	251	2.55e-73	224
WP_062594678.1	iML1515.b1519	48.6	255	121	2	3	255	4	250	5.12e-73	223
WP_062594680.1	iLB1027_lipid.PHATRDRAFT_12757	46.6	339	174	4	1	333	1	338	4.98e-101	301
WP_062594681.1	iSF_1195.SF3845	29.8	282	186	5	14	284	10	290	8.23e-31	117
WP_062594681.1	iML1515.b3770	29.8	282	186	5	14	284	10	290	1.15e-30	116
WP_062594681.1	iSbBS512_1146.SbBS512_E4150	29.8	282	186	5	14	284	10	290	1.15e-30	116
WP_062594681.1	iSDY_1059.SDY_3978	29.8	282	186	5	14	284	10	290	1.15e-30	116
WP_062594681.1	iSSON_1240.SSON_3941	30.3	271	180	4	14	276	10	279	4.33e-30	115
WP_062594681.1	STM_v1_0.STM3903	29.8	282	186	5	14	284	10	290	6.03e-30	114
WP_062594681.1	iYL1228.KPN_04269	30.2	288	177	7	14	284	10	290	8.40e-30	114
WP_062594681.1	iPC815.YPO3899	29.4	282	187	5	14	284	9	289	1.63e-27	108
WP_062594686.1	iJN1463.PP_3948	39.1	258	149	3	45	301	806	1056	1.58e-50	179
WP_062594689.1	iSynCJ816.SGL_RS16080	30.1	93	61	2	12	104	18	106	1.30e-04	40.4
WP_062594690.1	iYL1228.KPN_04271	34.4	276	174	3	38	310	48	319	7.00e-36	135
WP_062594690.1	STM_v1_0.STM3905	35.0	277	171	5	38	310	48	319	1.84e-35	134
WP_062594690.1	iSDY_1059.SDY_3976	34.7	277	172	5	38	310	48	319	6.64e-35	132
WP_062594690.1	iSbBS512_1146.SbBS512_E4147	34.7	277	172	5	38	310	48	319	9.16e-35	132
WP_062594690.1	iSF_1195.SF3847	34.7	277	172	5	38	310	48	319	9.16e-35	132
WP_062594690.1	iSSON_1240.SSON_3943	34.7	277	172	5	38	310	48	319	9.16e-35	132
WP_062594690.1	iML1515.b3772	34.4	276	174	4	38	310	48	319	1.26e-34	131
WP_062594690.1	iCN718.ABAYE_RS04015	32.5	305	198	3	10	310	14	314	3.28e-34	129
WP_062594690.1	iAF987.Gmet_3072	34.1	287	184	3	31	316	30	312	3.95e-34	128
WP_062594691.1	iJN1463.PP_1444	52.1	792	342	8	8	772	20	801	1.76e-285	805
WP_062594691.1	iYL1228.KPN_00132	49.2	787	372	11	5	773	4	780	4.08e-269	762
WP_062594698.1	iYL1228.KPN_01198	49.2	118	60	0	25	142	9	126	5.60e-44	140
WP_062594698.1	iPC815.YPO2158	48.7	115	59	0	28	142	12	126	1.30e-42	137
WP_062594698.1	iML1515.b1778	46.3	121	65	0	22	142	6	126	2.62e-42	136
WP_062594698.1	STM_v1_0.STM1291	46.7	122	65	0	22	143	16	137	3.54e-42	136
WP_062594698.1	iSSON_1240.SSON_1385	46.3	121	65	0	22	142	6	126	2.62e-42	136
WP_062594698.1	iEK1008.Rv2674	50.4	129	62	2	18	144	5	133	3.60e-42	136
WP_062594698.1	iSF_1195.SF1445	46.3	121	65	0	22	142	6	126	3.71e-42	136
WP_062594698.1	iSDY_1059.SDY_1489	45.5	121	66	0	22	142	6	126	1.06e-41	135
WP_062594698.1	iAF987.Gmet_0222	49.2	124	62	1	22	144	7	130	1.33e-37	129
WP_062594700.1	iML1515.b1679	38.3	128	77	1	15	142	10	135	4.88e-28	100
WP_062594700.1	iSbBS512_1146.SbBS512_E1880	37.5	128	78	1	15	142	10	135	1.38e-27	99.4
WP_062594700.1	iSDY_1059.SDY_1910	37.5	128	78	1	15	142	10	135	5.54e-27	97.8
WP_062594700.1	iSSON_1240.SSON_1477	37.5	128	78	1	15	142	10	135	1.11e-26	97.1
WP_062594700.1	iSF_1195.SF1708	37.5	128	78	1	15	142	10	135	1.57e-26	96.7
WP_062594724.1	iAF987.Gmet_0069	31.9	119	77	2	3	117	5	123	1.12e-13	68.6
WP_062594724.1	iAF987.Gmet_1706	34.2	117	77	0	1	117	1	117	5.62e-13	66.6
WP_062594724.1	iAF987.Gmet_1914	34.0	106	70	0	2	107	3	108	3.64e-12	64.7
WP_062594728.1	iEK1008.Rv0125	32.6	273	150	11	150	403	79	336	7.58e-19	87.8
WP_062594729.1	iAF987.Gmet_1706	29.9	117	82	0	5	121	1	117	4.01e-12	64.3
WP_062594729.1	iAF987.Gmet_0069	28.6	126	86	2	7	128	5	130	5.18e-12	63.9
WP_062594732.1	iAF987.Gmet_0043	26.8	272	183	5	507	772	5	266	1.20e-19	93.2
WP_062594733.1	iJN1463.PP_2017	46.7	890	458	9	1	880	1	884	1.95e-266	763
WP_062594733.1	iYL1228.KPN_00968	44.7	880	474	8	3	880	2	870	4.28e-248	716
WP_062594733.1	iSbBS512_1146.SbBS512_E2386	44.2	880	477	8	3	880	2	869	1.06e-245	710
WP_062594733.1	iML1515.b0932	44.2	880	477	8	3	880	2	869	2.13e-245	709
WP_062594733.1	iSSON_1240.SSON_0935	44.0	880	479	8	3	880	2	869	8.53e-245	707
WP_062594733.1	iPC815.YPO1414	45.0	880	470	10	3	880	2	869	3.53e-244	706
WP_062594733.1	STM_v1_0.STM1057	43.9	880	480	8	3	880	2	869	4.83e-244	706
WP_062594733.1	iSDY_1059.SDY_2325	43.9	880	480	8	3	880	2	869	1.93e-243	704
WP_062594733.1	iSF_1195.SF0929	44.0	880	480	8	3	880	2	870	7.99e-243	702
WP_062594734.1	iML1515.b3943	24.2	302	186	12	7	292	8	282	9.19e-04	40.0
WP_062594735.1	iSSON_1240.SSON_0604	21.3	263	141	6	158	417	141	340	1.41e-05	47.0
WP_062594735.1	iML1515.b0650	22.4	263	138	6	158	417	141	340	4.28e-05	45.4
WP_062594735.1	STM_v1_0.STM0659	22.6	270	127	9	158	416	141	339	4.29e-05	45.4
WP_062594735.1	iSbBS512_1146.SbBS512_E0599	20.9	263	142	6	158	417	141	340	7.48e-05	44.7
WP_062594738.1	iML1515.b2302	52.5	198	92	2	5	200	2	199	1.24e-70	214
WP_062594739.1	STM_v1_0.STM2009	50.6	484	219	9	27	499	10	484	1.05e-144	423
WP_062594739.1	iML1515.b1982	49.9	485	221	10	27	499	10	484	2.74e-142	417
WP_062594739.1	iSF_1195.SF2053	50.0	486	219	10	27	499	10	484	2.74e-142	417
WP_062594739.1	iYL1228.KPN_02445	49.6	484	224	10	27	499	10	484	7.76e-142	416
WP_062594739.1	iSSON_1240.SSON_2047	49.7	485	222	10	27	499	10	484	3.11e-141	414
WP_062594739.1	iSDY_1059.SDY_2253	49.6	486	221	10	27	499	10	484	1.25e-140	413
WP_062594739.1	iJN1463.PP_4779	48.9	485	232	8	25	499	9	487	4.60e-136	401
WP_062594739.1	iPC815.YPO2288	46.7	495	230	10	28	492	13	503	1.72e-131	392
WP_062594740.1	iYS854.USA300HOU_RS10305	37.2	121	66	4	42	160	44	156	5.72e-12	65.1
WP_062594741.1	STM_v1_0.STM1375	35.8	162	91	3	43	203	84	233	1.00e-21	90.5
WP_062594741.1	iML1515.b1990	38.1	139	78	3	68	203	98	231	1.45e-21	89.7
WP_062594741.1	iML1515.b1678	35.8	162	91	3	43	203	84	233	5.16e-21	88.6
WP_062594743.1	iYO844.BSU22620	28.4	348	239	4	24	368	20	360	4.60e-35	131
WP_062594743.1	iYS854.USA300HOU_RS03910	32.5	274	180	4	37	309	32	301	3.94e-35	131
WP_062594743.1	iEK1008.Rv3772	34.1	349	204	7	5	342	3	336	1.08e-34	130
WP_062594743.1	iCN900.CD630_22000	27.3	355	241	6	18	368	17	358	4.84e-31	120
WP_062594747.1	iSSON_1240.SSON_2823	44.6	271	149	1	14	284	60	329	1.42e-67	214
WP_062594747.1	iML1515.b2678	44.6	271	149	1	14	284	60	329	2.00e-67	213
WP_062594747.1	iSbBS512_1146.SbBS512_E3201	44.6	271	149	1	14	284	60	329	2.00e-67	213
WP_062594747.1	iSF_1195.SF2706	44.3	271	150	1	14	284	60	329	7.95e-67	212
WP_062594747.1	iPC815.YPO2646	47.4	249	121	3	37	284	122	361	2.00e-66	212
WP_062594747.1	STM_v1_0.STM2810	51.6	215	103	1	70	284	116	329	9.90e-65	206
WP_062594747.1	iYL1228.KPN_03009	51.6	215	103	1	70	284	117	330	2.86e-64	205
WP_062594747.1	iYO844.BSU02990	44.5	263	145	1	18	280	9	270	7.07e-65	204
WP_062594747.1	iNF517.LLMG_RS05330	48.5	227	116	1	55	280	48	274	9.59e-60	199
WP_062594747.1	iAF692.Mbar_A2377	42.7	274	149	3	13	285	8	274	7.07e-63	199
WP_062594750.1	iJN1463.PP_0310	41.5	691	389	9	1	682	1	685	2.00e-174	513
WP_062594754.1	iCHOv1.100761937	29.2	65	46	0	68	132	119	183	1.69e-04	42.4
WP_062594755.1	iPC815.YPO0452	40.8	152	84	3	558	708	492	638	1.35e-21	99.4
WP_062594755.1	iJN1463.PP_2130	37.7	154	90	1	548	701	501	648	5.73e-21	97.4
WP_062594755.1	iYL1228.KPN_04847	42.5	146	78	4	558	702	506	646	2.14e-19	92.4
WP_062594755.1	iML1515.b4392	40.1	152	85	4	558	708	498	644	3.68e-19	91.7
WP_062594755.1	iSbBS512_1146.SbBS512_E4940	40.1	152	85	4	558	708	498	644	3.68e-19	91.7
WP_062594755.1	iSDY_1059.SDY_4653	40.1	152	85	4	558	708	507	653	3.75e-19	91.7
WP_062594755.1	iSF_1195.SF4424	40.1	152	85	4	558	708	507	653	3.75e-19	91.7
WP_062594755.1	iSSON_1240.SSON_4542	40.1	152	85	4	558	708	507	653	3.75e-19	91.7
WP_062594756.1	iYL1228.KPN_02812	46.1	293	157	1	1	293	1	292	1.46e-77	237
WP_062594756.1	STM_v1_0.STM2489	45.1	293	160	1	1	293	1	292	1.89e-75	232
WP_062594756.1	iSbBS512_1146.SbBS512_E2850	44.4	293	162	1	1	293	1	292	5.36e-75	231
WP_062594756.1	iSSON_1240.SSON_2559	44.4	293	162	1	1	293	1	292	5.36e-75	231
WP_062594756.1	iML1515.b2478	44.0	293	163	1	1	293	1	292	1.52e-74	229
WP_062594756.1	iSDY_1059.SDY_2667	44.0	293	163	1	1	293	1	292	1.52e-74	229
WP_062594756.1	iSF_1195.SF2521	44.0	293	163	1	1	293	1	292	1.52e-74	229
WP_062594756.1	iAF987.Gmet_0211	46.5	271	143	2	1	271	1	269	1.30e-72	224
WP_062594756.1	iJN1463.PP_1237	44.3	296	160	3	1	293	1	294	3.03e-72	224
WP_062594756.1	iPC815.YPO3062	44.2	294	162	2	1	293	1	293	2.85e-72	224
WP_062594756.1	iCN718.ABAYE_RS00850	41.9	291	167	2	3	293	9	297	8.26e-70	218
WP_062594756.1	iAF692.Mbar_A1150	42.8	285	159	3	1	284	1	282	2.76e-69	216
WP_062594759.1	iAF987.Gmet_2325	37.6	745	428	11	1	739	1	714	5.17e-163	487
WP_062594759.1	iJN1463.PP_5302	36.3	736	424	6	7	739	7	700	1.25e-153	462
WP_062594759.1	iCN900.CD630_27440	36.8	745	441	10	6	739	8	733	8.11e-151	456
WP_062594759.1	iNF517.LLMG_RS00605	35.4	741	457	10	6	738	11	737	1.46e-149	453
WP_062594759.1	iPC815.YPO0038	35.8	730	426	6	11	738	11	699	4.79e-150	453
WP_062594759.1	iYL1228.KPN_03998	35.4	734	435	5	7	738	7	703	1.31e-147	447
WP_062594759.1	iML1515.b3650	35.7	734	429	7	7	738	7	699	1.64e-147	447
WP_062594759.1	iSbBS512_1146.SbBS512_E4101	35.7	734	429	7	7	738	7	699	1.64e-147	447
WP_062594759.1	iSF_1195.SF3690	35.7	734	429	7	7	738	7	699	1.64e-147	447
WP_062594759.1	iSSON_1240.SSON_3755	35.7	734	429	7	7	738	7	699	1.64e-147	447
WP_062594759.1	iHN637.CLJU_RS16615	35.0	739	452	10	7	738	5	722	2.52e-146	444
WP_062594759.1	STM_v1_0.STM3742	35.7	734	430	7	7	738	7	700	1.33e-146	444
WP_062594759.1	iSDY_1059.SDY_4082	35.6	734	430	7	7	738	7	699	3.61e-146	443
WP_062594760.1	STM_v1_0.STM2577	41.4	128	71	2	2	129	3	126	2.89e-19	77.4
WP_062594760.1	iYL1228.KPN_02888	39.1	128	74	1	2	129	3	126	6.44e-18	73.9
WP_062594760.1	iML1515.b2563	39.8	128	73	2	2	129	3	126	1.81e-17	72.8
WP_062594760.1	iSbBS512_1146.SbBS512_E2928	40.6	128	72	2	2	129	3	126	1.81e-17	72.8
WP_062594760.1	iSF_1195.SF2625	40.6	128	72	2	2	129	3	126	1.81e-17	72.8
WP_062594760.1	iSSON_1240.SSON_2687	40.6	128	72	2	2	129	3	126	1.81e-17	72.8
WP_062594760.1	iSDY_1059.SDY_2804	39.8	128	73	2	2	129	3	126	3.60e-17	72.0
WP_062594760.1	iAF987.Gmet_1884	36.7	128	77	1	1	128	1	124	1.43e-16	70.5
WP_062594760.1	iPC815.YPO2929	40.6	128	72	3	2	129	3	126	2.83e-16	69.7
WP_062594764.1	iHN637.CLJU_RS10465	40.0	75	42	2	653	726	475	547	2.73e-08	57.0
WP_062594765.1	iAF987.Gmet_2329	53.8	327	150	1	1	327	1	326	5.05e-114	333
WP_062594765.1	iAF987.Gmet_1486	52.6	329	154	2	1	329	1	327	6.18e-111	325
WP_062594765.1	iSynCJ816.SGL_RS03640	49.4	326	163	2	3	328	9	332	2.24e-103	306
WP_062594766.1	iSbBS512_1146.SbBS512_E1203	68.8	388	120	1	1	387	1	388	2.03e-193	539
WP_062594766.1	iYL1228.KPN_02493	67.0	388	127	1	1	387	1	388	7.41e-189	527
WP_062594766.1	STM_v1_0.STM2080	66.2	388	130	1	1	387	1	388	6.65e-185	517
WP_062594766.1	iSSON_1240.SSON_2099	65.5	388	133	1	1	387	1	388	1.04e-181	509
WP_062594766.1	iML1515.b2028	65.5	388	133	1	1	387	1	388	2.09e-181	508
WP_062594766.1	iSDY_1059.SDY_2213	64.9	388	135	1	1	387	1	388	9.81e-180	504
WP_062594773.1	iCN900.CD630_15950	36.2	174	100	5	8	177	2	168	4.25e-24	94.0
WP_062594773.1	iLJ478.TM0666	36.0	172	103	4	8	177	19	185	2.80e-23	92.4
WP_062594773.1	iHN637.CLJU_RS19350	35.4	175	102	5	7	177	4	171	3.79e-21	86.3
WP_062594778.1	iHN637.CLJU_RS19350	38.0	108	64	1	65	169	65	172	1.75e-18	78.6
WP_062594778.1	iNF517.LLMG_RS10205	32.2	174	105	6	3	170	8	174	1.82e-18	78.6
WP_062594778.1	iCN900.CD630_15950	30.5	151	98	3	24	170	23	170	3.36e-18	77.8
WP_062594778.1	iLJ478.TM0666	31.5	149	97	2	24	169	40	186	7.32e-18	77.4
WP_062594778.1	iEK1008.Rv2335	32.9	146	93	2	31	173	30	173	1.66e-17	76.6
WP_062594778.1	iJN1463.PP_0840	35.9	142	84	3	31	168	30	168	9.89e-17	75.1
WP_062594778.1	iAF692.Mbar_A2421	34.7	144	81	4	31	167	28	165	8.59e-16	73.2
WP_062594778.1	iCN718.ABAYE_RS11130	30.7	163	105	3	7	166	9	166	7.90e-16	72.8
WP_062594778.1	iAF987.Gmet_0870	34.2	149	85	4	27	168	26	168	8.30e-16	72.0
WP_062594778.1	iSDY_1059.SDY_4040	36.8	133	65	4	60	175	119	249	4.08e-15	70.9
WP_062594778.1	iPC815.YPO0070	37.6	133	64	4	60	175	119	249	4.08e-15	70.9
WP_062594780.1	iJN1463.PP_1801	30.0	270	178	4	101	359	104	373	7.64e-21	92.4
WP_062594780.1	STM_v1_0.STM2086	32.1	234	135	6	98	323	99	316	1.73e-19	88.2
WP_062594781.1	STM_v1_0.STM3714	33.9	127	68	5	230	341	198	323	8.80e-10	59.7
WP_062594781.1	iEK1008.Rv0486	25.6	383	210	21	20	362	66	413	8.06e-09	57.0
WP_062594781.1	iAF692.Mbar_A3140	25.4	173	112	5	230	396	181	342	4.24e-08	54.7
WP_062594782.1	STM_v1_0.STM2232	27.7	166	99	7	4	164	4	153	3.89e-06	48.5
WP_062594783.1	iYS854.USA300HOU_RS13930	24.3	317	208	12	50	337	47	360	5.48e-05	44.7
WP_062594783.1	STM_v1_0.STM2232	26.2	267	159	12	50	293	36	287	2.23e-04	42.7
WP_062594790.1	iYO844.BSU35590	36.2	130	74	5	230	359	223	343	1.31e-10	62.4
WP_062594790.1	iLB1027_lipid.PHATRDRAFT_50356	27.8	162	107	4	219	380	267	418	1.73e-10	62.4
WP_062594791.1	iAF987.Gmet_2330	51.7	331	159	1	4	334	5	334	2.02e-114	334
WP_062594791.1	iYL1228.KPN_02492	49.9	335	164	3	1	334	1	332	2.50e-112	329
WP_062594791.1	iSbBS512_1146.SbBS512_E1204	50.0	334	165	2	1	334	1	332	2.50e-112	329
WP_062594801.1	iCHOv1.100768407	21.9	310	212	11	9	293	6	310	3.20e-07	52.0
WP_062594802.1	iAF987.Gmet_3544	44.3	291	159	2	67	355	10	299	1.81e-79	245
WP_062594802.1	iAF692.Mbar_A1865	39.7	300	178	2	61	358	4	302	9.29e-74	230
WP_062594802.1	iEK1008.Rv1594	45.3	311	152	6	63	357	34	342	3.55e-73	230
WP_062594802.1	iHN637.CLJU_RS12020	41.2	296	169	4	67	358	10	304	2.08e-72	227
WP_062594803.1	iAF987.Gmet_1988	44.9	283	141	2	13	295	4	271	1.01e-70	219
WP_062594803.1	iSynCJ816.SGL_RS11305	42.1	297	156	5	1	297	12	292	1.64e-65	207
WP_062594803.1	iEK1008.Rv1596	45.6	285	137	4	17	297	15	285	4.35e-63	200
WP_062594803.1	iJN1463.PP_0787	44.5	299	142	5	8	299	1	282	5.63e-63	200
WP_062594804.1	iAF692.Mbar_A2345	41.9	155	80	6	27	174	25	176	1.89e-26	98.6
WP_062594805.1	iML1515.b2924	31.1	241	165	1	21	261	22	261	2.29e-31	117
WP_062594808.1	iML1515.b2361	31.4	105	63	3	25	129	21	116	1.24e-10	57.8
WP_062594811.1	iPC815.YPO2167	40.3	62	36	1	20	80	6	67	3.50e-08	48.9
WP_062594811.1	STM_v1_0.STM1301	28.8	118	75	3	20	136	9	118	3.01e-07	46.6
WP_062594811.1	iEK1008.Rv0413	32.3	93	61	1	43	135	65	155	9.46e-07	46.2
WP_062594811.1	iYL1228.KPN_01211	46.3	54	24	2	20	70	11	62	8.05e-07	45.4
WP_062594811.1	iAF987.Gmet_0048	48.9	47	23	1	26	71	49	95	3.28e-06	44.3
WP_062594813.1	iAF987.Gmet_0057	43.8	512	227	13	6	484	2	485	1.57e-115	348
WP_062594813.1	iSSON_1240.SSON_0492	41.7	489	245	11	7	484	2	461	2.40e-111	337
WP_062594813.1	iSbBS512_1146.SbBS512_E0448	41.5	489	246	11	7	484	2	461	6.76e-111	335
WP_062594813.1	iYL1228.KPN_00482	42.1	494	236	13	7	484	2	461	3.81e-110	333
WP_062594813.1	iSF_1195.SF0457	41.5	489	246	11	7	484	2	461	3.81e-110	333
WP_062594813.1	iPC815.YPO3073	41.5	489	246	11	7	484	2	461	1.52e-109	332
WP_062594813.1	iSDY_1059.SDY_0278	41.1	489	248	11	7	484	2	461	6.04e-109	330
WP_062594813.1	STM_v1_0.STM0537	41.0	485	254	10	7	484	2	461	3.39e-108	328
WP_062594813.1	iCN900.CD630_00520	38.4	489	260	7	7	478	1	465	3.41e-106	323
WP_062594813.1	iJN1463.PP_2905	41.1	489	244	11	7	483	2	458	1.64e-105	322
WP_062594813.1	iYS854.USA300HOU_RS02790	40.9	474	249	10	7	468	2	456	1.56e-104	319
WP_062594816.1	iEK1008.Rv3617	30.3	119	76	2	39	153	21	136	1.89e-06	48.5
WP_062594817.1	iAF987.Gmet_1879	48.0	533	255	8	6	530	4	522	1.16e-154	452
WP_062594817.1	iSynCJ816.SGL_RS11140	45.6	535	274	6	2	525	4	532	5.57e-152	446
WP_062594817.1	iLJ478.TM0552	45.7	543	262	8	6	530	3	530	5.71e-144	425
WP_062594819.1	iYO844.BSU07840	48.3	635	303	10	41	668	35	651	1.36e-195	591
WP_062594819.1	iYL1228.KPN_04607	48.5	643	307	12	41	670	14	645	6.54e-198	572
WP_062594819.1	STM_v1_0.STM4403	50.3	610	281	11	41	639	14	612	1.20e-195	566
WP_062594819.1	iPC815.YPO3530	47.7	650	316	12	34	670	15	653	5.21e-194	562
WP_062594819.1	iML1515.b4213	47.3	643	315	12	41	670	14	645	2.59e-189	550
WP_062594819.1	iSF_1195.SF4273	47.4	643	314	12	41	670	14	645	7.35e-189	548
WP_062594819.1	iSSON_1240.SSON_4398	47.3	643	315	12	41	670	14	645	1.04e-188	548
WP_062594819.1	iSDY_1059.SDY_4383	47.0	643	317	12	41	670	16	647	1.15e-185	540
WP_062594822.1	STM_v1_0.STM0984	35.8	491	302	8	111	595	92	575	1.01e-81	268
WP_062594822.1	iML1515.b0914	35.2	489	308	7	111	595	92	575	1.97e-81	267
WP_062594822.1	iSbBS512_1146.SbBS512_E2410	35.2	489	308	7	111	595	92	575	1.97e-81	267
WP_062594822.1	iSDY_1059.SDY_2344	35.2	489	308	7	111	595	92	575	1.97e-81	267
WP_062594822.1	iSF_1195.SF0910	35.2	489	308	7	111	595	92	575	1.97e-81	267
WP_062594822.1	iSSON_1240.SSON_0916	35.2	489	308	7	111	595	92	575	2.75e-81	267
WP_062594822.1	iPC815.YPO1395	35.2	492	304	8	111	595	92	575	2.14e-79	262
WP_062594822.1	iYL1228.KPN_00941	38.8	384	229	4	215	595	195	575	1.14e-78	260
WP_062594822.1	iAF987.Gmet_2349	42.6	324	183	3	277	599	248	569	3.73e-75	250
WP_062594822.1	iJN1463.PP_4935	36.0	467	274	10	136	595	140	588	1.05e-74	250
WP_062594822.1	iMM1415.18670	39.6	412	218	10	223	617	249	646	1.03e-69	245
WP_062594822.1	iCHOv1.100682535	40.0	408	214	10	223	613	252	645	1.41e-69	245
WP_062594823.1	iML1515.b3626	28.4	268	162	7	6	249	34	295	3.22e-26	105
WP_062594823.1	STM_v1_0.STM3717	26.9	275	171	7	6	256	32	300	7.42e-23	95.9
WP_062594823.1	iSbBS512_1146.SbBS512_E4054	25.7	265	178	5	6	252	36	299	1.05e-22	95.5
WP_062594823.1	iSDY_1059.SDY_4059	25.4	268	175	5	6	252	36	299	1.05e-22	95.5
WP_062594824.1	iEK1008.Rv0437c	46.3	218	115	2	3	219	13	229	2.37e-61	191
WP_062594824.1	iAF987.Gmet_1263	47.2	218	104	4	7	217	1	214	1.46e-59	186
WP_062594825.1	iEK1008.Rv0436c	36.8	247	144	5	32	272	15	255	3.74e-42	145
WP_062594827.1	iLJ478.TM1724	32.3	195	122	4	6	196	3	191	5.38e-21	88.2
WP_062594827.1	iAF987.Gmet_1601	31.6	196	132	2	4	199	1	194	5.39e-20	85.5
WP_062594827.1	iYO844.BSU32000	32.2	199	129	3	1	197	1	195	1.30e-18	82.0
WP_062594827.1	iYL1228.KPN_02546	34.5	194	118	6	5	196	4	190	9.62e-19	82.0
WP_062594827.1	iEK1008.Rv1928c	33.2	193	124	4	1	190	4	194	2.28e-18	81.3
WP_062594827.1	iJN1463.PP_2794	31.5	200	130	4	6	204	11	204	6.04e-18	80.1
WP_062594831.1	iSF_1195.SF1179	34.2	365	210	11	13	369	8	350	1.16e-42	152
WP_062594831.1	iSSON_1240.SSON_1182	34.0	362	209	11	13	366	8	347	6.17e-42	150
WP_062594831.1	iML1515.b1190	33.7	365	212	11	13	369	8	350	1.20e-41	149
WP_062594831.1	iPC815.YPO0321	33.8	367	221	8	14	375	8	357	1.79e-41	149
WP_062594831.1	STM_v1_0.STM1802	32.9	365	215	10	13	369	8	350	9.09e-40	144
WP_062594831.1	STM_v1_0.STM4247	33.1	375	226	9	9	376	3	359	2.62e-39	143
WP_062594831.1	iYL1228.KPN_02308	32.4	364	218	9	13	369	8	350	3.43e-39	142
WP_062594831.1	iJN1463.PP_5269	33.1	372	221	10	11	375	5	355	9.46e-39	141
WP_062594831.1	iYL1228.KPN_04440	32.8	375	227	9	9	376	3	359	1.37e-38	141
WP_062594831.1	iEK1008.Rv3423c	34.8	388	209	14	14	378	40	406	9.40e-38	140
WP_062594831.1	iML1515.b4053	31.8	377	228	10	9	376	3	359	7.18e-38	139
WP_062594831.1	iSF_1195.SF4152	31.8	377	228	10	9	376	3	359	7.18e-38	139
WP_062594831.1	iSSON_1240.SSON_4233	31.8	377	228	10	9	376	3	359	7.18e-38	139
WP_062594831.1	iSbBS512_1146.SbBS512_E4542	31.8	377	228	10	9	376	3	359	9.99e-38	139
WP_062594833.1	iAF692.Mbar_A2616	29.0	183	123	4	2	181	9	187	3.08e-15	73.2
WP_062594837.1	iML1515.b3241	25.1	331	174	10	3	325	7	271	1.85e-11	63.9
WP_062594840.1	iCN718.ABAYE_RS12975	47.9	349	177	4	1	346	1	347	2.64e-103	307
WP_062594841.1	iAF987.Gmet_1600	48.0	306	154	2	4	308	5	306	1.57e-80	246
WP_062594841.1	iYO844.BSU15900	46.3	311	162	2	3	312	4	310	5.87e-80	245
WP_062594841.1	iML1515.b1092	46.9	307	160	1	3	309	4	307	9.47e-77	236
WP_062594841.1	iYL1228.KPN_01090	46.9	307	160	1	3	309	4	307	9.47e-77	236
WP_062594841.1	iSbBS512_1146.SbBS512_E2232	46.9	307	160	1	3	309	4	307	9.47e-77	236
WP_062594841.1	iSSON_1240.SSON_1112	46.3	307	162	1	3	309	4	307	8.58e-75	231
WP_062594841.1	iSDY_1059.SDY_2058	46.3	307	162	1	3	309	4	307	1.21e-74	231
WP_062594841.1	STM_v1_0.STM1194	45.9	307	163	1	3	309	4	307	2.43e-74	230
WP_062594841.1	iSF_1195.SF1096	46.3	307	162	1	3	309	4	307	4.85e-74	229
WP_062594842.1	iJN1463.PP_1916	53.9	419	183	5	2	419	4	413	1.12e-149	430
WP_062594842.1	iYO844.BSU11340	53.8	418	182	4	2	418	4	411	4.07e-147	424
WP_062594842.1	iAF987.Gmet_1603	52.4	418	189	4	1	417	1	409	2.10e-146	422
WP_062594842.1	iCHOv1.100769182	53.6	418	187	4	2	415	42	456	4.40e-145	420
WP_062594842.1	iYL1228.KPN_01093	51.9	418	190	5	2	417	4	412	7.57e-140	405
WP_062594842.1	STM_v1_0.STM1197	51.9	418	190	5	2	417	4	412	3.05e-139	404
WP_062594842.1	iML1515.b1095	51.2	418	193	5	2	417	4	412	2.47e-138	401
WP_062594842.1	iSF_1195.SF1099	51.2	418	193	5	2	417	4	412	2.47e-138	401
WP_062594842.1	iSDY_1059.SDY_2055	51.2	418	193	5	2	417	4	412	3.50e-138	401
WP_062594842.1	iSSON_1240.SSON_1115	51.2	418	193	5	2	417	4	412	3.50e-138	401
WP_062594842.1	iSbBS512_1146.SbBS512_E2229	51.0	418	194	5	2	417	4	412	8.06e-137	397
WP_062594842.1	iPC815.YPO1601	51.1	419	192	7	2	417	4	412	9.24e-136	395
WP_062594842.1	iCN900.CD630_11840	49.2	419	201	5	2	418	3	411	4.12e-134	390
WP_062594842.1	iJN1463.PP_3303	48.8	420	211	4	2	418	15	433	7.61e-133	388
WP_062594843.1	iML1515.b1097	38.3	295	164	3	92	372	42	332	2.17e-60	198
WP_062594845.1	iML1515.b3648	49.5	192	94	2	16	205	3	193	3.19e-61	190
WP_062594845.1	iSbBS512_1146.SbBS512_E4099	49.5	192	94	2	16	205	3	193	3.19e-61	190
WP_062594845.1	iSF_1195.SF3688	49.5	192	94	2	16	205	3	193	3.19e-61	190
WP_062594845.1	iSSON_1240.SSON_3757	49.5	192	94	2	16	205	3	193	3.19e-61	190
WP_062594845.1	STM_v1_0.STM3740	49.0	192	95	2	16	205	3	193	3.65e-60	187
WP_062594845.1	iSDY_1059.SDY_4080	49.0	192	95	2	16	205	3	193	3.65e-60	187
WP_062594845.1	iYL1228.KPN_03996	49.0	192	95	2	16	205	3	193	5.17e-60	187
WP_062594845.1	iPC815.YPO0040	46.4	192	100	2	16	205	3	193	7.12e-55	174
WP_062594846.1	iAM_Pb448.PBANKA_146280	31.9	238	143	7	47	279	223	446	1.45e-20	90.5
WP_062594846.1	iAM_Pc455.PCYB_147430	29.3	249	159	7	38	279	81	319	8.18e-21	90.1
WP_062594846.1	iAM_Pv461.PVX_101390	29.2	233	151	7	51	279	276	498	2.58e-19	87.0
WP_062594846.1	iAM_Pv461.PVX_085660	29.1	220	140	5	23	240	82	287	3.95e-18	83.2
WP_062594847.1	iAF987.Gmet_3404	43.0	337	179	5	5	339	4	329	1.97e-70	223
WP_062594847.1	iJN1463.PP_0402	45.0	307	159	3	10	314	7	305	1.27e-65	210
WP_062594849.1	iSSON_1240.SSON_0062	22.1	734	493	23	69	763	68	761	3.80e-18	89.0
WP_062594849.1	iML1515.b0054	22.1	734	493	23	69	763	68	761	5.01e-18	88.6
WP_062594849.1	iSDY_1059.SDY_0079	21.7	736	493	23	69	763	68	761	1.15e-17	87.4
WP_062594849.1	iSbBS512_1146.SbBS512_E0048	22.3	736	489	25	69	763	68	761	1.99e-17	86.7
WP_062594849.1	iSF_1195.SF0051	26.5	279	158	9	69	330	68	316	7.90e-17	84.7
WP_062594850.1	iAF987.Gmet_1248	26.9	294	204	5	57	343	56	345	3.93e-17	81.3
WP_062594851.1	iJN1463.PP_0980	42.7	459	246	8	40	489	41	491	1.22e-105	323
WP_062594851.1	iCN718.ABAYE_RS17615	49.6	345	162	6	124	464	117	453	1.43e-96	300
WP_062594851.1	iPC815.YPO3441	40.6	466	248	9	40	489	41	493	1.45e-95	298
WP_062594851.1	iSF_1195.SF4229	40.5	440	227	9	69	489	70	493	6.31e-94	293
WP_062594851.1	iSDY_1059.SDY_4284	40.5	440	227	9	69	489	70	493	1.76e-93	292
WP_062594851.1	iML1515.b4260	40.5	440	227	9	69	489	70	493	2.48e-93	292
WP_062594851.1	iSSON_1240.SSON_4445	40.5	440	227	9	69	489	70	493	2.48e-93	292
WP_062594854.1	iAF692.Mbar_A1138	23.0	187	123	5	4	180	2	177	3.84e-07	50.4
WP_062594854.1	STM_v1_0.STM4433	24.8	153	103	4	1	143	1	151	9.99e-07	49.3
WP_062594854.1	iAF987.Gmet_2352	27.2	136	88	3	4	132	5	136	2.18e-06	48.1
WP_062594857.1	iSDY_1059.SDY_1145	31.5	197	126	5	310	501	4	196	1.24e-21	94.4
WP_062594857.1	iML1515.b1858	31.5	197	126	5	310	501	4	196	1.68e-21	94.0
WP_062594857.1	iSSON_1240.SSON_1283	31.5	197	126	5	310	501	4	196	1.68e-21	94.0
WP_062594857.1	iPC815.YPO2060	33.2	196	122	6	310	500	4	195	1.72e-21	94.0
WP_062594857.1	iYL1228.KPN_02373	32.7	196	123	5	310	500	4	195	2.24e-21	93.6
WP_062594857.1	iSF_1195.SF1867	31.5	197	126	5	310	501	4	196	4.20e-21	92.8
WP_062594857.1	iCN900.CD630_04310	27.3	400	213	13	146	522	143	487	1.26e-19	92.0
WP_062594857.1	iSbBS512_1146.SbBS512_E0954	31.0	197	127	5	310	501	4	196	7.71e-21	92.0
WP_062594857.1	iJN1463.PP_0118	31.6	196	125	6	310	500	5	196	2.15e-20	90.9
WP_062594857.1	iSynCJ816.SGL_RS14425	29.5	224	141	7	304	513	44	264	3.19e-18	85.1
WP_062594858.1	iML1515.b1025	28.6	133	91	3	215	345	311	441	1.39e-10	62.0
WP_062594858.1	iAF987.Gmet_2425	24.5	257	167	5	89	344	114	344	1.40e-10	61.6
WP_062594858.1	iAF987.Gmet_0773	29.0	131	92	1	214	344	187	316	6.82e-10	59.3
WP_062594858.1	iPC815.YPO0425	29.9	127	88	1	218	344	251	376	2.14e-09	58.2
WP_062594859.1	iEK1008.Rv0294	39.0	59	36	0	112	170	14	72	9.75e-05	42.4
WP_062594862.1	iJN1463.PP_0849	61.6	138	53	0	1	138	1	138	3.63e-56	171
WP_062594862.1	iAF987.Gmet_2686	58.4	137	57	0	3	139	1	137	1.06e-54	167
WP_062594862.1	iCN718.ABAYE_RS16260	57.2	138	59	0	1	138	1	138	8.13e-51	158
WP_062594862.1	iPC815.YPO2883	57.2	138	59	0	1	138	1	138	1.84e-49	154
WP_062594865.1	iJN1463.PP_4866	26.0	296	206	5	4	293	6	294	1.19e-26	105
WP_062594865.1	iPC815.YPO3807	27.2	298	207	5	1	293	6	298	6.58e-26	103
WP_062594865.1	iYL1228.KPN_03819	25.4	303	214	6	1	296	6	303	3.30e-24	99.4
WP_062594865.1	STM_v1_0.STM3563	26.1	303	212	6	1	296	6	303	4.56e-24	99.0
WP_062594865.1	iML1515.b3457	25.7	303	213	6	1	296	6	303	1.21e-23	97.8
WP_062594865.1	iSbBS512_1146.SbBS512_E3865	25.7	303	213	6	1	296	6	303	1.21e-23	97.8
WP_062594865.1	iSSON_1240.SSON_3695	25.7	303	213	6	1	296	6	303	1.21e-23	97.8
WP_062594866.1	iJN1463.PP_1294	46.0	150	77	2	4	151	1	148	2.04e-38	127
WP_062594866.1	iSbBS512_1146.SbBS512_E2567	45.1	153	79	3	1	151	1	150	1.85e-34	117
WP_062594866.1	iML1515.b0785	44.4	153	80	3	1	151	1	150	5.26e-34	116
WP_062594866.1	iSSON_1240.SSON_0764	44.4	153	80	3	1	151	1	150	7.44e-34	115
WP_062594866.1	iSDY_1059.SDY_0821	44.4	153	80	3	1	151	1	150	1.49e-33	115
WP_062594867.1	iSDY_1059.SDY_0822	33.7	83	52	2	4	86	2	81	7.41e-08	45.1
WP_062594867.1	iSF_1195.SF0734	33.7	83	52	2	4	86	2	81	7.41e-08	45.1
WP_062594867.1	iSSON_1240.SSON_0763	33.7	83	52	2	4	86	2	81	7.41e-08	45.1
WP_062594867.1	iML1515.b0784	32.5	83	53	2	4	86	2	81	1.48e-07	44.3
WP_062594867.1	iSbBS512_1146.SbBS512_E2568	32.5	83	53	2	4	86	2	81	1.48e-07	44.3
WP_062594867.1	iJN1463.PP_1293	36.7	90	45	4	1	86	1	82	1.20e-06	42.0
WP_062594870.1	iSynCJ816.SGL_RS07840	33.3	243	154	3	12	248	6	246	4.11e-29	110
WP_062594874.1	iAF987.Gmet_3476	35.8	137	86	2	7	141	12	148	1.37e-12	68.9
WP_062594874.1	iAF987.Gmet_1919	28.1	171	117	1	6	170	4	174	3.93e-12	67.0
WP_062594874.1	iAF987.Gmet_1914	29.9	127	89	0	7	133	4	130	1.03e-10	63.2
WP_062594875.1	iJN1463.PP_1418	25.9	316	211	12	19	321	18	323	2.53e-06	48.1
WP_062594877.1	STM_v1_0.STM2788	42.9	485	275	1	1	483	1	485	8.32e-122	365
WP_062594882.1	iYO844.BSU18570	33.8	705	423	12	22	715	8	679	3.86e-120	375
WP_062594883.1	iSDY_1059.SDY_2650	55.3	188	81	2	6	192	2	187	6.18e-63	193
WP_062594883.1	iSF_1195.SF2509	55.3	188	81	2	6	192	2	187	8.76e-63	192
WP_062594883.1	iSbBS512_1146.SbBS512_E2835	56.0	184	78	2	6	188	2	183	1.24e-62	192
WP_062594883.1	iSSON_1240.SSON_2547	56.0	184	78	2	6	188	2	183	1.24e-62	192
WP_062594883.1	iYL1228.KPN_02801	54.9	184	80	2	6	188	2	183	3.12e-62	191
WP_062594883.1	iML1515.b2467	55.4	184	79	2	6	188	2	183	5.02e-62	191
WP_062594883.1	STM_v1_0.STM2477	55.8	181	77	2	9	188	5	183	4.69e-60	186
WP_062594885.1	iCHOv1.100689446	58.8	347	137	4	8	352	434	776	2.45e-126	386
WP_062594885.1	iMM1415.14450	57.5	346	143	3	8	352	434	776	7.27e-125	382
WP_062594885.1	iAT_PLT_636.2618	57.4	345	143	3	9	352	435	776	1.09e-123	379
WP_062594885.1	iPC815.YPO2828	55.2	348	149	3	6	353	4	344	1.55e-130	377
WP_062594885.1	iLB1027_lipid.PHATRDRAFT_47067	55.5	353	146	7	9	358	892	1236	9.05e-119	371
WP_062594885.1	iMM904.YGL234W	56.1	358	149	4	2	355	443	796	2.68e-122	370
WP_062594885.1	iYL1228.KPN_02824	56.9	341	140	3	6	346	4	337	7.77e-128	370
WP_062594885.1	iSbBS512_1146.SbBS512_E2873	56.3	341	142	3	6	346	4	337	8.94e-127	367
WP_062594885.1	iSDY_1059.SDY_2688	56.3	341	142	3	6	346	4	337	8.94e-127	367
WP_062594885.1	iSF_1195.SF2543	56.3	341	142	3	6	346	9	342	1.06e-126	367
WP_062594885.1	iSSON_1240.SSON_2581	56.3	341	142	3	6	346	4	337	8.94e-127	367
WP_062594885.1	iML1515.b2499	56.3	341	142	3	6	346	4	337	1.27e-126	367
WP_062594885.1	iAF987.Gmet_1844	55.3	349	150	3	5	352	2	345	2.82e-126	366
WP_062594885.1	iJN1463.PP_1665	53.3	351	158	3	9	359	7	351	1.30e-120	352
WP_062594886.1	iSynCJ816.SGL_RS13900	29.2	325	204	10	31	347	54	360	2.41e-20	91.3
WP_062594888.1	iAF987.Gmet_0880	27.1	468	316	10	16	463	6	468	1.38e-27	115
WP_062594889.1	iAF987.Gmet_1357	43.0	588	325	6	5	589	10	590	8.47e-157	462
WP_062594889.1	iSynCJ816.SGL_RS08775	43.0	596	317	11	5	587	2	587	2.81e-156	461
WP_062594889.1	iLJ478.TM1441	43.1	589	316	10	5	589	3	576	1.21e-152	451
WP_062594889.1	iYS854.USA300HOU_RS08675	41.6	591	331	7	5	589	4	586	1.64e-149	443
WP_062594889.1	iCN900.CD630_27390	40.6	591	335	8	5	589	9	589	7.31e-147	436
WP_062594889.1	iJN1463.PP_1213	41.8	594	335	9	5	594	3	589	1.29e-146	436
WP_062594889.1	iCN718.ABAYE_RS03490	42.1	598	331	13	5	596	3	591	1.06e-145	433
WP_062594890.1	iYO844.BSU01580	61.3	473	183	0	6	478	6	478	8.40e-182	517
WP_062594896.1	iCHOv1.100769585	29.6	159	87	8	25	158	39	197	1.79e-05	43.9
WP_062594896.1	iMM1415.14711	28.9	159	88	8	25	158	39	197	4.40e-05	42.7
WP_062594896.1	iJN1463.PP_1765	29.8	114	69	5	32	138	40	149	3.00e-04	40.0
WP_062594897.1	iJN1463.PP_3322	54.5	308	136	1	16	319	18	325	3.10e-116	339
WP_062594897.1	iPC815.YPO3771	52.2	322	152	2	15	334	12	333	3.18e-115	337
WP_062594897.1	iAF987.Gmet_0189	50.5	321	156	2	16	336	7	324	2.35e-106	313
WP_062594897.1	iSynCJ816.SGL_RS09590	52.0	323	148	3	16	334	6	325	2.51e-106	313
WP_062594898.1	iPC815.YPO1207	56.2	479	206	2	1	478	2	477	1.61e-193	547
WP_062594898.1	iJN1463.PP_0481	56.3	474	201	4	7	478	5	474	2.54e-192	544
WP_062594898.1	iYO844.BSU08820	54.2	476	208	5	7	478	6	475	1.96e-180	514
WP_062594898.1	iYS854.USA300HOU_RS06785	53.5	473	212	4	12	478	13	483	8.33e-175	501
WP_062594898.1	iIT341.HP0875	52.6	483	213	6	8	480	9	485	1.92e-173	497
WP_062594901.1	iAF987.Gmet_0351	43.0	987	488	20	15	991	2	923	2.04e-251	731
WP_062594901.1	iCN718.ABAYE_RS19095	40.5	991	502	23	13	985	10	930	1.65e-226	667
WP_062594903.1	iML1515.b2842	34.9	241	153	3	17	256	14	251	7.67e-35	125
WP_062594903.1	iCN900.CD630_25770	32.6	239	159	1	16	254	6	242	1.89e-33	121
WP_062594903.1	iAF987.Gmet_1531	33.1	242	150	5	17	254	10	243	1.71e-31	116
WP_062594903.1	iAF987.Gmet_1694	34.3	245	150	7	16	256	8	245	2.18e-31	115
WP_062594911.1	iYL1228.KPN_00936	38.0	437	233	12	3	416	2	423	2.95e-68	222
WP_062594911.1	iPC815.YPO1390	36.8	424	231	11	16	416	15	424	1.94e-65	215
WP_062594911.1	STM_v1_0.STM0978	37.1	426	227	13	16	416	14	423	1.19e-62	207
WP_062594911.1	iSDY_1059.SDY_2353	37.0	424	230	12	16	416	14	423	3.06e-62	206
WP_062594911.1	iML1515.b0908	37.0	424	230	12	16	416	14	423	4.62e-62	206
WP_062594911.1	iSbBS512_1146.SbBS512_E2420	37.0	424	230	12	16	416	14	423	4.62e-62	206
WP_062594911.1	iSSON_1240.SSON_0909	37.0	424	230	12	16	416	14	423	4.62e-62	206
WP_062594911.1	iSF_1195.SF0903	36.8	424	231	12	16	416	14	423	1.28e-61	205
WP_062594913.1	iCN718.ABAYE_RS00870	37.4	147	89	2	1	147	9	152	3.28e-26	96.7
WP_062594914.1	iMM904.YDL178W	35.6	441	269	4	44	477	98	530	2.92e-91	287
WP_062594914.1	iMM904.YEL071W	36.1	441	267	4	44	477	64	496	1.56e-84	268
WP_062594916.1	iJN1463.PP_0316	42.4	363	195	4	18	375	14	367	1.78e-97	294
WP_062594919.1	iYO844.BSU29710	28.3	321	213	8	3	309	4	321	3.28e-32	122
WP_062594920.1	iCN900.CD630_01020	21.8	216	142	6	9	198	14	228	7.71e-05	42.0
WP_062594920.1	iYS854.USA300HOU_RS12025	24.0	121	81	2	86	196	108	227	1.04e-04	41.6
WP_062594924.1	iAF987.Gmet_3085	36.2	508	314	6	443	945	383	885	9.27e-89	303
WP_062594924.1	iAF987.Gmet_0782	37.6	444	270	5	505	945	287	726	2.87e-85	289
WP_062594924.1	iAF987.Gmet_0957	37.1	437	267	6	505	937	181	613	5.26e-85	286
WP_062594924.1	iAF987.Gmet_2629	34.0	476	308	5	475	948	341	812	1.91e-82	283
WP_062594924.1	iAF987.Gmet_0987	36.1	443	278	4	505	945	346	785	7.76e-82	281
WP_062594924.1	iAF987.Gmet_0700	34.5	476	305	5	474	946	349	820	6.30e-81	279
WP_062594924.1	iJN1463.PP_0914	37.3	440	268	5	508	945	251	684	3.56e-81	277
WP_062594930.1	iCHOv1.100767531	27.8	317	185	10	9	281	16	332	1.09e-23	98.2
WP_062594935.1	iYS854.USA300HOU_RS13675	42.6	237	126	5	29	263	16	244	2.91e-49	164
WP_062594947.1	iML1515.b2197	40.8	142	77	3	12	146	4	145	1.56e-25	95.1
WP_062594947.1	iSbBS512_1146.SbBS512_E0744	40.8	142	77	3	12	146	4	145	1.56e-25	95.1
WP_062594947.1	iSDY_1059.SDY_0881	40.8	142	77	3	12	146	4	145	1.56e-25	95.1
WP_062594947.1	iSF_1195.SF2281	40.8	142	77	3	12	146	4	145	1.56e-25	95.1
WP_062594947.1	iSSON_1240.SSON_2255	40.8	142	77	3	12	146	4	145	1.56e-25	95.1
WP_062594950.1	iJN1463.PP_4203	53.8	558	241	9	14	559	8	560	2.95e-202	575
WP_062594950.1	iCHOv1.100763190	51.7	561	250	10	14	559	63	617	2.09e-188	542
WP_062594950.1	iMM1415.66841	51.5	561	251	10	14	559	62	616	1.63e-187	540
WP_062594950.1	iAT_PLT_636.2110	51.0	561	254	10	14	559	63	617	3.39e-187	539
WP_062594950.1	iLB1027_lipid.PHATRDRAFT_42245	49.5	582	247	12	18	559	1	575	6.57e-182	524
WP_062594953.1	iML1515.b4173	28.5	123	84	3	36	154	200	322	3.03e-05	45.1
WP_062594953.1	iIT341.HP0687	28.0	125	81	3	36	157	6	124	1.10e-04	43.5
WP_062594956.1	iEK1008.Rv1595	41.4	500	267	14	16	502	11	497	2.70e-100	312
WP_062594956.1	iSynCJ816.SGL_RS17230	38.9	543	278	11	16	514	7	539	1.56e-99	311
WP_062594956.1	iYO844.BSU27870	37.9	515	299	9	17	522	6	508	1.89e-94	297
WP_062594956.1	iYL1228.KPN_02899	39.4	520	277	11	16	504	10	522	3.30e-94	296
WP_062594956.1	iPC815.YPO2710	39.1	530	289	13	3	503	9	533	7.69e-94	296
WP_062594956.1	iAF987.Gmet_1954	38.4	528	290	12	16	514	6	527	7.40e-94	295
WP_062594956.1	iML1515.b2574	39.3	522	273	12	16	503	10	521	1.71e-90	287
WP_062594956.1	iSDY_1059.SDY_2815	39.1	522	274	12	16	503	10	521	1.71e-90	287
WP_062594956.1	iJN1463.PP_1426	39.1	524	271	12	16	502	8	520	2.23e-89	284
WP_062594962.1	iML1515.b1093	52.0	244	117	0	2	245	1	244	6.01e-81	242
WP_062594962.1	iSbBS512_1146.SbBS512_E2231	52.0	244	117	0	2	245	1	244	6.01e-81	242
WP_062594962.1	iSDY_1059.SDY_2057	52.0	244	117	0	2	245	1	244	6.01e-81	242
WP_062594962.1	iSF_1195.SF1097	52.0	244	117	0	2	245	1	244	6.01e-81	242
WP_062594962.1	iSSON_1240.SSON_1113	52.0	244	117	0	2	245	1	244	6.01e-81	242
WP_062594962.1	iYL1228.KPN_01091	52.0	244	117	0	2	245	1	244	8.52e-81	242
WP_062594962.1	STM_v1_0.STM1195	51.2	244	119	0	2	245	1	244	3.21e-78	235
WP_062594962.1	iPC815.YPO1599	50.8	244	120	0	2	245	1	244	1.49e-76	231
WP_062594962.1	iCN900.CD630_11820	48.4	248	124	1	1	244	1	248	5.70e-75	227
WP_062594962.1	iAF987.Gmet_1601	49.6	246	121	1	2	244	1	246	2.96e-74	225
WP_062594962.1	iYS854.USA300HOU_RS06185	48.8	242	120	1	7	244	3	244	5.18e-72	219
WP_062594963.1	iSSON_1240.SSON_4446	20.5	342	236	6	3	329	2	322	1.29e-07	52.8
WP_062594963.1	iML1515.b4261	20.8	342	235	8	3	329	2	322	1.71e-07	52.4
WP_062594963.1	iSDY_1059.SDY_4285	20.8	342	235	8	3	329	2	322	1.71e-07	52.4
WP_062594963.1	iSF_1195.SF4228	20.8	342	235	8	3	329	2	322	1.71e-07	52.4
WP_062594966.1	iSynCJ816.SGL_RS15845	46.0	702	346	9	7	681	16	711	2.00e-187	549
WP_062594966.1	iEK1008.Rv2984	46.7	657	313	11	8	639	51	695	2.27e-178	526
WP_062594971.1	iYL1228.KPN_00131	25.1	463	259	19	79	465	76	526	6.88e-20	92.0
WP_062594971.1	iSSON_1240.SSON_0131	25.1	451	258	20	79	465	76	510	6.58e-19	89.0
WP_062594971.1	iML1515.b0123	25.1	451	258	20	79	465	76	510	8.77e-19	88.6
WP_062594971.1	iSbBS512_1146.SbBS512_E0116	25.1	451	258	20	79	465	89	523	9.13e-19	88.6
WP_062594971.1	STM_v1_0.STM0168	25.1	466	259	20	79	465	76	530	1.24e-18	88.2
WP_062594971.1	iSDY_1059.SDY_0030	25.1	451	258	20	79	465	76	510	2.08e-18	87.4
WP_062594971.1	iSF_1195.SF0119	24.8	451	259	20	79	465	76	510	6.57e-18	85.9
WP_062594981.1	iAF987.Gmet_1914	31.0	84	56	2	12	95	4	85	1.13e-08	51.6
WP_062594989.1	iLJ478.TM1724	37.9	243	147	3	4	244	3	243	4.87e-36	127
WP_062594989.1	iYO844.BSU03930	37.0	246	149	3	4	244	5	249	2.44e-32	118
WP_062594993.1	iLB1027_lipid.PHATRDRAFT_30690	22.4	295	154	11	2	255	45	305	2.27e-06	48.1
WP_062595006.1	iML1515.b0493	30.0	240	152	6	2	239	16	241	2.00e-24	98.6
WP_062595006.1	iCHOv1.100773401	36.4	206	119	5	5	201	9	211	2.12e-23	96.7
WP_062595006.1	iMM1415.235033	34.6	208	126	4	2	201	6	211	2.21e-22	94.0
WP_062595006.1	iCHOv1.100750866	33.5	194	118	4	5	189	7	198	4.84e-21	90.5
WP_062595006.1	iYL1228.KPN_01091	28.4	204	146	0	2	205	6	209	1.75e-21	90.1
WP_062595006.1	STM_v1_0.STM1195	27.9	204	147	0	2	205	6	209	2.44e-21	89.7
WP_062595006.1	iMM1415.15485	33.7	193	117	4	5	188	7	197	1.98e-20	89.0
WP_062595024.1	iML1515.b1601	24.5	323	232	6	35	356	9	320	3.44e-11	63.5
WP_062595026.1	iAF987.Gmet_0043	34.5	119	64	3	345	449	148	266	1.56e-09	59.7
WP_062595027.1	iAF987.Gmet_1914	32.7	107	72	0	2	108	3	109	5.78e-17	78.6
WP_062595029.1	iPC815.YPO3999	61.0	333	125	2	1	329	14	345	9.91e-137	392
WP_062595029.1	STM_v1_0.STM3626	61.3	326	122	1	19	340	10	335	7.42e-134	384
WP_062595029.1	iSSON_1240.SSON_3850	62.2	315	115	1	19	329	10	324	1.35e-133	383
WP_062595029.1	iSDY_1059.SDY_4563	62.2	315	115	1	19	329	10	324	1.91e-133	383
WP_062595029.1	iSF_1195.SF3575	61.8	317	117	1	17	329	8	324	1.91e-133	383
WP_062595029.1	iML1515.b3540	62.2	315	115	1	19	329	10	324	2.71e-133	382
WP_062595029.1	iYL1228.KPN_03895	60.3	325	123	2	9	329	2	324	9.88e-132	379
WP_062595029.1	iJN1463.PP_0878	61.5	314	117	1	21	330	4	317	1.37e-130	375
WP_062595030.1	iYL1228.KPN_03896	56.1	319	138	1	1	317	1	319	6.65e-124	358
WP_062595030.1	iSSON_1240.SSON_3849	55.5	319	140	1	1	317	1	319	2.69e-123	357
WP_062595030.1	iML1515.b3541	55.5	319	140	1	1	317	1	319	3.81e-123	356
WP_062595030.1	iSF_1195.SF3576	55.5	319	140	1	1	317	1	319	3.81e-123	356
WP_062595030.1	iPC815.YPO4000	56.2	322	132	3	1	317	1	318	1.05e-122	355
WP_062595030.1	iSDY_1059.SDY_4564	54.7	322	138	2	1	317	1	319	2.52e-121	352
WP_062595030.1	STM_v1_0.STM3627	55.2	319	141	1	1	317	1	319	3.57e-121	351
WP_062595030.1	iJN1463.PP_0879	58.8	318	129	2	1	317	1	317	6.98e-120	348
WP_062595031.1	iJN1463.PP_0880	63.6	286	104	0	23	308	22	307	1.14e-124	358
WP_062595031.1	iSDY_1059.SDY_4565	62.9	286	106	0	22	307	15	300	2.23e-115	334
WP_062595031.1	iYL1228.KPN_03897	62.6	286	107	0	22	307	15	300	9.03e-115	333
WP_062595031.1	iML1515.b3542	62.2	286	108	0	22	307	15	300	2.10e-113	329
WP_062595031.1	iSSON_1240.SSON_3848	61.9	286	109	0	22	307	15	300	5.97e-113	328
WP_062595031.1	iSF_1195.SF3577	61.9	286	109	0	22	307	15	300	8.47e-113	328
WP_062595031.1	STM_v1_0.STM3628	61.0	287	112	0	21	307	14	300	2.42e-112	327
WP_062595031.1	iPC815.YPO4001	61.2	286	111	0	22	307	15	300	2.79e-111	324
WP_062595032.1	iYL1228.KPN_03899	56.7	522	216	5	13	529	9	525	2.99e-211	595
WP_062595032.1	STM_v1_0.STM3630	55.9	522	220	5	13	529	18	534	3.12e-208	588
WP_062595032.1	iML1515.b3544	56.5	522	217	5	13	529	18	534	6.28e-208	587
WP_062595032.1	iSDY_1059.SDY_4567	56.3	522	218	5	13	529	18	534	1.26e-207	587
WP_062595032.1	iSF_1195.SF3579	56.3	522	218	5	13	529	18	534	1.26e-207	587
WP_062595032.1	iSSON_1240.SSON_3846	56.3	522	218	5	13	529	18	534	2.54e-207	586
WP_062595032.1	iPC815.YPO4003	55.3	519	228	4	13	529	18	534	2.08e-201	571
WP_062595036.1	iEK1008.Rv0753c	66.0	506	161	2	3	497	4	509	1.54e-244	678
WP_062595038.1	iJN1463.PP_5036	51.7	458	207	7	18	468	2	452	1.31e-143	419
WP_062595039.1	STM_v1_0.STM0791	54.0	504	228	4	2	503	3	504	1.41e-161	468
WP_062595039.1	iCN718.ABAYE_RS00935	52.4	511	239	4	1	509	1	509	2.25e-159	462
WP_062595039.1	iJN1463.PP_5032	51.7	509	242	4	3	509	4	510	9.65e-158	458
WP_062595039.1	iYL1228.KPN_00796	53.6	494	224	5	3	493	4	495	2.36e-155	452
WP_062595040.1	iJN1463.PP_5029	42.4	257	143	4	3	257	4	257	1.42e-64	202
WP_062595041.1	iCN718.ABAYE_RS00930	80.0	545	109	0	10	554	12	556	0.0	914
WP_062595041.1	iJN1463.PP_5033	76.9	554	128	0	3	556	4	557	0.0	897
WP_062595041.1	iYL1228.KPN_00795	76.1	552	132	0	1	552	1	552	0.0	896
WP_062595043.1	iPC815.YPO2448	37.0	370	225	6	5	372	3	366	4.63e-77	242
WP_062595043.1	iML1515.b1059	37.5	371	223	7	4	371	2	366	1.59e-71	228
WP_062595043.1	iSDY_1059.SDY_2096	37.5	371	223	7	4	371	2	366	6.28e-71	226
WP_062595043.1	iSF_1195.SF1066	36.9	371	225	7	4	371	2	366	1.76e-70	225
WP_062595043.1	iSbBS512_1146.SbBS512_E2268	36.4	371	227	7	4	371	2	366	4.92e-70	224
WP_062595043.1	STM_v1_0.STM1160	37.1	364	220	7	4	365	2	358	9.77e-70	223
WP_062595043.1	iSSON_1240.SSON_1079	36.1	371	228	7	4	371	2	366	3.85e-69	222
WP_062595049.1	iAF987.Gmet_1991	28.7	150	95	3	1111	1254	196	339	5.42e-05	47.4
WP_062595050.1	iAT_PLT_636.65985	44.7	38	21	0	1	38	300	337	2.16e-04	37.0
WP_062595050.1	iMM1415.78894	44.7	38	21	0	1	38	300	337	2.16e-04	37.0
WP_062595050.1	iCHOv1.100750893	42.1	38	22	0	1	38	300	337	7.62e-04	35.4
WP_062595050.1	iJN1463.PP_3071	62.5	24	9	0	45	68	617	640	7.61e-04	35.4
WP_062595052.1	iEK1008.Rv0467	32.8	61	41	0	19	79	26	86	2.63e-04	37.7
WP_062595054.1	iYL1228.KPN_00885	54.4	362	163	2	5	364	9	370	7.26e-138	396
WP_062595054.1	iML1515.b0854	52.5	360	169	2	7	364	11	370	7.32e-133	384
WP_062595054.1	iSbBS512_1146.SbBS512_E2477	52.5	360	169	2	7	364	11	370	7.32e-133	384
WP_062595054.1	iSF_1195.SF0808	52.2	360	170	2	7	364	11	370	2.96e-132	382
WP_062595054.1	iSSON_1240.SSON_0839	52.2	360	170	2	7	364	11	370	2.96e-132	382
WP_062595054.1	iPC815.YPO1331	52.2	360	169	3	7	364	11	369	4.06e-132	382
WP_062595054.1	iJN1463.PP_5180	55.5	337	150	0	28	364	28	364	1.38e-131	380
WP_062595054.1	iSDY_1059.SDY_0741	51.7	360	172	2	7	364	11	370	4.83e-131	379
WP_062595054.1	STM_v1_0.STM0877	50.3	360	177	2	7	364	11	370	1.82e-128	372
WP_062595055.1	iPC815.YPO1332	56.7	367	141	3	21	378	18	375	2.91e-133	385
WP_062595055.1	iYL1228.KPN_00886	56.1	367	143	4	21	378	34	391	6.11e-129	375
WP_062595055.1	iML1515.b0855	55.3	367	146	3	21	378	18	375	7.19e-129	374
WP_062595055.1	STM_v1_0.STM0878	55.6	367	145	3	21	378	18	375	7.19e-129	374
WP_062595055.1	iSDY_1059.SDY_0740	55.3	369	143	3	21	378	18	375	1.02e-128	374
WP_062595055.1	iSSON_1240.SSON_0840	55.3	367	146	3	21	378	45	402	3.55e-128	374
WP_062595055.1	iSF_1195.SF0809	55.0	367	147	3	21	378	45	402	5.03e-128	373
WP_062595055.1	iSbBS512_1146.SbBS512_E2476	54.7	369	145	3	21	378	18	375	1.66e-127	371
WP_062595055.1	iJN1463.PP_5179	53.5	368	149	4	23	379	23	379	7.74e-119	349
WP_062595056.1	iJN1463.PP_5178	55.3	302	128	3	2	303	11	305	1.87e-109	319
WP_062595056.1	STM_v1_0.STM0879	55.9	288	122	1	10	297	29	311	1.02e-106	313
WP_062595056.1	iML1515.b0856	55.6	288	123	1	10	297	29	311	1.45e-106	312
WP_062595056.1	iSF_1195.SF0810	55.6	288	123	1	10	297	29	311	1.45e-106	312
WP_062595056.1	iYL1228.KPN_00887	54.2	295	130	1	3	297	22	311	4.12e-106	311
WP_062595056.1	iSbBS512_1146.SbBS512_E2475	55.2	288	124	1	10	297	29	311	4.12e-106	311
WP_062595056.1	iSDY_1059.SDY_0739	55.2	288	124	1	10	297	29	311	6.71e-105	308
WP_062595056.1	iSSON_1240.SSON_0841	55.2	288	124	1	10	297	29	311	6.71e-105	308
WP_062595056.1	iPC815.YPO1333	54.2	288	127	1	10	297	33	315	7.66e-105	308
WP_062595057.1	STM_v1_0.STM0880	57.1	273	111	1	5	271	9	281	1.23e-98	290
WP_062595057.1	iYL1228.KPN_00888	56.0	273	114	1	5	271	9	281	2.01e-97	286
WP_062595057.1	iML1515.b0857	55.3	273	116	1	5	271	9	281	4.65e-96	283
WP_062595057.1	iSDY_1059.SDY_0738	55.3	273	116	1	5	271	9	281	4.65e-96	283
WP_062595057.1	iSbBS512_1146.SbBS512_E2474	55.3	273	116	1	5	271	9	281	6.59e-96	283
WP_062595057.1	iSF_1195.SF0811	54.9	273	117	1	5	271	9	281	5.35e-95	280
WP_062595057.1	iSSON_1240.SSON_0842	54.9	273	117	1	5	271	9	281	7.59e-95	280
WP_062595057.1	iPC815.YPO1334	54.6	271	114	2	4	268	11	278	2.16e-94	279
WP_062595060.1	iEK1008.Rv3537	46.8	47	25	0	3	49	4	50	3.45e-04	42.4
WP_062595061.1	iJN1463.PP_5183	51.3	448	212	4	35	478	7	452	1.99e-162	466
WP_062595061.1	iJN1463.PP_3148	49.8	448	219	3	35	478	7	452	6.94e-158	455
WP_062595062.1	iJN1463.PP_3146	35.8	424	262	7	16	432	10	430	3.84e-80	253
WP_062595063.1	iJN1463.PP_5351	53.4	481	217	5	10	488	9	484	3.25e-170	488
WP_062595063.1	iSbBS512_1146.SbBS512_E2127	49.6	482	236	6	12	489	11	489	1.26e-158	459
WP_062595063.1	iSSON_1240.SSON_1296	49.6	482	236	6	12	489	11	489	1.26e-158	459
WP_062595063.1	iML1515.b1852	49.6	482	236	6	12	489	11	489	1.79e-158	458
WP_062595063.1	iSDY_1059.SDY_1138	49.6	482	236	6	12	489	11	489	1.79e-158	458
WP_062595063.1	iSF_1195.SF1862	49.6	482	236	6	12	489	11	489	1.79e-158	458
WP_062595063.1	iYL1228.KPN_02367	49.4	482	237	6	12	489	11	489	2.53e-158	458
WP_062595063.1	iJN1463.PP_1022	49.0	486	242	5	6	488	4	486	4.75e-158	457
WP_062595063.1	STM_v1_0.STM1886	49.4	482	237	6	12	489	11	489	1.02e-157	456
WP_062595063.1	iPC815.YPO2066	47.9	482	244	6	12	489	11	489	3.22e-151	440
WP_062595064.1	iJN1463.PP_1023	41.8	189	106	2	42	230	56	240	2.43e-37	130
WP_062595065.1	iML1515.b1851	60.0	600	239	1	3	602	1	599	1.16e-261	729
WP_062595065.1	iSF_1195.SF1861	60.0	600	239	1	3	602	1	599	2.33e-261	729
WP_062595065.1	iSbBS512_1146.SbBS512_E2126	60.0	600	239	1	3	602	1	599	3.30e-261	728
WP_062595065.1	iSDY_1059.SDY_1137	60.0	600	239	1	3	602	1	599	4.68e-261	728
WP_062595065.1	iSSON_1240.SSON_1297	59.8	600	240	1	3	602	1	599	6.64e-261	728
WP_062595065.1	iJN1463.PP_1010	57.6	602	249	3	5	604	3	600	9.17e-260	725
WP_062595065.1	STM_v1_0.STM1885	59.3	600	243	1	3	602	1	599	4.14e-257	718
WP_062595065.1	iYL1228.KPN_02366	59.4	593	240	1	10	602	4	595	2.75e-254	711
WP_062595065.1	iCN718.ABAYE_RS16325	57.1	602	256	2	4	604	5	605	4.59e-250	701
WP_062595065.1	iPC815.YPO2533	56.0	621	252	2	1	601	1	620	3.28e-247	694
WP_062595068.1	iAF987.Gmet_0843	30.1	272	182	6	1	271	1	265	4.13e-32	119
WP_062595069.1	iSF_1195.SF4170	51.8	365	172	3	1	362	1	364	3.73e-120	351
WP_062595069.1	iML1515.b4035	51.5	365	173	3	1	362	1	364	2.13e-119	349
WP_062595069.1	iSSON_1240.SSON_4213	51.5	365	173	3	1	362	1	364	2.13e-119	349
WP_062595069.1	iPC815.YPO3712	51.0	363	176	2	1	362	1	362	4.01e-119	348
WP_062595069.1	STM_v1_0.STM4230	51.0	363	176	2	1	362	1	362	2.29e-118	347
WP_062595069.1	iYL1228.KPN_04424	50.7	363	177	2	1	362	1	362	1.31e-117	345
WP_062595070.1	iYO844.BSU34560	36.3	540	292	11	22	526	3	525	3.95e-107	332
WP_062595070.1	iCN900.CD630_30910	34.2	547	300	12	21	531	2	524	6.61e-107	331
WP_062595070.1	iYS854.USA300HOU_RS08055	34.6	532	304	11	20	524	2	516	6.37e-102	318
WP_062595070.1	iEK1008.Rv2471	36.5	561	309	16	4	548	9	538	2.76e-99	311
WP_062595070.1	iSbBS512_1146.SbBS512_E4844	35.4	525	286	13	23	517	7	508	2.08e-96	303
WP_062595070.1	iSDY_1059.SDY_4258	35.4	525	286	13	23	517	7	508	1.15e-95	301
WP_062595070.1	iSF_1195.SF4251	35.2	525	287	13	23	517	7	508	1.15e-95	301
WP_062595070.1	iML1515.b4239	35.0	525	288	13	23	517	7	508	6.31e-95	300
WP_062595070.1	iSSON_1240.SSON_4420	35.0	525	288	13	23	517	7	508	8.88e-95	299
WP_062595070.1	STM_v1_0.STM4453	35.2	525	287	12	23	517	6	507	1.71e-94	298
WP_062595071.1	iSynCJ816.SGL_RS16650	41.4	367	120	2	13	379	26	297	1.25e-89	271
WP_062595072.1	iSynCJ816.SGL_RS16645	54.0	278	127	1	57	334	1	277	7.56e-96	285
WP_062595074.1	iYO844.BSU35750	30.9	223	144	7	31	248	18	235	3.62e-25	100
WP_062595112.1	iAF987.Gmet_0069	33.3	108	65	3	7	110	5	109	8.99e-06	46.6
WP_062595112.1	iAF987.Gmet_2999	34.2	111	64	4	4	110	7	112	3.18e-05	45.1
WP_062595126.1	iJN1463.PP_0964	53.5	428	190	1	1	428	1	419	7.44e-150	431
WP_062595126.1	iYL1228.KPN_03599	51.4	428	196	2	1	428	1	416	3.41e-140	407
WP_062595126.1	iPC815.YPO3569	52.1	428	194	2	1	428	1	417	2.85e-139	404
WP_062595126.1	iML1515.b3189	51.2	428	197	2	1	428	1	416	1.11e-138	403
WP_062595126.1	iSF_1195.SF3229	51.2	428	197	2	1	428	1	416	1.11e-138	403
WP_062595126.1	iSSON_1240.SSON_3337	51.2	428	197	2	1	428	1	416	1.11e-138	403
WP_062595126.1	iSbBS512_1146.SbBS512_E3581	50.9	428	198	2	1	428	1	416	4.47e-138	401
WP_062595126.1	STM_v1_0.STM3307	51.2	428	197	2	1	428	1	416	8.98e-138	400
WP_062595126.1	iSDY_1059.SDY_3370	50.7	428	199	2	1	428	1	416	1.27e-137	400
WP_062595126.1	iCN718.ABAYE_RS15605	51.5	429	197	2	1	429	1	418	1.41e-136	397
WP_062595126.1	iAF987.Gmet_0382	49.3	432	202	4	1	430	1	417	1.02e-133	390
WP_062595129.1	iAF987.Gmet_0521	31.3	134	90	1	18	151	5	136	1.24e-11	58.5
WP_062595130.1	iJN1463.PP_0936	44.5	191	97	4	7	196	4	186	1.50e-34	121
WP_062595130.1	iML1515.b3248	42.6	188	101	3	6	193	3	183	1.43e-33	118
WP_062595131.1	iJN1463.PP_3189	28.6	412	284	5	7	411	3	411	3.93e-36	136
WP_062595131.1	iYL1228.KPN_00632	29.3	406	274	7	7	404	3	403	6.42e-33	127
WP_062595131.1	STM_v1_0.STM3334	27.6	388	271	8	4	385	5	388	1.50e-32	127
WP_062595132.1	iCN718.ABAYE_RS08080	47.0	910	447	12	6	892	20	917	3.42e-261	752
WP_062595133.1	iYO844.BSU03300	49.1	798	395	6	2	797	3	791	1.48e-259	740
WP_062595133.1	iYS854.USA300HOU_RS12975	45.3	790	422	5	2	790	3	783	1.19e-241	694
WP_062595134.1	iSynCJ816.SGL_RS06585	55.6	257	112	2	5	260	4	259	6.51e-89	276
WP_062595134.1	iSynCJ816.SGL_RS06580	54.3	256	116	1	4	259	17	271	7.03e-93	276
WP_062595134.1	iSynCJ816.SGL_RS16580	53.9	258	117	2	5	261	4	260	4.71e-88	274
WP_062595134.1	iSynCJ816.SGL_RS16585	55.3	255	113	1	4	258	22	275	6.52e-92	272
WP_062595135.1	iSynCJ816.SGL_RS06590	65.1	238	83	0	48	285	28	265	5.07e-110	319
WP_062595136.1	iSynCJ816.SGL_RS06595	64.5	389	130	4	42	427	59	442	1.63e-184	520
WP_062595137.1	iSynCJ816.SGL_RS06585	35.7	389	221	8	30	411	286	652	6.79e-69	230
WP_062595139.1	iJN1463.PP_1200	48.7	624	312	4	14	633	17	636	7.13e-198	570
WP_062595139.1	iYL1228.KPN_04152	44.6	614	336	2	21	633	12	622	1.80e-181	527
WP_062595139.1	iML1515.b3747	44.3	614	338	2	21	633	12	622	1.02e-180	525
WP_062595139.1	iSbBS512_1146.SbBS512_E4173	44.3	614	338	2	21	633	12	622	2.04e-180	525
WP_062595139.1	iSSON_1240.SSON_3917	44.1	614	339	2	21	633	12	622	2.89e-180	524
WP_062595139.1	STM_v1_0.STM3880	44.8	614	335	2	21	633	12	622	3.28e-179	521
WP_062595139.1	iPC815.YPO0006	43.9	620	343	3	16	633	6	622	4.65e-179	521
WP_062595139.1	iSF_1195.SF3828	44.0	614	340	2	21	633	12	622	6.57e-179	521
WP_062595139.1	iSDY_1059.SDY_4001	43.8	616	340	3	21	633	12	624	4.52e-177	516
WP_062595140.1	iEK1008.Rv2933	26.9	2553	1345	60	5	2473	39	2145	3.73e-196	656
WP_062595140.1	iEK1008.Rv3825c	26.7	2520	1369	60	5	2477	29	2117	1.01e-187	631
WP_062595140.1	iEK1008.Rv2048c	27.0	2506	1272	63	5	2466	39	2031	3.51e-179	616
WP_062595140.1	iEK1008.Rv2940c	26.1	2517	1389	62	5	2475	10	2102	8.76e-176	596
WP_062595141.1	iYO844.BSU17000	38.0	361	221	3	88	448	32	389	7.70e-80	253
WP_062595142.1	iIS312.TCDM_03694	40.1	247	139	4	3	240	37	283	4.93e-38	135
WP_062595142.1	iCHOv1.100774578	38.7	235	140	2	3	233	34	268	8.36e-38	135
WP_062595142.1	iMM1415.70750	38.3	235	141	2	3	233	34	268	1.64e-37	134
WP_062595145.1	iJN1463.PP_0957	46.8	329	166	3	10	335	1	323	3.28e-87	265
WP_062595145.1	iAF987.Gmet_1278	52.2	291	134	3	51	336	31	321	9.93e-83	253
WP_062595150.1	iHN637.CLJU_RS04570	24.6	232	131	9	70	261	141	368	5.57e-06	47.0
WP_062595153.1	STM_v1_0.STM2092	45.3	256	137	2	1	253	1	256	2.14e-81	244
WP_062595153.1	iSynCJ816.SGL_RS03545	46.1	256	135	2	1	253	1	256	3.38e-80	241
WP_062595153.1	iPC815.YPO3115	41.8	256	146	2	1	253	5	260	5.54e-75	228
WP_062595154.1	iML1515.b3291	47.5	141	61	4	1	141	3	130	9.82e-27	97.1
WP_062595157.1	iMM1415.56749	45.9	342	175	3	15	348	48	387	4.06e-93	283
WP_062595157.1	iCHOv1.100756632	46.2	342	174	3	15	348	48	387	1.83e-91	279
WP_062595157.1	iPC815.YPO1415	45.2	334	170	3	8	332	5	334	1.52e-89	272
WP_062595157.1	iCN718.ABAYE_RS06810	45.0	340	171	6	5	335	2	334	2.60e-87	266
WP_062595157.1	STM_v1_0.STM1058	46.5	333	163	5	10	332	7	334	7.83e-87	265
WP_062595157.1	iJN1463.PP_2095	44.5	335	181	3	8	337	4	338	3.55e-86	263
WP_062595157.1	iYL1228.KPN_00974	45.5	332	168	3	10	332	7	334	6.27e-86	263
WP_062595157.1	iML1515.b0945	45.9	333	165	5	10	332	7	334	8.86e-86	262
WP_062595157.1	iSbBS512_1146.SbBS512_E2372	45.9	333	165	5	10	332	7	334	8.86e-86	262
WP_062595157.1	iSSON_1240.SSON_0949	45.9	333	165	5	10	332	7	334	8.86e-86	262
WP_062595157.1	iSDY_1059.SDY_0918	45.6	333	166	5	10	332	7	334	2.51e-85	261
WP_062595157.1	iSF_1195.SF0946	45.6	333	166	5	10	332	7	334	2.51e-85	261
WP_062595157.1	iEK1008.Rv2139	44.6	352	175	4	8	348	4	346	5.38e-84	258
WP_062595170.1	iJN1463.PP_0368	54.8	595	266	3	1	594	1	593	1.02e-220	625
WP_062595171.1	iCN718.ABAYE_RS03690	57.5	402	170	1	1	402	1	401	4.24e-164	466
WP_062595171.1	iEK1008.Rv0859	57.1	401	170	2	3	402	4	403	3.77e-158	451
WP_062595171.1	iAF987.Gmet_2197	56.1	399	174	1	3	401	4	401	1.05e-152	437
WP_062595172.1	iEK1008.Rv0860	43.0	718	376	12	11	709	11	714	1.06e-174	517
WP_062595172.1	iCN718.ABAYE_RS03685	42.5	717	385	8	9	717	7	704	9.01e-174	514
WP_062595174.1	iNF517.LLMG_RS00415	37.3	102	59	2	46	147	35	131	7.29e-08	52.8
WP_062595174.1	iYS854.USA300HOU_RS09130	26.9	130	80	3	67	186	24	148	2.61e-06	47.8
WP_062595176.1	iYS854.USA300HOU_RS05515	51.9	441	203	6	21	453	6	445	1.58e-134	394
WP_062595183.1	iSynCJ816.SGL_RS10570	25.6	258	179	6	266	518	106	355	1.60e-11	66.6
WP_062595184.1	STM_v1_0.STM3674	32.0	513	314	6	5	503	6	497	4.25e-74	242
WP_062595184.1	iML1515.b3580	32.1	499	312	6	5	493	6	487	5.11e-71	234
WP_062595184.1	iPC815.YPO3334	31.7	501	317	9	5	492	6	494	6.01e-68	226
WP_062595187.1	iYL1228.KPN_02518	28.7	164	103	4	8	163	3	160	7.14e-07	48.9
WP_062595188.1	iEK1008.Rv0391	50.8	386	186	1	11	392	20	405	2.65e-130	380
WP_062595188.1	iCN718.ABAYE_RS10080	46.2	381	204	1	12	392	13	392	2.63e-117	346
WP_062595191.1	iJN1463.PP_1079	49.5	295	145	2	5	298	4	295	4.59e-93	278
WP_062595191.1	iCN718.ABAYE_RS08200	46.5	299	156	2	5	302	4	299	6.02e-91	272
WP_062595191.1	iAF987.Gmet_0205	46.3	298	158	2	4	299	2	299	4.41e-90	270
WP_062595191.1	iYO844.BSU11250	49.2	299	143	3	5	298	12	306	2.96e-89	268
WP_062595191.1	iEK1008.Rv1656	46.6	305	153	5	5	302	3	304	9.73e-85	256
WP_062595191.1	iAF692.Mbar_A3512	45.2	292	159	1	8	298	6	297	6.69e-84	254
WP_062595191.1	iSynCJ816.SGL_RS16800	44.6	303	159	4	5	303	9	306	6.51e-83	252
WP_062595192.1	iYL1228.KPN_01221	48.8	385	189	4	6	386	16	396	3.39e-113	336
WP_062595192.1	iAF987.Gmet_0204	48.5	377	190	4	7	381	14	388	7.67e-113	335
WP_062595192.1	iJN1463.PP_4481	46.8	376	195	2	20	391	30	404	1.36e-112	335
WP_062595192.1	iCN718.ABAYE_RS02280	48.3	379	189	3	14	386	21	398	1.80e-112	334
WP_062595192.1	iPC815.YPO1962	47.9	384	189	3	10	383	19	401	9.95e-112	333
WP_062595192.1	iYL1228.KPN_03745	45.7	385	201	4	6	386	19	399	8.78e-111	330
WP_062595192.1	STM_v1_0.STM1303	47.7	386	197	2	11	392	18	402	5.31e-110	328
WP_062595192.1	iLJ478.TM1785	45.5	391	201	5	7	395	3	383	2.55e-110	328
WP_062595192.1	iSSON_1240.SSON_1409	47.1	382	197	2	11	388	18	398	2.83e-109	326
WP_062595192.1	STM_v1_0.STM3468	45.3	371	196	3	20	386	32	399	1.55e-108	324
WP_062595192.1	iSbBS512_1146.SbBS512_E1995	46.9	382	198	2	11	388	18	398	6.43e-108	323
WP_062595192.1	iML1515.b1748	46.6	382	199	2	11	388	18	398	2.58e-107	321
WP_062595192.1	iSF_1195.SF3378	44.6	379	203	3	14	386	22	399	5.16e-107	320
WP_062595192.1	iSynCJ816.SGL_RS04875	43.3	397	213	4	5	390	33	428	1.06e-106	320
WP_062595192.1	iSbBS512_1146.SbBS512_E3735	44.3	379	204	3	14	386	22	399	2.92e-106	318
WP_062595192.1	iML1515.b3359	44.3	379	204	3	14	386	22	399	8.27e-106	317
WP_062595192.1	iSSON_1240.SSON_3490	44.3	379	204	3	14	386	22	399	1.66e-105	317
WP_062595192.1	iYL1228.KPN_01493	47.2	375	190	5	21	391	30	400	1.60e-104	314
WP_062595192.1	iSDY_1059.SDY_3521	43.8	379	206	3	14	386	22	399	2.65e-104	313
WP_062595192.1	iYO844.BSU11220	43.9	383	202	6	7	386	4	376	8.81e-103	309
WP_062595195.1	iAF987.Gmet_1706	34.0	150	97	1	4	153	2	149	4.75e-18	80.9
WP_062595196.1	iCN900.CD630_32860	23.5	200	140	5	23	215	347	540	1.53e-06	48.1
WP_062595197.1	iYS854.USA300HOU_RS07060	45.5	244	129	1	201	440	62	305	1.68e-60	199
WP_062595198.1	iYS854.USA300HOU_RS07065	41.6	315	162	5	179	493	16	308	5.57e-63	207
WP_062595199.1	iYS854.USA300HOU_RS07070	30.7	322	157	11	31	340	41	308	1.81e-30	117
WP_062595201.1	iAF987.Gmet_1092	25.2	202	140	2	75	265	72	273	2.32e-17	80.1
WP_062595203.1	iLJ478.TM0800	26.0	296	201	5	25	317	28	308	1.91e-14	72.4
WP_062595203.1	iCN900.CD630_11800	23.9	314	210	7	9	314	9	301	3.11e-12	65.9
WP_062595207.1	iJN1463.PP_2428	28.0	403	270	9	6	399	14	405	8.47e-33	127
WP_062595208.1	iML1515.b1805	55.5	551	238	4	17	565	5	550	5.58e-212	600
WP_062595208.1	iSDY_1059.SDY_1709	55.5	551	238	4	17	565	5	550	5.58e-212	600
WP_062595208.1	iSF_1195.SF1423	55.5	551	238	4	17	565	27	572	1.20e-211	600
WP_062595208.1	iSSON_1240.SSON_1356	55.5	551	238	4	17	565	5	550	7.91e-212	600
WP_062595208.1	iSbBS512_1146.SbBS512_E2065	55.4	551	239	4	17	565	5	550	2.25e-211	598
WP_062595208.1	STM_v1_0.STM1818	55.5	551	238	4	17	565	5	550	9.10e-211	597
WP_062595208.1	iYL1228.KPN_02322	56.3	551	234	5	17	565	16	561	1.08e-209	595
WP_062595208.1	iCN718.ABAYE_RS18250	54.9	552	246	2	17	565	5	556	3.94e-209	593
WP_062595208.1	iPC815.YPO2074	54.2	554	247	4	14	565	2	550	1.01e-207	589
WP_062595208.1	iJN1463.PP_4550	51.0	557	262	4	17	565	6	559	2.14e-194	555
WP_062595208.1	iJN1463.PP_4549	50.4	552	266	5	17	565	6	552	1.36e-193	553
WP_062595209.1	iML1515.b1990	31.6	136	76	5	105	234	106	230	1.79e-08	53.5
WP_062595209.1	iML1515.b0819	32.1	134	74	4	105	232	109	231	1.06e-07	51.2
WP_062595209.1	STM_v1_0.STM0837	32.1	134	74	4	105	232	109	231	3.48e-07	49.7
WP_062595209.1	iML1515.b1113	31.0	142	80	6	94	226	100	232	6.53e-07	48.9
WP_062595210.1	iCN900.CD630_18060	33.7	276	172	7	2	268	4	277	5.17e-34	126
WP_062595210.1	iLJ478.TM0296	33.0	264	164	7	2	256	3	262	2.48e-30	116
WP_062595210.1	iYL1228.KPN_00516	33.7	312	181	11	6	308	9	303	4.13e-30	115
WP_062595211.1	iYO844.BSU15560	34.5	206	132	2	11	216	6	208	1.46e-35	125
WP_062595211.1	iYS854.USA300HOU_RS06055	35.5	203	128	3	12	214	1	200	8.12e-35	122
WP_062595211.1	iNF517.LLMG_RS07605	33.5	212	133	3	8	219	4	207	1.89e-34	122
WP_062595212.1	iPC815.YPO1587	53.9	343	156	1	8	350	7	347	2.10e-129	374
WP_062595212.1	iYL1228.KPN_01074	56.7	319	138	0	5	323	4	322	2.42e-128	371
WP_062595212.1	iSbBS512_1146.SbBS512_E2265	56.5	315	137	0	9	323	8	322	3.21e-126	365
WP_062595212.1	iSDY_1059.SDY_2091	56.5	315	137	0	9	323	8	322	3.21e-126	365
WP_062595212.1	iML1515.b1062	56.5	315	137	0	9	323	8	322	4.55e-126	365
WP_062595212.1	iSSON_1240.SSON_1082	56.5	315	137	0	9	323	8	322	4.55e-126	365
WP_062595212.1	iSynCJ816.SGL_RS12080	56.2	331	139	3	9	336	4	331	2.13e-125	363
WP_062595212.1	iSF_1195.SF1068	56.2	315	138	0	9	323	8	322	3.70e-125	363
WP_062595212.1	iJN1463.PP_1086	54.1	320	145	1	9	326	5	324	2.27e-121	353
WP_062595212.1	STM_v1_0.STM1163	56.1	310	136	0	9	318	8	317	2.27e-121	353
WP_062595212.1	iCN718.ABAYE_RS13245	52.7	311	147	0	8	318	3	313	3.46e-117	342
WP_062595213.1	iEK1008.Rv1092c	29.1	151	104	2	22	170	91	240	6.80e-13	65.9
WP_062595213.1	iPC815.YPO3758	32.8	116	76	1	22	135	89	204	3.28e-12	63.9
WP_062595215.1	iNF517.LLMG_RS04065	35.7	305	189	3	48	352	9	306	3.11e-58	191
WP_062595216.1	iML1515.b3751	31.4	303	186	8	1	303	3	283	1.74e-27	108
WP_062595216.1	STM_v1_0.STM3884	31.0	303	187	9	1	303	3	283	2.42e-27	108
WP_062595216.1	iYL1228.KPN_04156	30.2	301	188	9	1	301	3	281	8.69e-26	104
WP_062595216.1	iYO844.BSU35960	31.1	280	171	9	26	305	37	294	9.80e-25	101
WP_062595217.1	iCN900.CD630_21940	24.4	250	170	5	22	262	7	246	2.90e-15	76.6
WP_062595220.1	iCN900.CD630_32370	35.6	334	213	1	1	332	1	334	9.10e-69	218
WP_062595222.1	iJN1463.PP_4947	59.9	1248	461	13	17	1231	76	1317	0.0	1327
WP_062595222.1	iYL1228.KPN_01041	58.5	1253	474	14	16	1231	83	1326	0.0	1301
WP_062595222.1	iPC815.YPO1851	56.8	1272	503	13	2	1231	57	1323	0.0	1293
WP_062595222.1	iSbBS512_1146.SbBS512_E2304	58.1	1253	479	15	16	1231	77	1320	0.0	1290
WP_062595222.1	iSSON_1240.SSON_1034	58.1	1253	479	15	16	1231	77	1320	0.0	1288
WP_062595222.1	iML1515.b1014	58.1	1253	479	15	16	1231	77	1320	0.0	1288
WP_062595230.1	iYL1228.KPN_01198	44.3	122	67	1	38	158	6	127	3.66e-37	124
WP_062595230.1	iSF_1195.SF1445	43.8	121	67	1	41	160	9	129	9.61e-35	118
WP_062595230.1	iML1515.b1778	43.0	121	68	1	41	160	9	129	2.73e-34	117
WP_062595230.1	iSDY_1059.SDY_1489	43.0	121	68	1	41	160	9	129	2.73e-34	117
WP_062595230.1	iSSON_1240.SSON_1385	43.0	121	68	1	41	160	9	129	2.73e-34	117
WP_062595230.1	iPC815.YPO2158	46.5	114	60	1	46	158	14	127	5.47e-34	116
WP_062595230.1	STM_v1_0.STM1291	43.2	118	66	1	41	157	19	136	2.07e-33	115
WP_062595230.1	iEK1008.Rv2674	41.7	127	71	2	38	161	9	135	8.59e-33	113
WP_062595231.1	iAF987.Gmet_0203	52.1	284	135	1	10	293	8	290	8.26e-98	289
WP_062595231.1	iCN718.ABAYE_RS14570	53.2	284	132	1	10	293	12	294	1.07e-95	284
WP_062595231.1	iJN1463.PP_5289	48.9	284	145	0	10	293	12	295	1.68e-94	281
WP_062595232.1	STM_v1_0.STM4585	29.1	223	130	8	1	209	1	209	1.92e-17	77.0
WP_062595232.1	iSbBS512_1146.SbBS512_E4944	28.8	222	132	8	1	209	1	209	2.69e-16	73.9
WP_062595232.1	iSF_1195.SF4427	28.4	222	133	8	1	209	1	209	1.40e-15	72.0
WP_062595232.1	iSSON_1240.SSON_4545	28.4	222	133	8	1	209	1	209	1.40e-15	72.0
WP_062595232.1	iYL1228.KPN_04850	27.1	221	137	6	1	209	1	209	5.18e-15	70.5
WP_062595236.1	iAM_Pb448.PBANKA_071570	45.0	160	87	1	133	291	180	339	1.43e-39	141
WP_062595236.1	iAM_Pc455.PCYB_052680	45.7	151	79	2	133	280	179	329	5.95e-35	129
WP_062595236.1	iAM_Pv461.PVX_089645	45.0	151	80	2	133	280	204	354	3.58e-34	127
WP_062595237.1	iPC815.YPO1041	60.6	277	99	4	9	284	4	271	1.03e-86	259
WP_062595237.1	iSbBS512_1146.SbBS512_E0158	61.7	277	96	5	9	284	4	271	4.16e-86	258
WP_062595237.1	iML1515.b0166	61.7	277	96	5	9	284	4	271	1.18e-85	257
WP_062595237.1	iSF_1195.SF0156	61.7	277	96	5	9	284	4	271	1.18e-85	257
WP_062595237.1	iSSON_1240.SSON_0178	61.7	277	96	5	9	284	4	271	1.18e-85	257
WP_062595237.1	STM_v1_0.STM0213	60.6	277	99	5	9	284	4	271	6.75e-85	255
WP_062595237.1	iSDY_1059.SDY_0182	60.3	277	100	5	9	284	4	271	6.75e-85	255
WP_062595237.1	iYL1228.KPN_00179	60.3	277	100	5	9	284	4	271	7.74e-84	252
WP_062595237.1	iCN718.ABAYE_RS05125	58.1	277	106	5	9	284	4	271	2.57e-79	241
WP_062595238.1	iML1515.b1794	37.5	64	39	1	101	164	105	167	1.09e-04	43.5
WP_062595239.1	iYO844.BSU26650	28.9	325	179	9	15	326	1	286	1.41e-33	125
WP_062595239.1	iSbBS512_1146.SbBS512_E0672	30.3	327	185	7	6	326	1	290	1.47e-33	125
WP_062595239.1	iSSON_1240.SSON_0704	32.4	284	154	5	6	287	1	248	2.05e-33	125
WP_062595239.1	iML1515.b0752	32.0	284	155	5	6	287	1	248	5.55e-33	124
WP_062595239.1	iSDY_1059.SDY_0696	32.0	284	155	5	6	287	1	248	5.55e-33	124
WP_062595239.1	iSF_1195.SF0552	32.0	284	155	5	6	287	1	248	5.55e-33	124
WP_062595239.1	STM_v1_0.STM0758	30.1	329	183	7	6	326	1	290	7.58e-33	123
WP_062595239.1	iPC815.YPO1129	29.3	314	173	8	22	326	12	285	1.07e-31	120
WP_062595239.1	iYL1228.KPN_00756	29.5	329	185	7	6	326	1	290	1.56e-30	117
WP_062595241.1	iSSON_1240.SSON_2552	39.9	386	204	6	27	409	12	372	1.72e-87	270
WP_062595241.1	iML1515.b2472	39.9	386	204	6	27	409	12	372	2.43e-87	270
WP_062595241.1	iSbBS512_1146.SbBS512_E2843	39.9	386	204	6	27	409	12	372	2.43e-87	270
WP_062595241.1	iSF_1195.SF2514	39.9	386	204	6	27	409	12	372	2.43e-87	270
WP_062595241.1	iPC815.YPO3053	40.6	394	205	7	20	409	4	372	6.84e-87	268
WP_062595241.1	iJN1463.PP_1525	41.0	388	200	6	27	409	17	380	1.23e-86	268
WP_062595241.1	iYL1228.KPN_02805	39.3	394	210	7	20	409	4	372	5.42e-86	266
WP_062595241.1	iSDY_1059.SDY_2656	39.4	386	206	6	27	409	12	372	1.08e-85	265
WP_062595241.1	STM_v1_0.STM2483	38.9	386	208	6	27	409	12	372	2.41e-84	262
WP_062595241.1	iCN718.ABAYE_RS03915	38.9	383	211	5	27	408	13	373	3.61e-84	261
WP_062595243.1	iCN900.CD630_01030	32.8	247	162	2	1	247	1	243	9.66e-43	145
WP_062595243.1	iNF517.LLMG_RS02350	35.0	254	151	7	1	247	1	247	3.05e-40	139
WP_062595244.1	iJN1463.PP_0067	46.3	294	150	3	3	293	1	289	1.65e-74	231
WP_062595244.1	iAF987.Gmet_3339	41.2	311	175	4	3	310	4	309	4.40e-69	217
WP_062595244.1	iSbBS512_1146.SbBS512_E3672	42.3	317	169	7	2	310	4	314	1.97e-68	215
WP_062595244.1	iSDY_1059.SDY_3464	42.8	318	166	9	2	310	4	314	7.87e-68	214
WP_062595244.1	iSSON_1240.SSON_3428	42.8	318	166	9	2	310	4	314	1.11e-67	213
WP_062595244.1	iSF_1195.SF3319	42.5	318	167	9	2	310	4	314	2.22e-67	213
WP_062595244.1	iYL1228.KPN_03688	40.3	315	178	5	2	310	4	314	2.49e-66	210
WP_062595244.1	iPC815.YPO0241	40.7	302	169	4	2	298	4	300	7.01e-66	209
WP_062595244.1	STM_v1_0.STM3407	40.7	317	174	6	2	310	4	314	1.40e-65	208
WP_062595245.1	iAM_Pb448.PBANKA_080930	39.3	163	98	1	6	167	62	224	6.23e-35	122
WP_062595245.1	iAM_Pv461.PVX_098840	39.0	164	99	1	6	168	12	175	2.14e-33	116
WP_062595245.1	iYO844.BSU15720	39.1	156	91	2	1	156	1	152	3.77e-31	110
WP_062595246.1	iML1515.b3752	38.5	299	183	1	2	299	7	305	1.67e-44	153
WP_062595246.1	iSSON_1240.SSON_3922	38.5	299	183	1	2	299	7	305	1.67e-44	153
WP_062595246.1	iSF_1195.SF3835	38.1	299	184	1	2	299	12	310	5.23e-44	152
WP_062595246.1	iSbBS512_1146.SbBS512_E4167	38.2	296	182	1	2	296	7	302	6.50e-44	151
WP_062595246.1	iYL1228.KPN_04157	37.5	296	184	1	2	296	8	303	7.19e-43	149
WP_062595246.1	STM_v1_0.STM3885	37.1	299	187	1	2	299	7	305	3.83e-42	147
WP_062595246.1	iSDY_1059.SDY_3995	37.8	299	185	1	2	299	7	305	2.09e-41	145
WP_062595246.1	iPC815.YPO0008	37.2	301	184	2	2	299	6	304	7.90e-41	143
WP_062595248.1	iJN1463.PP_2460	49.0	314	160	0	1	314	8	321	2.37e-104	307
WP_062595248.1	iML1515.b0651	51.9	312	144	5	1	311	1	307	4.00e-95	283
WP_062595248.1	iSbBS512_1146.SbBS512_E0598	51.9	312	144	5	1	311	1	307	1.14e-94	282
WP_062595248.1	iSF_1195.SF0630	51.6	312	145	5	1	311	1	307	3.24e-94	281
WP_062595248.1	iSSON_1240.SSON_0605	51.6	312	145	5	1	311	1	307	3.24e-94	281
WP_062595248.1	STM_v1_0.STM0661	51.6	312	145	5	1	311	1	307	2.61e-93	279
WP_062595253.1	iCN900.CD630_01300	49.4	421	173	12	3	410	2	395	3.14e-123	362
WP_062595253.1	iYS854.USA300HOU_RS09495	49.4	417	174	9	6	411	7	397	2.04e-121	357
WP_062595253.1	iAF987.Gmet_1290	48.3	402	180	7	4	403	5	380	2.22e-121	357
WP_062595253.1	iYO844.BSU30550	49.3	418	173	11	6	410	7	398	1.46e-119	353
WP_062595253.1	iJN1463.PP_4967	49.6	413	174	8	6	409	6	393	1.82e-119	352
WP_062595253.1	iIT341.HP0197	46.5	413	190	7	1	411	1	384	1.80e-119	352
WP_062595253.1	iCN718.ABAYE_RS10800	48.9	411	182	8	1	409	1	385	2.81e-119	352
WP_062595253.1	iNF517.LLMG_RS10795	49.2	423	176	10	1	410	1	397	6.49e-118	348
WP_062595253.1	iHN637.CLJU_RS01260	48.3	412	176	11	6	407	4	388	3.24e-116	344
WP_062595253.1	STM_v1_0.STM3090	47.2	409	184	6	3	409	2	380	5.41e-113	335
WP_062595253.1	iLJ478.TM1658	48.5	423	171	11	6	412	4	395	7.72e-113	335
WP_062595253.1	iML1515.b2942	47.4	409	183	6	3	409	2	380	2.17e-112	334
WP_062595253.1	iSbBS512_1146.SbBS512_E3374	47.4	409	183	6	3	409	2	380	2.17e-112	334
WP_062595253.1	iSDY_1059.SDY_3130	47.4	409	183	6	3	409	2	380	2.17e-112	334
WP_062595253.1	iSF_1195.SF2933	47.4	409	183	6	3	409	2	380	2.17e-112	334
WP_062595253.1	iSSON_1240.SSON_3096	47.4	409	183	6	3	409	2	380	2.17e-112	334
WP_062595253.1	iPC815.YPO0931	47.9	409	181	6	3	409	2	380	2.17e-112	334
WP_062595253.1	iEK1008.Rv1392	47.1	420	184	9	6	410	7	403	4.55e-111	331
WP_062595253.1	iSynCJ816.SGL_RS03470	46.2	437	180	14	1	409	1	410	1.10e-110	331
WP_062595253.1	iYL1228.KPN_03375	46.5	409	187	6	3	409	2	380	9.92e-111	330
WP_062595255.1	iJN1463.PP_4790	32.3	486	256	22	19	477	14	453	1.75e-37	144
WP_062595255.1	iPC815.YPO2616	33.5	349	191	12	147	477	136	461	1.85e-34	135
WP_062595255.1	iSF_1195.SF0625	31.9	433	249	17	64	475	51	458	1.32e-32	130
WP_062595260.1	iCN718.ABAYE_RS03025	33.8	207	116	6	48	251	65	253	4.07e-22	92.0
WP_062595265.1	iSDY_1059.SDY_2083	31.3	473	320	3	1	472	1	469	3.43e-72	238
WP_062595265.1	iSbBS512_1146.SbBS512_E2257	31.3	473	320	3	1	472	1	469	4.81e-72	238
WP_062595265.1	iSF_1195.SF1075	31.3	473	320	3	1	472	1	469	4.81e-72	238
WP_062595265.1	iSSON_1240.SSON_1089	31.3	473	320	3	1	472	1	469	4.81e-72	238
WP_062595265.1	iML1515.b1069	31.1	473	321	3	1	472	1	469	6.73e-72	238
WP_062595265.1	iJN1463.PP_0601	31.7	517	346	5	1	516	1	511	5.70e-69	230
WP_062595267.1	iAF987.Gmet_1637	49.3	746	374	4	17	759	5	749	1.44e-239	685
WP_062595267.1	iSbBS512_1146.SbBS512_E2829	48.1	751	379	8	17	759	7	754	1.56e-216	627
WP_062595267.1	iML1515.b2463	47.9	751	380	8	17	759	7	754	6.26e-216	625
WP_062595267.1	iSDY_1059.SDY_2645	47.9	751	380	8	17	759	7	754	8.86e-216	625
WP_062595267.1	iSF_1195.SF2505	48.1	751	379	8	17	759	7	754	8.86e-216	625
WP_062595267.1	iSSON_1240.SSON_2543	47.9	751	380	8	17	759	7	754	8.86e-216	625
WP_062595267.1	STM_v1_0.STM2472	47.9	750	382	7	17	759	7	754	2.51e-215	624
WP_062595267.1	iYL1228.KPN_02797	47.7	750	383	7	17	759	7	754	1.14e-213	619
WP_062595268.1	STM_v1_0.STM0047	36.6	142	87	1	30	168	16	157	1.60e-25	95.9
WP_062595273.1	iAF987.Gmet_1750	38.6	228	132	2	22	241	6	233	7.04e-42	146
WP_062595275.1	iAF987.Gmet_1281	37.4	91	50	1	56	146	32	115	6.40e-11	58.2
WP_062595276.1	iML1515.b3201	57.7	239	100	1	41	278	3	241	1.65e-93	275
WP_062595276.1	iSbBS512_1146.SbBS512_E3569	57.7	239	100	1	41	278	3	241	1.65e-93	275
WP_062595276.1	iSDY_1059.SDY_3382	57.7	239	100	1	41	278	3	241	1.65e-93	275
WP_062595276.1	iSF_1195.SF3241	57.7	239	100	1	41	278	3	241	1.65e-93	275
WP_062595276.1	iSSON_1240.SSON_3349	57.7	239	100	1	41	278	3	241	1.65e-93	275
WP_062595276.1	iJN1463.PP_0953	58.6	239	98	1	41	278	3	241	1.26e-90	268
WP_062595276.1	iAF987.Gmet_1282	55.4	240	107	0	39	278	7	246	7.95e-88	261
WP_062595280.1	iYO844.BSU14400	36.3	146	92	1	1	145	1	146	2.36e-21	89.0
WP_062595280.1	iNF517.LLMG_RS07900	34.7	150	97	1	1	149	1	150	3.82e-20	85.5
WP_062595280.1	iYS854.USA300HOU_RS03780	31.8	148	100	1	1	147	1	148	8.45e-19	81.6
WP_062595281.1	iML1515.b4266	34.8	247	157	2	9	255	7	249	1.39e-32	119
WP_062595281.1	iSSON_1240.SSON_4451	34.8	247	157	2	9	255	7	249	1.94e-32	119
WP_062595281.1	iLJ478.TM1724	34.3	248	157	2	8	255	2	243	8.76e-32	117
WP_062595281.1	STM_v1_0.STM4483	33.6	247	160	2	9	255	7	249	2.08e-31	116
WP_062595281.1	iCN718.ABAYE_RS09790	32.4	256	167	1	9	258	5	260	9.38e-31	114
WP_062595281.1	iCHOv1.100766065	33.7	255	153	6	7	257	2	244	2.52e-30	113
WP_062595281.1	iPC815.YPO2539	34.4	247	158	2	9	255	7	249	3.09e-30	113
WP_062595281.1	iCN718.ABAYE_RS14915	33.7	252	142	5	12	255	6	240	4.84e-30	112
WP_062595281.1	iAF987.Gmet_1694	36.3	251	148	5	8	255	2	243	2.67e-29	110
WP_062595282.1	iCHOv1.100760306	30.3	452	272	8	3	415	22	469	4.57e-58	196
WP_062595285.1	iSynCJ816.SGL_RS12040	40.9	198	95	6	9	205	3	179	8.72e-34	119
WP_062595285.1	iJN1463.PP_5100	41.0	200	100	6	10	207	7	190	1.93e-33	118
WP_062595285.1	iAF987.Gmet_1875	39.8	201	102	4	10	207	4	188	2.58e-33	118
WP_062595285.1	iPC815.YPO0945	36.5	203	107	5	10	207	4	189	2.08e-32	115
WP_062595285.1	iCN900.CD630_33080	35.8	204	107	4	10	207	253	438	1.03e-28	111
WP_062595286.1	iAF987.Gmet_3535	39.7	390	210	9	12	387	2	380	3.87e-81	253
WP_062595290.1	iEK1008.Rv3645	35.4	178	105	3	194	370	338	506	1.69e-19	90.1
WP_062595292.1	iAF692.Mbar_A0902	33.5	355	214	7	71	409	74	422	2.16e-44	159
WP_062595295.1	iYL1228.KPN_00507	27.5	258	161	10	7	253	7	249	8.20e-12	65.1
WP_062595296.1	STM_v1_0.STM3551	52.0	508	231	5	29	529	43	544	5.12e-172	499
WP_062595296.1	iSF_1195.SF3464	52.0	506	234	5	29	529	43	544	2.91e-171	498
WP_062595296.1	iML1515.b3447	51.8	506	235	5	29	529	43	544	1.17e-170	496
WP_062595296.1	iYL1228.KPN_03807	52.6	506	231	5	29	529	35	536	5.11e-170	494
WP_062595296.1	iSDY_1059.SDY_3595	51.6	506	236	5	29	529	44	545	1.11e-168	491
WP_062595296.1	iIT341.HP1118	47.9	564	277	6	11	570	14	564	4.86e-161	471
WP_062595303.1	iCN718.ABAYE_RS01050	32.6	429	246	11	17	429	1	402	1.11e-58	197
WP_062595303.1	iYL1228.KPN_00967	35.2	395	224	10	19	407	19	387	2.83e-57	193
WP_062595303.1	iSbBS512_1146.SbBS512_E2387	34.4	395	227	11	19	407	7	375	6.14e-56	189
WP_062595303.1	STM_v1_0.STM1004	35.0	397	222	11	19	407	7	375	1.20e-55	189
WP_062595303.1	iSF_1195.SF0928	34.4	395	227	11	19	407	7	375	1.20e-55	189
WP_062595303.1	iSSON_1240.SSON_0934	34.4	395	227	11	19	407	7	375	1.20e-55	189
WP_062595303.1	iML1515.b0931	34.4	395	227	11	19	407	7	375	1.69e-55	188
WP_062595303.1	iSDY_1059.SDY_2326	34.4	395	227	11	19	407	7	375	3.31e-55	187
WP_062595303.1	iPC815.YPO1413	33.1	414	239	10	19	422	7	392	1.30e-54	186
WP_062595303.1	iJN1463.PP_4868	34.0	397	226	8	20	407	11	380	2.61e-54	185
WP_062595303.1	iIS312.TCDM_04910	33.8	405	226	12	19	407	7	385	9.51e-53	182
WP_062595305.1	iYL1228.KPN_01120	49.4	257	116	6	6	252	5	257	1.25e-72	222
WP_062595306.1	iYL1228.KPN_01125	56.3	142	55	4	3	139	4	143	1.17e-41	135
WP_062595306.1	iPC815.YPO3353	52.9	136	58	2	1	131	2	136	5.28e-40	131
WP_062595308.1	iCN900.CD630_00490	38.0	71	43	1	38	107	267	337	7.48e-04	38.5
WP_062595311.1	iSF_1195.SF2553	56.4	532	218	6	1	525	1	525	5.79e-207	584
WP_062595311.1	iSSON_1240.SSON_2589	56.4	532	218	6	1	525	1	525	8.21e-207	584
WP_062595311.1	iML1515.b2507	56.4	532	218	6	1	525	1	525	1.16e-206	583
WP_062595311.1	iAF987.Gmet_2292	56.7	526	221	4	1	525	1	520	9.77e-207	583
WP_062595311.1	iSDY_1059.SDY_2703	56.2	532	219	6	1	525	1	525	4.71e-206	582
WP_062595311.1	STM_v1_0.STM2510	56.2	532	219	6	1	525	1	525	9.47e-206	581
WP_062595311.1	iSbBS512_1146.SbBS512_E2882	56.0	532	220	6	1	525	1	525	1.90e-205	580
WP_062595311.1	iYL1228.KPN_02833	56.0	532	220	6	1	525	1	525	3.83e-205	580
WP_062595311.1	iJN1463.PP_1032	55.5	526	222	3	6	525	6	525	2.72e-200	567
WP_062595311.1	iPC815.YPO2870	54.9	532	226	5	1	525	1	525	1.10e-199	566
WP_062595311.1	iCN718.ABAYE_RS18570	55.4	518	226	2	8	525	10	522	1.86e-197	560
WP_062595311.1	iCN900.CD630_01980	54.1	521	219	8	10	525	6	511	1.19e-190	542
WP_062595311.1	iHN637.CLJU_RS18300	52.1	520	234	5	8	525	4	510	2.31e-190	541
WP_062595311.1	iYS854.USA300HOU_RS02070	53.5	516	228	5	10	525	10	513	2.56e-185	529
WP_062595311.1	iIT341.HP0409	53.3	516	232	5	10	525	2	508	4.33e-185	528
WP_062595311.1	iSynCJ816.SGL_RS13520	52.5	524	231	5	10	525	29	542	1.39e-184	528
WP_062595320.1	iYO844.BSU30870	31.3	67	45	1	95	161	117	182	8.37e-04	40.0
WP_062595321.1	iJN1463.PP_4900	40.4	344	198	6	21	359	9	350	1.13e-75	238
WP_062595322.1	iCN718.ABAYE_RS04130	48.1	264	134	3	1	262	1	263	1.89e-74	228
WP_062595322.1	iSSON_1240.SSON_3194	46.2	262	130	4	4	256	5	264	3.28e-70	217
WP_062595322.1	iML1515.b3057	45.8	262	131	4	4	256	5	264	1.86e-69	215
WP_062595322.1	iSbBS512_1146.SbBS512_E3488	45.8	262	131	4	4	256	5	264	1.86e-69	215
WP_062595322.1	iSF_1195.SF3098	45.8	262	131	4	4	256	5	264	1.86e-69	215
WP_062595322.1	STM_v1_0.STM3205	45.0	262	133	4	4	256	6	265	2.72e-69	214
WP_062595322.1	iYL1228.KPN_03461	45.4	262	132	4	4	256	5	264	2.12e-68	212
WP_062595322.1	iJN1463.PP_2862	44.2	258	142	2	1	257	2	258	2.72e-67	209
WP_062595323.1	iCHOv1.100773563	32.0	309	201	6	9	314	55	357	1.56e-33	126
WP_062595323.1	iMM1415.66108	33.2	310	196	8	9	314	55	357	2.16e-33	126
WP_062595323.1	iAT_PLT_636.4704	36.6	216	131	5	9	220	55	268	3.01e-33	125
WP_062595323.1	iLB1027_lipid.PHATRDRAFT_17671	29.0	341	209	8	10	321	56	392	2.69e-29	115
WP_062595325.1	iJN1463.PP_1815	42.0	231	128	4	4	229	3	232	3.81e-45	150
WP_062595325.1	iAF987.Gmet_1355	40.3	233	132	2	3	228	4	236	1.79e-44	149
WP_062595325.1	iYL1228.KPN_01277	39.7	229	131	3	10	232	1	228	7.40e-44	147
WP_062595325.1	iPC815.YPO2227	37.6	229	138	2	9	232	17	245	2.35e-43	146
WP_062595325.1	iML1515.b1281	39.1	230	133	3	9	232	17	245	1.85e-42	144
WP_062595325.1	iSDY_1059.SDY_1357	39.1	230	133	3	9	232	17	245	1.85e-42	144
WP_062595325.1	iSSON_1240.SSON_1859	39.1	230	133	3	9	232	17	245	1.85e-42	144
WP_062595325.1	iSbBS512_1146.SbBS512_E1510	38.7	230	134	3	9	232	17	245	3.69e-42	143
WP_062595325.1	iCN718.ABAYE_RS10515	39.8	221	129	2	9	225	8	228	7.29e-42	142
WP_062595325.1	iSF_1195.SF1285	38.3	230	135	3	9	232	17	245	2.06e-41	141
WP_062595325.1	iCN900.CD630_35920	36.8	234	140	2	6	231	5	238	1.34e-40	139
WP_062595325.1	STM_v1_0.STM1707	37.7	228	135	3	9	230	17	243	9.00e-40	137
WP_062595328.1	iJN1463.PP_2196	33.9	254	141	12	47	291	58	293	1.39e-23	97.8
WP_062595328.1	iCHOv1.100752066	31.1	219	143	5	80	292	127	343	9.25e-23	96.3
WP_062595328.1	iMM1415.75986	29.1	227	145	6	80	292	129	353	1.61e-20	90.1
WP_062595328.1	iSynCJ816.SGL_RS05590	26.3	255	174	7	56	300	113	363	2.71e-20	89.7
WP_062595328.1	iLB1027_lipid.PHATRDRAFT_40880	28.0	254	169	8	56	300	149	397	6.01e-20	89.0
WP_062595333.1	iJN1463.PP_3561	24.2	306	211	7	5	305	16	305	5.09e-13	68.2
WP_062595334.1	iMM904.YEL039C	45.5	101	47	3	72	169	13	108	9.24e-23	88.6
WP_062595334.1	iMM904.YJR048W	43.6	101	51	3	72	170	9	105	1.17e-22	88.2
WP_062595335.1	iYL1228.KPN_00945	47.6	248	109	7	10	243	4	244	1.75e-57	183
WP_062595335.1	iSDY_1059.SDY_2340	47.0	247	112	6	10	243	4	244	8.92e-55	176
WP_062595335.1	iML1515.b0918	46.6	247	113	5	10	243	4	244	1.26e-54	176
WP_062595335.1	STM_v1_0.STM0988	45.7	247	115	5	10	243	4	244	1.42e-53	173
WP_062595335.1	iPC815.YPO1400	44.0	252	118	6	10	246	4	247	1.51e-53	173
WP_062595335.1	iSbBS512_1146.SbBS512_E2406	46.2	247	114	5	10	243	4	244	2.01e-53	172
WP_062595335.1	iSSON_1240.SSON_0920	46.2	247	114	5	10	243	4	244	2.01e-53	172
WP_062595335.1	iSF_1195.SF0914	46.2	247	114	5	10	243	4	244	4.01e-53	172
WP_062595336.1	iLB1027_lipid.PHATRDRAFT_3267	35.0	303	163	5	7	276	2	303	4.83e-45	154
WP_062595338.1	iCN718.ABAYE_RS13345	36.5	181	100	2	134	314	75	240	3.58e-34	125
WP_062595338.1	iLB1027_lipid.PHATRDRAFT_16157	36.8	182	102	3	141	319	1	172	5.29e-35	125
WP_062595338.1	iEK1008.Rv3199c	35.9	237	145	5	85	317	76	309	3.11e-33	124
WP_062595338.1	iJN1463.PP_4029	42.1	145	82	1	138	282	99	241	7.42e-33	122
WP_062595338.1	iYL1228.KPN_04378	36.7	196	105	4	123	316	69	247	4.99e-32	119
WP_062595338.1	STM_v1_0.STM4166	36.2	196	106	4	123	316	69	247	1.90e-31	118
WP_062595338.1	iSbBS512_1146.SbBS512_E4487	35.2	196	108	4	123	316	69	247	3.83e-30	114
WP_062595338.1	iPC815.YPO3736	35.3	204	113	4	115	316	61	247	1.55e-29	113
WP_062595338.1	iML1515.b3996	35.2	196	108	4	123	316	69	247	2.02e-29	112
WP_062595338.1	iSF_1195.SF4068	35.2	196	108	4	123	316	69	247	2.02e-29	112
WP_062595338.1	iSSON_1240.SSON_4169	35.2	196	108	4	123	316	69	247	2.02e-29	112
WP_062595343.1	iJN1463.PP_4805	36.6	232	132	6	123	347	118	341	3.50e-36	135
WP_062595343.1	iPC815.YPO2957	28.0	361	202	10	22	348	23	359	4.44e-31	122
WP_062595344.1	iYS854.USA300HOU_RS11805	29.3	157	110	1	29	184	15	171	8.68e-10	60.5
WP_062595348.1	iCN900.CD630_24930	30.9	217	132	8	394	602	5	211	8.00e-14	75.1
WP_062595348.1	iML1515.b3590	33.0	230	131	8	394	610	2	221	4.10e-13	72.8
WP_062595348.1	iSynCJ816.SGL_RS10925	32.8	229	123	7	398	598	18	243	4.93e-13	71.6
WP_062595350.1	STM_v1_0.STM2083	42.3	468	255	7	5	470	18	472	1.99e-99	306
WP_062595353.1	iYS854.USA300HOU_RS04605	30.7	257	164	5	64	313	57	306	1.79e-24	101
WP_062595353.1	iYO844.BSU23070	30.7	241	156	6	86	322	73	306	5.28e-23	99.4
WP_062595353.1	iJN1463.PP_3376	27.5	295	204	5	25	312	14	305	1.71e-23	98.6
WP_062595353.1	iSF_1195.SF3587	32.2	289	172	10	19	296	14	289	3.42e-23	97.8
WP_062595353.1	iSbBS512_1146.SbBS512_E3973	31.6	285	173	9	25	296	14	289	8.89e-23	96.7
WP_062595353.1	iSDY_1059.SDY_4350	31.6	285	173	9	25	296	18	293	1.77e-22	95.9
WP_062595353.1	iEK1008.Rv0728c	27.8	295	189	7	33	321	39	315	2.37e-22	95.5
WP_062595353.1	iML1515.b3553	31.2	285	174	9	25	296	14	289	4.35e-22	94.7
WP_062595353.1	iSSON_1240.SSON_3835	31.2	285	174	9	25	296	18	293	4.59e-22	94.7
WP_062595353.1	STM_v1_0.STM3646	32.4	287	170	11	18	296	19	289	1.12e-21	93.6
WP_062595353.1	iYL1228.KPN_03915	30.0	283	186	7	33	312	32	305	7.35e-21	91.3
WP_062595358.1	iHN637.CLJU_RS10465	34.8	336	213	3	27	357	302	636	2.00e-57	202
WP_062595359.1	iEK1008.Rv1712	46.8	203	92	4	4	191	8	209	6.49e-44	146
WP_062595359.1	iYL1228.KPN_00937	41.0	205	106	3	4	194	7	210	7.53e-42	140
WP_062595359.1	iCN718.ABAYE_RS10535	41.0	212	105	4	4	197	5	214	1.09e-41	140
WP_062595359.1	STM_v1_0.STM0980	41.0	205	106	3	4	194	7	210	4.73e-40	136
WP_062595359.1	iSDY_1059.SDY_2348	40.5	205	107	3	4	194	7	210	1.88e-39	134
WP_062595359.1	iSSON_1240.SSON_0912	41.0	205	106	3	4	194	7	210	1.88e-39	134
WP_062595359.1	iJN1463.PP_1771	39.5	210	110	3	1	194	4	212	2.73e-39	134
WP_062595359.1	iPC815.YPO1391	38.5	221	114	4	4	210	7	219	4.06e-39	134
WP_062595359.1	iML1515.b0910	40.5	205	107	3	4	194	7	210	5.29e-39	133
WP_062595359.1	iSbBS512_1146.SbBS512_E2418	40.5	205	107	3	4	194	7	210	5.29e-39	133
WP_062595359.1	iSF_1195.SF0906	40.5	205	107	3	4	194	7	210	5.29e-39	133
WP_062595368.1	iYL1228.KPN_02565	51.8	307	146	2	1	306	1	306	2.15e-100	297
WP_062595368.1	iSSON_1240.SSON_2186	49.5	309	154	2	1	308	1	308	2.08e-96	286
WP_062595368.1	iSbBS512_1146.SbBS512_E0844	49.5	309	154	2	1	308	1	308	2.95e-96	286
WP_062595368.1	STM_v1_0.STM2163	49.0	312	157	2	1	311	1	311	2.12e-95	284
WP_062595368.1	iPC815.YPO1198	49.3	306	154	1	1	305	1	306	1.92e-95	284
WP_062595368.1	iML1515.b2129	49.5	309	154	2	1	308	1	308	2.39e-95	284
WP_062595368.1	iSF_1195.SF2214	49.2	309	155	2	1	308	1	308	3.38e-95	283
WP_062595369.1	STM_v1_0.STM2164	41.4	382	208	4	2	377	7	378	4.43e-74	235
WP_062595369.1	iML1515.b2130	39.9	378	220	3	5	377	3	378	1.11e-73	234
WP_062595369.1	iSSON_1240.SSON_2187	40.9	379	211	3	7	377	5	378	1.11e-73	234
WP_062595369.1	iSbBS512_1146.SbBS512_E0843	40.9	379	207	4	7	377	5	374	4.38e-73	232
WP_062595369.1	iYL1228.KPN_02566	43.6	369	202	3	7	374	8	371	6.83e-72	229
WP_062595369.1	iSF_1195.SF2215	40.6	379	212	3	7	377	5	378	6.83e-72	229
WP_062595370.1	iCN900.CD630_04310	24.4	537	304	21	2	512	5	465	2.77e-18	87.4
WP_062595370.1	iYL1228.KPN_02373	30.7	192	127	2	323	510	3	192	6.50e-18	83.2
WP_062595370.1	iJN1463.PP_0118	27.4	226	152	5	324	540	5	227	4.50e-17	80.9
WP_062595370.1	iSDY_1059.SDY_1145	29.3	191	129	2	324	510	4	192	4.07e-17	80.9
WP_062595370.1	iML1515.b1858	29.3	191	129	2	324	510	4	192	5.50e-17	80.5
WP_062595370.1	iSSON_1240.SSON_1283	29.3	191	129	2	324	510	4	192	5.50e-17	80.5
WP_062595370.1	iSbBS512_1146.SbBS512_E0954	29.3	191	129	2	324	510	4	192	7.45e-17	80.1
WP_062595370.1	iSF_1195.SF1867	29.3	191	129	2	324	510	4	192	7.45e-17	80.1
WP_062595370.1	iSynCJ816.SGL_RS14425	28.2	234	141	7	325	538	51	277	2.26e-16	79.3
WP_062595370.1	iYO844.BSU03590	25.5	239	154	6	1	236	1	218	1.72e-16	79.0
WP_062595371.1	iJN1463.PP_2717	31.0	420	255	15	22	419	15	421	1.29e-32	127
WP_062595374.1	STM_v1_0.STM3526	50.4	496	241	3	5	499	2	493	7.30e-174	498
WP_062595374.1	iYL1228.KPN_03792	50.1	495	242	3	5	498	2	492	2.94e-173	497
WP_062595374.1	iSbBS512_1146.SbBS512_E3808	50.7	491	237	3	5	494	2	488	3.26e-172	494
WP_062595374.1	iSDY_1059.SDY_3649	50.7	491	237	3	5	494	2	488	4.62e-172	494
WP_062595374.1	iSSON_1240.SSON_3663	50.7	491	237	3	5	494	2	488	6.55e-172	493
WP_062595374.1	iSF_1195.SF3448	50.5	491	238	3	5	494	7	493	1.10e-171	493
WP_062595374.1	iML1515.b3426	50.5	491	238	3	5	494	2	488	1.32e-171	493
WP_062595374.1	iJN1463.PP_1073	53.0	489	222	5	4	490	14	496	2.48e-167	482
WP_062595374.1	iCN718.ABAYE_RS04625	51.5	480	224	5	4	481	9	481	2.23e-163	472
WP_062595374.1	iPC815.YPO3937	49.9	465	227	5	36	498	2	462	1.38e-156	453
WP_062595376.1	iLJ478.TM0956	42.3	501	280	6	17	510	11	509	7.13e-112	342
WP_062595376.1	iPC815.YPO4036	37.9	501	300	8	18	510	4	501	2.38e-109	335
WP_062595376.1	iML1515.b2149	39.5	506	294	6	9	510	6	503	9.33e-108	330
WP_062595376.1	STM_v1_0.STM2189	39.4	508	289	8	10	510	8	503	9.33e-108	330
WP_062595376.1	iSF_1195.SF2234	39.5	506	294	6	9	510	6	503	9.33e-108	330
WP_062595376.1	iSSON_1240.SSON_2205	39.5	506	294	6	9	510	6	503	9.33e-108	330
WP_062595376.1	iPC815.YPO2256	40.1	489	276	7	22	504	23	500	6.07e-107	329
WP_062595376.1	iHN637.CLJU_RS00620	39.1	494	290	4	18	507	5	491	4.24e-107	328
WP_062595376.1	iYL1228.KPN_04154	38.1	496	296	4	18	510	4	491	6.34e-107	328
WP_062595376.1	iSbBS512_1146.SbBS512_E3955	38.2	502	297	7	18	510	4	501	1.79e-106	327
WP_062595376.1	iML1515.b3567	38.2	502	297	7	18	510	4	501	2.53e-106	327
WP_062595376.1	iYL1228.KPN_03931	38.3	504	294	7	18	510	4	501	5.03e-106	326
WP_062595376.1	iSF_1195.SF3611	38.2	502	297	7	18	510	4	501	7.10e-106	326
WP_062595376.1	iYL1228.KPN_02587	39.0	492	290	5	23	510	3	488	4.13e-105	323
WP_062595376.1	iML1515.b3749	38.6	500	288	6	18	510	4	491	2.19e-104	322
WP_062595376.1	STM_v1_0.STM3882	37.9	496	297	4	18	510	4	491	4.36e-104	321
WP_062595376.1	iLJ478.TM0115	39.1	509	288	6	18	513	14	513	1.50e-103	320
WP_062595376.1	iPC815.YPO3964	38.6	492	293	4	18	507	6	490	1.46e-103	320
WP_062595376.1	iPC815.YPO1508	38.5	499	293	6	18	510	13	503	7.88e-103	318
WP_062595376.1	iPC815.YPO0958	37.8	492	295	5	19	507	6	489	7.11e-102	315
WP_062595376.1	iSbBS512_1146.SbBS512_E1024	39.2	482	274	7	22	496	11	480	1.28e-100	312
WP_062595376.1	iML1515.b1900	39.2	482	274	7	22	496	11	480	1.81e-100	311
WP_062595376.1	iSDY_1059.SDY_1121	39.2	482	274	7	22	496	11	480	1.81e-100	311
WP_062595376.1	iSSON_1240.SSON_1218	39.0	482	275	7	22	496	11	480	1.00e-99	310
WP_062595376.1	iYO844.BSU35940	37.3	498	289	6	19	507	3	486	4.07e-99	308
WP_062595377.1	iYL1228.KPN_04155	44.6	316	160	4	23	337	17	318	3.53e-71	224
WP_062595377.1	iML1515.b3750	44.4	315	162	4	23	337	17	318	2.80e-70	221
WP_062595377.1	STM_v1_0.STM3883	45.1	315	160	4	23	337	17	318	3.13e-69	219
WP_062595377.1	iLJ478.TM0955	43.9	319	169	4	27	343	20	330	8.36e-69	218
WP_062595377.1	iNF517.LLMG_RS04065	41.1	314	168	3	31	343	16	313	3.85e-65	208
WP_062595377.1	iPC815.YPO2499	40.7	312	166	4	29	339	35	328	2.17e-62	201
WP_062595380.1	iML1515.b4101	38.7	137	76	4	19	152	18	149	1.12e-18	77.0
WP_062595381.1	iML1515.b4100	38.2	191	115	2	6	194	3	192	6.67e-31	111
WP_062595382.1	iML1515.b4099	58.3	357	140	2	1	355	1	350	2.12e-137	395
WP_062595383.1	iML1515.b4098	77.0	269	62	0	3	271	4	272	4.02e-154	431
WP_062595384.1	iCN900.CD630_35340	41.3	242	141	1	13	254	47	287	7.68e-61	193
WP_062595386.1	iML1515.b4106	53.1	245	112	2	9	250	5	249	1.15e-78	239
WP_062595387.1	iML1515.b4105	51.7	325	140	4	1	317	1	316	1.83e-104	309
WP_062595389.1	iCN718.ABAYE_RS03640	53.4	219	91	3	1	217	1	210	1.18e-81	242
WP_062595389.1	iMM904.YBL064C	55.1	214	92	2	3	215	49	259	1.40e-76	231
WP_062595396.1	iJN1463.PP_4174	61.3	163	63	0	3	165	2	164	1.25e-73	218
WP_062595396.1	iML1515.b0954	55.0	171	77	0	1	171	1	171	2.02e-70	210
WP_062595396.1	iSbBS512_1146.SbBS512_E2362	55.0	171	77	0	1	171	1	171	2.02e-70	210
WP_062595396.1	iSDY_1059.SDY_0927	55.0	171	77	0	1	171	1	171	2.02e-70	210
WP_062595396.1	iSF_1195.SF0954	55.0	171	77	0	1	171	1	171	2.02e-70	210
WP_062595396.1	iSSON_1240.SSON_0958	55.0	171	77	0	1	171	1	171	2.02e-70	210
WP_062595396.1	STM_v1_0.STM1067	54.4	171	78	0	1	171	1	171	1.65e-69	207
WP_062595396.1	iYL1228.KPN_00983	53.8	171	79	0	1	171	1	171	1.35e-68	205
WP_062595396.1	iPC815.YPO1430	54.4	171	78	0	1	171	1	171	1.56e-67	202
WP_062595397.1	iJN1463.PP_4175	64.4	407	143	2	1	407	1	405	1.39e-179	505
WP_062595397.1	iYL1228.KPN_02713	62.8	406	150	1	1	406	1	405	6.53e-178	501
WP_062595397.1	iML1515.b2323	62.6	404	150	1	1	404	1	403	1.43e-174	493
WP_062595397.1	iSbBS512_1146.SbBS512_E2701	62.6	404	150	1	1	404	1	403	1.43e-174	493
WP_062595397.1	STM_v1_0.STM2378	62.4	404	151	1	1	404	1	403	1.90e-174	492
WP_062595397.1	iSDY_1059.SDY_2522	62.6	404	150	1	1	404	1	403	2.04e-174	492
WP_062595397.1	iSSON_1240.SSON_2381	62.6	404	150	1	1	404	1	403	2.04e-174	492
WP_062595397.1	iSF_1195.SF2399	62.6	404	150	1	1	404	1	403	5.24e-174	491
WP_062595397.1	iPC815.YPO2757	60.0	407	159	3	1	405	1	405	2.89e-167	474
WP_062595398.1	iIT341.HP0195	50.8	258	127	0	3	260	2	259	5.78e-87	259
WP_062595398.1	iCN718.ABAYE_RS16180	56.6	256	109	2	3	256	4	259	5.12e-86	257
WP_062595398.1	iYL1228.KPN_01284	52.5	259	122	1	3	260	2	260	2.49e-85	255
WP_062595398.1	iML1515.b1288	52.1	259	123	1	3	260	2	260	3.53e-85	254
WP_062595398.1	iSF_1195.SF1293	52.1	259	123	1	3	260	2	260	3.53e-85	254
WP_062595398.1	iSSON_1240.SSON_1852	52.1	259	123	1	3	260	2	260	3.53e-85	254
WP_062595398.1	STM_v1_0.STM1700	51.7	259	124	1	3	260	2	260	7.09e-85	254
WP_062595398.1	iSDY_1059.SDY_1368	51.7	259	124	1	3	260	2	260	2.02e-84	253
WP_062595398.1	iSbBS512_1146.SbBS512_E1522	51.7	259	124	1	3	260	2	260	5.74e-84	251
WP_062595398.1	iAF987.Gmet_2558	50.6	255	125	1	3	256	2	256	1.91e-83	250
WP_062595398.1	iSynCJ816.SGL_RS04250	50.2	255	124	1	5	256	4	258	2.03e-83	250
WP_062595398.1	iYO844.BSU11720	51.4	253	121	1	5	255	5	257	1.89e-81	245
WP_062595400.1	iHN637.CLJU_RS10465	47.2	72	36	2	621	691	476	546	8.07e-09	58.5
WP_062595402.1	iSynCJ816.SGL_RS18050	39.2	263	145	6	14	271	3	255	1.43e-46	158
WP_062595402.1	iYS854.USA300HOU_RS06405	32.6	310	189	6	13	309	3	305	4.18e-44	152
WP_062595404.1	iCN718.ABAYE_RS07665	32.4	188	118	4	3	187	11	192	1.88e-23	94.7
WP_062595408.1	iSynCJ816.SGL_RS10930	25.4	504	239	11	9	394	6	490	6.93e-27	115
WP_062595408.1	iEK1008.Rv0684	25.1	501	237	12	8	387	8	491	6.47e-24	106
WP_062595408.1	iSynCJ816.SGL_RS17200	26.5	502	225	16	10	388	5	485	1.98e-23	104
WP_062595409.1	iCN718.ABAYE_RS09345	38.3	154	95	0	27	180	19	172	5.52e-30	108
WP_062595410.1	iAF987.Gmet_2727	34.0	103	68	0	113	215	293	395	2.92e-14	70.5
WP_062595410.1	iAF987.Gmet_1832	39.4	104	61	2	112	213	412	515	7.16e-13	66.6
WP_062595411.1	iYO844.BSU19690	37.3	322	197	4	28	347	57	375	5.95e-66	215
WP_062595411.1	iAF692.Mbar_A0670	38.7	328	196	4	23	347	37	362	5.68e-66	213
WP_062595415.1	iPC815.YPO3796	37.2	417	249	7	32	442	27	436	3.42e-82	259
WP_062595415.1	STM_v1_0.STM3557	36.4	420	248	8	32	442	25	434	6.60e-82	259
WP_062595415.1	iYL1228.KPN_03813	36.0	417	254	7	32	442	25	434	1.44e-80	255
WP_062595415.1	iML1515.b3453	35.7	420	253	7	32	443	25	435	2.03e-80	255
WP_062595415.1	iSbBS512_1146.SbBS512_E3870	35.9	421	251	8	32	443	25	435	2.03e-80	255
WP_062595416.1	iYL1228.KPN_03812	40.7	295	173	1	2	296	3	295	3.24e-72	224
WP_062595416.1	iPC815.YPO3795	41.3	293	170	1	4	296	5	295	1.47e-70	219
WP_062595416.1	STM_v1_0.STM3556	39.3	295	177	1	2	296	3	295	4.16e-70	218
WP_062595416.1	iML1515.b3452	39.3	295	177	1	2	296	3	295	8.31e-70	218
WP_062595416.1	iSbBS512_1146.SbBS512_E3871	39.0	295	178	1	2	296	3	295	4.70e-69	216
WP_062595417.1	iSbBS512_1146.SbBS512_E3872	45.8	301	137	2	1	295	1	281	6.49e-87	261
WP_062595417.1	iML1515.b3451	45.5	301	138	2	1	295	1	281	2.62e-86	259
WP_062595417.1	iPC815.YPO3794	44.5	301	141	2	1	295	1	281	6.87e-84	253
WP_062595417.1	iYL1228.KPN_03811	45.8	301	137	2	1	295	1	281	9.73e-84	253
WP_062595417.1	STM_v1_0.STM3555	45.8	301	137	2	1	295	1	281	9.73e-84	253
WP_062595418.1	STM_v1_0.STM3554	52.4	357	166	4	1	354	1	356	1.36e-118	347
WP_062595418.1	iPC815.YPO3793	52.6	359	163	3	1	355	1	356	1.99e-118	347
WP_062595418.1	iYL1228.KPN_03810	49.6	365	162	4	1	353	1	355	2.68e-113	334
WP_062595418.1	iML1515.b3450	49.3	363	168	4	1	354	1	356	2.16e-112	332
WP_062595418.1	iSbBS512_1146.SbBS512_E3873	49.3	363	168	4	1	354	1	356	6.14e-112	330
WP_062595424.1	iJN1463.PP_2469	52.5	345	156	3	1	345	1	337	6.38e-123	357
WP_062595424.1	STM_v1_0.STM1337	50.4	345	152	4	1	345	1	326	4.71e-115	337
WP_062595424.1	iCN718.ABAYE_RS15760	50.0	342	152	4	4	345	3	325	9.14e-115	336
WP_062595424.1	iSDY_1059.SDY_1809	50.4	345	152	4	1	345	1	326	1.34e-114	335
WP_062595424.1	iSF_1195.SF1517	50.4	345	152	4	1	345	1	326	3.81e-114	334
WP_062595424.1	iSbBS512_1146.SbBS512_E1956	50.4	345	152	4	1	345	1	326	7.66e-114	333
WP_062595424.1	iSSON_1240.SSON_1444	50.1	345	153	4	1	345	1	326	6.20e-113	331
WP_062595424.1	iYL1228.KPN_02176	50.4	345	152	4	1	345	1	326	1.76e-112	330
WP_062595424.1	iAF987.Gmet_1415	50.9	342	160	4	4	345	5	338	3.34e-110	325
WP_062595425.1	STM_v1_0.STM1338	38.3	807	463	19	1	797	1	782	2.10e-151	462
WP_062595425.1	iSSON_1240.SSON_1445	37.4	807	470	19	1	797	1	782	1.39e-148	455
WP_062595425.1	iPC815.YPO2428	38.1	808	463	17	1	797	1	782	1.95e-148	454
WP_062595425.1	iSF_1195.SF1518	37.3	807	471	19	1	797	1	782	2.74e-148	454
WP_062595425.1	iSbBS512_1146.SbBS512_E1955	37.3	807	471	19	1	797	1	782	2.13e-147	452
WP_062595425.1	iSDY_1059.SDY_1808	37.2	807	472	19	1	797	1	782	2.32e-146	449
WP_062595425.1	iYL1228.KPN_02175	37.1	807	473	18	1	797	1	782	3.27e-146	449
WP_062595425.1	iJN1463.PP_2470	36.4	818	485	21	1	809	1	792	7.90e-143	440
WP_062595426.1	iJN1463.PP_4639	35.5	335	174	11	6	329	3	306	1.11e-43	153
WP_062595426.1	iML1515.b4352	34.2	301	173	6	6	306	4	279	2.25e-40	144
WP_062595428.1	iJN1463.PP_4286	26.5	257	155	10	37	290	77	302	2.79e-11	62.8
WP_062595430.1	iCN718.ABAYE_RS12975	31.8	340	190	7	1	306	1	332	6.68e-38	137
WP_062595430.1	iYO844.BSU39780	35.2	321	174	12	1	307	1	301	3.03e-37	134
WP_062595431.1	iCHOv1.100753544	35.2	145	89	4	2	143	3	145	1.01e-16	79.0
WP_062595431.1	iAF692.Mbar_A1138	30.3	145	98	3	1	145	1	142	2.80e-14	72.0
WP_062595434.1	iJN1463.PP_3720	34.5	145	76	3	1	126	3	147	3.95e-14	68.2
WP_062595436.1	iYL1228.KPN_01056	38.4	284	162	5	44	320	35	312	1.54e-49	167
WP_062595436.1	STM_v1_0.STM1135	39.4	284	159	6	44	320	35	312	2.17e-49	166
WP_062595436.1	iML1515.b1033	38.0	284	163	6	44	320	35	312	4.67e-48	163
WP_062595436.1	iSSON_1240.SSON_1042	38.0	284	163	6	44	320	48	325	6.48e-48	163
WP_062595436.1	iSbBS512_1146.SbBS512_E2296	38.0	284	163	6	44	320	35	312	9.23e-48	162
WP_062595436.1	iSDY_1059.SDY_1004	38.0	284	163	6	44	320	48	325	3.55e-47	161
WP_062595437.1	iJN1463.PP_4150	64.1	526	187	2	5	530	6	529	4.80e-232	649
WP_062595440.1	iJN1463.PP_4149	62.0	361	111	4	18	376	3	339	1.51e-155	441
WP_062595440.1	iML1515.b2179	58.1	363	123	3	17	376	3	339	2.09e-146	417
WP_062595441.1	STM_v1_0.STM2383	39.5	256	143	6	52	307	26	269	2.42e-50	169
WP_062595441.1	iYL1228.KPN_02718	39.4	246	137	5	62	307	36	269	4.78e-50	168
WP_062595441.1	iSbBS512_1146.SbBS512_E2706	39.0	246	138	4	62	307	36	269	2.63e-49	166
WP_062595441.1	iPC815.YPO2752	37.4	262	139	6	52	307	26	268	3.80e-49	166
WP_062595441.1	iSDY_1059.SDY_2527	39.4	246	137	5	62	307	36	269	7.31e-49	165
WP_062595441.1	iML1515.b2328	39.0	246	138	5	62	307	36	269	1.11e-47	162
WP_062595441.1	iSF_1195.SF2404	39.0	246	138	5	62	307	36	269	1.11e-47	162
WP_062595441.1	iSSON_1240.SSON_2386	38.7	230	138	2	62	291	36	262	8.55e-47	160
WP_062595442.1	iSF_1195.SF2454	36.8	304	191	1	16	319	6	308	3.28e-61	198
WP_062595442.1	iSSON_1240.SSON_2480	37.2	304	190	1	16	319	6	308	3.28e-61	198
WP_062595442.1	iSDY_1059.SDY_2587	37.2	304	190	1	16	319	6	308	4.63e-61	197
WP_062595442.1	STM_v1_0.STM2403	36.8	304	191	1	16	319	6	308	1.30e-60	196
WP_062595442.1	iML1515.b2388	36.8	304	191	1	16	319	6	308	2.58e-60	196
WP_062595442.1	iSbBS512_1146.SbBS512_E2757	36.8	304	191	1	16	319	6	308	2.58e-60	196
WP_062595442.1	iYL1228.KPN_02738	36.8	304	191	1	16	319	6	308	7.21e-60	194
WP_062595442.1	iPC815.YPO2977	37.0	308	193	1	16	323	6	312	3.01e-59	193
WP_062595442.1	iJN1463.PP_1011	39.3	308	181	5	15	319	4	308	8.31e-58	189
WP_062595444.1	iPC815.YPO0480	45.4	271	147	1	1	271	1	270	5.30e-73	224
WP_062595444.1	iJN1463.PP_4725	45.8	264	142	1	8	271	4	266	1.00e-71	221
WP_062595444.1	iCN718.ABAYE_RS00740	46.9	262	137	2	10	271	9	268	9.72e-71	218
WP_062595444.1	STM_v1_0.STM0064	42.9	273	155	1	1	273	1	272	1.14e-66	208
WP_062595444.1	iYL1228.KPN_00039	43.2	271	153	1	1	271	1	270	3.24e-66	207
WP_062595444.1	iML1515.b0031	43.2	271	153	1	1	271	1	270	9.17e-66	206
WP_062595444.1	iSSON_1240.SSON_0036	43.2	271	153	1	1	271	1	270	9.17e-66	206
WP_062595444.1	iSF_1195.SF0028	43.2	271	153	1	1	271	1	270	1.30e-65	205
WP_062595444.1	iSDY_1059.SDY_0053	42.8	271	154	1	1	271	1	270	3.67e-65	204
WP_062595444.1	iSbBS512_1146.SbBS512_E0035	42.4	271	155	1	1	271	1	270	2.94e-64	202
WP_062595445.1	iCHOv1.100766080	47.8	230	92	2	5	206	6	235	2.33e-66	204
WP_062595445.1	iAT_PLT_636.5223	47.4	230	93	2	5	206	6	235	3.30e-66	204
WP_062595445.1	iMM1415.18648	47.4	230	93	2	5	206	6	235	3.30e-66	204
WP_062595445.1	iYS854.USA300HOU_RS13070	47.1	225	94	1	5	204	4	228	6.32e-63	194
WP_062595445.1	iAT_PLT_636.5224	44.8	230	99	3	5	206	6	235	3.54e-60	188
WP_062595445.1	iCHOv1.100761944	45.4	218	92	1	5	195	6	223	2.01e-59	186
WP_062595445.1	iAF987.Gmet_1653	45.8	227	98	1	5	206	4	230	2.38e-59	186
WP_062595448.1	iYS854.USA300HOU_RS12475	38.9	319	185	7	8	325	3	312	1.38e-66	211
WP_062595448.1	iJN1463.PP_3376	41.3	327	175	9	8	329	4	318	5.68e-60	194
WP_062595452.1	iCHOv1.100750644	22.6	226	150	8	1	222	1	205	1.33e-04	41.6
WP_062595454.1	STM_v1_0.STM0659	37.2	484	259	9	5	481	8	453	3.85e-88	285
WP_062595454.1	iSbBS512_1146.SbBS512_E0599	36.6	484	262	8	5	481	8	453	7.42e-87	281
WP_062595454.1	iSSON_1240.SSON_0604	36.8	484	261	8	5	481	8	453	7.42e-87	281
WP_062595454.1	iML1515.b0650	36.6	484	262	8	5	481	8	453	2.04e-86	280
WP_062595455.1	iSynCJ816.SGL_RS05320	37.9	583	319	16	105	650	169	745	1.75e-95	312
WP_062595455.1	iAF987.Gmet_1671	37.8	527	307	9	138	651	66	584	8.20e-96	311
WP_062595455.1	iAF987.Gmet_0354	31.4	738	349	13	74	655	25	761	6.50e-91	302
WP_062595459.1	iJN1463.PP_1226	38.1	226	123	7	2	217	5	223	2.33e-38	132
WP_062595459.1	iAF987.Gmet_3075	36.7	226	129	5	2	218	4	224	7.16e-37	129
WP_062595461.1	iPC815.YPO0935	43.9	310	171	3	13	319	6	315	2.87e-85	259
WP_062595461.1	iML1515.b2947	43.0	307	173	2	13	317	6	312	6.15e-81	248
WP_062595461.1	iSSON_1240.SSON_3101	43.0	307	173	2	13	317	6	312	6.15e-81	248
WP_062595461.1	iSbBS512_1146.SbBS512_E3379	43.0	307	173	2	13	317	6	312	1.23e-80	247
WP_062595461.1	iYL1228.KPN_03380	42.2	308	175	3	13	317	6	313	1.74e-80	246
WP_062595461.1	iSF_1195.SF2938	43.0	307	173	2	13	317	6	312	2.47e-80	246
WP_062595461.1	STM_v1_0.STM3095	41.1	309	180	2	13	319	6	314	3.38e-80	246
WP_062595461.1	iJN1463.PP_4993	43.6	307	171	2	13	317	7	313	7.20e-80	245
WP_062595461.1	iSDY_1059.SDY_3125	42.3	307	175	2	13	317	6	312	3.95e-79	243
WP_062595461.1	iCN718.ABAYE_RS01270	40.0	310	184	2	11	318	3	312	9.54e-77	237
WP_062595464.1	iCHOv1.100760626	27.3	472	311	8	1	451	1	461	2.77e-52	182
WP_062595466.1	iLB1027_lipid.PHATRDRAFT_45605	29.4	326	188	11	21	323	26	332	2.11e-30	117
WP_062595469.1	iEK1008.Rv0684	29.0	473	296	10	9	449	10	474	3.88e-45	168
WP_062595469.1	iSynCJ816.SGL_RS10930	29.4	476	285	15	9	449	7	466	2.02e-43	163
WP_062595470.1	iYL1228.KPN_02392	46.8	457	235	4	1	455	1	451	2.82e-144	420
WP_062595470.1	STM_v1_0.STM1928	46.4	457	236	4	1	455	1	450	1.77e-142	416
WP_062595470.1	iML1515.b1896	46.5	458	235	4	1	455	1	451	4.20e-141	412
WP_062595470.1	iSDY_1059.SDY_1193	46.5	458	235	4	1	455	1	451	4.20e-141	412
WP_062595470.1	iSSON_1240.SSON_1221	46.5	458	235	4	1	455	1	451	4.20e-141	412
WP_062595472.1	iAF692.Mbar_A2583	31.9	204	126	2	5	202	10	206	8.77e-27	101
WP_062595472.1	iAF987.Gmet_0798	33.2	202	133	1	3	204	7	206	2.32e-26	100
WP_062595475.1	STM_v1_0.STM4420	57.0	263	111	2	1	262	1	262	8.23e-95	279
WP_062595475.1	iYL1228.KPN_04671	56.3	263	112	3	3	264	2	262	3.33e-94	278
WP_062595475.1	iYO844.BSU39750	49.6	268	129	3	1	262	1	268	8.83e-85	254
WP_062595476.1	iYL1228.KPN_04677	38.5	299	176	4	2	297	6	299	5.44e-67	211
WP_062595477.1	iYL1228.KPN_04674	45.2	628	308	7	16	608	2	628	8.69e-162	478
WP_062595477.1	iYO844.BSU39730	41.2	631	341	4	18	622	5	631	2.13e-154	458
WP_062595478.1	iEK1008.Rv3702c	28.4	261	152	11	1	259	1	228	5.85e-16	74.7
WP_062595479.1	iCN718.ABAYE_RS03170	48.6	360	178	5	24	380	11	366	1.04e-94	290
WP_062595479.1	iJN1463.PP_5285	46.4	412	205	8	19	428	2	399	1.36e-94	290
WP_062595479.1	iPC815.YPO0048	44.1	408	213	5	21	427	4	397	6.24e-90	278
WP_062595479.1	iAF987.Gmet_2673	45.1	399	201	9	21	417	2	384	4.79e-89	275
WP_062595479.1	iYL1228.KPN_03979	44.4	408	213	6	21	427	4	398	2.25e-87	271
WP_062595479.1	iSDY_1059.SDY_4069	43.9	410	216	6	20	427	26	423	9.31e-87	270
WP_062595479.1	iML1515.b3639	43.9	410	216	6	20	427	2	399	6.53e-87	270
WP_062595479.1	STM_v1_0.STM3730	43.2	410	219	5	20	427	3	400	6.72e-87	270
WP_062595479.1	iSSON_1240.SSON_3767	43.9	410	216	6	20	427	26	423	1.85e-86	270
WP_062595479.1	iSF_1195.SF3678	43.7	410	217	6	20	427	26	423	1.03e-85	268
WP_062595479.1	iYS854.USA300HOU_RS06085	44.0	361	195	5	24	383	2	356	3.31e-85	265
WP_062595479.1	iYO844.BSU15700	42.0	388	210	7	21	406	2	376	5.74e-85	265
WP_062595479.1	iSbBS512_1146.SbBS512_E4064	43.2	410	219	6	20	427	2	399	3.21e-84	263
WP_062595480.1	iJN1463.PP_2582	31.0	158	101	4	2	155	11	164	8.38e-14	66.2
WP_062595480.1	iJN1463.PP_1005	32.4	173	102	6	4	168	8	173	3.18e-13	64.7
WP_062595481.1	iJN1463.PP_4210	49.1	654	320	5	2	646	3	652	3.37e-191	554
WP_062595483.1	iJN1463.PP_5013	38.4	419	250	4	55	468	56	471	6.27e-88	280
WP_062595483.1	iYL1228.KPN_04331	36.5	480	296	5	3	476	2	478	6.57e-85	272
WP_062595483.1	STM_v1_0.STM3972	38.2	416	249	4	57	466	55	468	2.10e-82	266
WP_062595483.1	iSbBS512_1146.SbBS512_E4307	38.5	416	248	4	57	466	55	468	1.61e-81	263
WP_062595483.1	iSDY_1059.SDY_3908	38.5	416	248	4	57	466	55	468	1.61e-81	263
WP_062595483.1	iSF_1195.SF3913	38.5	416	248	4	57	466	55	468	1.61e-81	263
WP_062595483.1	iSSON_1240.SSON_4010	38.2	416	249	4	57	466	55	468	6.22e-81	262
WP_062595483.1	iPC815.YPO3779	35.9	468	289	5	3	465	2	463	1.70e-79	258
WP_062595495.1	iPC815.YPO0439	58.0	407	166	3	17	420	3	407	4.77e-162	461
WP_062595495.1	STM_v1_0.STM4569	56.9	408	169	4	17	420	3	407	9.71e-157	448
WP_062595495.1	iML1515.b4383	56.9	408	169	4	17	420	3	407	1.38e-156	447
WP_062595495.1	iSbBS512_1146.SbBS512_E4930	56.9	408	169	4	17	420	3	407	1.38e-156	447
WP_062595495.1	iSF_1195.SF4415	56.9	408	169	4	17	420	3	407	1.38e-156	447
WP_062595495.1	iSDY_1059.SDY_4643	56.9	408	169	4	17	420	3	407	2.77e-156	447
WP_062595495.1	iSSON_1240.SSON_4534	56.6	408	170	4	17	420	3	407	5.56e-156	446
WP_062595495.1	iYL1228.KPN_04839	56.8	407	171	3	17	420	7	411	1.28e-155	445
WP_062595496.1	iJN1463.PP_0591	31.4	312	204	4	5	310	8	315	2.61e-44	153
WP_062595496.1	iCN718.ABAYE_RS13035	29.6	321	222	3	5	322	10	329	3.72e-39	140
WP_062595497.1	iYS854.USA300HOU_RS11405	58.9	209	86	0	1	209	1	209	3.92e-86	253
WP_062595497.1	iYO844.BSU36890	57.4	209	89	0	1	209	1	209	2.61e-84	248
WP_062595497.1	iNF517.LLMG_RS10940	55.0	211	93	1	1	209	1	211	1.86e-82	243
WP_062595497.1	iCN900.CD630_34790	55.0	209	94	0	1	209	1	209	1.64e-80	238
WP_062595497.1	iHN637.CLJU_RS01135	53.1	209	98	0	1	209	1	209	8.91e-78	231
WP_062595499.1	STM_v1_0.STM4568	53.5	437	201	1	2	436	3	439	3.90e-146	423
WP_062595499.1	iSDY_1059.SDY_4642	53.5	437	201	1	2	436	3	439	2.55e-144	418
WP_062595499.1	iSbBS512_1146.SbBS512_E4929	53.5	437	201	1	2	436	3	439	3.62e-144	418
WP_062595499.1	iSSON_1240.SSON_4533	53.5	437	201	1	2	436	3	439	3.62e-144	418
WP_062595499.1	iML1515.b4382	53.5	437	201	1	2	436	3	439	1.03e-143	417
WP_062595499.1	iYL1228.KPN_04838	53.1	437	203	1	2	436	3	439	2.06e-143	416
WP_062595499.1	iSF_1195.SF4414	53.3	437	202	1	2	436	3	439	8.32e-143	414
WP_062595500.1	iSF_1195.SF4413	56.3	238	99	3	14	246	11	248	8.94e-80	240
WP_062595500.1	iSDY_1059.SDY_4641	55.9	238	100	3	14	246	11	248	5.11e-79	238
WP_062595500.1	iSSON_1240.SSON_4532	55.9	238	100	3	14	246	11	248	5.11e-79	238
WP_062595500.1	iML1515.b4381	55.5	238	101	3	14	246	11	248	1.45e-78	237
WP_062595500.1	iSbBS512_1146.SbBS512_E4928	55.5	238	101	3	14	246	11	248	2.06e-78	237
WP_062595500.1	STM_v1_0.STM4567	54.6	238	103	3	14	246	17	254	8.12e-77	233
WP_062595500.1	iPC815.YPO0436	53.4	253	112	4	11	258	14	265	1.15e-76	233
WP_062595500.1	iYL1228.KPN_04837	53.4	238	106	3	14	246	11	248	7.69e-76	230
WP_062595502.1	iCN900.CD630_03020	28.4	169	97	5	62	230	105	249	1.42e-07	52.0
WP_062595502.1	iML1515.b3750	27.6	279	134	11	6	268	63	289	1.85e-06	48.5
WP_062595502.1	iYL1228.KPN_04155	27.6	279	134	11	6	268	63	289	3.29e-06	47.8
WP_062595503.1	iYL1228.KPN_02586	24.1	170	96	4	201	352	176	330	7.89e-05	43.9
WP_062595504.1	iPC815.YPO3964	38.7	483	283	6	6	486	7	478	5.29e-103	318
WP_062595504.1	iLJ478.TM0115	38.1	488	279	5	6	483	15	489	5.23e-100	310
WP_062595504.1	iML1515.b2149	37.6	481	291	4	6	485	14	486	1.38e-99	309
WP_062595504.1	iSF_1195.SF2234	37.6	481	291	4	6	485	14	486	1.38e-99	309
WP_062595504.1	iSSON_1240.SSON_2205	37.6	481	291	4	6	485	14	486	1.38e-99	309
WP_062595504.1	STM_v1_0.STM2189	37.0	481	294	4	6	485	14	486	2.75e-99	308
WP_062595504.1	iPC815.YPO1508	36.0	484	301	4	3	485	11	486	1.32e-96	301
WP_062595504.1	STM_v1_0.STM3882	38.0	489	292	6	3	490	2	480	6.36e-96	299
WP_062595504.1	iNF517.LLMG_RS04060	37.0	481	291	4	6	485	3	472	9.78e-96	298
WP_062595504.1	iML1515.b3749	37.5	493	283	7	6	490	5	480	1.78e-95	298
WP_062595504.1	iYL1228.KPN_04154	37.7	486	292	6	6	490	5	480	4.97e-95	297
WP_062595504.1	iYL1228.KPN_02587	36.0	480	296	5	8	485	1	471	7.43e-95	296
WP_062595504.1	iHN637.CLJU_RS00620	36.6	495	297	5	1	490	1	483	1.31e-94	296
WP_062595504.1	iYO844.BSU35940	35.7	485	295	5	6	486	3	474	2.91e-91	287
WP_062595506.1	iYL1228.KPN_00165	36.5	716	412	20	50	737	35	735	4.40e-122	382
WP_062595506.1	iJN1463.PP_0350	34.4	692	421	17	68	737	130	810	4.51e-120	379
WP_062595506.1	STM_v1_0.STM0191	34.9	702	425	14	56	737	40	729	3.59e-118	371
WP_062595506.1	iSSON_1240.SSON_0162	34.6	702	427	14	56	737	40	729	5.41e-117	368
WP_062595506.1	iSbBS512_1146.SbBS512_E0142	34.5	702	428	14	56	737	40	729	4.13e-116	366
WP_062595506.1	iSF_1195.SF0142	34.2	719	425	15	56	737	40	747	1.66e-111	354
WP_062595506.1	iJN1463.PP_0160	34.0	695	417	16	69	737	150	828	1.61e-110	354
WP_062595506.1	iML1515.b0150	34.1	719	426	15	56	737	40	747	2.47e-110	351
WP_062595506.1	STM_v1_0.STM0364	35.5	668	398	19	87	737	51	702	2.19e-110	350
WP_062595506.1	iSDY_1059.SDY_0166	33.9	719	427	15	56	737	40	747	1.33e-109	349
WP_062595508.1	iJN1463.PP_0336	58.5	217	86	4	4	218	5	219	2.16e-81	241
WP_062595508.1	iML1515.b4219	55.2	212	93	2	6	217	3	212	1.19e-78	234
WP_062595508.1	iSF_1195.SF4268	55.2	212	93	2	6	217	3	212	1.19e-78	234
WP_062595508.1	iSSON_1240.SSON_4404	55.2	212	93	2	6	217	3	212	1.19e-78	234
WP_062595508.1	iYL1228.KPN_04615	55.8	208	91	1	10	217	26	232	3.25e-78	234
WP_062595508.1	STM_v1_0.STM4408	55.2	212	93	2	6	217	3	212	3.40e-78	233
WP_062595508.1	iSbBS512_1146.SbBS512_E4863	54.7	212	94	2	6	217	3	212	9.71e-78	232
WP_062595508.1	iSDY_1059.SDY_4456	54.2	212	95	2	6	217	3	212	9.71e-78	232
WP_062595508.1	iPC815.YPO3525	55.8	197	86	1	18	214	14	209	3.20e-76	228
WP_062595513.1	iAF987.Gmet_3131	46.5	327	171	3	1	327	2	324	4.82e-99	295
WP_062595513.1	iHN637.CLJU_RS06110	48.0	325	163	5	1	323	1	321	7.36e-90	271
WP_062595513.1	iYO844.BSU12840	43.5	329	181	3	1	327	1	326	4.45e-89	270
WP_062595514.1	iAF987.Gmet_0069	36.4	184	107	3	123	304	130	305	3.24e-23	97.1
WP_062595514.1	iJN1463.PP_4405	37.8	180	97	4	121	300	166	330	1.51e-22	95.5
WP_062595514.1	iML1515.b1341	33.0	200	116	3	101	300	226	407	1.42e-20	90.9
WP_062595514.1	iML1515.b1285	31.7	199	115	6	106	302	215	394	3.73e-20	90.5
WP_062595514.1	iAF987.Gmet_2425	29.5	207	128	5	97	300	153	344	1.63e-20	90.1
WP_062595514.1	iAF987.Gmet_2721	30.4	204	131	3	107	307	475	670	2.28e-19	88.2
WP_062595517.1	iAF987.Gmet_0782	28.6	234	143	4	18	236	490	714	8.27e-18	82.4
WP_062595517.1	iAF987.Gmet_0987	25.9	239	143	5	18	236	549	773	2.82e-17	80.9
WP_062595517.1	iAF987.Gmet_0700	27.3	231	158	4	18	240	583	811	3.85e-17	80.5
WP_062595517.1	iJN1463.PP_1144	28.9	232	137	6	22	236	482	702	1.25e-16	79.0
WP_062595518.1	iLJ478.TM1071	40.0	390	217	5	38	419	2	382	3.42e-90	278
WP_062595519.1	iCN718.ABAYE_RS09790	35.0	263	160	6	433	692	3	257	1.06e-27	112
WP_062595519.1	iCN900.CD630_26790	31.8	255	169	4	438	692	5	254	1.80e-25	105
WP_062595519.1	iSbBS512_1146.SbBS512_E3172	32.0	256	170	3	438	692	3	255	6.24e-25	104
WP_062595519.1	iML1515.b2705	32.0	256	170	3	438	692	3	255	2.11e-24	102
WP_062595519.1	iSDY_1059.SDY_2902	32.0	256	170	3	438	692	3	255	2.11e-24	102
WP_062595519.1	iSF_1195.SF2728	32.4	256	169	4	438	692	3	255	2.11e-24	102
WP_062595519.1	iLJ478.TM1724	31.3	262	155	4	435	692	3	243	1.59e-24	102
WP_062595519.1	iAF987.Gmet_1601	33.7	261	152	6	434	692	2	243	2.93e-24	102
WP_062595521.1	iML1515.b1516	32.1	336	211	6	5	327	7	338	1.70e-52	176
WP_062595522.1	iML1515.b3749	45.5	492	266	2	19	509	3	493	2.34e-148	434
WP_062595522.1	STM_v1_0.STM3882	45.3	492	267	2	19	509	3	493	1.88e-147	431
WP_062595522.1	iYL1228.KPN_04154	44.9	492	269	2	19	509	3	493	4.29e-146	428
WP_062595522.1	iLJ478.TM0956	44.0	498	269	3	20	507	12	509	1.50e-138	409
WP_062595523.1	iNF517.LLMG_RS04065	35.7	305	193	2	9	313	12	313	8.93e-46	157
WP_062595523.1	iYO844.BSU35950	34.9	298	192	1	12	309	25	320	3.08e-45	156
WP_062595523.1	iLJ478.TM0955	34.7	303	186	4	11	304	22	321	2.91e-44	154
WP_062595523.1	iYL1228.KPN_04155	34.2	313	192	6	4	310	17	321	8.86e-44	152
WP_062595523.1	iPC815.YPO2499	33.8	308	184	3	12	311	35	330	4.23e-43	151
WP_062595523.1	iML1515.b3750	33.9	313	193	6	4	310	17	321	1.32e-42	149
WP_062595523.1	iML1515.b4086	33.8	296	192	3	12	306	29	321	4.08e-42	148
WP_062595523.1	iSF_1195.SF1584	34.7	300	187	3	14	308	11	306	8.24e-42	148
WP_062595523.1	iML1515.b1514	34.7	300	187	3	14	308	11	306	1.61e-41	147
WP_062595523.1	STM_v1_0.STM3883	33.4	311	193	6	6	310	19	321	2.74e-41	146
WP_062595524.1	iPC815.YPO2257	33.0	318	204	5	11	326	23	333	2.14e-41	147
WP_062595524.1	iPC815.YPO2499	33.1	296	191	3	45	337	39	330	1.54e-39	142
WP_062595524.1	iML1515.b4460	33.9	289	186	3	40	326	27	312	8.15e-38	137
WP_062595524.1	iSbBS512_1146.SbBS512_E1023	33.6	289	187	3	40	326	27	312	4.33e-37	135
WP_062595524.1	iSSON_1240.SSON_1219	33.6	289	187	3	40	326	28	313	4.42e-37	135
WP_062595524.1	iSDY_1059.SDY_1122	33.9	289	186	3	40	326	28	313	8.61e-37	134
WP_062595524.1	iCN900.CD630_03020	32.4	287	190	3	45	329	34	318	1.79e-36	134
WP_062595524.1	iNF517.LLMG_RS04065	28.4	299	207	3	45	339	18	313	1.19e-36	134
WP_062595524.1	iYO844.BSU35950	32.1	293	195	3	41	331	26	316	2.81e-36	133
WP_062595526.1	STM_v1_0.STM2977	25.9	274	174	10	12	269	6	266	9.68e-08	53.9
WP_062595526.1	iYL1228.KPN_03154	26.6	199	130	8	78	269	77	266	1.20e-06	50.4
WP_062595527.1	iML1515.b1798	29.0	124	88	0	19	142	23	146	8.02e-12	61.6
WP_062595527.1	iYL1228.KPN_04320	29.5	183	128	1	20	202	20	201	1.83e-10	57.8
WP_062595527.1	iML1515.b3824	30.3	188	130	1	1	188	1	187	2.52e-10	57.4
WP_062595527.1	iSbBS512_1146.SbBS512_E4291	30.3	188	130	1	1	188	1	187	2.52e-10	57.4
WP_062595527.1	STM_v1_0.STM3960	28.4	183	130	1	20	202	20	201	4.77e-10	56.6
WP_062595528.1	iCN900.CD630_30460	32.3	269	182	0	15	283	21	289	1.80e-37	134
WP_062595531.1	iCN900.CD630_01200	26.9	309	205	6	48	338	300	605	1.18e-18	86.7
WP_062595531.1	iAF987.Gmet_1487	33.9	257	152	6	45	287	296	548	1.58e-18	86.3
WP_062595531.1	iMM1415.14584	34.2	231	137	5	45	263	370	597	3.05e-18	85.5
WP_062595531.1	iCHOv1.100767191	34.2	231	137	5	45	263	440	667	4.30e-18	85.1
WP_062595531.1	iJN1463.PP_5409	29.4	357	222	10	8	338	254	606	4.03e-17	82.0
WP_062595531.1	iAF987.Gmet_0104	33.3	249	148	6	48	282	299	543	5.40e-17	81.6
WP_062595531.1	iHN637.CLJU_RS19905	34.2	219	124	5	48	251	298	511	9.71e-17	80.9
WP_062595531.1	iNF517.LLMG_RS07630	31.4	312	186	10	48	339	298	601	9.68e-17	80.9
WP_062595531.1	iLB1027_lipid.PHATRDRAFT_14994	30.1	272	164	7	93	339	332	602	9.69e-17	80.9
WP_062595531.1	iEK1008.Rv3436c	31.4	363	209	13	8	338	265	619	2.38e-16	79.7
WP_062595531.1	iMM1415.14583	31.5	203	127	3	97	288	420	621	6.01e-16	78.6
WP_062595532.1	STM_v1_0.STM0683	37.4	382	232	3	10	388	2	379	8.03e-71	226
WP_062595532.1	iML1515.b0677	36.4	382	236	3	10	388	2	379	2.57e-68	220
WP_062595532.1	iSbBS512_1146.SbBS512_E0574	36.4	382	236	3	10	388	2	379	2.57e-68	220
WP_062595532.1	iSDY_1059.SDY_0611	36.4	382	236	3	10	388	2	379	3.62e-68	219
WP_062595532.1	iSSON_1240.SSON_0631	36.4	382	236	3	10	388	2	379	3.62e-68	219
WP_062595532.1	iYL1228.KPN_00698	35.6	382	239	3	10	388	2	379	5.10e-68	219
WP_062595532.1	iSF_1195.SF0616	36.1	382	237	3	10	388	2	379	2.83e-67	217
WP_062595532.1	iPC815.YPO2626	35.2	384	242	3	10	390	2	381	1.67e-65	213
WP_062595534.1	STM_v1_0.STM1220	34.6	301	188	4	5	299	5	302	1.34e-42	148
WP_062595534.1	iYL1228.KPN_01116	33.9	298	194	1	5	299	5	302	1.88e-42	147
WP_062595534.1	iSF_1195.SF1123	33.9	298	194	1	5	299	5	302	1.02e-41	145
WP_062595534.1	iML1515.b1119	33.6	298	195	1	5	299	5	302	2.02e-41	145
WP_062595534.1	iSDY_1059.SDY_2031	33.6	298	195	1	5	299	5	302	2.02e-41	145
WP_062595534.1	iSSON_1240.SSON_1139	33.6	298	195	1	5	299	5	302	5.58e-41	144
WP_062595534.1	iAF987.Gmet_2805	36.0	283	156	7	5	272	8	280	4.20e-38	136
WP_062595535.1	iJN1463.PP_0931	33.4	476	264	11	8	443	4	466	6.92e-45	162
WP_062595535.1	iAF987.Gmet_0075	32.2	469	269	11	7	436	5	463	4.36e-40	149
WP_062595537.1	iAF987.Gmet_0849	34.3	175	113	2	141	314	503	676	3.91e-25	105
WP_062595537.1	iAF987.Gmet_2817	28.5	228	162	1	86	312	140	367	7.47e-26	105
WP_062595537.1	iAF987.Gmet_2714	29.8	218	147	4	94	308	94	308	1.57e-23	98.2
WP_062595537.1	iAF987.Gmet_1365	30.1	206	129	4	117	308	168	372	9.64e-23	97.1
WP_062595537.1	iAF987.Gmet_2559	31.3	179	121	2	144	321	363	540	3.21e-22	96.7
WP_062595538.1	iJN1463.PP_3530	63.2	272	100	0	1	272	1	272	7.57e-133	376
WP_062595539.1	iLJ478.TM1749	49.3	306	153	2	9	313	4	308	7.83e-95	284
WP_062595539.1	STM_v1_0.STM1743	48.9	311	155	3	2	310	8	316	6.33e-94	282
WP_062595539.1	iLJ478.TM1064	50.5	307	146	3	9	310	4	309	1.15e-93	281
WP_062595539.1	iSbBS512_1146.SbBS512_E1415	47.9	317	162	3	9	325	19	332	2.18e-92	278
WP_062595539.1	iSSON_1240.SSON_1934	47.4	312	162	2	1	312	11	320	3.08e-92	278
WP_062595539.1	iLJ478.TM0058	49.8	309	146	4	9	309	4	311	5.11e-92	277
WP_062595539.1	iSDY_1059.SDY_1304	48.7	304	154	2	9	312	19	320	1.24e-91	276
WP_062595539.1	iSF_1195.SF1247	48.7	304	154	2	9	312	19	320	1.24e-91	276
WP_062595539.1	iYO844.BSU12950	50.5	299	142	3	9	304	4	299	4.66e-91	275
WP_062595539.1	iEK1008.Rv1281c	48.0	319	162	4	9	324	4	321	1.01e-87	275
WP_062595539.1	iYL1228.KPN_02194	48.5	303	154	2	8	310	18	318	9.95e-91	274
WP_062595539.1	iYL1228.KPN_03896	45.8	301	162	1	9	309	3	302	1.03e-90	274
WP_062595539.1	iML1515.b1246	48.4	304	155	2	9	312	19	320	2.82e-90	273
WP_062595539.1	iML1515.b3541	45.8	301	162	1	9	309	3	302	2.06e-90	273
WP_062595539.1	iSF_1195.SF3576	45.8	301	162	1	9	309	3	302	2.06e-90	273
WP_062595539.1	iSSON_1240.SSON_3849	45.8	301	162	1	9	309	3	302	4.12e-90	272
WP_062595539.1	STM_v1_0.STM3627	45.4	306	165	2	9	313	3	307	1.65e-89	271
WP_062595539.1	iPC815.YPO4000	45.5	301	163	1	9	309	3	302	1.60e-89	271
WP_062595539.1	iSDY_1059.SDY_4564	45.2	301	164	1	9	309	3	302	1.33e-88	268
WP_062595539.1	iYS854.USA300HOU_RS04900	49.5	293	147	1	9	300	5	297	3.70e-88	268
WP_062595539.1	iJN1463.PP_0879	48.2	303	154	3	9	310	3	303	2.07e-86	263
WP_062595539.1	iYL1228.KPN_00862	49.7	296	135	6	9	290	12	307	2.76e-81	258
WP_062595540.1	iJN1463.PP_0881	33.5	331	204	5	7	323	7	335	2.20e-49	167
WP_062595540.1	iYL1228.KPN_03898	33.8	340	198	8	5	323	5	338	1.61e-45	157
WP_062595540.1	iML1515.b1486	34.3	335	190	6	7	320	9	334	2.47e-44	154
WP_062595540.1	STM_v1_0.STM3629	32.9	340	201	8	5	323	5	338	1.31e-43	152
WP_062595541.1	iJN1463.PP_5004	30.2	106	68	3	29	134	30	129	1.06e-04	42.7
WP_062595543.1	iSynCJ816.SGL_RS11810	31.2	365	231	8	6	357	56	413	5.00e-46	163
WP_062595544.1	iJN1463.PP_1132	51.9	393	173	4	14	396	7	393	5.15e-125	366
WP_062595544.1	iYL1228.KPN_00016	49.9	385	175	4	18	391	8	385	3.19e-115	341
WP_062595544.1	iSbBS512_1146.SbBS512_E0019	49.0	386	179	4	21	395	7	385	2.54e-115	341
WP_062595544.1	iSSON_1240.SSON_0021	49.0	386	179	4	21	395	7	385	2.54e-115	341
WP_062595544.1	STM_v1_0.STM0039	49.7	382	174	4	21	391	7	381	5.10e-115	340
WP_062595544.1	iSF_1195.SF0016	49.0	386	179	4	21	395	7	385	2.05e-114	339
WP_062595544.1	iML1515.b0019	48.7	386	180	4	21	395	7	385	2.90e-114	338
WP_062595544.1	iSDY_1059.SDY_0018	48.7	386	180	4	21	395	7	385	4.11e-114	338
WP_062595548.1	iJN1463.PP_3596	47.5	417	214	4	1	416	1	413	3.94e-132	385
WP_062595551.1	iJN1463.PP_5030	56.4	399	170	2	15	413	3	397	1.54e-142	411
WP_062595551.1	iYL1228.KPN_00792	53.8	398	178	2	16	412	10	402	2.00e-136	396
WP_062595551.1	iCN718.ABAYE_RS00945	52.1	386	181	2	16	401	4	385	1.04e-127	374
WP_062595552.1	iSynCJ816.SGL_RS16640	41.6	404	223	6	47	448	27	419	1.93e-105	319
WP_062595553.1	iAF987.Gmet_1162	51.9	291	129	4	1	291	1	280	4.34e-97	287
WP_062595553.1	iJN1463.PP_1945	49.7	286	139	3	4	289	5	285	9.02e-88	263
WP_062595559.1	iCN900.CD630_02510	47.7	327	166	4	115	440	106	428	7.38e-91	282
WP_062595561.1	iAF987.Gmet_0384	53.9	425	195	1	5	428	4	428	2.38e-135	395
WP_062595561.1	iCN718.ABAYE_RS15595	52.5	425	201	1	4	427	3	427	7.02e-133	389
WP_062595561.1	iJN1463.PP_0966	52.0	433	205	3	4	434	9	440	2.19e-129	380
WP_062595563.1	iEK1008.Rv0773c	36.5	520	311	9	1	517	8	511	4.19e-80	259
WP_062595565.1	iYO844.BSU03290	45.2	84	46	0	18	101	9	92	4.41e-19	75.9
WP_062595566.1	iYO844.BSU19580	22.6	456	282	20	55	485	60	469	2.00e-04	45.1
WP_062595570.1	iEK1008.Rv2438c	59.6	679	272	2	1	679	1	677	1.23e-290	809
WP_062595571.1	iMM1415.14751	56.0	521	222	4	20	533	26	546	4.68e-201	571
WP_062595571.1	iCHOv1.100689468	55.8	523	224	4	19	534	25	547	9.40e-201	570
WP_062595571.1	iAT_PLT_636.2821	55.2	522	227	4	19	533	64	585	1.65e-198	566
WP_062595571.1	iML1515.b4025	53.8	530	242	3	6	533	13	541	9.75e-196	557
WP_062595571.1	iSbBS512_1146.SbBS512_E4530	53.8	530	242	3	6	533	13	541	9.75e-196	557
WP_062595571.1	iSDY_1059.SDY_4226	53.8	530	242	3	6	533	13	541	9.75e-196	557
WP_062595571.1	iSSON_1240.SSON_4203	53.8	530	242	3	6	533	13	541	9.75e-196	557
WP_062595571.1	iPC815.YPO3718	55.0	516	229	3	20	533	27	541	1.34e-195	557
WP_062595571.1	iSF_1195.SF4180	53.6	530	243	3	6	533	13	541	2.78e-195	556
WP_062595571.1	STM_v1_0.STM4221	53.0	530	246	3	6	533	13	541	3.19e-194	553
WP_062595571.1	iYL1228.KPN_04413	53.2	530	245	3	6	533	13	541	6.41e-194	553
WP_062595571.1	iEK1008.Rv0946c	55.3	524	219	5	18	534	28	543	9.58e-187	535
WP_062595571.1	iLB1027_lipid.PHATRDRAFT_23924	51.6	523	244	3	20	533	25	547	3.43e-182	523
WP_062595574.1	iCN718.ABAYE_RS12975	33.0	361	190	11	1	325	1	345	1.13e-48	166
WP_062595576.1	iSynCJ816.SGL_RS07690	46.9	352	161	4	6	353	4	333	1.56e-98	295
WP_062595576.1	iLB1027_lipid.PHATRDRAFT_15595	44.3	368	167	7	8	352	2	354	3.59e-89	271
WP_062595580.1	iJN1463.PP_4051	43.5	575	293	15	18	582	5	557	4.57e-147	436
WP_062595581.1	iJN1463.PP_4055	55.0	694	296	7	10	690	17	707	1.64e-281	788
WP_062595582.1	iPC815.YPO3939	43.8	479	263	4	1	476	1	476	1.76e-137	404
WP_062595582.1	iYL1228.KPN_03795	43.8	480	264	4	1	477	1	477	1.51e-133	394
WP_062595582.1	iSF_1195.SF3452	42.8	479	268	4	1	476	1	476	5.03e-129	382
WP_062595582.1	iSDY_1059.SDY_3575	42.8	479	268	4	1	476	1	476	7.11e-129	382
WP_062595582.1	iML1515.b3429	42.8	479	268	4	1	476	1	476	1.01e-128	382
WP_062595582.1	iSSON_1240.SSON_3669	42.8	479	268	4	1	476	1	476	2.85e-128	380
WP_062595582.1	STM_v1_0.STM3535	42.8	479	268	4	1	476	1	476	5.70e-128	380
WP_062595582.1	iSbBS512_1146.SbBS512_E3895	42.4	479	270	4	1	476	1	476	6.45e-127	377
WP_062595583.1	iYL1228.KPN_03835	45.5	770	327	12	9	774	53	733	1.96e-172	513
WP_062595583.1	iML1515.b3469	43.5	773	346	10	7	776	48	732	3.34e-166	497
WP_062595583.1	iSF_1195.SF3487	43.3	774	346	11	7	776	48	732	3.71e-165	494
WP_062595583.1	iSSON_1240.SSON_3707	43.3	774	346	11	7	776	48	732	3.71e-165	494
WP_062595583.1	iSbBS512_1146.SbBS512_E3853	43.3	774	346	11	7	776	48	732	5.24e-165	494
WP_062595583.1	iSDY_1059.SDY_3620	49.9	601	294	4	177	776	138	732	1.04e-164	493
WP_062595583.1	iPC815.YPO3820	49.5	614	293	6	177	776	176	786	3.09e-163	491
WP_062595583.1	STM_v1_0.STM3576	50.6	587	281	6	190	774	151	730	8.87e-160	481
WP_062595584.1	iCN718.ABAYE_RS19070	31.9	163	102	4	37	198	29	183	8.47e-19	80.1
WP_062595585.1	iLB1027_lipid.PHATRDRAFT_36390	24.9	229	160	6	1	225	1	221	1.51e-06	47.4
WP_062595588.1	iSynCJ816.SGL_RS16035	46.3	456	236	6	5	459	4	451	7.09e-124	368
WP_062595592.1	iPC815.YPO3318	50.4	284	134	4	23	303	34	313	1.72e-81	249
WP_062595593.1	iML1515.b4096	49.6	228	113	1	6	233	1	226	7.41e-71	216
WP_062595594.1	iML1515.b4095	43.2	382	206	5	6	382	2	377	4.04e-92	281
WP_062595595.1	iSynCJ816.SGL_RS08135	42.0	424	235	4	10	422	5	428	2.84e-103	313
WP_062595595.1	iEK1008.Rv0392c	40.8	436	236	7	2	420	3	433	1.29e-92	287
WP_062595596.1	iLB1027_lipid.PHATRDRAFT_20342	54.3	35	16	0	4	38	218	252	7.01e-05	44.7
WP_062595596.1	iJN1463.PP_2008	52.4	42	20	0	3	44	393	434	1.71e-04	43.5
WP_062595596.1	iEK1008.Rv3858c	50.0	36	18	0	3	38	145	180	6.10e-04	41.6
WP_062595600.1	iSynCJ816.SGL_RS06545	35.4	336	197	8	25	353	187	509	2.73e-45	161
WP_062595600.1	iAF987.Gmet_2360	32.5	335	212	6	14	346	163	485	1.05e-43	157
WP_062595600.1	iCN718.ABAYE_RS04800	35.8	327	188	6	22	346	14	320	7.07e-45	156
WP_062595602.1	iAF987.Gmet_0885	31.5	314	199	8	14	323	6	307	3.97e-43	150
WP_062595602.1	STM_v1_0.STM2298	33.1	302	192	6	9	309	5	297	4.78e-41	145
WP_062595602.1	iYL1228.KPN_03846	34.7	300	188	7	10	309	6	297	1.31e-40	144
WP_062595602.1	iPC815.YPO2421	32.5	317	201	7	10	322	6	313	1.31e-40	144
WP_062595602.1	iML1515.b2254	32.6	301	193	7	10	309	6	297	2.65e-37	135
WP_062595602.1	iSF_1195.SF2333	32.6	301	193	7	10	309	6	297	2.65e-37	135
WP_062595602.1	iSSON_1240.SSON_2315	32.6	301	193	7	10	309	6	297	2.65e-37	135
WP_062595605.1	iJN1463.PP_4148	64.1	362	124	1	1	362	1	356	8.68e-160	451
WP_062595605.1	iML1515.b2178	59.6	364	144	1	1	361	1	364	4.64e-154	437
WP_062595607.1	iLJ478.TM1185	57.4	122	51	1	1	122	12	132	1.23e-41	135
WP_062595607.1	iYO844.BSU22480	58.3	115	47	1	7	121	3	116	6.94e-40	129
WP_062595607.1	STM_v1_0.STM1076	52.9	119	55	1	4	122	11	128	8.80e-39	127
WP_062595607.1	iML1515.b0963	50.8	122	59	1	1	122	8	128	3.55e-38	125
WP_062595607.1	iSbBS512_1146.SbBS512_E2352	50.8	122	59	1	1	122	8	128	3.55e-38	125
WP_062595607.1	iSDY_1059.SDY_0938	50.8	122	59	1	1	122	11	131	3.88e-38	125
WP_062595607.1	iSF_1195.SF0965	50.8	122	59	1	1	122	11	131	3.88e-38	125
WP_062595607.1	iSSON_1240.SSON_0967	50.8	122	59	1	1	122	11	131	3.88e-38	125
WP_062595607.1	iYL1228.KPN_00992	50.0	122	60	1	1	122	13	133	3.33e-37	123
WP_062595607.1	iPC815.YPO1441	50.4	121	59	1	1	121	8	127	4.33e-37	123
WP_062595610.1	iMM904.YJR105W	25.7	335	219	11	3	314	2	329	2.33e-19	87.0
WP_062595610.1	iIS312.TCDM_01513	30.6	265	156	10	77	319	85	343	8.57e-19	85.5
WP_062595615.1	iAF987.Gmet_1593	57.0	142	59	1	12	153	8	147	7.11e-47	149
WP_062595620.1	iPC815.YPO3781	50.8	244	118	1	14	257	9	250	5.24e-82	246
WP_062595620.1	iLB1027_lipid.PHATRDRAFT_47199	48.7	271	115	3	11	257	51	321	7.54e-78	238
WP_062595620.1	iJN1463.PP_5011	49.8	257	127	2	1	257	1	255	2.65e-78	236
WP_062595620.1	iML1515.b3833	48.4	244	124	1	14	257	9	250	1.48e-76	232
WP_062595620.1	iSbBS512_1146.SbBS512_E4305	48.4	244	124	1	14	257	9	250	1.48e-76	232
WP_062595620.1	iSDY_1059.SDY_3910	48.4	244	124	1	14	257	9	250	1.48e-76	232
WP_062595620.1	iSF_1195.SF3911	48.4	244	124	1	14	257	9	250	1.48e-76	232
WP_062595620.1	iSSON_1240.SSON_4008	48.4	244	124	1	14	257	9	250	1.48e-76	232
WP_062595620.1	STM_v1_0.STM3970	48.0	244	125	1	14	257	9	250	5.96e-76	230
WP_062595620.1	iYL1228.KPN_04329	47.5	244	126	1	14	257	9	250	4.82e-75	228
WP_062595629.1	iSbBS512_1146.SbBS512_E1412	24.3	551	366	18	1	535	9	524	1.96e-26	112
WP_062595629.1	iSF_1195.SF1244	24.9	550	364	18	1	535	9	524	1.52e-25	110
WP_062595629.1	iYL1228.KPN_02197	25.2	473	306	18	80	535	84	525	2.05e-25	109
WP_062595629.1	iML1515.b1243	24.0	549	370	17	1	535	9	524	3.65e-25	108
WP_062595629.1	iSDY_1059.SDY_1301	24.0	551	368	17	1	535	9	524	4.88e-25	108
WP_062595629.1	iSSON_1240.SSON_1937	24.1	551	367	18	1	535	9	524	4.88e-25	108
WP_062595629.1	iJN1463.PP_0884	24.2	484	300	19	62	519	56	498	3.55e-23	102
WP_062595630.1	iJN1463.PP_1779	36.2	185	114	2	20	200	39	223	7.21e-36	130
WP_062595631.1	iML1515.b1856	34.3	239	143	9	397	632	199	426	1.51e-25	109
WP_062595632.1	iHN637.CLJU_RS18520	37.2	293	181	2	18	310	4	293	1.46e-65	209
WP_062595632.1	iAF987.Gmet_1160	41.7	288	161	3	18	305	5	285	1.63e-64	206
WP_062595632.1	iSynCJ816.SGL_RS07805	37.8	307	182	4	4	310	38	335	4.68e-60	196
WP_062595632.1	iCN900.CD630_07220	36.3	295	181	3	18	310	4	293	3.88e-59	192
WP_062595633.1	iCN900.CD630_07210	40.0	75	43	2	103	176	131	204	2.53e-12	63.2
WP_062595634.1	iAF692.Mbar_A1295	31.3	96	59	3	115	204	83	177	6.78e-06	45.4
WP_062595634.1	iYS854.USA300HOU_RS05340	32.5	83	51	2	115	193	74	155	1.07e-05	44.7
WP_062595634.1	iLJ478.TM1248	30.6	85	47	3	113	191	75	153	1.68e-05	44.3
WP_062595634.1	iEK1008.Rv0956	38.5	78	36	3	120	191	90	161	5.99e-05	42.7
WP_062595634.1	iCN900.CD630_02220	35.1	77	43	3	121	191	73	148	1.29e-04	41.6
WP_062595634.1	iAF692.Mbar_A0915	30.6	85	53	3	113	194	85	166	2.13e-04	41.6
WP_062595635.1	iCN900.CD630_20200	53.5	858	391	5	1	852	1	856	1.71e-305	862
WP_062595638.1	iSynCJ816.SGL_RS09640	32.6	218	143	2	71	284	79	296	4.82e-25	101
WP_062595640.1	STM_v1_0.STM2432	32.0	544	359	6	182	718	2	541	1.04e-78	263
WP_062595640.1	iSDY_1059.SDY_2613	32.3	545	356	7	182	718	2	541	3.89e-78	261
WP_062595640.1	iSF_1195.SF2471	32.3	545	356	7	182	718	2	541	3.89e-78	261
WP_062595640.1	iSSON_1240.SSON_2505	32.3	545	356	7	182	718	2	541	3.89e-78	261
WP_062595640.1	iML1515.b2416	32.3	545	356	7	182	718	2	541	5.42e-78	261
WP_062595640.1	iSbBS512_1146.SbBS512_E2764	32.3	545	356	7	182	718	2	541	7.54e-78	261
WP_062595640.1	iYO844.BSU13910	31.4	535	364	3	182	714	4	537	2.53e-76	256
WP_062595640.1	iYL1228.KPN_02763	31.7	543	362	6	182	718	2	541	7.67e-76	255
WP_062595640.1	iJN1463.PP_0793	35.2	534	331	7	182	714	400	919	7.25e-73	255
WP_062595640.1	iYS854.USA300HOU_RS05400	30.6	529	363	3	182	707	5	532	9.91e-72	244
WP_062595640.1	iNF517.LLMG_RS00675	31.6	538	362	5	182	714	5	541	1.47e-71	244
WP_062595640.1	iCN900.CD630_27550	29.0	565	388	6	183	742	4	560	1.28e-69	238
WP_062595641.1	iCN718.ABAYE_RS13010	52.6	418	195	3	1	416	1	417	5.03e-138	401
WP_062595641.1	iAF987.Gmet_1880	51.2	414	190	2	1	414	1	402	2.86e-137	398
WP_062595641.1	iJN1463.PP_4473	51.7	416	188	3	1	415	1	404	7.46e-134	390
WP_062595642.1	iJN1463.PP_1765	43.2	241	124	2	7	246	2	230	2.97e-64	199
WP_062595642.1	iCN718.ABAYE_RS19010	42.3	241	124	4	5	242	2	230	2.80e-63	197
WP_062595642.1	iMM1415.230027	40.6	249	141	4	5	248	89	335	3.52e-61	196
WP_062595642.1	iSF_1195.SF2312	41.1	236	125	3	9	242	12	235	5.13e-59	186
WP_062595642.1	iSSON_1240.SSON_2290	41.1	236	125	3	9	242	12	235	5.13e-59	186
WP_062595642.1	iML1515.b2232	41.1	236	125	3	9	242	12	235	7.26e-59	186
WP_062595642.1	iSbBS512_1146.SbBS512_E2607	41.1	236	125	3	9	242	12	235	7.26e-59	186
WP_062595642.1	iSDY_1059.SDY_2424	41.1	236	125	3	9	242	12	235	7.26e-59	186
WP_062595642.1	iCHOv1.100763494	37.3	244	148	3	5	244	90	332	5.47e-57	185
WP_062595642.1	iYL1228.KPN_02641	39.3	242	135	2	9	249	12	242	3.09e-58	184
WP_062595642.1	STM_v1_0.STM2276	39.1	238	133	2	9	245	12	238	3.09e-58	184
WP_062595644.1	iMM904.YJL126W	33.8	290	161	4	4	262	7	296	4.78e-47	159
WP_062595644.1	iCN900.CD630_04870	37.4	265	162	3	4	268	5	265	4.52e-46	155
WP_062595644.1	iCHOv1.100756446	33.5	269	171	3	2	268	49	311	3.45e-43	149
WP_062595645.1	iML1515.b3610	57.8	83	34	1	1	83	1	82	3.53e-28	96.7
WP_062595645.1	iSbBS512_1146.SbBS512_E4038	57.8	83	34	1	1	83	1	82	3.53e-28	96.7
WP_062595645.1	iSDY_1059.SDY_4043	57.8	83	34	1	1	83	1	82	3.53e-28	96.7
WP_062595645.1	iSSON_1240.SSON_3795	57.8	83	34	1	1	83	1	82	3.53e-28	96.7
WP_062595645.1	iPC815.YPO0066	55.4	83	36	1	1	83	1	82	3.43e-28	96.7
WP_062595645.1	iSF_1195.SF3649	57.8	83	34	1	1	83	1	82	5.01e-28	96.3
WP_062595645.1	STM_v1_0.STM3702	54.2	83	37	1	1	83	1	82	4.78e-26	91.3
WP_062595645.1	iJN1463.PP_5054	54.1	85	38	1	1	85	1	84	9.91e-26	90.5
WP_062595645.1	iYL1228.KPN_03954	53.0	83	38	1	1	83	1	82	1.94e-25	89.7
WP_062595645.1	iSynCJ816.SGL_RS06795	48.8	82	42	0	2	83	5	86	4.49e-25	89.0
WP_062595646.1	iAF987.Gmet_0844	29.6	179	125	1	82	260	86	263	1.15e-14	72.0
WP_062595648.1	STM_v1_0.STM0137	41.5	123	68	2	10	131	4	123	4.36e-25	92.4
WP_062595648.1	iSDY_1059.SDY_1516	41.5	130	70	2	10	137	3	128	1.37e-24	91.3
WP_062595648.1	iPC815.YPO0565	41.6	125	71	1	10	134	4	126	1.61e-24	90.9
WP_062595648.1	iML1515.b1759	41.5	130	70	2	10	137	3	128	7.77e-24	89.4
WP_062595648.1	iSF_1195.SF1466	40.8	130	71	2	10	137	3	128	4.39e-23	87.4
WP_062595648.1	iSSON_1240.SSON_1397	40.8	130	71	2	10	137	3	128	4.39e-23	87.4
WP_062595648.1	STM_v1_0.STM1301	43.1	123	64	2	11	131	5	123	9.49e-23	86.7
WP_062595648.1	iYL1228.KPN_00103	36.5	126	78	1	10	135	4	127	1.54e-22	85.9
WP_062595648.1	iSbBS512_1146.SbBS512_E0093	38.5	130	74	2	10	137	4	129	4.24e-22	84.7
WP_062595649.1	iAF987.Gmet_0952	45.7	396	209	4	19	413	3	393	8.36e-98	297
WP_062595649.1	iJN1463.PP_1346	43.8	397	218	3	18	413	13	405	1.94e-93	286
WP_062595649.1	iCN718.ABAYE_RS15470	43.1	404	224	4	12	413	7	406	3.53e-88	273
WP_062595652.1	iAF987.Gmet_0798	37.3	193	111	5	21	211	20	204	2.79e-22	89.7
WP_062595654.1	iJN1463.PP_2213	38.0	518	283	13	44	548	56	548	8.46e-82	265
WP_062595654.1	iCN718.ABAYE_RS18700	36.6	511	308	11	43	548	42	541	2.33e-76	251
WP_062595654.1	iYS854.USA300HOU_RS09200	34.1	543	344	9	10	548	25	557	2.05e-74	246
WP_062595654.1	iCN718.ABAYE_RS07465	36.3	502	299	11	53	548	52	538	9.88e-73	241
WP_062595654.1	iYS854.USA300HOU_RS14140	31.6	512	330	5	42	548	25	521	6.95e-73	241
WP_062595658.1	iAF987.Gmet_1277	58.2	273	110	1	8	280	4	272	9.39e-106	308
WP_062595659.1	iJN1463.PP_0957	51.6	322	149	4	12	330	6	323	3.71e-98	292
WP_062595659.1	iCN718.ABAYE_RS12520	44.9	323	170	3	12	330	6	324	2.21e-89	270
WP_062595659.1	iAF987.Gmet_1278	45.7	324	167	4	13	331	2	321	1.56e-88	268
WP_062595662.1	iML1515.b0493	36.9	268	152	2	11	278	17	267	2.36e-46	156
WP_062595663.1	iCN718.ABAYE_RS03570	44.7	190	90	6	3	186	4	184	3.96e-40	134
WP_062595664.1	iJN1463.PP_4201	66.2	308	102	2	1	307	1	307	2.00e-123	355
WP_062595665.1	iYO844.BSU24160	57.5	280	119	0	2	281	3	282	1.13e-112	326
WP_062595665.1	iAF987.Gmet_1717	55.5	281	125	0	1	281	1	281	1.16e-108	316
WP_062595665.1	iAF987.Gmet_2072	53.7	281	130	0	1	281	1	281	1.25e-105	308
WP_062595665.1	iJN1463.PP_3755	52.9	280	132	0	2	281	3	282	2.29e-101	297
WP_062595667.1	iPC815.YPO3868	35.3	68	39	3	109	175	24	87	8.63e-05	40.4
WP_062595667.1	iAF692.Mbar_A2310	38.0	50	30	1	107	156	2	50	3.87e-04	38.1
WP_062595668.1	iAF987.Gmet_0209	54.8	449	202	1	13	461	5	452	3.55e-169	483
WP_062595668.1	iJN1463.PP_0184	53.2	453	211	1	8	460	7	458	3.52e-164	471
WP_062595668.1	iCN718.ABAYE_RS17470	53.0	449	209	2	14	461	19	466	2.54e-161	464
WP_062595670.1	iJN1463.PP_5227	50.4	417	202	4	1	417	1	412	4.29e-128	375
WP_062595670.1	iCN718.ABAYE_RS04825	48.3	404	205	3	8	411	7	406	2.88e-126	371
WP_062595671.1	iAF987.Gmet_1914	29.8	114	80	0	1	114	1	114	1.21e-11	59.7
WP_062595671.1	iAF987.Gmet_0069	30.8	120	75	3	4	117	5	122	8.29e-10	54.3
WP_062595672.1	iPC815.YPO3408	44.3	176	90	4	9	179	5	177	1.06e-42	140
WP_062595672.1	iML1515.b0125	42.4	172	92	3	9	176	5	173	8.56e-42	138
WP_062595672.1	iSbBS512_1146.SbBS512_E0118	42.4	172	92	3	9	176	5	173	8.56e-42	138
WP_062595672.1	iSDY_1059.SDY_0034	42.4	172	92	3	9	176	9	177	9.62e-42	138
WP_062595672.1	iSF_1195.SF0122	42.4	172	92	3	9	176	9	177	9.62e-42	138
WP_062595672.1	iSSON_1240.SSON_0133	42.4	172	92	3	9	176	9	177	9.62e-42	138
WP_062595672.1	iYO844.BSU00680	46.7	169	85	3	10	176	8	173	1.28e-41	137
WP_062595672.1	STM_v1_0.STM0170	43.6	172	90	3	9	176	5	173	1.21e-41	137
WP_062595672.1	iYL1228.KPN_00133	41.6	173	94	3	9	177	9	178	1.09e-40	135
WP_062595672.1	iNF517.LLMG_RS05050	42.3	168	92	3	10	175	7	171	1.17e-39	132
WP_062595674.1	iJN1463.PP_0220	38.8	214	129	2	2	213	33	246	5.03e-42	145
WP_062595674.1	iCN900.CD630_14890	37.0	216	134	2	1	215	1	215	3.49e-42	144
WP_062595674.1	iPC815.YPO1073	36.7	199	125	1	18	215	21	219	1.13e-41	144
WP_062595674.1	iYL1228.KPN_00838	37.5	216	132	3	1	215	1	214	1.82e-42	143
WP_062595674.1	STM_v1_0.STM0247	35.6	219	137	2	1	215	1	219	2.23e-41	143
WP_062595674.1	iYL1228.KPN_00213	35.6	219	137	2	1	215	1	219	3.13e-41	142
WP_062595674.1	iSDY_1059.SDY_0218	35.6	219	137	2	1	215	1	219	3.13e-41	142
WP_062595674.1	iML1515.b0199	35.6	219	137	2	1	215	1	219	4.40e-41	142
WP_062595674.1	iSbBS512_1146.SbBS512_E0193	35.6	219	137	2	1	215	1	219	4.40e-41	142
WP_062595674.1	iSSON_1240.SSON_0213	35.6	219	137	2	1	215	1	219	4.40e-41	142
WP_062595674.1	iSF_1195.SF0190	35.6	219	137	2	1	215	1	219	1.22e-40	141
WP_062595674.1	iML1515.b0809	37.5	216	132	3	1	215	1	214	1.44e-41	140
WP_062595674.1	iSbBS512_1146.SbBS512_E2539	37.5	216	132	3	1	215	1	214	1.44e-41	140
WP_062595674.1	iSDY_1059.SDY_0787	37.5	216	132	3	1	215	1	214	1.44e-41	140
WP_062595674.1	iSSON_1240.SSON_0789	37.5	216	132	3	1	215	1	214	1.44e-41	140
WP_062595674.1	iPC815.YPO2514	38.0	216	131	3	1	215	1	214	2.86e-41	140
WP_062595674.1	STM_v1_0.STM0828	37.0	216	133	3	1	215	1	214	1.13e-40	138
WP_062595674.1	iSF_1195.SF0760	37.0	216	133	3	1	215	1	214	1.60e-40	138
WP_062595674.1	iYO844.BSU23960	37.0	216	133	3	1	215	1	214	4.99e-39	134
WP_062595674.1	iYS854.USA300HOU_RS09925	35.7	199	126	2	16	213	17	214	5.82e-38	131
WP_062595674.1	iEK1008.Rv0073	40.6	207	119	2	2	204	4	210	6.28e-37	131
WP_062595676.1	iJN1463.PP_0058	31.3	182	124	1	29	210	38	218	3.84e-23	94.7
WP_062595679.1	iAF987.Gmet_0863	41.8	282	163	1	7	288	6	286	1.22e-78	240
WP_062595679.1	iCN718.ABAYE_RS06470	44.4	286	151	3	4	285	5	286	5.21e-65	217
WP_062595680.1	iCN900.CD630_22000	36.6	358	212	4	14	365	10	358	2.90e-66	213
WP_062595680.1	iYO844.BSU22620	35.8	358	220	3	14	365	7	360	5.77e-64	207
WP_062595681.1	iSynCJ816.SGL_RS15350	34.2	73	35	3	88	160	132	191	8.09e-04	39.7
WP_062595682.1	iSynCJ816.SGL_RS03800	43.0	258	139	3	4	255	1	256	2.43e-68	211
WP_062595684.1	iSF_1195.SF1752	27.4	292	188	9	2	278	3	285	9.07e-21	89.7
WP_062595684.1	iSSON_1240.SSON_1651	27.6	293	186	10	2	278	3	285	8.52e-20	87.0
WP_062595684.1	iSDY_1059.SDY_1603	28.3	293	184	10	2	278	3	285	1.17e-19	86.7
WP_062595684.1	iML1515.b1473	27.4	292	188	9	2	278	3	285	2.22e-19	85.9
WP_062595693.1	iJN1463.PP_5078	50.3	354	164	8	7	358	1	344	2.77e-93	283
WP_062595693.1	iCN718.ABAYE_RS02015	44.8	353	185	5	7	358	1	344	1.09e-88	271
WP_062595693.1	STM_v1_0.STM3486	45.8	365	190	5	7	370	1	358	2.33e-88	270
WP_062595693.1	iML1515.b3389	45.1	366	191	5	7	370	1	358	1.31e-87	268
WP_062595693.1	iSSON_1240.SSON_3520	45.1	366	191	5	7	370	1	358	1.31e-87	268
WP_062595693.1	iSF_1195.SF3407	45.1	366	191	5	7	370	1	358	5.24e-87	267
WP_062595693.1	iSDY_1059.SDY_3690	44.8	366	192	5	7	370	1	358	7.41e-87	266
WP_062595693.1	iSbBS512_1146.SbBS512_E3766	45.1	366	191	5	7	370	1	358	1.05e-86	266
WP_062595693.1	iYL1228.KPN_03760	44.1	365	196	5	7	370	1	358	6.27e-86	264
WP_062595693.1	iAF987.Gmet_0978	44.2	346	185	4	7	351	1	339	1.98e-83	258
WP_062595693.1	iPC815.YPO0152	44.2	369	197	6	7	373	1	362	2.98e-83	257
WP_062595693.1	iLB1027_lipid.PHATRDRAFT_20809	42.2	367	201	9	10	370	60	421	6.23e-82	256
WP_062595694.1	iAF987.Gmet_0977	36.1	166	106	0	23	188	13	178	8.17e-31	110
WP_062595694.1	iSynCJ816.SGL_RS03075	37.7	167	102	2	24	189	14	179	4.20e-30	108
WP_062595694.1	iJN1463.PP_5079	38.6	171	104	1	23	192	2	172	5.35e-30	108
WP_062595694.1	iYL1228.KPN_03761	35.4	164	104	2	22	183	4	167	3.42e-28	103
WP_062595694.1	iCN718.ABAYE_RS02010	38.6	140	86	0	24	163	20	159	7.25e-28	103
WP_062595694.1	STM_v1_0.STM3487	35.4	164	104	2	22	183	4	167	1.35e-27	102
WP_062595694.1	iML1515.b3390	35.4	164	104	2	22	183	4	167	2.68e-27	101
WP_062595694.1	iSbBS512_1146.SbBS512_E3767	35.4	164	104	2	22	183	4	167	2.68e-27	101
WP_062595694.1	iSDY_1059.SDY_3689	35.4	164	104	2	22	183	4	167	2.68e-27	101
WP_062595694.1	iSF_1195.SF3408	35.4	164	104	2	22	183	71	234	1.30e-26	101
WP_062595694.1	iSSON_1240.SSON_3521	35.4	164	104	2	22	183	4	167	2.68e-27	101
WP_062595695.1	iPC815.YPO1060	52.2	314	146	3	4	314	5	317	2.24e-107	315
WP_062595695.1	iAF987.Gmet_1216	52.1	311	147	1	5	315	7	315	1.43e-105	310
WP_062595695.1	iYO844.BSU29200	50.8	311	152	1	5	315	5	314	5.86e-104	306
WP_062595695.1	STM_v1_0.STM0232	49.8	313	155	1	4	314	5	317	9.67e-104	306
WP_062595695.1	iSSON_1240.SSON_0197	50.0	314	153	3	4	314	5	317	2.23e-102	302
WP_062595695.1	iML1515.b0185	49.5	313	156	1	4	314	5	317	6.34e-102	301
WP_062595695.1	iSDY_1059.SDY_0201	49.5	313	156	1	4	314	5	317	6.34e-102	301
WP_062595695.1	iSF_1195.SF0175	49.5	313	156	1	4	314	5	317	6.34e-102	301
WP_062595695.1	iYL1228.KPN_00198	49.5	313	156	1	4	314	5	317	1.80e-101	300
WP_062595695.1	iJN1463.PP_1607	51.5	299	133	3	4	291	5	302	6.38e-101	298
WP_062595695.1	iSbBS512_1146.SbBS512_E0178	49.2	313	157	1	4	314	5	317	2.07e-100	297
WP_062595695.1	iYS854.USA300HOU_RS09015	47.4	310	162	1	5	314	2	310	7.52e-97	288
WP_062595697.1	iJN1463.PP_4639	33.1	362	198	6	7	368	2	319	3.84e-43	152
WP_062595697.1	iML1515.b4352	31.3	364	195	7	6	366	2	313	1.82e-42	150
WP_062595698.1	iSynCJ816.SGL_RS17805	39.5	380	220	6	10	382	23	399	2.49e-80	251
WP_062595698.1	iYS854.USA300HOU_RS02885	40.6	372	207	8	18	382	19	383	8.41e-78	244
WP_062595698.1	iSynCJ816.SGL_RS15740	36.2	395	235	5	1	381	1	392	6.47e-71	227
WP_062595701.1	iEK1008.Rv3045	60.5	347	135	2	1	346	1	346	5.92e-146	415
WP_062595701.1	iYO844.BSU27010	57.4	340	143	2	8	346	11	349	1.04e-137	394
WP_062595703.1	iJN1463.PP_3591	40.3	313	182	3	5	315	1	310	4.07e-61	198
WP_062595705.1	STM_v1_0.STM0440	54.8	93	41	1	30	122	16	107	1.89e-28	100
WP_062595705.1	iML1515.b0429	51.6	93	44	1	30	122	16	107	3.80e-28	99.4
WP_062595705.1	iSSON_1240.SSON_0412	51.6	93	44	1	30	122	16	107	3.80e-28	99.4
WP_062595705.1	iSbBS512_1146.SbBS512_E0351	51.6	93	44	1	30	122	16	107	1.08e-27	98.2
WP_062595705.1	iYL1228.KPN_00391	52.7	93	43	1	30	122	16	107	6.18e-27	96.3
WP_062595705.1	iPC815.YPO3167	54.8	93	41	1	30	122	17	108	1.46e-25	92.8
WP_062595706.1	iJN1463.PP_0814	62.4	186	70	0	23	208	22	207	1.45e-78	233
WP_062595706.1	iML1515.b0430	60.0	185	73	1	23	206	18	202	2.16e-77	230
WP_062595706.1	iYL1228.KPN_00392	60.4	187	70	1	24	206	15	201	2.09e-77	230
WP_062595706.1	iSSON_1240.SSON_0413	60.0	185	73	1	23	206	18	202	2.16e-77	230
WP_062595706.1	iSbBS512_1146.SbBS512_E0352	60.0	185	73	1	23	206	18	202	3.06e-77	230
WP_062595706.1	STM_v1_0.STM0441	58.9	185	75	1	23	206	18	202	2.50e-76	228
WP_062595706.1	iPC815.YPO3166	58.9	192	78	1	16	206	11	202	7.12e-76	226
WP_062595707.1	iML1515.b0431	68.8	656	202	2	10	663	1	655	0.0	951
WP_062595707.1	iSSON_1240.SSON_0414	68.8	656	202	2	10	663	1	655	0.0	951
WP_062595707.1	iSbBS512_1146.SbBS512_E0353	68.4	656	204	2	10	663	1	655	0.0	947
WP_062595707.1	STM_v1_0.STM0442	68.1	656	206	2	10	663	1	655	0.0	944
WP_062595707.1	iYL1228.KPN_00393	67.4	656	211	2	10	663	1	655	0.0	940
WP_062595707.1	iPC815.YPO3165	68.3	654	204	2	12	663	3	655	0.0	931
WP_062595707.1	iJN1463.PP_0813	65.2	656	225	2	10	663	1	655	0.0	887
WP_062595707.1	iCN718.ABAYE_RS07350	63.8	652	232	3	9	658	3	652	3.54e-315	870
WP_062595709.1	iML1515.b1920	30.5	262	166	6	7	262	11	262	3.23e-29	111
WP_062595709.1	STM_v1_0.STM1954	31.3	262	164	6	7	262	11	262	8.80e-29	110
WP_062595709.1	iJN1463.PP_0227	33.3	255	156	6	14	262	14	260	6.27e-28	107
WP_062595710.1	iYS854.USA300HOU_RS13045	34.3	201	122	1	15	205	30	230	6.10e-31	113
WP_062595710.1	iJN1463.PP_0226	38.6	197	121	0	9	205	16	212	3.15e-30	110
WP_062595710.1	iML1515.b1918	37.5	200	125	0	9	208	15	214	4.44e-30	110
WP_062595710.1	iCN900.CD630_07510	36.0	200	121	1	16	208	22	221	9.43e-30	109
WP_062595710.1	iJN1463.PP_0280	37.8	217	122	4	3	208	7	221	3.11e-28	105
WP_062595710.1	iSynCJ816.SGL_RS07090	33.5	215	137	1	5	213	306	520	4.99e-26	104
WP_062595711.1	iML1515.b1918	33.5	221	147	0	1	221	1	221	3.79e-38	131
WP_062595711.1	iJN1463.PP_0226	36.0	214	137	0	4	217	5	218	1.50e-37	130
WP_062595711.1	iJN1463.PP_4426	37.6	218	128	2	3	216	4	217	5.33e-37	128
WP_062595712.1	STM_v1_0.STM0828	56.5	246	96	1	6	251	2	236	2.50e-86	256
WP_062595712.1	iSF_1195.SF0760	56.1	246	97	1	6	251	2	236	8.20e-85	253
WP_062595712.1	STM_v1_0.STM2351	53.9	245	112	1	8	251	9	253	8.46e-84	251
WP_062595712.1	iPC815.YPO2514	55.3	246	99	1	6	251	2	236	4.70e-84	251
WP_062595712.1	iYL1228.KPN_00838	56.1	246	97	1	6	251	2	236	6.66e-84	250
WP_062595712.1	iSSON_1240.SSON_0789	55.7	246	98	1	6	251	2	236	9.44e-84	250
WP_062595712.1	iML1515.b0809	55.7	246	98	1	6	251	2	236	1.34e-83	249
WP_062595712.1	iSbBS512_1146.SbBS512_E2539	55.7	246	98	1	6	251	2	236	1.34e-83	249
WP_062595712.1	iSbBS512_1146.SbBS512_E2684	52.7	245	115	1	8	251	8	252	1.33e-82	248
WP_062595712.1	iSDY_1059.SDY_2505	52.7	245	115	1	8	251	8	252	1.33e-82	248
WP_062595712.1	iSF_1195.SF2382	52.7	245	115	1	8	251	8	252	1.33e-82	248
WP_062595712.1	iSSON_1240.SSON_2364	52.7	245	115	1	8	251	8	252	1.33e-82	248
WP_062595712.1	iSDY_1059.SDY_0787	55.3	246	99	1	6	251	2	236	1.09e-82	247
WP_062595712.1	iYL1228.KPN_02696	52.7	245	115	1	8	251	8	252	2.68e-82	247
WP_062595712.1	iML1515.b2306	52.2	245	116	1	8	251	8	252	5.38e-82	246
WP_062595712.1	iML1515.b1917	50.6	253	120	1	3	255	1	248	4.92e-81	243
WP_062595712.1	iCN718.ABAYE_RS06340	53.0	247	115	1	6	251	7	253	3.64e-80	241
WP_062595712.1	iPC815.YPO2777	51.0	247	120	1	6	251	14	260	2.11e-78	237
WP_062595712.1	iCN900.CD630_07520	49.8	247	111	2	6	251	2	236	1.89e-78	236
WP_062595712.1	iJN1463.PP_0283	51.6	254	117	2	4	254	6	256	4.64e-78	236
WP_062595712.1	iJN1463.PP_3597	52.0	246	107	1	6	251	21	255	1.17e-76	233
WP_062595712.1	iYO844.BSU27430	50.2	251	114	1	6	256	2	241	2.66e-76	231
WP_062595713.1	iMM904.YDL178W	32.6	429	273	6	43	458	105	530	1.43e-51	182
WP_062595714.1	iML1515.b1007	31.0	158	107	1	16	173	5	160	1.35e-19	80.5
WP_062595714.1	iSSON_1240.SSON_1025	32.0	150	100	1	24	173	1	148	2.83e-19	79.3
WP_062595714.1	iSDY_1059.SDY_0982	32.0	150	100	1	24	173	1	148	3.99e-19	79.0
WP_062595714.1	iSF_1195.SF1010	32.0	150	100	1	24	173	1	148	3.99e-19	79.0
WP_062595714.1	iYL1228.KPN_04779	32.7	156	105	0	20	175	10	165	1.27e-17	75.5
WP_062595714.1	STM_v1_0.STM1098	33.3	156	104	0	20	175	10	165	3.51e-17	74.3
WP_062595714.1	iEK1008.Rv3567c	29.6	162	108	2	16	175	6	163	1.90e-16	72.8
WP_062595715.1	iJN1463.PP_2765	24.1	386	224	9	35	416	30	350	7.22e-15	75.5
WP_062595715.1	iJN1463.PP_3219	29.0	262	137	10	35	291	26	243	7.37e-15	75.5
WP_062595717.1	STM_v1_0.STM3334	43.3	395	222	1	21	413	22	416	9.48e-108	324
WP_062595717.1	iHN637.CLJU_RS09420	40.6	411	243	1	6	415	2	412	9.45e-107	322
WP_062595717.1	iYL1228.KPN_03751	43.2	403	227	1	6	406	8	410	4.66e-106	320
WP_062595717.1	iJN1463.PP_3189	43.8	384	212	2	27	406	23	406	5.15e-104	314
WP_062595717.1	iML1515.b0337	42.4	399	220	2	21	413	23	417	2.24e-103	313
WP_062595717.1	iPC815.YPO0162	42.8	395	224	1	21	413	32	426	4.17e-103	313
WP_062595717.1	iYL1228.KPN_00632	44.4	378	208	2	27	403	26	402	5.70e-100	304
WP_062595721.1	iCN900.CD630_25960	43.1	318	150	8	12	328	5	292	4.41e-72	225
WP_062595721.1	iYS854.USA300HOU_RS06015	43.3	321	149	9	15	334	8	296	5.89e-67	212
WP_062595721.1	iNF517.LLMG_RS07670	43.0	316	147	9	14	328	4	287	1.04e-66	211
WP_062595726.1	iAF987.Gmet_1706	26.2	107	79	0	3	109	2	108	1.82e-05	42.0
WP_062595731.1	iSynCJ816.SGL_RS16185	36.0	100	44	3	466	545	186	285	1.38e-08	57.0
WP_062595748.1	iAF987.Gmet_2721	43.6	165	89	2	145	305	499	663	9.63e-32	124
WP_062595748.1	iAF987.Gmet_0069	43.2	169	93	3	143	308	136	304	1.27e-29	114
WP_062595748.1	iJN1463.PP_0129	34.8	247	152	5	63	305	401	642	8.63e-28	112
WP_062595749.1	iML1515.b3713	32.7	113	73	2	1	110	5	117	3.32e-16	72.4
WP_062595749.1	iJN1463.PP_4138	42.9	84	47	1	8	91	12	94	6.61e-14	66.2
WP_062595757.1	iJN1463.PP_4889	54.8	429	190	3	3	430	4	429	2.89e-157	451
WP_062595757.1	iPC815.YPO0378	51.7	431	203	4	3	431	4	431	4.09e-155	445
WP_062595757.1	iYL1228.KPN_04576	52.0	431	202	4	3	431	4	431	7.66e-153	439
WP_062595757.1	iML1515.b4177	51.3	431	205	4	3	431	4	431	8.80e-152	437
WP_062595757.1	iSbBS512_1146.SbBS512_E4708	51.3	431	205	4	3	431	4	431	8.80e-152	437
WP_062595757.1	iSDY_1059.SDY_4412	51.3	431	205	4	3	431	4	431	8.80e-152	437
WP_062595757.1	iSSON_1240.SSON_4362	51.3	431	205	4	3	431	4	431	1.25e-151	436
WP_062595757.1	STM_v1_0.STM4366	51.0	431	206	4	3	431	4	431	1.77e-151	436
WP_062595757.1	iSF_1195.SF4332	51.0	431	206	4	3	431	4	431	5.04e-151	435
WP_062595757.1	iCN718.ABAYE_RS12990	52.6	439	192	7	3	430	4	437	1.03e-144	419
WP_062595757.1	iAF987.Gmet_3260	49.9	431	213	2	1	430	1	429	7.05e-143	414
WP_062595759.1	iSynCJ816.SGL_RS08600	43.4	523	289	4	4	523	3	521	3.94e-142	419
WP_062595759.1	iAF692.Mbar_A1431	42.3	523	295	4	4	524	2	519	9.20e-140	413
WP_062595759.1	iYO844.BSU23070	41.8	522	299	2	4	524	3	520	4.44e-138	409
WP_062595760.1	iAF692.Mbar_A1294	59.1	374	143	1	7	380	3	366	6.92e-165	466
WP_062595760.1	iLB1027_lipid.PHATRDRAFT_42458	58.1	387	147	5	5	386	33	409	1.23e-150	431
WP_062595764.1	iAF987.Gmet_1886	51.5	443	213	2	3	443	2	444	1.05e-149	433
WP_062595764.1	STM_v1_0.STM3294	51.8	446	205	5	3	442	4	445	1.29e-146	425
WP_062595764.1	iML1515.b3176	51.0	443	211	4	3	443	4	442	4.19e-145	421
WP_062595764.1	iSbBS512_1146.SbBS512_E3594	51.0	443	211	4	3	443	4	442	4.19e-145	421
WP_062595764.1	iSSON_1240.SSON_3324	51.0	443	211	4	3	443	4	442	4.19e-145	421
WP_062595764.1	iSDY_1059.SDY_3357	51.0	443	211	4	3	443	4	442	5.93e-145	421
WP_062595764.1	iSF_1195.SF3216	50.6	443	213	4	3	443	4	442	3.13e-142	414
WP_062595764.1	iJN1463.PP_4716	49.6	446	219	4	1	444	1	442	5.24e-141	410
WP_062595764.1	iYL1228.KPN_03586	48.5	445	223	4	3	445	4	444	7.58e-138	402
WP_062595764.1	iPC815.YPO3500	48.8	449	222	5	3	450	4	445	2.05e-135	396
WP_062595766.1	iAT_PLT_636.4905	35.4	226	132	4	180	392	242	466	1.46e-31	130
WP_062595766.1	iMM1415.18195	35.4	226	132	4	180	392	242	466	1.46e-31	130
WP_062595768.1	iPC815.YPO1435	26.6	109	69	3	71	168	228	336	4.78e-05	42.4
WP_062595771.1	iML1515.b3005	42.9	126	71	1	26	151	15	139	1.55e-25	94.4
WP_062595771.1	iSbBS512_1146.SbBS512_E3433	42.9	126	71	1	26	151	15	139	1.55e-25	94.4
WP_062595771.1	iSF_1195.SF3050	42.9	126	71	1	26	151	15	139	1.55e-25	94.4
WP_062595771.1	iSSON_1240.SSON_3148	42.9	126	71	1	26	151	15	139	1.55e-25	94.4
WP_062595771.1	iYL1228.KPN_03425	42.9	119	68	0	26	144	15	133	4.38e-25	93.2
WP_062595771.1	iSDY_1059.SDY_3068	42.9	126	71	1	26	151	15	139	4.38e-25	93.2
WP_062595771.1	iJN1463.PP_5307	41.6	125	72	1	28	151	17	141	6.36e-25	92.8
WP_062595771.1	STM_v1_0.STM3158	42.1	126	72	1	26	151	15	139	6.19e-25	92.8
WP_062595771.1	iPC815.YPO0683	37.7	122	76	0	26	147	15	136	7.35e-24	90.1
WP_062595773.1	iSynCJ816.SGL_RS04850	46.5	391	193	7	1	385	1	381	2.31e-104	313
WP_062595774.1	iCHOv1.100751671	35.4	223	113	8	8	229	49	241	4.94e-22	94.0
WP_062595774.1	iAT_PLT_636.2992	35.4	223	113	8	8	229	5	197	1.37e-22	94.0
WP_062595774.1	iAT_PLT_636.8908	35.9	237	122	11	8	235	38	253	1.05e-21	94.0
WP_062595774.1	iMM1415.27357	34.5	223	115	8	8	229	49	241	5.20e-21	91.3
WP_062595778.1	iPC815.YPO0565	34.0	103	51	3	40	142	32	117	9.84e-08	48.1
WP_062595778.1	iPC815.YPO2167	36.5	63	36	1	20	78	5	67	9.72e-07	45.4
WP_062595785.1	iEK1008.Rv0132c	27.4	175	92	6	29	179	62	225	3.69e-04	41.6
WP_062595786.1	iJN1463.PP_4670	38.3	180	101	3	290	463	237	412	8.36e-26	108
WP_062595786.1	iAF987.Gmet_3085	39.6	169	90	4	294	455	453	616	5.58e-24	105
WP_062595786.1	iJN1463.PP_1761	39.8	186	99	3	291	467	383	564	5.32e-24	105
WP_062595786.1	iJN1463.PP_0129	39.9	163	88	3	304	461	488	645	2.36e-22	100
WP_062595786.1	iYL1228.KPN_02455	37.4	182	103	3	284	460	168	343	5.03e-22	99.0
WP_062595794.1	iPC815.YPO0926	52.9	660	298	9	10	659	7	663	9.03e-226	643
WP_062595794.1	iYL1228.KPN_03357	51.6	661	306	9	10	659	7	664	1.10e-221	632
WP_062595794.1	iYL1228.KPN_01127	51.2	660	308	9	11	659	12	668	8.19e-220	628
WP_062595794.1	iSDY_1059.SDY_3141	50.8	657	310	9	10	656	7	660	1.39e-219	627
WP_062595794.1	iSbBS512_1146.SbBS512_E3367	50.8	657	310	9	10	656	7	660	1.97e-219	627
WP_062595794.1	iML1515.b2935	50.8	657	310	9	10	656	7	660	5.59e-219	625
WP_062595794.1	iCN718.ABAYE_RS10795	52.4	657	293	11	9	654	9	656	2.84e-216	619
WP_062595794.1	STM_v1_0.STM3076	50.2	660	316	9	10	659	7	663	5.90e-216	618
WP_062595794.1	iYL1228.KPN_02799	51.3	657	307	9	10	656	6	659	1.40e-214	614
WP_062595794.1	iJN1463.PP_4965	51.6	657	303	9	11	656	8	660	5.83e-214	613
WP_062595794.1	iML1515.b2465	49.4	656	319	9	10	655	6	658	8.14e-212	607
WP_062595794.1	iSSON_1240.SSON_2545	49.4	656	319	9	10	655	6	658	1.63e-211	607
WP_062595794.1	iSF_1195.SF2507	49.1	656	321	9	10	655	6	658	1.86e-210	604
WP_062595794.1	STM_v1_0.STM2474	49.2	653	319	9	10	652	6	655	1.03e-209	602
WP_062595795.1	iAF987.Gmet_1946	61.9	328	121	3	1	327	1	325	2.54e-136	390
WP_062595795.1	iJN1463.PP_1009	58.9	333	132	4	1	332	1	329	6.89e-132	379
WP_062595795.1	iYO844.BSU33940	57.9	335	137	3	1	334	1	332	9.23e-128	368
WP_062595795.1	iEK1008.Rv1436	57.1	340	141	3	1	336	1	339	1.14e-124	360
WP_062595797.1	iSynCJ816.SGL_RS11980	48.7	398	200	3	1	395	1	397	4.47e-120	353
WP_062595797.1	iYO844.BSU33930	46.5	398	209	2	1	398	1	394	4.80e-118	348
WP_062595797.1	iLJ478.TM0689	47.9	390	201	2	11	399	10	398	1.72e-113	345
WP_062595797.1	iHN637.CLJU_RS19270	47.0	398	203	4	4	398	6	398	1.15e-114	340
WP_062595797.1	iCN900.CD630_31730	46.3	395	205	4	4	395	7	397	1.03e-110	330
WP_062595797.1	iLB1027_lipid.PHATRDRAFT_29157	46.3	397	210	2	5	398	45	441	1.06e-109	328
WP_062595797.1	iAF987.Gmet_1947	43.1	399	221	3	1	397	1	395	1.61e-106	319
WP_062595798.1	iCHOv1.100760749	50.8	329	157	3	5	331	138	463	4.99e-99	300
WP_062595798.1	iMM1415.11676	50.5	331	159	3	3	331	14	341	1.75e-100	300
WP_062595798.1	iAT_PLT_636.230	50.2	331	160	3	3	331	14	341	5.13e-100	299
WP_062595798.1	iAT_PLT_636.226	50.5	331	159	3	3	331	68	395	7.78e-99	298
WP_062595798.1	iCHOv1.100771717	50.5	331	159	3	3	331	68	395	1.10e-98	297
WP_062595798.1	iMM1415.11674	50.5	331	159	3	3	331	68	395	1.10e-98	297
WP_062595798.1	iCHOv1.100755179	48.8	322	160	3	3	322	14	332	8.95e-93	280
WP_062595798.1	iMM1415.230163	48.1	322	162	3	3	322	14	332	7.18e-92	278
WP_062595798.1	iAM_Pf480.PF3D7_1444800	48.1	337	168	4	1	334	18	350	6.71e-91	276
WP_062595798.1	iAM_Pb448.PBANKA_130860	46.9	337	172	4	1	334	18	350	1.34e-90	275
WP_062595798.1	iAM_Pv461.PVX_118255	46.9	337	172	4	1	334	18	350	3.80e-90	274
WP_062595798.1	iAM_Pc455.PCYB_127030	46.6	337	173	4	1	334	28	360	7.29e-90	273
WP_062595798.1	iIS312.TCDM_01107	46.8	327	167	5	12	335	33	355	1.29e-89	273
WP_062595801.1	iAF987.Gmet_2727	35.3	116	63	3	228	343	295	398	1.31e-13	70.9
WP_062595803.1	iJN1463.PP_0838	44.4	266	139	3	6	264	4	267	2.10e-70	217
WP_062595803.1	iML1515.b2533	42.0	250	145	0	6	255	4	253	2.33e-68	212
WP_062595803.1	iSF_1195.SF2580	42.0	250	145	0	6	255	4	253	2.33e-68	212
WP_062595803.1	iSbBS512_1146.SbBS512_E2908	42.0	250	145	0	6	255	4	253	4.67e-68	211
WP_062595803.1	iSDY_1059.SDY_2729	41.2	250	147	0	6	255	4	253	3.75e-67	209
WP_062595803.1	iSSON_1240.SSON_2615	41.6	250	146	0	6	255	4	253	3.75e-67	209
WP_062595803.1	STM_v1_0.STM2546	41.2	250	147	0	6	255	4	253	8.53e-66	205
WP_062595803.1	iYL1228.KPN_02865	41.6	250	146	0	6	255	4	253	1.37e-64	202
WP_062595803.1	iPC815.YPO2899	38.6	254	156	0	6	259	4	257	8.78e-63	197
WP_062595808.1	iJN1463.PP_5335	44.9	343	182	7	4	346	3	338	1.80e-79	246
WP_062595808.1	iYO844.BSU06430	40.4	349	200	4	4	348	12	356	1.14e-76	240
WP_062595808.1	iCN718.ABAYE_RS19205	43.5	352	181	8	3	348	4	343	2.88e-72	228
WP_062595808.1	iYS854.USA300HOU_RS05305	38.5	348	209	4	3	348	11	355	4.18e-72	228
WP_062595809.1	iAF987.Gmet_0843	28.1	253	141	10	59	295	22	249	2.60e-12	65.9
WP_062595810.1	iJN1463.PP_4301	54.6	465	210	1	4	468	4	467	2.78e-162	467
WP_062595826.1	iJN1463.PP_1928	43.3	157	86	2	9	165	9	162	4.41e-39	130
WP_062595826.1	iJN1463.PP_2716	44.6	157	84	2	9	165	3	156	1.49e-38	129
WP_062595827.1	iAF987.Gmet_0520	33.2	337	198	5	1	320	9	335	8.95e-47	161
WP_062595827.1	iYO844.BSU25790	29.5	349	215	6	1	332	4	338	2.53e-44	155
WP_062595828.1	iML1515.b3503	63.0	138	51	0	2	139	3	140	2.82e-60	182
WP_062595828.1	iSbBS512_1146.SbBS512_E3818	63.0	138	51	0	2	139	3	140	2.82e-60	182
WP_062595828.1	iSF_1195.SF3536	63.0	138	51	0	2	139	3	140	2.82e-60	182
WP_062595828.1	iSSON_1240.SSON_3738	63.0	138	51	0	2	139	3	140	2.82e-60	182
WP_062595828.1	iSDY_1059.SDY_3559	63.0	138	51	0	2	139	3	140	6.62e-59	178
WP_062595829.1	iSynCJ816.SGL_RS11360	71.1	194	56	0	33	226	6	199	6.37e-95	276
WP_062595843.1	iAF987.Gmet_1914	29.0	107	74	1	4	110	3	107	1.59e-08	56.6
WP_062595843.1	iAF987.Gmet_1919	26.2	122	88	1	1	122	1	120	6.44e-08	54.3
WP_062595843.1	iAF987.Gmet_0069	30.5	128	83	3	1	124	1	126	3.05e-07	52.0
WP_062595845.1	iAF987.Gmet_3010	43.2	354	197	3	25	377	27	377	4.01e-78	251
WP_062595846.1	iAF987.Gmet_3010	32.5	212	134	5	1	210	381	585	3.32e-20	87.8
WP_062595847.1	iAF692.Mbar_A2685	35.1	481	295	7	11	480	4	478	2.68e-93	291
WP_062595849.1	iAT_PLT_636.4907	36.7	548	313	11	11	533	8	546	1.59e-103	326
WP_062595849.1	iMM1415.23959	36.1	546	318	10	9	533	13	548	4.81e-98	312
WP_062595853.1	iAF987.Gmet_1159	51.4	290	134	3	7	293	3	288	3.17e-89	267
WP_062595853.1	iYO844.BSU35670	48.1	289	145	2	5	291	2	287	1.87e-88	265
WP_062595853.1	iYS854.USA300HOU_RS13545	48.6	286	146	1	5	290	2	286	2.33e-88	265
WP_062595853.1	iCN900.CD630_27150	46.6	277	147	1	7	283	5	280	2.02e-82	249
WP_062595853.1	iCN900.CD630_34880	46.7	276	146	1	6	281	4	278	2.07e-81	248
WP_062595853.1	iHN637.CLJU_RS16855	46.0	276	146	3	7	281	3	276	2.03e-80	245
WP_062595854.1	iJN1463.PP_4805	31.0	274	167	6	62	330	85	341	2.12e-29	116
WP_062595854.1	iPC815.YPO2957	35.5	220	124	7	117	330	151	358	1.09e-28	115
WP_062595854.1	iYL1228.KPN_03036	32.9	228	145	4	105	331	103	323	1.99e-28	113
WP_062595854.1	STM_v1_0.STM2831	34.8	221	126	7	117	331	146	354	2.03e-26	108
WP_062595854.1	iML1515.b2701	34.5	220	128	6	117	331	148	356	1.01e-25	106
WP_062595854.1	iSDY_1059.SDY_2897	34.5	220	128	6	117	331	148	356	1.01e-25	106
WP_062595854.1	iSF_1195.SF2724	34.1	220	129	6	117	331	148	356	1.38e-25	106
WP_062595854.1	iSbBS512_1146.SbBS512_E3176	34.1	220	129	6	117	331	148	356	3.55e-25	105
WP_062595854.1	iSSON_1240.SSON_2845	34.1	220	129	6	117	331	148	356	3.55e-25	105
WP_062595855.1	iYS854.USA300HOU_RS01080	34.5	168	104	3	15	178	17	182	5.05e-25	96.7
WP_062595855.1	iYO844.BSU19230	35.1	171	103	3	13	178	15	182	1.07e-23	93.2
WP_062595857.1	iEK1008.Rv3858c	49.1	483	230	7	6	483	6	477	7.77e-160	461
WP_062595857.1	iHN637.CLJU_RS08535	45.8	489	244	7	1	482	1	475	7.27e-150	436
WP_062595859.1	iAF987.Gmet_3503	41.2	340	187	2	3	342	13	339	9.80e-81	249
WP_062595859.1	iJN1463.PP_0321	41.2	335	181	3	3	324	8	339	7.11e-73	229
WP_062595862.1	iSynCJ816.SGL_RS08510	31.0	268	172	8	1	256	1	267	4.88e-32	118
WP_062595863.1	iJN1463.PP_5029	26.8	239	155	5	20	255	11	232	1.03e-21	91.7
WP_062595869.1	iJN1463.PP_4053	38.0	911	510	18	6	866	6	911	5.60e-160	491
WP_062595869.1	iAF987.Gmet_3468	35.1	966	499	19	3	852	11	964	5.13e-149	464
WP_062595870.1	iCN718.ABAYE_RS00680	78.5	610	130	1	1	610	1	609	0.0	944
WP_062595870.1	iJN1463.PP_5128	76.2	608	142	1	1	608	1	605	0.0	914
WP_062595870.1	iML1515.b3771	74.8	611	149	3	1	608	1	609	0.0	887
WP_062595870.1	iSbBS512_1146.SbBS512_E4149	74.6	611	150	3	1	608	1	609	0.0	885
WP_062595870.1	iYL1228.KPN_04270	74.5	611	151	3	1	608	1	609	0.0	885
WP_062595870.1	iSSON_1240.SSON_3942	74.5	611	151	3	1	608	1	609	0.0	884
WP_062595870.1	STM_v1_0.STM3904	74.6	611	150	3	1	608	1	609	0.0	884
WP_062595870.1	iSF_1195.SF3846	74.6	611	150	3	1	608	1	609	0.0	884
WP_062595870.1	iSDY_1059.SDY_3977	74.6	611	150	3	1	608	1	609	0.0	883
WP_062595870.1	iPC815.YPO3897	73.8	611	155	3	1	608	1	609	1.70e-318	874
WP_062595874.1	iJN1463.PP_5041	62.0	798	297	4	27	820	19	814	0.0	992
WP_062595875.1	iJN1463.PP_4058	54.8	724	313	7	18	731	15	734	1.06e-296	829
WP_062595875.1	iYL1228.KPN_03798	53.8	729	323	8	13	733	4	726	8.20e-282	791
WP_062595875.1	STM_v1_0.STM3538	53.8	725	321	8	17	733	8	726	2.69e-280	787
WP_062595875.1	iML1515.b3432	53.5	725	323	8	17	733	8	726	4.38e-279	784
WP_062595875.1	iSSON_1240.SSON_3672	53.5	725	323	8	17	733	8	726	4.38e-279	784
WP_062595875.1	iSF_1195.SF3455	53.4	725	324	8	17	733	8	726	8.81e-279	783
WP_062595875.1	iSDY_1059.SDY_3578	53.4	725	324	8	17	733	8	726	5.04e-278	781
WP_062595875.1	iSbBS512_1146.SbBS512_E3892	53.6	727	319	10	17	733	8	726	7.15e-278	781
WP_062595875.1	iPC815.YPO3942	54.2	721	308	12	22	730	13	723	3.95e-277	779
WP_062595876.1	iML1515.b3430	59.0	407	167	0	13	419	20	426	2.42e-175	496
WP_062595876.1	iSDY_1059.SDY_3576	59.0	407	167	0	13	419	20	426	2.42e-175	496
WP_062595876.1	iSF_1195.SF3453	59.0	407	167	0	13	419	20	426	2.42e-175	496
WP_062595876.1	iSSON_1240.SSON_3670	59.0	407	167	0	13	419	20	426	2.42e-175	496
WP_062595876.1	iSbBS512_1146.SbBS512_E3894	59.0	407	167	0	13	419	20	426	6.90e-175	495
WP_062595876.1	STM_v1_0.STM3536	59.4	406	165	0	13	418	20	425	1.97e-174	494
WP_062595876.1	iYL1228.KPN_03796	59.7	407	164	0	13	419	20	426	5.62e-174	493
WP_062595876.1	iPC815.YPO3940	56.8	398	172	0	9	406	16	413	6.25e-162	464
WP_062595877.1	STM_v1_0.STM3535	47.6	475	244	4	1	472	1	473	9.87e-149	432
WP_062595877.1	iSF_1195.SF3452	47.4	475	245	4	1	472	1	473	1.98e-148	432
WP_062595877.1	iML1515.b3429	47.4	475	245	4	1	472	1	473	2.80e-148	431
WP_062595877.1	iSDY_1059.SDY_3575	47.4	475	245	4	1	472	1	473	2.80e-148	431
WP_062595877.1	iSSON_1240.SSON_3669	47.4	475	245	4	1	472	1	473	3.97e-148	431
WP_062595877.1	iSbBS512_1146.SbBS512_E3895	46.9	475	247	4	1	472	1	473	1.82e-146	427
WP_062595877.1	iYL1228.KPN_03795	46.1	479	253	4	1	476	1	477	5.91e-145	423
WP_062595877.1	iPC815.YPO3939	45.6	478	255	4	1	475	1	476	2.21e-139	409
WP_062595878.1	iAT_PLT_636.5236	55.7	558	227	10	4	542	6	562	2.41e-202	575
WP_062595878.1	iMM1415.72157	55.6	558	228	10	4	542	6	562	1.96e-201	572
WP_062595878.1	iCHOv1.100753184	55.2	558	230	10	4	542	6	562	9.07e-200	568
WP_062595881.1	iJN1463.PP_0323	60.0	417	166	1	1	417	1	416	1.10e-176	499
WP_062595882.1	iJN1463.PP_0324	54.3	92	41	1	1	92	1	91	1.52e-30	104
WP_062595883.1	iJN1463.PP_0326	30.0	90	59	1	69	154	89	178	1.21e-04	40.8
WP_062595884.1	iJN1463.PP_4055	43.0	658	339	10	7	628	24	681	3.29e-166	492
WP_062595884.1	iML1515.b3431	42.4	641	338	9	7	632	11	635	1.84e-164	486
WP_062595884.1	iSbBS512_1146.SbBS512_E3893	42.4	641	338	9	7	632	11	635	3.67e-164	485
WP_062595884.1	iSDY_1059.SDY_3577	42.4	641	338	9	7	632	11	635	7.33e-164	484
WP_062595884.1	STM_v1_0.STM3537	45.1	586	307	7	7	580	11	593	4.26e-163	482
WP_062595884.1	iSF_1195.SF3454	42.1	641	340	9	7	632	11	635	1.17e-162	481
WP_062595884.1	iSSON_1240.SSON_3671	42.1	641	340	9	7	632	11	635	1.65e-162	481
WP_062595884.1	iYL1228.KPN_03797	44.5	589	306	7	7	580	11	593	2.15e-160	475
WP_062595884.1	iPC815.YPO3941	43.0	640	333	8	7	629	11	635	2.44e-157	468
WP_062595884.1	iEK1008.Rv1564c	40.7	631	335	9	7	603	26	651	2.87e-153	459
WP_062595885.1	iJN1463.PP_5298	42.4	243	138	1	4	246	7	247	4.25e-59	187
WP_062595885.1	iJN1463.PP_2179	44.3	244	135	1	1	243	1	244	4.07e-57	182
WP_062595886.1	iJN1463.PP_3376	40.6	251	142	5	58	302	58	307	4.85e-51	171
WP_062595886.1	iYS854.USA300HOU_RS04605	37.2	266	155	4	56	313	57	318	1.32e-50	170
WP_062595886.1	iSF_1195.SF3587	34.7	308	187	6	5	301	2	306	2.06e-46	159
WP_062595886.1	STM_v1_0.STM3646	34.6	309	186	7	5	301	2	306	4.06e-46	158
WP_062595886.1	iSbBS512_1146.SbBS512_E3973	34.4	308	188	6	5	301	2	306	3.11e-45	156
WP_062595886.1	iSSON_1240.SSON_3835	34.4	308	188	6	5	301	6	310	3.43e-45	156
WP_062595886.1	iML1515.b3553	34.4	308	188	6	5	301	2	306	4.37e-45	155
WP_062595886.1	iSDY_1059.SDY_4350	34.4	308	188	6	5	301	6	310	6.75e-45	155
WP_062595886.1	iPC815.YPO4078	33.8	299	190	5	10	302	11	307	9.02e-45	155
WP_062595886.1	iYL1228.KPN_03915	34.2	310	186	6	5	301	2	306	1.65e-44	154
WP_062595887.1	iSbBS512_1146.SbBS512_E4856	25.0	220	138	8	85	284	46	258	6.38e-08	53.1
WP_062595887.1	iYL1228.KPN_04622	25.7	226	127	8	94	292	41	252	1.07e-07	52.4
WP_062595887.1	iML1515.b4227	24.8	218	137	8	85	282	46	256	1.52e-07	52.0
WP_062595887.1	iSSON_1240.SSON_4409	24.8	218	137	8	85	282	46	256	1.52e-07	52.0
WP_062595887.1	iPC815.YPO3908	23.7	270	176	9	82	331	43	302	6.45e-07	50.1
WP_062595889.1	iAF987.Gmet_1659	28.4	236	142	5	27	256	23	237	1.20e-15	73.9
WP_062595890.1	iJN1463.PP_4639	37.5	357	182	5	19	370	2	322	7.66e-66	211
WP_062595895.1	iJN1463.PP_0864	48.6	366	185	3	14	377	23	387	1.04e-127	372
WP_062595895.1	iAF692.Mbar_A2177	48.9	366	186	1	12	377	26	390	1.40e-123	361
WP_062595901.1	iPC815.YPO2067	54.2	192	88	0	16	207	16	207	2.19e-65	200
WP_062595901.1	iML1515.b1850	52.5	198	94	0	10	207	10	207	7.18e-64	196
WP_062595901.1	iSbBS512_1146.SbBS512_E2125	52.5	198	94	0	10	207	10	207	7.18e-64	196
WP_062595901.1	iSF_1195.SF1860	52.5	198	94	0	10	207	10	207	7.18e-64	196
WP_062595901.1	iSSON_1240.SSON_1298	52.5	198	94	0	10	207	10	207	7.18e-64	196
WP_062595901.1	iSDY_1059.SDY_1136	52.5	198	94	0	10	207	10	207	4.10e-63	194
WP_062595901.1	STM_v1_0.STM1884	52.0	198	95	0	10	207	10	207	8.24e-63	194
WP_062595901.1	iIT341.HP1099	47.3	205	108	0	6	210	3	207	1.15e-61	191
WP_062595901.1	iYL1228.KPN_02365	51.8	199	95	1	10	207	10	208	1.08e-60	188
WP_062595901.1	iCN718.ABAYE_RS16320	50.8	195	96	0	10	204	6	200	4.62e-58	181
WP_062595906.1	iNF517.LLMG_RS01005	35.0	471	261	13	11	445	9	470	1.72e-82	262
WP_062595906.1	iMM1415.226413	34.6	462	270	13	11	445	906	1362	1.62e-70	243
WP_062595907.1	iAF987.Gmet_2352	33.3	132	74	4	14	145	4	121	8.52e-14	71.2
WP_062595909.1	iML1515.b3751	29.0	307	201	8	3	306	4	296	8.00e-26	103
WP_062595909.1	STM_v1_0.STM3884	28.7	307	202	8	3	306	4	296	2.13e-25	102
WP_062595909.1	iYL1228.KPN_04156	28.7	307	202	8	3	306	4	296	7.84e-25	101
WP_062595909.1	iLJ478.TM0958	26.2	252	178	4	67	311	65	315	2.08e-22	95.1
WP_062595910.1	iYO844.BSU35950	39.0	305	175	5	25	328	24	318	3.84e-50	169
WP_062595910.1	iML1515.b3750	37.0	300	182	2	27	326	24	316	2.06e-49	167
WP_062595910.1	iYL1228.KPN_04155	36.7	300	183	2	27	326	24	316	5.71e-49	166
WP_062595910.1	iNF517.LLMG_RS04065	37.1	302	177	4	27	326	15	305	2.55e-48	164
WP_062595910.1	iPC815.YPO2499	38.7	302	174	5	22	323	31	321	7.73e-48	163
WP_062595910.1	STM_v1_0.STM3883	36.3	300	184	2	27	326	24	316	2.40e-47	162
WP_062595910.1	iCN900.CD630_03020	35.9	315	190	5	19	333	25	327	8.73e-47	160
WP_062595910.1	iHN637.CLJU_RS00625	36.3	325	190	5	1	323	1	310	6.99e-47	160
WP_062595910.1	iLJ478.TM0955	36.4	308	185	4	26	328	23	324	2.69e-44	154
WP_062595911.1	iPC815.YPO3964	42.4	493	283	1	10	501	5	497	1.82e-129	385
WP_062595911.1	iNF517.LLMG_RS04060	41.2	490	284	4	12	499	3	490	1.04e-124	373
WP_062595911.1	iHN637.CLJU_RS00620	41.0	493	286	4	11	499	5	496	8.29e-120	360
WP_062595911.1	iYL1228.KPN_04154	42.5	494	275	6	11	499	4	493	2.49e-119	359
WP_062595911.1	iCN900.CD630_03010	39.0	492	296	4	11	499	5	495	2.97e-118	357
WP_062595911.1	STM_v1_0.STM3882	41.9	492	281	5	11	499	4	493	1.11e-117	355
WP_062595911.1	iML1515.b3749	41.7	492	282	5	11	499	4	493	4.43e-117	353
WP_062595911.1	iSbBS512_1146.SbBS512_E3955	38.7	499	293	5	11	497	4	501	6.38e-117	353
WP_062595911.1	iPC815.YPO4036	39.5	499	289	5	11	497	4	501	5.83e-117	353
WP_062595911.1	iML1515.b3567	38.7	499	293	5	11	497	4	501	2.54e-116	352
WP_062595911.1	iYL1228.KPN_03931	39.3	499	290	5	11	497	4	501	7.15e-116	351
WP_062595911.1	iYO844.BSU35940	37.8	490	302	3	12	499	3	491	2.19e-115	349
WP_062595911.1	iSF_1195.SF3611	38.3	499	295	5	11	497	4	501	4.01e-115	349
WP_062595912.1	iML1515.b3565	64.3	434	152	2	5	435	4	437	3.34e-210	585
WP_062595912.1	iSbBS512_1146.SbBS512_E3959	64.1	434	153	2	5	435	4	437	1.35e-209	584
WP_062595912.1	iSSON_1240.SSON_3820	64.1	434	153	2	5	435	4	437	1.35e-209	584
WP_062595912.1	iYL1228.KPN_03929	63.6	434	155	2	5	435	8	441	9.00e-209	582
WP_062595912.1	STM_v1_0.STM3661	62.9	434	158	2	5	435	4	437	3.67e-207	578
WP_062595912.1	iPC815.YPO4038	62.4	434	160	2	5	435	4	437	3.35e-205	573
WP_062595913.1	iYL1228.KPN_02542	52.6	443	201	3	1	437	1	440	1.38e-149	435
WP_062595913.1	iPC815.YPO4039	51.8	438	206	4	1	436	1	435	1.21e-144	422
WP_062595913.1	STM_v1_0.STM3660	48.8	484	238	6	1	479	1	479	6.89e-144	421
WP_062595913.1	iML1515.b3564	48.9	481	228	6	1	477	1	467	5.09e-141	413
WP_062595913.1	iSF_1195.SF3608	48.6	479	232	5	1	477	1	467	5.09e-141	413
WP_062595913.1	iYL1228.KPN_03928	51.4	438	208	4	1	436	1	435	1.87e-138	407
WP_062595913.1	iSSON_1240.SSON_3821	50.3	435	211	4	1	433	1	432	6.34e-137	401
WP_062595914.1	iLJ478.TM0114	27.2	191	133	3	113	301	80	266	1.29e-10	61.6
WP_062595915.1	iYO844.BSU03070	28.5	411	277	8	45	448	18	418	8.09e-44	162
WP_062595916.1	iML1515.b3241	27.4	318	160	7	57	369	16	267	9.56e-19	85.9
WP_062595918.1	iJN1463.PP_1977	50.9	470	230	1	4	473	2	470	9.52e-178	507
WP_062595918.1	iCN718.ABAYE_RS01925	51.9	474	227	1	6	479	3	475	1.59e-173	497
WP_062595919.1	iSDY_1059.SDY_3192	47.0	485	249	6	15	493	20	502	1.73e-150	439
WP_062595919.1	iSbBS512_1146.SbBS512_E3309	47.0	485	249	6	15	493	20	502	2.44e-150	438
WP_062595919.1	iSF_1195.SF2876	47.0	485	249	6	15	493	20	502	2.44e-150	438
WP_062595919.1	iSSON_1240.SSON_3043	47.0	485	249	6	15	493	20	502	2.44e-150	438
WP_062595919.1	iYS854.USA300HOU_RS02655	46.1	490	257	3	11	494	6	494	1.00e-149	436
WP_062595919.1	STM_v1_0.STM3040	46.3	486	251	8	15	493	20	502	6.37e-148	432
WP_062595919.1	iYL1228.KPN_03318	46.7	486	249	8	15	493	20	502	7.25e-147	429
WP_062595919.1	iML1515.b4129	45.7	490	256	8	11	493	16	502	3.32e-145	425
WP_062595919.1	iYL1228.KPN_00502	46.1	486	252	8	15	493	20	502	5.34e-144	422
WP_062595919.1	iAF987.Gmet_2360	44.7	486	266	2	11	494	5	489	1.92e-143	420
WP_062595919.1	iPC815.YPO0888	46.1	486	252	7	15	493	20	502	3.03e-143	420
WP_062595919.1	iCN900.CD630_35520	42.9	489	270	4	11	496	18	500	6.91e-143	419
WP_062595919.1	iNF517.LLMG_RS01995	46.1	484	255	4	15	493	2	484	1.03e-138	408
WP_062595919.1	iJN1463.PP_1496	46.0	487	244	7	16	493	21	497	2.45e-138	407
WP_062595919.1	iSynCJ816.SGL_RS06545	45.4	498	258	6	6	490	3	499	3.37e-138	407
WP_062595919.1	iAF692.Mbar_A1667	44.5	481	259	6	20	496	39	515	1.30e-133	396
WP_062595921.1	iML1515.b2162	36.2	276	167	6	3	275	5	274	5.42e-45	155
WP_062595921.1	iSSON_1240.SSON_2218	35.9	276	168	6	3	275	5	274	1.07e-44	154
WP_062595921.1	iSF_1195.SF2247	35.5	276	169	6	3	275	5	274	5.84e-44	152
WP_062595921.1	iSSON_1240.SSON_0035	33.8	314	192	6	4	316	5	303	2.74e-42	147
WP_062595921.1	iSbBS512_1146.SbBS512_E0034	34.1	314	191	6	4	316	5	303	3.85e-42	147
WP_062595921.1	iML1515.b0030	33.4	314	193	6	4	316	5	303	1.06e-41	146
WP_062595921.1	iSDY_1059.SDY_0052	35.6	278	169	5	4	280	5	273	1.06e-41	146
WP_062595921.1	STM_v1_0.STM0051	34.4	317	186	9	4	316	7	305	2.19e-41	145
WP_062595921.1	iSF_1195.SF0027	35.6	278	169	5	4	280	5	273	2.93e-41	145
WP_062595921.1	iYL1228.KPN_00025	33.8	317	188	8	4	316	5	303	5.77e-41	144
WP_062595923.1	iJN1463.PP_3427	32.1	467	306	7	1	462	1	461	2.87e-53	185
WP_062595923.1	iML1515.b0572	29.4	462	310	6	7	462	6	457	1.18e-49	175
WP_062595923.1	iJN1463.PP_4211	32.0	462	300	7	7	462	9	462	1.53e-49	175
WP_062595923.1	iSF_1195.SF0473	29.4	463	309	7	7	462	6	457	1.75e-48	172
WP_062595923.1	iSSON_1240.SSON_0523	29.4	463	309	7	7	462	6	457	1.75e-48	172
WP_062595924.1	iJN1463.PP_2229	70.3	111	33	0	1	111	1	111	2.30e-51	157
WP_062595925.1	iJN1463.PP_2228	49.4	547	261	4	1	531	1	547	1.55e-162	473
WP_062595926.1	iJN1463.PP_2227	42.4	158	91	0	5	162	5	162	2.37e-32	112
WP_062595927.1	iJN1463.PP_2226	60.0	85	34	0	9	93	8	92	1.38e-24	88.2
WP_062595928.1	iJN1463.PP_2225	37.3	118	73	1	1	118	1	117	4.78e-20	79.0
WP_062595929.1	iEK1008.Rv2071c	56.2	249	108	1	1	248	1	249	2.42e-84	251
WP_062595930.1	iJN1463.PP_4832	40.9	247	132	6	1	246	1	234	3.05e-44	149
WP_062595930.1	iEK1008.Rv2070c	43.0	221	120	4	4	223	3	218	1.46e-39	137
WP_062595931.1	iJN1463.PP_4826	50.0	248	122	2	3	248	313	560	5.86e-70	224
WP_062595932.1	iJN1463.PP_4828	63.9	202	73	0	5	206	3	204	8.21e-81	239
WP_062595934.1	iJN1463.PP_3763	47.4	249	127	3	1	248	1	246	2.39e-72	221
WP_062595937.1	iPC815.YPO1145	52.1	234	111	1	26	258	24	257	3.03e-71	219
WP_062595937.1	iYL1228.KPN_00777	52.1	234	110	2	27	258	22	255	4.23e-68	211
WP_062595937.1	STM_v1_0.STM0781	50.4	228	112	1	32	258	28	255	2.74e-66	206
WP_062595937.1	iSF_1195.SF0541	49.6	228	114	1	32	258	28	255	4.40e-65	203
WP_062595937.1	iML1515.b0763	49.3	229	115	1	32	259	28	256	6.23e-65	202
WP_062595937.1	iSDY_1059.SDY_0710	49.6	228	114	1	32	258	28	255	8.82e-65	202
WP_062595937.1	iSbBS512_1146.SbBS512_E0684	49.6	228	114	1	32	258	28	255	1.25e-64	202
WP_062595937.1	iSSON_1240.SSON_0715	49.6	228	114	1	32	258	28	255	1.25e-64	202
WP_062595938.1	iPC815.YPO1146	61.8	220	84	0	4	223	1	220	1.75e-86	255
WP_062595938.1	STM_v1_0.STM0782	59.1	220	90	0	4	223	1	220	6.23e-84	249
WP_062595938.1	iYL1228.KPN_00778	56.8	227	98	0	6	232	3	229	2.52e-83	247
WP_062595938.1	iML1515.b0764	58.6	220	91	0	4	223	1	220	5.07e-83	246
WP_062595938.1	iSbBS512_1146.SbBS512_E0685	58.6	220	91	0	4	223	1	220	5.07e-83	246
WP_062595938.1	iSDY_1059.SDY_0711	58.6	220	91	0	4	223	1	220	5.07e-83	246
WP_062595938.1	iSSON_1240.SSON_0716	58.6	220	91	0	4	223	1	220	5.07e-83	246
WP_062595938.1	iSF_1195.SF0540	58.2	220	92	0	4	223	1	220	4.13e-82	244
WP_062595939.1	iYL1228.KPN_00779	44.3	357	191	4	1	355	1	351	2.09e-84	259
WP_062595939.1	iPC815.YPO1147	43.0	356	195	4	3	356	2	351	2.85e-80	249
WP_062595939.1	iSF_1195.SF0539	42.5	332	184	3	25	355	25	350	1.04e-78	244
WP_062595939.1	iML1515.b0765	42.2	332	185	3	25	355	25	350	1.16e-77	242
WP_062595939.1	iSbBS512_1146.SbBS512_E0686	42.2	332	185	3	25	355	25	350	1.16e-77	242
WP_062595939.1	iSSON_1240.SSON_0717	42.2	332	185	3	25	355	25	350	1.16e-77	242
WP_062595939.1	iSDY_1059.SDY_0712	42.2	332	185	3	25	355	25	350	3.28e-77	241
WP_062595939.1	STM_v1_0.STM0783	40.8	331	191	2	25	355	25	350	9.23e-77	239
WP_062595939.1	iJN1463.PP_3830	44.6	350	186	6	12	355	14	361	1.59e-74	234
WP_062595941.1	iJN1463.PP_1943	51.1	280	133	3	4	281	7	284	2.83e-94	280
WP_062595941.1	iJN1463.PP_1367	49.3	284	139	2	1	281	1	282	3.38e-92	274
WP_062595941.1	iJN1463.PP_0327	46.0	278	150	0	3	280	7	284	5.11e-92	274
WP_062595941.1	iYO844.BSU13110	48.4	279	140	3	6	281	22	299	1.25e-88	266
WP_062595941.1	iCN718.ABAYE_RS16520	48.4	279	139	3	6	281	11	287	4.01e-84	254
WP_062595946.1	iEK1008.Rv1679	25.1	355	249	8	19	368	10	352	4.22e-13	69.7
WP_062595949.1	iLJ478.TM1624	24.6	694	422	19	48	680	23	676	5.14e-37	149
WP_062595952.1	iLB1027_lipid.PHATRDRAFT_22803	26.2	534	332	9	63	553	18	532	7.00e-46	171
WP_062595952.1	iEK1008.Rv1819c	25.6	519	346	8	64	553	75	582	4.97e-43	163
WP_062595953.1	iSF_1195.SF2101	53.2	171	76	3	1	170	1	168	3.85e-61	187
WP_062595953.1	iSbBS512_1146.SbBS512_E1195	52.3	172	79	3	1	171	1	170	3.55e-60	185
WP_062595953.1	iSDY_1059.SDY_2207	50.6	172	82	3	1	170	1	171	3.82e-57	177
WP_062595953.1	iYL1228.KPN_02488	48.6	179	89	3	1	177	1	178	4.26e-56	175
WP_062595953.1	iJN1463.PP_1782	51.7	174	81	3	6	178	6	177	5.68e-56	174
WP_062595953.1	iYL1228.KPN_02494	48.0	179	90	3	1	177	1	178	1.21e-55	174
WP_062595953.1	STM_v1_0.STM2094	50.9	173	82	3	5	176	6	176	3.35e-55	172
WP_062595953.1	iSynCJ816.SGL_RS12335	51.2	172	78	5	1	170	1	168	7.50e-54	169
WP_062595954.1	STM_v1_0.STM3922	64.1	351	120	4	2	346	3	353	2.90e-167	470
WP_062595954.1	iSSON_1240.SSON_3960	63.0	351	124	4	2	346	3	353	5.54e-165	464
WP_062595954.1	iML1515.b3788	62.7	351	125	4	2	346	3	353	1.58e-164	463
WP_062595954.1	iSF_1195.SF3862	63.0	351	124	4	2	346	3	353	1.58e-164	463
WP_062595954.1	iPC815.YPO3862	63.5	351	122	4	2	346	3	353	4.52e-164	462
WP_062595954.1	iYL1228.KPN_04288	63.1	350	123	4	3	346	6	355	3.96e-163	459
WP_062595954.1	iYL1228.KPN_02497	63.4	352	123	3	1	346	1	352	8.32e-162	456
WP_062595954.1	iYL1228.KPN_02491	63.9	352	121	4	1	346	1	352	3.37e-161	454
WP_062595954.1	STM_v1_0.STM2097	59.9	347	130	2	1	338	1	347	3.86e-157	444
WP_062595954.1	iSbBS512_1146.SbBS512_E1192	60.5	347	128	2	1	338	1	347	1.10e-156	443
WP_062595954.1	iSDY_1059.SDY_2204	60.2	347	129	2	1	338	1	347	8.99e-156	441
WP_062595954.1	iSF_1195.SF2104	59.7	347	131	2	1	338	1	347	5.98e-154	436
WP_062595954.1	iML1515.b2041	59.7	347	131	2	1	338	1	347	2.42e-153	435
WP_062595955.1	iJN1463.PP_1783	69.3	287	88	0	2	288	4	290	1.29e-146	412
WP_062595955.1	iSF_1195.SF2102	67.8	286	92	0	2	287	5	290	7.19e-146	410
WP_062595955.1	iSDY_1059.SDY_2206	68.2	286	91	0	2	287	5	290	8.36e-145	408
WP_062595955.1	iSbBS512_1146.SbBS512_E1194	68.1	285	91	0	2	286	5	289	2.39e-144	407
WP_062595955.1	iML1515.b2039	67.2	287	94	0	2	288	5	291	1.43e-143	405
WP_062595955.1	iNF517.LLMG_RS01090	68.1	288	92	0	1	288	1	288	8.29e-142	400
WP_062595955.1	STM_v1_0.STM2095	66.8	286	95	0	2	287	5	290	2.64e-141	399
WP_062595955.1	iPC815.YPO3861	65.4	286	99	0	1	286	1	286	1.05e-138	392
WP_062595955.1	iML1515.b3789	66.2	287	97	0	1	287	1	287	1.49e-138	392
WP_062595955.1	iSbBS512_1146.SbBS512_E4132	66.2	287	97	0	1	287	1	287	1.49e-138	392
WP_062595955.1	iSF_1195.SF3863	66.2	287	97	0	1	287	1	287	1.49e-138	392
WP_062595955.1	iSDY_1059.SDY_3959	65.9	287	98	0	1	287	1	287	1.73e-137	389
WP_062595955.1	iSSON_1240.SSON_3961	65.9	287	98	0	1	287	1	287	1.73e-137	389
WP_062595955.1	iYL1228.KPN_04289	64.8	287	101	0	1	287	2	288	1.97e-134	382
WP_062595955.1	iYL1228.KPN_02490	63.2	288	106	0	1	288	1	288	3.34e-134	381
WP_062595955.1	iYL1228.KPN_02496	63.2	288	106	0	1	288	1	288	3.34e-134	381
WP_062595958.1	iYL1228.KPN_03786	38.0	539	317	8	73	598	137	671	5.98e-114	355
WP_062595958.1	iPC815.YPO0126	36.9	542	319	7	74	598	140	675	3.05e-110	346
WP_062595958.1	STM_v1_0.STM3513	37.5	541	315	7	74	598	135	668	2.01e-109	343
WP_062595958.1	iSF_1195.SF3439	36.6	541	320	7	74	598	137	670	5.87e-109	342
WP_062595958.1	iSDY_1059.SDY_3660	36.6	541	320	7	74	598	137	670	1.63e-108	341
WP_062595958.1	iML1515.b3416	36.4	541	321	7	74	598	137	670	6.33e-108	340
WP_062595958.1	iSbBS512_1146.SbBS512_E3797	36.2	541	322	7	74	598	137	670	2.46e-107	338
WP_062595958.1	iSSON_1240.SSON_3548	36.2	541	322	7	74	598	137	670	4.86e-107	337
WP_062595959.1	iJN1463.PP_4060	55.5	649	288	1	433	1080	9	657	2.17e-262	752
WP_062595960.1	iJN1463.PP_4058	59.9	729	280	7	11	731	10	734	0.0	926
WP_062595963.1	iEK1008.Rv3032	27.8	388	214	14	22	357	17	390	5.53e-20	93.6
WP_062595965.1	iSF_1195.SF2868	29.4	758	477	21	16	724	7	755	9.66e-69	240
WP_062595965.1	iML1515.b2866	29.4	755	465	21	24	724	2	742	1.02e-67	237
WP_062595965.1	iSSON_1240.SSON_3017	29.5	747	475	19	24	724	2	742	1.02e-67	237
WP_062595965.1	iCN900.CD630_20730	27.7	772	479	23	17	724	1	757	1.39e-60	217
WP_062595965.1	iCN900.CD630_20870	28.5	752	473	19	17	721	4	737	9.27e-61	217
WP_062595966.1	iEK1008.Rv0375c	27.9	272	138	9	23	281	13	239	2.28e-10	60.1
WP_062595966.1	iHN637.CLJU_RS11610	24.2	248	137	7	26	272	27	224	1.84e-08	54.3
WP_062595967.1	iAF987.Gmet_2135	41.8	158	77	1	62	219	16	158	2.64e-42	140
WP_062595967.1	iHN637.CLJU_RS11605	44.2	154	71	1	66	219	9	147	1.89e-38	130
WP_062595968.1	iML1515.b3943	20.0	280	205	7	20	287	21	293	5.26e-04	40.8
WP_062595970.1	iAF987.Gmet_2135	45.5	156	83	2	3	158	14	167	6.54e-43	140
WP_062595970.1	iCN900.CD630_20880	44.8	145	78	2	5	149	4	146	1.01e-38	129
WP_062595971.1	iAF987.Gmet_2134	25.9	305	174	4	1	303	3	257	5.54e-16	77.0
WP_062595972.1	iCN900.CD630_20870	26.5	756	505	18	27	754	6	738	6.03e-59	213
WP_062595972.1	iAF987.Gmet_2136	27.5	764	506	18	27	759	9	755	1.52e-55	203
WP_062595972.1	iHN637.CLJU_RS11600	25.6	789	512	16	27	759	7	776	1.76e-53	197
WP_062595972.1	iCN900.CD630_20730	26.6	777	495	22	30	756	6	757	2.02e-51	191
WP_062595982.1	iJN1463.PP_4202	71.5	249	71	0	1	249	1	249	5.57e-115	329
WP_062595988.1	iJN1463.PP_4803	37.6	242	150	1	27	267	28	269	3.81e-41	148
WP_062595988.1	iYL1228.KPN_00871	37.3	236	141	3	39	267	43	278	5.13e-39	143
WP_062595988.1	STM_v1_0.STM0863	37.3	236	141	3	39	267	43	278	9.92e-38	139
WP_062595988.1	iML1515.b0839	37.3	236	141	3	39	267	43	278	1.38e-37	139
WP_062595988.1	iSbBS512_1146.SbBS512_E2506	37.3	236	141	3	39	267	43	278	1.38e-37	139
WP_062595988.1	iSDY_1059.SDY_0841	36.9	236	142	2	39	267	43	278	1.38e-37	139
WP_062595988.1	iSF_1195.SF0789	37.3	236	141	3	39	267	50	285	4.07e-38	139
WP_062595989.1	iEK1008.Rv1200	30.4	415	278	6	31	438	4	414	4.72e-57	193
WP_062595989.1	iSSON_1240.SSON_4052	31.6	386	250	6	31	408	20	399	2.74e-50	176
WP_062595989.1	iYL1228.KPN_02458	29.6	416	280	5	32	437	23	435	3.10e-50	176
WP_062595999.1	iAF987.Gmet_1179	33.7	163	96	4	37	196	34	187	4.06e-20	83.2
WP_062595999.1	iSbBS512_1146.SbBS512_E3332	34.8	141	84	3	53	187	103	241	4.75e-18	79.0
WP_062596003.1	iYO844.BSU06420	65.5	148	51	0	1	148	9	156	2.48e-62	188
WP_062596003.1	iSDY_1059.SDY_0275	63.4	153	55	1	1	153	14	165	1.03e-60	184
WP_062596003.1	STM_v1_0.STM0534	64.1	153	54	1	1	153	14	165	1.46e-60	184
WP_062596003.1	iYL1228.KPN_00478	63.4	153	55	1	1	153	14	165	2.07e-60	184
WP_062596003.1	iPC815.YPO3076	65.4	153	52	1	1	153	19	170	3.44e-60	183
WP_062596003.1	iML1515.b0523	63.4	153	55	1	1	153	14	165	4.17e-60	183
WP_062596003.1	iSbBS512_1146.SbBS512_E0451	63.4	153	55	1	1	153	14	165	4.17e-60	183
WP_062596003.1	iSF_1195.SF0454	62.7	153	56	1	1	153	14	165	2.40e-59	181
WP_062596003.1	iSSON_1240.SSON_0495	62.7	153	56	1	1	153	14	165	1.38e-58	179
WP_062596003.1	iCN718.ABAYE_RS19210	63.3	147	54	0	1	147	16	162	1.16e-57	177
WP_062596003.1	iJN1463.PP_5336	62.1	153	57	1	1	153	9	160	1.87e-57	176
WP_062596009.1	iPC815.YPO3117	41.0	322	184	3	17	338	5	320	2.96e-88	268
WP_062596009.1	iSF_1195.SF0420	42.8	318	176	3	17	334	5	316	8.37e-88	267
WP_062596009.1	iSSON_1240.SSON_0462	42.5	318	177	3	17	334	5	316	1.18e-87	266
WP_062596009.1	iML1515.b0475	42.5	318	177	3	17	334	5	316	2.37e-87	266
WP_062596009.1	iSDY_1059.SDY_0444	42.5	318	177	3	17	334	5	316	3.35e-87	265
WP_062596009.1	iSbBS512_1146.SbBS512_E0408	42.5	318	177	3	17	334	5	316	4.74e-87	265
WP_062596009.1	STM_v1_0.STM0489	43.6	314	171	3	17	330	5	312	1.34e-86	264
WP_062596009.1	iCN718.ABAYE_RS16875	39.7	335	195	3	17	348	8	338	4.36e-78	243
WP_062596014.1	iJN1463.PP_0325	49.4	1001	491	11	6	995	6	1001	4.06e-314	894
WP_062596015.1	iJN1463.PP_4817	41.8	146	84	1	14	159	4	148	9.42e-32	111
WP_062596022.1	iJN1463.PP_1255	34.7	412	259	7	4	410	9	415	4.19e-55	187
WP_062596025.1	iJN1463.PP_4827	51.0	257	106	2	9	263	6	244	7.86e-78	235
WP_062596025.1	iEK1008.Rv2066	49.2	252	110	3	9	260	5	238	5.27e-71	226
WP_062596027.1	iEK1008.Rv2610c	28.1	377	228	15	22	377	15	369	4.50e-11	63.5
WP_062596027.1	iAF692.Mbar_A1731	24.2	388	256	13	6	376	2	368	7.95e-11	62.8
WP_062596027.1	iEK1008.Rv3032	26.7	303	204	8	95	386	109	404	5.01e-10	60.5
WP_062596029.1	iYL1228.KPN_02489	40.2	296	171	3	1	292	1	294	5.18e-65	205
WP_062596029.1	iYL1228.KPN_02495	40.2	296	171	3	1	292	1	294	5.18e-65	205
WP_062596029.1	iSynCJ816.SGL_RS02095	43.1	283	149	4	2	281	4	277	2.13e-60	193
WP_062596029.1	iML1515.b2040	39.6	285	166	3	1	281	1	283	5.64e-59	190
WP_062596029.1	iSbBS512_1146.SbBS512_E1193	39.3	285	167	3	1	281	1	283	1.12e-58	189
WP_062596029.1	iSDY_1059.SDY_2205	38.9	285	168	3	1	281	1	283	8.88e-58	187
WP_062596032.1	iYO844.BSU35960	32.7	281	173	6	22	302	39	303	2.13e-33	124
WP_062596032.1	iPC815.YPO1507	32.6	304	185	7	2	288	3	303	7.56e-33	123
WP_062596032.1	STM_v1_0.STM2190	31.0	310	189	8	23	312	28	332	1.02e-30	117
WP_062596032.1	iYL1228.KPN_02588	30.5	308	193	6	23	312	38	342	2.35e-30	117
WP_062596032.1	iSbBS512_1146.SbBS512_E0816	30.5	308	193	6	23	312	28	332	1.97e-30	117
WP_062596032.1	iML1515.b2150	30.5	308	193	6	23	312	28	332	3.80e-30	116
WP_062596032.1	iYL1228.KPN_04156	30.9	291	187	6	11	301	17	293	1.92e-30	116
WP_062596032.1	iSF_1195.SF2235	30.5	308	193	6	23	312	28	332	3.80e-30	116
WP_062596032.1	iSSON_1240.SSON_2206	30.5	308	193	6	23	312	28	332	3.80e-30	116
WP_062596032.1	iHN637.CLJU_RS04410	29.8	326	197	10	6	308	18	334	5.67e-30	115
WP_062596032.1	STM_v1_0.STM3884	30.9	291	187	6	11	301	17	293	1.95e-29	113
WP_062596033.1	iML1515.b2149	49.4	494	243	4	22	511	13	503	1.42e-156	455
WP_062596033.1	iSF_1195.SF2234	49.4	494	243	4	22	511	13	503	1.42e-156	455
WP_062596033.1	iSSON_1240.SSON_2205	49.4	494	243	4	22	511	13	503	1.42e-156	455
WP_062596033.1	STM_v1_0.STM2189	49.2	494	244	4	22	511	13	503	8.06e-156	453
WP_062596033.1	iPC815.YPO1508	47.8	496	254	3	19	511	10	503	2.61e-154	449
WP_062596033.1	iYL1228.KPN_02587	48.3	491	247	4	25	511	1	488	2.57e-153	446
WP_062596033.1	STM_v1_0.STM3882	46.6	489	260	1	22	510	4	491	7.16e-153	445
WP_062596033.1	iML1515.b3749	46.4	489	261	1	22	510	4	491	1.44e-152	444
WP_062596033.1	iYL1228.KPN_04154	46.0	489	263	1	22	510	4	491	2.32e-151	441
WP_062596033.1	iPC815.YPO3964	48.6	490	249	3	22	510	6	493	3.22e-150	439
WP_062596033.1	iLJ478.TM0956	45.2	504	267	3	16	510	6	509	3.08e-149	437
WP_062596033.1	iNF517.LLMG_RS04060	45.5	488	264	2	23	510	3	488	4.12e-147	430
WP_062596033.1	iLJ478.TM0115	47.0	502	257	4	18	511	10	510	2.05e-146	429
WP_062596033.1	iCN900.CD630_03010	45.1	490	267	2	22	510	5	493	3.81e-145	426
WP_062596033.1	iHN637.CLJU_RS00620	45.5	490	266	1	22	510	5	494	1.34e-144	424
WP_062596033.1	iYO844.BSU35940	42.4	488	280	1	23	510	3	489	6.51e-141	414
WP_062596034.1	iLJ478.TM0955	39.7	292	166	3	46	328	33	323	2.59e-55	183
WP_062596034.1	iPC815.YPO2499	36.6	314	179	4	25	333	32	330	1.52e-53	178
WP_062596034.1	iCN900.CD630_15880	38.0	295	163	4	46	334	32	312	5.80e-53	176
WP_062596034.1	iNF517.LLMG_RS04065	35.7	286	165	3	57	335	40	313	2.10e-52	175
WP_062596034.1	iHN637.CLJU_RS00625	38.0	334	188	6	10	337	3	323	5.41e-52	174
WP_062596034.1	iCN900.CD630_03020	37.3	284	162	3	60	338	59	331	9.60e-52	174
WP_062596034.1	iYO844.BSU35950	44.8	277	132	6	60	328	54	317	2.06e-51	172
WP_062596034.1	iYL1228.KPN_04155	39.0	282	151	3	60	332	52	321	3.97e-51	172
WP_062596034.1	iML1515.b3750	38.3	282	153	3	60	332	52	321	3.07e-50	169
WP_062596034.1	STM_v1_0.STM3883	40.1	282	148	4	60	332	52	321	8.52e-50	168
WP_062596034.1	iML1515.b2148	37.0	300	176	3	41	328	30	328	1.75e-49	168
WP_062596034.1	iSbBS512_1146.SbBS512_E0823	37.0	300	176	3	41	328	30	328	1.75e-49	168
WP_062596034.1	iSSON_1240.SSON_2204	37.0	300	176	3	41	328	30	328	1.75e-49	168
WP_062596034.1	iSF_1195.SF2233	36.7	300	177	3	41	328	30	328	2.46e-49	167
WP_062596034.1	STM_v1_0.STM2188	36.3	300	178	3	41	328	30	328	1.34e-48	166
WP_062596035.1	iSbBS512_1146.SbBS512_E0816	29.5	308	194	4	25	311	24	329	2.35e-36	132
WP_062596035.1	iPC815.YPO1507	29.7	310	195	5	23	311	26	333	2.50e-36	132
WP_062596035.1	iML1515.b2150	29.5	308	194	4	25	311	24	329	6.41e-36	131
WP_062596035.1	iSF_1195.SF2235	29.5	308	194	4	25	311	24	329	6.41e-36	131
WP_062596035.1	iSSON_1240.SSON_2206	29.5	308	194	4	25	311	24	329	6.41e-36	131
WP_062596035.1	iNF517.LLMG_RS04070	32.2	289	181	5	26	312	48	323	1.48e-35	130
WP_062596035.1	iYL1228.KPN_02588	28.6	308	197	4	25	311	34	339	1.57e-34	128
WP_062596035.1	STM_v1_0.STM2190	28.6	308	197	4	25	311	24	329	2.51e-34	127
WP_062596035.1	iCN900.CD630_15890	31.8	289	190	6	26	312	34	317	7.47e-34	125
WP_062596035.1	iYL1228.KPN_04156	29.5	285	191	4	19	303	19	293	9.12e-33	122
WP_062596036.1	iYL1228.KPN_04590	20.6	248	158	5	25	265	31	246	1.94e-04	42.0
WP_062596037.1	iYL1228.KPN_04675	59.5	336	134	2	1	335	27	361	4.67e-137	393
WP_062596037.1	iYO844.BSU39700	55.2	337	148	3	1	335	1	336	1.54e-128	370
WP_062596039.1	iYL1228.KPN_04673	52.8	634	289	6	3	629	6	636	1.25e-217	620
WP_062596040.1	iYO844.BSU39730	39.7	620	346	7	5	597	5	623	4.33e-143	429
WP_062596040.1	iYL1228.KPN_04674	40.6	628	337	5	5	596	4	631	1.60e-142	427
WP_062596041.1	iYL1228.KPN_04677	38.2	293	172	5	8	296	12	299	4.54e-67	211
WP_062596042.1	iYL1228.KPN_04671	48.4	252	127	2	13	263	11	260	3.32e-80	242
WP_062596042.1	STM_v1_0.STM4420	46.3	255	136	1	13	267	13	266	8.72e-78	236
WP_062596042.1	iYO844.BSU39750	41.7	271	153	2	1	266	1	271	9.78e-75	228
WP_062596045.1	iCHOv1.100753544	27.2	331	198	7	21	343	3	298	1.65e-30	117
WP_062596046.1	STM_v1_0.STM4425	30.8	159	101	4	5	161	2	153	9.62e-18	83.2
WP_062596046.1	STM_v1_0.STM4433	23.3	387	231	12	4	383	2	329	3.36e-17	81.6
WP_062596048.1	STM_v1_0.STM4433	36.1	330	208	2	6	332	8	337	2.22e-58	191
WP_062596048.1	iYL1228.KPN_00507	36.9	328	201	5	5	329	7	331	3.61e-55	182
WP_062596054.1	iAF987.Gmet_0843	23.3	249	180	3	21	264	23	265	4.64e-15	72.8
WP_062596057.1	iYL1228.KPN_03930	34.7	268	161	3	62	321	40	301	7.10e-35	129
WP_062596057.1	iSF_1195.SF3610	35.1	265	158	4	62	318	58	316	1.44e-34	129
WP_062596057.1	iPC815.YPO4037	30.8	341	216	6	1	332	1	330	2.05e-34	128
WP_062596057.1	iML1515.b3566	34.7	265	159	4	62	318	58	316	3.89e-34	127
WP_062596057.1	iSbBS512_1146.SbBS512_E3956	35.1	265	151	5	62	318	70	321	6.03e-33	124
WP_062596058.1	iPC815.YPO3964	39.7	239	137	4	14	248	5	240	1.25e-47	165
WP_062596058.1	iLJ478.TM0115	39.3	224	128	2	15	231	14	236	1.15e-45	160
WP_062596058.1	iLJ478.TM0956	40.6	234	136	3	15	246	12	244	3.25e-45	159
WP_062596058.1	iPC815.YPO3907	37.0	257	157	4	15	267	4	259	3.06e-44	155
WP_062596058.1	iML1515.b4485	40.7	214	125	2	15	227	9	221	6.41e-43	152
WP_062596058.1	iSF_1195.SF4262	40.7	214	125	2	15	227	9	221	1.24e-42	151
WP_062596058.1	iYL1228.KPN_04623	40.2	214	126	2	15	227	9	221	1.73e-42	151
WP_062596058.1	iSSON_1240.SSON_4410	40.7	214	125	2	15	227	9	221	1.73e-42	151
WP_062596058.1	iML1515.b4087	34.3	242	150	4	14	248	4	243	1.04e-41	149
WP_062596059.1	iML1515.b3568	37.6	346	210	5	64	408	51	391	1.85e-47	166
WP_062596059.1	iYL1228.KPN_03932	35.8	346	216	4	64	408	51	391	1.85e-47	166
WP_062596059.1	iSbBS512_1146.SbBS512_E3954	37.6	346	210	5	64	408	51	391	1.85e-47	166
WP_062596059.1	iSF_1195.SF3612	37.6	346	210	5	64	408	51	391	1.85e-47	166
WP_062596059.1	iPC815.YPO4035	33.3	378	241	7	35	408	22	392	5.65e-43	154
WP_062596060.1	iYL1228.KPN_02546	75.6	242	59	0	1	242	1	242	4.71e-129	364
WP_062596061.1	iYL1228.KPN_02547	62.8	535	198	1	10	544	2	535	5.91e-234	654
WP_062596064.1	iJN1463.PP_2635	37.4	548	315	7	35	576	179	704	2.07e-106	344
WP_062596067.1	iJN1463.PP_3533	55.9	331	144	2	13	341	4	334	5.37e-124	360
WP_062596070.1	iYO844.BSU33400	24.5	314	178	10	2	312	3	260	9.90e-13	68.2
WP_062596070.1	iLB1027_lipid.PHATRDRAFT_11273	27.9	287	164	12	56	311	29	303	4.36e-12	66.6
WP_062596071.1	iSynCJ816.SGL_RS12165	34.4	378	159	8	8	310	5	368	6.50e-53	177
WP_062596072.1	iSynCJ816.SGL_RS11390	31.1	305	174	3	4	299	5	282	6.75e-42	145
WP_062596073.1	iSynCJ816.SGL_RS07665	46.0	239	128	1	1	239	1	238	6.55e-67	206
WP_062596075.1	iYO844.BSU19350	58.4	308	128	0	1	308	1	308	2.73e-119	345
WP_062596076.1	iJN1463.PP_3957	51.5	649	299	6	5	645	10	650	1.65e-217	622
WP_062596080.1	iJN1463.PP_3591	37.7	329	196	3	6	329	6	330	2.04e-55	183
WP_062596081.1	iPC815.YPO1358	61.5	571	216	3	1	570	1	568	5.46e-253	705
WP_062596081.1	iYL1228.KPN_00904	58.7	571	231	3	1	570	4	570	1.02e-236	664
WP_062596081.1	STM_v1_0.STM0935	58.0	571	235	3	1	570	1	567	4.96e-234	657
WP_062596081.1	iML1515.b0871	57.6	571	237	3	1	570	1	567	2.00e-233	655
WP_062596081.1	iSbBS512_1146.SbBS512_E2460	57.6	571	237	3	1	570	1	567	2.00e-233	655
WP_062596081.1	iSSON_1240.SSON_0857	57.6	571	237	3	1	570	1	567	2.00e-233	655
WP_062596081.1	iSDY_1059.SDY_2392	57.1	571	240	3	1	570	1	567	1.15e-232	654
WP_062596081.1	iSF_1195.SF0826	57.3	571	239	3	1	570	1	567	1.15e-232	654
WP_062596083.1	iYO844.BSU26640	23.9	310	204	5	6	313	2	281	4.19e-20	89.7
WP_062596093.1	iJN1463.PP_2918	68.0	684	218	1	1	683	1	684	0.0	943
WP_062596095.1	iJN1463.PP_4755	46.6	657	331	7	66	711	150	797	7.41e-197	576
WP_062596096.1	iSSON_1240.SSON_0541	45.7	315	169	2	30	343	16	329	2.28e-73	230
WP_062596096.1	iML1515.b0590	45.7	315	169	2	30	343	16	329	9.06e-73	228
WP_062596096.1	iSbBS512_1146.SbBS512_E0492	45.4	315	170	2	30	343	16	329	1.28e-72	228
WP_062596096.1	iSF_1195.SF0504	45.4	315	170	2	30	343	20	333	1.44e-72	228
WP_062596096.1	iSDY_1059.SDY_0521	45.4	315	170	2	30	343	16	329	1.81e-72	228
WP_062596096.1	iYL1228.KPN_00608	44.5	335	177	5	11	343	2	329	2.33e-70	222
WP_062596096.1	STM_v1_0.STM0592	43.3	330	180	3	15	343	6	329	2.05e-68	217
WP_062596096.1	iSynCJ816.SGL_RS01930	46.9	273	141	2	72	343	72	341	3.65e-68	217
WP_062596096.1	iYO844.BSU08450	39.6	326	194	2	20	342	4	329	7.69e-68	216
WP_062596096.1	iYO844.BSU33310	45.8	273	147	1	72	344	110	381	2.50e-66	213
WP_062596097.1	iSDY_1059.SDY_0520	37.8	294	176	3	49	338	38	328	2.54e-48	165
WP_062596097.1	iSbBS512_1146.SbBS512_E0491	37.8	294	176	3	49	338	38	328	7.04e-48	164
WP_062596097.1	iSSON_1240.SSON_0540	37.8	294	176	3	49	338	38	328	7.04e-48	164
WP_062596097.1	iSynCJ816.SGL_RS01935	39.3	328	189	7	18	338	23	347	1.12e-47	164
WP_062596097.1	iML1515.b0589	37.8	294	176	3	49	338	38	328	9.88e-48	163
WP_062596097.1	iSF_1195.SF0503	37.4	294	177	3	49	338	38	328	4.11e-46	159
WP_062596097.1	iYL1228.KPN_00607	36.7	294	179	3	49	338	38	328	4.38e-45	156
WP_062596097.1	STM_v1_0.STM0591	34.4	326	204	4	20	338	5	327	8.94e-44	153
WP_062596098.1	iSynCJ816.SGL_RS01940	55.9	261	115	0	2	262	6	266	5.91e-103	300
WP_062596098.1	iYO844.BSU07490	55.3	255	114	0	6	260	4	258	4.23e-100	293
WP_062596098.1	iYL1228.KPN_00606	54.2	251	115	0	11	261	13	263	1.06e-97	286
WP_062596098.1	STM_v1_0.STM0590	53.0	251	118	0	11	261	13	263	8.08e-95	279
WP_062596098.1	iSSON_1240.SSON_0539	52.2	251	120	0	11	261	13	263	5.84e-94	277
WP_062596098.1	iML1515.b0588	52.2	251	120	0	11	261	13	263	2.36e-93	276
WP_062596098.1	iSDY_1059.SDY_0519	52.2	251	120	0	11	261	13	263	2.36e-93	276
WP_062596098.1	iSF_1195.SF0502	52.2	251	120	0	11	261	13	263	2.36e-93	276
WP_062596098.1	iSbBS512_1146.SbBS512_E0489	51.4	251	122	0	11	261	13	263	2.20e-91	271
WP_062596102.1	iPC815.YPO3964	43.1	492	278	2	28	517	5	496	9.29e-132	392
WP_062596102.1	iYO844.BSU35940	40.9	489	287	2	30	516	3	491	5.57e-124	371
WP_062596102.1	iHN637.CLJU_RS00620	39.6	492	293	3	29	516	5	496	3.03e-119	359
WP_062596103.1	iLJ478.TM0112	43.4	281	157	1	43	321	33	313	2.84e-66	210
WP_062596103.1	iPC815.YPO2499	39.1	299	181	1	23	321	33	330	9.91e-61	196
WP_062596104.1	iLJ478.TM1749	48.5	303	155	1	5	306	4	306	1.08e-95	286
WP_062596104.1	iYO844.BSU12950	48.3	296	151	1	5	298	4	299	1.68e-89	270
WP_062596104.1	iYL1228.KPN_02194	45.0	302	166	0	2	303	16	317	7.16e-89	269
WP_062596104.1	iSDY_1059.SDY_1304	45.2	299	164	0	5	303	19	317	4.06e-88	267
WP_062596104.1	iSF_1195.SF1247	45.2	299	164	0	5	303	19	317	4.06e-88	267
WP_062596104.1	iSSON_1240.SSON_1934	45.2	299	164	0	5	303	19	317	4.06e-88	267
WP_062596104.1	iLJ478.TM0058	47.3	328	159	5	5	323	4	326	4.77e-88	266
WP_062596104.1	STM_v1_0.STM1743	45.2	299	164	0	5	303	17	315	1.53e-87	265
WP_062596104.1	iSbBS512_1146.SbBS512_E1415	44.8	299	165	0	5	303	19	317	2.31e-87	265
WP_062596104.1	iML1515.b1246	44.5	299	166	0	5	303	19	317	5.25e-86	261
WP_062596104.1	iEK1008.Rv1281c	47.5	305	156	3	5	306	4	307	1.22e-82	261
WP_062596105.1	iLJ478.TM0057	47.9	328	154	8	24	338	3	326	3.98e-94	283
WP_062596105.1	iLJ478.TM1063	47.4	331	155	7	24	338	3	330	8.76e-94	283
WP_062596105.1	STM_v1_0.STM3626	47.6	307	154	5	22	324	10	313	7.49e-86	262
WP_062596105.1	iML1515.b3540	47.2	307	155	5	22	324	10	313	1.93e-85	261
WP_062596105.1	iSSON_1240.SSON_3850	47.2	307	155	5	22	324	10	313	2.73e-85	261
WP_062596105.1	iYL1228.KPN_03895	47.2	307	155	5	22	324	10	313	5.99e-85	260
WP_062596105.1	iSDY_1059.SDY_4563	46.9	307	156	5	22	324	10	313	7.72e-85	259
WP_062596105.1	iSF_1195.SF3575	46.9	307	156	5	22	324	10	313	2.18e-84	258
WP_062596105.1	iJN1463.PP_0878	45.5	319	166	6	24	338	4	318	3.01e-84	258
WP_062596106.1	iYL1228.KPN_00865	41.6	274	160	0	22	295	13	286	3.20e-59	190
WP_062596106.1	iSbBS512_1146.SbBS512_E2516	41.6	274	160	0	22	295	27	300	6.73e-59	190
WP_062596106.1	iSSON_1240.SSON_0814	41.6	274	160	0	22	295	27	300	6.73e-59	190
WP_062596106.1	iML1515.b0832	41.2	274	161	0	22	295	27	300	9.49e-59	189
WP_062596106.1	iJN1463.PP_0880	40.2	291	169	1	10	295	13	303	1.72e-57	186
WP_062596106.1	iSDY_1059.SDY_0755	40.9	274	162	0	22	295	27	300	1.49e-57	186
WP_062596106.1	iSF_1195.SF0782	40.5	274	163	0	22	295	27	300	4.66e-56	182
WP_062596106.1	iML1515.b1485	38.1	265	163	1	32	296	30	293	6.36e-55	179
WP_062596106.1	iSSON_1240.SSON_1639	38.1	265	163	1	32	296	30	293	1.27e-54	179
WP_062596106.1	STM_v1_0.STM0851	40.1	274	164	0	22	295	27	300	2.05e-54	178
WP_062596106.1	iSbBS512_1146.SbBS512_E1748	37.4	265	161	2	32	296	30	289	7.75e-52	171
WP_062596107.1	iYL1228.KPN_00864	40.2	316	176	3	1	315	1	304	2.58e-71	223
WP_062596107.1	STM_v1_0.STM0850	39.6	316	178	3	1	315	1	304	2.05e-70	220
WP_062596107.1	iML1515.b0831	39.6	316	178	3	1	315	1	304	6.52e-69	216
WP_062596107.1	iSDY_1059.SDY_0756	39.6	316	178	3	1	315	1	304	6.52e-69	216
WP_062596107.1	iSSON_1240.SSON_0813	39.6	316	178	3	1	315	1	304	9.22e-69	216
WP_062596107.1	iSF_1195.SF0781	39.6	316	178	3	1	315	1	304	1.30e-68	216
WP_062596107.1	iSbBS512_1146.SbBS512_E2517	39.2	316	179	3	1	315	1	304	1.04e-67	213
WP_062596107.1	iSF_1195.SF3495	39.7	320	177	4	1	316	1	308	1.47e-66	211
WP_062596107.1	iSDY_1059.SDY_3632	39.7	320	177	4	1	316	1	308	2.93e-66	210
WP_062596107.1	iML1515.b3477	39.4	320	178	4	1	316	1	308	5.85e-66	209
WP_062596107.1	iSbBS512_1146.SbBS512_E3844	39.4	320	178	4	1	316	1	308	5.85e-66	209
WP_062596107.1	iSSON_1240.SSON_3715	39.4	320	178	4	1	316	1	308	5.85e-66	209
WP_062596107.1	iYL1228.KPN_03851	39.3	323	174	5	1	316	1	308	1.03e-63	203
WP_062596109.1	iJN1463.PP_2637	34.1	232	137	9	52	275	27	250	8.62e-22	95.1
WP_062596111.1	iJN1463.PP_2635	37.6	611	344	11	20	621	167	749	9.44e-113	361
WP_062596112.1	iYL1228.KPN_01924	63.8	475	172	0	1	475	7	481	1.73e-223	622
WP_062596112.1	iJN1463.PP_1481	63.5	474	173	0	1	474	1	474	1.55e-222	620
WP_062596112.1	iSSON_1240.SSON_1693	62.2	474	179	0	1	474	1	474	1.61e-217	607
WP_062596112.1	iML1515.b1444	61.8	474	181	0	1	474	1	474	2.64e-216	604
WP_062596112.1	STM_v1_0.STM1597	63.1	474	175	0	1	474	8	481	4.82e-216	603
WP_062596112.1	iSF_1195.SF1774	61.8	474	181	0	1	474	1	474	5.32e-216	603
WP_062596112.1	iSDY_1059.SDY_1730	61.2	474	184	0	1	474	1	474	1.01e-213	597
WP_062596112.1	iJN1463.PP_2801	59.9	474	190	0	1	474	1	474	5.49e-211	590
WP_062596113.1	iML1515.b1443	66.4	259	87	0	7	265	4	262	7.60e-115	330
WP_062596113.1	iYL1228.KPN_01925	64.2	265	95	0	7	271	4	268	2.03e-113	327
WP_062596113.1	iSSON_1240.SSON_1694	65.6	259	89	0	7	265	4	262	2.05e-112	324
WP_062596114.1	iYL1228.KPN_01926	61.5	299	115	0	22	320	11	309	4.56e-125	360
WP_062596114.1	iML1515.b1442	59.7	303	122	0	18	320	11	313	2.44e-123	355
WP_062596115.1	iJN1463.PP_1484	62.8	301	110	1	3	301	4	304	5.41e-125	361
WP_062596115.1	iML1515.b1441	60.7	326	120	4	3	322	4	327	1.26e-124	360
WP_062596115.1	iSSON_1240.SSON_1696	60.7	326	120	4	3	322	4	327	1.26e-124	360
WP_062596115.1	iSDY_1059.SDY_1733	60.1	326	122	4	3	322	4	327	8.32e-123	355
WP_062596115.1	iYL1228.KPN_01927	58.0	333	132	3	3	329	4	334	3.36e-122	354
WP_062596116.1	iML1515.b1440	62.7	375	135	3	12	386	12	381	4.23e-179	502
WP_062596116.1	iSDY_1059.SDY_1734	63.2	367	131	2	20	386	19	381	6.01e-179	502
WP_062596116.1	iSSON_1240.SSON_1697	63.2	367	131	2	20	386	19	381	6.01e-179	502
WP_062596116.1	iYL1228.KPN_01928	62.9	364	131	2	23	386	22	381	1.33e-175	493
WP_062596119.1	iAF987.Gmet_0069	42.8	173	93	2	373	539	131	303	1.08e-31	124
WP_062596120.1	iJN1463.PP_3740	30.3	406	272	6	4	403	5	405	2.08e-38	144
WP_062596120.1	iJN1463.PP_3658	25.6	407	289	6	2	401	4	403	6.82e-35	134
WP_062596121.1	iAF987.Gmet_2620	64.8	335	116	1	1	333	1	335	1.25e-154	436
WP_062596122.1	iJN1463.PP_1587	42.2	554	305	8	1	546	19	565	4.18e-118	360
WP_062596123.1	iAF692.Mbar_A1916	27.1	376	238	15	223	589	213	561	4.33e-24	106
WP_062596128.1	iAF692.Mbar_A0489	26.4	121	86	3	110	230	107	224	4.89e-06	45.8
WP_062596128.1	iCN718.ABAYE_RS17645	29.4	102	63	2	89	190	227	319	1.74e-05	44.7
WP_062596128.1	iCN900.CD630_17000	27.7	101	69	3	122	219	260	359	1.83e-04	41.6
WP_062596137.1	iAF987.Gmet_0043	26.0	396	259	8	130	516	17	387	6.55e-24	105
WP_062596138.1	iJN1463.PP_2454	28.4	194	115	8	89	276	84	259	9.02e-07	49.7
WP_062596139.1	iCN900.CD630_34160	31.6	266	179	2	22	286	7	270	4.19e-41	144
WP_062596139.1	iEK1008.Rv2316	30.9	282	189	1	13	294	2	277	4.30e-41	144
WP_062596139.1	iEK1008.Rv2040c	30.1	279	190	4	20	295	9	285	1.62e-39	140
WP_062596144.1	iAT_PLT_636.4905	38.6	88	48	2	1	82	368	455	2.77e-10	56.6
WP_062596144.1	iMM1415.18195	38.6	88	48	2	1	82	368	455	2.77e-10	56.6
WP_062596147.1	iYO844.BSU35940	32.9	495	322	4	6	496	3	491	2.04e-92	290
WP_062596147.1	iPC815.YPO3964	34.3	496	318	4	4	496	5	495	3.61e-90	284
WP_062596147.1	iYL1228.KPN_03931	36.7	485	289	7	5	476	4	483	7.13e-88	278
WP_062596147.1	iSbBS512_1146.SbBS512_E3955	35.7	488	290	6	5	476	4	483	7.13e-88	278
WP_062596147.1	iML1515.b3567	35.7	488	290	6	5	476	4	483	1.41e-87	278
WP_062596147.1	iNF517.LLMG_RS04060	33.5	493	321	3	6	496	3	490	1.12e-87	277
WP_062596147.1	iLJ478.TM0115	34.7	481	302	4	5	477	14	490	2.39e-87	277
WP_062596147.1	iSF_1195.SF3611	35.5	488	291	6	5	476	4	483	1.54e-86	275
WP_062596147.1	iYL1228.KPN_04154	34.4	500	312	6	5	497	4	494	4.36e-86	273
WP_062596147.1	iML1515.b3749	34.3	505	306	6	5	497	4	494	6.67e-85	270
WP_062596147.1	STM_v1_0.STM3882	33.8	500	315	5	5	497	4	494	6.67e-85	270
WP_062596147.1	iLJ478.TM0956	34.7	496	300	10	5	484	12	499	2.55e-83	267
WP_062596150.1	iAF692.Mbar_A1138	24.6	305	199	10	19	321	26	301	7.97e-16	76.6
WP_062596152.1	iLJ478.TM1839	26.4	394	248	12	30	407	22	389	9.70e-27	110
WP_062596152.1	iLJ478.TM1204	24.6	395	254	13	30	407	21	388	4.15e-23	99.8
WP_062596153.1	iYS854.USA300HOU_RS01105	30.3	261	172	5	20	275	23	278	1.49e-30	115
WP_062596153.1	iYO844.BSU30290	28.7	272	184	4	8	275	10	275	1.96e-30	114
WP_062596153.1	iEK1008.Rv2039c	28.6	248	173	2	22	269	30	273	8.67e-28	107
WP_062596153.1	iYO844.BSU34140	28.9	266	176	6	17	275	23	282	9.40e-27	105
WP_062596154.1	iPC815.YPO3793	46.9	354	185	3	9	360	4	356	2.71e-104	310
WP_062596154.1	STM_v1_0.STM3554	46.6	354	185	3	9	359	4	356	1.05e-103	309
WP_062596154.1	iYL1228.KPN_03810	46.8	355	181	5	9	358	4	355	1.49e-103	308
WP_062596154.1	iPC815.YPO3712	48.9	352	169	5	9	351	4	353	9.08e-103	307
WP_062596154.1	iSbBS512_1146.SbBS512_E3873	46.3	354	186	3	9	359	4	356	3.41e-102	305
WP_062596154.1	iML1515.b3450	45.8	354	188	3	9	359	4	356	1.94e-101	303
WP_062596154.1	iEK1008.Rv1238	47.0	387	168	7	8	359	3	387	4.02e-99	298
WP_062596154.1	STM_v1_0.STM4230	46.9	356	182	3	9	357	4	359	2.68e-99	298
WP_062596154.1	iSF_1195.SF4170	47.4	352	176	4	9	351	4	355	2.29e-98	296
WP_062596154.1	iML1515.b4035	46.9	352	178	3	9	351	4	355	3.25e-98	295
WP_062596154.1	iSSON_1240.SSON_4213	46.9	352	178	3	9	351	4	355	3.25e-98	295
WP_062596154.1	iYL1228.KPN_04424	47.4	350	177	3	9	351	4	353	4.31e-98	295
WP_062596154.1	iJN1463.PP_1018	46.4	364	184	7	9	361	4	367	1.00e-94	287
WP_062596154.1	iSynCJ816.SGL_RS17635	45.0	362	185	6	9	359	4	362	1.19e-93	283
WP_062596154.1	iYS854.USA300HOU_RS01090	45.3	362	188	4	8	359	3	364	7.15e-93	281
WP_062596154.1	iEK1008.Rv2832c	44.4	363	183	4	9	359	4	359	1.73e-92	280
WP_062596155.1	iAF987.Gmet_2425	38.0	163	94	3	99	254	182	344	1.38e-21	92.4
WP_062596155.1	iPC815.YPO0425	36.2	174	99	4	90	254	206	376	2.69e-21	92.0
WP_062596155.1	iML1515.b1490	35.4	175	99	5	93	254	280	453	2.25e-19	87.0
WP_062596155.1	iJN1463.PP_1494	38.6	176	86	6	96	254	162	332	1.83e-19	86.3
WP_062596155.1	iJN1463.PP_1144	33.9	177	108	3	86	254	272	447	5.85e-19	86.3
WP_062596155.1	iAF987.Gmet_0069	34.3	172	104	2	92	254	130	301	9.71e-19	84.0
WP_062596156.1	iJN1463.PP_2834	59.2	507	197	4	4	505	10	511	1.05e-204	577
WP_062596157.1	iSbBS512_1146.SbBS512_E4898	40.3	335	199	1	1	334	4	338	1.57e-83	256
WP_062596157.1	iML1515.b4358	40.3	335	199	1	1	334	4	338	3.15e-83	255
WP_062596157.1	iSSON_1240.SSON_4504	40.3	335	199	1	1	334	9	343	3.67e-83	255
WP_062596158.1	iYO844.BSU12380	28.1	384	232	13	4	360	18	384	2.63e-34	132
WP_062596161.1	iAF987.Gmet_3085	37.4	123	77	0	26	148	337	459	9.87e-22	96.7
WP_062596163.1	iAF987.Gmet_0782	30.5	154	96	3	278	428	162	307	1.14e-10	64.7
WP_062596164.1	iML1515.b0350	31.7	161	103	5	56	214	78	233	2.17e-04	41.2
WP_062596164.1	iSSON_1240.SSON_0329	31.7	161	103	5	56	214	80	235	2.18e-04	41.2
WP_062596165.1	iJN1463.PP_1171	54.6	262	116	3	3	262	8	268	4.67e-99	290
WP_062596167.1	iJN1463.PP_3599	52.7	298	140	1	1	297	1	298	6.85e-106	310
WP_062596168.1	STM_v1_0.STM3697	32.0	366	217	11	15	369	40	384	8.04e-39	142
WP_062596168.1	iML1515.b4478	30.2	391	224	10	1	373	1	360	3.09e-37	138
WP_062596168.1	STM_v1_0.STM3828	29.5	383	225	9	8	372	4	359	5.96e-37	137
WP_062596168.1	iYL1228.KPN_04095	29.9	385	221	10	8	372	4	359	1.14e-35	134
WP_062596170.1	iJN1463.PP_1169	45.9	305	160	3	22	324	22	323	2.98e-87	264
WP_062596171.1	iJN1463.PP_1168	35.2	142	87	2	15	153	31	170	5.46e-22	87.4
WP_062596172.1	iJN1463.PP_1167	48.7	421	214	2	5	424	5	424	2.32e-128	377
WP_062596175.1	iML1515.b3070	32.1	249	142	6	16	243	9	251	6.08e-28	107
WP_062596179.1	iPC815.YPO3793	51.3	359	167	6	1	355	1	355	2.94e-112	331
WP_062596179.1	STM_v1_0.STM4230	49.9	369	171	6	1	358	1	366	1.61e-109	324
WP_062596179.1	iYL1228.KPN_04424	49.3	369	173	6	1	358	1	366	4.58e-109	323
WP_062596179.1	STM_v1_0.STM3554	49.2	358	177	5	1	355	1	356	3.00e-109	323
WP_062596179.1	iML1515.b4035	48.5	371	175	5	1	358	1	368	9.81e-109	322
WP_062596179.1	iSSON_1240.SSON_4213	48.5	371	175	5	1	358	1	368	9.81e-109	322
WP_062596179.1	iSF_1195.SF4170	48.2	371	176	5	1	358	1	368	7.91e-108	320
WP_062596179.1	iML1515.b3450	49.2	358	177	5	1	355	1	356	6.89e-108	320
WP_062596179.1	iSbBS512_1146.SbBS512_E3873	49.2	358	177	5	1	355	1	356	9.75e-108	319
WP_062596179.1	iJN1463.PP_1018	46.0	374	192	4	1	364	1	374	9.66e-107	318
WP_062596179.1	iPC815.YPO3712	48.3	360	175	5	1	352	1	357	5.97e-107	318
WP_062596179.1	iYL1228.KPN_03810	48.9	358	178	4	1	355	1	356	1.11e-106	317
WP_062596179.1	iSynCJ816.SGL_RS17635	47.9	357	174	4	1	348	1	354	1.03e-103	309
WP_062596179.1	iYS854.USA300HOU_RS01090	48.3	358	173	4	1	348	1	356	6.27e-103	307
WP_062596179.1	iEK1008.Rv2038c	45.5	369	173	5	1	355	1	355	7.17e-100	299
WP_062596181.1	iEK1008.Rv2040c	34.6	292	176	5	6	294	2	281	1.17e-40	143
WP_062596181.1	iYO844.BSU30280	33.3	258	164	4	25	280	23	274	1.14e-36	132
WP_062596182.1	iEK1008.Rv2041c	26.0	366	229	12	32	369	45	396	8.54e-13	69.3
WP_062596182.1	iYO844.BSU06970	29.0	162	108	4	21	178	32	190	1.44e-11	65.5
WP_062596183.1	iLJ478.TM1270	40.4	379	200	5	18	384	12	376	1.13e-76	241
WP_062596183.1	iJN1463.PP_1308	36.9	393	228	5	8	386	10	396	5.74e-72	230
WP_062596183.1	iAF692.Mbar_A3023	36.4	371	226	5	23	384	22	391	1.06e-67	219
WP_062596184.1	iYL1228.KPN_04157	36.1	285	179	3	1	284	2	284	7.91e-33	122
WP_062596184.1	iAT_PLT_636.64080	35.1	259	166	2	7	263	18	276	5.43e-31	117
WP_062596184.1	iJN1463.PP_2458	33.9	280	183	2	6	284	4	282	5.37e-29	112
WP_062596185.1	iYS854.USA300HOU_RS01685	25.2	246	174	1	14	259	6	241	1.90e-23	96.3
WP_062596186.1	iPC815.YPO2499	48.0	294	153	0	30	323	36	329	1.70e-80	247
WP_062596186.1	iYO844.BSU35950	42.8	304	172	1	19	320	15	318	4.81e-78	241
WP_062596186.1	iNF517.LLMG_RS04065	44.2	294	162	1	28	319	13	306	2.92e-77	238
WP_062596186.1	iYL1228.KPN_04155	43.4	304	162	3	23	319	17	317	3.40e-72	226
WP_062596186.1	iML1515.b3750	42.3	317	172	4	11	319	4	317	3.83e-71	223
WP_062596187.1	iLJ478.TM0115	45.9	479	252	4	7	478	15	493	5.34e-136	402
WP_062596187.1	iML1515.b3749	41.8	491	283	3	5	493	3	492	3.85e-131	389
WP_062596187.1	STM_v1_0.STM3882	41.8	491	283	3	5	493	3	492	3.08e-130	387
WP_062596187.1	iYL1228.KPN_04154	42.0	491	282	3	5	493	3	492	6.15e-130	386
WP_062596187.1	iPC815.YPO3964	42.6	502	280	6	1	498	1	498	9.49e-128	381
WP_062596187.1	iYO844.BSU35940	40.7	494	286	4	6	495	2	492	2.44e-127	379
WP_062596187.1	iML1515.b1900	42.9	499	273	7	7	498	8	501	6.90e-127	379
WP_062596187.1	iSDY_1059.SDY_1121	42.9	499	273	7	7	498	8	501	9.75e-127	378
WP_062596187.1	iPC815.YPO2256	44.2	489	255	7	7	485	20	500	1.40e-125	376
WP_062596187.1	iSbBS512_1146.SbBS512_E1024	42.4	498	277	6	7	498	8	501	1.10e-125	375
WP_062596187.1	iSSON_1240.SSON_1218	42.5	499	275	7	7	498	8	501	1.10e-125	375
WP_062596187.1	iNF517.LLMG_RS04060	39.3	491	296	2	6	495	2	491	1.21e-124	372
WP_062596187.1	iML1515.b2149	41.4	488	279	4	7	489	14	499	9.45e-122	365
WP_062596187.1	iSF_1195.SF2234	41.4	488	279	4	7	489	14	499	9.45e-122	365
WP_062596187.1	iSSON_1240.SSON_2205	41.4	488	279	4	7	489	14	499	9.45e-122	365
WP_062596188.1	iML1515.b4088	33.1	272	170	5	63	325	30	298	1.44e-37	136
WP_062596188.1	iYO844.BSU35960	32.2	264	172	4	66	328	46	303	1.38e-34	128
WP_062596189.1	STM_v1_0.STM3661	26.1	161	114	2	50	205	115	275	1.04e-07	52.8
WP_062596189.1	iSbBS512_1146.SbBS512_E3959	26.9	145	102	1	50	190	115	259	1.04e-07	52.8
WP_062596189.1	iSSON_1240.SSON_3820	26.9	145	102	1	50	190	115	259	1.04e-07	52.8
WP_062596189.1	iML1515.b3565	26.9	145	102	1	50	190	115	259	1.38e-07	52.4
WP_062596189.1	iYL1228.KPN_03929	26.9	145	102	1	50	190	119	263	1.39e-07	52.4
WP_062596189.1	iPC815.YPO4038	26.7	150	105	2	61	205	126	275	7.69e-07	50.1
WP_062596195.1	iAF987.Gmet_0177	29.7	445	310	3	3	445	5	448	2.54e-65	217
WP_062596195.1	iYS854.USA300HOU_RS03105	32.5	456	273	9	1	445	1	432	1.42e-63	211
WP_062596195.1	iJN1463.PP_3819	31.9	452	293	10	4	450	5	446	1.18e-59	201
WP_062596200.1	iML1515.b4119	31.2	459	291	10	1	444	2	450	1.53e-67	223
WP_062596200.1	iYO844.BSU30300	33.0	442	279	8	5	442	3	431	1.32e-67	223
WP_062596200.1	iSDY_1059.SDY_4092	30.9	459	292	10	1	444	2	450	5.91e-67	221
WP_062596200.1	iSF_1195.SF4104	30.9	459	292	10	1	444	2	450	8.29e-67	221
WP_062596200.1	iSSON_1240.SSON_4294	30.7	459	293	10	1	444	2	450	3.20e-66	219
WP_062596200.1	STM_v1_0.STM4298	30.4	457	289	11	1	440	2	446	3.59e-64	214
WP_062596200.1	iYL1228.KPN_04505	30.0	463	291	12	1	444	1	449	1.35e-63	213
WP_062596201.1	iLJ478.TM0060	38.9	332	195	6	1	330	1	326	2.98e-75	234
WP_062596202.1	iLJ478.TM1065	37.2	366	217	7	27	385	5	364	3.39e-73	232
WP_062596202.1	iLJ478.TM0059	37.1	361	214	7	32	385	6	360	1.58e-69	222
WP_062596203.1	iML1515.b2180	51.3	519	251	2	30	548	10	526	4.44e-170	492
WP_062596203.1	iJN1463.PP_4150	50.4	528	258	4	25	552	6	529	1.10e-166	483
WP_062596203.1	iSDY_1059.SDY_0758	48.4	552	252	7	30	550	6	555	5.60e-154	454
WP_062596203.1	STM_v1_0.STM0848	49.0	557	251	7	25	550	12	566	1.58e-153	453
WP_062596203.1	iML1515.b0829	47.8	557	258	7	25	550	12	566	6.30e-153	451
WP_062596203.1	iSbBS512_1146.SbBS512_E2519	47.8	557	258	7	25	550	12	566	8.91e-153	451
WP_062596203.1	iSSON_1240.SSON_0811	48.2	552	253	7	30	550	6	555	8.94e-153	451
WP_062596203.1	iSF_1195.SF0779	48.0	552	254	7	30	550	6	555	5.71e-151	446
WP_062596204.1	iYL1228.KPN_04505	65.8	444	150	1	5	446	4	447	2.87e-226	627
WP_062596204.1	iSDY_1059.SDY_4092	66.5	448	148	1	1	446	1	448	4.22e-226	627
WP_062596204.1	iML1515.b4119	66.3	448	149	1	1	446	1	448	2.43e-225	625
WP_062596204.1	iSF_1195.SF4104	66.1	448	150	1	1	446	1	448	1.40e-224	623
WP_062596204.1	iSSON_1240.SSON_4294	66.1	448	150	1	1	446	1	448	8.06e-224	621
WP_062596204.1	STM_v1_0.STM4298	64.2	450	159	1	1	448	1	450	1.78e-220	613
WP_062596206.1	iPC815.YPO3712	56.5	359	151	3	1	356	1	357	3.76e-124	361
WP_062596206.1	iSF_1195.SF4170	54.8	363	161	2	1	360	1	363	1.13e-118	347
WP_062596206.1	iML1515.b4035	54.5	363	162	2	1	360	1	363	6.47e-118	345
WP_062596206.1	iSSON_1240.SSON_4213	54.5	363	162	2	1	360	1	363	6.47e-118	345
WP_062596206.1	iYL1228.KPN_04424	54.3	363	161	3	1	360	1	361	2.80e-116	341
WP_062596206.1	STM_v1_0.STM4230	54.0	363	162	3	1	360	1	361	2.80e-116	341
WP_062596207.1	iLJ478.TM1062	26.3	537	331	19	45	538	40	554	3.45e-39	152
WP_062596207.1	iLJ478.TM1193	29.0	435	229	14	6	387	44	451	2.35e-34	140
WP_062596208.1	iEK1008.Rv2040c	34.8	287	176	6	22	303	12	292	2.95e-48	162
WP_062596208.1	iYO844.BSU28740	32.9	295	188	7	3	292	10	299	5.29e-45	154
WP_062596209.1	iHN637.CLJU_RS00965	20.5	283	203	9	48	321	56	325	4.29e-09	57.8
WP_062596214.1	iEK1008.Rv3777	30.7	342	202	14	8	334	5	326	1.73e-17	81.6
WP_062596214.1	iJN1463.PP_0072	35.3	184	111	3	21	204	19	194	1.68e-17	81.6
WP_062596217.1	iJN1463.PP_1674	34.9	192	121	3	12	202	11	199	2.97e-29	108
WP_062596219.1	iCHOv1.100773401	35.6	264	139	9	1	242	1	255	8.82e-29	111
WP_062596219.1	iMM1415.235033	38.2	199	114	4	1	191	1	198	3.64e-27	107
WP_062596219.1	STM_v1_0.STM1195	36.9	203	113	4	9	198	9	209	2.47e-26	103
WP_062596219.1	iML1515.b1093	37.1	202	114	4	9	198	9	209	4.81e-26	102
WP_062596219.1	iSbBS512_1146.SbBS512_E2231	37.1	202	114	4	9	198	9	209	4.81e-26	102
WP_062596219.1	iSF_1195.SF1097	37.1	202	114	4	9	198	9	209	4.81e-26	102
WP_062596219.1	iSSON_1240.SSON_1113	37.1	202	114	4	9	198	9	209	4.81e-26	102
WP_062596219.1	iYL1228.KPN_01091	38.9	180	106	3	9	185	9	187	6.71e-26	102
WP_062596219.1	iSDY_1059.SDY_2057	37.1	202	114	4	9	198	9	209	6.71e-26	102
WP_062596219.1	iCHOv1.100750866	33.2	247	151	4	9	242	7	252	1.20e-24	100
WP_062596219.1	iMM1415.15485	33.6	247	150	4	9	242	7	252	1.42e-24	100
WP_062596221.1	iSynCJ816.SGL_RS02030	28.1	306	178	14	34	324	46	324	1.19e-17	82.0
WP_062596222.1	iML1515.b1771	31.7	227	129	6	1	221	1	207	5.04e-16	77.4
WP_062596223.1	iYL1228.KPN_04156	29.0	303	203	6	16	317	4	295	5.82e-28	110
WP_062596223.1	iML1515.b3751	30.4	303	199	7	16	317	4	295	4.07e-26	105
WP_062596223.1	STM_v1_0.STM3884	30.0	303	200	7	16	317	4	295	4.07e-26	105
WP_062596224.1	iYL1228.KPN_01788	28.2	206	145	2	3	206	5	209	6.83e-13	65.5
WP_062596228.1	iAF987.Gmet_0043	25.8	427	245	9	453	871	25	387	1.94e-28	121
WP_062596229.1	iPC815.YPO3796	24.9	334	217	15	12	322	15	337	3.38e-11	64.3
WP_062596229.1	iYO844.BSU34160	24.8	310	202	10	28	325	42	332	7.59e-11	63.2
WP_062596229.1	iYO844.BSU28750	23.1	338	235	14	17	339	27	354	2.45e-10	61.6
WP_062596229.1	iEK1008.Rv1235	23.8	260	176	8	52	302	66	312	4.65e-10	60.8
WP_062596229.1	iYL1228.KPN_03813	25.6	348	224	18	12	334	11	348	1.81e-09	58.9
WP_062596229.1	iML1515.b3453	25.4	358	232	17	2	334	1	348	2.41e-09	58.5
WP_062596229.1	STM_v1_0.STM3557	27.1	218	137	11	130	334	140	348	2.41e-09	58.5
WP_062596229.1	iSbBS512_1146.SbBS512_E3870	25.4	358	232	17	2	334	1	348	2.41e-09	58.5
WP_062596235.1	iYO844.BSU30280	34.1	255	163	2	33	287	39	288	1.15e-38	137
WP_062596235.1	iEK1008.Rv2040c	27.3	267	187	4	33	297	30	291	3.33e-36	131
WP_062596235.1	iCN900.CD630_34160	29.0	255	176	3	33	287	26	275	2.06e-34	126
WP_062596240.1	iLJ478.TM0056	28.2	525	304	21	56	551	42	522	2.48e-45	171
WP_062596244.1	iJN1463.PP_1597	50.3	396	176	8	4	386	10	397	5.96e-104	312
WP_062596244.1	iAF987.Gmet_1256	50.1	385	184	5	9	390	4	383	4.76e-98	296
WP_062596244.1	iYL1228.KPN_00186	47.3	389	189	6	9	384	4	389	8.82e-97	294
WP_062596244.1	STM_v1_0.STM0220	48.3	389	185	5	9	384	4	389	8.29e-97	294
WP_062596244.1	iML1515.b0173	47.8	389	187	5	9	384	4	389	9.36e-96	291
WP_062596244.1	iSbBS512_1146.SbBS512_E0166	47.8	389	187	5	9	384	4	389	9.36e-96	291
WP_062596244.1	iSSON_1240.SSON_0185	47.8	389	187	5	9	384	4	389	9.36e-96	291
WP_062596244.1	iSF_1195.SF0163	47.8	389	187	5	9	384	4	389	1.87e-95	290
WP_062596244.1	iSDY_1059.SDY_0189	47.6	389	188	5	9	384	4	389	5.28e-95	289
WP_062596244.1	iCN900.CD630_21300	47.3	353	182	3	9	359	4	354	1.94e-94	287
WP_062596244.1	iPC815.YPO1048	47.4	367	178	4	9	362	4	368	2.68e-92	282
WP_062596245.1	iMM1415.11656	51.6	403	191	2	1	399	143	545	9.06e-140	410
WP_062596245.1	iCHOv1.100753315	51.6	403	191	2	1	399	143	545	2.57e-139	409
WP_062596245.1	iMM1415.11655	51.9	403	190	2	1	399	199	601	3.02e-137	406
WP_062596245.1	iAT_PLT_636.212	51.1	403	193	2	1	399	130	532	7.84e-138	405
WP_062596245.1	iAT_PLT_636.211	50.6	403	195	2	1	399	214	616	4.20e-135	401
WP_062596245.1	iCHOv1.100766370	51.1	403	193	2	1	399	197	599	3.62e-135	400
WP_062596248.1	iYO844.BSU40320	39.8	299	173	4	3	300	4	296	3.09e-70	219
WP_062596254.1	iJN1463.PP_2183	52.5	141	67	0	14	154	11	151	3.26e-49	155
WP_062596255.1	iJN1463.PP_2184	62.9	515	183	3	1	512	7	516	2.53e-229	641
WP_062596256.1	iJN1463.PP_2185	68.3	952	291	1	8	959	14	954	0.0	1348
WP_062596257.1	iJN1463.PP_2186	38.6	57	33	2	24	78	6	62	2.84e-04	36.6
WP_062596258.1	iAM_Pf480.PF3D7_0210300	23.1	463	258	15	28	439	11	426	5.77e-17	83.2
WP_062596258.1	iAM_Pc455.PCYB_041970	22.5	454	260	14	39	443	22	432	4.21e-15	77.4
WP_062596258.1	iAM_Pv461.PVX_003965	22.5	449	257	15	39	439	22	427	9.84e-15	76.3
WP_062596259.1	iSbBS512_1146.SbBS512_E0493	24.4	397	282	4	15	402	16	403	3.04e-16	79.7
WP_062596259.1	iSSON_1240.SSON_0542	24.4	397	282	4	15	402	16	403	4.07e-16	79.3
WP_062596259.1	iML1515.b0591	24.2	396	282	4	15	401	16	402	1.75e-15	77.4
WP_062596259.1	iSDY_1059.SDY_0522	24.2	396	282	4	15	401	16	402	5.60e-15	75.9
WP_062596259.1	iSF_1195.SF0505	22.9	389	292	3	15	402	16	397	3.12e-14	73.6
WP_062596259.1	STM_v1_0.STM0593	22.5	391	297	4	15	402	16	403	5.65e-14	72.8
WP_062596263.1	iLB1027_lipid.PHATRDRAFT_51811	48.5	309	149	5	4	305	7	312	2.66e-88	266
WP_062596265.1	iEK1008.Rv2982c	41.5	323	183	4	12	329	8	329	5.12e-58	190
WP_062596265.1	iCN900.CD630_26300	36.4	330	203	4	10	334	6	333	1.10e-55	184
WP_062596265.1	iPC815.YPO0068	42.2	306	168	6	8	306	4	307	3.89e-55	182
WP_062596265.1	iSbBS512_1146.SbBS512_E4036	42.7	300	163	7	14	306	10	307	3.02e-54	180
WP_062596265.1	iML1515.b3608	42.7	300	163	7	14	306	10	307	5.98e-54	179
WP_062596265.1	iSDY_1059.SDY_4041	42.7	300	163	7	14	306	10	307	5.98e-54	179
WP_062596265.1	iSF_1195.SF3647	42.7	300	163	7	14	306	10	307	5.98e-54	179
WP_062596265.1	iSSON_1240.SSON_3797	42.7	300	163	7	14	306	10	307	5.98e-54	179
WP_062596265.1	iHN637.CLJU_RS06125	35.5	324	204	3	10	329	3	325	2.75e-53	177
WP_062596265.1	STM_v1_0.STM3700	40.8	306	172	6	8	306	4	307	6.51e-53	177
WP_062596265.1	iYO844.BSU22830	36.6	331	202	4	11	334	3	332	1.50e-52	176
WP_062596265.1	iYL1228.KPN_03952	40.5	299	171	5	14	306	10	307	1.29e-52	176
WP_062596270.1	iML1515.b0721	31.5	127	80	3	3	123	4	129	6.14e-13	60.8
WP_062596270.1	iSbBS512_1146.SbBS512_E0640	31.5	127	80	3	3	123	9	134	6.83e-13	60.8
WP_062596270.1	iSDY_1059.SDY_0659	31.5	127	80	3	3	123	4	129	6.14e-13	60.8
WP_062596270.1	iSF_1195.SF0576	31.5	127	80	3	3	123	9	134	6.83e-13	60.8
WP_062596270.1	iSSON_1240.SSON_0672	31.5	127	80	3	3	123	4	129	6.14e-13	60.8
WP_062596270.1	STM_v1_0.STM0732	29.9	127	82	3	3	123	4	129	5.14e-11	55.8
WP_062596272.1	iMM904.YKL148C	62.7	617	217	7	8	620	33	640	1.12e-274	764
WP_062596272.1	iMM904.YJL045W	63.2	603	212	5	20	620	40	634	9.87e-272	757
WP_062596272.1	iCHOv1.100750732	61.3	615	219	7	20	620	55	664	1.46e-266	745
WP_062596272.1	iMM1415.66945	61.1	615	220	7	20	620	55	664	4.15e-266	744
WP_062596272.1	iAT_PLT_636.6389	62.1	594	207	6	20	600	55	643	7.40e-261	731
WP_062596273.1	iCHOv1.100771246	69.2	237	69	3	22	254	58	294	1.11e-120	346
WP_062596273.1	iMM1415.67680	67.5	237	73	3	22	254	36	272	6.06e-120	343
WP_062596273.1	iAT_PLT_636.6390	66.7	237	75	3	22	254	34	270	3.77e-118	338
WP_062596273.1	iLB1027_lipid.PHATRDRAFT_52539	63.5	241	82	3	21	256	33	272	1.62e-115	332
WP_062596273.1	iMM904.YLL041C	61.9	247	88	4	14	254	17	263	3.55e-108	313
WP_062596276.1	iAF987.Gmet_1360	57.6	314	129	1	1	310	1	314	1.13e-122	354
WP_062596276.1	iYO844.BSU29120	53.4	305	135	2	3	305	5	304	3.97e-112	327
WP_062596277.1	iYO844.BSU16090	57.7	395	157	1	1	395	1	385	1.02e-152	436
WP_062596277.1	iYS854.USA300HOU_RS06265	56.5	398	163	1	1	398	1	388	9.27e-147	421
WP_062596277.1	iAF987.Gmet_2261	58.5	395	154	1	1	395	1	385	4.96e-146	419
WP_062596277.1	iAF987.Gmet_2069	58.0	395	156	1	1	395	1	385	2.94e-145	417
WP_062596277.1	iCN718.ABAYE_RS04450	54.7	397	169	2	1	396	1	387	3.27e-142	409
WP_062596279.1	iAT_PLT_636.8802	65.5	293	94	3	3	294	50	336	1.08e-124	359
WP_062596279.1	iCHOv1.100751457	63.1	293	101	3	3	294	50	336	1.01e-122	354
WP_062596279.1	iMM1415.56451	64.8	293	96	3	3	294	50	336	4.08e-122	353
WP_062596279.1	iYO844.BSU16100	61.5	299	105	3	1	299	1	289	9.88e-122	350
WP_062596279.1	iYS854.USA300HOU_RS06270	60.2	299	109	3	1	299	1	289	3.02e-121	349
WP_062596279.1	iLB1027_lipid.PHATRDRAFT_42015	62.0	297	104	4	3	298	7	295	5.92e-118	341
WP_062596279.1	STM_v1_0.STM0739	60.2	299	109	3	1	299	1	289	1.72e-117	339
WP_062596279.1	iYL1228.KPN_00735	60.2	299	109	3	1	299	1	289	2.44e-117	338
WP_062596279.1	iAF987.Gmet_2068	60.9	299	106	4	1	299	1	288	6.23e-117	338
WP_062596279.1	iAF987.Gmet_0730	59.1	298	112	3	1	298	1	288	1.50e-116	337
WP_062596279.1	iAM_Pv461.PVX_091100	57.6	304	122	4	3	300	24	326	1.50e-115	335
WP_062596279.1	iAF987.Gmet_2260	59.9	299	109	4	1	299	1	288	6.06e-116	335
WP_062596279.1	iSF_1195.SF0568	59.9	299	110	3	1	299	1	289	9.28e-115	332
WP_062596279.1	iML1515.b0729	59.9	299	110	3	1	299	1	289	1.32e-114	332
WP_062596279.1	iSbBS512_1146.SbBS512_E0648	59.9	299	110	3	1	299	1	289	1.32e-114	332
WP_062596279.1	iSSON_1240.SSON_0680	59.9	299	110	3	1	299	1	289	1.32e-114	332
WP_062596279.1	iAM_Pf480.PF3D7_1108500	57.1	303	122	5	3	299	24	324	1.92e-113	330
WP_062596279.1	iAM_Pb448.PBANKA_093850	58.6	304	118	4	3	299	24	326	5.85e-113	329
WP_062596279.1	iPC815.YPO1116	59.1	298	112	3	1	298	1	288	1.57e-113	329
WP_062596279.1	iSDY_1059.SDY_0667	59.5	299	111	3	1	299	1	289	3.06e-113	328
WP_062596279.1	iJN1463.PP_4185	59.6	297	110	3	1	297	1	287	1.47e-112	327
WP_062596279.1	iCN718.ABAYE_RS04455	58.1	301	114	4	1	299	1	291	4.48e-112	325
WP_062596280.1	iJN1463.PP_4189	46.3	997	453	18	13	995	12	940	2.75e-285	818
WP_062596280.1	iLB1027_lipid.PHATRDRAFT_29016	43.9	1044	459	17	14	984	62	1051	2.53e-278	805
WP_062596280.1	iMM904.YIL125W	45.2	1020	467	19	14	994	43	1009	3.03e-278	803
WP_062596280.1	iCN718.ABAYE_RS04435	44.5	1002	479	18	4	996	2	935	1.56e-271	783
WP_062596280.1	iYL1228.KPN_00732	43.7	996	474	15	13	996	12	932	6.28e-268	773
WP_062596280.1	iPC815.YPO1113	43.8	990	481	15	13	996	12	932	7.11e-267	771
WP_062596280.1	iSDY_1059.SDY_0664	44.0	988	480	14	13	996	12	930	1.06e-265	768
WP_062596280.1	iML1515.b0726	44.0	988	480	14	13	996	12	930	2.13e-265	767
WP_062596280.1	iSbBS512_1146.SbBS512_E0645	44.0	988	480	14	13	996	12	930	2.13e-265	767
WP_062596280.1	iSF_1195.SF0571	44.0	988	480	14	13	996	12	930	2.13e-265	767
WP_062596280.1	iSSON_1240.SSON_0677	43.9	988	481	14	13	996	12	930	3.40e-264	764
WP_062596280.1	STM_v1_0.STM0736	43.8	988	482	17	13	996	12	930	4.35e-262	758
WP_062596280.1	iCHOv1.100764862	43.7	1016	482	22	15	995	49	1009	2.22e-259	754
WP_062596280.1	iAT_PLT_636.4967	43.8	1031	474	24	15	995	49	1024	7.12e-259	754
WP_062596280.1	iAF987.Gmet_2769	43.9	987	456	19	14	997	2	893	3.72e-259	749
WP_062596280.1	iCHOv1.100769436	43.4	1025	474	24	12	995	40	999	3.36e-256	746
WP_062596280.1	iMM1415.18293	43.2	1031	481	22	15	995	49	1024	1.01e-255	746
WP_062596281.1	iCN718.ABAYE_RS04440	51.7	420	174	5	1	413	1	398	3.60e-130	380
WP_062596281.1	STM_v1_0.STM0737	51.8	411	182	5	4	412	5	401	6.16e-127	372
WP_062596281.1	iSbBS512_1146.SbBS512_E0646	51.8	409	188	4	4	412	5	404	9.63e-127	371
WP_062596281.1	iSDY_1059.SDY_0665	52.0	410	186	5	4	412	5	404	7.77e-126	369
WP_062596281.1	iML1515.b0727	51.7	410	187	5	4	412	5	404	4.43e-125	367
WP_062596281.1	iSSON_1240.SSON_0678	51.7	410	187	5	4	412	5	404	4.43e-125	367
WP_062596281.1	iSF_1195.SF0570	51.5	410	188	5	4	412	5	404	1.78e-124	365
WP_062596281.1	iJN1463.PP_4188	52.9	416	184	4	1	413	1	407	7.65e-124	364
WP_062596281.1	iPC815.YPO1114	48.4	411	201	3	4	412	5	406	1.84e-119	353
WP_062596281.1	iYL1228.KPN_00733	49.0	414	195	4	4	412	5	407	1.08e-118	351
WP_062596281.1	iYO844.BSU19360	52.9	420	181	5	4	412	3	416	4.09e-118	350
WP_062596281.1	iAF987.Gmet_2766	45.8	439	185	5	4	412	2	417	4.40e-115	342
WP_062596283.1	iLB1027_lipid.PHATRDRAFT_26432	57.4	465	197	1	3	466	35	499	1.30e-179	511
WP_062596283.1	iAT_PLT_636.1738	57.2	463	192	4	4	462	43	503	2.88e-178	508
WP_062596283.1	iCHOv1.100689437	57.1	468	194	5	4	466	43	508	4.08e-178	508
WP_062596283.1	iMM1415.13382	55.8	468	200	5	4	466	43	508	9.43e-177	504
WP_062596283.1	iJN1463.PP_5366	57.4	458	189	4	3	458	4	457	2.01e-175	499
WP_062596284.1	iJN1463.PP_0213	64.3	484	168	3	10	493	2	480	1.60e-216	605
WP_062596284.1	iSSON_1240.SSON_2805	62.4	484	179	3	10	493	2	482	1.76e-211	593
WP_062596284.1	iML1515.b2661	62.2	484	180	3	10	493	2	482	1.01e-210	591
WP_062596284.1	iYL1228.KPN_00256	61.6	484	183	3	10	493	2	482	2.89e-210	590
WP_062596284.1	iAF987.Gmet_3395	61.7	481	181	3	11	491	4	481	1.94e-206	580
WP_062596284.1	STM_v1_0.STM2791	61.4	485	182	4	10	493	2	482	1.47e-205	578
WP_062596285.1	iYL1228.KPN_03825	61.9	420	160	0	1	420	1	420	3.41e-179	506
WP_062596285.1	iML1515.b1302	60.8	421	165	0	1	421	1	421	1.96e-178	504
WP_062596285.1	iSbBS512_1146.SbBS512_E1538	60.3	421	167	0	1	421	1	421	1.30e-176	499
WP_062596285.1	iSF_1195.SF1307	60.1	421	168	0	1	421	1	421	5.27e-176	498
WP_062596285.1	iPC815.YPO2844	56.7	423	175	2	1	415	9	431	2.07e-162	464
WP_062596288.1	iAF987.Gmet_0069	35.8	123	72	4	4	121	3	123	3.72e-16	75.5
WP_062596293.1	iJN1463.PP_5233	54.2	441	172	5	43	477	26	442	1.84e-145	423
WP_062596293.1	iCN718.ABAYE_RS17655	52.7	442	183	6	32	473	47	462	4.04e-134	395
WP_062596293.1	iPC815.YPO3142	52.6	441	174	7	40	477	22	430	1.72e-132	389
WP_062596294.1	iPC815.YPO3141	50.0	282	141	0	13	294	2	283	1.81e-96	285
WP_062596294.1	iJN1463.PP_4762	50.9	281	138	0	16	296	5	285	9.25e-95	281
WP_062596294.1	iYL1228.KPN_00415	45.8	284	154	0	13	296	2	285	9.08e-87	261
WP_062596295.1	iSynCJ816.SGL_RS03280	34.0	406	255	5	3	403	14	411	3.33e-63	208
WP_062596295.1	iJN1463.PP_5199	34.7	401	248	6	2	396	4	396	3.45e-62	205
WP_062596295.1	iJN1463.PP_5197	33.0	406	254	5	3	397	6	404	5.63e-58	194
WP_062596298.1	iJN1463.PP_0510	33.2	289	186	3	50	337	8	290	5.80e-39	139
WP_062596299.1	iIS312.TCDM_05295	28.5	179	110	4	1	162	84	261	1.67e-13	67.0
WP_062596300.1	iLJ478.TM0881	52.3	304	143	2	1	303	1	303	3.28e-113	329
WP_062596300.1	iHN637.CLJU_RS11970	51.6	304	146	1	1	303	1	304	1.28e-110	322
WP_062596301.1	iJN1463.PP_0118	31.5	197	129	3	1	191	1	197	4.13e-24	101
WP_062596301.1	iSynCJ816.SGL_RS09035	33.2	193	107	5	5	175	1	193	5.93e-24	100
WP_062596301.1	iSynCJ816.SGL_RS14425	31.2	215	115	5	3	192	48	254	8.05e-23	98.6
WP_062596301.1	iYL1228.KPN_04154	25.0	520	257	17	5	460	4	454	1.75e-21	97.8
WP_062596301.1	iJN1463.PP_5137	35.6	188	103	5	6	175	10	197	1.07e-21	96.7
WP_062596301.1	iPC815.YPO2060	33.0	179	114	2	3	175	2	180	4.93e-22	95.5
WP_062596301.1	iML1515.b3749	25.1	510	269	16	5	460	4	454	1.73e-20	94.7
WP_062596301.1	iSynCJ816.SGL_RS04625	33.5	197	108	6	1	175	18	213	4.49e-21	93.6
WP_062596301.1	STM_v1_0.STM3882	24.2	521	260	17	5	460	4	454	5.43e-20	93.2
WP_062596301.1	iML1515.b1858	32.8	183	113	4	282	460	4	180	7.49e-21	92.0
WP_062596301.1	iSbBS512_1146.SbBS512_E0954	32.8	183	113	4	282	460	4	180	7.49e-21	92.0
WP_062596301.1	iSSON_1240.SSON_1283	32.8	183	113	4	282	460	4	180	7.49e-21	92.0
WP_062596301.1	iSF_1195.SF1867	32.8	183	113	4	282	460	4	180	1.02e-20	91.7
WP_062596303.1	iPC815.YPO3521	56.3	174	76	0	1	174	1	174	2.41e-71	213
WP_062596303.1	iML1515.b4226	55.7	174	77	0	1	174	1	174	5.83e-70	209
WP_062596303.1	iSbBS512_1146.SbBS512_E4858	55.7	174	77	0	1	174	1	174	5.83e-70	209
WP_062596303.1	iSDY_1059.SDY_4462	55.7	174	77	0	1	174	1	174	5.83e-70	209
WP_062596303.1	iSSON_1240.SSON_4408	55.7	174	77	0	1	174	1	174	5.83e-70	209
WP_062596303.1	STM_v1_0.STM4414	56.1	173	76	0	1	173	1	173	3.35e-69	207
WP_062596303.1	iYL1228.KPN_04621	55.2	174	78	0	1	174	1	174	4.76e-69	207
WP_062596303.1	iSF_1195.SF4264	55.2	174	78	0	1	174	1	174	4.76e-69	207
WP_062596303.1	iJN1463.PP_0538	55.7	174	77	0	1	174	1	174	1.87e-68	205
WP_062596303.1	iCN718.ABAYE_RS18235	54.0	174	80	0	1	174	1	174	2.65e-68	205
WP_062596305.1	iSbBS512_1146.SbBS512_E1183	46.3	480	246	6	3	475	4	478	7.55e-137	402
WP_062596305.1	iSSON_1240.SSON_2102	46.0	480	247	6	3	475	4	478	3.03e-136	400
WP_062596305.1	iML1515.b2049	46.0	480	247	6	3	475	4	478	4.29e-136	400
WP_062596305.1	iSF_1195.SF2112	45.8	480	248	6	3	475	4	478	1.72e-135	399
WP_062596305.1	iPC815.YPO3099	45.7	466	249	3	5	470	4	465	7.54e-135	397
WP_062596305.1	iJN1463.PP_1277	44.7	472	255	5	5	474	2	469	5.08e-131	387
WP_062596305.1	STM_v1_0.STM2084	41.9	470	267	4	6	473	4	469	5.04e-124	369
WP_062596306.1	iSynCJ816.SGL_RS09710	28.3	106	75	1	8	113	7	111	7.99e-13	60.8
WP_062596306.1	iYL1228.KPN_04136	32.4	111	70	2	4	112	5	112	6.52e-12	58.5
WP_062596306.1	STM_v1_0.STM3864	32.4	111	70	2	4	112	5	112	6.52e-12	58.5
WP_062596306.1	iML1515.b3731	32.4	111	70	2	4	112	5	112	1.28e-11	57.8
WP_062596306.1	iSDY_1059.SDY_4017	32.4	111	70	2	4	112	5	112	1.28e-11	57.8
WP_062596306.1	iSF_1195.SF3811	32.4	111	70	2	4	112	3	110	1.23e-11	57.8
WP_062596306.1	iSSON_1240.SSON_3888	32.4	111	70	2	4	112	5	112	1.28e-11	57.8
WP_062596306.1	iAF987.Gmet_3405	34.7	101	65	1	5	105	6	105	6.83e-11	55.8
WP_062596306.1	iPC815.YPO4120	28.3	106	76	0	4	109	6	111	9.94e-11	55.5
WP_062596307.1	iMM1415.11947	80.9	470	87	3	16	484	59	526	6.91e-259	714
WP_062596307.1	iCHOv1.100763024	80.5	471	89	3	15	484	63	531	2.37e-258	713
WP_062596307.1	iAT_PLT_636.506	80.7	471	88	3	15	484	58	526	1.98e-258	713
WP_062596307.1	iMM904.YJR121W	77.4	469	103	2	18	485	44	510	1.02e-251	696
WP_062596307.1	iAF987.Gmet_3406	76.5	472	98	3	18	483	6	470	7.15e-249	687
WP_062596307.1	iLB1027_lipid.PHATRDRAFT_54086	76.7	476	99	5	18	482	26	500	2.22e-248	687
WP_062596307.1	iAM_Pv461.PVX_100735	75.9	473	105	4	18	482	72	543	2.59e-244	678
WP_062596307.1	iAM_Pc455.PCYB_146140	75.5	474	107	4	17	482	35	507	8.20e-244	676
WP_062596307.1	iAM_Pf480.PF3D7_1235700	74.9	474	110	4	17	482	59	531	1.06e-240	669
WP_062596307.1	iAM_Pb448.PBANKA_145030	73.4	474	117	3	17	482	58	530	9.34e-239	664
WP_062596308.1	iAF987.Gmet_3407	45.4	293	152	4	1	293	1	285	3.34e-69	216
WP_062596309.1	iMM904.YBL099W	71.1	502	145	0	7	508	44	545	5.43e-254	704
WP_062596309.1	iMM1415.11946	70.9	499	145	0	6	504	49	547	1.60e-250	695
WP_062596309.1	iCHOv1.100770431	70.3	502	146	1	6	504	49	550	3.93e-247	687
WP_062596309.1	iAF987.Gmet_3408	67.4	509	157	2	1	508	1	501	9.89e-242	671
WP_062596309.1	iAT_PLT_636.498	67.1	499	142	1	6	504	49	525	7.14e-232	647
WP_062596316.1	iCN718.ABAYE_RS16700	65.2	471	159	2	3	468	2	472	3.00e-225	626
WP_062596316.1	iML1515.b0072	66.2	462	155	1	5	466	3	463	5.33e-222	618
WP_062596316.1	iSbBS512_1146.SbBS512_E0066	66.2	462	155	1	5	466	3	463	5.33e-222	618
WP_062596316.1	STM_v1_0.STM0111	65.7	463	158	1	5	467	3	464	1.07e-221	617
WP_062596316.1	iSSON_1240.SSON_0079	66.2	462	155	1	5	466	3	463	1.07e-221	617
WP_062596316.1	iYL1228.KPN_00078	65.8	462	157	1	5	466	3	463	1.52e-221	617
WP_062596316.1	iSDY_1059.SDY_0099	66.0	462	156	1	5	466	3	463	3.07e-221	616
WP_062596316.1	iSF_1195.SF0067	66.0	462	156	1	5	466	3	463	4.35e-221	615
WP_062596316.1	iJN1463.PP_1985	65.2	468	159	2	3	466	2	469	1.85e-220	614
WP_062596316.1	iMM904.YGL009C	63.8	473	165	2	3	469	8	480	1.29e-214	611
WP_062596316.1	iPC815.YPO0531	63.9	465	167	1	2	466	6	469	1.69e-218	609
WP_062596316.1	iLB1027_lipid.PHATRDRAFT_24772	62.9	475	161	5	2	466	38	507	4.08e-208	595
WP_062596317.1	iPC815.YPO2512	30.2	252	162	5	8	258	4	242	9.37e-28	106
WP_062596317.1	iYO844.BSU03610	33.0	230	135	9	34	258	47	262	5.70e-26	102
WP_062596317.1	iML1515.b1920	30.4	227	147	5	34	258	43	260	1.07e-25	101
WP_062596317.1	STM_v1_0.STM1954	30.8	227	146	5	34	258	43	260	1.07e-25	101
WP_062596324.1	iYL1228.KPN_02922	33.3	78	52	0	10	87	4	81	1.37e-07	47.4
WP_062596324.1	STM_v1_0.STM2669	33.3	78	52	0	10	87	4	81	1.37e-07	47.4
WP_062596324.1	iML1515.b2600	33.3	78	52	0	10	87	4	81	1.87e-07	47.0
WP_062596324.1	iSbBS512_1146.SbBS512_E2987	33.3	78	52	0	10	87	4	81	1.87e-07	47.0
WP_062596324.1	iSF_1195.SF2660	33.3	78	52	0	10	87	4	81	1.87e-07	47.0
WP_062596324.1	iSSON_1240.SSON_2751	33.3	78	52	0	10	87	4	81	1.87e-07	47.0
WP_062596324.1	iPC815.YPO3285	33.3	78	52	0	10	87	4	81	2.55e-07	46.6
WP_062596324.1	iML1515.b2599	34.2	79	52	0	11	89	7	85	1.67e-06	44.3
WP_062596324.1	iSbBS512_1146.SbBS512_E2986	34.2	79	52	0	11	89	7	85	1.67e-06	44.3
WP_062596324.1	iSF_1195.SF2659	34.2	79	52	0	11	89	7	85	1.67e-06	44.3
WP_062596324.1	iSSON_1240.SSON_2750	34.2	79	52	0	11	89	7	85	1.67e-06	44.3
WP_062596324.1	iSDY_1059.SDY_2766	32.1	78	53	0	10	87	4	81	4.22e-06	43.1
WP_062596325.1	iYL1228.KPN_04585	29.1	148	84	5	147	280	109	249	1.47e-07	52.4
WP_062596325.1	STM_v1_0.STM4382	27.2	147	88	5	147	280	109	249	1.45e-06	49.3
WP_062596325.1	iML1515.b4192	27.9	147	87	5	147	280	109	249	2.57e-06	48.5
WP_062596325.1	iSbBS512_1146.SbBS512_E4722	27.9	147	87	5	147	280	109	249	2.57e-06	48.5
WP_062596325.1	iSF_1195.SF4347	27.9	147	87	5	147	280	111	251	2.58e-06	48.5
WP_062596325.1	iSSON_1240.SSON_4374	27.9	147	87	5	147	280	111	251	2.58e-06	48.5
WP_062596326.1	iJN1463.PP_4523	48.7	306	155	2	6	310	10	314	7.31e-104	306
WP_062596327.1	iSynCJ816.SGL_RS17890	36.7	300	146	10	5	284	3	278	4.13e-47	159
WP_062596327.1	iJN1463.PP_5228	36.0	283	166	7	5	283	14	285	1.67e-44	153
WP_062596327.1	iCN718.ABAYE_RS04830	38.2	285	159	9	5	284	3	275	1.10e-43	150
WP_062596327.1	iLB1027_lipid.PHATRDRAFT_34582	34.8	296	169	10	5	283	44	332	2.32e-41	146
WP_062596332.1	iYL1228.KPN_04282	26.8	112	60	3	76	187	15	104	1.88e-05	42.0
WP_062596332.1	iYS854.USA300HOU_RS05725	27.9	111	58	3	77	187	12	100	4.13e-04	38.1
WP_062596333.1	iJN1463.PP_4325	52.9	227	106	1	11	236	8	234	6.75e-77	233
WP_062596334.1	iYL1228.KPN_02080	48.1	181	94	0	1	181	2	182	2.80e-48	157
WP_062596334.1	iPC815.YPO2735	49.1	175	89	0	7	181	8	182	6.34e-47	154
WP_062596335.1	iML1515.b2201	40.5	195	93	4	14	201	13	191	2.52e-33	118
WP_062596335.1	iSbBS512_1146.SbBS512_E0740	40.5	195	93	4	14	201	11	189	2.39e-33	118
WP_062596335.1	iSSON_1240.SSON_2259	40.5	195	93	4	14	201	11	189	2.39e-33	118
WP_062596335.1	iSDY_1059.SDY_0877	39.7	204	100	4	5	201	2	189	4.75e-33	117
WP_062596335.1	iSF_1195.SF2285	39.6	192	99	3	14	201	13	191	7.05e-33	117
WP_062596335.1	STM_v1_0.STM2254	39.7	204	103	5	5	204	2	189	2.64e-32	115
WP_062596335.1	iYL1228.KPN_02081	38.8	196	103	3	18	209	15	197	1.09e-31	114
WP_062596335.1	iPC815.YPO2734	38.0	200	108	3	5	199	2	190	5.67e-31	112
WP_062596335.1	iJN1463.PP_4327	39.1	202	113	3	1	200	1	194	6.54e-31	112
WP_062596336.1	iCN718.ABAYE_RS16085	62.0	916	317	7	4	894	6	915	0.0	1120
WP_062596336.1	iJN1463.PP_2112	62.4	916	315	8	4	896	3	912	0.0	1108
WP_062596336.1	iYL1228.KPN_01272	62.6	886	323	6	11	894	10	889	0.0	1096
WP_062596336.1	STM_v1_0.STM1712	62.3	888	323	7	11	894	10	889	0.0	1088
WP_062596336.1	iML1515.b1276	62.2	886	327	6	11	894	10	889	0.0	1085
WP_062596336.1	iSF_1195.SF1280	62.1	886	328	6	11	894	10	889	0.0	1083
WP_062596336.1	iSSON_1240.SSON_1864	62.2	886	327	6	11	894	10	889	0.0	1083
WP_062596336.1	iPC815.YPO2221	62.3	877	323	6	20	894	19	889	0.0	1078
WP_062596336.1	iAF987.Gmet_1016	56.7	933	358	8	6	896	7	935	0.0	1030
WP_062596338.1	iML1515.b1448	38.3	167	102	1	4	170	2	167	1.66e-29	106
WP_062596338.1	iJN1463.PP_4846	34.7	170	110	1	1	170	1	169	5.06e-28	102
WP_062596341.1	iCN900.CD630_19470	43.8	219	121	1	6	222	10	228	1.05e-52	169
WP_062596341.1	iYO844.BSU30420	41.7	223	124	3	5	221	1	223	3.67e-51	166
WP_062596341.1	iSDY_1059.SDY_0787	44.1	227	112	7	5	225	1	218	2.41e-48	159
WP_062596341.1	iML1515.b0809	44.1	227	112	7	5	225	1	218	3.40e-48	158
WP_062596341.1	iSbBS512_1146.SbBS512_E2539	44.1	227	112	7	5	225	1	218	3.40e-48	158
WP_062596341.1	iSSON_1240.SSON_0789	44.1	227	112	7	5	225	1	218	3.40e-48	158
WP_062596341.1	iSF_1195.SF0760	43.6	227	113	7	5	225	1	218	3.82e-47	155
WP_062596341.1	iYL1228.KPN_00213	41.3	223	125	4	5	223	1	221	1.07e-45	155
WP_062596341.1	iYL1228.KPN_00838	43.2	227	114	7	5	225	1	218	1.52e-46	154
WP_062596341.1	iSbBS512_1146.SbBS512_E0193	40.5	222	128	4	5	223	1	221	2.12e-45	154
WP_062596341.1	iSDY_1059.SDY_0218	40.5	222	128	4	5	223	1	221	2.12e-45	154
WP_062596341.1	iSSON_1240.SSON_0213	40.5	222	128	4	5	223	1	221	2.12e-45	154
WP_062596341.1	iML1515.b0199	40.5	222	128	4	5	223	1	221	2.98e-45	154
WP_062596341.1	iJN1463.PP_4210	41.9	227	128	3	1	224	1	226	3.35e-43	154
WP_062596341.1	STM_v1_0.STM0828	43.2	227	114	7	5	225	1	218	2.14e-46	154
WP_062596343.1	iSynCJ816.SGL_RS08415	47.8	92	46	1	1	92	1	90	1.32e-25	91.3
WP_062596343.1	iCHOv1.100767749	47.9	94	47	1	6	97	24	117	1.39e-22	84.3
WP_062596343.1	iMM1415.13180	47.9	94	47	1	6	97	7	100	8.82e-23	84.3
WP_062596346.1	iAF987.Gmet_0798	36.1	202	127	1	10	211	6	205	5.11e-35	122
WP_062596346.1	iAF692.Mbar_A2583	37.6	202	125	1	10	211	7	207	1.07e-34	122
WP_062596347.1	iYL1228.KPN_01799	49.5	214	106	2	8	220	14	226	2.38e-63	196
WP_062596348.1	iJN1463.PP_1088	68.1	401	128	0	6	406	3	403	2.57e-196	548
WP_062596350.1	iCHOv1.100774083	25.4	610	428	12	86	687	114	704	5.74e-57	205
WP_062596351.1	iEK1008.Rv0684	25.3	501	229	14	3	386	13	485	4.09e-31	128
WP_062596351.1	iSynCJ816.SGL_RS17200	25.6	484	245	13	4	386	9	478	2.97e-27	116
WP_062596351.1	iSynCJ816.SGL_RS10930	25.9	483	244	12	3	386	10	477	3.91e-27	116
WP_062596353.1	iJN1463.PP_1625	65.3	101	33	1	1	99	1	101	2.42e-49	152
WP_062596355.1	iYS854.USA300HOU_RS06185	43.9	244	131	3	1	239	1	243	2.74e-60	189
WP_062596355.1	iSDY_1059.SDY_2057	43.2	241	133	3	3	241	6	244	2.20e-59	187
WP_062596355.1	iML1515.b1093	43.2	241	133	3	3	241	6	244	4.40e-59	186
WP_062596355.1	iSbBS512_1146.SbBS512_E2231	43.2	241	133	3	3	241	6	244	4.40e-59	186
WP_062596355.1	iSF_1195.SF1097	43.2	241	133	3	3	241	6	244	4.40e-59	186
WP_062596355.1	iSSON_1240.SSON_1113	43.2	241	133	3	3	241	6	244	4.40e-59	186
WP_062596355.1	iYL1228.KPN_01091	41.9	241	136	3	3	241	6	244	7.08e-58	183
WP_062596355.1	STM_v1_0.STM1195	41.9	241	136	3	3	241	6	244	1.13e-56	180
WP_062596355.1	iYO844.BSU15910	42.3	241	133	3	3	238	5	244	4.82e-56	179
WP_062596355.1	iCN718.ABAYE_RS14915	42.8	243	131	4	3	241	6	244	6.43e-56	178
WP_062596355.1	iLB1027_lipid.PHATRDRAFT_13073	43.0	244	130	3	2	237	6	248	7.56e-54	173
WP_062596355.1	iPC815.YPO1599	40.7	241	139	3	3	241	6	244	5.82e-54	173
WP_062596355.1	iLJ478.TM1724	41.0	239	136	2	3	237	6	243	4.92e-53	171
WP_062596356.1	iCHOv1.100760000	60.3	388	152	1	6	391	8	395	4.69e-160	455
WP_062596356.1	iAT_PLT_636.39	59.3	388	156	1	6	391	8	395	6.25e-158	449
WP_062596356.1	iMM1415.224530	58.8	388	158	1	6	391	8	395	3.59e-157	447
WP_062596356.1	iCN900.CD630_10590	59.9	387	154	1	6	391	4	390	1.28e-153	438
WP_062596356.1	iJN1463.PP_4636	58.8	388	158	2	6	391	4	391	7.19e-146	419
WP_062596356.1	iCN900.CD630_26760	56.7	388	166	2	6	391	4	391	5.84e-145	416
WP_062596359.1	iAT_PLT_636.2954	27.6	181	122	4	5	181	7	182	1.04e-08	53.1
WP_062596359.1	iCHOv1.100764455	26.0	181	125	4	5	181	54	229	1.21e-07	50.8
WP_062596359.1	iMM1415.14874	26.0	181	125	4	5	181	7	182	4.27e-07	48.5
WP_062596361.1	iYL1228.KPN_00373	51.9	239	113	2	42	278	32	270	8.77e-67	210
WP_062596361.1	STM_v1_0.STM0423	49.8	239	118	2	42	278	32	270	4.42e-64	203
WP_062596361.1	iPC815.YPO3176	48.5	241	118	3	42	278	39	277	7.58e-61	195
WP_062596361.1	iML1515.b0421	47.7	239	123	2	42	278	32	270	4.91e-60	193
WP_062596361.1	iSbBS512_1146.SbBS512_E0342	47.7	239	123	2	42	278	32	270	4.91e-60	193
WP_062596361.1	iSDY_1059.SDY_0309	47.7	239	123	2	42	278	32	270	4.91e-60	193
WP_062596361.1	iSSON_1240.SSON_0398	47.7	239	123	2	42	278	32	270	4.91e-60	193
WP_062596361.1	iSF_1195.SF0358	48.1	241	119	3	42	278	32	270	6.93e-60	192
WP_062596361.1	iSynCJ816.SGL_RS02445	42.2	289	157	4	20	304	20	302	3.00e-59	191
WP_062596362.1	iCN900.CD630_31780	39.7	458	267	7	6	461	4	454	1.02e-114	345
WP_062596362.1	iCN900.CD630_20830	40.2	458	265	6	5	461	3	452	4.65e-114	343
WP_062596363.1	iSynCJ816.SGL_RS15265	31.4	417	242	11	12	407	13	406	1.45e-44	159
WP_062596363.1	iSSON_1240.SSON_1476	31.3	422	245	11	9	410	5	401	1.54e-43	156
WP_062596363.1	iML1515.b1680	31.0	422	246	11	9	410	5	401	4.15e-43	155
WP_062596363.1	iCN718.ABAYE_RS11400	28.4	430	261	11	2	410	243	646	2.21e-40	152
WP_062596363.1	iSbBS512_1146.SbBS512_E1881	30.6	422	248	11	9	410	5	401	8.06e-41	149
WP_062596365.1	iML1515.b1918	42.2	211	117	2	9	218	4	210	1.76e-39	135
WP_062596365.1	iJN1463.PP_0226	38.6	210	124	2	9	217	5	210	2.09e-34	122
WP_062596366.1	iPC815.YPO2512	33.5	239	150	6	15	248	11	245	9.83e-33	119
WP_062596366.1	iYL1228.KPN_00840	33.5	248	157	6	5	248	3	246	2.12e-31	116
WP_062596366.1	iJN1463.PP_0227	33.2	214	135	4	39	247	50	260	8.37e-31	115
WP_062596366.1	iSbBS512_1146.SbBS512_E2537	33.3	240	150	7	15	248	11	246	2.25e-30	113
WP_062596366.1	iML1515.b0811	33.3	240	150	7	15	248	11	246	3.15e-30	113
WP_062596366.1	STM_v1_0.STM0830	33.3	240	150	7	15	248	11	246	3.15e-30	113
WP_062596366.1	iSDY_1059.SDY_0785	33.0	224	142	6	29	248	27	246	3.15e-30	113
WP_062596366.1	iSSON_1240.SSON_0791	33.3	240	150	7	15	248	11	246	3.15e-30	113
WP_062596366.1	iSF_1195.SF0762	32.9	240	151	7	15	248	11	246	2.38e-29	110
WP_062596366.1	iSynCJ816.SGL_RS07090	32.9	219	134	5	39	248	54	268	1.85e-27	110
WP_062596370.1	iAF987.Gmet_0043	29.7	222	131	8	627	839	193	398	7.33e-12	68.9
WP_062596372.1	iJN1463.PP_0572	41.2	648	334	11	25	634	32	670	3.49e-125	390
WP_062596372.1	iYL1228.KPN_02849	42.5	551	306	5	11	557	14	557	3.02e-119	374
WP_062596372.1	iML1515.b2519	41.7	537	302	6	25	557	28	557	5.79e-118	370
WP_062596372.1	STM_v1_0.STM2531	42.4	538	299	6	24	557	27	557	8.33e-118	370
WP_062596372.1	iSSON_1240.SSON_2601	41.5	537	303	6	25	557	28	557	2.25e-117	369
WP_062596372.1	iSbBS512_1146.SbBS512_E2894	41.5	537	303	6	25	557	28	557	1.72e-116	367
WP_062596378.1	iLB1027_lipid.PHATRDRAFT_24772	53.8	210	86	2	1	200	565	773	5.89e-72	232
WP_062596378.1	iJN1463.PP_1986	51.7	209	92	1	1	200	1	209	5.15e-76	227
WP_062596378.1	iCN718.ABAYE_RS16695	51.7	201	88	1	9	200	9	209	1.43e-73	221
WP_062596379.1	iML1515.b1010	32.3	96	64	1	36	130	29	124	1.21e-08	49.7
WP_062596379.1	iSDY_1059.SDY_0985	32.3	96	64	1	36	130	29	124	1.21e-08	49.7
WP_062596379.1	iSF_1195.SF1013	32.3	96	64	1	36	130	29	124	1.21e-08	49.7
WP_062596380.1	iAF987.Gmet_2349	33.4	461	282	4	109	566	127	565	3.88e-73	244
WP_062596380.1	iPC815.YPO1395	31.9	477	317	4	96	568	105	577	5.41e-70	236
WP_062596380.1	iML1515.b0914	31.3	483	320	6	90	566	99	575	5.53e-69	233
WP_062596380.1	iSbBS512_1146.SbBS512_E2410	31.3	483	320	6	90	566	99	575	5.53e-69	233
WP_062596380.1	iSDY_1059.SDY_2344	31.3	483	320	6	90	566	99	575	5.53e-69	233
WP_062596380.1	iSF_1195.SF0910	31.3	483	320	6	90	566	99	575	5.53e-69	233
WP_062596380.1	iSSON_1240.SSON_0916	31.3	483	320	6	90	566	99	575	7.71e-69	233
WP_062596380.1	STM_v1_0.STM0984	31.3	483	320	6	90	566	99	575	4.05e-68	231
WP_062596380.1	iJN1463.PP_4935	31.0	509	335	7	62	566	92	588	1.65e-67	229
WP_062596380.1	iYL1228.KPN_00941	29.4	479	334	3	90	566	99	575	8.08e-66	224
WP_062596381.1	iAF987.Gmet_0816	52.9	1150	532	5	4	1151	7	1148	0.0	1165
WP_062596381.1	iYO844.BSU14860	51.3	1149	547	4	2	1148	5	1143	0.0	1156
WP_062596381.1	iYS854.USA300HOU_RS05560	51.3	1148	549	4	3	1148	4	1143	0.0	1112
WP_062596381.1	iNF517.LLMG_RS03310	49.9	1145	562	5	4	1148	2	1134	0.0	1076
WP_062596384.1	iCN718.ABAYE_RS16240	36.2	401	206	10	9	407	5	357	2.03e-60	200
WP_062596384.1	iHN637.CLJU_RS06430	37.8	349	175	9	18	366	9	315	2.23e-60	199
WP_062596384.1	iAF987.Gmet_1353	38.9	355	173	10	13	366	3	314	3.69e-60	199
WP_062596384.1	iCN900.CD630_21280	36.3	358	180	11	12	366	5	317	3.58e-59	196
WP_062596384.1	iJN1463.PP_0853	37.1	396	196	13	9	401	6	351	1.60e-58	195
WP_062596384.1	iSynCJ816.SGL_RS07775	37.2	376	178	10	12	364	20	360	5.64e-57	192
WP_062596384.1	iYO844.BSU25070	36.6	355	183	11	12	366	9	321	6.21e-56	188
WP_062596384.1	iEK1008.Rv2868c	34.3	397	205	13	11	403	17	361	3.27e-54	184
WP_062596384.1	iLJ478.TM0891	35.5	366	183	10	18	383	5	317	3.05e-54	183
WP_062596388.1	iAF987.Gmet_2727	37.0	81	42	2	217	297	324	395	1.25e-05	46.2
WP_062596390.1	iAM_Pc455.PCYB_113330	30.1	209	113	8	495	701	340	517	1.35e-17	88.6
WP_062596396.1	iML1515.b2047	44.2	181	97	2	2	182	278	454	5.52e-43	149
WP_062596398.1	iPC815.YPO3832	28.5	200	128	3	19	212	16	206	8.63e-20	83.2
WP_062596398.1	iAF692.Mbar_A2583	33.3	192	116	6	22	209	21	204	3.52e-18	79.0
WP_062596398.1	STM_v1_0.STM3960	30.5	203	115	5	20	212	18	204	6.71e-17	75.5
WP_062596398.1	iAF987.Gmet_0798	31.2	199	114	6	20	209	18	202	9.34e-17	75.1
WP_062596401.1	iYS854.USA300HOU_RS06145	30.7	153	101	5	44	192	40	191	6.62e-06	45.1
WP_062596403.1	STM_v1_0.STM0107	42.6	537	285	7	8	540	4	521	1.34e-106	329
WP_062596403.1	iSF_1195.SF0062	43.7	481	262	4	61	540	49	521	2.30e-104	323
WP_062596403.1	iSSON_1240.SSON_0073	43.5	481	263	4	61	540	49	521	2.30e-104	323
WP_062596403.1	iML1515.b0067	43.9	481	261	4	61	540	49	521	3.25e-104	323
WP_062596403.1	iYL1228.KPN_00066	44.0	480	262	3	61	540	49	521	6.44e-104	322
WP_062596403.1	iSDY_1059.SDY_0094	43.2	481	264	4	61	540	49	521	1.28e-103	322
WP_062596403.1	iSbBS512_1146.SbBS512_E0059	43.2	481	264	4	61	540	49	521	5.03e-103	320
WP_062596403.1	iPC815.YPO0521	42.5	482	266	5	61	540	33	505	1.82e-94	297
WP_062596404.1	iSF_1195.SF0061	47.6	210	110	0	15	224	18	227	7.44e-61	190
WP_062596404.1	iSDY_1059.SDY_0093	49.3	201	102	0	15	215	18	218	1.05e-60	190
WP_062596404.1	iSbBS512_1146.SbBS512_E0058	49.3	201	102	0	15	215	18	218	2.11e-60	189
WP_062596404.1	iML1515.b0066	50.5	192	95	0	15	206	18	209	4.23e-60	188
WP_062596404.1	STM_v1_0.STM0106	46.5	217	114	1	15	231	18	232	3.73e-59	186
WP_062596404.1	iSSON_1240.SSON_0072	50.0	192	96	0	15	206	18	209	4.82e-59	186
WP_062596404.1	iPC815.YPO0520	46.6	219	115	1	13	231	7	223	4.72e-58	183
WP_062596404.1	iYL1228.KPN_00065	47.7	197	103	0	19	215	22	218	7.31e-56	177
WP_062596407.1	iAF987.Gmet_3409	34.5	174	114	0	11	184	6	179	2.11e-29	106
WP_062596413.1	iHN637.CLJU_RS03010	32.1	56	38	0	55	110	206	261	1.87e-04	39.3
WP_062596426.1	iJN1463.PP_2734	43.3	342	190	2	76	416	43	381	8.16e-94	287
WP_062596427.1	iML1515.b1600	49.5	101	51	0	17	117	5	105	8.75e-24	88.6
WP_062596427.1	iSbBS512_1146.SbBS512_E1786	49.5	101	51	0	17	117	5	105	8.75e-24	88.6
WP_062596427.1	iSDY_1059.SDY_1553	49.5	101	51	0	17	117	5	105	8.75e-24	88.6
WP_062596427.1	iSF_1195.SF1621	49.5	101	51	0	17	117	5	105	8.75e-24	88.6
WP_062596427.1	iSSON_1240.SSON_1560	49.5	101	51	0	17	117	5	105	8.75e-24	88.6
WP_062596428.1	iML1515.b1599	41.7	96	56	0	13	108	14	109	4.69e-20	77.8
WP_062596428.1	iSbBS512_1146.SbBS512_E1785	41.7	96	56	0	13	108	14	109	4.69e-20	77.8
WP_062596428.1	iSSON_1240.SSON_1561	41.7	96	56	0	13	108	14	109	4.69e-20	77.8
WP_062596428.1	iSF_1195.SF1620	40.6	96	57	0	13	108	14	109	1.89e-19	76.3
WP_062596428.1	iSDY_1059.SDY_1554	41.9	93	54	0	13	105	14	106	7.58e-19	74.7
WP_062596429.1	iLJ478.TM1724	32.0	222	140	2	7	217	2	223	5.02e-26	102
WP_062596429.1	iYL1228.KPN_01091	31.6	228	143	3	9	233	4	221	1.86e-24	98.2
WP_062596429.1	STM_v1_0.STM1195	32.6	230	138	4	9	233	4	221	5.03e-24	97.1
WP_062596429.1	iML1515.b1093	32.0	222	138	3	9	227	4	215	9.76e-24	96.3
WP_062596429.1	iAF987.Gmet_1601	32.5	231	145	2	9	228	4	234	1.02e-23	96.3
WP_062596429.1	iSbBS512_1146.SbBS512_E2231	32.0	222	138	3	9	227	4	215	9.76e-24	96.3
WP_062596429.1	iSF_1195.SF1097	32.0	222	138	3	9	227	4	215	9.76e-24	96.3
WP_062596429.1	iSSON_1240.SSON_1113	32.0	222	138	3	9	227	4	215	9.76e-24	96.3
WP_062596429.1	iSDY_1059.SDY_2057	31.5	222	139	3	9	227	4	215	2.64e-22	92.4
WP_062596431.1	iSynCJ816.SGL_RS02310	58.8	330	131	1	1	330	1	325	1.95e-132	380
WP_062596432.1	iPC815.YPO1194	45.0	269	146	1	6	272	3	271	2.18e-80	244
WP_062596432.1	iYL1228.KPN_02851	43.6	275	151	2	8	279	5	278	1.53e-75	231
WP_062596432.1	STM_v1_0.STM2533	41.8	273	158	1	8	279	5	277	6.20e-71	219
WP_062596435.1	iYO844.BSU21770	43.0	414	230	5	5	417	14	422	1.80e-102	310
WP_062596435.1	iEK1008.Rv1559	44.6	395	204	6	6	394	21	406	1.01e-100	306
WP_062596435.1	iYS854.USA300HOU_RS11100	39.4	416	246	6	5	417	10	422	8.20e-98	298
WP_062596435.1	iNF517.LLMG_RS06470	39.8	415	245	5	5	417	5	416	1.37e-97	297
WP_062596437.1	iCHOv1.100764540	25.0	144	94	4	106	242	105	241	5.98e-06	45.8
WP_062596438.1	iMM1415.319945	30.7	228	145	5	7	227	16	237	1.71e-23	98.2
WP_062596438.1	iCHOv1.100774575	31.3	230	141	6	7	227	14	235	3.79e-22	94.4
WP_062596439.1	iAF987.Gmet_0771	61.0	200	73	2	3	197	2	201	1.10e-74	223
WP_062596439.1	iML1515.b1004	61.3	199	74	3	1	198	1	197	1.25e-72	218
WP_062596443.1	iYL1228.KPN_00250	49.4	154	69	4	8	160	5	150	6.39e-49	154
WP_062596443.1	iML1515.b0238	49.3	152	68	4	10	160	7	150	1.29e-48	154
WP_062596443.1	iSDY_1059.SDY_0479	49.3	152	68	4	10	160	7	150	1.29e-48	154
WP_062596443.1	iSF_1195.SF0286	49.3	152	68	4	10	160	7	150	1.29e-48	154
WP_062596443.1	iSSON_1240.SSON_0280	49.3	152	68	4	10	160	7	150	1.29e-48	154
WP_062596443.1	STM_v1_0.STM0317	48.1	154	71	4	8	160	5	150	7.37e-48	152
WP_062596443.1	iSbBS512_1146.SbBS512_E0235	47.7	151	72	3	10	160	7	150	1.05e-47	151
WP_062596443.1	iPC815.YPO3225	47.4	154	72	4	8	160	5	150	1.48e-47	151
WP_062596444.1	iHN637.CLJU_RS03365	35.5	1144	518	17	3	1111	8	966	8.15e-208	630
WP_062596446.1	iEK1008.Rv0858c	29.8	302	192	12	136	423	56	351	5.09e-21	94.4
WP_062596446.1	iAF692.Mbar_A3133	25.1	339	230	13	92	423	19	340	9.57e-21	93.2
WP_062596446.1	iAT_PLT_636.51166	26.4	368	228	15	116	454	104	457	8.97e-19	88.2
WP_062596448.1	iAF987.Gmet_1914	26.5	113	78	4	10	119	4	114	6.21e-05	40.8
WP_062596449.1	iCHOv1.100773999	42.4	92	52	1	4	95	79	169	4.38e-17	71.6
WP_062596449.1	iMM1415.17993	40.2	92	54	1	4	95	78	168	1.20e-16	70.5
WP_062596449.1	iAT_PLT_636.4724	39.1	92	55	1	4	95	78	168	4.70e-16	68.9
WP_062596451.1	iSynCJ816.SGL_RS12955	40.5	131	67	3	1	126	1	125	3.41e-29	103
WP_062596451.1	iCN718.ABAYE_RS05715	40.3	134	69	4	1	129	1	128	7.23e-29	102
WP_062596451.1	iPC815.YPO2381	38.5	135	72	4	1	130	1	129	1.23e-27	99.4
WP_062596451.1	STM_v1_0.STM1435	35.1	131	74	3	1	126	1	125	2.24e-25	93.6
WP_062596453.1	iJN1463.PP_1470	43.9	435	236	5	5	437	4	432	1.26e-106	322
WP_062596453.1	iAF987.Gmet_1629	42.2	434	244	4	5	436	4	432	2.41e-104	316
WP_062596453.1	iCN718.ABAYE_RS17565	43.0	442	226	8	5	436	4	429	5.58e-99	302
WP_062596454.1	iML1515.b2379	51.6	382	185	0	4	385	10	391	2.20e-140	406
WP_062596454.1	iSSON_1240.SSON_2470	51.6	382	185	0	4	385	10	391	2.20e-140	406
WP_062596454.1	iSbBS512_1146.SbBS512_E2748	51.3	382	186	0	4	385	10	391	2.53e-139	403
WP_062596454.1	iSF_1195.SF2445	51.3	382	186	0	4	385	10	391	3.58e-139	403
WP_062596454.1	iSDY_1059.SDY_2577	51.3	382	186	0	4	385	10	391	5.07e-139	402
WP_062596454.1	iJN1463.PP_0817	50.3	384	191	0	4	387	10	393	2.07e-138	400
WP_062596457.1	iSynCJ816.SGL_RS14865	51.8	247	118	1	18	263	5	251	7.05e-85	254
WP_062596457.1	iSynCJ816.SGL_RS16015	48.5	260	127	4	11	264	16	274	3.89e-79	240
WP_062596459.1	iEK1008.Rv2713	48.5	470	239	3	1	469	1	468	2.18e-145	423
WP_062596461.1	iSynCJ816.SGL_RS13580	47.2	466	220	8	8	463	5	454	1.26e-127	378
WP_062596466.1	iAF987.Gmet_3012	42.0	88	50	1	424	511	50	136	5.65e-16	76.3
WP_062596467.1	iHN637.CLJU_RS15720	25.0	68	49	1	67	132	20	87	5.27e-04	39.3
WP_062596468.1	iCN718.ABAYE_RS04335	50.9	428	201	4	1	424	1	423	6.35e-141	409
WP_062596468.1	iJN1463.PP_4000	52.8	424	194	4	1	420	1	422	5.68e-140	406
WP_062596468.1	iAF987.Gmet_3528	52.0	425	198	3	1	423	1	421	7.28e-140	406
WP_062596468.1	iYL1228.KPN_00925	50.8	431	202	2	1	423	1	429	5.25e-139	404
WP_062596468.1	STM_v1_0.STM0963	50.8	431	202	2	1	423	1	429	5.25e-139	404
WP_062596468.1	iSbBS512_1146.SbBS512_E2435	50.8	431	202	2	1	423	1	429	4.24e-138	402
WP_062596468.1	iSDY_1059.SDY_2368	50.8	431	202	2	1	423	1	429	6.01e-138	401
WP_062596468.1	iSF_1195.SF0852	50.8	431	202	2	1	423	1	429	6.01e-138	401
WP_062596468.1	iSSON_1240.SSON_0894	50.8	431	202	2	1	423	1	429	6.01e-138	401
WP_062596468.1	iNF517.LLMG_RS03735	49.8	434	197	6	1	424	1	423	6.25e-136	396
WP_062596468.1	iPC815.YPO1379	49.7	431	207	2	1	423	1	429	1.03e-133	390
WP_062596468.1	iYS854.USA300HOU_RS00045	48.0	427	214	5	1	423	1	423	4.30e-127	374
WP_062596473.1	iJN1463.PP_2145	34.5	316	185	9	13	318	15	318	3.16e-45	157
WP_062596473.1	iYL1228.KPN_01104	34.5	296	176	8	12	299	5	290	1.45e-41	147
WP_062596473.1	iSF_1195.SF1111	34.1	296	177	8	12	299	9	294	4.64e-40	143
WP_062596473.1	iSDY_1059.SDY_2043	33.8	296	178	8	12	299	9	294	1.27e-39	142
WP_062596473.1	iML1515.b1107	34.1	296	177	8	12	299	9	294	2.48e-39	141
WP_062596475.1	iML1515.b2528	40.0	105	63	0	6	110	3	107	7.86e-24	87.4
WP_062596475.1	iSbBS512_1146.SbBS512_E2903	40.0	105	63	0	6	110	5	109	8.30e-24	87.4
WP_062596475.1	iSDY_1059.SDY_2724	40.0	105	63	0	6	110	3	107	7.86e-24	87.4
WP_062596475.1	iSF_1195.SF2575	40.0	105	63	0	6	110	3	107	7.86e-24	87.4
WP_062596475.1	iSSON_1240.SSON_2610	40.0	105	63	0	6	110	3	107	7.86e-24	87.4
WP_062596475.1	iJN1463.PP_0844	38.1	105	65	0	6	110	3	107	1.47e-21	81.6
WP_062596475.1	iYS854.USA300HOU_RS04660	41.0	105	61	1	5	108	3	107	5.72e-21	80.5
WP_062596476.1	iAF987.Gmet_0065	42.1	475	240	7	27	487	24	477	1.24e-97	302
WP_062596481.1	iSDY_1059.SDY_3205	24.3	415	291	6	20	418	24	431	7.14e-18	85.5
WP_062596481.1	iML1515.b3035	24.1	415	292	6	20	418	22	429	1.26e-17	84.7
WP_062596481.1	iSSON_1240.SSON_3173	24.1	415	292	6	20	418	24	431	1.27e-17	84.7
WP_062596481.1	iSF_1195.SF3075	23.9	415	293	6	20	418	22	429	5.34e-17	82.8
WP_062596481.1	iSbBS512_1146.SbBS512_E3468	23.6	415	294	6	20	418	24	431	7.17e-17	82.4
WP_062596481.1	STM_v1_0.STM3186	23.7	414	292	6	20	418	24	428	9.44e-17	82.0
WP_062596482.1	iJN1463.PP_5307	60.9	133	50	2	9	140	8	139	3.83e-45	144
WP_062596482.1	iPC815.YPO0683	56.4	140	55	3	1	138	1	136	2.13e-42	137
WP_062596482.1	iYL1228.KPN_03425	53.9	141	57	3	1	138	1	136	2.32e-41	134
WP_062596482.1	STM_v1_0.STM3158	54.5	143	57	3	1	140	1	138	3.28e-41	134
WP_062596482.1	iML1515.b3005	57.9	133	50	4	12	140	8	138	5.37e-40	130
WP_062596482.1	iSbBS512_1146.SbBS512_E3433	57.9	133	50	4	12	140	8	138	5.37e-40	130
WP_062596482.1	iSF_1195.SF3050	57.9	133	50	4	12	140	8	138	5.37e-40	130
WP_062596482.1	iSSON_1240.SSON_3148	57.9	133	50	4	12	140	8	138	5.37e-40	130
WP_062596483.1	iJN1463.PP_5306	55.6	248	106	2	70	316	70	314	2.08e-69	219
WP_062596484.1	iJN1463.PP_4194	70.0	430	126	3	1	429	1	428	1.48e-223	619
WP_062596484.1	iYL1228.KPN_00727	70.7	430	122	4	1	429	1	427	2.78e-223	618
WP_062596484.1	STM_v1_0.STM0730	70.0	430	125	4	1	429	1	427	7.55e-221	612
WP_062596484.1	iML1515.b0720	70.2	430	124	4	1	429	1	427	3.06e-220	610
WP_062596484.1	iSbBS512_1146.SbBS512_E0638	70.2	430	124	4	1	429	1	427	3.06e-220	610
WP_062596484.1	iSSON_1240.SSON_0671	70.2	430	124	4	1	429	1	427	3.06e-220	610
WP_062596484.1	iSF_1195.SF0577	69.8	430	126	4	1	429	1	427	1.44e-218	606
WP_062596484.1	iSDY_1059.SDY_0658	70.3	424	122	4	1	423	1	421	5.86e-218	604
WP_062596484.1	iPC815.YPO1108	67.1	429	138	3	1	429	1	426	1.78e-214	595
WP_062596484.1	iCN718.ABAYE_RS04410	67.7	421	130	5	3	422	6	421	2.11e-210	585
WP_062596485.1	iML1515.b0925	32.2	360	222	9	265	612	249	598	3.23e-43	164
WP_062596486.1	iMM1415.14194	65.7	460	155	2	5	462	48	506	5.59e-211	591
WP_062596486.1	iAT_PLT_636.2271	65.9	460	154	2	5	462	51	509	8.81e-211	591
WP_062596486.1	iCHOv1.100773218	65.4	460	156	2	5	462	48	506	3.21e-210	589
WP_062596486.1	iMM904.YPL262W	63.9	460	163	2	5	462	29	487	4.01e-199	560
WP_062596487.1	iML1515.b1025	38.1	194	117	3	146	338	251	442	6.92e-29	115
WP_062596487.1	iAF987.Gmet_0069	36.9	179	107	3	164	339	129	304	4.62e-28	111
WP_062596490.1	iAF987.Gmet_0300	31.0	197	122	6	13	206	9	194	6.12e-19	83.6
WP_062596491.1	iML1515.b3856	36.5	159	98	2	6	162	9	166	1.82e-28	103
WP_062596491.1	iSbBS512_1146.SbBS512_E4328	36.5	159	98	2	6	162	9	166	1.82e-28	103
WP_062596491.1	iSSON_1240.SSON_4028	36.5	159	98	2	6	162	4	161	2.25e-28	103
WP_062596491.1	iSF_1195.SF3927	36.5	159	98	2	6	162	9	166	5.11e-28	102
WP_062596491.1	iAF987.Gmet_0300	38.3	162	94	4	5	163	204	362	4.10e-26	101
WP_062596491.1	iSDY_1059.SDY_3889	36.5	159	98	2	6	162	4	161	8.95e-28	101
WP_062596494.1	iJN1463.PP_3593	51.3	236	108	3	25	258	19	249	2.35e-78	236
WP_062596495.1	iJN1463.PP_3594	49.8	227	114	0	36	262	6	232	1.01e-68	212
WP_062596497.1	iML1515.b2232	28.4	102	70	1	108	206	58	159	6.75e-07	48.9
WP_062596497.1	iSbBS512_1146.SbBS512_E2607	28.4	102	70	1	108	206	58	159	6.75e-07	48.9
WP_062596497.1	iSDY_1059.SDY_2424	28.4	102	70	1	108	206	58	159	6.75e-07	48.9
WP_062596497.1	iSF_1195.SF2312	28.4	102	70	1	108	206	58	159	6.75e-07	48.9
WP_062596497.1	iSSON_1240.SSON_2290	28.4	102	70	1	108	206	58	159	6.75e-07	48.9
WP_062596497.1	iYL1228.KPN_02641	27.5	102	71	1	108	206	58	159	2.25e-06	47.4
WP_062596497.1	STM_v1_0.STM2276	27.5	102	71	1	108	206	58	159	3.02e-06	47.0
WP_062596497.1	iJN1463.PP_1765	29.5	105	65	2	108	206	49	150	2.26e-05	44.3
WP_062596498.1	iNF517.LLMG_RS12530	40.5	284	167	2	1	284	1	282	1.67e-61	196
WP_062596498.1	iYO844.BSU13960	38.9	280	169	2	4	283	5	282	2.27e-57	185
WP_062596502.1	iAF987.Gmet_0043	27.9	233	161	4	258	486	37	266	7.58e-19	89.4
WP_062596503.1	iPC815.YPO2960	48.3	358	174	5	1	358	1	347	4.97e-99	296
WP_062596504.1	iPC815.YPO2958	64.4	340	117	3	1	337	1	339	3.02e-149	423
WP_062596506.1	iML1515.b4173	45.7	387	202	4	31	416	27	406	1.74e-95	293
WP_062596506.1	iJN1463.PP_4893	41.9	415	230	5	20	433	20	424	8.81e-85	266
WP_062596507.1	iAF987.Gmet_1919	38.9	131	78	1	1	131	1	129	1.04e-16	80.9
WP_062596509.1	iAF987.Gmet_0388	28.3	127	75	5	126	241	103	224	8.50e-05	43.1
WP_062596510.1	iJN1463.PP_1618	51.3	152	74	0	242	393	1	152	9.07e-49	162
WP_062596510.1	iCN718.ABAYE_RS08190	47.1	155	82	0	242	396	5	159	6.98e-45	152
WP_062596510.1	iAF987.Gmet_0059	48.7	150	77	0	242	391	1	150	1.45e-42	146
WP_062596511.1	iML1515.b2700	49.0	155	76	2	7	160	5	157	9.59e-35	119
WP_062596513.1	iJN1463.PP_4800	52.3	281	133	1	26	305	47	327	4.71e-98	292
WP_062596513.1	iYS854.USA300HOU_RS04580	50.7	292	141	2	29	319	7	296	2.77e-94	281
WP_062596513.1	iML1515.b0628	51.1	278	134	2	30	305	34	311	6.06e-92	276
WP_062596513.1	iSbBS512_1146.SbBS512_E0542	51.1	278	134	2	30	305	34	311	6.06e-92	276
WP_062596513.1	iSDY_1059.SDY_0550	51.1	278	134	2	30	305	34	311	6.06e-92	276
WP_062596513.1	iSF_1195.SF0653	51.1	278	134	2	30	305	34	311	6.06e-92	276
WP_062596513.1	iSSON_1240.SSON_0582	51.1	278	134	2	30	305	34	311	6.06e-92	276
WP_062596514.1	iCN718.ABAYE_RS09970	49.4	478	225	5	4	480	5	466	3.00e-161	464
WP_062596517.1	iMM1415.235339	43.9	458	215	7	3	451	218	642	6.58e-100	311
WP_062596517.1	iCHOv1.100773493	43.9	451	226	6	3	451	221	646	6.72e-97	304
WP_062596517.1	iAT_PLT_636.1737	42.2	462	221	8	3	451	219	647	1.34e-92	293
WP_062596518.1	iMM904.YBR221C	60.5	324	122	4	152	470	40	362	1.33e-132	387
WP_062596518.1	iLB1027_lipid.PHATRDRAFT_20183	55.6	329	142	2	149	473	28	356	3.70e-128	375
WP_062596518.1	iAT_PLT_636.5162	57.0	321	134	2	152	468	16	336	2.75e-128	375
WP_062596518.1	iMM1415.68263	57.1	324	135	2	149	468	31	354	5.07e-128	375
WP_062596518.1	iCHOv1.100774878	57.3	321	133	2	152	468	37	357	7.94e-128	375
WP_062596518.1	iIS312.TCDM_03948	53.5	327	148	2	148	470	19	345	1.01e-124	366
WP_062596519.1	iAT_PLT_636.5160	55.9	311	132	3	30	339	96	402	7.12e-114	337
WP_062596519.1	iCHOv1.100774853	55.6	311	133	3	30	339	58	364	4.24e-114	336
WP_062596519.1	iMM1415.18597	55.6	311	133	3	30	339	58	364	4.24e-114	336
WP_062596519.1	iAT_PLT_636.5161	55.6	311	133	3	30	339	56	362	3.67e-112	331
WP_062596519.1	iMM1415.18598	54.7	311	136	3	30	339	59	365	1.86e-110	327
WP_062596521.1	iHN637.CLJU_RS19255	64.2	416	148	1	4	418	7	422	5.42e-190	533
WP_062596521.1	iAF987.Gmet_2372	64.5	423	148	2	1	421	1	423	3.97e-189	531
WP_062596521.1	iYO844.BSU33900	64.6	421	146	2	1	418	1	421	2.74e-187	526
WP_062596521.1	iJN1463.PP_1612	63.9	429	150	2	1	424	1	429	7.55e-187	525
WP_062596521.1	iML1515.b2779	62.3	430	156	3	1	424	1	430	3.49e-181	511
WP_062596521.1	iSbBS512_1146.SbBS512_E3094	62.3	430	156	3	1	424	1	430	3.49e-181	511
WP_062596521.1	iSDY_1059.SDY_2996	62.3	430	156	3	1	424	1	430	3.49e-181	511
WP_062596521.1	iSF_1195.SF2794	62.3	430	156	3	1	424	1	430	3.49e-181	511
WP_062596521.1	iYL1228.KPN_03123	62.8	430	154	3	1	424	1	430	4.95e-181	511
WP_062596521.1	iSSON_1240.SSON_2936	62.3	430	156	3	1	424	1	430	4.95e-181	511
WP_062596521.1	iCN900.CD630_31700	63.7	421	150	2	1	418	1	421	1.87e-180	509
WP_062596521.1	STM_v1_0.STM2952	62.1	430	157	3	1	424	1	430	2.85e-180	509
WP_062596521.1	iEK1008.Rv1023	62.8	419	153	2	1	418	1	417	2.09e-179	506
WP_062596521.1	iPC815.YPO3376	61.9	430	158	3	1	424	1	430	6.39e-179	505
WP_062596521.1	iNF517.LLMG_RS03215	61.8	424	156	4	1	418	1	424	2.77e-178	504
WP_062596521.1	iYS854.USA300HOU_RS04205	61.9	425	155	4	1	418	1	425	4.71e-177	501
WP_062596521.1	iLJ478.TM0877	61.2	418	157	3	4	418	3	418	2.82e-174	493
WP_062596522.1	iAF987.Gmet_1277	60.8	255	100	0	24	278	18	272	1.24e-105	307
WP_062596525.1	iAF987.Gmet_1276	58.7	537	210	5	3	537	4	530	5.00e-223	626
WP_062596525.1	iPC815.YPO3377	57.0	535	226	4	3	535	4	536	1.13e-218	615
WP_062596525.1	STM_v1_0.STM2953	56.9	540	229	4	3	540	4	541	2.63e-217	612
WP_062596525.1	iJN1463.PP_1610	57.0	540	228	4	1	538	1	538	4.76e-217	611
WP_062596525.1	iCN718.ABAYE_RS08660	54.7	541	241	4	1	538	1	540	8.64e-216	608
WP_062596525.1	iYL1228.KPN_03124	56.8	537	228	4	3	537	4	538	7.02e-215	606
WP_062596525.1	iML1515.b2780	56.1	537	232	4	3	537	4	538	1.52e-211	597
WP_062596525.1	iSbBS512_1146.SbBS512_E3093	56.1	537	232	4	3	537	4	538	1.52e-211	597
WP_062596525.1	iSDY_1059.SDY_2997	56.1	537	232	4	3	537	4	538	1.52e-211	597
WP_062596525.1	iSF_1195.SF2795	56.1	537	232	4	3	537	4	538	1.52e-211	597
WP_062596525.1	iSSON_1240.SSON_2937	56.1	537	232	4	3	537	4	538	1.52e-211	597
WP_062596525.1	iYS854.USA300HOU_RS11480	53.0	540	242	4	1	537	1	531	2.26e-206	584
WP_062596525.1	iHN637.CLJU_RS01075	53.8	537	235	5	3	536	4	530	1.13e-203	577
WP_062596525.1	iYO844.BSU37150	52.2	540	245	5	1	537	1	530	1.09e-201	572
WP_062596527.1	iMM904.YDR050C	46.0	235	124	2	9	242	7	239	3.21e-61	192
WP_062596527.1	iYO844.BSU33920	42.6	256	133	6	6	252	3	253	2.17e-57	183
WP_062596527.1	iJN1463.PP_4715	44.5	245	131	4	6	247	3	245	2.04e-57	183
WP_062596527.1	iCN900.CD630_31720	39.9	243	140	3	6	245	3	242	2.90e-56	180
WP_062596527.1	iAF987.Gmet_1948	46.0	248	122	6	7	247	4	246	6.52e-56	179
WP_062596527.1	STM_v1_0.STM4081	41.7	252	136	4	7	252	4	250	1.32e-53	173
WP_062596528.1	STM_v1_0.STM3218	35.6	433	233	12	43	458	7	410	2.00e-70	230
WP_062596528.1	iML1515.b3073	35.8	433	236	13	34	454	29	431	1.69e-69	228
WP_062596528.1	iSSON_1240.SSON_3211	35.6	433	237	13	34	454	66	468	4.21e-69	228
WP_062596528.1	iSF_1195.SF3114	35.6	424	232	12	43	454	7	401	8.35e-69	226
WP_062596528.1	iYL1228.KPN_03501	34.6	437	245	12	43	467	7	414	3.24e-68	224
WP_062596529.1	iMM1415.76355	27.2	257	171	6	4	247	21	274	4.84e-18	83.6
WP_062596529.1	iJN1463.PP_0501	26.8	265	169	7	4	251	7	263	1.44e-17	81.6
WP_062596529.1	iAF692.Mbar_A1122	24.7	263	185	8	2	254	6	265	4.02e-17	80.5
WP_062596529.1	iAF692.Mbar_A1144	25.5	267	182	7	1	256	1	261	8.05e-17	79.3
WP_062596529.1	iLJ478.TM0509	23.0	331	213	13	1	317	1	303	1.24e-16	79.0
WP_062596529.1	iAF692.Mbar_A0036	24.2	265	188	8	2	256	6	267	4.54e-16	77.4
WP_062596531.1	iEK1008.Rv3790	35.0	417	243	10	43	440	50	457	1.72e-67	222
WP_062596533.1	iEK1008.Rv2747	35.7	98	55	3	39	133	39	131	2.51e-06	44.7
WP_062596533.1	iJN1463.PP_5185	35.7	70	44	1	41	109	318	387	1.24e-05	43.5
WP_062596538.1	iYS854.USA300HOU_RS04360	22.2	162	120	3	7	168	3	158	1.77e-08	51.6
WP_062596539.1	iJN1463.PP_2465	50.9	619	287	6	5	620	4	608	4.14e-229	650
WP_062596539.1	iCN718.ABAYE_RS15805	50.2	641	303	6	5	643	4	630	2.20e-226	644
WP_062596539.1	iSF_1195.SF1512	49.2	644	305	9	5	642	4	631	1.09e-224	639
WP_062596539.1	iSSON_1240.SSON_1439	49.2	644	305	9	5	642	4	631	1.09e-224	639
WP_062596539.1	iSDY_1059.SDY_1814	49.2	644	305	9	5	642	4	631	1.54e-224	639
WP_062596539.1	iSbBS512_1146.SbBS512_E1961	49.2	644	305	9	5	642	4	631	2.18e-224	639
WP_062596539.1	STM_v1_0.STM1333	48.7	641	313	7	5	642	4	631	2.87e-222	633
WP_062596539.1	iYL1228.KPN_02180	49.3	623	300	7	23	642	2	611	1.34e-220	628
WP_062596539.1	iPC815.YPO2433	49.3	619	298	6	5	620	4	609	1.22e-218	624
WP_062596539.1	iAF987.Gmet_1411	47.8	621	306	8	3	620	13	618	1.09e-204	588
WP_062596542.1	iSynCJ816.SGL_RS14545	49.2	199	94	3	5	202	36	228	1.41e-61	191
WP_062596542.1	iHN637.CLJU_RS03120	48.9	182	91	1	20	201	4	183	3.61e-61	188
WP_062596542.1	iEK1008.Rv3609c	50.5	184	87	2	20	201	18	199	3.64e-57	179
WP_062596542.1	iYO844.BSU22780	49.7	185	90	2	19	202	5	187	7.14e-57	177
WP_062596542.1	iCHOv1.100750667	48.0	196	91	3	16	202	54	247	8.30e-56	177
WP_062596542.1	iJN1463.PP_1823	50.3	173	85	1	30	202	19	190	2.03e-56	176
WP_062596542.1	iJN1463.PP_2512	52.0	173	80	2	30	201	12	182	1.02e-55	174
WP_062596542.1	iMM1415.14528	50.0	178	86	2	26	202	65	240	1.09e-54	174
WP_062596542.1	iCN718.ABAYE_RS06005	52.9	172	80	1	30	201	10	180	5.50e-55	172
WP_062596542.1	iCN900.CD630_14490	48.6	183	92	2	20	201	6	187	6.63e-55	172
WP_062596542.1	iLB1027_lipid.PHATRDRAFT_21868	47.5	179	91	2	26	203	4	180	5.85e-55	172
WP_062596543.1	iAF692.Mbar_A3654	50.8	120	49	4	29	148	19	128	1.23e-31	109
WP_062596543.1	iCN718.ABAYE_RS17040	45.7	129	54	3	24	147	11	128	9.73e-29	105
WP_062596543.1	iJN1463.PP_5014	47.6	124	59	3	24	147	9	126	3.29e-29	103
WP_062596543.1	iAF987.Gmet_1897	45.6	125	54	3	29	149	11	125	2.29e-28	101
WP_062596543.1	iSynCJ816.SGL_RS18375	50.0	98	48	1	24	121	18	114	6.54e-27	100
WP_062596543.1	iHN637.CLJU_RS05760	49.5	97	47	1	27	123	20	114	9.84e-28	99.4
WP_062596544.1	iMM904.YML059C	35.0	183	107	3	47	221	1371	1549	3.70e-20	91.3
WP_062596545.1	iLJ478.TM1347	32.5	120	68	5	15	131	94	203	9.74e-12	60.8
WP_062596555.1	iJN1463.PP_4471	37.2	425	266	1	46	469	52	476	1.56e-81	260
WP_062596556.1	iYO844.BSU15720	37.6	149	92	1	1	149	1	148	1.21e-25	95.9
WP_062596556.1	iAM_Pf480.PF3D7_0907900	30.5	154	103	1	6	155	67	220	3.44e-22	89.0
WP_062596557.1	iJN1463.PP_4801	41.2	199	103	3	26	224	12	196	4.09e-42	142
WP_062596557.1	iML1515.b0630	41.5	176	89	2	26	201	12	173	1.83e-39	135
WP_062596557.1	iSbBS512_1146.SbBS512_E0621	41.5	176	89	2	26	201	12	173	1.83e-39	135
WP_062596557.1	iSDY_1059.SDY_0552	44.3	149	70	1	53	201	16	151	4.35e-38	131
WP_062596557.1	iSF_1195.SF0651	44.3	149	70	1	53	201	16	151	4.35e-38	131
WP_062596557.1	iSSON_1240.SSON_0584	44.3	149	70	1	53	201	16	151	4.35e-38	131
WP_062596559.1	iCN718.ABAYE_RS09595	62.5	373	134	1	1	373	1	367	3.40e-170	479
WP_062596559.1	iSynCJ816.SGL_RS04900	60.8	375	141	1	1	375	1	369	2.48e-165	466
WP_062596559.1	iYL1228.KPN_01952	61.1	373	139	1	1	373	1	367	2.25e-164	464
WP_062596559.1	STM_v1_0.STM1627	60.3	373	142	1	1	373	1	367	2.60e-163	461
WP_062596559.1	iJN1463.PP_1616	61.1	370	138	1	4	373	6	369	5.85e-162	458
WP_062596559.1	iSbBS512_1146.SbBS512_E0271	58.9	375	148	1	1	375	1	369	1.56e-161	457
WP_062596559.1	iSSON_1240.SSON_0335	58.9	375	148	1	1	375	1	369	1.56e-161	457
WP_062596559.1	iML1515.b0356	58.9	375	148	1	1	375	1	369	1.27e-160	454
WP_062596559.1	iPC815.YPO1502	59.5	370	144	1	4	373	5	368	2.39e-160	454
WP_062596559.1	iAT_PLT_636.128	58.1	370	149	1	4	373	9	372	5.78e-158	448
WP_062596559.1	iMM1415.11532	57.6	370	151	1	4	373	9	372	8.20e-158	447
WP_062596559.1	iCHOv1.100767929	57.8	370	150	1	4	373	9	372	3.32e-157	446
WP_062596560.1	iCN718.ABAYE_RS03670	36.3	124	69	4	27	148	19	134	8.10e-14	64.3
WP_062596562.1	iJN1463.PP_1617	53.7	272	121	4	9	276	11	281	2.32e-98	289
WP_062596562.1	iMM1415.13885	50.2	279	135	3	1	276	16	293	4.41e-96	284
WP_062596562.1	iCHOv1.100774799	49.5	279	137	3	1	276	3	280	6.65e-95	280
WP_062596562.1	iAT_PLT_636.2098	49.5	279	137	3	1	276	3	280	9.42e-95	280
WP_062596562.1	iYL1228.KPN_02592	50.4	280	130	5	1	276	1	275	4.58e-94	278
WP_062596562.1	iML1515.b2154	49.6	278	136	3	1	276	1	276	6.26e-92	273
WP_062596562.1	iSbBS512_1146.SbBS512_E0812	49.6	278	136	3	1	276	1	276	6.26e-92	273
WP_062596562.1	iSSON_1240.SSON_2210	49.6	278	136	3	1	276	1	276	8.87e-92	272
WP_062596562.1	iSDY_1059.SDY_2112	49.3	278	137	3	1	276	1	276	1.02e-90	270
WP_062596562.1	iSSON_1240.SSON_0334	46.7	276	145	2	1	276	1	274	2.28e-89	266
WP_062596562.1	iPC815.YPO1501	47.1	276	144	2	1	276	5	278	1.01e-88	265
WP_062596562.1	iML1515.b0355	45.7	276	148	2	1	276	1	274	5.25e-88	263
WP_062596563.1	iML1515.b0624	39.8	108	63	2	1	107	1	107	1.49e-15	67.4
WP_062596564.1	iCN900.CD630_10600	28.9	291	163	9	34	313	37	294	5.42e-26	104
WP_062596564.1	iSbBS512_1146.SbBS512_E2975	27.3	333	210	10	8	328	10	322	3.06e-25	103
WP_062596564.1	iSF_1195.SF2653	27.3	333	210	10	8	328	10	322	1.11e-24	101
WP_062596564.1	iSSON_1240.SSON_2720	27.3	333	210	10	8	328	10	322	1.11e-24	101
WP_062596564.1	iSDY_1059.SDY_2837	27.7	318	198	10	8	313	10	307	4.02e-24	100
WP_062596564.1	iCN900.CD630_25960	27.4	303	189	9	1	296	1	279	3.87e-24	99.8
WP_062596564.1	iYS854.USA300HOU_RS06015	29.1	302	183	10	1	296	1	277	4.00e-24	99.8
WP_062596564.1	iNF517.LLMG_RS07670	29.0	276	162	11	34	301	30	279	7.14e-24	99.0
WP_062596564.1	STM_v1_0.STM2662	27.8	317	197	11	8	312	10	306	1.86e-22	95.5
WP_062596565.1	iCN718.ABAYE_RS16760	36.5	192	105	7	2	187	6	186	1.31e-20	85.9
WP_062596567.1	iML1515.b1599	35.9	103	60	3	2	102	10	108	1.90e-09	50.4
WP_062596567.1	iSbBS512_1146.SbBS512_E1785	35.9	103	60	3	2	102	10	108	1.90e-09	50.4
WP_062596567.1	iSDY_1059.SDY_1554	36.5	104	60	3	2	103	10	109	1.90e-09	50.4
WP_062596567.1	iSSON_1240.SSON_1561	35.9	103	60	3	2	102	10	108	1.90e-09	50.4
WP_062596567.1	iSF_1195.SF1620	35.0	103	61	3	2	102	10	108	7.49e-09	48.9
WP_062596571.1	iAF692.Mbar_A0086	44.5	211	97	2	1	191	1	211	1.11e-54	172
WP_062596571.1	iAF987.Gmet_0647	45.8	214	95	2	1	193	1	214	6.32e-54	171
WP_062596571.1	iML1515.b0474	44.7	219	87	4	1	191	1	213	9.92e-53	167
WP_062596571.1	iSbBS512_1146.SbBS512_E0406	44.7	219	87	4	1	191	1	213	9.92e-53	167
WP_062596571.1	iSDY_1059.SDY_0445	44.7	219	87	4	1	191	1	213	2.82e-52	166
WP_062596571.1	iYL1228.KPN_00456	44.3	219	88	4	1	191	1	213	7.99e-52	165
WP_062596571.1	STM_v1_0.STM0488	44.7	219	87	4	1	191	1	213	1.60e-51	164
WP_062596571.1	iSF_1195.SF0419	44.3	219	88	4	1	191	1	213	1.60e-51	164
WP_062596571.1	iPC815.YPO3118	43.8	219	89	4	1	191	1	213	3.21e-51	164
WP_062596571.1	iSSON_1240.SSON_0461	44.3	219	88	4	1	191	1	213	4.55e-51	163
WP_062596571.1	iEK1008.Rv0733	44.8	183	89	2	1	183	1	171	5.46e-50	159
WP_062596590.1	iPC815.YPO1310	30.5	334	226	3	35	365	33	363	4.00e-56	188
WP_062596592.1	iPC815.YPO1312	41.9	227	124	4	15	238	17	238	3.11e-50	165
WP_062596595.1	iIS312.TCDM_01819	30.0	237	162	2	24	257	567	802	1.25e-25	105
WP_062596598.1	iAF987.Gmet_0354	39.8	783	438	14	18	781	37	805	1.81e-172	518
WP_062596601.1	iJN1463.PP_2407	58.5	142	59	0	2	143	3	144	3.53e-55	169
WP_062596602.1	iSynCJ816.SGL_RS13735	42.0	143	74	3	13	147	8	149	5.48e-26	95.9
WP_062596602.1	iPC815.YPO3659	43.0	149	75	3	13	151	6	154	5.48e-26	95.9
WP_062596602.1	iML1515.b3255	42.5	153	72	3	13	151	6	156	3.25e-25	94.0
WP_062596602.1	iSbBS512_1146.SbBS512_E3287	42.5	153	72	3	13	151	6	156	3.25e-25	94.0
WP_062596602.1	iSF_1195.SF3293	42.5	153	72	3	13	151	6	156	3.25e-25	94.0
WP_062596602.1	iSSON_1240.SSON_3396	42.5	153	72	3	13	151	6	156	3.25e-25	94.0
WP_062596602.1	STM_v1_0.STM3379	43.1	153	71	4	13	151	6	156	6.48e-25	93.2
WP_062596602.1	iSDY_1059.SDY_3432	41.8	153	73	3	13	151	6	156	2.58e-24	91.7
WP_062596602.1	iAF987.Gmet_0983	38.2	152	81	3	13	151	6	157	3.11e-23	89.0
WP_062596602.1	iCN718.ABAYE_RS08040	40.4	136	73	2	13	147	6	134	2.64e-23	88.6
WP_062596603.1	iJN1463.PP_0558	60.9	445	170	2	4	445	5	448	4.11e-203	568
WP_062596603.1	STM_v1_0.STM3380	61.3	445	170	2	3	445	1	445	5.60e-198	555
WP_062596603.1	iPC815.YPO3658	60.7	445	173	1	3	445	1	445	5.60e-198	555
WP_062596603.1	iYL1228.KPN_03665	60.7	445	173	1	3	445	1	445	6.48e-197	553
WP_062596603.1	iML1515.b3256	60.2	445	175	1	3	445	1	445	3.04e-195	548
WP_062596603.1	iSbBS512_1146.SbBS512_E3288	60.2	445	175	1	3	445	1	445	3.04e-195	548
WP_062596603.1	iSDY_1059.SDY_3433	60.2	445	175	1	3	445	1	445	3.04e-195	548
WP_062596603.1	iSSON_1240.SSON_3397	60.2	445	175	1	3	445	1	445	6.11e-195	548
WP_062596603.1	iCN718.ABAYE_RS08035	57.8	448	188	1	3	449	1	448	2.59e-193	544
WP_062596603.1	iSF_1195.SF3294	59.8	445	177	1	3	445	1	445	2.86e-193	543
WP_062596603.1	iAF987.Gmet_0984	57.8	443	185	2	6	446	4	446	5.43e-183	517
WP_062596603.1	iYO844.BSU24340	56.4	445	190	3	3	443	1	445	8.86e-183	517
WP_062596605.1	iAT_PLT_636.55967	33.9	124	60	6	1	113	20	132	2.68e-15	67.4
WP_062596605.1	iCHOv1.100757306	33.1	124	61	6	1	113	24	136	6.78e-13	61.2
WP_062596605.1	iMM1415.66414	36.6	101	51	5	24	113	38	136	9.52e-13	60.8
WP_062596607.1	iJN1463.PP_0930	55.8	482	201	5	22	496	3	479	9.77e-181	515
WP_062596607.1	iCN718.ABAYE_RS04045	54.1	482	210	5	22	497	13	489	3.41e-173	496
WP_062596607.1	iAF987.Gmet_0073	51.9	482	220	5	21	496	2	477	5.45e-162	467
WP_062596611.1	iAF987.Gmet_0075	55.4	482	206	4	3	483	2	475	3.05e-181	516
WP_062596611.1	iJN1463.PP_0931	53.2	477	213	5	7	482	4	471	1.49e-163	471
WP_062596612.1	iJN1463.PP_0932	36.8	95	60	0	1	95	8	102	6.94e-20	76.6
WP_062596612.1	iAF987.Gmet_0076	37.9	95	59	0	1	95	1	95	5.39e-18	71.6
WP_062596613.1	iCN900.CD630_27420	42.9	63	34	1	14	76	21	81	4.79e-07	48.5
WP_062596617.1	iJN1463.PP_4998	53.8	305	138	2	7	308	19	323	1.20e-103	306
WP_062596617.1	iAF987.Gmet_1769	51.7	298	143	1	4	300	3	300	9.16e-103	303
WP_062596617.1	iEK1008.Rv1380	52.4	311	142	2	7	311	4	314	1.42e-93	280
WP_062596618.1	iAF987.Gmet_1770	38.8	417	252	1	10	426	7	420	2.32e-91	282
WP_062596619.1	iAF987.Gmet_3020	46.6	193	98	5	11	200	2	192	1.25e-36	126
WP_062596623.1	iNF517.LLMG_RS02750	26.1	188	134	3	207	392	262	446	6.55e-07	50.8
WP_062596624.1	iAF987.Gmet_0069	36.5	299	184	4	156	450	5	301	1.34e-53	181
WP_062596628.1	iCN900.CD630_19470	38.5	221	136	0	5	225	8	228	3.75e-53	170
WP_062596628.1	iJN1463.PP_4210	39.1	220	132	2	7	225	6	224	1.32e-44	157
WP_062596629.1	iAF987.Gmet_1354	41.2	546	199	6	1	424	1	546	1.47e-125	375
WP_062596629.1	iCN718.ABAYE_RS03855	39.4	569	214	10	1	438	1	569	7.68e-120	360
WP_062596629.1	iYL1228.KPN_00208	39.3	555	209	8	1	427	1	555	1.25e-118	357
WP_062596629.1	iSbBS512_1146.SbBS512_E0188	39.5	555	208	9	1	427	1	555	2.50e-118	357
WP_062596629.1	iSF_1195.SF0185	39.5	555	208	9	1	427	1	555	2.50e-118	357
WP_062596629.1	iSSON_1240.SSON_0208	39.5	555	208	9	1	427	1	555	2.50e-118	357
WP_062596629.1	iSDY_1059.SDY_0213	39.3	555	209	9	1	427	1	555	1.41e-117	355
WP_062596629.1	STM_v1_0.STM0242	39.3	552	207	9	1	424	1	552	3.96e-117	353
WP_062596629.1	iPC815.YPO1068	38.9	555	211	8	1	427	1	555	3.96e-117	353
WP_062596632.1	iAF987.Gmet_3342	41.5	458	256	5	14	461	15	470	1.78e-109	332
WP_062596632.1	iSynCJ816.SGL_RS02610	41.3	429	243	5	14	435	17	443	1.59e-101	313
WP_062596633.1	iAF987.Gmet_3343	49.9	491	236	5	1	485	1	487	7.30e-168	484
WP_062596634.1	iAF987.Gmet_3344	45.3	684	303	13	12	656	12	663	2.04e-173	509
WP_062596635.1	iAF987.Gmet_3346	34.9	169	102	3	3	169	1	163	1.84e-16	73.2
WP_062596635.1	iCN718.ABAYE_RS15215	32.5	166	92	5	8	165	5	158	4.26e-14	67.0
WP_062596636.1	iAF987.Gmet_3348	41.8	349	165	3	15	343	16	346	2.18e-82	253
WP_062596636.1	iCHOv1.3979183	44.3	316	152	4	20	333	7	300	3.69e-82	252
WP_062596636.1	iAT_PLT_636.4535	42.8	320	159	4	17	334	4	301	9.45e-80	246
WP_062596636.1	iAF987.Gmet_0161	42.6	333	162	4	13	336	9	321	2.11e-78	243
WP_062596636.1	iMM1415.17716	43.7	316	154	5	20	333	7	300	5.42e-76	236
WP_062596636.1	iEK1008.Rv3152	40.3	340	169	6	17	339	14	336	1.10e-74	236
WP_062596636.1	iYL1228.KPN_02672	39.6	336	179	3	7	338	2	317	6.72e-73	228
WP_062596637.1	iMM1415.227197	49.5	697	308	12	6	680	36	710	2.57e-213	615
WP_062596637.1	iAT_PLT_636.4719	49.3	698	308	13	6	680	50	724	1.16e-212	613
WP_062596637.1	iCHOv1.100754223	49.2	699	307	13	6	680	36	710	1.18e-211	610
WP_062596639.1	iAT_PLT_636.4723	64.6	429	151	1	2	429	35	463	1.04e-214	598
WP_062596639.1	iMM1415.17995	65.8	421	143	1	2	421	35	455	4.22e-214	596
WP_062596639.1	iCHOv1.100757245	65.9	419	142	1	2	419	35	453	9.85e-213	593
WP_062596640.1	iMM1415.72900	46.0	189	99	2	16	204	52	237	1.54e-49	164
WP_062596640.1	iAT_PLT_636.4729	45.0	189	101	2	16	204	53	238	8.87e-49	162
WP_062596640.1	iCHOv1.100757242	45.0	189	101	2	16	204	71	256	2.06e-48	161
WP_062596641.1	iMM1415.226646	63.5	397	139	2	1	396	72	463	4.28e-187	526
WP_062596641.1	iCHOv1.100768067	63.3	392	138	2	6	396	77	463	4.94e-186	523
WP_062596641.1	iAT_PLT_636.4720	63.5	392	137	2	6	396	77	463	4.03e-185	521
WP_062596643.1	iAT_PLT_636.4722	53.8	173	80	0	27	199	81	253	6.08e-63	195
WP_062596643.1	iCHOv1.100761333	55.0	160	72	0	27	186	80	239	7.69e-61	190
WP_062596644.1	iMM1415.75406	76.3	160	36	1	27	186	57	214	4.76e-86	252
WP_062596644.1	iCHOv1.100766693	82.4	142	25	0	45	186	68	209	4.68e-85	249
WP_062596644.1	iLB1027_lipid.PHATRDRAFT_41645	80.1	141	28	0	45	185	15	155	2.15e-83	243
WP_062596645.1	iJN1463.PP_4150	55.1	526	232	3	8	531	6	529	1.64e-193	551
WP_062596646.1	iML1515.b1245	44.6	363	121	2	14	376	20	302	7.75e-88	267
WP_062596646.1	iSSON_1240.SSON_1935	44.6	363	121	2	14	376	20	302	7.75e-88	267
WP_062596646.1	iSDY_1059.SDY_1303	44.6	363	121	2	14	376	20	302	1.10e-87	266
WP_062596646.1	iSF_1195.SF1246	44.6	363	121	2	14	376	20	302	1.10e-87	266
WP_062596646.1	iSbBS512_1146.SbBS512_E1414	44.6	363	121	2	14	376	20	302	3.11e-87	265
WP_062596646.1	iYL1228.KPN_02195	60.3	219	87	0	158	376	84	302	1.24e-86	264
WP_062596646.1	STM_v1_0.STM1744	58.4	219	91	0	158	376	84	302	5.10e-83	254
WP_062596647.1	iYL1228.KPN_02196	50.0	306	153	0	1	306	1	306	5.78e-107	313
WP_062596647.1	iML1515.b1244	49.3	306	155	0	1	306	1	306	2.33e-106	311
WP_062596647.1	iSF_1195.SF1245	49.3	306	155	0	1	306	1	306	2.33e-106	311
WP_062596647.1	iSbBS512_1146.SbBS512_E1413	49.0	306	156	0	1	306	1	306	3.31e-106	311
WP_062596647.1	iSDY_1059.SDY_1302	49.0	306	156	0	1	306	1	306	9.43e-106	310
WP_062596647.1	iSSON_1240.SSON_1936	49.0	306	156	0	1	306	1	306	9.43e-106	310
WP_062596647.1	STM_v1_0.STM1745	49.3	306	155	0	1	306	1	306	1.89e-105	309
WP_062596648.1	iSF_1195.SF1244	36.9	529	312	9	14	529	2	521	7.26e-109	335
WP_062596648.1	iSbBS512_1146.SbBS512_E1569	37.7	499	302	8	50	545	44	536	1.34e-107	332
WP_062596648.1	iSF_1195.SF1841	37.7	499	302	8	50	545	51	543	2.31e-107	331
WP_062596648.1	iML1515.b1329	37.7	499	302	8	50	545	44	536	2.67e-107	331
WP_062596648.1	iSSON_1240.SSON_1937	36.5	529	314	9	14	529	2	521	6.30e-107	330
WP_062596648.1	iSSON_1240.SSON_1804	37.5	499	303	8	50	545	51	543	9.13e-107	330
WP_062596648.1	iML1515.b1243	36.5	529	314	9	14	529	2	521	1.25e-106	329
WP_062596648.1	iSDY_1059.SDY_1301	36.5	529	314	9	14	529	2	521	1.76e-106	329
WP_062596648.1	STM_v1_0.STM1679	37.1	499	305	8	50	545	44	536	5.86e-106	327
WP_062596648.1	iSDY_1059.SDY_1409	37.5	499	303	8	50	545	51	543	7.15e-106	327
WP_062596648.1	iSbBS512_1146.SbBS512_E1412	36.3	529	315	9	14	529	2	521	9.80e-106	327
WP_062596648.1	iYL1228.KPN_01310	36.7	499	307	8	50	545	45	537	5.21e-104	322
WP_062596648.1	iYL1228.KPN_02197	38.1	493	288	10	43	529	41	522	7.48e-102	317
WP_062596659.1	iAT_PLT_636.4905	34.0	106	61	5	117	216	256	358	4.22e-04	42.4
WP_062596659.1	iMM1415.18195	34.0	106	61	5	117	216	256	358	4.22e-04	42.4
WP_062596661.1	iAF987.Gmet_0078	32.0	450	266	8	47	470	36	471	1.07e-57	199
WP_062596662.1	iEK1008.Rv3518c	35.1	296	191	1	110	405	75	369	4.48e-50	174
WP_062596662.1	iEK1008.Rv3545c	30.7	401	260	11	28	418	27	419	3.83e-47	167
WP_062596663.1	iYL1228.KPN_01091	35.7	255	146	7	4	252	2	244	2.69e-31	115
WP_062596663.1	STM_v1_0.STM1195	36.0	258	141	9	4	252	2	244	5.65e-30	112
WP_062596663.1	iSDY_1059.SDY_2057	35.0	254	149	6	4	252	2	244	5.65e-30	112
WP_062596663.1	iPC815.YPO1599	34.3	251	155	4	4	252	2	244	5.65e-30	112
WP_062596663.1	iML1515.b1093	36.0	258	141	9	4	252	2	244	7.92e-30	111
WP_062596663.1	iSbBS512_1146.SbBS512_E2231	36.0	258	141	9	4	252	2	244	7.92e-30	111
WP_062596663.1	iSF_1195.SF1097	36.0	258	141	9	4	252	2	244	7.92e-30	111
WP_062596663.1	iSSON_1240.SSON_1113	36.0	258	141	9	4	252	2	244	7.92e-30	111
WP_062596663.1	iLJ478.TM1724	33.2	247	154	4	7	249	5	244	8.29e-30	111
WP_062596663.1	iSynCJ816.SGL_RS07245	33.3	252	144	9	8	249	7	244	3.46e-28	107
WP_062596663.1	iHN637.CLJU_RS20765	31.6	253	149	7	8	249	7	246	2.66e-27	105
WP_062596666.1	iHN637.CLJU_RS03265	55.7	420	185	1	6	425	8	426	4.17e-162	462
WP_062596666.1	iAF987.Gmet_2390	52.4	418	198	1	7	424	8	424	2.32e-159	456
WP_062596666.1	iAF692.Mbar_A2427	53.7	421	193	2	6	426	39	457	8.83e-159	455
WP_062596666.1	iLJ478.TM0882	54.3	422	189	4	6	425	7	426	4.66e-157	450
WP_062596666.1	iJN1463.PP_2528	54.5	418	189	1	7	423	3	420	4.52e-156	447
WP_062596666.1	iEK1008.Rv3340	52.0	419	198	3	7	424	18	434	5.76e-145	420
WP_062596671.1	iEK1008.Rv1070c	34.2	260	161	4	14	271	4	255	6.28e-30	112
WP_062596671.1	iAF987.Gmet_3291	35.7	252	157	3	21	270	12	260	1.46e-28	109
WP_062596671.1	iYL1228.KPN_01474	34.1	258	154	4	16	268	4	250	1.86e-26	103
WP_062596671.1	iAF987.Gmet_2224	33.1	257	167	3	16	270	6	259	5.59e-26	102
WP_062596673.1	STM_v1_0.STM2232	27.2	643	403	23	3	632	6	596	1.22e-54	196
WP_062596674.1	iJN1463.PP_2196	53.6	304	140	1	10	312	1	304	2.61e-104	307
WP_062596675.1	iJN1463.PP_3633	46.5	310	161	3	2	310	3	308	2.77e-92	276
WP_062596676.1	iMM904.YER141W	40.1	359	173	8	24	343	84	439	5.29e-70	226
WP_062596676.1	iCHOv1.100751499	40.7	329	184	4	29	347	75	402	9.97e-69	221
WP_062596682.1	iML1515.b2047	39.2	360	208	5	162	520	115	464	2.88e-75	244
WP_062596691.1	iAF987.Gmet_1599	51.1	331	149	3	1	323	1	326	7.58e-109	319
WP_062596691.1	iPC815.YPO1597	50.2	317	152	1	6	322	5	315	1.43e-101	300
WP_062596691.1	iSDY_1059.SDY_2059	48.6	317	154	3	8	322	7	316	7.82e-99	293
WP_062596691.1	iML1515.b1091	48.3	317	155	3	8	322	7	316	3.15e-98	292
WP_062596691.1	iSbBS512_1146.SbBS512_E2233	48.3	317	155	3	8	322	7	316	3.15e-98	292
WP_062596691.1	iSSON_1240.SSON_1111	48.3	317	155	3	8	322	7	316	3.15e-98	292
WP_062596691.1	STM_v1_0.STM1193	48.4	316	156	2	8	322	7	316	6.32e-98	291
WP_062596691.1	iSF_1195.SF1095	47.9	317	156	3	8	322	7	316	3.61e-97	289
WP_062596694.1	iAF987.Gmet_3239	57.1	702	269	7	10	711	12	681	4.08e-240	682
WP_062596699.1	iJN1463.PP_0515	45.5	198	102	3	1	197	1	193	2.87e-50	162
WP_062596699.1	iCN718.ABAYE_RS17635	43.1	197	107	2	1	197	1	192	4.34e-49	159
WP_062596701.1	iSynCJ816.SGL_RS04690	62.2	418	151	2	15	432	9	419	3.42e-182	514
WP_062596701.1	iYL1228.KPN_02876	59.6	418	159	5	14	429	7	416	4.96e-177	500
WP_062596701.1	STM_v1_0.STM2555	59.3	418	160	5	14	429	7	416	1.42e-176	499
WP_062596701.1	iSSON_1240.SSON_2634	59.8	418	158	5	14	429	7	416	2.85e-176	498
WP_062596701.1	iML1515.b2551	59.6	418	159	5	14	429	7	416	8.13e-176	497
WP_062596701.1	iSbBS512_1146.SbBS512_E2916	59.6	418	159	5	14	429	7	416	8.13e-176	497
WP_062596701.1	iSF_1195.SF2598	59.6	418	159	5	14	429	7	416	8.13e-176	497
WP_062596701.1	iAF987.Gmet_1605	61.3	411	151	2	19	429	8	410	1.52e-175	496
WP_062596701.1	iSDY_1059.SDY_2741	59.3	418	160	5	14	429	7	416	3.29e-175	496
WP_062596701.1	iPC815.YPO2907	59.1	418	161	5	14	429	7	416	3.29e-175	496
WP_062596701.1	iLJ478.TM0720	60.7	415	154	2	19	429	9	418	2.18e-173	491
WP_062596701.1	iYO844.BSU36900	58.5	417	165	3	13	429	2	410	8.23e-173	489
WP_062596701.1	iJN1463.PP_0671	57.4	423	169	4	11	430	2	416	2.91e-171	486
WP_062596701.1	iCN718.ABAYE_RS06300	57.1	422	173	2	9	429	1	415	5.85e-171	485
WP_062596701.1	iYS854.USA300HOU_RS11410	58.9	416	162	4	15	429	4	411	3.25e-169	480
WP_062596701.1	iAF692.Mbar_A2316	57.8	412	167	3	18	429	7	411	7.55e-168	477
WP_062596701.1	iJN1463.PP_0322	58.7	412	162	2	19	429	12	416	2.56e-167	476
WP_062596701.1	iNF517.LLMG_RS02930	56.1	421	177	3	9	428	2	415	1.48e-163	466
WP_062596704.1	iML1515.b0925	36.0	283	175	4	136	414	317	597	2.37e-50	179
WP_062596707.1	iAF692.Mbar_A2092	35.7	241	141	9	9	240	2	237	9.91e-31	114
WP_062596717.1	iAF987.Gmet_1434	39.7	574	284	13	33	585	37	569	9.08e-123	373
WP_062596717.1	iYS854.USA300HOU_RS03230	38.6	555	307	7	33	585	31	553	1.22e-118	362
WP_062596717.1	iCN718.ABAYE_RS18530	38.9	591	287	11	39	585	36	596	5.74e-115	354
WP_062596718.1	iAF987.Gmet_1762	42.7	386	198	4	16	399	16	380	9.78e-101	304
WP_062596719.1	iPC815.YPO3443	47.9	968	424	10	2	926	15	945	6.70e-313	887
WP_062596719.1	iYL1228.KPN_04663	47.7	968	426	10	2	926	1	931	1.24e-309	879
WP_062596719.1	iJN1463.PP_0977	48.5	973	412	15	2	928	1	930	1.28e-308	876
WP_062596719.1	iSF_1195.SF4231	47.0	968	433	10	2	926	1	931	3.71e-306	870
WP_062596719.1	iSSON_1240.SSON_4443	47.0	968	433	10	2	926	1	931	5.26e-306	869
WP_062596719.1	iSbBS512_1146.SbBS512_E4823	47.3	970	427	12	2	926	1	931	7.44e-306	869
WP_062596719.1	STM_v1_0.STM4475	46.8	968	435	10	2	926	1	931	4.83e-304	864
WP_062596719.1	iSDY_1059.SDY_4282	46.6	968	437	9	2	926	1	931	1.37e-303	863
WP_062596719.1	iAF987.Gmet_0956	48.8	952	403	14	2	943	6	883	6.19e-304	862
WP_062596719.1	iCN718.ABAYE_RS04250	46.7	992	430	14	5	944	13	957	2.34e-301	858
WP_062596726.1	iJN1463.PP_2973	39.0	105	63	1	20	123	5	109	5.80e-11	55.8
WP_062596726.1	iJN1463.PP_1636	44.6	101	49	4	20	116	9	106	4.79e-10	53.5
WP_062596726.1	iML1515.b4042	36.3	102	64	1	20	120	6	107	6.85e-10	53.1
WP_062596726.1	iYL1228.KPN_04430	38.2	102	62	1	20	120	6	107	6.85e-10	53.1
WP_062596726.1	iSbBS512_1146.SbBS512_E4555	36.3	102	64	1	20	120	6	107	6.85e-10	53.1
WP_062596726.1	iSDY_1059.SDY_4532	36.3	102	64	1	20	120	6	107	6.85e-10	53.1
WP_062596726.1	iSF_1195.SF4163	36.3	102	64	1	20	120	6	107	6.85e-10	53.1
WP_062596726.1	iSSON_1240.SSON_4222	36.3	102	64	1	20	120	6	107	6.85e-10	53.1
WP_062596726.1	iCN718.ABAYE_RS04660	37.0	108	62	4	20	122	11	117	2.74e-09	51.6
WP_062596728.1	iCHOv1.100769399	39.6	106	60	3	37	140	92	195	1.25e-11	60.1
WP_062596729.1	iEK1008.Rv3806c	37.2	183	103	5	192	366	18	196	2.36e-23	99.8
WP_062596733.1	iJN1463.PP_3144	53.6	470	202	7	1	466	1	458	1.81e-156	451
WP_062596733.1	iJN1463.PP_0987	53.0	468	208	4	1	466	1	458	7.29e-156	449
WP_062596733.1	iJN1463.PP_0297	52.1	470	209	7	1	466	1	458	1.03e-155	449
WP_062596733.1	iCN718.ABAYE_RS11985	51.8	467	216	5	1	466	1	459	1.74e-154	446
WP_062596733.1	iEK1008.Rv0069c	50.7	475	211	9	1	466	1	461	5.78e-143	417
WP_062596739.1	iEK1008.Rv3565	48.3	385	189	5	7	386	8	387	6.30e-111	329
WP_062596746.1	iYO844.BSU22440	33.9	245	143	7	12	246	90	325	1.84e-27	107
WP_062596751.1	STM_v1_0.STM0417	43.6	140	68	3	9	143	15	148	2.69e-21	84.0
WP_062596751.1	iPC815.YPO3182	40.3	139	74	2	9	143	15	148	5.35e-21	83.2
WP_062596751.1	iJN1463.PP_0517	37.4	147	84	3	6	149	14	155	8.72e-20	80.1
WP_062596751.1	iLJ478.TM1825	37.9	145	80	3	9	149	15	153	1.03e-19	80.1
WP_062596751.1	iML1515.b0415	41.4	140	71	3	9	143	15	148	1.17e-19	79.7
WP_062596751.1	iYL1228.KPN_00367	41.4	140	71	3	9	143	15	148	1.17e-19	79.7
WP_062596751.1	iSbBS512_1146.SbBS512_E0336	41.4	140	71	3	9	143	15	148	1.17e-19	79.7
WP_062596751.1	iSDY_1059.SDY_0319	41.4	140	71	3	9	143	15	148	1.17e-19	79.7
WP_062596751.1	iSF_1195.SF0352	41.4	140	71	3	9	143	15	148	1.17e-19	79.7
WP_062596751.1	iSSON_1240.SSON_0392	41.4	140	71	3	9	143	15	148	1.17e-19	79.7
WP_062596751.1	iCN718.ABAYE_RS01015	37.8	148	82	4	1	145	12	152	1.65e-19	79.3
WP_062596751.1	iAF987.Gmet_1627	40.1	137	72	3	11	143	18	148	6.35e-19	77.8
WP_062596751.1	iYO844.BSU23250	39.9	138	75	2	11	145	17	149	3.43e-18	75.9
WP_062596755.1	iHN637.CLJU_RS18545	22.6	177	105	4	3	150	2	175	6.35e-04	40.0
WP_062596757.1	iCN900.CD630_24590	29.1	172	86	10	193	358	6	147	2.94e-05	45.1
WP_062596757.1	iAF987.Gmet_1639	26.4	174	94	6	184	351	1	146	4.07e-05	44.7
WP_062596757.1	iSynCJ816.SGL_RS12595	25.1	179	90	6	187	357	29	171	5.45e-05	44.3
WP_062596759.1	iAF987.Gmet_2349	33.2	566	376	2	3	568	2	565	3.54e-94	299
WP_062596759.1	iPC815.YPO1395	37.4	516	309	7	58	568	69	575	4.20e-91	291
WP_062596759.1	iJN1463.PP_4935	36.4	494	307	5	79	570	102	590	1.47e-89	288
WP_062596759.1	STM_v1_0.STM0984	37.6	479	287	6	87	559	95	567	1.25e-89	287
WP_062596759.1	iML1515.b0914	37.7	478	286	6	87	558	95	566	1.87e-88	284
WP_062596759.1	iSbBS512_1146.SbBS512_E2410	37.7	478	286	6	87	558	95	566	1.87e-88	284
WP_062596759.1	iSDY_1059.SDY_2344	37.7	478	286	6	87	558	95	566	1.87e-88	284
WP_062596759.1	iSF_1195.SF0910	37.7	478	286	6	87	558	95	566	1.87e-88	284
WP_062596759.1	iSSON_1240.SSON_0916	37.7	478	286	6	87	558	95	566	1.87e-88	284
WP_062596759.1	iYL1228.KPN_00941	37.4	478	287	6	87	558	95	566	7.25e-88	283
WP_062596760.1	iJN1463.PP_1006	28.8	701	444	19	47	702	131	821	1.72e-63	227
WP_062596761.1	iCN900.CD630_19470	37.7	220	134	1	1	217	8	227	6.34e-45	149
WP_062596761.1	iJN1463.PP_4210	41.4	220	124	3	2	217	5	223	1.34e-40	146
WP_062596761.1	iYO844.BSU30420	41.2	199	112	2	8	203	13	209	1.22e-42	143
WP_062596764.1	iAF987.Gmet_1914	34.5	84	54	1	575	658	3	85	2.44e-08	56.6
WP_062596767.1	iJN1463.PP_3426	64.5	1052	372	1	1	1051	1	1052	0.0	1300
WP_062596768.1	iJN1463.PP_3425	44.3	352	190	4	44	395	32	377	2.08e-80	252
WP_062596775.1	iMM904.YEL039C	37.5	96	55	3	27	120	16	108	8.16e-18	72.8
WP_062596775.1	iMM904.YJR048W	35.9	103	61	3	21	121	6	105	2.35e-16	68.9
WP_062596776.1	iJN1463.PP_5386	30.8	198	127	5	169	362	204	395	7.48e-13	69.3
WP_062596778.1	iML1515.b4034	21.3	334	234	11	96	420	77	390	6.26e-05	44.7
WP_062596778.1	STM_v1_0.STM4229	20.7	334	236	11	96	420	80	393	6.29e-05	44.7
WP_062596778.1	iSF_1195.SF4171	21.3	334	234	11	96	420	77	390	1.10e-04	43.9
WP_062596778.1	iYL1228.KPN_04423	22.5	244	165	9	96	332	77	303	1.46e-04	43.5
WP_062596778.1	iSSON_1240.SSON_4212	21.3	334	234	11	96	420	77	390	1.93e-04	43.1
WP_062596779.1	iEK1008.Rv2835c	29.4	296	202	4	6	299	12	302	1.65e-28	110
WP_062596779.1	iYO844.BSU30280	32.1	215	141	2	65	279	71	280	4.45e-28	109
WP_062596779.1	iEK1008.Rv2040c	29.4	286	192	5	7	289	5	283	8.15e-28	108
WP_062596779.1	iCN900.CD630_34160	28.7	265	183	3	19	282	11	270	9.20e-25	100
WP_062596780.1	iYS854.USA300HOU_RS01105	31.7	268	179	2	15	280	14	279	2.11e-42	146
WP_062596781.1	iCN900.CD630_21940	27.3	249	161	6	5	242	7	246	6.07e-18	84.7
WP_062596783.1	iCN718.ABAYE_RS12285	60.5	574	221	3	2	575	4	571	7.94e-237	664
WP_062596783.1	iEK1008.Rv3285	60.5	564	203	4	1	548	12	571	2.89e-224	633
WP_062596784.1	iCN718.ABAYE_RS12290	46.0	528	278	4	1	526	1	523	6.98e-149	437
WP_062596789.1	STM_v1_0.STM3554	53.1	354	148	5	1	341	1	349	1.32e-118	346
WP_062596789.1	iPC815.YPO3793	55.1	354	140	6	1	341	1	348	2.74e-118	345
WP_062596789.1	iML1515.b3450	52.5	354	150	5	1	341	1	349	6.11e-117	342
WP_062596789.1	iSbBS512_1146.SbBS512_E3873	52.3	354	151	5	1	341	1	349	9.93e-116	339
WP_062596789.1	iYL1228.KPN_03810	52.0	354	152	5	1	341	1	349	2.62e-113	333
WP_062596789.1	iEK1008.Rv1238	50.0	386	144	6	1	342	1	381	1.10e-105	315
WP_062596790.1	iYL1228.KPN_03811	58.2	282	117	1	1	282	1	281	3.01e-109	317
WP_062596790.1	iPC815.YPO3794	57.1	282	120	1	1	282	1	281	4.92e-108	314
WP_062596790.1	iML1515.b3451	57.8	282	118	1	1	282	1	281	1.99e-107	312
WP_062596790.1	iSbBS512_1146.SbBS512_E3872	57.4	282	119	1	1	282	1	281	8.06e-107	311
WP_062596790.1	STM_v1_0.STM3555	57.4	282	119	1	1	282	1	281	9.31e-106	308
WP_062596791.1	iPC815.YPO3795	57.8	282	119	0	11	292	13	294	2.89e-113	328
WP_062596791.1	iYL1228.KPN_03812	55.4	287	128	0	6	292	8	294	7.74e-111	322
WP_062596791.1	STM_v1_0.STM3556	55.7	287	127	0	6	292	8	294	4.44e-110	320
WP_062596791.1	iML1515.b3452	55.7	287	127	0	6	292	8	294	6.30e-110	320
WP_062596791.1	iSbBS512_1146.SbBS512_E3871	55.4	287	128	0	6	292	8	294	3.61e-109	318
WP_062596792.1	iYL1228.KPN_03813	46.2	426	221	6	11	431	4	426	2.79e-128	377
WP_062596792.1	iML1515.b3453	46.0	422	222	5	14	431	7	426	2.25e-127	375
WP_062596792.1	iSbBS512_1146.SbBS512_E3870	46.1	423	220	6	14	431	7	426	2.25e-127	375
WP_062596792.1	STM_v1_0.STM3557	45.3	426	225	6	11	431	4	426	1.81e-126	373
WP_062596792.1	iPC815.YPO3796	45.2	418	223	5	18	431	13	428	3.75e-126	372
WP_062596794.1	iML1515.b0819	31.7	167	82	7	76	231	86	231	1.88e-10	59.3
WP_062596794.1	iML1515.b1990	30.1	156	92	4	84	233	86	230	2.60e-10	58.9
WP_062596794.1	STM_v1_0.STM0837	31.1	167	83	7	76	231	86	231	8.57e-10	57.4
WP_062596796.1	iYO844.BSU38980	63.7	215	74	2	1	214	1	212	3.51e-92	268
WP_062596796.1	iCN718.ABAYE_RS09815	64.8	210	70	2	1	209	1	207	3.01e-90	263
WP_062596796.1	iAF987.Gmet_3297	62.3	212	76	2	1	211	1	209	1.29e-85	252
WP_062596796.1	iIT341.HP0692	60.5	210	78	3	5	213	2	207	2.08e-84	248
WP_062596796.1	iMM1415.67041	60.3	209	79	3	5	211	302	508	6.52e-79	244
WP_062596796.1	iCHOv1.100766113	60.3	209	79	3	5	211	302	508	9.19e-79	244
WP_062596797.1	iCN718.ABAYE_RS09810	65.6	227	78	0	4	230	3	229	3.99e-102	295
WP_062596797.1	iYO844.BSU38990	62.3	220	83	0	14	233	12	231	9.00e-95	277
WP_062596797.1	iAF987.Gmet_3296	63.2	228	83	1	4	231	2	228	1.55e-93	273
WP_062596802.1	iJN1463.PP_0763	46.4	558	260	10	6	528	1	554	1.91e-167	485
WP_062596802.1	iAF987.Gmet_0256	49.4	539	244	9	10	519	8	546	3.52e-162	471
WP_062596803.1	iEK1008.Rv1938	47.3	351	179	4	9	355	6	354	2.84e-101	302
WP_062596810.1	iAF987.Gmet_0843	29.5	278	169	9	7	275	6	265	7.10e-23	94.7
WP_062596812.1	iIT341.HP0561	34.1	249	152	5	1	242	1	244	3.55e-37	130
WP_062596812.1	iAF987.Gmet_1694	37.1	248	145	4	1	242	1	243	2.03e-35	126
WP_062596812.1	iCN900.CD630_11820	34.9	238	149	5	9	242	10	245	3.15e-35	125
WP_062596812.1	iEK1008.Rv1483	37.7	244	128	7	6	242	16	242	2.99e-35	125
WP_062596812.1	iLJ478.TM1724	36.3	245	151	4	1	242	1	243	6.26e-34	122
WP_062596812.1	iPC815.YPO1599	36.6	243	150	4	1	242	1	240	1.18e-33	121
WP_062596812.1	iCHOv1.100766230	34.7	245	148	3	9	242	13	256	3.55e-32	118
WP_062596812.1	STM_v1_0.STM1195	35.0	243	154	4	1	242	1	240	2.50e-32	118
WP_062596813.1	iAF987.Gmet_2246	29.6	517	348	8	18	526	1	509	2.59e-74	244
WP_062596813.1	iEK1008.Rv3089	31.5	520	318	13	19	526	3	496	2.47e-68	228
WP_062596813.1	iEK1008.Rv0166	31.3	528	327	11	12	524	20	526	8.14e-67	226
WP_062596814.1	iAF692.Mbar_A0550	38.4	396	231	6	1	389	1	390	5.10e-66	214
WP_062596816.1	iLJ478.TM1724	34.6	269	137	7	20	275	1	243	1.83e-31	117
WP_062596816.1	iAF987.Gmet_1531	31.6	256	161	5	22	277	4	245	1.11e-29	112
WP_062596816.1	iYL1228.KPN_01869	36.2	265	149	6	20	275	1	254	3.62e-29	111
WP_062596816.1	iSDY_1059.SDY_2057	34.8	256	151	5	20	275	1	240	1.03e-28	109
WP_062596816.1	iYS854.USA300HOU_RS06185	35.5	256	143	8	25	275	3	241	7.69e-28	107
WP_062596816.1	iCHOv1.100766230	35.1	268	150	8	18	275	3	256	1.48e-27	107
WP_062596816.1	iML1515.b1093	34.4	256	152	5	20	275	1	240	1.07e-27	107
WP_062596816.1	iEK1008.Rv1928c	33.6	259	157	5	22	278	9	254	1.36e-27	107
WP_062596816.1	iSbBS512_1146.SbBS512_E2231	34.4	256	152	5	20	275	1	240	1.07e-27	107
WP_062596816.1	iSF_1195.SF1097	34.4	256	152	5	20	275	1	240	1.07e-27	107
WP_062596816.1	iSSON_1240.SSON_1113	34.4	256	152	5	20	275	1	240	1.07e-27	107
WP_062596816.1	iMM1415.14979	34.3	268	152	7	18	275	3	256	2.89e-27	106
WP_062596816.1	iYO844.BSU15910	33.6	256	154	6	22	275	2	243	4.26e-27	105
WP_062596817.1	STM_v1_0.STM3672	26.7	415	301	1	201	615	3	414	8.11e-46	167
WP_062596817.1	iML1515.b3578	26.5	415	302	1	201	615	3	414	2.12e-45	166
WP_062596817.1	iJN1463.PP_1167	27.9	420	293	5	206	619	4	419	1.48e-44	164
WP_062596818.1	iEK1008.Rv3409c	23.7	578	312	21	10	514	5	526	6.32e-09	58.2
WP_062596819.1	iML1515.b1093	29.9	187	126	3	19	204	6	188	1.06e-17	79.7
WP_062596819.1	iSbBS512_1146.SbBS512_E2231	29.9	187	126	3	19	204	6	188	1.06e-17	79.7
WP_062596819.1	iSF_1195.SF1097	29.9	187	126	3	19	204	6	188	1.06e-17	79.7
WP_062596819.1	iSSON_1240.SSON_1113	29.9	187	126	3	19	204	6	188	1.06e-17	79.7
WP_062596819.1	iYO844.BSU15910	28.1	192	133	3	16	204	2	191	2.08e-17	79.0
WP_062596819.1	iSDY_1059.SDY_2057	29.9	187	126	3	19	204	6	188	2.79e-17	78.6
WP_062596819.1	iYL1228.KPN_01091	28.3	187	129	3	19	204	6	188	5.30e-17	77.8
WP_062596819.1	iAF987.Gmet_1601	29.7	192	129	4	16	204	3	191	7.55e-17	77.4
WP_062596819.1	STM_v1_0.STM1195	28.3	187	129	3	19	204	6	188	7.32e-17	77.4
WP_062596819.1	iSynCJ816.SGL_RS07245	27.1	192	135	3	16	204	4	193	2.76e-16	75.9
WP_062596819.1	iNF517.LLMG_RS08260	30.3	188	127	3	18	204	2	186	1.08e-15	74.3
WP_062596819.1	iCN718.ABAYE_RS14915	26.8	190	128	3	19	204	6	188	1.31e-15	73.9
WP_062596819.1	iPC815.YPO1599	27.9	190	126	3	19	204	6	188	1.31e-15	73.9
WP_062596819.1	iCN718.ABAYE_RS13055	31.8	195	127	4	21	212	16	207	6.96e-15	72.4
WP_062596819.1	iCN718.ABAYE_RS13105	29.8	191	126	4	19	204	7	194	1.04e-14	72.0
WP_062596825.1	iEK1008.Rv3265c	33.3	228	118	7	66	280	50	256	1.42e-24	100
WP_062596827.1	iML1515.b3794	26.6	143	102	2	99	240	91	231	1.96e-07	50.4
WP_062596827.1	iSbBS512_1146.SbBS512_E4126	25.7	148	97	3	99	240	91	231	3.56e-07	49.7
WP_062596827.1	iSDY_1059.SDY_3953	25.7	148	97	3	99	240	91	231	3.56e-07	49.7
WP_062596827.1	iSF_1195.SF3869	25.7	148	97	3	99	240	91	231	3.56e-07	49.7
WP_062596827.1	iSSON_1240.SSON_3967	25.7	148	97	3	99	240	91	231	3.56e-07	49.7
WP_062596827.1	STM_v1_0.STM3929	25.2	143	104	2	99	240	91	231	2.86e-06	47.0
WP_062596827.1	iPC815.YPO3855	25.1	167	117	4	95	260	87	246	5.18e-06	46.2
WP_062596828.1	iJN1463.PP_1183	33.0	215	126	8	10	218	31	233	1.54e-21	88.6
WP_062596829.1	iJN1463.PP_4219	27.7	1002	314	17	523	1510	477	1083	7.72e-81	296
WP_062596830.1	iEK1008.Rv2935	42.6	906	473	13	13	887	8	897	1.42e-203	655
WP_062596834.1	iJN1463.PP_3383	25.3	643	309	27	7	545	9	584	5.12e-17	84.0
WP_062596835.1	STM_v1_0.STM3554	50.8	321	141	5	15	329	15	324	4.57e-104	310
WP_062596835.1	iML1515.b3450	48.4	343	170	5	15	357	15	350	6.47e-104	309
WP_062596835.1	iJN1463.PP_1018	46.6	365	187	6	3	360	2	365	3.17e-103	308
WP_062596835.1	iSbBS512_1146.SbBS512_E3873	48.4	343	170	5	15	357	15	350	1.30e-103	308
WP_062596835.1	iPC815.YPO3712	48.2	363	171	4	5	358	4	358	2.24e-102	306
WP_062596835.1	iYL1228.KPN_03810	50.2	315	152	3	15	329	15	324	2.09e-102	305
WP_062596835.1	iPC815.YPO3793	47.5	343	172	4	15	356	15	350	3.98e-100	300
WP_062596835.1	iSF_1195.SF4170	45.4	366	183	4	3	358	2	360	7.30e-96	289
WP_062596835.1	STM_v1_0.STM4230	45.0	371	175	5	3	358	2	358	9.71e-96	289
WP_062596835.1	iYL1228.KPN_04424	45.9	364	182	4	3	358	2	358	1.37e-95	288
WP_062596835.1	iML1515.b4035	45.4	366	183	4	3	358	2	360	2.93e-95	288
WP_062596835.1	iSSON_1240.SSON_4213	45.4	366	183	4	3	358	2	360	2.93e-95	288
WP_062596835.1	iEK1008.Rv1238	45.9	338	173	4	5	333	4	340	2.31e-94	286
WP_062596835.1	iSynCJ816.SGL_RS17635	44.7	356	189	4	3	353	2	354	3.66e-94	285
WP_062596836.1	iJN1463.PP_1017	45.4	291	149	3	4	294	1	281	3.12e-87	261
WP_062596837.1	iJN1463.PP_1016	40.1	277	165	1	15	291	25	300	1.33e-75	233
WP_062596838.1	iJN1463.PP_1015	40.5	412	227	9	10	404	9	419	1.36e-86	269
WP_062596839.1	iYO844.BSU39720	25.5	196	129	4	120	305	91	279	2.95e-14	71.6
WP_062596842.1	iJN1463.PP_3537	62.4	391	146	1	1	390	1	391	5.72e-179	503
WP_062596844.1	iLJ478.TM1136	25.1	291	210	3	3	285	4	294	2.14e-23	96.7
WP_062596844.1	STM_v1_0.STM3563	29.8	295	194	6	3	284	8	302	3.41e-23	96.3
WP_062596844.1	iSF_1195.SF3475	29.2	295	196	6	3	284	8	302	3.41e-23	96.3
WP_062596844.1	iML1515.b3457	29.2	295	196	6	3	284	8	302	4.71e-23	95.9
WP_062596844.1	iYL1228.KPN_03819	29.2	295	196	6	3	284	8	302	4.71e-23	95.9
WP_062596844.1	iSbBS512_1146.SbBS512_E3865	29.2	295	196	6	3	284	8	302	4.71e-23	95.9
WP_062596844.1	iSSON_1240.SSON_3695	29.2	295	196	6	3	284	8	302	4.71e-23	95.9
WP_062596844.1	iJN1463.PP_1140	29.8	292	190	6	7	284	11	301	6.42e-23	95.5
WP_062596844.1	iSynCJ816.SGL_RS11390	29.4	289	180	7	7	283	7	283	1.22e-22	94.4
WP_062596844.1	iPC815.YPO3807	28.7	296	196	6	3	284	8	302	5.98e-21	90.1
WP_062596844.1	iJN1463.PP_4866	28.6	297	194	9	3	284	5	298	5.34e-20	87.4
WP_062596845.1	iJN1463.PP_4863	43.5	237	130	2	4	239	3	236	2.98e-59	187
WP_062596845.1	iPC815.YPO3804	44.3	235	127	2	6	239	1	232	2.06e-58	184
WP_062596845.1	iLJ478.TM1139	43.2	236	131	2	6	240	5	238	5.60e-57	181
WP_062596845.1	iYL1228.KPN_03816	42.6	235	131	2	6	239	5	236	2.39e-55	177
WP_062596845.1	iJN1463.PP_1137	42.2	225	126	2	16	239	11	232	4.25e-55	176
WP_062596845.1	STM_v1_0.STM3560	42.6	235	131	2	6	239	5	236	6.77e-55	176
WP_062596845.1	iAF987.Gmet_1819	40.3	238	138	3	6	239	1	238	1.16e-52	170
WP_062596845.1	iSbBS512_1146.SbBS512_E3868	41.3	235	134	2	6	239	9	240	1.94e-52	169
WP_062596845.1	iSSON_1240.SSON_3692	41.3	235	134	2	6	239	9	240	1.94e-52	169
WP_062596845.1	iML1515.b3454	41.3	235	134	2	6	239	5	236	2.44e-52	169
WP_062596845.1	iSF_1195.SF3472	41.3	235	134	2	6	239	5	236	2.44e-52	169
WP_062596848.1	iML1515.b2842	40.3	176	99	3	66	235	76	251	5.23e-33	119
WP_062596848.1	iAF987.Gmet_1694	37.6	250	127	8	8	235	3	245	7.09e-31	114
WP_062596848.1	iLJ478.TM1724	34.3	248	128	8	11	233	6	243	7.77e-30	111
WP_062596848.1	iYO844.BSU22140	37.8	241	135	10	11	236	13	253	1.83e-29	110
WP_062596848.1	iYO844.BSU15910	34.7	251	132	8	7	233	1	243	3.01e-29	109
WP_062596848.1	iSDY_1059.SDY_2057	34.7	251	134	8	8	237	3	244	1.11e-28	108
WP_062596850.1	iHN637.CLJU_RS10535	38.2	495	297	5	1	490	1	491	1.19e-88	280
WP_062596850.1	iCHOv1.100753802	37.8	479	286	5	24	493	136	611	1.84e-81	265
WP_062596850.1	iMM1415.15109	37.6	479	287	5	24	493	136	611	5.05e-81	264
WP_062596850.1	iHN637.CLJU_RS16185	38.5	457	280	1	22	478	39	494	8.32e-82	263
WP_062596850.1	iYS854.USA300HOU_RS00040	37.6	468	283	4	30	491	31	495	1.41e-81	261
WP_062596850.1	iYO844.BSU39350	36.7	460	285	3	27	483	27	483	9.99e-79	254
WP_062596850.1	iCN718.ABAYE_RS00935	37.1	474	286	5	24	490	25	493	3.06e-78	253
WP_062596851.1	iJN1463.PP_0283	61.7	253	95	2	1	251	1	253	1.38e-102	298
WP_062596851.1	iCN718.ABAYE_RS06340	56.9	253	107	2	1	251	1	253	1.49e-92	273
WP_062596851.1	iJN1463.PP_4483	55.9	247	108	1	6	251	3	249	1.86e-92	272
WP_062596851.1	iSbBS512_1146.SbBS512_E2684	56.6	251	107	2	3	251	2	252	5.85e-92	271
WP_062596851.1	iSF_1195.SF2382	56.6	251	107	2	3	251	2	252	5.85e-92	271
WP_062596851.1	iSSON_1240.SSON_2364	56.6	251	107	2	3	251	2	252	5.85e-92	271
WP_062596851.1	STM_v1_0.STM2351	56.5	253	108	2	1	251	1	253	1.72e-91	270
WP_062596851.1	iSDY_1059.SDY_2505	56.2	251	108	2	3	251	2	252	1.67e-91	270
WP_062596851.1	iML1515.b2306	56.2	251	108	2	3	251	2	252	2.36e-91	270
WP_062596851.1	iYL1228.KPN_02696	56.6	251	107	2	3	251	2	252	3.35e-91	269
WP_062596852.1	iJN1463.PP_0280	48.0	200	104	0	19	218	19	218	2.86e-52	168
WP_062596852.1	iJN1463.PP_4484	44.3	201	112	0	20	220	22	222	5.07e-48	157
WP_062596853.1	iJN1463.PP_0282	34.9	241	130	5	39	278	31	245	1.57e-38	135
WP_062596853.1	iJN1463.PP_3593	33.9	251	141	3	33	282	22	248	1.71e-37	132
WP_062596853.1	iYL1228.KPN_00896	32.1	280	153	6	1	279	6	249	3.63e-36	129
WP_062596853.1	iML1515.b1920	33.7	255	141	6	30	283	38	265	7.55e-36	129
WP_062596853.1	iJN1463.PP_4486	33.9	274	154	6	14	282	4	255	6.69e-36	129
WP_062596853.1	iCN718.ABAYE_RS06325	32.8	268	150	6	21	282	17	260	2.77e-34	124
WP_062596853.1	STM_v1_0.STM0890	31.0	248	144	5	33	279	21	242	4.95e-34	123
WP_062596855.1	iJN1463.PP_0878	45.1	233	121	3	13	239	22	253	2.08e-60	193
WP_062596855.1	iYS854.USA300HOU_RS04905	38.7	284	145	4	1	255	7	290	4.56e-60	192
WP_062596855.1	iSDY_1059.SDY_4563	43.6	227	121	3	19	239	36	261	1.15e-59	191
WP_062596855.1	iML1515.b3540	43.6	227	121	3	19	239	36	261	3.23e-59	190
WP_062596855.1	iSF_1195.SF3575	43.6	227	121	3	19	239	36	261	3.23e-59	190
WP_062596855.1	iSSON_1240.SSON_3850	43.6	227	121	3	19	239	36	261	3.23e-59	190
WP_062596855.1	iYL1228.KPN_03895	43.2	227	122	3	19	239	36	261	1.96e-58	188
WP_062596855.1	STM_v1_0.STM3626	42.7	227	123	3	19	239	36	261	1.96e-58	188
WP_062596855.1	iLJ478.TM1063	43.1	260	126	6	1	239	3	261	1.91e-56	183
WP_062596855.1	iML1515.b1483	44.1	236	112	5	12	241	23	244	1.11e-56	183
WP_062596855.1	iPC815.YPO3999	43.2	227	122	4	19	239	57	282	5.89e-56	182
WP_062596855.1	iSbBS512_1146.SbBS512_E1746	44.1	236	112	5	12	241	23	244	3.13e-56	182
WP_062596855.1	iSbBS512_1146.SbBS512_E1416	42.8	229	124	2	11	232	30	258	4.95e-55	179
WP_062596855.1	STM_v1_0.STM1742	41.8	237	131	2	3	232	22	258	6.98e-55	179
WP_062596855.1	iML1515.b1247	42.8	229	124	2	11	232	30	258	9.85e-55	179
WP_062596855.1	iYL1228.KPN_02193	41.4	237	132	2	3	232	22	258	9.85e-55	179
WP_062596855.1	iSDY_1059.SDY_1305	42.8	229	124	2	11	232	30	258	9.85e-55	179
WP_062596855.1	iSF_1195.SF1248	42.8	229	124	2	11	232	30	258	9.85e-55	179
WP_062596855.1	iLJ478.TM0057	41.6	231	124	5	19	239	28	257	4.32e-54	177
WP_062596855.1	iSSON_1240.SSON_1933	42.8	229	124	2	11	232	30	258	5.49e-54	177
WP_062596856.1	iPC815.YPO4000	45.5	257	134	3	7	257	3	259	2.43e-60	194
WP_062596856.1	iML1515.b3541	44.7	257	136	3	7	257	3	259	4.97e-60	193
WP_062596856.1	iSF_1195.SF3576	44.7	257	136	3	7	257	3	259	4.97e-60	193
WP_062596856.1	iYL1228.KPN_02194	43.8	256	137	4	7	256	19	273	9.21e-60	192
WP_062596856.1	STM_v1_0.STM1743	44.1	256	136	4	7	256	17	271	8.72e-60	192
WP_062596856.1	iYL1228.KPN_03896	44.7	257	136	3	7	257	3	259	9.89e-60	192
WP_062596856.1	STM_v1_0.STM3627	45.1	257	135	3	7	257	3	259	9.89e-60	192
WP_062596856.1	iSbBS512_1146.SbBS512_E2519	44.3	262	134	5	7	256	12	273	1.49e-56	191
WP_062596856.1	iSDY_1059.SDY_1304	43.4	256	138	4	7	256	19	273	3.65e-59	191
WP_062596856.1	iSF_1195.SF1247	43.4	256	138	4	7	256	19	273	3.65e-59	191
WP_062596856.1	iSSON_1240.SSON_3849	44.7	257	136	3	7	257	3	259	2.78e-59	191
WP_062596856.1	iSSON_1240.SSON_1934	43.4	256	138	4	7	256	19	273	3.65e-59	191
WP_062596856.1	iML1515.b1484	42.1	271	150	4	5	268	3	273	5.69e-59	190
WP_062596856.1	iML1515.b0829	44.3	262	134	5	7	256	12	273	2.90e-56	190
WP_062596856.1	iJN1463.PP_4150	42.9	275	148	5	4	269	3	277	6.51e-57	190
WP_062596856.1	iSSON_1240.SSON_0811	44.3	262	134	5	7	256	1	262	2.46e-56	190
WP_062596856.1	iSbBS512_1146.SbBS512_E1415	43.4	256	138	4	7	256	19	273	1.02e-58	190
WP_062596856.1	iML1515.b1246	43.4	256	138	4	7	256	19	273	1.44e-58	189
WP_062596856.1	iSDY_1059.SDY_0758	44.3	262	134	5	7	256	1	262	4.78e-56	189
WP_062596856.1	iYL1228.KPN_00862	44.0	268	127	5	7	256	12	274	1.03e-55	189
WP_062596856.1	iYO844.BSU12950	42.4	257	141	4	7	256	4	260	3.84e-58	188
WP_062596856.1	iSDY_1059.SDY_4564	44.4	257	137	3	7	257	3	259	3.10e-58	188
WP_062596856.1	iSbBS512_1146.SbBS512_E1747	41.7	271	151	4	5	268	3	273	8.93e-58	187
WP_062596856.1	iSF_1195.SF0779	43.9	262	135	5	7	256	1	262	6.80e-55	186
WP_062596856.1	iSSON_1240.SSON_1640	41.2	272	150	5	5	266	3	274	2.51e-57	186
WP_062596856.1	iJN1463.PP_0879	42.3	267	149	3	7	268	3	269	3.01e-57	186
WP_062596856.1	iLJ478.TM0058	42.7	262	138	6	7	256	4	265	3.83e-57	186
WP_062596856.1	STM_v1_0.STM0848	43.5	262	136	6	7	256	12	273	5.87e-53	181
WP_062596856.1	iML1515.b2180	43.6	257	138	4	7	256	5	261	1.96e-52	178
WP_062596856.1	iYS854.USA300HOU_RS04900	41.5	258	144	4	7	257	5	262	1.09e-53	177
WP_062596856.1	iYS854.USA300HOU_RS01050	40.3	258	147	4	7	257	4	261	7.58e-52	177
WP_062596856.1	iLJ478.TM1749	40.5	252	144	3	7	252	4	255	1.21e-53	176
WP_062596857.1	iSSON_1240.SSON_1638	42.4	328	188	1	9	336	7	333	9.38e-87	264
WP_062596857.1	iML1515.b1486	42.4	328	188	1	9	336	7	333	1.88e-86	263
WP_062596858.1	iML1515.b1487	26.9	525	341	15	7	518	9	503	3.01e-35	138
WP_062596858.1	iSbBS512_1146.SbBS512_E1750	26.5	525	343	15	7	518	9	503	1.65e-33	133
WP_062596858.1	iSSON_1240.SSON_1637	26.5	525	343	15	7	518	9	503	4.15e-33	132
WP_062596859.1	iLJ478.TM0069	29.7	327	174	11	37	322	42	353	3.11e-33	125
WP_062596860.1	iNF517.LLMG_RS01005	32.0	472	275	11	4	432	3	471	1.61e-76	246
WP_062596860.1	iMM1415.226413	34.0	467	272	13	9	440	906	1371	8.99e-71	243
WP_062596860.1	iCHOv1.100766856	35.1	467	267	14	9	440	901	1366	3.05e-70	241
WP_062596860.1	iYS854.USA300HOU_RS11865	31.7	461	269	12	12	431	8	463	5.85e-70	228
WP_062596862.1	iJN1463.PP_1380	39.0	267	153	3	1	264	1	260	2.45e-51	168
WP_062596863.1	iJN1463.PP_1381	43.7	126	71	0	7	132	5	130	2.54e-32	110
WP_062596863.1	iJN1463.PP_3648	42.5	120	69	0	6	125	3	122	1.31e-29	103
WP_062596864.1	iJN1463.PP_4656	61.0	231	89	1	11	241	9	238	1.07e-97	285
WP_062596865.1	iJN1463.PP_4655	45.4	205	103	4	4	205	2	200	8.18e-51	162
WP_062596866.1	iJN1463.PP_1379	36.1	316	194	5	18	325	13	328	9.70e-46	161
WP_062596867.1	iJN1463.PP_3736	43.6	342	187	2	6	342	2	342	2.57e-97	292
WP_062596869.1	iJN1463.PP_3737	31.8	318	203	9	10	318	4	316	4.48e-34	126
WP_062596869.1	iYL1228.KPN_01661	32.1	299	182	10	33	318	37	327	2.20e-33	125
WP_062596870.1	iJN1463.PP_3357	63.5	479	173	2	5	482	4	481	2.65e-208	584
WP_062596871.1	iCHOv1.100767929	33.8	367	235	7	5	365	10	374	1.46e-60	199
WP_062596871.1	iAT_PLT_636.128	34.1	367	234	7	5	365	10	374	1.59e-59	196
WP_062596871.1	iMM1415.11532	34.3	367	233	7	5	365	10	374	2.24e-59	196
WP_062596871.1	iAT_PLT_636.125	33.5	364	235	6	5	363	12	373	2.50e-58	193
WP_062596871.1	iYS854.USA300HOU_RS00275	31.5	375	246	4	1	365	1	374	4.94e-58	192
WP_062596871.1	iAT_PLT_636.124	33.5	364	235	6	5	363	12	373	3.81e-57	190
WP_062596871.1	iCHOv1.100760081	32.6	353	231	6	16	363	23	373	1.06e-56	189
WP_062596871.1	iAT_PLT_636.130	33.2	365	235	8	5	363	12	373	1.06e-56	189
WP_062596871.1	iPC815.YPO1502	32.9	365	237	7	5	363	6	368	1.11e-56	189
WP_062596871.1	iEK1008.Rv2259	32.5	366	235	4	3	365	5	361	2.89e-56	187
WP_062596871.1	iCHOv1.100756617	32.4	364	239	6	5	363	12	373	5.79e-56	187
WP_062596871.1	iYL1228.KPN_01952	33.3	369	238	7	1	363	1	367	5.37e-56	187
WP_062596871.1	STM_v1_0.STM1627	33.6	369	237	7	1	363	1	367	7.54e-56	186
WP_062596871.1	iSynCJ816.SGL_RS04900	34.4	369	234	7	1	363	1	367	1.94e-55	185
WP_062596871.1	iJN1463.PP_1616	32.3	365	239	7	5	363	7	369	2.86e-55	185
WP_062596871.1	iCHOv1.100767061	33.2	371	227	8	5	363	12	373	1.32e-53	181
WP_062596872.1	iAF987.Gmet_2131	44.0	473	260	5	21	490	10	480	1.25e-117	353
WP_062596874.1	iML1515.b0349	28.5	249	155	6	48	286	51	286	2.56e-14	71.2
WP_062596874.1	iYL1228.KPN_02120	29.5	251	150	7	48	286	51	286	8.83e-14	69.7
WP_062596875.1	iEK1008.Rv1912c	27.6	341	227	8	1	330	1	332	2.98e-27	108
WP_062596875.1	iEK1008.Rv2048c	29.2	339	185	9	11	330	1369	1671	5.85e-24	102
WP_062596875.1	iEK1008.Rv3777	29.0	324	192	9	26	332	26	328	1.25e-24	101
WP_062596875.1	iEK1008.Rv2933	29.4	279	174	8	62	332	1517	1780	8.13e-23	99.4
WP_062596876.1	iCHOv1.100751291	31.4	223	148	2	8	226	54	275	1.09e-27	107
WP_062596876.1	iMM1415.15487	33.5	185	120	2	8	190	48	231	2.66e-24	98.6
WP_062596877.1	iML1515.b3253	48.8	324	165	1	4	327	2	324	1.59e-106	313
WP_062596879.1	iYO844.BSU39780	31.5	317	189	8	1	304	1	302	6.90e-37	134
WP_062596879.1	iEK1008.Rv2298	33.1	308	178	8	12	310	11	299	1.01e-32	123
WP_062596880.1	iJN1463.PP_4636	49.6	389	195	1	5	392	3	391	2.39e-124	364
WP_062596880.1	iCN900.CD630_10590	48.1	389	202	0	4	392	2	390	1.73e-121	357
WP_062596880.1	iML1515.b2224	49.5	392	197	1	4	394	2	393	2.84e-118	348
WP_062596880.1	iSSON_1240.SSON_2283	50.0	392	195	1	4	394	2	393	2.84e-118	348
WP_062596880.1	iYS854.USA300HOU_RS01880	49.4	389	195	2	5	392	3	390	2.22e-117	346
WP_062596880.1	iCN900.CD630_26760	46.4	390	208	1	4	392	2	391	2.80e-115	341
WP_062596880.1	iYL1228.KPN_02055	47.7	390	202	2	5	392	3	392	2.33e-114	338
WP_062596880.1	iCHOv1.100760000	46.3	389	206	2	6	392	8	395	1.72e-112	334
WP_062596881.1	iEK1008.Rv0134	29.1	292	175	11	13	290	19	292	2.00e-20	89.0
WP_062596883.1	iAF987.Gmet_1919	34.3	102	66	1	5	105	5	106	8.42e-11	60.8
WP_062596883.1	iAF987.Gmet_1914	34.3	102	66	1	4	104	3	104	1.87e-10	60.1
WP_062596884.1	iJN1463.PP_5135	32.6	279	184	3	9	285	7	283	7.75e-37	135
WP_062596885.1	iJN1463.PP_5136	26.9	479	310	9	229	695	83	533	2.36e-38	150
WP_062596886.1	iJN1463.PP_0411	43.5	340	180	6	9	339	15	351	2.44e-84	259
WP_062596886.1	iJN1463.PP_5137	42.1	335	183	5	1	330	1	329	5.02e-84	258
WP_062596886.1	iJN1463.PP_1484	44.1	329	158	4	8	331	4	311	3.81e-84	258
WP_062596886.1	iYL1228.KPN_01132	44.1	333	177	4	2	325	9	341	6.94e-82	253
WP_062596886.1	iSynCJ816.SGL_RS17635	43.2	336	173	6	8	329	3	334	2.82e-80	249
WP_062596886.1	iSDY_1059.SDY_2026	44.0	327	160	5	14	325	23	341	6.19e-80	248
WP_062596886.1	iML1515.b1126	44.0	327	160	5	14	325	23	341	8.74e-80	248
WP_062596886.1	iSF_1195.SF1128	44.0	327	160	5	14	325	23	341	8.74e-80	248
WP_062596886.1	iSynCJ816.SGL_RS17160	44.0	309	162	4	8	315	2	300	8.85e-80	247
WP_062596886.1	iSbBS512_1146.SbBS512_E1304	43.7	327	161	5	14	325	23	341	3.48e-79	246
WP_062596886.1	iSSON_1240.SSON_1144	43.7	327	161	5	14	325	23	341	3.48e-79	246
WP_062596886.1	iYS854.USA300HOU_RS05485	42.8	304	161	3	14	312	10	305	2.31e-79	246
WP_062596886.1	STM_v1_0.STM1226	41.2	354	178	6	9	340	18	363	6.93e-79	246
WP_062596886.1	iML1515.b1441	42.7	342	170	3	8	343	4	325	5.80e-79	244
WP_062596886.1	iYL1228.KPN_01927	52.5	244	116	0	8	251	4	247	5.80e-79	244
WP_062596886.1	iSSON_1240.SSON_1696	42.7	342	170	3	8	343	4	325	5.80e-79	244
WP_062596886.1	iSDY_1059.SDY_1733	42.7	342	170	3	8	343	4	325	3.27e-78	243
WP_062596886.1	iCN900.CD630_10240	40.9	318	182	4	9	325	6	318	1.24e-77	241
WP_062596886.1	iLJ478.TM1376	46.6	247	132	0	7	253	4	250	2.31e-77	241
WP_062596886.1	iCN718.ABAYE_RS05140	41.7	333	179	5	8	332	2	327	2.10e-77	241
WP_062596886.1	iHN637.CLJU_RS10680	51.3	232	113	0	13	244	14	245	6.30e-76	238
WP_062596886.1	iAF987.Gmet_1903	44.4	320	156	5	8	321	2	305	4.94e-76	237
WP_062596886.1	iCN900.CD630_35270	47.5	238	125	0	12	249	7	244	6.89e-76	236
WP_062596886.1	iEK1008.Rv1238	50.2	233	115	1	9	240	4	236	5.88e-75	236
WP_062596886.1	iCN900.CD630_35300	48.7	234	120	0	12	245	7	240	1.94e-75	235
WP_062596886.1	iPC815.YPO3712	41.9	315	177	2	8	316	3	317	2.35e-74	234
WP_062596887.1	iAF987.Gmet_0697	37.4	214	107	4	43	239	37	240	2.35e-37	132
WP_062596887.1	iLB1027_lipid.PHATRDRAFT_18323	35.7	272	149	7	11	262	22	287	2.86e-34	124
WP_062596889.1	iAF987.Gmet_1706	39.5	119	68	2	6	122	1	117	1.32e-17	79.7
WP_062596889.1	iAF987.Gmet_2999	34.9	126	79	2	8	130	10	135	8.47e-17	77.8
WP_062596889.1	iAF987.Gmet_1919	28.0	193	122	5	8	187	5	193	1.80e-15	73.9
WP_062596890.1	iSynCJ816.SGL_RS08885	41.8	361	195	3	26	381	20	370	1.26e-84	275
WP_062596891.1	iAF987.Gmet_2435	42.0	174	95	4	16	184	16	188	3.76e-29	106
WP_062596891.1	iSynCJ816.SGL_RS08880	39.3	168	94	2	22	182	23	189	2.37e-27	101
WP_062596892.1	iEK1008.Rv1030	67.1	690	209	6	8	686	27	709	1.96e-285	797
WP_062596892.1	STM_v1_0.STM0705	63.6	681	241	3	8	686	7	682	1.17e-277	776
WP_062596892.1	iPC815.YPO2691	62.7	686	243	4	8	685	7	687	1.79e-273	766
WP_062596892.1	iSSON_1240.SSON_0648	62.1	681	249	4	8	685	7	681	1.56e-270	758
WP_062596892.1	iML1515.b0697	62.1	681	249	4	8	685	7	681	2.22e-270	758
WP_062596892.1	iYL1228.KPN_00716	62.2	678	245	4	8	681	7	677	2.56e-269	755
WP_062596892.1	iJN1463.PP_4160	62.0	669	243	5	17	685	26	683	2.97e-261	735
WP_062596895.1	iSynCJ816.SGL_RS03900	31.0	187	126	2	235	420	410	594	7.51e-25	107
WP_062596896.1	iAF692.Mbar_A1138	25.8	271	164	9	6	274	4	239	4.50e-18	83.6
WP_062596897.1	iLJ478.TM0955	39.0	315	178	5	23	331	17	323	4.34e-61	198
WP_062596897.1	iYL1228.KPN_04155	43.3	282	139	3	63	335	52	321	3.14e-58	190
WP_062596897.1	iCN900.CD630_15880	35.7	319	182	3	24	337	12	312	7.65e-58	189
WP_062596897.1	iPC815.YPO2499	39.5	296	161	3	46	336	48	330	1.58e-57	189
WP_062596897.1	iML1515.b3750	43.3	282	139	4	63	335	52	321	1.74e-57	188
WP_062596897.1	iHN637.CLJU_RS00625	37.3	338	190	3	7	340	4	323	5.14e-57	187
WP_062596897.1	iCN900.CD630_03020	36.2	337	189	5	14	341	12	331	1.83e-56	186
WP_062596897.1	iYO844.BSU35950	38.3	311	167	4	28	331	25	317	1.97e-56	186
WP_062596897.1	iYL1228.KPN_02586	37.8	328	184	7	24	337	15	336	2.23e-55	183
WP_062596897.1	STM_v1_0.STM3883	42.2	282	142	4	63	335	52	321	2.96e-55	182
WP_062596897.1	iML1515.b2148	36.6	328	188	5	24	337	15	336	3.42e-54	180
WP_062596897.1	iSbBS512_1146.SbBS512_E0823	36.6	328	188	5	24	337	15	336	3.42e-54	180
WP_062596897.1	iSSON_1240.SSON_2204	36.6	328	188	5	24	337	15	336	3.42e-54	180
WP_062596897.1	iSF_1195.SF2233	36.3	328	189	5	24	337	15	336	4.82e-54	180
WP_062596897.1	STM_v1_0.STM2188	36.9	328	187	5	24	337	15	336	9.53e-54	179
WP_062596897.1	iNF517.LLMG_RS04065	35.3	326	187	6	21	338	4	313	1.03e-53	178
WP_062596898.1	iML1515.b2149	49.9	495	243	4	20	511	11	503	8.31e-161	466
WP_062596898.1	iSF_1195.SF2234	49.9	495	243	4	20	511	11	503	8.31e-161	466
WP_062596898.1	iSSON_1240.SSON_2205	49.9	495	243	4	20	511	11	503	8.31e-161	466
WP_062596898.1	STM_v1_0.STM2189	49.0	498	249	4	17	511	8	503	2.70e-159	462
WP_062596898.1	iYL1228.KPN_02587	48.7	487	245	4	28	511	4	488	1.28e-153	447
WP_062596898.1	iML1515.b3749	48.2	496	246	3	20	510	2	491	2.52e-153	446
WP_062596898.1	iYL1228.KPN_04154	48.1	491	254	1	20	510	2	491	2.52e-153	446
WP_062596898.1	iPC815.YPO1508	48.1	495	252	4	20	511	11	503	2.98e-153	446
WP_062596898.1	STM_v1_0.STM3882	48.1	489	253	1	22	510	4	491	2.03e-152	444
WP_062596898.1	iNF517.LLMG_RS04060	46.2	485	259	2	26	510	6	488	2.44e-151	441
WP_062596898.1	iHN637.CLJU_RS00620	45.2	493	267	3	20	510	3	494	6.16e-151	440
WP_062596898.1	iLJ478.TM0956	45.2	500	265	3	20	510	10	509	1.35e-150	440
WP_062596898.1	iYO844.BSU35940	45.8	483	261	1	28	510	8	489	2.03e-150	439
WP_062596898.1	iCN900.CD630_03010	46.7	490	259	2	22	510	5	493	5.18e-148	433
WP_062596898.1	iPC815.YPO3964	46.5	490	259	3	22	510	6	493	3.07e-145	426
WP_062596899.1	iSbBS512_1146.SbBS512_E0816	33.3	336	189	11	2	308	3	332	3.05e-36	132
WP_062596899.1	iNF517.LLMG_RS04070	32.2	289	185	5	18	306	46	323	3.60e-36	132
WP_062596899.1	iML1515.b2150	33.3	336	189	11	2	308	3	332	8.30e-36	131
WP_062596899.1	iSF_1195.SF2235	33.3	336	189	11	2	308	3	332	8.30e-36	131
WP_062596899.1	iSSON_1240.SSON_2206	33.3	336	189	11	2	308	3	332	8.30e-36	131
WP_062596899.1	iYL1228.KPN_04156	31.2	301	193	6	1	297	3	293	1.46e-35	129
WP_062596899.1	iYO844.BSU35960	30.8	279	177	5	22	298	39	303	2.50e-35	129
WP_062596899.1	iPC815.YPO1507	32.9	319	182	10	13	305	21	333	4.68e-35	129
WP_062596899.1	STM_v1_0.STM2190	31.5	336	195	10	2	308	3	332	6.15e-35	129
WP_062596899.1	STM_v1_0.STM3884	30.9	301	194	6	1	297	3	293	4.01e-35	128
WP_062596899.1	iYL1228.KPN_02588	32.0	338	194	11	1	308	11	342	2.90e-33	124
WP_062596899.1	iHN637.CLJU_RS04410	31.7	312	189	7	14	304	26	334	3.61e-33	124
WP_062596899.1	iML1515.b3751	29.6	301	198	6	1	297	3	293	8.50e-33	122
WP_062596901.1	iCN718.ABAYE_RS13105	39.2	189	111	1	3	187	7	195	7.65e-34	122
WP_062596901.1	iMM904.YMR226C	34.0	244	152	5	2	236	13	256	6.41e-31	114
WP_062596901.1	STM_v1_0.STM1511	38.4	237	138	6	4	235	2	235	1.16e-30	113
WP_062596901.1	iAF987.Gmet_1601	31.9	226	151	2	3	225	6	231	3.06e-30	112
WP_062596901.1	iCN718.ABAYE_RS09965	35.5	231	134	5	3	218	8	238	8.39e-30	111
WP_062596901.1	iSF_1195.SF1556	35.9	237	144	5	4	235	2	235	1.24e-29	110
WP_062596908.1	iJN1463.PP_1377	68.3	401	124	3	1	399	1	400	3.37e-179	504
WP_062596908.1	iYL1228.KPN_01540	67.5	400	129	1	1	399	2	401	4.95e-179	503
WP_062596908.1	iJN1463.PP_3280	68.3	398	124	2	3	398	8	405	9.17e-176	495
WP_062596908.1	iYL1228.KPN_01478	65.6	401	136	2	1	399	1	401	1.73e-167	474
WP_062596908.1	iML1515.b1397	65.6	401	136	2	1	399	1	401	4.95e-167	473
WP_062596908.1	iCN718.ABAYE_RS08895	61.6	401	152	2	1	399	1	401	3.96e-162	461
WP_062596908.1	iCN718.ABAYE_RS08700	60.8	401	155	2	1	399	3	403	2.53e-160	456
WP_062596909.1	iJN1463.PP_3952	56.7	208	86	3	10	215	6	211	1.39e-80	239
WP_062596909.1	iYL1228.KPN_01539	56.0	207	90	1	10	215	3	209	3.30e-80	239
WP_062596910.1	iYL1228.KPN_01538	59.5	220	89	0	1	220	2	221	2.36e-91	268
WP_062596910.1	iJN1463.PP_3951	60.6	218	86	0	1	218	2	219	4.28e-90	265
WP_062596913.1	iLJ478.TM1724	32.1	193	125	3	1	188	1	192	3.28e-22	91.7
WP_062596913.1	iJN1463.PP_4862	30.9	188	125	3	6	188	3	190	1.01e-19	85.1
WP_062596913.1	iSDY_1059.SDY_1586	30.9	175	119	2	8	180	3	177	9.14e-20	85.1
WP_062596913.1	iSF_1195.SF1556	30.9	175	119	2	8	180	3	177	9.14e-20	85.1
WP_062596913.1	iML1515.b1539	30.9	175	119	2	8	180	3	177	2.44e-19	84.0
WP_062596913.1	iSSON_1240.SSON_1589	30.9	175	119	2	8	180	3	177	2.44e-19	84.0
WP_062596913.1	STM_v1_0.STM1511	32.0	178	113	3	8	180	3	177	3.38e-19	83.6
WP_062596913.1	iSynCJ816.SGL_RS12965	31.3	198	127	5	1	190	1	197	7.74e-19	82.8
WP_062596916.1	iAT_PLT_636.29958	28.0	858	535	29	3	836	45	843	1.72e-79	274
WP_062596916.1	iMM1415.74129	28.2	863	527	30	3	836	38	836	5.66e-77	267
WP_062596916.1	iCHOv1.100759503	27.7	864	532	30	2	836	42	841	7.76e-76	264
WP_062596917.1	iJN1463.PP_4688	37.0	322	195	3	24	338	24	344	7.52e-51	172
WP_062596917.1	iJN1463.PP_2417	40.6	286	158	6	60	338	58	338	6.99e-50	169
WP_062596917.1	iAF692.Mbar_A1871	36.1	327	185	5	25	337	37	353	4.71e-47	162
WP_062596917.1	iLJ478.TM0079	36.3	284	174	5	57	337	42	321	4.07e-47	161
WP_062596917.1	iPC815.YPO1311	37.2	296	173	5	49	335	64	355	4.15e-45	157
WP_062596917.1	iYO844.BSU33170	33.4	323	202	7	24	338	31	348	9.73e-45	156
WP_062596917.1	iYS854.USA300HOU_RS03505	37.5	288	173	4	52	338	51	332	1.72e-44	155
WP_062596918.1	iJN1463.PP_2418	30.4	313	191	12	6	296	36	343	4.69e-28	111
WP_062596919.1	iJN1463.PP_2416	43.8	235	129	2	3	235	26	259	6.78e-45	150
WP_062596919.1	iJN1463.PP_4687	39.6	240	135	3	3	234	16	253	2.15e-41	141
WP_062596919.1	iPC815.YPO3392	38.7	230	135	2	3	226	25	254	2.99e-40	139
WP_062596919.1	iYL1228.KPN_00166	39.6	230	133	2	3	226	26	255	1.20e-39	137
WP_062596919.1	iYL1228.KPN_00606	37.4	238	143	2	3	234	22	259	2.33e-39	136
WP_062596921.1	iJN1463.PP_2554	47.1	626	324	5	1	621	1	624	4.21e-185	537
WP_062596922.1	STM_v1_0.STM3673	37.7	268	167	0	26	293	23	290	1.35e-60	196
WP_062596922.1	iML1515.b3579	37.1	275	173	0	19	293	16	290	2.69e-60	196
WP_062596923.1	STM_v1_0.STM3672	59.0	420	172	0	1	420	1	420	1.64e-156	448
WP_062596923.1	iML1515.b3578	58.8	420	173	0	1	420	1	420	2.68e-155	445
WP_062596925.1	iYS854.USA300HOU_RS14280	33.4	470	244	16	127	575	50	471	2.19e-43	161
WP_062596925.1	iAF692.Mbar_A1231	33.0	336	191	7	118	442	47	359	9.46e-39	150
WP_062596925.1	iYL1228.KPN_00327	33.3	411	212	13	82	446	18	412	1.04e-38	148
WP_062596925.1	iML1515.b0383	33.2	392	211	11	94	446	28	407	1.80e-38	147
WP_062596925.1	iLJ478.TM0156	28.9	450	265	11	125	573	20	415	9.71e-39	147
WP_062596925.1	iMM1415.11650	28.2	490	268	17	123	579	48	486	1.91e-37	145
WP_062596925.1	iSSON_1240.SSON_0358	33.2	392	211	11	94	446	51	430	1.20e-37	145
WP_062596927.1	iJN1463.PP_4210	38.4	224	133	3	8	227	10	232	2.01e-33	126
WP_062596927.1	iJN1463.PP_3597	40.0	200	114	5	26	222	41	237	1.28e-32	118
WP_062596927.1	iYO844.BSU30420	37.2	183	114	1	19	200	23	205	9.02e-33	118
WP_062596927.1	iCN900.CD630_19470	36.0	200	127	1	20	218	28	227	1.81e-31	114
WP_062596930.1	iLJ478.TM0076	42.8	814	396	10	4	787	3	776	4.91e-209	609
WP_062596931.1	iYS854.USA300HOU_RS00620	28.0	354	245	3	16	362	7	357	2.20e-31	123
WP_062596932.1	iJN1463.PP_3747	46.4	433	201	7	1	426	1	409	1.58e-123	364
WP_062596932.1	iML1515.b4467	45.8	421	208	7	1	419	1	403	3.44e-116	345
WP_062596933.1	iJN1463.PP_3746	37.8	386	187	13	15	399	13	346	2.15e-50	173
WP_062596934.1	iJN1463.PP_3745	48.6	457	227	2	24	472	17	473	9.77e-144	421
WP_062596934.1	iML1515.b2979	47.6	456	238	1	18	472	18	473	3.16e-142	417
WP_062596935.1	iJN1463.PP_5120	46.9	458	235	3	3	460	15	464	1.54e-138	407
WP_062596936.1	iCHOv1.100772204	39.9	536	308	8	4	528	44	576	1.13e-116	357
WP_062596936.1	iMM1415.218865	39.8	540	303	11	4	528	41	573	2.19e-112	345
WP_062596939.1	iEK1008.Rv1288	27.9	147	88	4	165	310	190	319	1.16e-06	50.1
WP_062596940.1	iJN1463.PP_0838	33.6	211	113	5	30	221	27	229	1.15e-22	93.6
WP_062596940.1	iEK1008.Rv1604	33.6	238	134	9	22	248	23	247	7.97e-22	91.3
WP_062596940.1	iYL1228.KPN_02865	29.6	203	127	5	30	221	27	224	1.44e-20	87.8
WP_062596940.1	iLJ478.TM1415	32.4	188	122	2	35	221	6	189	2.08e-20	86.7
WP_062596940.1	iAF987.Gmet_0697	32.5	194	122	6	35	221	31	222	1.26e-19	85.1
WP_062596940.1	iEK1008.Rv2701c	29.5	288	161	7	1	255	1	279	3.74e-19	84.3
WP_062596942.1	STM_v1_0.STM1223	35.2	182	114	4	63	242	40	219	2.04e-19	85.1
WP_062596942.1	iML1515.b1124	30.3	228	154	4	63	289	40	263	4.20e-19	84.3
WP_062596942.1	iYL1228.KPN_01130	31.1	219	146	4	63	280	40	254	4.01e-19	84.3
WP_062596942.1	iSbBS512_1146.SbBS512_E2201	30.3	228	154	4	63	289	40	263	4.20e-19	84.3
WP_062596942.1	iSSON_1240.SSON_1142	30.3	228	154	4	63	289	40	263	4.20e-19	84.3
WP_062596942.1	iSDY_1059.SDY_2028	30.3	228	154	4	63	289	40	263	5.80e-19	84.0
WP_062596942.1	iSF_1195.SF1126	31.1	219	146	4	63	280	40	254	7.99e-19	83.6
WP_062596942.1	iJN1463.PP_3816	26.3	217	158	1	62	278	49	263	5.88e-18	81.3
WP_062596942.1	iJN1463.PP_0414	28.3	180	129	0	63	242	51	230	1.21e-17	80.5
WP_062596942.1	iHN637.CLJU_RS10670	28.8	212	145	2	66	276	45	251	1.29e-16	77.4
WP_062596944.1	STM_v1_0.STM3554	44.7	331	168	5	1	322	1	325	1.34e-85	262
WP_062596944.1	iCN900.CD630_35300	48.8	240	123	0	1	240	1	240	7.19e-82	252
WP_062596944.1	iCN900.CD630_35270	48.8	240	123	0	1	240	1	240	1.44e-81	251
WP_062596944.1	iJN1463.PP_1722	46.7	276	135	1	1	276	1	264	8.61e-80	246
WP_062596944.1	iSbBS512_1146.SbBS512_E3873	45.7	282	149	3	1	279	1	281	1.54e-78	244
WP_062596944.1	iML1515.b3450	45.7	282	149	3	1	279	1	281	2.18e-78	244
WP_062596944.1	iEK1008.Rv1238	45.1	284	150	4	1	279	1	283	1.42e-76	240
WP_062596944.1	iYL1228.KPN_03810	45.2	294	152	5	1	285	1	294	6.89e-77	240
WP_062596944.1	iPC815.YPO3712	47.3	239	126	0	1	239	1	239	1.01e-76	240
WP_062596945.1	iAF987.Gmet_1639	32.4	173	111	4	87	257	9	177	2.11e-13	70.1
WP_062596945.1	iSynCJ816.SGL_RS12595	30.5	220	123	7	143	341	84	294	7.06e-13	68.6
WP_062596947.1	iYL1228.KPN_04624	22.9	319	223	7	36	349	25	325	2.36e-04	42.4
WP_062596948.1	STM_v1_0.STM2189	34.3	495	312	3	5	493	13	500	3.97e-85	271
WP_062596948.1	iPC815.YPO3964	33.5	498	308	6	4	491	5	489	3.15e-84	269
WP_062596948.1	iLJ478.TM0115	32.9	516	319	9	5	504	14	518	9.46e-83	265
WP_062596948.1	iML1515.b2149	33.3	495	317	3	5	493	13	500	2.56e-82	264
WP_062596948.1	iSF_1195.SF2234	33.3	495	317	3	5	493	13	500	2.56e-82	264
WP_062596948.1	iSSON_1240.SSON_2205	33.3	495	317	3	5	493	13	500	2.56e-82	264
WP_062596948.1	iYL1228.KPN_02587	32.9	492	317	3	8	493	1	485	1.02e-80	259
WP_062596948.1	iYO844.BSU35940	30.8	503	327	5	6	499	3	493	2.99e-80	258
WP_062596948.1	iML1515.b3567	34.0	506	303	9	5	491	4	497	5.41e-79	255
WP_062596948.1	iSbBS512_1146.SbBS512_E3955	33.8	506	304	9	5	491	4	497	5.41e-79	255
WP_062596948.1	iPC815.YPO1508	33.4	497	314	5	5	493	13	500	4.52e-79	255
WP_062596948.1	iYL1228.KPN_03931	34.3	502	307	9	5	491	4	497	2.10e-78	254
WP_062596948.1	iSF_1195.SF3611	33.6	506	305	9	5	491	4	497	8.15e-78	252
WP_062596948.1	iML1515.b3749	32.5	499	309	7	5	491	4	486	2.50e-76	248
WP_062596948.1	iYL1228.KPN_04154	33.1	499	306	8	5	491	4	486	3.51e-76	248
WP_062596948.1	iNF517.LLMG_RS04060	31.7	504	320	5	6	499	3	492	2.79e-76	248
WP_062596948.1	iML1515.b4087	32.4	512	312	8	1	490	1	500	2.39e-75	246
WP_062596948.1	iLJ478.TM0956	30.3	502	327	5	5	491	12	505	3.29e-75	246
WP_062596948.1	iML1515.b1513	33.7	511	304	9	4	497	10	502	3.44e-75	245
WP_062596948.1	iML1515.b1900	31.8	488	317	5	2	482	4	482	5.68e-75	244
WP_062596948.1	iSDY_1059.SDY_1121	31.8	488	317	5	2	482	4	482	5.68e-75	244
WP_062596948.1	iHN637.CLJU_RS00620	30.3	511	327	7	1	497	1	496	7.03e-75	244
WP_062596948.1	iSbBS512_1146.SbBS512_E1024	31.8	488	317	5	2	482	4	482	7.97e-75	244
WP_062596949.1	iAF692.Mbar_A3252	28.7	457	287	14	1	453	1	422	6.75e-38	142
WP_062596950.1	iML1515.b2302	29.7	195	124	6	9	195	9	198	2.74e-11	60.5
WP_062596950.1	iJN1463.PP_4619	29.4	197	137	2	1	196	1	196	2.57e-11	60.5
WP_062596952.1	iJN1463.PP_3736	32.5	114	74	1	12	125	9	119	1.20e-08	53.9
WP_062596952.1	iML1515.b2538	32.4	68	45	1	27	93	62	129	6.47e-07	48.9
WP_062596952.1	iSSON_1240.SSON_2620	32.4	68	45	1	27	93	62	129	6.47e-07	48.9
WP_062596954.1	iMM904.YKR031C	24.6	345	158	11	130	379	794	1131	7.30e-12	67.8
WP_062596954.1	iMM1415.18806	21.9	483	245	17	24	386	339	809	3.09e-10	62.4
WP_062596955.1	iHN637.CLJU_RS11425	30.9	359	221	6	1	339	1	352	1.83e-55	184
WP_062596955.1	iCN900.CD630_23230	34.9	347	210	9	1	337	1	341	9.90e-55	182
WP_062596955.1	iJN1463.PP_0552	34.9	315	187	5	21	322	30	339	4.31e-50	170
WP_062596955.1	iLJ478.TM0298	31.9	326	200	6	1	325	1	305	7.68e-50	168
WP_062596956.1	iEK1008.Rv1928c	37.1	256	146	5	4	255	9	253	1.50e-32	119
WP_062596956.1	iAF987.Gmet_1694	36.8	253	145	5	5	254	4	244	3.72e-30	112
WP_062596958.1	STM_v1_0.STM3135	51.4	389	187	2	1	388	1	388	1.62e-143	413
WP_062596958.1	iML1515.b4322	50.6	389	190	2	1	388	1	388	3.73e-142	409
WP_062596958.1	iSF_1195.SF4198	50.4	389	191	2	1	388	1	388	5.29e-142	409
WP_062596958.1	iSSON_1240.SSON_4477	50.4	389	191	2	1	388	1	388	1.51e-141	408
WP_062596958.1	iSbBS512_1146.SbBS512_E4792	50.1	389	192	2	1	388	1	388	9.93e-140	403
WP_062596958.1	iYL1228.KPN_02604	50.8	388	189	2	1	387	1	387	1.51e-139	403
WP_062596958.1	iPC815.YPO1283	47.9	388	200	2	1	387	1	387	6.26e-134	389
WP_062596961.1	iEK1008.Rv2677c	26.3	240	138	8	3	231	2	213	2.67e-07	51.6
WP_062596964.1	iYO844.BSU09530	24.4	316	219	8	11	319	12	314	3.82e-17	80.9
WP_062596964.1	iML1515.b1771	24.5	331	214	8	9	319	10	324	2.27e-16	78.6
WP_062596965.1	iSynCJ816.SGL_RS14915	29.1	388	251	9	28	402	65	441	1.95e-34	132
WP_062596967.1	iAF692.Mbar_A1138	22.7	304	197	11	29	319	4	282	7.12e-07	50.1
WP_062596968.1	iJN1463.PP_3270	41.1	146	81	2	7	147	537	682	1.49e-21	89.4
WP_062596969.1	iCHOv1.100766065	56.3	240	103	1	7	244	6	245	3.18e-83	248
WP_062596970.1	iYL1228.KPN_04788	41.8	201	110	1	71	271	44	237	4.49e-52	170
WP_062596970.1	STM_v1_0.STM1101	41.0	205	114	1	67	271	219	416	1.89e-49	168
WP_062596970.1	iCHOv1.100766004	39.5	205	113	3	73	274	17	213	1.91e-48	160
WP_062596970.1	iSbBS512_1146.SbBS512_E4890	39.3	201	115	1	71	271	223	416	2.36e-45	157
WP_062596970.1	iSF_1195.SF4384	39.3	201	115	1	71	271	223	416	2.36e-45	157
WP_062596970.1	iSSON_1240.SSON_4499	39.3	201	115	1	71	271	223	416	2.36e-45	157
WP_062596971.1	STM_v1_0.STM3697	28.6	259	138	4	96	350	113	328	5.26e-25	105
WP_062596973.1	iYL1228.KPN_04095	66.2	382	129	0	1	382	1	382	2.69e-186	520
WP_062596973.1	iML1515.b4478	65.4	382	132	0	1	382	1	382	1.09e-185	519
WP_062596973.1	STM_v1_0.STM3828	65.4	382	132	0	1	382	1	382	3.12e-185	518
WP_062596974.1	iML1515.b1007	62.3	151	57	0	24	174	9	159	4.00e-62	189
WP_062596974.1	iSDY_1059.SDY_0982	61.9	147	56	0	28	174	1	147	2.57e-60	184
WP_062596974.1	iSF_1195.SF1010	61.2	147	57	0	28	174	1	147	1.04e-59	182
WP_062596974.1	iSSON_1240.SSON_1025	61.2	147	57	0	28	174	1	147	1.04e-59	182
WP_062596975.1	iSF_1195.SF1012	43.5	248	140	0	13	260	13	260	9.39e-65	202
WP_062596975.1	iML1515.b1009	43.1	248	141	0	13	260	13	260	3.76e-64	201
WP_062596975.1	iSSON_1240.SSON_1027	43.1	248	141	0	13	260	13	260	7.52e-64	200
WP_062596976.1	iML1515.b1010	75.4	126	31	0	1	126	1	126	4.63e-69	203
WP_062596976.1	iSDY_1059.SDY_0985	75.4	126	31	0	1	126	1	126	4.63e-69	203
WP_062596976.1	iSF_1195.SF1013	74.6	126	32	0	1	126	1	126	2.20e-67	199
WP_062596977.1	iSSON_1240.SSON_1030	67.0	227	75	0	20	246	17	243	5.92e-115	328
WP_062596977.1	iML1515.b1011	68.6	220	69	0	20	239	3	222	1.48e-114	327
WP_062596977.1	iSF_1195.SF1014	66.5	227	76	0	20	246	17	243	9.76e-114	325
WP_062596978.1	iSF_1195.SF1015	74.7	363	92	0	1	363	20	382	1.28e-205	568
WP_062596978.1	iML1515.b1012	74.4	363	93	0	1	363	20	382	7.39e-205	566
WP_062596978.1	iSDY_1059.SDY_0987	73.6	363	96	0	1	363	20	382	4.95e-203	562
WP_062596983.1	iSF_1195.SF3835	39.4	310	181	5	1	306	6	312	1.76e-55	182
WP_062596983.1	iML1515.b3752	39.4	310	181	5	1	306	1	307	2.17e-55	181
WP_062596983.1	iSSON_1240.SSON_3922	39.4	310	181	5	1	306	1	307	2.17e-55	181
WP_062596983.1	iSbBS512_1146.SbBS512_E4167	39.0	310	182	5	1	306	1	307	8.56e-55	180
WP_062596983.1	iYL1228.KPN_04157	40.1	302	176	4	7	306	10	308	3.47e-54	178
WP_062596983.1	STM_v1_0.STM3885	40.3	300	174	4	7	304	9	305	3.38e-54	178
WP_062596983.1	iJN1463.PP_2458	38.4	302	182	4	1	300	1	300	6.12e-53	175
WP_062596983.1	iSDY_1059.SDY_3995	38.4	310	184	5	1	306	1	307	4.10e-52	173
WP_062596985.1	iCN718.ABAYE_RS04625	50.0	496	241	4	4	499	9	497	4.10e-167	481
WP_062596985.1	STM_v1_0.STM3526	50.0	490	240	3	4	493	1	485	1.49e-166	480
WP_062596985.1	iSDY_1059.SDY_3649	49.4	498	247	3	4	501	1	493	4.11e-166	479
WP_062596985.1	iSbBS512_1146.SbBS512_E3808	49.2	498	248	3	4	501	1	493	2.34e-165	477
WP_062596985.1	iSSON_1240.SSON_3663	49.2	498	248	3	4	501	1	493	2.34e-165	477
WP_062596985.1	iML1515.b3426	49.0	498	249	3	4	501	1	493	3.32e-165	476
WP_062596985.1	iSF_1195.SF3448	49.0	498	249	3	4	501	6	498	3.93e-165	476
WP_062596985.1	iYL1228.KPN_03792	48.8	492	247	3	4	495	1	487	5.57e-164	473
WP_062596985.1	iJN1463.PP_1073	48.9	503	247	5	1	499	7	503	4.61e-158	459
WP_062596985.1	iPC815.YPO3937	49.0	459	229	3	36	494	2	455	1.14e-153	446
WP_062596986.1	STM_v1_0.STM3554	37.9	311	188	3	2	309	4	312	5.93e-60	196
WP_062596986.1	iML1515.b3450	36.1	332	202	4	2	330	4	328	7.70e-57	188
WP_062596986.1	iSynCJ816.SGL_RS17635	33.3	354	219	7	7	348	9	357	5.06e-56	186
WP_062596986.1	iSbBS512_1146.SbBS512_E3873	36.1	332	202	4	2	330	4	328	5.95e-56	186
WP_062596986.1	iYL1228.KPN_03810	34.9	347	221	3	2	345	4	348	3.27e-55	184
WP_062596986.1	iPC815.YPO3793	32.9	350	229	3	2	348	4	350	1.31e-54	182
WP_062596986.1	iJN1463.PP_1018	32.7	361	219	7	2	345	4	357	2.94e-52	177
WP_062596987.1	iEK1008.Rv1238	41.8	273	151	3	1	273	1	265	4.56e-63	206
WP_062596987.1	iYS854.USA300HOU_RS01090	38.6	254	150	2	1	254	1	248	2.39e-62	203
WP_062596987.1	iCN900.CD630_35270	43.4	219	123	1	25	243	19	236	5.75e-61	198
WP_062596987.1	iJN1463.PP_1018	38.3	300	157	5	1	277	1	295	4.69e-60	197
WP_062596987.1	iCN900.CD630_35300	43.4	219	123	1	25	243	19	236	6.33e-60	196
WP_062596987.1	iEK1008.Rv2038c	36.6	306	188	4	1	306	1	300	1.28e-59	196
WP_062596987.1	iPC815.YPO3793	33.2	367	204	8	1	346	1	347	2.53e-59	195
WP_062596987.1	iML1515.b3450	35.6	306	190	4	25	324	20	324	3.47e-59	194
WP_062596987.1	iLJ478.TM0421	34.8	319	199	4	28	338	22	339	1.05e-58	193
WP_062596987.1	iSbBS512_1146.SbBS512_E3873	35.6	306	190	4	25	324	20	324	3.78e-58	192
WP_062596987.1	iCN900.CD630_10240	42.9	203	115	1	40	242	36	237	3.26e-57	189
WP_062596987.1	iCN900.CD630_34170	36.0	275	160	4	1	275	1	259	5.80e-57	189
WP_062596987.1	iYL1228.KPN_03810	34.6	324	191	5	21	324	2	324	1.15e-56	188
WP_062596987.1	STM_v1_0.STM3554	34.0	324	193	5	21	324	2	324	1.15e-56	188
WP_062596987.1	iLJ478.TM1376	41.3	218	127	1	25	242	21	237	2.19e-56	187
WP_062596987.1	iPC815.YPO3712	37.2	253	152	2	1	253	1	246	6.24e-56	186
WP_062596988.1	iCN900.CD630_34160	22.8	276	201	3	7	275	6	276	1.20e-19	86.3
WP_062596988.1	iEK1008.Rv1236	28.1	228	147	5	56	277	75	291	9.41e-18	81.3
WP_062596988.1	iYO844.BSU30280	24.1	274	202	5	6	275	18	289	1.69e-17	80.5
WP_062596988.1	iEK1008.Rv2040c	29.4	194	134	2	84	274	88	281	4.20e-17	79.3
WP_062596991.1	iLJ478.TM1430	58.2	469	194	1	4	472	3	469	4.38e-196	554
WP_062596991.1	iAF987.Gmet_1676	57.8	469	196	1	4	472	3	469	7.24e-191	541
WP_062596991.1	iYO844.BSU09290	54.2	498	225	2	1	497	1	496	1.46e-190	540
WP_062596991.1	iYS854.USA300HOU_RS06545	54.0	491	223	2	1	490	1	489	1.03e-188	536
WP_062596991.1	iYL1228.KPN_04011	53.9	492	224	2	4	494	6	495	4.03e-182	519
WP_062596991.1	STM_v1_0.STM4086	53.5	492	226	2	4	494	6	495	3.16e-181	517
WP_062596991.1	iML1515.b3926	53.0	492	228	2	4	494	6	495	1.68e-178	510
WP_062596991.1	iSbBS512_1146.SbBS512_E4408	53.0	492	228	2	4	494	6	495	1.68e-178	510
WP_062596991.1	iSSON_1240.SSON_4095	53.0	492	228	2	4	494	13	502	2.21e-178	510
WP_062596991.1	iSDY_1059.SDY_3818	52.8	492	229	2	4	494	6	495	9.62e-178	508
WP_062596991.1	iCN900.CD630_13820	52.3	493	232	2	4	495	5	495	4.77e-176	504
WP_062596991.1	iJN1463.PP_1075	53.0	489	223	2	4	492	9	490	5.70e-176	503
WP_062596993.1	iIS312.TCDM_00153	32.7	557	329	12	44	568	46	588	1.19e-55	197
WP_062596993.1	iYL1228.KPN_03498	32.1	524	330	11	42	562	48	548	3.75e-52	186
WP_062596993.1	iSbBS512_1146.SbBS512_E1359	37.1	318	175	1	34	326	35	352	7.83e-54	186
WP_062596993.1	iML1515.b1200	37.1	318	175	1	34	326	35	352	7.83e-54	186
WP_062596993.1	iYL1228.KPN_03495	37.1	318	175	1	34	326	35	352	2.12e-53	185
WP_062596993.1	iSF_1195.SF1203	37.1	318	175	1	34	326	45	362	2.73e-53	185
WP_062596994.1	iML1515.b3662	39.3	369	224	0	23	391	19	387	5.47e-75	238
WP_062596994.1	iJN1463.PP_2647	36.5	397	247	4	2	396	4	397	4.42e-66	215
WP_062596995.1	iLJ478.TM1724	37.5	176	103	2	61	229	69	244	1.68e-35	125
WP_062596995.1	iSynCJ816.SGL_RS07245	35.1	242	143	7	1	229	4	244	4.05e-33	119
WP_062596995.1	iHN637.CLJU_RS20765	33.8	240	145	3	4	229	7	246	1.75e-31	115
WP_062596995.1	iYS854.USA300HOU_RS06185	33.3	240	146	5	4	229	3	242	3.14e-31	114
WP_062596998.1	iSSON_1240.SSON_4212	25.4	351	221	12	74	414	77	396	1.31e-11	65.5
WP_062596998.1	iML1515.b4034	25.4	351	221	12	74	414	77	396	2.32e-11	64.7
WP_062596998.1	iSF_1195.SF4171	25.4	351	221	12	74	414	77	396	2.32e-11	64.7
WP_062596998.1	STM_v1_0.STM4229	24.3	387	233	14	45	414	56	399	4.15e-11	63.9
WP_062596998.1	iYL1228.KPN_04423	24.3	382	239	14	45	414	53	396	1.72e-10	62.0
WP_062596998.1	iPC815.YPO3714	25.0	380	239	16	45	414	60	403	5.51e-10	60.5
WP_062596999.1	iEK1008.Rv1236	37.9	277	166	1	9	285	22	292	4.21e-58	188
WP_062597000.1	iEK1008.Rv1237	38.1	265	163	1	33	296	10	274	4.13e-59	189
WP_062597002.1	iJN1463.PP_0282	36.0	250	155	2	3	252	5	249	9.07e-46	153
WP_062597002.1	iJN1463.PP_3593	36.4	242	147	3	14	253	13	249	2.23e-43	147
WP_062597002.1	iYL1228.KPN_00896	31.6	247	161	4	3	248	9	248	3.00e-40	139
WP_062597003.1	iAF987.Gmet_0069	40.6	180	103	3	254	432	127	303	1.82e-33	127
WP_062597003.1	iAF987.Gmet_2425	43.6	179	95	4	253	430	171	344	4.56e-30	119
WP_062597006.1	iAF987.Gmet_0069	36.1	119	72	2	3	117	5	123	5.25e-12	63.5
WP_062597007.1	iCHOv1.100754792	33.9	690	378	11	7	628	361	1040	4.49e-120	382
WP_062597009.1	iAF987.Gmet_2425	37.8	164	91	4	211	364	182	344	7.38e-24	100
WP_062597009.1	iJN1463.PP_0129	42.3	156	79	4	219	364	488	642	3.14e-22	98.2
WP_062597009.1	iML1515.b1341	40.1	157	86	3	216	365	253	408	1.66e-22	97.8
WP_062597009.1	iSDY_1059.SDY_1050	38.3	162	88	3	219	368	395	556	8.74e-22	96.7
WP_062597009.1	iML1515.b1025	33.3	177	106	3	203	368	269	444	3.46e-21	94.4
WP_062597009.1	iSbBS512_1146.SbBS512_E1077	38.0	158	86	3	219	364	395	552	5.46e-20	91.3
WP_062597012.1	iPC815.YPO3318	74.5	286	72	1	29	313	39	324	2.00e-142	404
WP_062597014.1	iLJ478.TM0955	41.3	317	178	2	24	339	18	327	1.59e-74	233
WP_062597014.1	iYL1228.KPN_04155	43.1	318	168	4	22	339	17	321	3.74e-73	229
WP_062597014.1	iML1515.b3750	42.8	318	169	4	22	339	17	321	1.49e-72	228
WP_062597014.1	iYO844.BSU35950	42.5	315	166	2	22	336	19	318	4.32e-72	226
WP_062597014.1	STM_v1_0.STM3883	41.2	318	174	4	22	339	17	321	7.41e-70	221
WP_062597014.1	iNF517.LLMG_RS04065	41.3	312	168	2	24	335	10	306	1.30e-68	217
WP_062597014.1	iPC815.YPO2499	42.2	313	164	4	28	340	35	330	2.39e-67	214
WP_062597015.1	iAF987.Gmet_0843	30.5	236	144	9	1	231	1	221	3.58e-14	70.5
WP_062597018.1	iJN1463.PP_4523	42.8	306	165	5	40	341	15	314	2.73e-77	239
WP_062597018.1	iMM1415.75986	38.4	365	188	8	8	341	2	360	3.61e-68	218
WP_062597018.1	iCHOv1.100752066	39.8	324	179	6	22	341	39	350	3.85e-68	217
WP_062597021.1	iCN900.CD630_34150	32.1	268	174	3	29	293	24	286	1.21e-43	150
WP_062597021.1	iYO844.BSU28730	33.9	224	145	2	71	293	59	280	5.84e-43	148
WP_062597021.1	iEK1008.Rv2039c	34.0	247	158	3	43	288	32	274	2.23e-42	146
WP_062597021.1	iYO844.BSU06990	30.5	279	186	5	21	293	20	296	7.06e-41	143
WP_062597021.1	iEK1008.Rv2834c	29.1	254	173	2	43	293	25	274	6.88e-39	137
WP_062597022.1	iEK1008.Rv2040c	32.9	286	189	2	30	312	10	295	1.16e-46	159
WP_062597023.1	STM_v1_0.STM4230	46.0	361	187	5	3	358	2	359	1.37e-105	314
WP_062597023.1	iYL1228.KPN_04424	46.0	361	187	5	3	358	2	359	1.93e-105	314
WP_062597023.1	iPC815.YPO3712	45.7	361	188	5	3	358	2	359	7.77e-105	312
WP_062597023.1	iSF_1195.SF4170	45.2	363	189	5	3	358	2	361	1.34e-103	309
WP_062597023.1	iML1515.b4035	44.9	363	190	5	3	358	2	361	7.59e-103	307
WP_062597023.1	iSSON_1240.SSON_4213	44.9	363	190	5	3	358	2	361	7.59e-103	307
WP_062597023.1	iYL1228.KPN_03810	48.9	354	176	4	3	355	2	351	1.52e-101	303
WP_062597023.1	STM_v1_0.STM3554	49.6	359	166	6	3	355	2	351	4.31e-101	302
WP_062597023.1	iPC815.YPO3793	49.2	358	176	4	3	359	2	354	1.79e-100	301
WP_062597023.1	iJN1463.PP_1018	45.9	366	186	5	3	359	2	364	8.40e-100	300
WP_062597023.1	iML1515.b3450	48.7	357	172	5	3	355	2	351	1.39e-99	298
WP_062597023.1	iSbBS512_1146.SbBS512_E3873	48.5	357	173	5	3	355	2	351	2.24e-98	295
WP_062597024.1	iYO844.BSU28720	56.9	501	210	3	2	502	3	497	6.49e-209	587
WP_062597025.1	iJN1463.PP_3599	55.4	298	132	1	1	297	1	298	9.46e-111	323
WP_062597026.1	iJN1463.PP_2694	59.5	472	190	1	4	474	6	477	3.83e-201	566
WP_062597027.1	STM_v1_0.STM3697	29.2	349	211	11	29	368	56	377	9.60e-32	123
WP_062597030.1	iLJ478.TM1063	44.8	232	114	4	26	244	34	264	1.60e-59	191
WP_062597030.1	iJN1463.PP_4150	48.2	226	109	4	26	245	305	528	1.38e-56	188
WP_062597030.1	iYL1228.KPN_00862	44.0	225	119	3	26	244	340	563	2.22e-53	181
WP_062597030.1	iJN1463.PP_0878	42.8	243	132	3	9	245	16	257	1.05e-55	181
WP_062597030.1	STM_v1_0.STM0848	44.7	226	118	3	25	244	342	566	8.80e-53	180
WP_062597030.1	iYS854.USA300HOU_RS01050	41.7	242	132	4	9	242	282	522	2.09e-53	180
WP_062597030.1	iLJ478.TM0057	41.9	234	125	5	21	244	28	260	1.26e-54	178
WP_062597030.1	iLJ478.TM1750	41.3	225	125	3	26	244	36	259	1.94e-54	177
WP_062597030.1	iSDY_1059.SDY_0758	44.4	225	118	3	26	244	332	555	7.73e-51	174
WP_062597030.1	iSF_1195.SF0779	44.4	225	118	3	26	244	332	555	1.07e-50	174
WP_062597030.1	iML1515.b0829	44.4	225	118	3	26	244	343	566	1.72e-50	174
WP_062597030.1	iSbBS512_1146.SbBS512_E2519	44.4	225	118	3	26	244	343	566	1.72e-50	174
WP_062597030.1	iSSON_1240.SSON_0811	44.4	225	118	3	26	244	332	555	1.49e-50	174
WP_062597030.1	iYS854.USA300HOU_RS04905	39.4	251	140	5	4	244	8	256	1.61e-52	172
WP_062597031.1	iML1515.b1486	41.4	333	190	2	6	336	4	333	2.55e-88	268
WP_062597031.1	iSSON_1240.SSON_1638	41.1	333	191	2	6	336	4	333	1.02e-87	266
WP_062597031.1	iYL1228.KPN_03898	40.8	331	192	3	11	338	7	336	1.50e-78	243
WP_062597031.1	iJN1463.PP_0881	40.2	333	196	3	7	338	3	333	2.74e-78	242
WP_062597034.1	STM_v1_0.STM0719	61.1	375	146	0	6	380	5	379	4.80e-176	494
WP_062597038.1	iEK1008.Rv1399c	32.9	216	136	6	18	226	67	280	3.86e-17	79.3
WP_062597038.1	iEK1008.Rv1400c	28.0	225	154	5	8	226	59	281	1.87e-16	77.4
WP_062597038.1	iEK1008.Rv0217c	30.5	210	136	4	17	224	56	257	2.15e-16	77.0
WP_062597040.1	iML1515.b3450	54.3	313	115	4	1	290	1	308	3.99e-107	317
WP_062597040.1	iSbBS512_1146.SbBS512_E3873	57.5	285	98	3	1	262	1	285	4.57e-106	314
WP_062597040.1	iEK1008.Rv1238	54.3	328	107	5	1	293	1	320	2.11e-105	313
WP_062597040.1	iYL1228.KPN_03810	54.0	313	116	4	1	290	1	308	2.61e-105	312
WP_062597040.1	STM_v1_0.STM3554	54.0	313	116	4	1	290	1	308	5.23e-105	311
WP_062597040.1	iPC815.YPO3793	54.0	313	115	4	1	290	1	307	3.08e-104	309
WP_062597040.1	iEK1008.Rv2038c	53.7	313	117	4	1	293	1	305	1.84e-100	300
WP_062597040.1	iEK1008.Rv2832c	52.6	329	130	5	28	334	30	354	8.15e-100	298
WP_062597040.1	iYL1228.KPN_04424	45.8	367	161	5	1	337	1	359	1.75e-98	295
WP_062597040.1	iYS854.USA300HOU_RS01090	63.4	243	88	1	1	242	1	243	4.37e-98	294
WP_062597040.1	STM_v1_0.STM4230	45.5	367	162	5	1	337	1	359	7.02e-98	293
WP_062597040.1	iSF_1195.SF4170	45.4	366	166	4	1	337	1	361	1.50e-97	293
WP_062597040.1	iPC815.YPO3712	45.7	361	162	5	1	332	1	356	1.99e-97	292
WP_062597040.1	iML1515.b4035	45.4	366	166	4	1	337	1	361	3.00e-97	292
WP_062597040.1	iSSON_1240.SSON_4213	45.4	366	166	4	1	337	1	361	3.00e-97	292
WP_062597040.1	iCN900.CD630_34170	48.8	338	163	5	1	335	1	331	1.51e-96	290
WP_062597040.1	iSynCJ816.SGL_RS17635	53.7	285	109	2	1	262	1	285	4.28e-95	286
WP_062597041.1	iCHOv1.100761822	36.9	753	442	13	244	972	276	1019	1.74e-127	413
WP_062597041.1	iMM1415.73744	34.6	841	473	17	227	1003	300	1127	1.38e-120	396
WP_062597046.1	iML1515.b3579	33.5	251	165	2	57	306	53	302	3.31e-40	143
WP_062597046.1	STM_v1_0.STM3673	32.3	251	168	2	57	306	53	302	3.61e-38	138
WP_062597051.1	iML1515.b2047	46.4	252	135	0	214	465	203	454	8.16e-67	221
WP_062597057.1	iJN1463.PP_0281	45.5	224	116	2	8	231	7	224	5.26e-54	173
WP_062597057.1	iSbBS512_1146.SbBS512_E2686	41.7	216	125	1	13	228	4	218	2.29e-49	161
WP_062597057.1	iJN1463.PP_3594	37.8	230	143	0	4	233	5	234	6.27e-49	160
WP_062597057.1	iML1515.b2308	41.2	216	126	1	13	228	4	218	9.13e-49	159
WP_062597057.1	iSDY_1059.SDY_2507	41.2	216	126	1	13	228	4	218	1.29e-48	159
WP_062597057.1	iSSON_1240.SSON_2366	41.2	216	126	1	13	228	4	218	1.29e-48	159
WP_062597057.1	iSF_1195.SF2384	41.2	216	126	1	13	228	4	218	1.82e-48	159
WP_062597057.1	iPC815.YPO2775	40.7	216	127	1	13	228	4	218	7.27e-48	157
WP_062597066.1	iCN718.ABAYE_RS03975	25.6	203	147	3	27	226	10	211	1.83e-12	69.3
WP_062597066.1	iJN1463.PP_0860	23.5	391	270	11	21	405	3	370	6.91e-11	64.3
WP_062597067.1	iJN1463.PP_2406	56.5	285	118	1	5	289	2	280	4.19e-98	289
WP_062597069.1	iAF987.Gmet_1092	30.6	252	151	4	38	273	39	282	2.23e-31	119
WP_062597077.1	iEK1008.Rv1237	31.2	260	175	2	9	265	14	272	2.98e-29	111
WP_062597077.1	iSynCJ816.SGL_RS16650	29.7	222	154	1	46	265	75	296	9.37e-29	110
WP_062597077.1	iYS854.USA300HOU_RS01105	28.7	258	173	4	13	263	22	275	4.78e-28	108
WP_062597078.1	iYS854.USA300HOU_RS09295	36.5	271	165	4	5	272	4	270	6.62e-51	168
WP_062597080.1	iPC815.YPO3712	55.3	318	135	2	1	311	1	318	2.24e-106	317
WP_062597080.1	iML1515.b3450	48.3	360	175	7	1	353	1	356	1.54e-103	309
WP_062597080.1	STM_v1_0.STM3554	48.2	361	174	7	1	353	1	356	1.76e-102	306
WP_062597080.1	iSbBS512_1146.SbBS512_E3873	48.3	360	175	7	1	353	1	356	1.76e-102	306
WP_062597080.1	iYL1228.KPN_03810	46.9	356	177	5	1	349	1	351	1.14e-100	301
WP_062597080.1	STM_v1_0.STM4230	52.8	318	143	2	1	311	1	318	1.95e-99	299
WP_062597080.1	iYL1228.KPN_04424	52.8	320	140	3	1	311	1	318	3.91e-99	298
WP_062597080.1	iSF_1195.SF4170	52.5	326	134	3	1	311	1	320	1.18e-98	297
WP_062597080.1	iPC815.YPO3793	47.7	365	171	8	1	354	1	356	2.15e-98	296
WP_062597080.1	iML1515.b4035	52.1	326	135	3	1	311	1	320	6.69e-98	295
WP_062597080.1	iSSON_1240.SSON_4213	52.1	326	135	3	1	311	1	320	6.69e-98	295
WP_062597080.1	iJN1463.PP_1018	44.6	379	186	8	1	361	1	373	8.04e-97	293
WP_062597082.1	iLJ478.TM0956	44.1	506	275	4	8	507	6	509	1.11e-135	402
WP_062597082.1	iYL1228.KPN_04154	39.3	496	295	1	12	507	2	491	1.19e-123	371
WP_062597082.1	STM_v1_0.STM3882	39.7	496	293	1	12	507	2	491	4.74e-123	369
WP_062597082.1	iHN637.CLJU_RS00620	39.2	500	298	3	12	510	3	497	3.99e-121	364
WP_062597082.1	iLJ478.TM0115	40.7	486	278	2	14	494	14	494	1.52e-120	363
WP_062597082.1	iML1515.b3749	39.1	496	296	1	12	507	2	491	1.20e-120	363
WP_062597087.1	iJN1463.PP_4150	45.1	257	137	3	7	259	6	262	8.56e-61	201
WP_062597087.1	iYO844.BSU12950	44.8	259	139	3	7	261	4	262	1.65e-61	197
WP_062597087.1	STM_v1_0.STM1743	45.2	259	140	2	5	261	15	273	1.65e-61	197
WP_062597087.1	iSSON_1240.SSON_1640	41.9	270	153	3	6	271	4	273	1.07e-60	195
WP_062597087.1	iSDY_1059.SDY_1304	44.7	257	140	2	7	261	19	275	1.94e-60	194
WP_062597087.1	iSF_1195.SF1247	44.7	257	140	2	7	261	19	275	1.94e-60	194
WP_062597087.1	iSSON_1240.SSON_1934	44.7	257	140	2	7	261	19	275	1.94e-60	194
WP_062597087.1	iSSON_1240.SSON_0811	42.1	280	152	4	7	277	1	279	1.04e-57	194
WP_062597087.1	iSbBS512_1146.SbBS512_E2519	42.1	280	152	4	7	277	12	290	1.72e-57	194
WP_062597087.1	iML1515.b0829	42.1	280	152	4	7	277	12	290	2.40e-57	193
WP_062597087.1	iSbBS512_1146.SbBS512_E1415	44.4	257	141	2	7	261	19	275	1.08e-59	192
WP_062597087.1	iSDY_1059.SDY_0758	42.1	280	152	6	7	277	1	279	3.93e-57	192
WP_062597087.1	iML1515.b1246	44.4	257	141	2	7	261	19	275	3.04e-59	191
WP_062597087.1	iYL1228.KPN_02194	44.0	257	142	2	7	261	19	275	1.70e-58	189
WP_062597087.1	iSF_1195.SF0779	41.8	280	153	6	7	277	1	279	5.62e-56	189
WP_062597087.1	iLJ478.TM1749	41.9	265	151	3	7	268	4	268	1.19e-58	189
WP_062597087.1	STM_v1_0.STM0848	40.9	274	152	4	1	265	7	279	9.39e-55	186
WP_062597087.1	iML1515.b2180	41.2	267	151	4	7	269	5	269	3.94e-55	186
WP_062597087.1	STM_v1_0.STM3627	41.9	258	147	3	7	261	3	260	5.70e-57	185
WP_062597087.1	iSbBS512_1146.SbBS512_E1747	40.7	270	156	3	6	271	4	273	5.86e-57	185
WP_062597087.1	iML1515.b1484	40.7	270	156	3	6	271	4	273	8.26e-57	185
WP_062597087.1	iYL1228.KPN_03896	41.5	258	148	3	7	261	3	260	1.13e-56	184
WP_062597087.1	iYS854.USA300HOU_RS01050	42.7	279	155	4	7	281	4	281	1.10e-54	184
WP_062597087.1	iML1515.b3541	40.4	265	155	3	7	268	3	267	1.26e-55	182
WP_062597087.1	iSF_1195.SF3576	40.4	265	155	3	7	268	3	267	1.26e-55	182
WP_062597087.1	iEK1008.Rv1281c	40.2	264	155	3	5	265	2	265	5.91e-53	181
WP_062597087.1	iYL1228.KPN_00862	41.6	269	147	4	7	265	12	280	9.07e-53	181
WP_062597089.1	iYO844.BSU03070	35.3	411	261	2	4	410	7	416	1.92e-67	224
WP_062597092.1	iSynCJ816.SGL_RS17160	42.7	82	47	0	9	90	84	165	8.55e-17	72.8
WP_062597092.1	iYO844.BSU08830	59.3	54	22	0	37	90	110	163	1.05e-15	68.9
WP_062597092.1	iEK1008.Rv2397c	41.0	83	48	1	8	90	86	167	2.06e-15	68.9
WP_062597092.1	iYL1228.KPN_00886	57.4	54	23	0	36	89	144	197	3.15e-15	68.6
WP_062597094.1	iLB1027_lipid.PHATRDRAFT_36390	28.7	181	106	7	1	162	1	177	1.06e-08	53.1
WP_062597115.1	iML1515.b2989	30.6	124	74	6	65	179	92	212	7.12e-07	48.5
WP_062597115.1	iJN1463.PP_4619	26.1	142	97	4	45	179	23	163	2.90e-06	46.2
WP_062597117.1	iPC815.YPO3712	57.9	318	107	5	1	291	1	318	9.59e-111	326
WP_062597117.1	iSF_1195.SF4170	56.3	320	111	3	1	291	1	320	1.45e-110	325
WP_062597117.1	iML1515.b4035	69.2	240	74	0	1	240	1	240	8.27e-110	323
WP_062597117.1	iSSON_1240.SSON_4213	69.2	240	74	0	1	240	1	240	8.27e-110	323
WP_062597117.1	iYL1228.KPN_04424	55.4	325	104	4	1	291	1	318	1.26e-108	320
WP_062597117.1	STM_v1_0.STM4230	55.4	325	104	4	1	291	1	318	1.78e-108	320
WP_062597117.1	STM_v1_0.STM3554	51.3	355	138	6	1	326	1	349	2.69e-107	317
WP_062597117.1	iML1515.b3450	51.4	350	145	6	1	326	1	349	6.18e-106	313
WP_062597117.1	iSbBS512_1146.SbBS512_E3873	51.4	350	145	6	1	326	1	349	3.53e-105	311
WP_062597117.1	iYL1228.KPN_03810	50.9	350	147	4	1	326	1	349	5.71e-104	308
WP_062597117.1	iPC815.YPO3793	53.1	311	123	3	1	288	1	311	9.56e-103	305
WP_062597117.1	iSynCJ816.SGL_RS17635	46.9	356	160	2	1	327	1	356	1.22e-99	297
WP_062597118.1	iYO844.BSU28730	28.6	262	180	4	18	275	23	281	8.84e-28	107
WP_062597118.1	iYO844.BSU30290	28.5	277	189	6	3	275	5	276	1.56e-27	107
WP_062597118.1	iJN1463.PP_1017	29.2	267	178	5	14	275	21	281	3.34e-27	106
WP_062597118.1	iEK1008.Rv1237	32.9	210	137	2	70	275	65	274	4.24e-24	97.8
WP_062597119.1	iEK1008.Rv2040c	34.5	275	171	6	21	289	21	292	7.12e-46	156
WP_062597119.1	iCN900.CD630_25490	32.6	285	182	5	14	291	23	304	2.25e-45	155
WP_062597119.1	iEK1008.Rv2316	33.5	284	183	3	7	288	5	284	4.66e-44	151
WP_062597119.1	iYO844.BSU30280	31.4	296	193	5	2	291	10	301	1.94e-42	147
WP_062597122.1	iEK1008.Rv0386	44.9	49	27	0	760	808	1026	1074	2.20e-04	44.7
WP_062597123.1	iML1515.b1487	29.5	475	314	9	39	504	42	504	9.20e-47	170
WP_062597123.1	iSbBS512_1146.SbBS512_E1750	29.1	475	316	9	39	504	42	504	8.38e-45	164
WP_062597123.1	iSSON_1240.SSON_1637	29.1	475	316	9	39	504	42	504	8.38e-45	164
WP_062597124.1	iSSON_1240.SSON_1639	40.3	288	168	2	3	289	6	290	1.92e-68	214
WP_062597124.1	iML1515.b1485	39.9	288	169	2	3	289	6	290	2.17e-67	211
WP_062597124.1	iSbBS512_1146.SbBS512_E1748	39.9	288	165	3	3	289	6	286	2.45e-65	206
WP_062597124.1	iAF692.Mbar_A0470	42.6	258	145	1	29	286	32	286	3.47e-61	195
WP_062597125.1	iYO844.BSU12950	45.8	264	138	2	5	268	4	262	1.63e-69	218
WP_062597125.1	iJN1463.PP_4150	47.7	262	132	1	5	266	6	262	7.48e-66	214
WP_062597125.1	iJN1463.PP_0879	46.0	274	138	6	5	276	3	268	2.26e-66	209
WP_062597125.1	iYS854.USA300HOU_RS01050	42.7	262	145	2	5	266	4	260	1.91e-60	199
WP_062597125.1	iSSON_1240.SSON_3849	45.0	262	138	3	5	266	3	258	5.81e-62	198
WP_062597125.1	iML1515.b3541	45.0	262	138	3	5	266	3	258	8.20e-62	197
WP_062597125.1	iSF_1195.SF3576	45.0	262	138	3	5	266	3	258	8.20e-62	197
WP_062597125.1	STM_v1_0.STM3627	44.3	262	140	2	5	266	3	258	1.16e-61	197
WP_062597125.1	iPC815.YPO4000	44.7	262	139	3	5	266	3	258	3.17e-61	196
WP_062597126.1	iML1515.b0829	45.5	279	146	4	4	278	312	588	3.71e-69	225
WP_062597126.1	iSbBS512_1146.SbBS512_E2519	45.5	279	146	4	4	278	312	588	3.71e-69	225
WP_062597126.1	iSF_1195.SF0779	45.5	279	146	4	4	278	301	577	3.00e-69	225
WP_062597126.1	iSSON_1240.SSON_0811	45.5	279	146	4	4	278	301	577	3.00e-69	225
WP_062597126.1	STM_v1_0.STM0848	45.5	279	146	4	4	278	312	588	2.00e-68	223
WP_062597126.1	iSDY_1059.SDY_0758	45.2	279	147	4	4	278	301	577	6.24e-68	221
WP_062597126.1	iEK1008.Rv1281c	46.9	254	129	2	5	256	355	604	1.91e-65	215
WP_062597126.1	iLJ478.TM1750	44.2	283	145	6	4	282	12	285	6.34e-68	214
WP_062597126.1	iYL1228.KPN_00862	45.6	259	135	4	4	257	309	566	4.45e-64	211
WP_062597126.1	iLJ478.TM0057	43.0	284	149	6	5	279	3	282	1.34e-66	211
WP_062597126.1	iLJ478.TM1063	46.8	267	124	7	5	256	3	266	2.30e-65	207
WP_062597126.1	iYS854.USA300HOU_RS04905	42.0	276	150	5	5	275	7	277	1.64e-64	204
WP_062597126.1	iSSON_1240.SSON_3850	39.1	279	164	3	4	279	11	286	8.39e-64	203
WP_062597126.1	iSDY_1059.SDY_4563	39.1	279	164	3	4	279	11	286	1.18e-63	203
WP_062597127.1	iCN900.CD630_17180	45.3	514	256	3	1	512	1	491	9.98e-149	434
WP_062597133.1	iEK1008.Rv0386	40.0	55	33	0	154	208	1026	1080	8.12e-05	42.7
WP_062597136.1	iAF987.Gmet_0957	33.8	497	314	6	137	620	128	622	1.22e-81	269
WP_062597136.1	iAF987.Gmet_0782	36.3	433	264	5	195	617	294	724	1.06e-80	269
WP_062597136.1	iAF987.Gmet_0700	37.1	434	263	3	195	619	387	819	2.53e-79	267
WP_062597136.1	iJN1463.PP_3581	34.3	534	313	10	110	621	171	688	7.07e-76	255
WP_062597136.1	iJN1463.PP_1144	35.6	432	268	5	195	617	282	712	7.86e-75	254
WP_062597136.1	iAF987.Gmet_3085	34.7	426	265	5	203	617	460	883	1.46e-73	253
WP_062597136.1	iAF987.Gmet_2629	35.8	444	270	7	195	626	378	818	4.53e-74	253
WP_062597136.1	iAF987.Gmet_0987	34.6	442	275	6	195	624	353	792	3.95e-73	250
WP_062597141.1	iJN1463.PP_4867	43.6	344	184	5	26	363	27	366	9.93e-84	259
WP_062597141.1	STM_v1_0.STM3567	42.2	346	194	4	24	367	19	360	1.20e-81	253
WP_062597141.1	iSF_1195.SF3478	41.1	343	197	3	27	368	44	382	1.98e-79	248
WP_062597141.1	iSbBS512_1146.SbBS512_E3862	41.2	342	196	3	27	367	25	362	1.60e-79	248
WP_062597141.1	iYL1228.KPN_03822	40.4	342	199	3	27	367	25	362	2.26e-79	247
WP_062597141.1	iJN1463.PP_1141	41.2	340	197	3	28	366	26	363	2.54e-79	247
WP_062597141.1	iSDY_1059.SDY_3611	40.9	342	197	3	27	367	44	381	5.56e-79	247
WP_062597141.1	iML1515.b3460	40.9	342	197	3	27	367	25	362	4.51e-79	246
WP_062597141.1	iSSON_1240.SSON_3698	40.9	342	197	3	27	367	44	381	7.85e-79	246
WP_062597141.1	iPC815.YPO3808	39.2	347	208	3	27	371	26	371	1.60e-77	243
WP_062597141.1	iML1515.b3458	39.2	339	203	2	27	364	25	361	1.88e-75	237
WP_062597141.1	iSbBS512_1146.SbBS512_E3864	39.2	339	203	2	27	364	25	361	1.88e-75	237
WP_062597141.1	iSSON_1240.SSON_3696	39.2	339	203	2	27	364	25	361	1.88e-75	237
WP_062597141.1	iSDY_1059.SDY_3607	39.2	339	203	2	27	364	25	361	2.65e-75	237
WP_062597141.1	iSF_1195.SF3476	39.2	339	203	2	27	364	25	361	2.65e-75	237
WP_062597146.1	iCHOv1.100768542	29.2	130	76	5	132	256	286	404	1.13e-05	45.8
WP_062597146.1	iAT_PLT_636.6821	28.6	147	83	7	121	256	276	411	3.59e-05	44.3
WP_062597146.1	iMM1415.211389	29.2	130	76	5	132	256	287	405	3.58e-05	44.3
WP_062597153.1	iML1515.b4476	39.1	448	260	4	13	460	6	440	3.64e-91	283
WP_062597153.1	iSDY_1059.SDY_3587	39.1	448	260	4	13	460	6	440	3.64e-91	283
WP_062597153.1	iSbBS512_1146.SbBS512_E3889	38.8	448	261	4	13	460	6	440	2.03e-90	281
WP_062597153.1	STM_v1_0.STM3541	39.1	448	260	4	13	460	6	440	5.70e-90	280
WP_062597153.1	iJN1463.PP_3417	38.6	430	253	4	24	453	21	439	1.41e-88	277
WP_062597153.1	iSSON_1240.SSON_3678	38.4	448	263	4	13	460	6	440	3.51e-88	276
WP_062597153.1	iSF_1195.SF3458	38.2	429	252	4	32	460	4	419	3.31e-86	270
WP_062597153.1	STM_v1_0.STM3512	38.8	451	255	7	13	459	3	436	9.56e-86	269
WP_062597153.1	iYL1228.KPN_03800	38.9	427	248	4	34	460	2	415	8.26e-86	269
WP_062597153.1	iML1515.b3415	38.7	442	253	6	13	453	3	427	2.68e-85	268
WP_062597153.1	iSbBS512_1146.SbBS512_E3796	38.7	442	253	6	13	453	3	427	2.68e-85	268
WP_062597153.1	iSF_1195.SF3438	39.1	442	251	7	13	453	3	427	2.68e-85	268
WP_062597153.1	iSSON_1240.SSON_3547	38.7	442	253	6	13	453	3	427	2.68e-85	268
WP_062597153.1	iYS854.USA300HOU_RS13570	37.3	442	268	4	13	453	8	441	1.56e-84	266
WP_062597153.1	iSDY_1059.SDY_3661	38.5	442	254	6	13	453	3	427	2.09e-84	266
WP_062597153.1	iYO844.BSU40070	38.5	449	254	10	13	453	3	437	2.17e-83	263
WP_062597153.1	STM_v1_0.STM4482	38.1	441	257	4	13	453	3	427	5.69e-81	257
WP_062597153.1	iPC815.YPO3954	37.8	450	261	7	13	459	3	436	7.79e-81	256
WP_062597154.1	iAF987.Gmet_0700	39.0	205	123	1	158	360	362	566	9.32e-32	126
WP_062597154.1	iAF987.Gmet_2629	32.8	229	151	2	130	355	324	552	8.50e-30	120
WP_062597158.1	iCN718.ABAYE_RS09965	41.7	259	149	2	1	258	2	259	1.69e-62	196
WP_062597159.1	iEK1008.Rv1928c	40.5	252	146	4	11	261	6	254	5.04e-55	177
WP_062597160.1	iHN637.CLJU_RS00620	42.7	496	278	4	1	491	1	495	2.31e-126	377
WP_062597160.1	iNF517.LLMG_RS04060	44.6	496	256	6	6	491	3	489	1.48e-125	374
WP_062597160.1	iPC815.YPO3964	42.4	491	279	4	4	491	5	494	1.91e-121	364
WP_062597160.1	iML1515.b3749	42.9	494	272	6	3	490	2	491	4.49e-121	363
WP_062597160.1	iYO844.BSU35940	42.3	489	278	4	6	491	3	490	7.00e-121	362
WP_062597160.1	STM_v1_0.STM3882	42.5	492	273	5	5	490	4	491	7.14e-120	360
WP_062597160.1	iYL1228.KPN_04154	42.3	494	275	6	3	490	2	491	2.27e-118	356
WP_062597160.1	iPC815.YPO2256	41.8	500	272	8	4	492	18	509	4.96e-117	353
WP_062597160.1	iLJ478.TM0956	43.4	498	270	5	5	490	12	509	2.79e-116	352
WP_062597160.1	iSbBS512_1146.SbBS512_E1024	41.1	491	284	4	4	490	6	495	4.43e-116	350
WP_062597160.1	iML1515.b1900	41.1	491	284	4	4	490	6	495	4.97e-115	348
WP_062597160.1	iSDY_1059.SDY_1121	41.1	491	284	4	4	490	6	495	4.97e-115	348
WP_062597160.1	iSSON_1240.SSON_1218	40.9	491	285	4	4	490	6	495	1.40e-114	347
WP_062597160.1	iJN1463.PP_2455	44.8	471	253	6	5	470	16	484	5.69e-113	343
WP_062597160.1	iPC815.YPO0958	39.7	494	292	4	1	490	1	492	2.14e-112	341
WP_062597160.1	iML1515.b4087	40.9	506	283	6	1	490	1	506	1.18e-111	339
WP_062597161.1	iYO844.BSU35960	33.5	257	166	3	29	285	40	291	9.65e-41	143
WP_062597161.1	iML1515.b3751	33.3	291	190	4	8	298	9	295	1.74e-38	137
WP_062597161.1	iYL1228.KPN_04156	33.2	286	184	5	8	290	9	290	2.44e-38	137
WP_062597161.1	iNF517.LLMG_RS04070	29.8	275	189	3	29	303	51	321	9.00e-38	136
WP_062597161.1	STM_v1_0.STM3884	32.6	291	192	4	8	298	9	295	5.07e-37	133
WP_062597162.1	iPC815.YPO2499	42.5	332	181	4	1	324	1	330	1.58e-69	219
WP_062597162.1	iYL1228.KPN_04155	49.0	306	140	6	27	323	23	321	6.05e-67	212
WP_062597162.1	iML1515.b3750	49.2	303	144	5	27	323	23	321	8.54e-67	212
WP_062597162.1	STM_v1_0.STM3883	48.4	306	142	6	27	323	23	321	3.79e-65	207
WP_062597162.1	iNF517.LLMG_RS04065	43.5	310	170	4	18	325	6	312	5.29e-63	202
WP_062597162.1	iHN637.CLJU_RS00625	42.9	301	169	2	25	325	23	320	1.40e-62	201
WP_062597163.1	iLJ478.TM0954	46.9	271	140	2	2	269	8	277	1.39e-85	256
WP_062597163.1	iHN637.CLJU_RS01495	45.3	267	143	1	2	265	4	270	2.80e-77	235
WP_062597164.1	iAF987.Gmet_0552	49.5	305	154	0	14	318	8	312	5.82e-94	281
WP_062597164.1	iLJ478.TM0953	49.2	295	150	0	14	308	6	300	1.17e-87	265
WP_062597165.1	iPC815.YPO3312	43.6	491	263	6	4	482	6	494	2.23e-127	379
WP_062597166.1	iHN637.CLJU_RS11915	24.4	311	233	2	7	317	13	321	1.25e-24	101
WP_062597169.1	iCN900.CD630_07170	28.8	177	104	6	136	302	3	167	1.64e-06	48.9
WP_062597172.1	iCN718.ABAYE_RS19040	23.5	247	180	5	58	304	63	300	2.61e-05	45.1
WP_062597172.1	iJN1463.PP_0237	25.7	191	132	7	72	261	68	249	3.47e-05	44.7
WP_062597173.1	iJN1463.PP_3219	26.4	216	133	5	77	291	55	245	7.01e-15	75.5
WP_062597176.1	iLJ478.TM1724	39.4	251	144	5	3	251	2	246	1.79e-41	142
WP_062597176.1	iNF517.LLMG_RS08950	38.7	248	145	6	4	251	3	243	4.37e-38	133
WP_062597176.1	iSynCJ816.SGL_RS07245	37.5	251	148	5	1	249	1	244	3.76e-37	130
WP_062597176.1	iAF987.Gmet_1531	33.6	253	159	5	1	251	1	246	3.06e-36	128
WP_062597180.1	iEK1008.Rv0564c	32.5	234	139	5	73	302	75	293	2.17e-22	95.9
WP_062597180.1	iSbBS512_1146.SbBS512_E4036	31.9	304	174	10	2	295	6	286	2.91e-22	95.5
WP_062597180.1	iML1515.b3608	31.9	304	174	10	2	295	6	286	5.46e-22	94.7
WP_062597180.1	iYL1228.KPN_03952	31.3	316	184	10	2	307	6	298	5.46e-22	94.7
WP_062597180.1	iSDY_1059.SDY_4041	31.9	304	174	10	2	295	6	286	5.46e-22	94.7
WP_062597180.1	iSF_1195.SF3647	31.9	304	174	10	2	295	6	286	5.46e-22	94.7
WP_062597180.1	iSSON_1240.SSON_3797	31.9	304	174	10	2	295	6	286	5.46e-22	94.7
WP_062597180.1	iYS854.USA300HOU_RS07540	28.8	306	198	8	1	302	1	290	6.19e-21	91.7
WP_062597180.1	iPC815.YPO0068	30.8	315	187	8	2	307	6	298	1.26e-20	90.9
WP_062597180.1	iAF987.Gmet_0008	30.9	301	182	9	6	299	7	288	2.25e-20	90.1
WP_062597180.1	iNF517.LLMG_RS05655	28.1	303	194	8	4	300	6	290	1.15e-19	88.2
WP_062597180.1	STM_v1_0.STM3700	30.9	304	177	10	2	295	6	286	1.52e-19	87.8
WP_062597180.1	iYO844.BSU22830	27.6	352	222	13	1	345	1	326	3.02e-19	87.0
WP_062597181.1	iCN718.ABAYE_RS09965	31.5	257	166	4	431	677	3	259	4.25e-21	93.2
WP_062597181.1	iAF987.Gmet_1531	33.3	195	122	3	433	622	4	195	6.15e-21	92.4
WP_062597181.1	iEK1008.Rv1483	30.8	253	154	5	427	675	7	242	1.47e-20	91.3
WP_062597181.1	iEK1008.Rv1350	32.3	195	124	4	433	622	5	196	4.15e-19	87.0
WP_062597181.1	iHN637.CLJU_RS17225	29.7	256	153	5	433	675	6	247	3.66e-18	84.3
WP_062597182.1	iPC815.YPO3793	46.3	356	188	3	1	354	1	355	2.48e-102	305
WP_062597182.1	STM_v1_0.STM3554	46.5	361	181	5	1	354	1	356	7.79e-101	301
WP_062597182.1	iYL1228.KPN_03810	46.6	358	183	4	1	353	1	355	3.13e-100	300
WP_062597182.1	iML1515.b3450	46.0	359	186	4	1	354	1	356	7.14e-99	296
WP_062597182.1	iSbBS512_1146.SbBS512_E3873	46.2	359	185	4	1	354	1	356	7.14e-99	296
WP_062597182.1	iPC815.YPO3712	45.5	367	177	4	1	352	1	359	1.73e-97	293
WP_062597182.1	iYS854.USA300HOU_RS01090	58.3	247	102	1	1	246	1	247	4.93e-96	289
WP_062597182.1	iEK1008.Rv1238	44.2	387	183	6	1	354	1	387	6.64e-95	287
WP_062597182.1	iSynCJ816.SGL_RS17635	43.3	363	196	4	1	354	1	362	7.44e-95	286
WP_062597182.1	iJN1463.PP_1018	42.7	365	198	4	1	354	1	365	2.85e-94	285
WP_062597182.1	iSF_1195.SF4170	43.1	369	185	4	1	352	1	361	2.17e-93	283
WP_062597182.1	iYL1228.KPN_04424	42.5	367	188	4	1	352	1	359	5.76e-93	281
WP_062597182.1	iML1515.b4035	43.1	369	185	4	1	352	1	361	8.67e-93	281
WP_062597182.1	iSSON_1240.SSON_4213	43.1	369	185	4	1	352	1	361	8.67e-93	281
WP_062597182.1	STM_v1_0.STM4230	42.9	359	198	3	1	352	1	359	1.15e-92	281
WP_062597183.1	iMM904.YMR226C	31.9	257	143	7	4	239	13	258	5.28e-29	109
WP_062597183.1	STM_v1_0.STM1511	39.1	179	105	3	6	180	2	180	9.66e-29	108
WP_062597183.1	iYL1228.KPN_01590	30.7	244	156	4	6	241	2	240	1.38e-28	108
WP_062597183.1	iSF_1195.SF1556	30.3	244	157	4	6	241	2	240	5.21e-28	106
WP_062597183.1	iJN1463.PP_4862	39.3	183	102	4	9	183	7	188	1.16e-27	105
WP_062597183.1	iSDY_1059.SDY_1586	30.3	244	157	4	6	241	2	240	1.43e-27	105
WP_062597183.1	iSbBS512_1146.SbBS512_E1701	30.3	244	157	4	6	241	2	240	2.81e-27	104
WP_062597183.1	iML1515.b1539	30.3	244	157	4	6	241	2	240	3.93e-27	104
WP_062597183.1	iSSON_1240.SSON_1589	30.3	244	157	4	6	241	2	240	3.93e-27	104
WP_062597184.1	iCN900.CD630_34140	27.1	144	91	5	186	323	141	276	4.06e-07	52.0
WP_062597185.1	iEK1008.Rv1237	35.6	208	131	2	86	290	66	273	6.63e-33	121
WP_062597186.1	iLJ478.TM1121	30.3	274	187	3	15	287	20	290	3.52e-33	123
WP_062597186.1	iEK1008.Rv1236	31.0	271	176	5	21	289	32	293	4.17e-31	117
WP_062597187.1	iJN1463.PP_1073	51.7	511	232	6	2	512	13	508	7.33e-159	462
WP_062597187.1	STM_v1_0.STM3526	49.4	502	236	5	7	506	5	490	4.15e-155	452
WP_062597187.1	iYL1228.KPN_03792	48.7	503	240	5	7	507	5	491	1.34e-153	448
WP_062597187.1	iSDY_1059.SDY_3649	48.1	501	246	5	7	507	5	491	2.97e-152	444
WP_062597187.1	iML1515.b3426	47.8	506	250	5	7	512	5	496	1.19e-151	443
WP_062597187.1	iSF_1195.SF3448	47.9	501	247	5	7	507	10	496	5.64e-151	441
WP_062597187.1	iSSON_1240.SSON_3663	47.9	501	247	5	7	507	5	491	4.78e-151	441
WP_062597187.1	iSbBS512_1146.SbBS512_E3808	47.9	501	247	5	7	507	5	491	6.77e-151	441
WP_062597187.1	iCN718.ABAYE_RS04625	49.0	506	240	6	5	509	11	499	1.76e-149	437
WP_062597187.1	iPC815.YPO3937	47.3	484	237	5	34	515	1	468	2.14e-142	418
WP_062597189.1	iAF692.Mbar_A0291	26.8	265	181	4	56	315	31	287	6.56e-15	75.5
WP_062597190.1	iHN637.CLJU_RS11915	28.8	309	201	9	32	329	22	322	4.05e-23	97.4
WP_062597191.1	iHN637.CLJU_RS08965	28.2	486	339	4	9	488	4	485	9.03e-60	204
WP_062597191.1	iYO844.BSU17610	30.1	495	329	7	6	492	2	487	9.64e-56	193
WP_062597192.1	iJN1463.PP_0328	71.4	399	110	1	1	395	1	399	6.78e-204	566
WP_062597193.1	iYL1228.KPN_01195	28.2	255	158	9	39	284	41	279	2.37e-15	74.3
WP_062597193.1	iML1515.b1771	25.6	305	181	6	14	276	10	310	6.74e-14	70.5
WP_062597193.1	STM_v1_0.STM1288	27.1	266	168	9	29	284	21	270	3.05e-13	68.2
WP_062597198.1	STM_v1_0.STM3334	28.2	401	248	10	18	392	19	405	3.06e-33	128
WP_062597198.1	iYL1228.KPN_00632	30.4	362	226	8	27	370	26	379	4.48e-32	125
WP_062597198.1	iPC815.YPO0162	28.9	377	232	9	18	370	29	393	8.62e-32	124
WP_062597198.1	iYL1228.KPN_03751	28.3	414	260	10	4	392	5	406	2.36e-31	123
WP_062597198.1	iML1515.b0337	28.2	401	250	9	18	393	20	407	2.73e-31	123
WP_062597198.1	iJN1463.PP_3189	29.2	370	224	10	25	368	21	378	2.66e-29	117
WP_062597199.1	iYL1228.KPN_02455	33.0	221	143	2	31	250	376	592	2.61e-26	113
WP_062597199.1	iAF987.Gmet_1989	36.0	175	104	4	416	587	259	428	2.75e-26	111
WP_062597199.1	iJN1463.PP_1144	31.8	239	161	2	21	258	473	710	5.22e-25	109
WP_062597199.1	iAF987.Gmet_0700	35.4	237	137	7	31	257	588	818	1.01e-24	108
WP_062597199.1	iAF987.Gmet_3085	34.1	226	136	6	31	249	654	873	2.57e-24	107
WP_062597199.1	iAF987.Gmet_0782	33.3	225	139	4	31	249	495	714	2.01e-23	104
WP_062597199.1	iAF987.Gmet_0945	34.2	193	118	5	405	595	118	303	5.36e-24	102
WP_062597201.1	iCN718.ABAYE_RS13900	72.5	531	142	4	3	530	4	533	1.55e-277	764
WP_062597202.1	iML1515.b4478	33.8	391	234	11	1	377	1	380	4.12e-54	182
WP_062597202.1	STM_v1_0.STM3828	33.0	391	237	10	1	377	1	380	1.14e-53	181
WP_062597202.1	iYL1228.KPN_04095	33.1	393	234	11	1	377	1	380	4.40e-53	180
WP_062597204.1	iML1515.b1487	28.0	507	326	15	21	515	21	500	7.91e-38	145
WP_062597204.1	iSbBS512_1146.SbBS512_E1750	27.5	512	322	16	21	515	21	500	9.63e-37	142
WP_062597204.1	iSSON_1240.SSON_1637	27.6	507	328	15	21	515	21	500	6.22e-36	140
WP_062597204.1	iML1515.b3544	27.8	478	305	14	61	515	60	520	4.94e-35	137
WP_062597204.1	iSSON_1240.SSON_3846	27.8	478	305	14	61	515	60	520	4.94e-35	137
WP_062597204.1	iSDY_1059.SDY_4567	27.6	478	306	14	61	515	60	520	9.14e-35	137
WP_062597204.1	iSF_1195.SF3579	27.6	478	306	14	61	515	60	520	9.14e-35	137
WP_062597204.1	iYL1228.KPN_03899	26.6	478	311	14	61	515	51	511	7.15e-34	134
WP_062597204.1	iML1515.b0830	26.3	491	321	15	1	481	5	464	8.36e-34	134
WP_062597204.1	iSSON_1240.SSON_0812	25.7	491	324	14	1	481	5	464	1.14e-33	133
WP_062597204.1	iSbBS512_1146.SbBS512_E2518	25.7	491	324	14	1	481	5	464	1.55e-33	133
WP_062597204.1	iSDY_1059.SDY_0757	25.5	491	325	14	1	481	5	464	2.86e-33	132
WP_062597204.1	iYL1228.KPN_00863	27.6	384	258	8	14	395	12	377	3.93e-33	132
WP_062597204.1	iSF_1195.SF0780	25.5	491	325	14	1	481	5	464	3.88e-33	132
WP_062597205.1	iYO844.BSU12950	45.6	263	140	3	9	268	1	263	9.54e-73	226
WP_062597205.1	iSDY_1059.SDY_1304	43.4	274	152	3	10	281	17	289	2.30e-68	215
WP_062597205.1	iSF_1195.SF1247	43.4	274	152	3	10	281	17	289	2.30e-68	215
WP_062597205.1	iSSON_1240.SSON_1934	43.4	274	152	3	10	281	17	289	3.25e-68	214
WP_062597205.1	iSbBS512_1146.SbBS512_E1415	43.4	274	152	3	10	281	17	289	6.48e-68	214
WP_062597205.1	STM_v1_0.STM1743	44.4	266	145	3	5	268	10	274	8.65e-68	213
WP_062597205.1	STM_v1_0.STM3627	46.1	269	141	4	12	277	3	270	6.88e-68	213
WP_062597205.1	iYL1228.KPN_03896	46.1	269	141	4	12	277	3	270	9.72e-68	213
WP_062597205.1	iSbBS512_1146.SbBS512_E2519	43.1	290	156	5	1	282	1	289	9.88e-65	213
WP_062597205.1	iML1515.b1246	43.4	274	152	3	10	281	17	289	1.83e-67	213
WP_062597205.1	iML1515.b0829	42.8	290	157	5	1	282	1	289	2.70e-64	212
WP_062597205.1	iYL1228.KPN_02194	43.4	272	151	3	12	281	19	289	3.65e-67	212
WP_062597205.1	iSDY_1059.SDY_0758	44.1	279	147	6	12	282	1	278	3.11e-64	211
WP_062597205.1	iSSON_1240.SSON_0811	43.7	279	148	5	12	282	1	278	4.35e-64	211
WP_062597205.1	iPC815.YPO4000	45.1	268	145	2	12	277	3	270	1.06e-66	210
WP_062597205.1	iML1515.b3541	45.7	269	142	4	12	277	3	270	1.54e-66	210
WP_062597205.1	iSF_1195.SF3576	45.7	269	142	4	12	277	3	270	1.54e-66	210
WP_062597205.1	iSDY_1059.SDY_4564	45.7	269	142	4	12	277	3	270	3.08e-66	209
WP_062597205.1	iSSON_1240.SSON_3849	45.7	269	142	4	12	277	3	270	4.35e-66	209
WP_062597205.1	iSF_1195.SF0779	43.7	279	148	6	12	282	1	278	4.56e-63	208
WP_062597205.1	iLJ478.TM1749	44.3	255	138	4	12	263	4	257	1.26e-64	205
WP_062597205.1	iML1515.b1484	41.9	270	154	3	11	277	4	273	2.82e-64	204
WP_062597205.1	iLJ478.TM1064	40.7	275	157	4	12	280	4	278	4.46e-64	204
WP_062597206.1	iML1515.b1007	62.2	156	59	0	17	172	4	159	3.34e-64	194
WP_062597206.1	iSDY_1059.SDY_0982	62.6	147	55	0	26	172	1	147	5.01e-61	186
WP_062597206.1	iSF_1195.SF1010	62.6	147	55	0	26	172	1	147	1.01e-60	185
WP_062597206.1	iSSON_1240.SSON_1025	61.9	147	56	0	26	172	1	147	2.88e-60	184
WP_062597207.1	iYL1228.KPN_01770	36.7	150	83	4	1	145	309	451	5.57e-17	76.6
WP_062597228.1	iYL1228.KPN_02455	36.1	410	256	4	290	693	182	591	1.81e-76	257
WP_062597228.1	iAF987.Gmet_0700	36.3	424	256	7	293	703	395	817	1.47e-69	243
WP_062597228.1	iAF987.Gmet_0957	36.6	424	242	9	293	696	196	612	7.77e-70	240
WP_062597228.1	iAF987.Gmet_0987	36.5	417	247	7	293	694	361	774	2.90e-66	233
WP_062597233.1	iLJ478.TM1724	39.7	247	141	4	3	246	2	243	3.07e-48	159
WP_062597233.1	iMM1415.14979	39.1	256	139	5	3	246	6	256	4.14e-42	144
WP_062597235.1	iPC815.YPO3318	29.2	264	165	9	1	256	7	256	1.29e-12	67.4
WP_062597235.1	iYO844.BSU35960	21.8	225	165	5	31	254	36	250	9.05e-12	64.7
WP_062597239.1	STM_v1_0.STM3248	35.0	274	175	2	7	278	5	277	1.47e-47	160
WP_062597239.1	iSF_1195.SF3162	36.8	239	148	2	7	243	8	245	5.24e-45	154
WP_062597239.1	iML1515.b3125	36.4	239	149	2	7	243	3	240	2.54e-44	152
WP_062597239.1	iSbBS512_1146.SbBS512_E3233	36.4	239	149	2	7	243	3	240	2.54e-44	152
WP_062597239.1	iSSON_1240.SSON_3280	36.4	239	149	2	7	243	8	245	2.88e-44	152
WP_062597239.1	iSDY_1059.SDY_3319	36.0	239	150	2	7	243	8	245	7.99e-44	151
WP_062597239.1	iYL1228.KPN_03537	36.0	239	150	2	7	243	5	242	5.71e-43	149
WP_062597240.1	iJN1463.PP_4298	38.4	258	154	3	2	254	3	260	8.98e-52	169
WP_062597240.1	iSbBS512_1146.SbBS512_E3135	39.4	251	147	2	2	247	3	253	9.51e-51	166
WP_062597240.1	STM_v1_0.STM0518	34.0	256	164	2	1	251	2	257	1.87e-47	157
WP_062597241.1	iML1515.b2738	42.3	201	116	0	4	204	8	208	8.01e-51	163
WP_062597241.1	iSbBS512_1146.SbBS512_E3136	42.3	201	116	0	4	204	8	208	8.01e-51	163
WP_062597241.1	iSSON_1240.SSON_2886	42.3	201	116	0	4	204	8	208	8.01e-51	163
WP_062597241.1	STM_v1_0.STM2916	41.6	202	118	0	3	204	7	208	9.09e-50	160
WP_062597241.1	iYL1228.KPN_01603	44.3	192	105	2	1	192	1	190	1.57e-46	152
WP_062597243.1	iSF_1195.SF3162	32.9	289	192	2	1	288	6	293	1.91e-38	137
WP_062597243.1	iML1515.b3125	32.5	289	193	2	1	288	1	288	2.38e-38	136
WP_062597243.1	iSbBS512_1146.SbBS512_E3233	32.5	289	193	2	1	288	1	288	2.38e-38	136
WP_062597243.1	STM_v1_0.STM3248	32.2	289	194	2	1	288	3	290	9.64e-38	135
WP_062597243.1	iSDY_1059.SDY_3319	32.2	289	194	2	1	288	6	293	1.45e-37	134
WP_062597243.1	iYL1228.KPN_03537	31.8	289	195	2	1	288	3	290	7.30e-37	132
WP_062597243.1	iSSON_1240.SSON_3280	32.2	289	194	2	1	288	6	293	7.82e-37	132
WP_062597243.1	iHN637.CLJU_RS00330	31.1	289	195	3	2	288	4	290	4.25e-35	128
WP_062597243.1	iJN1463.PP_4299	32.3	282	189	2	2	282	3	283	5.94e-35	127
WP_062597243.1	iCN900.CD630_28130	29.8	292	204	1	1	292	1	291	6.10e-34	125
WP_062597243.1	STM_v1_0.STM0519	31.1	283	192	3	1	282	1	281	1.53e-33	124
WP_062597244.1	iSSON_1240.SSON_1361	52.1	359	162	5	6	356	3	359	2.42e-123	359
WP_062597244.1	iSbBS512_1146.SbBS512_E2058	52.1	359	162	5	6	356	3	359	6.89e-123	358
WP_062597244.1	iYL1228.KPN_01015	51.5	359	166	5	5	356	2	359	1.96e-122	357
WP_062597244.1	iML1515.b1800	51.8	359	163	5	6	356	3	359	3.94e-122	356
WP_062597244.1	iSDY_1059.SDY_1701	51.5	359	164	5	6	356	3	359	3.19e-121	353
WP_062597244.1	iPC815.YPO2496	50.8	362	168	6	3	356	4	363	1.11e-117	345
WP_062597244.1	iCN718.ABAYE_RS14760	47.8	358	179	4	6	356	3	359	1.81e-112	332
WP_062597244.1	iYO844.BSU04000	46.7	353	183	4	6	357	4	352	1.14e-109	324
WP_062597245.1	iYS854.USA300HOU_RS00635	33.5	206	135	2	12	217	6	209	8.94e-32	117
WP_062597245.1	iML1515.b2245	31.2	237	159	3	10	246	7	239	3.18e-30	113
WP_062597245.1	iSSON_1240.SSON_2306	30.8	237	160	3	10	246	7	239	8.71e-30	112
WP_062597245.1	iSDY_1059.SDY_3320	30.0	253	172	3	10	262	8	255	1.88e-29	111
WP_062597245.1	iSbBS512_1146.SbBS512_E3232	29.6	253	173	3	10	262	9	256	3.76e-29	110
WP_062597245.1	STM_v1_0.STM2289	33.8	219	142	2	35	253	31	246	1.28e-28	109
WP_062597245.1	iSSON_1240.SSON_3281	29.6	253	173	3	10	262	8	255	1.01e-28	109
WP_062597245.1	iML1515.b3126	29.6	253	173	3	10	262	8	255	3.86e-28	107
WP_062597248.1	iJN1463.PP_3376	38.2	246	144	5	64	302	65	309	1.99e-32	122
WP_062597248.1	iYO844.BSU23070	30.6	271	176	5	46	310	44	308	6.61e-29	115
WP_062597248.1	iPC815.YPO4078	36.2	246	143	6	64	299	65	306	1.66e-29	114
WP_062597248.1	iLJ478.TM1401	33.2	274	164	6	13	283	28	285	5.96e-29	112
WP_062597248.1	iSynCJ816.SGL_RS08600	31.7	252	160	6	36	283	39	282	5.23e-27	110
WP_062597248.1	iLJ478.TM0327	34.8	250	147	6	65	305	62	304	6.24e-28	110
WP_062597249.1	iSynCJ816.SGL_RS06815	52.8	525	229	8	2	522	21	530	7.96e-165	477
WP_062597249.1	STM_v1_0.STM1479	52.6	529	225	5	1	523	1	509	5.16e-163	472
WP_062597249.1	iPC815.YPO2303	52.5	528	226	5	1	523	1	508	1.42e-162	471
WP_062597249.1	iYL1228.KPN_01526	51.3	528	231	6	1	522	6	513	1.29e-159	463
WP_062597249.1	iSSON_1240.SSON_1557	51.6	525	237	6	1	523	1	510	9.09e-159	461
WP_062597249.1	iML1515.b1603	51.8	525	236	6	1	523	1	510	1.29e-158	461
WP_062597249.1	iSDY_1059.SDY_1550	51.6	525	237	6	1	523	1	510	1.82e-158	460
WP_062597249.1	iSbBS512_1146.SbBS512_E1789	51.4	525	238	6	1	523	1	510	1.47e-157	458
WP_062597249.1	iSF_1195.SF1624	51.4	525	238	6	1	523	6	515	1.73e-157	458
WP_062597250.1	iYL1228.KPN_01527	59.2	480	162	6	4	473	4	459	1.01e-179	511
WP_062597250.1	iML1515.b1602	60.5	478	159	7	4	473	4	459	4.10e-179	509
WP_062597250.1	STM_v1_0.STM1480	59.7	481	158	7	4	473	4	459	4.10e-179	509
WP_062597250.1	iSbBS512_1146.SbBS512_E1788	60.5	478	159	7	4	473	4	459	4.10e-179	509
WP_062597250.1	iSDY_1059.SDY_1551	60.5	478	159	7	4	473	4	459	4.10e-179	509
WP_062597250.1	iSF_1195.SF1623	60.5	478	159	7	4	473	4	459	4.10e-179	509
WP_062597250.1	iSSON_1240.SSON_1558	60.5	478	159	7	4	473	4	459	4.10e-179	509
WP_062597250.1	iPC815.YPO2302	59.0	485	161	8	1	473	1	459	1.91e-175	500
WP_062597250.1	iSynCJ816.SGL_RS06840	57.2	479	171	4	9	476	9	464	3.32e-170	487
WP_062597252.1	iSynCJ816.SGL_RS07245	38.2	249	144	5	23	269	3	243	4.02e-46	154
WP_062597252.1	iCN718.ABAYE_RS14190	35.2	247	158	1	24	270	7	251	1.37e-45	153
WP_062597252.1	iAF987.Gmet_1601	35.5	248	155	3	22	269	1	243	9.52e-44	148
WP_062597252.1	iCN900.CD630_11820	33.3	249	160	3	22	269	2	245	1.14e-42	145
WP_062597252.1	iML1515.b1619	34.5	249	158	3	21	269	6	249	5.25e-42	144
WP_062597252.1	iYO844.BSU15910	35.2	247	154	4	24	269	2	243	1.63e-41	142
WP_062597252.1	iHN637.CLJU_RS20765	35.2	244	152	4	27	269	7	245	1.34e-40	140
WP_062597252.1	iYS854.USA300HOU_RS06185	37.6	242	143	4	30	269	6	241	1.69e-40	140
WP_062597253.1	STM_v1_0.STM2788	40.0	478	283	3	5	479	7	483	5.84e-118	355
WP_062597253.1	iJN1463.PP_1416	37.0	497	308	2	2	496	4	497	2.24e-105	323
WP_062597255.1	iCN718.ABAYE_RS11785	45.1	492	261	4	4	493	5	489	4.39e-138	406
WP_062597255.1	iYS854.USA300HOU_RS14160	40.9	472	271	1	18	481	15	486	2.40e-128	382
WP_062597255.1	iML1515.b0312	42.4	484	274	4	1	482	4	484	2.03e-125	374
WP_062597255.1	iPC815.YPO1166	41.7	482	273	5	1	477	1	479	1.30e-123	369
WP_062597255.1	iYS854.USA300HOU_RS00890	42.2	481	273	4	4	483	13	489	1.71e-122	367
WP_062597255.1	iJN1463.PP_5063	42.5	475	268	4	5	477	8	479	2.93e-122	366
WP_062597257.1	iEK1008.Rv3645	34.9	218	136	4	221	435	320	534	5.87e-26	110
WP_062597257.1	iEK1008.Rv1318c	36.5	208	126	4	231	435	329	533	8.83e-24	103
WP_062597257.1	iEK1008.Rv1320c	36.5	208	126	4	231	435	329	533	1.83e-22	99.8
WP_062597257.1	iEK1008.Rv1319c	37.0	192	116	3	231	420	330	518	2.20e-22	99.4
WP_062597258.1	iYO844.BSU04000	50.3	350	169	4	1	346	3	351	2.12e-111	328
WP_062597258.1	iPC815.YPO2496	51.5	357	161	5	2	346	7	363	1.22e-110	326
WP_062597258.1	iSSON_1240.SSON_1361	56.9	311	129	3	1	306	2	312	8.68e-110	324
WP_062597258.1	iML1515.b1800	56.9	311	129	3	1	306	2	312	1.23e-109	323
WP_062597258.1	iSbBS512_1146.SbBS512_E2058	56.9	311	129	3	1	306	2	312	1.23e-109	323
WP_062597258.1	iYL1228.KPN_01015	51.4	358	162	5	2	347	3	360	2.47e-109	323
WP_062597258.1	iSDY_1059.SDY_1701	56.6	311	130	3	1	306	2	312	9.93e-109	321
WP_062597258.1	iCN718.ABAYE_RS14760	50.4	357	165	5	2	346	3	359	1.88e-108	321
WP_062597260.1	iCN900.CD630_15890	28.1	285	191	7	43	324	47	320	1.24e-23	98.6
WP_062597260.1	iYO844.BSU35960	26.2	279	184	5	26	301	34	293	1.29e-22	95.5
WP_062597260.1	iNF517.LLMG_RS04070	26.8	269	182	6	24	292	43	296	1.44e-20	90.1
WP_062597260.1	iYL1228.KPN_04156	26.0	254	172	5	31	283	28	266	2.56e-20	89.0
WP_062597262.1	iML1515.b2867	33.9	109	71	1	6	113	7	115	4.58e-09	56.2
WP_062597262.1	iEK1008.Rv0375c	26.6	267	149	8	26	290	16	237	1.07e-08	55.1
WP_062597262.1	iSF_1195.SF2869	33.9	109	71	1	6	113	7	115	1.11e-08	55.1
WP_062597262.1	iAF987.Gmet_2134	24.8	226	120	6	28	252	31	207	2.05e-07	51.2
WP_062597263.1	iCN900.CD630_20870	28.9	751	473	20	16	721	3	737	1.37e-65	231
WP_062597263.1	iSSON_1240.SSON_3017	28.3	753	476	15	24	724	2	742	2.54e-62	222
WP_062597263.1	iSF_1195.SF2868	27.9	757	484	14	19	724	10	755	7.86e-62	221
WP_062597263.1	iCN900.CD630_20730	28.7	770	474	22	17	724	1	757	1.54e-61	220
WP_062597263.1	iML1515.b2866	28.5	754	473	16	24	724	2	742	1.70e-61	219
WP_062597263.1	iHN637.CLJU_RS11600	27.9	786	470	23	18	724	6	773	6.49e-61	218
WP_062597263.1	iAF987.Gmet_2136	29.0	766	474	23	13	724	3	752	1.12e-58	212
WP_062597267.1	iNF517.LLMG_RS04935	42.0	88	50	1	171	257	15	102	5.82e-20	82.0
WP_062597275.1	iML1515.b1486	41.8	328	190	1	8	334	7	334	1.05e-76	238
WP_062597275.1	iSSON_1240.SSON_1638	41.5	328	191	1	8	334	7	334	8.35e-76	236
WP_062597286.1	iYL1228.KPN_00970	39.4	231	140	0	31	261	23	253	3.03e-47	157
WP_062597286.1	iCN718.ABAYE_RS19055	37.8	230	143	0	31	260	30	259	1.21e-43	148
WP_062597286.1	iPC815.YPO3626	40.8	233	138	0	28	260	21	253	3.38e-43	147
WP_062597286.1	iJN1463.PP_0239	40.2	229	137	0	32	260	25	253	5.24e-42	144
WP_062597287.1	iJN1463.PP_1088	61.7	399	152	1	8	406	6	403	6.88e-184	516
WP_062597293.1	iLJ478.TM1063	41.6	255	135	4	19	260	29	282	2.86e-57	186
WP_062597293.1	iYL1228.KPN_00862	44.4	232	122	3	15	240	331	561	4.49e-52	178
WP_062597293.1	iML1515.b1247	45.1	237	122	5	11	240	30	265	2.31e-54	178
WP_062597293.1	iSbBS512_1146.SbBS512_E1416	45.1	237	122	5	11	240	30	265	2.31e-54	178
WP_062597293.1	iSDY_1059.SDY_1305	45.1	237	122	5	11	240	30	265	2.31e-54	178
WP_062597293.1	iSF_1195.SF1248	45.1	237	122	5	11	240	30	265	2.31e-54	178
WP_062597293.1	iSSON_1240.SSON_1933	45.1	237	122	5	11	240	30	265	4.59e-54	177
WP_062597293.1	iSDY_1059.SDY_4563	41.1	246	136	4	6	243	21	265	9.11e-54	176
WP_062597293.1	STM_v1_0.STM3626	41.9	246	134	4	6	243	21	265	2.76e-53	175
WP_062597293.1	iSSON_1240.SSON_3850	41.1	246	136	4	6	243	21	265	2.55e-53	175
WP_062597293.1	iLJ478.TM0057	41.9	248	128	6	19	256	28	269	3.99e-53	175
WP_062597293.1	iSF_1195.SF3575	41.5	236	131	3	14	243	31	265	5.07e-53	174
WP_062597293.1	iYS854.USA300HOU_RS01050	43.6	227	120	3	1	219	276	502	4.56e-51	174
WP_062597293.1	iYL1228.KPN_03895	41.5	246	135	4	6	243	21	265	1.53e-52	173
WP_062597293.1	iML1515.b3540	40.7	246	137	4	6	243	21	265	2.00e-52	173
WP_062597293.1	iJN1463.PP_0878	43.7	231	123	4	19	243	28	257	1.47e-52	173
WP_062597293.1	iML1515.b1483	43.8	235	114	5	12	241	23	244	1.43e-52	172
WP_062597293.1	iYL1228.KPN_02193	43.9	237	125	5	11	240	30	265	2.82e-52	172
WP_062597293.1	STM_v1_0.STM1742	41.3	240	127	4	11	240	30	265	3.97e-52	172
WP_062597293.1	iSbBS512_1146.SbBS512_E1746	43.8	235	114	5	12	241	23	244	2.02e-52	172
WP_062597293.1	iPC815.YPO3999	41.4	239	129	4	13	243	51	286	1.02e-51	172
WP_062597293.1	iJN1463.PP_4150	42.9	231	124	4	19	243	300	528	1.37e-49	170
WP_062597293.1	iLJ478.TM1750	41.6	231	128	3	16	240	28	257	3.76e-51	169
WP_062597293.1	STM_v1_0.STM0848	42.7	232	126	3	15	240	334	564	1.26e-48	169
WP_062597293.1	iSF_1195.SF0779	43.5	232	124	3	15	240	323	553	1.11e-48	169
WP_062597293.1	iML1515.b0829	43.5	232	124	3	15	240	334	564	2.43e-48	168
WP_062597293.1	iSbBS512_1146.SbBS512_E2519	43.5	232	124	3	15	240	334	564	2.43e-48	168
WP_062597293.1	iSSON_1240.SSON_0811	43.5	232	124	3	15	240	323	553	2.13e-48	168
WP_062597293.1	iSDY_1059.SDY_0758	43.5	232	124	3	15	240	323	553	2.96e-48	168
WP_062597293.1	iYS854.USA300HOU_RS04905	39.4	249	141	4	1	240	7	254	1.42e-50	167
WP_062597298.1	iYS854.USA300HOU_RS11455	44.7	474	259	2	1	472	1	473	3.75e-136	400
WP_062597299.1	iAF987.Gmet_3395	57.2	484	207	0	1	484	1	484	2.72e-204	574
WP_062597299.1	iJN1463.PP_0213	59.9	474	188	2	4	477	3	474	2.57e-201	566
WP_062597299.1	iML1515.b2661	58.9	479	197	0	4	482	3	481	7.87e-201	565
WP_062597299.1	STM_v1_0.STM2791	58.9	479	197	0	4	482	3	481	1.12e-200	565
WP_062597299.1	iSSON_1240.SSON_2805	58.9	479	197	0	4	482	3	481	9.08e-200	563
WP_062597299.1	iYL1228.KPN_00256	57.8	479	202	0	4	482	3	481	1.40e-196	555
WP_062597299.1	iCN718.ABAYE_RS14730	55.4	482	215	0	1	482	1	482	6.85e-190	538
WP_062597299.1	iCN718.ABAYE_RS11770	53.2	481	225	0	4	484	3	483	1.30e-185	527
WP_082476794.1	iAF987.Gmet_2860	52.6	407	190	3	47	451	25	430	5.57e-130	389
WP_082476794.1	iJN1463.PP_1304	50.4	409	198	4	47	451	25	432	7.87e-126	380
WP_082476794.1	iYL1228.KPN_03113	50.5	408	198	4	47	451	28	434	5.95e-126	375
WP_082476794.1	iML1515.b2751	50.5	408	198	4	47	451	28	434	4.75e-125	373
WP_082476794.1	iSSON_1240.SSON_2899	50.5	408	198	4	47	451	28	434	4.75e-125	373
WP_082476794.1	iSDY_1059.SDY_2950	50.5	408	198	4	47	451	28	434	6.72e-125	373
WP_082476794.1	STM_v1_0.STM2934	50.7	410	194	6	47	451	28	434	3.05e-124	371
WP_082476794.1	iSbBS512_1146.SbBS512_E3123	50.2	408	199	4	47	451	28	434	7.59e-124	370
WP_082476794.1	iSF_1195.SF2774	49.8	408	201	4	47	451	28	434	4.83e-122	365
WP_082476794.1	iCN718.ABAYE_RS13930	48.5	410	205	4	47	451	25	433	1.30e-120	364
WP_082476794.1	iPC815.YPO3365	48.0	435	217	6	35	464	17	447	1.51e-118	357
WP_082476802.1	iPC815.YPO3132	47.9	382	192	3	12	389	1	379	1.97e-108	325
WP_082476802.1	iSbBS512_1146.SbBS512_E3648	46.6	367	193	1	18	384	9	372	5.89e-105	316
WP_082476802.1	iML1515.b3265	46.3	367	194	1	18	384	9	372	2.36e-104	314
WP_082476802.1	iML1515.b0463	46.5	372	195	2	22	393	15	382	7.77e-103	311
WP_082476802.1	STM_v1_0.STM3390	46.0	367	195	1	18	384	9	372	1.07e-102	310
WP_082476802.1	iSSON_1240.SSON_0450	46.2	372	196	2	22	393	15	382	2.20e-102	310
WP_082476802.1	iSF_1195.SF0408	46.5	372	195	2	22	393	15	382	6.21e-102	308
WP_082476802.1	iSDY_1059.SDY_0456	46.2	372	196	2	22	393	15	382	8.77e-102	308
WP_082476802.1	iJN1463.PP_1386	48.3	360	167	6	30	388	20	361	6.68e-98	298
WP_082476804.1	iSbBS512_1146.SbBS512_E2516	43.8	226	127	0	66	291	78	303	4.57e-55	180
WP_082476804.1	iSSON_1240.SSON_0814	43.8	226	127	0	66	291	78	303	4.57e-55	180
WP_082476804.1	iML1515.b0832	43.4	226	128	0	66	291	78	303	6.44e-55	179
WP_082476804.1	iSDY_1059.SDY_0755	43.4	226	128	0	66	291	78	303	1.81e-54	178
WP_082476804.1	iJN1463.PP_0880	47.3	224	110	2	69	288	84	303	4.55e-53	175
WP_082476804.1	iYL1228.KPN_00865	42.0	219	127	0	73	291	71	289	5.40e-53	174
WP_082476804.1	iSF_1195.SF0782	42.5	226	130	0	66	291	78	303	1.11e-52	174
WP_082476804.1	STM_v1_0.STM0851	39.0	267	161	2	26	291	38	303	8.74e-52	171
WP_082476815.1	iAF987.Gmet_3508	28.9	180	119	7	219	392	230	406	3.26e-11	64.3
WP_082476833.1	iMM904.YEL039C	41.0	105	57	3	34	136	11	112	5.03e-20	79.0
WP_082476833.1	iMM904.YJR048W	41.2	102	55	3	34	133	7	105	6.41e-20	78.6
WP_082476839.1	iJN1463.PP_5095	40.8	265	154	3	9	272	6	268	8.87e-51	167
WP_082476854.1	iLB1027_lipid.PHATRDRAFT_42872	25.1	375	238	13	55	418	161	503	6.81e-18	85.9
WP_082476862.1	iEK1008.Rv2158c	39.7	511	263	13	6	487	36	530	9.63e-93	292
WP_082476862.1	iJN1463.PP_1332	37.5	483	261	9	32	487	22	490	2.86e-83	266
WP_082476872.1	iML1515.b4159	31.7	249	170	0	615	863	829	1077	9.62e-30	127
WP_082476872.1	iML1515.b0465	33.3	201	134	0	635	835	861	1061	2.62e-28	122
WP_082476880.1	iPC815.YPO2060	49.6	240	121	0	31	270	4	243	2.73e-83	252
WP_082476880.1	iSDY_1059.SDY_1145	49.6	240	121	0	31	270	4	243	4.26e-82	249
WP_082476880.1	iML1515.b1858	49.6	240	121	0	31	270	4	243	6.04e-82	248
WP_082476880.1	iSSON_1240.SSON_1283	49.6	240	121	0	31	270	4	243	6.04e-82	248
WP_082476880.1	iJN1463.PP_0118	50.2	243	120	1	28	270	2	243	4.17e-81	246
WP_082476880.1	iSbBS512_1146.SbBS512_E0954	49.2	240	122	0	31	270	4	243	3.43e-81	246
WP_082476880.1	iSF_1195.SF1867	49.2	240	122	0	31	270	4	243	9.75e-81	245
WP_082476880.1	iYL1228.KPN_02373	47.9	240	125	0	31	270	4	243	1.08e-79	243
WP_082476884.1	iLJ478.TM0404	41.8	55	32	0	352	406	127	181	1.12e-07	52.0
WP_082476884.1	iAF692.Mbar_A0853	42.6	54	31	0	350	403	76	129	4.91e-07	49.3
WP_082476890.1	iJN1463.PP_3944	29.8	359	238	8	21	367	7	363	4.80e-30	119
WP_082476892.1	iJN1463.PP_0416	34.4	215	139	2	21	233	13	227	4.33e-35	125
WP_082476892.1	iPC815.YPO0156	34.0	212	137	3	24	233	10	220	1.16e-31	115
WP_082476900.1	iML1515.b3967	40.0	220	128	3	27	246	24	239	1.39e-43	149
WP_082476900.1	iYL1228.KPN_04256	40.1	222	125	4	27	246	1	216	7.25e-44	149
WP_082476900.1	iSDY_1059.SDY_3761	40.0	220	128	3	27	246	28	243	1.54e-43	149
WP_082476900.1	iSSON_1240.SSON_4140	40.0	220	128	3	27	246	28	243	1.54e-43	149
WP_082476900.1	iSF_1195.SF4049	39.5	220	129	3	27	246	1	216	2.13e-43	148
WP_082476900.1	iSbBS512_1146.SbBS512_E4453	39.1	220	130	3	27	246	1	216	1.66e-42	146
WP_082476900.1	iPC815.YPO3909	37.1	237	137	5	21	253	22	250	1.23e-41	144
WP_082476900.1	STM_v1_0.STM4131	39.2	222	127	4	27	246	24	239	3.09e-41	143
WP_082476904.1	iJN1463.PP_4867	23.8	362	252	8	14	354	13	371	8.29e-13	68.6
WP_082476904.1	iJN1463.PP_1141	23.4	342	243	8	27	353	26	363	6.21e-12	65.9
WP_082476906.1	iML1515.b1856	51.3	119	57	1	319	436	290	408	9.41e-26	108
WP_082476906.1	iAF987.Gmet_1350	50.0	124	61	1	324	447	92	214	1.35e-26	107
WP_082476906.1	iAF987.Gmet_3012	49.5	111	55	1	318	427	25	135	1.26e-25	103
WP_082476912.1	iJN1463.PP_4147	38.6	580	346	3	44	622	23	593	7.03e-139	418
WP_082476921.1	STM_v1_0.STM3672	29.3	392	273	2	169	556	13	404	2.71e-36	140
WP_082476921.1	iML1515.b3578	29.9	388	266	3	169	551	13	399	5.07e-36	139
WP_082476921.1	iJN1463.PP_1167	31.7	394	258	6	170	555	14	404	5.15e-36	139
WP_082476929.1	iAF987.Gmet_2344	34.7	251	144	8	16	260	3	239	2.64e-38	134
WP_082476930.1	iYS854.USA300HOU_RS07595	30.3	419	246	10	45	422	4	417	1.72e-55	195
WP_082476933.1	iJN1463.PP_4805	34.4	244	148	5	91	327	103	341	3.15e-34	129
WP_082476934.1	iEK1008.Rv0125	30.2	295	174	8	97	377	79	355	1.20e-19	90.1
WP_082476937.1	iPC815.YPO2061	36.1	299	185	3	27	324	24	317	3.52e-59	192
WP_082476937.1	iSF_1195.SF1868	36.1	313	184	3	14	324	51	349	1.25e-58	192
WP_082476937.1	iSbBS512_1146.SbBS512_E0953	37.4	294	168	4	33	324	28	307	7.88e-59	191
WP_082476937.1	iML1515.b1857	37.4	294	168	4	33	324	28	307	1.57e-58	190
WP_082476937.1	iSSON_1240.SSON_1284	37.4	294	168	4	33	324	46	325	2.58e-58	190
WP_082476937.1	iSDY_1059.SDY_1144	36.7	294	170	3	33	324	46	325	5.11e-58	189
WP_082476937.1	iYL1228.KPN_02372	37.0	297	175	3	30	324	9	295	4.42e-58	189
WP_082476937.1	STM_v1_0.STM1891	35.2	315	188	3	14	324	28	330	1.98e-55	183
WP_082476937.1	iJN1463.PP_0120	38.4	294	167	5	33	326	22	301	4.48e-52	173
WP_082476940.1	iJN1463.PP_0959	32.4	207	139	1	125	330	49	255	3.60e-25	102
WP_082476941.1	iJN1463.PP_0958	38.1	239	147	1	40	278	9	246	3.28e-52	173
WP_082476946.1	iML1515.b4167	30.1	492	322	8	22	503	35	514	1.04e-48	175
WP_082476953.1	iAF987.Gmet_0043	31.7	243	156	3	600	833	27	268	1.47e-28	121
WP_082476957.1	iJN1463.PP_3416	51.9	156	74	1	37	192	8	162	2.59e-46	150
WP_082476957.1	iPC815.YPO3953	45.1	162	87	2	37	197	6	166	3.45e-41	137
WP_082476963.1	iMM904.YDL178W	31.4	427	268	10	13	429	100	511	5.42e-53	185
WP_082476963.1	iMM904.YEL071W	31.7	419	256	12	13	418	66	467	1.51e-51	181
WP_082476964.1	iAF692.Mbar_A1504	29.1	117	80	2	189	305	224	337	1.90e-06	48.5
WP_082476969.1	iAF987.Gmet_1953	44.9	118	64	1	82	198	75	192	8.79e-24	97.1
WP_082476969.1	iAF987.Gmet_3262	42.5	127	71	2	73	198	124	249	3.16e-20	88.6
WP_082476975.1	iAF987.Gmet_0843	28.7	261	150	10	5	243	23	269	4.04e-09	55.5
WP_082476978.1	iYL1228.KPN_03498	44.5	236	124	4	11	243	316	547	5.82e-41	147
WP_082476989.1	iYO844.BSU35950	38.5	317	184	5	41	354	10	318	1.26e-52	176
WP_082476989.1	iPC815.YPO2499	35.8	321	194	6	38	358	21	329	2.36e-51	173
WP_082476989.1	iNF517.LLMG_RS04065	37.7	305	179	4	49	353	13	306	1.17e-50	171
WP_082476989.1	iLJ478.TM0955	34.6	312	173	7	55	350	24	320	1.17e-47	164
WP_082476989.1	iYL1228.KPN_04155	33.2	325	206	5	31	353	2	317	5.27e-46	159
WP_082476991.1	iAF692.Mbar_A2376	26.5	162	107	4	170	331	243	392	3.79e-04	42.4
WP_082477001.1	iYO844.BSU08850	34.2	240	158	0	57	296	35	274	2.49e-53	175
WP_082477001.1	iCN718.ABAYE_RS19055	34.4	241	158	0	58	298	25	265	5.69e-52	171
WP_082477001.1	iYL1228.KPN_00970	35.4	223	144	0	57	279	17	239	1.85e-49	164
WP_082477001.1	iJN1463.PP_0239	34.8	224	146	0	56	279	17	240	1.69e-47	159
WP_082477001.1	iPC815.YPO3626	33.6	223	148	0	57	279	18	240	2.38e-47	159
WP_082477003.1	iYO844.BSU04520	29.9	361	237	7	54	406	28	380	2.07e-40	147
WP_082477003.1	iYS854.USA300HOU_RS12370	28.7	356	237	7	58	406	37	382	3.05e-39	144
WP_082477005.1	iCN900.CD630_21960	31.6	708	447	11	1	689	6	695	4.73e-99	319
WP_082477011.1	iAF987.Gmet_0043	28.3	254	159	10	384	623	21	265	2.51e-11	66.2
WP_082477013.1	iYO844.BSU39780	33.4	302	196	5	58	356	11	310	5.80e-40	143
WP_082477017.1	iAF987.Gmet_2135	48.0	148	76	1	7	154	16	162	1.36e-46	149
WP_082477021.1	iCN718.ABAYE_RS07200	28.8	385	226	13	58	403	58	433	3.68e-37	143
WP_082477024.1	iLJ478.TM0115	42.4	476	264	4	15	483	19	491	7.44e-125	375
WP_082477024.1	iPC815.YPO0958	41.5	487	281	3	10	495	5	488	7.74e-125	374
WP_082477024.1	iML1515.b2149	40.7	479	276	5	5	479	8	482	4.84e-116	352
WP_082477024.1	iSF_1195.SF2234	40.7	479	276	5	5	479	8	482	4.84e-116	352
WP_082477024.1	iSSON_1240.SSON_2205	40.7	479	276	5	5	479	8	482	4.84e-116	352
WP_082477024.1	iLJ478.TM0956	40.4	490	274	5	16	492	18	502	3.21e-115	350
WP_082477024.1	iYL1228.KPN_02587	41.5	470	269	5	13	479	1	467	6.84e-115	348
WP_082477024.1	STM_v1_0.STM2189	41.0	473	271	5	11	479	14	482	1.08e-114	348
WP_082477024.1	iHN637.CLJU_RS00620	38.6	487	295	3	11	495	6	490	2.46e-114	347
WP_082477024.1	iML1515.b4485	39.5	483	288	3	15	495	14	494	1.42e-113	345
WP_082477024.1	iYO844.BSU35940	38.4	477	292	1	9	485	1	475	2.29e-113	344
WP_082477024.1	iML1515.b4087	39.2	482	282	4	11	481	6	487	3.83e-113	344
WP_082477024.1	iNF517.LLMG_RS04060	39.8	475	279	4	9	481	1	470	8.83e-113	343
WP_082477024.1	iML1515.b3749	38.7	493	296	4	7	497	1	489	3.26e-112	342
WP_082477024.1	iSSON_1240.SSON_4410	39.4	482	290	2	15	495	14	494	4.47e-112	341
WP_082477024.1	iPC815.YPO3964	39.6	475	285	2	11	485	7	479	5.51e-112	341
WP_082477024.1	iYL1228.KPN_04154	39.1	493	294	4	7	497	1	489	9.17e-112	340
WP_082477024.1	iPC815.YPO1508	40.0	475	277	5	11	481	14	484	8.42e-111	338
WP_082477024.1	iSF_1195.SF4262	39.1	483	290	3	15	495	14	494	9.93e-111	338
WP_082477030.1	iJN1463.PP_4299	29.6	98	64	2	20	113	3	99	2.31e-05	44.7
WP_082477036.1	iAF987.Gmet_0782	38.4	511	301	4	262	762	208	714	3.56e-107	344
WP_082477036.1	iAF987.Gmet_2629	40.0	467	262	3	300	762	345	797	1.58e-101	331
WP_082477036.1	iAF987.Gmet_0987	38.5	527	300	8	255	762	252	773	9.03e-100	326
WP_082477036.1	iAF987.Gmet_0957	42.6	434	244	2	339	767	181	614	3.71e-101	325
WP_082477036.1	iJN1463.PP_3581	32.2	773	414	11	9	767	3	679	2.50e-100	325
WP_082477036.1	iAF987.Gmet_3085	41.3	431	248	2	337	762	443	873	1.27e-95	317
WP_082477036.1	iAF987.Gmet_0700	41.3	433	250	1	334	762	375	807	4.70e-95	314
WP_082477046.1	iJN1463.PP_1015	46.5	409	207	7	2	399	21	428	2.99e-114	340
WP_082477061.1	iSynCJ816.SGL_RS10925	84.8	33	5	0	1	33	1	33	5.43e-14	63.2
WP_082477069.1	iJN1463.PP_2556	43.8	461	213	8	29	462	3	444	4.28e-101	309
WP_082477073.1	iJN1463.PP_1200	48.0	629	316	5	45	666	12	636	3.59e-188	546
WP_082477073.1	iPC815.YPO0006	43.2	614	345	2	54	666	12	622	1.53e-169	498
WP_082477073.1	iYL1228.KPN_04152	43.6	615	341	4	54	666	12	622	2.16e-169	498
WP_082477073.1	STM_v1_0.STM3880	43.0	614	346	2	54	666	12	622	1.22e-168	496
WP_082477074.1	iHN637.CLJU_RS19935	29.4	119	70	3	274	390	65	171	2.85e-06	47.0
WP_082477075.1	iAF987.Gmet_2849	35.3	292	167	9	28	317	4	275	5.07e-36	131
WP_082477075.1	iJN1463.PP_0723	36.9	279	139	11	28	301	4	250	5.94e-35	128
WP_082477075.1	iCN900.CD630_35660	31.8	296	179	9	34	323	10	288	1.10e-32	122
WP_082477075.1	iPC815.YPO2014	33.5	284	157	11	33	314	18	271	6.17e-32	120
WP_082477075.1	iSDY_1059.SDY_1257	33.1	284	161	10	33	314	8	264	8.52e-32	120
WP_082477075.1	iML1515.b1208	33.1	284	161	10	33	314	8	264	1.19e-31	119
WP_082477075.1	STM_v1_0.STM1779	33.7	285	158	10	33	314	8	264	1.19e-31	119
WP_082477075.1	iSbBS512_1146.SbBS512_E1372	33.1	284	161	10	33	314	8	264	1.19e-31	119
WP_082477075.1	iSF_1195.SF1211	33.1	284	161	10	33	314	8	264	1.19e-31	119
WP_082477075.1	iSSON_1240.SSON_1970	33.1	284	161	10	33	314	8	264	1.19e-31	119
WP_082477075.1	iYL1228.KPN_02237	34.5	290	149	12	33	314	8	264	1.66e-31	119
WP_082477078.1	iJN1463.PP_1144	34.0	450	277	11	328	770	272	708	2.68e-64	229
WP_082477078.1	iAF987.Gmet_3085	32.0	460	295	7	318	771	433	880	4.35e-63	228
WP_082477078.1	iJN1463.PP_3581	32.7	452	287	6	323	769	240	679	1.66e-62	223
WP_082477078.1	iAF987.Gmet_0700	31.6	449	293	6	322	765	369	808	2.91e-60	218
WP_082477078.1	iAF987.Gmet_0957	32.1	439	287	6	334	769	184	614	4.82e-61	217
WP_082477078.1	iAF987.Gmet_0987	31.2	439	290	5	349	784	364	793	1.02e-57	211
WP_082477083.1	iML1515.b1448	28.0	143	86	5	48	180	1	136	6.92e-04	38.5
WP_082477104.1	iML1515.b2047	44.9	185	98	2	39	223	274	454	9.92e-46	157
WP_082477105.1	iLB1027_lipid.PHATRDRAFT_47351	24.2	207	112	9	17	206	92	270	2.89e-07	50.4
WP_082477105.1	iYL1228.KPN_00046	39.5	86	45	3	35	120	2	80	7.94e-06	45.8
WP_082477105.1	iPC815.YPO0490	37.2	86	47	3	35	120	2	80	1.09e-05	45.4
WP_082477110.1	iEK1008.Rv3032	24.4	295	194	8	81	354	104	390	5.05e-15	75.5
WP_082477111.1	iEK1008.Rv3265c	28.4	236	146	7	35	255	26	253	3.55e-18	82.8
WP_082477112.1	iEK1008.Rv3032	24.7	397	271	13	1	387	1	379	4.72e-18	85.1
WP_082477116.1	iAM_Pf480.PF3D7_0413700	29.9	137	90	4	47	181	183	315	3.65e-06	46.2
WP_082477116.1	iAM_Pv461.PVX_089645	28.3	145	98	4	47	189	217	357	6.90e-06	45.4
WP_082477116.1	iAM_Pc455.PCYB_052680	27.6	145	99	4	47	189	192	332	3.96e-05	43.1
WP_082477126.1	iYL1228.KPN_02455	37.7	411	252	3	34	443	185	592	1.01e-86	276
WP_082477126.1	iAF987.Gmet_3085	36.3	443	277	2	17	454	443	885	1.21e-79	265
WP_082477126.1	iAF987.Gmet_0782	35.1	462	291	2	7	459	270	731	1.09e-79	261
WP_082477126.1	iAF987.Gmet_0957	36.0	439	275	3	13	445	174	612	7.18e-80	259
WP_082477126.1	iAF987.Gmet_0700	34.4	442	286	1	18	455	379	820	1.81e-76	254
WP_082477130.1	iEK1008.Rv2320c	26.3	426	259	11	2	395	36	438	5.53e-24	103
WP_082477130.1	iYS854.USA300HOU_RS14110	25.4	441	287	13	11	423	38	464	3.47e-23	101
WP_082477130.1	iHN637.CLJU_RS10530	26.4	432	280	12	11	423	35	447	1.21e-20	93.6
WP_082477136.1	iYO844.BSU02090	34.4	183	92	5	19	196	71	230	3.46e-25	99.8
WP_082477146.1	iAF987.Gmet_1671	35.1	590	347	14	91	662	13	584	2.80e-91	299
WP_082477146.1	iSynCJ816.SGL_RS05320	35.1	533	317	11	139	647	206	733	2.21e-86	288
WP_082477146.1	iAF987.Gmet_0354	28.8	757	352	16	78	666	24	761	3.19e-81	276
WP_082477156.1	iJN1463.PP_1664	49.2	191	97	0	10	200	8	198	3.68e-59	184
WP_082477156.1	iYL1228.KPN_02825	46.6	191	102	0	8	198	2	192	3.95e-55	174
WP_082477156.1	iAT_PLT_636.2618	45.9	194	105	0	7	200	807	1000	2.96e-49	171
WP_082477156.1	iCHOv1.100689446	46.1	193	104	0	7	199	807	999	7.52e-49	169
WP_082477156.1	iMM1415.14450	46.2	195	103	2	7	200	807	1000	1.91e-48	168
WP_082477156.1	iPC815.YPO2829	46.1	193	104	0	8	200	2	194	2.01e-52	167
WP_082477161.1	iAF987.Gmet_1242	41.1	207	112	5	44	244	28	230	1.09e-43	147
WP_082477161.1	iEK1008.Rv3588c	37.8	188	116	1	51	238	6	192	1.15e-39	135
WP_082477161.1	iSynCJ816.SGL_RS13835	39.3	191	110	2	50	240	76	260	7.82e-38	132
WP_082477182.1	iJN1463.PP_3999	38.8	464	263	4	32	494	4	447	1.28e-88	279
WP_082477182.1	STM_v1_0.STM3477	39.6	465	255	7	32	494	4	444	1.08e-88	279
WP_082477182.1	iYL1228.KPN_03754	40.0	453	246	7	44	494	7	435	6.08e-85	269
WP_082477182.1	iSbBS512_1146.SbBS512_E3744	39.1	465	257	8	32	494	4	444	8.54e-84	266
WP_082477182.1	iSF_1195.SF3387	39.1	465	257	8	32	494	4	444	8.54e-84	266
WP_082477182.1	iSSON_1240.SSON_3499	39.1	465	257	8	32	494	4	444	8.54e-84	266
WP_082477182.1	iML1515.b3368	39.1	465	257	8	32	494	4	444	1.69e-83	266
WP_082477182.1	iSDY_1059.SDY_3530	38.9	465	258	8	32	494	4	444	1.84e-82	263
WP_082477182.1	iPC815.YPO0158	38.6	464	256	9	33	494	5	441	5.20e-82	262
WP_082477186.1	iAF987.Gmet_0069	31.4	105	69	2	6	108	4	107	2.44e-08	52.8
WP_082477186.1	iAF987.Gmet_2999	30.5	82	55	1	42	121	42	123	3.65e-08	52.4
WP_082477188.1	iYS854.USA300HOU_RS07595	28.4	102	69	2	274	375	228	325	1.48e-05	48.1
WP_082477189.1	iAF987.Gmet_0043	28.6	227	155	4	237	458	39	263	1.66e-17	84.7
WP_082477195.1	iAF987.Gmet_0043	27.7	238	159	4	241	469	39	272	3.21e-17	85.5
WP_082477211.1	STM_v1_0.STM2165	59.0	283	116	0	43	325	23	305	3.23e-118	342
WP_082477211.1	iSSON_1240.SSON_2188	57.6	297	125	1	29	325	10	305	2.14e-116	338
WP_082477211.1	iML1515.b2131	57.2	297	126	1	29	325	10	305	4.29e-116	337
WP_082477211.1	iYL1228.KPN_02567	56.5	294	127	1	33	325	12	305	4.02e-114	332
WP_082477211.1	iSF_1195.SF2216	56.6	297	128	1	29	325	10	305	5.70e-114	332
WP_082477213.1	iCN900.CD630_30650	22.7	475	346	9	6	471	2	464	4.54e-28	117
WP_082477213.1	iML1515.b3564	27.3	517	324	17	9	513	3	479	6.36e-28	116
WP_082477213.1	iSF_1195.SF3608	27.3	517	324	17	9	513	3	479	6.36e-28	116
WP_082477213.1	iSSON_1240.SSON_3821	28.3	435	271	14	9	432	3	407	2.54e-27	114
WP_082477213.1	iML1515.b3580	25.6	507	345	10	9	506	6	489	1.41e-26	112
WP_082477213.1	iNF517.LLMG_RS12400	25.2	515	350	16	8	513	4	492	1.15e-25	110
WP_082477213.1	STM_v1_0.STM3660	27.3	520	319	18	9	509	3	482	1.00e-25	110
WP_082477213.1	iPC815.YPO4039	25.7	514	339	15	9	511	3	484	1.00e-25	110
WP_082477213.1	STM_v1_0.STM3674	26.0	466	308	9	9	463	6	445	8.75e-25	107
WP_082477222.1	iAF987.Gmet_2349	36.3	559	352	3	64	620	15	571	2.94e-116	358
WP_082477222.1	iSF_1195.SF0910	35.0	560	359	4	64	621	26	582	5.01e-106	332
WP_082477222.1	iSSON_1240.SSON_0916	35.0	560	359	4	64	621	26	582	7.05e-106	332
WP_082477222.1	iML1515.b0914	34.8	560	360	4	64	621	26	582	2.76e-105	330
WP_082477222.1	iSbBS512_1146.SbBS512_E2410	34.8	560	360	4	64	621	26	582	2.76e-105	330
WP_082477222.1	iSDY_1059.SDY_2344	34.8	560	360	4	64	621	26	582	2.76e-105	330
WP_082477222.1	STM_v1_0.STM0984	34.9	561	358	5	64	621	26	582	3.25e-103	325
WP_082477222.1	iPC815.YPO1395	35.2	562	355	5	64	621	26	582	2.50e-102	322
WP_082477225.1	iEK1008.Rv3116	53.8	238	103	1	29	266	18	248	1.55e-80	247
WP_082477225.1	iEK1008.Rv3206c	50.8	242	116	2	28	269	18	256	1.73e-74	232
WP_082477225.1	iLB1027_lipid.PHATRDRAFT_20318	48.4	250	114	3	28	269	57	299	2.58e-71	226
WP_082477227.1	iML1515.b0462	52.7	1001	467	5	1	995	1	1001	0.0	995
WP_082477227.1	iYL1228.KPN_03673	53.2	1000	462	5	1	995	1	999	0.0	986
WP_082477227.1	STM_v1_0.STM3391	52.3	1000	472	4	1	995	1	1000	0.0	985
WP_082477227.1	iML1515.b3266	52.0	1000	475	4	1	995	1	1000	0.0	971
WP_082477227.1	iJN1463.PP_1385	52.2	998	474	2	1	995	1	998	0.0	951
WP_082477227.1	iML1515.b2470	50.3	998	493	2	1	995	1	998	0.0	944
WP_082477227.1	iSSON_1240.SSON_2550	50.2	998	494	2	1	995	1	998	0.0	942
WP_082477227.1	iSF_1195.SF2512	50.1	998	495	2	1	995	1	998	0.0	941
WP_082477227.1	iSDY_1059.SDY_2654	49.9	998	497	2	1	995	1	998	0.0	935
WP_082477228.1	iML1515.b2293	45.2	177	91	3	34	205	6	181	2.92e-42	142
WP_082477229.1	iYL1228.KPN_04673	49.1	634	312	7	31	658	4	632	1.20e-197	570
WP_082477230.1	iJN1463.PP_4209	42.9	380	195	2	53	412	8	385	9.07e-79	249
WP_082477231.1	STM_v1_0.STM2536	40.3	335	185	8	157	478	93	425	2.98e-60	203
WP_082477231.1	iSbBS512_1146.SbBS512_E2898	39.6	351	194	10	143	478	78	425	4.17e-60	202
WP_082477231.1	iSDY_1059.SDY_2719	39.6	351	194	10	143	478	107	454	1.62e-59	202
WP_082477231.1	iJN1463.PP_0980	38.7	333	187	6	136	453	137	467	7.91e-59	201
WP_082477231.1	iSSON_1240.SSON_2605	39.3	351	195	10	143	478	107	454	3.17e-59	201
WP_082477231.1	iML1515.b2523	38.7	351	197	10	143	478	78	425	3.13e-59	200
WP_082477231.1	iSF_1195.SF2570	39.3	351	195	10	143	478	78	425	3.13e-59	200
WP_082477231.1	iYL1228.KPN_02855	40.9	320	176	8	143	450	78	396	4.48e-59	200
WP_082477231.1	iPC815.YPO2889	40.3	320	178	8	143	450	79	397	5.16e-58	197
WP_082477231.1	iCN718.ABAYE_RS17615	37.7	353	199	8	130	470	118	461	1.69e-55	192
WP_082477234.1	iNF517.LLMG_RS05395	43.8	121	68	0	4	124	6	126	2.00e-26	95.5
WP_082477234.1	iHN637.CLJU_RS08905	41.7	115	67	0	16	130	17	131	6.21e-23	86.7
WP_082477234.1	iYO844.BSU25300	37.9	124	77	0	4	127	5	128	9.75e-23	86.3
WP_082477236.1	iSbBS512_1146.SbBS512_E2516	30.8	318	179	3	39	356	26	302	3.59e-37	135
WP_082477236.1	iSSON_1240.SSON_0814	30.8	318	179	3	39	356	26	302	3.59e-37	135
WP_082477236.1	iML1515.b0832	30.5	318	180	3	39	356	26	302	5.02e-37	135
WP_082477236.1	iSDY_1059.SDY_0755	30.5	318	180	3	39	356	26	302	1.37e-36	134
WP_082477236.1	iYL1228.KPN_00865	29.9	318	182	3	39	356	12	288	2.70e-36	132
WP_082477236.1	iSF_1195.SF0782	30.8	318	179	3	39	356	26	302	1.01e-35	131
WP_082477236.1	iYO844.BSU12940	37.0	238	136	4	120	356	95	319	2.04e-35	131
WP_082477236.1	iJN1463.PP_0880	30.9	320	181	6	39	356	24	305	1.15e-34	129
WP_082477236.1	STM_v1_0.STM0851	35.3	235	139	1	122	356	81	302	1.06e-33	126
WP_082477236.1	iML1515.b1245	32.5	240	149	1	117	356	76	302	7.53e-33	124
WP_082477236.1	iYL1228.KPN_02195	32.5	240	149	1	117	356	76	302	7.53e-33	124
WP_082477236.1	iSbBS512_1146.SbBS512_E1414	32.5	240	149	1	117	356	76	302	7.53e-33	124
WP_082477236.1	iSSON_1240.SSON_1935	32.5	240	149	1	117	356	76	302	7.53e-33	124
WP_082477236.1	iLJ478.TM1748	27.8	320	189	4	38	357	11	288	5.69e-33	124
WP_082477236.1	iSDY_1059.SDY_1303	32.5	240	149	1	117	356	76	302	1.05e-32	123
WP_082477236.1	iSF_1195.SF1246	32.5	240	149	1	117	356	76	302	1.05e-32	123
WP_082477236.1	iAF692.Mbar_A0470	27.2	298	171	5	54	351	37	288	1.13e-32	123
WP_082477236.1	iEK1008.Rv1282c	34.0	235	144	2	122	356	61	284	2.24e-32	122
WP_082477236.1	iYS854.USA300HOU_RS01060	36.2	232	134	2	123	354	168	385	1.34e-31	122
WP_082477239.1	iYL1228.KPN_02922	32.1	81	55	0	4	84	8	88	1.59e-10	55.5
WP_082477241.1	iPC815.YPO1958	30.8	312	214	2	17	327	52	362	1.25e-41	148
WP_082477241.1	iML1515.b1216	31.4	315	210	4	17	327	50	362	1.75e-41	147
WP_082477241.1	iSbBS512_1146.SbBS512_E1383	31.1	315	211	4	17	327	50	362	6.69e-41	146
WP_082477241.1	iSDY_1059.SDY_1266	31.4	315	210	4	17	327	50	362	6.69e-41	146
WP_082477241.1	iSF_1195.SF1219	31.4	315	210	4	17	327	50	362	6.69e-41	146
WP_082477241.1	iSSON_1240.SSON_1961	31.1	315	211	4	17	327	50	362	6.69e-41	146
WP_082477241.1	STM_v1_0.STM1771	31.0	316	210	5	17	327	50	362	3.56e-40	144
WP_082477241.1	iYL1228.KPN_02229	29.4	320	222	3	11	327	44	362	1.40e-38	140
WP_082477242.1	iSynCJ816.SGL_RS11080	31.2	565	331	20	21	560	13	544	2.19e-65	222
WP_082477245.1	iJN1463.PP_4147	43.1	589	310	7	54	640	28	593	2.98e-164	483
WP_082477253.1	STM_v1_0.STM3717	23.4	308	204	8	22	316	22	310	1.42e-12	69.3
WP_082477262.1	iJN1463.PP_0812	50.9	265	121	1	20	284	21	276	1.76e-96	291
WP_082477262.1	iPC815.YPO3164	49.2	266	125	3	20	283	22	279	3.83e-91	278
WP_082477262.1	iML1515.b0432	47.8	274	132	3	20	291	22	286	1.99e-87	268
WP_082477262.1	STM_v1_0.STM0443	47.5	276	134	3	18	291	20	286	3.09e-87	268
WP_082477262.1	iSbBS512_1146.SbBS512_E0354	47.8	274	132	3	20	291	22	286	3.98e-87	267
WP_082477262.1	iSSON_1240.SSON_0415	47.8	274	132	3	20	291	22	286	3.98e-87	267
WP_082477272.1	iJN1463.PP_1418	23.3	215	156	5	39	245	32	245	4.54e-07	50.4
WP_082477283.1	iAF692.Mbar_A1202	29.5	298	163	8	68	335	38	318	4.61e-31	120
WP_082477288.1	iJN1463.PP_2230	58.5	961	386	5	10	962	3	958	0.0	1057
WP_082477289.1	iJN1463.PP_4830	50.9	407	194	3	13	419	3	403	1.44e-123	364
WP_082477290.1	iPC815.YPO1913	36.4	258	160	4	303	558	313	568	4.62e-37	145
WP_082477290.1	iJN1463.PP_4935	37.8	217	133	2	342	557	365	580	1.30e-35	141
WP_082477290.1	iEK1008.Rv1348	34.1	279	162	6	289	557	566	832	6.97e-34	137
WP_082477296.1	iYO844.BSU35540	26.4	303	195	10	95	375	91	387	2.60e-20	91.7
WP_082477298.1	iJN1463.PP_0809	28.5	151	91	6	5	149	26	165	6.74e-04	37.7
WP_082477299.1	iAF987.Gmet_1736	31.3	284	159	6	12	295	7	254	1.85e-28	113
WP_082477299.1	iLJ478.TM1351	30.0	293	166	4	12	295	5	267	1.91e-28	113
WP_082477299.1	iSynCJ816.SGL_RS14665	33.0	276	151	7	12	281	6	253	2.95e-28	113
WP_082477299.1	iML1515.b2400	28.9	284	167	6	12	295	6	254	1.61e-26	108
WP_082477299.1	iSbBS512_1146.SbBS512_E2779	28.9	284	167	6	12	295	6	254	1.61e-26	108
WP_082477299.1	iSF_1195.SF2462	28.9	284	167	6	12	295	6	254	1.61e-26	108
WP_082477299.1	iSSON_1240.SSON_2491	28.9	284	167	6	12	295	6	254	1.61e-26	108
WP_082477299.1	iYL1228.KPN_02750	28.8	285	166	5	12	295	6	254	5.70e-26	106
WP_082477299.1	iSDY_1059.SDY_2600	27.8	284	170	4	12	295	6	254	5.66e-26	106
WP_082477299.1	STM_v1_0.STM2415	28.4	285	167	5	12	295	6	254	1.98e-25	105
WP_082477299.1	iCN718.ABAYE_RS01925	29.9	294	166	5	12	296	6	268	6.04e-25	103
WP_082477299.1	iIT341.HP0476	28.3	286	170	6	10	295	5	255	4.79e-25	103
WP_082477299.1	iNF517.LLMG_RS11690	31.0	281	161	8	12	286	8	261	7.43e-25	103
WP_082477299.1	iMM904.YOL033W	30.1	286	175	5	12	296	48	309	9.52e-25	103
WP_082477302.1	iSbBS512_1146.SbBS512_E0658	41.6	125	68	3	40	162	11	132	7.78e-25	92.8
WP_082477302.1	iSF_1195.SF0561	41.6	125	68	3	40	162	11	132	7.78e-25	92.8
WP_082477302.1	iSSON_1240.SSON_0688	41.6	125	68	3	40	162	11	132	7.78e-25	92.8
WP_082477302.1	iSDY_1059.SDY_0684	40.8	125	69	3	40	162	11	132	3.47e-23	88.6
WP_082477305.1	STM_v1_0.STM3961	29.6	318	178	7	58	349	28	325	1.10e-25	105
WP_082477305.1	iYL1228.KPN_04321	30.5	272	175	5	89	349	57	325	2.16e-23	99.0
WP_082477305.1	iPC815.YPO3830	28.5	295	191	5	65	346	37	324	2.16e-22	96.3
WP_082477308.1	iEK1008.Rv0486	30.6	209	133	4	170	376	242	440	3.27e-13	72.4
WP_082477308.1	iJN1463.PP_4943	27.0	226	153	6	142	362	141	359	4.64e-12	68.2
WP_082477310.1	iYL1228.KPN_04677	37.5	280	167	5	13	287	6	282	2.69e-56	183
WP_082477311.1	iLJ478.TM0114	31.2	173	111	4	151	320	112	279	4.43e-18	83.6
WP_082477317.1	STM_v1_0.STM2232	28.2	655	392	20	18	658	6	596	1.60e-55	199
WP_082477320.1	iPC815.YPO3712	50.4	359	164	4	26	375	4	357	1.83e-107	320
WP_082477320.1	iSF_1195.SF4170	49.7	366	166	6	26	379	4	363	1.11e-106	318
WP_082477320.1	iML1515.b4035	49.5	366	167	6	26	379	4	363	6.31e-106	316
WP_082477320.1	iSSON_1240.SSON_4213	49.5	366	167	6	26	379	4	363	6.31e-106	316
WP_082477320.1	iYL1228.KPN_04424	48.5	363	173	5	26	379	4	361	1.35e-104	312
WP_082477320.1	STM_v1_0.STM3554	53.3	321	146	3	25	343	3	321	3.57e-104	311
WP_082477320.1	iML1515.b3450	49.9	351	169	6	25	372	3	349	5.05e-104	310
WP_082477320.1	iSynCJ816.SGL_RS17635	48.9	354	172	4	26	372	4	355	2.54e-103	309
WP_082477320.1	iSbBS512_1146.SbBS512_E3873	50.1	351	168	6	25	372	3	349	2.87e-103	308
WP_082477320.1	STM_v1_0.STM4230	48.4	364	172	5	26	379	4	361	6.17e-103	308
WP_082477320.1	iEK1008.Rv2038c	49.0	345	153	4	44	378	24	355	4.78e-102	305
WP_082477320.1	iYL1228.KPN_03810	50.4	353	164	6	25	372	3	349	7.45e-101	302
WP_082477320.1	iPC815.YPO3793	49.4	360	167	8	26	378	4	355	1.09e-100	302
WP_082477320.1	iJN1463.PP_1018	47.0	366	177	8	26	378	4	365	7.25e-100	301
WP_082477320.1	iEK1008.Rv1238	50.3	318	149	5	26	334	4	321	1.57e-95	290
WP_082477323.1	STM_v1_0.STM3554	53.1	356	157	5	1	349	4	356	6.81e-119	347
WP_082477323.1	iML1515.b3450	51.7	356	162	5	1	349	4	356	5.52e-118	345
WP_082477323.1	iYL1228.KPN_03810	52.1	353	163	3	1	348	4	355	8.97e-117	342
WP_082477323.1	iSbBS512_1146.SbBS512_E3873	51.7	356	162	5	1	349	4	356	8.97e-117	342
WP_082477323.1	iPC815.YPO3793	52.8	356	157	5	1	349	4	355	3.03e-115	338
WP_082477323.1	iSF_1195.SF4170	49.5	364	167	6	1	349	4	365	8.70e-108	319
WP_082477323.1	STM_v1_0.STM4230	49.6	361	169	5	1	349	4	363	1.16e-107	319
WP_082477323.1	iML1515.b4035	49.5	364	167	6	1	349	4	365	3.50e-107	318
WP_082477323.1	iSSON_1240.SSON_4213	49.5	364	167	6	1	349	4	365	3.50e-107	318
WP_082477323.1	iPC815.YPO3712	50.0	364	163	6	1	349	4	363	3.28e-107	318
WP_082477323.1	iYL1228.KPN_04424	49.6	361	169	5	1	349	4	363	4.65e-107	317
WP_082477323.1	iJN1463.PP_1018	48.3	362	174	4	1	349	4	365	6.05e-106	315
WP_082477323.1	iEK1008.Rv2038c	53.7	326	139	5	23	341	28	348	7.23e-106	314
WP_082477326.1	iYO844.BSU28730	36.3	204	129	1	81	283	77	280	6.72e-42	145
WP_082477328.1	iSynCJ816.SGL_RS14000	46.0	235	127	0	1	235	31	265	2.95e-64	200
WP_082477332.1	iSynCJ816.SGL_RS16650	34.3	233	151	2	76	308	67	297	1.19e-39	140
WP_082477332.1	iEK1008.Rv2834c	32.4	262	172	4	47	308	18	274	4.23e-37	133
WP_082477332.1	iJN1463.PP_1017	30.8	273	184	2	36	308	13	280	1.50e-34	126
WP_082477332.1	iYS854.USA300HOU_RS01105	35.4	206	132	1	103	308	74	278	1.43e-34	126
WP_082477334.1	iEK1008.Rv2888c	33.9	407	240	14	47	440	74	464	1.16e-38	145
WP_082477335.1	iSDY_1059.SDY_0345	53.2	299	136	2	3	297	49	347	9.73e-103	303
WP_082477335.1	iML1515.b0394	52.8	301	138	2	1	297	1	301	8.72e-103	302
WP_082477335.1	iPC815.YPO3211	53.5	299	135	2	1	295	1	299	1.87e-102	301
WP_082477335.1	iYL1228.KPN_00337	52.9	297	136	2	3	295	14	310	3.81e-102	301
WP_082477335.1	iSSON_1240.SSON_0371	52.8	299	137	2	3	297	49	347	1.11e-101	301
WP_082477335.1	iSF_1195.SF0330	52.5	299	138	2	3	297	49	347	5.14e-100	296
WP_082477335.1	STM_v1_0.STM0393	52.3	302	134	3	1	295	1	299	1.64e-100	296
WP_082477337.1	iYS854.USA300HOU_RS06925	25.6	824	539	19	43	831	34	818	1.54e-52	197
WP_082477340.1	iLJ478.TM0282	42.6	345	182	7	2	332	11	353	2.43e-80	248
WP_082477341.1	iSynCJ816.SGL_RS07090	42.6	197	97	2	94	290	332	512	2.53e-36	135
WP_082477341.1	iCN900.CD630_07510	36.0	228	131	2	66	293	9	221	2.41e-38	134
WP_082477341.1	iYS854.USA300HOU_RS09930	40.2	219	110	2	75	293	284	481	7.71e-36	134
WP_082477341.1	iNF517.LLMG_RS09715	34.1	223	132	3	72	294	507	714	9.46e-33	127
WP_082477345.1	iJN1463.PP_5107	45.2	168	92	0	54	221	56	223	3.10e-45	150
WP_082477345.1	iML1515.b3208	46.7	167	88	1	56	221	66	232	6.46e-43	144
WP_082477346.1	iML1515.b1601	27.2	372	225	7	28	392	8	340	4.89e-24	103
WP_082477351.1	iYL1228.KPN_00067	57.1	315	132	2	34	348	16	327	2.11e-130	375
WP_082477351.1	iSF_1195.SF0063	57.1	308	130	1	41	348	22	327	2.43e-129	372
WP_082477351.1	iML1515.b0068	56.8	308	131	1	41	348	22	327	1.40e-128	370
WP_082477351.1	iSbBS512_1146.SbBS512_E0060	56.8	308	131	1	41	348	22	327	3.98e-128	369
WP_082477351.1	STM_v1_0.STM0108	56.2	315	135	2	34	348	16	327	5.64e-128	369
WP_082477351.1	iSDY_1059.SDY_0095	56.5	308	132	1	41	348	22	327	5.64e-128	369
WP_082477351.1	iSSON_1240.SSON_0074	56.5	308	132	1	41	348	22	327	8.00e-128	369
WP_082477351.1	iPC815.YPO0522	55.1	316	140	1	33	348	17	330	1.26e-127	368
WP_082477355.1	iML1515.b1616	21.8	417	306	6	47	450	33	442	1.94e-18	87.0
WP_082477361.1	iJN1463.PP_3595	55.8	224	99	0	80	303	12	235	2.09e-82	248
WP_082477363.1	iPC815.YPO2959	60.0	513	204	1	26	537	15	527	9.81e-193	549
WP_082477371.1	iML1515.b0632	37.3	236	141	2	52	280	50	285	1.37e-38	144
WP_082477371.1	iSDY_1059.SDY_0554	37.3	236	141	2	52	280	50	285	1.37e-38	144
WP_082477371.1	iSF_1195.SF0649	37.3	236	141	2	52	280	50	285	1.37e-38	144
WP_082477371.1	iSSON_1240.SSON_0586	37.3	236	141	2	52	280	50	285	1.37e-38	144
WP_082477371.1	iJN1463.PP_4803	36.3	240	152	1	41	280	31	269	1.37e-38	144
WP_082477371.1	iYL1228.KPN_00664	36.4	236	143	2	52	280	46	281	3.35e-38	143
WP_082477371.1	iSbBS512_1146.SbBS512_E0619	36.9	236	142	2	52	280	50	285	4.99e-38	143
WP_082477371.1	STM_v1_0.STM0637	36.4	236	143	2	52	280	50	285	6.88e-38	142
WP_082477371.1	iPC815.YPO2601	36.0	236	144	2	52	280	47	282	1.24e-37	142
WP_082477371.1	STM_v1_0.STM0863	38.5	226	132	2	50	268	41	266	5.83e-36	137
WP_082477371.1	iML1515.b0839	38.0	234	137	3	42	268	34	266	2.09e-35	135
WP_082477371.1	iSbBS512_1146.SbBS512_E2506	38.0	234	137	3	42	268	34	266	2.09e-35	135
WP_082477371.1	iSF_1195.SF0789	38.0	234	137	3	42	268	41	273	6.35e-36	135
WP_082477371.1	iSDY_1059.SDY_0841	37.6	234	138	3	42	268	34	266	2.88e-35	135
WP_082477371.1	iYL1228.KPN_00871	36.3	234	141	3	42	268	34	266	7.50e-35	134
WP_082477371.1	iHN637.CLJU_RS05525	35.2	219	136	3	52	265	56	273	1.00e-33	131
WP_082477373.1	iEK1008.Rv0125	31.9	257	139	9	126	363	79	318	5.63e-21	94.0
WP_082477376.1	iML1515.b3003	54.0	276	125	2	11	284	16	291	1.99e-89	267
WP_082477378.1	iEK1008.Rv0672	42.1	532	301	4	14	542	9	536	1.78e-129	388
WP_082477381.1	iEK1008.Rv0486	29.9	254	150	8	125	359	146	390	1.25e-15	78.2
WP_082477381.1	iJN1463.PP_4943	30.7	274	165	12	112	376	75	332	6.18e-15	75.5
WP_082477382.1	iJN1463.PP_1912	40.4	332	191	5	4	333	6	332	6.04e-69	219
WP_082477382.1	iAF987.Gmet_1598	37.0	338	204	4	2	335	1	333	1.07e-65	211
WP_082477382.1	iML1515.b1090	34.4	337	213	5	2	333	4	337	1.53e-61	200
WP_082477382.1	iSbBS512_1146.SbBS512_E2234	34.1	337	214	5	2	333	4	337	4.27e-61	199
WP_082477387.1	iML1515.b2817	32.1	377	228	12	49	406	39	406	8.56e-39	144
WP_082477387.1	iSbBS512_1146.SbBS512_E3045	32.1	377	228	12	49	406	39	406	8.56e-39	144
WP_082477387.1	iSSON_1240.SSON_2974	32.1	377	228	12	49	406	69	436	1.42e-38	144
WP_082477387.1	iSDY_1059.SDY_3034	32.1	377	228	12	49	406	69	436	1.97e-38	143
WP_082477387.1	iSF_1195.SF2828	32.1	377	228	12	49	406	69	436	2.73e-38	143
WP_082477387.1	iJN1463.PP_4897	30.6	376	238	7	49	406	30	400	5.86e-38	142
WP_082477387.1	STM_v1_0.STM2991	32.4	377	227	12	49	406	39	406	8.38e-38	141
WP_082477387.1	iYL1228.KPN_03225	30.8	389	243	10	36	406	26	406	1.61e-37	140
WP_082477387.1	iPC815.YPO1023	29.2	383	245	9	49	412	39	414	7.76e-36	135
WP_082477387.1	iML1515.b2435	39.0	223	133	3	185	406	55	275	2.27e-36	134
WP_082477387.1	STM_v1_0.STM4358	29.2	387	240	13	49	406	28	409	4.04e-35	134
WP_082477387.1	iSbBS512_1146.SbBS512_E2807	39.0	223	133	3	185	406	55	275	2.27e-36	134
WP_082477387.1	iSDY_1059.SDY_2633	39.0	223	133	3	185	406	55	275	2.27e-36	134
WP_082477387.1	iSF_1195.SF2488	39.0	223	133	3	185	406	55	275	2.27e-36	134
WP_082477387.1	iSSON_1240.SSON_2524	39.0	223	133	3	185	406	55	275	2.27e-36	134
WP_082477387.1	iYL1228.KPN_04567	36.6	224	136	4	188	406	196	418	1.19e-34	133
WP_082477387.1	iYL1228.KPN_02778	37.8	225	137	3	183	406	54	276	1.21e-35	132
WP_082477387.1	STM_v1_0.STM2450	37.7	220	134	3	188	406	58	275	6.15e-35	130
WP_082477388.1	iPC815.YPO2421	32.1	215	135	5	3	213	18	225	5.07e-20	87.0
WP_082477388.1	iYL1228.KPN_03846	29.9	214	141	4	3	213	18	225	8.98e-19	83.6
WP_082477388.1	STM_v1_0.STM2298	30.4	214	140	4	3	213	18	225	2.33e-18	82.4
WP_082477388.1	iML1515.b2254	29.9	214	141	4	3	213	18	225	3.04e-18	82.0
WP_082477388.1	iSF_1195.SF2333	29.9	214	141	4	3	213	18	225	3.04e-18	82.0
WP_082477388.1	iSSON_1240.SSON_2315	29.9	214	141	4	3	213	18	225	3.04e-18	82.0
WP_082477388.1	iAF987.Gmet_0885	32.8	201	126	4	3	200	14	208	3.69e-18	81.6
WP_082477390.1	iEK1008.Rv3032	26.6	399	228	19	62	418	15	390	4.54e-11	63.9
WP_082477390.1	iYO844.BSU35590	29.1	282	160	14	125	390	95	352	4.12e-10	60.8
WP_082477392.1	iAF987.Gmet_1624	42.8	339	161	8	29	363	6	315	1.36e-72	231
WP_082477392.1	iJN1463.PP_0514	42.3	350	155	10	28	363	11	327	2.50e-64	210
WP_082477393.1	iAF987.Gmet_3509	24.9	1045	707	26	52	1048	18	1032	4.27e-61	226
WP_082477393.1	iSDY_1059.SDY_2654	23.4	1067	734	24	39	1052	1	1037	1.88e-59	221
WP_082477393.1	iML1515.b2470	23.7	1068	730	25	39	1052	1	1037	3.35e-59	221
WP_082477393.1	iSSON_1240.SSON_2550	23.7	1068	730	25	39	1052	1	1037	3.35e-59	221
WP_082477393.1	iSF_1195.SF2512	23.6	1068	731	25	39	1052	1	1037	2.52e-58	218
WP_082477393.1	iJN1463.PP_3426	22.7	1079	746	24	38	1057	2	1051	1.57e-57	216
WP_082477393.1	iJN1463.PP_1385	23.6	1062	734	26	39	1048	1	1037	1.49e-56	213
WP_082477393.1	iJN1463.PP_0043	25.4	1035	690	26	61	1038	27	1036	3.55e-56	211
WP_082477393.1	iJN1463.PP_2410	25.4	1068	713	26	39	1048	5	1046	1.06e-54	207
WP_082477397.1	iAF987.Gmet_2235	33.3	375	196	11	3	360	1	338	3.20e-46	160
WP_082477398.1	iEK1008.Rv1212c	29.6	328	187	13	104	395	63	382	3.15e-18	85.5
WP_082477398.1	iYO844.BSU35590	27.2	265	163	6	107	356	94	343	3.44e-17	82.4
WP_082477402.1	iLB1027_lipid.PHATRDRAFT_50964	38.0	79	46	1	105	183	114	189	1.80e-11	62.4
WP_082477402.1	iAF987.Gmet_1566	44.1	68	38	0	105	172	106	173	1.43e-10	59.7
WP_082477402.1	iHN637.CLJU_RS03265	43.1	65	37	0	108	172	112	176	4.84e-10	58.2
WP_082477403.1	iSynCJ816.SGL_RS14000	35.7	263	153	2	28	276	5	265	4.47e-45	152
WP_082477403.1	STM_v1_0.STM3561	39.0	249	137	2	43	276	5	253	7.08e-44	149
WP_082477403.1	iAF987.Gmet_1820	35.5	251	142	2	43	276	1	248	1.23e-43	148
WP_082477403.1	iPC815.YPO3805	39.0	249	137	3	43	276	6	254	1.41e-43	148
WP_082477403.1	iYL1228.KPN_03817	39.0	249	137	2	43	276	5	253	1.98e-43	148
WP_082477403.1	iJN1463.PP_1138	36.1	249	144	3	43	276	5	253	2.17e-42	145
WP_082477403.1	iSSON_1240.SSON_3693	38.2	249	139	3	43	276	5	253	4.31e-42	144
WP_082477403.1	iML1515.b3455	38.2	249	139	3	43	276	5	253	6.07e-42	144
WP_082477403.1	iSbBS512_1146.SbBS512_E3867	38.2	249	139	3	43	276	5	253	6.07e-42	144
WP_082477403.1	iSF_1195.SF3473	38.2	249	139	3	43	276	5	253	6.07e-42	144
WP_082477403.1	iSDY_1059.SDY_3604	37.8	249	140	3	43	276	5	253	1.69e-41	143
WP_082477405.1	iSSON_1240.SSON_1639	45.9	279	149	1	23	301	16	292	1.36e-79	243
WP_082477405.1	iML1515.b1485	45.5	279	150	1	23	301	16	292	1.54e-78	240
WP_082477405.1	iSbBS512_1146.SbBS512_E1748	45.2	279	147	2	23	301	16	288	1.24e-76	235
WP_082477408.1	STM_v1_0.STM3671	36.1	108	69	0	16	123	9	116	1.13e-14	67.8
WP_082477408.1	iML1515.b3577	33.0	112	75	0	12	123	5	116	5.99e-14	65.9
WP_082477410.1	iYL1228.KPN_01129	21.5	311	199	12	49	354	20	290	4.08e-06	48.1
WP_082477411.1	iML1515.b2371	30.0	383	250	7	25	401	9	379	3.96e-47	165
WP_082477415.1	iJN1463.PP_4042	54.3	495	218	3	23	509	6	500	6.96e-184	524
WP_082477416.1	iAF987.Gmet_3262	38.8	129	75	3	64	191	121	246	4.05e-14	70.9
WP_082477419.1	iML1515.b0493	32.2	264	163	5	38	296	15	267	8.30e-32	119
WP_082477419.1	iMM1415.235033	33.5	257	149	7	34	270	1	255	4.39e-31	118
WP_082477419.1	iCHOv1.100773401	33.9	257	148	7	34	270	1	255	2.91e-30	115
WP_082477419.1	iMM1415.15485	34.3	274	144	7	37	288	2	261	2.68e-29	114
WP_082477419.1	iCHOv1.100750866	33.9	254	147	5	37	271	2	253	8.15e-29	112
WP_082477420.1	iJN1463.PP_5135	34.2	228	146	2	10	236	50	274	3.19e-33	124
WP_082477436.1	iYL1228.KPN_02455	33.9	443	272	5	201	642	169	591	4.37e-67	230
WP_082477436.1	iAF987.Gmet_3085	33.9	439	262	9	217	647	460	878	5.12e-60	216
WP_082477436.1	iAF987.Gmet_0700	34.9	441	258	8	211	643	389	808	2.27e-60	216
WP_082477436.1	iAF987.Gmet_0782	34.7	444	265	8	210	647	295	719	2.84e-60	214
WP_082477436.1	iAF987.Gmet_0957	33.4	443	271	8	211	647	190	614	3.89e-60	212
WP_082477437.1	iAF987.Gmet_1899	43.7	245	137	1	32	275	7	251	1.06e-68	213
WP_082477437.1	iSynCJ816.SGL_RS05565	44.5	247	128	2	32	269	3	249	5.11e-67	209
WP_082477437.1	iSynCJ816.SGL_RS06580	44.4	248	129	4	32	271	19	265	2.26e-64	204
WP_082477437.1	iSynCJ816.SGL_RS16580	43.7	247	131	4	32	270	5	251	1.21e-59	200
WP_082477437.1	iSynCJ816.SGL_RS16585	43.3	247	133	3	32	271	24	270	9.59e-63	198
WP_082477437.1	iYO844.BSU08830	43.6	243	134	1	31	273	2	241	7.74e-61	192
WP_082477438.1	iJN1463.PP_3599	27.0	293	202	9	45	330	13	300	3.33e-17	80.5
WP_082477438.1	iYO844.BSU02460	25.1	299	212	7	36	327	1	294	3.05e-16	77.8
WP_082477438.1	iAF692.Mbar_A1150	26.1	264	186	5	51	310	10	268	1.18e-15	75.9
WP_082477438.1	iCN718.ABAYE_RS00850	28.5	281	186	7	51	324	16	288	1.07e-14	73.2
WP_082477439.1	iSSON_1240.SSON_1638	43.4	318	173	2	37	351	20	333	2.37e-82	253
WP_082477439.1	iML1515.b1486	43.4	318	173	2	37	351	20	333	4.74e-82	253
WP_082477439.1	iJN1463.PP_0881	41.1	331	192	2	24	353	5	333	5.38e-77	239
WP_082477445.1	iCN900.CD630_15880	29.1	251	157	3	82	321	63	303	7.11e-20	88.2
WP_082477445.1	iPC815.YPO0411	30.6	294	190	4	33	319	13	299	2.33e-18	84.3
WP_082477445.1	iPC815.YPO2499	30.8	247	170	1	82	327	82	328	2.59e-18	84.0
WP_082477445.1	iNF517.LLMG_RS04065	29.3	283	184	8	56	331	40	313	6.51e-17	79.7
WP_082477447.1	iJN1463.PP_4492	39.7	345	202	2	5	346	23	364	1.10e-72	231
WP_082477457.1	iML1515.b3662	41.9	353	195	1	2	354	26	368	8.20e-81	252
WP_082477463.1	iJN1463.PP_2455	34.8	488	284	10	43	505	27	505	1.02e-68	236
WP_082477463.1	iLJ478.TM0956	32.7	511	306	12	26	505	7	510	3.65e-68	235
WP_082477463.1	iPC815.YPO3964	32.5	495	308	10	27	501	2	490	4.56e-67	231
WP_082477463.1	iNF517.LLMG_RS04060	32.0	497	299	11	32	502	3	486	4.02e-65	226
WP_082477463.1	iPC815.YPO0958	32.3	493	304	12	32	502	6	490	2.37e-64	224
WP_082477463.1	STM_v1_0.STM3882	31.2	494	314	10	30	503	3	490	4.73e-64	223
WP_082477463.1	iLJ478.TM0115	30.5	509	317	13	25	506	8	506	7.33e-64	223
WP_082477463.1	iHN637.CLJU_RS00620	30.0	493	317	10	31	501	5	491	1.18e-63	222
WP_082477463.1	iSDY_1059.SDY_1121	31.8	494	312	11	26	499	2	490	1.33e-63	222
WP_082477463.1	iML1515.b1900	31.8	494	312	11	26	499	2	490	1.83e-63	221
WP_082477463.1	iSbBS512_1146.SbBS512_E1024	31.8	494	312	11	26	499	2	490	2.52e-63	221
WP_082477463.1	iPC815.YPO2256	31.8	515	296	16	28	507	16	510	3.89e-63	221
WP_082477463.1	iSSON_1240.SSON_1218	31.6	494	313	11	26	499	2	490	9.08e-63	219
WP_082477463.1	iML1515.b4087	30.8	504	314	12	31	503	5	504	3.74e-62	218
WP_082477463.1	iML1515.b3749	30.9	495	314	11	30	503	3	490	3.05e-62	218
WP_082477463.1	iYL1228.KPN_04154	30.4	494	318	10	30	503	3	490	2.07e-61	216
WP_082477463.1	iYO844.BSU35940	30.2	493	312	12	32	501	3	486	3.27e-61	215
WP_082477467.1	iML1515.b3662	42.0	369	209	1	2	370	26	389	2.29e-82	256
WP_092935839.1	iAF987.Gmet_0069	34.4	122	73	3	2	117	3	123	1.80e-15	73.9
WP_092935839.1	iAF987.Gmet_1914	38.1	105	64	1	1	104	1	105	9.27e-14	69.7
WP_092990171.1	iCN900.CD630_02510	28.2	241	151	5	163	391	151	381	6.52e-14	72.8
WP_092990171.1	iPC815.YPO4121	24.4	287	188	5	141	400	101	385	6.88e-13	69.7
WP_132532244.1	iAF987.Gmet_3262	38.4	112	60	2	34	140	143	250	1.25e-13	65.5
WP_132532244.1	iAF987.Gmet_1377	38.6	101	59	2	25	122	550	650	3.90e-11	59.3
WP_132532573.1	iCN900.CD630_10620	36.1	83	41	2	7	88	2	73	9.30e-10	50.1
WP_132532573.1	iHN637.CLJU_RS06285	45.3	75	35	2	7	75	3	77	9.73e-10	50.1
WP_132532573.1	iYS854.USA300HOU_RS06195	43.6	55	31	0	7	61	4	58	9.73e-10	50.1
WP_132532573.1	iLB1027_lipid.PHATRDRAFT_31440	36.5	52	33	0	7	58	52	103	1.16e-07	45.8
WP_132532573.1	iJN1463.PP_1915	40.7	54	32	0	8	61	6	59	6.34e-08	45.4
WP_132534137.1	iAM_Pv461.PVX_087035	30.4	415	268	4	24	417	44	458	1.99e-55	190
WP_132534137.1	iAM_Pb448.PBANKA_083440	29.9	435	282	6	5	417	37	470	3.69e-54	187
WP_132534137.1	iAM_Pc455.PCYB_074100	29.1	446	282	5	5	417	8	452	5.10e-53	183
WP_132534137.1	iAM_Pf480.PF3D7_0933600	28.9	432	285	5	7	417	45	475	6.00e-52	181
WP_132534137.1	iMM1415.22273	28.0	425	292	6	9	421	53	475	7.88e-51	178
WP_132534137.1	iCHOv1.100766805	27.4	419	290	6	15	421	2	418	1.78e-50	176
WP_132534912.1	iCHOv1.3979186	37.2	231	131	4	34	264	6	222	1.30e-48	161
WP_132534912.1	iJN1463.PP_0103	39.7	234	136	5	32	265	23	251	8.91e-46	158
WP_132534912.1	iMM904.Q0250	38.9	244	132	6	28	265	16	248	8.83e-46	154
WP_132534912.1	iAT_PLT_636.4513	40.0	225	117	7	34	256	6	214	1.26e-45	153
WP_132536656.1	iYO844.BSU30280	32.0	269	178	4	91	356	26	292	9.63e-32	121
WP_132537464.1	iPC815.YPO3806	26.7	303	195	4	2	278	104	405	3.61e-20	89.7
WP_132537464.1	iJN1463.PP_1139	26.5	306	191	6	2	278	106	406	1.16e-19	88.2
WP_132537464.1	iJN1463.PP_4865	25.8	302	197	7	2	278	120	419	1.28e-19	88.2
WP_132537464.1	iML1515.b3456	26.4	307	191	8	2	278	104	405	5.59e-19	86.3
WP_132537464.1	iSbBS512_1146.SbBS512_E3866	26.4	307	191	8	2	278	104	405	5.59e-19	86.3
WP_132537464.1	iSSON_1240.SSON_3694	26.4	307	191	8	2	278	104	405	5.59e-19	86.3
WP_132537464.1	STM_v1_0.STM3562	27.6	308	186	10	2	278	104	405	7.59e-19	85.9
WP_132537464.1	iSDY_1059.SDY_3605	26.4	307	191	8	2	278	104	405	7.59e-19	85.9
WP_132537464.1	iSF_1195.SF3474	26.4	307	191	8	2	278	104	405	7.59e-19	85.9
WP_132537464.1	iYL1228.KPN_03818	26.4	307	191	8	2	278	104	405	1.40e-18	85.1
WP_156467954.1	iYL1228.KPN_00986	34.6	78	51	0	101	178	219	296	3.41e-10	58.9
WP_156467954.1	iML1515.b0957	32.1	78	53	0	101	178	209	286	2.69e-09	56.2
WP_156467954.1	iSbBS512_1146.SbBS512_E2359	32.1	78	53	0	101	178	209	286	2.69e-09	56.2
WP_156467954.1	iSDY_1059.SDY_0930	32.1	78	53	0	101	178	213	290	2.72e-09	56.2
WP_156467954.1	iSF_1195.SF0957	32.1	78	53	0	101	178	211	288	2.71e-09	56.2
WP_156467954.1	iSSON_1240.SSON_0961	32.1	78	53	0	101	178	209	286	2.69e-09	56.2
WP_156467963.1	iJN1463.PP_2476	60.1	338	133	2	4	340	6	342	3.00e-139	398
WP_156467963.1	iML1515.b1449	57.3	337	142	2	5	340	7	342	1.21e-131	379
WP_156467964.1	iJN1463.PP_3219	26.8	287	166	8	12	296	5	249	6.58e-16	78.6
WP_156467966.1	iAF987.Gmet_3085	27.4	179	111	5	259	428	46	214	1.26e-12	70.9
WP_156467978.1	iNF517.LLMG_RS06720	23.6	242	150	5	33	264	11	227	3.73e-08	53.1
WP_156467978.1	iYL1228.KPN_00778	27.7	137	90	2	128	261	60	190	5.10e-08	52.4
WP_156467978.1	iPC815.YPO1146	27.4	197	127	6	73	261	2	190	5.19e-08	52.4
WP_156467978.1	iHN637.CLJU_RS10675	23.3	279	187	6	19	282	3	269	1.03e-07	52.0
WP_156467978.1	iPC815.YPO0521	28.2	149	98	4	132	279	93	233	6.90e-07	50.1
WP_156467978.1	iML1515.b1442	26.2	221	147	6	27	236	39	254	1.56e-06	48.5
WP_156467978.1	iYS854.USA300HOU_RS05495	22.8	254	172	6	34	281	11	246	1.30e-06	48.5
WP_156467980.1	iCHOv1.100767455	29.5	271	151	10	19	284	44	279	7.27e-20	87.8
WP_156467980.1	iMM1415.23945	27.5	269	159	8	19	284	50	285	7.59e-17	79.3
WP_156467993.1	iAF987.Gmet_0484	34.4	125	80	2	10	134	228	350	1.02e-08	52.8
WP_156467994.1	iCN718.ABAYE_RS16620	24.2	297	185	10	31	311	31	303	3.52e-11	62.8
WP_156467994.1	iJN1463.PP_0063	23.0	256	178	7	68	317	49	291	2.70e-09	57.0
WP_156468008.1	iAF987.Gmet_3085	37.8	719	391	12	36	748	206	874	2.50e-141	438
WP_156468008.1	iAF987.Gmet_0957	49.4	453	227	2	306	757	168	619	2.48e-137	419
WP_156468008.1	iAF987.Gmet_2629	47.9	443	228	3	322	764	374	813	4.46e-127	398
WP_156468008.1	iAF987.Gmet_0987	47.1	446	232	2	322	764	349	793	4.29e-127	397
WP_156468009.1	iML1515.b4227	71.8	110	31	0	5	114	3	112	1.32e-44	146
WP_156468009.1	iSbBS512_1146.SbBS512_E4856	71.8	110	31	0	5	114	3	112	1.32e-44	146
WP_156468009.1	iPC815.YPO3908	75.0	108	25	1	7	114	7	112	1.04e-43	144
WP_156468009.1	iSSON_1240.SSON_4409	70.9	110	32	0	5	114	3	112	1.47e-43	144
WP_156468009.1	iYL1228.KPN_04622	79.2	96	20	0	19	114	3	98	1.50e-43	143
WP_156468011.1	iIT341.HP0313	31.3	131	83	4	3	129	12	139	3.57e-04	42.0
WP_156468014.1	iCN718.ABAYE_RS07220	72.2	413	115	0	6	418	14	426	1.98e-200	560
WP_156468014.1	iJN1463.PP_1188	61.6	427	164	0	4	430	2	428	2.07e-180	510
WP_156468016.1	iAF692.Mbar_A0669	36.3	366	218	7	5	365	23	378	4.99e-54	191
WP_156468018.1	iAF987.Gmet_1260	50.9	568	271	7	10	574	2	564	4.66e-202	576
WP_156468018.1	iYL1228.KPN_00082	52.0	569	264	5	11	574	4	568	6.52e-199	568
WP_156468018.1	iSSON_1240.SSON_0084	51.3	569	268	5	11	574	4	568	9.23e-199	568
WP_156468018.1	iML1515.b0077	51.1	569	269	5	11	574	4	568	7.47e-198	566
WP_156468018.1	iSDY_1059.SDY_0107	51.1	569	269	5	11	574	4	568	1.21e-196	563
WP_156468018.1	iSF_1195.SF0072	50.8	569	271	5	11	574	32	596	6.29e-196	562
WP_156468018.1	iAF692.Mbar_A0218	49.3	576	278	6	10	584	8	570	1.03e-193	556
WP_156468018.1	iJN1463.PP_4680	50.1	575	277	7	11	579	4	574	8.39e-192	550
WP_156468018.1	iCN718.ABAYE_RS16140	50.7	570	266	8	11	572	4	566	3.57e-188	541
WP_156468021.1	iPC815.YPO3014	57.9	266	112	0	15	280	4	269	1.56e-102	300
WP_156468021.1	STM_v1_0.STM2443	58.7	264	109	0	17	280	6	269	6.31e-102	298
WP_156468021.1	iYL1228.KPN_02772	58.7	264	109	0	17	280	6	269	2.55e-101	297
WP_156468021.1	iML1515.b2424	58.0	264	111	0	17	280	6	269	2.07e-100	295
WP_156468021.1	iSbBS512_1146.SbBS512_E2796	58.0	264	111	0	17	280	6	269	2.07e-100	295
WP_156468021.1	iSSON_1240.SSON_2513	58.0	264	111	0	17	280	6	269	2.07e-100	295
WP_156468021.1	iSDY_1059.SDY_2620	57.6	264	112	0	17	280	6	269	3.38e-99	291
WP_156468021.1	iAF987.Gmet_1905	57.0	265	114	0	20	284	12	276	3.76e-96	284
WP_156468021.1	iCN718.ABAYE_RS05150	53.9	267	123	0	19	285	6	272	3.17e-92	274
WP_156468023.1	iAF987.Gmet_2929	34.2	73	40	2	177	246	131	198	5.88e-04	40.0
WP_156468042.1	iAF987.Gmet_0043	27.6	434	236	15	294	705	10	387	7.92e-26	113
WP_156468046.1	iHN637.CLJU_RS10680	43.6	312	173	2	18	328	15	324	7.20e-80	249
WP_156468046.1	STM_v1_0.STM0878	42.1	328	180	4	13	333	20	344	4.28e-79	247
WP_156468046.1	iYL1228.KPN_00886	50.8	242	119	0	13	254	36	277	9.59e-79	246
WP_156468046.1	iJN1463.PP_0411	44.3	300	164	3	1	297	1	300	1.56e-78	245
WP_156468046.1	iML1515.b0855	50.4	242	120	0	13	254	20	261	2.40e-78	245
WP_156468046.1	iSbBS512_1146.SbBS512_E2476	50.4	242	120	0	13	254	20	261	2.40e-78	245
WP_156468046.1	iSF_1195.SF0809	50.4	242	120	0	13	254	47	288	5.20e-78	245
WP_156468046.1	iSSON_1240.SSON_0840	50.4	242	120	0	13	254	47	288	5.20e-78	245
WP_156468046.1	iSDY_1059.SDY_0740	50.4	242	120	0	13	254	20	261	3.39e-78	244
WP_156468046.1	iPC815.YPO1332	50.4	242	120	0	13	254	20	261	7.54e-77	241
WP_156468046.1	iSynCJ816.SGL_RS17160	41.4	338	184	2	15	351	5	329	1.12e-76	240
WP_156468046.1	iSDY_1059.SDY_2026	47.0	285	145	3	13	294	18	299	3.08e-76	239
WP_156468046.1	iSbBS512_1146.SbBS512_E1304	46.7	285	146	3	13	294	18	299	8.64e-76	238
WP_156468046.1	iSSON_1240.SSON_1144	46.7	285	146	3	13	294	18	299	8.64e-76	238
WP_156468046.1	iML1515.b1126	46.7	285	146	3	13	294	18	299	1.72e-75	238
WP_156468046.1	STM_v1_0.STM1226	47.3	281	142	3	17	294	22	299	1.72e-75	238
WP_156468046.1	iSF_1195.SF1128	46.7	285	146	3	13	294	18	299	1.72e-75	238
WP_156468046.1	iYL1228.KPN_01132	46.6	281	144	3	17	294	22	299	3.43e-75	237
WP_156468046.1	iJN1463.PP_5137	51.7	240	114	1	10	249	7	244	3.59e-74	233
WP_156468046.1	iPC815.YPO2846	40.2	306	181	2	13	316	5	310	2.61e-73	231
WP_156468046.1	iLJ478.TM0421	38.9	357	211	4	13	367	4	355	4.90e-73	231
WP_156468046.1	iJN1463.PP_1484	49.1	234	119	0	18	251	10	243	1.72e-72	229
WP_156468046.1	iCN718.ABAYE_RS05140	42.5	322	170	4	13	328	3	315	4.59e-72	228
WP_156468046.1	iAF987.Gmet_1903	41.4	324	162	4	13	330	3	304	4.84e-72	228
WP_156468046.1	iLJ478.TM1376	41.0	288	170	0	10	297	3	290	9.94e-72	228
WP_156468046.1	iJN1463.PP_3817	49.4	241	121	1	10	249	11	251	3.24e-70	224
WP_156468051.1	iYO844.BSU14890	31.7	357	203	15	44	369	6	352	2.76e-34	129
WP_156468052.1	iML1515.b3003	58.1	289	121	0	37	325	2	290	6.49e-109	318
WP_156468053.1	iLJ478.TM0955	38.9	301	171	2	29	318	22	320	2.18e-54	180
WP_156468053.1	iCN900.CD630_15880	35.3	309	196	3	23	330	10	315	5.82e-50	168
WP_156468053.1	iNF517.LLMG_RS04065	32.9	301	201	1	28	328	14	313	5.38e-50	168
WP_156468053.1	iLJ478.TM0112	34.7	311	198	3	22	330	9	316	3.28e-49	166
WP_156468053.1	iYO844.BSU35950	34.9	301	196	0	21	321	17	317	2.87e-48	164
WP_156468053.1	iCN900.CD630_03020	34.7	314	201	3	18	329	18	329	1.02e-47	163
WP_156468055.1	iYO844.BSU34130	22.5	383	246	10	47	417	340	683	7.73e-16	79.3
WP_156468058.1	iEK1008.Rv2284	28.1	210	133	4	68	275	181	374	6.53e-21	92.4
WP_156468058.1	iEK1008.Rv0220	28.7	237	147	7	62	291	147	368	1.34e-18	85.5
WP_156468086.1	iAF987.Gmet_0043	30.4	240	159	4	249	483	39	275	6.64e-19	89.7
WP_156468105.1	iNF517.LLMG_RS06045	32.7	223	145	3	2	221	4	224	1.14e-34	130
WP_156468105.1	iYS854.USA300HOU_RS07985	33.2	223	146	3	1	221	8	229	2.04e-30	118
WP_156468110.1	iCN718.ABAYE_RS13380	51.5	198	95	1	5	202	2	198	1.65e-65	200
WP_156468125.1	iPC815.YPO3908	71.3	195	55	1	3	197	125	318	8.37e-95	278
WP_156468125.1	iML1515.b4227	67.5	197	63	1	1	197	123	318	7.88e-88	260
WP_156468125.1	iSbBS512_1146.SbBS512_E4856	67.5	197	63	1	1	197	123	318	7.88e-88	260
WP_156468125.1	iSSON_1240.SSON_4409	67.5	197	63	1	1	197	123	318	7.88e-88	260
WP_156468125.1	iSF_1195.SF4263	67.0	197	64	1	1	197	44	239	1.43e-87	257
WP_156468125.1	iYL1228.KPN_04622	67.0	197	64	1	1	197	109	304	1.66e-86	256
WP_156468142.1	STM_v1_0.STM3390	48.1	372	186	2	29	398	14	380	4.15e-104	315
WP_156468142.1	iSbBS512_1146.SbBS512_E3648	48.4	372	185	3	29	398	14	380	1.66e-103	313
WP_156468142.1	iML1515.b3265	48.1	372	186	3	29	398	14	380	6.61e-103	312
WP_156468142.1	iML1515.b0463	45.8	369	197	2	24	392	10	375	3.06e-101	308
WP_156468142.1	iSF_1195.SF0408	45.8	369	197	2	24	392	10	375	4.33e-101	308
WP_156468142.1	iSSON_1240.SSON_0450	45.8	369	197	2	24	392	10	375	4.33e-101	308
WP_156468142.1	iSDY_1059.SDY_0456	45.5	369	198	2	24	392	10	375	2.43e-100	306
WP_156468142.1	iPC815.YPO3132	44.1	388	210	3	27	413	12	393	1.44e-95	293
WP_156468142.1	iYL1228.KPN_03672	45.9	368	190	3	26	392	10	369	1.74e-95	293
WP_156468142.1	iJN1463.PP_1386	44.9	370	185	4	26	394	10	361	7.18e-93	286
WP_156468148.1	iPC815.YPO1351	30.6	232	148	3	55	286	23	241	3.06e-27	105
WP_156468148.1	iML1515.b0863	29.6	233	149	4	55	286	23	241	4.54e-24	97.4
WP_156468148.1	iSbBS512_1146.SbBS512_E2468	29.6	233	149	4	55	286	23	241	4.54e-24	97.4
WP_156468148.1	iSF_1195.SF0817	29.6	233	149	4	55	286	23	241	4.54e-24	97.4
WP_156468148.1	iSSON_1240.SSON_0848	29.6	233	149	4	55	286	23	241	4.54e-24	97.4
WP_156468148.1	STM_v1_0.STM0890	29.2	233	150	4	55	286	23	241	1.22e-23	96.3
WP_156468149.1	iYL1228.KPN_02393	40.2	234	136	3	11	243	14	244	1.92e-46	155
WP_156468149.1	STM_v1_0.STM1929	42.2	211	114	3	11	217	14	220	8.71e-46	153
WP_156468149.1	iML1515.b1897	39.4	208	124	2	11	217	14	220	3.72e-44	149
WP_156468149.1	iSF_1195.SF1944	39.4	208	124	2	11	217	14	220	3.72e-44	149
WP_156468149.1	iSSON_1240.SSON_1220	39.4	208	124	2	11	217	14	220	3.72e-44	149
WP_156468149.1	iSbBS512_1146.SbBS512_E1022	39.4	208	123	3	11	217	14	219	2.22e-42	144
WP_156468156.1	iJN1463.PP_1801	31.6	275	168	7	65	330	104	367	4.90e-26	106
WP_156468157.1	iJN1463.PP_1803	33.0	215	104	8	4	201	6	197	1.40e-14	72.8
WP_156468158.1	iAF987.Gmet_2349	37.0	570	353	3	21	589	7	571	1.19e-103	324
WP_156468159.1	iMM1415.18805	29.5	149	98	2	45	186	356	504	2.94e-11	65.9
WP_156468159.1	iCHOv1.100689404	28.9	149	99	2	45	186	356	504	6.67e-11	64.7
WP_156468159.1	iMM1415.18806	24.7	178	126	3	43	220	337	506	2.59e-10	62.8
WP_156468159.1	iMM904.YKR031C	33.1	148	77	7	43	177	686	824	8.94e-10	61.2
WP_156468165.1	iJN1463.PP_4059	56.7	1096	460	8	24	1107	13	1105	0.0	1248
WP_156468174.1	iJN1463.PP_0882	25.6	485	316	17	74	535	67	529	7.96e-34	134
WP_156468174.1	iSbBS512_1146.SbBS512_E2518	27.6	463	295	16	84	534	62	496	1.43e-33	133
WP_156468174.1	iML1515.b0830	27.6	463	295	16	84	534	62	496	1.94e-33	133
WP_156468174.1	iSSON_1240.SSON_0812	27.6	463	295	16	84	534	62	496	1.94e-33	133
WP_156468174.1	iSDY_1059.SDY_0757	27.6	463	295	16	84	534	62	496	2.63e-33	132
WP_156468174.1	iSF_1195.SF0780	27.4	463	296	16	84	534	62	496	6.58e-33	131
WP_156468174.1	iYL1228.KPN_00863	27.4	456	305	15	84	534	62	496	1.22e-32	130
WP_156468174.1	iYL1228.KPN_03899	25.5	501	323	15	75	550	51	526	2.56e-32	130
WP_156468174.1	iML1515.b3544	24.7	502	326	15	75	550	60	535	6.92e-32	129
WP_156468174.1	iSDY_1059.SDY_4567	24.7	502	326	15	75	550	60	535	6.92e-32	129
WP_156468174.1	iSF_1195.SF3579	24.7	502	326	15	75	550	60	535	6.92e-32	129
WP_156468174.1	iSSON_1240.SSON_3846	24.5	502	327	15	75	550	60	535	2.31e-31	127
WP_156468174.1	STM_v1_0.STM3630	25.0	501	326	15	75	550	60	535	1.04e-30	125
WP_156468174.1	STM_v1_0.STM0849	27.6	464	294	18	84	534	62	496	1.55e-30	124
WP_156468174.1	iJN1463.PP_0884	24.0	499	333	15	75	550	55	530	6.03e-30	123
WP_156468176.1	iYL1228.KPN_02455	32.7	447	285	6	202	644	159	593	4.65e-60	211
WP_156468176.1	iAF987.Gmet_0957	31.2	449	294	7	210	651	178	618	5.30e-56	201
WP_156468176.1	iAF987.Gmet_0782	33.3	432	266	11	224	644	296	716	2.24e-55	201
WP_156468176.1	iAF987.Gmet_2629	30.7	450	294	10	200	642	359	797	2.55e-54	199
WP_156468176.1	iJN1463.PP_1144	30.8	461	288	11	202	651	271	711	1.80e-54	198
WP_156468176.1	iJN1463.PP_3581	30.3	429	284	6	224	645	257	677	2.05e-53	194
WP_156468176.1	iAF987.Gmet_0700	31.9	429	272	9	224	642	389	807	1.39e-52	194
WP_156468176.1	iAF987.Gmet_3085	31.9	454	285	13	206	648	439	879	2.75e-51	191
WP_156468178.1	iEK1008.Rv1237	32.7	275	158	6	42	310	20	273	1.69e-26	105
WP_156468178.1	iEK1008.Rv2039c	29.5	285	177	7	23	304	10	273	4.85e-23	95.9
WP_156468182.1	iEK1008.Rv2899c	31.4	277	163	6	14	272	8	275	7.60e-28	108
WP_156468184.1	iAF987.Gmet_1238	30.2	202	129	3	87	282	56	251	2.31e-22	96.3
WP_156468186.1	iJN1463.PP_2318	39.3	183	110	1	38	219	19	201	2.23e-35	124
WP_156468186.1	iPC815.YPO3080	41.9	167	95	2	36	200	23	189	3.30e-34	121
WP_156468186.1	iYL1228.KPN_00472	38.8	178	101	3	43	215	19	193	2.99e-31	113
WP_156468194.1	iJN1463.PP_4492	27.1	299	173	8	31	305	42	319	1.58e-04	43.1
WP_156468200.1	iJN1463.PP_4597	48.9	333	160	6	36	364	8	334	2.18e-100	300
WP_156468201.1	iYL1228.KPN_03904	33.1	302	173	11	257	543	244	531	1.65e-31	128
WP_156468201.1	iML1515.b3546	30.5	302	180	11	257	543	250	536	2.83e-29	121
WP_156468201.1	iSbBS512_1146.SbBS512_E3983	30.5	302	180	11	257	543	250	536	2.83e-29	121
WP_156468201.1	iSF_1195.SF3580	30.5	302	180	11	257	543	261	547	3.04e-29	121
WP_156468201.1	iSSON_1240.SSON_3844	30.5	302	180	11	257	543	261	547	3.04e-29	121
WP_156468201.1	STM_v1_0.STM3635	32.1	265	156	10	257	511	250	500	1.74e-27	116
WP_156468226.1	iJN1463.PP_4300	46.4	330	172	3	5	332	4	330	1.76e-84	265
WP_156468227.1	iYL1228.KPN_00781	30.6	360	213	8	31	389	29	352	3.20e-36	135
WP_156468227.1	iSbBS512_1146.SbBS512_E2591	30.1	366	207	8	31	389	5	328	1.97e-35	132
WP_156468227.1	iSSON_1240.SSON_0741	29.8	366	208	8	31	389	5	328	1.97e-35	132
WP_156468227.1	iML1515.b0767	29.8	366	208	8	31	389	5	328	3.80e-35	131
WP_156468227.1	iSDY_1059.SDY_2011	29.8	366	208	8	31	389	5	328	3.80e-35	131
WP_156468227.1	STM_v1_0.STM0785	29.9	365	209	7	31	389	5	328	5.28e-35	131
WP_156468227.1	iSF_1195.SF0888	29.5	366	209	8	31	389	5	328	1.41e-34	130
WP_156468232.1	iML1515.b1487	28.7	512	318	13	21	518	25	503	2.54e-43	160
WP_156468232.1	iSbBS512_1146.SbBS512_E1750	28.3	512	320	13	21	518	25	503	1.59e-41	155
WP_156468232.1	iSSON_1240.SSON_1637	28.3	512	320	13	21	518	25	503	2.18e-41	155
WP_156468234.1	iCN900.CD630_07170	48.9	45	23	0	144	188	8	52	1.26e-04	43.1
WP_156468236.1	iYO844.BSU02130	36.4	132	75	3	9	133	38	167	1.44e-13	68.9
WP_156468236.1	STM_v1_0.STM3553	35.1	111	66	3	12	120	10	116	1.46e-12	65.5
WP_156468236.1	iSbBS512_1146.SbBS512_E3875	35.1	111	66	3	12	120	10	116	1.48e-12	65.5
WP_156468236.1	iSF_1195.SF3466	35.1	111	66	3	12	120	10	116	1.48e-12	65.5
WP_156468236.1	iSSON_1240.SSON_3687	35.1	111	66	3	12	120	10	116	1.48e-12	65.5
WP_156468236.1	iML1515.b3449	35.1	111	66	3	12	120	10	116	2.76e-12	64.7
WP_156468236.1	iYL1228.KPN_03809	32.2	146	86	4	12	148	10	151	2.73e-12	64.7
WP_156468237.1	iEK1008.Rv2040c	25.2	282	195	8	17	282	17	298	3.19e-18	82.4
WP_156468237.1	iPC815.YPO3014	25.4	248	170	5	36	276	32	271	5.21e-16	75.9
WP_156468237.1	iYL1228.KPN_00888	24.4	225	156	4	50	271	51	264	7.48e-16	75.5
WP_156468237.1	iSF_1195.SF0811	24.2	231	161	5	44	271	45	264	7.48e-16	75.5
WP_156468237.1	iPC815.YPO1334	24.8	226	156	4	50	272	51	265	7.48e-16	75.5
WP_156468237.1	STM_v1_0.STM0880	24.0	225	157	4	50	271	51	264	1.40e-15	74.7
WP_156468237.1	iHN637.CLJU_RS10670	23.6	208	141	3	47	253	46	236	1.52e-15	74.3
WP_156468237.1	iHN637.CLJU_RS18760	23.8	206	147	4	67	268	57	256	1.66e-15	74.3
WP_156468238.1	iJN1463.PP_4903	36.0	253	151	7	58	305	90	336	5.26e-40	143
WP_156468252.1	iLJ478.TM1724	40.6	244	133	5	12	244	1	243	2.76e-45	151
WP_156468253.1	iAF987.Gmet_2135	42.4	158	76	2	51	208	16	158	2.97e-41	137
WP_156468253.1	iHN637.CLJU_RS11605	42.9	154	73	2	55	208	9	147	3.79e-38	129
WP_162242404.1	iYL1228.KPN_03672	26.2	206	139	3	169	361	171	376	1.16e-08	55.8
WP_162242404.1	iAF987.Gmet_3508	26.7	176	121	4	178	348	236	408	7.15e-08	53.5
WP_162242411.1	STM_v1_0.STM0060	32.5	295	182	6	10	297	2	286	7.12e-36	130
WP_162242411.1	STM_v1_0.STM0622	33.6	289	180	4	10	291	12	295	1.87e-35	129
WP_162242411.1	iHN637.CLJU_RS12480	29.8	292	189	4	10	292	3	287	2.50e-35	129
WP_162242411.1	iHN637.CLJU_RS15035	29.8	292	189	4	10	292	3	287	4.89e-35	128
WP_162242411.1	iML1515.b0616	33.6	289	180	4	10	291	12	295	1.96e-34	126
WP_162242411.1	iSbBS512_1146.SbBS512_E0530	33.6	289	180	4	10	291	12	295	1.96e-34	126
WP_162242411.1	iSSON_1240.SSON_0568	33.6	289	180	4	10	291	17	300	2.18e-34	126
WP_162242411.1	iSF_1195.SF0533	33.2	289	181	4	10	291	12	295	1.04e-33	124
WP_162242411.1	iMM1415.69634	30.6	265	173	4	12	265	27	291	2.51e-32	122
WP_162242411.1	iYL1228.KPN_00036	31.5	292	185	5	12	297	4	286	1.61e-32	121
WP_162242416.1	iSbBS512_1146.SbBS512_E3430	34.0	162	80	6	7	162	196	336	1.02e-13	67.8
WP_162242416.1	iSF_1195.SF3047	33.3	162	81	6	7	162	196	336	6.61e-13	65.5
WP_162242416.1	iSSON_1240.SSON_3145	33.3	162	81	6	7	162	196	336	6.61e-13	65.5
WP_162242416.1	iML1515.b3001	32.7	162	82	6	7	162	196	336	2.28e-12	63.9
WP_162242420.1	iYO844.BSU09530	38.0	137	70	5	6	134	3	132	1.42e-17	76.6
WP_162242420.1	iYO844.BSU39780	38.3	128	76	2	9	134	6	132	1.61e-16	73.6
WP_162242421.1	iSbBS512_1146.SbBS512_E3430	32.0	153	83	4	7	157	196	329	1.91e-13	67.0
WP_162242421.1	iSF_1195.SF3047	31.4	153	84	4	7	157	196	329	1.23e-12	64.7
WP_162242421.1	iSSON_1240.SSON_3145	31.4	153	84	4	7	157	196	329	1.23e-12	64.7
WP_162242421.1	iML1515.b3001	30.7	153	85	4	7	157	196	329	4.24e-12	63.2
WP_162242421.1	iYO844.BSU39780	29.7	155	87	2	3	157	174	306	1.75e-11	61.2
WP_162242423.1	iJN1463.PP_1802	30.4	102	60	3	197	296	207	299	6.00e-04	41.2
WP_162242426.1	STM_v1_0.STM2232	24.3	350	201	17	10	324	10	330	7.23e-08	53.9
WP_162242426.1	iYS854.USA300HOU_RS13930	22.1	376	216	13	1	324	12	362	6.84e-07	50.8
WP_162242432.1	iEK1008.Rv1900c	35.3	167	84	6	235	391	292	444	1.09e-11	65.9
WP_162242441.1	iHN637.CLJU_RS08530	53.6	1543	664	11	60	1595	3	1500	0.0	1550
WP_162242441.1	iSynCJ816.SGL_RS04160	52.8	1535	676	14	65	1595	28	1517	0.0	1543
WP_162242441.1	iYO844.BSU18450	49.6	1547	707	18	64	1603	6	1487	0.0	1440
WP_162242441.1	iEK1008.Rv3859c	50.3	1550	705	19	65	1595	3	1505	0.0	1428
WP_162242443.1	iEK1008.Rv2064	30.4	375	207	17	27	379	10	352	1.92e-18	86.3
WP_162242443.1	iJN1463.PP_4829	28.2	386	247	7	23	381	17	399	3.53e-16	80.1
WP_162242446.1	iYS854.USA300HOU_RS01105	36.9	260	159	3	20	276	22	279	9.59e-50	165
WP_162242446.1	iEK1008.Rv1237	34.5	258	165	3	21	276	19	274	6.93e-45	152
WP_162242457.1	iPC815.YPO1311	39.3	354	208	3	4	354	7	356	3.62e-76	238
WP_162242457.1	iAF692.Mbar_A0466	39.8	319	185	4	40	356	31	344	3.31e-67	215
WP_162242464.1	iEK1008.Rv2188c	30.4	138	84	3	215	343	175	309	3.23e-04	42.4
WP_162242465.1	STM_v1_0.STM2232	26.7	300	170	11	13	281	10	290	4.54e-10	60.5
WP_162242466.1	iYL1228.KPN_02455	35.4	421	267	4	269	686	173	591	1.95e-72	246
WP_162242466.1	iJN1463.PP_3581	36.4	429	264	4	281	701	263	690	2.87e-71	245
WP_162242466.1	iAF987.Gmet_0782	36.1	413	257	3	284	689	305	717	4.17e-70	243
WP_162242466.1	iAF987.Gmet_0700	36.1	440	270	6	259	690	375	811	3.51e-67	236
WP_162242466.1	iAF987.Gmet_0957	36.2	420	254	6	278	686	193	609	7.96e-68	234
WP_162242466.1	iML1515.b1285	33.2	494	309	7	220	706	180	659	2.61e-67	233
WP_162242466.1	iAF987.Gmet_2629	35.6	433	265	6	271	693	376	804	1.17e-65	232
WP_162242466.1	iJN1463.PP_1144	30.6	545	343	9	174	692	173	708	8.65e-66	231
WP_162242466.1	iAF987.Gmet_0987	33.6	411	266	2	284	687	364	774	2.44e-63	225
WP_162242466.1	iAF987.Gmet_3085	33.1	420	273	2	281	692	460	879	7.51e-62	222
WP_162242467.1	iSSON_1240.SSON_1639	48.3	265	137	0	37	301	30	294	1.96e-81	248
WP_162242467.1	iML1515.b1485	47.9	265	138	0	37	301	30	294	2.23e-80	245
WP_162242467.1	iSbBS512_1146.SbBS512_E1748	47.9	265	134	1	37	301	30	290	2.55e-78	239
WP_162242472.1	iJN1463.PP_1494	38.3	235	138	4	391	622	102	332	3.51e-30	121
WP_162242472.1	iAF987.Gmet_1298	43.5	168	88	4	456	622	183	344	7.21e-27	112
WP_200943854.1	iJN1463.PP_1139	47.5	440	193	8	1	430	1	412	7.41e-104	315
WP_200943854.1	iPC815.YPO3806	56.9	306	116	2	128	430	119	411	2.26e-96	296
WP_200943854.1	iJN1463.PP_4865	45.2	431	201	7	1	425	19	420	1.54e-92	286
WP_200943855.1	iJN1463.PP_2848	28.2	220	152	4	33	247	6	224	9.65e-06	45.1
WP_200943855.1	iSynCJ816.SGL_RS05890	25.3	217	146	3	47	247	1	217	2.45e-04	40.8
WP_200943856.1	iML1515.b0543	53.5	101	47	0	9	109	10	110	7.05e-30	102
WP_200943858.1	iAF692.Mbar_A3057	37.2	94	58	1	11	104	9	101	5.94e-15	67.8
WP_200943858.1	iYO844.BSU13170	36.3	113	69	3	5	116	1	111	6.17e-14	65.1
WP_200943859.1	iML1515.b1123	26.1	303	210	8	32	330	34	326	2.30e-21	93.2
WP_200943859.1	iSDY_1059.SDY_2029	26.1	303	210	8	32	330	34	326	2.30e-21	93.2
WP_200943859.1	iSF_1195.SF1125	26.1	303	210	8	32	330	34	326	2.30e-21	93.2
WP_200943859.1	iSbBS512_1146.SbBS512_E2202	26.1	303	210	8	32	330	34	326	3.15e-21	92.8
WP_200943859.1	iJN1463.PP_5181	26.8	370	225	15	10	349	10	363	7.05e-21	92.0
WP_200943859.1	iSSON_1240.SSON_1141	25.7	303	211	8	32	330	34	326	8.02e-21	91.7
WP_200943859.1	STM_v1_0.STM1222	25.4	287	195	7	32	312	34	307	1.31e-19	88.2
WP_200943859.1	iJN1463.PP_0873	26.7	285	185	8	32	299	27	304	5.02e-19	86.7
WP_200943859.1	iYL1228.KPN_01129	24.9	285	195	7	32	310	34	305	8.36e-19	85.9
WP_200943859.1	iYS854.USA300HOU_RS05500	26.7	285	193	8	32	312	42	314	1.68e-18	85.1
WP_200943859.1	iSSON_1240.SSON_0839	26.1	341	207	10	2	315	9	331	3.45e-18	84.3
WP_200943861.1	iEK1008.Rv1399c	42.1	252	140	3	72	318	67	317	7.60e-56	183
WP_200943861.1	iEK1008.Rv1400c	38.7	266	157	3	53	314	51	314	8.80e-51	170
WP_200943861.1	iEK1008.Rv2970c	38.2	249	148	3	54	296	103	351	7.38e-49	167
WP_200943863.1	iYS854.USA300HOU_RS04740	39.6	369	206	7	1	361	1	360	2.31e-79	248
WP_200943864.1	iEK1008.Rv1350	39.3	117	67	3	1	114	1	116	1.74e-15	71.6
WP_200943864.1	iYO844.BSU03930	39.5	124	69	2	5	123	5	127	7.57e-15	70.1
WP_200943864.1	iCN900.CD630_11820	37.6	117	67	2	5	116	4	119	6.57e-15	70.1
WP_200943864.1	iAF987.Gmet_1601	40.3	124	69	3	5	124	3	125	6.33e-15	70.1
WP_200943864.1	iML1515.b1619	35.2	125	75	2	5	125	9	131	3.57e-14	68.2
WP_200943864.1	iAF987.Gmet_1531	33.3	123	77	2	5	123	4	125	1.22e-13	66.6
WP_200943864.1	iHN637.CLJU_RS20765	35.4	127	76	2	4	125	3	128	2.30e-13	65.9
WP_200943864.1	iLJ478.TM1724	35.3	116	70	2	5	116	3	117	2.25e-13	65.9
WP_200943864.1	iNF517.LLMG_RS08260	35.6	118	74	2	8	124	3	119	6.37e-13	64.7
WP_200943866.1	iLJ478.TM1724	65.0	40	14	0	5	44	204	243	2.60e-12	57.8
WP_200943866.1	iEK1008.Rv1928c	59.0	39	16	0	8	46	215	253	2.59e-10	52.4
WP_200943867.1	iEK1008.Rv1399c	41.9	203	113	2	1	199	116	317	2.39e-39	136
WP_200943868.1	iEK1008.Rv2970c	49.1	53	27	0	80	132	103	155	1.23e-13	65.9
WP_200943877.1	iAF692.Mbar_A2376	54.0	274	126	0	27	300	9	282	1.89e-97	299
WP_200943877.1	STM_v1_0.STM2809	45.3	375	174	3	27	388	7	363	4.67e-98	297
WP_200943877.1	iYO844.BSU02980	52.2	276	132	0	25	300	10	285	3.23e-97	295
WP_200943877.1	iML1515.b2677	44.5	375	177	3	27	388	7	363	7.46e-97	294
WP_200943877.1	iSbBS512_1146.SbBS512_E3202	44.5	375	177	3	27	388	7	363	7.46e-97	294
WP_200943877.1	iSF_1195.SF2705	44.5	375	177	3	27	388	7	363	7.46e-97	294
WP_200943877.1	iSSON_1240.SSON_2822	44.3	375	178	3	27	388	7	363	2.98e-96	292
WP_200943877.1	iYL1228.KPN_03008	44.3	375	178	3	27	388	7	363	2.68e-94	287
WP_200943877.1	iNF517.LLMG_RS05325	50.4	278	138	0	25	302	5	282	9.37e-94	286
WP_200943877.1	iPC815.YPO2647	45.2	356	184	3	27	382	7	351	1.04e-93	286
WP_200943880.1	iJN1463.PP_0061	67.1	298	83	3	5	301	9	292	1.54e-139	396
WP_200943880.1	iCN718.ABAYE_RS02360	66.0	297	86	3	6	301	10	292	3.58e-138	393
WP_200943880.1	iSbBS512_1146.SbBS512_E3965	65.2	293	89	3	5	296	7	287	2.11e-134	383
WP_200943880.1	iSDY_1059.SDY_4344	65.2	293	89	3	5	296	7	287	2.11e-134	383
WP_200943880.1	iSF_1195.SF3603	65.2	293	89	3	5	296	7	287	2.11e-134	383
WP_200943880.1	iSSON_1240.SSON_3829	65.2	293	89	3	5	296	7	287	2.11e-134	383
WP_200943880.1	iYL1228.KPN_03923	64.8	293	90	3	5	296	7	287	4.25e-134	382
WP_200943880.1	STM_v1_0.STM3656	64.8	293	90	3	5	296	7	287	8.55e-134	381
WP_200943880.1	iPC815.YPO4072	64.2	293	92	3	5	296	7	287	2.53e-133	380
WP_200943880.1	iAF987.Gmet_2942	63.0	292	91	2	6	297	2	276	2.64e-132	377
WP_200943882.1	iAF987.Gmet_1939	53.7	456	198	6	17	471	8	451	3.38e-163	469
WP_200943882.1	iYO844.BSU06490	47.7	472	238	6	15	485	8	471	1.64e-145	425
WP_200943887.1	iLJ478.TM1255	31.5	356	234	6	54	409	29	374	7.79e-52	179
WP_200943887.1	iAF692.Mbar_A3463	32.6	384	238	9	39	412	19	391	4.49e-50	174
WP_200943887.1	iAF692.Mbar_A2083	33.0	385	245	6	32	410	3	380	1.26e-49	173
WP_200943887.1	iJN1463.PP_3721	31.9	361	239	5	56	413	34	390	1.40e-46	165
WP_200943888.1	iLJ478.TM0115	34.4	244	157	2	37	280	14	254	1.45e-46	163
WP_200943888.1	iSF_1195.SF4262	37.7	244	143	2	37	280	9	243	1.47e-46	162
WP_200943888.1	iSSON_1240.SSON_4410	37.7	244	143	2	37	280	9	243	1.47e-46	162
WP_200943888.1	iML1515.b4485	40.1	222	124	2	37	258	9	221	2.85e-46	162
WP_200943888.1	iYL1228.KPN_04623	36.6	254	150	3	27	280	1	243	1.53e-44	157
WP_200943888.1	iPC815.YPO3964	34.7	248	153	2	33	280	2	240	8.89e-44	155
WP_200943888.1	iPC815.YPO3907	36.5	244	146	2	37	280	4	238	1.06e-42	152
WP_200943888.1	iLJ478.TM0956	33.5	257	158	4	26	280	2	247	1.55e-41	149
WP_200943888.1	iCN900.CD630_03010	36.3	237	142	3	37	273	5	232	4.39e-41	148
WP_200943891.1	STM_v1_0.STM2162	51.0	206	100	1	44	249	26	230	8.88e-56	179
WP_200943891.1	iSF_1195.SF2213	48.9	221	108	2	33	249	11	230	3.54e-55	177
WP_200943891.1	iSbBS512_1146.SbBS512_E0845	48.0	221	110	2	33	249	11	230	5.65e-54	174
WP_200943891.1	iSSON_1240.SSON_2185	48.0	221	110	2	33	249	11	230	5.65e-54	174
WP_200943891.1	iYL1228.KPN_02564	49.8	219	108	2	30	247	11	228	8.46e-54	174
WP_200943891.1	iML1515.b2128	47.5	221	111	2	33	249	11	230	1.59e-53	173
WP_200943891.1	iPC815.YPO1199	45.9	205	108	1	58	259	65	269	4.26e-50	165
WP_200943892.1	iJN1463.PP_0827	37.8	254	138	5	5	245	4	250	3.91e-44	149
WP_200943892.1	iNF517.LLMG_RS01635	38.8	188	115	0	58	245	77	264	2.71e-41	142
WP_200943893.1	iLJ478.TM1750	49.1	318	154	2	25	341	12	322	4.82e-103	305
WP_200943893.1	iLJ478.TM1063	50.3	330	147	7	26	341	3	329	6.26e-99	295
WP_200943893.1	iLJ478.TM0057	50.8	299	140	3	50	341	27	325	4.58e-98	293
WP_200943893.1	iJN1463.PP_0878	48.4	318	162	2	24	341	2	317	5.48e-98	292
WP_200943893.1	iSSON_1240.SSON_3850	48.3	315	161	2	25	339	11	323	7.75e-93	280
WP_200943893.1	iML1515.b3540	48.3	315	161	2	25	339	11	323	1.55e-92	279
WP_200943893.1	STM_v1_0.STM1742	51.2	295	140	3	48	339	35	328	3.11e-92	278
WP_200943893.1	iSF_1195.SF3575	47.9	315	162	2	25	339	11	323	3.11e-92	278
WP_200943893.1	iYL1228.KPN_03895	47.6	317	164	2	23	339	9	323	1.37e-91	276
WP_200943893.1	iPC815.YPO3999	47.6	315	163	2	25	339	32	344	2.65e-91	276
WP_200943893.1	STM_v1_0.STM3626	47.3	315	164	2	25	339	11	323	3.89e-91	275
WP_200943893.1	iSDY_1059.SDY_4563	47.6	315	163	2	25	339	11	323	5.01e-91	275
WP_200943900.1	iAF987.Gmet_3085	32.0	256	156	6	72	311	368	621	7.59e-30	119
WP_200943902.1	iMM904.YPR156C	28.1	114	82	0	37	150	219	332	2.14e-11	65.1
WP_200943902.1	iMM904.YGR138C	28.1	114	82	0	37	150	210	323	2.83e-11	64.7
WP_200943902.1	iAF987.Gmet_3221	23.4	286	204	5	33	311	49	326	3.61e-10	60.8
WP_200943903.1	iJN1463.PP_3597	59.9	242	95	2	1	241	20	260	4.33e-96	281
WP_200943903.1	iYO844.BSU27430	56.4	243	104	2	1	242	1	242	2.74e-95	278
WP_200943903.1	iCN900.CD630_07520	56.3	240	105	0	1	240	1	240	4.86e-93	273
WP_200943903.1	iML1515.b0809	57.5	240	100	2	1	239	1	239	5.62e-92	270
WP_200943903.1	iSbBS512_1146.SbBS512_E2539	57.5	240	100	2	1	239	1	239	5.62e-92	270
WP_200943903.1	iSSON_1240.SSON_0789	57.5	240	100	2	1	239	1	239	7.97e-92	270
WP_200943903.1	iSF_1195.SF0760	57.5	240	100	2	1	239	1	239	1.60e-91	269
WP_200943903.1	iSDY_1059.SDY_0787	57.1	240	101	2	1	239	1	239	9.21e-91	267
WP_200943903.1	STM_v1_0.STM0828	56.3	240	103	2	1	239	1	239	1.31e-90	266
WP_200943903.1	iYL1228.KPN_00838	55.8	240	104	2	1	239	1	239	4.31e-89	263
WP_200943903.1	iNF517.LLMG_RS09915	57.3	241	101	2	1	240	5	244	1.99e-88	261
WP_200943903.1	iJN1463.PP_1300	56.6	242	103	2	1	241	14	254	7.90e-88	260
WP_200943903.1	iPC815.YPO2514	55.4	240	105	2	1	239	1	239	4.97e-88	260
WP_200943903.1	iYO844.BSU23960	55.4	240	107	0	1	240	1	240	7.05e-88	259
WP_200943903.1	iYS854.USA300HOU_RS09925	54.6	240	109	0	1	240	3	242	6.13e-87	257
WP_200943903.1	iML1515.b0652	55.8	242	105	2	1	241	1	241	1.69e-86	256
WP_200943903.1	iJN1463.PP_1068	56.3	245	103	3	1	242	13	256	2.77e-86	256
WP_200943903.1	iSSON_1240.SSON_0606	55.8	242	105	2	1	241	1	241	1.69e-86	256
WP_200943903.1	iML1515.b1917	55.5	247	100	3	2	240	4	248	6.49e-86	255
WP_200943903.1	iSF_1195.SF0629	55.8	242	105	2	1	241	1	241	4.83e-86	255
WP_200943905.1	iJN1463.PP_5005	35.0	543	334	10	76	614	30	557	4.82e-101	318
WP_200943905.1	iJN1463.PP_5003	35.2	491	307	9	131	617	76	559	1.28e-96	306
WP_200943907.1	STM_v1_0.STM2232	27.1	664	390	22	2	655	17	596	1.82e-52	191
WP_200943908.1	iHN637.CLJU_RS11425	39.2	355	197	4	21	361	3	352	2.17e-80	249
WP_200943908.1	iJN1463.PP_0552	38.4	349	207	3	21	361	11	359	3.16e-78	244
WP_200943908.1	iYO844.BSU06240	41.2	347	194	3	21	361	3	345	3.50e-76	238
WP_200943909.1	iCN900.CD630_15910	45.7	543	291	2	17	555	19	561	2.87e-156	458
WP_200943909.1	iJN1463.PP_4161	49.1	509	254	3	49	553	52	559	1.19e-152	449
WP_200943910.1	iYO844.BSU34610	25.3	293	178	14	64	344	50	313	7.62e-07	50.8
WP_200943912.1	iSSON_1240.SSON_1639	46.1	280	150	1	24	303	14	292	5.64e-79	241
WP_200943912.1	iML1515.b1485	45.7	280	151	1	24	303	14	292	6.41e-78	239
WP_200943912.1	iSbBS512_1146.SbBS512_E1748	46.8	280	144	2	24	303	14	288	6.43e-77	236
WP_210168563.1	iMM1415.110198	36.9	111	70	0	10	120	127	237	2.34e-17	75.9
WP_210168563.1	STM_v1_0.STM1288	38.3	115	67	2	6	120	88	198	1.25e-16	73.2
WP_210168563.1	iCHOv1.100751755	36.9	111	70	0	10	120	98	208	4.95e-16	72.0
WP_210168563.1	iYL1228.KPN_01195	35.7	115	70	2	6	120	97	207	5.03e-16	71.6
WP_210168563.1	iYL1228.KPN_02741	39.7	116	68	2	6	120	99	213	1.59e-15	70.5
WP_210168563.1	iML1515.b1781	39.1	115	65	3	6	120	88	197	1.70e-15	70.1
WP_210168563.1	iSF_1195.SF1442	39.1	115	65	3	6	120	88	197	1.72e-15	69.7
WP_210168568.1	iAF987.Gmet_0769	38.8	139	85	0	1	139	7	145	8.71e-28	100
