WP_007137004.1	iPC815.YPO1600	63.0	73	27	0	1	73	1	73	8.65e-24	85.1
WP_007137004.1	iJN1463.PP_1915	58.9	73	30	0	1	73	1	73	3.52e-23	83.6
WP_007137004.1	iML1515.b1094	61.6	73	28	0	1	73	1	73	4.99e-23	83.2
WP_007137004.1	iYL1228.KPN_01092	61.6	73	28	0	1	73	1	73	4.99e-23	83.2
WP_007137004.1	STM_v1_0.STM1196	61.6	73	28	0	1	73	1	73	4.99e-23	83.2
WP_007137004.1	iSbBS512_1146.SbBS512_E2230	61.6	73	28	0	1	73	1	73	4.99e-23	83.2
WP_007137004.1	iSDY_1059.SDY_2056	61.6	73	28	0	1	73	1	73	4.99e-23	83.2
WP_007137004.1	iSF_1195.SF1098	61.6	73	28	0	1	73	1	73	4.99e-23	83.2
WP_007137004.1	iSSON_1240.SSON_1114	61.6	73	28	0	1	73	1	73	4.99e-23	83.2
WP_007137004.1	iYS854.USA300HOU_RS06195	56.9	72	31	0	7	78	6	77	8.03e-22	80.1
WP_044401428.1	iHN637.CLJU_RS01165	47.7	65	31	1	3	64	12	76	2.27e-09	48.1
WP_044401428.1	iLJ478.TM1615	47.5	59	31	0	4	62	20	78	5.67e-08	44.7
WP_044401428.1	iYO844.BSU36860	44.6	65	36	0	1	65	3	67	5.81e-08	44.3
WP_044401428.1	iSynCJ816.SGL_RS02695	40.6	64	38	0	1	64	10	73	1.48e-07	43.5
WP_056065332.1	iML1515.b0957	31.0	100	64	3	525	619	212	311	1.05e-05	47.8
WP_056065332.1	iSbBS512_1146.SbBS512_E2359	31.0	100	64	3	525	619	212	311	1.05e-05	47.8
WP_056065332.1	iSDY_1059.SDY_0930	31.0	100	64	3	525	619	216	315	1.06e-05	47.8
WP_056065332.1	iSF_1195.SF0957	31.0	100	64	3	525	619	214	313	1.06e-05	47.8
WP_056065332.1	iSSON_1240.SSON_0961	31.0	100	64	3	525	619	212	311	1.05e-05	47.8
WP_056065332.1	iYL1228.KPN_00986	32.0	103	59	4	525	619	222	321	1.02e-04	44.7
WP_056065360.1	iYS854.USA300HOU_RS11455	45.9	475	250	4	1	471	1	472	7.41e-138	404
WP_056065362.1	iCHOv1.100773401	30.9	262	143	6	3	238	6	255	2.75e-30	115
WP_056065362.1	iMM1415.235033	29.9	264	143	6	3	238	6	255	1.16e-28	110
WP_056065362.1	iMM904.YMR226C	35.8	193	115	4	3	186	14	206	8.56e-29	110
WP_056065362.1	iNF517.LLMG_RS08260	35.8	179	114	1	1	178	1	179	1.24e-28	109
WP_056065362.1	iCHOv1.100751871	35.9	184	113	4	3	183	30	211	6.07e-28	108
WP_056065362.1	iYL1228.KPN_02061	36.2	177	109	2	1	173	1	177	9.86e-28	107
WP_056065362.1	iMM1415.107605	32.3	201	131	4	3	200	30	228	8.50e-27	105
WP_056065362.1	iSDY_1059.SDY_1586	33.5	176	116	1	4	178	2	177	3.16e-27	105
WP_056065362.1	iML1515.b1539	33.5	176	116	1	4	178	2	177	6.17e-27	104
WP_056065362.1	iYL1228.KPN_01590	32.7	205	134	2	4	204	2	206	6.31e-27	104
WP_056065362.1	iSSON_1240.SSON_1589	33.5	176	116	1	4	178	2	177	6.17e-27	104
WP_056065362.1	iCN718.ABAYE_RS13105	31.5	197	130	2	2	193	6	202	2.47e-26	103
WP_056065367.1	iIT341.HP0665	37.3	442	268	5	7	442	9	447	1.39e-94	292
WP_056065367.1	iSynCJ816.SGL_RS10380	36.1	463	273	7	3	452	11	463	4.90e-91	283
WP_056065367.1	iML1515.b3867	36.6	459	271	8	5	455	11	457	3.65e-88	276
WP_056065367.1	iSbBS512_1146.SbBS512_E4342	36.6	459	271	8	5	455	11	457	3.65e-88	276
WP_056065367.1	iSSON_1240.SSON_4039	36.6	459	271	8	5	455	13	459	3.87e-88	276
WP_056065367.1	iSDY_1059.SDY_3876	36.6	459	271	8	5	455	13	459	1.53e-87	274
WP_056065367.1	iSF_1195.SF3937	36.6	459	271	8	5	455	11	457	2.03e-87	274
WP_056065367.1	STM_v1_0.STM4004	36.6	456	275	7	5	455	11	457	1.13e-86	272
WP_056065367.1	iYL1228.KPN_04175	35.8	461	272	9	5	455	11	457	6.92e-85	267
WP_056065379.1	iJN1463.PP_4258	33.0	203	87	7	105	272	33	221	4.59e-18	82.8
WP_056065379.1	iJN1463.PP_4253	33.0	179	99	7	108	272	36	207	2.63e-17	80.5
WP_056065385.1	iJN1463.PP_4255	53.6	463	213	2	8	469	10	471	7.82e-195	560
WP_056065385.1	iJN1463.PP_4250	55.6	453	199	2	8	459	9	460	1.45e-193	556
WP_056065390.1	iCN900.CD630_21150	24.3	804	541	18	51	788	30	831	4.61e-55	203
WP_056065390.1	iYS854.USA300HOU_RS13880	25.1	733	485	13	87	776	74	785	2.13e-54	201
WP_056065390.1	iSynCJ816.SGL_RS05435	24.8	755	499	20	87	790	5	741	3.34e-53	197
WP_056065390.1	iLJ478.TM0317	25.6	718	467	20	96	774	28	717	4.94e-53	196
WP_056065390.1	iYO844.BSU33500	25.2	763	497	21	59	775	58	792	2.00e-52	195
WP_056065454.1	iAF987.Gmet_0348	20.2	435	276	16	136	528	29	434	2.58e-05	47.0
WP_056065457.1	iAF692.Mbar_A1202	28.7	324	169	14	110	407	26	313	4.73e-20	90.5
WP_056065491.1	iAF987.Gmet_1919	24.6	244	163	5	2	224	4	247	3.07e-13	67.4
WP_056065491.1	iAF987.Gmet_1914	32.4	102	69	0	2	103	3	104	5.93e-12	63.9
WP_056065511.1	iAF987.Gmet_1832	26.8	153	95	5	503	645	373	518	4.31e-08	55.8
WP_056065511.1	iAF987.Gmet_2727	31.8	110	70	2	537	646	293	397	4.46e-08	55.5
WP_056065511.1	iML1515.b0957	32.1	84	55	1	536	617	220	303	4.76e-07	52.0
WP_056065511.1	iSbBS512_1146.SbBS512_E2359	32.1	84	55	1	536	617	220	303	4.76e-07	52.0
WP_056065511.1	iSDY_1059.SDY_0930	32.1	84	55	1	536	617	224	307	4.83e-07	52.0
WP_056065511.1	iSF_1195.SF0957	32.1	84	55	1	536	617	222	305	4.79e-07	52.0
WP_056065511.1	iSSON_1240.SSON_0961	32.1	84	55	1	536	617	220	303	4.76e-07	52.0
WP_056065511.1	iYL1228.KPN_00986	31.8	85	54	2	536	617	230	313	1.15e-06	50.8
WP_056065539.1	iAF987.Gmet_0043	21.9	247	174	5	387	619	25	266	9.26e-10	61.2
WP_056065554.1	iYS854.USA300HOU_RS04875	29.5	352	205	9	1	351	1	310	3.47e-40	143
WP_056065554.1	iYO844.BSU11330	30.5	354	198	11	1	351	1	309	1.30e-39	142
WP_056065554.1	STM_v1_0.STM1193	28.6	353	215	8	1	352	1	317	1.58e-37	136
WP_056065554.1	iSDY_1059.SDY_2059	28.9	353	214	8	1	352	1	317	1.17e-36	134
WP_056065554.1	iSF_1195.SF1095	28.9	353	214	8	1	352	1	317	1.17e-36	134
WP_056065554.1	iML1515.b1091	28.9	353	214	8	1	352	1	317	1.63e-36	134
WP_056065554.1	iSbBS512_1146.SbBS512_E2233	28.9	353	214	8	1	352	1	317	1.63e-36	134
WP_056065554.1	iSSON_1240.SSON_1111	28.9	353	214	8	1	352	1	317	1.63e-36	134
WP_056065561.1	iAF987.Gmet_0043	30.0	110	73	3	284	391	159	266	6.91e-06	47.8
WP_056065571.1	iHN637.CLJU_RS12030	22.4	98	74	1	124	219	22	119	5.25e-04	40.0
WP_056065579.1	iCN900.CD630_28680	24.2	384	268	10	36	409	31	401	3.02e-22	98.6
WP_056065584.1	iMM904.YMR319C	28.4	67	48	0	9	75	80	146	6.98e-04	38.9
WP_056065601.1	iNF517.LLMG_RS08260	34.2	117	73	1	7	123	3	115	2.50e-15	70.1
WP_056065603.1	iAF987.Gmet_0043	22.0	250	182	7	400	639	20	266	5.45e-07	52.4
WP_056065607.1	iMM1415.15486	34.1	208	112	7	2	206	84	269	2.02e-22	94.4
WP_056065607.1	iCHOv1.100751897	33.8	210	114	7	2	208	83	270	2.54e-21	91.3
WP_056065607.1	iNF517.LLMG_RS08260	31.5	222	124	7	2	218	3	201	9.23e-21	87.8
WP_056065631.1	STM_v1_0.STM1511	33.0	179	117	3	8	185	3	179	5.40e-22	91.3
WP_056065631.1	iMM904.YMR226C	33.5	194	119	4	3	187	11	203	1.05e-21	90.9
WP_056065631.1	iNF517.LLMG_RS08950	30.2	192	129	2	1	189	1	190	9.50e-22	90.5
WP_056065631.1	iSDY_1059.SDY_1586	32.2	180	117	4	8	185	3	179	3.89e-21	89.0
WP_056065631.1	iML1515.b1539	32.2	180	117	4	8	185	3	179	1.04e-20	87.8
WP_056065631.1	iSSON_1240.SSON_1589	32.2	180	117	4	8	185	3	179	1.04e-20	87.8
WP_056065631.1	iSF_1195.SF1556	32.2	180	117	4	8	185	3	179	1.45e-20	87.4
WP_056065631.1	iCN900.CD630_11820	28.9	194	131	3	1	189	2	193	7.56e-20	85.5
WP_056065631.1	iSbBS512_1146.SbBS512_E1701	31.7	180	118	4	8	185	3	179	1.03e-19	85.1
WP_056065631.1	iYL1228.KPN_01590	29.6	179	123	3	8	185	3	179	3.87e-19	83.6
WP_056065631.1	iCN718.ABAYE_RS13055	31.9	191	123	4	4	189	12	200	1.12e-18	82.8
WP_056065631.1	iCN718.ABAYE_RS13080	33.2	187	116	5	9	189	18	201	1.57e-18	82.4
WP_056065646.1	iYS854.USA300HOU_RS05260	28.2	308	192	7	23	319	41	330	1.05e-25	107
WP_056065650.1	iCHOv1.100751161	26.7	412	252	9	38	400	59	469	4.53e-38	145
WP_056065650.1	iMM1415.30956	26.7	412	252	9	38	400	59	469	1.12e-37	144
WP_056065650.1	iAT_PLT_636.10157	26.5	411	254	8	38	400	59	469	2.23e-36	140
WP_056065676.1	iAF987.Gmet_1277	44.1	261	145	1	6	265	7	267	1.90e-75	230
WP_056065676.1	STM_v1_0.STM1772	44.3	271	148	1	5	272	7	277	4.08e-72	222
WP_056065676.1	iJN1463.PP_1611	42.1	273	154	2	4	272	3	275	1.49e-71	221
WP_056065676.1	iJN1463.PP_1807	44.9	263	142	1	13	272	12	274	1.65e-70	218
WP_056065676.1	iYL1228.KPN_02230	44.4	259	141	1	17	272	19	277	5.28e-70	217
WP_056065676.1	iCN718.ABAYE_RS08665	41.8	273	155	2	1	272	10	279	1.09e-69	216
WP_056065676.1	iML1515.b1215	44.4	259	141	1	17	272	19	277	2.99e-69	215
WP_056065676.1	iSbBS512_1146.SbBS512_E1379	44.4	259	141	1	17	272	19	277	2.99e-69	215
WP_056065676.1	iSDY_1059.SDY_1264	44.4	259	141	1	17	272	19	277	2.99e-69	215
WP_056065676.1	iSF_1195.SF1218	44.4	259	141	1	17	272	19	277	2.99e-69	215
WP_056065676.1	iSSON_1240.SSON_1963	44.4	259	141	1	17	272	19	277	2.99e-69	215
WP_056065676.1	iPC815.YPO2021	44.0	259	142	1	17	272	19	277	1.70e-68	213
WP_056065676.1	iIT341.HP0003	41.0	261	141	1	19	266	13	273	6.05e-67	209
WP_056065710.1	iSF_1195.SF0473	28.1	462	307	7	18	471	15	459	6.61e-50	176
WP_056065710.1	iSSON_1240.SSON_0523	27.9	462	308	7	18	471	15	459	1.78e-49	175
WP_056065710.1	iYL1228.KPN_04739	26.3	463	325	5	12	470	45	495	1.34e-48	173
WP_056065710.1	iML1515.b0572	28.0	460	306	7	18	469	15	457	1.21e-48	172
WP_056065710.1	iJN1463.PP_1384	28.9	461	311	7	18	470	15	466	3.93e-48	172
WP_056065713.1	iJN1463.PP_3426	40.1	1042	617	5	3	1040	5	1043	9.08e-240	707
WP_056065713.1	STM_v1_0.STM3391	38.2	1039	616	11	5	1033	5	1027	4.61e-217	648
WP_056065713.1	iYL1228.KPN_03673	38.2	1042	619	11	1	1033	1	1026	6.31e-217	648
WP_056065713.1	iJN1463.PP_1385	37.7	1037	628	8	1	1032	1	1024	1.48e-215	645
WP_056065725.1	iLJ478.TM0024	41.8	251	132	5	18	254	208	458	5.54e-61	202
WP_056065728.1	iSSON_1240.SSON_2189	41.8	737	407	10	37	760	35	762	4.61e-187	551
WP_056065728.1	iSDY_1059.SDY_2156	41.8	737	407	10	37	760	35	762	1.30e-186	550
WP_056065728.1	iML1515.b2132	41.8	737	407	10	37	760	35	762	1.83e-186	550
WP_056065728.1	iYL1228.KPN_02568	41.5	737	409	9	37	760	35	762	1.83e-186	550
WP_056065728.1	iSbBS512_1146.SbBS512_E0841	41.8	737	407	10	37	760	35	762	1.83e-186	550
WP_056065728.1	iJN1463.PP_1403	42.2	765	409	14	16	760	9	760	4.86e-186	549
WP_056065728.1	iSF_1195.SF2217	41.7	737	408	10	37	760	35	762	2.06e-185	547
WP_056065728.1	iPC815.YPO0616	40.2	743	394	10	34	760	10	718	3.95e-175	520
WP_056065730.1	iLJ478.TM0024	44.8	250	109	10	323	549	214	457	2.34e-53	191
WP_056065734.1	iYL1228.KPN_00602	26.9	182	104	6	82	244	21	192	1.72e-05	48.5
WP_056065734.1	iSDY_1059.SDY_1022	27.4	157	91	5	87	224	18	170	2.95e-05	47.8
WP_056065734.1	STM_v1_0.STM0585	26.5	162	93	5	102	244	37	191	5.15e-05	47.0
WP_056065756.1	iAF987.Gmet_1948	45.3	247	135	0	1	247	1	247	4.15e-74	225
WP_056065756.1	iLJ478.TM0689	46.7	240	128	0	2	241	402	641	1.11e-68	223
WP_056065756.1	iHN637.CLJU_RS19265	45.3	247	134	1	1	247	1	246	1.61e-70	216
WP_056065756.1	iCN900.CD630_31720	44.9	247	134	2	1	247	1	245	2.89e-68	210
WP_056065759.1	iAM_Pc455.PCYB_051340	34.8	69	41	3	43	110	304	369	4.47e-04	39.3
WP_056065759.1	iAM_Pf480.PF3D7_0827900	34.8	69	41	3	43	110	363	428	4.61e-04	39.3
WP_056065759.1	iMM904.YLR043C	31.8	44	30	0	54	97	19	62	1.08e-04	39.3
WP_056065759.1	iAM_Pb448.PBANKA_070280	30.4	69	44	3	43	110	362	427	6.22e-04	38.9
WP_056065759.1	iAM_Pv461.PVX_088960	34.8	69	41	3	43	110	362	427	6.22e-04	38.9
WP_056065763.1	iYS854.USA300HOU_RS04890	28.7	356	200	4	3	358	3	304	4.26e-43	151
WP_056065763.1	STM_v1_0.STM0850	26.7	356	209	5	1	356	1	304	4.29e-42	148
WP_056065763.1	iML1515.b3543	28.8	378	205	10	1	356	1	336	4.97e-41	146
WP_056065763.1	iSDY_1059.SDY_4566	28.8	378	205	10	1	356	1	336	4.97e-41	146
WP_056065763.1	iSSON_1240.SSON_3847	28.8	378	205	10	1	356	1	336	4.97e-41	146
WP_056065763.1	iYL1228.KPN_03898	29.4	378	203	11	1	356	1	336	9.71e-41	145
WP_056065763.1	STM_v1_0.STM3629	28.0	378	208	8	1	356	1	336	1.36e-40	145
WP_056065763.1	iML1515.b0831	26.1	356	211	4	1	356	1	304	8.87e-41	145
WP_056065763.1	iSDY_1059.SDY_0756	26.1	356	211	4	1	356	1	304	8.87e-41	145
WP_056065763.1	iSF_1195.SF3578	28.3	378	207	10	1	356	1	336	1.90e-40	145
WP_056065763.1	iYL1228.KPN_00864	26.7	356	209	5	1	356	1	304	1.24e-40	144
WP_056065763.1	iSSON_1240.SSON_0813	26.1	356	211	4	1	356	1	304	1.24e-40	144
WP_056065763.1	iYO844.BSU12930	27.9	358	205	3	1	358	1	305	2.55e-40	144
WP_056065763.1	iSF_1195.SF0781	25.8	356	212	4	1	356	1	304	6.65e-40	142
WP_056065763.1	iJN1463.PP_0881	28.2	376	211	7	1	358	1	335	1.84e-39	142
WP_056065763.1	iSbBS512_1146.SbBS512_E2517	25.8	356	212	4	1	356	1	304	1.30e-39	142
WP_056065763.1	iML1515.b1486	26.6	354	205	6	18	355	20	334	4.04e-38	139
WP_056065763.1	iSSON_1240.SSON_1638	26.6	354	205	6	18	355	20	334	7.86e-38	138
WP_056065774.1	iAF987.Gmet_1988	42.0	269	152	2	14	282	7	271	2.58e-69	215
WP_056065774.1	iHN637.CLJU_RS12010	40.8	272	157	2	14	285	9	276	2.12e-65	205
WP_056065783.1	iAF987.Gmet_2999	30.5	128	78	4	4	123	9	133	1.70e-05	44.7
WP_056065783.1	iAF987.Gmet_0069	22.3	130	94	2	1	123	1	130	3.78e-05	43.5
WP_056065794.1	iYS854.USA300HOU_RS10340	40.6	663	385	6	2	661	3	659	9.41e-177	518
WP_056065794.1	iSSON_1240.SSON_2500	41.7	669	382	6	3	665	4	670	8.54e-176	516
WP_056065794.1	iML1515.b2411	41.7	669	382	6	3	665	4	670	1.21e-175	515
WP_056065794.1	iSDY_1059.SDY_2608	41.7	669	382	6	3	665	4	670	6.82e-175	513
WP_056065794.1	iSF_1195.SF2466	41.6	669	383	6	3	665	4	670	1.93e-174	512
WP_056065794.1	iYL1228.KPN_02758	41.1	669	386	6	3	665	4	670	4.35e-173	509
WP_056065794.1	STM_v1_0.STM2427	41.4	669	384	6	3	665	4	670	7.83e-171	503
WP_056065798.1	iYO844.BSU07840	36.0	300	130	10	35	296	669	944	2.99e-42	155
WP_056065801.1	iCN900.CD630_25370	31.0	203	119	5	52	243	300	492	4.98e-21	91.7
WP_056065808.1	iYO844.BSU16770	45.4	271	146	2	10	279	9	278	8.58e-76	233
WP_056065808.1	iLJ478.TM1521	40.5	291	169	2	6	293	4	293	1.56e-74	229
WP_056065808.1	iAF987.Gmet_0211	45.1	268	145	2	6	273	4	269	3.66e-69	216
WP_056065808.1	iCN718.ABAYE_RS00850	40.6	288	170	1	2	289	6	292	1.02e-67	212
WP_056065808.1	iCN900.CD630_32230	41.8	273	158	1	6	278	5	276	7.22e-67	210
WP_056065808.1	STM_v1_0.STM2489	41.6	274	158	2	6	278	4	276	7.01e-67	210
WP_056065808.1	iJN1463.PP_1237	40.5	291	169	2	4	291	2	291	1.08e-66	209
WP_056065811.1	iYS854.USA300HOU_RS10275	39.2	158	96	0	1	158	1	158	8.12e-36	122
WP_056065817.1	iAF987.Gmet_2673	46.3	393	208	3	3	395	1	390	7.57e-104	312
WP_056065817.1	iYO844.BSU15700	43.2	396	222	2	3	396	1	395	1.18e-103	312
WP_056065817.1	iCN900.CD630_25870	44.6	395	216	2	3	396	1	393	1.34e-103	311
WP_056065817.1	iHN637.CLJU_RS06155	42.6	397	225	3	3	398	1	395	2.55e-97	295
WP_056065817.1	iJN1463.PP_5285	44.9	376	200	5	1	373	1	372	5.08e-93	285
WP_056065817.1	iPC815.YPO0048	40.9	401	233	4	1	400	1	398	5.24e-93	285
WP_056065826.1	iJN1463.PP_4635	54.8	389	171	4	2	385	3	391	1.98e-144	416
WP_056065842.1	iYS854.USA300HOU_RS01340	36.8	114	69	2	1	111	2	115	2.74e-15	76.3
WP_056065846.1	iYO844.BSU29060	40.4	193	110	4	1	188	1	193	6.47e-28	103
WP_056065846.1	iCN900.CD630_11290	36.9	176	104	3	4	174	3	176	6.96e-28	103
WP_056065846.1	iML1515.b0103	34.7	176	112	3	1	174	1	175	5.67e-24	93.6
WP_056065846.1	iIT341.HP0831	35.8	173	106	3	5	174	7	177	4.52e-24	93.6
WP_056065846.1	iSDY_1059.SDY_0133	34.7	176	112	3	1	174	1	175	5.67e-24	93.6
WP_056065846.1	iSSON_1240.SSON_0111	34.7	176	112	3	1	174	1	175	5.67e-24	93.6
WP_056065849.1	iAF987.Gmet_0069	30.6	124	81	3	6	124	2	125	2.85e-12	64.7
WP_056065849.1	iAF987.Gmet_1706	33.0	115	73	2	7	119	2	114	8.57e-11	60.5
WP_056065861.1	iYO844.BSU31322	37.8	82	47	2	160	239	21	100	1.59e-08	54.3
WP_056065870.1	iAF987.Gmet_1717	55.2	281	125	1	1	281	2	281	7.02e-104	304
WP_056065870.1	iYO844.BSU24160	53.0	283	132	1	1	283	3	284	2.14e-99	293
WP_056065870.1	iAF987.Gmet_2072	53.4	281	130	1	1	281	2	281	2.16e-95	282
WP_056065871.1	iAF987.Gmet_2352	43.9	314	164	3	2	315	5	306	3.40e-82	251
WP_056065898.1	iCN900.CD630_16140	30.0	217	141	6	94	306	31	240	1.33e-20	90.1
WP_056065898.1	iYO844.BSU02750	30.2	199	122	3	106	295	24	214	4.23e-19	85.5
WP_056065898.1	iAF692.Mbar_A1872	30.6	222	132	7	85	294	1	212	6.49e-18	82.4
WP_056065898.1	iYO844.BSU33730	24.7	215	155	4	86	295	1	213	4.56e-17	81.6
WP_056065898.1	iCN900.CD630_14890	28.6	217	145	4	86	295	1	214	3.66e-17	81.3
WP_056065898.1	iCN900.CD630_34170	28.2	213	143	4	87	294	4	211	5.09e-17	81.3
WP_056065905.1	iCN900.CD630_34400	36.1	294	170	7	1	281	1	289	2.20e-52	172
WP_056065915.1	iCN900.CD630_20200	51.8	863	399	5	1	853	1	856	4.19e-303	855
WP_056065920.1	iLJ478.TM1781	42.4	328	189	0	61	388	58	385	9.36e-83	259
WP_056065920.1	iCN718.ABAYE_RS17470	38.1	396	234	3	24	418	40	425	2.18e-76	245
WP_056065920.1	iAF987.Gmet_0209	37.2	393	241	4	2	391	5	394	1.12e-74	240
WP_056065920.1	iHN637.CLJU_RS03300	35.3	388	248	3	1	387	1	386	1.11e-72	234
WP_056065923.1	iNF517.LLMG_RS02810	28.1	367	223	17	13	347	4	361	2.30e-20	90.9
WP_056065923.1	iCN900.CD630_03030	22.7	322	216	11	63	352	97	417	2.27e-18	85.5
WP_056065923.1	iSDY_1059.SDY_3792	26.5	377	237	13	14	355	9	380	1.10e-17	83.2
WP_056065923.1	iSF_1195.SF4034	25.9	378	238	13	14	355	9	380	2.00e-17	82.4
WP_056065926.1	iSynCJ816.SGL_RS05885	33.5	233	147	3	9	238	35	262	3.54e-38	135
WP_056065926.1	iLJ478.TM1784	36.3	240	142	5	9	245	25	256	4.92e-38	134
WP_056065926.1	iAF692.Mbar_A1181	33.7	252	152	4	6	245	45	293	1.81e-36	131
WP_056065926.1	iHN637.CLJU_RS10565	32.8	235	148	5	9	238	26	255	6.83e-34	123
WP_056065926.1	iCN900.CD630_20320	32.4	238	153	3	9	243	26	258	1.40e-33	122
WP_056065926.1	iNF517.LLMG_RS08820	32.4	238	152	4	9	243	27	258	3.61e-33	121
WP_056065927.1	iAF692.Mbar_A3512	30.0	290	165	7	35	313	40	302	6.00e-32	120
WP_056065927.1	iHN637.CLJU_RS20970	32.3	331	168	12	6	312	13	311	8.50e-28	110
WP_056065930.1	iYO844.BSU11220	39.8	382	214	6	2	374	3	377	1.22e-82	256
WP_056065930.1	iCN718.ABAYE_RS02280	38.2	390	217	11	6	377	19	402	4.94e-74	235
WP_056065930.1	iAF692.Mbar_A0871	37.6	359	215	6	19	373	50	403	2.67e-73	233
WP_056065933.1	iAF692.Mbar_A2001	41.6	339	168	11	1	318	1	330	8.16e-65	207
WP_056065933.1	iHN637.CLJU_RS10575	36.5	348	194	10	1	325	1	344	2.33e-59	193
WP_056065933.1	iLJ478.TM1782	37.4	342	188	8	1	322	1	336	2.87e-59	193
WP_056065933.1	iCN900.CD630_20340	36.3	339	191	9	2	319	4	338	5.10e-58	190
WP_056065938.1	iNF517.LLMG_RS00750	33.6	396	254	5	2	392	4	395	1.29e-63	208
WP_056065938.1	iSynCJ816.SGL_RS18195	32.7	395	257	6	2	390	5	396	2.30e-61	202
WP_056065938.1	iYO844.BSU29450	32.2	398	257	7	2	394	5	394	2.88e-59	197
WP_056065938.1	iHN637.CLJU_RS03295	33.2	401	247	8	3	391	4	395	1.30e-55	187
WP_056065944.1	iYO844.BSU17410	31.9	188	113	7	22	208	4	177	1.67e-16	79.0
WP_056065952.1	iCN718.ABAYE_RS00895	56.8	414	174	5	12	422	7	418	8.64e-164	467
WP_056065952.1	iAT_PLT_636.2184	53.3	413	191	2	12	422	2	414	1.24e-159	456
WP_056065952.1	iMM1415.14085	52.3	413	195	2	12	422	2	414	3.56e-154	442
WP_056065956.1	iML1515.b2551	56.6	419	168	2	4	422	12	416	3.37e-163	465
WP_056065956.1	iSbBS512_1146.SbBS512_E2916	56.6	419	168	2	4	422	12	416	3.37e-163	465
WP_056065956.1	iSDY_1059.SDY_2741	56.6	419	168	2	4	422	12	416	3.37e-163	465
WP_056065956.1	iSF_1195.SF2598	56.6	419	168	2	4	422	12	416	3.37e-163	465
WP_056065956.1	iSSON_1240.SSON_2634	56.6	419	168	2	4	422	12	416	4.78e-163	464
WP_056065956.1	iAF987.Gmet_1605	55.6	419	170	1	4	422	8	410	2.56e-162	462
WP_056065956.1	iYS854.USA300HOU_RS11410	55.3	421	171	2	3	422	7	411	1.87e-161	460
WP_056065956.1	iYO844.BSU36900	55.0	420	173	1	3	422	7	410	1.69e-160	458
WP_056065956.1	STM_v1_0.STM2555	55.4	419	173	2	4	422	12	416	7.32e-160	456
WP_056065956.1	iYL1228.KPN_02876	55.1	419	174	2	4	422	12	416	1.04e-159	456
WP_056065956.1	iJN1463.PP_0671	54.4	419	176	2	4	422	12	415	2.09e-159	455
WP_056065956.1	iPC815.YPO2907	55.8	419	171	2	4	422	12	416	2.09e-159	455
WP_056065956.1	iLJ478.TM0720	54.8	425	171	3	4	422	9	418	1.69e-158	453
WP_056065956.1	iCN718.ABAYE_RS06300	53.2	419	182	1	4	422	11	415	1.48e-154	443
WP_056065956.1	iNF517.LLMG_RS02930	54.2	419	176	2	4	421	12	415	2.78e-154	442
WP_056065956.1	iAF692.Mbar_A2316	53.0	419	182	2	4	422	8	411	5.05e-154	441
WP_056065956.1	iHN637.CLJU_RS05640	53.2	419	178	2	4	422	10	410	1.77e-152	437
WP_056065956.1	iCN900.CD630_27260	56.4	390	154	1	4	393	9	382	2.51e-152	437
WP_056065956.1	iJN1463.PP_0322	52.7	419	184	1	4	422	12	416	2.26e-151	435
WP_056065956.1	iSynCJ816.SGL_RS04690	56.1	394	157	2	4	396	13	391	1.47e-149	431
WP_056065956.1	iIT341.HP0183	50.6	419	191	2	4	422	9	411	3.55e-145	419
WP_056065960.1	iYS854.USA300HOU_RS05260	28.1	338	201	10	21	353	75	375	1.00e-26	110
WP_056065960.1	iML1515.b2430	24.3	374	236	13	21	355	39	404	7.54e-23	100
WP_056065975.1	iEK1008.Rv0958	43.8	365	197	3	7	371	8	364	8.45e-103	315
WP_056065996.1	iCN718.ABAYE_RS16800	76.1	251	60	0	1	251	1	251	3.20e-136	383
WP_056066041.1	iSynCJ816.SGL_RS12260	28.4	303	181	8	32	300	85	385	6.10e-24	102
WP_056066050.1	iML1515.b2430	26.0	338	211	11	45	347	61	394	1.90e-18	87.0
WP_056066050.1	iSynCJ816.SGL_RS12260	24.3	263	172	5	68	313	78	330	1.51e-18	87.0
WP_056066050.1	iYS854.USA300HOU_RS05260	26.4	250	162	6	36	285	84	311	3.58e-18	85.9
WP_056066065.1	iYO844.BSU15910	37.2	253	147	4	2	252	4	246	3.96e-46	154
WP_056066065.1	iYS854.USA300HOU_RS06185	37.0	254	148	5	1	252	1	244	1.65e-44	149
WP_056066065.1	iCN900.CD630_11820	36.9	255	143	7	3	252	7	248	7.19e-41	140
WP_056066071.1	iYO844.BSU03930	37.7	247	151	2	4	248	5	250	1.31e-47	158
WP_056066071.1	iYO844.BSU15910	37.0	246	151	2	4	248	2	244	1.69e-44	149
WP_056066071.1	iCN718.ABAYE_RS11380	36.5	244	152	2	4	247	3	243	3.64e-43	146
WP_056066071.1	iYS854.USA300HOU_RS06185	37.3	244	149	2	7	249	3	243	4.99e-43	145
WP_056066071.1	iCN900.CD630_25770	38.0	245	148	3	4	247	1	242	1.44e-42	144
WP_056066071.1	iSynCJ816.SGL_RS07245	37.9	253	149	4	1	251	1	247	4.25e-42	143
WP_056066074.1	iAF987.Gmet_0222	39.4	307	156	5	25	305	7	309	7.20e-73	227
WP_056066077.1	iCN900.CD630_21660	29.8	151	90	4	1	135	3	153	1.70e-14	69.3
WP_056066080.1	iAF692.Mbar_A0254	23.4	158	106	4	35	185	20	169	6.44e-05	43.9
WP_056066084.1	iAF987.Gmet_1422	60.9	169	66	0	2	170	3	171	3.93e-65	196
WP_056066084.1	iCN900.CD630_27450	55.9	170	75	0	1	170	1	170	8.89e-64	193
WP_056066084.1	iLJ478.TM1384	52.4	170	81	0	1	170	4	173	5.01e-59	181
WP_056066084.1	iHN637.CLJU_RS16620	52.9	170	80	0	1	170	1	170	5.60e-58	178
WP_056066102.1	iML1515.b0826	36.3	157	96	3	12	168	21	173	4.34e-24	96.3
WP_056066102.1	iSbBS512_1146.SbBS512_E2522	36.3	157	96	3	12	168	21	173	4.34e-24	96.3
WP_056066102.1	iSF_1195.SF0776	35.7	157	97	3	12	168	21	173	6.06e-24	95.9
WP_056066102.1	iSDY_1059.SDY_0761	35.7	157	97	3	12	168	21	173	1.18e-23	95.1
WP_056066102.1	iSSON_1240.SSON_0808	36.3	157	96	3	12	168	21	173	2.30e-23	94.4
WP_056066102.1	iAF692.Mbar_A1238	37.1	132	80	2	7	136	11	141	1.19e-21	89.7
WP_056066102.1	iEK1008.Rv3116	39.3	112	67	1	16	127	35	145	6.62e-20	87.0
WP_056066104.1	iAF692.Mbar_A0192	29.2	209	144	3	1	209	1	205	3.18e-21	87.4
WP_056066104.1	iAF692.Mbar_A0742	28.3	187	124	5	1	184	1	180	1.14e-18	80.5
WP_056066104.1	iCN900.CD630_31280	28.2	213	142	4	3	210	2	208	2.61e-18	79.7
WP_056066104.1	iCN900.CD630_21890	28.6	220	144	5	1	214	1	213	2.76e-18	79.7
WP_056066107.1	iYO844.BSU34550	31.2	215	137	3	3	212	2	210	1.94e-20	85.5
WP_056066107.1	iAF692.Mbar_A0742	30.1	219	143	7	1	217	1	211	4.19e-20	84.3
WP_056066107.1	iCN900.CD630_31280	28.6	217	144	3	3	214	2	212	1.89e-19	82.8
WP_056066107.1	iCN900.CD630_21890	27.7	220	148	4	1	215	1	214	3.87e-19	82.0
WP_056066107.1	iAF692.Mbar_A0192	30.0	213	137	6	1	209	1	205	2.54e-18	79.7
WP_056066120.1	iCN900.CD630_06820	27.5	563	308	6	2	562	3	467	6.44e-48	174
WP_056066134.1	iML1515.b1330	37.0	73	42	2	97	169	163	231	8.34e-05	41.6
WP_056066137.1	iML1515.b3248	40.8	184	108	1	10	193	3	185	8.50e-33	116
WP_056066141.1	iYL1228.KPN_03608	39.4	165	100	0	1	165	15	179	2.88e-37	126
WP_056066160.1	iCN718.ABAYE_RS11095	49.0	145	74	0	41	185	4	148	4.19e-52	164
WP_056066160.1	iMM904.YBR244W	50.3	153	74	1	40	190	4	156	6.13e-52	164
WP_056066160.1	iMM904.YIR037W	52.1	146	70	0	41	186	4	149	8.96e-52	163
WP_056066164.1	iJN1463.PP_4846	40.0	165	98	1	1	165	1	164	6.53e-38	127
WP_056066164.1	iML1515.b1448	37.7	159	98	1	5	163	3	160	4.46e-33	115
WP_056066167.1	iYS854.USA300HOU_RS05190	29.9	558	337	18	20	550	23	553	2.39e-57	200
WP_056066167.1	iNF517.LLMG_RS09160	32.2	510	313	15	20	509	17	513	4.31e-56	197
WP_056066176.1	iLB1027_lipid.PHATRDRAFT_10852	25.9	143	96	3	84	216	25	167	3.76e-08	52.4
WP_056066185.1	iEK1008.Rv0548c	63.6	283	88	3	6	273	25	307	1.58e-118	342
WP_056066185.1	iSynCJ816.SGL_RS06810	59.6	270	107	2	4	273	1	268	6.25e-109	316
WP_056066185.1	iNF517.LLMG_RS09170	56.7	275	117	2	1	274	1	274	1.40e-106	310
WP_056066185.1	iYO844.BSU30800	56.0	268	111	2	6	273	4	264	1.47e-106	310
WP_056066195.1	iPC815.YPO0104	40.3	305	167	3	4	306	13	304	1.49e-63	202
WP_056066195.1	iYL1228.KPN_04225	42.1	285	154	3	4	288	10	283	6.10e-63	201
WP_056066195.1	STM_v1_0.STM4090	43.0	291	143	5	4	288	13	286	5.86e-61	196
WP_056066195.1	iSSON_1240.SSON_4099	41.9	291	146	5	4	288	12	285	1.13e-60	195
WP_056066195.1	iML1515.b3930	41.8	285	155	3	4	288	12	285	2.26e-60	194
WP_056066195.1	iSbBS512_1146.SbBS512_E4412	41.8	285	155	3	4	288	12	285	2.26e-60	194
WP_056066195.1	iSF_1195.SF4008	41.8	285	155	3	4	288	12	285	2.26e-60	194
WP_056066195.1	iSDY_1059.SDY_3807	41.4	285	156	3	4	288	12	285	1.26e-59	192
WP_056066198.1	iCN900.CD630_27420	37.5	64	40	0	11	74	18	81	2.35e-07	49.3
WP_056066204.1	iJN1463.PP_3715	26.3	236	164	6	67	298	84	313	2.40e-05	45.4
WP_056066204.1	STM_v1_0.STM2306	23.4	278	172	14	31	299	31	276	1.57e-04	42.7
WP_056066204.1	iSF_1195.SF2340	23.3	275	176	11	31	299	31	276	2.78e-04	42.0
WP_056066207.1	iMM1415.80911	32.2	645	401	15	137	756	22	655	2.02e-83	278
WP_056066207.1	iCHOv1.100767060	34.2	556	341	13	221	756	207	757	1.94e-81	276
WP_056066226.1	iSynCJ816.SGL_RS18325	24.1	294	209	7	7	288	16	307	1.06e-17	81.6
WP_056066226.1	iNF517.LLMG_RS08000	25.2	278	189	9	7	271	6	277	4.40e-15	73.9
WP_056066235.1	iSynCJ816.SGL_RS12965	24.9	249	170	8	1	236	1	245	8.18e-17	77.0
WP_056066241.1	iYS854.USA300HOU_RS12480	31.8	381	247	5	1	375	1	374	1.11e-49	171
WP_056066241.1	iCN718.ABAYE_RS01180	30.9	356	229	6	1	343	1	352	1.19e-46	163
WP_056066259.1	iJN1463.PP_4402	31.0	323	198	8	473	777	12	327	1.34e-37	143
WP_056066259.1	iYO844.BSU24040	32.0	259	169	6	488	743	25	279	1.89e-37	142
WP_056066259.1	iCN900.CD630_00370	30.0	307	208	5	486	789	24	326	6.61e-37	141
WP_056066259.1	iYS854.USA300HOU_RS08105	32.4	290	188	6	473	759	10	294	1.02e-35	137
WP_056066259.1	iNF517.LLMG_RS00400	31.9	273	176	7	473	740	10	277	1.35e-35	137
WP_056066259.1	iAM_Pb448.PBANKA_131010	34.5	281	175	6	489	766	100	374	4.76e-34	134
WP_056066259.1	iAM_Pf480.PF3D7_1446400	33.5	281	178	6	489	766	114	388	5.34e-33	132
WP_056066259.1	iIS312.TCDM_03721	32.8	271	171	7	461	726	43	307	7.69e-33	130
WP_056066259.1	iYO844.BSU14590	30.9	259	171	6	488	742	25	279	5.91e-33	129
WP_056066259.1	iSynCJ816.SGL_RS06345	32.2	273	178	5	473	742	10	278	5.79e-33	129
WP_056066262.1	iAM_Pb448.PBANKA_071570	43.8	160	86	3	78	236	180	336	3.57e-35	127
WP_056066262.1	iAM_Pf480.PF3D7_0413700	39.2	181	106	2	55	234	149	326	5.88e-35	127
WP_056066262.1	iAM_Pv461.PVX_089645	43.6	149	80	2	86	233	214	359	2.88e-33	123
WP_056066262.1	iAM_Pc455.PCYB_052680	43.6	149	80	2	86	233	189	334	2.59e-33	122
WP_056066265.1	iCN900.CD630_31950	33.9	961	447	18	8	938	4	806	1.66e-169	514
WP_056066267.1	iAF987.Gmet_3470	30.1	501	329	4	105	602	126	608	2.31e-61	214
WP_056066267.1	iAF692.Mbar_A1823	30.4	503	327	4	105	604	103	585	3.01e-60	210
WP_056066267.1	iAF692.Mbar_A2221	28.9	501	333	4	105	602	104	584	1.69e-54	194
WP_056066270.1	iAF987.Gmet_2389	34.4	189	123	1	1	189	1	188	9.28e-34	118
WP_056066273.1	iAF692.Mbar_A0721	38.1	428	244	10	27	448	22	434	5.52e-77	247
WP_056066273.1	iAF692.Mbar_A2225	35.8	444	266	8	8	448	7	434	1.26e-72	236
WP_056066279.1	iYO844.BSU11340	50.0	414	199	5	2	413	4	411	3.12e-134	391
WP_056066279.1	iCN900.CD630_11840	49.0	414	204	4	2	413	3	411	6.41e-131	382
WP_056066279.1	iJN1463.PP_1916	49.0	414	204	4	2	413	4	412	7.83e-130	380
WP_056066279.1	iPC815.YPO1601	49.3	414	202	5	2	412	4	412	3.98e-127	373
WP_056066279.1	iAF987.Gmet_1603	48.1	414	208	4	1	412	1	409	1.03e-126	372
WP_056066279.1	iSbBS512_1146.SbBS512_E2229	48.6	414	205	5	2	412	4	412	1.60e-126	371
WP_056066279.1	iSSON_1240.SSON_1115	48.8	414	204	5	2	412	4	412	2.27e-126	371
WP_056066279.1	iML1515.b1095	48.6	414	205	5	2	412	4	412	9.13e-126	369
WP_056066279.1	iSF_1195.SF1099	48.6	414	205	5	2	412	4	412	9.13e-126	369
WP_056066279.1	STM_v1_0.STM1197	49.3	414	202	5	2	412	4	412	1.29e-125	369
WP_056066279.1	iSDY_1059.SDY_2055	48.6	414	205	5	2	412	4	412	1.29e-125	369
WP_056066279.1	iSynCJ816.SGL_RS05665	47.6	414	210	4	2	413	7	415	8.12e-125	367
WP_056066279.1	iYL1228.KPN_01093	47.8	414	208	5	2	412	4	412	2.72e-122	360
WP_056066283.1	iHN637.CLJU_RS17225	26.4	212	144	4	9	215	12	216	2.09e-17	78.6
WP_056066283.1	iMM904.YMR226C	31.3	201	125	5	2	193	10	206	9.65e-17	77.0
WP_056066283.1	iAM_Pf480.PF3D7_0922900	27.1	192	131	3	9	196	64	250	1.80e-15	73.9
WP_056066283.1	iSynCJ816.SGL_RS12965	26.3	240	162	5	1	230	1	235	2.94e-15	72.8
WP_056066289.1	iMM1415.235033	37.1	194	111	5	4	189	3	193	1.02e-29	114
WP_056066289.1	iCHOv1.100773401	38.5	187	104	5	11	189	10	193	2.52e-29	112
WP_056066289.1	iAF987.Gmet_1601	33.8	207	132	2	7	209	6	211	6.73e-29	110
WP_056066289.1	iYS854.USA300HOU_RS06185	33.7	205	128	3	11	209	7	209	3.57e-27	105
WP_056066292.1	iCHOv1.100773401	29.4	255	152	6	9	244	10	255	1.77e-26	105
WP_056066292.1	iHN637.CLJU_RS17225	32.6	187	123	1	3	186	7	193	7.57e-27	104
WP_056066292.1	iCN718.ABAYE_RS09790	30.8	208	135	2	5	203	8	215	2.58e-26	103
WP_056066292.1	iYO844.BSU15910	35.1	194	123	2	1	191	1	194	5.13e-26	102
WP_056066292.1	iLJ478.TM1724	27.3	238	158	2	5	240	6	230	9.99e-26	101
WP_056066292.1	iMM1415.235033	32.3	186	118	3	9	188	10	193	9.80e-25	100
WP_056066292.1	iNF517.LLMG_RS08260	31.1	238	160	3	4	240	2	236	4.35e-25	100
WP_056066292.1	iHN637.CLJU_RS20765	32.4	185	122	1	5	186	7	191	1.06e-24	99.0
WP_056066292.1	iYS854.USA300HOU_RS06185	33.1	178	114	2	9	182	7	183	1.90e-24	98.2
WP_056066292.1	iSDY_1059.SDY_2057	37.3	185	109	4	5	186	6	186	2.65e-24	97.8
WP_056066292.1	iSynCJ816.SGL_RS07245	32.1	187	124	1	3	186	5	191	3.92e-24	97.4
WP_056066292.1	iCN718.ABAYE_RS13105	30.4	253	163	6	4	251	6	250	1.51e-23	96.7
WP_056066292.1	iML1515.b1093	35.1	185	113	3	5	186	6	186	9.96e-24	96.3
WP_056066292.1	iSbBS512_1146.SbBS512_E2231	35.1	185	113	3	5	186	6	186	9.96e-24	96.3
WP_056066292.1	iSF_1195.SF1097	35.1	185	113	3	5	186	6	186	9.96e-24	96.3
WP_056066292.1	iSSON_1240.SSON_1113	35.1	185	113	3	5	186	6	186	9.96e-24	96.3
WP_056066292.1	STM_v1_0.STM1195	36.2	185	111	4	5	186	6	186	1.39e-23	95.9
WP_056066292.1	iAF987.Gmet_1601	33.5	188	115	2	5	186	6	189	2.79e-23	95.1
WP_056066292.1	iYL1228.KPN_01091	33.0	185	117	2	5	186	6	186	3.73e-23	94.7
WP_056066292.1	iYL1228.KPN_02546	32.1	187	126	1	3	189	6	191	3.59e-23	94.7
WP_056066311.1	iJN1463.PP_2409	21.5	326	231	6	38	354	79	388	1.69e-11	64.7
WP_056066314.1	iAF987.Gmet_3509	23.7	957	623	19	146	1072	155	1034	6.07e-64	235
WP_056066314.1	iJN1463.PP_0043	22.2	1110	748	20	2	1066	4	1042	2.32e-58	218
WP_056066314.1	iJN1463.PP_3426	23.8	1085	751	21	1	1060	1	1034	7.37e-57	214
WP_056066317.1	iAF987.Gmet_3507	21.3	221	146	2	18	238	28	220	9.09e-04	41.2
WP_056066331.1	iAF692.Mbar_A0714	53.7	945	399	13	4	925	6	934	0.0	986
WP_056066331.1	iCN718.ABAYE_RS16085	54.2	918	396	9	12	922	16	916	0.0	980
WP_056066331.1	iYO844.BSU18000	52.6	931	402	11	3	925	10	909	0.0	963
WP_056066331.1	iAF987.Gmet_1016	52.7	933	422	12	4	922	7	934	0.0	962
WP_056066331.1	iJN1463.PP_2112	52.4	921	410	8	10	922	11	911	0.0	940
WP_056066331.1	iYS854.USA300HOU_RS06870	52.7	923	399	10	7	922	8	899	0.0	936
WP_056066331.1	iSF_1195.SF1280	52.1	920	396	8	9	922	10	890	0.0	934
WP_056066331.1	STM_v1_0.STM1712	51.8	921	399	8	9	923	10	891	0.0	933
WP_056066331.1	iML1515.b1276	52.0	920	397	8	9	922	10	890	0.0	931
WP_056066331.1	iEK1008.Rv1475c	50.7	911	426	8	33	922	32	940	0.0	930
WP_056066331.1	iSSON_1240.SSON_1864	51.8	920	398	8	9	922	10	890	0.0	926
WP_056066331.1	iYL1228.KPN_01272	51.3	920	403	8	9	922	10	890	0.0	919
WP_056066331.1	iIS312.TCDM_02343	50.9	907	398	8	17	920	30	892	0.0	913
WP_056066331.1	iPC815.YPO2221	50.3	913	409	7	16	922	17	890	0.0	909
WP_056066331.1	iMM1415.11428	50.2	904	408	7	21	920	21	886	4.27e-317	894
WP_056066331.1	iCHOv1.100766024	49.9	904	411	7	21	920	21	886	3.96e-315	889
WP_056066335.1	iYO844.BSU03070	33.1	130	82	1	74	203	71	195	4.55e-13	70.5
WP_056066335.1	iYO844.BSU26590	23.3	275	204	3	13	281	8	281	3.30e-13	70.5
WP_056066335.1	STM_v1_0.STM1522	21.6	245	169	2	43	278	41	271	2.44e-12	67.8
WP_056066335.1	iJN1463.PP_2428	22.6	221	164	2	43	262	56	270	2.53e-11	64.7
WP_056066341.1	iCN900.CD630_32700	43.6	110	56	1	6	109	8	117	8.88e-25	96.7
WP_056066341.1	iCN900.CD630_33750	42.9	98	55	1	6	103	5	101	1.03e-23	94.0
WP_056066341.1	iSynCJ816.SGL_RS13435	42.7	103	59	0	6	108	5	107	2.42e-23	93.2
WP_056066349.1	iJN1463.PP_2943	32.9	289	168	7	56	336	58	328	5.43e-36	132
WP_056066349.1	iAF987.Gmet_3091	31.8	311	177	10	39	336	37	325	1.42e-34	129
WP_056066359.1	iCN900.CD630_36640	24.5	368	264	6	131	489	32	394	2.09e-36	138
WP_056066395.1	iAF987.Gmet_0043	27.0	222	146	6	399	607	48	266	7.20e-11	64.7
WP_056066408.1	iCN900.CD630_36640	23.9	372	269	6	121	480	22	391	7.42e-33	128
WP_056066448.1	iYL1228.KPN_01091	34.5	255	144	5	11	259	3	240	2.55e-36	129
WP_056066448.1	iNF517.LLMG_RS08950	35.1	259	139	6	10	259	2	240	6.91e-36	127
WP_056066448.1	iHN637.CLJU_RS20765	32.6	258	147	5	14	261	7	247	1.55e-35	127
WP_056066448.1	STM_v1_0.STM1195	33.7	255	146	5	11	259	3	240	1.40e-35	127
WP_056066448.1	iLJ478.TM1724	35.4	260	142	7	11	261	3	245	2.91e-35	126
WP_056066448.1	iML1515.b1093	34.5	255	144	6	11	259	3	240	7.67e-35	125
WP_056066448.1	iSbBS512_1146.SbBS512_E2231	34.5	255	144	6	11	259	3	240	7.67e-35	125
WP_056066448.1	iSDY_1059.SDY_2057	34.9	258	139	6	11	259	3	240	7.67e-35	125
WP_056066448.1	iSF_1195.SF1097	34.5	255	144	6	11	259	3	240	7.67e-35	125
WP_056066448.1	iSSON_1240.SSON_1113	34.5	255	144	6	11	259	3	240	7.67e-35	125
WP_056066448.1	iCN900.CD630_11820	31.8	261	151	5	11	261	4	247	1.71e-34	124
WP_056066448.1	iHN637.CLJU_RS17225	31.7	259	150	5	11	259	6	247	3.46e-34	123
WP_056066448.1	iYO844.BSU15910	32.2	261	150	5	11	261	2	245	8.70e-34	122
WP_056066448.1	iPC815.YPO1599	32.5	255	149	5	11	259	3	240	6.35e-33	120
WP_056066448.1	iAF987.Gmet_1694	32.2	261	147	7	10	259	2	243	1.80e-32	119
WP_056066448.1	iAM_Pf480.PF3D7_0922900	32.8	259	146	5	14	262	61	301	8.67e-32	118
WP_056066448.1	iAF987.Gmet_1601	31.3	259	150	7	11	259	3	243	7.13e-32	117
WP_056066448.1	iAM_Pv461.PVX_099555	31.5	267	157	5	2	259	48	297	3.25e-31	117
WP_056066460.1	iYS854.USA300HOU_RS05260	29.5	190	106	3	101	281	80	250	3.02e-15	77.8
WP_056066460.1	iML1515.b0376	24.0	366	241	13	66	405	1	355	3.71e-15	77.4
WP_056066492.1	iAF987.Gmet_1626	52.4	370	168	4	12	376	6	372	4.88e-119	350
WP_056066492.1	iSynCJ816.SGL_RS10240	47.7	375	186	6	10	376	3	375	9.69e-110	332
WP_056066492.1	iYO844.BSU23260	47.6	372	183	6	12	376	5	371	4.84e-108	322
WP_056066494.1	iAF987.Gmet_1249	16.5	424	244	6	41	456	42	363	1.92e-06	49.7
WP_056066494.1	iML1515.b4261	29.8	151	100	3	3	150	2	149	9.89e-06	47.4
WP_056066494.1	iSF_1195.SF4228	29.8	151	100	3	3	150	2	149	9.89e-06	47.4
WP_056066494.1	iSSON_1240.SSON_4446	29.8	151	100	3	3	150	2	149	9.89e-06	47.4
WP_056066494.1	iSDY_1059.SDY_4285	29.1	151	101	3	3	150	2	149	3.05e-05	45.8
WP_056066505.1	iYS854.USA300HOU_RS08370	37.3	110	69	0	12	121	1	110	7.79e-24	88.2
WP_056066507.1	iAT_PLT_636.10935	33.1	139	78	5	18	145	63	197	5.71e-09	53.1
WP_056066507.1	iMM1415.11757	34.8	141	73	6	18	145	64	198	7.85e-09	52.8
WP_056066513.1	iMM904.YCR083W	35.0	80	52	0	6	85	32	111	3.91e-15	65.5
WP_056066513.1	iAM_Pb448.PBANKA_082630	46.7	60	32	0	14	73	37	96	1.23e-13	61.6
WP_056066516.1	iIT341.HP1563	41.3	208	103	3	3	209	2	191	5.05e-50	160
WP_056066516.1	STM_v1_0.STM0402	43.5	209	102	4	1	209	1	193	3.05e-49	159
WP_056066516.1	iAM_Pb448.PBANKA_130280	39.9	213	104	4	2	211	3	194	2.40e-47	154
WP_056066516.1	iAM_Pf480.PF3D7_1438900	37.3	209	113	3	2	210	3	193	1.75e-44	146
WP_056066519.1	iHN637.CLJU_RS10530	39.7	471	232	6	5	474	2	421	5.62e-104	323
WP_056066519.1	iHN637.CLJU_RS02325	36.5	501	249	6	5	484	2	454	2.43e-94	298
WP_056066525.1	iAF692.Mbar_A3023	36.0	369	219	9	19	381	22	379	7.33e-69	222
WP_056066525.1	iYO844.BSU27250	39.5	334	187	8	52	381	42	364	5.33e-68	219
WP_056066525.1	iCN718.ABAYE_RS10080	35.8	363	212	9	29	383	35	384	1.76e-62	206
WP_056066525.1	iYO844.BSU11880	35.0	377	219	11	17	387	21	377	8.48e-62	204
WP_056066525.1	iNF517.LLMG_RS08915	38.2	335	188	8	52	380	43	364	2.55e-61	202
WP_056066525.1	iJN1463.PP_2001	36.4	357	212	9	29	381	43	388	1.79e-60	201
WP_056066531.1	iIT341.HP1552	41.3	426	232	10	18	437	14	427	1.40e-94	291
WP_056066531.1	iSbBS512_1146.SbBS512_E0019	39.0	423	203	6	18	434	4	377	1.90e-87	271
WP_056066531.1	iSSON_1240.SSON_0021	39.0	423	203	6	18	434	4	377	1.90e-87	271
WP_056066531.1	iSF_1195.SF0016	39.2	423	202	6	18	434	4	377	5.33e-87	270
WP_056066531.1	iML1515.b0019	39.0	423	203	6	18	434	4	377	7.53e-87	270
WP_056066531.1	iYL1228.KPN_00016	38.3	433	216	7	12	440	2	387	1.85e-86	269
WP_056066531.1	iSDY_1059.SDY_0018	38.8	423	204	6	18	434	4	377	2.98e-86	268
WP_056066531.1	STM_v1_0.STM0039	38.5	423	205	6	18	434	4	377	5.94e-86	268
WP_056066531.1	iPC815.YPO0470	38.0	424	215	4	16	437	3	380	5.59e-85	265
WP_056066537.1	iLB1027_lipid.PHATRDRAFT_26432	51.2	469	220	5	4	467	35	499	1.06e-158	458
WP_056066537.1	iMM904.YFL018C	51.3	474	221	4	3	467	26	498	1.18e-157	456
WP_056066537.1	iCHOv1.100689437	51.4	469	219	6	5	467	43	508	6.96e-154	446
WP_056066537.1	iAT_PLT_636.1738	51.0	469	221	6	5	467	43	508	9.86e-154	446
WP_056066537.1	iJN1463.PP_5366	52.3	461	213	5	1	458	1	457	3.34e-154	446
WP_056066537.1	iJN1463.PP_4187	52.5	472	213	5	4	468	5	472	2.85e-153	444
WP_056066537.1	iMM1415.13382	50.3	469	224	6	5	467	43	508	1.29e-151	441
WP_056066537.1	iCN718.ABAYE_RS04445	51.2	469	221	4	4	467	5	470	1.34e-148	432
WP_056066543.1	iJN1463.PP_0561	27.0	381	240	12	191	565	173	521	7.07e-21	96.7
WP_056066546.1	iAF987.Gmet_1148	54.8	447	202	0	1	447	1	447	1.70e-176	501
WP_056066549.1	iAF987.Gmet_0043	21.3	249	186	4	161	400	20	267	5.77e-07	51.2
WP_056066551.1	iAF692.Mbar_A1776	22.6	186	109	6	194	350	11	190	1.99e-05	47.0
WP_056066551.1	iSynCJ816.SGL_RS02940	23.2	190	117	4	187	350	10	196	1.80e-04	43.9
WP_056066551.1	iEK1008.Rv0958	23.3	176	99	5	207	350	56	227	2.69e-04	43.1
WP_056066565.1	iAF987.Gmet_1188	42.6	61	34	1	5	64	6	66	1.01e-04	42.7
WP_056066584.1	iCN900.CD630_22060	48.0	435	224	2	5	438	21	454	7.85e-153	441
WP_056066584.1	iYS854.USA300HOU_RS10435	47.6	437	227	1	5	439	22	458	8.00e-149	431
WP_056066584.1	iSynCJ816.SGL_RS15360	47.5	425	223	0	13	437	30	454	1.54e-145	422
WP_056066589.1	iNF517.LLMG_RS07670	29.0	217	145	4	10	222	77	288	6.09e-23	94.0
WP_056066589.1	iYS854.USA300HOU_RS06015	31.2	218	142	3	9	223	80	292	2.40e-22	92.4
WP_056066589.1	iNF517.LLMG_RS12010	30.8	211	132	4	12	222	83	279	1.38e-21	90.1
WP_056066589.1	iCN900.CD630_10600	32.6	218	136	4	9	223	82	291	4.25e-21	89.0
WP_056066593.1	iAF987.Gmet_1642	51.0	251	123	0	18	268	12	262	8.99e-93	274
WP_056066593.1	iCN900.CD630_15130	48.7	261	134	0	12	272	4	264	2.18e-85	256
WP_056066598.1	iAF987.Gmet_0043	26.5	230	153	4	353	571	41	265	1.99e-14	75.9
WP_056066604.1	iSynCJ816.SGL_RS08885	40.1	354	207	3	20	373	19	367	9.20e-81	251
WP_056066610.1	iCN900.CD630_15930	43.8	194	89	3	12	185	11	204	1.12e-41	139
WP_056066610.1	iAF987.Gmet_2435	42.9	184	96	6	8	185	7	187	8.57e-37	125
WP_056066612.1	iCN900.CD630_15920	58.9	681	272	3	1	678	1	676	1.34e-273	766
WP_056066612.1	iHN637.CLJU_RS19475	58.7	680	273	3	2	678	4	678	6.28e-270	757
WP_056066612.1	iYL1228.KPN_00716	59.7	677	264	5	7	679	7	678	1.23e-263	741
WP_056066612.1	iPC815.YPO2691	59.9	688	261	6	1	678	1	683	1.74e-262	738
WP_056066612.1	iML1515.b0697	59.1	675	269	4	7	678	7	677	2.84e-262	737
WP_056066612.1	iSSON_1240.SSON_0648	59.1	675	269	4	7	678	7	677	2.84e-262	737
WP_056066612.1	STM_v1_0.STM0705	59.4	677	266	5	7	679	7	678	9.31e-261	733
WP_056066612.1	iEK1008.Rv1030	59.6	685	259	5	6	678	26	704	7.83e-259	729
WP_056066612.1	iSynCJ816.SGL_RS08870	58.4	670	270	4	12	679	27	689	8.11e-254	716
WP_056066614.1	iCN900.CD630_15910	48.4	560	283	4	4	562	9	563	2.03e-181	522
WP_056066614.1	iHN637.CLJU_RS19480	46.5	559	295	4	4	561	2	557	1.22e-162	474
WP_056066628.1	iCN718.ABAYE_RS11985	47.9	472	229	5	5	474	3	459	3.12e-144	420
WP_056066628.1	iJN1463.PP_0987	46.9	467	232	5	5	469	3	455	8.67e-136	399
WP_056066628.1	iSF_1195.SF1414	46.3	469	229	8	5	469	2	451	3.48e-134	394
WP_056066628.1	iSbBS512_1146.SbBS512_E2075	46.3	469	229	8	5	469	2	451	4.93e-134	394
WP_056066628.1	iML1515.b1814	46.3	469	229	8	5	469	2	451	6.97e-134	394
WP_056066628.1	iSSON_1240.SSON_1346	46.3	469	229	8	5	469	2	451	6.97e-134	394
WP_056066628.1	iSDY_1059.SDY_1720	45.8	469	231	8	5	469	2	451	3.96e-133	392
WP_056066628.1	STM_v1_0.STM3240	46.5	467	231	6	5	469	2	451	1.59e-132	390
WP_056066628.1	STM_v1_0.STM1826	45.2	467	237	6	5	469	2	451	2.56e-131	387
WP_056066628.1	iML1515.b4471	45.6	467	235	6	5	469	2	451	3.62e-131	387
WP_056066628.1	iPC815.YPO1771	46.3	467	232	6	5	469	2	451	3.62e-131	387
WP_056066628.1	iSSON_1240.SSON_2954	45.4	474	234	8	5	473	2	455	3.01e-130	384
WP_056066628.1	iML1515.b2797	45.0	471	240	7	5	473	2	455	4.26e-130	384
WP_056066628.1	iSbBS512_1146.SbBS512_E3075	45.0	471	240	7	5	473	2	455	8.52e-130	383
WP_056066628.1	iSF_1195.SF2811	45.0	471	240	7	5	473	2	455	8.52e-130	383
WP_056066628.1	STM_v1_0.STM2971	44.4	471	243	7	5	473	2	455	1.71e-129	382
WP_056066628.1	iJN1463.PP_3144	44.5	467	241	5	5	468	3	454	2.66e-129	382
WP_056066628.1	iSDY_1059.SDY_3014	44.8	471	241	7	5	473	2	455	6.84e-129	381
WP_056066628.1	iJN1463.PP_0297	46.5	467	232	6	5	468	3	454	4.28e-128	379
WP_056066637.1	STM_v1_0.STM0659	35.1	507	286	10	5	504	8	478	8.00e-83	270
WP_056066637.1	iSbBS512_1146.SbBS512_E0599	35.4	497	276	11	5	493	8	467	8.20e-81	265
WP_056066637.1	iML1515.b0650	35.2	497	277	11	5	493	8	467	3.14e-80	263
WP_056066637.1	iSSON_1240.SSON_0604	35.0	497	278	11	5	493	8	467	8.59e-80	262
WP_056066647.1	iML1515.b0493	32.8	265	163	5	1	261	14	267	1.16e-33	122
WP_056066647.1	iCHOv1.100773401	33.9	257	136	8	3	233	6	254	1.12e-32	121
WP_056066647.1	iMM1415.235033	32.8	253	144	7	3	233	6	254	4.73e-32	119
WP_056066647.1	iMM1415.15486	32.1	262	149	7	3	238	84	342	2.72e-28	110
WP_056066650.1	iLJ478.TM0295	57.2	215	88	1	1	215	1	211	1.84e-86	254
WP_056066650.1	iAF987.Gmet_0497	57.2	215	88	2	1	215	1	211	3.54e-83	246
WP_056066650.1	iCN900.CD630_23290	55.1	214	92	1	1	214	1	210	1.02e-80	239
WP_056066657.1	iCN900.CD630_03010	21.2	518	273	15	1	473	5	432	1.20e-17	85.5
WP_056066657.1	iYS854.USA300HOU_RS09925	27.2	228	120	5	1	212	3	200	2.25e-18	84.3
WP_056066657.1	iYO844.BSU23960	26.2	244	134	5	1	228	1	214	7.30e-18	82.8
WP_056066657.1	iNF517.LLMG_RS09720	27.8	230	146	5	2	228	7	219	8.29e-18	82.8
WP_056066657.1	iCN900.CD630_07520	25.7	245	134	5	1	228	1	214	1.82e-17	81.6
WP_056066657.1	STM_v1_0.STM0828	25.8	244	135	4	1	228	1	214	2.06e-16	78.6
WP_056066657.1	iCN900.CD630_04310	26.7	232	133	7	4	228	269	470	3.39e-15	77.8
WP_056066657.1	iSynCJ816.SGL_RS16585	29.7	222	113	5	2	209	24	216	9.75e-16	77.4
WP_056066657.1	iYO844.BSU02860	25.3	233	130	8	1	216	3	208	5.90e-16	77.0
WP_056066657.1	iPC815.YPO2060	27.1	221	117	4	1	215	4	186	8.43e-16	77.0
WP_056066660.1	iSynCJ816.SGL_RS14540	40.7	172	99	3	6	177	8	176	3.99e-36	123
WP_056066660.1	iAF987.Gmet_1768	45.9	148	78	2	16	163	18	163	9.01e-35	120
WP_056066663.1	iAF987.Gmet_1769	51.4	294	142	1	9	301	8	301	2.96e-101	299
WP_056066663.1	iJN1463.PP_4998	51.3	298	142	2	6	300	18	315	5.66e-94	281
WP_056066674.1	iSynCJ816.SGL_RS10830	46.4	209	111	1	4	212	22	229	1.17e-61	191
WP_056066674.1	iJN1463.PP_1129	46.0	213	108	2	4	212	5	214	2.40e-60	187
WP_056066680.1	iAF987.Gmet_2727	29.4	109	72	2	537	645	293	396	7.35e-07	51.6
WP_056066680.1	iML1515.b0957	29.0	93	62	2	537	625	221	313	2.46e-05	46.6
WP_056066680.1	iSbBS512_1146.SbBS512_E2359	29.0	93	62	2	537	625	221	313	2.46e-05	46.6
WP_056066680.1	iSDY_1059.SDY_0930	29.0	93	62	2	537	625	225	317	2.49e-05	46.6
WP_056066680.1	iSF_1195.SF0957	29.0	93	62	2	537	625	223	315	2.48e-05	46.6
WP_056066680.1	iSSON_1240.SSON_0961	29.0	93	62	2	537	625	221	313	2.46e-05	46.6
WP_056066716.1	iLJ478.TM0040	41.7	264	152	2	8	270	11	273	3.39e-72	222
WP_056066716.1	iML1515.b3177	43.4	274	145	5	4	272	6	274	1.13e-68	213
WP_056066716.1	iSF_1195.SF3217	43.4	274	145	5	4	272	21	289	1.77e-68	213
WP_056066716.1	iSSON_1240.SSON_3325	43.4	274	145	5	4	272	21	289	1.77e-68	213
WP_056066716.1	iSbBS512_1146.SbBS512_E3593	43.1	274	146	5	4	272	6	274	2.26e-68	213
WP_056066716.1	iSDY_1059.SDY_3358	43.1	274	146	5	4	272	21	289	2.01e-67	211
WP_056066716.1	STM_v1_0.STM3295	41.0	271	156	3	4	272	6	274	5.13e-67	209
WP_056066716.1	iYL1228.KPN_03587	40.7	268	155	3	4	269	6	271	1.64e-65	205
WP_056066716.1	iPC815.YPO3501	39.9	271	159	3	1	269	3	271	2.83e-65	204
WP_056066722.1	iAF987.Gmet_0043	26.7	240	151	5	299	524	38	266	5.04e-14	74.3
WP_056066725.1	iCN900.CD630_26230	43.7	229	117	3	2	220	6	232	1.19e-51	166
WP_056066727.1	iPC815.YPO3016	30.8	130	84	3	40	165	315	442	2.97e-06	48.9
WP_056066727.1	iMM1415.214084	23.7	190	130	3	26	204	304	489	5.24e-06	48.1
WP_056066727.1	STM_v1_0.STM3338	25.0	148	109	1	20	165	278	425	6.79e-06	47.8
WP_056066727.1	iAT_PLT_636.6571	25.3	190	127	4	26	204	301	486	9.15e-06	47.4
WP_056066727.1	iCHOv1.100774860	23.7	190	130	3	26	204	236	421	1.13e-05	47.0
WP_056066727.1	iML1515.b3224	24.3	148	110	1	20	165	278	425	2.76e-05	45.8
WP_056066727.1	iSbBS512_1146.SbBS512_E3552	24.3	148	110	1	20	165	278	425	2.76e-05	45.8
WP_056066727.1	iSF_1195.SF3260	24.3	148	110	1	20	165	288	435	2.78e-05	45.8
WP_056066727.1	iSSON_1240.SSON_3365	24.3	148	110	1	20	165	288	435	2.78e-05	45.8
WP_056066727.1	iSDY_1059.SDY_3399	30.4	79	55	0	20	98	288	366	3.68e-05	45.4
WP_056066740.1	STM_v1_0.STM1502	36.1	61	30	3	7	61	53	110	8.14e-04	36.2
WP_056066743.1	iAF987.Gmet_1919	31.3	112	70	3	8	114	6	115	5.10e-06	46.2
WP_056066753.1	iYO844.BSU03070	26.8	447	291	12	5	433	1	429	2.98e-33	131
WP_056066756.1	iCN900.CD630_14460	36.0	361	214	5	80	426	89	446	4.67e-62	207
WP_056066756.1	iHN637.CLJU_RS17715	34.7	357	218	4	80	426	98	449	2.31e-55	189
WP_056066764.1	iLJ478.TM1410	33.3	123	77	2	202	324	49	166	1.96e-25	103
WP_056066801.1	iCN718.ABAYE_RS13810	70.2	443	131	1	4	446	20	461	1.32e-220	613
WP_056066801.1	iJN1463.PP_0675	65.8	447	152	1	1	447	4	449	1.10e-211	590
WP_056066801.1	iSDY_1059.SDY_1514	64.2	444	157	2	4	447	6	447	3.31e-203	568
WP_056066801.1	iSbBS512_1146.SbBS512_E2014	64.2	444	157	2	4	447	6	447	6.66e-203	568
WP_056066801.1	iSSON_1240.SSON_1395	64.2	444	157	2	4	447	6	447	1.34e-202	567
WP_056066801.1	STM_v1_0.STM1299	63.7	444	159	2	4	447	6	447	1.90e-202	566
WP_056066801.1	iML1515.b1761	64.0	444	158	2	4	447	6	447	3.83e-202	566
WP_056066801.1	iPC815.YPO3971	64.1	443	157	2	4	446	6	446	7.28e-200	560
WP_056066801.1	iYL1228.KPN_01210	62.8	444	163	2	4	447	6	447	1.03e-199	560
WP_056066806.1	iNF517.LLMG_RS08915	56.1	380	161	4	3	381	4	378	2.33e-143	411
WP_056066806.1	iHN637.CLJU_RS11995	53.5	381	173	3	1	381	1	377	2.69e-142	409
WP_056066806.1	iYO844.BSU27250	54.3	381	170	3	1	381	1	377	8.52e-141	405
WP_056066806.1	iIT341.HP0106	54.6	379	168	3	1	379	1	375	3.56e-140	403
WP_056066806.1	iEK1008.Rv1079	53.3	377	170	4	5	380	16	387	1.01e-131	382
WP_056066806.1	iYS854.USA300HOU_RS02320	50.5	380	185	2	1	380	1	377	1.66e-128	374
WP_056066828.1	iSynCJ816.SGL_RS02240	44.8	181	97	3	4	184	10	187	4.75e-38	129
WP_056066828.1	iLJ478.TM1689	41.6	173	98	3	4	176	3	172	1.46e-34	120
WP_056066828.1	iYL1228.KPN_03996	38.4	185	111	3	1	184	1	183	8.20e-34	119
WP_056066828.1	iMM904.YDR454C	38.6	184	106	3	7	188	5	183	1.36e-33	117
WP_056066828.1	iIT341.HP0321	43.2	176	97	3	2	177	3	175	3.17e-33	117
WP_056066828.1	iYS854.USA300HOU_RS06075	39.4	175	104	2	4	178	6	178	3.25e-33	117
WP_056066828.1	iSDY_1059.SDY_4080	37.3	185	113	3	1	184	1	183	4.58e-33	117
WP_056066828.1	iHN637.CLJU_RS06145	43.9	155	83	3	4	158	5	155	6.14e-33	116
WP_056066832.1	iYO844.BSU25640	30.4	191	128	3	2	192	3	188	4.20e-30	108
WP_056066832.1	iLJ478.TM0097	31.4	194	124	4	2	191	15	203	4.59e-26	99.0
WP_056066836.1	iCHOv1.100767492	34.2	491	288	13	2	479	10	478	1.57e-79	255
WP_056066836.1	iSynCJ816.SGL_RS16035	33.3	484	279	15	2	479	4	449	2.49e-72	236
WP_056066839.1	STM_v1_0.STM0088	38.6	70	40	2	1	69	1	68	6.60e-06	45.8
WP_056066839.1	iML1515.b0049	37.1	70	41	2	1	69	1	68	9.28e-05	42.4
WP_056066839.1	iSbBS512_1146.SbBS512_E0043	37.1	70	41	2	1	69	1	68	9.28e-05	42.4
WP_056066839.1	iSDY_1059.SDY_0074	37.1	70	41	2	1	69	1	68	9.33e-05	42.4
WP_056066839.1	iSF_1195.SF0046	37.1	70	41	2	1	69	1	68	9.28e-05	42.4
WP_056066839.1	iSSON_1240.SSON_0057	37.1	70	41	2	1	69	1	68	9.28e-05	42.4
WP_056066842.1	iYS854.USA300HOU_RS01730	40.5	168	91	4	7	165	91	258	2.24e-30	110
WP_056066848.1	iCN718.ABAYE_RS09245	35.6	281	157	7	15	272	10	289	1.16e-44	152
WP_056066853.1	iSynCJ816.SGL_RS16030	28.1	128	80	4	24	140	213	339	1.21e-05	45.1
WP_056066853.1	iSSON_1240.SSON_2312	30.6	134	81	7	19	144	12	141	4.75e-06	44.7
WP_056066853.1	iML1515.b2251	29.9	134	82	7	19	144	12	141	1.21e-05	43.5
WP_056066853.1	iSF_1195.SF2330	31.9	113	66	6	39	144	12	120	8.60e-06	43.5
WP_056066855.1	iJN1463.PP_2492	51.2	385	187	1	1	385	1	384	1.26e-135	392
WP_056066855.1	iML1515.b3011	50.9	385	186	2	1	383	1	384	5.07e-133	385
WP_056066858.1	iYO844.BSU22830	33.4	317	204	4	6	318	3	316	2.72e-52	175
WP_056066858.1	iYS854.USA300HOU_RS07540	31.3	326	221	3	6	329	3	327	1.51e-51	173
WP_056066858.1	iHN637.CLJU_RS06125	31.1	318	215	3	4	320	2	316	4.56e-50	169
WP_056066858.1	iCN900.CD630_26300	31.4	318	214	3	6	322	7	321	2.34e-49	167
WP_056066858.1	iNF517.LLMG_RS05655	32.0	325	211	5	1	320	1	320	5.20e-47	161
WP_056066869.1	iJN1463.PP_2469	47.5	318	160	4	23	336	24	338	6.75e-99	295
WP_056066869.1	iLJ478.TM0821	49.1	328	135	6	19	335	19	325	8.90e-99	294
WP_056066869.1	iHN637.CLJU_RS16970	43.8	329	170	5	16	335	15	337	6.86e-96	287
WP_056066869.1	iAF987.Gmet_1415	47.4	323	159	6	19	335	21	338	1.62e-94	284
WP_056066869.1	iYS854.USA300HOU_RS05690	44.6	336	170	5	12	337	16	345	3.57e-94	283
WP_056066869.1	iCN900.CD630_06990	43.6	328	171	4	16	335	18	339	1.53e-92	279
WP_056066869.1	iSynCJ816.SGL_RS14135	44.5	317	158	4	23	335	29	331	1.54e-90	273
WP_056066869.1	iPC815.YPO2429	44.6	327	155	6	18	336	19	327	6.19e-89	269
WP_056066869.1	iCN718.ABAYE_RS15760	44.8	326	154	6	18	335	18	325	1.20e-88	268
WP_056066894.1	iHN637.CLJU_RS08755	31.8	242	132	7	43	280	43	255	6.22e-22	92.4
WP_056066897.1	iJN1463.PP_4862	46.0	239	128	1	3	240	4	242	7.20e-68	209
WP_056066897.1	STM_v1_0.STM1511	46.9	239	124	2	4	241	3	239	7.78e-66	204
WP_056066897.1	iSDY_1059.SDY_1586	46.0	239	126	2	4	241	3	239	4.43e-65	202
WP_056066897.1	iML1515.b1539	46.0	239	126	2	4	241	3	239	8.87e-65	201
WP_056066897.1	iSSON_1240.SSON_1589	46.0	239	126	2	4	241	3	239	8.87e-65	201
WP_056066897.1	iSF_1195.SF1556	46.0	239	126	2	4	241	3	239	2.52e-64	200
WP_056066897.1	iSbBS512_1146.SbBS512_E1701	45.6	239	127	2	4	241	3	239	1.01e-63	199
WP_056066897.1	iYL1228.KPN_01590	44.8	239	129	2	4	241	3	239	8.37e-63	196
WP_056066897.1	iMM904.YMR226C	42.5	247	136	2	2	242	14	260	2.31e-61	193
WP_056066913.1	iEK1008.Rv3703c	30.0	240	116	5	189	380	187	422	1.33e-24	103
WP_056066916.1	iEK1008.Rv3701c	33.2	277	181	3	9	285	15	287	2.12e-43	151
WP_056066919.1	iJN1463.PP_5258	60.5	476	184	4	42	516	24	496	7.00e-189	537
WP_056066919.1	iCHOv1.100756509	53.8	504	226	4	14	516	42	539	4.21e-173	498
WP_056066919.1	iMM1415.110695	53.1	503	229	4	14	515	42	538	1.26e-169	489
WP_056066922.1	iCN900.CD630_21220	35.8	310	193	6	1	306	1	308	5.70e-53	175
WP_056066922.1	iYS854.USA300HOU_RS12865	34.3	318	194	6	1	307	1	314	7.45e-51	170
WP_056066927.1	iCHOv1.100759566	39.0	159	94	2	3	161	1	156	3.05e-35	124
WP_056066927.1	iMM1415.107766	38.4	159	95	2	3	161	1	156	3.05e-35	124
WP_056066927.1	iMM904.YJR025C	37.8	172	100	4	1	168	1	169	2.74e-36	124
WP_056066940.1	iML1515.b0957	46.5	86	44	1	514	597	220	305	3.44e-15	77.0
WP_056066940.1	iSbBS512_1146.SbBS512_E2359	46.5	86	44	1	514	597	220	305	3.44e-15	77.0
WP_056066940.1	iSDY_1059.SDY_0930	46.5	86	44	1	514	597	224	309	3.57e-15	77.0
WP_056066940.1	iSF_1195.SF0957	46.5	86	44	1	514	597	222	307	3.51e-15	77.0
WP_056066940.1	iSSON_1240.SSON_0961	46.5	86	44	1	514	597	220	305	3.44e-15	77.0
WP_056066940.1	iYL1228.KPN_00986	41.9	86	48	1	514	597	230	315	3.90e-13	70.9
WP_056066949.1	iML1515.b4173	45.7	328	170	4	10	332	9	333	1.95e-85	266
WP_056066949.1	iJN1463.PP_4893	44.5	292	159	2	33	321	30	321	1.50e-76	243
WP_056066957.1	iYS854.USA300HOU_RS04825	39.2	97	59	0	10	106	5	101	2.15e-19	75.9
WP_056066960.1	iML1515.b1679	37.3	118	72	2	21	136	19	136	1.16e-24	91.7
WP_056066960.1	iSDY_1059.SDY_1910	37.3	118	72	2	21	136	19	136	1.16e-24	91.7
WP_056066960.1	iSbBS512_1146.SbBS512_E1880	36.4	118	73	2	21	136	19	136	3.29e-24	90.5
WP_056066960.1	iSF_1195.SF1708	36.4	118	73	2	21	136	19	136	3.71e-23	87.8
WP_056066960.1	iSSON_1240.SSON_1477	36.4	118	73	2	21	136	19	136	3.71e-23	87.8
WP_056066966.1	iCN718.ABAYE_RS11400	51.5	396	191	1	2	396	248	643	1.73e-147	432
WP_056066966.1	iSSON_1240.SSON_1476	51.5	402	192	3	4	403	5	405	3.24e-148	426
WP_056066966.1	iML1515.b1680	50.9	405	196	3	1	403	2	405	6.52e-148	425
WP_056066966.1	iSynCJ816.SGL_RS15265	52.2	395	185	2	6	396	12	406	3.44e-146	421
WP_056066966.1	iSbBS512_1146.SbBS512_E1881	51.0	402	194	3	4	403	5	405	4.30e-146	420
WP_056066966.1	iYS854.USA300HOU_RS04525	49.5	404	202	2	3	404	10	413	7.43e-142	410
WP_056066968.1	iJN1463.PP_4689	26.9	245	167	5	41	275	31	273	1.16e-23	97.4
WP_056066971.1	iJN1463.PP_4688	43.6	287	161	1	55	341	59	344	6.95e-77	239
WP_056066975.1	iJN1463.PP_4687	36.7	240	150	1	16	255	16	253	4.81e-45	151
WP_056066975.1	iSbBS512_1146.SbBS512_E0489	34.0	253	159	3	6	255	12	259	2.27e-43	147
WP_056066975.1	iML1515.b0588	33.6	253	160	3	6	255	12	259	3.52e-42	144
WP_056066975.1	iSDY_1059.SDY_0519	33.6	253	160	3	6	255	12	259	3.52e-42	144
WP_056066975.1	iSSON_1240.SSON_0539	33.6	253	160	3	6	255	12	259	4.96e-42	144
WP_056066975.1	iSF_1195.SF0502	33.6	253	160	3	6	255	12	259	6.98e-42	144
WP_056066975.1	STM_v1_0.STM0590	33.9	257	162	4	2	255	8	259	2.29e-41	142
WP_056066975.1	iYO844.BSU07490	33.1	257	164	3	2	255	4	255	4.78e-41	141
WP_056066975.1	iYO844.BSU03820	33.6	244	156	2	1	243	1	239	1.31e-40	140
WP_056066975.1	iSynCJ816.SGL_RS01940	32.8	253	162	3	6	255	14	261	1.09e-39	138
WP_056066988.1	iML1515.b2155	38.3	141	83	3	35	173	31	169	1.45e-17	86.7
WP_056066988.1	iSSON_1240.SSON_2211	38.3	141	83	3	35	173	31	169	1.45e-17	86.7
WP_056066988.1	STM_v1_0.STM2199	36.2	141	86	3	35	173	31	169	3.07e-16	82.4
WP_056066988.1	iPC815.YPO3910	22.9	581	325	20	15	563	18	507	8.83e-16	80.9
WP_056066988.1	iYL1228.KPN_02593	35.9	142	87	3	35	174	12	151	1.56e-15	80.1
WP_056066997.1	iML1515.b1681	29.3	400	254	5	39	430	40	418	1.48e-49	173
WP_056066997.1	iSF_1195.SF1711	29.2	401	253	5	39	430	40	418	4.01e-49	172
WP_056066997.1	iSSON_1240.SSON_1475	29.2	401	253	5	39	430	40	418	4.01e-49	172
WP_056066997.1	iSDY_1059.SDY_1912	29.0	400	255	5	39	430	40	418	4.19e-47	167
WP_056067005.1	iSSON_1240.SSON_1474	61.1	244	95	0	1	244	1	244	1.86e-103	300
WP_056067005.1	iML1515.b1682	61.1	244	95	0	1	244	1	244	5.31e-103	298
WP_056067005.1	iSF_1195.SF1712	60.7	244	96	0	1	244	1	244	5.31e-103	298
WP_056067005.1	iSDY_1059.SDY_1913	60.7	244	96	0	1	244	1	244	1.52e-102	297
WP_056067005.1	iYS854.USA300HOU_RS04515	58.1	246	101	2	2	247	5	248	2.14e-96	282
WP_056067009.1	iML1515.b1683	62.2	503	161	7	1	482	1	495	2.71e-218	610
WP_056067009.1	iSSON_1240.SSON_1473	62.2	503	161	7	1	482	14	508	4.30e-218	610
WP_056067009.1	iSF_1195.SF1713	62.0	503	162	7	1	482	1	495	4.45e-217	607
WP_056067012.1	iJN1463.PP_0844	51.8	83	38	2	28	109	26	107	4.65e-25	90.5
WP_056067018.1	iAM_Pf480.PF3D7_0507500	33.2	262	147	8	243	484	385	638	6.72e-24	105
WP_056067018.1	iAM_Pb448.PBANKA_091170	34.3	248	133	11	281	524	746	967	1.36e-23	105
WP_056067018.1	iAM_Pc455.PCYB_094280	36.8	193	108	7	279	467	772	954	1.81e-23	104
WP_056067018.1	iAM_Pf480.PF3D7_1136900	35.2	193	111	7	279	467	793	975	1.88e-23	104
WP_056067018.1	iAM_Pv461.PVX_092460	37.4	195	104	8	279	467	927	1109	4.34e-22	100
WP_056067021.1	iCHOv1.100753500	26.0	208	137	7	312	502	238	445	1.67e-09	60.5
WP_056067021.1	iMM1415.16993	25.0	208	139	7	312	502	238	445	3.48e-08	56.2
WP_056067051.1	iAM_Pf480.PF3D7_0209100	26.4	367	218	14	3	344	333	672	1.36e-17	83.6
WP_056067051.1	iAM_Pc455.PCYB_042080	26.5	366	219	16	3	344	383	722	2.54e-17	82.8
WP_056067051.1	iAM_Pv461.PVX_003910	26.2	366	220	16	3	344	385	724	6.14e-17	81.6
WP_056067051.1	iAM_Pb448.PBANKA_030620	28.7	258	146	8	3	240	347	586	1.12e-15	77.8
WP_056067067.1	iCN718.ABAYE_RS03670	34.1	123	73	3	24	145	19	134	3.82e-10	54.3
WP_056067071.1	iAF987.Gmet_2556	31.7	388	213	11	106	456	94	466	5.77e-42	158
WP_056067072.1	iLJ478.TM0689	53.4	393	178	4	3	393	5	394	1.99e-132	394
WP_056067072.1	iYO844.BSU33930	48.3	393	197	4	2	393	4	391	8.77e-128	373
WP_056067072.1	iLB1027_lipid.PHATRDRAFT_29157	49.6	395	195	4	1	393	46	438	9.38e-126	369
WP_056067072.1	iAF987.Gmet_1947	48.6	385	193	3	10	393	13	393	6.55e-126	368
WP_056067072.1	iAM_Pb448.PBANKA_082340	49.4	411	184	8	3	393	7	413	4.76e-125	367
WP_056067072.1	iSynCJ816.SGL_RS11980	50.3	392	190	4	4	393	9	397	1.13e-124	365
WP_056067072.1	iCN900.CD630_31730	47.6	395	200	5	2	393	7	397	1.84e-123	362
WP_056067072.1	iAM_Pc455.PCYB_073010	49.4	403	181	7	10	393	15	413	3.54e-122	359
WP_056067072.1	iAM_Pf480.PF3D7_0922500	48.1	403	186	7	10	393	15	413	2.85e-121	357
WP_056067072.1	iAM_Pv461.PVX_099535	48.4	405	186	7	10	395	15	415	1.15e-120	355
WP_056067081.1	iYL1228.KPN_02641	32.0	103	59	3	91	182	59	161	1.10e-08	54.3
WP_056067081.1	iIT341.HP1483	30.0	110	59	2	87	178	53	162	2.80e-08	53.1
WP_056067081.1	STM_v1_0.STM2276	31.1	103	60	3	91	182	59	161	2.72e-08	53.1
WP_056067081.1	iPC815.YPO1215	30.6	121	68	4	78	182	41	161	2.72e-08	53.1
WP_056067081.1	iML1515.b2232	30.1	103	61	3	91	182	59	161	6.58e-08	52.0
WP_056067081.1	iSbBS512_1146.SbBS512_E2607	30.1	103	61	3	91	182	59	161	6.58e-08	52.0
WP_056067081.1	iSDY_1059.SDY_2424	30.1	103	61	3	91	182	59	161	6.58e-08	52.0
WP_056067081.1	iSF_1195.SF2312	30.1	103	61	3	91	182	59	161	6.58e-08	52.0
WP_056067081.1	iSSON_1240.SSON_2290	30.1	103	61	3	91	182	59	161	6.58e-08	52.0
WP_056067081.1	iYS854.USA300HOU_RS07520	29.0	124	70	3	86	191	47	170	6.63e-08	52.0
WP_056067085.1	iSynCJ816.SGL_RS13580	35.2	91	53	2	301	390	288	373	6.66e-05	45.4
WP_056067089.1	iCN900.CD630_00510	40.6	508	261	9	5	496	3	485	2.63e-115	348
WP_056067089.1	iYO844.BSU00920	36.3	504	291	7	1	497	1	481	4.85e-110	335
WP_056067089.1	iYS854.USA300HOU_RS02780	37.0	505	288	7	1	498	1	482	7.78e-106	324
WP_056067089.1	iAF987.Gmet_1736	37.6	498	269	8	5	500	4	461	2.46e-105	322
WP_056067089.1	iHN637.CLJU_RS06575	38.0	505	277	9	5	504	4	477	2.16e-104	320
WP_056067089.1	iCN718.ABAYE_RS01925	37.5	502	276	8	5	501	3	471	1.64e-103	318
WP_056067099.1	STM_v1_0.STM0686	57.5	558	228	6	3	558	4	554	7.40e-217	617
WP_056067099.1	iYL1228.KPN_00701	57.0	558	231	6	3	558	4	554	1.49e-216	617
WP_056067099.1	iJN1463.PP_2904	56.4	550	229	8	9	554	23	565	7.37e-215	613
WP_056067099.1	iSDY_1059.SDY_0614	57.3	558	228	7	3	558	4	553	2.67e-214	611
WP_056067099.1	iSbBS512_1146.SbBS512_E0570	57.3	558	228	7	3	558	4	553	5.36e-214	610
WP_056067099.1	iSF_1195.SF0613	57.3	558	228	7	3	558	4	553	1.52e-213	609
WP_056067099.1	iSSON_1240.SSON_0634	57.2	558	229	7	3	558	4	553	3.06e-213	608
WP_056067099.1	iPC815.YPO2630	56.3	558	234	7	3	558	4	553	4.49e-213	608
WP_056067099.1	iAF987.Gmet_0058	55.4	552	235	7	9	557	10	553	1.26e-209	599
WP_056067099.1	iCN900.CD630_20590	54.5	556	245	7	1	554	1	550	3.43e-207	593
WP_056067099.1	iCN718.ABAYE_RS07660	51.9	559	254	9	4	559	29	575	2.15e-195	563
WP_056067101.1	iCHOv1.100753973	30.1	113	59	3	279	374	29	138	7.49e-05	45.4
WP_056067101.1	iMM1415.11883	36.5	104	49	5	280	371	19	117	1.28e-04	44.7
WP_056067101.1	iMM1415.50917	29.8	114	58	4	279	374	26	135	1.19e-04	44.7
WP_056067101.1	iCHOv1.100754567	36.5	104	49	5	280	371	20	118	1.71e-04	44.3
WP_056067106.1	iLJ478.TM1080	46.4	140	75	0	1	140	1	140	1.45e-42	137
WP_056067106.1	iHN637.CLJU_RS01130	43.6	140	79	0	1	140	1	140	1.74e-37	124
WP_056067108.1	iHN637.CLJU_RS10465	32.1	78	50	2	639	715	470	545	3.12e-05	47.0
WP_056067113.1	iML1515.b1856	38.2	110	60	2	173	282	306	407	1.29e-17	82.0
WP_056067113.1	iAF987.Gmet_1350	36.1	119	67	3	173	283	87	204	3.32e-16	75.9
WP_056067127.1	iLB1027_lipid.PHATRDRAFT_34317	26.2	237	147	6	4	219	49	278	1.17e-12	65.9
WP_056067127.1	iLB1027_lipid.PHATRDRAFT_45980	25.3	257	151	9	4	228	67	314	2.30e-10	59.3
WP_056067137.1	iML1515.b2037	26.2	290	213	1	9	297	3	292	2.87e-22	97.8
WP_056067141.1	STM_v1_0.STM2086	28.9	201	119	6	105	301	109	289	7.11e-14	71.6
WP_056067141.1	iJN1463.PP_1801	23.6	182	129	5	132	307	139	316	1.18e-11	65.1
WP_056067147.1	iAF987.Gmet_1431	53.5	310	141	2	3	311	2	309	1.22e-115	336
WP_056067147.1	iSynCJ816.SGL_RS09825	52.9	306	142	1	3	308	2	305	9.96e-114	331
WP_056067147.1	iCHOv1.100763471	52.0	306	145	1	2	307	50	353	1.85e-108	320
WP_056067147.1	iMM1415.67883	52.0	306	145	1	2	307	89	392	6.35e-108	320
WP_056067150.1	iML1515.b2047	35.6	315	192	6	133	439	143	454	3.96e-55	189
WP_056067152.1	iYO844.BSU35550	43.2	236	133	1	6	240	8	243	3.29e-65	203
WP_056067155.1	iAF692.Mbar_A0211	25.0	328	216	12	43	351	26	342	8.37e-09	57.0
WP_056067157.1	iML1515.b4005	47.3	427	213	6	1	421	1	421	4.39e-131	384
WP_056067157.1	iSbBS512_1146.SbBS512_E4496	47.3	427	213	6	1	421	1	421	4.39e-131	384
WP_056067157.1	iYL1228.KPN_04387	47.3	427	213	6	1	421	1	421	9.41e-131	383
WP_056067157.1	iCN900.CD630_02240	45.4	421	223	4	1	420	1	415	2.31e-130	381
WP_056067157.1	iSF_1195.SF4077	46.8	427	215	6	1	421	1	421	3.55e-130	381
WP_056067157.1	iSSON_1240.SSON_4178	47.1	427	214	6	1	421	1	421	3.55e-130	381
WP_056067157.1	iSDY_1059.SDY_3721	47.1	427	214	6	1	421	1	421	2.02e-129	379
WP_056067157.1	iPC815.YPO3729	45.2	427	222	6	1	421	1	421	5.55e-129	378
WP_056067157.1	STM_v1_0.STM4175	46.1	427	218	6	1	421	1	421	4.62e-128	376
WP_056067157.1	iHN637.CLJU_RS04235	45.0	420	223	3	1	420	1	412	4.27e-122	360
WP_056067157.1	iCN718.ABAYE_RS07250	47.1	427	212	8	1	421	1	419	1.12e-120	357
WP_056067157.1	iJN1463.PP_4823	43.9	426	227	6	1	421	1	419	3.50e-120	356
WP_056067163.1	iYO844.BSU36890	39.0	210	112	9	12	216	11	209	6.25e-35	122
WP_056067163.1	iNF517.LLMG_RS10940	38.6	197	107	6	26	216	23	211	2.60e-34	121
WP_056067163.1	iYS854.USA300HOU_RS11405	36.8	209	118	8	12	216	11	209	3.49e-34	120
WP_056067163.1	iCN900.CD630_34790	39.3	211	110	8	12	216	11	209	6.93e-34	120
WP_056067163.1	iHN637.CLJU_RS01135	38.5	192	106	6	29	216	26	209	4.24e-32	115
WP_056067163.1	iCN718.ABAYE_RS15190	35.0	206	124	6	12	215	10	207	1.37e-30	111
WP_056067163.1	iLJ478.TM0721	37.8	188	107	5	32	216	29	209	1.30e-30	111
WP_056067169.1	iAF987.Gmet_2345	26.3	293	200	7	2	284	11	297	7.77e-15	74.3
WP_056067174.1	iHN637.CLJU_RS10460	32.1	84	49	2	8	87	4	83	9.56e-05	38.9
WP_056067174.1	iYO844.BSU29010	28.4	116	72	5	8	120	4	111	3.55e-04	37.4
WP_056067174.1	iLJ478.TM0655	38.5	39	24	0	64	102	60	98	9.91e-04	36.2
WP_056067176.1	iEK1008.Rv2601	34.2	511	317	9	7	502	16	522	4.06e-81	261
WP_056067183.1	iJN1463.PP_3274	39.8	359	206	4	1	350	1	358	2.41e-85	261
WP_056067183.1	iYL1228.KPN_01473	37.8	352	214	4	1	348	1	351	5.23e-78	243
WP_056067183.1	iML1515.b1392	37.2	360	205	6	1	348	1	351	2.94e-77	241
WP_056067193.1	iCN900.CD630_32150	28.4	225	157	3	1	222	4	227	6.23e-28	106
WP_056067193.1	iNF517.LLMG_RS08555	28.8	215	144	4	1	209	1	212	1.31e-24	98.6
WP_056067193.1	iYO844.BSU02750	29.8	208	140	4	22	227	26	229	4.68e-24	95.9
WP_056067204.1	iYS854.USA300HOU_RS11380	29.4	153	102	2	12	159	18	169	5.75e-06	43.9
WP_056067204.1	iYL1228.KPN_04141	26.1	142	102	1	15	153	10	151	3.17e-05	41.6
WP_056067204.1	STM_v1_0.STM3869	27.5	142	100	1	15	153	12	153	6.11e-05	40.8
WP_056067204.1	iPC815.YPO4125	26.1	142	102	1	15	153	12	153	8.39e-05	40.4
WP_056067204.1	iML1515.b3736	26.1	142	102	1	15	153	12	153	1.15e-04	40.0
WP_056067204.1	iSbBS512_1146.SbBS512_E4185	26.1	142	102	1	15	153	12	153	1.15e-04	40.0
WP_056067204.1	iSDY_1059.SDY_4012	26.1	142	102	1	15	153	12	153	1.15e-04	40.0
WP_056067204.1	iSF_1195.SF3816	26.1	142	102	1	15	153	12	153	1.15e-04	40.0
WP_056067204.1	iSSON_1240.SSON_3883	26.1	142	102	1	15	153	12	153	1.15e-04	40.0
WP_056067205.1	iMM904.YDR298C	28.7	171	115	2	10	173	36	206	2.79e-19	80.9
WP_056067205.1	iAF987.Gmet_3409	26.5	162	117	1	9	168	9	170	2.18e-18	77.8
WP_056067208.1	iHN637.CLJU_RS01180	60.9	517	177	5	4	519	3	495	1.12e-206	583
WP_056067208.1	iYO844.BSU36830	59.8	503	177	4	4	505	3	481	2.79e-204	577
WP_056067208.1	iLJ478.TM1612	59.6	502	178	5	4	504	3	480	5.81e-204	576
WP_056067208.1	iYS854.USA300HOU_RS11370	63.5	479	151	4	4	482	3	457	6.47e-203	573
WP_056067208.1	iSynCJ816.SGL_RS02675	58.8	522	182	6	1	519	1	492	2.54e-200	566
WP_056067208.1	iAF987.Gmet_3408	58.4	526	189	7	3	522	2	503	1.68e-198	562
WP_056067208.1	iCN900.CD630_34700	61.4	490	165	4	4	493	3	468	4.30e-198	561
WP_056067208.1	iMM1415.11946	57.0	521	199	5	7	524	49	547	2.19e-196	558
WP_056067208.1	iIT341.HP1134	55.1	526	211	4	1	525	1	502	1.27e-195	555
WP_056067208.1	iNF517.LLMG_RS09745	60.2	497	174	4	4	500	3	475	3.27e-195	553
WP_056067208.1	iCHOv1.100770431	56.7	524	199	6	7	524	49	550	1.30e-193	551
WP_056067208.1	iMM904.YBL099W	56.4	500	196	3	5	501	41	521	1.55e-189	541
WP_056067210.1	iAF987.Gmet_3407	44.1	286	156	3	1	283	1	285	5.21e-77	235
WP_056067214.1	iAF987.Gmet_1593	57.1	140	60	0	3	142	8	147	5.50e-51	159
WP_056067216.1	iLJ478.TM0862	31.2	346	200	13	2	322	3	335	3.56e-33	125
WP_056067216.1	iSynCJ816.SGL_RS13560	29.7	327	200	11	1	314	1	310	8.15e-32	122
WP_056067221.1	iAF987.Gmet_0769	40.3	134	80	0	13	146	7	140	8.37e-26	95.9
WP_056067230.1	iJN1463.PP_1311	39.9	333	186	3	2	323	3	332	3.45e-79	248
WP_056067232.1	iAF987.Gmet_0363	34.5	142	90	2	48	188	39	178	2.38e-17	78.2
WP_056067232.1	iLJ478.TM1693	28.1	178	114	5	65	236	66	235	1.47e-16	76.3
WP_056067232.1	iEK1008.Rv2483c	31.6	158	105	2	52	208	302	457	1.84e-15	75.1
WP_056067232.1	iJN1463.PP_1844	33.3	153	99	2	46	197	37	187	1.57e-14	70.5
WP_056067242.1	iLJ478.TM1693	34.8	201	105	7	53	243	55	239	1.86e-21	89.4
WP_056067242.1	iHN637.CLJU_RS03245	30.0	210	132	7	39	244	33	231	6.30e-20	85.1
WP_056067244.1	iLB1027_lipid.PHATRDRAFT_9316	47.5	284	146	2	30	312	1	282	2.57e-89	269
WP_056067254.1	iAF987.Gmet_1716	51.7	261	124	2	1	260	1	260	4.94e-80	241
WP_056067254.1	iAF987.Gmet_2071	47.7	260	134	2	1	259	1	259	7.87e-74	225
WP_056067258.1	iSynCJ816.SGL_RS03055	38.7	186	101	3	5	185	3	180	3.30e-34	119
WP_056067260.1	iJN1463.PP_0744	44.7	333	179	5	4	333	6	336	5.30e-91	275
WP_056067262.1	iYO844.BSU28170	29.0	421	280	7	11	414	2	420	2.04e-55	189
WP_056067263.1	iLB1027_lipid.PHATRDRAFT_51811	40.3	305	170	4	5	297	9	313	4.28e-63	202
WP_056067263.1	iPC815.YPO3849	39.0	308	182	3	1	302	2	309	3.84e-63	201
WP_056067263.1	iSSON_1240.SSON_3977	38.4	302	180	3	1	296	9	310	2.93e-61	197
WP_056067263.1	iML1515.b3805	38.1	302	181	3	1	296	2	303	1.35e-60	195
WP_056067263.1	iAF987.Gmet_3234	37.2	309	188	4	3	305	4	312	2.19e-60	194
WP_056067263.1	iSbBS512_1146.SbBS512_E4264	38.1	302	181	3	1	296	9	310	3.26e-60	194
WP_056067263.1	iCN718.ABAYE_RS17455	37.0	303	185	3	3	299	2	304	6.01e-60	193
WP_056067263.1	iSF_1195.SF3877	38.1	302	181	3	1	296	2	303	7.53e-60	193
WP_056067263.1	iSDY_1059.SDY_3941	37.7	302	182	3	1	296	9	310	1.29e-59	192
WP_056067263.1	iYL1228.KPN_04304	36.1	305	189	3	1	299	2	306	2.99e-59	191
WP_056067263.1	STM_v1_0.STM3938	37.7	302	182	3	1	296	7	308	7.58e-58	188
WP_056067263.1	iAF692.Mbar_A1465	38.6	295	174	6	7	295	3	296	1.58e-56	184
WP_056067266.1	iAT_PLT_636.7389	45.4	348	179	3	2	339	14	360	5.93e-102	304
WP_056067266.1	iJN1463.PP_5074	46.5	344	177	3	2	338	4	347	6.33e-101	301
WP_056067266.1	iSDY_1059.SDY_3729	45.6	342	179	3	2	336	4	345	2.55e-100	299
WP_056067266.1	iCHOv1.100753284	45.4	348	179	3	2	339	14	360	5.45e-100	299
WP_056067266.1	iPC815.YPO3734	45.9	342	178	3	2	336	4	345	5.27e-100	298
WP_056067266.1	iML1515.b3997	45.6	342	179	3	2	336	4	345	7.22e-100	298
WP_056067266.1	iSbBS512_1146.SbBS512_E4488	45.6	342	179	3	2	336	4	345	7.22e-100	298
WP_056067266.1	iSF_1195.SF4069	45.6	342	179	3	2	336	4	345	7.22e-100	298
WP_056067266.1	iSSON_1240.SSON_4170	45.6	342	179	3	2	336	4	345	7.22e-100	298
WP_056067266.1	iYL1228.KPN_04379	44.7	342	182	3	2	336	4	345	1.02e-99	298
WP_056067266.1	STM_v1_0.STM4167	45.3	342	180	3	2	336	4	345	1.65e-98	295
WP_056067266.1	iMM904.YDR047W	44.7	347	177	4	3	334	8	354	6.04e-98	293
WP_056067266.1	iCN718.ABAYE_RS05970	44.0	348	185	3	2	339	4	351	3.94e-92	278
WP_056067266.1	iAF987.Gmet_0016	43.0	335	187	3	4	336	2	334	9.29e-92	277
WP_056067271.1	iLB1027_lipid.PHATRDRAFT_15068	50.0	312	136	5	1	300	1	304	1.37e-105	309
WP_056067271.1	iSynCJ816.SGL_RS03345	49.1	324	134	5	2	300	21	338	2.57e-104	307
WP_056067271.1	iCHOv1.100772187	51.0	310	138	5	1	300	18	323	4.98e-103	303
WP_056067271.1	iMM1415.12892	49.4	310	143	4	1	300	137	442	1.34e-99	299
WP_056067271.1	iJN1463.PP_0073	52.0	296	136	4	7	300	10	301	9.38e-101	297
WP_056067271.1	iMM904.YDR044W	47.0	321	144	6	1	300	12	327	1.21e-99	295
WP_056067271.1	STM_v1_0.STM2451	52.5	295	132	6	8	300	11	299	3.81e-99	293
WP_056067271.1	iPC815.YPO3032	52.5	295	134	4	8	300	12	302	4.29e-98	290
WP_056067271.1	iSDY_1059.SDY_2634	51.2	295	136	6	8	300	11	299	5.03e-97	287
WP_056067271.1	iSF_1195.SF2489	51.4	294	135	6	8	299	11	298	1.01e-96	286
WP_056067271.1	iML1515.b2436	51.2	295	136	6	8	300	11	299	1.43e-96	286
WP_056067271.1	iSSON_1240.SSON_2525	51.2	295	136	6	8	300	11	299	1.43e-96	286
WP_056067271.1	iSbBS512_1146.SbBS512_E2808	50.8	295	137	6	8	300	11	299	1.64e-95	283
WP_056067271.1	iYL1228.KPN_02779	50.8	295	137	6	8	300	11	299	3.30e-95	283
WP_056067273.1	iAF987.Gmet_0189	51.4	329	153	2	2	330	3	324	9.46e-114	332
WP_056067273.1	iCN718.ABAYE_RS14480	51.4	325	153	4	2	325	10	330	8.64e-110	322
WP_056067273.1	iPC815.YPO3771	51.1	325	155	3	2	325	9	330	7.72e-109	320
WP_056067273.1	iYO844.BSU28130	48.4	320	158	2	6	325	7	319	1.59e-104	308
WP_056067273.1	iCN900.CD630_34190	50.0	328	155	4	4	330	2	321	4.09e-104	307
WP_056067273.1	iYS854.USA300HOU_RS08835	47.4	327	163	3	6	330	5	324	5.92e-102	302
WP_056067273.1	iSynCJ816.SGL_RS09590	48.3	329	159	3	1	325	1	322	6.53e-102	302
WP_056067273.1	iHN637.CLJU_RS15750	49.8	317	152	2	5	321	3	312	9.61e-101	299
WP_056067280.1	iAF987.Gmet_1991	22.6	226	164	4	197	419	196	413	6.44e-10	60.8
WP_056067282.1	iAF987.Gmet_2999	31.5	108	72	1	13	118	18	125	8.06e-11	60.5
WP_056067282.1	iAF987.Gmet_1914	25.7	167	116	3	5	170	3	162	9.37e-11	60.5
WP_056067282.1	iAF987.Gmet_0069	31.8	88	58	1	34	119	36	123	5.80e-10	57.8
WP_056067286.1	iAF692.Mbar_A1202	28.8	281	168	9	92	349	42	313	1.38e-30	119
WP_056067297.1	iIT341.HP0691	61.1	229	89	0	2	230	1	229	4.44e-99	287
WP_056067297.1	iAF987.Gmet_3296	65.2	227	79	0	4	230	2	228	5.70e-99	287
WP_056067297.1	iJN1463.PP_3122	62.0	229	86	1	2	230	4	231	1.80e-98	286
WP_056067297.1	iCN718.ABAYE_RS09810	64.6	229	80	1	2	229	1	229	6.39e-97	282
WP_056067297.1	iAT_PLT_636.5019	60.1	238	77	1	11	230	48	285	1.01e-92	280
WP_056067297.1	iMM1415.67041	60.9	238	75	1	11	230	48	285	2.29e-92	280
WP_056067297.1	iCHOv1.100766113	60.5	238	76	1	11	230	48	285	4.56e-92	279
WP_056067297.1	iYO844.BSU38990	60.4	230	91	0	2	231	1	230	1.07e-91	269
WP_056067299.1	iAF987.Gmet_0354	30.5	773	416	20	44	742	49	774	1.45e-93	310
WP_056067305.1	iEK1008.Rv3206c	29.6	108	70	2	131	237	286	388	1.85e-07	52.8
WP_056067305.1	iEK1008.Rv3116	32.2	90	56	1	145	234	298	382	5.43e-06	48.1
WP_056067314.1	STM_v1_0.STM2199	23.8	567	356	18	90	605	18	559	2.01e-20	95.9
WP_056067314.1	iML1515.b2155	23.8	559	341	21	105	605	31	562	1.87e-19	92.8
WP_056067314.1	iSSON_1240.SSON_2211	23.8	559	341	21	105	605	31	562	1.87e-19	92.8
WP_056067316.1	iYS854.USA300HOU_RS05515	47.8	429	213	5	4	421	13	441	1.94e-117	357
WP_056067320.1	iAF692.Mbar_A1452	29.2	767	411	13	1	743	1	659	1.58e-103	331
WP_056067320.1	iYS854.USA300HOU_RS13840	31.1	771	377	19	10	743	6	659	3.38e-101	325
WP_056067320.1	iHN637.CLJU_RS06865	31.3	773	402	19	1	743	1	674	3.62e-94	307
WP_056067322.1	iCN900.CD630_32730	36.6	71	44	1	3	72	2	72	2.32e-08	45.8
WP_056067322.1	iHN637.CLJU_RS10630	36.1	72	45	1	3	73	2	73	3.51e-08	45.4
WP_056067340.1	iCN900.CD630_04870	30.5	256	151	8	261	508	39	275	5.79e-25	103
WP_056067343.1	iAM_Pc455.PCYB_124280	25.0	188	105	4	127	278	1196	1383	1.22e-09	58.9
WP_056067343.1	iAM_Pc455.PCYB_081730	41.9	62	36	0	119	180	818	879	1.68e-09	58.5
WP_056067343.1	iJN1463.PP_5340	42.3	71	38	2	119	187	158	227	1.58e-09	57.8
WP_056067343.1	iAM_Pb448.PBANKA_133540	25.8	194	96	6	127	278	1226	1413	3.87e-09	57.4
WP_056067343.1	iAM_Pv461.PVX_094595	40.3	62	37	0	119	180	893	954	3.99e-09	57.4
WP_056067343.1	iAM_Pf480.PF3D7_1008000	37.1	62	39	0	119	180	970	1031	2.25e-08	55.1
WP_056067349.1	iAF692.Mbar_A0543	35.8	718	407	14	6	684	7	709	3.47e-142	431
WP_056067363.1	iCN900.CD630_17920	52.1	313	145	4	4	313	3	313	5.73e-112	327
WP_056067363.1	iYS854.USA300HOU_RS02905	48.4	312	158	3	4	313	3	313	3.87e-103	304
WP_056067373.1	STM_v1_0.STM2776	29.8	151	90	7	59	196	75	222	2.26e-05	44.7
WP_056067380.1	iAF987.Gmet_1919	34.9	106	62	4	14	114	6	109	5.82e-07	49.3
WP_056067394.1	iYS854.USA300HOU_RS02640	36.6	112	70	1	4	114	5	116	3.00e-15	66.2
WP_056067394.1	iYO844.BSU00780	31.7	120	81	1	1	119	1	120	1.16e-14	64.7
WP_056067413.1	STM_v1_0.STM0848	45.6	566	288	6	6	560	12	568	2.17e-158	466
WP_056067413.1	iSSON_1240.SSON_0811	45.8	566	287	7	6	560	1	557	2.17e-158	465
WP_056067413.1	iSbBS512_1146.SbBS512_E2519	45.8	566	287	7	6	560	12	568	6.13e-158	464
WP_056067413.1	iSDY_1059.SDY_0758	45.8	566	287	8	6	560	1	557	6.13e-158	464
WP_056067413.1	iML1515.b0829	45.6	566	288	7	6	560	12	568	1.23e-157	464
WP_056067413.1	iSF_1195.SF0779	45.6	566	288	8	6	560	1	557	6.94e-157	461
WP_056067413.1	iYL1228.KPN_00862	43.7	567	294	6	6	560	12	565	4.99e-153	452
WP_056067413.1	iYS854.USA300HOU_RS01050	41.2	554	294	2	6	559	4	525	8.25e-154	451
WP_056067413.1	iJN1463.PP_4150	44.2	559	279	6	1	558	1	527	1.25e-148	437
WP_056067440.1	iCHOv1.100750856	42.1	242	137	1	148	386	347	588	3.81e-52	182
WP_056067440.1	iAT_PLT_636.5625	42.6	235	132	1	148	379	348	582	7.46e-52	182
WP_056067440.1	iMM1415.19125	42.1	242	137	1	148	386	347	588	1.96e-51	181
WP_056067442.1	iIT341.HP0283	37.0	359	197	7	3	354	7	343	1.36e-63	205
WP_056067442.1	iCN900.CD630_18330	37.7	334	200	4	4	333	9	338	5.67e-62	201
WP_056067442.1	iNF517.LLMG_RS09700	37.5	299	174	3	59	353	64	353	8.61e-58	191
WP_056067442.1	iYO844.BSU22700	38.9	283	163	6	67	345	73	349	1.10e-56	188
WP_056067446.1	iYS854.USA300HOU_RS07130	23.9	280	173	9	156	416	125	383	1.03e-12	69.3
WP_056067446.1	STM_v1_0.STM3086	19.4	551	312	15	32	459	70	611	2.01e-11	65.9
WP_056067446.1	iYL1228.KPN_03374	19.3	548	311	16	33	459	74	611	4.65e-11	64.7
WP_056067446.1	iML1515.b2938	20.3	551	307	19	32	459	70	611	1.42e-10	63.2
WP_056067446.1	iSbBS512_1146.SbBS512_E3371	20.3	551	307	19	32	459	70	611	1.42e-10	63.2
WP_056067446.1	iSDY_1059.SDY_3134	20.3	551	307	19	32	459	70	611	1.42e-10	63.2
WP_056067446.1	iSF_1195.SF2931	20.3	551	307	19	32	459	74	615	1.44e-10	63.2
WP_056067446.1	iSSON_1240.SSON_3092	20.3	551	307	19	32	459	70	611	1.42e-10	63.2
WP_056067448.1	iMM904.YHR068W	19.6	276	182	9	59	318	122	373	6.46e-04	40.8
WP_056067454.1	iAF987.Gmet_0304	28.1	755	443	21	137	818	169	896	9.96e-70	248
WP_056067454.1	iCN718.ABAYE_RS00705	26.7	748	474	14	137	827	133	863	3.33e-65	234
WP_056067454.1	iSynCJ816.SGL_RS11290	25.8	831	485	20	136	844	192	1012	6.97e-64	232
WP_056067454.1	iAM_Pf480.PF3D7_1426700	26.4	777	469	19	140	827	187	949	4.10e-63	231
WP_056067454.1	iAM_Pb448.PBANKA_101790	27.4	778	460	20	140	827	173	935	6.64e-63	230
WP_056067457.1	STM_v1_0.STM1680	25.2	218	106	8	42	229	21	211	9.34e-07	49.3
WP_056067457.1	iSDY_1059.SDY_1404	23.8	223	113	7	42	234	41	236	3.45e-06	47.8
WP_056067457.1	iSF_1195.SF1332	23.8	223	113	7	42	234	21	216	4.05e-06	47.4
WP_056067457.1	iML1515.b1326	23.3	223	114	7	42	234	21	216	7.28e-06	46.6
WP_056067457.1	iSbBS512_1146.SbBS512_E1558	23.3	223	114	7	42	234	41	236	8.26e-06	46.6
WP_056067457.1	iSSON_1240.SSON_1812	23.3	223	114	7	42	234	21	216	7.28e-06	46.6
WP_056067464.1	iCN718.ABAYE_RS10950	34.1	173	108	3	1	169	1	171	1.80e-23	91.3
WP_056067466.1	iAF987.Gmet_1275	39.8	246	136	2	1	236	1	244	3.89e-54	174
WP_056067466.1	iSDY_1059.SDY_2340	40.7	248	133	5	1	238	1	244	2.10e-49	162
WP_056067466.1	iYL1228.KPN_00945	41.5	248	131	5	1	238	1	244	4.19e-49	161
WP_056067466.1	iSbBS512_1146.SbBS512_E2406	40.3	248	134	5	1	238	1	244	4.19e-49	161
WP_056067466.1	iSSON_1240.SSON_0920	40.3	248	134	5	1	238	1	244	4.19e-49	161
WP_056067466.1	iML1515.b0918	40.3	248	134	5	1	238	1	244	5.92e-49	160
WP_056067466.1	iSF_1195.SF0914	40.3	248	134	5	1	238	1	244	8.36e-49	160
WP_056067466.1	iPC815.YPO1400	39.4	251	138	5	1	241	1	247	1.40e-47	157
WP_056067473.1	iCN718.ABAYE_RS13845	28.5	151	99	6	1	149	5	148	1.66e-11	60.1
WP_056067493.1	iAF987.Gmet_0880	28.8	306	194	7	6	291	5	306	7.09e-23	97.8
WP_056067493.1	iCN900.CD630_34910	27.5	313	193	8	6	292	2	306	1.56e-23	97.4
WP_056067495.1	iSF_1195.SF2545	43.4	707	357	10	9	702	7	683	6.35e-190	554
WP_056067495.1	iML1515.b2501	43.7	707	355	11	9	702	7	683	1.27e-189	553
WP_056067495.1	iSbBS512_1146.SbBS512_E2875	43.7	707	355	11	9	702	7	683	1.27e-189	553
WP_056067495.1	iSSON_1240.SSON_2583	43.7	707	355	11	9	702	7	683	1.80e-189	553
WP_056067495.1	iSDY_1059.SDY_2690	43.6	707	356	11	9	702	7	683	3.59e-189	552
WP_056067495.1	iPC815.YPO2836	42.8	698	366	7	9	699	7	678	3.48e-189	552
WP_056067495.1	STM_v1_0.STM2501	43.3	707	358	11	9	702	7	683	5.87e-185	541
WP_056067495.1	iYL1228.KPN_02826	42.1	708	363	10	9	702	7	681	2.20e-184	540
WP_056067501.1	iAM_Pc455.PCYB_093520	29.6	115	73	4	63	171	112	224	4.28e-06	46.2
WP_056067501.1	iAM_Pb448.PBANKA_091930	26.1	111	75	3	66	171	116	224	6.12e-05	42.7
WP_056067501.1	iAM_Pf480.PF3D7_1129000	27.5	109	72	3	68	171	118	224	6.12e-05	42.7
WP_056067503.1	iAF987.Gmet_1706	36.3	113	68	3	3	113	2	112	8.29e-14	68.9
WP_056067503.1	iAF987.Gmet_1919	28.4	116	83	0	4	119	5	120	3.25e-13	67.4
WP_056067503.1	iAF987.Gmet_0069	33.6	119	72	4	1	113	1	118	3.21e-12	64.3
WP_056067505.1	iHN637.CLJU_RS00920	39.7	1111	558	19	8	1109	2	1009	8.11e-266	776
WP_056067513.1	iLB1027_lipid.PHATRDRAFT_32823	28.6	203	119	7	3	182	16	215	1.19e-11	60.8
WP_056067513.1	iCN900.CD630_34560	30.1	186	123	6	3	184	2	184	2.82e-11	59.3
WP_056067513.1	iMM1415.107885	26.5	185	124	4	3	176	10	193	4.72e-11	58.9
WP_056067513.1	iCHOv1.100758328	26.8	138	90	3	50	176	56	193	1.18e-09	55.1
WP_056067515.1	iJN1463.PP_4423	26.0	289	203	6	37	315	36	323	3.64e-22	94.7
WP_056067518.1	iMM904.YML059C	27.3	297	165	10	27	298	1371	1641	7.68e-22	101
WP_056067520.1	iHN637.CLJU_RS10530	43.0	486	252	5	1	486	1	461	1.73e-120	362
WP_056067520.1	iHN637.CLJU_RS02325	41.5	489	261	5	1	489	1	464	3.08e-118	357
WP_056067520.1	iHN637.CLJU_RS02330	39.8	482	265	6	1	482	1	457	5.02e-108	330
WP_056067524.1	iAT_PLT_636.3242	51.0	361	171	4	31	386	22	381	1.00e-113	337
WP_056067524.1	iCHOv1.100768220	51.2	361	170	4	31	386	22	381	2.01e-113	336
WP_056067524.1	iMM1415.15445	50.7	361	172	4	31	386	22	381	4.02e-113	335
WP_056067529.1	iCHOv1.100768126	33.1	124	70	4	38	149	41	163	2.62e-11	63.5
WP_056067529.1	iMM1415.56720	32.3	124	71	4	38	149	40	162	3.50e-11	63.2
WP_056067531.1	iML1515.b1856	27.6	344	232	6	56	396	100	429	3.06e-36	137
WP_056067532.1	iSF_1195.SF4180	58.9	540	218	4	7	542	5	544	7.05e-230	644
WP_056067532.1	iML1515.b4025	58.9	540	218	4	7	542	5	544	1.00e-229	644
WP_056067532.1	iSbBS512_1146.SbBS512_E4530	58.9	540	218	4	7	542	5	544	1.00e-229	644
WP_056067532.1	iSDY_1059.SDY_4226	58.9	540	218	4	7	542	5	544	1.00e-229	644
WP_056067532.1	iSSON_1240.SSON_4203	58.9	540	218	4	7	542	5	544	1.00e-229	644
WP_056067532.1	STM_v1_0.STM4221	59.1	540	217	4	7	542	5	544	5.74e-229	642
WP_056067532.1	iYL1228.KPN_04413	58.9	540	218	4	7	542	5	544	4.67e-228	640
WP_056067532.1	iPC815.YPO3718	58.5	540	221	3	7	543	5	544	3.67e-227	637
WP_056067534.1	iCN718.ABAYE_RS09345	28.3	113	80	1	62	174	51	162	4.45e-04	38.9
WP_056067542.1	iAF692.Mbar_A0669	30.1	382	248	4	17	390	5	375	1.71e-45	172
WP_056067542.1	iPC815.YPO3094	33.9	389	243	4	12	390	2	386	2.75e-41	159
WP_056067551.1	iJN1463.PP_3426	40.7	1057	598	8	3	1041	5	1050	9.21e-256	749
WP_056067551.1	STM_v1_0.STM3391	39.7	1040	601	12	1	1027	1	1027	4.25e-235	695
WP_056067551.1	iYL1228.KPN_03673	39.6	1039	603	12	1	1027	1	1026	1.63e-234	693
WP_056067551.1	iML1515.b0462	38.8	1046	614	13	5	1038	5	1036	4.55e-228	677
WP_056067551.1	iJN1463.PP_1385	39.4	1062	622	12	1	1055	1	1047	9.33e-228	676
WP_056067553.1	iSF_1195.SF0473	28.7	463	315	6	10	466	6	459	4.20e-51	179
WP_056067553.1	iSSON_1240.SSON_0523	28.5	463	316	6	10	466	6	459	1.15e-49	175
WP_056067553.1	iML1515.b0572	28.0	461	317	6	10	464	6	457	4.06e-48	171
WP_056067553.1	iJN1463.PP_1384	28.6	469	311	9	11	465	8	466	6.64e-46	166
WP_056067553.1	iJN1463.PP_3427	26.2	454	330	2	15	466	13	463	7.17e-45	162
WP_056067559.1	iEK1008.Rv1400c	28.1	96	56	2	51	146	85	167	5.20e-04	40.8
WP_056067573.1	iCN900.CD630_33940	41.5	470	269	5	5	472	6	471	3.35e-120	363
WP_056067573.1	iAF987.Gmet_0122	42.8	474	260	7	5	475	6	471	1.12e-117	353
WP_056067573.1	iHN637.CLJU_RS01595	39.7	468	280	2	6	472	3	469	8.89e-114	347
WP_056067573.1	iSynCJ816.SGL_RS15640	39.4	472	272	6	6	472	17	479	4.38e-115	347
WP_056067573.1	iSynCJ816.SGL_RS07035	42.0	457	255	6	5	457	8	458	3.66e-111	340
WP_056067573.1	iYO844.BSU29180	41.3	475	265	4	5	472	2	469	4.36e-111	340
WP_056067573.1	iEK1008.Rv1617	40.0	473	262	8	8	472	6	464	3.15e-112	339
WP_056067573.1	iJN1463.PP_4301	38.7	476	285	4	1	475	1	470	9.70e-111	335
WP_056067585.1	iYO844.BSU11340	54.6	416	185	3	1	416	1	412	2.49e-150	432
WP_056067585.1	iYS854.USA300HOU_RS04880	52.6	416	187	4	4	416	5	413	3.90e-142	411
WP_056067585.1	iCN900.CD630_11840	50.5	412	199	3	4	414	3	410	1.47e-141	409
WP_056067585.1	iSynCJ816.SGL_RS05665	48.3	418	209	3	1	416	4	416	5.11e-138	400
WP_056067585.1	iAF987.Gmet_1603	49.2	413	207	2	3	415	1	410	4.79e-137	398
WP_056067585.1	iPC815.YPO1601	48.8	416	209	3	1	415	1	413	5.30e-137	398
WP_056067585.1	STM_v1_0.STM1197	49.8	416	205	3	1	415	1	413	7.50e-137	397
WP_056067585.1	iHN637.CLJU_RS20760	47.7	411	211	3	4	414	3	409	4.14e-136	395
WP_056067585.1	iSSON_1240.SSON_1115	50.0	416	204	3	1	415	1	413	1.22e-135	394
WP_056067585.1	iJN1463.PP_1916	48.8	414	209	2	1	414	1	411	2.53e-135	394
WP_056067585.1	iML1515.b1095	49.8	416	205	3	1	415	1	413	4.91e-135	393
WP_056067585.1	iSF_1195.SF1099	49.8	416	205	3	1	415	1	413	4.91e-135	393
WP_056067585.1	iYL1228.KPN_01093	49.3	416	207	3	1	415	1	413	6.96e-135	392
WP_056067585.1	iSbBS512_1146.SbBS512_E2229	49.8	416	205	3	1	415	1	413	1.40e-134	392
WP_056067585.1	iSDY_1059.SDY_2055	49.5	416	206	3	1	415	1	413	3.97e-134	390
WP_056067587.1	iPC815.YPO2829	36.7	188	108	3	1	182	1	183	3.69e-35	122
WP_056067587.1	iYL1228.KPN_02825	37.2	188	107	3	1	182	1	183	7.55e-35	121
WP_056067587.1	iAF692.Mbar_A1295	37.8	180	106	3	4	177	11	190	9.40e-34	118
WP_056067587.1	STM_v1_0.STM2500	35.1	185	109	3	4	182	3	182	6.47e-33	116
WP_056067587.1	iSF_1195.SF2544	35.7	185	108	3	4	182	3	182	3.61e-32	114
WP_056067587.1	iSbBS512_1146.SbBS512_E2874	35.1	185	109	3	4	182	3	182	5.09e-32	114
WP_056067587.1	iSDY_1059.SDY_2689	35.1	185	109	3	4	182	3	182	5.09e-32	114
WP_056067587.1	iSSON_1240.SSON_2582	35.1	185	109	3	4	182	3	182	5.09e-32	114
WP_056067587.1	iHN637.CLJU_RS04225	34.4	186	118	2	1	182	1	186	8.26e-32	113
WP_056067587.1	iML1515.b2500	35.1	185	109	3	4	182	3	182	1.43e-31	113
WP_056067587.1	iYO844.BSU06510	33.5	191	116	3	1	185	1	186	7.29e-31	110
WP_056067592.1	iEK1008.Rv2228c	29.3	140	77	6	3	135	2	126	1.90e-09	54.7
WP_056067594.1	iAF987.Gmet_2683	49.5	301	149	3	4	304	3	300	1.21e-101	300
WP_056067598.1	iCN718.ABAYE_RS06820	24.0	504	277	19	35	522	15	428	1.48e-25	110
WP_056067598.1	iJN1463.PP_2000	24.0	505	274	19	35	522	15	426	4.32e-25	108
WP_056067598.1	iML1515.b2312	26.7	423	235	17	115	522	66	428	3.40e-22	100
WP_056067598.1	iSbBS512_1146.SbBS512_E2690	26.7	423	235	17	115	522	66	428	3.40e-22	100
WP_056067598.1	iSF_1195.SF2388	26.7	423	235	17	115	522	66	428	3.40e-22	100
WP_056067598.1	iSSON_1240.SSON_2370	26.7	423	235	17	115	522	66	428	3.40e-22	100
WP_056067599.1	iYO844.BSU25020	61.8	207	69	4	1	202	1	202	2.63e-90	263
WP_056067599.1	iYS854.USA300HOU_RS08290	59.7	206	72	4	1	202	1	199	2.14e-86	253
WP_056067599.1	iYS854.USA300HOU_RS00700	55.8	206	80	4	1	202	1	199	3.17e-81	239
WP_056067599.1	STM_v1_0.STM4055	56.5	209	81	5	1	202	1	206	2.30e-80	238
WP_056067599.1	iYL1228.KPN_04217	56.5	209	81	5	1	202	5	210	3.72e-80	237
WP_056067603.1	iML1515.b3617	63.2	397	146	0	1	397	1	397	1.77e-180	507
WP_056067603.1	iSF_1195.SF3657	63.2	397	146	0	1	397	1	397	1.77e-180	507
WP_056067603.1	iSDY_1059.SDY_4050	63.2	397	146	0	1	397	1	397	5.06e-180	506
WP_056067603.1	iSbBS512_1146.SbBS512_E4045	63.0	397	147	0	1	397	1	397	7.18e-180	505
WP_056067603.1	STM_v1_0.STM3709	63.2	397	146	0	1	397	1	397	1.02e-179	505
WP_056067603.1	iYL1228.KPN_03962	63.2	397	145	1	1	397	1	396	1.39e-179	504
WP_056067603.1	iSSON_1240.SSON_3787	63.0	397	147	0	1	397	1	397	1.44e-179	504
WP_056067603.1	iPC815.YPO0059	63.2	391	144	0	7	397	12	402	1.89e-176	497
WP_056067606.1	iAF987.Gmet_2727	38.8	103	63	0	366	468	295	397	2.98e-15	77.0
WP_056067609.1	iSynCJ816.SGL_RS04775	33.3	105	67	1	17	118	22	126	1.75e-12	65.5
WP_056067609.1	iAF987.Gmet_0843	34.5	116	72	3	7	121	8	120	2.95e-12	64.7
WP_056067612.1	iYS854.USA300HOU_RS08170	31.3	240	137	6	174	408	122	338	9.89e-27	109
WP_056067614.1	iAF987.Gmet_2397	28.0	257	132	6	9	264	6	210	5.09e-17	77.4
WP_056067617.1	iAF987.Gmet_2396	62.2	669	221	5	1	669	1	637	5.58e-299	828
WP_056067622.1	iAF987.Gmet_2395	60.1	248	98	1	1	248	1	247	1.13e-106	308
WP_056067624.1	iYS854.USA300HOU_RS10950	33.5	254	151	9	1	241	1	249	4.00e-36	128
WP_056067632.1	iYS854.USA300HOU_RS08350	48.3	499	209	6	1	496	1	453	9.12e-155	449
WP_056067656.1	iAF987.Gmet_3213	34.2	339	200	6	12	344	3	324	4.10e-56	185
WP_056067656.1	iYO844.BSU05900	33.2	337	203	8	15	344	1	322	8.60e-50	169
WP_056067658.1	iYO844.BSU33830	34.2	222	140	5	3	219	2	222	5.00e-34	127
WP_056067658.1	iYO844.BSU02750	33.3	216	134	5	13	222	15	226	2.31e-34	124
WP_056067658.1	iYO844.BSU33730	34.4	221	139	6	3	218	2	221	7.14e-33	124
WP_056067658.1	iCN900.CD630_16140	32.6	215	142	3	10	222	31	244	1.45e-32	120
WP_056067658.1	iJN1463.PP_0220	33.3	216	135	5	8	215	38	252	2.20e-31	119
WP_056067658.1	iIT341.HP1576	33.8	228	139	5	1	219	1	225	3.98e-31	118
WP_056067658.1	iCHOv1.100761226	33.6	214	140	2	5	216	901	1114	7.31e-29	115
WP_056067658.1	iMM1415.11303	33.6	214	140	2	5	216	901	1114	9.90e-29	115
WP_056067666.1	iEK1008.Rv0684	24.3	506	245	13	1	386	10	497	1.90e-23	104
WP_056067666.1	iSynCJ816.SGL_RS17200	25.9	486	227	16	5	371	9	480	2.28e-21	98.2
WP_056067668.1	iML1515.b0925	34.4	285	159	4	254	514	317	597	1.20e-46	171
WP_056067671.1	iAF987.Gmet_0069	29.2	65	46	0	57	121	50	114	4.10e-04	38.9
WP_056067684.1	iML1515.b1985	26.7	435	309	8	42	470	45	475	1.76e-26	111
WP_056067690.1	iAF987.Gmet_3253	49.2	130	66	0	1	130	2	131	1.35e-38	126
WP_056067708.1	iNF517.LLMG_RS07705	41.1	192	112	1	1	191	1	192	3.23e-53	169
WP_056067708.1	iYO844.BSU23270	40.5	195	114	2	1	193	1	195	3.39e-50	161
WP_056067708.1	iCN718.ABAYE_RS17635	38.5	192	117	1	1	191	1	192	8.69e-49	157
WP_056067710.1	iYL1228.KPN_00049	35.0	320	200	4	10	325	7	322	1.08e-56	187
WP_056067710.1	iYL1228.KPN_01121	34.1	328	211	4	1	324	1	327	6.05e-54	180
WP_056067710.1	iSF_1195.SF0049	34.3	329	204	7	2	325	1	322	7.71e-53	177
WP_056067710.1	iAF987.Gmet_3404	34.0	321	205	4	12	327	10	328	1.40e-52	176
WP_056067710.1	iSSON_1240.SSON_0060	34.3	329	204	7	2	325	1	322	1.08e-52	176
WP_056067710.1	iSbBS512_1146.SbBS512_E0046	34.3	329	204	7	2	325	1	322	1.52e-52	176
WP_056067710.1	iML1515.b0052	33.2	328	209	5	2	325	1	322	3.01e-52	175
WP_056067710.1	iSDY_1059.SDY_0077	33.4	329	207	5	2	325	1	322	4.24e-52	175
WP_056067710.1	STM_v1_0.STM0091	33.2	328	209	5	2	325	1	322	1.18e-51	174
WP_056067710.1	STM_v1_0.STM0163	33.5	322	209	4	10	327	6	326	4.72e-50	169
WP_056067710.1	iSynCJ816.SGL_RS16360	33.7	341	197	9	12	331	11	343	1.15e-49	169
WP_056067710.1	iPC815.YPO0493	32.8	326	211	4	12	333	10	331	7.33e-50	169
WP_056067713.1	iCN900.CD630_11790	48.3	329	165	4	1	327	1	326	1.34e-99	296
WP_056067713.1	iAF987.Gmet_1599	44.1	324	178	2	6	327	4	326	8.31e-90	271
WP_056067715.1	iYS854.USA300HOU_RS08160	40.3	159	89	3	1	159	1	153	5.88e-34	116
WP_056067715.1	iAF987.Gmet_0983	47.5	162	80	3	1	161	1	158	4.36e-32	112
WP_056067715.1	iSynCJ816.SGL_RS13735	34.8	161	96	2	1	161	3	154	1.07e-31	110
WP_056067715.1	iML1515.b3255	35.6	160	99	2	1	160	1	156	4.55e-31	109
WP_056067715.1	STM_v1_0.STM3379	35.6	160	99	2	1	160	1	156	4.55e-31	109
WP_056067715.1	iSbBS512_1146.SbBS512_E3287	35.6	160	99	2	1	160	1	156	4.55e-31	109
WP_056067715.1	iSF_1195.SF3293	35.6	160	99	2	1	160	1	156	4.55e-31	109
WP_056067715.1	iSSON_1240.SSON_3396	35.6	160	99	2	1	160	1	156	4.55e-31	109
WP_056067715.1	iSDY_1059.SDY_3432	35.6	160	99	2	1	160	1	156	9.09e-31	108
WP_056067716.1	iSynCJ816.SGL_RS13980	61.5	441	168	1	2	440	3	443	6.97e-196	550
WP_056067716.1	iYO844.BSU24340	58.9	445	180	2	1	442	1	445	3.59e-189	533
WP_056067716.1	iAF987.Gmet_0984	58.4	447	183	2	1	445	1	446	3.92e-185	523
WP_056067716.1	iHN637.CLJU_RS20745	57.0	442	188	1	1	440	1	442	1.16e-184	521
WP_056067716.1	iYS854.USA300HOU_RS08155	55.6	441	193	2	3	440	2	442	2.77e-174	495
WP_056067739.1	iCN718.ABAYE_RS11110	43.8	418	225	5	5	414	4	419	4.01e-107	322
WP_056067741.1	iNF517.LLMG_RS09290	26.3	114	80	2	115	227	95	205	4.79e-05	42.7
WP_056067743.1	iJN1463.PP_5107	49.3	219	111	0	1	219	1	219	2.39e-68	209
WP_056067758.1	iJN1463.PP_4838	19.8	665	417	22	137	774	81	656	3.12e-06	50.4
WP_056067769.1	iHN637.CLJU_RS17045	51.7	325	154	2	2	324	4	327	3.53e-112	328
WP_056067769.1	iCN900.CD630_32240	51.5	330	157	3	2	329	5	333	6.79e-108	317
WP_056067769.1	iAF987.Gmet_0604	53.9	330	144	4	2	324	6	334	1.17e-107	317
WP_056067771.1	iML1515.b3291	49.6	133	60	3	1	127	1	132	3.65e-30	105
WP_056067774.1	iCN900.CD630_34630	37.0	376	222	9	444	810	1	370	2.67e-62	214
WP_056067774.1	iSynCJ816.SGL_RS15085	34.2	380	235	8	439	809	25	398	8.27e-57	199
WP_056067774.1	iHN637.CLJU_RS15830	33.8	370	232	9	454	813	11	377	2.20e-56	198
WP_056067774.1	iHN637.CLJU_RS05895	33.8	370	229	11	454	812	11	375	3.96e-56	197
WP_056067774.1	iIT341.HP0941	31.6	373	236	10	453	810	8	376	8.20e-56	196
WP_056067774.1	iCN900.CD630_16280	34.9	373	221	8	448	806	343	707	3.10e-52	194
WP_056067776.1	iYS854.USA300HOU_RS11440	54.1	183	77	2	14	189	8	190	6.47e-58	181
WP_056067776.1	iYO844.BSU37060	49.4	180	84	2	11	183	5	184	2.44e-54	171
WP_056067780.1	iHN637.CLJU_RS15715	23.6	140	86	3	1	123	1	136	1.15e-04	41.6
WP_056067780.1	iAF987.Gmet_0485	27.3	216	143	7	1	205	1	213	2.79e-04	41.2
WP_056067787.1	iAF987.Gmet_2776	27.3	220	154	4	32	250	23	237	5.08e-26	101
WP_056067792.1	iYL1228.KPN_04626	65.7	329	108	2	6	332	2	327	3.59e-158	445
WP_056067792.1	iML1515.b4232	65.7	329	108	2	6	332	2	327	7.24e-158	444
WP_056067792.1	iSbBS512_1146.SbBS512_E4852	65.7	329	108	2	6	332	2	327	7.24e-158	444
WP_056067792.1	iSDY_1059.SDY_4250	65.7	329	108	2	6	332	2	327	7.24e-158	444
WP_056067792.1	iSF_1195.SF4258	65.7	329	108	2	6	332	2	327	7.24e-158	444
WP_056067792.1	STM_v1_0.STM4415	65.3	329	109	2	6	332	2	327	2.07e-157	443
WP_056067792.1	iPC815.YPO3520	66.2	328	108	2	6	331	2	328	3.51e-157	443
WP_056067792.1	iSSON_1240.SSON_4413	65.7	329	108	2	6	332	2	327	8.40e-157	442
WP_056067795.1	iCHOv1.100689427	34.4	157	92	2	3	148	6	162	7.46e-29	104
WP_056067795.1	iMM1415.20229	35.0	157	91	2	3	148	6	162	1.49e-28	103
WP_056067795.1	iCHOv1.100757665	35.9	145	85	2	3	139	6	150	2.77e-25	95.1
WP_056067797.1	iYL1228.KPN_04412	32.7	355	230	6	3	354	6	354	6.15e-50	174
WP_056067797.1	STM_v1_0.STM4220	31.8	355	233	5	3	354	6	354	3.31e-48	170
WP_056067797.1	iSDY_1059.SDY_4227	32.4	355	231	6	3	354	6	354	3.31e-48	170
WP_056067797.1	iML1515.b4024	31.8	355	233	5	3	354	6	354	6.43e-48	169
WP_056067797.1	iSbBS512_1146.SbBS512_E4529	31.8	355	233	5	3	354	6	354	6.43e-48	169
WP_056067797.1	iSF_1195.SF4181	31.8	355	233	5	3	354	6	354	6.43e-48	169
WP_056067797.1	iSSON_1240.SSON_4202	31.8	355	233	5	3	354	6	354	6.43e-48	169
WP_056067797.1	iPC815.YPO3719	30.3	357	236	7	3	354	18	366	8.22e-47	166
WP_056067803.1	iCN900.CD630_04310	25.8	543	286	21	4	520	7	458	2.67e-20	93.6
WP_056067803.1	iYS854.USA300HOU_RS14570	23.7	549	317	22	11	519	16	502	4.70e-19	90.1
WP_056067808.1	iPC815.YPO0670	43.5	191	105	3	1	191	1	188	3.69e-53	168
WP_056067808.1	iML1515.b3028	45.1	195	104	3	1	195	1	192	1.02e-52	167
WP_056067808.1	STM_v1_0.STM3179	45.1	195	104	3	1	195	1	192	1.02e-52	167
WP_056067808.1	iSbBS512_1146.SbBS512_E3461	45.1	195	104	3	1	195	1	192	1.02e-52	167
WP_056067808.1	iYL1228.KPN_03442	44.6	195	105	3	1	195	1	192	1.44e-52	166
WP_056067808.1	iSDY_1059.SDY_3212	44.6	195	105	3	1	195	1	192	2.89e-52	166
WP_056067808.1	iSSON_1240.SSON_3166	44.6	195	105	3	1	195	1	192	5.80e-52	165
WP_056067808.1	iSF_1195.SF3068	44.6	195	105	3	1	195	1	192	1.65e-51	164
WP_056067808.1	iIT341.HP0630	44.1	195	106	3	1	195	1	192	1.16e-46	151
WP_056067814.1	iAF987.Gmet_1919	30.5	128	78	4	4	124	6	129	1.17e-08	54.3
WP_056067834.1	iPC815.YPO1661	57.3	875	347	6	45	902	35	899	0.0	966
WP_056067834.1	iJN1463.PP_2645	56.1	879	355	6	43	901	52	919	0.0	943
WP_056067834.1	STM_v1_0.STM3763	55.5	877	362	6	43	901	41	907	0.0	915
WP_056067836.1	iSynCJ816.SGL_RS13435	44.4	232	116	4	9	234	9	233	5.70e-56	178
WP_056067840.1	iAF987.Gmet_0069	28.8	212	136	5	3	204	5	211	3.05e-18	81.3
WP_056067840.1	iAF987.Gmet_1706	41.4	116	64	3	1	114	1	114	7.44e-16	74.7
WP_056067867.1	iLJ478.TM0038	33.1	136	63	4	6	140	3	111	2.33e-16	70.1
WP_056067869.1	iCN900.CD630_34770	38.6	140	73	2	9	136	5	143	4.58e-30	105
WP_056067869.1	iAF692.Mbar_A0853	41.4	140	71	1	10	138	8	147	1.08e-28	102
WP_056067869.1	iAF987.Gmet_1622	39.1	138	73	1	9	135	6	143	3.77e-28	101
WP_056067869.1	iLJ478.TM0404	39.0	146	78	1	9	143	56	201	2.48e-27	100
WP_056067880.1	iIS312.TCDM_08240	66.4	327	102	4	5	329	17	337	8.55e-156	439
WP_056067880.1	iCHOv1.100752542	63.9	327	109	4	5	329	71	390	9.20e-149	423
WP_056067880.1	iMM1415.20135	63.6	327	110	4	5	329	71	390	2.63e-148	422
WP_056067880.1	iMM904.YJL026W	62.1	327	119	3	5	329	76	399	1.57e-144	413
WP_056067882.1	iMM1415.20133	65.0	802	266	6	1	797	1	792	0.0	1064
WP_056067882.1	iCHOv1.100761591	64.4	804	267	6	1	797	1	792	0.0	1060
WP_056067882.1	iMM904.YER070W	64.9	776	259	5	1	769	1	770	0.0	1042
WP_056067882.1	iAM_Pv461.PVX_084685	61.9	811	287	6	1	795	42	846	0.0	1027
WP_056067882.1	iMM904.YIL066C	63.8	763	265	4	1	756	1	759	0.0	1026
WP_056067882.1	iAM_Pc455.PCYB_132180	61.8	811	288	6	1	795	31	835	0.0	1025
WP_056067882.1	iAM_Pb448.PBANKA_061160	64.4	764	265	4	1	760	42	802	0.0	1023
WP_056067882.1	iAM_Pf480.PF3D7_1437200	64.6	756	263	3	1	754	42	794	0.0	1019
WP_056067882.1	iLB1027_lipid.PHATRDRAFT_42726	63.2	764	271	3	1	757	3	763	0.0	1001
WP_056067884.1	iAT_PLT_636.4905	36.5	159	87	5	38	182	243	401	1.86e-15	74.7
WP_056067884.1	iMM1415.18195	36.5	159	87	5	38	182	243	401	1.86e-15	74.7
WP_056067890.1	iSynCJ816.SGL_RS14375	40.3	454	244	13	1	444	1	437	2.99e-93	288
WP_056067893.1	iYO844.BSU00180	47.3	148	70	2	7	147	4	150	1.86e-35	120
WP_056067893.1	iCN900.CD630_00150	43.4	145	76	1	9	147	5	149	2.80e-35	119
WP_056067893.1	iAF987.Gmet_3524	41.8	153	79	2	2	146	7	157	4.10e-31	109
WP_056067909.1	STM_v1_0.STM1517	25.4	279	190	10	17	285	16	286	7.88e-11	61.2
WP_056067909.1	iYL1228.KPN_01622	24.3	276	197	7	17	285	15	285	1.92e-10	60.1
WP_056067909.1	iML1515.b1533	25.4	280	189	11	17	285	15	285	3.78e-09	56.2
WP_056067911.1	iAF987.Gmet_2529	25.8	445	317	8	5	439	9	450	3.03e-39	150
WP_056067923.1	iCN900.CD630_20200	33.9	852	500	13	2	795	6	852	7.47e-145	447
WP_056067976.1	iCHOv1.100750969	67.1	429	137	3	11	438	7	432	6.56e-209	582
WP_056067976.1	iAT_PLT_636.191	66.9	429	138	3	11	438	7	432	2.66e-208	580
WP_056067976.1	iIS312.TCDM_07587	67.0	436	134	6	11	438	4	437	8.61e-206	574
WP_056067976.1	iMM904.YER043C	63.1	447	149	4	7	438	4	449	3.81e-193	543
WP_056067981.1	iAF692.Mbar_A0675	35.5	211	132	3	22	230	21	229	5.26e-34	122
WP_056067983.1	iPC815.YPO1128	26.6	203	126	3	19	198	25	227	2.79e-15	71.6
WP_056067983.1	iYL1228.KPN_00755	26.2	195	121	3	19	190	25	219	1.82e-13	66.6
WP_056067985.1	iPC815.YPO0444	26.7	176	118	4	15	183	234	405	1.97e-10	63.2
WP_056067985.1	iML1515.b4390	28.8	153	95	3	15	157	234	382	4.16e-09	58.9
WP_056067985.1	iSbBS512_1146.SbBS512_E4937	28.8	153	95	3	15	157	234	382	4.16e-09	58.9
WP_056067985.1	iSDY_1059.SDY_4651	28.8	153	95	3	15	157	241	389	4.25e-09	58.9
WP_056067985.1	iSF_1195.SF4422	28.8	153	95	3	15	157	241	389	4.25e-09	58.9
WP_056067985.1	iSSON_1240.SSON_4540	28.8	153	95	3	15	157	241	389	4.25e-09	58.9
WP_056067985.1	iYL1228.KPN_04845	28.8	153	95	3	15	157	234	382	5.51e-09	58.5
WP_056067989.1	iSSON_1240.SSON_1122	22.1	634	386	31	128	707	129	708	9.82e-07	52.0
WP_056067989.1	STM_v1_0.STM1204	21.1	607	374	25	153	707	150	703	1.69e-06	51.2
WP_056067989.1	iSDY_1059.SDY_2048	22.1	634	386	31	128	707	129	708	2.94e-06	50.4
WP_056067989.1	iML1515.b1102	21.9	634	387	31	128	707	129	708	8.78e-06	48.9
WP_056067989.1	iSbBS512_1146.SbBS512_E2222	21.9	634	387	31	128	707	129	708	1.15e-05	48.5
WP_056067997.1	iAF987.Gmet_0043	33.3	111	62	4	281	381	159	267	6.59e-06	47.8
WP_056068003.1	iYS854.USA300HOU_RS01445	27.9	104	60	3	136	237	204	294	1.29e-05	45.4
WP_056068003.1	iAF987.Gmet_1350	33.0	115	59	5	131	245	104	200	3.13e-05	43.9
WP_056068003.1	iML1515.b1856	30.2	126	70	6	116	237	285	396	2.79e-04	41.6
WP_056068018.1	iYO844.BSU35960	24.4	156	108	5	56	206	31	181	1.09e-06	49.3
WP_056068018.1	iYL1228.KPN_04156	22.1	226	151	4	64	278	28	239	1.89e-05	45.4
WP_056068019.1	iYS854.USA300HOU_RS05260	28.2	319	201	9	17	325	69	369	5.81e-23	99.8
WP_056068034.1	iJN1463.PP_5069	26.0	96	71	0	2	97	47	142	2.16e-13	61.2
WP_056068034.1	iJN1463.PP_5215	27.7	94	68	0	5	98	16	109	1.61e-12	58.2
WP_056068034.1	iML1515.b2582	32.9	85	46	1	5	78	35	119	4.27e-12	57.8
WP_056068034.1	iSbBS512_1146.SbBS512_E2954	32.9	85	46	1	5	78	35	119	4.27e-12	57.8
WP_056068034.1	iSDY_1059.SDY_2825	32.9	85	46	1	5	78	35	119	4.27e-12	57.8
WP_056068034.1	iSF_1195.SF2644	32.9	85	46	1	5	78	35	119	4.27e-12	57.8
WP_056068034.1	iSSON_1240.SSON_2708	32.9	85	46	1	5	78	35	119	4.27e-12	57.8
WP_056068034.1	iYL1228.KPN_02905	28.6	77	55	0	2	78	43	119	6.24e-12	57.4
WP_056068034.1	STM_v1_0.STM2649	32.9	85	46	1	5	78	35	119	8.45e-12	57.0
WP_056068034.1	iPC815.YPO3270	27.6	105	65	1	5	98	35	139	1.33e-11	56.6
WP_056068034.1	iPC815.YPO3868	25.8	93	69	0	6	98	16	108	1.76e-11	55.5
WP_056068043.1	iML1515.b3590	29.1	247	162	8	448	686	2	243	2.15e-14	77.0
WP_056068047.1	iAF987.Gmet_1809	42.9	161	66	5	238	398	25	159	1.59e-36	131
WP_056068050.1	iAF987.Gmet_1811	42.3	267	111	5	750	1016	5	228	2.59e-66	222
WP_056068062.1	iAF987.Gmet_0252	23.5	255	123	4	90	344	17	199	8.15e-13	68.2
WP_056068063.1	iSynCJ816.SGL_RS05545	42.6	551	270	11	28	575	21	528	1.98e-136	408
WP_056068063.1	iEK1008.Rv3043c	40.4	554	283	12	21	568	24	536	5.21e-124	377
WP_056068068.1	iYS854.USA300HOU_RS07350	28.0	464	293	8	10	467	7	435	6.64e-50	176
WP_056068068.1	iMM1415.50934	27.2	456	304	9	10	464	35	463	7.94e-43	158
WP_056068076.1	iJN1463.PP_4900	43.1	311	157	6	6	303	9	312	1.32e-77	240
WP_056068082.1	iAF987.Gmet_1637	55.4	753	327	5	5	752	2	750	1.14e-278	785
WP_056068085.1	iYS854.USA300HOU_RS04375	52.8	125	59	0	1	125	1	125	2.16e-48	150
WP_056068088.1	iNF517.LLMG_RS05390	35.5	248	131	7	1	247	1	220	1.64e-28	107
WP_056068088.1	iYS854.USA300HOU_RS00730	33.7	252	130	8	1	247	1	220	3.65e-26	101
WP_056068088.1	iYS854.USA300HOU_RS11540	35.4	223	119	7	30	247	18	220	5.39e-25	98.2
WP_056068092.1	iAM_Pv461.PVX_080280	35.4	226	136	5	21	241	214	434	3.37e-34	130
WP_056068092.1	iAM_Pc455.PCYB_102250	36.3	226	133	6	21	241	101	320	1.21e-34	130
WP_056068092.1	iJN1463.PP_0110	33.2	292	180	6	20	308	14	293	4.10e-35	128
WP_056068092.1	iAM_Pf480.PF3D7_0519300	39.9	203	109	6	17	212	313	509	4.04e-33	128
WP_056068092.1	iAM_Pb448.PBANKA_123410	35.5	251	150	7	10	254	211	455	3.28e-33	127
WP_056068092.1	iYO844.BSU12080	31.3	297	189	8	20	308	35	324	8.33e-34	125
WP_056068092.1	iCHOv1.100764018	38.2	191	110	4	24	211	159	344	5.19e-32	123
WP_056068095.1	iYL1228.KPN_00392	28.3	187	125	4	10	191	12	194	8.81e-15	69.3
WP_056068095.1	STM_v1_0.STM0441	27.8	187	126	4	10	191	13	195	2.40e-14	68.2
WP_056068095.1	iSbBS512_1146.SbBS512_E0352	27.8	187	126	4	10	191	13	195	4.64e-14	67.4
WP_056068095.1	iML1515.b0430	27.8	187	126	4	10	191	13	195	6.44e-14	67.0
WP_056068095.1	iSSON_1240.SSON_0413	27.8	187	126	4	10	191	13	195	6.44e-14	67.0
WP_056068095.1	iCN718.ABAYE_RS07345	28.5	172	114	4	26	191	29	197	6.54e-13	64.3
WP_056068098.1	iJN1463.PP_0106	38.6	70	42	1	272	341	225	293	9.59e-10	58.5
WP_056068098.1	iSynCJ816.SGL_RS09080	42.9	63	35	1	280	342	133	194	1.21e-09	57.0
WP_056068098.1	iSynCJ816.SGL_RS05550	42.0	69	40	0	274	342	135	203	3.27e-09	55.8
WP_056068098.1	iAF987.Gmet_0250	36.1	72	45	1	272	343	129	199	2.58e-08	53.1
WP_056068098.1	iYS854.USA300HOU_RS05270	33.7	86	51	2	258	343	116	195	3.54e-08	52.8
WP_056068105.1	iPC815.YPO3064	33.8	80	48	2	60	139	11	85	3.63e-04	39.7
WP_056068105.1	iML1515.b2480	31.8	88	54	3	53	139	2	84	8.94e-04	38.5
WP_056068105.1	iSbBS512_1146.SbBS512_E2852	31.8	88	54	3	53	139	2	84	8.94e-04	38.5
WP_056068105.1	iSDY_1059.SDY_2669	31.8	88	54	3	53	139	2	84	8.94e-04	38.5
WP_056068105.1	iSF_1195.SF2523	31.8	88	54	3	53	139	2	84	8.94e-04	38.5
WP_056068105.1	iSSON_1240.SSON_2561	31.8	88	54	3	53	139	2	84	8.94e-04	38.5
WP_056068108.1	iYS854.USA300HOU_RS05575	25.6	133	99	0	48	180	6	138	1.26e-06	45.8
WP_056068116.1	iJN1463.PP_4209	23.8	391	242	7	38	411	37	388	7.93e-14	72.4
WP_056068125.1	iML1515.b2924	32.9	240	161	0	18	257	23	262	4.61e-39	137
WP_056068132.1	iLB1027_lipid.PHATRDRAFT_16693	33.3	186	106	4	108	283	8	185	1.93e-21	89.4
WP_056068137.1	iML1515.b1400	37.1	151	94	1	1	151	1	150	8.27e-12	60.5
WP_056068137.1	iJN1463.PP_3285	33.7	101	66	1	6	106	6	105	1.17e-10	57.4
WP_056068142.1	iJN1463.PP_0736	41.6	250	137	4	4	248	5	250	6.69e-60	190
WP_056068142.1	iCN718.ABAYE_RS00965	38.0	258	154	3	3	254	4	261	3.53e-54	175
WP_056068142.1	iCN900.CD630_35620	34.4	262	166	3	2	257	1	262	7.46e-54	174
WP_056068155.1	iCN900.CD630_21360	52.1	238	114	0	2	239	4	241	2.03e-84	251
WP_056068155.1	iHN637.CLJU_RS06410	51.9	233	112	0	7	239	20	252	6.73e-83	248
WP_056068155.1	iAF987.Gmet_1254	51.0	239	117	0	7	245	4	242	1.16e-81	244
WP_056068155.1	iML1515.b0174	52.2	228	109	0	14	241	19	246	5.10e-77	233
WP_056068155.1	iSDY_1059.SDY_0190	52.2	228	109	0	14	241	19	246	5.10e-77	233
WP_056068155.1	iSF_1195.SF0164	52.2	228	109	0	14	241	19	246	5.10e-77	233
WP_056068155.1	iSSON_1240.SSON_0186	52.2	228	109	0	14	241	19	246	5.10e-77	233
WP_056068155.1	iSbBS512_1146.SbBS512_E0167	52.2	228	109	0	14	241	18	245	1.99e-76	231
WP_056068155.1	STM_v1_0.STM0221	50.4	236	113	1	10	241	10	245	2.29e-75	228
WP_056068155.1	iYO844.BSU16530	50.6	233	115	0	7	239	26	258	4.17e-75	228
WP_056068161.1	iAF987.Gmet_0941	32.1	290	186	4	2	290	3	282	1.59e-47	160
WP_056068161.1	iJN1463.PP_2012	35.4	226	143	3	66	289	83	307	5.01e-43	149
WP_056068161.1	iSDY_1059.SDY_2788	33.5	251	162	3	41	290	43	289	4.01e-43	149
WP_056068161.1	iPC815.YPO1106	34.5	232	150	2	60	290	60	290	1.14e-42	147
WP_056068161.1	iML1515.b2615	33.1	251	163	3	41	290	43	289	4.34e-42	146
WP_056068161.1	STM_v1_0.STM2683	34.1	232	151	2	60	290	59	289	4.34e-42	146
WP_056068161.1	iSbBS512_1146.SbBS512_E3004	33.1	251	163	3	41	290	43	289	4.34e-42	146
WP_056068161.1	iSF_1195.SF2674	33.1	251	163	3	41	290	43	289	4.34e-42	146
WP_056068161.1	iSSON_1240.SSON_2771	33.1	251	163	3	41	290	43	289	4.34e-42	146
WP_056068161.1	iCN718.ABAYE_RS06435	34.4	227	147	2	66	291	68	293	3.03e-41	144
WP_056068161.1	iYL1228.KPN_02937	34.1	232	151	2	60	290	59	289	2.38e-41	144
WP_056068164.1	iAF987.Gmet_1885	35.7	238	151	2	1	237	1	237	1.27e-44	149
WP_056068164.1	iSynCJ816.SGL_RS02965	33.5	230	151	2	1	229	1	229	2.89e-40	138
WP_056068164.1	iCN718.ABAYE_RS05235	33.9	227	148	2	4	229	5	230	4.51e-39	135
WP_056068164.1	iML1515.b2564	33.5	227	149	2	4	229	6	231	6.69e-39	134
WP_056068164.1	iSDY_1059.SDY_2805	33.5	227	149	2	4	229	6	231	6.69e-39	134
WP_056068166.1	iCN718.ABAYE_RS14020	25.8	275	165	14	3	254	71	329	2.56e-11	62.4
WP_056068166.1	iYL1228.KPN_02120	23.7	270	169	10	8	254	32	287	1.95e-11	62.4
WP_056068166.1	iJN1463.PP_3943	22.1	253	186	6	3	252	19	263	5.73e-11	60.8
WP_056068176.1	iCN900.CD630_20200	24.4	340	180	13	70	391	573	853	1.49e-05	47.0
WP_056068183.1	iAF987.Gmet_1750	39.8	226	130	1	314	533	37	262	5.47e-39	144
WP_056068185.1	iYS854.USA300HOU_RS02925	40.0	195	111	3	180	372	5	195	4.42e-39	138
WP_056068185.1	iYO844.BSU00150	39.4	193	113	1	180	368	6	198	9.71e-38	134
WP_056068200.1	iCHOv1.100757665	27.9	140	91	5	2	132	4	142	7.36e-05	40.4
WP_056068200.1	iMM1415.69215	28.7	87	58	2	44	130	81	163	8.72e-05	40.4
WP_056068200.1	iYO844.BSU26600	30.3	99	66	2	35	130	31	129	1.63e-04	39.3
WP_056068201.1	iAF987.Gmet_2348	28.7	352	232	10	51	387	56	403	8.41e-34	130
WP_056068204.1	iAF987.Gmet_2351	45.7	368	190	4	4	371	3	360	1.84e-99	299
WP_056068207.1	iCN900.CD630_27140	48.3	331	165	4	4	333	3	328	2.02e-110	324
WP_056068207.1	iYO844.BSU38860	48.6	331	164	4	4	333	3	328	4.33e-110	323
WP_056068207.1	iMM1415.74246	45.7	341	174	5	1	334	1	337	5.53e-105	311
WP_056068207.1	iCHOv1.100759306	45.3	340	175	4	2	334	19	354	7.73e-104	308
WP_056068207.1	iAT_PLT_636.2582	45.3	340	175	4	2	334	3	338	3.73e-103	306
WP_056068207.1	iSSON_1240.SSON_0711	45.5	332	176	3	3	333	2	329	1.24e-101	302
WP_056068207.1	STM_v1_0.STM0776	45.2	332	177	3	3	333	2	329	1.76e-101	301
WP_056068207.1	iSbBS512_1146.SbBS512_E0680	45.5	332	176	3	3	333	2	329	1.76e-101	301
WP_056068207.1	iML1515.b0759	45.2	332	177	3	3	333	2	329	3.53e-101	301
WP_056068207.1	iYL1228.KPN_00773	45.5	332	176	3	3	333	2	329	1.00e-100	300
WP_056068207.1	iSDY_1059.SDY_0706	45.2	332	177	3	3	333	2	329	1.42e-100	299
WP_056068207.1	iSF_1195.SF0545	44.9	332	178	3	3	333	2	329	4.03e-100	298
WP_056068207.1	iPC815.YPO1139	45.3	333	177	3	4	335	3	331	9.23e-99	295
WP_056068209.1	iYO844.BSU15900	43.2	292	162	2	3	290	5	296	2.07e-74	230
WP_056068209.1	iLJ478.TM0798	45.7	291	154	4	1	290	1	288	8.02e-74	228
WP_056068209.1	iHN637.CLJU_RS20770	43.2	287	160	2	3	286	5	291	3.23e-72	224
WP_056068209.1	iAF987.Gmet_1600	43.0	291	162	3	2	288	4	294	8.11e-72	223
WP_056068209.1	iNF517.LLMG_RS08955	42.3	300	160	5	3	291	5	302	1.56e-68	214
WP_056068209.1	iJN1463.PP_1913	41.4	292	167	2	3	290	6	297	7.43e-68	213
WP_056068209.1	iYS854.USA300HOU_RS06180	41.6	291	166	2	3	290	5	294	2.64e-67	211
WP_056068209.1	iPC815.YPO1598	42.3	284	160	3	3	282	5	288	1.22e-65	207
WP_056068221.1	iAF987.Gmet_1706	31.9	119	77	2	1	117	1	117	1.53e-16	76.6
WP_056068221.1	iAF987.Gmet_1914	29.7	111	78	0	2	112	3	113	6.65e-14	69.7
WP_056068227.1	iSynCJ816.SGL_RS08220	59.2	382	148	2	5	386	12	385	4.31e-150	429
WP_056068227.1	iAF987.Gmet_3193	55.7	384	165	3	2	385	11	389	4.54e-140	404
WP_056068229.1	iCN718.ABAYE_RS05270	48.8	389	194	2	4	391	5	389	8.95e-124	363
WP_056068229.1	iYO844.BSU22370	48.1	389	195	4	4	390	3	386	1.44e-115	342
WP_056068229.1	iHN637.CLJU_RS06550	44.8	393	214	3	4	394	3	394	1.11e-110	329
WP_056068231.1	iSynCJ816.SGL_RS11885	34.9	347	219	4	16	359	15	357	1.27e-64	209
WP_056068233.1	iEK1008.Rv1187	51.9	539	256	2	5	541	4	541	1.59e-195	556
WP_056068233.1	iCHOv1.100764994	48.1	532	275	1	10	540	192	723	7.79e-178	518
WP_056068233.1	iMM1415.212647	47.6	532	278	1	10	540	30	561	3.84e-178	513
WP_056068239.1	iAM_Pb448.PBANKA_083440	28.2	195	132	3	62	256	61	247	3.81e-16	82.0
WP_056068239.1	iAM_Pc455.PCYB_074100	27.8	187	128	2	64	250	34	213	8.14e-16	80.9
WP_056068239.1	iAT_PLT_636.7384	26.4	216	144	4	19	234	38	238	2.08e-15	79.7
WP_056068239.1	iMM1415.22273	26.7	202	139	3	33	234	46	238	2.61e-14	76.3
WP_056068239.1	iAM_Pv461.PVX_087035	25.7	187	132	2	64	250	52	231	2.47e-14	76.3
WP_056068241.1	iYS854.USA300HOU_RS07520	50.0	46	23	0	125	170	103	148	4.25e-07	49.3
WP_056068241.1	iHN637.CLJU_RS19845	44.4	45	25	0	125	169	103	147	1.82e-06	47.4
WP_056068244.1	iSynCJ816.SGL_RS14865	42.6	242	138	1	6	246	9	250	2.49e-66	206
WP_056068244.1	iSynCJ816.SGL_RS16015	39.3	252	145	3	2	246	22	272	4.37e-61	194
WP_056068244.1	iSynCJ816.SGL_RS14930	41.0	244	142	2	5	246	32	275	1.04e-60	193
WP_056068247.1	iYO844.BSU33910	49.3	511	251	5	1	505	1	509	1.05e-168	486
WP_056068247.1	iHN637.CLJU_RS19260	51.0	506	244	4	3	505	4	508	1.05e-168	486
WP_056068247.1	iCN900.CD630_31710	48.4	512	252	7	1	505	2	508	5.36e-166	479
WP_056068247.1	iAF692.Mbar_A1223	47.9	509	257	7	3	505	9	515	5.16e-155	451
WP_056068247.1	iYS854.USA300HOU_RS04200	46.6	506	261	5	3	505	4	503	3.47e-155	451
WP_056068247.1	iAF987.Gmet_3203	45.2	511	272	7	1	505	1	509	2.29e-152	444
WP_056068253.1	iML1515.b0925	35.4	291	179	4	236	519	309	597	1.29e-46	171
WP_056068255.1	iIS312.TCDM_14202	34.5	87	55	2	39	124	53	138	2.37e-06	44.3
WP_056068271.1	iMM1415.16790	19.7	213	153	5	363	559	313	523	7.52e-04	42.7
WP_056068275.1	iYS854.USA300HOU_RS07240	32.5	120	64	5	65	175	88	199	7.14e-06	44.7
WP_056068277.1	iCHOv1.100762102	29.8	171	114	2	45	210	90	259	5.33e-25	98.2
WP_056068277.1	iMM1415.69156	26.8	205	143	3	11	210	57	259	3.98e-24	95.9
WP_056068282.1	iAF987.Gmet_2455	37.5	312	186	4	19	326	16	322	5.98e-61	197
WP_056068282.1	iJN1463.PP_0687	36.9	301	183	4	26	324	25	320	4.09e-58	189
WP_056068282.1	STM_v1_0.STM3305	35.2	307	189	5	24	326	23	323	4.38e-54	179
WP_056068282.1	iML1515.b3187	35.5	307	188	5	24	326	23	323	6.16e-54	179
WP_056068282.1	iSF_1195.SF3227	35.5	307	188	5	24	326	23	323	6.16e-54	179
WP_056068282.1	iSSON_1240.SSON_3335	35.5	307	188	5	24	326	23	323	6.16e-54	179
WP_056068282.1	iSbBS512_1146.SbBS512_E3583	35.7	305	186	5	24	324	23	321	8.67e-54	178
WP_056068282.1	iSDY_1059.SDY_3368	35.5	307	188	5	24	326	23	323	8.67e-54	178
WP_056068295.1	iAF692.Mbar_A2320	35.8	229	136	7	5	230	9	229	6.22e-37	131
WP_056068303.1	iCN718.ABAYE_RS14020	28.8	250	150	10	11	236	69	314	6.55e-21	89.7
WP_056068303.1	iEK1008.Rv3569c	26.9	264	168	6	10	249	25	287	8.87e-20	85.9
WP_056068309.1	iAF987.Gmet_0406	28.0	671	429	18	5	654	6	643	4.98e-54	196
WP_056068312.1	iHN637.CLJU_RS05190	42.7	487	262	7	4	483	3	479	4.04e-127	378
WP_056068312.1	iCN900.CD630_26640	39.7	491	278	7	4	485	3	484	1.45e-116	351
WP_056068312.1	iYO844.BSU15180	40.3	484	269	6	15	487	15	489	3.92e-116	350
WP_056068314.1	iAF987.Gmet_0409	39.3	407	198	7	1	407	1	358	1.72e-86	266
WP_056068314.1	iJN1463.PP_1334	37.6	407	207	5	1	407	1	360	1.46e-85	264
WP_056068314.1	iPC815.YPO0552	34.6	407	219	5	1	407	1	360	3.23e-81	253
WP_056068314.1	STM_v1_0.STM0125	35.7	392	206	4	16	407	15	360	1.28e-80	251
WP_056068314.1	iSDY_1059.SDY_0117	35.7	392	206	4	16	407	15	360	1.81e-80	251
WP_056068314.1	iML1515.b0087	35.5	392	207	4	16	407	15	360	7.20e-80	249
WP_056068314.1	iYL1228.KPN_00091	35.7	392	206	4	16	407	15	360	7.20e-80	249
WP_056068314.1	iSbBS512_1146.SbBS512_E0080	35.5	392	207	4	16	407	15	360	7.20e-80	249
WP_056068314.1	iSF_1195.SF0084	35.5	392	207	4	16	407	15	360	7.20e-80	249
WP_056068314.1	iSSON_1240.SSON_0095	35.5	392	207	4	16	407	15	360	7.20e-80	249
WP_056068317.1	iCN900.CD630_26530	35.3	453	275	9	3	445	6	450	1.34e-83	263
WP_056068317.1	iYS854.USA300HOU_RS05945	37.3	442	258	8	3	438	10	438	2.02e-78	250
WP_056068317.1	iAF987.Gmet_0410	34.4	448	282	8	3	445	6	446	3.09e-78	249
WP_056068317.1	iYO844.BSU15200	34.7	449	281	8	2	445	9	450	5.05e-76	244
WP_056068319.1	iJN1463.PP_1336	31.5	368	219	16	18	373	30	376	1.95e-31	124
WP_056068321.1	iCN900.CD630_26510	39.7	370	211	5	4	364	2	368	1.32e-87	270
WP_056068323.1	iHN637.CLJU_RS20600	36.9	453	261	9	1	434	1	447	5.59e-74	239
WP_056068323.1	iPC815.YPO0556	32.5	468	283	8	3	443	16	477	1.87e-73	238
WP_056068323.1	iJN1463.PP_1338	33.0	460	274	7	3	437	13	463	3.17e-72	235
WP_056068323.1	iAF987.Gmet_0413	33.3	448	275	7	5	434	4	445	7.84e-71	231
WP_056068323.1	iYL1228.KPN_00095	32.1	467	286	7	3	443	16	477	1.26e-69	228
WP_056068323.1	iCN718.ABAYE_RS01280	33.3	420	248	6	3	401	19	427	1.42e-69	228
WP_056068323.1	iSDY_1059.SDY_0121	31.0	471	286	10	3	443	16	477	5.55e-67	221
WP_056068323.1	iML1515.b0091	31.0	471	286	10	3	443	16	477	1.09e-66	221
WP_056068323.1	iSF_1195.SF0088	31.0	471	286	10	3	443	16	477	2.14e-66	220
WP_056068323.1	iSSON_1240.SSON_0099	31.0	471	286	10	3	443	16	477	2.14e-66	220
WP_056068323.1	STM_v1_0.STM0129	30.2	467	295	6	3	443	16	477	5.90e-66	219
WP_056068323.1	iSbBS512_1146.SbBS512_E0084	30.8	471	287	10	3	443	16	477	1.16e-65	218
WP_056068336.1	iAF987.Gmet_0067	49.8	213	107	0	6	218	4	216	6.61e-71	215
WP_056068336.1	iYO844.BSU15790	48.3	211	108	1	6	215	4	214	1.66e-70	214
WP_056068336.1	iCN900.CD630_25750	45.8	216	116	1	6	220	4	219	3.27e-69	211
WP_056068336.1	iSynCJ816.SGL_RS09950	46.3	218	115	1	2	217	3	220	1.34e-67	207
WP_056068336.1	iHN637.CLJU_RS06205	47.6	210	110	0	6	215	4	213	1.98e-66	203
WP_056068348.1	iHN637.CLJU_RS10465	40.3	72	40	1	635	706	484	552	3.49e-06	50.1
WP_056068352.1	iJN1463.PP_1877	40.9	115	65	2	27	141	37	148	1.78e-22	87.0
WP_056068352.1	iML1515.b1832	39.2	120	70	2	31	150	34	150	2.22e-21	84.3
WP_056068379.1	iML1515.b0914	30.0	504	329	8	232	725	90	579	1.10e-59	211
WP_056068379.1	iSbBS512_1146.SbBS512_E2410	30.0	504	329	8	232	725	90	579	1.10e-59	211
WP_056068379.1	iSDY_1059.SDY_2344	30.0	504	329	8	232	725	90	579	1.10e-59	211
WP_056068379.1	iSF_1195.SF0910	30.0	504	329	8	232	725	90	579	1.10e-59	211
WP_056068379.1	iSSON_1240.SSON_0916	30.0	504	329	8	232	725	90	579	2.09e-59	210
WP_056068379.1	iPC815.YPO1395	29.4	575	376	8	169	729	23	581	5.46e-59	209
WP_056068379.1	STM_v1_0.STM0984	29.4	504	332	8	232	725	90	579	3.49e-57	204
WP_056068379.1	iYL1228.KPN_00941	29.1	515	345	8	223	725	73	579	1.25e-56	202
WP_056068379.1	iAF987.Gmet_2349	30.4	470	324	2	253	721	98	565	2.09e-53	193
WP_056068388.1	iJN1463.PP_4215	28.6	182	110	7	264	444	138	300	2.86e-11	63.9
WP_056068396.1	iLB1027_lipid.PHATRDRAFT_31544	27.0	141	93	5	203	336	579	716	1.99e-05	46.2
WP_056068398.1	iCN900.CD630_04310	24.9	397	229	13	155	530	135	483	2.89e-17	84.7
WP_056068398.1	iCN900.CD630_16490	24.4	242	149	5	327	541	1	235	3.38e-18	84.3
WP_056068398.1	iCN900.CD630_19780	29.1	234	151	7	325	547	13	242	6.25e-17	80.5
WP_056068398.1	iYS854.USA300HOU_RS03980	27.5	222	137	6	327	525	1	221	7.19e-17	80.5
WP_056068398.1	iYL1228.KPN_02373	30.9	181	114	5	327	500	4	180	2.28e-16	79.0
WP_056068398.1	iSDY_1059.SDY_1145	30.4	181	115	5	327	500	4	180	4.24e-16	78.2
WP_056068398.1	iLJ478.TM0124	30.8	185	112	6	327	500	3	182	3.51e-16	78.2
WP_056068398.1	iML1515.b1858	30.4	181	115	5	327	500	4	180	5.74e-16	77.8
WP_056068398.1	iAF987.Gmet_2349	27.0	222	131	4	304	499	311	527	5.83e-15	77.8
WP_056068398.1	iSSON_1240.SSON_1283	30.4	181	115	5	327	500	4	180	5.74e-16	77.8
WP_056068398.1	iYS854.USA300HOU_RS08305	32.3	198	108	7	327	500	10	205	6.75e-16	77.8
WP_056068398.1	iSF_1195.SF1867	30.4	181	115	5	327	500	4	180	7.75e-16	77.4
WP_056068398.1	iML1515.b2180	21.1	563	341	18	1	521	5	506	9.26e-15	77.0
WP_056068398.1	iSbBS512_1146.SbBS512_E0954	30.4	181	115	5	327	500	4	180	1.05e-15	77.0
WP_056068401.1	iSynCJ816.SGL_RS16525	26.2	305	199	11	9	291	129	429	1.08e-16	79.3
WP_056068407.1	iJN1463.PP_3426	31.6	1048	682	11	1	1017	1	1044	8.73e-150	473
WP_056068407.1	iSSON_1240.SSON_2550	30.9	1035	689	14	8	1019	6	1037	5.82e-139	443
WP_056068407.1	iML1515.b2470	30.8	1035	690	14	8	1019	6	1037	1.13e-138	442
WP_056068407.1	iSF_1195.SF2512	30.7	1035	691	14	8	1019	6	1037	6.01e-138	441
WP_056068407.1	iSDY_1059.SDY_2654	30.9	1035	689	14	8	1019	6	1037	1.69e-136	437
WP_056068409.1	iJN1463.PP_1386	29.5	322	205	6	48	349	40	359	9.41e-24	100
WP_056068409.1	iSSON_1240.SSON_0450	28.0	372	227	8	12	350	13	376	1.78e-22	97.1
WP_056068409.1	iML1515.b0463	28.0	372	227	8	12	350	13	376	2.43e-22	96.7
WP_056068409.1	iML1515.b3265	28.8	333	202	7	49	348	43	373	5.50e-22	95.5
WP_056068409.1	iSDY_1059.SDY_0456	27.7	372	228	8	12	350	13	376	8.38e-22	95.1
WP_056068409.1	STM_v1_0.STM3390	28.3	332	205	7	49	348	43	373	1.39e-21	94.4
WP_056068409.1	iSbBS512_1146.SbBS512_E3648	28.5	333	203	7	49	348	43	373	1.39e-21	94.4
WP_056068409.1	iSF_1195.SF0408	27.5	374	226	10	12	350	13	376	2.11e-21	94.0
WP_056068409.1	iYL1228.KPN_03672	29.1	330	205	5	49	350	42	370	8.42e-21	92.0
WP_056068421.1	iYS854.USA300HOU_RS10305	26.5	279	179	9	7	271	8	274	2.73e-20	88.6
WP_056068421.1	iSynCJ816.SGL_RS16525	25.7	307	199	9	5	290	128	426	4.72e-19	86.3
WP_056068422.1	iAF987.Gmet_2999	31.6	114	76	1	2	113	9	122	3.50e-14	70.1
WP_056068422.1	iAF987.Gmet_1706	31.0	158	104	3	1	156	1	155	7.38e-14	68.9
WP_056068422.1	iAF987.Gmet_1914	30.1	123	84	1	3	123	4	126	1.10e-13	68.9
WP_056068424.1	iAF987.Gmet_0043	23.3	245	181	2	219	456	20	264	1.05e-11	66.6
WP_056068428.1	iAF987.Gmet_0885	32.0	206	139	1	5	209	6	211	2.06e-29	111
WP_056068428.1	iML1515.b2254	30.6	222	149	4	4	222	9	228	3.79e-26	103
WP_056068428.1	iSF_1195.SF2333	30.6	222	149	4	4	222	9	228	3.79e-26	103
WP_056068428.1	iSSON_1240.SSON_2315	30.6	222	149	4	4	222	9	228	3.79e-26	103
WP_056068428.1	STM_v1_0.STM2298	30.3	221	151	3	4	222	9	228	1.10e-25	102
WP_056068428.1	iPC815.YPO2421	29.9	221	152	3	4	222	9	228	2.13e-25	101
WP_056068428.1	iYL1228.KPN_03846	29.4	221	153	3	4	222	9	228	2.96e-25	100
WP_056068431.1	iYO844.BSU30870	35.2	321	197	9	1	315	1	316	6.32e-49	165
WP_056068431.1	iYL1228.KPN_02492	32.2	335	201	7	1	312	1	332	4.51e-46	158
WP_056068447.1	iJN1463.PP_4548	24.4	397	244	18	6	374	26	394	1.42e-14	74.3
WP_056068449.1	iCN718.ABAYE_RS11580	28.9	187	127	5	15	198	11	194	4.51e-14	69.7
WP_056068449.1	iAF987.Gmet_1716	32.2	149	98	3	18	164	14	161	5.72e-14	69.3
WP_056068449.1	iJN1463.PP_4066	28.1	196	136	4	28	221	27	219	1.65e-13	68.2
WP_056068449.1	iYO844.BSU18220	29.3	181	120	5	10	186	6	182	1.80e-12	65.1
WP_056068449.1	iAF987.Gmet_3291	30.7	163	106	4	1	160	1	159	2.53e-12	64.7
WP_056068450.1	iAF987.Gmet_2822	44.9	628	294	10	3	587	2	620	1.69e-171	501
WP_056068450.1	iJN1463.PP_0527	45.3	611	294	6	5	583	17	619	1.49e-171	501
WP_056068450.1	iSDY_1059.SDY_0310	44.5	613	300	7	3	583	8	612	2.96e-171	499
WP_056068450.1	iML1515.b0420	44.5	613	300	7	3	583	8	612	2.37e-170	497
WP_056068450.1	STM_v1_0.STM0422	44.7	615	296	8	3	583	8	612	2.37e-170	497
WP_056068450.1	iSbBS512_1146.SbBS512_E0341	44.4	613	301	7	3	583	8	612	3.36e-170	497
WP_056068450.1	iSF_1195.SF0357	44.2	613	302	7	3	583	8	612	1.90e-169	495
WP_056068450.1	iSSON_1240.SSON_0397	44.2	613	302	7	3	583	8	612	1.90e-169	495
WP_056068450.1	iYL1228.KPN_00372	44.0	613	303	7	3	583	8	612	5.39e-169	494
WP_056068450.1	iPC815.YPO3177	44.4	615	297	9	3	583	8	611	6.71e-167	488
WP_056068450.1	iCN718.ABAYE_RS02420	44.1	614	298	7	5	582	15	619	7.86e-164	481
WP_056068450.1	iCN900.CD630_12070	42.6	622	303	9	3	582	2	611	7.54e-161	473
WP_056068450.1	iSynCJ816.SGL_RS04515	42.9	606	297	8	6	567	3	603	2.74e-160	472
WP_056068450.1	iAF987.Gmet_1934	42.7	621	304	10	5	582	4	615	1.39e-156	462
WP_056068450.1	iYO844.BSU24270	43.1	605	302	9	6	571	3	604	5.12e-153	453
WP_056068451.1	iAF987.Gmet_2530	25.9	467	272	7	27	430	32	487	6.69e-45	162
WP_056068456.1	iAF692.Mbar_A0408	32.3	220	109	7	22	210	13	223	1.43e-23	94.0
WP_056068456.1	iMM904.YLR308W	38.0	163	82	7	32	185	123	275	9.15e-21	87.8
WP_056068497.1	iAF692.Mbar_A2020	34.2	73	46	1	248	320	313	383	1.36e-06	49.7
WP_056068502.1	iAF987.Gmet_0885	32.6	301	186	6	3	302	6	290	1.13e-43	151
WP_056068502.1	iYL1228.KPN_03846	31.8	305	192	8	4	306	11	301	6.99e-42	147
WP_056068502.1	iML1515.b2254	34.2	301	182	8	4	302	11	297	2.40e-41	145
WP_056068502.1	iSF_1195.SF2333	34.2	301	182	8	4	302	11	297	2.40e-41	145
WP_056068502.1	iSSON_1240.SSON_2315	34.2	301	182	8	4	302	11	297	2.40e-41	145
WP_056068502.1	iPC815.YPO2421	32.4	318	196	9	4	316	11	314	5.60e-40	142
WP_056068502.1	STM_v1_0.STM2298	32.4	318	196	8	4	316	11	314	7.84e-40	142
WP_056068504.1	iYO844.BSU09310	46.0	520	264	7	38	544	34	549	5.31e-146	433
WP_056068504.1	iCN900.CD630_27800	43.1	547	285	9	13	545	9	543	3.22e-141	420
WP_056068505.1	iAF987.Gmet_2349	37.7	506	314	1	100	605	65	569	4.03e-118	362
WP_056068513.1	iML1515.b1856	32.9	155	70	6	22	170	282	408	2.30e-08	56.2
WP_056068520.1	iAF987.Gmet_2999	34.7	121	67	5	6	126	9	117	6.98e-10	55.1
WP_056068523.1	iAF987.Gmet_0043	28.5	144	90	4	367	501	124	263	8.74e-07	51.2
WP_056068530.1	iMM904.YGL119W	24.6	378	269	8	7	374	70	441	1.01e-21	97.1
WP_056068534.1	iAF987.Gmet_2727	37.5	104	65	0	113	216	293	396	8.73e-18	80.9
WP_056068538.1	iCHOv1.100754792	28.2	529	319	14	3	479	366	885	8.24e-58	210
WP_056068544.1	iLB1027_lipid.PHATRDRAFT_14208	30.1	153	88	8	93	240	98	236	7.49e-07	48.9
WP_056068557.1	iCN900.CD630_24910	40.7	312	170	7	7	312	3	305	2.10e-70	221
WP_056068557.1	iHN637.CLJU_RS19425	36.3	320	191	4	5	321	1	310	9.75e-69	217
WP_056068557.1	iYO844.BSU35790	37.0	322	186	7	7	321	5	316	1.24e-63	203
WP_056068557.1	iYO844.BSU12020	38.8	312	179	7	7	314	5	308	1.21e-63	203
WP_056068557.1	iNF517.LLMG_RS08975	37.7	310	181	6	7	312	4	305	6.76e-63	201
WP_056068560.1	iMM904.YPL117C	35.0	197	91	7	3	162	64	260	2.09e-24	95.9
WP_056068560.1	STM_v1_0.STM3039	31.7	161	107	3	1	158	1	161	2.00e-23	90.9
WP_056068560.1	iCHOv1.100752366	32.4	188	100	6	4	166	77	262	2.98e-22	90.1
WP_056068560.1	iMM1415.319554	31.9	188	101	6	4	166	75	260	5.62e-22	89.4
WP_056068577.1	iMM1415.17252	37.5	304	157	7	31	326	34	312	1.71e-49	167
WP_056068577.1	iCHOv1.100759877	36.5	304	160	6	31	326	34	312	1.43e-47	162
WP_056068577.1	iMM1415.77974	36.4	302	163	6	31	326	35	313	1.10e-46	160
WP_056068577.1	iCHOv1.100759583	36.8	302	162	6	31	326	35	313	9.03e-45	155
WP_056068581.1	iML1515.b0046	38.1	113	68	2	4	116	3	113	7.84e-22	86.7
WP_056068614.1	iNF517.LLMG_RS07275	25.1	191	121	8	79	248	55	244	3.14e-05	46.2
WP_056068614.1	iJN1463.PP_0383	47.2	53	27	1	83	135	46	97	3.99e-04	42.7
WP_056068620.1	iYS854.USA300HOU_RS07595	30.6	425	243	9	8	389	2	417	3.01e-62	215
WP_056068622.1	iAF987.Gmet_1278	47.0	319	164	3	7	320	2	320	3.00e-91	274
WP_056068622.1	iPC815.YPO3577	45.8	312	167	2	12	321	17	328	4.86e-89	269
WP_056068622.1	iJN1463.PP_0957	44.4	324	177	3	1	321	1	324	1.58e-86	262
WP_056068622.1	iYL1228.KPN_03607	46.1	306	163	2	18	321	29	334	3.46e-85	259
WP_056068622.1	iCN718.ABAYE_RS12520	46.3	315	165	4	10	320	10	324	3.70e-85	259
WP_056068622.1	iSF_1195.SF3237	45.2	312	169	2	12	321	17	328	1.15e-84	258
WP_056068622.1	iSDY_1059.SDY_3378	45.2	312	169	2	12	321	17	328	3.26e-84	256
WP_056068622.1	iML1515.b3197	44.9	312	170	2	12	321	17	328	4.62e-84	256
WP_056068622.1	iSbBS512_1146.SbBS512_E3573	44.9	312	170	2	12	321	17	328	4.62e-84	256
WP_056068622.1	iSSON_1240.SSON_3345	44.9	312	170	2	12	321	17	328	4.62e-84	256
WP_056068622.1	STM_v1_0.STM3315	44.6	312	171	2	12	321	17	328	3.37e-81	249
WP_056068627.1	iCN900.CD630_19930	40.6	106	60	2	5	109	3	106	2.69e-21	81.3
WP_056068628.1	iML1515.b3201	56.7	238	102	1	3	239	4	241	5.36e-96	280
WP_056068628.1	iSbBS512_1146.SbBS512_E3569	56.7	238	102	1	3	239	4	241	5.36e-96	280
WP_056068628.1	iSDY_1059.SDY_3382	56.7	238	102	1	3	239	4	241	5.36e-96	280
WP_056068628.1	iSF_1195.SF3241	56.7	238	102	1	3	239	4	241	5.36e-96	280
WP_056068628.1	iSSON_1240.SSON_3349	56.7	238	102	1	3	239	4	241	5.36e-96	280
WP_056068628.1	iJN1463.PP_0953	56.3	238	103	1	3	239	4	241	5.84e-93	273
WP_056068628.1	iAF987.Gmet_1282	54.4	239	109	0	1	239	8	246	6.49e-91	268
WP_056068631.1	iIT341.HP1071	32.6	184	112	4	8	189	10	183	1.35e-19	84.0
WP_056068631.1	iHN637.CLJU_RS01425	36.6	142	75	3	4	141	3	133	9.73e-19	80.1
WP_056068631.1	iAF987.Gmet_1264	31.9	226	130	7	7	226	19	226	9.48e-17	76.6
WP_056068631.1	iYO844.BSU02270	33.8	142	79	3	7	144	4	134	3.16e-17	76.3
WP_056068633.1	iML1515.b2047	42.2	185	95	4	274	455	279	454	1.35e-31	125
WP_056068635.1	iLB1027_lipid.PHATRDRAFT_50356	26.4	148	100	3	189	334	297	437	5.24e-10	60.1
WP_056068640.1	iAM_Pv461.PVX_111105	23.2	297	194	10	80	358	101	381	2.89e-06	48.5
WP_056068640.1	iEK1008.Rv3032	33.3	75	50	0	248	322	284	358	1.56e-05	46.2
WP_056068640.1	iAM_Pf480.PF3D7_1032400	23.0	305	185	12	80	358	116	396	8.98e-05	43.9
WP_056068641.1	iAF692.Mbar_A1731	21.0	248	184	5	83	322	75	318	3.87e-08	54.3
WP_056068641.1	iYS854.USA300HOU_RS02965	27.7	141	98	3	188	326	311	449	8.13e-07	50.4
WP_056068642.1	STM_v1_0.STM2085	28.0	118	82	2	1	118	1	115	1.40e-08	55.1
WP_056068654.1	iYS854.USA300HOU_RS01340	25.0	132	94	3	245	373	6	135	4.31e-05	45.8
WP_056068657.1	iLB1027_lipid.PHATRDRAFT_50356	26.8	183	116	5	196	377	276	441	7.53e-12	66.2
WP_056068657.1	iEK1008.Rv3032	23.5	183	132	2	194	376	216	390	1.10e-11	65.5
WP_056068657.1	iEK1008.Rv1212c	24.6	260	171	7	138	378	131	384	5.67e-11	63.2
WP_056068661.1	iJN1463.PP_1280	35.3	493	276	14	10	477	11	485	2.43e-82	262
WP_056068665.1	iCHOv1.100689450	32.5	323	209	5	3	316	11	333	2.84e-49	176
WP_056068665.1	iMM1415.50798	32.5	323	209	5	3	316	42	364	3.66e-49	176
WP_056068667.1	iMM1415.12764	33.2	220	128	9	5	213	45	256	9.15e-17	77.8
WP_056068669.1	iEK1008.Rv0486	27.3	205	123	6	141	328	211	406	2.01e-12	67.8
WP_056068669.1	iEK1008.Rv2610c	29.3	123	79	1	197	311	189	311	6.48e-12	65.9
WP_056068669.1	iYS854.USA300HOU_RS07460	28.7	178	100	8	147	312	156	318	1.58e-10	61.6
WP_056068673.1	iCHOv1.100689347	29.1	141	80	4	53	189	191	315	1.99e-06	48.9
WP_056068673.1	iCHOv1.100689438	28.6	140	80	6	53	188	185	308	1.91e-05	45.8
WP_056068673.1	iMM1415.269941	27.6	127	82	4	85	203	623	747	2.60e-05	45.8
WP_056068673.1	iCHOv1.100770803	27.6	127	82	4	85	203	545	669	4.44e-05	45.1
WP_056068675.1	iSbBS512_1146.SbBS512_E4050	29.8	198	122	4	3	193	6	193	2.74e-18	83.6
WP_056068675.1	iSSON_1240.SSON_3782	29.8	198	122	4	3	193	6	193	2.74e-18	83.6
WP_056068677.1	iEK1008.Rv2188c	30.8	156	107	1	192	346	203	358	1.19e-13	71.2
WP_056068677.1	iEK1008.Rv3032	23.9	285	192	7	82	353	105	377	3.21e-13	70.1
WP_056068681.1	iJN1463.PP_1779	37.8	315	174	7	55	367	31	325	1.17e-58	196
WP_056068681.1	iNF517.LLMG_RS08170	44.5	200	109	2	63	262	45	242	3.67e-54	186
WP_056068688.1	iJN1463.PP_1805	40.0	460	250	8	150	589	179	632	1.71e-96	310
WP_056068688.1	iCN718.ABAYE_RS18875	40.0	472	253	8	130	591	127	578	4.24e-94	302
WP_056068691.1	iAF987.Gmet_2351	33.4	341	206	8	33	370	34	356	2.79e-50	172
WP_056068691.1	iAF987.Gmet_0886	34.9	284	167	4	1	274	1	276	3.95e-46	162
WP_056068691.1	iSSON_1240.SSON_2314	31.2	381	240	8	8	377	18	387	1.23e-43	155
WP_056068693.1	iML1515.b2047	38.7	194	105	4	3	184	270	461	3.10e-32	120
WP_056068693.1	STM_v1_0.STM2082	38.1	202	103	5	3	185	276	474	1.29e-31	119
WP_056068695.1	iYO844.BSU35590	27.2	228	146	8	154	377	171	382	9.49e-15	74.7
WP_056068711.1	iAF987.Gmet_1504	36.2	329	203	3	5	328	1	327	1.32e-64	210
WP_056068711.1	iHN637.CLJU_RS16795	32.7	330	213	5	5	332	1	323	3.72e-58	192
WP_056068713.1	iML1515.b2033	34.7	95	54	1	121	207	91	185	7.68e-12	61.6
WP_056068713.1	iNF517.LLMG_RS08595	38.4	86	50	3	121	206	76	158	8.05e-12	60.8
WP_056068713.1	iYO844.BSU40850	33.3	87	57	1	121	207	98	183	7.95e-10	55.8
WP_056068719.1	iCN718.ABAYE_RS18875	34.4	288	162	7	2	269	281	561	3.44e-39	146
WP_056068719.1	iJN1463.PP_1805	33.7	303	167	6	2	271	319	620	1.47e-34	133
WP_056068721.1	iCN718.ABAYE_RS18925	63.3	425	144	2	5	426	7	422	2.24e-197	552
WP_056068723.1	iCN718.ABAYE_RS18920	57.4	319	128	4	5	317	19	335	1.01e-119	347
WP_056068725.1	iNF517.LLMG_RS01090	68.8	292	88	1	1	292	1	289	6.39e-144	405
WP_056068725.1	iSbBS512_1146.SbBS512_E1194	67.2	287	91	1	2	288	5	288	6.75e-142	400
WP_056068725.1	iSDY_1059.SDY_2206	67.2	287	91	1	2	288	5	288	6.75e-142	400
WP_056068725.1	STM_v1_0.STM2095	66.6	287	93	1	2	288	5	288	1.36e-141	400
WP_056068725.1	iML1515.b2039	67.2	287	91	1	2	288	5	288	4.03e-141	399
WP_056068725.1	iSF_1195.SF2102	67.2	287	91	1	2	288	5	288	7.84e-141	398
WP_056068725.1	iML1515.b3789	64.6	288	99	1	1	288	1	285	4.88e-135	383
WP_056068725.1	iSbBS512_1146.SbBS512_E4132	64.6	288	99	1	1	288	1	285	4.88e-135	383
WP_056068725.1	iSF_1195.SF3863	64.6	288	99	1	1	288	1	285	4.88e-135	383
WP_056068725.1	iPC815.YPO3861	64.6	288	99	1	1	288	1	285	6.93e-135	383
WP_056068725.1	iSDY_1059.SDY_3959	64.2	288	100	1	1	288	1	285	5.66e-134	380
WP_056068725.1	iSSON_1240.SSON_3961	64.2	288	100	1	1	288	1	285	5.66e-134	380
WP_056068725.1	iYL1228.KPN_02490	63.5	288	102	1	1	288	1	285	9.39e-132	375
WP_056068725.1	iYL1228.KPN_02496	63.5	288	102	1	1	288	1	285	9.39e-132	375
WP_056068725.1	iHN637.CLJU_RS02620	61.5	291	109	1	2	292	3	290	1.40e-129	369
WP_056068725.1	iJN1463.PP_1783	62.9	291	105	1	2	292	4	291	1.45e-129	369
WP_056068725.1	iYL1228.KPN_04289	61.5	288	108	1	1	288	2	286	4.29e-129	368
WP_056068727.1	iSynCJ816.SGL_RS02095	46.2	286	143	5	3	281	4	285	4.63e-69	215
WP_056068727.1	iHN637.CLJU_RS02740	39.8	294	164	2	3	285	2	293	1.23e-63	201
WP_056068727.1	iHN637.CLJU_RS02625	38.3	295	169	2	3	286	2	294	2.85e-62	198
WP_056068727.1	iYL1228.KPN_02489	40.0	295	160	6	3	283	2	293	4.14e-62	197
WP_056068727.1	iYL1228.KPN_02495	40.0	295	160	6	3	283	2	293	4.14e-62	197
WP_056068727.1	iAF987.Gmet_2472	42.6	277	152	3	4	280	2	271	3.67e-62	197
WP_056068728.1	iAF692.Mbar_A0230	53.6	181	77	2	1	177	1	178	3.82e-63	192
WP_056068728.1	iSF_1195.SF2101	51.8	170	79	2	1	169	1	168	9.75e-56	173
WP_056068730.1	iAF987.Gmet_2473	59.4	347	140	1	2	347	8	354	4.54e-156	441
WP_056068730.1	iSF_1195.SF2104	57.5	358	137	5	3	347	2	357	2.89e-143	409
WP_056068730.1	iSbBS512_1146.SbBS512_E1192	57.0	358	139	5	3	347	2	357	9.51e-142	405
WP_056068730.1	iSDY_1059.SDY_2204	56.4	358	141	4	3	347	2	357	2.71e-141	404
WP_056068730.1	STM_v1_0.STM2097	56.1	358	142	4	3	347	2	357	4.45e-140	401
WP_056068730.1	iML1515.b2041	55.9	358	143	4	3	347	2	357	8.94e-140	400
WP_056068730.1	iHN637.CLJU_RS02615	55.7	350	150	2	1	347	1	348	8.99e-140	400
WP_056068730.1	iJN1463.PP_1785	55.2	362	144	4	3	347	1	361	8.64e-139	398
WP_056068730.1	iHN637.CLJU_RS02730	55.1	350	152	3	1	347	1	348	7.32e-139	397
WP_056068732.1	iMM1415.22235	62.4	465	169	3	1	462	2	463	2.61e-208	584
WP_056068745.1	iJN1463.PP_1778	24.5	269	181	7	35	295	8	262	2.04e-16	77.0
WP_056068755.1	iCN900.CD630_06820	24.3	478	332	11	10	480	9	463	2.52e-23	102
WP_056068771.1	iIS312.TCDM_02308	21.1	516	310	17	3	494	6	448	3.87e-14	74.3
WP_056068774.1	iEK1008.Rv0896	54.8	425	191	1	4	427	7	431	5.66e-166	473
WP_056068774.1	iJN1463.PP_4194	51.5	427	203	4	3	427	4	428	1.53e-150	433
WP_056068797.1	iHN637.CLJU_RS12425	48.7	353	174	4	9	361	3	348	4.80e-111	328
WP_056068797.1	iAF987.Gmet_1771	47.7	369	176	3	8	362	2	367	4.82e-108	321
WP_056068797.1	iLJ478.TM0558	45.6	388	181	3	7	365	3	389	2.43e-107	320
WP_056068797.1	iYL1228.KPN_00040	45.3	375	187	3	7	365	12	384	6.12e-105	313
WP_056068797.1	iCN718.ABAYE_RS04535	48.4	376	172	8	9	366	5	376	5.92e-105	313
WP_056068797.1	iHN637.CLJU_RS02150	45.6	355	183	4	8	362	2	346	2.26e-105	313
WP_056068797.1	iSynCJ816.SGL_RS17390	45.5	380	188	4	1	365	1	376	6.94e-105	313
WP_056068797.1	iPC815.YPO0481	45.5	376	187	4	7	366	3	376	3.48e-104	311
WP_056068797.1	STM_v1_0.STM0066	44.5	375	190	3	7	365	3	375	1.05e-103	310
WP_056068797.1	iML1515.b0032	44.8	375	189	4	7	365	3	375	1.49e-103	310
WP_056068797.1	iSbBS512_1146.SbBS512_E0036	44.8	375	189	4	7	365	3	375	1.49e-103	310
WP_056068797.1	iSDY_1059.SDY_0054	44.8	375	189	4	7	365	3	375	1.49e-103	310
WP_056068797.1	iSSON_1240.SSON_0037	44.8	375	189	4	7	365	3	375	1.49e-103	310
WP_056068797.1	iSF_1195.SF0029	44.5	375	190	4	7	365	3	375	1.19e-102	307
WP_056068797.1	iJN1463.PP_4724	46.6	371	178	5	9	362	5	372	2.98e-102	306
WP_056068797.1	iEK1008.Rv1383	44.3	368	191	5	8	362	3	369	2.56e-100	301
WP_056068797.1	iCN900.CD630_35890	42.2	358	197	4	8	365	2	349	1.98e-98	295
WP_056068843.1	iEK1008.Rv0684	55.1	715	296	7	4	716	9	700	3.23e-268	754
WP_056068843.1	iSynCJ816.SGL_RS10930	50.6	714	324	6	5	718	7	691	9.70e-250	707
WP_056068843.1	iSynCJ816.SGL_RS17200	52.4	715	314	5	1	715	1	689	5.15e-248	703
WP_056068862.1	iSF_1195.SF4405	32.9	207	124	6	8	210	6	201	3.30e-27	103
WP_056068862.1	iSbBS512_1146.SbBS512_E4917	32.4	207	125	6	8	210	6	201	4.63e-27	103
WP_056068862.1	iSSON_1240.SSON_4524	32.9	207	124	6	8	210	6	201	4.63e-27	103
WP_056068862.1	iSDY_1059.SDY_4633	31.4	204	131	4	8	210	6	201	2.51e-26	101
WP_056068862.1	iML1515.b4374	30.9	204	132	4	8	210	6	201	1.36e-25	99.4
WP_056068862.1	iYL1228.KPN_04830	32.4	207	125	6	8	210	6	201	2.01e-24	96.3
WP_056068862.1	iPC815.YPO2295	30.7	225	144	5	8	228	6	222	1.06e-23	94.4
WP_056068881.1	iJN1463.PP_0547	27.4	398	263	7	1	382	1	388	4.97e-45	162
WP_056068881.1	iNF517.LLMG_RS11610	28.4	422	259	13	4	409	6	400	4.06e-40	149
WP_056068881.1	iML1515.b4233	28.8	368	236	8	1	351	1	359	1.36e-39	147
WP_056068891.1	iML1515.b4173	29.1	175	109	5	165	334	200	364	4.55e-07	50.8
WP_056068891.1	iJN1463.PP_4893	29.8	114	63	2	162	275	198	294	1.91e-06	48.9
WP_056068895.1	iHN637.CLJU_RS20110	39.1	215	105	2	2	190	1	215	3.14e-47	153
WP_056068895.1	iYS854.USA300HOU_RS12070	38.4	216	105	2	2	190	1	215	1.53e-44	146
WP_056068895.1	iAF692.Mbar_A0086	39.6	212	101	2	2	187	1	211	6.11e-44	145
WP_056068895.1	iEK1008.Rv0733	41.4	181	99	3	2	182	1	174	4.19e-42	139
WP_056068897.1	iYO844.BSU00680	39.0	164	99	1	13	175	11	174	6.74e-37	125
WP_056068897.1	iNF517.LLMG_RS05050	38.2	157	96	1	16	171	13	169	2.74e-33	116
WP_056068897.1	iCN900.CD630_26910	37.0	165	103	1	13	176	9	173	1.35e-32	114
WP_056068898.1	iCN718.ABAYE_RS07200	50.1	387	165	4	56	417	50	433	6.01e-142	412
WP_056068901.1	iYO844.BSU04470	56.1	401	162	4	14	400	2	402	4.09e-139	403
WP_056068903.1	iSDY_1059.SDY_2690	37.6	689	410	10	10	685	1	682	1.16e-144	437
WP_056068903.1	iML1515.b2501	37.6	689	410	10	10	685	1	682	1.63e-144	437
WP_056068903.1	iSbBS512_1146.SbBS512_E2875	37.6	689	410	10	10	685	1	682	1.63e-144	437
WP_056068903.1	iSSON_1240.SSON_2583	37.6	689	410	10	10	685	1	682	2.30e-144	436
WP_056068903.1	iSF_1195.SF2545	37.3	689	412	10	10	685	1	682	6.45e-144	435
WP_056068903.1	STM_v1_0.STM2501	37.4	689	411	10	10	685	1	682	1.42e-142	432
WP_056068903.1	iYL1228.KPN_02826	38.0	689	405	13	10	685	1	680	2.09e-141	429
WP_056068903.1	iPC815.YPO2836	38.1	691	402	13	10	685	1	680	6.68e-140	425
WP_056068915.1	iJN1463.PP_2426	56.7	349	148	2	1	347	1	348	1.79e-141	404
WP_056068915.1	iYO844.BSU27010	53.2	344	160	1	4	347	7	349	2.54e-131	378
WP_056068915.1	iEK1008.Rv3045	53.3	347	161	1	1	347	1	346	3.26e-131	378
WP_056068915.1	iML1515.b0325	54.2	347	152	4	5	347	4	347	6.79e-129	372
WP_056068934.1	iAF987.Gmet_1919	23.5	204	140	4	5	202	4	197	2.62e-05	43.9
WP_056068935.1	iLJ478.TM0446	61.8	157	59	1	2	158	3	158	2.78e-60	184
WP_056068935.1	iSynCJ816.SGL_RS16805	55.7	158	69	1	3	160	8	164	6.72e-55	170
WP_056068948.1	iSynCJ816.SGL_RS11955	56.7	960	393	8	4	948	31	982	0.0	1038
WP_056068948.1	iYL1228.KPN_03339	54.9	953	414	9	4	947	12	957	0.0	1002
WP_056068948.1	STM_v1_0.STM3053	55.1	952	411	8	5	947	13	957	0.0	999
WP_056068948.1	iSDY_1059.SDY_3178	55.4	952	409	8	5	947	13	957	0.0	996
WP_056068948.1	iSF_1195.SF2889	55.5	952	408	9	5	947	13	957	0.0	994
WP_056068948.1	iSSON_1240.SSON_3056	55.5	952	408	9	5	947	13	957	0.0	994
WP_056068948.1	iML1515.b2903	55.1	952	411	8	5	947	13	957	0.0	993
WP_056068948.1	iPC815.YPO0905	54.8	954	413	9	4	946	12	958	0.0	993
WP_056068948.1	iLB1027_lipid.PHATRDRAFT_22187	53.0	969	425	9	4	948	35	997	0.0	993
WP_056068948.1	iSbBS512_1146.SbBS512_E3324	55.3	952	410	9	5	947	13	957	0.0	991
WP_056068948.1	iJN1463.PP_0988	54.0	950	422	6	6	949	11	951	0.0	988
WP_056068948.1	iJN1463.PP_5192	54.0	949	421	9	6	946	16	956	0.0	978
WP_056068948.1	iMM1415.104174	51.2	964	433	10	4	946	66	1013	0.0	961
WP_056068954.1	iYO844.BSU11330	30.6	353	199	9	1	351	1	309	2.31e-41	146
WP_056068954.1	iYS854.USA300HOU_RS04875	30.1	356	198	10	1	351	1	310	9.51e-40	142
WP_056068958.1	iML1515.b1022	23.3	206	120	6	5	189	79	267	5.40e-07	50.1
WP_056068958.1	iSbBS512_1146.SbBS512_E4050	26.3	137	87	4	5	141	10	132	4.49e-06	47.0
WP_056068958.1	iSSON_1240.SSON_3782	26.3	137	87	4	5	141	10	132	4.49e-06	47.0
WP_056068958.1	iSynCJ816.SGL_RS10570	27.2	114	75	2	5	116	112	219	7.53e-06	46.6
WP_056068958.1	iYS854.USA300HOU_RS14480	21.5	186	111	5	6	172	52	221	1.24e-05	45.8
WP_056068960.1	iJN1463.PP_0959	28.3	230	136	5	32	246	47	262	4.41e-15	72.4
WP_056068962.1	iYS854.USA300HOU_RS13040	42.3	227	126	3	1	225	1	224	4.65e-50	164
WP_056068962.1	iCN900.CD630_14890	38.2	233	143	1	1	233	1	232	5.90e-48	161
WP_056068962.1	iCN900.CD630_32150	38.9	229	136	2	1	228	4	229	9.52e-46	153
WP_056068962.1	iAF987.Gmet_1903	36.6	246	147	3	2	243	3	243	1.29e-44	153
WP_056068962.1	iNF517.LLMG_RS09720	38.8	227	135	3	2	227	7	230	2.51e-44	149
WP_056068968.1	iCN900.CD630_27790	37.6	351	203	8	6	348	4	346	5.72e-75	235
WP_056068968.1	iSynCJ816.SGL_RS10610	36.1	346	202	5	5	344	8	340	2.36e-67	215
WP_056068972.1	iAM_Pv461.PVX_083045	29.4	102	62	2	45	136	52	153	8.90e-05	42.4
WP_056068972.1	iAM_Pf480.PF3D7_1343000	25.7	101	65	2	46	136	56	156	2.16e-04	41.2
WP_056068972.1	iAM_Pc455.PCYB_122070	28.4	102	63	2	45	136	46	147	3.79e-04	40.4
WP_056068975.1	iNF517.LLMG_RS08950	28.4	236	148	8	2	220	6	237	1.13e-16	75.9
WP_056068975.1	iCN900.CD630_25770	26.0	192	129	3	2	183	4	192	1.61e-16	75.5
WP_056068975.1	iIS312.TCDM_08980	30.6	186	122	4	5	186	11	193	2.39e-15	72.4
WP_056068975.1	iML1515.b0596	29.1	182	121	3	2	181	6	181	4.28e-15	71.6
WP_056068975.1	iSDY_1059.SDY_0527	29.1	182	121	3	2	181	6	181	4.28e-15	71.6
WP_056068975.1	iLJ478.TM1724	29.6	189	121	5	2	181	6	191	4.16e-15	71.6
WP_056068975.1	iML1515.b1619	30.5	190	119	4	2	182	12	197	1.69e-14	70.1
WP_056068975.1	iSSON_1240.SSON_0547	28.6	182	122	3	2	181	6	181	1.55e-14	70.1
WP_056068975.1	STM_v1_0.STM0598	28.6	182	122	3	2	181	9	184	2.22e-14	69.7
WP_056068975.1	iCN900.CD630_11820	28.3	187	121	6	5	181	10	193	2.98e-14	69.3
WP_056068975.1	STM_v1_0.STM1511	30.3	155	98	5	4	151	3	154	2.94e-14	69.3
WP_056068975.1	iSF_1195.SF0510	27.5	182	124	3	2	181	6	181	4.05e-14	68.9
WP_056068979.1	iAF987.Gmet_1919	35.8	120	77	0	1	120	1	120	3.08e-17	82.4
WP_056068979.1	iAF987.Gmet_1914	35.1	111	72	0	4	114	3	113	1.47e-16	81.3
WP_056068983.1	iAF987.Gmet_0043	26.4	250	167	6	296	532	21	266	3.91e-15	79.0
WP_056068986.1	iJN1463.PP_0434	34.8	365	210	9	9	353	5	361	1.01e-42	151
WP_056068989.1	iCN718.ABAYE_RS02275	27.5	338	197	11	27	358	62	357	2.54e-19	89.0
WP_056068989.1	iHN637.CLJU_RS01300	24.2	347	215	8	4	330	50	368	7.80e-17	81.6
WP_056068989.1	iAM_Pb448.PBANKA_101400	22.1	357	234	8	42	387	154	477	1.69e-16	80.9
WP_056068989.1	iYS854.USA300HOU_RS04750	22.5	373	249	9	38	406	67	403	1.20e-16	80.9
WP_056068989.1	iYL1228.KPN_01492	25.2	389	246	11	27	408	63	413	1.69e-16	80.5
WP_056068995.1	iAF987.Gmet_2475	35.1	422	243	7	1	404	1	409	6.72e-67	218
WP_056068995.1	iCN900.CD630_32530	34.4	436	244	11	1	405	1	425	2.29e-66	217
WP_056069044.1	iYO844.BSU04570	33.6	420	261	9	16	421	30	445	1.97e-61	205
WP_056069044.1	iYS854.USA300HOU_RS11240	32.8	442	271	12	5	427	16	450	5.41e-59	199
WP_056069044.1	iHN637.CLJU_RS05195	33.0	437	259	11	15	425	28	456	1.60e-55	190
WP_056069044.1	iNF517.LLMG_RS01860	32.9	426	264	13	11	425	24	438	3.60e-55	188
WP_056069053.1	iHN637.CLJU_RS08905	44.6	139	67	6	22	160	2	130	6.50e-22	85.1
WP_056069053.1	iLJ478.TM0846	41.9	129	64	4	24	152	5	122	9.17e-22	84.7
WP_056069053.1	iCHOv1.100754972	40.1	137	70	5	20	155	12	137	1.17e-19	79.7
WP_056069053.1	iYO844.BSU25300	38.0	137	75	3	24	160	4	130	1.77e-19	79.0
WP_056069053.1	iMM1415.72269	39.4	137	71	5	20	155	12	137	6.31e-19	77.8
WP_056069056.1	iAF987.Gmet_2760	46.0	311	167	1	10	320	15	324	6.47e-89	269
WP_056069056.1	iSynCJ816.SGL_RS12345	42.6	324	179	2	4	320	17	340	2.92e-83	255
WP_056069056.1	iMM1415.18598	47.2	322	163	5	4	323	57	373	2.01e-81	252
WP_056069056.1	iCHOv1.100774853	47.6	319	160	5	4	320	56	369	1.55e-80	249
WP_056069056.1	iMM1415.18597	47.6	319	160	5	4	320	56	369	1.55e-80	249
WP_056069056.1	iCN900.CD630_00360	41.6	317	184	1	4	320	5	320	2.87e-81	249
WP_056069056.1	iAT_PLT_636.5160	47.3	319	161	5	4	320	94	407	9.05e-80	249
WP_056069059.1	iMM1415.235339	41.7	571	292	12	4	554	92	641	1.97e-104	327
WP_056069059.1	iAT_PLT_636.1737	41.3	566	305	12	4	554	93	646	4.03e-101	318
WP_056069059.1	iCHOv1.100773493	41.8	567	301	11	4	554	92	645	5.52e-101	318
WP_056069076.1	iMM1415.19286	48.9	135	69	0	2	136	10	144	7.01e-44	140
WP_056069076.1	iCHOv1.100750756	48.1	135	70	0	2	136	10	144	1.41e-43	139
WP_056069081.1	iCHOv1.100767837	27.2	342	245	3	9	346	10	351	6.44e-37	135
WP_056069081.1	iMM1415.94181	27.2	342	245	3	9	346	10	351	1.27e-35	132
WP_056069090.1	iYS854.USA300HOU_RS04205	68.1	430	133	3	1	427	1	429	1.33e-204	571
WP_056069090.1	iNF517.LLMG_RS03215	66.4	429	141	3	1	427	1	428	2.19e-198	555
WP_056069090.1	iHN637.CLJU_RS19255	63.5	425	149	4	4	427	7	426	1.22e-185	523
WP_056069090.1	iYO844.BSU33900	63.1	428	154	4	1	427	1	425	1.07e-183	518
WP_056069090.1	iAF987.Gmet_2372	61.7	428	159	3	1	427	1	424	1.03e-183	518
WP_056069097.1	iYO844.BSU30420	37.9	182	109	2	21	198	27	208	1.21e-34	122
WP_056069097.1	iIT341.HP1576	36.4	209	129	3	1	206	2	209	1.03e-33	122
WP_056069097.1	iCN900.CD630_19470	36.8	185	115	1	27	209	39	223	1.75e-33	119
WP_056069097.1	iCN900.CD630_14890	35.2	210	133	2	1	208	1	209	5.23e-32	117
WP_056069097.1	iML1515.b1917	36.3	201	120	3	2	195	4	203	1.17e-32	117
WP_056069097.1	STM_v1_0.STM0828	33.5	209	133	3	1	206	1	206	1.42e-31	114
WP_056069097.1	iEK1008.Rv0073	36.1	180	112	2	21	198	27	205	1.27e-30	114
WP_056069097.1	iEK1008.Rv2564	37.9	174	105	2	27	198	33	205	1.27e-30	114
WP_056069097.1	iSDY_1059.SDY_0787	33.5	209	133	3	1	206	1	206	3.94e-31	113
WP_056069097.1	iJN1463.PP_3597	37.1	178	106	4	21	195	40	214	1.72e-30	112
WP_056069097.1	iCN900.CD630_07520	34.4	209	131	4	1	206	1	206	1.54e-30	112
WP_056069097.1	iYL1228.KPN_00838	32.5	209	135	3	1	206	1	206	1.54e-30	112
WP_056069097.1	iYO844.BSU32750	33.3	189	123	2	22	208	26	213	1.58e-29	111
WP_056069097.1	iML1515.b0809	33.0	209	134	3	1	206	1	206	2.17e-30	111
WP_056069097.1	iSbBS512_1146.SbBS512_E2539	33.0	209	134	3	1	206	1	206	2.17e-30	111
WP_056069097.1	iSSON_1240.SSON_0789	33.0	209	134	3	1	206	1	206	2.17e-30	111
WP_056069097.1	iIT341.HP0819	35.7	199	119	4	1	196	4	196	1.72e-30	111
WP_056069097.1	iJN1463.PP_4210	36.8	182	112	2	22	201	31	211	2.97e-28	110
WP_056069099.1	iLJ478.TM0447	46.1	375	197	1	9	383	3	372	8.99e-114	336
WP_056069102.1	iCHOv1.100774083	32.3	659	413	16	30	674	62	701	3.20e-93	303
WP_056069107.1	iCN900.CD630_10540	52.3	373	178	0	6	378	5	377	3.70e-129	375
WP_056069107.1	iYO844.BSU37170	54.1	377	173	0	1	377	1	377	2.88e-126	368
WP_056069107.1	iYO844.BSU24150	48.9	374	191	0	5	378	3	376	1.72e-117	345
WP_056069107.1	iAF987.Gmet_1715	47.8	379	198	0	1	379	1	379	1.72e-117	345
WP_056069107.1	iCHOv1.100774097	50.1	377	188	0	4	380	33	409	4.05e-116	343
WP_056069107.1	iMM1415.11409	49.6	377	190	0	4	380	33	409	1.63e-115	342
WP_056069113.1	iJN1463.PP_4215	32.8	119	55	4	260	377	162	256	4.05e-05	45.4
WP_056069116.1	iML1515.b0349	26.7	285	150	10	201	434	9	285	3.51e-14	72.4
WP_056069116.1	iYL1228.KPN_02120	26.5	287	148	12	201	434	9	285	5.10e-13	68.9
WP_056069116.1	iCHOv1.100761937	37.3	118	69	4	207	320	74	190	6.77e-12	66.2
WP_056069116.1	iEK1008.Rv3569c	39.7	116	63	4	212	321	24	138	7.52e-12	65.5
WP_056069121.1	iJN1463.PP_0043	47.2	1059	537	10	1	1043	1	1053	1.04e-299	875
WP_056069121.1	iJN1463.PP_2410	46.2	1044	540	9	1	1028	1	1038	2.07e-288	846
WP_056069121.1	iAF987.Gmet_3509	42.9	1038	575	8	1	1031	1	1027	3.15e-283	832
WP_056069124.1	iJN1463.PP_0044	24.5	367	246	5	54	419	80	416	1.49e-26	110
WP_056069124.1	iJN1463.PP_2409	23.3	373	248	7	51	421	68	404	1.16e-23	101
WP_056069132.1	iCN900.CD630_21150	45.5	828	418	12	4	802	2	825	3.50e-213	622
WP_056069132.1	iYS854.USA300HOU_RS13880	43.7	790	419	11	22	802	19	791	1.08e-203	597
WP_056069132.1	iSynCJ816.SGL_RS05435	46.7	743	361	11	83	802	11	741	8.88e-202	590
WP_056069132.1	iYO844.BSU33500	42.8	815	432	14	5	802	2	799	9.78e-196	577
WP_056069135.1	iAF692.Mbar_A1889	32.4	68	43	1	3	67	2	69	2.36e-06	43.1
WP_056069135.1	iYO844.BSU33510	35.8	67	40	2	1	64	1	67	4.01e-07	42.7
WP_056069135.1	iYS854.USA300HOU_RS13885	34.3	67	41	1	1	64	1	67	5.55e-07	42.4
WP_056069147.1	iML1515.b1004	40.1	197	110	1	27	215	2	198	3.32e-36	130
WP_056069150.1	iJN1463.PP_0970	29.1	385	257	5	15	394	55	428	5.47e-38	141
WP_056069153.1	iAF987.Gmet_2444	28.5	144	81	6	8	141	24	155	3.01e-07	51.2
WP_056069153.1	iYL1228.KPN_03779	30.7	127	82	4	8	130	6	130	1.75e-06	48.9
WP_056069153.1	iML1515.b3409	29.1	127	84	4	8	130	6	130	4.13e-06	47.8
WP_056069153.1	STM_v1_0.STM3506	29.9	127	83	4	8	130	6	130	4.13e-06	47.8
WP_056069153.1	iPC815.YPO0132	28.4	134	86	4	4	131	2	131	4.13e-06	47.8
WP_056069153.1	iSbBS512_1146.SbBS512_E3790	29.1	127	84	4	8	130	6	130	5.49e-06	47.4
WP_056069153.1	iSDY_1059.SDY_3667	29.1	127	84	4	8	130	6	130	5.49e-06	47.4
WP_056069153.1	iSF_1195.SF3428	29.1	127	84	4	8	130	6	130	5.49e-06	47.4
WP_056069159.1	iAF987.Gmet_2444	31.5	124	77	4	5	126	24	141	3.80e-06	48.9
WP_056069159.1	iHN637.CLJU_RS06865	35.2	91	55	3	2	91	5	92	5.07e-06	48.5
WP_056069159.1	iCN900.CD630_32740	32.2	121	73	5	5	124	4	116	3.48e-05	45.8
WP_056069159.1	iCN900.CD630_15170	26.6	173	106	7	4	166	27	188	1.09e-04	44.3
WP_056069165.1	iMM1415.14466	35.7	431	254	12	70	483	88	512	3.88e-75	244
WP_056069165.1	iCHOv1.100756635	35.1	430	258	12	70	483	88	512	2.40e-72	237
WP_056069180.1	iML1515.b1856	50.0	108	51	2	192	298	303	408	2.16e-22	96.7
WP_056069180.1	iAF987.Gmet_3012	47.6	105	53	2	185	288	31	134	1.68e-22	92.8
WP_056069183.1	iYL1228.KPN_03029	42.5	895	467	16	3	877	5	871	4.53e-216	634
WP_056069183.1	iAF987.Gmet_0201	42.2	899	474	18	1	877	1	875	1.86e-215	632
WP_056069183.1	iJN1463.PP_4474	42.4	902	461	16	1	876	1	869	1.39e-214	630
WP_056069183.1	iSSON_1240.SSON_2841	42.0	895	471	16	3	877	5	871	1.18e-213	628
WP_056069183.1	iSbBS512_1146.SbBS512_E3180	42.0	895	471	16	3	877	5	871	1.66e-213	627
WP_056069183.1	iSDY_1059.SDY_2893	42.0	895	471	16	3	877	5	871	2.34e-213	627
WP_056069183.1	iSF_1195.SF2720	41.9	895	472	16	3	877	5	871	2.34e-213	627
WP_056069183.1	STM_v1_0.STM2827	41.8	902	463	18	3	877	5	871	3.30e-210	619
WP_056069183.1	iPC815.YPO3305	40.9	900	474	18	3	877	5	871	4.50e-207	611
WP_056069183.1	iYS854.USA300HOU_RS08615	39.6	902	490	19	1	878	4	874	1.44e-202	599
WP_056069183.1	iCN900.CD630_12820	40.5	904	480	21	1	878	4	875	5.55e-200	593
WP_056069183.1	iCN718.ABAYE_RS13005	41.2	886	465	17	1	859	1	857	4.74e-198	588
WP_056069212.1	iAF987.Gmet_1914	26.7	161	110	3	5	163	5	159	8.33e-10	57.4
WP_056069220.1	iCHOv1.100761511	56.6	671	277	8	1	658	1	670	4.97e-256	720
WP_056069220.1	iMM1415.243537	54.5	705	273	9	1	658	1	704	2.83e-251	709
WP_056069229.1	iCN718.ABAYE_RS15140	56.8	266	113	2	15	279	20	284	2.72e-100	295
WP_056069232.1	iYS854.USA300HOU_RS14370	37.0	138	70	6	98	221	340	474	2.74e-10	60.5
WP_056069236.1	iSSON_1240.SSON_0166	55.8	421	184	2	5	424	3	422	3.77e-163	465
WP_056069236.1	STM_v1_0.STM0202	55.3	421	186	2	5	424	3	422	1.52e-162	464
WP_056069236.1	iML1515.b0154	55.6	421	185	2	5	424	3	422	4.34e-162	462
WP_056069236.1	iYL1228.KPN_00169	56.1	421	183	2	5	424	3	422	6.15e-162	462
WP_056069236.1	iSF_1195.SF0146	55.3	421	186	2	5	424	3	422	8.72e-162	462
WP_056069236.1	iSbBS512_1146.SbBS512_E0146	54.9	421	188	2	5	424	3	422	3.52e-161	460
WP_056069236.1	iAF987.Gmet_3356	55.2	415	185	1	6	420	6	419	2.09e-160	458
WP_056069236.1	iSDY_1059.SDY_0170	55.1	421	187	2	5	424	3	422	2.02e-160	458
WP_056069236.1	iPC815.YPO3389	55.4	417	184	2	5	420	3	418	4.06e-160	457
WP_056069236.1	iYO844.BSU28120	52.1	422	200	1	3	424	4	423	1.64e-155	446
WP_056069236.1	iJN1463.PP_4784	52.6	420	197	2	5	423	3	421	4.86e-154	442
WP_056069236.1	iHN637.CLJU_RS02195	52.0	417	199	1	5	420	2	418	3.56e-153	440
WP_056069236.1	iCN718.ABAYE_RS05520	53.1	422	194	3	2	420	3	423	9.39e-153	439
WP_056069236.1	iYS854.USA300HOU_RS08830	50.4	423	206	2	1	422	1	420	9.38e-147	424
WP_056069236.1	iIT341.HP0306	50.7	414	202	1	10	423	10	421	6.58e-145	419
WP_056069248.1	iML1515.b4129	51.2	502	214	9	10	498	22	505	1.74e-166	482
WP_056069248.1	iCN900.CD630_35520	50.8	496	226	7	3	495	17	497	4.77e-162	471
WP_056069248.1	iYL1228.KPN_00502	49.4	502	223	9	10	498	22	505	4.36e-159	463
WP_056069248.1	iAF987.Gmet_2360	49.1	505	233	9	2	498	3	491	7.74e-159	462
WP_056069248.1	iSDY_1059.SDY_3192	49.5	503	221	10	10	498	22	505	1.41e-157	459
WP_056069248.1	STM_v1_0.STM3040	49.4	502	223	9	10	498	22	505	1.99e-157	459
WP_056069248.1	iSbBS512_1146.SbBS512_E3309	49.5	503	221	10	10	498	22	505	1.99e-157	459
WP_056069248.1	iSF_1195.SF2876	49.5	503	221	10	10	498	22	505	1.99e-157	459
WP_056069248.1	iSSON_1240.SSON_3043	49.5	503	221	10	10	498	22	505	1.99e-157	459
WP_056069248.1	iYL1228.KPN_03318	48.9	503	224	10	10	498	22	505	5.65e-157	458
WP_056069248.1	iSynCJ816.SGL_RS06545	47.1	507	246	8	3	498	10	505	2.23e-152	446
WP_056069248.1	iYS854.USA300HOU_RS02655	46.2	506	244	8	2	495	4	493	2.73e-152	446
WP_056069248.1	iPC815.YPO0888	48.1	501	231	9	10	498	22	505	3.05e-151	443
WP_056069248.1	iNF517.LLMG_RS01995	48.2	498	231	9	9	495	3	484	9.82e-150	439
WP_056069253.1	iLB1027_lipid.PHATRDRAFT_51454	48.7	156	70	4	50	201	4	153	1.74e-45	149
WP_056069274.1	iEK1008.Rv1077	42.2	465	244	6	1	450	1	455	5.90e-107	324
WP_056069274.1	iLB1027_lipid.PHATRDRAFT_42003	42.1	390	214	3	2	382	3	389	1.85e-94	292
WP_056069287.1	iCN718.ABAYE_RS02695	39.2	375	224	3	6	378	18	390	1.13e-90	278
WP_056069287.1	iEK1008.Rv2724c	41.7	384	202	5	4	376	10	382	1.42e-90	277
WP_056069287.1	iCN718.ABAYE_RS06455	38.2	372	229	1	11	381	9	380	2.43e-90	276
WP_056069287.1	iCHOv1.100759026	38.5	377	227	3	6	379	40	414	1.13e-88	273
WP_056069287.1	iCN718.ABAYE_RS02925	37.2	382	233	4	1	376	3	383	3.69e-85	263
WP_056069287.1	iCN718.ABAYE_RS13170	38.2	374	230	1	9	381	6	379	1.30e-83	259
WP_056069287.1	iEK1008.Rv0975c	36.9	374	233	3	7	378	6	378	5.63e-83	258
WP_056069287.1	iYO844.BSU24150	38.0	376	231	2	5	379	2	376	2.29e-81	253
WP_056069295.1	iSynCJ816.SGL_RS10925	66.6	401	126	3	1	396	1	398	1.70e-190	532
WP_056069343.1	iEK1008.Rv0684	27.9	488	291	14	6	454	9	474	2.43e-46	172
WP_056069343.1	iSynCJ816.SGL_RS10930	30.7	475	287	15	7	454	7	466	1.06e-45	170
WP_056069343.1	iSynCJ816.SGL_RS17200	28.4	493	290	16	4	457	2	470	7.45e-43	162
WP_056069354.1	iAF692.Mbar_A1776	23.9	226	133	8	107	315	141	344	3.30e-04	42.0
WP_056069359.1	iMM904.YLR304C	61.1	740	282	2	12	751	41	774	0.0	903
WP_056069359.1	iAT_PLT_636.50	61.3	736	278	2	12	747	45	773	0.0	900
WP_056069359.1	iMM1415.11429	61.0	736	280	2	12	747	45	773	0.0	896
WP_056069359.1	iCHOv1.100759203	60.9	736	281	2	12	747	45	773	0.0	896
WP_056069371.1	iAF987.Gmet_1211	51.6	450	211	5	25	471	24	469	9.59e-151	438
WP_056069371.1	iCN718.ABAYE_RS05305	48.5	470	231	8	5	471	8	469	9.31e-139	407
WP_056069371.1	iJN1463.PP_2149	48.7	462	226	7	16	471	19	475	3.99e-138	406
WP_056069374.1	iEK1008.Rv0125	29.4	269	167	6	102	356	76	335	3.57e-25	105
WP_056069377.1	iHN637.CLJU_RS05285	33.9	283	152	10	3	260	1	273	4.29e-37	131
WP_056069377.1	iSynCJ816.SGL_RS17890	32.6	285	161	8	1	260	1	279	8.02e-35	125
WP_056069380.1	iPC815.YPO2830	31.6	158	102	4	8	165	6	157	1.87e-15	70.1
WP_056069380.1	STM_v1_0.STM1502	29.6	169	111	5	9	176	7	168	1.52e-14	67.8
WP_056069380.1	iML1515.b1584	28.8	160	106	5	8	166	6	158	1.55e-13	65.1
WP_056069380.1	iYL1228.KPN_01583	29.0	169	112	5	9	176	7	168	2.17e-13	64.7
WP_056069383.1	iCN900.CD630_12260	31.2	327	195	11	2	313	7	318	1.21e-29	116
WP_056069396.1	iMM1415.11431	34.4	151	92	4	4	149	8	156	6.87e-29	103
WP_056069402.1	iYS854.USA300HOU_RS06875	44.2	113	63	0	7	119	7	119	8.97e-32	110
WP_056069409.1	iML1515.b3885	25.5	204	134	8	6	200	4	198	4.66e-14	67.4
WP_056069412.1	iCN900.CD630_17000	44.0	332	164	8	7	325	13	335	1.42e-80	249
WP_056069412.1	iLJ478.TM1828	41.1	336	177	11	3	326	1	327	4.20e-74	232
WP_056069419.1	iIT341.HP0381	35.5	262	139	12	29	279	27	269	2.58e-25	101
WP_056069419.1	iSynCJ816.SGL_RS09640	28.9	266	170	8	30	280	35	296	2.78e-24	99.0
WP_056069422.1	iJN1463.PP_4210	26.1	268	189	6	149	413	393	654	3.93e-16	80.1
WP_056069425.1	iMM904.YPR033C	34.2	473	242	15	7	437	58	503	2.85e-60	205
WP_056069435.1	iCHOv1.100757381	22.0	254	171	7	90	321	99	347	4.60e-06	50.4
WP_056069447.1	iJN1463.PP_2432	35.6	219	113	7	1	196	1	214	2.59e-30	110
WP_056069447.1	iSSON_1240.SSON_0529	34.3	216	120	7	1	196	1	214	3.37e-27	102
WP_056069447.1	iML1515.b0578	33.3	216	122	6	1	196	1	214	4.73e-27	102
WP_056069447.1	iSbBS512_1146.SbBS512_E0472	33.8	216	121	7	1	196	1	214	1.85e-26	100
WP_056069465.1	iAF692.Mbar_A1651	30.9	372	245	5	1	366	1	366	3.24e-43	159
WP_056069465.1	iAF692.Mbar_A0669	31.5	355	235	2	25	375	25	375	9.85e-42	155
WP_056069465.1	iAF987.Gmet_1105	29.6	378	260	3	1	375	1	375	1.78e-40	151
WP_056069489.1	iAF692.Mbar_A0576	28.5	267	177	7	11	271	17	275	1.14e-21	91.7
WP_056069493.1	iCN900.CD630_25840	42.1	309	172	4	4	310	1	304	1.29e-85	259
WP_056069496.1	iYS854.USA300HOU_RS07595	36.4	330	206	3	7	334	5	332	5.04e-64	218
WP_056069507.1	iYL1228.KPN_03599	36.1	432	257	6	1	432	1	413	2.22e-76	243
WP_056069507.1	iPC815.YPO3569	36.1	432	258	8	1	432	1	414	1.27e-75	241
WP_056069507.1	iHN637.CLJU_RS20680	35.3	433	259	8	1	432	1	413	2.51e-75	241
WP_056069507.1	iIT341.HP0648	35.4	435	259	7	1	432	1	416	2.65e-75	241
WP_056069507.1	iCN900.CD630_01230	36.3	433	254	8	1	432	7	418	5.40e-75	240
WP_056069507.1	iCN718.ABAYE_RS15605	36.0	433	257	8	1	432	1	414	9.33e-75	239
WP_056069507.1	STM_v1_0.STM3307	36.3	432	256	6	1	432	1	413	1.90e-74	238
WP_056069507.1	iML1515.b3189	36.1	432	257	6	1	432	1	413	1.05e-73	236
WP_056069507.1	iSbBS512_1146.SbBS512_E3581	36.1	432	257	6	1	432	1	413	1.05e-73	236
WP_056069507.1	iSF_1195.SF3229	36.1	432	257	6	1	432	1	413	1.05e-73	236
WP_056069507.1	iSSON_1240.SSON_3337	36.1	432	257	6	1	432	1	413	1.05e-73	236
WP_056069507.1	iYO844.BSU37100	35.9	435	260	8	1	435	1	416	1.50e-72	234
WP_056069507.1	iSDY_1059.SDY_3370	35.6	432	259	6	1	432	1	413	1.15e-72	234
WP_056069507.1	iHN637.CLJU_RS01205	36.4	434	254	8	1	432	1	414	3.19e-72	233
WP_056069507.1	iEK1008.Rv1315	35.6	432	256	6	2	432	3	413	2.03e-69	225
WP_056069507.1	iAF987.Gmet_0382	33.3	433	267	7	1	432	1	412	1.09e-68	223
WP_056069507.1	iNF517.LLMG_RS01685	33.3	433	270	5	1	432	1	415	1.17e-68	223
WP_056069507.1	iYS854.USA300HOU_RS11465	34.7	435	262	6	2	435	4	417	6.28e-68	221
WP_056069507.1	iYS854.USA300HOU_RS11340	34.4	433	266	7	1	432	1	416	2.58e-67	220
WP_056069507.1	iYO844.BSU36760	32.7	437	266	9	1	432	1	414	5.33e-67	219
WP_056069512.1	iAF987.Gmet_0981	49.6	137	67	1	1	135	1	137	5.41e-40	130
WP_056069512.1	iSynCJ816.SGL_RS06095	47.1	138	71	1	2	137	6	143	8.14e-40	130
WP_056069512.1	iIT341.HP1038	45.1	142	73	2	1	137	1	142	3.33e-37	124
WP_056069512.1	iPC815.YPO3660	45.2	135	72	1	3	135	7	141	3.81e-35	118
WP_056069521.1	iCN900.CD630_35270	39.7	262	147	4	2	261	4	256	5.09e-51	171
WP_056069521.1	iCN900.CD630_35300	40.7	241	137	2	2	240	4	240	5.55e-50	168
WP_056069521.1	STM_v1_0.STM0878	33.3	267	168	3	1	261	19	281	1.81e-48	166
WP_056069521.1	iML1515.b0855	34.1	267	166	3	1	261	19	281	2.54e-48	165
WP_056069521.1	iSSON_1240.SSON_0840	34.1	267	166	3	1	261	46	308	4.61e-48	165
WP_056069521.1	iLJ478.TM1376	38.2	251	144	3	2	245	6	252	2.89e-48	165
WP_056069521.1	iSDY_1059.SDY_0740	34.1	267	166	3	1	261	19	281	4.99e-48	164
WP_056069521.1	iSF_1195.SF0809	33.7	267	167	3	1	261	46	308	1.27e-47	164
WP_056069521.1	iSbBS512_1146.SbBS512_E2476	34.1	267	166	3	1	261	19	281	9.82e-48	164
WP_056069521.1	iYL1228.KPN_00886	34.1	267	166	4	1	261	35	297	1.96e-47	163
WP_056069521.1	iYL1228.KPN_01132	37.8	241	142	3	1	238	17	252	5.79e-46	159
WP_056069521.1	STM_v1_0.STM1226	34.6	292	157	5	1	263	17	303	5.79e-46	159
WP_056069521.1	iHN637.CLJU_RS10680	34.1	305	183	5	1	291	9	309	1.06e-45	158
WP_056069521.1	iYS854.USA300HOU_RS05485	31.6	301	190	5	1	291	4	298	1.64e-45	157
WP_056069521.1	iJN1463.PP_1722	34.2	292	179	4	2	284	4	291	1.43e-45	157
WP_056069521.1	iCN900.CD630_34170	29.3	348	207	6	2	314	4	347	3.77e-45	156
WP_056069521.1	iCN900.CD630_10240	31.5	308	183	5	1	284	5	308	8.46e-45	155
WP_056069521.1	iSbBS512_1146.SbBS512_E1304	38.6	228	132	3	14	238	30	252	1.69e-44	155
WP_056069521.1	iSSON_1240.SSON_1144	38.6	228	132	3	14	238	30	252	1.69e-44	155
WP_056069521.1	iPC815.YPO1332	33.3	240	154	2	1	238	19	254	1.65e-44	155
WP_056069521.1	iSDY_1059.SDY_2026	38.6	228	132	3	14	238	30	252	2.36e-44	155
WP_056069521.1	iML1515.b1126	38.6	228	132	3	14	238	30	252	3.31e-44	154
WP_056069521.1	iSF_1195.SF1128	38.6	228	132	3	14	238	30	252	3.31e-44	154
WP_056069527.1	iAF987.Gmet_1599	43.8	336	179	5	1	336	1	326	1.08e-88	268
WP_056069527.1	iSDY_1059.SDY_2059	44.1	333	168	4	3	335	2	316	4.63e-88	266
WP_056069527.1	iPC815.YPO1597	42.9	333	171	4	3	335	2	315	8.99e-88	266
WP_056069527.1	iML1515.b1091	43.8	333	169	4	3	335	2	316	1.86e-87	265
WP_056069527.1	iSbBS512_1146.SbBS512_E2233	43.8	333	169	4	3	335	2	316	1.86e-87	265
WP_056069527.1	iSSON_1240.SSON_1111	43.8	333	169	4	3	335	2	316	1.86e-87	265
WP_056069527.1	STM_v1_0.STM1193	44.4	333	167	5	3	335	2	316	3.72e-87	264
WP_056069527.1	iSF_1195.SF1095	43.5	333	170	4	3	335	2	316	2.11e-86	262
WP_056069527.1	iCN900.CD630_11790	44.4	331	173	4	6	336	7	326	2.18e-83	255
WP_056069527.1	iYO844.BSU11330	40.5	331	172	4	6	336	5	310	4.25e-82	251
WP_056069527.1	iYL1228.KPN_01089	42.5	334	172	6	3	335	2	316	4.97e-82	251
WP_056069538.1	iNF517.LLMG_RS11600	30.3	594	373	15	5	591	5	564	2.00e-73	244
WP_056069540.1	iYS854.USA300HOU_RS02340	39.3	61	37	0	188	248	10	70	1.49e-04	43.5
WP_056069542.1	iJN1463.PP_1280	33.8	473	221	10	114	562	81	485	1.23e-71	237
WP_056069561.1	iAF987.Gmet_0247	50.2	287	136	2	1	285	1	282	4.69e-91	271
WP_056069561.1	iCHOv1.100770086	46.9	294	150	2	3	290	39	332	6.33e-90	271
WP_056069561.1	iMM1415.17768	47.3	294	149	2	3	290	20	313	3.99e-89	268
WP_056069561.1	iAT_PLT_636.10797	46.9	294	150	2	3	290	39	332	1.02e-88	268
WP_056069561.1	iYS854.USA300HOU_RS05295	47.2	288	142	4	2	289	4	281	3.09e-88	264
WP_056069561.1	iIT341.HP0577	48.4	287	139	2	3	289	10	287	5.32e-88	264
WP_056069561.1	iNF517.LLMG_RS08520	47.9	290	141	3	1	290	1	280	2.24e-85	257
WP_056069561.1	iYL1228.KPN_00484	48.4	287	139	3	2	288	4	281	7.01e-85	256
WP_056069561.1	iML1515.b0529	49.3	284	135	3	2	285	4	278	2.82e-84	254
WP_056069561.1	iSbBS512_1146.SbBS512_E0445	49.3	284	135	3	2	285	4	278	2.82e-84	254
WP_056069561.1	iSF_1195.SF0460	49.3	284	135	3	2	285	4	278	2.82e-84	254
WP_056069561.1	iSSON_1240.SSON_0489	49.3	284	135	3	2	285	4	278	2.82e-84	254
WP_056069561.1	iSDY_1059.SDY_0281	49.3	284	135	3	2	285	4	278	8.01e-84	253
WP_056069561.1	iPC815.YPO2824	47.7	287	141	3	2	288	4	281	2.28e-83	252
WP_056069561.1	iAF987.Gmet_1162	47.2	286	141	4	3	288	4	279	1.67e-82	249
WP_056069561.1	STM_v1_0.STM0542	48.2	284	138	3	2	285	4	278	5.21e-82	248
WP_056069561.1	iYO844.BSU24310	46.2	288	145	4	3	290	5	282	1.44e-80	244
WP_056069564.1	iYS854.USA300HOU_RS07985	35.5	245	144	9	1	234	1	242	6.23e-41	141
WP_056069564.1	iCN900.CD630_20500	35.3	232	138	7	7	227	2	232	6.21e-39	135
WP_056069570.1	iCHOv1.100767455	29.3	133	79	3	80	198	55	186	1.48e-05	45.4
WP_056069570.1	iMM1415.23945	24.5	151	99	3	80	215	61	211	1.51e-04	42.4
WP_056069579.1	iAF987.Gmet_2347	30.6	310	194	8	3	300	22	322	3.57e-28	112
WP_056069579.1	iYL1228.KPN_00942	28.7	314	196	9	6	314	14	304	8.12e-28	110
WP_056069579.1	iPC815.YPO1396	29.0	338	204	13	7	336	15	324	2.15e-26	106
WP_056069579.1	iSbBS512_1146.SbBS512_E2409	24.8	347	216	11	6	339	14	328	1.95e-24	101
WP_056069579.1	iSF_1195.SF0911	24.8	347	216	11	6	339	14	328	2.68e-24	100
WP_056069579.1	iSSON_1240.SSON_0917	24.8	347	216	11	6	339	14	328	2.68e-24	100
WP_056069581.1	iCN900.CD630_12240	53.0	264	124	0	1	264	1	264	6.95e-95	280
WP_056069581.1	iHN637.CLJU_RS10190	50.6	263	130	0	5	267	13	275	6.41e-90	267
WP_056069581.1	iLJ478.TM1737	50.4	268	130	1	3	267	29	296	1.79e-89	267
WP_056069581.1	iMM1415.667034	50.6	269	126	3	2	263	22	290	3.26e-86	259
WP_056069581.1	iYO844.BSU23490	47.4	268	141	0	1	268	1	268	5.08e-85	254
WP_056069584.1	iAF987.Gmet_0043	32.3	254	155	7	341	585	20	265	1.43e-15	80.1
WP_056069587.1	iYO844.BSU33940	45.6	331	177	3	5	333	4	333	3.32e-102	303
WP_056069587.1	iEK1008.Rv1436	46.6	335	171	3	5	332	4	337	1.04e-96	289
WP_056069587.1	iHN637.CLJU_RS06580	45.4	326	173	4	5	326	4	328	4.33e-96	288
WP_056069587.1	iAF987.Gmet_1946	44.0	327	180	3	5	329	4	329	6.50e-96	287
WP_056069587.1	iLJ478.TM0688	44.1	331	181	3	5	332	3	332	7.91e-95	284
WP_056069587.1	iYO844.BSU29020	45.3	327	176	3	3	327	2	327	1.98e-94	283
WP_056069590.1	iYS854.USA300HOU_RS04580	50.7	278	135	2	14	289	11	288	4.57e-99	292
WP_056069590.1	iJN1463.PP_4800	46.3	285	147	3	9	287	45	329	6.02e-92	275
WP_056069590.1	iAM_Pv461.PVX_083125	46.8	284	148	3	10	290	143	426	3.95e-87	266
WP_056069590.1	iAM_Pb448.PBANKA_135750	47.5	284	146	3	10	290	158	441	1.00e-86	266
WP_056069590.1	iAM_Pc455.PCYB_121910	46.5	286	146	4	10	290	106	389	7.70e-87	265
WP_056069600.1	iML1515.b1022	33.3	93	58	1	42	134	77	165	1.39e-08	55.8
WP_056069600.1	iYO844.BSU35550	26.7	146	93	4	42	182	8	144	8.44e-09	55.5
WP_056069600.1	iSbBS512_1146.SbBS512_E4050	28.0	93	62	1	42	134	8	95	1.36e-07	52.4
WP_056069600.1	iSSON_1240.SSON_3782	28.0	93	62	1	42	134	8	95	1.36e-07	52.4
WP_056069602.1	iJN1463.PP_1904	45.4	335	175	4	5	335	19	349	1.82e-101	302
WP_056069608.1	iAF987.Gmet_0043	24.8	371	251	14	336	697	39	390	1.54e-13	73.6
WP_056069619.1	iYS854.USA300HOU_RS09385	46.8	139	74	0	20	158	10	148	6.53e-39	129
WP_056069619.1	iCN900.CD630_16970	44.3	140	76	2	20	158	10	148	1.17e-36	123
WP_056069619.1	iYO844.BSU23250	44.6	139	75	2	23	160	14	151	3.91e-35	119
WP_056069642.1	iLJ478.TM1520	34.9	232	129	6	1	230	1	212	3.56e-37	129
WP_056069642.1	iAF692.Mbar_A1151	35.9	231	130	5	8	232	45	263	5.44e-34	122
WP_056069651.1	iCN900.CD630_07240	24.0	254	163	11	1	237	1	241	3.99e-05	43.5
WP_056069651.1	iAF692.Mbar_A0171	47.2	36	19	0	11	46	9	44	1.84e-04	41.6
WP_056069651.1	iHN637.CLJU_RS11570	44.4	36	20	0	11	46	9	44	5.94e-04	40.0
WP_056069651.1	iHN637.CLJU_RS02400	44.4	36	20	0	11	46	9	44	5.89e-04	40.0
WP_056069651.1	iAF987.Gmet_0662	47.2	36	19	0	11	46	9	44	8.24e-04	39.7
WP_056069654.1	iCHOv1.100753128	45.7	293	157	2	1	293	46	336	8.96e-84	254
WP_056069660.1	iAT_PLT_636.4594	65.5	692	232	4	18	705	49	737	7.36e-319	885
WP_056069660.1	iCHOv1.100765277	65.0	692	235	4	18	705	47	735	9.59e-319	884
WP_056069660.1	iMM1415.17850	65.3	692	233	4	18	705	47	735	1.99e-318	884
WP_056069660.1	iML1515.b2917	64.0	684	241	2	30	709	29	711	4.53e-311	863
WP_056069660.1	iSSON_1240.SSON_3068	63.9	684	242	2	30	709	29	711	2.60e-310	862
WP_056069660.1	iSF_1195.SF2902	63.9	684	242	2	30	709	29	711	1.05e-309	860
WP_056069660.1	iEK1008.Rv1493	64.5	687	232	3	30	704	52	738	2.92e-306	853
WP_056069662.1	iLB1027_lipid.PHATRDRAFT_51830	32.9	249	149	3	184	419	206	449	1.48e-33	133
WP_056069662.1	iML1515.b2917	31.5	257	147	3	184	420	225	472	1.75e-31	127
WP_056069662.1	iSSON_1240.SSON_3068	31.5	257	147	3	184	420	225	472	1.75e-31	127
WP_056069662.1	iSF_1195.SF2902	31.1	257	148	3	184	420	225	472	2.54e-30	124
WP_056069670.1	iYS854.USA300HOU_RS08580	54.7	190	86	0	3	192	6	195	2.03e-69	210
WP_056069670.1	iNF517.LLMG_RS03940	47.4	192	101	0	2	193	5	196	1.61e-63	195
WP_056069670.1	iYO844.BSU27330	46.8	190	101	0	2	191	6	195	4.36e-62	191
WP_056069677.1	iYS854.USA300HOU_RS06185	28.1	192	124	5	2	184	3	189	2.12e-17	78.2
WP_056069677.1	iEK1008.Rv1928c	28.0	193	129	6	2	186	12	202	3.46e-17	77.8
WP_056069677.1	iCN900.CD630_11820	29.0	193	121	5	4	186	9	195	6.07e-17	77.0
WP_056069677.1	iSynCJ816.SGL_RS07245	27.5	189	129	3	4	186	9	195	5.89e-17	77.0
WP_056069677.1	iCN718.ABAYE_RS09965	27.4	215	135	7	2	207	8	210	1.30e-15	73.6
WP_056069677.1	iYO844.BSU15910	26.6	192	127	5	2	184	5	191	2.81e-15	72.4
WP_056069677.1	iML1515.b1619	30.5	210	127	6	2	203	12	210	5.99e-15	71.6
WP_056069677.1	iSDY_1059.SDY_2057	26.8	190	129	4	2	186	6	190	5.19e-15	71.6
WP_056069677.1	iJN1463.PP_2794	29.2	192	118	7	2	184	14	196	8.25e-15	71.2
WP_056069686.1	iCN718.ABAYE_RS14635	52.2	318	131	6	9	314	7	315	4.21e-106	311
WP_056069686.1	iCN718.ABAYE_RS18170	51.4	315	132	6	9	311	7	312	2.09e-104	307
WP_056069686.1	iPC815.YPO1374	51.3	316	141	7	4	311	3	313	4.63e-104	306
WP_056069686.1	iJN1463.PP_0786	50.6	316	140	7	5	311	4	312	7.53e-103	303
WP_056069686.1	STM_v1_0.STM0958	52.2	318	136	8	4	311	3	314	6.51e-102	301
WP_056069686.1	iYL1228.KPN_00920	50.8	317	142	8	4	311	12	323	2.48e-101	300
WP_056069686.1	iEK1008.Rv3913	48.7	302	152	2	11	312	18	316	5.67e-101	299
WP_056069686.1	iSF_1195.SF0847	50.9	318	140	8	4	311	3	314	2.05e-100	297
WP_056069686.1	iML1515.b0888	50.9	318	140	8	4	311	3	314	4.13e-100	296
WP_056069686.1	iSDY_1059.SDY_2373	50.9	318	140	8	4	311	3	314	4.13e-100	296
WP_056069686.1	iSSON_1240.SSON_0889	50.9	318	140	8	4	311	3	314	4.13e-100	296
WP_056069686.1	iSbBS512_1146.SbBS512_E2441	50.2	317	144	8	4	311	3	314	5.84e-100	296
WP_056069686.1	iAF987.Gmet_3070	49.5	315	143	8	9	314	7	314	5.69e-99	293
WP_056069686.1	iMM904.YHR106W	48.4	312	151	5	9	311	28	338	9.81e-96	286
WP_056069686.1	iMM904.YDR353W	47.6	315	155	5	9	314	5	318	9.42e-96	285
WP_056069706.1	iAF692.Mbar_A1144	23.3	262	163	11	1	238	1	248	4.73e-06	47.0
WP_056069717.1	iYO844.BSU02750	33.8	237	147	4	8	240	15	245	1.04e-41	144
WP_056069717.1	iCN900.CD630_16140	32.5	231	153	1	2	229	22	252	5.80e-38	135
WP_056069722.1	iAF987.Gmet_1919	38.0	129	78	1	1	129	2	128	1.78e-20	91.3
WP_056069722.1	iAF987.Gmet_1914	34.1	132	85	1	1	132	1	130	2.65e-18	85.9
WP_056069733.1	iML1515.b1601	23.9	306	219	6	34	336	36	330	1.10e-08	55.8
WP_056069736.1	iJN1463.PP_4150	22.1	562	336	17	1	522	6	505	7.50e-17	83.2
WP_056069736.1	iPC815.YPO3012	26.0	250	135	5	2	238	3	215	2.30e-16	80.5
WP_056069736.1	iYS854.USA300HOU_RS01050	22.9	560	333	21	1	522	4	502	2.93e-15	78.2
WP_056069736.1	iCN900.CD630_19780	27.8	227	151	5	328	544	16	239	4.17e-16	77.8
WP_056069736.1	iEK1008.Rv2397c	27.1	214	138	4	326	522	3	215	2.87e-15	77.0
WP_056069736.1	iLJ478.TM0191	26.7	255	125	9	1	238	1	210	1.27e-15	76.6
WP_056069736.1	iCN900.CD630_16490	25.6	215	140	4	328	522	2	216	1.54e-15	76.3
WP_056069736.1	iIT341.HP0819	28.9	204	128	4	328	514	5	208	8.35e-16	76.3
WP_056069736.1	iLJ478.TM1063	28.7	230	134	5	20	240	34	242	4.71e-15	76.3
WP_056069736.1	iCN900.CD630_09000	26.9	219	135	5	328	523	2	218	8.47e-15	75.9
WP_056069736.1	iCN900.CD630_35270	30.5	210	124	5	330	520	6	212	5.75e-15	75.9
WP_056069736.1	iYL1228.KPN_00838	24.0	242	152	5	1	238	1	214	1.74e-15	75.9
WP_056069736.1	iJN1463.PP_2416	26.2	191	115	3	7	197	17	181	2.47e-15	75.9
WP_056069743.1	iAF987.Gmet_1092	41.3	247	140	2	30	276	43	284	5.50e-62	197
WP_056069747.1	iML1515.b1985	23.3	446	305	9	16	445	45	469	4.34e-17	83.2
WP_056069760.1	iCN900.CD630_21240	22.4	290	199	8	3	279	9	285	2.62e-08	53.9
WP_056069763.1	iJN1463.PP_1376	30.1	123	82	3	271	390	74	195	7.57e-04	41.2
WP_056069769.1	iAF987.Gmet_3245	44.5	465	249	6	5	467	1	458	1.90e-117	352
WP_056069769.1	iIT341.HP0509	40.9	469	257	7	5	465	1	457	6.23e-107	325
WP_056069772.1	iJN1463.PP_4974	44.3	402	222	2	8	408	6	406	8.31e-104	313
WP_056069778.1	iYO844.BSU35620	35.1	174	113	0	22	195	316	489	1.56e-23	96.7
WP_056069800.1	iAF987.Gmet_0521	44.5	128	71	0	1	128	1	128	2.09e-35	119
WP_056069822.1	iCN718.ABAYE_RS05345	33.0	349	221	8	7	350	3	343	8.47e-41	146
WP_056069822.1	iLJ478.TM0800	29.9	354	190	9	1	350	1	300	4.45e-38	138
WP_056069822.1	iEK1008.Rv2781c	31.6	323	204	5	13	329	8	319	2.32e-37	137
WP_056069828.1	iCN900.CD630_25770	40.1	247	140	5	1	242	1	244	9.60e-52	168
WP_056069828.1	iNF517.LLMG_RS08950	35.3	241	152	2	1	240	3	240	2.54e-45	151
WP_056069830.1	iJN1463.PP_2504	47.7	65	34	0	1	65	1	65	9.20e-21	77.0
WP_056069853.1	iJN1463.PP_4210	53.4	204	95	0	20	223	23	226	4.55e-70	225
WP_056069853.1	iCN900.CD630_19470	49.1	214	108	1	8	220	14	227	1.87e-71	217
WP_056069866.1	iCN900.CD630_04310	23.7	558	294	17	2	513	3	474	1.20e-24	107
WP_056069872.1	iEK1008.Rv3265c	25.4	213	145	3	34	235	29	238	8.47e-18	82.8
WP_056069875.1	iYO844.BSU24030	38.4	432	251	8	1	431	1	418	8.18e-82	258
WP_056069875.1	iYS854.USA300HOU_RS08100	37.4	438	239	7	5	430	2	416	2.05e-75	241
WP_056069885.1	iCHOv1.100766004	42.8	201	115	0	3	203	17	217	2.92e-52	167
WP_056069891.1	iML1515.b2700	40.4	114	68	0	265	378	13	126	8.96e-23	94.0
WP_056069891.1	iJN1463.PP_1628	37.7	159	94	2	256	413	2	156	5.04e-21	89.0
WP_056069912.1	iAF692.Mbar_A1202	24.0	342	190	14	34	333	5	318	2.47e-17	81.6
WP_056069921.1	iYL1228.KPN_02848	56.7	134	58	0	1	134	1	134	9.35e-45	142
WP_056069921.1	iAF987.Gmet_2686	54.6	130	59	0	5	134	3	132	1.10e-44	142
WP_056069921.1	iJN1463.PP_0849	55.5	137	61	0	1	137	1	137	1.77e-44	142
WP_056069921.1	iML1515.b2518	55.6	133	59	0	1	133	1	133	1.53e-43	139
WP_056069921.1	iSbBS512_1146.SbBS512_E2893	55.6	133	59	0	1	133	1	133	1.53e-43	139
WP_056069921.1	iSDY_1059.SDY_2714	55.6	133	59	0	1	133	1	133	1.53e-43	139
WP_056069921.1	iSF_1195.SF2564	55.6	133	59	0	1	133	1	133	1.53e-43	139
WP_056069921.1	iSSON_1240.SSON_2600	55.6	133	59	0	1	133	1	133	1.53e-43	139
WP_056069921.1	STM_v1_0.STM2526	55.6	133	59	0	1	133	1	133	2.17e-43	139
WP_056069921.1	iCN718.ABAYE_RS16260	52.6	137	65	0	1	137	1	137	1.25e-42	137
WP_056069921.1	iPC815.YPO2883	50.4	139	69	0	1	139	1	139	8.02e-41	132
WP_056069924.1	iYS854.USA300HOU_RS05915	26.4	473	310	10	62	508	54	514	2.00e-35	139
WP_056069949.1	iNF517.LLMG_RS04495	27.6	76	55	0	103	178	97	172	9.06e-07	46.6
WP_056069973.1	iCN900.CD630_00500	49.2	488	230	2	5	492	12	481	1.36e-168	484
WP_056069980.1	iAF987.Gmet_2999	34.8	92	54	2	48	139	45	130	2.37e-07	48.1
WP_056069980.1	iAF987.Gmet_0069	26.1	69	51	0	58	126	50	118	2.65e-06	45.1
WP_056069984.1	iJN1463.PP_4405	33.3	141	86	4	98	231	28	167	1.97e-10	61.6
WP_056069986.1	iEK1008.Rv0684	24.5	503	243	13	1	389	10	489	2.85e-28	119
WP_056069986.1	iSynCJ816.SGL_RS10930	24.3	489	256	10	1	389	7	481	3.70e-28	119
WP_056069986.1	iSynCJ816.SGL_RS17200	25.2	500	233	13	5	389	9	482	1.47e-24	108
WP_056069992.1	iNF517.LLMG_RS08890	44.7	76	42	0	34	109	460	535	3.50e-14	67.0
WP_056070072.1	iEK1008.Rv1456c	44.4	36	20	0	19	54	28	63	4.69e-06	47.4
WP_056070072.1	iYO844.BSU14870	44.4	54	26	3	18	69	18	69	1.09e-04	43.1
WP_056070077.1	iHN637.CLJU_RS11360	28.2	156	104	4	10	159	207	360	4.98e-08	51.6
WP_056070083.1	iAF987.Gmet_2351	28.3	336	217	6	32	353	35	360	3.30e-40	145
WP_056070083.1	iAF987.Gmet_0886	28.4	373	226	11	17	357	19	382	1.01e-37	139
WP_056070083.1	STM_v1_0.STM2090	27.7	386	228	8	14	351	45	427	1.60e-34	131
WP_056070086.1	iML1515.b3629	23.7	278	167	10	46	296	33	292	9.75e-06	46.2
WP_056070093.1	iYS854.USA300HOU_RS01340	23.5	179	110	4	1	176	2	156	7.06e-08	52.8
WP_056070093.1	iCHOv1.100689420	27.6	116	79	2	2	113	32	146	1.84e-06	47.8
WP_056070096.1	iIT341.HP0279	23.8	344	226	14	3	325	2	330	3.91e-11	63.2
WP_056070096.1	iYL1228.KPN_03968	21.4	294	214	7	3	287	15	300	1.03e-09	58.9
WP_056070096.1	iSSON_1240.SSON_3775	27.7	148	99	4	2	144	6	150	1.01e-09	58.9
WP_056070096.1	iSbBS512_1146.SbBS512_E4057	27.7	148	99	4	2	144	6	150	1.80e-09	58.2
WP_056070096.1	iSDY_1059.SDY_4062	27.7	148	99	4	2	144	6	150	1.80e-09	58.2
WP_056070096.1	iSF_1195.SF3669	27.7	148	99	4	2	144	6	150	1.80e-09	58.2
WP_056070100.1	iPC815.YPO1041	51.6	279	119	6	1	268	1	274	2.60e-59	189
WP_056070100.1	iYL1228.KPN_00179	51.4	278	121	4	1	268	1	274	5.19e-59	188
WP_056070100.1	iSDY_1059.SDY_0182	51.3	279	120	5	1	268	1	274	5.19e-59	188
WP_056070100.1	STM_v1_0.STM0213	51.6	279	119	5	1	268	1	274	7.33e-59	188
WP_056070100.1	iSbBS512_1146.SbBS512_E0158	51.6	279	119	5	1	268	1	274	1.04e-58	187
WP_056070100.1	iCN718.ABAYE_RS05125	52.5	276	115	6	1	265	1	271	1.42e-58	187
WP_056070100.1	iML1515.b0166	51.6	279	119	5	1	268	1	274	1.46e-58	187
WP_056070100.1	iSF_1195.SF0156	51.6	279	119	5	1	268	1	274	1.46e-58	187
WP_056070100.1	iSSON_1240.SSON_0178	51.6	279	119	5	1	268	1	274	1.46e-58	187
WP_056070113.1	iYS854.USA300HOU_RS12800	54.6	493	221	2	4	496	2	491	3.13e-194	550
WP_056070113.1	iSbBS512_1146.SbBS512_E0730	54.9	488	220	0	9	496	31	518	1.64e-190	542
WP_056070113.1	iSSON_1240.SSON_2268	54.9	488	220	0	9	496	31	518	1.64e-190	542
WP_056070113.1	iSDY_1059.SDY_0866	54.7	488	221	0	9	496	31	518	3.30e-190	541
WP_056070113.1	iML1515.b2210	54.6	489	222	0	9	497	31	519	9.40e-190	540
WP_056070113.1	iJN1463.PP_0751	55.1	486	216	2	11	496	8	491	7.80e-190	539
WP_056070113.1	iJN1463.PP_2925	54.4	489	222	1	9	497	30	517	3.69e-187	533
WP_056070113.1	iJN1463.PP_1251	52.5	488	232	0	9	496	10	497	9.20e-185	527
WP_056070113.1	iYL1228.KPN_02629	52.4	489	231	2	9	496	27	514	1.15e-179	514
WP_056070113.1	iYS854.USA300HOU_RS14130	51.3	489	232	4	11	496	8	493	3.89e-174	499
WP_056070119.1	iAM_Pb448.PBANKA_080930	41.1	175	92	3	3	177	60	223	3.00e-32	115
WP_056070119.1	iAM_Pv461.PVX_098840	37.7	175	98	2	3	177	10	173	7.41e-31	110
WP_056070119.1	iAM_Pc455.PCYB_071570	38.9	175	96	2	3	177	65	228	4.03e-30	110
WP_056070119.1	iAM_Pf480.PF3D7_0907900	35.4	175	102	2	3	177	65	228	3.11e-29	108
WP_056070141.1	iHN637.CLJU_RS17585	38.5	270	142	9	13	261	12	278	2.29e-48	161
WP_056070148.1	iYO844.BSU33180	29.3	191	113	8	3	179	42	224	2.05e-15	74.3
WP_056070152.1	iJN1463.PP_0481	61.4	484	174	7	7	487	5	478	2.68e-217	607
WP_056070152.1	iPC815.YPO1207	56.3	481	199	5	7	485	8	479	7.55e-198	558
WP_056070152.1	iYO844.BSU08820	55.1	483	210	2	5	487	4	479	2.39e-197	557
WP_056070152.1	iIT341.HP0875	56.6	495	198	8	6	493	7	491	7.92e-194	549
WP_056070153.1	iAF987.Gmet_3251	32.8	570	299	15	584	1146	58	550	9.58e-75	258
WP_056070169.1	iNF517.LLMG_RS07320	33.2	307	193	8	5	304	39	340	1.39e-48	165
WP_056070181.1	iJN1463.PP_3944	28.5	368	227	15	5	360	4	347	1.54e-21	94.7
WP_056070191.1	iEK1008.Rv1288	29.6	240	148	7	42	264	192	427	8.43e-17	79.7
WP_056070214.1	iYO844.BSU26650	66.7	309	103	0	7	315	3	311	7.16e-145	410
WP_056070236.1	iJN1463.PP_2205	31.1	563	348	13	32	585	43	574	1.19e-70	242
WP_056070245.1	iSynCJ816.SGL_RS11925	44.1	733	387	12	5	729	7	724	2.61e-200	583
WP_056070275.1	iCN718.ABAYE_RS04960	26.7	345	189	11	36	374	52	338	9.25e-20	89.4
WP_056070275.1	iAF692.Mbar_A0862	23.7	325	189	10	50	373	54	320	1.33e-19	88.6
WP_056070275.1	iYS854.USA300HOU_RS05335	25.9	343	182	13	53	383	57	339	2.71e-19	87.8
WP_056070275.1	iHN637.CLJU_RS04220	24.5	330	186	12	53	377	54	325	6.87e-18	83.6
WP_056070275.1	iAF987.Gmet_1844	25.2	329	185	13	53	373	60	335	4.96e-17	81.3
WP_056070283.1	iAM_Pv461.PVX_117705	27.9	140	94	5	5	141	7	142	1.74e-07	49.3
WP_056070283.1	iAM_Pc455.PCYB_126000	27.9	140	94	5	5	141	7	142	2.05e-07	48.9
WP_056070283.1	iAM_Pb448.PBANKA_081760	26.9	145	87	5	8	133	10	154	4.48e-06	45.4
WP_056070326.1	iYO844.BSU40850	41.0	156	88	3	36	188	30	184	1.13e-30	110
WP_056070326.1	iNF517.LLMG_RS08595	34.2	155	101	1	33	186	4	158	4.15e-28	102
WP_056070361.1	iAF987.Gmet_2161	38.1	126	54	4	262	382	482	588	2.76e-11	64.7
WP_056070364.1	iAF987.Gmet_2161	33.1	163	80	4	212	365	446	588	7.88e-13	69.3
WP_056070366.1	iHN637.CLJU_RS06465	34.6	306	183	9	18	320	15	306	9.88e-51	171
WP_056070369.1	iSDY_1059.SDY_2703	51.8	519	239	4	2	509	7	525	5.33e-181	518
WP_056070369.1	iSF_1195.SF2553	51.8	519	239	4	2	509	7	525	1.52e-180	516
WP_056070369.1	iML1515.b2507	51.6	519	240	4	2	509	7	525	2.15e-180	516
WP_056070369.1	STM_v1_0.STM2510	51.6	519	240	4	2	509	7	525	8.68e-180	514
WP_056070369.1	iSbBS512_1146.SbBS512_E2882	51.4	519	241	4	2	509	7	525	1.74e-179	514
WP_056070369.1	iSSON_1240.SSON_2589	51.6	519	240	4	2	509	7	525	2.47e-179	513
WP_056070369.1	iAF987.Gmet_2292	51.6	514	237	5	5	509	10	520	4.80e-178	510
WP_056070369.1	iYL1228.KPN_02833	50.9	519	244	4	2	509	7	525	1.62e-177	509
WP_056070369.1	iIT341.HP0409	52.0	510	237	5	5	509	2	508	4.82e-175	502
WP_056070369.1	iPC815.YPO2870	51.4	521	238	8	2	509	7	525	2.80e-173	498
WP_056070369.1	iCN718.ABAYE_RS18570	50.6	514	248	4	2	509	9	522	4.10e-172	495
WP_056070369.1	iCN900.CD630_01980	51.4	516	239	8	1	509	1	511	2.83e-172	495
WP_056070369.1	iMM904.YMR217W	49.7	517	251	5	1	509	10	525	6.43e-172	494
WP_056070369.1	iLB1027_lipid.PHATRDRAFT_27735	51.3	519	238	8	5	509	21	538	4.58e-170	490
WP_056070369.1	iLJ478.TM1820	51.8	508	234	9	5	509	2	501	4.93e-168	484
WP_056070369.1	iHN637.CLJU_RS18300	48.6	508	255	4	5	509	6	510	1.08e-166	481
WP_056070369.1	iJN1463.PP_1032	49.6	520	247	5	3	509	8	525	1.79e-166	481
WP_056070369.1	iYO844.BSU06360	47.0	508	263	4	5	509	9	513	1.02e-162	471
WP_056070386.1	iHN637.CLJU_RS01075	58.8	534	219	1	3	536	2	534	4.59e-231	646
WP_056070386.1	iYS854.USA300HOU_RS11480	54.6	533	242	0	3	535	1	533	6.85e-219	615
WP_056070386.1	iYO844.BSU37150	54.8	535	241	1	3	537	1	534	1.25e-216	610
WP_056070386.1	iAF987.Gmet_1276	55.2	536	236	3	3	537	2	534	1.99e-211	597
WP_056070386.1	iSynCJ816.SGL_RS10805	52.8	534	251	1	3	536	1	533	4.97e-208	588
WP_056070386.1	STM_v1_0.STM2953	54.2	546	232	6	4	537	3	542	1.81e-206	584
WP_056070396.1	iSynCJ816.SGL_RS11255	29.8	191	103	10	3	182	300	470	1.60e-05	46.6
WP_056070396.1	iAF692.Mbar_A2320	46.5	71	27	4	5	73	37	98	1.17e-05	46.2
WP_056070396.1	iCN900.CD630_07940	28.0	161	85	6	2	145	25	171	2.64e-04	42.0
WP_056070399.1	iHN637.CLJU_RS04950	38.2	317	186	3	4	311	2	317	1.97e-60	201
WP_056070399.1	iLB1027_lipid.PHATRDRAFT_26813	37.6	327	187	5	2	311	38	364	3.69e-59	198
WP_056070399.1	iIT341.HP0822	38.0	313	183	4	3	308	2	310	3.87e-56	189
WP_056070399.1	iLB1027_lipid.PHATRDRAFT_48694	36.4	319	186	5	6	308	10	327	7.83e-56	189
WP_056070399.1	iCN900.CD630_11660	38.9	306	181	4	6	308	1	303	6.62e-56	188
WP_056070399.1	iNF517.LLMG_RS06750	35.4	314	191	3	6	308	3	315	2.46e-55	187
WP_056070403.1	iYO844.BSU27250	50.8	380	184	2	1	379	1	378	7.85e-137	395
WP_056070403.1	iNF517.LLMG_RS08915	54.3	368	166	1	11	378	13	378	9.33e-136	392
WP_056070403.1	iHN637.CLJU_RS11995	50.1	367	177	2	14	378	15	377	7.05e-133	385
WP_056070403.1	iIT341.HP0106	50.4	377	184	2	1	376	1	375	7.53e-130	377
WP_056070403.1	iYL1228.KPN_03410	49.7	362	179	3	18	377	19	379	2.10e-122	358
WP_056070403.1	iAF987.Gmet_0699	47.1	365	191	1	13	377	14	376	7.39e-122	357
WP_056070403.1	iYS854.USA300HOU_RS02320	45.9	366	195	2	14	378	15	378	1.12e-121	357
WP_056070411.1	iLJ478.TM0800	45.2	303	160	4	3	304	6	303	1.83e-80	246
WP_056070411.1	iCN900.CD630_11800	42.1	302	171	3	1	301	1	299	4.57e-77	237
WP_056070414.1	iLB1027_lipid.PHATRDRAFT_45443	45.6	215	109	3	1	207	49	263	9.01e-57	180
WP_056070414.1	iSbBS512_1146.SbBS512_E0119	46.6	191	98	3	2	190	3	191	1.22e-55	176
WP_056070414.1	iML1515.b0126	46.6	191	98	3	2	190	3	191	1.73e-55	175
WP_056070414.1	iSDY_1059.SDY_0035	46.6	191	98	3	2	190	3	191	1.73e-55	175
WP_056070414.1	iSF_1195.SF0123	46.6	191	98	3	2	190	3	191	1.73e-55	175
WP_056070414.1	iSSON_1240.SSON_0134	46.6	191	98	3	2	190	3	191	1.73e-55	175
WP_056070414.1	STM_v1_0.STM0171	44.7	190	103	2	2	190	3	191	1.97e-54	172
WP_056070414.1	iYL1228.KPN_00134	46.8	188	94	4	18	203	3	186	1.39e-53	170
WP_056070414.1	iPC815.YPO3407	45.1	193	102	3	2	192	3	193	2.25e-53	170
WP_056070425.1	iLJ478.TM0156	33.3	430	249	10	40	463	20	417	5.28e-60	202
WP_056070425.1	iAF692.Mbar_A1231	30.1	482	275	13	12	457	20	475	7.10e-56	195
WP_056070425.1	iYO844.BSU09410	30.5	423	262	9	42	456	50	448	2.19e-56	193
WP_056070430.1	iJN1463.PP_5227	33.9	401	247	8	9	399	21	413	1.02e-64	212
WP_056070430.1	iSbBS512_1146.SbBS512_E3024	32.4	411	253	7	1	393	12	415	1.75e-63	209
WP_056070430.1	iML1515.b2838	32.4	411	253	7	1	393	12	415	3.45e-63	208
WP_056070430.1	iSDY_1059.SDY_3055	32.1	411	254	7	1	393	12	415	4.85e-63	208
WP_056070430.1	iSSON_1240.SSON_2998	32.1	411	254	7	1	393	12	415	4.85e-63	208
WP_056070430.1	iSF_1195.SF2848	32.1	411	254	7	1	393	12	415	6.81e-63	207
WP_056070430.1	iPC815.YPO0796	31.6	412	255	9	1	393	12	415	2.32e-59	198
WP_056070430.1	iCN718.ABAYE_RS04825	34.0	400	241	10	6	392	17	406	1.14e-58	196
WP_056070430.1	iYL1228.KPN_03252	31.7	413	255	9	5	398	16	420	3.47e-58	195
WP_056070435.1	iAF987.Gmet_2261	50.9	397	184	3	1	397	1	386	1.93e-130	379
WP_056070435.1	iYS854.USA300HOU_RS06265	48.2	392	192	3	1	392	1	381	1.91e-128	374
WP_056070435.1	iYO844.BSU16090	49.2	392	188	3	1	392	1	381	2.45e-128	374
WP_056070435.1	iCN718.ABAYE_RS04450	51.0	396	184	4	1	396	1	386	5.45e-128	373
WP_056070435.1	iAF987.Gmet_2069	49.6	397	189	3	1	397	1	386	4.88e-126	368
WP_056070435.1	iYL1228.KPN_00734	47.0	398	196	4	1	396	1	385	2.60e-118	348
WP_056070435.1	STM_v1_0.STM0738	46.7	398	197	4	1	396	1	385	2.60e-118	348
WP_056070435.1	iPC815.YPO1115	46.7	398	197	4	1	396	1	385	4.20e-117	345
WP_056070435.1	iML1515.b0728	46.2	398	199	4	1	396	1	385	4.79e-116	343
WP_056070435.1	iSF_1195.SF0569	46.2	398	199	4	1	396	1	385	4.79e-116	343
WP_056070435.1	iSSON_1240.SSON_0679	46.2	398	199	4	1	396	1	385	4.79e-116	343
WP_056070450.1	iSDY_1059.SDY_2650	55.7	194	83	2	1	194	1	191	5.02e-74	221
WP_056070450.1	iML1515.b2467	55.7	194	83	2	1	194	1	191	7.12e-74	220
WP_056070450.1	iSbBS512_1146.SbBS512_E2835	55.7	194	83	2	1	194	1	191	1.01e-73	220
WP_056070450.1	iSSON_1240.SSON_2547	55.7	194	83	2	1	194	1	191	1.01e-73	220
WP_056070450.1	iSF_1195.SF2509	55.2	194	84	2	1	194	1	191	2.03e-73	219
WP_056070450.1	STM_v1_0.STM2477	53.4	189	86	1	6	194	5	191	3.34e-72	216
WP_056070450.1	iYL1228.KPN_02801	51.1	188	90	1	6	193	5	190	1.96e-70	212
WP_056070455.1	iJN1463.PP_4012	69.2	741	226	1	1	739	1	741	0.0	1020
WP_056070455.1	iAF987.Gmet_1359	67.3	730	237	1	6	733	5	734	0.0	976
WP_056070464.1	iAF987.Gmet_2999	32.4	71	48	0	51	121	52	122	9.50e-07	46.2
WP_056070464.1	iAF987.Gmet_0069	26.8	112	80	1	1	112	1	110	5.78e-06	43.9
WP_056070473.1	iAF987.Gmet_2161	37.8	111	64	2	204	310	482	591	1.14e-15	77.0
WP_056070482.1	iLJ478.TM1085	30.6	111	73	3	6	116	522	628	6.67e-10	54.7
WP_056070494.1	iAF987.Gmet_2349	31.6	519	338	6	67	577	62	571	1.61e-77	255
WP_056070494.1	iPC815.YPO1395	29.9	501	349	2	72	571	76	575	1.74e-73	245
WP_056070494.1	iML1515.b0914	29.5	511	352	4	72	578	76	582	3.50e-72	241
WP_056070494.1	iSbBS512_1146.SbBS512_E2410	29.5	511	352	4	72	578	76	582	3.50e-72	241
WP_056070494.1	iSDY_1059.SDY_2344	29.5	511	352	4	72	578	76	582	3.50e-72	241
WP_056070494.1	iYL1228.KPN_00941	27.2	559	404	3	21	578	26	582	6.82e-72	241
WP_056070494.1	iSF_1195.SF0910	29.4	511	353	4	72	578	76	582	9.52e-72	240
WP_056070494.1	iSSON_1240.SSON_0916	29.4	511	353	4	72	578	76	582	1.33e-71	240
WP_056070494.1	STM_v1_0.STM0984	28.7	508	360	2	72	578	76	582	1.37e-70	237
WP_056070494.1	iJN1463.PP_4935	29.5	505	352	3	75	578	94	595	4.07e-70	236
WP_056070497.1	iYO844.BSU24080	57.6	335	141	1	25	359	11	344	1.34e-132	383
WP_056070519.1	iPC815.YPO1415	49.3	337	160	4	1	331	1	332	4.12e-97	290
WP_056070519.1	iML1515.b0945	49.7	340	154	6	1	331	1	332	1.22e-93	281
WP_056070519.1	iSbBS512_1146.SbBS512_E2372	49.7	340	154	6	1	331	1	332	1.22e-93	281
WP_056070519.1	iSSON_1240.SSON_0949	49.7	340	154	6	1	331	1	332	1.22e-93	281
WP_056070519.1	iCN718.ABAYE_RS06810	49.3	339	152	7	1	330	1	328	1.62e-93	281
WP_056070519.1	iSDY_1059.SDY_0918	49.4	340	155	6	1	331	1	332	2.45e-93	281
WP_056070519.1	iSF_1195.SF0946	49.4	340	155	6	1	331	1	332	3.47e-93	280
WP_056070519.1	STM_v1_0.STM1058	47.5	339	163	5	1	331	1	332	5.59e-92	277
WP_056070519.1	iYL1228.KPN_00974	49.0	343	152	7	1	331	1	332	6.36e-91	275
WP_056070519.1	iYS854.USA300HOU_RS14040	43.5	336	187	3	1	335	1	334	9.22e-87	265
WP_056070520.1	iMM1415.208982	32.3	257	166	5	2	255	46	297	4.51e-34	126
WP_056070520.1	iCHOv1.100763147	31.9	257	167	5	2	255	46	297	8.78e-34	125
WP_056070520.1	iCN900.CD630_07970	30.5	256	173	4	1	255	1	252	1.35e-33	124
WP_056070520.1	iMM1415.15356	32.6	258	164	6	2	255	31	282	1.74e-32	121
WP_056070520.1	iYO844.BSU18230	31.3	246	166	3	10	255	14	256	1.50e-31	118
WP_056070520.1	iAF987.Gmet_3293	31.7	259	163	7	3	255	6	256	1.83e-31	118
WP_056070520.1	iJN1463.PP_3540	32.3	257	166	5	2	255	5	256	7.95e-31	116
WP_056070520.1	iCN718.ABAYE_RS11835	30.8	250	163	5	10	256	15	257	5.41e-30	114
WP_056070523.1	iAF987.Gmet_0043	23.5	260	187	5	375	626	12	267	1.43e-11	67.0
WP_056070526.1	iYO844.BSU00090	57.6	486	201	2	6	489	4	486	5.56e-194	548
WP_056070526.1	iNF517.LLMG_RS01210	56.6	491	211	1	1	489	1	491	8.79e-192	543
WP_056070526.1	iLJ478.TM1347	55.9	479	207	2	11	488	3	478	4.27e-187	531
WP_056070526.1	iAF987.Gmet_2293	56.9	483	206	2	7	488	4	485	1.66e-186	530
WP_056070526.1	iHN637.CLJU_RS18305	55.9	483	209	2	7	489	3	481	2.62e-186	529
WP_056070526.1	iJN1463.PP_1031	56.3	485	208	3	7	488	3	486	1.79e-185	527
WP_056070526.1	iYS854.USA300HOU_RS02065	56.6	486	207	3	6	489	4	487	1.31e-182	520
WP_056070526.1	iIT341.HP0829	54.6	482	215	3	7	488	2	479	3.38e-176	503
WP_056070526.1	iCN718.ABAYE_RS01355	55.4	484	211	4	8	488	4	485	8.65e-176	502
WP_056070529.1	iML1515.b0047	42.4	587	313	8	1	582	1	567	2.50e-134	406
WP_056070529.1	iSF_1195.SF0044	42.6	587	312	8	1	582	1	567	3.53e-134	405
WP_056070529.1	iSbBS512_1146.SbBS512_E0041	42.4	587	313	8	1	582	1	567	4.98e-134	405
WP_056070529.1	iSSON_1240.SSON_0055	42.4	587	313	8	1	582	1	567	4.98e-134	405
WP_056070529.1	STM_v1_0.STM0086	41.8	582	318	7	1	579	1	564	1.56e-132	401
WP_056070529.1	iML1515.b3350	40.9	567	319	5	1	566	1	552	5.49e-131	397
WP_056070529.1	iSSON_1240.SSON_3481	40.9	567	319	5	1	566	1	552	7.75e-131	396
WP_056070529.1	iSbBS512_1146.SbBS512_E3725	40.9	567	319	5	1	566	1	552	1.54e-130	395
WP_056070529.1	iYL1228.KPN_00044	42.2	569	308	7	1	566	1	551	1.22e-128	391
WP_056070529.1	iYL1228.KPN_03736	40.1	564	323	4	3	566	4	552	5.93e-127	386
WP_056070529.1	STM_v1_0.STM3457	40.5	568	320	7	1	566	1	552	2.60e-125	382
WP_056070532.1	iML1515.b0046	42.6	169	95	1	6	174	2	168	4.62e-43	142
WP_056070534.1	iIS312.TCDM_07701	56.7	448	187	6	5	447	11	456	1.08e-171	489
WP_056070534.1	iJN1463.PP_4016	52.6	449	204	4	4	447	3	447	1.89e-153	442
WP_056070537.1	STM_v1_0.STM1221	49.0	206	96	5	4	201	42	246	1.14e-57	183
WP_056070560.1	iYS854.USA300HOU_RS05760	45.0	180	97	2	3	181	4	182	3.03e-45	147
WP_056070579.1	iAF987.Gmet_0069	34.1	123	77	3	1	119	1	123	3.90e-13	67.0
WP_056070579.1	iAF987.Gmet_2999	30.7	140	93	3	4	139	9	148	4.87e-13	67.0
WP_056070579.1	iAF987.Gmet_1706	35.7	112	68	3	5	114	3	112	4.13e-13	67.0
WP_056070579.1	iAF987.Gmet_1919	30.2	116	81	0	5	120	5	120	2.92e-12	64.7
WP_056070589.1	iMM904.YPL110C	32.0	97	59	3	122	217	536	626	8.67e-04	39.7
WP_056070614.1	iYS854.USA300HOU_RS02890	35.0	406	246	9	1	402	1	392	6.90e-71	228
WP_056070614.1	iAF987.Gmet_0842	34.3	370	233	5	31	398	23	384	3.37e-62	205
WP_056070642.1	iCN900.CD630_31950	33.5	942	456	20	14	924	4	806	1.76e-138	432
WP_056070651.1	iYL1228.KPN_02814	51.7	149	72	0	1	149	1	149	4.67e-53	164
WP_056070651.1	iML1515.b2480	51.0	149	73	0	1	149	1	149	6.62e-53	164
WP_056070651.1	iSbBS512_1146.SbBS512_E2852	51.0	149	73	0	1	149	1	149	6.62e-53	164
WP_056070651.1	iSDY_1059.SDY_2669	51.0	149	73	0	1	149	1	149	6.62e-53	164
WP_056070651.1	iSF_1195.SF2523	51.0	149	73	0	1	149	1	149	6.62e-53	164
WP_056070651.1	iSSON_1240.SSON_2561	51.0	149	73	0	1	149	1	149	6.62e-53	164
WP_056070651.1	iPC815.YPO3064	48.3	149	77	0	1	149	2	150	9.14e-51	159
WP_056070670.1	iAF987.Gmet_1770	38.4	411	243	5	3	405	1	409	3.00e-98	299
WP_056070676.1	iNF517.LLMG_RS12210	32.0	331	208	12	26	350	5	324	2.17e-44	155
WP_056070676.1	iYS854.USA300HOU_RS10440	30.9	349	225	12	25	366	3	342	2.22e-44	155
WP_056070687.1	iCN900.CD630_19470	43.9	221	117	2	2	218	10	227	7.78e-61	189
WP_056070690.1	iYO844.BSU21690	54.1	148	68	0	42	189	6	153	7.25e-49	157
WP_056070690.1	iCN900.CD630_21660	52.7	150	71	0	39	188	2	151	4.13e-46	154
WP_056070690.1	iYS854.USA300HOU_RS07280	51.4	148	72	0	42	189	4	151	2.34e-47	153
WP_056070690.1	iAF987.Gmet_0222	48.4	157	77	1	42	198	157	309	5.81e-44	149
WP_056070690.1	iYS854.USA300HOU_RS06930	48.0	152	79	0	41	192	3	154	1.19e-45	149
WP_056070690.1	iAF987.Gmet_0268	49.0	145	74	0	41	185	7	151	1.93e-45	148
WP_056070703.1	iHN637.CLJU_RS00470	43.3	323	160	9	1	319	2	305	6.35e-76	234
WP_056070703.1	iCN900.CD630_09950	45.2	314	148	9	3	311	4	298	7.54e-73	227
WP_056070708.1	iYO844.BSU10020	48.0	354	181	3	5	356	6	358	1.11e-117	344
WP_056070711.1	iJN1463.PP_1625	60.9	23	9	0	3	25	34	56	2.50e-04	37.4
WP_056070711.1	iAF987.Gmet_1033	48.3	29	15	0	1	29	1	29	2.64e-04	36.2
WP_056070715.1	iAF692.Mbar_A1452	39.0	41	25	0	1	41	6	46	4.20e-04	42.0
WP_056070719.1	iML1515.b3713	27.5	120	85	2	1	119	5	123	2.29e-06	45.4
WP_056070733.1	iJN1463.PP_2943	33.4	293	166	6	300	589	59	325	7.08e-36	137
WP_056070754.1	iYS854.USA300HOU_RS01010	53.3	240	112	0	15	254	15	254	6.35e-82	248
WP_056070754.1	iCN900.CD630_30460	51.8	245	118	0	16	260	21	265	1.14e-78	239
WP_056070754.1	iML1515.b2428	53.3	240	112	0	16	255	18	257	4.33e-77	235
WP_056070754.1	iSbBS512_1146.SbBS512_E2800	52.9	240	113	0	16	255	18	257	1.23e-76	234
WP_056070754.1	iSDY_1059.SDY_2624	53.3	240	112	0	16	255	18	257	1.74e-76	234
WP_056070754.1	iSSON_1240.SSON_2517	52.5	240	114	0	16	255	18	257	4.94e-76	233
WP_056070754.1	iSF_1195.SF2481	52.1	240	115	0	16	255	18	257	3.97e-75	230
WP_056070776.1	iML1515.b1430	40.3	67	35	2	48	109	33	99	4.14e-06	45.8
WP_056070776.1	iCHOv1.100769585	26.6	124	74	2	48	154	60	183	1.68e-05	44.7
WP_056070808.1	iCHOv1.100771896	61.5	397	149	3	16	412	47	439	1.10e-176	499
WP_056070808.1	iMM1415.18242	61.2	397	150	3	16	412	47	439	1.10e-176	499
WP_056070808.1	iAM_Pf480.PF3D7_0608800	55.2	411	181	2	3	413	4	411	3.59e-169	479
WP_056070808.1	iLB1027_lipid.PHATRDRAFT_27726	56.6	410	173	2	9	413	38	447	9.51e-168	477
WP_056070808.1	iAM_Pv461.PVX_113600	55.0	411	182	2	3	413	4	411	5.53e-166	471
WP_056070808.1	iAM_Pb448.PBANKA_010740	54.4	412	185	2	3	414	4	412	3.71e-159	454
WP_056070829.1	STM_v1_0.STM0585	31.5	127	62	4	114	220	54	175	5.18e-05	47.0
WP_056070829.1	iML1515.b0584	30.7	127	63	4	114	220	50	171	8.91e-05	46.2
WP_056070829.1	iSbBS512_1146.SbBS512_E0485	30.7	127	63	4	114	220	50	171	8.91e-05	46.2
WP_056070829.1	iSDY_1059.SDY_0512	30.7	127	63	4	114	220	50	171	8.91e-05	46.2
WP_056070829.1	iSF_1195.SF0496	30.7	127	63	4	114	220	50	171	8.91e-05	46.2
WP_056070829.1	iSSON_1240.SSON_0534	30.7	127	63	4	114	220	50	171	8.91e-05	46.2
WP_056070843.1	iML1515.b2132	47.1	737	358	6	34	746	37	765	1.24e-224	647
WP_056070843.1	iSbBS512_1146.SbBS512_E0841	47.1	737	358	6	34	746	37	765	1.76e-224	647
WP_056070843.1	iSDY_1059.SDY_2156	47.1	737	358	6	34	746	37	765	1.76e-224	647
WP_056070843.1	iSSON_1240.SSON_2189	46.8	737	360	6	34	746	37	765	2.83e-223	644
WP_056070843.1	iSF_1195.SF2217	46.8	737	360	6	34	746	37	765	8.04e-223	642
WP_056070843.1	iJN1463.PP_1403	46.2	747	364	10	28	746	27	763	5.03e-218	630
WP_056070843.1	iYL1228.KPN_02568	45.6	737	369	6	34	746	37	765	8.63e-217	627
WP_056070850.1	iIT341.HP1174	24.5	605	248	12	4	599	2	406	3.17e-32	128
WP_056070856.1	iYS854.USA300HOU_RS08635	39.2	375	221	5	3	374	2	372	6.52e-86	265
WP_056070856.1	iCN900.CD630_12790	36.4	376	233	4	2	374	4	376	7.62e-83	257
WP_056070856.1	iCN900.CD630_07530	40.5	378	209	10	3	374	2	369	2.48e-77	243
WP_056070856.1	iAF987.Gmet_0992	38.1	378	226	6	1	374	1	374	4.40e-77	242
WP_056070867.1	iCN718.ABAYE_RS09970	43.2	463	261	2	2	462	5	467	1.68e-137	403
WP_056070867.1	iYO844.BSU24060	45.6	471	244	4	2	461	4	473	3.23e-131	387
WP_056070867.1	iHN637.CLJU_RS18515	44.0	459	251	4	5	461	3	457	6.07e-128	378
WP_056070867.1	iEK1008.Rv0462	43.5	462	256	5	3	461	4	463	8.89e-126	373
WP_056070867.1	iCN900.CD630_07230	42.1	458	260	3	5	461	3	456	3.34e-122	363
WP_056070872.1	iPC815.YPO1395	35.2	580	364	7	4	578	8	580	1.70e-108	337
WP_056070872.1	iAF987.Gmet_2349	34.1	575	368	6	9	579	4	571	9.74e-108	334
WP_056070872.1	iYL1228.KPN_00941	34.5	580	368	7	4	578	8	580	1.87e-107	334
WP_056070872.1	iSF_1195.SF0910	34.0	585	364	8	4	578	8	580	1.59e-105	329
WP_056070872.1	STM_v1_0.STM0984	34.2	585	363	8	4	578	8	580	2.24e-105	328
WP_056070872.1	iSSON_1240.SSON_0916	34.0	585	364	8	4	578	8	580	2.24e-105	328
WP_056070872.1	iML1515.b0914	33.8	585	365	8	4	578	8	580	8.79e-105	327
WP_056070872.1	iSbBS512_1146.SbBS512_E2410	33.8	585	365	8	4	578	8	580	8.79e-105	327
WP_056070872.1	iSDY_1059.SDY_2344	33.8	585	365	8	4	578	8	580	8.79e-105	327
WP_056070872.1	iJN1463.PP_4935	32.8	589	367	11	4	574	12	589	8.07e-96	304
WP_056070875.1	iCN900.CD630_01030	39.8	241	138	3	5	241	6	243	4.78e-50	164
WP_056070875.1	iYS854.USA300HOU_RS12020	36.2	246	145	4	1	239	1	241	5.12e-46	154
WP_056070892.1	iCN900.CD630_02510	28.4	250	161	6	362	602	151	391	8.04e-13	70.5
WP_056070895.1	iLB1027_lipid.PHATRDRAFT_9984	28.0	118	80	3	45	159	52	167	5.57e-05	43.1
WP_056070901.1	iAM_Pf480.PF3D7_1020400	30.7	88	55	2	169	256	183	264	9.23e-05	44.3
WP_056070908.1	iJN1463.PP_0860	24.9	394	264	9	11	389	2	378	2.25e-27	114
WP_056070911.1	iJN1463.PP_0860	28.6	374	251	8	4	363	2	373	5.43e-37	141
WP_056070914.1	iJN1463.PP_4217	22.3	728	483	24	112	806	135	812	2.86e-30	127
WP_056070914.1	iJN1463.PP_0160	22.5	732	473	21	113	806	153	828	9.60e-27	116
WP_056070939.1	iYO844.BSU02390	44.0	339	184	3	23	355	18	356	3.51e-94	284
WP_056070939.1	iYO844.BSU38550	41.3	349	200	3	12	355	8	356	1.24e-93	283
WP_056070939.1	iYS854.USA300HOU_RS02910	42.4	335	186	4	27	355	22	355	1.01e-85	263
WP_056070939.1	iAF987.Gmet_2853	41.4	338	193	3	23	355	19	356	1.25e-83	257
WP_056070953.1	iYS854.USA300HOU_RS11550	29.6	142	100	0	14	155	5	146	9.24e-22	85.1
WP_056070959.1	STM_v1_0.STM0171	51.0	200	97	1	3	202	7	205	8.54e-80	237
WP_056070959.1	iML1515.b0126	50.7	201	98	1	3	203	7	206	3.46e-79	235
WP_056070959.1	iSbBS512_1146.SbBS512_E0119	50.7	201	98	1	3	203	7	206	3.46e-79	235
WP_056070959.1	iSDY_1059.SDY_0035	50.7	201	98	1	3	203	7	206	3.46e-79	235
WP_056070959.1	iSF_1195.SF0123	50.7	201	98	1	3	203	7	206	3.46e-79	235
WP_056070959.1	iSSON_1240.SSON_0134	50.7	201	98	1	3	203	7	206	3.46e-79	235
WP_056070959.1	iYL1228.KPN_00134	52.4	189	89	1	15	203	3	190	3.88e-77	229
WP_056070959.1	iPC815.YPO3407	49.0	202	102	1	2	203	6	206	8.73e-75	224
WP_056070965.1	iCN900.CD630_28680	32.5	397	262	5	6	399	8	401	1.18e-71	229
WP_056070971.1	iYO844.BSU32820	42.2	592	336	5	8	599	7	592	2.21e-158	466
WP_056070977.1	iYO844.BSU32830	54.3	392	177	2	1	392	1	390	5.66e-135	391
WP_056070977.1	iYS854.USA300HOU_RS01190	50.9	393	189	4	1	391	1	391	8.66e-125	365
WP_056070980.1	iYO844.BSU32840	49.1	797	397	6	1	796	1	789	2.20e-260	741
WP_056070986.1	iYO844.BSU33420	36.3	377	225	6	38	404	39	410	5.02e-60	209
WP_056070986.1	iEK1008.Rv2287	32.3	412	262	10	10	414	21	422	1.00e-55	195
WP_056071021.1	iEK1008.Rv2187	33.0	575	372	8	21	589	30	597	1.09e-94	301
WP_056071022.1	iCN718.ABAYE_RS07685	66.3	493	163	1	9	501	14	503	4.26e-248	687
WP_056071022.1	iJN1463.PP_0545	64.2	492	176	0	10	501	15	506	6.50e-234	651
WP_056071022.1	iEK1008.Rv0458	62.2	492	186	0	10	501	16	507	1.21e-229	640
WP_056071022.1	iJN1463.PP_2680	63.4	492	180	0	10	501	15	506	6.33e-227	633
WP_056071022.1	STM_v1_0.STM3680	61.3	493	191	0	9	501	20	512	1.58e-226	632
WP_056071022.1	iSbBS512_1146.SbBS512_E4003	61.1	493	192	0	9	501	20	512	2.24e-226	632
WP_056071022.1	iSF_1195.SF3626	61.1	493	192	0	9	501	50	542	6.52e-226	632
WP_056071022.1	iML1515.b3588	60.9	493	193	0	9	501	20	512	2.59e-225	629
WP_056071026.1	iYO844.BSU06240	46.3	350	183	2	4	352	1	346	1.47e-103	308
WP_056071040.1	iLB1027_lipid.PHATRDRAFT_17772	36.2	1314	711	31	6	1229	31	1307	2.91e-228	692
WP_056071040.1	iMM1415.237823	36.3	1307	710	27	23	1233	54	1333	1.67e-226	688
WP_056071040.1	iCHOv1.100760956	35.6	1308	716	27	24	1233	55	1334	1.58e-218	667
WP_056071040.1	iAT_PLT_636.5198	35.6	1304	722	27	22	1231	53	1332	6.14e-218	666
WP_056071040.1	iML1515.b2557	35.4	1250	710	31	49	1232	77	1294	4.88e-215	657
WP_056071040.1	iYL1228.KPN_02882	35.2	1246	717	30	49	1232	77	1294	9.62e-215	656
WP_056071040.1	iSDY_1059.SDY_2747	35.4	1250	709	31	49	1232	77	1294	9.62e-215	656
WP_056071040.1	iSSON_1240.SSON_2640	35.4	1250	710	31	49	1232	77	1294	1.90e-214	655
WP_056071040.1	iSbBS512_1146.SbBS512_E2922	35.3	1250	711	31	49	1232	77	1294	5.24e-214	654
WP_056071040.1	iSF_1195.SF2604	35.1	1250	713	31	49	1232	77	1294	4.31e-212	649
WP_056071040.1	STM_v1_0.STM2565	35.3	1250	711	31	49	1232	77	1294	2.52e-210	645
WP_056071040.1	iCN718.ABAYE_RS05065	35.5	1243	702	30	49	1232	75	1276	3.82e-207	636
WP_056071040.1	iPC815.YPO2921	35.0	1254	711	32	49	1232	76	1295	6.67e-206	633
WP_056071040.1	iJN1463.PP_1037	34.7	1287	733	30	20	1232	45	1298	3.17e-203	626
WP_056071051.1	iML1515.b1686	42.3	137	78	1	1	137	1	136	9.70e-29	102
WP_056071051.1	iML1515.b0597	38.0	137	84	1	1	137	1	136	5.85e-25	92.4
WP_056071054.1	iCN718.ABAYE_RS05960	32.8	271	164	5	94	352	120	384	1.73e-32	124
WP_056071054.1	iSSON_1240.SSON_0544	27.7	292	194	4	72	352	104	389	1.52e-28	114
WP_056071054.1	iML1515.b0593	28.2	280	184	4	84	352	116	389	3.97e-28	112
WP_056071054.1	iSbBS512_1146.SbBS512_E0495	28.2	280	184	4	84	352	116	389	3.97e-28	112
WP_056071054.1	iSDY_1059.SDY_0524	28.2	280	184	4	84	352	116	389	3.97e-28	112
WP_056071071.1	iML1515.b1448	28.7	87	59	2	55	138	50	136	3.35e-08	50.1
WP_056071115.1	iAF987.Gmet_0043	26.1	253	171	5	423	663	18	266	3.21e-13	72.4
WP_056071119.1	iAF987.Gmet_1189	29.3	290	184	6	24	300	75	356	1.39e-37	136
WP_056071119.1	iLJ478.TM0561	27.9	305	202	7	8	300	53	351	1.75e-37	135
WP_056071119.1	iAF692.Mbar_A2983	26.3	297	202	7	14	299	63	353	7.54e-35	129
WP_056071125.1	iYS854.USA300HOU_RS05260	29.3	249	164	8	19	262	70	311	3.32e-19	87.4
WP_056071141.1	iSynCJ816.SGL_RS05875	29.5	88	55	2	11	92	26	112	1.60e-07	45.4
WP_056071146.1	iJN1463.PP_4650	29.7	209	135	6	10	217	14	211	1.45e-17	82.0
WP_056071146.1	iSynCJ816.SGL_RS05015	28.6	241	158	6	13	251	23	251	3.66e-17	80.9
WP_056071149.1	iYS854.USA300HOU_RS05410	37.0	433	265	5	1	426	1	432	4.40e-98	300
WP_056071152.1	iCN900.CD630_30320	26.8	385	247	11	79	457	67	422	4.23e-31	124
WP_056071152.1	iSynCJ816.SGL_RS15265	26.9	368	239	11	37	398	29	372	2.30e-27	113
WP_056071155.1	iCN718.ABAYE_RS04940	22.2	248	180	6	44	286	38	277	6.84e-11	61.6
WP_056071155.1	iYL1228.KPN_01167	24.2	285	195	10	13	288	24	296	3.01e-09	56.6
WP_056071155.1	STM_v1_0.STM2401	22.8	281	203	7	13	288	26	297	4.09e-09	56.2
WP_056071169.1	iCN718.ABAYE_RS09945	29.4	214	126	5	19	231	21	210	8.82e-20	87.8
WP_056071169.1	iSynCJ816.SGL_RS08475	30.7	218	123	8	24	240	26	216	3.10e-19	86.3
WP_056071176.1	iAF987.Gmet_2999	28.6	119	74	5	5	123	10	117	1.27e-05	42.7
WP_056071179.1	iAF987.Gmet_0987	31.4	118	79	2	308	425	242	357	1.42e-04	45.4
WP_056071200.1	iAF987.Gmet_1919	26.7	135	91	3	10	140	6	136	2.02e-07	50.1
WP_056071206.1	iAF692.Mbar_A2744	44.5	425	227	6	1	422	30	448	5.74e-128	377
WP_056071241.1	iJN1463.PP_2239	44.2	274	150	2	10	281	14	286	8.84e-71	219
WP_056071241.1	STM_v1_0.STM0832	47.4	274	141	2	10	281	13	285	4.01e-69	215
WP_056071241.1	iML1515.b0813	45.3	274	147	2	10	281	13	285	8.19e-66	207
WP_056071241.1	iSbBS512_1146.SbBS512_E2535	45.3	274	147	2	10	281	13	285	8.19e-66	207
WP_056071241.1	iSSON_1240.SSON_0793	45.3	274	147	2	10	281	13	285	8.19e-66	207
WP_056071241.1	iYL1228.KPN_00842	44.9	274	148	2	10	281	13	285	1.64e-65	206
WP_056071241.1	iSF_1195.SF0764	44.5	274	149	2	10	281	13	285	2.61e-64	203
WP_056071250.1	iJN1463.PP_3425	22.8	346	246	6	11	335	16	361	4.09e-20	90.5
WP_056071250.1	iJN1463.PP_1386	23.3	305	223	4	42	335	48	352	4.27e-18	84.3
WP_056071252.1	iJN1463.PP_3426	38.9	1054	625	8	2	1042	3	1050	1.08e-238	705
WP_056071252.1	iML1515.b2470	38.6	1042	614	10	1	1031	1	1027	9.54e-224	665
WP_056071252.1	iSSON_1240.SSON_2550	38.6	1042	614	10	1	1031	1	1027	2.67e-223	664
WP_056071252.1	iSDY_1059.SDY_2654	38.5	1042	615	10	1	1031	1	1027	3.77e-223	664
WP_056071252.1	iSF_1195.SF2512	38.5	1042	615	10	1	1031	1	1027	1.06e-222	663
WP_056071252.1	iML1515.b0462	38.0	1040	623	11	3	1031	3	1031	8.90e-218	650
WP_056071252.1	iML1515.b3266	38.2	1044	618	11	1	1031	1	1030	1.95e-215	644
WP_056071252.1	STM_v1_0.STM3391	38.2	1047	624	12	1	1036	1	1035	2.13e-215	644
WP_056071252.1	iYL1228.KPN_03673	37.7	1039	631	10	5	1036	5	1034	5.79e-215	643
WP_056071252.1	iJN1463.PP_1385	37.1	1033	628	10	5	1028	5	1024	9.63e-214	640
WP_056071255.1	iJN1463.PP_4211	26.1	464	331	4	15	477	12	464	2.11e-41	153
WP_056071255.1	iSSON_1240.SSON_0523	24.1	468	331	5	15	477	11	459	4.48e-40	149
WP_056071255.1	iSF_1195.SF0473	24.3	469	329	6	15	477	11	459	8.53e-40	149
WP_056071255.1	iYL1228.KPN_04739	24.9	470	326	6	14	476	46	495	2.85e-39	148
WP_056071255.1	iML1515.b0572	24.4	467	327	6	15	475	11	457	1.46e-38	145
WP_056071277.1	iCHOv1.100682535	27.5	291	208	2	261	548	319	609	3.35e-27	116
WP_056071277.1	iMM1415.18670	27.1	291	209	2	261	548	316	606	1.40e-26	114
WP_056071277.1	iAF987.Gmet_2634	32.3	192	128	2	320	510	326	516	4.27e-26	112
WP_056071277.1	iSDY_1059.SDY_1025	25.8	306	205	6	257	549	265	561	2.36e-25	110
WP_056071277.1	iYL1228.KPN_00918	26.3	247	180	1	302	548	307	551	3.30e-24	106
WP_056071277.1	iSbBS512_1146.SbBS512_E2443	26.9	238	167	2	316	548	316	551	3.30e-24	106
WP_056071277.1	iSSON_1240.SSON_0887	26.9	238	167	2	316	548	316	551	5.88e-24	105
WP_056071277.1	iNF517.LLMG_RS09325	31.8	198	132	2	351	547	348	543	8.14e-24	105
WP_056071286.1	iSynCJ816.SGL_RS09825	38.7	75	42	1	1	75	1	71	5.84e-05	44.7
WP_056071294.1	iSynCJ816.SGL_RS06280	35.4	144	80	5	181	324	1	131	3.75e-14	68.2
WP_056071295.1	iAF987.Gmet_2395	53.1	245	115	0	1	245	7	251	3.74e-90	266
WP_056071298.1	iAF987.Gmet_2396	60.3	638	252	1	1	638	1	637	2.85e-286	795
WP_056071301.1	iAF987.Gmet_2397	29.4	214	136	6	3	210	6	210	6.73e-17	75.9
WP_056071309.1	iIT341.HP0687	28.7	181	117	3	222	391	4	183	7.15e-09	57.8
WP_056071315.1	iYL1228.KPN_04772	53.8	452	208	1	1	451	1	452	2.38e-161	463
WP_056071315.1	iJN1463.PP_2488	49.1	456	229	2	1	453	1	456	1.10e-148	431
WP_056071340.1	iMM904.YAR015W	36.3	300	158	8	18	294	15	304	6.96e-52	172
WP_056071340.1	iEK1008.Rv0780	38.7	284	152	8	18	289	11	284	3.64e-49	165
WP_056071340.1	iAF987.Gmet_0916	34.2	295	168	7	12	291	10	293	1.96e-48	163
WP_056071355.1	iJN1463.PP_1408	26.1	253	154	10	9	237	8	251	8.89e-09	54.7
WP_056071355.1	iSynCJ816.SGL_RS04775	34.3	102	64	2	28	129	25	123	3.74e-08	52.8
WP_056071358.1	iJN1463.PP_4490	26.8	265	147	3	29	291	18	237	4.73e-27	110
WP_056071393.1	iCHOv1.100751940	44.5	173	90	2	2	172	51	219	5.46e-35	122
WP_056071393.1	STM_v1_0.STM2050	40.1	172	96	2	1	172	1	165	3.59e-33	120
WP_056071393.1	iCN718.ABAYE_RS03570	40.6	192	92	4	2	185	7	184	1.89e-34	120
WP_056071404.1	iYO844.BSU02750	34.6	208	129	3	16	216	17	224	1.59e-37	133
WP_056071404.1	iCN900.CD630_07520	35.2	219	132	3	4	212	1	219	8.01e-36	128
WP_056071404.1	STM_v1_0.STM0247	34.6	231	136	4	4	219	1	231	3.21e-32	121
WP_056071404.1	iYL1228.KPN_00213	34.2	231	137	4	4	219	1	231	8.66e-32	120
WP_056071404.1	iML1515.b0199	34.2	231	137	4	4	219	1	231	1.21e-31	120
WP_056071404.1	iSbBS512_1146.SbBS512_E0193	34.6	231	136	4	4	219	1	231	1.21e-31	120
WP_056071404.1	iSSON_1240.SSON_0213	34.6	231	136	4	4	219	1	231	1.21e-31	120
WP_056071408.1	STM_v1_0.STM0235	60.2	128	51	0	1	128	1	128	1.54e-54	166
WP_056071424.1	iAF692.Mbar_A2221	28.5	383	225	15	19	368	38	404	1.67e-24	105
WP_056071518.1	iYO844.BSU39780	31.1	328	195	9	1	315	1	310	3.03e-38	137
WP_056071518.1	iCN718.ABAYE_RS12975	28.2	340	207	5	1	308	1	335	7.28e-37	134
WP_056071518.1	iYO844.BSU09530	31.7	306	181	9	1	294	1	290	1.02e-35	131
WP_056071522.1	iSynCJ816.SGL_RS17040	25.9	370	243	11	158	506	139	498	4.11e-30	126
WP_056071523.1	iAF987.Gmet_3528	45.4	421	222	5	1	418	1	416	3.86e-109	327
WP_056071523.1	iLJ478.TM1379	44.2	425	233	4	1	422	1	424	3.29e-108	325
WP_056071523.1	iAF692.Mbar_A0541	43.0	419	231	6	1	418	28	439	7.23e-105	317
WP_056071523.1	iCN900.CD630_00140	43.4	426	235	5	1	423	1	423	1.78e-104	315
WP_056071523.1	iPC815.YPO1379	44.9	428	222	7	1	418	1	424	3.13e-104	315
WP_056071523.1	iNF517.LLMG_RS03735	43.5	421	231	6	1	418	1	417	2.27e-102	310
WP_056071523.1	STM_v1_0.STM0963	44.2	434	227	8	1	423	1	430	6.33e-101	306
WP_056071523.1	iHN637.CLJU_RS00085	48.7	316	157	4	107	418	106	420	4.46e-100	304
WP_056071523.1	iCN718.ABAYE_RS04335	43.5	425	225	6	1	418	1	417	5.76e-100	304
WP_056071523.1	iYL1228.KPN_00925	43.9	426	225	7	1	416	1	422	2.01e-99	303
WP_056071523.1	iSbBS512_1146.SbBS512_E2435	43.3	434	231	7	1	423	1	430	5.67e-99	301
WP_056071523.1	iSF_1195.SF0852	43.3	434	231	7	1	423	1	430	8.01e-99	301
WP_056071523.1	iSSON_1240.SSON_0894	43.3	434	231	7	1	423	1	430	8.01e-99	301
WP_056071523.1	iYS854.USA300HOU_RS00045	42.8	421	235	5	1	418	1	418	1.50e-98	300
WP_056071523.1	iSDY_1059.SDY_2368	43.3	434	231	7	1	423	1	430	3.19e-98	300
WP_056071533.1	iAM_Pb448.PBANKA_146280	34.6	243	147	6	15	251	207	443	3.95e-34	127
WP_056071533.1	iAM_Pf480.PF3D7_1249900	33.3	261	159	7	2	251	356	612	3.19e-32	124
WP_056071536.1	iYS854.USA300HOU_RS05000	37.3	330	205	2	116	444	125	453	2.54e-63	211
WP_056071536.1	iYO844.BSU13300	34.3	329	214	2	117	444	117	444	1.41e-57	196
WP_056071548.1	iAF987.Gmet_2727	32.5	114	71	2	195	308	291	398	1.62e-08	55.1
WP_056071551.1	iCN718.ABAYE_RS12975	51.6	349	165	2	1	345	1	349	7.86e-120	349
WP_056071565.1	iAF987.Gmet_3403	39.7	189	108	2	432	620	55	237	2.38e-33	130
WP_056071592.1	iEK1008.Rv3601c	55.3	103	46	0	5	107	5	107	8.94e-36	119
WP_056071592.1	iYO844.BSU22410	53.7	108	50	0	5	112	5	112	1.19e-33	113
WP_056071592.1	iYS854.USA300HOU_RS14075	52.3	111	52	1	5	115	1	110	2.14e-33	112
WP_056071595.1	iLJ478.TM1077	42.1	280	156	4	1	278	1	276	2.39e-67	210
WP_056071595.1	iML1515.b0133	41.5	282	156	6	1	278	1	277	3.02e-63	200
WP_056071595.1	iSF_1195.SF0130	41.5	282	156	6	1	278	1	277	3.02e-63	200
WP_056071595.1	iSbBS512_1146.SbBS512_E0126	41.1	282	157	6	1	278	1	277	6.03e-63	199
WP_056071595.1	iSSON_1240.SSON_0141	41.1	282	157	6	1	278	1	277	6.03e-63	199
WP_056071595.1	STM_v1_0.STM0181	39.4	284	165	5	1	281	1	280	1.75e-62	198
WP_056071595.1	iSDY_1059.SDY_0155	41.1	282	157	6	1	278	1	277	2.41e-62	197
WP_056071595.1	iYS854.USA300HOU_RS14080	40.5	274	157	4	8	279	9	278	2.16e-60	192
WP_056071595.1	iYL1228.KPN_00140	40.6	281	160	5	1	278	1	277	6.26e-60	191
WP_056071600.1	iLJ478.TM0895	27.3	227	146	5	5	224	2	216	7.46e-27	108
WP_056071600.1	iCN900.CD630_08840	28.3	237	138	8	5	228	2	219	8.02e-25	102
WP_056071607.1	iAF987.Gmet_1487	50.2	618	295	4	1	614	1	609	1.90e-209	597
WP_056071607.1	iAF987.Gmet_0104	49.3	614	306	4	1	614	1	609	2.02e-206	590
WP_056071607.1	iHN637.CLJU_RS19905	47.2	616	315	7	1	614	1	608	7.28e-191	550
WP_056071618.1	iLB1027_lipid.PHATRDRAFT_54086	66.6	497	137	7	6	497	26	498	7.41e-218	610
WP_056071618.1	iCHOv1.100763024	64.8	497	144	5	6	502	66	531	5.55e-216	607
WP_056071618.1	iAT_PLT_636.506	64.8	497	144	5	6	502	61	526	6.60e-216	606
WP_056071618.1	iMM1415.11947	64.8	497	144	5	6	502	61	526	6.60e-216	606
WP_056071618.1	iAF987.Gmet_3406	64.3	507	138	7	1	501	1	470	3.27e-216	605
WP_056071618.1	iMM904.YJR121W	64.1	502	149	6	2	503	40	510	3.79e-213	598
WP_056071618.1	iHN637.CLJU_RS01190	64.2	495	140	5	5	499	4	461	2.88e-213	597
WP_056071618.1	iCN900.CD630_34680	64.8	489	137	6	5	493	4	457	2.21e-210	590
WP_056071618.1	iYO844.BSU36810	63.0	503	146	5	6	502	4	472	8.71e-210	588
WP_056071618.1	iAM_Pv461.PVX_100735	64.0	491	154	6	2	492	68	535	3.38e-208	587
WP_056071618.1	iAM_Pb448.PBANKA_145030	63.9	488	153	6	5	492	58	522	2.39e-207	585
WP_056071618.1	iAM_Pf480.PF3D7_1235700	64.5	488	150	6	5	492	59	523	2.56e-207	585
WP_056071618.1	iAM_Pc455.PCYB_146140	63.7	491	155	6	2	492	32	499	4.47e-207	583
WP_056071618.1	iNF517.LLMG_RS09735	61.6	497	155	5	6	499	4	467	9.49e-206	578
WP_056071618.1	iYS854.USA300HOU_RS11360	62.3	501	152	6	5	502	3	469	1.98e-205	577
WP_056071618.1	iLJ478.TM1610	62.0	495	152	5	6	499	7	466	2.00e-202	570
WP_056071618.1	iSynCJ816.SGL_RS09705	60.4	500	164	7	5	499	10	480	1.05e-198	561
WP_056071618.1	iML1515.b3732	60.7	494	157	6	6	499	4	460	7.18e-196	553
WP_056071618.1	iSbBS512_1146.SbBS512_E4189	60.7	494	157	6	6	499	4	460	7.18e-196	553
WP_056071618.1	iSF_1195.SF3812	60.7	494	157	6	6	499	4	460	7.18e-196	553
WP_056071618.1	iSSON_1240.SSON_3887	60.7	494	157	6	6	499	4	460	7.18e-196	553
WP_056071618.1	iYL1228.KPN_04137	60.5	494	158	6	6	499	4	460	2.05e-195	551
WP_056071618.1	STM_v1_0.STM3865	60.5	494	158	6	6	499	4	460	2.05e-195	551
WP_056071618.1	iSDY_1059.SDY_4016	60.5	494	158	6	6	499	4	460	5.84e-195	550
WP_056071618.1	iPC815.YPO4121	60.3	496	156	7	6	499	4	460	8.29e-195	550
WP_056071620.1	iIT341.HP1131	28.6	91	49	1	3	93	7	81	1.80e-09	50.4
WP_056071624.1	iLB1027_lipid.PHATRDRAFT_36165	36.1	399	203	8	30	380	37	431	1.05e-63	209
WP_056071624.1	iYO844.BSU30220	34.7	380	228	6	8	375	7	378	2.76e-58	194
WP_056071624.1	iSynCJ816.SGL_RS14860	34.7	369	225	6	17	379	32	390	3.05e-58	194
WP_056071627.1	iML1515.b1601	24.3	325	227	5	29	348	30	340	1.01e-15	77.0
WP_056071630.1	iMM904.YNR057C	37.2	196	104	8	3	180	14	208	6.27e-27	102
WP_056071633.1	iJN1463.PP_4984	36.1	438	260	7	5	422	9	446	3.10e-96	296
WP_056071633.1	iAF987.Gmet_1580	38.7	429	242	8	2	409	8	436	4.17e-93	287
WP_056071633.1	iSbBS512_1146.SbBS512_E2578	37.1	423	249	5	7	421	9	422	4.86e-91	281
WP_056071633.1	iSDY_1059.SDY_0832	36.7	422	252	5	7	421	9	422	6.85e-91	281
WP_056071633.1	iSF_1195.SF0725	36.7	422	252	5	7	421	46	459	1.99e-90	281
WP_056071633.1	iML1515.b0774	36.7	422	252	5	7	421	9	422	2.72e-90	279
WP_056071633.1	iSSON_1240.SSON_0753	36.7	422	252	5	7	421	9	422	2.72e-90	279
WP_056071633.1	STM_v1_0.STM0793	36.3	421	253	6	7	420	9	421	7.50e-87	270
WP_056071633.1	iPC815.YPO1150	36.4	418	249	5	7	416	9	417	8.64e-87	270
WP_056071636.1	iLJ478.TM0802	27.1	413	265	9	3	384	2	409	2.98e-39	144
WP_056071636.1	iCN900.CD630_11840	28.1	413	265	10	1	384	1	410	7.99e-39	143
WP_056071636.1	iYS854.USA300HOU_RS04880	27.4	413	263	10	3	384	5	411	8.21e-38	140
WP_056071636.1	iYO844.BSU11340	27.2	415	261	13	3	384	4	410	3.96e-35	133
WP_056071671.1	iCN900.CD630_13150	41.3	298	173	2	1	298	1	296	4.84e-76	234
WP_056071671.1	iAF987.Gmet_1388	41.1	299	173	2	1	298	1	297	5.24e-70	219
WP_056071689.1	iIT341.HP0742	51.0	304	148	1	9	311	14	317	1.22e-100	298
WP_056071689.1	iCN900.CD630_35140	51.0	310	147	3	7	311	7	316	2.26e-95	284
WP_056071689.1	iYO844.BSU00510	47.5	316	161	3	1	311	1	316	1.74e-92	277
WP_056071689.1	iPC815.YPO2013	48.1	312	156	4	6	311	2	313	7.52e-91	273
WP_056071689.1	iSF_1195.SF1210	47.4	312	158	4	6	311	2	313	1.51e-90	272
WP_056071689.1	iML1515.b1207	47.4	312	158	4	6	311	2	313	2.13e-90	271
WP_056071689.1	iSDY_1059.SDY_1256	47.4	312	158	4	6	311	2	313	2.13e-90	271
WP_056071689.1	iSSON_1240.SSON_1971	47.4	312	158	4	6	311	2	313	2.13e-90	271
WP_056071689.1	iYL1228.KPN_02238	47.9	309	155	4	9	311	2	310	2.75e-90	271
WP_056071689.1	STM_v1_0.STM1780	47.4	312	158	4	6	311	2	313	3.02e-90	271
WP_056071689.1	iSbBS512_1146.SbBS512_E1371	47.1	312	159	4	6	311	2	313	6.06e-90	270
WP_056071689.1	iHN637.CLJU_RS20580	47.6	309	156	3	9	311	9	317	5.55e-89	268
WP_056071698.1	iAF987.Gmet_3342	38.6	440	249	7	32	454	42	477	5.89e-84	266
WP_056071701.1	iAF987.Gmet_3343	38.6	456	267	6	28	473	35	487	7.57e-102	314
WP_056071704.1	iAF987.Gmet_3344	47.5	657	298	12	11	621	10	665	8.29e-190	550
WP_056071706.1	iAF987.Gmet_3345	51.0	98	48	0	8	105	2	99	2.09e-26	93.6
WP_056071706.1	iEK1008.Rv3155	55.8	95	42	0	12	106	5	99	3.34e-25	90.5
WP_056071706.1	iIT341.HP1270	44.4	99	55	0	8	106	2	100	6.47e-23	84.7
WP_056071709.1	iAF987.Gmet_3346	33.7	166	101	4	6	167	6	166	9.45e-20	80.9
WP_056071712.1	iAF987.Gmet_0163	51.4	70	34	0	30	99	9	78	5.76e-19	79.3
WP_056071712.1	iAF987.Gmet_3347	31.9	138	84	4	28	165	2	129	3.07e-18	76.3
WP_056071712.1	iCHOv1.100755890	45.9	74	40	0	25	98	58	131	4.55e-17	75.1
WP_056071712.1	iMM1415.225887	48.5	68	35	0	31	98	66	133	6.58e-17	74.7
WP_056071712.1	iEK1008.Rv3153	39.7	141	82	2	28	168	31	168	1.26e-16	73.9
WP_056071712.1	iAT_PLT_636.4728	45.9	74	40	0	25	98	58	131	1.73e-16	73.6
WP_056071715.1	iAF987.Gmet_0161	44.7	329	167	2	13	341	15	328	1.07e-96	289
WP_056071715.1	iAF987.Gmet_3348	43.4	341	161	3	13	338	20	343	7.42e-96	288
WP_056071715.1	iIT341.HP1267	43.7	341	177	4	3	341	2	329	3.03e-88	268
WP_056071715.1	iEK1008.Rv3152	42.1	323	183	2	16	338	19	337	5.00e-87	267
WP_056071717.1	iAT_PLT_636.4719	40.5	274	150	5	1	274	46	306	4.29e-59	202
WP_056071717.1	iMM1415.227197	40.5	274	150	5	1	274	32	292	3.62e-59	202
WP_056071717.1	iCHOv1.100754223	40.5	274	150	5	1	274	32	292	5.02e-59	202
WP_056071720.1	iEK1008.Rv3150	50.0	414	188	5	17	426	26	424	3.81e-134	393
WP_056071720.1	iCN718.ABAYE_RS15235	47.1	412	201	6	15	423	29	426	7.41e-123	364
WP_056071720.1	iCHOv1.100757245	49.4	399	186	7	27	423	63	447	3.28e-121	361
WP_056071720.1	iAT_PLT_636.4723	48.9	399	188	7	27	423	63	447	1.31e-120	359
WP_056071720.1	iYL1228.KPN_02674	47.9	405	196	5	21	423	29	420	1.02e-120	359
WP_056071720.1	iMM1415.17995	48.5	404	192	7	22	423	58	447	2.63e-120	358
WP_056071720.1	STM_v1_0.STM2324	46.7	411	204	5	21	429	29	426	2.04e-120	358
WP_056071720.1	iSbBS512_1146.SbBS512_E2660	46.7	411	204	5	21	429	29	426	2.04e-120	358
WP_056071720.1	iSF_1195.SF2360	46.7	411	204	5	21	429	29	426	2.04e-120	358
WP_056071720.1	iSSON_1240.SSON_2341	46.7	411	204	5	21	429	29	426	2.04e-120	358
WP_056071720.1	iML1515.b2284	46.7	411	204	5	21	429	29	426	4.07e-120	357
WP_056071720.1	iSDY_1059.SDY_2480	46.7	411	204	5	21	429	29	426	4.07e-120	357
WP_056071720.1	iPC815.YPO2551	47.9	407	195	6	21	423	36	429	9.56e-120	357
WP_056071723.1	iCHOv1.100757242	45.5	154	83	1	18	171	79	231	4.31e-46	151
WP_056071723.1	iAT_PLT_636.4729	44.2	154	85	1	18	171	61	213	2.12e-45	149
WP_056071723.1	iMM1415.72900	44.2	154	85	1	18	171	60	212	1.17e-44	147
WP_056071723.1	iLB1027_lipid.PHATRDRAFT_22919	45.3	150	82	0	18	167	52	201	6.39e-44	145
WP_056071727.1	iAF987.Gmet_3352	43.8	386	217	0	25	410	4	389	9.35e-123	360
WP_056071730.1	iAF987.Gmet_3353	34.8	155	98	2	4	158	3	154	3.07e-27	100
WP_056071730.1	iEK1008.Rv3147	39.1	138	83	1	16	153	78	214	4.99e-26	99.0
WP_056071730.1	iAF692.Mbar_A3410	34.4	151	92	4	3	151	1	146	1.23e-25	95.9
WP_056071732.1	iEK1008.Rv3146	54.2	142	65	0	19	160	10	151	7.22e-62	189
WP_056071732.1	iAF987.Gmet_0153	55.7	140	62	0	23	162	13	152	2.19e-54	183
WP_056071732.1	iAF987.Gmet_3354	56.2	146	63	1	17	162	8	152	1.76e-59	182
WP_056071732.1	iCN718.ABAYE_RS15250	55.5	146	61	1	21	162	36	181	1.12e-57	180
WP_056071732.1	iSDY_1059.SDY_2483	53.5	142	66	0	21	162	38	179	5.10e-55	173
WP_056071732.1	iML1515.b2287	53.5	142	66	0	21	162	38	179	7.23e-55	172
WP_056071732.1	iSbBS512_1146.SbBS512_E2663	53.5	142	66	0	21	162	38	179	7.23e-55	172
WP_056071732.1	iSF_1195.SF2363	53.5	142	66	0	21	162	38	179	7.23e-55	172
WP_056071732.1	iSSON_1240.SSON_2344	53.5	142	66	0	21	162	38	179	7.23e-55	172
WP_056071732.1	STM_v1_0.STM2327	53.5	142	66	0	21	162	38	179	1.45e-54	172
WP_056071736.1	iAF987.Gmet_3355	46.1	115	62	0	7	121	4	118	2.23e-33	112
WP_056071751.1	iYS854.USA300HOU_RS05260	28.3	251	157	7	24	264	77	314	3.02e-15	75.9
WP_056071751.1	iSynCJ816.SGL_RS12260	24.2	293	190	10	47	312	63	350	7.84e-14	71.6
WP_056071771.1	iCN900.CD630_27390	51.8	585	271	7	3	580	9	589	6.64e-203	579
WP_056071771.1	iAF987.Gmet_1357	49.5	586	283	7	3	580	10	590	2.58e-202	577
WP_056071771.1	iYS854.USA300HOU_RS08675	48.5	588	290	7	3	581	4	587	9.03e-199	568
WP_056071778.1	iJN1463.PP_3426	25.9	1067	750	15	1	1039	1	1054	1.18e-88	307
WP_056071778.1	iSSON_1240.SSON_2550	27.6	1041	710	20	4	1017	2	1025	3.33e-86	300
WP_056071778.1	iML1515.b2470	27.2	1040	715	19	4	1017	2	1025	2.17e-85	298
WP_056071778.1	iSF_1195.SF2512	27.2	1040	715	19	4	1017	2	1025	2.17e-85	298
WP_056071778.1	iSDY_1059.SDY_2654	27.1	1040	716	19	4	1017	2	1025	5.54e-85	296
WP_056071778.1	iYL1228.KPN_03673	28.0	1067	696	24	4	1030	2	1036	1.68e-83	292
WP_056071778.1	iML1515.b3266	28.9	1065	685	28	4	1028	2	1034	3.18e-81	286
WP_056071778.1	iAF987.Gmet_3509	25.9	1039	733	15	2	1019	4	1026	4.33e-81	285
WP_056071778.1	STM_v1_0.STM3391	27.3	1060	708	25	4	1027	2	1034	1.82e-79	281
WP_056071778.1	iJN1463.PP_0043	26.6	1062	702	18	2	1015	4	1036	3.45e-78	277
WP_056071781.1	STM_v1_0.STM3390	26.5	306	187	9	77	349	72	372	7.58e-14	71.6
WP_056071781.1	iAF987.Gmet_1548	25.5	310	208	9	44	339	106	406	1.01e-11	65.5
WP_056071781.1	iSbBS512_1146.SbBS512_E3648	24.8	306	192	8	77	349	72	372	8.19e-12	65.5
WP_056071781.1	iSDY_1059.SDY_0456	24.7	340	218	9	43	349	39	373	8.52e-12	65.5
WP_056071781.1	iSSON_1240.SSON_0450	24.6	337	222	8	43	349	39	373	1.14e-11	65.1
WP_056071793.1	STM_v1_0.STM0736	44.8	915	473	13	5	905	13	909	1.23e-253	734
WP_056071793.1	iPC815.YPO1113	43.6	934	488	15	5	917	13	928	2.98e-252	731
WP_056071793.1	iYL1228.KPN_00732	44.8	920	468	14	5	905	13	911	5.95e-252	730
WP_056071793.1	iSF_1195.SF0571	44.8	916	472	15	5	905	13	909	1.58e-251	729
WP_056071793.1	iAF987.Gmet_2769	44.2	877	456	10	7	881	4	849	6.70e-252	728
WP_056071793.1	iML1515.b0726	44.7	916	473	15	5	905	13	909	8.91e-251	727
WP_056071793.1	iSbBS512_1146.SbBS512_E0645	44.7	916	473	15	5	905	13	909	8.91e-251	727
WP_056071793.1	iSSON_1240.SSON_0677	44.5	920	472	17	5	904	13	913	1.78e-250	726
WP_056071793.1	iCN718.ABAYE_RS04435	44.6	928	478	14	7	912	14	927	2.16e-249	724
WP_056071793.1	iSDY_1059.SDY_0664	44.5	916	474	15	5	905	13	909	1.42e-249	724
WP_056071793.1	iJN1463.PP_4189	44.5	893	453	14	8	878	19	890	1.57e-248	721
WP_056071793.1	iLB1027_lipid.PHATRDRAFT_29016	41.0	970	464	22	5	882	62	1015	8.71e-229	675
WP_056071793.1	iMM904.YIL125W	40.2	924	499	13	5	880	43	960	1.04e-226	668
WP_056071793.1	iEK1008.Rv1248c	43.2	858	450	10	76	905	366	1214	2.15e-223	666
WP_056071793.1	iCHOv1.100764862	41.2	924	488	17	6	881	49	965	3.00e-224	662
WP_056071796.1	iCN718.ABAYE_RS04440	49.0	410	189	6	1	403	1	397	4.66e-120	354
WP_056071796.1	STM_v1_0.STM0737	47.6	412	191	5	3	403	4	401	5.31e-120	354
WP_056071796.1	iSDY_1059.SDY_0665	47.5	415	190	5	3	403	4	404	5.86e-120	354
WP_056071796.1	iYL1228.KPN_00733	46.9	418	191	5	3	403	4	407	2.09e-118	350
WP_056071796.1	iML1515.b0727	47.0	415	192	6	3	403	4	404	5.38e-118	349
WP_056071796.1	iSSON_1240.SSON_0678	47.0	415	192	6	3	403	4	404	5.38e-118	349
WP_056071796.1	iSF_1195.SF0570	47.0	415	192	6	3	403	4	404	7.62e-118	348
WP_056071796.1	iSbBS512_1146.SbBS512_E0646	46.7	415	193	6	3	403	4	404	2.16e-117	347
WP_056071796.1	iPC815.YPO1114	45.6	417	197	6	3	403	4	406	1.49e-115	343
WP_056071796.1	iJN1463.PP_4188	46.8	423	188	5	1	403	1	406	2.00e-110	330
WP_056071843.1	iSynCJ816.SGL_RS04015	44.4	396	219	1	60	454	4	399	2.64e-102	320
WP_056071852.1	iAF987.Gmet_1252	63.2	231	85	0	3	233	6	236	3.91e-102	295
WP_056071852.1	iNF517.LLMG_RS11470	57.7	234	98	1	1	233	4	237	1.30e-95	279
WP_056071852.1	iSynCJ816.SGL_RS12175	55.8	233	103	0	1	233	1	233	2.63e-93	273
WP_056071864.1	iEK1008.Rv2793c	38.4	224	124	3	11	230	8	221	1.56e-42	145
WP_056071864.1	iNF517.LLMG_RS07220	38.5	218	120	3	11	220	8	219	2.54e-41	143
WP_056071867.1	iCN900.CD630_13320	41.5	277	138	5	1	265	7	271	3.74e-64	201
WP_056071867.1	iML1515.b3057	41.6	281	134	8	2	265	6	273	2.38e-56	181
WP_056071881.1	iMM904.YNR050C	34.9	455	272	11	2	444	3	445	1.31e-74	240
WP_056071881.1	iCHOv1.100751161	32.7	444	286	7	2	440	481	916	1.62e-69	237
WP_056071881.1	iMM1415.30956	32.7	447	285	9	2	440	481	919	2.19e-68	234
WP_056071887.1	iSF_1195.SF3422	72.5	530	144	2	13	541	12	540	2.33e-288	792
WP_056071887.1	iML1515.b3403	72.3	530	145	2	13	541	12	540	1.34e-287	790
WP_056071887.1	iSbBS512_1146.SbBS512_E3782	72.3	530	145	2	13	541	12	540	1.34e-287	790
WP_056071887.1	iSSON_1240.SSON_3534	72.3	530	145	2	13	541	12	540	1.34e-287	790
WP_056071887.1	iSDY_1059.SDY_3673	72.1	530	146	2	13	541	12	540	1.56e-286	787
WP_056071887.1	STM_v1_0.STM3500	71.1	530	150	3	13	541	11	538	1.60e-283	780
WP_056071887.1	iYL1228.KPN_03773	70.7	529	153	2	13	540	12	539	3.47e-283	779
WP_056071887.1	iPC815.YPO0138	70.6	530	154	2	13	541	11	539	1.11e-281	775
WP_056071892.1	iEK1008.Rv2051c	46.7	225	119	1	5	229	613	836	1.60e-58	198
WP_056071895.1	iHN637.CLJU_RS07520	31.4	449	289	10	1	437	1	442	2.19e-60	203
WP_056071895.1	iAF692.Mbar_A1783	32.9	422	263	8	1	410	1	414	3.33e-59	200
WP_056071895.1	iCN900.CD630_15260	32.1	443	260	15	4	429	2	420	1.37e-55	189
WP_056071895.1	iYO844.BSU32410	31.3	435	281	11	5	430	6	431	4.91e-54	186
WP_056071895.1	iHN637.CLJU_RS07515	30.8	454	276	12	5	435	7	445	8.33e-54	186
WP_056071901.1	iAF692.Mbar_A1144	27.8	266	158	9	2	251	3	250	3.16e-12	65.9
WP_056071901.1	iAF692.Mbar_A0021	26.5	279	176	8	2	266	6	269	8.96e-11	61.6
WP_056071901.1	iLJ478.TM0509	27.7	278	174	11	2	266	3	266	9.02e-11	61.6
WP_056071904.1	iYS854.USA300HOU_RS09175	46.7	428	210	8	4	428	5	417	1.99e-129	379
WP_056071904.1	iNF517.LLMG_RS02055	46.8	432	208	9	3	428	2	417	2.12e-123	364
WP_056071904.1	iSbBS512_1146.SbBS512_E1829	44.7	430	221	8	3	428	5	421	2.17e-116	346
WP_056071904.1	iSSON_1240.SSON_1519	44.7	430	221	8	3	428	5	421	2.17e-116	346
WP_056071904.1	iSDY_1059.SDY_1860	44.4	430	222	8	3	428	5	421	1.74e-115	344
WP_056071904.1	STM_v1_0.STM1449	44.0	430	224	8	3	428	5	421	2.46e-115	343
WP_056071904.1	iYL1228.KPN_01975	44.3	429	224	8	3	428	9	425	5.59e-115	343
WP_056071911.1	iYO844.BSU07570	51.7	472	219	3	4	474	13	476	2.97e-165	474
WP_056071911.1	iYS854.USA300HOU_RS14620	49.4	474	229	5	4	474	5	470	1.46e-156	452
WP_056071942.1	iAF987.Gmet_1706	35.2	142	85	4	6	145	1	137	5.00e-15	72.4
WP_056071946.1	iAF987.Gmet_0043	24.1	232	164	5	121	345	41	267	3.06e-17	82.4
WP_056071958.1	iML1515.b0875	68.1	232	71	2	2	233	3	231	2.71e-105	303
WP_056071958.1	iSF_1195.SF0832	68.1	232	71	2	2	233	3	231	2.71e-105	303
WP_056071958.1	iSbBS512_1146.SbBS512_E2456	67.7	232	72	2	2	233	3	231	4.46e-104	300
WP_056071958.1	iYL1228.KPN_00909	67.2	232	73	2	2	233	3	231	3.64e-103	298
WP_056071963.1	iAF987.Gmet_1919	33.9	124	77	1	7	130	4	122	3.69e-14	73.2
WP_056071972.1	iCN900.CD630_19470	47.9	219	113	1	2	219	10	228	1.45e-64	199
WP_056071972.1	iJN1463.PP_4210	47.3	203	107	0	19	221	24	226	3.39e-55	186
WP_056071972.1	iYO844.BSU30420	42.2	223	124	2	1	218	1	223	8.01e-57	180
WP_056071984.1	iYS854.USA300HOU_RS04640	40.5	74	41	2	1	72	1	73	6.76e-12	55.1
WP_056071984.1	iLB1027_lipid.PHATRDRAFT_16693	41.7	60	34	1	17	75	136	195	2.96e-10	53.1
WP_056071987.1	iYO844.BSU32110	42.5	315	172	4	5	317	9	316	8.89e-82	251
WP_056071990.1	iMM904.YPL252C	38.8	80	44	2	27	104	83	159	3.85e-12	58.9
WP_056071990.1	iJN1463.PP_0847	36.4	99	52	5	11	108	15	103	2.12e-10	53.1
WP_056072021.1	iML1515.b3781	50.5	101	50	0	5	105	8	108	9.84e-36	117
WP_056072021.1	STM_v1_0.STM3915	50.5	101	50	0	5	105	8	108	9.84e-36	117
WP_056072021.1	iSbBS512_1146.SbBS512_E4140	50.5	101	50	0	5	105	8	108	9.84e-36	117
WP_056072021.1	iSDY_1059.SDY_3968	50.5	101	50	0	5	105	26	126	1.67e-35	117
WP_056072021.1	iSF_1195.SF3854	50.5	101	50	0	5	105	26	126	1.67e-35	117
WP_056072021.1	iSSON_1240.SSON_3952	50.5	101	50	0	5	105	26	126	1.67e-35	117
WP_056072021.1	iJN1463.PP_5215	49.5	101	51	0	5	105	9	109	1.98e-35	116
WP_056072021.1	iYL1228.KPN_04282	50.5	101	50	0	5	105	8	108	5.67e-35	115
WP_056072021.1	iPC815.YPO3868	48.5	101	52	0	5	105	8	108	9.07e-34	112
WP_056072027.1	iAF987.Gmet_2999	28.7	129	81	4	1	122	4	128	2.15e-07	50.4
WP_056072027.1	iAF987.Gmet_1919	31.6	117	71	4	7	117	6	119	5.11e-07	49.3
WP_056072043.1	iYO844.BSU25500	34.8	371	238	4	1	367	1	371	3.19e-68	219
WP_056072043.1	iNF517.LLMG_RS07160	34.2	374	239	4	2	373	6	374	7.65e-66	213
WP_056072043.1	iEK1008.Rv2388c	31.7	375	242	4	3	371	7	373	1.27e-62	204
WP_056072043.1	iCN900.CD630_24640	31.7	385	245	4	1	367	1	385	6.33e-60	198
WP_056072062.1	iCN900.CD630_01280	29.9	137	94	2	4	138	6	142	1.24e-18	76.3
WP_056072062.1	iLJ478.TM0801	32.8	122	80	1	5	126	6	125	2.19e-18	75.5
WP_056072062.1	iAM_Pb448.PBANKA_133820	29.9	134	80	4	5	128	90	219	2.90e-15	69.3
WP_056072062.1	iAM_Pc455.PCYB_123980	29.6	142	86	4	5	136	72	209	3.10e-15	68.9
WP_056072082.1	iCHOv1.100760626	32.1	471	291	8	1	450	1	463	4.45e-65	216
WP_056072082.1	iCHOv1.100761203	32.9	407	250	7	66	462	99	492	1.52e-59	202
WP_056072082.1	iMM1415.338403	29.1	485	309	8	1	463	10	481	2.37e-58	199
WP_056072084.1	iCHOv1.100774083	28.6	608	403	10	107	702	114	702	5.46e-76	258
WP_056072092.1	iNF517.LLMG_RS06045	33.6	235	152	2	71	302	1	234	1.08e-37	133
WP_056072092.1	iYS854.USA300HOU_RS07985	32.8	235	154	2	72	303	7	240	5.60e-35	126
WP_056072092.1	iCN900.CD630_20500	30.7	238	159	4	71	303	1	237	1.30e-34	125
WP_056072098.1	iYS854.USA300HOU_RS03085	24.4	315	180	12	9	302	12	289	8.61e-09	55.5
WP_056072098.1	iNF517.LLMG_RS02170	25.0	312	187	12	7	302	12	292	3.79e-08	53.5
WP_056072100.1	iYS854.USA300HOU_RS03090	29.8	342	201	12	22	353	6	318	4.66e-29	114
WP_056072100.1	iMM1415.192156	27.7	336	201	11	24	337	14	329	1.14e-25	106
WP_056072100.1	iCHOv1.100766541	28.7	335	199	12	24	337	14	329	2.15e-25	105
WP_056072103.1	iAM_Pb448.PBANKA_144690	26.4	174	101	11	2	174	23	170	2.86e-05	45.8
WP_056072103.1	iYO844.BSU24060	25.0	208	99	9	1	189	1	170	3.63e-05	45.4
WP_056072103.1	iAM_Pv461.PVX_089610	23.1	195	127	7	5	187	109	292	6.68e-04	41.6
WP_056072106.1	iYO844.BSU02130	31.7	249	144	4	3	226	37	284	4.66e-34	123
WP_056072106.1	iNF517.LLMG_RS00415	32.2	239	145	7	3	227	36	271	6.17e-32	117
WP_056072106.1	iYS854.USA300HOU_RS04760	32.3	254	142	7	2	227	52	303	5.51e-31	115
WP_056072106.1	iJN1463.PP_2152	32.2	233	143	5	4	225	2	230	5.04e-30	111
WP_056072115.1	iJN1463.PP_4060	29.8	225	136	7	59	274	225	436	7.21e-22	98.6
WP_056072115.1	iYS854.USA300HOU_RS08055	24.9	386	193	15	43	357	7	366	1.80e-19	90.9
WP_056072115.1	iYO844.BSU07810	28.5	221	104	6	43	233	10	206	5.84e-19	89.4
WP_056072119.1	iSynCJ816.SGL_RS08250	25.0	509	289	18	123	601	32	477	1.81e-30	125
WP_056072119.1	iNF517.LLMG_RS09360	23.9	523	299	20	123	604	133	597	1.66e-26	114
WP_056072122.1	iCN900.CD630_21880	50.1	754	368	4	9	762	9	754	1.68e-276	780
WP_056072122.1	iYO844.BSU34570	47.9	751	361	10	1	744	2	729	6.52e-247	704
WP_056072125.1	iCN900.CD630_21890	42.9	217	122	1	4	218	3	219	2.21e-54	173
WP_056072125.1	iCN900.CD630_31280	40.2	209	123	2	4	210	2	210	5.38e-49	159
WP_056072127.1	iNF517.LLMG_RS11220	23.1	308	181	14	51	342	57	324	5.88e-06	48.1
WP_056072130.1	iYL1228.KPN_04156	23.0	265	186	6	64	319	28	283	5.88e-07	50.1
WP_056072130.1	iML1515.b3751	23.5	251	172	7	64	304	28	268	1.05e-06	49.3
WP_056072130.1	STM_v1_0.STM3884	23.2	263	182	7	64	316	28	280	5.95e-06	47.0
WP_056072132.1	iJN1463.PP_0525	30.9	149	94	5	96	243	49	189	5.85e-07	53.1
WP_056072137.1	iAF987.Gmet_3467	29.2	178	102	2	391	565	109	265	4.48e-19	92.0
WP_056072164.1	iLJ478.TM0883	30.0	243	137	7	1	223	1	230	9.43e-22	90.1
WP_056072164.1	iAF987.Gmet_1986	28.2	255	162	7	1	238	1	251	4.15e-21	88.6
WP_056072164.1	iCN900.CD630_35550	27.2	254	167	7	1	238	1	252	8.16e-21	87.8
WP_056072181.1	iYS854.USA300HOU_RS13815	36.4	429	251	6	8	432	8	418	1.19e-75	242
WP_056072181.1	iNF517.LLMG_RS04750	40.5	346	190	5	50	395	38	367	1.88e-73	236
WP_056072187.1	iSbBS512_1146.SbBS512_E3826	29.6	568	309	14	1	561	1	484	8.19e-60	206
WP_056072187.1	iSSON_1240.SSON_3731	29.6	568	309	14	1	561	1	484	8.19e-60	206
WP_056072187.1	iML1515.b3496	29.4	568	310	14	1	561	1	484	2.21e-59	204
WP_056072187.1	iYS854.USA300HOU_RS03930	29.7	555	299	18	18	560	22	497	1.45e-52	186
WP_056072191.1	iYS854.USA300HOU_RS03930	23.1	702	315	14	18	715	21	501	6.23e-38	147
WP_056072191.1	iML1515.b4130	38.9	190	107	3	15	202	2	184	6.26e-36	141
WP_056072191.1	iSSON_1240.SSON_4307	38.9	190	107	3	15	202	2	184	6.26e-36	141
WP_056072191.1	iSDY_1059.SDY_4467	38.4	190	108	3	15	202	2	184	2.82e-35	139
WP_056072191.1	iML1515.b0709	28.7	383	212	11	14	388	2	331	4.26e-35	139
WP_056072191.1	iSF_1195.SF0588	28.7	383	212	11	14	388	2	331	5.74e-35	139
WP_056072191.1	iSSON_1240.SSON_0660	28.7	383	212	11	14	388	2	331	1.05e-34	138
WP_056072191.1	iSbBS512_1146.SbBS512_E0626	28.5	383	213	11	14	388	2	331	4.67e-34	136
WP_056072194.1	iYS854.USA300HOU_RS03930	26.6	556	308	12	9	554	22	487	4.43e-55	193
WP_056072194.1	iML1515.b1634	24.7	526	285	10	10	529	20	440	4.99e-48	174
WP_056072194.1	iSbBS512_1146.SbBS512_E1824	24.7	526	285	10	10	529	20	440	4.99e-48	174
WP_056072194.1	iSDY_1059.SDY_1857	24.9	526	284	10	10	529	20	440	4.99e-48	174
WP_056072194.1	iSF_1195.SF1659	24.7	526	285	10	10	529	20	440	4.99e-48	174
WP_056072194.1	iSSON_1240.SSON_1524	24.7	526	285	10	10	529	20	440	4.99e-48	174
WP_056072197.1	iYL1228.KPN_04526	27.0	111	53	4	28	136	492	576	2.94e-06	45.4
WP_056072197.1	iSSON_1240.SSON_4319	45.0	40	20	1	28	67	459	496	6.12e-05	41.6
WP_056072197.1	iML1515.b4136	45.0	40	20	1	28	67	459	496	8.28e-05	41.2
WP_056072197.1	STM_v1_0.STM4323	47.5	40	19	1	28	67	461	498	8.29e-05	41.2
WP_056072197.1	iSbBS512_1146.SbBS512_E4665	45.0	40	20	1	28	67	459	496	8.28e-05	41.2
WP_056072197.1	iSDY_1059.SDY_4441	45.0	40	20	1	28	67	459	496	8.28e-05	41.2
WP_056072197.1	iSF_1195.SF4290	45.0	40	20	1	28	67	459	496	8.28e-05	41.2
WP_056072202.1	iML1515.b2175	37.5	128	69	5	99	223	66	185	3.33e-23	92.0
WP_056072205.1	iAF987.Gmet_1419	39.9	248	144	1	7	254	3	245	7.32e-62	194
WP_056072205.1	iLJ478.TM1662	39.6	245	143	3	7	251	3	242	4.58e-59	187
WP_056072205.1	iSynCJ816.SGL_RS18120	38.3	248	141	4	7	243	9	255	4.20e-55	178
WP_056072205.1	iPC815.YPO3358	39.0	251	146	2	7	257	4	247	1.83e-54	176
WP_056072213.1	iLJ478.TM1748	38.4	224	137	1	145	368	64	286	8.67e-49	166
WP_056072213.1	iYO844.BSU12940	38.7	217	133	0	149	365	99	315	6.52e-45	156
WP_056072213.1	iLJ478.TM0059	39.1	225	129	3	148	365	135	358	1.75e-44	156
WP_056072213.1	iSbBS512_1146.SbBS512_E2516	37.3	217	135	1	149	365	83	298	1.25e-43	152
WP_056072213.1	iSSON_1240.SSON_0814	37.3	217	135	1	149	365	83	298	1.25e-43	152
WP_056072213.1	iML1515.b0832	36.9	217	136	1	149	365	83	298	1.75e-43	152
WP_056072213.1	iLJ478.TM1065	38.7	225	130	3	148	365	139	362	1.08e-42	152
WP_056072213.1	iSDY_1059.SDY_0755	36.9	217	136	1	149	365	83	298	6.73e-43	150
WP_056072213.1	iSSON_1240.SSON_1639	37.3	233	145	1	133	365	59	290	5.95e-43	150
WP_056072213.1	iML1515.b1485	37.3	233	145	1	133	365	59	290	8.33e-43	150
WP_056072226.1	iML1515.b0089	24.8	400	235	9	21	410	55	398	1.55e-27	112
WP_056072230.1	iAF987.Gmet_0928	33.2	591	355	15	17	586	33	604	8.69e-89	288
WP_056072239.1	STM_v1_0.STM0659	29.9	187	106	6	5	171	2	183	4.23e-08	54.3
WP_056072239.1	iSbBS512_1146.SbBS512_E0599	28.6	199	116	7	11	189	8	200	5.43e-07	50.8
WP_056072239.1	iML1515.b0650	28.7	181	104	6	11	171	8	183	7.22e-07	50.4
WP_056072239.1	iSSON_1240.SSON_0604	28.7	181	104	6	11	171	8	183	7.22e-07	50.4
WP_056072242.1	iCN900.CD630_02230	43.4	514	272	7	8	508	3	510	5.91e-134	397
WP_056072242.1	iSynCJ816.SGL_RS18300	43.4	511	273	8	10	508	5	511	2.25e-128	383
WP_056072242.1	iYO844.BSU06520	40.9	518	284	8	6	508	2	512	1.88e-124	373
WP_056072242.1	iCN718.ABAYE_RS07255	43.4	528	269	9	6	508	2	524	2.17e-120	363
WP_056072242.1	iSbBS512_1146.SbBS512_E4498	41.3	533	284	7	1	508	1	529	3.56e-120	362
WP_056072242.1	iSF_1195.SF4078	41.3	533	284	7	1	508	1	529	3.56e-120	362
WP_056072242.1	iSSON_1240.SSON_4179	41.3	533	284	7	1	508	1	529	3.56e-120	362
WP_056072242.1	iML1515.b4006	41.5	533	283	8	1	508	1	529	5.03e-120	362
WP_056072242.1	iSDY_1059.SDY_3720	41.3	533	284	8	1	508	1	529	3.99e-119	360
WP_056072245.1	iJN1463.PP_4210	30.2	410	260	10	8	412	263	651	1.95e-33	132
WP_056072248.1	iAF987.Gmet_2476	47.7	279	143	2	1	278	1	277	6.75e-81	245
WP_056072248.1	STM_v1_0.STM2366	44.9	283	153	2	1	282	1	281	1.06e-77	238
WP_056072248.1	iML1515.b2316	44.9	283	153	2	1	282	1	281	2.12e-77	237
WP_056072248.1	iSSON_1240.SSON_2374	44.9	283	153	2	1	282	1	281	2.12e-77	237
WP_056072248.1	iSbBS512_1146.SbBS512_E2694	44.9	283	153	2	1	282	1	281	4.25e-77	236
WP_056072248.1	iSDY_1059.SDY_2515	44.9	283	153	2	1	282	1	281	4.25e-77	236
WP_056072248.1	iYL1228.KPN_02706	44.2	283	155	2	1	282	1	281	2.57e-76	234
WP_056072248.1	iJN1463.PP_1996	49.0	255	129	1	18	271	20	274	2.52e-74	229
WP_056072248.1	iPC815.YPO2768	42.4	283	162	1	1	282	1	283	1.42e-72	224
WP_056072248.1	iHN637.CLJU_RS20740	43.1	283	148	4	3	275	5	284	3.82e-72	223
WP_056072251.1	iPC815.YPO0920	70.5	352	103	1	5	355	8	359	4.12e-180	503
WP_056072251.1	iML1515.b2925	68.8	352	109	1	5	355	8	359	4.54e-177	495
WP_056072251.1	iSDY_1059.SDY_3157	68.8	352	109	1	5	355	8	359	4.54e-177	495
WP_056072251.1	iSF_1195.SF2910	68.8	352	109	1	5	355	8	359	4.54e-177	495
WP_056072251.1	iSSON_1240.SSON_3077	68.8	352	109	1	5	355	8	359	4.54e-177	495
WP_056072251.1	iSbBS512_1146.SbBS512_E3350	68.8	352	109	1	5	355	8	359	6.44e-177	494
WP_056072251.1	STM_v1_0.STM3068	68.8	352	109	1	5	355	8	359	9.14e-177	494
WP_056072251.1	iYL1228.KPN_03354	67.9	352	112	1	5	355	8	359	2.48e-174	488
WP_056072260.1	iAF987.Gmet_1167	44.4	239	128	4	6	242	20	255	1.84e-59	188
WP_056072260.1	iYS854.USA300HOU_RS07520	40.9	230	131	2	16	243	8	234	1.14e-53	172
WP_056072262.1	iYO844.BSU21810	43.8	160	90	0	1	160	1	160	8.70e-49	154
WP_056072262.1	iAF987.Gmet_2947	44.4	160	84	1	1	160	2	156	1.42e-43	141
WP_056072271.1	iYO844.BSU21820	68.2	277	72	2	1	274	1	264	5.05e-142	399
WP_056072271.1	iYL1228.KPN_03236	63.9	277	84	2	1	274	1	264	4.14e-134	379
WP_056072271.1	iML1515.b2827	63.5	277	85	2	1	274	1	264	8.34e-134	378
WP_056072271.1	iSSON_1240.SSON_2984	63.5	277	85	2	1	274	1	264	8.34e-134	378
WP_056072271.1	iSbBS512_1146.SbBS512_E3035	63.5	277	85	2	1	274	1	264	1.18e-133	378
WP_056072271.1	iSF_1195.SF2837	63.2	277	86	2	1	274	1	264	1.18e-133	378
WP_056072271.1	iSDY_1059.SDY_3044	63.5	277	85	2	1	274	1	264	1.68e-133	377
WP_056072271.1	STM_v1_0.STM3001	62.5	277	88	2	1	274	1	264	3.22e-131	372
WP_056072271.1	iPC815.YPO0783	61.4	277	91	2	1	274	1	264	5.31e-130	369
WP_056072271.1	iCN718.ABAYE_RS16485	61.1	293	82	3	1	274	1	280	1.25e-127	363
WP_056072276.1	iAF987.Gmet_0684	35.3	331	196	6	3	320	114	439	2.35e-54	183
WP_056072276.1	iAF987.Gmet_2066	34.5	330	197	5	3	318	111	435	2.95e-52	177
WP_056072276.1	iHN637.CLJU_RS19400	33.0	339	191	6	3	318	9	334	6.52e-52	174
WP_056072276.1	iCN900.CD630_10560	34.0	329	202	5	2	318	3	328	2.77e-50	169
WP_056072276.1	iAF987.Gmet_2257	34.1	334	194	8	3	318	111	436	6.29e-48	166
WP_056072279.1	iJN1463.PP_4202	35.4	254	153	5	1	248	1	249	1.66e-28	108
WP_056072282.1	iYS854.USA300HOU_RS00620	28.6	154	103	2	10	157	5	157	3.78e-10	60.8
WP_056072282.1	iYO844.BSU26590	25.4	138	101	1	222	357	20	157	6.27e-09	57.0
WP_056072298.1	iAT_PLT_636.5162	51.2	328	155	2	1	323	12	339	9.48e-114	332
WP_056072298.1	iMM1415.68263	52.8	322	147	2	7	323	36	357	1.72e-113	332
WP_056072298.1	iCHOv1.100774878	52.5	322	148	2	7	323	39	360	1.08e-112	330
WP_056072298.1	iLB1027_lipid.PHATRDRAFT_20183	50.9	324	154	2	7	325	33	356	6.65e-111	326
WP_056072298.1	iMM904.YBR221C	50.9	328	154	4	2	323	37	363	1.15e-110	325
WP_056072298.1	iCN900.CD630_00370	50.5	325	160	1	2	325	4	328	1.88e-110	323
WP_056072298.1	iAF987.Gmet_2753	47.5	324	169	1	1	323	1	324	3.27e-106	313
WP_056072298.1	iIS312.TCDM_03948	45.4	326	173	3	3	323	21	346	5.21e-102	303
WP_056072304.1	iAF692.Mbar_A1481	59.2	152	62	0	11	162	9	160	6.10e-67	201
WP_056072304.1	iAF692.Mbar_A3712	55.3	152	68	0	11	162	9	160	1.56e-62	190
WP_056072306.1	iYO844.BSU00140	42.3	201	112	3	3	200	12	211	4.93e-50	161
WP_056072306.1	iYS854.USA300HOU_RS02920	40.3	196	115	1	3	196	12	207	1.39e-47	155
WP_056072315.1	iAF987.Gmet_2999	32.2	171	103	4	7	172	10	172	6.88e-19	83.6
WP_056072329.1	iJN1463.PP_4967	55.0	413	164	7	4	416	6	396	1.01e-137	399
WP_056072329.1	iYS854.USA300HOU_RS09495	51.5	421	161	7	4	413	7	395	4.23e-137	397
WP_056072329.1	iLJ478.TM1658	52.7	427	159	8	1	416	1	395	7.94e-137	397
WP_056072329.1	iHN637.CLJU_RS01260	50.5	420	167	7	1	411	1	388	5.62e-136	394
WP_056072329.1	iIT341.HP0197	52.5	413	163	8	2	414	4	383	8.56e-134	389
WP_056072329.1	iYO844.BSU30550	54.3	383	152	4	4	375	7	377	2.01e-133	388
WP_056072329.1	STM_v1_0.STM3090	51.2	414	168	5	3	416	4	383	1.91e-132	385
WP_056072329.1	iML1515.b2942	51.0	414	169	5	3	416	4	383	1.54e-131	383
WP_056072329.1	iSDY_1059.SDY_3130	51.0	414	169	5	3	416	4	383	1.54e-131	383
WP_056072329.1	iSF_1195.SF2933	51.0	414	169	5	3	416	4	383	1.54e-131	383
WP_056072329.1	iSSON_1240.SSON_3096	51.0	414	169	5	3	416	4	383	1.54e-131	383
WP_056072329.1	iSbBS512_1146.SbBS512_E3374	51.0	414	169	5	3	416	4	383	3.10e-131	382
WP_056072329.1	iYL1228.KPN_03375	51.0	414	169	5	3	416	4	383	4.39e-131	382
WP_056072329.1	iCN718.ABAYE_RS10800	51.1	413	172	5	4	416	6	388	1.01e-130	381
WP_056072329.1	iNF517.LLMG_RS10795	51.1	425	165	7	3	415	5	398	3.34e-129	377
WP_056072329.1	iPC815.YPO0931	50.7	414	170	5	3	416	4	383	1.16e-128	375
WP_056072329.1	iAF987.Gmet_1290	50.5	418	169	9	3	416	6	389	1.94e-128	375
WP_056072329.1	iCN900.CD630_01300	50.4	385	165	7	3	375	4	374	6.63e-126	369
WP_056072329.1	iMM1415.11720	54.1	379	156	6	2	375	18	383	4.78e-123	362
WP_056072329.1	iCHOv1.100752327	53.7	378	157	6	3	375	18	382	6.55e-123	361
WP_056072329.1	iMM1415.232087	53.7	378	157	6	3	375	18	382	6.55e-123	361
WP_056072329.1	iAT_PLT_636.4144	53.4	378	158	6	3	375	18	382	1.31e-122	360
WP_056072329.1	iCHOv1.100758089	54.6	379	154	7	2	375	18	383	1.92e-122	360
WP_056072329.1	iIS312.TCDM_02068	52.9	380	158	6	4	375	7	373	2.55e-122	360
WP_056072329.1	iSynCJ816.SGL_RS03470	48.0	435	177	10	3	415	5	412	8.43e-122	359
WP_056072340.1	iYL1228.KPN_04234	23.1	143	84	3	10	145	476	599	7.27e-05	42.0
WP_056072342.1	iJN1463.PP_2375	59.6	327	132	0	1	327	8	334	4.46e-136	416
WP_056072342.1	iYL1228.KPN_04399	59.6	324	131	0	4	327	8	331	1.56e-134	411
WP_056072342.1	iCN718.ABAYE_RS14075	58.1	329	136	1	1	329	4	330	2.34e-133	408
WP_056072342.1	iSSON_1240.SSON_4190	57.7	324	137	0	4	327	8	331	2.53e-131	403
WP_056072342.1	iSF_1195.SF4085	57.4	324	138	0	4	327	8	331	3.53e-131	402
WP_056072342.1	iML1515.b4019	57.4	324	138	0	4	327	8	331	2.64e-130	400
WP_056072342.1	iSDY_1059.SDY_4322	56.5	324	141	0	4	327	8	331	6.09e-128	394
WP_056072342.1	iPC815.YPO3722	56.5	324	141	0	4	327	13	336	1.35e-123	382
WP_056072346.1	iJN1463.PP_2375	61.7	894	330	6	8	892	341	1231	0.0	1071
WP_056072346.1	iSDY_1059.SDY_4322	61.1	884	340	4	11	892	341	1222	0.0	1041
WP_056072346.1	iML1515.b4019	61.1	884	340	4	11	892	341	1222	0.0	1040
WP_056072346.1	iYL1228.KPN_04399	61.0	884	341	4	11	892	341	1222	0.0	1039
WP_056072346.1	iSSON_1240.SSON_4190	61.1	884	340	4	11	892	341	1222	0.0	1039
WP_056072346.1	iCN718.ABAYE_RS14075	60.9	892	337	8	11	894	338	1225	0.0	1037
WP_056072346.1	iPC815.YPO3722	60.4	883	347	3	11	892	346	1226	0.0	1035
WP_056072346.1	iSF_1195.SF4085	60.6	884	344	4	11	892	341	1222	0.0	1030
WP_056072349.1	iAT_PLT_636.4524	32.9	298	171	7	11	306	96	366	2.26e-38	143
WP_056072349.1	iMM1415.17769	31.5	298	175	6	11	306	88	358	8.21e-38	142
WP_056072349.1	iCHOv1.100774930	31.6	304	167	8	11	306	85	355	2.04e-37	140
WP_056072349.1	iMM904.YGL125W	31.1	312	179	8	1	304	1	284	7.52e-36	135
WP_056072349.1	iML1515.b3941	31.1	312	177	5	3	313	12	286	3.25e-37	134
WP_056072349.1	iSbBS512_1146.SbBS512_E4428	31.1	312	177	5	3	313	12	286	3.25e-37	134
WP_056072349.1	iSF_1195.SF4019	31.1	312	177	5	3	313	12	286	3.25e-37	134
WP_056072349.1	iSSON_1240.SSON_4115	31.1	312	177	5	3	313	12	286	3.25e-37	134
WP_056072349.1	iSDY_1059.SDY_3776	31.1	312	177	5	3	313	12	286	4.54e-37	134
WP_056072349.1	STM_v1_0.STM4105	30.4	312	179	5	3	313	12	286	8.90e-37	133
WP_056072363.1	iCN900.CD630_16140	39.1	207	121	2	17	218	39	245	1.42e-44	152
WP_056072363.1	iYO844.BSU02750	35.2	227	137	4	3	219	2	228	5.30e-43	147
WP_056072366.1	iHN637.CLJU_RS14370	36.9	274	165	4	4	274	108	376	1.22e-47	162
WP_056072366.1	iCN900.CD630_18360	31.9	270	177	3	5	271	129	394	8.77e-44	152
WP_056072369.1	iYO844.BSU13580	35.4	376	240	2	20	393	9	383	5.78e-79	248
WP_056072369.1	iSynCJ816.SGL_RS13490	34.3	379	246	2	17	393	9	386	1.03e-78	247
WP_056072369.1	iJN1463.PP_0817	33.0	376	248	2	19	390	12	387	5.99e-73	233
WP_056072369.1	iSynCJ816.SGL_RS03410	35.9	370	229	3	16	379	3	370	3.46e-72	230
WP_056072371.1	iCN900.CD630_18320	36.8	239	144	4	21	259	97	328	5.73e-45	157
WP_056072371.1	iHN637.CLJU_RS14395	36.3	237	144	4	21	257	98	327	1.53e-41	148
WP_056072373.1	iML1515.b4161	36.2	307	175	7	3	302	42	334	1.73e-51	173
WP_056072373.1	iSbBS512_1146.SbBS512_E4693	35.8	307	176	7	3	302	42	334	2.43e-51	172
WP_056072373.1	iSSON_1240.SSON_4346	35.8	307	176	7	3	302	29	321	1.76e-51	172
WP_056072373.1	iSF_1195.SF4320	35.8	307	176	7	3	302	53	345	6.29e-51	172
WP_056072373.1	iSDY_1059.SDY_4431	35.5	307	177	7	3	302	29	321	4.88e-51	171
WP_056072373.1	STM_v1_0.STM4349	34.5	304	184	5	3	302	50	342	6.32e-50	169
WP_056072373.1	iYL1228.KPN_04558	35.1	308	178	7	3	302	42	335	6.04e-49	166
WP_056072373.1	iPC815.YPO0365	33.5	316	180	8	3	306	41	338	1.79e-46	160
WP_056072388.1	iSF_1195.SF0903	35.6	430	238	13	2	401	3	423	1.20e-60	202
WP_056072388.1	iML1515.b0908	35.6	430	238	13	2	401	3	423	2.37e-60	201
WP_056072388.1	iSbBS512_1146.SbBS512_E2420	35.6	430	238	13	2	401	3	423	2.37e-60	201
WP_056072388.1	iSDY_1059.SDY_2353	35.8	430	237	14	2	401	3	423	2.20e-60	201
WP_056072388.1	iSSON_1240.SSON_0909	35.6	430	238	13	2	401	3	423	2.37e-60	201
WP_056072388.1	iYL1228.KPN_00936	34.9	430	241	13	2	401	3	423	1.37e-58	196
WP_056072388.1	STM_v1_0.STM0978	34.2	427	242	13	2	398	3	420	7.43e-58	194
WP_056072388.1	iPC815.YPO1390	33.6	426	242	12	2	396	4	419	4.11e-57	192
WP_056072388.1	iLB1027_lipid.PHATRDRAFT_18246	32.4	438	252	11	3	401	48	480	7.47e-56	191
WP_056072391.1	iYS854.USA300HOU_RS08725	47.0	349	177	4	1	349	1	341	2.98e-111	327
WP_056072395.1	iMM904.YLR231C	42.8	425	208	11	23	412	16	440	1.56e-102	311
WP_056072400.1	iMM904.YFL017C	28.7	94	57	3	34	120	60	150	9.53e-05	39.7
WP_056072423.1	iML1515.b0376	25.4	169	107	3	199	348	54	222	6.97e-09	57.4
WP_056072429.1	iMM1415.98256	39.3	417	243	7	7	418	11	422	3.06e-94	292
WP_056072429.1	iCHOv1.100772925	38.6	417	246	7	7	418	12	423	2.48e-93	290
WP_056072429.1	iMM904.YBL098W	39.4	436	235	12	6	418	4	433	1.76e-84	266
WP_056072432.1	iSynCJ816.SGL_RS08135	35.8	416	256	5	7	412	12	426	2.80e-77	246
WP_056072432.1	iEK1008.Rv1854c	33.1	414	256	6	6	404	16	423	1.74e-68	224
WP_056072445.1	iPC815.YPO0682	31.0	126	87	0	126	251	186	311	7.69e-08	52.4
WP_056072445.1	iJN1463.PP_5306	40.8	71	42	0	181	251	212	282	2.27e-07	50.8
WP_056072445.1	STM_v1_0.STM3159	29.4	194	127	5	63	251	14	202	2.14e-07	50.4
WP_056072445.1	iML1515.b3006	40.0	70	42	0	182	251	133	202	2.88e-07	50.1
WP_056072445.1	iSbBS512_1146.SbBS512_E3434	40.0	70	42	0	182	251	133	202	2.88e-07	50.1
WP_056072445.1	iSDY_1059.SDY_3067	40.0	70	42	0	182	251	133	202	2.88e-07	50.1
WP_056072445.1	iSF_1195.SF3051	40.0	70	42	0	182	251	133	202	2.88e-07	50.1
WP_056072445.1	iSSON_1240.SSON_3149	40.0	70	42	0	182	251	133	202	2.88e-07	50.1
WP_056072445.1	iYL1228.KPN_03426	40.0	70	42	0	182	251	128	197	9.11e-07	48.5
WP_056072465.1	iJN1463.PP_1225	26.4	208	133	8	16	207	5	208	2.48e-12	63.2
WP_056072465.1	iYS854.USA300HOU_RS03835	30.1	166	92	7	16	158	4	168	1.16e-11	61.6
WP_056072472.1	iCN718.ABAYE_RS11400	30.7	179	116	4	56	230	317	491	1.61e-18	87.0
WP_056072472.1	iYS854.USA300HOU_RS04525	24.0	367	255	9	26	375	48	407	1.25e-17	83.6
WP_056072472.1	iJN1463.PP_4214	22.3	269	194	5	2	256	45	312	7.83e-17	81.3
WP_056072472.1	iYL1228.KPN_03161	27.2	254	158	9	46	285	59	299	9.19e-17	80.9
WP_056072475.1	iJN1463.PP_5098	35.7	70	44	1	56	125	20	88	3.72e-05	43.1
WP_056072475.1	iSynCJ816.SGL_RS15350	30.5	105	64	3	59	158	74	174	1.27e-04	42.0
WP_056072498.1	iYL1228.KPN_00869	29.3	242	150	7	78	311	79	307	8.05e-19	87.4
WP_056072501.1	iPC815.YPO1151	55.7	314	138	1	6	319	5	317	4.31e-125	363
WP_056072501.1	iSbBS512_1146.SbBS512_E2577	55.9	313	133	2	5	315	4	313	1.46e-123	359
WP_056072501.1	iML1515.b0775	55.6	313	134	2	5	315	4	313	2.93e-123	358
WP_056072501.1	iSSON_1240.SSON_0754	55.6	313	134	2	5	315	4	313	2.93e-123	358
WP_056072501.1	iSDY_1059.SDY_0831	55.6	313	134	2	5	315	4	313	4.16e-123	358
WP_056072501.1	iYL1228.KPN_00800	56.9	304	130	1	12	315	3	305	6.38e-123	357
WP_056072501.1	iSF_1195.SF0724	55.3	313	135	2	5	315	4	313	1.18e-122	357
WP_056072501.1	STM_v1_0.STM0794	55.7	314	133	3	5	315	3	313	3.37e-122	355
WP_056072501.1	iCN718.ABAYE_RS10850	54.5	319	144	1	4	322	3	320	8.82e-121	351
WP_056072501.1	iJN1463.PP_0362	55.6	313	134	2	5	315	10	319	2.71e-120	351
WP_056072501.1	iLB1027_lipid.PHATRDRAFT_21296	57.1	312	130	2	4	311	89	400	1.75e-118	349
WP_056072503.1	iAF692.Mbar_A1417	40.0	225	133	1	21	243	24	248	2.16e-53	177
WP_056072505.1	iPC815.YPO2161	44.2	342	183	5	2	342	1	335	7.51e-91	275
WP_056072505.1	iSbBS512_1146.SbBS512_E2022	43.6	342	185	5	2	342	1	335	3.42e-89	270
WP_056072505.1	iSDY_1059.SDY_1506	43.3	342	186	5	2	342	1	335	3.42e-89	270
WP_056072505.1	iML1515.b1767	43.3	342	186	5	2	342	1	335	1.37e-88	269
WP_056072505.1	iSSON_1240.SSON_1388	43.3	342	186	5	2	342	1	335	1.37e-88	269
WP_056072505.1	iSF_1195.SF1456	43.0	342	187	5	2	342	1	335	2.20e-87	266
WP_056072505.1	iYL1228.KPN_01203	42.7	342	188	5	2	342	1	335	4.54e-87	265
WP_056072505.1	STM_v1_0.STM1294	42.7	342	188	5	2	342	1	335	6.23e-87	265
WP_056072512.1	iSynCJ816.SGL_RS16775	52.4	481	206	6	1	477	1	462	2.51e-180	512
WP_056072512.1	iCN900.CD630_22450	51.6	477	207	6	6	477	8	465	5.60e-180	511
WP_056072512.1	iSbBS512_1146.SbBS512_E2388	54.4	467	187	7	18	477	19	466	6.25e-177	504
WP_056072512.1	iSF_1195.SF0927	54.4	467	187	7	18	477	19	466	6.25e-177	504
WP_056072512.1	iSSON_1240.SSON_0933	54.4	467	187	7	18	477	19	466	6.25e-177	504
WP_056072512.1	iYL1228.KPN_00961	54.4	467	187	7	18	477	19	466	2.52e-176	502
WP_056072512.1	STM_v1_0.STM1000	54.3	468	188	7	17	477	18	466	5.07e-176	501
WP_056072512.1	iSDY_1059.SDY_2327	54.2	467	188	7	18	477	19	466	7.19e-176	501
WP_056072512.1	iPC815.YPO1412	53.7	467	190	7	18	477	19	466	1.66e-174	498
WP_056072512.1	iLB1027_lipid.PHATRDRAFT_42247	51.8	477	198	8	19	477	5	467	2.26e-162	467
WP_056072512.1	iAF987.Gmet_2412	51.2	463	203	6	18	477	19	461	1.49e-161	464
WP_056072515.1	iYS854.USA300HOU_RS09335	42.9	960	383	11	1	953	1	802	4.17e-266	762
WP_056072515.1	iNF517.LLMG_RS08750	43.8	955	407	14	1	953	1	827	9.55e-258	742
WP_056072524.1	iAF987.Gmet_2075	59.8	388	153	3	7	392	6	392	8.12e-162	459
WP_056072547.1	iAF987.Gmet_1832	31.8	110	68	3	571	678	413	517	2.38e-10	63.2
WP_056072547.1	iAF987.Gmet_2727	34.0	94	57	1	580	673	302	390	3.01e-10	62.4
WP_056072555.1	iAF987.Gmet_3239	43.2	736	358	11	1	732	1	680	2.55e-165	494
WP_056072555.1	iAF692.Mbar_A0186	41.5	744	348	13	1	734	1	667	5.76e-160	480
WP_056072555.1	iLB1027_lipid.PHATRDRAFT_15815	46.7	707	306	13	33	732	1	643	3.07e-158	475
WP_056072558.1	iCHOv1.100768929	32.1	106	71	1	6	110	5	110	1.20e-11	61.2
WP_056072558.1	iMM1415.233016	31.1	106	72	1	6	110	5	110	8.19e-11	58.9
WP_056072562.1	iAF987.Gmet_1411	47.5	642	324	6	2	641	13	643	6.46e-205	588
WP_056072562.1	iCN900.CD630_05740	48.0	644	318	9	1	640	1	631	1.38e-202	582
WP_056072562.1	iYS854.USA300HOU_RS08915	45.7	641	342	5	2	640	4	640	3.11e-200	577
WP_056072562.1	iLJ478.TM0740	43.5	641	345	7	2	639	3	629	1.50e-191	554
WP_056072577.1	iSynCJ816.SGL_RS11775	43.8	292	143	4	2	274	4	293	9.46e-64	202
WP_056072581.1	iSynCJ816.SGL_RS08655	33.0	221	147	1	55	274	39	259	2.15e-33	122
WP_056072583.1	iSynCJ816.SGL_RS08660	51.6	868	413	4	1	862	1	867	0.0	911
WP_056072593.1	iYL1228.KPN_01636	48.5	301	151	3	6	303	16	315	8.75e-95	282
WP_056072593.1	iML1515.b1524	47.3	300	156	2	6	303	9	308	2.81e-94	281
WP_056072593.1	iSbBS512_1146.SbBS512_E1682	47.3	300	156	2	6	303	9	308	2.81e-94	281
WP_056072593.1	iSDY_1059.SDY_1631	47.3	300	156	2	6	303	9	308	2.81e-94	281
WP_056072593.1	iSSON_1240.SSON_1604	47.3	300	156	2	6	303	9	308	2.81e-94	281
WP_056072593.1	iSF_1195.SF1569	47.0	300	157	2	6	303	9	308	1.13e-93	279
WP_056072593.1	STM_v1_0.STM1525	47.0	300	157	2	6	303	9	308	4.56e-93	278
WP_056072599.1	iAF987.Gmet_1216	52.9	314	146	2	4	317	7	318	1.53e-107	315
WP_056072599.1	iPC815.YPO1060	50.0	316	154	2	1	313	3	317	1.37e-103	305
WP_056072599.1	STM_v1_0.STM0232	50.9	316	151	2	1	313	3	317	2.75e-103	305
WP_056072599.1	iYL1228.KPN_00198	50.9	316	151	2	1	313	3	317	3.90e-103	304
WP_056072599.1	iYS854.USA300HOU_RS09015	48.4	312	160	1	4	315	2	312	6.64e-103	303
WP_056072599.1	iML1515.b0185	50.6	316	152	2	1	313	3	317	1.57e-102	303
WP_056072599.1	iSDY_1059.SDY_0201	50.6	316	152	2	1	313	3	317	1.57e-102	303
WP_056072599.1	iSF_1195.SF0175	50.6	316	152	2	1	313	3	317	1.57e-102	303
WP_056072599.1	iSSON_1240.SSON_0197	50.6	316	152	2	1	313	3	317	2.23e-102	302
WP_056072599.1	iCN900.CD630_19360	52.0	304	145	1	10	313	9	311	1.08e-101	300
WP_056072599.1	iSbBS512_1146.SbBS512_E0178	50.3	316	153	2	1	313	3	317	5.13e-101	299
WP_056072599.1	iSynCJ816.SGL_RS17700	48.1	314	162	1	4	317	11	323	2.10e-99	295
WP_056072599.1	iYO844.BSU29200	46.5	310	165	1	4	313	5	313	2.46e-95	285
WP_056072605.1	iAF987.Gmet_1248	21.0	367	273	7	1	358	1	359	3.04e-13	69.7
WP_056072607.1	iYS854.USA300HOU_RS08720	49.1	369	182	2	3	371	6	368	4.00e-120	352
WP_056072607.1	iJN1463.PP_0833	49.2	360	172	4	1	359	1	350	3.01e-115	339
WP_056072612.1	iHN637.CLJU_RS01495	47.1	274	140	4	1	274	1	269	9.97e-79	239
WP_056072612.1	iCN900.CD630_34600	46.3	270	134	5	8	274	7	268	9.90e-74	226
WP_056072612.1	iCN900.CD630_23220	47.1	261	127	5	15	272	11	263	3.40e-73	225
WP_056072612.1	iAF987.Gmet_0551	43.7	277	148	5	7	283	8	276	1.76e-69	216
WP_056072615.1	iCN900.CD630_34590	50.8	303	149	0	12	314	6	308	1.12e-103	305
WP_056072615.1	iAF987.Gmet_0552	50.7	306	151	0	12	317	7	312	1.33e-102	303
WP_056072615.1	iHN637.CLJU_RS01500	49.0	304	154	1	12	314	7	310	2.56e-97	289
WP_056072615.1	iCN900.CD630_23210	50.3	296	146	1	12	307	5	299	9.40e-96	285
WP_056072623.1	iHN637.CLJU_RS05275	31.1	161	98	4	3	153	4	161	1.20e-16	72.8
WP_056072623.1	iCN900.CD630_25950	32.7	162	99	4	1	153	2	162	6.47e-16	70.9
WP_056072623.1	iAF987.Gmet_1768	31.7	164	102	4	3	157	5	167	1.29e-15	70.1
WP_056072623.1	iYS854.USA300HOU_RS06020	29.3	164	108	2	1	156	1	164	6.55e-15	68.2
WP_056072627.1	iIT341.HP0157	38.9	157	81	5	4	157	4	148	9.02e-23	88.6
WP_056072627.1	iAF987.Gmet_0977	36.6	164	98	4	4	167	15	172	5.31e-22	87.0
WP_056072627.1	iNF517.LLMG_RS09635	36.3	168	90	6	4	168	3	156	1.40e-21	85.5
WP_056072627.1	iLJ478.TM0348	38.9	126	72	3	3	128	2	122	3.86e-19	83.2
WP_056072627.1	iYO844.BSU03150	33.9	171	102	4	4	171	14	176	7.29e-20	81.6
WP_056072641.1	iSDY_1059.SDY_0456	24.0	383	240	10	3	346	5	375	5.07e-16	78.2
WP_056072641.1	iML1515.b0463	23.8	383	241	10	3	346	5	375	3.02e-15	75.9
WP_056072641.1	iSSON_1240.SSON_0450	23.8	383	241	10	3	346	5	375	4.05e-15	75.5
WP_056072641.1	iSF_1195.SF0408	23.5	383	242	10	3	346	5	375	3.21e-14	72.8
WP_056072642.1	iJN1463.PP_3426	31.0	1072	685	15	1	1031	1	1058	1.00e-139	446
WP_056072642.1	iJN1463.PP_1385	29.7	1060	679	22	4	1019	2	1039	2.13e-126	410
WP_056072693.1	STM_v1_0.STM3635	26.8	437	275	13	70	469	70	498	1.10e-38	148
WP_056072693.1	iSF_1195.SF3580	25.4	512	322	16	38	498	50	552	1.70e-38	147
WP_056072693.1	iSSON_1240.SSON_3844	25.2	512	323	16	38	498	50	552	3.17e-38	147
WP_056072693.1	iML1515.b3546	25.4	512	322	16	38	498	39	541	3.85e-38	146
WP_056072693.1	iSbBS512_1146.SbBS512_E3983	25.2	512	323	16	38	498	39	541	5.26e-38	146
WP_056072693.1	iYL1228.KPN_03904	29.8	305	170	10	226	498	244	536	1.69e-35	139
WP_056072696.1	iCN718.ABAYE_RS16270	27.7	130	82	5	84	213	59	176	1.55e-05	44.3
WP_056072702.1	iJN1463.PP_2647	25.3	384	281	3	8	390	29	407	3.57e-38	141
WP_056072702.1	iJN1463.PP_2428	26.9	357	252	3	4	356	29	380	2.42e-35	134
WP_056072702.1	iYL1228.KPN_01628	25.3	359	266	2	8	365	18	375	7.64e-35	132
WP_056072702.1	STM_v1_0.STM1522	25.2	349	260	1	8	356	18	365	7.27e-35	132
WP_056072720.1	iYS854.USA300HOU_RS13900	32.5	501	309	11	5	483	3	496	1.30e-73	240
WP_056072723.1	iYS854.USA300HOU_RS13905	24.2	186	126	5	16	194	14	191	1.54e-07	51.2
WP_056072754.1	iJN1463.PP_0525	21.9	439	290	13	78	488	109	522	1.34e-10	63.9
WP_056072760.1	iCN900.CD630_16500	24.3	136	97	3	88	223	49	178	7.52e-04	40.8
WP_056072764.1	iML1515.b4287	37.8	241	144	3	8	247	3	238	2.29e-47	157
WP_056072764.1	iSSON_1240.SSON_4459	37.8	241	144	3	8	247	3	238	2.29e-47	157
WP_056072764.1	iYO844.BSU33290	38.1	252	150	3	8	257	4	251	2.91e-45	152
WP_056072764.1	iYS854.USA300HOU_RS03500	34.8	250	158	2	8	256	4	249	8.91e-43	146
WP_056072764.1	iYO844.BSU07490	36.1	238	147	2	8	244	4	237	1.29e-42	145
WP_056072764.1	iSSON_1240.SSON_0539	32.8	250	163	2	8	256	8	253	4.09e-42	144
WP_056072764.1	iML1515.b0588	32.8	250	163	2	8	256	8	253	1.14e-41	143
WP_056072764.1	iSDY_1059.SDY_0519	32.8	250	163	2	8	256	8	253	1.14e-41	143
WP_056072764.1	iSF_1195.SF0502	32.8	250	163	2	8	256	8	253	1.14e-41	143
WP_056072764.1	iSbBS512_1146.SbBS512_E0489	32.8	250	163	2	8	256	8	253	3.18e-41	142
WP_056072764.1	iSynCJ816.SGL_RS01940	36.5	244	150	2	8	250	10	249	2.95e-41	142
WP_056072770.1	iAM_Pf480.PF3D7_0916600	24.9	201	127	8	266	462	14	194	7.81e-04	40.8
WP_056072776.1	iCN900.CD630_04050	36.3	182	95	5	6	184	66	229	7.57e-23	91.3
WP_056072776.1	iCN900.CD630_20500	31.7	183	106	5	6	186	63	228	4.26e-20	84.0
WP_056072776.1	iNF517.LLMG_RS06045	31.1	183	107	4	6	186	61	226	4.34e-20	84.0
WP_056072798.1	iAF987.Gmet_0769	35.2	142	91	1	14	155	6	146	3.17e-22	87.0
WP_056072798.1	iCHOv1.100755154	33.8	139	90	1	7	143	163	301	3.86e-18	79.7
WP_056072814.1	iAF987.Gmet_1919	38.8	85	47	3	36	115	34	118	2.97e-07	50.1
WP_056072817.1	iYL1228.KPN_02593	20.5	682	394	27	146	768	47	639	1.30e-06	51.6
WP_056072817.1	iML1515.b2155	35.5	121	64	6	146	253	66	185	8.98e-06	48.9
WP_056072817.1	iSSON_1240.SSON_2211	35.5	121	64	6	146	253	66	185	8.98e-06	48.9
WP_056072817.1	STM_v1_0.STM2199	36.4	121	63	6	146	253	66	185	1.55e-05	48.1
WP_056072827.1	iAF987.Gmet_2556	35.9	223	125	7	81	293	123	337	1.05e-28	114
WP_056072841.1	STM_v1_0.STM0849	25.5	494	332	10	39	525	36	500	2.33e-41	155
WP_056072841.1	iYL1228.KPN_03899	25.0	535	337	12	16	526	21	515	1.01e-40	154
WP_056072841.1	iML1515.b3544	25.0	535	337	13	16	526	30	524	2.15e-40	153
WP_056072841.1	iSDY_1059.SDY_4567	25.0	535	337	13	16	526	30	524	2.15e-40	153
WP_056072841.1	iSF_1195.SF3579	25.0	535	337	13	16	526	30	524	2.15e-40	153
WP_056072841.1	iSbBS512_1146.SbBS512_E2518	25.3	494	333	10	39	525	36	500	2.14e-40	152
WP_056072841.1	iSDY_1059.SDY_0757	25.3	494	333	10	39	525	36	500	2.14e-40	152
WP_056072841.1	iML1515.b0830	25.3	494	333	10	39	525	36	500	2.93e-40	152
WP_056072841.1	iSF_1195.SF0780	25.3	494	333	10	39	525	36	500	2.93e-40	152
WP_056072841.1	iSSON_1240.SSON_0812	25.3	494	333	10	39	525	36	500	2.93e-40	152
WP_056072841.1	iYL1228.KPN_00863	24.7	494	336	10	39	525	36	500	4.08e-40	152
WP_056072841.1	iSSON_1240.SSON_3846	24.9	535	338	13	16	526	30	524	7.54e-40	151
WP_056072841.1	STM_v1_0.STM3630	25.4	535	335	12	16	526	30	524	1.41e-39	150
WP_056072841.1	iPC815.YPO4003	24.6	532	343	11	16	526	30	524	3.22e-38	147
WP_056072841.1	iYO844.BSU12960	23.9	557	351	19	18	537	29	549	1.57e-36	142
WP_056072844.1	iAF987.Gmet_1914	28.6	133	95	0	2	134	3	135	1.55e-13	68.6
WP_056072861.1	iYL1228.KPN_02591	47.1	204	107	1	16	218	16	219	2.76e-58	183
WP_056072861.1	STM_v1_0.STM2193	46.9	209	110	1	11	218	11	219	2.76e-58	183
WP_056072861.1	iML1515.b2153	47.5	204	106	1	16	218	16	219	7.85e-58	182
WP_056072861.1	iSbBS512_1146.SbBS512_E0813	47.5	204	106	1	16	218	16	219	7.85e-58	182
WP_056072861.1	iSDY_1059.SDY_2127	47.5	204	106	1	16	218	16	219	7.85e-58	182
WP_056072861.1	iSF_1195.SF2238	47.5	204	106	1	16	218	16	219	7.85e-58	182
WP_056072861.1	iSSON_1240.SSON_2209	47.5	204	106	1	16	218	16	219	7.85e-58	182
WP_056072861.1	iPC815.YPO1505	47.1	204	105	2	16	218	16	217	9.60e-56	176
WP_056072865.1	STM_v1_0.STM0537	41.1	491	245	11	9	489	2	458	1.51e-111	337
WP_056072865.1	iYL1228.KPN_00482	40.9	489	249	10	9	489	2	458	1.20e-110	335
WP_056072865.1	iSbBS512_1146.SbBS512_E0448	40.4	490	250	10	9	489	2	458	1.69e-110	335
WP_056072865.1	iAF987.Gmet_0057	40.0	508	256	10	8	491	2	484	7.00e-110	334
WP_056072865.1	iCN900.CD630_00520	38.7	493	259	10	9	489	1	462	5.39e-110	333
WP_056072865.1	iSDY_1059.SDY_0278	40.2	490	251	10	9	489	2	458	4.76e-110	333
WP_056072865.1	iSSON_1240.SSON_0492	40.2	490	251	10	9	489	2	458	6.73e-110	333
WP_056072865.1	iSF_1195.SF0457	40.2	490	251	10	9	489	2	458	3.78e-109	331
WP_056072865.1	iCN718.ABAYE_RS12525	39.4	498	257	12	7	489	2	469	4.84e-107	326
WP_056072865.1	iPC815.YPO3073	41.1	492	244	16	9	489	2	458	5.32e-106	323
WP_056072865.1	iLJ478.TM0719	37.2	486	275	8	9	491	1	459	1.03e-105	322
WP_056072865.1	iYS854.USA300HOU_RS02790	38.7	488	266	9	9	489	2	463	1.38e-104	320
WP_056072865.1	iJN1463.PP_2905	40.9	494	244	15	9	491	2	458	1.02e-102	315
WP_056072865.1	iNF517.LLMG_RS10195	37.9	486	256	10	9	489	1	445	9.86e-100	306
WP_056072870.1	STM_v1_0.STM3002	26.5	298	181	10	16	305	17	284	3.31e-19	85.5
WP_056072875.1	iSynCJ816.SGL_RS14885	46.1	306	160	5	2	306	15	316	3.02e-89	269
WP_056072875.1	iYO844.BSU29120	44.7	304	162	5	2	302	7	307	1.08e-86	262
WP_056072875.1	iAF692.Mbar_A1748	42.2	306	173	4	2	306	3	305	2.40e-84	256
WP_056072875.1	iAF987.Gmet_1360	42.7	316	168	6	2	307	5	317	1.37e-80	246
WP_056072881.1	iMM904.YGR124W	48.4	572	241	14	1	524	1	566	5.11e-159	464
WP_056072881.1	STM_v1_0.STM0680	46.5	559	260	12	1	527	1	552	2.85e-159	464
WP_056072881.1	iYL1228.KPN_00695	46.2	559	262	12	1	527	1	552	8.08e-159	463
WP_056072881.1	iMM904.YPR145W	48.2	573	242	16	1	524	1	567	2.90e-158	462
WP_056072881.1	iML1515.b0674	46.2	559	262	12	1	527	1	552	4.59e-158	461
WP_056072881.1	iSDY_1059.SDY_0608	46.2	559	262	12	1	527	1	552	2.61e-157	459
WP_056072881.1	iSSON_1240.SSON_0627	46.2	559	262	12	1	527	1	552	2.61e-157	459
WP_056072881.1	iSbBS512_1146.SbBS512_E0577	45.8	559	264	12	1	527	1	552	2.09e-156	457
WP_056072881.1	iPC815.YPO2623	45.8	559	264	12	1	527	1	552	5.42e-154	451
WP_056072881.1	iAM_Pb448.PBANKA_040760	47.3	569	244	12	1	519	1	563	5.15e-153	449
WP_056072881.1	iAM_Pv461.PVX_119585	46.1	590	239	14	1	520	1	581	1.02e-149	442
WP_056072881.1	iAM_Pf480.PF3D7_0309500	44.1	589	254	13	1	520	1	583	9.46e-147	434
WP_056072881.1	iLB1027_lipid.PHATRDRAFT_18337	43.3	589	277	13	1	533	1	588	4.90e-146	432
WP_056072881.1	iSF_1195.SF0619	44.4	549	247	11	1	527	1	513	2.12e-146	430
WP_056072881.1	iAM_Pc455.PCYB_084000	46.8	547	233	13	24	520	1	539	8.10e-144	426
WP_056072895.1	iJN1463.PP_0220	38.6	202	122	2	21	221	50	250	4.33e-43	148
WP_056072895.1	iCN900.CD630_14890	36.6	216	135	2	8	222	4	218	1.16e-42	146
WP_056072895.1	iCN900.CD630_19470	40.9	203	114	6	20	219	28	227	1.51e-43	145
WP_056072895.1	iNF517.LLMG_RS09915	34.5	223	141	2	1	221	1	220	6.60e-43	144
WP_056072895.1	iYS854.USA300HOU_RS09925	36.7	218	137	1	4	221	2	218	6.25e-43	144
WP_056072895.1	iML1515.b0652	37.4	214	133	1	8	221	4	216	8.59e-43	144
WP_056072895.1	iSSON_1240.SSON_0606	37.4	214	133	1	8	221	4	216	8.59e-43	144
WP_056072895.1	iJN1463.PP_1068	36.9	214	134	1	8	221	16	228	1.81e-42	144
WP_056072895.1	iYL1228.KPN_00678	37.9	214	132	1	8	221	4	216	1.71e-42	143
WP_056072895.1	iPC815.YPO2612	37.4	214	133	1	8	221	5	217	6.97e-42	142
WP_056072895.1	iSF_1195.SF0629	36.9	214	134	1	8	221	4	216	1.35e-41	141
WP_056072895.1	iCN900.CD630_07520	35.6	202	129	1	20	221	16	216	1.46e-40	138
WP_056072895.1	iYO844.BSU23960	37.4	206	126	2	17	221	13	216	2.91e-40	137
WP_056072902.1	iSbBS512_1146.SbBS512_E4050	31.2	199	128	4	2	198	6	197	1.75e-20	89.7
WP_056072902.1	iSSON_1240.SSON_3782	31.2	199	128	4	2	198	6	197	1.75e-20	89.7
WP_056072920.1	iAF987.Gmet_2351	39.0	364	215	3	2	363	3	361	5.73e-81	251
WP_056072942.1	iAF692.Mbar_A1776	26.9	212	132	9	110	310	122	321	5.74e-07	50.8
WP_056072942.1	iEK1008.Rv0958	28.2	131	81	4	94	212	139	268	1.92e-05	45.8
WP_056072951.1	iML1515.b2430	27.5	360	195	17	40	353	56	395	2.38e-18	87.0
WP_056072951.1	iML1515.b0376	24.6	341	223	9	41	368	50	369	3.20e-16	80.1
WP_056072953.1	iYO844.BSU27600	37.1	726	427	15	28	736	20	732	3.04e-153	462
WP_056072953.1	iYS854.USA300HOU_RS08695	36.4	736	431	13	19	736	11	727	4.35e-148	449
WP_056072953.1	iHN637.CLJU_RS16615	36.7	722	423	10	32	735	17	722	1.20e-146	445
WP_056072953.1	iCN900.CD630_27440	34.5	721	442	12	35	736	24	733	9.23e-142	433
WP_056072953.1	iNF517.LLMG_RS00605	34.8	745	444	14	19	737	11	739	4.18e-141	431
WP_056072953.1	iAF987.Gmet_2325	35.0	725	422	15	32	736	19	714	2.80e-138	423
WP_056072958.1	iAF987.Gmet_3260	45.7	420	224	4	5	421	5	423	1.83e-130	382
WP_056072958.1	iYO844.BSU40420	46.6	423	220	6	1	420	1	420	2.59e-130	382
WP_056072958.1	iCN900.CD630_36550	45.8	426	226	5	1	423	1	424	6.55e-128	375
WP_056072958.1	iJN1463.PP_4889	47.8	423	212	4	5	422	6	424	5.45e-127	373
WP_056072958.1	iPC815.YPO0378	45.1	421	227	4	5	422	6	425	1.33e-125	370
WP_056072958.1	iHN637.CLJU_RS20860	45.9	425	224	6	1	421	1	423	1.65e-125	369
WP_056072958.1	iNF517.LLMG_RS11055	46.7	420	217	7	5	420	5	421	1.42e-124	367
WP_056072958.1	iYL1228.KPN_04576	45.3	422	225	6	5	422	6	425	3.04e-124	366
WP_056072958.1	iML1515.b4177	45.1	421	227	4	5	422	6	425	1.97e-122	362
WP_056072958.1	iSbBS512_1146.SbBS512_E4708	45.1	421	227	4	5	422	6	425	1.97e-122	362
WP_056072958.1	iSDY_1059.SDY_4412	45.1	421	227	4	5	422	6	425	1.97e-122	362
WP_056072958.1	iSSON_1240.SSON_4362	45.1	421	227	4	5	422	6	425	2.79e-122	361
WP_056072958.1	iYS854.USA300HOU_RS00085	44.9	425	228	5	1	422	1	422	2.37e-122	361
WP_056072958.1	STM_v1_0.STM4366	44.9	421	228	4	5	422	6	425	1.12e-121	360
WP_056072958.1	iSF_1195.SF4332	44.9	421	228	4	5	422	6	425	1.12e-121	360
WP_056072958.1	iLB1027_lipid.PHATRDRAFT_26256	42.5	424	234	5	3	421	93	511	3.77e-118	354
WP_056072958.1	iEK1008.Rv0357c	43.6	427	234	7	1	423	1	424	8.22e-119	352
WP_056072958.1	iMM904.YNL220W	44.5	436	220	7	3	423	2	430	1.70e-118	352
WP_056072961.1	iML1515.b3073	36.0	386	221	10	29	396	76	453	5.26e-68	222
WP_056072961.1	iLJ478.TM1785	33.2	379	228	9	26	391	19	385	7.62e-69	222
WP_056072961.1	iSF_1195.SF3114	35.8	386	222	10	29	396	46	423	9.62e-68	220
WP_056072961.1	iSSON_1240.SSON_3211	35.8	386	222	10	29	396	113	490	2.70e-66	218
WP_056072961.1	iYL1228.KPN_03501	35.0	386	225	9	29	396	46	423	4.07e-66	216
WP_056072961.1	STM_v1_0.STM3218	37.0	365	208	9	29	375	46	406	4.07e-66	216
WP_056072961.1	iYO844.BSU11220	35.3	368	219	9	19	379	13	368	3.58e-66	215
WP_056072961.1	iAF987.Gmet_0204	34.0	379	226	9	26	391	30	397	1.45e-65	214
WP_056072961.1	iHN637.CLJU_RS10560	33.0	385	236	8	17	391	18	390	1.90e-63	208
WP_056072961.1	iCN900.CD630_20310	34.7	383	225	10	21	391	25	394	3.04e-63	207
WP_056072961.1	iYO844.BSU40340	34.5	386	223	11	11	377	13	387	1.38e-62	206
WP_056072961.1	iEK1008.Rv1655	33.5	379	228	10	26	394	35	399	1.35e-62	206
WP_056072961.1	iYS854.USA300HOU_RS00975	34.8	400	223	11	8	387	10	391	1.16e-62	206
WP_056072961.1	iAF692.Mbar_A3279	32.6	374	238	6	26	391	30	397	2.73e-62	205
WP_056072961.1	iYS854.USA300HOU_RS04745	35.5	375	218	10	16	377	21	384	2.60e-61	202
WP_056072961.1	iCN718.ABAYE_RS02280	33.7	371	223	8	26	382	32	393	1.24e-60	201
WP_056072967.1	iHN637.CLJU_RS14365	39.4	259	133	9	3	247	1	249	5.49e-41	141
WP_056072990.1	iCN900.CD630_34970	47.9	236	118	3	25	256	247	481	2.23e-65	210
WP_056072990.1	iHN637.CLJU_RS20535	46.4	250	128	3	14	257	232	481	2.59e-63	205
WP_056072990.1	iAF987.Gmet_2399	42.7	253	140	2	10	257	7	259	3.24e-65	203
WP_056072992.1	iML1515.b0237	43.7	487	267	4	4	487	3	485	4.04e-139	409
WP_056072992.1	iSDY_1059.SDY_0480	43.5	487	268	3	4	487	3	485	5.72e-139	408
WP_056072992.1	iSbBS512_1146.SbBS512_E0234	43.3	487	269	3	4	487	3	485	1.62e-138	407
WP_056072992.1	iSSON_1240.SSON_0279	43.5	487	268	4	4	487	3	485	1.62e-138	407
WP_056072992.1	STM_v1_0.STM0316	43.4	484	273	1	4	487	3	485	6.50e-138	405
WP_056072992.1	iSF_1195.SF0285	43.1	487	270	3	4	487	3	485	6.50e-138	405
WP_056072992.1	iPC815.YPO3230	42.6	484	277	1	4	487	3	485	2.69e-137	404
WP_056072992.1	iYL1228.KPN_00249	44.2	448	249	1	40	487	3	449	7.97e-130	384
WP_056072994.1	iHN637.CLJU_RS03465	28.6	84	57	2	5	85	2	85	2.07e-04	37.7
WP_056072999.1	iSynCJ816.SGL_RS08135	39.6	427	247	6	1	417	1	426	1.36e-88	276
WP_056073012.1	iAF987.Gmet_0068	27.1	155	111	2	49	203	34	186	2.73e-14	68.2
WP_056073012.1	iML1515.b1813	30.5	164	99	5	47	204	30	184	2.55e-12	62.8
WP_056073024.1	iYO844.BSU03070	28.7	432	283	12	1	423	1	416	3.02e-43	159
WP_056073036.1	iCN718.ABAYE_RS04530	50.2	945	449	10	1	939	1	929	0.0	925
WP_056073036.1	iLJ478.TM0557	50.3	947	425	8	1	924	1	924	0.0	924
WP_056073036.1	iYL1228.KPN_00041	51.3	935	425	10	1	924	1	916	0.0	918
WP_056073036.1	iML1515.b0033	51.2	935	426	10	1	924	1	916	0.0	916
WP_056073036.1	iSbBS512_1146.SbBS512_E0037	51.2	935	426	10	1	924	1	916	0.0	916
WP_056073036.1	iSF_1195.SF0030	51.2	935	426	10	1	924	1	916	0.0	916
WP_056073036.1	iSSON_1240.SSON_0038	51.2	935	426	10	1	924	1	916	0.0	916
WP_056073036.1	STM_v1_0.STM0067	51.2	935	426	10	1	924	1	916	0.0	915
WP_056073036.1	iSDY_1059.SDY_0055	51.2	935	426	10	1	924	1	916	0.0	913
WP_056073036.1	iSynCJ816.SGL_RS14530	49.9	940	439	10	1	924	1	924	0.0	912
WP_056073036.1	iPC815.YPO0482	51.1	932	432	8	1	924	1	916	0.0	911
WP_056073036.1	iJN1463.PP_4723	48.9	952	460	10	1	946	4	935	0.0	911
WP_056073036.1	iYS854.USA300HOU_RS06045	50.0	928	441	8	1	924	1	909	5.22e-320	910
WP_056073036.1	iAF987.Gmet_1774	49.6	941	441	9	1	924	1	925	7.15e-319	907
WP_056073036.1	iHN637.CLJU_RS12420	49.5	947	450	11	1	941	1	925	5.63e-315	897
WP_056073036.1	iEK1008.Rv1384	48.3	958	448	10	1	924	1	945	7.81e-311	888
WP_056073036.1	iNF517.LLMG_RS05530	48.1	960	460	13	1	949	1	933	3.33e-310	884
WP_056073036.1	iYO844.BSU15520	48.5	929	453	9	1	924	1	909	2.18e-307	877
WP_056073036.1	iCN900.CD630_35880	48.9	945	458	11	1	939	1	926	2.25e-306	875
WP_056073036.1	iCN900.CD630_35900	48.3	944	465	9	1	939	1	926	7.25e-305	871
WP_056073036.1	iAF692.Mbar_A2374	48.0	933	453	10	1	924	1	910	2.93e-302	864
WP_056073036.1	iAF987.Gmet_0661	48.0	930	455	11	1	924	1	907	3.65e-299	856
WP_056073036.1	iHN637.CLJU_RS02155	48.2	931	456	10	1	924	1	912	1.42e-296	850
WP_056073036.1	iIT341.HP0919	48.2	954	441	14	1	924	1	931	5.11e-293	841
WP_056073053.1	iYL1228.KPN_01198	49.2	124	62	1	8	130	6	129	5.69e-40	130
WP_056073053.1	iML1515.b1778	49.6	121	60	1	10	129	8	128	9.32e-39	127
WP_056073053.1	iSF_1195.SF1445	49.6	121	60	1	10	129	8	128	9.32e-39	127
WP_056073053.1	iSSON_1240.SSON_1385	49.6	121	60	1	10	129	8	128	9.32e-39	127
WP_056073053.1	iEK1008.Rv2674	47.9	121	60	2	8	125	9	129	2.58e-38	125
WP_056073053.1	STM_v1_0.STM1291	47.5	122	63	1	10	130	18	139	3.57e-38	125
WP_056073053.1	iSDY_1059.SDY_1489	48.8	121	61	1	10	129	8	128	3.77e-38	125
WP_056073053.1	iPC815.YPO2158	51.8	110	51	2	19	127	18	126	2.16e-37	123
WP_056073057.1	iEK1008.Rv2674	50.0	132	64	2	30	159	2	133	5.43e-41	134
WP_056073057.1	iYS854.USA300HOU_RS07275	52.5	122	57	1	42	162	6	127	1.50e-39	130
WP_056073057.1	iCN900.CD630_21660	52.9	121	56	1	40	159	182	302	2.62e-34	122
WP_056073062.1	iAF987.Gmet_1238	27.9	262	160	8	4	259	5	243	2.19e-28	108
WP_056073076.1	iYO844.BSU22890	47.8	224	112	3	1	224	1	219	1.70e-59	186
WP_056073076.1	iCN900.CD630_18160	43.0	223	114	3	5	225	4	215	3.61e-54	172
WP_056073079.1	STM_v1_0.STM2421	50.3	441	192	5	1	440	1	415	1.32e-147	426
WP_056073079.1	iML1515.b2406	49.7	439	194	5	1	438	1	413	7.00e-145	419
WP_056073079.1	iML1515.b2964	47.5	444	204	5	1	441	1	418	1.12e-138	403
WP_056073079.1	iSbBS512_1146.SbBS512_E3397	47.5	444	204	5	1	441	1	418	1.12e-138	403
WP_056073079.1	iSF_1195.SF2961	47.5	444	204	5	1	441	17	434	1.91e-138	403
WP_056073079.1	iSSON_1240.SSON_3232	47.5	444	204	5	1	441	17	434	1.91e-138	403
WP_056073079.1	STM_v1_0.STM3113	47.9	432	198	5	1	431	1	406	9.05e-138	401
WP_056073079.1	iSDY_1059.SDY_3108	48.1	432	197	4	1	431	17	422	1.54e-137	401
WP_056073079.1	iYL1228.KPN_03396	47.9	432	198	5	1	431	1	406	1.15e-135	395
WP_056073082.1	iHN637.CLJU_RS10465	32.3	359	232	4	28	376	279	636	1.84e-61	214
WP_056073088.1	iSynCJ816.SGL_RS06280	44.2	147	61	4	39	182	3	131	3.21e-29	104
WP_056073122.1	iAF987.Gmet_1416	36.6	818	491	11	1	807	1	801	1.59e-162	491
WP_056073122.1	iPC815.YPO2428	34.7	824	491	18	1	807	1	794	3.81e-151	461
WP_056073122.1	iSF_1195.SF1518	34.5	822	495	18	1	807	1	794	4.56e-149	456
WP_056073122.1	iSSON_1240.SSON_1445	34.5	822	495	18	1	807	1	794	4.56e-149	456
WP_056073122.1	iSbBS512_1146.SbBS512_E1955	34.5	822	495	18	1	807	1	794	2.52e-148	454
WP_056073122.1	iSDY_1059.SDY_1808	34.4	822	496	18	1	807	1	794	4.98e-148	453
WP_056073122.1	STM_v1_0.STM1338	34.9	825	488	18	1	807	1	794	9.86e-148	452
WP_056073122.1	iYL1228.KPN_02175	34.8	819	497	18	1	807	1	794	1.39e-147	452
WP_056073122.1	iCN718.ABAYE_RS15755	36.9	827	466	24	1	807	1	791	3.99e-146	448
WP_056073127.1	iYL1228.KPN_04152	41.9	434	231	11	14	433	14	440	3.74e-101	321
WP_056073127.1	STM_v1_0.STM3880	40.8	434	236	11	14	433	14	440	9.68e-97	309
WP_056073127.1	iML1515.b3747	40.8	434	236	11	14	433	14	440	5.60e-95	305
WP_056073127.1	iSbBS512_1146.SbBS512_E4173	40.8	434	236	11	14	433	14	440	5.60e-95	305
WP_056073127.1	iSSON_1240.SSON_3917	40.8	434	236	11	14	433	14	440	5.60e-95	305
WP_056073127.1	iSF_1195.SF3828	40.6	434	237	11	14	433	14	440	7.84e-95	304
WP_056073127.1	iSDY_1059.SDY_4001	40.6	436	236	12	14	433	14	442	6.64e-93	299
WP_056073127.1	iPC815.YPO0006	40.7	447	239	12	3	433	4	440	6.69e-92	296
WP_056073127.1	iJN1463.PP_1200	39.6	447	249	9	2	433	14	454	1.40e-90	293
WP_056073137.1	iJN1463.PP_4944	28.6	623	338	16	1	564	1	575	1.51e-62	215
WP_056073147.1	iSynCJ816.SGL_RS17040	28.8	385	257	8	51	419	60	443	1.19e-40	159
WP_056073162.1	iAF987.Gmet_1832	28.4	109	71	3	152	258	415	518	1.01e-05	46.2
WP_056073168.1	iSynCJ816.SGL_RS14980	32.5	83	36	3	145	215	153	227	6.54e-05	42.7
WP_056073199.1	iML1515.b1600	32.1	106	63	3	3	105	5	104	1.01e-09	51.6
WP_056073199.1	iSbBS512_1146.SbBS512_E1786	32.1	106	63	3	3	105	5	104	1.01e-09	51.6
WP_056073199.1	iSDY_1059.SDY_1553	32.1	106	63	3	3	105	5	104	1.01e-09	51.6
WP_056073199.1	iSF_1195.SF1621	32.1	106	63	3	3	105	5	104	1.01e-09	51.6
WP_056073199.1	iSSON_1240.SSON_1560	32.1	106	63	3	3	105	5	104	1.01e-09	51.6
WP_056073210.1	iCN900.CD630_04310	25.4	540	311	21	14	533	10	477	3.94e-24	105
WP_056073213.1	iAF987.Gmet_0043	22.2	397	286	7	346	735	20	400	8.37e-16	80.9
WP_056073218.1	iYS854.USA300HOU_RS07595	22.5	346	240	9	17	354	8	333	5.03e-13	70.1
WP_056073221.1	iAF987.Gmet_3509	35.2	1036	638	8	4	1020	1	1022	9.29e-222	659
WP_056073221.1	iJN1463.PP_0043	36.3	1047	640	12	6	1029	3	1045	1.41e-205	618
WP_056073221.1	iJN1463.PP_2410	36.0	1050	639	11	6	1029	3	1045	5.43e-200	603
WP_056073224.1	iAF987.Gmet_3508	28.3	329	226	3	38	358	86	412	7.05e-35	132
WP_056073226.1	iJN1463.PP_0045	22.5	298	207	4	29	324	38	313	3.47e-04	42.4
WP_056073229.1	iAF987.Gmet_1991	24.9	173	106	6	224	382	188	350	2.66e-04	43.1
WP_056073232.1	iAF987.Gmet_1919	27.0	141	100	1	3	143	5	142	6.22e-16	75.1
WP_056073232.1	iAF987.Gmet_1914	29.7	128	87	1	3	127	4	131	1.23e-15	74.7
WP_056073232.1	iAF987.Gmet_2999	28.9	135	89	2	2	134	9	138	1.73e-13	68.2
WP_056073234.1	iHN637.CLJU_RS10515	26.9	308	173	11	49	336	52	327	4.10e-14	72.0
WP_056073246.1	iHN637.CLJU_RS10540	42.7	382	215	3	33	411	29	409	1.14e-100	305
WP_056073246.1	iCN718.ABAYE_RS00945	37.9	380	234	2	33	411	21	399	1.28e-89	276
WP_056073249.1	iLJ478.TM0561	34.3	347	217	4	14	359	14	350	2.06e-66	213
WP_056073249.1	iAF987.Gmet_1189	32.4	349	223	6	14	359	17	355	6.48e-59	194
WP_056073260.1	iYL1228.KPN_01517	64.7	462	161	2	3	464	4	463	2.17e-208	583
WP_056073260.1	STM_v1_0.STM1469	64.6	461	161	2	4	464	5	463	1.06e-206	579
WP_056073260.1	iSSON_1240.SSON_1549	64.7	462	161	2	4	465	5	464	6.07e-206	577
WP_056073260.1	iML1515.b1611	64.5	462	162	2	4	465	5	464	1.73e-205	576
WP_056073260.1	iSbBS512_1146.SbBS512_E1796	64.5	462	162	2	4	465	5	464	1.73e-205	576
WP_056073260.1	iSF_1195.SF1634	64.3	462	163	2	4	465	5	464	2.00e-204	573
WP_056073260.1	iSDY_1059.SDY_1827	63.9	462	165	2	4	465	5	464	3.29e-203	570
WP_056073260.1	iCHOv1.100773218	62.5	461	170	3	3	462	47	505	3.14e-201	566
WP_056073260.1	iAT_PLT_636.2271	62.3	461	171	3	3	462	50	508	8.09e-200	563
WP_056073260.1	iMM1415.14194	61.6	461	174	3	3	462	47	505	5.93e-199	561
WP_056073260.1	iYO844.BSU33040	61.0	461	177	2	1	461	1	458	7.15e-194	546
WP_056073260.1	iIT341.HP1325	59.3	462	186	2	1	462	1	460	8.04e-191	538
WP_056073260.1	iCN718.ABAYE_RS08160	59.7	461	184	2	1	461	1	459	2.58e-187	530
WP_056073260.1	iMM904.YPL262W	59.7	461	183	2	3	462	28	486	3.41e-186	528
WP_056073260.1	iLB1027_lipid.PHATRDRAFT_36139	59.7	454	181	2	10	462	1	453	1.12e-185	525
WP_056073266.1	iJN1463.PP_2242	28.4	211	120	9	152	338	83	286	6.55e-07	52.8
WP_056073269.1	iPC815.YPO3070	47.4	114	58	2	2	113	4	117	8.91e-31	105
WP_056073269.1	iJN1463.PP_1645	46.9	113	59	1	2	113	4	116	1.23e-30	105
WP_056073275.1	iSF_1195.SF2339	25.3	324	210	7	44	342	125	441	1.16e-14	74.3
WP_056073275.1	iSbBS512_1146.SbBS512_E2639	26.5	306	195	9	61	342	142	441	3.74e-14	72.8
WP_056073275.1	iSSON_1240.SSON_2321	25.7	327	213	9	40	342	121	441	5.26e-14	72.4
WP_056073275.1	STM_v1_0.STM2305	24.0	329	218	9	40	342	121	443	6.77e-14	72.0
WP_056073275.1	iML1515.b2260	26.1	306	196	9	61	342	142	441	3.85e-13	69.7
WP_056073277.1	iMM1415.16790	24.9	197	133	8	173	358	225	417	1.36e-05	47.8
WP_056073277.1	iCHOv1.100762211	23.0	204	142	7	173	366	209	407	1.22e-04	44.7
WP_056073277.1	iCHOv1.100751632	32.0	100	60	4	263	358	24	119	1.47e-04	44.3
WP_056073277.1	STM_v1_0.STM1057	25.1	183	116	6	192	361	156	330	1.57e-04	44.3
WP_056073277.1	iYL1228.KPN_00968	22.5	253	162	9	192	420	157	399	2.07e-04	43.9
WP_056073277.1	iAT_PLT_636.290	47.1	34	18	0	325	358	385	418	3.66e-04	43.1
WP_056073283.1	iAF987.Gmet_3290	49.4	526	250	2	5	530	15	524	2.22e-173	500
WP_056073283.1	iCHOv1.100756739	48.5	530	256	4	5	533	42	555	7.74e-168	487
WP_056073283.1	iAT_PLT_636.64087	48.4	531	255	6	5	533	42	555	2.50e-166	483
WP_056073283.1	iMM1415.78038	47.5	530	261	4	5	533	42	555	1.42e-165	481
WP_056073283.1	iJN1463.PP_4065	46.7	520	260	3	23	542	33	535	2.18e-160	467
WP_056073288.1	iYO844.BSU12840	35.5	423	169	8	7	425	9	331	7.89e-67	216
WP_056073288.1	iAF987.Gmet_3131	33.0	427	183	8	1	424	2	328	4.80e-61	201
WP_056073297.1	iAF987.Gmet_0043	27.1	266	176	7	142	394	6	266	2.43e-12	68.2
WP_056073304.1	iLJ478.TM1744	46.0	322	172	2	3	323	2	322	1.06e-91	277
WP_056073314.1	iCHOv1.100762141	43.4	327	178	3	6	330	72	393	7.08e-84	263
WP_056073314.1	iEK1008.Rv1077	43.7	325	171	3	10	333	6	319	2.52e-83	259
WP_056073314.1	iMM1415.12411	42.8	327	180	3	6	330	72	393	3.06e-82	259
WP_056073314.1	iMM904.YGR155W	38.5	340	197	5	2	332	5	341	5.87e-79	249
WP_056073314.1	iLB1027_lipid.PHATRDRAFT_42003	40.6	323	188	2	10	332	7	325	6.16e-79	248
WP_056073314.1	iHN637.CLJU_RS11990	40.1	314	174	3	5	318	1	300	1.21e-76	237
WP_056073329.1	iCN900.CD630_16570	47.4	369	176	6	1	360	4	363	1.77e-105	327
WP_056073329.1	iHN637.CLJU_RS11895	44.2	362	199	3	1	360	4	364	9.07e-107	317
WP_056073329.1	iLJ478.TM0211	46.4	360	189	4	1	359	1	357	3.08e-101	303
WP_056073329.1	iYS854.USA300HOU_RS08205	44.0	357	193	3	1	354	5	357	4.23e-101	302
WP_056073339.1	iML1515.b1488	36.6	183	115	1	50	231	1	183	2.35e-35	124
WP_056073339.1	iSSON_1240.SSON_1636	36.6	183	115	1	50	231	1	183	2.35e-35	124
WP_056073339.1	iSbBS512_1146.SbBS512_E1751	36.0	175	112	0	50	224	2	176	1.31e-34	122
WP_056073362.1	iYO844.BSU29190	52.0	319	148	4	5	323	1	314	1.91e-106	313
WP_056073362.1	iCN900.CD630_33950	50.5	323	155	3	5	327	1	318	3.30e-102	302
WP_056073362.1	iLJ478.TM0209	45.2	323	173	2	5	327	1	319	5.69e-98	291
WP_056073362.1	iNF517.LLMG_RS05680	51.5	301	142	2	5	305	1	297	3.18e-97	290
WP_056073362.1	iAF987.Gmet_0938	46.9	322	166	3	5	326	1	317	3.71e-96	287
WP_056073362.1	iHN637.CLJU_RS01590	48.3	319	160	4	5	323	1	314	1.44e-95	285
WP_056073365.1	iYL1228.KPN_01197	70.9	330	94	2	4	332	3	331	7.73e-161	452
WP_056073365.1	STM_v1_0.STM1290	70.3	330	96	2	4	332	3	331	2.21e-160	451
WP_056073365.1	iML1515.b1779	69.7	330	98	2	4	332	3	331	1.27e-159	449
WP_056073365.1	iSbBS512_1146.SbBS512_E2026	69.7	330	98	2	4	332	3	331	1.27e-159	449
WP_056073365.1	iSDY_1059.SDY_1488	69.7	330	98	2	4	332	3	331	1.27e-159	449
WP_056073365.1	iSF_1195.SF1444	69.7	330	98	2	4	332	3	331	1.27e-159	449
WP_056073365.1	iSSON_1240.SSON_1384	69.7	330	98	2	4	332	3	331	1.27e-159	449
WP_056073365.1	iPC815.YPO2157	69.7	330	98	2	4	332	6	334	2.85e-159	448
WP_056073365.1	iAT_PLT_636.2597	64.5	332	117	1	1	331	1	332	2.38e-151	428
WP_056073365.1	iCHOv1.100736557	64.7	329	115	1	4	331	2	330	1.21e-148	421
WP_056073365.1	iAM_Pb448.PBANKA_132640	62.5	336	122	3	1	332	1	336	3.97e-148	420
WP_056073365.1	iAM_Pf480.PF3D7_1462800	64.1	334	116	3	1	330	1	334	1.61e-147	418
WP_056073365.1	iAM_Pc455.PCYB_125230	62.8	336	121	3	1	332	1	336	1.31e-146	416
WP_056073365.1	iMM904.YGR192C	63.3	330	120	1	4	332	2	331	3.44e-143	407
WP_056073371.1	iML1515.b1010	32.5	123	82	1	2	124	3	124	7.89e-16	68.2
WP_056073371.1	iSDY_1059.SDY_0985	32.5	123	82	1	2	124	3	124	7.89e-16	68.2
WP_056073371.1	iSF_1195.SF1013	32.5	123	82	1	2	124	3	124	1.11e-15	67.8
WP_056073376.1	iAF987.Gmet_1425	37.0	227	125	3	31	251	201	415	2.97e-34	131
WP_056073378.1	iAF987.Gmet_2065	30.3	435	270	5	4	438	3	404	1.64e-50	181
WP_056073378.1	iAF987.Gmet_2255	30.8	438	252	9	8	438	7	400	5.71e-45	165
WP_056073378.1	iAF987.Gmet_0685	29.3	433	270	7	8	438	3	401	2.11e-44	164
WP_056073383.1	iAF987.Gmet_2255	46.9	239	123	4	21	258	415	650	2.01e-72	233
WP_056073383.1	iAF987.Gmet_2065	44.0	243	132	4	19	260	417	656	2.37e-70	228
WP_056073383.1	iAF987.Gmet_2070	42.6	244	136	2	14	257	418	657	2.73e-69	225
WP_056073383.1	iAF987.Gmet_0685	42.3	241	136	3	21	260	416	654	9.76e-69	223
WP_056073383.1	iAF987.Gmet_1714	41.2	245	142	2	14	258	416	658	1.83e-66	218
WP_056073383.1	iAF987.Gmet_2264	40.0	245	143	2	13	257	415	655	4.58e-64	211
WP_056073383.1	iJN1463.PP_0311	44.8	248	128	5	12	259	388	626	3.82e-64	211
WP_056073383.1	iAF987.Gmet_1527	43.1	239	127	5	21	259	421	650	7.97e-64	210
WP_056073390.1	iML1515.b2430	28.6	391	238	11	571	941	28	397	8.70e-31	126
WP_056073390.1	iLJ478.TM0809	27.2	305	214	5	68	368	20	320	2.51e-30	125
WP_056073396.1	iYS854.USA300HOU_RS07460	42.8	374	210	2	1	373	1	371	3.90e-102	306
WP_056073405.1	iSynCJ816.SGL_RS06190	54.0	352	155	2	3	347	2	353	1.14e-131	380
WP_056073405.1	iPC815.YPO2751	52.1	353	161	3	1	350	1	348	4.16e-124	360
WP_056073405.1	iLB1027_lipid.PHATRDRAFT_43429	51.0	359	165	4	3	350	27	385	7.11e-119	350
WP_056073405.1	iSDY_1059.SDY_2528	51.0	353	165	3	1	350	1	348	1.03e-119	349
WP_056073405.1	iML1515.b2329	51.0	353	165	3	1	350	1	348	2.07e-119	348
WP_056073405.1	iSbBS512_1146.SbBS512_E2707	51.0	353	165	3	1	350	1	348	2.93e-119	348
WP_056073405.1	iSSON_1240.SSON_2387	51.0	353	165	3	1	350	1	348	2.93e-119	348
WP_056073405.1	iSF_1195.SF2405	51.0	353	165	3	1	350	1	348	4.15e-119	348
WP_056073405.1	iYL1228.KPN_02719	50.4	353	167	3	1	350	1	348	9.57e-118	344
WP_056073405.1	STM_v1_0.STM2384	50.1	353	168	3	1	350	1	348	9.57e-118	344
WP_056073433.1	iYO844.BSU19630	23.0	274	163	6	17	287	4	232	4.82e-14	69.7
WP_056073439.1	iYO844.BSU24040	44.0	323	171	5	344	658	7	327	4.32e-89	280
WP_056073439.1	iCN900.CD630_00370	46.2	318	162	6	346	656	11	326	1.01e-82	263
WP_056073445.1	iMM1415.15117	27.1	292	189	5	198	480	189	465	2.47e-20	93.6
WP_056073445.1	iCHOv1.100751055	26.8	269	175	3	219	480	3	256	9.61e-19	87.0
WP_056073465.1	iJN1463.PP_2205	33.9	552	326	16	31	563	43	574	4.27e-78	261
WP_056073469.1	iHN637.CLJU_RS17225	40.5	195	115	1	4	197	6	200	7.07e-37	129
WP_056073469.1	iNF517.LLMG_RS08950	38.2	191	117	1	3	193	2	191	1.65e-36	128
WP_056073469.1	iCN900.CD630_11820	37.0	227	129	4	1	216	1	224	1.06e-35	126
WP_056073469.1	iAF987.Gmet_1601	37.1	194	122	0	4	197	3	196	1.95e-35	125
WP_056073469.1	iLJ478.TM1724	34.2	222	134	1	3	224	2	211	1.07e-34	124
WP_056073469.1	iSynCJ816.SGL_RS07245	36.4	198	125	1	1	197	1	198	3.59e-32	117
WP_056073473.1	iCHOv1.100766004	37.4	219	117	6	88	301	15	218	2.00e-36	129
WP_056073473.1	iYL1228.KPN_04788	38.2	212	115	5	90	299	46	243	1.81e-35	128
WP_056073473.1	iSF_1195.SF4384	35.7	224	128	5	78	299	213	422	5.42e-34	128
WP_056073473.1	iSbBS512_1146.SbBS512_E4890	36.6	216	121	5	86	299	221	422	7.52e-34	127
WP_056073473.1	iSSON_1240.SSON_4499	36.6	216	121	5	86	299	221	422	7.52e-34	127
WP_056073473.1	STM_v1_0.STM1101	36.8	212	118	4	90	299	225	422	2.00e-33	126
WP_056073479.1	iSynCJ816.SGL_RS16150	35.9	304	187	3	7	310	9	304	6.20e-59	192
WP_056073483.1	iYS854.USA300HOU_RS13340	36.6	497	274	8	27	485	17	510	7.42e-94	295
WP_056073485.1	iAF987.Gmet_2143	33.4	512	331	7	26	531	4	511	1.36e-89	284
WP_056073487.1	iJN1463.PP_1478	40.9	325	188	2	391	712	7	330	1.56e-74	246
WP_056073487.1	iJN1463.PP_2489	37.7	329	199	4	389	712	5	332	1.67e-65	221
WP_056073495.1	iLJ478.TM1744	42.6	329	187	2	3	330	2	329	4.17e-82	252
WP_056073495.1	iAF987.Gmet_0270	42.0	338	171	7	3	330	4	326	3.40e-74	232
WP_056073512.1	iYO844.BSU02130	27.5	276	159	9	32	295	38	284	1.15e-19	86.7
WP_056073518.1	iCHOv1.100751291	33.7	184	113	3	17	194	52	232	2.09e-25	102
WP_056073528.1	iAF692.Mbar_A1823	26.7	409	274	12	19	413	38	434	1.10e-26	112
WP_056073528.1	iAF692.Mbar_A2221	26.7	427	273	14	8	413	28	435	6.53e-26	109
WP_056073530.1	iJN1463.PP_4702	52.7	626	291	5	10	635	22	642	5.33e-241	680
WP_056073530.1	iML1515.b4069	54.1	628	273	8	10	630	22	641	6.12e-237	670
WP_056073530.1	iSSON_1240.SSON_4250	54.1	628	273	8	10	630	22	641	6.12e-237	670
WP_056073530.1	STM_v1_0.STM4275	53.7	628	276	8	10	630	22	641	1.23e-236	669
WP_056073530.1	iYL1228.KPN_04478	53.2	628	279	8	10	630	22	641	3.75e-233	660
WP_056073530.1	iPC815.YPO0253	52.7	628	282	8	10	630	22	641	6.10e-232	657
WP_056073530.1	iJN1463.PP_4487	52.8	619	283	6	16	630	71	684	1.80e-229	652
WP_056073530.1	iCN718.ABAYE_RS01415	52.6	629	277	9	12	630	22	639	1.03e-229	651
WP_056073530.1	iCHOv1.100769754	50.4	615	299	4	18	630	74	684	1.49e-226	645
WP_056073530.1	iSynCJ816.SGL_RS15030	50.5	638	295	11	6	633	27	653	9.31e-219	624
WP_056073530.1	iCHOv1.100752902	47.9	687	294	12	6	634	41	721	3.22e-214	615
WP_056073540.1	iYS854.USA300HOU_RS01080	35.0	177	113	1	15	189	17	193	4.80e-29	107
WP_056073540.1	iYO844.BSU19230	30.3	185	126	2	13	194	15	199	3.73e-28	104
WP_056073546.1	iAF987.Gmet_0043	23.2	259	189	4	141	389	25	283	4.74e-10	60.8
WP_056073555.1	iAF987.Gmet_1914	35.9	117	75	0	5	121	2	118	3.37e-16	80.1
WP_056073560.1	iAF692.Mbar_A0964	35.3	116	65	4	189	301	50	158	6.95e-09	56.2
WP_056073591.1	iYS854.USA300HOU_RS00270	33.7	89	59	0	92	180	76	164	1.74e-09	53.9
WP_056073594.1	iML1515.b4167	34.2	260	160	5	16	272	243	494	4.67e-34	129
WP_056073662.1	iML1515.b2361	40.9	127	75	0	11	137	4	130	1.36e-25	96.3
WP_056073684.1	iMM904.YPL028W	58.9	397	157	6	1	391	1	397	3.93e-149	427
WP_056073684.1	iLB1027_lipid.PHATRDRAFT_23913	56.7	393	162	5	5	391	4	394	3.01e-138	399
WP_056073692.1	iCN900.CD630_20200	41.4	898	418	14	8	839	9	864	3.85e-209	615
WP_056073694.1	iAF692.Mbar_A3203	30.1	329	185	10	164	451	3	327	6.23e-30	118
WP_056073697.1	iHN637.CLJU_RS10535	45.5	497	267	4	7	501	6	500	5.63e-143	420
WP_056073697.1	iYO844.BSU39350	44.6	498	273	3	7	502	4	500	1.21e-139	411
WP_056073697.1	iYS854.USA300HOU_RS00040	43.1	494	275	5	4	492	2	494	7.23e-132	391
WP_056073703.1	iIT341.HP1552	42.8	425	226	6	18	436	14	427	8.36e-105	318
WP_056073703.1	STM_v1_0.STM0039	42.6	430	196	8	18	442	4	387	1.02e-98	300
WP_056073703.1	iSbBS512_1146.SbBS512_E0019	42.5	431	196	8	18	443	4	387	8.12e-98	298
WP_056073703.1	iSSON_1240.SSON_0021	42.5	431	196	8	18	443	4	387	8.12e-98	298
WP_056073703.1	iSF_1195.SF0016	42.5	431	196	8	18	443	4	387	2.29e-97	297
WP_056073703.1	iML1515.b0019	42.5	431	196	8	18	443	4	387	9.13e-97	295
WP_056073703.1	iSDY_1059.SDY_0018	42.2	431	197	8	18	443	4	387	1.29e-96	295
WP_056073703.1	iYL1228.KPN_00016	42.0	426	197	7	15	436	5	384	1.27e-95	293
WP_056073707.1	iML1515.b0577	39.5	375	226	1	41	415	35	408	3.17e-86	268
WP_056073709.1	iAF987.Gmet_0769	32.1	106	68	3	11	113	13	117	4.15e-07	45.8
WP_056073710.1	iML1515.b0957	35.6	90	56	2	319	406	221	310	5.81e-07	50.8
WP_056073710.1	iSbBS512_1146.SbBS512_E2359	35.6	90	56	2	319	406	221	310	5.81e-07	50.8
WP_056073710.1	iSDY_1059.SDY_0930	35.6	90	56	2	319	406	225	314	5.88e-07	50.8
WP_056073710.1	iSF_1195.SF0957	35.6	90	56	2	319	406	223	312	5.85e-07	50.8
WP_056073710.1	iSSON_1240.SSON_0961	35.6	90	56	2	319	406	221	310	5.81e-07	50.8
WP_056073710.1	iYL1228.KPN_00986	36.7	90	55	2	319	406	231	320	1.06e-06	50.1
WP_056073710.1	iPC815.YPO1435	36.7	90	55	1	319	406	228	317	1.39e-06	49.7
WP_056073710.1	iAF987.Gmet_2727	35.6	101	64	1	321	420	295	395	1.48e-05	46.6
WP_056073724.1	iCN900.CD630_11820	58.6	244	101	0	4	247	4	247	5.02e-94	276
WP_056073724.1	iYO844.BSU15910	53.9	245	113	0	3	247	1	245	3.31e-84	251
WP_056073726.1	iYS854.USA300HOU_RS12590	43.2	389	218	2	5	392	3	389	7.67e-100	305
WP_056073732.1	iCN718.ABAYE_RS04455	57.0	291	122	2	1	289	1	290	4.94e-116	335
WP_056073732.1	iYL1228.KPN_00735	57.8	289	121	1	1	289	1	288	1.28e-114	331
WP_056073732.1	STM_v1_0.STM0739	57.8	289	121	1	1	289	1	288	1.28e-114	331
WP_056073732.1	iYO844.BSU16100	56.1	289	126	1	1	289	1	288	1.07e-113	329
WP_056073732.1	iJN1463.PP_4185	57.2	290	123	1	1	290	1	289	1.17e-111	324
WP_056073732.1	iSF_1195.SF0568	56.4	289	125	1	1	289	1	288	1.98e-111	323
WP_056073732.1	iML1515.b0729	56.4	289	125	1	1	289	1	288	2.81e-111	323
WP_056073732.1	iSbBS512_1146.SbBS512_E0648	56.4	289	125	1	1	289	1	288	2.81e-111	323
WP_056073732.1	iSSON_1240.SSON_0680	56.4	289	125	1	1	289	1	288	2.81e-111	323
WP_056073732.1	iPC815.YPO1116	56.4	289	125	1	1	289	1	288	8.29e-111	322
WP_056073732.1	iSDY_1059.SDY_0667	56.1	289	126	1	1	289	1	288	4.60e-110	320
WP_056073732.1	iAF987.Gmet_2068	57.3	288	121	2	1	288	1	286	8.26e-110	319
WP_056073732.1	iYS854.USA300HOU_RS06270	55.0	282	126	1	1	282	1	281	8.22e-109	317
WP_056073732.1	iAF987.Gmet_0730	55.9	290	127	1	1	290	1	289	1.14e-108	316
WP_056073732.1	iLB1027_lipid.PHATRDRAFT_42015	54.8	290	129	2	3	290	7	296	1.20e-107	314
WP_056073732.1	iAF987.Gmet_2260	55.2	288	127	2	1	288	1	286	1.87e-107	313
WP_056073732.1	iCHOv1.100751457	53.5	284	128	2	3	282	50	333	1.42e-102	303
WP_056073735.1	iSbBS512_1146.SbBS512_E0172	31.7	240	138	5	9	223	6	244	8.36e-15	73.6
WP_056073735.1	iSF_1195.SF0169	31.7	240	138	5	9	223	6	244	8.36e-15	73.6
WP_056073735.1	iSSON_1240.SSON_0191	31.7	240	138	5	9	223	6	244	8.36e-15	73.6
WP_056073735.1	iML1515.b0179	31.7	240	138	5	9	223	6	244	1.13e-14	73.2
WP_056073735.1	iSDY_1059.SDY_0195	31.7	240	138	5	9	223	6	244	1.13e-14	73.2
WP_056073735.1	iIT341.HP0196	31.6	237	139	6	16	231	12	246	5.52e-13	68.2
WP_056073735.1	iAF987.Gmet_2355	47.4	76	40	0	156	231	177	252	1.42e-12	67.0
WP_056073739.1	iAF987.Gmet_2353	32.8	256	171	1	1	255	1	256	5.70e-26	102
WP_056073739.1	iCN718.ABAYE_RS08275	51.5	196	93	2	62	255	67	262	1.82e-22	92.8
WP_056073739.1	iYL1228.KPN_00194	39.5	253	152	1	4	255	10	262	2.54e-22	92.4
WP_056073741.1	iJN1463.PP_1343	36.2	334	176	6	1	328	1	303	1.53e-54	184
WP_056073743.1	STM_v1_0.STM0226	42.5	240	135	2	8	247	9	245	9.35e-34	127
WP_056073743.1	iAF987.Gmet_2355	43.5	336	184	3	4	338	6	336	9.96e-31	119
WP_056073743.1	iML1515.b0179	38.6	241	145	2	8	248	9	246	4.75e-30	117
WP_056073743.1	iSDY_1059.SDY_0195	38.6	241	145	2	8	248	9	246	4.75e-30	117
WP_056073743.1	iJN1463.PP_1601	39.8	241	142	3	3	243	5	242	7.81e-30	116
WP_056073746.1	iAM_Pv461.PVX_100900	30.2	281	151	8	8	246	334	611	2.90e-23	102
WP_056073746.1	iAM_Pb448.PBANKA_145350	28.2	323	168	11	2	272	306	616	4.12e-21	95.5
WP_056073746.1	iAM_Pc455.PCYB_146470	29.5	281	139	9	8	246	329	592	7.36e-21	94.7
WP_056073752.1	iAF987.Gmet_1914	26.8	123	90	0	5	127	3	125	2.91e-09	58.9
WP_056073752.1	iAF987.Gmet_1919	27.6	134	95	1	6	139	5	136	2.76e-09	58.5
WP_056073756.1	iEK1008.Rv2780	35.9	365	230	4	29	391	3	365	3.04e-72	230
WP_056073756.1	iYS854.USA300HOU_RS09065	34.7	366	235	4	29	392	3	366	2.45e-71	228
WP_056073756.1	iYO844.BSU31930	37.3	359	218	6	27	382	1	355	1.61e-70	226
WP_056073763.1	iEK1008.Rv3265c	20.9	263	180	6	6	242	1	261	6.42e-11	62.0
WP_056073769.1	iJN1463.PP_0960	29.9	107	70	3	14	117	18	122	9.25e-05	42.0
WP_056073779.1	iLJ478.TM1015	45.9	423	213	5	10	426	4	416	9.19e-123	362
WP_056073779.1	iYS854.USA300HOU_RS04750	44.7	380	200	3	46	423	41	412	5.32e-116	345
WP_056073779.1	iCN718.ABAYE_RS02275	43.7	414	228	2	13	426	14	422	1.00e-115	344
WP_056073792.1	iAF987.Gmet_1919	25.2	127	91	2	5	130	2	125	8.38e-08	51.2
WP_056073794.1	iCN900.CD630_35200	38.3	290	174	2	1	288	1	287	3.02e-57	185
WP_056073814.1	iAF987.Gmet_2727	35.9	103	60	2	542	644	302	398	1.08e-08	57.4
WP_056073814.1	iML1515.b0957	38.3	94	53	4	533	622	221	313	1.52e-07	53.5
WP_056073814.1	iSbBS512_1146.SbBS512_E2359	38.3	94	53	4	533	622	221	313	1.52e-07	53.5
WP_056073814.1	iSDY_1059.SDY_0930	38.3	94	53	4	533	622	225	317	1.54e-07	53.5
WP_056073814.1	iSF_1195.SF0957	38.3	94	53	4	533	622	223	315	1.53e-07	53.5
WP_056073814.1	iSSON_1240.SSON_0961	38.3	94	53	4	533	622	221	313	1.52e-07	53.5
WP_056073819.1	iML1515.b3003	47.7	279	144	2	7	283	16	294	1.14e-82	250
WP_056073826.1	iJN1463.PP_1494	27.7	101	73	0	17	117	24	124	3.67e-05	42.0
WP_056073827.1	iAF987.Gmet_0043	22.0	250	180	5	348	592	27	266	6.98e-08	55.1
WP_056073834.1	iEK1008.Rv3116	35.5	110	68	2	15	121	272	381	2.59e-13	64.7
WP_056073834.1	iSynCJ816.SGL_RS18145	31.9	94	62	1	29	122	67	158	7.99e-13	61.2
WP_056073836.1	iNF517.LLMG_RS08890	35.4	65	39	1	20	84	465	526	9.35e-06	42.4
WP_056073836.1	iLB1027_lipid.PHATRDRAFT_20318	27.8	79	51	2	21	97	375	449	1.51e-04	38.9
WP_056073836.1	iSynCJ816.SGL_RS18145	26.5	83	58	1	15	97	75	154	1.35e-04	38.5
WP_056073841.1	iYS854.USA300HOU_RS05725	43.6	39	21	1	62	100	21	58	1.25e-04	39.3
WP_056073844.1	iYO844.BSU07830	36.4	195	113	5	4	187	8	202	3.84e-34	120
WP_056073851.1	iLJ478.TM0141	43.2	192	103	3	1	188	44	233	1.72e-51	173
WP_056073851.1	iHN637.CLJU_RS07880	45.7	188	95	4	4	187	2	186	2.99e-54	171
WP_056073851.1	iCN900.CD630_14450	43.3	187	102	2	4	188	2	186	9.03e-52	164
WP_056073851.1	iNF517.LLMG_RS05240	44.9	187	99	4	4	188	2	186	1.76e-51	163
WP_056073851.1	iYL1228.KPN_03746	43.5	186	101	2	4	187	2	185	9.58e-50	159
WP_056073851.1	iAF987.Gmet_2496	44.6	186	99	2	4	187	2	185	2.89e-49	157
WP_056073851.1	iSynCJ816.SGL_RS13880	44.1	195	98	4	4	189	2	194	3.57e-49	157
WP_056073851.1	STM_v1_0.STM3469	41.9	186	104	2	4	187	2	185	7.74e-49	156
WP_056073851.1	iCN718.ABAYE_RS06050	42.4	191	101	4	4	187	2	190	1.35e-48	156
WP_056073856.1	iML1515.b3241	24.8	339	176	7	4	335	2	268	8.99e-14	70.9
WP_056073857.1	iYO844.BSU03070	30.5	420	274	8	29	442	23	430	8.44e-52	184
WP_056073870.1	iEK1008.Rv0386	34.5	58	38	0	93	150	1026	1083	3.77e-05	42.4
WP_056073878.1	iYS854.USA300HOU_RS06015	48.7	316	140	6	17	330	2	297	8.13e-86	261
WP_056073878.1	iCN900.CD630_25960	45.5	308	147	5	27	332	13	301	2.87e-80	246
WP_056073878.1	iNF517.LLMG_RS07670	46.6	307	141	7	30	334	13	298	1.08e-79	245
WP_056073882.1	iHN637.CLJU_RS15825	36.4	321	178	8	1	320	1	296	3.15e-54	179
WP_056073882.1	iCN900.CD630_14080	35.9	323	179	9	1	320	1	298	4.81e-54	178
WP_056073882.1	iPC815.YPO0557	36.6	325	174	8	3	319	5	305	6.40e-53	176
WP_056073882.1	iCN900.CD630_16260	32.6	362	200	6	3	321	6	366	9.62e-50	169
WP_056073884.1	iSynCJ816.SGL_RS15225	48.3	147	75	1	4	149	2	148	5.70e-43	139
WP_056073884.1	iLJ478.TM0741	47.9	146	75	1	5	149	3	148	2.44e-42	137
WP_056073884.1	iAF987.Gmet_1759	46.0	150	80	1	2	150	3	152	2.98e-41	135
WP_056073884.1	iHN637.CLJU_RS06240	45.6	149	80	1	3	150	2	150	1.75e-40	133
WP_056073884.1	iYO844.BSU15020	45.4	152	82	1	1	151	1	152	4.56e-40	132
WP_056073884.1	iYS854.USA300HOU_RS05615	45.6	149	80	1	2	149	3	151	8.89e-40	131
WP_056073884.1	iIT341.HP1475	40.7	150	88	1	1	149	1	150	5.33e-38	126
WP_056073884.1	STM_v1_0.STM3725	42.0	150	86	1	1	149	1	150	5.65e-38	126
WP_056073886.1	iJN1463.PP_0686	45.9	85	38	3	108	188	33	113	1.22e-13	63.9
WP_056073886.1	iCN900.CD630_36220	52.9	70	30	2	108	175	32	100	2.44e-13	63.2
WP_056073887.1	iYS854.USA300HOU_RS07595	23.5	319	222	9	14	322	11	317	1.87e-13	71.6
WP_056073888.1	iYO844.BSU23610	52.9	34	16	0	93	126	73	106	1.75e-04	40.4
WP_056073888.1	iSF_1195.SF0096	30.9	94	49	4	74	159	9	94	6.22e-04	38.1
WP_056073888.1	STM_v1_0.STM0137	30.4	92	52	2	74	159	9	94	8.73e-04	37.7
WP_056073888.1	iSbBS512_1146.SbBS512_E0093	28.3	92	54	2	74	159	9	94	8.50e-04	37.7
WP_056073888.1	iSDY_1059.SDY_0129	30.9	94	49	4	74	159	9	94	8.85e-04	37.7
WP_056073888.1	iSSON_1240.SSON_0107	30.9	94	49	4	74	159	9	94	8.50e-04	37.7
WP_056073890.1	iNF517.LLMG_RS07605	48.7	197	101	0	15	211	11	207	1.76e-63	196
WP_056073890.1	iYO844.BSU15560	46.8	205	109	0	4	208	4	208	6.60e-60	187
WP_056073890.1	iYS854.USA300HOU_RS06055	47.2	197	104	0	8	204	2	198	1.64e-57	180
WP_056073896.1	iHN637.CLJU_RS13140	41.0	166	87	6	3	162	83	243	3.51e-24	98.2
WP_056073900.1	iAT_PLT_636.4905	34.8	227	125	5	218	427	242	462	7.65e-28	119
WP_056073900.1	iMM1415.18195	34.8	227	125	5	218	427	242	462	7.65e-28	119
WP_056073903.1	iYS854.USA300HOU_RS06355	55.2	116	49	2	142	255	137	251	1.23e-34	125
WP_056073903.1	iYO844.BSU16540	52.1	117	55	1	143	258	146	262	1.16e-33	122
WP_056073903.1	iAF987.Gmet_1255	31.0	271	172	4	1	260	1	267	4.08e-31	116
WP_056073903.1	iCN900.CD630_21350	35.3	221	130	8	43	258	39	251	5.94e-30	112
WP_056073904.1	iAF987.Gmet_1263	39.0	200	117	3	17	215	19	214	1.73e-37	129
WP_056073905.1	iMM904.YGR037C	31.3	80	55	0	9	88	5	84	4.00e-09	48.5
WP_056073905.1	iCHOv1.100763456	34.2	76	46	1	14	85	8	83	4.19e-07	45.4
WP_056073905.1	iIS312.TCDM_08242	32.9	85	57	0	1	85	658	742	6.08e-07	45.1
WP_056073907.1	iHN637.CLJU_RS17105	43.0	892	445	16	7	874	11	863	5.70e-246	711
WP_056073907.1	iLJ478.TM1817	41.1	895	488	12	3	892	4	864	1.22e-240	697
WP_056073907.1	iCN900.CD630_32560	42.6	906	468	14	7	892	10	883	4.10e-239	694
WP_056073907.1	iYS854.USA300HOU_RS08810	41.3	912	479	14	1	893	1	875	4.01e-236	686
WP_056073907.1	iAF987.Gmet_0956	42.1	887	464	14	7	874	10	865	5.22e-231	673
WP_056073907.1	iNF517.LLMG_RS12325	39.8	921	477	15	3	893	5	878	1.07e-225	659
WP_056073912.1	iHN637.CLJU_RS10450	49.2	392	199	0	3	394	2	393	7.75e-138	399
WP_056073912.1	iCN900.CD630_13390	51.3	390	190	0	5	394	4	393	1.26e-136	395
WP_056073918.1	iYO844.BSU25020	61.2	206	70	5	13	213	2	202	4.46e-84	248
WP_056073918.1	iYS854.USA300HOU_RS08290	55.1	205	81	4	13	213	2	199	1.83e-75	226
WP_082482108.1	iEK1008.Rv1399c	38.7	269	155	4	77	340	54	317	1.60e-50	170
WP_082482110.1	iAF987.Gmet_2530	25.9	483	259	19	46	461	35	485	1.05e-12	71.2
WP_082482110.1	iAT_PLT_636.7384	25.7	218	150	5	39	254	46	253	4.04e-12	69.3
WP_082482110.1	iMM1415.22273	25.0	228	153	5	32	254	39	253	4.04e-12	69.3
WP_082482110.1	iAM_Pb448.PBANKA_083440	26.3	232	155	5	27	254	22	241	5.33e-12	68.9
WP_082482110.1	iCHOv1.100766805	26.7	191	122	5	70	254	18	196	7.27e-11	65.1
WP_082482123.1	iAM_Pc455.PCYB_094280	37.5	280	146	12	224	485	711	979	2.79e-25	113
WP_082482123.1	iAM_Pb448.PBANKA_091170	36.1	280	150	11	224	485	683	951	3.27e-24	109
WP_082482123.1	iAM_Pv461.PVX_092460	36.4	280	149	11	224	485	866	1134	4.64e-24	109
WP_082482123.1	iAM_Pf480.PF3D7_1136900	34.3	280	155	12	224	485	732	1000	4.64e-22	102
WP_082482127.1	iAM_Pb448.PBANKA_080930	40.9	149	84	3	52	198	69	215	6.36e-30	110
WP_082482127.1	iAM_Pf480.PF3D7_0907900	35.1	188	111	5	24	209	50	228	5.89e-28	105
WP_082482127.1	iAM_Pv461.PVX_098840	39.1	161	87	4	47	198	7	165	6.24e-28	103
WP_082482127.1	iAM_Pc455.PCYB_071570	36.5	181	104	4	27	198	42	220	3.20e-27	103
WP_082482133.1	iML1515.b3265	33.1	360	236	4	9	365	15	372	3.24e-54	183
WP_082482133.1	iSbBS512_1146.SbBS512_E3648	33.1	360	236	4	9	365	15	372	3.24e-54	183
WP_082482133.1	STM_v1_0.STM3390	33.2	367	236	6	2	362	6	369	3.69e-52	177
WP_082482133.1	iYL1228.KPN_03672	31.9	370	244	4	2	368	6	370	9.35e-51	174
WP_082482133.1	iML1515.b0463	31.9	351	234	4	15	362	22	370	8.02e-49	169
WP_082482133.1	iSSON_1240.SSON_0450	31.9	351	234	4	15	362	22	370	1.12e-48	169
WP_082482133.1	iSF_1195.SF0408	31.9	351	234	4	15	362	22	370	4.30e-48	167
WP_082482133.1	iSDY_1059.SDY_0456	31.6	351	235	4	15	362	22	370	2.30e-47	165
WP_082482139.1	iML1515.b1967	26.8	138	90	3	124	255	145	277	1.27e-07	51.2
WP_082482144.1	iAF987.Gmet_3359	33.6	214	117	10	169	377	34	227	1.84e-15	74.7
WP_082482144.1	iIT341.HP0828	30.6	219	127	8	162	375	22	220	9.55e-14	69.7
WP_082482144.1	iMM904.Q0085	31.1	177	110	4	211	378	86	259	1.52e-13	69.7
WP_082482144.1	iSynCJ816.SGL_RS02700	27.9	222	130	7	167	376	41	244	3.35e-13	68.6
WP_082482150.1	iAF987.Gmet_0043	34.7	72	38	2	403	467	197	266	3.78e-05	45.8
WP_082482158.1	iAF987.Gmet_0043	29.6	240	155	6	504	735	161	394	7.09e-22	100
WP_082482161.1	iSynCJ816.SGL_RS05435	41.0	61	34	2	50	110	3	61	4.15e-06	45.8
WP_082482161.1	iYO844.BSU33500	42.4	59	33	1	52	110	75	132	5.67e-06	45.4
WP_082482163.1	iML1515.b2175	37.9	140	72	4	64	194	50	183	5.43e-20	82.8
WP_082482168.1	iJN1463.PP_3425	29.7	367	226	10	11	356	15	370	4.89e-33	127
WP_082482168.1	iML1515.b0463	27.4	383	242	9	2	356	3	377	5.85e-29	115
WP_082482168.1	iSSON_1240.SSON_0450	27.4	383	242	9	2	356	3	377	8.04e-29	115
WP_082482191.1	iCN900.CD630_03130	49.6	619	302	6	15	628	182	795	4.62e-192	560
WP_082482191.1	iSynCJ816.SGL_RS16100	50.2	618	301	5	16	628	106	721	1.86e-189	551
WP_082482191.1	iYO844.BSU33490	47.0	606	309	5	31	630	101	700	1.25e-179	525
WP_082482199.1	iAF987.Gmet_3085	27.2	345	231	7	661	1003	192	518	1.13e-22	104
WP_082482208.1	iCN718.ABAYE_RS01830	45.0	524	256	9	13	527	13	513	1.77e-119	369
WP_082482223.1	iSDY_1059.SDY_3205	22.0	454	315	11	4	443	3	431	3.73e-07	52.0
WP_082482223.1	STM_v1_0.STM3186	21.7	451	317	9	4	443	3	428	4.91e-07	51.6
WP_082482223.1	iML1515.b3035	21.8	454	316	11	4	443	1	429	1.51e-06	50.1
WP_082482223.1	iSSON_1240.SSON_3173	21.8	454	316	11	4	443	3	431	1.51e-06	50.1
WP_082482223.1	iSbBS512_1146.SbBS512_E3468	27.4	124	90	0	320	443	308	431	2.64e-06	49.3
WP_082482223.1	iSF_1195.SF3075	21.8	454	316	11	4	443	1	429	2.64e-06	49.3
WP_082482232.1	iIT341.HP0381	28.4	88	59	1	17	104	109	192	4.37e-04	40.0
WP_082482237.1	iAF692.Mbar_A1871	32.4	330	212	6	18	340	30	355	8.22e-50	169
WP_082482237.1	iYL1228.KPN_02169	33.0	345	199	7	1	339	10	328	9.42e-49	166
WP_082482237.1	STM_v1_0.STM1340	35.0	343	196	8	2	340	7	326	1.17e-48	166
WP_082482237.1	iML1515.b1711	36.2	287	169	5	53	337	49	323	9.61e-47	160
WP_082482237.1	iSF_1195.SF1520	36.2	287	169	5	53	337	49	323	9.61e-47	160
WP_082482237.1	iAF692.Mbar_A0466	33.0	327	210	4	16	340	25	344	2.24e-46	160
WP_082482237.1	iSSON_1240.SSON_1447	35.9	287	170	5	53	337	49	323	2.65e-46	159
WP_082482237.1	iYO844.BSU33170	35.1	333	197	8	18	340	25	348	7.52e-45	156
WP_082482237.1	iSDY_1059.SDY_1806	35.9	287	170	5	53	337	49	323	3.98e-45	156
WP_082482247.1	iML1515.b0465	31.0	168	113	1	587	751	875	1042	1.21e-20	97.4
WP_082482247.1	iML1515.b4159	31.8	154	105	0	597	750	876	1029	2.73e-20	96.3
WP_082482249.1	iJN1463.PP_4656	35.9	117	61	6	67	174	76	187	5.57e-12	62.8
WP_082482258.1	iSynCJ816.SGL_RS08525	29.9	187	122	4	57	235	48	233	2.37e-16	75.5
WP_121366421.1	iJN1463.PP_3942	61.4	233	90	0	1	233	18	250	3.21e-91	268
WP_157486023.1	iML1515.b0957	41.6	89	49	2	2	87	217	305	8.66e-15	68.2
WP_157486023.1	iSbBS512_1146.SbBS512_E2359	41.6	89	49	2	2	87	217	305	8.66e-15	68.2
WP_157486023.1	iSDY_1059.SDY_0930	41.6	89	49	2	2	87	221	309	8.79e-15	68.2
WP_157486023.1	iSF_1195.SF0957	41.6	89	49	2	2	87	219	307	8.72e-15	68.2
WP_157486023.1	iSSON_1240.SSON_0961	41.6	89	49	2	2	87	217	305	8.66e-15	68.2
WP_157486023.1	iAF987.Gmet_2727	32.2	118	70	2	3	113	284	398	6.50e-14	65.9
WP_157486023.1	iYL1228.KPN_00986	40.4	89	50	2	2	87	227	315	3.97e-13	63.5
WP_157486130.1	iYS854.USA300HOU_RS13930	26.9	171	93	7	4	157	10	165	1.13e-05	47.0
WP_157486130.1	STM_v1_0.STM2232	31.5	127	66	5	50	160	34	155	2.47e-04	42.7
WP_157486139.1	iML1515.b1856	26.5	132	73	5	115	237	285	401	4.99e-05	43.9
WP_157486162.1	iAF987.Gmet_0043	23.4	171	126	1	393	558	95	265	4.36e-10	62.0
WP_157486173.1	iYS854.USA300HOU_RS03755	27.1	133	84	2	33	156	12	140	3.27e-06	48.5
WP_157486173.1	iYO844.BSU26590	22.3	367	253	10	37	384	23	376	7.80e-06	47.4
WP_157486182.1	iSynCJ816.SGL_RS02550	28.2	301	167	10	28	325	22	276	1.70e-29	115
WP_162239688.1	iML1515.b2918	46.4	306	164	0	43	348	9	314	1.95e-94	284
WP_162239688.1	iCHOv1.100772148	45.2	334	173	1	36	359	83	416	3.88e-88	271
WP_162239688.1	iMM1415.109136	45.8	334	171	1	36	359	78	411	3.35e-88	271
WP_162239694.1	iIT341.HP0824	28.6	112	50	5	269	380	20	101	7.94e-07	47.0
WP_162239694.1	iYL1228.KPN_04282	27.8	115	51	5	269	382	23	106	2.16e-06	45.8
WP_162239694.1	iLB1027_lipid.PHATRDRAFT_13005	30.8	78	50	1	249	326	4	77	7.10e-06	45.4
WP_162239694.1	STM_v1_0.STM0402	25.3	158	96	6	241	380	2	155	1.65e-05	45.1
WP_162239694.1	iNF517.LLMG_RS05525	42.1	57	32	1	249	305	5	60	2.40e-05	43.9
WP_162239694.1	iML1515.b3781	27.4	113	50	5	271	382	25	106	1.39e-05	43.5
WP_162239694.1	STM_v1_0.STM3915	27.4	113	50	5	271	382	25	106	1.39e-05	43.5
WP_162239694.1	iSbBS512_1146.SbBS512_E4140	27.4	113	50	5	271	382	25	106	1.39e-05	43.5
WP_162239694.1	iSDY_1059.SDY_3968	27.4	113	50	5	271	382	43	124	1.98e-05	43.5
WP_162239694.1	iSF_1195.SF3854	27.4	113	50	5	271	382	43	124	1.98e-05	43.5
WP_162239694.1	iSSON_1240.SSON_3952	27.4	113	50	5	271	382	43	124	1.98e-05	43.5
WP_162239694.1	iMM904.YCR083W	24.2	95	42	3	271	365	47	111	3.67e-05	42.7
WP_162239694.1	iYS854.USA300HOU_RS05725	29.9	97	39	3	269	365	19	86	2.33e-05	42.7
WP_162239694.1	iML1515.b2582	36.9	65	36	3	254	316	39	100	6.15e-05	42.4
WP_162239694.1	iSbBS512_1146.SbBS512_E2954	36.9	65	36	3	254	316	39	100	6.15e-05	42.4
WP_162239694.1	iSDY_1059.SDY_2825	36.9	65	36	3	254	316	39	100	6.15e-05	42.4
WP_162239694.1	iSF_1195.SF2644	36.9	65	36	3	254	316	39	100	6.15e-05	42.4
WP_162239694.1	iSSON_1240.SSON_2708	36.9	65	36	3	254	316	39	100	6.15e-05	42.4
WP_162239697.1	iHN637.CLJU_RS20765	29.4	170	108	6	54	220	86	246	6.18e-09	54.3
WP_162239697.1	iCN900.CD630_11820	28.4	169	111	6	54	220	86	246	7.17e-08	51.2
WP_162239697.1	iJN1463.PP_2214	27.9	251	150	11	1	225	10	255	3.37e-07	49.3
WP_162239697.1	iCHOv1.100769825	25.7	230	159	5	1	219	12	240	4.30e-07	48.9
WP_162239709.1	iYS854.USA300HOU_RS05150	26.5	230	156	5	126	350	267	488	5.77e-15	75.5
WP_162239709.1	iML1515.b3628	27.8	176	115	5	136	305	136	305	4.71e-15	75.1
WP_162239709.1	iYS854.USA300HOU_RS02960	26.1	234	153	5	126	349	262	485	1.38e-14	74.3
WP_162239709.1	STM_v1_0.STM3719	28.2	174	113	5	136	303	138	305	1.15e-14	73.9
WP_162239716.1	iSynCJ816.SGL_RS13525	30.2	179	107	5	14	178	7	181	8.18e-13	67.8
WP_200937023.1	iML1515.b0047	43.3	603	321	7	11	610	8	592	1.32e-139	419
WP_200937023.1	iSSON_1240.SSON_0055	43.3	603	321	7	11	610	8	592	1.86e-139	419
WP_200937023.1	iSbBS512_1146.SbBS512_E0041	43.3	603	321	7	11	610	8	592	2.62e-139	419
WP_200937023.1	iSF_1195.SF0044	43.1	603	322	7	11	610	8	592	5.23e-139	418
WP_200937023.1	STM_v1_0.STM0086	41.7	602	332	7	11	610	8	592	1.57e-131	399
WP_200937023.1	iYL1228.KPN_03736	40.1	588	334	4	14	600	12	582	1.98e-130	395
WP_200937023.1	iML1515.b3350	40.2	595	336	6	8	600	6	582	3.95e-130	394
WP_200937023.1	iYL1228.KPN_00044	41.1	603	335	7	11	610	8	593	1.01e-129	394
WP_200937023.1	iSbBS512_1146.SbBS512_E3725	40.2	595	336	6	8	600	6	582	5.57e-130	394
WP_200937023.1	iSSON_1240.SSON_3481	40.2	595	336	6	8	600	6	582	5.57e-130	394
WP_200937023.1	STM_v1_0.STM3457	39.8	588	336	4	14	600	12	582	5.41e-127	386
WP_200937028.1	iSbBS512_1146.SbBS512_E2894	29.7	770	471	20	24	765	33	760	5.89e-85	285
WP_200937028.1	iSSON_1240.SSON_2601	29.7	770	471	19	24	765	33	760	5.89e-85	285
WP_200937028.1	iML1515.b2519	29.6	770	472	20	24	765	33	760	3.04e-84	283
WP_200937028.1	iJN1463.PP_0572	29.8	754	478	14	35	765	48	773	1.06e-83	282
WP_200937028.1	iYL1228.KPN_02849	33.0	560	342	9	24	578	33	564	1.67e-82	279
WP_200937028.1	STM_v1_0.STM2531	34.0	562	334	10	24	578	33	564	4.19e-82	278
WP_200937028.1	iSF_1195.SF2565	29.7	731	445	18	62	765	6	694	2.85e-79	268
WP_200937029.1	iNF517.LLMG_RS08455	45.3	311	148	5	8	301	5	310	4.28e-73	227
WP_200937031.1	iCN900.CD630_36640	27.2	372	265	5	27	394	15	384	4.52e-39	144
WP_200937038.1	iJN1463.PP_3443	57.2	535	228	1	12	545	5	539	1.14e-227	638
WP_200937038.1	iAF987.Gmet_0789	59.7	536	215	1	10	544	5	540	7.04e-227	636
WP_235498555.1	iAF987.Gmet_1919	27.1	140	100	1	1	140	18	155	6.05e-14	72.4
WP_235498559.1	iAF692.Mbar_A2894	33.3	105	63	4	30	128	103	206	1.80e-05	43.1
WP_235498560.1	iJN1463.PP_4799	33.5	257	152	5	49	294	58	306	7.27e-37	133
WP_235498560.1	iSynCJ816.SGL_RS10890	29.8	292	187	6	2	285	11	292	2.42e-34	126
WP_235498572.1	iSF_1195.SF2336	24.2	339	235	9	34	361	32	359	1.37e-11	66.6
WP_235498572.1	iSbBS512_1146.SbBS512_E2633	23.9	339	236	9	34	361	32	359	9.67e-11	63.9
WP_235498572.1	iSSON_1240.SSON_2318	23.9	339	236	9	34	361	32	359	1.69e-10	63.2
WP_235498572.1	iML1515.b2257	23.9	339	236	9	34	361	32	359	2.23e-10	62.8
WP_235498572.1	iSDY_1059.SDY_2453	23.6	339	237	9	34	361	32	359	6.81e-10	61.2
WP_235498586.1	iYL1228.KPN_04585	23.4	188	113	8	118	282	109	288	1.19e-05	46.2
WP_235498595.1	iYS854.USA300HOU_RS01340	30.4	112	76	2	43	154	4	113	7.80e-12	66.2
WP_235498597.1	iAF987.Gmet_2350	38.6	332	194	6	5	329	11	339	2.37e-64	207
WP_235498597.1	iJN1463.PP_1604	35.2	327	203	4	5	325	8	331	2.55e-57	189
WP_235498605.1	iPC815.YPO3858	28.6	395	273	3	4	394	26	415	2.32e-37	139
WP_235498605.1	iYL1228.KPN_04292	29.1	385	271	2	4	387	26	409	5.95e-37	138
WP_235498605.1	iSDY_1059.SDY_3956	28.0	389	270	4	4	387	26	409	1.53e-35	134
WP_235498605.1	iML1515.b3792	28.0	389	270	4	4	387	26	409	5.60e-35	133
WP_235498605.1	iSbBS512_1146.SbBS512_E4129	28.0	389	270	4	4	387	26	409	5.60e-35	133
WP_235498605.1	iSF_1195.SF3866	28.0	389	270	4	4	387	26	409	5.60e-35	133
WP_235498605.1	iSSON_1240.SSON_3964	28.0	389	270	4	4	387	26	409	5.60e-35	133
WP_235498605.1	STM_v1_0.STM3926	27.2	394	267	6	4	387	26	409	1.85e-32	126
WP_235498608.1	iYL1228.KPN_02428	30.2	268	142	10	3	244	205	453	2.06e-20	89.4
WP_235498608.1	iYO844.BSU20250	26.4	322	152	10	3	249	125	436	1.37e-18	84.0
WP_235498609.1	iYL1228.KPN_02428	36.6	82	33	3	3	65	111	192	2.91e-11	56.2
WP_235498609.1	iLB1027_lipid.PHATRDRAFT_47357	43.3	67	36	2	1	66	158	223	3.98e-11	55.8
